SourceTimeStamp,AVG_SPEED,JOB_DONE,claw_ccw,claw_cw,claw_pos,claw_pos_AI,claw_sp_pos,disturbance_pos_end,disturbance_pos_ini,disturbance_value,err,home,x_bwd,x_disturbance,x_done,x_filt_speed,x_fwd,x_pos,x_pos_AI,x_sp_pos,x_speed,y_bwd,y_disturbance,y_done,y_filt_speed,y_fwd,y_pos,y_pos_AI,y_sp_pos,y_speed,z_disturbance,z_done,z_dwn,z_filt_speed,z_pos,z_pos_AI,z_sp_pos,z_speed,z_up,client_id,has_fault
2025-12-14 14:58:12.767000+00:00,,,,,,0.0,0.0,10.0,0.0,1000.0,,0.0,,,,,,,14432.0,5.0,,,,,,,,15261.0,5.0,,,,,,,14681.0,5.0,,,A,0
2025-12-14 14:58:12.769000+00:00,-2.18633,0.0,0.0,0.0,0.0,,,,,,0.0,,0.0,1000.0,1.0,0.03703,0.0,5.21991,,,0.0,1.0,1000.0,0.0,-1.54898,0.0,5.51975,,,-3.00202,1000.0,0.0,1.0,-2.18633,5.30997,,,-4.09795,0.0,A,0
2025-12-14 14:58:13.070000+00:00,-2.57114,,,,,,,,,,,,,,,0.00926,,,,,,0.0,,,-1.88826,,5.07993,14045.0,,-1.39974,,,0.0,-2.57114,4.77973,13215.0,,-2.10142,,A,0
2025-12-14 14:58:13.368000+00:00,,,,,,,,,,,,,,,,,,,,,,,,,,,,13796.0,,,,,,,,,,,,A,0
2025-12-14 14:58:13.370000+00:00,-0.88427,,,,,,,,,,,,,,,0.00116,,,,,,,,,-1.23565,,4.98987,,,0.0,,1.0,,-0.88427,,,,0.0,,A,0
2025-12-14 14:58:13.669000+00:00,-0.11053,,,,,,,,,,,,1.0,,0.0,0.00014,,,,0.0,,1.0,,,-0.15446,,,,0.0,,,0.0,1.0,-0.11053,,,0.0,,,A,0
2025-12-14 14:58:13.970000+00:00,-0.17774,,,,,,,,,,,,,,,-0.54973,,4.5298,12524.0,,-5.8015,,,,-0.33882,,4.60974,12745.0,,-3.20096,,,,-0.17774,4.29977,11888.0,,-4.49942,,A,0
2025-12-14 14:58:14.270000+00:00,-2.10917,,,,,,,,,,,,,,,-2.76873,,3.72975,10312.0,,-2.70182,,,,-1.56733,,4.15979,11501.0,,-1.50102,,,,-2.10917,3.67983,10174.0,,-2.10142,,A,0
2025-12-14 14:58:14.568000+00:00,,,,,,,,,,,,,,,,,,,7962.0,,,,,,,,,10202.0,,,,,,,,8349.0,,,,A,0
2025-12-14 14:58:14.570000+00:00,-2.07707,,,,,,,,,,,,,,,-2.65865,,2.87977,,,-3.20095,,,,-1.45867,,3.68996,,,-1.7976,,,,-2.07707,3.01975,,,-2.49928,,A,0
2025-12-14 14:58:14.871000+00:00,-2.14416,,,,,,,,,,,,,,,-2.814,,2.07972,5750.0,,-2.60055,,,,-1.56457,,3.24978,8985.0,,-1.50101,,,,-2.14416,2.40994,6663.0,,-2.0978,,A,0
2025-12-14 14:58:15.168000+00:00,,,,,,,,,,,,,,,,,,,3538.0,,,,,,,,,7741.0,,,,,,,,4948.0,,,,A,0
2025-12-14 14:58:15.170000+00:00,-3.08106,,,,,,,,,,,,,,,-4.00165,,1.27966,,,-2.70182,,,,-2.23234,,2.79984,,,-1.50101,,,,-3.08106,1.78964,,,-2.10142,,A,0
2025-12-14 14:58:15.470000+00:00,,,,,,,,,,,,,,,,,,,1188.0,,,,,,,,,6441.0,,,,,,,,3124.0,,,,A,0
2025-12-14 14:58:15.472000+00:00,-2.19765,,,,,,,,,,,,,,,-2.83808,,0.42969,,,-3.20095,,,,-1.54179,,2.32964,,,-1.80122,,,,-2.19765,1.12992,,,-2.49928,,A,0
2025-12-14 14:58:15.768000+00:00,,,,,,,,,,,,,,,,,,,0.0,,,,,,,,,5225.0,,,,,,,,1437.0,,,,A,0
2025-12-14 14:58:15.770000+00:00,-2.1743,,,,,,,,,,,,0.0,0.0,,-2.80822,,0.0,,,-1.69994,,,,-1.58445,,1.88983,,,-1.50101,,,,-2.1743,0.51975,,,-2.10142,,A,0
2025-12-14 14:58:16.069000+00:00,-2.0834,,,,,,,,,,,,,,1.0,-0.56352,,,,,0.0,,,,-1.48612,,1.43989,3981.0,,-1.4974,0.0,,0.0,-2.0834,0.0,0.0,,-2.00014,,A,0
2025-12-14 14:58:16.368000+00:00,,,,,,,,,,,,,,,,,,,,,,,,,,,,2681.0,,,,,,,,,,,,A,0
2025-12-14 14:58:16.370000+00:00,-0.78533,,,,,,,,,,,,,,,-0.07044,,,,,,,,,-1.92369,,0.96969,,,-1.50101,,,,-0.78533,,,,0.0,,A,0
2025-12-14 14:58:16.667000+00:00,,,,,,,,,,,,,,,,,,,,,,,,,,,,1465.0,,,,,,,,,,,,A,0
2025-12-14 14:58:16.672000+00:00,-0.19633,,,,,,,,,,,,,,,-0.01761,,,,,,,,,-1.60487,,0.52988,,,,,1.0,,-0.19633,,,,,,A,0
2025-12-14 14:58:16.970000+00:00,-0.02454,,,,,,,,,,,,,,,-0.0022,,,,,,0.0,,,-1.48868,,0.04991,138.0,,-1.80122,,,,-0.02454,,,,,,A,0
2025-12-14 14:58:17.269000+00:00,,,,,,,,,,,,,,,,,,,,,,,,,,,,0.0,,,,,,,,,,,,A,0
2025-12-14 14:58:17.271000+00:00,-0.00307,,,,,,,,,,,,,,,-0.00028,,,,,,,0.0,,-1.03515,,0.0,,,-0.49913,,,,-0.00307,,,,,,A,0
2025-12-14 14:58:17.569000+00:00,,,,,,,,,,,,,,,,,,,,8.0,,,,,,,,,9.0,,,,,,,,10.0,,,A,0
2025-12-14 14:58:17.571000+00:00,-0.00077,,,,,,,,,,,,,,0.0,-7e-05,1.0,,,,,,,,-0.25879,1.0,,,,0.0,,0.0,,-0.00077,,,,,1.0,A,0
2025-12-14 14:58:17.868000+00:00,,,,,,,,,,,,,,,,,,,1797.0,,,,,,,,,995.0,,,,,,,,1188.0,,,,A,0
2025-12-14 14:58:17.872000+00:00,1.09854,,,,,,,,,,,,,1000.0,,1.62398,,0.64996,,,2.70182,,1000.0,,0.86736,,0.35988,,,1.50101,1000.0,,,1.09854,0.42969,,,2.00014,,A,0
2025-12-14 14:58:18.168000+00:00,,,,,,,,,,,,,,,,,,,4147.0,,,,,,,,,2294.0,,,,,,,,3013.0,,,,A,0
2025-12-14 14:58:18.170000+00:00,2.02612,,,,,,,,,,,,,,,2.68012,,1.49993,,,2.60055,,,,1.44206,,0.82972,,,1.50101,,,,2.02612,1.08977,,,,,A,0
2025-12-14 14:58:18.470000+00:00,2.07844,,,,,,,,,,,,,,,2.63581,,2.3499,6497.0,,5.89916,,,,1.49274,,1.29991,3594.0,,3.20095,,,,2.07844,1.74986,4838.0,,4.49942,,A,0
2025-12-14 14:58:18.771000+00:00,2.37117,,,,,,,,,,,,,,,3.06611,,3.14996,8709.0,,2.70182,,,,1.71157,,1.73973,4810.0,,1.39974,,,,2.37117,2.35966,6524.0,,2.00014,,A,0
2025-12-14 14:58:19.068000+00:00,,,,,,,,,,,,,,,,,,,11059.0,,,,,,,,,6137.0,,,,,,,,8349.0,,,,A,0
2025-12-14 14:58:19.070000+00:00,2.14354,,,,,,,,,,,,,,,2.74045,,3.99993,,,2.70182,,,,1.52833,,2.21969,,,1.50101,,,,2.14354,3.01975,,,,,A,0
2025-12-14 14:58:19.368000+00:00,,,,,,,,,,,,,,,,,,,13243.0,,,,,,,,,7354.0,,,,,,,,10063.0,,,,A,0
2025-12-14 14:58:19.372000+00:00,2.19349,,,,,,,,,,,,,,,2.7808,,4.78986,,,2.69821,,,,1.57857,,2.65987,,,1.39974,,,,2.19349,3.63968,,,,,A,0
2025-12-14 14:58:19.668000+00:00,,,,,,,,,,,,,,,,,,,15621.0,,,,,,,,,8653.0,,,,,,,,11860.0,,,,A,0
2025-12-14 14:58:19.673000+00:00,3.30017,,,,,,,,,,,,,,,4.28459,,5.64996,,,2.70183,,,,2.39685,,3.1297,,,1.39974,,,,3.30017,4.28964,,,1.99653,,A,0
2025-12-14 14:58:19.970000+00:00,2.37489,,,,,,,,,,,,,,,3.04507,,6.43989,17805.0,,2.70182,,,,1.69965,,3.57964,9897.0,,1.50101,,,,2.37489,4.90994,13575.0,,2.10142,,A,0
2025-12-14 14:58:20.268000+00:00,,,,,,,,,,,,,,,,,,,19436.0,,,,,,,,,10782.0,,,,,,,,14819.0,,,,A,0
2025-12-14 14:58:20.271000+00:00,2.10847,,,,,,,,,,,,,,,2.7176,,7.0298,,,3.20096,,,,1.52494,,3.89974,,,1.69994,,,,2.10847,5.35988,,,2.40162,,A,0
2025-12-14 14:58:20.568000+00:00,,,,,,,,,,,,,,,,,,,21648.0,,,,,,,,,12026.0,,,,,,,,16533.0,,,,A,0
2025-12-14 14:58:20.571000+00:00,2.08828,,,,,,,,,,,,,,,2.73906,0.0,7.82986,,,2.69821,,,,1.52887,,4.34968,,,1.50101,,,,2.08828,5.97982,,,2.00015,,A,0
2025-12-14 14:58:20.870000+00:00,3.09821,,,,,,,,,,,,,,,3.45983,,8.24978,22809.0,,0.0,,,,2.20694,,4.81988,13326.0,,1.80122,,,,3.09821,6.6399,18358.0,,2.49928,,A,0
2025-12-14 14:58:21.169000+00:00,,,,,,,,,,,,,,,,,,,,,,,,,,,,14542.0,,,,,,,,20044.0,,,,A,0
2025-12-14 14:58:21.171000+00:00,2.24862,,,,,,,,,,,,,,1.0,0.43248,,,,,,,,,1.62497,,5.25969,,,1.39974,,,,2.24862,7.24971,,,2.00015,,A,0
2025-12-14 14:58:21.469000+00:00,,,,,,,,,,,,,,,,,,,,,,,,,,,,15787.0,,,,,,,,21758.0,,,,A,0
2025-12-14 14:58:21.472000+00:00,2.05652,,,,,,,,,,,,,,,0.05406,,,,,,,,,1.50385,,5.71,,,1.50101,,,,2.05652,7.86965,,,,,A,0
2025-12-14 14:58:21.767000+00:00,,,,,,,,,,,,,,,,,,,,,,,,,,,,17086.0,,,,,,,,23583.0,,,,A,0
2025-12-14 14:58:21.769000+00:00,2.23939,,,,,,,,,,,,,,,0.01352,,,,,,,,,1.60119,,6.17983,,,1.4974,,,,2.23939,8.52973,,,2.10142,,A,0
2025-12-14 14:58:22.070000+00:00,,,,,,,,,,,,,,,,,,,,,,,,,,,,18302.0,,,,,,,,25270.0,,,,A,0
2025-12-14 14:58:22.072000+00:00,2.6178,,,,,,,,,,,,,,,0.00169,,,,,,,,,1.88653,,6.61965,,,1.39974,,,,2.6178,9.1399,,,2.00014,,A,0
2025-12-14 14:58:22.370000+00:00,2.00446,,,,,,,,,,,,,,,0.00042,,,,,,,,,1.42197,,7.09997,19630.0,,2.10142,,,,2.00446,9.79998,27095.0,,2.79948,0.0,A,0
2025-12-14 14:58:22.670000+00:00,2.12592,,,,,,,,,,,,,,,5e-05,,,,,,,,,1.51555,,7.53979,20846.0,,1.4974,0.0,,,2.12592,10.0,27648.0,,0.0,,A,0
2025-12-14 14:58:22.970000+00:00,0.26574,,,,,,,,,,,,,,,1e-05,,,,,,,,,1.50238,,8.00998,22146.0,,3.20095,,1.0,,0.26574,,,,,,A,0
2025-12-14 14:58:23.269000+00:00,0.06643,,,,,,,,,,,,,,,0.0,,,,,,,,,1.92453,,8.45992,23390.0,,1.50101,,,,0.06643,,,,,,A,0
2025-12-14 14:58:23.570000+00:00,0.0083,,,,,,,,,,,,,,,0.0,,,,,,,,,1.50331,0.0,8.89974,24606.0,,1.50102,,,,0.0083,,,,,,A,0
2025-12-14 14:58:23.871000+00:00,0.00104,,,,,,,,,,,,,,,0.0,,,,,,,,,1.05009,,8.95978,24772.0,,0.0,,,,0.00104,,,,,,A,0
2025-12-14 14:58:24.169000+00:00,,,,,,,,,,,,,,,,,,,,5.0,,,,,,,,,5.0,,,,,,,,5.0,,,A,0
2025-12-14 14:58:24.173000+00:00,0.00026,,,,,,,,,,,,1.0,,0.0,0.0,,,,,,1.0,,,0.26252,,,,,,,0.0,1.0,0.00026,,,,,,A,0
2025-12-14 14:58:24.468000+00:00,,,,,,,,,,,,,,,,,,,20901.0,,,,,,,,,23694.0,,,,,,,,26403.0,,,,A,0
2025-12-14 14:58:24.470000+00:00,-1.12573,,,,,,,,,,,,,,,-1.69994,,7.55968,,,-2.70183,,,,-0.94104,,8.56988,,,-1.50101,1000.0,,,-1.12573,9.5497,,,-2.10142,,A,0
2025-12-14 14:58:24.768000+00:00,,,,,,,,,,,,,,,,,,,18551.0,,,,,,,,,22394.0,,,,,,,,24606.0,,,,A,0
2025-12-14 14:58:24.770000+00:00,-2.15307,,,,,,,,,,,,,,,-2.82525,,6.70971,,,-2.60055,,,,-1.5558,,8.09968,,,,,,,-2.15307,8.89974,,,-2.00015,,A,0
2025-12-14 14:58:25.069000+00:00,,,,,,,,,,,,,,,,,,,16339.0,,,,,,,,,21178.0,,,,,,,,22892.0,,,,A,0
2025-12-14 14:58:25.071000+00:00,-2.0872,,,,,,,,,,,,,,,-2.70555,,5.90965,,,,,,,-1.5129,,7.65987,,,-1.39974,,,,-2.0872,8.2798,,,,,A,0
2025-12-14 14:58:25.369000+00:00,,,,,,,,,,,,,,,,,,,13989.0,,,,,,,,,19851.0,,,,,,,,21067.0,,,,A,0
2025-12-14 14:58:25.371000+00:00,-3.28598,,,,,,,,,,,,0.0,,,-4.23766,,5.05968,,,-2.70183,,,,-2.39045,,7.1799,,,-1.4974,,,,-3.28598,7.61972,,,-2.10142,,A,0
2025-12-14 14:58:25.670000+00:00,-2.22236,,,,,,,,,,,,,,,-2.04293,1.0,4.68967,12966.0,,0.0,,,,-1.58642,,6.73973,18634.0,,-1.50101,,,,-2.22236,7.00991,19381.0,,-2.00015,,A,0
2025-12-14 14:58:25.971000+00:00,-2.10634,,,,,,,,,,,,,,,-0.00979,0.0,5.21991,14432.0,,2.6982,,,,-1.52056,,6.26989,17335.0,,-1.40336,,,,-2.10634,6.34983,17556.0,,,,A,0
2025-12-14 14:58:26.269000+00:00,-2.18884,,,,,,,,,,,,,,1.0,0.73662,,,,,0.0,,,,-1.56539,,5.81995,16091.0,,-1.50101,,,,-2.18884,5.72989,15842.0,,,,A,0
2025-12-14 14:58:26.570000+00:00,,,,,,,,,,,,,,,,,,,,,,,,,,,,14874.0,,,,,,,,14155.0,,,,A,0
2025-12-14 14:58:26.572000+00:00,-2.59882,,,,,,,,,,,,,,,0.09208,,,,,,,,,-1.85809,,5.37977,,,,,,0.0,-2.59882,5.11972,,,,,A,0
2025-12-14 14:58:26.870000+00:00,-2.19864,,,,,,,,,,,,,,,0.02302,,,,,,0.0,,,-1.59028,,5.0,13824.0,,-1.69994,,,,-2.19864,4.78986,13243.0,,-1.20081,,A,0
2025-12-14 14:58:27.168000+00:00,,,,,,,,,,,,,,,,,,,,0.0,,,,,,,,,0.0,,,,,,,,0.0,,,A,0
2025-12-14 14:58:27.171000+00:00,-0.42493,,,,,,,,,,,,1.0,,0.0,0.00288,,,,,,1.0,,,-0.56047,,,,,0.0,,,1.0,-0.42493,,,,0.0,,A,0
2025-12-14 14:58:27.468000+00:00,,,,,,,,,,,,,,,,,,,13989.0,,,,,,,,,13575.0,,,,,,,,13049.0,,,,A,0
2025-12-14 14:58:27.471000+00:00,-0.05312,,,,,,,,,,,,,,,0.00036,,5.05968,,,,,,,-0.07006,,4.90994,,,,,,,-0.05312,4.71969,,,,,A,0
2025-12-14 14:58:27.769000+00:00,,,,,,,,,,,,,,,,,,,11778.0,,,,,,,,,12331.0,,,,,,,,11335.0,,,,A,0
2025-12-14 14:58:27.773000+00:00,-1.71322,,,,,,,,,,,,,,,-2.37531,,4.25998,,,-2.69821,,,,-1.36843,,4.46,,,-1.49739,,,,-1.71322,4.09975,,,-2.10142,,A,0
2025-12-14 14:58:28.068000+00:00,,,,,,,,,,,,,,,,,,,9427.0,,,,,,,,,11031.0,,,,,,,,9510.0,,,,A,0
2025-12-14 14:58:28.070000+00:00,-2.02577,,,,,,,,,,,,,,,-2.63524,,3.40965,,,-3.20096,,,,-1.45777,,3.9898,,,-1.80122,,,,-2.02577,3.43967,,,-2.50289,,A,0
2025-12-14 14:58:28.371000+00:00,-2.13224,,,,,,,,,,,,,,,-2.75752,,2.60995,7216.0,,-2.70182,,,,-1.56525,,3.54999,9815.0,,-1.39974,,,,-2.13224,2.82986,7824.0,,-2.0978,,A,0
2025-12-14 14:58:28.668000+00:00,,,,,,,,,,,,,,,,,,,4866.0,,,,,,,,,8515.0,,,,,,,,5999.0,,,,A,0
2025-12-14 14:58:28.670000+00:00,-2.0795,,,,,,,,,,,,,,,-2.65724,,1.75998,,,-5.89916,,,,-1.49548,,3.07979,,,-3.20096,,,,-2.0795,2.16978,,,-4.49942,,A,0
2025-12-14 14:58:28.968000+00:00,,,,,,,,,,,,,,,,,,,2681.0,,,,,,,,,7271.0,,,,,,,,4285.0,,,,A,0
2025-12-14 14:58:28.972000+00:00,-2.34689,,,,,,,,,,,,,,,-3.0706,,0.96969,,,-2.60055,,,,-1.71101,,2.62985,,,-1.50101,,,,-2.34689,1.54984,,,-2.10142,,A,0
2025-12-14 14:58:29.271000+00:00,-2.11215,,,,,,,,,,,,0.0,,,-2.76689,,0.10995,304.0,,-3.20095,,,,-1.55351,,2.15965,5971.0,,-1.69994,,,,-2.11215,0.89988,2488.0,,-2.49928,,A,0
2025-12-14 14:58:29.569000+00:00,,,,,,,,,,,,,,,,,,,0.0,,,,,,,,,4755.0,,,,,,,,774.0,,,,A,0
2025-12-14 14:58:29.571000+00:00,-2.12717,,,,,,,,,,,,,0.0,,-1.9703,,0.0,,,0.0,,,,-1.53063,,1.71984,,,-1.50101,,,0.0,-2.12717,0.27995,,,-2.0978,,A,0
2025-12-14 14:58:29.869000+00:00,-2.4279,,,,,,,,,,,,,,1.0,-0.24629,,,,,,,,,-2.3782,,1.23987,3428.0,,-1.50101,0.0,,,-2.4279,0.0,0.0,,0.0,,A,0
2025-12-14 14:58:30.169000+00:00,,,,,,,,,,,,,,,,,,,,,,,,,,,,2211.0,,,,,,,,,,,,A,0
2025-12-14 14:58:30.172000+00:00,-0.60697,,,,,,,,,,,,,,,-0.06157,,,,,,,,,-1.72031,,0.7997,,,-1.39974,,1.0,,-0.60697,,,,,,A,0
2025-12-14 14:58:30.471000+00:00,-0.07587,,,,,,,,,,,,,,,-0.0077,,,,,,,,,-1.66406,,0.32986,1299.0,,-1.50101,,,,-0.07587,,,,,,A,0
2025-12-14 14:58:30.769000+00:00,,,,,,,,,,,,,,,,,,,,,,,,,,,,82.0,,,,,,,,,,,,A,0
2025-12-14 14:58:30.773000+00:00,-0.00948,,,,,,,,,,,,,,,-0.00096,,,,,,0.0,,,-1.49608,,0.02966,,,,,,,-0.00948,,,,,,A,0
2025-12-14 14:58:31.069000+00:00,-0.00237,,,,,,,,,,,,,,,-0.00024,,,,,,,0.0,,-0.89756,,0.0,0.0,,0.0,,,,-0.00237,,,,,,A,0
2025-12-14 14:58:31.370000+00:00,-0.0003,,,,,,,,,,,,,1000.0,0.0,-3e-05,1.0,0.10995,304.0,8.0,1.09954,,1000.0,,-0.1122,1.0,0.03979,110.0,9.0,0.39786,1000.0,0.0,,-0.0003,0.02966,82.0,10.0,0.29659,1.0,A,0
2025-12-14 14:58:31.671000+00:00,1.66283,,,,,,,,,,,,,,,2.28768,,0.95992,2654.0,,2.70182,,,,1.23471,,0.51975,1437.0,,1.4974,,,,1.66283,0.68974,1907.0,,2.00014,,A,0
2025-12-14 14:58:31.968000+00:00,,,,,,,,,,,,,,,,,,,5004.0,,,,,,,,,2737.0,,,,,,,,3704.0,,,,A,0
2025-12-14 14:58:31.971000+00:00,1.94023,,,,,,,,,,,,,,,2.57116,,1.8099,,,,,,,1.43444,,0.98994,,,1.50101,,,,1.94023,1.3397,,,2.10142,,A,0
2025-12-14 14:58:32.269000+00:00,,,,,,,,,,,,,,,,,,,7077.0,,,,,,,,,3898.0,,,,,,,,5308.0,,,,A,0
2025-12-14 14:58:32.272000+00:00,2.52976,,,,,,,,,,,,,,,3.28409,,2.55968,,,2.69821,,,,1.84172,,1.40987,,,,,,,2.52976,1.91985,,,,,A,0
2025-12-14 14:58:32.568000+00:00,,,,,,,,,,,,,,,,,,,9427.0,,,,,,,,,5197.0,,,,,,,,7133.0,,,,A,0
2025-12-14 14:58:32.571000+00:00,2.40743,,,,,,,,,,,,,,,3.09605,,3.40965,,,2.60055,,,,1.68565,,1.8797,,,,,,,2.40743,2.57993,,,2.00014,,A,0
2025-12-14 14:58:32.870000+00:00,2.07637,,,,,,,,,,,,,,,2.73754,,4.25998,11778.0,,,,,,1.52319,,2.3499,6497.0,,1.50101,,,,2.07637,3.22989,8930.0,,2.0978,,A,0
2025-12-14 14:58:33.168000+00:00,,,,,,,,,,,,,,,,,,,13989.0,,,,,,,,,7741.0,,,,,,,,10644.0,,,,A,0
2025-12-14 14:58:33.170000+00:00,2.17108,,,,,,,,,,,,,,,2.8166,,5.05968,,,5.29875,,,,1.55352,,2.79984,,,2.99841,,,,2.17108,3.84983,,,4.10156,,A,0
2025-12-14 14:58:33.470000+00:00,2.61887,,,,,,,,,,,,,,,3.32911,,5.85974,16201.0,,2.70182,,,,1.83785,,3.23966,8957.0,,1.50101,,,,2.61887,4.46976,12358.0,,2.00015,,A,0
2025-12-14 14:58:33.769000+00:00,,,,,,,,,,,,,,,,,,,17805.0,,,,,,,,,9870.0,,,,,,,,13602.0,,,,A,0
2025-12-14 14:58:33.772000+00:00,2.30264,,,,,,,,,,,,,,,3.0289,,6.43989,,,2.60055,,,,1.69231,,3.56988,,,,,,,2.30264,4.9197,,,2.0978,,A,0
2025-12-14 14:58:34.068000+00:00,,,,,,,,,,,,,,,,,,,20017.0,,,,,,,,,11086.0,,,,,,,,15289.0,,,,A,0
2025-12-14 14:58:34.072000+00:00,2.1008,,,,,,,,,,,,,,,2.67851,,7.23994,,,2.70182,,,,1.49961,,4.00969,,,1.4974,,,,2.1008,5.52988,,,2.00014,,A,0
2025-12-14 14:58:34.369000+00:00,,,,,,,,,,,,,,,,,,,22367.0,,,,,,,,,12386.0,,,,,,,,17114.0,,,,A,0
2025-12-14 14:58:34.373000+00:00,2.07414,,,,,,,,,,,,,,,2.64536,0.0,8.08992,,,5.89916,,,,1.49976,,4.47989,,,3.20096,,,,2.07414,6.18996,,,4.50304,,A,0
2025-12-14 14:58:34.669000+00:00,,,,,,,,,,,,,,,,,,,22809.0,,,,,,,,,13630.0,,,,,,,,18828.0,,,,A,0
2025-12-14 14:58:34.671000+00:00,2.34667,,,,,,,,,,,,,,,1.46773,,8.24978,,,0.0,,,,1.71154,,4.92983,,,1.50101,,,,2.34667,6.8099,,,2.10142,,A,0
2025-12-14 14:58:34.968000+00:00,,,,,,,,,,,,,,,,,,,,,,,,,,,,14929.0,,,,,,,,20625.0,,,,A,0
2025-12-14 14:58:34.970000+00:00,2.10495,,,,,,,,,,,,,,1.0,0.18347,,,,,,,,,1.50201,,5.39967,,,,,,,2.10495,7.45985,,,2.0978,,A,0
2025-12-14 14:58:35.269000+00:00,,,,,,,,,,,,,,,,,,,,,,,,,,,,16146.0,,,,,,,,22339.0,,,,A,0
2025-12-14 14:58:35.271000+00:00,2.17735,,,,,,,,,,,,,,,0.04587,,,,,,,,,1.57541,,5.83984,,,1.39974,,,,2.17735,8.07979,,,,,A,0
2025-12-14 14:58:35.569000+00:00,3.08521,,,,,,,,,,,,,,,0.00573,,,,,,,,,2.24635,,6.28979,17390.0,,1.50101,,,,3.08521,8.69973,24053.0,,2.09781,,A,0
2025-12-14 14:58:35.871000+00:00,2.49656,,,,,,,,,,,,,,,0.00143,,,,,,,,,1.78681,,6.75998,18690.0,,,,,,2.49656,9.34968,25850.0,,2.0978,,A,0
2025-12-14 14:58:36.169000+00:00,,,,,,,,,,,,,,,,,,,,,,,,,,,,19906.0,,,,,,,,27565.0,,,,A,0
2025-12-14 14:58:36.172000+00:00,2.12504,,,,,,,,,,,,,,,0.00018,,,,,,,,,1.53493,,7.1998,,,1.39974,,,,2.12504,9.96998,,,2.10142,0.0,A,0
2025-12-14 14:58:36.468000+00:00,,,,,,,,,,,,,,,,,,,,,,,,,,,,21206.0,,,,,,,,27648.0,,,,A,0
2025-12-14 14:58:36.472000+00:00,1.17845,,,,,,,,,,,,,,,2e-05,,,,,,,,,1.6427,,7.66999,,,1.49739,0.0,,,1.17845,10.0,,,0.0,,A,0
2025-12-14 14:58:36.769000+00:00,0.29461,,,,,,,,,,,,,,,1e-05,,,,,,,,,2.2354,,8.11994,22450.0,,1.50101,,1.0,,0.29461,,,,,,A,0
2025-12-14 14:58:37.068000+00:00,,,,,,,,,,,,,,,,,,,,,,,,,,,,23334.0,,,,,,,,,,,,A,0
2025-12-14 14:58:37.070000+00:00,0.03683,,,,,,,,,,,,,,,0.0,,,,,,,,,1.59101,,8.43967,,,1.69993,,,,0.03683,,,,,,A,0
2025-12-14 14:58:37.370000+00:00,0.0046,,,,,,,,,,,,,,,0.0,,,,,,,,,1.53713,0.0,8.88997,24579.0,,1.50101,,,,0.0046,,,,,,A,0
2025-12-14 14:58:37.670000+00:00,0.00115,,,,,,,,,,,,,,,0.0,,,,,,,,,1.05793,,8.94965,24744.0,,0.0,,,,0.00115,,,,,,A,0
2025-12-14 14:58:37.969000+00:00,0.00014,,,,,,,,,,,,1.0,,0.0,0.0,,8.08992,22367.0,5.0,-1.59866,1.0,,,0.13224,,8.85995,24496.0,5.0,-0.89699,1000.0,0.0,1.0,0.00014,9.93996,27482.0,5.0,-0.6004,,A,0
2025-12-14 14:58:38.270000+00:00,-1.85003,,,,,,,,,,,,,,,-2.47396,,7.23994,20017.0,,-2.60055,,,,-1.37145,,8.37999,23169.0,,-1.49739,,,,-1.85003,9.26975,25629.0,,-2.10142,,A,0
2025-12-14 14:58:38.568000+00:00,,,,,,,,,,,,,,,,,,,17805.0,,,,,,,,,21952.0,,,,,,,,23943.0,,,,A,0
2025-12-14 14:58:38.570000+00:00,-1.98793,,,,,,,,,,,,,,,-2.61954,,6.43989,,,,,,,-1.41889,,7.93981,,,,,,,-1.98793,8.65994,,,-2.0978,,A,0
2025-12-14 14:58:38.871000+00:00,-2.06146,,,,,,,,,,,,,,,-2.67797,,5.58992,15455.0,,-5.79789,,,,-1.4903,,7.46998,20653.0,,-3.19734,,,,-2.06146,7.99986,22118.0,,-4.49943,,A,0
2025-12-14 14:58:39.169000+00:00,,,,,,,,,,,,,,,,,,,13243.0,,,,,,,,,19408.0,,,,,,,,20404.0,,,,A,0
2025-12-14 14:58:39.171000+00:00,-2.34554,,,,,,,,,,,,0.0,,,-3.03521,,4.78986,,,-2.60055,,,,-1.71172,,7.01968,,,-1.50102,,,,-2.34554,7.37992,,,-2.00015,,A,0
2025-12-14 14:58:39.468000+00:00,,,,,,,,,,,,,,,,,,,,,,,,,,,,18192.0,,,,,,,,18717.0,,,,A,0
2025-12-14 14:58:39.471000+00:00,-2.11091,,,,,,,,,,,,,,,-1.9343,,,,,0.0,,,,-1.50305,,6.57986,,,-1.49739,,,,-2.11091,6.76975,,,-2.10142,,A,0
2025-12-14 14:58:39.768000+00:00,,,,,,,,,,,,,,,,,,,14432.0,,,,,,,,,16892.0,,,,,,,,16892.0,,,,A,0
2025-12-14 14:58:39.771000+00:00,-2.07548,,,,,,,,,,,,,,,1.35778,,5.21991,,,1.60229,,,,-1.50082,,6.10966,,,-1.69994,,,,-2.07548,6.10966,,,-2.50289,,A,0
2025-12-14 14:58:40.068000+00:00,,,,,,,,,,,,,,,,,,,,,,,,,,,,15648.0,,,,,,,,15178.0,,,,A,0
2025-12-14 14:58:40.071000+00:00,-3.12131,,,,,,,,,,,,,,1.0,0.37001,,,,,0.0,,,,-2.27455,,5.65972,,,-2.99841,,,,-3.12131,5.48973,,,-4.09795,,A,0
2025-12-14 14:58:40.370000+00:00,-2.30575,,,,,,,,,,,,,,,0.0925,,,,,,,,,-1.64376,,5.33999,14764.0,,-1.7976,,,0.0,-2.30575,5.03979,13934.0,,-2.49928,,A,0
2025-12-14 14:58:40.667000+00:00,,,,,,,,,,,,,,,,,,,,,,,,,,,,13685.0,,,,,,,,13602.0,,,,A,0
2025-12-14 14:58:40.671000+00:00,-0.90083,,,,,,,,,,,,,,,0.01156,,,,,,0.0,,,-1.55593,,4.94973,,,-0.90061,,,,-0.90083,4.9197,,,0.0,,A,0
2025-12-14 14:58:40.969000+00:00,,,,,,,,,,,,,,,,,,,,0.0,,,,,,,,,0.0,,,,,,,,0.0,,,A,0
2025-12-14 14:58:40.971000+00:00,-0.22521,,,,,,,,,,,,1.0,,0.0,0.00289,,,,,,1.0,,,-0.61413,,,,,0.0,,,1.0,-0.22521,,,,,,A,0
2025-12-14 14:58:41.269000+00:00,,,,,,,,,,,,,,,,,,,13409.0,,,,,,,,,13132.0,,,,,,,,12939.0,,,,A,0
2025-12-14 14:58:41.272000+00:00,-0.17825,,,,,,,,,,,,,,,-0.54941,,4.8499,,,-2.60055,,,,-0.32633,,4.74971,,,-1.50101,,,,-0.17825,4.6799,,,-2.0978,,A,0
2025-12-14 14:58:41.569000+00:00,,,,,,,,,,,,,,,,,,,11031.0,,,,,,,,,11805.0,,,,,,,,11142.0,,,,A,0
2025-12-14 14:58:41.571000+00:00,-1.93381,,,,,,,,,,,,,,,-2.54309,,3.9898,,,-2.70182,,,,-1.42832,,4.26975,,,,,,,-1.93381,4.02995,,,-2.00015,,A,0
2025-12-14 14:58:41.869000+00:00,,,,,,,,,,,,,,,,,,,8847.0,,,,,,,,,10589.0,,,,,,,,9427.0,,,,A,0
2025-12-14 14:58:41.872000+00:00,-2.0342,,,,,,,,,,,,,,,-2.6115,,3.19987,,,-2.69821,,,,-1.4322,,3.82993,,,,,,,-2.0342,3.40965,,,-2.10142,,A,0
2025-12-14 14:58:42.171000+00:00,-2.06589,,,,,,,,,,,,,,,-2.66476,,2.3499,6497.0,,-2.59693,,,,-1.49151,,3.35974,9289.0,,-1.39974,,,,-2.06589,2.74993,7603.0,,-2.00014,,A,0
2025-12-14 14:58:42.469000+00:00,,,,,,,,,,,,,,,,,,,4285.0,,,,,,,,,8045.0,,,,,,,,5916.0,,,,A,0
2025-12-14 14:58:42.471000+00:00,-2.78328,,,,,,,,,,,,,,,-3.6082,,1.54984,,,-2.60055,,,,-2.01071,,2.90979,,,-1.50101,,,,-2.78328,2.13976,,,,,A,0
2025-12-14 14:58:42.768000+00:00,,,,,,,,,,,,,,,,,,,2073.0,,,,,,,,,6829.0,,,,,,,,4202.0,,,,A,0
2025-12-14 14:58:42.770000+00:00,-2.24476,,,,,,,,,,,,,,,-2.9031,,0.74978,,,-2.59693,,,,-1.5778,,2.46998,,,,,,,-2.24476,1.51982,,,-2.10142,,A,0
2025-12-14 14:58:43.068000+00:00,,,,,,,,,,,,,,,,,,,0.0,,,,,,,,,5612.0,,,,,,,,2488.0,,,,A,0
2025-12-14 14:58:43.070000+00:00,-2.09402,,,,,,,,,,,,0.0,0.0,,-2.66323,,0.0,,,-2.69821,,,,-1.50971,,2.0298,,,-1.39974,,,,-2.09402,0.89988,,,-2.00014,,A,0
2025-12-14 14:58:43.369000+00:00,,,,,,,,,,,,,,,,,,,,,,,,,,,,4368.0,,,,,,,,801.0,,,,A,0
2025-12-14 14:58:43.372000+00:00,-2.23703,,,,,,,,,,,,,,,-1.21995,,,,,0.0,,,,-1.63954,,1.57986,,,-2.69821,,,0.0,-2.23703,0.28971,,,-3.70009,,A,0
2025-12-14 14:58:43.672000+00:00,-2.73392,,,,,,,,,,,,,,1.0,-0.30499,,,,,,,,,-1.93441,,1.10966,3068.0,,-1.20081,0.0,,,-2.73392,0.0,0.0,,-0.39786,,A,0
2025-12-14 14:58:43.968000+00:00,,,,,,,,,,,,,,,,,,,,,,,,,,,,2267.0,,,,,,,,,,,,A,0
2025-12-14 14:58:43.970000+00:00,-0.39147,,,,,,,,,,,,,,,-0.03812,,,,,,,,,-1.5909,,0.63983,,,-1.39974,,1.0,,-0.39147,,,,0.0,,A,0
2025-12-14 14:58:44.269000+00:00,,,,,,,,,,,,,,,,,,,,,,,,,,,,940.0,,,,,,,,,,,,A,0
2025-12-14 14:58:44.271000+00:00,-0.04893,,,,,,,,,,,,,,,-0.00477,,,,,,,,,-1.57464,,0.33999,,,-1.4974,,,,-0.04893,,,,,,A,0
2025-12-14 14:58:44.569000+00:00,,,,,,,,,,,,,,,,,,,,,,,,,,,,0.0,,,,,,,,,,,,A,0
2025-12-14 14:58:44.571000+00:00,-0.01223,,,,,,,,,,,,,,,-0.00119,,,,,,0.0,0.0,,-1.51852,,0.0,,,-1.89887,,,,-0.01223,,,,,,A,0
2025-12-14 14:58:44.869000+00:00,,,,,,,,,,,,,,,,,,,,8.0,,,,,,,,,9.0,,,,,,,,10.0,,,A,0
2025-12-14 14:58:44.871000+00:00,-0.00153,,,,,,,,,,,,,,0.0,-0.00015,1.0,,,,,,,,-0.42717,1.0,,,,0.0,,0.0,,-0.00153,,,,,1.0,A,0
2025-12-14 14:58:45.169000+00:00,,,,,,,,,,,,,,,,,,,1050.0,,,,,,,,,552.0,,,,,,,,663.0,,,,A,0
2025-12-14 14:58:45.172000+00:00,0.1481,,,,,,,,,,,,,1000.0,,0.54975,,0.37977,,,2.69821,,1000.0,,0.19617,,0.19965,,,1.4974,1000.0,,,0.1481,0.2398,,,2.10142,,A,0
2025-12-14 14:58:45.469000+00:00,,,,,,,,,,,,,,,,,,,3400.0,,,,,,,,,1852.0,,,,,,,,2488.0,,,,A,0
2025-12-14 14:58:45.471000+00:00,1.81202,,,,,,,,,,,,,,,2.41247,,1.22975,,,2.60055,,,,1.324,,0.66985,,,1.50101,,,,1.81202,0.89988,,,2.00014,,A,0
2025-12-14 14:58:45.769000+00:00,,,,,,,,,,,,,,,,,,,5612.0,,,,,,,,,3096.0,,,,,,,,4202.0,,,,A,0
2025-12-14 14:58:45.771000+00:00,3.05085,,,,,,,,,,,,,,,3.95236,,2.0298,,,2.69821,,,,2.20227,,1.11979,,,1.50101,,,,3.05085,1.51982,,,2.10142,,A,0
2025-12-14 14:58:46.070000+00:00,2.39371,,,,,,,,,,,,,,,3.08194,,2.87977,7962.0,,,,,,1.68813,,1.58999,4396.0,,1.50101,,,,2.39371,2.16978,5999.0,,2.00014,,A,0
2025-12-14 14:58:46.368000+00:00,,,,,,,,,,,,,,,,,,,10174.0,,,,,,,,,5612.0,,,,,,,,7713.0,,,,A,0
2025-12-14 14:58:46.370000+00:00,2.14917,,,,,,,,,,,,,,,2.74531,,3.67983,,,,,,,1.54598,,2.0298,,,1.50101,,,,2.14917,2.78971,,,2.00014,,A,0
2025-12-14 14:58:46.671000+00:00,2.04319,,,,,,,,,,,,,,,2.65617,,4.46976,12358.0,,,,,,1.48132,,2.47975,6856.0,,1.4974,,,,2.04319,3.40965,9427.0,,2.10142,,A,0
2025-12-14 14:58:46.969000+00:00,2.69364,,,,,,,,,,,,,,,3.46877,,5.31973,14708.0,,2.6982,,,,1.89777,,2.94994,8156.0,,1.39974,,,,2.69364,4.05997,11225.0,,2.10142,,A,0
2025-12-14 14:58:47.270000+00:00,2.22235,,,,,,,,,,,,,,,2.86824,,6.11979,16920.0,,2.69821,,,,1.59839,,3.38976,9372.0,,1.50101,,,,2.22235,4.6799,12939.0,,2.00015,,A,0
2025-12-14 14:58:47.571000+00:00,2.3028,,,,,,,,,,,,,,,2.94642,,6.96976,19270.0,,,,,,1.63797,,3.86972,10699.0,,,,,,2.3028,5.33999,14764.0,,,,A,0
2025-12-14 14:58:47.868000+00:00,,,,,,,,,,,,,,,,,,,20736.0,,,,,,,,,11501.0,,,,,,,,15897.0,,,,A,0
2025-12-14 14:58:47.873000+00:00,2.06149,,,,,,,,,,,,,,,2.70663,,7.5,,,2.70182,,,,1.51723,,4.15979,,,,,,,2.06149,5.74978,,,1.99653,,A,0
2025-12-14 14:58:48.168000+00:00,,,,,,,,,,,,,,,,,,,22671.0,,,,,,,,,12828.0,,,,,,,,17694.0,,,,A,0
2025-12-14 14:58:48.170000+00:00,2.7904,,,,,,,,,,,,,,,3.60182,0.0,8.19987,,,1.09954,,,,2.00329,,4.63976,,,1.50101,,,,2.7904,6.39974,,,2.00014,,A,0
2025-12-14 14:58:48.469000+00:00,2.12424,,,,,,,,,,,,,,1.0,0.58767,,,,,0.0,,,,1.53848,,5.07993,14045.0,,,,,,2.12424,7.01968,19408.0,,2.0978,,A,0
2025-12-14 14:58:48.769000+00:00,,,,,,,,,,,,,,,,,,,,,,,,,,,,15344.0,,,,,,,,21233.0,,,,A,0
2025-12-14 14:58:48.771000+00:00,2.30696,,,,,,,,,,,,,,,0.14692,,,,,,,,,1.65867,,5.54977,,,1.39974,,,,2.30696,7.67976,,,2.00015,,A,0
2025-12-14 14:58:49.071000+00:00,2.06291,,,,,,,,,,,,,,,0.01836,,,,,,,,,1.50806,,5.99971,16588.0,,2.99841,,,,2.06291,8.28993,22920.0,,4.10156,,A,0
2025-12-14 14:58:49.368000+00:00,,,,,,,,,,,,,,,,,,,,,,,,,,,,17888.0,,,,,,,,24744.0,,,,A,0
2025-12-14 14:58:49.370000+00:00,2.29508,,,,,,,,,,,,,,,0.0023,,,,,,,,,1.66375,,6.46991,,,1.80121,,,,2.29508,8.94965,,,2.49928,,A,0
2025-12-14 14:58:49.669000+00:00,,,,,,,,,,,,,,,,,,,,,,,,,,,,19104.0,,,,,,,,26459.0,,,,A,0
2025-12-14 14:58:49.673000+00:00,2.2493,,,,,,,,,,,,,,,0.00057,,,,,,,,,1.61494,,6.90972,,,1.40336,,,,2.2493,9.56995,,,2.00014,,A,0
2025-12-14 14:58:49.971000+00:00,2.05661,,,,,,,,,,,,,,,7e-05,,,,,,,,,1.50214,,7.38968,20431.0,,1.50101,0.0,,,2.05661,10.0,27648.0,,2.0978,0.0,A,0
2025-12-14 14:58:50.270000+00:00,0.56994,,,,,,,,,,,,,,,1e-05,,,,,,,,,2.27517,,7.82986,21648.0,,1.50102,,1.0,,0.56994,,,,0.0,,A,0
2025-12-14 14:58:50.569000+00:00,,,,,,,,,,,,,,,,,,,,,,,,,,,,22947.0,,,,,,,,,,,,A,0
2025-12-14 14:58:50.571000+00:00,0.14248,,,,,,,,,,,,,,,0.0,,,,,,,,,1.69455,,8.2997,,,1.39974,,,,0.14248,,,,,,A,0
2025-12-14 14:58:50.869000+00:00,,,,,,,,,,,,,,,,,,,,,,,,,,,,23777.0,,,,,,,,,,,,A,0
2025-12-14 14:58:50.871000+00:00,0.01781,,,,,,,,,,,,,,,0.0,,,,,,,,,1.58669,,8.5999,,,1.50101,,,,0.01781,,,,,,A,0
2025-12-14 14:58:51.169000+00:00,0.00223,,,,,,,,,,,,,,,0.0,,,,,,,,,1.46109,0.0,8.97967,24827.0,,1.39974,,,,0.00223,,,,,,A,0
2025-12-14 14:58:51.471000+00:00,0.00056,,,,,,,,,,,,1.0,,0.0,0.0,,,,5.0,,1.0,,,0.58952,,,,5.0,0.0,,0.0,1.0,0.00056,,,5.0,,,A,0
2025-12-14 14:58:51.770000+00:00,-0.2513,,,,,,,,,,,,,,,-0.80114,,7.76982,21482.0,,-2.69821,,,,-0.3748,,8.75,24192.0,,-1.39974,1000.0,,,-0.2513,9.72982,26901.0,,-2.19908,,A,0
2025-12-14 14:58:52.069000+00:00,-1.85704,,,,,,,,,,,,,,,-2.41225,,6.91985,19132.0,,-2.60055,,,,-1.34758,,8.26968,22864.0,,-1.50101,,,,-1.85704,9.06973,25076.0,,-2.10142,,A,0
2025-12-14 14:58:52.367000+00:00,,,,,,,,,,,,,,,,,,,16920.0,,,,,,,,,21648.0,,,,,,,,23390.0,,,,A,0
2025-12-14 14:58:52.371000+00:00,-2.08915,,,,,,,,,,,,,,,-2.75421,,6.11979,,,-2.59694,,,,-1.5359,,7.82986,,,-1.39974,,,,-2.08915,8.45992,,,-2.09781,,A,0
2025-12-14 14:58:52.671000+00:00,-2.54883,,,,,,,,,,,,,,,-3.34359,,5.31973,14708.0,,-2.70182,,,,-1.86797,,7.38968,20431.0,,,,,,-2.54883,7.83999,21676.0,,-2.0978,,A,0
2025-12-14 14:58:52.968000+00:00,,,,,,,,,,,,,,,,,,,12801.0,,,,,,,,,19104.0,,,,,,,,19878.0,,,,A,0
2025-12-14 14:58:52.973000+00:00,-2.36247,,,,,,,,,,,,0.0,,,-3.06119,1.0,4.62999,,,-2.69821,,,,-1.71573,,6.90972,,,-1.50101,,,,-2.36247,7.18967,,,-2.10142,,A,0
2025-12-14 14:58:53.269000+00:00,,,,,,,,,,,,,,,,,,,13989.0,,,,,,,,,17888.0,,,,,,,,18164.0,,,,A,0
2025-12-14 14:58:53.272000+00:00,-2.10692,,,,,,,,,,,,,,,-0.99481,0.0,5.05968,,,1.59867,,,,-1.52604,,6.46991,,,-1.40336,,,,-2.10692,6.56973,,,,,A,0
2025-12-14 14:58:53.570000+00:00,-2.07498,,,,,,,,,,,,,,,1.55118,,5.21991,14432.0,,0.0,,,,-1.49103,,5.99971,16588.0,,-3.20096,,,,-2.07498,5.90965,16339.0,,-4.50304,,A,0
2025-12-14 14:58:53.868000+00:00,,,,,,,,,,,,,,,,,,,,,,,,,,,,15344.0,,,,,,,,14625.0,,,,A,0
2025-12-14 14:58:53.870000+00:00,-2.64277,,,,,,,,,,,,,,1.0,0.38779,,,,,,,,,-1.9217,,5.54977,,,-1.50101,,,0.0,-2.64277,5.28971,,,-2.10142,,A,0
2025-12-14 14:58:54.169000+00:00,-2.11845,,,,,,,,,,,,,,,0.04847,,,,,,0.0,,,-1.5536,,5.10995,14128.0,,-1.39974,,,,-2.11845,5.00977,13851.0,,-0.79933,,A,0
2025-12-14 14:58:54.471000+00:00,-0.36472,,,,,,,,,,,,,,,0.00606,,,,,,,,,-1.19382,,5.01989,13879.0,,0.0,,1.0,,-0.36472,,,,0.0,,A,0
2025-12-14 14:58:54.769000+00:00,-0.09118,,,,,,,,,,,,1.0,,0.0,0.00151,,,,0.0,,1.0,,,-0.29846,,,,0.0,,,0.0,1.0,-0.09118,,,0.0,,,A,0
2025-12-14 14:58:55.070000+00:00,,,,,,,,,,,,,,,,,,,12524.0,,,,,,,,,12828.0,,,,,,,,12524.0,,,,A,0
2025-12-14 14:58:55.071000+00:00,-1.23662,,,,,,,,,,,,,,,-1.74948,,4.5298,,,-2.60055,,,,-1.01296,,4.63976,,,-1.39974,,,,-1.23662,4.5298,,,-2.00014,,A,0
2025-12-14 14:58:55.368000+00:00,,,,,,,,,,,,,,,,,,,10312.0,,,,,,,,,11584.0,,,,,,,,10810.0,,,,A,0
2025-12-14 14:58:55.370000+00:00,-1.97885,,,,,,,,,,,,,,,-2.56922,,3.72975,,,-2.60055,,,,-1.42554,,4.18981,,,-1.50102,,,,-1.97885,3.90987,,,-2.00015,,A,0
2025-12-14 14:58:55.670000+00:00,-2.24439,,,,,,,,,,,,,,,-2.89292,,2.81973,7796.0,,-2.69821,,,,-1.58161,,3.68996,10202.0,,-1.50101,,,,-2.24439,3.21,8875.0,,,,A,0
2025-12-14 14:58:55.968000+00:00,,,,,,,,,,,,,,,,,,,5612.0,,,,,,,,,8985.0,,,,,,,,7160.0,,,,A,0
2025-12-14 14:58:55.971000+00:00,-3.20617,,,,,,,,,,,,,,,-4.14851,,2.0298,,,-2.60055,,,,-2.33574,,3.24978,,,-1.39974,,,,-3.20617,2.5897,,,-2.10142,,A,0
2025-12-14 14:58:56.267000+00:00,,,,,,,,,,,,,,,,,,,3400.0,,,,,,,,,7741.0,,,,,,,,5474.0,,,,A,0
2025-12-14 14:58:56.273000+00:00,-2.21238,,,,,,,,,,,,,,,-2.81846,,1.22975,,,-2.70182,,,,-1.59089,,2.79984,,,-1.50101,,,,-2.21238,1.97989,,,-2.00014,,A,0
2025-12-14 14:58:56.569000+00:00,,,,,,,,,,,,,,,,,,,1050.0,,,,,,,,,6441.0,,,,,,,,3649.0,,,,A,0
2025-12-14 14:58:56.571000+00:00,-2.10384,,,,,,,,,,,,,,,-2.72917,,0.37977,,,-2.60055,,,,-1.47284,,2.32964,,,-1.50101,,,,-2.10384,1.31981,,,,,A,0
2025-12-14 14:58:56.870000+00:00,,,,,,,,,,,,,,,,,,,0.0,,,,,,,,,5225.0,,,,,,,,1935.0,,,,A,0
2025-12-14 14:58:56.872000+00:00,-2.13789,,,,,,,,,,,,0.0,0.0,,-2.81556,,0.0,,,-1.09954,,,,-1.57073,,1.88983,,,,,,,-2.13789,0.69987,,,-2.10142,,A,0
2025-12-14 14:58:57.168000+00:00,,,,,,,,,,,,,,,,,,,,,,,,,,,,3898.0,,,,,,,,138.0,,,,A,0
2025-12-14 14:58:57.171000+00:00,-2.50474,,,,,,,,,,,,,,1.0,-0.48939,,,,,0.0,,,,-1.7828,,1.40987,,,-1.80121,,,0.0,-2.50474,0.04991,,,-2.398,,A,0
2025-12-14 14:58:57.468000+00:00,,,,,,,,,,,,,,,,,,,,,,,,,,,,2681.0,,,,,,,,27.0,,,,A,0
2025-12-14 14:58:57.471000+00:00,-1.42642,,,,,,,,,,,,,,,-0.12235,,,,,,,,,-1.59587,,0.96969,,,-1.50101,,,,-1.42642,0.00977,,,0.0,,A,0
2025-12-14 14:58:57.771000+00:00,-0.1783,,,,,,,,,,,,,,,-0.01529,,,,,,,,,-1.51106,,0.52988,1465.0,,,,1.0,,-0.1783,,,,,,A,0
2025-12-14 14:58:58.068000+00:00,,,,,,,,,,,,,,,,,,,,,,,,,,,,138.0,,,,,,,,,,,,A,0
2025-12-14 14:58:58.073000+00:00,-0.02229,,,,,,,,,,,,,,,-0.00191,,,,,,0.0,,,-1.47695,,0.04991,,,-3.29861,,,,-0.02229,,,,,,A,0
2025-12-14 14:58:58.370000+00:00,-0.00557,,,,,,,,,,,,,,,-0.00048,,,,,,,0.0,,-1.44346,,0.0,0.0,,0.0,,,,-0.00557,,,,,,A,0
2025-12-14 14:58:58.669000+00:00,-0.0007,,,,,,,,,,,,,,0.0,-6e-05,1.0,,,8.0,,,,,-0.18043,1.0,,,9.0,,,0.0,,-0.0007,,,10.0,,1.0,A,0
2025-12-14 14:58:58.969000+00:00,1.1754,,,,,,,,,,,,,1000.0,,1.7994,,0.69987,1935.0,,2.60055,,1000.0,,0.9522,,0.3899,1078.0,,1.50101,,,,1.1754,0.48973,1354.0,,2.0978,,A,0
2025-12-14 14:58:59.268000+00:00,,,,,,,,,,,,,,,,,,,4285.0,,,,,,,,,2377.0,,,,,,,,3179.0,,,,A,0
2025-12-14 14:58:59.270000+00:00,1.81837,,,,,,,,,,,,,,,2.44909,,1.54984,,,5.8015,,,,1.31317,,0.85974,,,3.29861,,,,1.81837,1.14981,,,4.60069,,A,0
2025-12-14 14:58:59.568000+00:00,,,,,,,,,,,,,,,,,,,6497.0,,,,,,,,,3594.0,,,,,,,,4866.0,,,,A,0
2025-12-14 14:58:59.571000+00:00,2.35313,,,,,,,,,,,,,,,3.00615,,2.3499,,,2.70182,,,,1.70223,,1.29991,,,1.39974,,,,2.35313,1.75998,,,2.00014,,A,0
2025-12-14 14:58:59.868000+00:00,,,,,,,,,,,,,,,,,,,8709.0,,,,,,,,,4838.0,,,,,,,,6580.0,,,,A,0
2025-12-14 14:58:59.871000+00:00,2.06868,,,,,,,,,,,,,,,2.68832,,3.14996,,,2.60055,,,,1.5126,,1.74986,,,1.50101,,,,2.06868,2.37992,,,,,A,0
2025-12-14 14:59:00.170000+00:00,2.24153,,,,,,,,,,,,,,,2.94621,,3.99993,11059.0,,,,,,1.60337,,2.21969,6137.0,,1.50101,,,,2.24153,3.02988,8377.0,,2.10142,,A,0
2025-12-14 14:59:00.468000+00:00,,,,,,,,,,,,,,,,,,,13271.0,,,,,,,,,7354.0,,,,,,,,10091.0,,,,A,0
2025-12-14 14:59:00.472000+00:00,3.14251,,,,,,,,,,,,,,,4.01818,,4.79999,,,2.70182,,,,2.26341,,2.65987,,,1.39974,,,,3.14251,3.64981,,,2.00014,,A,0
2025-12-14 14:59:00.768000+00:00,,,,,,,,,,,,,,,,,,,15455.0,,,,,,,,,8598.0,,,,,,,,11805.0,,,,A,0
2025-12-14 14:59:00.772000+00:00,2.16826,,,,,,,,,,,,,,,2.84015,,5.58992,,,2.70183,,,,1.58184,,3.10981,,,1.4974,,,,2.16826,4.26975,,,,,A,0
2025-12-14 14:59:01.071000+00:00,2.26732,,,,,,,,,,,,,,,2.95884,,6.43989,17805.0,,2.70182,,,,1.62069,,3.57964,9897.0,,1.50101,,,,2.26732,4.9197,13602.0,,2.0978,,A,0
2025-12-14 14:59:01.371000+00:00,2.09639,,,,,,,,,,,,,,,2.70682,,7.23994,20017.0,,,,,,1.51507,,4.01982,11114.0,,,,,,2.09639,5.53964,15316.0,,2.10142,,A,0
2025-12-14 14:59:01.668000+00:00,,,,,,,,,,,,,,,,,,,22367.0,,,,,,,,,12441.0,,,,,,,,17141.0,,,,A,0
2025-12-14 14:59:01.671000+00:00,2.64965,,,,,,,,,,,,,,,3.47647,0.0,8.08992,,,2.70183,,,,1.92595,,4.49978,,,1.4974,,,,2.64965,6.19973,,,2.00015,,A,0
2025-12-14 14:59:01.968000+00:00,,,,,,,,,,,,,,,,,,,22809.0,,,,,,,,,13326.0,,,,,,,,18385.0,,,,A,0
2025-12-14 14:59:01.971000+00:00,2.18693,,,,,,,,,,,,,,,2.31859,,8.24978,,,0.0,,,,1.55661,,4.93996,,,1.80122,,,,2.18693,6.8099,,,2.49928,,A,0
2025-12-14 14:59:02.270000+00:00,2.03525,,,,,,,,,,,,,,1.0,0.28982,,,,,,,,,1.46863,,5.25969,14542.0,,1.69994,,,,2.03525,7.26997,20100.0,,2.50289,,A,0
2025-12-14 14:59:02.568000+00:00,,,,,,,,,,,,,,,,,,,,,,,,,,,,15787.0,,,,,,,,21786.0,,,,A,0
2025-12-14 14:59:02.570000+00:00,2.13461,,,,,,,,,,,,,,,0.07246,,,,,,,,,1.54265,,5.71,,,1.50101,,,,2.13461,7.87977,,,2.0978,,A,0
2025-12-14 14:59:02.869000+00:00,,,,,,,,,,,,,,,,,,,,,,,,,,,,17003.0,,,,,,,,23500.0,,,,A,0
2025-12-14 14:59:02.871000+00:00,2.55451,,,,,,,,,,,,,,,0.00906,,,,,,,,,1.82993,,6.14981,,,,,,,2.55451,8.49971,,,,,A,0
2025-12-14 14:59:03.168000+00:00,,,,,,,,,,,,,,,,,,,,,,,,,,,,18302.0,,,,,,,,25325.0,,,,A,0
2025-12-14 14:59:03.172000+00:00,2.33121,,,,,,,,,,,,,,,0.00113,,,,,,,,,1.69042,,6.61965,,,1.39974,,,,2.33121,9.15979,,,2.10142,,A,0
2025-12-14 14:59:03.469000+00:00,,,,,,,,,,,,,,,,,,,,,,,,,,,,19547.0,,,,,,,,27012.0,,,,A,0
2025-12-14 14:59:03.471000+00:00,2.10823,,,,,,,,,,,,,,,0.00028,,,,,,,,,1.52305,,7.06995,,,1.80121,,,,2.10823,9.76997,,,2.49928,0.0,A,0
2025-12-14 14:59:03.768000+00:00,,,,,,,,,,,,,,,,,,,,,,,,,,,,20846.0,,,,,,,,27648.0,,,,A,0
2025-12-14 14:59:03.770000+00:00,2.02541,,,,,,,,,,,,,,,4e-05,,,,,,,,,1.46443,,7.53979,,,3.20096,0.0,,,2.02541,10.0,,,0.20255,,A,0
2025-12-14 14:59:04.070000+00:00,0.2785,,,,,,,,,,,,,,,0.0,,,,,,,,,1.70893,,7.97996,22063.0,,1.39974,,1.0,,0.2785,,,,0.0,,A,0
2025-12-14 14:59:04.370000+00:00,0.06962,,,,,,,,,,,,,,,0.0,,,,,,,,,1.67597,,8.45992,23390.0,,1.50101,,,,0.06962,,,,,,A,0
2025-12-14 14:59:04.668000+00:00,,,,,,,,,,,,,,,,,,,,,,,,,,,,24606.0,,,,,,,,,,,,A,0
2025-12-14 14:59:04.673000+00:00,0.0087,,,,,,,,,,,,,,,0.0,,,,,,,,,1.52107,0.0,8.89974,,,1.40336,,,,0.0087,,,,,,A,0
2025-12-14 14:59:04.970000+00:00,0.00109,,,,,,,,,,,,,,,0.0,,,,,,,,,1.19021,,8.9898,24855.0,,0.0,,,,0.00109,,,,,,A,0
2025-12-14 14:59:05.270000+00:00,0.00027,,,,,,,,,,,,1.0,,0.0,0.0,,8.08992,22367.0,5.0,,1.0,,,0.29755,,8.89974,24606.0,5.0,,1000.0,0.0,1.0,0.00027,9.93996,27482.0,5.0,,,A,0
2025-12-14 14:59:05.570000+00:00,-1.20078,,,,,,,,,,,,,,,-1.69994,,7.29999,20183.0,,-2.70183,,,,-0.93666,,8.45992,23390.0,,-1.40336,,,,-1.20078,9.31966,25767.0,,-2.00014,,A,0
2025-12-14 14:59:05.870000+00:00,-1.92554,,,,,,,,,,,,,,,-2.55036,,6.70971,18551.0,,-3.20096,,,,-1.41736,,8.1297,22477.0,,-1.80121,,,,-1.92554,8.86972,24523.0,,-2.49928,,A,0
2025-12-14 14:59:06.170000+00:00,-3.15518,,,,,,,,,,,,,,,-4.08721,,5.90965,16339.0,,-2.70182,,,,-2.25321,,7.68989,21261.0,,-1.50101,,,,-3.15518,8.24978,22809.0,,-2.10142,,A,0
2025-12-14 14:59:06.469000+00:00,,,,,,,,,,,,,,,,,,,13989.0,,,,,,,,,19961.0,,,,,,,,21012.0,,,,A,0
2025-12-14 14:59:06.471000+00:00,-2.20601,,,,,,,,,,,,0.0,,,-2.84877,,5.05968,,,-3.20096,,,,-1.59504,,7.21969,,,-1.69994,,,,-2.20601,7.59983,,,-2.40162,,A,0
2025-12-14 14:59:06.768000+00:00,,,,,,,,,,,,,,,,,,,12966.0,,,,,,,,,18717.0,,,,,,,,19298.0,,,,A,0
2025-12-14 14:59:06.770000+00:00,-2.15021,,,,,,,,,,,,,,,-1.95703,1.0,4.68967,,,0.0,,,,-1.53673,,6.76975,,,-1.50101,,,,-2.15021,6.97989,,,-2.00015,,A,0
2025-12-14 14:59:07.068000+00:00,,,,,,,,,,,,,,,,,,,14570.0,,,,,,,,,17501.0,,,,,,,,17584.0,,,,A,0
2025-12-14 14:59:07.071000+00:00,-2.0883,,,,,,,,,,,,,,,0.31189,0.0,5.26982,,,2.6982,,,,-1.50994,,6.32993,,,-1.39974,,,,-2.0883,6.35995,,,,,A,0
2025-12-14 14:59:07.371000+00:00,-2.58625,,,,,,,,,,,,,,1.0,0.75152,,,,,0.0,,,,-1.86382,,5.85974,16201.0,,-1.69994,,,,-2.58625,5.71,15787.0,,-2.398,,A,0
2025-12-14 14:59:07.669000+00:00,,,,,,,,,,,,,,,,,,,,,,,,,,,,14957.0,,,,,,,,14072.0,,,,A,0
2025-12-14 14:59:07.671000+00:00,-2.1991,,,,,,,,,,,,,,,0.09394,,,,,,,,,-1.57033,,5.40979,,,-1.50102,,,0.0,-2.1991,5.0897,,,-2.10142,,A,0
2025-12-14 14:59:07.971000+00:00,-1.64841,,,,,,,,,,,,,,,0.02348,,,,,,0.0,,,-1.6178,,5.02966,13906.0,,,,,,-1.64841,4.96998,13741.0,,0.0,,A,0
2025-12-14 14:59:08.270000+00:00,,,,,,,,,,,,,,,,,,,,0.0,,,,,,,,,0.0,,,,,,,,0.0,,,A,0
2025-12-14 14:59:08.274000+00:00,-0.20605,,,,,,,,,,,,1.0,,0.0,0.00294,,,,,,1.0,,,-0.53995,,,,,0.0,,,1.0,-0.20605,,,,,,A,0
2025-12-14 14:59:08.570000+00:00,-0.05151,,,,,,,,,,,,,,,0.00073,,4.8499,13409.0,,-1.50102,,,,-0.13499,,4.78986,13243.0,,-0.89699,,,,-0.05151,4.68967,12966.0,,-0.80295,,A,0
2025-12-14 14:59:08.869000+00:00,,,,,,,,,,,,,,,,,,,11197.0,,,,,,,,,12026.0,,,,,,,,11252.0,,,,A,0
2025-12-14 14:59:08.871000+00:00,-1.65575,,,,,,,,,,,,,,,-2.213,,4.04984,,,-2.60055,,,,-1.25476,,4.34968,,,-1.39974,,,,-1.65575,4.06973,,,-2.00015,,A,0
2025-12-14 14:59:09.168000+00:00,,,,,,,,,,,,,,,,,,,9732.0,,,,,,,,,11197.0,,,,,,,,10119.0,,,,A,0
2025-12-14 14:59:09.172000+00:00,-1.98241,,,,,,,,,,,,,,,-2.57652,,3.19987,,,-2.69821,,,,-1.45576,,3.87985,,,-1.50101,,,,-1.98241,3.41978,,,-2.0978,,A,0
2025-12-14 14:59:09.468000+00:00,,,,,,,,,,,,,,,,,,,7382.0,,,,,,,,,9897.0,,,,,,,,8322.0,,,,A,0
2025-12-14 14:59:09.471000+00:00,-2.22086,,,,,,,,,,,,,,,-2.91916,,2.66999,,,-5.29876,,,,-1.58917,,3.57964,,,-3.00203,,,,-2.22086,3.00998,,,-4.09795,,A,0
2025-12-14 14:59:09.770000+00:00,-2.36591,,,,,,,,,,,,,,,-3.00297,,1.86994,5170.0,,-2.69821,,,,-1.69875,,3.13983,8681.0,,-1.39974,,,,-2.36591,2.38968,6607.0,,-2.00014,,A,0
2025-12-14 14:59:10.068000+00:00,,,,,,,,,,,,,,,,,,,2820.0,,,,,,,,,7354.0,,,,,,,,4783.0,,,,A,0
2025-12-14 14:59:10.070000+00:00,-2.07028,,,,,,,,,,,,,,,-2.7137,,1.01997,,,-3.19734,,,,-1.51126,,2.65987,,,-1.80122,,,,-2.07028,1.72996,,,-2.49928,,A,0
2025-12-14 14:59:10.368000+00:00,,,,,,,,,,,,,,,,,,,608.0,,,,,,,,,6137.0,,,,,,,,3096.0,,,,A,0
2025-12-14 14:59:10.371000+00:00,-2.14246,,,,,,,,,,,,0.0,,,-2.82867,,0.21991,,,-2.60055,,,,-1.52799,,2.21969,,,-1.50101,,,,-2.14246,1.11979,,,-2.10142,,A,0
2025-12-14 14:59:10.670000+00:00,,,,,,,,,,,,,,,,,,,0.0,,,,,,,,,4838.0,,,,,,,,1271.0,,,,A,0
2025-12-14 14:59:10.672000+00:00,-3.13013,,,,,,,,,,,,,0.0,,-2.45274,,0.0,,,0.0,,,,-2.25308,,1.74986,,,-1.69994,,,,-3.13013,0.45971,,,-2.40162,,A,0
2025-12-14 14:59:10.968000+00:00,,,,,,,,,,,,,,,,,,,,,,,,,,,,3594.0,,,,,,,,27.0,,,,A,0
2025-12-14 14:59:10.970000+00:00,-2.21599,,,,,,,,,,,,,,1.0,-0.30659,,,,,,,,,-1.61989,,1.29991,,,-1.4974,,,0.0,-2.21599,0.00977,,,-0.40148,,A,0
2025-12-14 14:59:11.270000+00:00,-0.65437,,,,,,,,,,,,,,,-0.07665,,,,,,,,,-1.47919,,0.85974,2377.0,,-1.50101,,1.0,,-0.65437,,,,0.0,,A,0
2025-12-14 14:59:11.571000+00:00,-0.0818,,,,,,,,,,,,,,,-0.00958,,,,,,,,,-1.64658,,0.3899,1078.0,,-1.50101,,,,-0.0818,,,,,,A,0
2025-12-14 14:59:11.870000+00:00,-0.01022,,,,,,,,,,,,,,,-0.0012,,,,,,0.0,0.0,,-1.86914,,0.0,0.0,,-1.50101,,,,-0.01022,,,,,,A,0
2025-12-14 14:59:12.172000+00:00,-0.00256,,,,,,,,,,,,,,0.0,-0.0003,1.0,,,8.0,,,,,-0.69153,1.0,,,9.0,0.0,,0.0,,-0.00256,,,10.0,,1.0,A,0
2025-12-14 14:59:12.468000+00:00,,,,,,,,,,,,,,,,,,,1050.0,,,,,,,,,608.0,,,,,,,,663.0,,,,A,0
2025-12-14 14:59:12.470000+00:00,-0.00032,,,,,,,,,,,,,1000.0,,-4e-05,,0.37977,,,1.09954,,1000.0,,-0.08644,,0.21991,,,0.59679,,,,-0.00032,0.2398,,,0.3002,,A,0
2025-12-14 14:59:12.769000+00:00,,,,,,,,,,,,,,,,,,,2681.0,,,,,,,,,1492.0,,,,,,,,1907.0,,,,A,0
2025-12-14 14:59:12.771000+00:00,1.58823,,,,,,,,,,,,,,,2.1629,,0.96969,,,2.70182,,,,1.16423,,0.53964,,,1.39974,,,,1.58823,0.68974,,,2.10142,,A,0
2025-12-14 14:59:13.071000+00:00,2.52199,,,,,,,,,,,,,,,3.34111,,1.75998,4866.0,,2.60055,,,,1.86622,,0.97982,2709.0,,1.39974,,,,2.52199,1.30968,3621.0,,2.0978,,A,0
2025-12-14 14:59:13.370000+00:00,2.12822,,,,,,,,,,,,,,,2.76817,,2.55968,7077.0,,2.59693,,,,1.5322,,1.42976,3953.0,,1.50101,,,,2.12822,1.92998,5336.0,,2.10142,,A,0
2025-12-14 14:59:13.668000+00:00,,,,,,,,,,,,,,,,,,,9427.0,,,,,,,,,5253.0,,,,,,,,7133.0,,,,A,0
2025-12-14 14:59:13.670000+00:00,2.25641,,,,,,,,,,,,,,,2.94175,,3.40965,,,2.70182,,,,1.65891,,1.89996,,,1.39974,,,,2.25641,2.57993,,,2.10142,,A,0
2025-12-14 14:59:13.968000+00:00,,,,,,,,,,,,,,,,,,,11639.0,,,,,,,,,6469.0,,,,,,,,8847.0,,,,A,0
2025-12-14 14:59:13.972000+00:00,2.09366,,,,,,,,,,,,,,,2.70559,,4.20971,,,5.29876,,,,1.50628,,2.33977,,,2.90075,,,,2.09366,3.19987,,,4.10156,,A,0
2025-12-14 14:59:14.270000+00:00,,,,,,,,,,,,,,,,,,,13989.0,,,,,,,,,7796.0,,,,,,,,10672.0,,,,A,0
2025-12-14 14:59:14.272000+00:00,2.39929,,,,,,,,,,,,,,,3.10106,,5.05968,,,2.6982,,,,1.75169,,2.81973,,,1.4974,,,,2.39929,3.85995,,,2.10142,,A,0
2025-12-14 14:59:14.569000+00:00,2.12525,,,,,,,,,,,,,,,2.80073,,5.90965,16339.0,,3.20096,,,,1.56278,,3.28993,9096.0,,1.69994,,,,2.12525,4.50991,12469.0,,2.49928,,A,0
2025-12-14 14:59:14.868000+00:00,,,,,,,,,,,,,,,,,,,18551.0,,,,,,,,,10312.0,,,,,,,,14183.0,,,,A,0
2025-12-14 14:59:14.870000+00:00,2.127,,,,,,,,,,,,,,,2.75035,,6.70971,,,2.60055,,,,1.53179,,3.72975,,,1.50101,,,,2.127,5.12985,,,2.00015,,A,0
2025-12-14 14:59:15.169000+00:00,,,,,,,,,,,,,,,,,,,20901.0,,,,,,,,,11639.0,,,,,,,,16008.0,,,,A,0
2025-12-14 14:59:15.172000+00:00,3.29096,,,,,,,,,,,,,,,4.24417,,7.55968,,,2.69821,,,,2.38015,,4.20971,,,1.4974,,,,3.29096,5.78993,,,2.10142,,A,0
2025-12-14 14:59:15.468000+00:00,,,,,,,,,,,,,,,,,,,22809.0,,,,,,,,,12856.0,,,,,,,,17694.0,,,,A,0
2025-12-14 14:59:15.472000+00:00,2.34817,,,,,,,,,,,,,,,3.08651,0.0,8.24978,,,2.60055,,,,1.66926,,4.64988,,,1.50101,,,,2.34817,6.39974,,,2.0978,,A,0
2025-12-14 14:59:15.770000+00:00,,,,,,,,,,,,,,,,,,,,,,,,,,,,13768.0,,,,,,,,18938.0,,,,A,0
2025-12-14 14:59:15.772000+00:00,2.30542,,,,,,,,,,,,,,1.0,1.11055,,,,,0.0,,,,1.67034,,5.11972,,,,,,,2.30542,7.05982,,,2.00014,,A,0
2025-12-14 14:59:16.068000+00:00,,,,,,,,,,,,,,,,,,,,,,,,,,,,14985.0,,,,,,,,20653.0,,,,A,0
2025-12-14 14:59:16.071000+00:00,2.11426,,,,,,,,,,,,,,,0.13882,,,,,,,,,1.49686,,5.41992,,,,,,,2.11426,7.46998,,,2.00015,,A,0
2025-12-14 14:59:16.369000+00:00,,,,,,,,,,,,,,,,,,,,,,,,,,,,16284.0,,,,,,,,22477.0,,,,A,0
2025-12-14 14:59:16.372000+00:00,3.07757,,,,,,,,,,,,,,,0.0347,,,,,,,,,2.19984,,5.88976,,,1.7976,,,,3.07757,8.1297,,,2.49928,,A,0
2025-12-14 14:59:16.670000+00:00,2.24785,,,,,,,,,,,,,,,0.00434,,,,,,,,,1.62544,,6.3397,17528.0,,1.49739,,,,2.24785,8.73987,24164.0,,2.00015,,A,0
2025-12-14 14:59:16.969000+00:00,,,,,,,,,,,,,,,,,,,,,,,,,,,,18828.0,,,,,,,,25989.0,,,,A,0
2025-12-14 14:59:16.972000+00:00,2.10616,,,,,,,,,,,,,,,0.00054,,,,,,,,,1.4908,,6.8099,,,1.50101,,,,2.10616,9.39996,,,2.10142,,A,0
2025-12-14 14:59:17.270000+00:00,2.17584,,,,,,,,,,,,,,,0.00014,,,,,,,,,1.57351,,7.24971,20044.0,,1.39974,0.0,,,2.17584,10.0,27648.0,,2.00014,0.0,A,0
2025-12-14 14:59:17.572000+00:00,0.99762,,,,,,,,,,,,,,,2e-05,,,,,,,,,1.87176,,7.69965,21288.0,,1.4974,,,,0.99762,,,,0.0,,A,0
2025-12-14 14:59:17.868000+00:00,,,,,,,,,,,,,,,,,,,,,,,,,,,,22588.0,,,,,,,,,,,,A,0
2025-12-14 14:59:17.872000+00:00,0.2494,,,,,,,,,,,,,,,0.0,,,,,,,,,1.54397,,8.16985,,,,,1.0,,0.2494,,,,,,A,0
2025-12-14 14:59:18.170000+00:00,0.03118,,,,,,,,,,,,,,,0.0,,,,,,,,,1.58098,,8.60966,23804.0,,1.39974,,,,0.03118,,,,,,A,0
2025-12-14 14:59:18.468000+00:00,,,,,,,,,,,,,,,,,,,,,,,,,,,,24883.0,,,,,,,,,,,,A,0
2025-12-14 14:59:18.471000+00:00,0.0039,,,,,,,,,,,,,,,0.0,,,,,,,,,1.64755,0.0,8.99993,,,2.10142,,,,0.0039,,,,,,A,0
2025-12-14 14:59:18.769000+00:00,,,,,,,,,,,,,,,,,,,,5.0,,,,,,,,,5.0,,,,,,,,5.0,,,A,0
2025-12-14 14:59:18.772000+00:00,0.00097,1.0,,,,,,,,,,,,,,0.0,,,,,,,,1.0,0.93724,,,,,0.0,,,,0.00097,,,,,,A,0
2025-12-14 14:59:19.068000+00:00,,,,,,,,,,,,,,,,,,,22367.0,,,,,,,,,24634.0,,,,,,,,27482.0,,,,A,0
2025-12-14 14:59:19.070000+00:00,0.00012,0.0,,,,,,,,,,,1.0,,0.0,0.0,,8.08992,,,-1.59866,1.0,,0.0,0.11716,,8.90987,,,-0.90061,1000.0,0.0,1.0,0.00012,9.93996,,,-0.6004,,A,0
2025-12-14 14:59:19.371000+00:00,-1.85003,,,,,,,,,,,,,,,-2.45045,,7.23994,20017.0,,-3.20096,,,,-1.37379,,8.4299,23307.0,,-1.80121,,,,-1.85003,9.27988,25657.0,,-2.49928,,A,0
2025-12-14 14:59:19.671000+00:00,-2.01325,,,,,,,,,,,,,,,-2.63807,,6.43989,17805.0,,-5.29876,,,,-1.41767,,7.98973,22090.0,,-3.00202,,,,-2.01325,8.65994,23943.0,,-4.09795,,A,0
2025-12-14 14:59:19.968000+00:00,,,,,,,,,,,,,,,,,,,15455.0,,,,,,,,,20791.0,,,,,,,,22146.0,,,,A,0
2025-12-14 14:59:19.970000+00:00,-2.4132,,,,,,,,,,,,,,,-3.09262,,5.58992,,,-2.69821,,,,-1.70173,,7.51989,,,-1.50101,,,,-2.4132,8.00998,,,-2.00015,,A,0
2025-12-14 14:59:20.271000+00:00,-2.15404,,,,,,,,,,,,0.0,,,-2.74798,,4.78986,13243.0,,-2.70183,,,,-1.55119,,7.06995,19547.0,,,,,,-2.15404,7.38968,20431.0,,-2.10142,,A,0
2025-12-14 14:59:20.570000+00:00,-2.08087,,,,,,,,,,,,,,,-2.15511,,,,,0.0,,,,-1.45574,,6.59975,18247.0,,-1.80122,,,,-2.08087,6.72996,18607.0,,-2.40162,,A,0
2025-12-14 14:59:20.870000+00:00,-3.13554,,,,,,,,,,,,,,,2.03096,,5.16999,14294.0,,,,,,-2.23275,,6.15994,17031.0,,-1.49739,,,,-3.13554,6.11979,16920.0,,-2.00015,,A,0
2025-12-14 14:59:21.170000+00:00,,,,,,,,,,,,,,,,,,,,,,,,,,,,15731.0,,,,,,,,15095.0,,,,A,0
2025-12-14 14:59:21.172000+00:00,-2.33463,,,,,,,,,,,,,,1.0,0.50774,,,,,,,,,-1.68304,,5.68974,,,-1.80121,,,,-2.33463,5.45971,,,-2.49928,,A,0
2025-12-14 14:59:21.469000+00:00,,,,,,,,,,,,,,,,,,,,,,,,,,,,14487.0,,,,,,,,13602.0,,,,A,0
2025-12-14 14:59:21.471000+00:00,-2.15318,,,,,,,,,,,,,,,0.06347,,,,,,0.0,,,-1.53597,,5.2398,,,-1.49739,,,0.0,-2.15318,4.9197,,,-2.00015,,A,0
2025-12-14 14:59:21.769000+00:00,,,,,,,,,,,,,,,,,,,,,,,,,,,,13851.0,,,,,,,,,,,,A,0
2025-12-14 14:59:21.771000+00:00,-0.84468,,,,,,,,,,,,,,,0.00793,,,,,,,,,-1.65503,,5.00977,,,-0.49913,,1.0,,-0.84468,,,,0.0,,A,0
2025-12-14 14:59:22.072000+00:00,-0.21117,,,,,,,,,,,,1.0,,0.0,0.00198,,,,0.0,,1.0,,,-0.53854,,,,0.0,0.0,,0.0,1.0,-0.21117,,,0.0,,,A,0
2025-12-14 14:59:22.371000+00:00,-0.37543,,,,,,,,,,,,,,,-0.8009,,4.73994,13105.0,,-2.69821,,,,-0.51762,,4.76997,13188.0,,-1.4974,,,,-0.37543,4.64988,12856.0,,-2.00015,,A,0
2025-12-14 14:59:22.669000+00:00,,,,,,,,,,,,,,,,,,,10893.0,,,,,,,,,11971.0,,,,,,,,11142.0,,,,A,0
2025-12-14 14:59:22.673000+00:00,-1.82237,,,,,,,,,,,,,,,-2.43844,,3.93989,,,-2.70182,,,,-1.37764,,4.32979,,,-1.50101,,,,-1.82237,4.02995,,,,,A,0
2025-12-14 14:59:22.970000+00:00,,,,,,,,,,,,,,,,,,,8543.0,,,,,,,,,10644.0,,,,,,,,9317.0,,,,A,0
2025-12-14 14:59:22.972000+00:00,-2.23149,,,,,,,,,,,,,,,-2.88464,,3.08992,,,-2.60055,,,,-1.59495,,3.84983,,,-1.4974,,,,-2.23149,3.36986,,,,,A,0
2025-12-14 14:59:23.269000+00:00,,,,,,,,,,,,,,,,,,,6359.0,,,,,,,,,9427.0,,,,,,,,7630.0,,,,A,0
2025-12-14 14:59:23.273000+00:00,-2.60415,,,,,,,,,,,,,,,-3.36125,,2.29999,,,-2.59693,,,,-1.83692,,3.40965,,,-1.50101,,,,-2.60415,2.75969,,,,,A,0
2025-12-14 14:59:23.568000+00:00,,,,,,,,,,,,,,,,,,,3981.0,,,,,,,,,8128.0,,,,,,,,5806.0,,,,A,0
2025-12-14 14:59:23.571000+00:00,-2.10006,,,,,,,,,,,,,,,-2.76933,,1.43989,,,-2.69821,,,,-1.5421,,2.93981,,,-1.50101,,,,-2.10006,2.09997,,,,,A,0
2025-12-14 14:59:23.868000+00:00,,,,,,,,,,,,,,,,,,,1797.0,,,,,,,,,6884.0,,,,,,,,4091.0,,,,A,0
2025-12-14 14:59:23.870000+00:00,-2.20054,,,,,,,,,,,,,,,-2.79285,,0.64996,,,-2.70182,,,,-1.56102,,2.48987,,,-1.4974,,,,-2.20054,1.47967,,,-2.00014,,A,0
2025-12-14 14:59:24.168000+00:00,,,,,,,,,,,,,,,,,,,0.0,,,,,,,,,5584.0,,,,,,,,2294.0,,,,A,0
2025-12-14 14:59:24.170000+00:00,-2.05051,,,,,,,,,,,,0.0,0.0,,-2.68698,,0.0,,,-3.79774,,,,-1.50806,,2.01968,,,-3.20095,,,,-2.05051,0.82972,,,-4.49942,,A,0
2025-12-14 14:59:24.468000+00:00,,,,,,,,,,,,,,,,,,,,,,,,,,,,4368.0,,,,,,,,580.0,,,,A,0
2025-12-14 14:59:24.471000+00:00,-2.68638,,,,,,,,,,,,,,,-1.62118,,,,,0.0,,,,-1.92595,,1.57986,,,-1.50101,,,0.0,-2.68638,0.20978,,,-2.00014,,A,0
2025-12-14 14:59:24.768000+00:00,,,,,,,,,,,,,,,,,,,,,,,,,,,,3041.0,,,,,,,,0.0,,,,A,0
2025-12-14 14:59:24.770000+00:00,-2.16007,,,,,,,,,,,,,,1.0,-0.20265,,,,,,,,,-1.52881,,1.0999,,,-1.7976,0.0,,,-2.16007,0.0,,,0.0,,A,0
2025-12-14 14:59:25.071000+00:00,-0.27001,,,,,,,,,,,,,,,-0.02533,,,,,,,,,-1.54156,,0.80982,2239.0,,-1.39974,,1.0,,-0.27001,,,,,,A,0
2025-12-14 14:59:25.368000+00:00,,,,,,,,,,,,,,,,,,,,,,,,,,,,995.0,,,,,,,,,,,,A,0
2025-12-14 14:59:25.370000+00:00,-0.0675,,,,,,,,,,,,,,,-0.00633,,,,,,,,,-1.48583,,0.35988,,,-2.99841,,,,-0.0675,,,,,,A,0
2025-12-14 14:59:25.670000+00:00,-0.00844,,,,,,,,,,,,,,,-0.00079,,,,,,0.0,0.0,,-1.73602,,0.0,0.0,,-0.39786,,,,-0.00844,,,,,,A,0
2025-12-14 14:59:25.971000+00:00,-0.00105,,,,,,,,,,,,,,0.0,-0.0001,1.0,,,8.0,,,,,-0.26674,1.0,,,9.0,0.0,,0.0,,-0.00105,,,10.0,,1.0,A,0
2025-12-14 14:59:26.271000+00:00,-0.00026,,,,,,,,,,,,,1000.0,,-2e-05,,0.42969,1188.0,,1.59867,,1000.0,,-0.06668,,0.22967,635.0,,0.79934,1000.0,,,-0.00026,0.28971,801.0,,0.79934,,A,0
2025-12-14 14:59:26.568000+00:00,,,,,,,,,,,,,,,,,,,3400.0,,,,,,,,,1852.0,,,,,,,,2515.0,,,,A,0
2025-12-14 14:59:26.570000+00:00,2.67512,,,,,,,,,,,,,,,3.5744,,1.22975,,,2.60055,,,,1.91631,,0.66985,,,1.50101,,,,2.67512,0.90965,,,2.0978,,A,0
2025-12-14 14:59:26.868000+00:00,,,,,,,,,,,,,,,,,,,5750.0,,,,,,,,,3151.0,,,,,,,,4313.0,,,,A,0
2025-12-14 14:59:26.870000+00:00,2.3481,,,,,,,,,,,,,,,3.04599,,2.07972,,,3.19734,,,,1.70122,,1.13968,,,1.7976,,,,2.3481,1.55997,,,2.50289,,A,0
2025-12-14 14:59:27.170000+00:00,2.13596,,,,,,,,,,,,,,,2.76255,,2.87977,7962.0,,2.60055,,,,1.52575,,1.58999,4396.0,,1.50101,,,,2.13596,2.1799,6027.0,,2.00014,,A,0
2025-12-14 14:59:27.470000+00:00,2.09127,,,,,,,,,,,,,,,2.69585,,3.72975,10312.0,,2.59693,,,,1.5023,,2.05982,5695.0,,1.39974,,,,2.09127,2.83999,7852.0,,2.00014,,A,0
2025-12-14 14:59:27.769000+00:00,,,,,,,,,,,,,,,,,,,12524.0,,,,,,,,,6912.0,,,,,,,,9538.0,,,,A,0
2025-12-14 14:59:27.774000+00:00,2.68699,,,,,,,,,,,,,,,3.43757,,4.5298,,,2.60055,,,,1.93701,,2.5,,,1.4974,,,,2.68699,3.4498,,,2.10142,,A,0
2025-12-14 14:59:28.068000+00:00,,,,,,,,,,,,,,,,,,,13989.0,,,,,,,,,7741.0,,,,,,,,10672.0,,,,A,0
2025-12-14 14:59:28.070000+00:00,2.22249,,,,,,,,,,,,,,,2.83422,,5.05968,,,2.6982,,,,1.58379,,2.79984,,,1.50101,,,,2.22249,3.85995,,,2.00014,,A,0
2025-12-14 14:59:28.369000+00:00,,,,,,,,,,,,,,,,,,,16339.0,,,,,,,,,9040.0,,,,,,,,12496.0,,,,A,0
2025-12-14 14:59:28.371000+00:00,2.30192,,,,,,,,,,,,,,,2.96749,,5.90965,,,2.59693,,,,1.65965,,3.26968,,,1.39974,,,,2.30192,4.51968,,,2.00014,,A,0
2025-12-14 14:59:28.670000+00:00,2.12622,,,,,,,,,,,,,,,2.74202,,6.70971,18551.0,,2.60055,,,,1.51535,,3.71998,10285.0,,1.50101,,,,2.12622,5.13997,14211.0,,2.00015,,A,0
2025-12-14 14:59:28.968000+00:00,,,,,,,,,,,,,,,,,,,20901.0,,,,,,,,,11584.0,,,,,,,,16035.0,,,,A,0
2025-12-14 14:59:28.970000+00:00,2.59009,,,,,,,,,,,,,,,3.34342,,7.55968,,,3.19734,,,,1.85093,,4.18981,,,1.80121,,,,2.59009,5.7997,,,2.49928,,A,0
2025-12-14 14:59:29.269000+00:00,2.18692,,,,,,,,,,,,,,,2.79333,0.0,8.24978,22809.0,,1.59866,,,,1.58047,,4.62999,12801.0,,1.40336,,,,2.18692,6.40987,17722.0,,2.00015,,A,0
2025-12-14 14:59:29.569000+00:00,,,,,,,,,,,,,,,,,,,,,,,,,,,,14128.0,,,,,,,,19547.0,,,,A,0
2025-12-14 14:59:29.571000+00:00,2.2964,,,,,,,,,,,,,,1.0,1.098,,,,,0.0,,,,1.64476,,5.10995,,,1.50101,,,,2.2964,7.06995,,,,,A,0
2025-12-14 14:59:29.869000+00:00,2.0625,,,,,,,,,,,,,,,0.13725,,,,,,,,,1.46834,,5.57979,15427.0,,3.29861,,,,2.0625,7.72967,21371.0,,4.59708,,A,0
2025-12-14 14:59:30.170000+00:00,,,,,,,,,,,,,,,,,,,,,,,,,,,,16644.0,,,,,,,,23058.0,,,,A,0
2025-12-14 14:59:30.171000+00:00,2.38319,,,,,,,,,,,,,,,0.01716,,,,,,,,,1.67099,,6.01997,,,1.50101,,,,2.38319,8.33984,,,2.00015,,A,0
2025-12-14 14:59:30.468000+00:00,,,,,,,,,,,,,,,,,,,,,,,,,,,,17888.0,,,,,,,,24772.0,,,,A,0
2025-12-14 14:59:30.471000+00:00,2.14654,,,,,,,,,,,,,,,0.00429,,,,,,,,,1.5417,,6.46991,,,,,,,2.14654,8.95978,,,,,A,0
2025-12-14 14:59:30.770000+00:00,2.29242,,,,,,,,,,,,,,,0.00054,,,,,,,,,1.60556,,6.93974,19187.0,,1.49739,,,,2.29242,9.61986,26597.0,,,,A,0
2025-12-14 14:59:31.069000+00:00,,,,,,,,,,,,,,,,,,,,,,,,,,,,20072.0,,,,,,,,27648.0,,,,A,0
2025-12-14 14:59:31.071000+00:00,2.12385,,,,,,,,,,,,,,,0.00013,,,,,,,,,1.52625,,7.25984,,,3.20095,0.0,,,2.12385,10.0,,,3.80136,0.0,A,0
2025-12-14 14:59:31.368000+00:00,,,,,,,,,,,,,,,,,,,,,,,,,,,,21316.0,,,,,,,,,,,,A,0
2025-12-14 14:59:31.371000+00:00,0.74065,,,,,,,,,,,,,,,2e-05,,,,,,,,,1.71485,,7.70978,,,1.50101,,1.0,,0.74065,,,,0.0,,A,0
2025-12-14 14:59:31.670000+00:00,0.09258,,,,,,,,,,,,,,,0.0,,,,,,,,,1.62721,,8.17998,22616.0,,1.50101,,,,0.09258,,,,,,A,0
2025-12-14 14:59:31.969000+00:00,,,,,,,,,,,,,,,,,,,,,,,,,,,,23832.0,,,,,,,,,,,,A,0
2025-12-14 14:59:31.972000+00:00,0.02315,,,,,,,,,,,,,,,0.0,,,,,,,,,1.53076,,8.61979,,,,,,,0.02315,,,,,,A,0
2025-12-14 14:59:32.270000+00:00,0.00289,,,,,,,,,,,,,,,0.0,,,,,,,,,2.22992,0.0,9.00969,24910.0,,0.89699,,,,0.00289,,,,,,A,0
2025-12-14 14:59:32.569000+00:00,0.00036,,,,,,,,,,,,1.0,,0.0,0.0,,,,5.0,,1.0,,,0.39086,,,,5.0,0.0,,0.0,1.0,0.00036,,,5.0,,,A,0
2025-12-14 14:59:32.869000+00:00,9e-05,,,,,,,,,,,,,,,0.0,,7.82986,21648.0,,-1.59866,,,,0.09772,,8.76989,24247.0,,-0.89699,1000.0,,,9e-05,9.73994,26929.0,,-0.50275,,A,0
2025-12-14 14:59:33.168000+00:00,,,,,,,,,,,,,,,,,,,19270.0,,,,,,,,,22947.0,,,,,,,,25104.0,,,,A,0
2025-12-14 14:59:33.171000+00:00,-1.83873,,,,,,,,,,,,,,,-2.45045,,6.96976,,,-2.69821,,,,-1.37577,,8.2997,,,-1.39974,,,,-1.83873,9.07986,,,-2.00014,,A,0
2025-12-14 14:59:33.468000+00:00,,,,,,,,,,,,,,,,,,,17086.0,,,,,,,,,21731.0,,,,,,,,23417.0,,,,A,0
2025-12-14 14:59:33.472000+00:00,-3.00869,,,,,,,,,,,,,,,-3.93835,,6.17983,,,,,,,-2.19308,,7.85988,,,-1.50102,,,,-3.00869,8.46969,,,-2.10142,,A,0
2025-12-14 14:59:33.769000+00:00,,,,,,,,,,,,,,,,,,,15455.0,,,,,,,,,20818.0,,,,,,,,22173.0,,,,A,0
2025-12-14 14:59:33.771000+00:00,-2.38844,,,,,,,,,,,,,,,-3.08018,,5.58992,,,,,,,-1.71231,,7.52966,,,-1.50101,,,,-2.38844,8.01975,,,-2.00015,,A,0
2025-12-14 14:59:34.067000+00:00,,,,,,,,,,,,,,,,,,,13243.0,,,,,,,,,19602.0,,,,,,,,20459.0,,,,A,0
2025-12-14 14:59:34.071000+00:00,-2.0731,,,,,,,,,,,,0.0,,,-2.72335,,4.78986,,,-2.6982,,,,-1.52652,,7.08984,,,-1.39974,,,,-2.0731,7.39981,,,-2.10142,,A,0
2025-12-14 14:59:34.368000+00:00,,,,,,,,,,,,,,,,,,,,,,,,,,,,18275.0,,,,,,,,18634.0,,,,A,0
2025-12-14 14:59:34.373000+00:00,-2.29327,,,,,,,,,,,,,,,-2.15472,,,,,0.0,,,,-1.63217,,6.60988,,,-1.4974,,,,-2.29327,6.73973,,,-2.00015,,A,0
2025-12-14 14:59:34.671000+00:00,-2.61097,,,,,,,,,,,,,,,1.60602,,5.21991,14432.0,,,,,,-1.86689,,6.1697,17058.0,,-1.50101,,,,-2.61097,6.12992,16948.0,,-2.00014,,A,0
2025-12-14 14:59:34.969000+00:00,-2.25192,,,,,,,,,,,,,,1.0,0.20075,,,,,,,,,-1.57026,,5.69987,15759.0,,,,,,-2.25192,5.46983,15123.0,,-2.00015,,A,0
2025-12-14 14:59:35.271000+00:00,-2.11372,,,,,,,,,,,,,,,0.05019,,,,,,0.0,,,-1.51832,,5.24993,14515.0,,,,,0.0,-2.11372,4.92983,13630.0,,,,A,0
2025-12-14 14:59:35.569000+00:00,-0.83885,,,,,,,,,,,,,,,0.00627,,,,,,,,,-1.45164,,5.01989,13879.0,,-0.90061,,1.0,,-0.83885,,,,0.0,,A,0
2025-12-14 14:59:35.870000+00:00,-0.10486,,,,,,,,,,,,1.0,,0.0,0.00078,,,,0.0,,1.0,,,-0.29403,,,,0.0,0.0,,0.0,1.0,-0.10486,,,0.0,,,A,0
2025-12-14 14:59:36.170000+00:00,,,,,,,,,,,,,,,,,,,12524.0,,,,,,,,,12801.0,,,,,,,,12303.0,,,,A,0
2025-12-14 14:59:36.172000+00:00,-0.17632,,,,,,,,,,,,,,,-0.54957,,4.5298,,,-3.20095,,,,-0.37371,,4.62999,,,-1.80121,,,,-0.17632,4.44987,,,-2.40162,,A,0
2025-12-14 14:59:36.469000+00:00,,,,,,,,,,,,,,,,,,,10312.0,,,,,,,,,11584.0,,,,,,,,10616.0,,,,A,0
2025-12-14 14:59:36.471000+00:00,-1.84677,,,,,,,,,,,,,,,-2.46806,,3.72975,,,-2.60055,,,,-1.34789,,4.18981,,,-1.49739,,,,-1.84677,3.8397,,,-2.10142,,A,0
2025-12-14 14:59:36.769000+00:00,-1.98712,,,,,,,,,,,,,,,-2.61806,,3.14996,8709.0,,-5.79789,,,,-1.46183,,3.85995,10672.0,,-3.29861,,,,-1.98712,3.37999,9345.0,,-4.59708,,A,0
2025-12-14 14:59:37.068000+00:00,,,,,,,,,,,,,,,,,,,6497.0,,,,,,,,,9455.0,,,,,,,,7658.0,,,,A,0
2025-12-14 14:59:37.070000+00:00,-2.37377,,,,,,,,,,,,,,,-3.07655,,2.3499,,,-2.60055,,,,-1.6955,,3.41978,,,-1.50101,,,,-2.37377,2.76982,,,-2.00015,,A,0
2025-12-14 14:59:37.368000+00:00,,,,,,,,,,,,,,,,,,,4285.0,,,,,,,,,8239.0,,,,,,,,5944.0,,,,A,0
2025-12-14 14:59:37.370000+00:00,-2.07217,,,,,,,,,,,,,,,-2.68537,,1.54984,,,-2.69821,,,,-1.47469,,2.97996,,,-1.4974,,,,-2.07217,2.14988,,,-2.0978,,A,0
2025-12-14 14:59:37.669000+00:00,,,,,,,,,,,,,,,,,,,1935.0,,,,,,,,,6912.0,,,,,,,,4119.0,,,,A,0
2025-12-14 14:59:37.671000+00:00,-2.2433,,,,,,,,,,,,,,,-2.94637,,0.69987,,,-2.60055,,,,-1.64363,,2.5,,,-1.50101,,,,-2.2433,1.4898,,,-2.0978,,A,0
2025-12-14 14:59:37.970000+00:00,,,,,,,,,,,,,,,,,,,0.0,,,,,,,,,5695.0,,,,,,,,2433.0,,,,A,0
2025-12-14 14:59:37.971000+00:00,-3.11877,,,,,,,,,,,,0.0,0.0,,-4.01729,,0.0,,,-1.69994,,,,-2.21781,,2.05982,,,,,,,-3.11877,0.87999,,,-1.99653,,A,0
2025-12-14 14:59:38.269000+00:00,-2.26521,,,,,,,,,,,,,,,-0.71466,,,,,0.0,,,,-1.61503,,1.58999,4396.0,,-1.4974,,,0.0,-2.26521,0.21991,608.0,,-2.0978,,A,0
2025-12-14 14:59:38.569000+00:00,-2.09082,,,,,,,,,,,,,,1.0,-0.17866,,,,,,,,,-1.52861,,1.13968,3151.0,,-1.50101,,,,-2.09082,0.01989,55.0,,0.0,,A,0
2025-12-14 14:59:38.868000+00:00,,,,,,,,,,,,,,,,,,,,,,,,,,,,1935.0,,,,,,,,,,,,A,0
2025-12-14 14:59:38.871000+00:00,-0.26135,,,,,,,,,,,,,,,-0.02233,,,,,,,,,-1.60393,,0.69987,,,-1.4974,,1.0,,-0.26135,,,,,,A,0
2025-12-14 14:59:39.169000+00:00,,,,,,,,,,,,,,,,,,,,,,,,,,,,635.0,,,,,,,,,,,,A,0
2025-12-14 14:59:39.173000+00:00,-0.03267,,,,,,,,,,,,,,,-0.00279,,,,,,0.0,,,-1.83804,,0.22967,,,-1.50101,,,,-0.03267,,,,,,A,0
2025-12-14 14:59:39.470000+00:00,-0.00817,,,,,,,,,,,,,,,-0.0007,,,,,,,,,-1.58346,,0.01989,55.0,,-0.6004,,,,-0.00817,,,,,,A,0
2025-12-14 14:59:39.769000+00:00,,,,,,,,,,,,,,,,,,,,8.0,,,,,,,,,9.0,,,,,,,,10.0,,,A,0
2025-12-14 14:59:39.773000+00:00,-0.00102,,,,,,,,,,,,,,0.0,-9e-05,1.0,,,,,,,,-0.27298,1.0,,,,0.0,,0.0,,-0.00102,,,,,1.0,A,0
2025-12-14 14:59:40.070000+00:00,0.3489,,,,,,,,,,,,,1000.0,,0.79932,,0.69987,1935.0,,5.40003,,,,0.41618,,0.4098,1133.0,,2.99841,,,,0.3489,0.49986,1382.0,,4.10156,,A,0
2025-12-14 14:59:40.367000+00:00,,,,,,,,,,,,,,,,,,,3400.0,,,,,,,,,1935.0,,,,,,,,2515.0,,,,A,0
2025-12-14 14:59:40.369000+00:00,2.11269,,,,,,,,,,,,,,,2.89894,,1.22975,,,2.60055,,,,1.55352,,0.69987,,,1.50101,,,,2.11269,0.90965,,,2.0978,,A,0
2025-12-14 14:59:40.669000+00:00,2.05264,,,,,,,,,,,,,,,2.68668,,2.07972,5750.0,,2.60055,,,,1.50667,,1.1697,3234.0,,1.39974,,,,2.05264,1.56973,4340.0,,,,A,0
2025-12-14 14:59:40.968000+00:00,,,,,,,,,,,,,,,,,,,8128.0,,,,,,,,,4561.0,,,,,,,,6137.0,,,,A,0
2025-12-14 14:59:40.970000+00:00,2.26848,,,,,,,,,,,,,,,2.93684,,2.93981,,,3.20096,,,,1.63916,,1.64967,,,1.80122,,,,2.26848,2.21969,,,2.49928,,A,0
2025-12-14 14:59:41.268000+00:00,,,,,,,,,,,,,,,,,,,10478.0,,,,,,,,,5861.0,,,,,,,,7962.0,,,,A,0
2025-12-14 14:59:41.271000+00:00,2.11787,,,,,,,,,,,,,,,2.70903,,3.78979,,,5.89916,,,,1.48401,,2.11986,,,3.30223,,,,2.11787,2.87977,,,4.49942,,A,0
2025-12-14 14:59:41.568000+00:00,,,,,,,,,,,,,,,,,,,12662.0,,,,,,,,,7077.0,,,,,,,,9676.0,,,,A,0
2025-12-14 14:59:41.570000+00:00,2.35259,,,,,,,,,,,,,,,3.07527,,4.57972,,,2.60055,,,,1.72223,,2.55968,,,1.39974,,,,2.35259,3.49971,,,2.0978,,A,0
2025-12-14 14:59:41.867000+00:00,,,,,,,,,,,,,,,,,,,14874.0,,,,,,,,,8322.0,,,,,,,,11363.0,,,,A,0
2025-12-14 14:59:41.869000+00:00,2.10704,,,,,,,,,,,,,,,2.73403,,5.37977,,,2.6982,,,,1.51601,,3.00998,,,1.50101,,,,2.10704,4.10988,,,2.10142,,A,0
2025-12-14 14:59:42.169000+00:00,,,,,,,,,,,,,,,,,,,17224.0,,,,,,,,,9621.0,,,,,,,,13188.0,,,,A,0
2025-12-14 14:59:42.171000+00:00,2.0757,,,,,,,,,,,,,,,2.68456,,6.22975,,,3.19734,,,,1.45412,,3.47982,,,1.7976,,,,2.0757,4.76997,,,2.40162,,A,0
2025-12-14 14:59:42.469000+00:00,,,,,,,,,,,,,,,,,,,19436.0,,,,,,,,,10838.0,,,,,,,,14902.0,,,,A,0
2025-12-14 14:59:42.471000+00:00,3.13399,,,,,,,,,,,,,,,4.03656,,7.0298,,,2.69821,,,,2.28092,,3.91999,,,1.40336,,,,3.13399,5.3899,,,2.10142,,A,0
2025-12-14 14:59:42.770000+00:00,2.30892,,,,,,,,,,,,,,,3.0346,0.0,7.82986,21648.0,,2.59693,,,,1.66977,,4.36994,12082.0,,1.50101,,,,2.30892,5.99971,16588.0,,2.0978,,A,0
2025-12-14 14:59:43.070000+00:00,2.30232,,,,,,,,,,,,,,,2.97988,,8.24978,22809.0,,0.99826,,,,1.62157,,4.83977,13381.0,,1.4974,,,,2.30232,6.65979,18413.0,,1.99653,,A,0
2025-12-14 14:59:43.371000+00:00,2.06278,,,,,,,,,,,,,,1.0,0.49727,,,,,0.0,,,,1.51563,,5.30997,14681.0,,1.50101,,,,2.06278,7.31988,20238.0,,2.10142,,A,0
2025-12-14 14:59:43.670000+00:00,,,,,,,,,,,,,,,,,,,,,,,,,,,,15510.0,,,,,,,,21371.0,,,,A,0
2025-12-14 14:59:43.672000+00:00,3.29076,,,,,,,,,,,,,,,0.12432,,,,,,,,,2.35283,,5.75991,,,,,,,3.29076,7.92969,,,2.0978,,A,0
2025-12-14 14:59:43.968000+00:00,,,,,,,,,,,,,,,,,,,,,,,,,,,,16727.0,,,,,,,,23058.0,,,,A,0
2025-12-14 14:59:43.970000+00:00,2.22431,,,,,,,,,,,,,,,0.01554,,,,,,,,,1.55685,,6.04999,,,,,,,2.22431,8.33984,,,2.00015,,A,0
2025-12-14 14:59:44.268000+00:00,,,,,,,,,,,,,,,,,,,,,,,,,,,,18054.0,,,,,,,,24883.0,,,,A,0
2025-12-14 14:59:44.270000+00:00,2.20359,,,,,,,,,,,,,,,0.00194,,,,,,,,,1.58214,,6.52995,,,,,,,2.20359,8.99993,,,2.00014,,A,0
2025-12-14 14:59:44.569000+00:00,2.09983,,,,,,,,,,,,,,,0.00049,,,,,,,,,1.47066,,6.96976,19270.0,,1.49739,,,,2.09983,9.61986,26597.0,,2.00015,,A,0
2025-12-14 14:59:44.871000+00:00,2.4385,,,,,,,,,,,,,,,6e-05,,,,,,,,,1.97148,,7.43996,20570.0,,1.50102,0.0,,,2.4385,10.0,27648.0,,0.0,0.0,A,0
2025-12-14 14:59:45.169000+00:00,,,,,,,,,,,,,,,,,,,,,,,,,,,,21814.0,,,,,,,,,,,,A,0
2025-12-14 14:59:45.171000+00:00,0.30481,,,,,,,,,,,,,,,1e-05,,,,,,,,,1.55892,,7.8899,,,,,1.0,,0.30481,,,,,,A,0
2025-12-14 14:59:45.467000+00:00,,,,,,,,,,,,,,,,,,,,,,,,,,,,23113.0,,,,,,,,,,,,A,0
2025-12-14 14:59:45.470000+00:00,0.0762,,,,,,,,,,,,,,,0.0,,,,,,,,,1.46485,,8.35974,,,1.80121,,,,0.0762,,,,,,A,0
2025-12-14 14:59:45.770000+00:00,0.00953,,,,,,,,,,,,,,,0.0,,,,,,,,,1.53311,0.0,8.79991,24330.0,,2.90075,,,,0.00953,,,,,,A,0
2025-12-14 14:59:46.068000+00:00,,,,,,,,,,,,,,,,,,,,,,,,,,,,24993.0,,,,,,,,,,,,A,0
2025-12-14 14:59:46.071000+00:00,0.00119,,,,,,,,,,,,,,,0.0,,,,,,,,,1.37888,,9.03971,,,0.9006,,,,0.00119,,,,,,A,0
2025-12-14 14:59:46.368000+00:00,,,,,,,,,,,,,,,,,,,,5.0,,,,,,,,,5.0,,,,,,,,5.0,,,A,0
2025-12-14 14:59:46.370000+00:00,0.0003,,,,,,,,,,,,1.0,,0.0,0.0,,,,,,1.0,,,0.34472,,,,,0.0,,0.0,1.0,0.0003,,,,,,A,0
2025-12-14 14:59:46.669000+00:00,,,,,,,,,,,,,,,,,,,20901.0,,,,,,,,,23915.0,,,,,,,,26376.0,,,,A,0
2025-12-14 14:59:46.672000+00:00,-0.0506,,,,,,,,,,,,,,,-0.49913,,7.55968,,,-2.70183,,,,-0.25711,,8.64981,,,-1.49739,1000.0,,,-0.0506,9.53993,,,-2.10142,,A,0
2025-12-14 14:59:46.968000+00:00,,,,,,,,,,,,,,,,,,,18690.0,,,,,,,,,22699.0,,,,,,,,24662.0,,,,A,0
2025-12-14 14:59:46.970000+00:00,-2.91928,,,,,,,,,,,,,,,-3.84973,,6.75998,,,-5.29875,,,,-2.11999,,8.21,,,-2.90075,,,,-2.91928,8.91999,,,-4.10156,,A,0
2025-12-14 14:59:47.271000+00:00,-2.25435,,,,,,,,,,,,,,,-2.93726,,6.22975,17224.0,,-2.70182,,,,-1.65485,,7.90979,21869.0,,-1.50101,,,,-2.25435,8.50984,23528.0,,-2.10141,,A,0
2025-12-14 14:59:47.569000+00:00,,,,,,,,,,,,,,,,,,,14874.0,,,,,,,,,20570.0,,,,,,,,21703.0,,,,A,0
2025-12-14 14:59:47.571000+00:00,-2.0699,,,,,,,,,,,,,,,-2.70413,,5.37977,,,-3.20096,,,,-1.49493,,7.43996,,,-1.7976,,,,-2.0699,7.84975,,,-2.49928,,A,0
2025-12-14 14:59:47.868000+00:00,,,,,,,,,,,,,,,,,,,13105.0,,,,,,,,,19353.0,,,,,,,,20017.0,,,,A,0
2025-12-14 14:59:47.871000+00:00,-2.14237,,,,,,,,,,,,0.0,,,-2.77655,,4.73994,,,-2.6982,,,,-1.57364,,6.99978,,,-1.39974,,,,-2.14237,7.23994,,,-2.0978,,A,0
2025-12-14 14:59:48.167000+00:00,,,,,,,,,,,,,,,,,,,,,,,,,,,,18054.0,,,,,,,,18192.0,,,,A,0
2025-12-14 14:59:48.172000+00:00,-3.33041,,,,,,,,,,,,,,1.0,-0.95923,,,,,0.0,,,,-2.39623,,6.52995,,,-1.39974,,,,-3.33041,6.57986,,,-2.00014,,A,0
2025-12-14 14:59:48.469000+00:00,,,,,,,,,,,,,,,,,,,,,,,,,,,,16809.0,,,,,,,,16478.0,,,,A,0
2025-12-14 14:59:48.471000+00:00,-2.19174,,,,,,,,,,,,,,,-0.1199,,,,,,,,,-1.60026,,6.07964,,,-1.50101,,,,-2.19174,5.95992,,,-2.0978,,A,0
2025-12-14 14:59:48.769000+00:00,,,,,,,,,,,,,,,,,,,,,,,,,,,,15593.0,,,,,,,,14791.0,,,,A,0
2025-12-14 14:59:48.771000+00:00,-2.07246,,,,,,,,,,,,,,,-0.02998,,,,,,,,,-1.52402,,5.63983,,,-1.39974,,,,-2.07246,5.34975,,,-2.10142,,A,0
2025-12-14 14:59:49.070000+00:00,-2.27141,,,,,,,,,,,,,,,-0.00375,,,,,,0.0,,,-1.64133,,5.16999,14294.0,,-1.4974,,,0.0,-2.27141,4.80975,13298.0,,,,A,0
2025-12-14 14:59:49.368000+00:00,,,,,,,,,,,,,,,,,,,,,,,,,,,,13713.0,,,,,,,,,,,,A,0
2025-12-14 14:59:49.372000+00:00,-0.74644,,,,,,,,,,,,,,,-0.00047,,,,,,,,,-1.41773,,4.95985,,,0.0,,1.0,,-0.74644,,,,0.0,,A,0
2025-12-14 14:59:49.669000+00:00,,,,,,,,,,,,,,,,,,,,0.0,,,,,,,,,0.0,,,,,,,,0.0,,,A,0
2025-12-14 14:59:49.671000+00:00,-0.18661,,,,,,,,,,,,1.0,,0.0,-0.00012,,,,,,1.0,,,-0.35443,,,,,,,0.0,1.0,-0.18661,,,,,,A,0
2025-12-14 14:59:49.968000+00:00,,,,,,,,,,,,,,,,,,,11197.0,,,,,,,,,12635.0,,,,,,,,11971.0,,,,A,0
2025-12-14 14:59:49.970000+00:00,-0.17343,,,,,,,,,,,,,,,-0.50096,,4.04984,,,-3.20095,,,,-0.34451,,4.56995,,,-1.80121,,,,-0.17343,4.32979,,,-2.398,,A,0
2025-12-14 14:59:50.270000+00:00,-1.84686,,,,,,,,,,,,,,,-2.43757,,3.24978,8985.0,,-5.40003,,,,-1.34243,,4.12977,11418.0,,-3.00203,,,,-1.84686,3.70985,10257.0,,-4.19922,,A,0
2025-12-14 14:59:50.570000+00:00,-2.51159,,,,,,,,,,,,,,,-3.25967,,2.39981,6635.0,,-2.69821,,,,-1.83662,,3.65994,10119.0,,-1.4974,,,,-2.51159,3.0599,8460.0,,-2.10142,,A,0
2025-12-14 14:59:50.869000+00:00,,,,,,,,,,,,,,,,,,,5170.0,,,,,,,,,9289.0,,,,,,,,7326.0,,,,A,0
2025-12-14 14:59:50.872000+00:00,-2.22684,,,,,,,,,,,,,,,-2.84525,,1.86994,,,-2.69821,,,,-1.59224,,3.35974,,,-1.50101,,,,-2.22684,2.64974,,,-2.00015,,A,0
2025-12-14 14:59:51.168000+00:00,,,,,,,,,,,,,,,,,,,2958.0,,,,,,,,,8073.0,,,,,,,,5612.0,,,,A,0
2025-12-14 14:59:51.170000+00:00,-2.0529,,,,,,,,,,,,,,,-2.69398,,1.06988,,,,,,,-1.46268,,2.91992,,,-1.4974,,,,-2.0529,2.0298,,,-2.10142,,A,0
2025-12-14 14:59:51.469000+00:00,,,,,,,,,,,,,,,,,,,608.0,,,,,,,,,6773.0,,,,,,,,3787.0,,,,A,0
2025-12-14 14:59:51.473000+00:00,-2.28822,,,,,,,,,,,,0.0,,,-2.94852,,0.21991,,,-5.29876,,,,-1.64063,,2.44973,,,-2.90075,,,,-2.28822,1.36972,,,-4.10156,,A,0
2025-12-14 14:59:51.768000+00:00,,,,,,,,,,,,,,,,,,,0.0,,,,,,,,,5529.0,,,,,,,,2101.0,,,,A,0
2025-12-14 14:59:51.770000+00:00,-2.34766,,,,,,,,,,,,,0.0,,-1.58068,,0.0,,,0.0,,,,-1.69253,,1.99978,,,-1.50101,,,,-2.34766,0.75991,,,-2.00014,,A,0
2025-12-14 14:59:52.071000+00:00,-2.31847,,,,,,,,,,,,,,1.0,-0.19758,,,,,,,,,-1.62442,,1.52995,4230.0,,-1.69994,,,0.0,-2.31847,0.09983,276.0,,-2.49928,,A,0
2025-12-14 14:59:52.368000+00:00,,,,,,,,,,,,,,,,,,,,,,,,,,,,3013.0,,,,,,,,55.0,,,,A,0
2025-12-14 14:59:52.372000+00:00,-1.47932,,,,,,,,,,,,,,,-0.0494,,,,,,,,,-1.53096,,1.08977,,,-1.50101,,,,-1.47932,0.01989,,,0.0,,A,0
2025-12-14 14:59:52.668000+00:00,,,,,,,,,,,,,,,,,,,,,,,,,,,,1769.0,,,,,,,,,,,,A,0
2025-12-14 14:59:52.670000+00:00,-0.18492,,,,,,,,,,,,,,,-0.00617,,,,,,,,,-2.22814,,0.63983,,,-1.50101,,1.0,,-0.18492,,,,,,A,0
2025-12-14 14:59:52.968000+00:00,,,,,,,,,,,,,,,,,,,,,,,,,,,,470.0,,,,,,,,,,,,A,0
2025-12-14 14:59:52.970000+00:00,-0.02311,,,,,,,,,,,,,,,-0.00077,,,,,,0.0,,,-1.69137,,0.16999,,,-1.69994,,,,-0.02311,,,,,,A,0
2025-12-14 14:59:53.270000+00:00,-0.00578,,,,,,,,,,,,,,,-0.00019,,,,,,,0.0,,-1.5477,,0.0,0.0,,-0.19893,,,,-0.00578,,,,,,A,0
2025-12-14 14:59:53.571000+00:00,-0.00072,,,,,,,,,,,,,,0.0,-2e-05,1.0,,,8.0,,,,,-0.21833,1.0,,,9.0,0.0,,0.0,,-0.00072,,,10.0,,1.0,A,0
2025-12-14 14:59:53.869000+00:00,,,,,,,,,,,,,,,,,,,1935.0,,,,,,,,,1022.0,,,,,,,,1382.0,,,,A,0
2025-12-14 14:59:53.871000+00:00,0.34885,,,,,,,,,,,,,1000.0,,0.79933,,0.69987,,,2.79948,,1000.0,,0.29445,,0.36965,,,1.59867,,,,0.34885,0.49986,,,2.00014,,A,0
2025-12-14 14:59:54.171000+00:00,1.81905,,,,,,,,,,,,,,,2.44909,,1.54984,4285.0,,2.60055,,,,1.33708,,0.84997,2350.0,,1.50101,,,,1.81905,1.15994,3207.0,,2.0978,,A,0
2025-12-14 14:59:54.470000+00:00,2.1154,,,,,,,,,,,,,,,2.78055,,2.07972,5750.0,,2.60055,,,,1.55376,,1.13968,3151.0,,1.39974,,,,2.1154,1.56973,4340.0,,,,A,0
2025-12-14 14:59:54.769000+00:00,,,,,,,,,,,,,,,,,,,7962.0,,,,,,,,,4396.0,,,,,,,,6027.0,,,,A,0
2025-12-14 14:59:54.771000+00:00,2.05337,,,,,,,,,,,,,,,2.69619,,2.87977,,,2.69821,,,,1.48888,,1.58999,,,1.50101,,,,2.05337,2.1799,,,2.10142,,A,0
2025-12-14 14:59:55.068000+00:00,,,,,,,,,,,,,,,,,,,10174.0,,,,,,,,,5612.0,,,,,,,,7741.0,,,,A,0
2025-12-14 14:59:55.072000+00:00,2.54391,,,,,,,,,,,,,,,3.29836,,3.67983,,,2.70182,,,,1.84762,,2.0298,,,,,,,2.54391,2.79984,,,2.10142,,A,0
2025-12-14 14:59:55.367000+00:00,,,,,,,,,,,,,,,,,,,12524.0,,,,,,,,,6912.0,,,,,,,,9566.0,,,,A,0
2025-12-14 14:59:55.371000+00:00,2.13141,,,,,,,,,,,,,,,2.72485,,4.5298,,,3.20096,,,,1.54253,,2.5,,,1.70356,,,,2.13141,3.45992,,,2.49928,,A,0
2025-12-14 14:59:55.668000+00:00,,,,,,,,,,,,,,,,,,,14736.0,,,,,,,,,8156.0,,,,,,,,11252.0,,,,A,0
2025-12-14 14:59:55.670000+00:00,2.15774,,,,,,,,,,,,,,,2.83236,,5.32986,,,2.59693,,,,1.56022,,2.94994,,,1.50101,,,,2.15774,4.06973,,,2.0978,,A,0
2025-12-14 14:59:55.968000+00:00,,,,,,,,,,,,,,,,,,,16948.0,,,,,,,,,9372.0,,,,,,,,12966.0,,,,A,0
2025-12-14 14:59:55.972000+00:00,2.08269,,,,,,,,,,,,,,,2.65439,,6.12992,,,5.40003,,,,1.45778,,3.38976,,,2.99841,,,,2.08269,4.68967,,,4.09795,,A,0
2025-12-14 14:59:56.269000+00:00,,,,,,,,,,,,,,,,,,,19298.0,,,,,,,,,10672.0,,,,,,,,14791.0,,,,A,0
2025-12-14 14:59:56.271000+00:00,2.42369,,,,,,,,,,,,,,,3.13083,,6.97989,,,2.70182,,,,1.75783,,3.85995,,,1.39974,,,,2.42369,5.34975,,,2.0978,,A,0
2025-12-14 14:59:56.571000+00:00,2.13045,,,,,,,,,,,,,,,2.75844,0.0,7.76982,21482.0,,2.69821,,,,1.53809,,4.3099,11916.0,,1.50101,,,,2.13045,5.95992,16478.0,,2.10142,,A,0
2025-12-14 14:59:56.870000+00:00,2.07792,,,,,,,,,,,,,,,2.68132,,8.19987,22671.0,,1.60229,,,,1.45501,,4.77973,13215.0,,,,,,2.07792,6.61965,18302.0,,2.00014,,A,0
2025-12-14 14:59:57.169000+00:00,,,,,,,,,,,,,,,,,,,,,,,,,,,,14515.0,,,,,,,,20127.0,,,,A,0
2025-12-14 14:59:57.171000+00:00,3.18536,,,,,,,,,,,,,,1.0,0.53545,,,,,0.0,,,,2.31991,,5.24993,,,1.69994,,,,3.18536,7.27973,,,2.49928,,A,0
2025-12-14 14:59:57.470000+00:00,2.42123,,,,,,,,,,,,,,,0.13386,,,,,,,,,1.75366,,5.69987,15759.0,,1.50101,,,,2.42123,7.8899,21814.0,,2.10142,,A,0
2025-12-14 14:59:57.771000+00:00,,,,,,,,,,,,,,,,,,,,,,,,,,,,17058.0,,,,,,,,23639.0,,,,A,0
2025-12-14 14:59:57.773000+00:00,2.11427,,,,,,,,,,,,,,,0.01673,,,,,,,,,1.48196,,6.1697,,,,,,,2.11427,8.54998,,,2.00014,,A,0
2025-12-14 14:59:58.069000+00:00,,,,,,,,,,,,,,,,,,,,,,,,,,,,18275.0,,,,,,,,25353.0,,,,A,0
2025-12-14 14:59:58.071000+00:00,2.18893,,,,,,,,,,,,,,,0.00209,,,,,,,,,1.57278,,6.60988,,,1.39974,,,,2.18893,9.16992,,,,,A,0
2025-12-14 14:59:58.370000+00:00,3.09805,,,,,,,,,,,,,,,0.00052,,,,,,,,,2.24414,,6.90972,19104.0,,1.4974,,,,3.09805,9.57972,26486.0,,2.09781,,A,0
2025-12-14 14:59:58.668000+00:00,,,,,,,,,,,,,,,,,,,,,,,,,,,,20321.0,,,,,,,,27648.0,,,,A,0
2025-12-14 14:59:58.670000+00:00,2.20023,,,,,,,,,,,,,,,7e-05,,,,,,,,,1.54281,,7.3499,,,1.50102,0.0,,,2.20023,10.0,,,0.10127,0.0,A,0
2025-12-14 14:59:58.969000+00:00,,,,,,,,,,,,,,,,,,,,,,,,,,,,21565.0,,,,,,,,,,,,A,0
2025-12-14 14:59:58.971000+00:00,0.28769,,,,,,,,,,,,,,,1e-05,,,,,,,,,1.50443,,7.79984,,,,,1.0,,0.28769,,,,0.0,,A,0
2025-12-14 14:59:59.270000+00:00,0.07192,,,,,,,,,,,,,,,0.0,,,,,,,,,1.60133,,8.26968,22864.0,,1.50101,,,,0.07192,,,,,,A,0
2025-12-14 14:59:59.569000+00:00,,,,,,,,,,,,,,,,,,,,,,,,,,,,24164.0,,,,,,,,,,,,A,0
2025-12-14 14:59:59.571000+00:00,0.00899,,,,,,,,,,,,,,,0.0,,,,,,,,,1.91232,0.0,8.73987,,,1.50102,,,,0.00899,,,,,,A,0
2025-12-14 14:59:59.869000+00:00,,,,,,,,,,,,,,,,,,,,,,,,,,,,24744.0,,,,,,,,,,,,A,0
2025-12-14 14:59:59.871000+00:00,0.00112,,,,,,,,,,,,,,,0.0,,,,,,,,,1.10031,,8.94965,,,0.0,,,,0.00112,,,,,,A,0
2025-12-14 15:00:00.169000+00:00,,,,,,,,,,,,,,,,,,,,5.0,,,,,,,,,5.0,,,,,,,,5.0,,,A,0
2025-12-14 15:00:00.171000+00:00,0.00028,,,,,,,,,,,,1.0,,0.0,0.0,,,,,,1.0,,,0.27508,,,,,,,0.0,1.0,0.00028,,,,,,A,0
2025-12-14 15:00:00.468000+00:00,,,,,,,,,,,,,,,,,,,20763.0,,,,,,,,,23666.0,,,,,,,,26376.0,,,,A,0
2025-12-14 15:00:00.470000+00:00,-0.25134,,,,,,,,,,,,,,,-0.80114,,7.50977,,,-5.29876,,,,-0.41411,,8.55975,,,-3.00203,1000.0,,,-0.25134,9.53993,,,-4.09795,,A,0
2025-12-14 15:00:00.770000+00:00,-2.06909,,,,,,,,,,,,,,,-2.73731,,6.65979,18413.0,,-2.60055,,,,-1.52746,,8.08992,22367.0,,-1.50101,,,,-2.06909,8.87985,24551.0,,-2.00014,,A,0
2025-12-14 15:00:01.069000+00:00,,,,,,,,,,,,,,,,,,,16201.0,,,,,,,,,21150.0,,,,,,,,22837.0,,,,A,0
2025-12-14 15:00:01.070000+00:00,-2.14216,,,,,,,,,,,,,,,-2.83367,,5.85974,,,-2.60055,,,,-1.58177,,7.64974,,,-1.39974,,,,-2.14216,8.25991,,,-2.10142,,A,0
2025-12-14 15:00:01.369000+00:00,-2.05497,,,,,,,,,,,,0.0,,,-2.70384,,5.00977,13851.0,,,,,,-1.49664,,7.16978,19823.0,,-1.50101,,,,-2.05497,7.60995,21040.0,,-2.10142,,A,0
2025-12-14 15:00:01.670000+00:00,-2.2381,,,,,,,,,,,,,,,-2.92657,1.0,4.63976,12828.0,,-3.70009,,,,-1.65002,,6.8797,19021.0,,-2.90075,,,,-2.2381,7.1998,19906.0,,-4.10156,,A,0
2025-12-14 15:00:01.970000+00:00,,,,,,,,,,,,,,,,,,,13989.0,,,,,,,,,17722.0,,,,,,,,18081.0,,,,A,0
2025-12-14 15:00:01.972000+00:00,-2.31788,,,,,,,,,,,,,,,-0.32739,0.0,5.05968,,,3.19734,,,,-1.6937,,6.40987,,,-1.69994,,,,-2.31788,6.53971,,,-2.49928,,A,0
2025-12-14 15:00:02.269000+00:00,,,,,,,,,,,,,,,,,,,14294.0,,,,,,,,,16478.0,,,,,,,,16367.0,,,,A,0
2025-12-14 15:00:02.272000+00:00,-2.12667,,,,,,,,,,,,,,,0.63453,,5.16999,,,0.0,,,,-1.54996,,5.95992,,,-1.4974,,,,-2.12667,5.91978,,,-2.10142,,A,0
2025-12-14 15:00:02.568000+00:00,,,,,,,,,,,,,,,,,,,,,,,,,,,,15178.0,,,,,,,,14570.0,,,,A,0
2025-12-14 15:00:02.570000+00:00,-2.05709,,,,,,,,,,,,,,1.0,0.15863,,,,,,,,,-1.51235,,5.48973,,,-1.39974,,,0.0,-2.05709,5.26982,,,-2.0978,,A,0
2025-12-14 15:00:02.870000+00:00,-2.57014,,,,,,,,,,,,,,,0.01983,,,,,,0.0,,,-2.31352,,5.04991,13962.0,,,,,,-2.57014,4.97975,13768.0,,0.0,,A,0
2025-12-14 15:00:03.168000+00:00,,,,,,,,,,,,,,,,,,,,,,,,,,,,13796.0,,,,,,,,,,,,A,0
2025-12-14 15:00:03.170000+00:00,-0.32127,,,,,,,,,,,,,,,0.00248,,,,,,,,,-0.61426,,4.98987,,,0.0,,1.0,,-0.32127,,,,,,A,0
2025-12-14 15:00:03.467000+00:00,,,,,,,,,,,,,,,,,,,13851.0,0.0,,,,,,,,13547.0,0.0,,,,,,,13575.0,0.0,,,A,0
2025-12-14 15:00:03.469000+00:00,-0.08032,,,,,,,,,,,,1.0,,0.0,0.00062,,5.00977,,,,1.0,,,-0.15356,,4.89981,,,,,0.0,1.0,-0.08032,4.90994,,,,,A,0
2025-12-14 15:00:03.770000+00:00,,,,,,,,,,,,,,,,,,,11501.0,,,,,,,,,12220.0,,,,,,,,11750.0,,,,A,0
2025-12-14 15:00:03.771000+00:00,-1.23527,,,,,,,,,,,,,,,-1.7496,,4.15979,,,-3.20096,,,,-0.99485,,4.41985,,,-1.7976,,,,-1.23527,4.24986,,,-2.49928,,A,0
2025-12-14 15:00:04.069000+00:00,-2.49228,,,,,,,,,,,,,,,-3.24378,,3.35974,9289.0,,-2.60055,,,,-1.82475,,3.97967,11003.0,,-1.50101,,,,-2.49228,3.62992,10036.0,,-2.00014,,A,0
2025-12-14 15:00:04.370000+00:00,-2.14759,,,,,,,,,,,,,,,-2.8355,,2.50977,6939.0,,-3.09968,,,,-1.58014,,3.50984,9704.0,,-1.69994,,,,-2.14759,2.97996,8239.0,,-2.49928,,A,0
2025-12-14 15:00:04.671000+00:00,-2.1316,,,,,,,,,,,,,,,-2.76646,,1.97989,5474.0,,-2.60055,,,,-1.53577,,3.21,8875.0,,-1.4974,,,,-2.1316,2.55968,7077.0,,-2.10142,,A,0
2025-12-14 15:00:04.969000+00:00,,,,,,,,,,,,,,,,,,,3124.0,,,,,,,,,7575.0,,,,,,,,5280.0,,,,A,0
2025-12-14 15:00:04.972000+00:00,-2.05833,,,,,,,,,,,,,,,-2.69266,,1.12992,,,-3.19734,,,,-1.5088,,2.7398,,,-1.69994,,,,-2.05833,1.90972,,,-2.49928,,A,0
2025-12-14 15:00:05.268000+00:00,,,,,,,,,,,,,,,,,,,912.0,,,,,,,,,6359.0,,,,,,,,3566.0,,,,A,0
2025-12-14 15:00:05.270000+00:00,-2.59426,,,,,,,,,,,,,,,-3.36212,,0.32986,,,-2.69821,,,,-1.9003,,2.29999,,,-1.39974,,,,-2.59426,1.28979,,,-2.10142,,A,0
2025-12-14 15:00:05.569000+00:00,,,,,,,,,,,,,,,,,,,0.0,,,,,,,,,5031.0,,,,,,,,1741.0,,,,A,0
2025-12-14 15:00:05.571000+00:00,-2.33663,,,,,,,,,,,,0.0,0.0,,-1.73139,,0.0,,,0.0,,,,-1.68837,,1.81966,,,-1.50101,,,,-2.33663,0.6297,,,,,A,0
2025-12-14 15:00:05.868000+00:00,,,,,,,,,,,,,,,,,,,,,,,,,,,,3815.0,,,,,,,,55.0,,,,A,0
2025-12-14 15:00:05.870000+00:00,-2.10959,,,,,,,,,,,,,,1.0,-0.43285,,,,,,,,,-1.49721,,1.37985,,,-1.4974,,,0.0,-2.10959,0.01989,,,-2.0978,,A,0
2025-12-14 15:00:06.170000+00:00,-1.02596,,,,,,,,,,,,,,,-0.05411,,,,,,,,,-1.50009,,0.93967,2598.0,,-2.90075,,,,-1.02596,,,,0.0,,A,0
2025-12-14 15:00:06.470000+00:00,-0.12824,,,,,,,,,,,,,,,-0.00676,,,,,,,,,-1.67496,,0.45971,1271.0,,-1.80122,,1.0,,-0.12824,,,,,,A,0
2025-12-14 15:00:06.768000+00:00,,,,,,,,,,,,,,,,,,,,,,,,,,,,55.0,,,,,,,,,,,,A,0
2025-12-14 15:00:06.770000+00:00,-0.03206,,,,,,,,,,,,,,,-0.00169,,,,,,0.0,,,-1.56891,,0.01989,,,-1.4974,,,,-0.03206,,,,,,A,0
2025-12-14 15:00:07.070000+00:00,-0.00401,,,,,,,,,,,,,,,-0.00021,,,,,,,0.0,,-0.85801,,0.0,0.0,,0.0,,,,-0.00401,,,,,,A,0
2025-12-14 15:00:07.367000+00:00,,,,,,,,,,,,,,,,,,,304.0,8.0,,,,,,,,110.0,9.0,,,,,,,138.0,10.0,,,A,0
2025-12-14 15:00:07.369000+00:00,-0.0005,,,,,,,,,,,,,1000.0,0.0,-3e-05,1.0,0.10995,,,1.09954,,1000.0,,-0.10725,1.0,0.03979,,,0.39786,,0.0,,-0.0005,0.04991,,,0.3002,1.0,A,0
2025-12-14 15:00:07.669000+00:00,,,,,,,,,,,,,,,,,,,2515.0,,,,,,,,,1354.0,,,,,,,,1824.0,,,,A,0
2025-12-14 15:00:07.671000+00:00,1.075,,,,,,,,,,,,,,,1.62398,,0.90965,,,2.60055,,,,0.82316,,0.48973,,,1.50101,,,,1.075,0.65972,,,2.0978,,A,0
2025-12-14 15:00:07.968000+00:00,,,,,,,,,,,,,,,,,,,4147.0,,,,,,,,,2267.0,,,,,,,,3096.0,,,,A,0
2025-12-14 15:00:07.972000+00:00,2.14627,,,,,,,,,,,,,,,2.8031,,1.49993,,,2.70182,,,,1.56548,,0.81995,,,1.50101,,,,2.14627,1.11979,,,2.10142,,A,0
2025-12-14 15:00:08.269000+00:00,,,,,,,,,,,,,,,,,,,6497.0,,,,,,,,,3566.0,,,,,,,,4893.0,,,,A,0
2025-12-14 15:00:08.272000+00:00,2.28064,,,,,,,,,,,,,,,2.93692,,2.3499,,,3.19734,,,,1.63205,,1.28979,,,1.7976,,,,2.28064,1.76975,,,2.49928,,A,0
2025-12-14 15:00:08.568000+00:00,,,,,,,,,,,,,,,,,,,8681.0,,,,,,,,,4783.0,,,,,,,,6607.0,,,,A,0
2025-12-14 15:00:08.570000+00:00,3.12098,,,,,,,,,,,,,,,4.05906,,3.13983,,,2.60055,,,,2.23364,,1.72996,,,1.50101,,,,3.12098,2.38968,,,2.0978,,A,0
2025-12-14 15:00:08.872000+00:00,2.20309,,,,,,,,,,,,,,,2.85792,,3.93989,10893.0,,,,,,1.59169,,2.1799,6027.0,,1.50101,,,,2.20309,3.00998,8322.0,,2.10142,,A,0
2025-12-14 15:00:09.168000+00:00,,,,,,,,,,,,,,,,,,,13243.0,,,,,,,,,7326.0,,,,,,,,10119.0,,,,A,0
2025-12-14 15:00:09.170000+00:00,2.18827,,,,,,,,,,,,,,,2.83165,,4.78986,,,2.69821,,,,1.56208,,2.64974,,,1.50101,,,,2.18827,3.65994,,,2.10142,,A,0
2025-12-14 15:00:09.469000+00:00,,,,,,,,,,,,,,,,,,,15455.0,,,,,,,,,8543.0,,,,,,,,11833.0,,,,A,0
2025-12-14 15:00:09.473000+00:00,2.096,,,,,,,,,,,,,,,2.70715,,5.58992,,,2.60055,,,,1.51537,,3.08992,,,1.39974,,,,2.096,4.27988,,,2.00014,,A,0
2025-12-14 15:00:09.769000+00:00,,,,,,,,,,,,,,,,,,,17667.0,,,,,,,,,9787.0,,,,,,,,13547.0,,,,A,0
2025-12-14 15:00:09.771000+00:00,2.58631,,,,,,,,,,,,,,,3.31375,,6.38997,,,2.70182,,,,1.8645,,3.53986,,,1.50101,,,,2.58631,4.89981,,,2.10142,,A,0
2025-12-14 15:00:10.069000+00:00,,,,,,,,,,,,,,,,,,,20017.0,,,,,,,,,11086.0,,,,,,,,15344.0,,,,A,0
2025-12-14 15:00:10.072000+00:00,2.23527,,,,,,,,,,,,,,,2.85156,,7.23994,,,2.60055,,,,1.59618,,4.00969,,,,,,,2.23527,5.54977,,,2.0978,,A,0
2025-12-14 15:00:10.370000+00:00,,,,,,,,,,,,,,,,,,,22228.0,,,,,,,,,12303.0,,,,,,,,17058.0,,,,A,0
2025-12-14 15:00:10.372000+00:00,2.10956,,,,,,,,,,,,,,,2.68862,0.0,8.03964,,,2.69821,,,,1.5239,,4.44987,,,1.39974,,,,2.10956,6.1697,,,2.00015,,A,0
2025-12-14 15:00:10.670000+00:00,2.03823,,,,,,,,,,,,,,,2.14905,,8.19987,22671.0,,0.0,,,,1.49121,,4.92983,13630.0,,3.29861,,,,2.03823,6.82979,18883.0,,4.6007,,A,0
2025-12-14 15:00:10.971000+00:00,2.65981,,,,,,,,,,,,,,1.0,0.53726,,,,,,,,,1.89733,,5.39967,14929.0,,1.50101,,,,2.65981,7.47975,20680.0,,2.10142,,A,0
2025-12-14 15:00:11.269000+00:00,2.24536,,,,,,,,,,,,,,,0.06716,,,,,,,,,1.6247,,5.68974,15731.0,,1.39974,,,,2.24536,7.8899,21814.0,,2.00015,,A,0
2025-12-14 15:00:11.571000+00:00,2.10584,,,,,,,,,,,,,,,0.00839,,,,,,,,,1.50381,,6.13968,16975.0,,1.4974,,,,2.10584,8.50984,23528.0,,2.00015,,A,0
2025-12-14 15:00:11.868000+00:00,,,,,,,,,,,,,,,,,,,,,,,,,,,,18275.0,,,,,,,,25353.0,,,,A,0
2025-12-14 15:00:11.870000+00:00,2.0772,,,,,,,,,,,,,,,0.0021,,,,,,,,,1.50081,,6.60988,,,3.20096,,,,2.0772,9.16992,,,4.49943,,A,0
2025-12-14 15:00:12.170000+00:00,2.37102,,,,,,,,,,,,,,,0.00026,,,,,,,,,1.71167,,7.0497,19491.0,,1.39974,,,,2.37102,9.77973,27039.0,,2.00014,0.0,A,0
2025-12-14 15:00:12.469000+00:00,,,,,,,,,,,,,,,,,,,,,,,,,,,,20736.0,,,,,,,,27648.0,,,,A,0
2025-12-14 15:00:12.473000+00:00,1.12239,,,,,,,,,,,,,,,3e-05,,,,,,,,,1.51469,,7.5,,,1.50101,0.0,,,1.12239,10.0,,,0.0,,A,0
2025-12-14 15:00:12.768000+00:00,,,,,,,,,,,,,,,,,,,,,,,,,,,,22035.0,,,,,,,,,,,,A,0
2025-12-14 15:00:12.771000+00:00,0.2806,,,,,,,,,,,,,,,1e-05,,,,,,,,,1.60389,,7.96983,,,1.4974,,1.0,,0.2806,,,,,,A,0
2025-12-14 15:00:13.067000+00:00,,,,,,,,,,,,,,,,,,,,,,,,,,,,23334.0,,,,,,,,,,,,A,0
2025-12-14 15:00:13.071000+00:00,0.03507,,,,,,,,,,,,,,,0.0,,,,,,,,,2.26212,,8.43967,,,1.69993,,,,0.03507,,,,,,A,0
2025-12-14 15:00:13.367000+00:00,,,,,,,,,,,,,,,,,,,,,,,,,,,,24662.0,,,,,,,,,,,,A,0
2025-12-14 15:00:13.369000+00:00,0.00877,,,,,,,,,,,,,,,0.0,,,,,,,,,1.74102,0.0,8.91999,,,1.80121,,,,0.00877,,,,,,A,0
2025-12-14 15:00:13.670000+00:00,0.0011,,,,,,,,,,,,,,,0.0,,,,,,,,,1.11642,,8.97967,24827.0,,0.0,,,,0.0011,,,,,,A,0
2025-12-14 15:00:13.970000+00:00,0.00014,,,,,,,,,,,,1.0,,0.0,0.0,,8.08992,22367.0,5.0,,1.0,,,0.13955,,8.91999,24662.0,5.0,,,0.0,1.0,0.00014,,,5.0,,,A,0
2025-12-14 15:00:14.269000+00:00,,,,,,,,,,,,,,,,,,,20017.0,,,,,,,,,23334.0,,,,,,,,25795.0,,,,A,0
2025-12-14 15:00:14.271000+00:00,-1.30024,,,,,,,,,,,,,,,-2.15025,,7.23994,,,-2.69821,,,,-1.16411,,8.43967,,,-1.50102,1000.0,,,-1.30024,9.32979,,,-2.10141,,A,0
2025-12-14 15:00:14.570000+00:00,-1.97595,,,,,,,,,,,,,,,-2.60711,,6.70971,18551.0,,-2.60055,,,,-1.40826,,8.14996,22533.0,,-1.49739,,,,-1.97595,8.91999,24662.0,,-1.99653,,A,0
2025-12-14 15:00:14.870000+00:00,,,,,,,,,,,,,,,,,,,16201.0,,,,,,,,,21206.0,,,,,,,,22837.0,,,,A,0
2025-12-14 15:00:14.872000+00:00,-2.07263,,,,,,,,,,,,,,,-2.67642,,5.85974,,,-3.09968,,,,-1.48897,,7.66999,,,-1.7976,,,,-2.07263,8.25991,,,-2.39799,,A,0
2025-12-14 15:00:15.169000+00:00,,,,,,,,,,,,,,,,,,,13989.0,,,,,,,,,19989.0,,,,,,,,21123.0,,,,A,0
2025-12-14 15:00:15.173000+00:00,-2.16837,,,,,,,,,,,,0.0,,,-2.79313,,5.05968,,,-2.70182,,,,-1.52332,,7.22982,,,-1.49739,,,,-2.16837,7.63997,,,-2.00015,,A,0
2025-12-14 15:00:15.471000+00:00,,,,,,,,,,,,,,,,,,,12966.0,,,,,,,,,18772.0,,,,,,,,19436.0,,,,A,0
2025-12-14 15:00:15.473000+00:00,-2.59626,,,,,,,,,,,,,,,-2.5125,1.0,4.68967,,,0.0,,,,-1.82796,,6.78964,,,-1.50102,,,,-2.59626,7.0298,,,-2.00014,,A,0
2025-12-14 15:00:15.770000+00:00,-2.34954,,,,,,,,,,,,,,,1.53688,0.0,5.21991,14432.0,,1.09954,,,,-1.69108,,6.30968,17445.0,,,,,,-2.34954,6.36972,17611.0,,-2.00015,,A,0
2025-12-14 15:00:16.069000+00:00,-2.13632,,,,,,,,,,,,,,1.0,0.65911,,,,,0.0,,,,-1.49789,,5.86986,16229.0,,-1.4974,,,,-2.13632,5.74978,15897.0,,,,A,0
2025-12-14 15:00:16.370000+00:00,,,,,,,,,,,,,,,,,,,,,,,,,,,,14929.0,,,,,,,,14072.0,,,,A,0
2025-12-14 15:00:16.372000+00:00,-2.04249,,,,,,,,,,,,,,,0.08239,,,,,,,,,-1.50017,,5.39967,,,-3.20096,,,0.0,-2.04249,5.0897,,,-4.6007,,A,0
2025-12-14 15:00:16.668000+00:00,,,,,,,,,,,,,,,,,,,,,,,,,,,,13934.0,,,,,,,,13851.0,,,,A,0
2025-12-14 15:00:16.670000+00:00,-1.03023,,,,,,,,,,,,,,,0.0103,,,,,,0.0,,,-1.7125,,5.03979,,,-0.6004,,,,-1.03023,5.00977,,,0.0,,A,0
2025-12-14 15:00:16.969000+00:00,,,,,,,,,,,,,,,,,,,,0.0,,,,,,,,,0.0,,,,,,,,0.0,,,A,0
2025-12-14 15:00:16.972000+00:00,-0.25756,,,,,,,,,,,,1.0,,0.0,0.00257,,,,,,1.0,,,-0.57822,,,,,0.0,,,1.0,-0.25756,,,,,,A,0
2025-12-14 15:00:17.268000+00:00,,,,,,,,,,,,,,,,,,,13243.0,,,,,,,,,13298.0,,,,,,,,13105.0,,,,A,0
2025-12-14 15:00:17.270000+00:00,-0.03219,,,,,,,,,,,,,,,0.00032,,4.78986,,,-1.60229,,,,-0.07228,,4.80975,,,-0.90061,,,,-0.03219,4.73994,,,-0.69806,,A,0
2025-12-14 15:00:17.570000+00:00,-2.6421,,,,,,,,,,,,,,,-3.52417,,3.9898,11031.0,,-2.70182,,,,-1.97075,,4.35981,12054.0,,-1.50101,,,,-2.6421,4.11965,11390.0,,-2.10142,,A,0
2025-12-14 15:00:17.871000+00:00,,,,,,,,,,,,,,,,,,,8681.0,,,,,,,,,10755.0,,,,,,,,9566.0,,,,A,0
2025-12-14 15:00:17.874000+00:00,-2.23478,,,,,,,,,,,,,,,-2.85677,,3.13983,,,-3.20096,,,,-1.56781,,3.88997,,,-1.80121,,,,-2.23478,3.45992,,,-2.40162,,A,0
2025-12-14 15:00:18.169000+00:00,,,,,,,,,,,,,,,,,,,7216.0,,,,,,,,,9925.0,,,,,,,,8432.0,,,,A,0
2025-12-14 15:00:18.171000+00:00,-2.10407,,,,,,,,,,,,,,,-2.73204,,2.60995,,,-2.69821,,,,-1.54598,,3.58977,,,-1.50101,,,,-2.10407,3.04977,,,-2.10142,,A,0
2025-12-14 15:00:18.470000+00:00,-2.07462,,,,,,,,,,,,,,,-2.67983,,1.75998,4866.0,,-2.70182,,,,-1.48132,,3.11994,8626.0,,-1.50101,,,,-2.07462,2.38968,6607.0,,-2.0978,,A,0
2025-12-14 15:00:18.770000+00:00,-3.19335,,,,,,,,,,,,,,,-4.12048,,0.95992,2654.0,,-2.69821,,,,-2.2701,,2.67976,7409.0,,-1.50101,,,,-3.19335,1.77988,4921.0,,-2.00014,,A,0
2025-12-14 15:00:19.069000+00:00,-2.17461,,,,,,,,,,,,0.0,,,-2.85338,,0.16999,470.0,,-2.59693,,,,-1.59534,,2.22982,6165.0,,,,,,-2.17461,1.15994,3207.0,,-2.0978,,A,0
2025-12-14 15:00:19.370000+00:00,-2.0848,,,,,,,,,,,,,0.0,,-1.10628,,0.0,0.0,,0.0,,,,-1.48749,,1.78964,4948.0,,-1.50101,,,,-2.0848,0.54977,1520.0,,-2.10142,,A,0
2025-12-14 15:00:19.670000+00:00,-2.07014,,,,,,,,,,,,,,1.0,-0.27657,,,,,,,,,-1.49582,,1.31981,3649.0,,-1.69994,,,0.0,-2.07014,0.00977,27.0,,-2.50289,,A,0
2025-12-14 15:00:19.969000+00:00,,,,,,,,,,,,,,,,,,,,,,,,,,,,2405.0,,,,,,,,,,,,A,0
2025-12-14 15:00:19.972000+00:00,-0.77146,,,,,,,,,,,,,,,-0.03457,,,,,,,,,-1.89867,,0.86986,,,-1.50101,,,,-0.77146,,,,0.0,,A,0
2025-12-14 15:00:20.269000+00:00,,,,,,,,,,,,,,,,,,,,,,,,,,,,1105.0,,,,,,,,,,,,A,0
2025-12-14 15:00:20.273000+00:00,-0.09643,,,,,,,,,,,,,,,-0.00432,,,,,,,,,-1.5254,,0.39967,,,,,1.0,,-0.09643,,,,,,A,0
2025-12-14 15:00:20.568000+00:00,,,,,,,,,,,,,,,,,,,,,,,,,,,,138.0,,,,,,,,,,,,A,0
2025-12-14 15:00:20.570000+00:00,-0.02411,,,,,,,,,,,,,,,-0.00108,,,,,,0.0,,,-1.58035,,0.04991,,,-1.39974,,,,-0.02411,,,,,,A,0
2025-12-14 15:00:20.870000+00:00,-0.00301,,,,,,,,,,,,,,0.0,-0.00014,1.0,,,8.0,,,,,-0.52261,1.0,,,9.0,0.0,,0.0,,-0.00301,,,10.0,,1.0,A,0
2025-12-14 15:00:21.168000+00:00,,,,,,,,,,,,,,,,,,,1188.0,,,,,,,,,774.0,,,,,,,,801.0,,,,A,0
2025-12-14 15:00:21.172000+00:00,-0.00075,,,,,,,,,,,,,1000.0,,-3e-05,,0.42969,,,1.59867,,,,-0.13065,,0.27995,,,0.90061,,,,-0.00075,0.28971,,,0.70168,,A,0
2025-12-14 15:00:21.468000+00:00,,,,,,,,,,,,,,,,,,,3400.0,,,,,,,,,2018.0,,,,,,,,2488.0,,,,A,0
2025-12-14 15:00:21.471000+00:00,1.61214,,,,,,,,,,,,,,,2.22529,,1.22975,,,2.69821,,,,1.19488,,0.72989,,,1.50101,,,,1.61214,0.89988,,,2.10142,,A,0
2025-12-14 15:00:21.768000+00:00,,,,,,,,,,,,,,,,,,,4866.0,,,,,,,,,2820.0,,,,,,,,3621.0,,,,A,0
2025-12-14 15:00:21.772000+00:00,2.01313,,,,,,,,,,,,,,,2.61649,,2.07972,,,2.60055,,,,1.41211,,1.19973,,,1.50101,,,,2.01313,1.55997,,,2.00014,,A,0
2025-12-14 15:00:22.069000+00:00,2.25477,,,,,,,,,,,,,,,2.90293,,2.60995,7216.0,,5.30237,,,,1.62708,,1.49993,4147.0,,3.00202,,,,2.25477,1.96976,5446.0,,4.09795,,A,0
2025-12-14 15:00:22.368000+00:00,,,,,,,,,,,,,,,,,,,9427.0,,,,,,,,,5363.0,,,,,,,,7160.0,,,,A,0
2025-12-14 15:00:22.371000+00:00,2.31952,,,,,,,,,,,,,,,3.05113,,3.40965,,,2.59693,,,,1.67727,,1.93974,,,1.50101,,,,2.31952,2.5897,,,2.0978,,A,0
2025-12-14 15:00:22.671000+00:00,2.20147,,,,,,,,,,,,,,,2.85716,,4.25998,11778.0,,2.60055,,,,1.54746,,2.40994,6663.0,,1.50101,,,,2.20147,3.24978,8985.0,,2.10142,,A,0
2025-12-14 15:00:22.970000+00:00,2.07579,,,,,,,,,,,,,,,2.71353,,5.05968,13989.0,,,,,,1.51082,,2.85988,7907.0,,1.50101,,,,2.07579,3.85995,10672.0,,,,A,0
2025-12-14 15:00:23.269000+00:00,3.2719,,,,,,,,,,,,,,,4.2902,,5.90965,16339.0,,2.59693,,,,2.35221,,3.32972,9206.0,,1.4974,,,,3.2719,4.51968,12496.0,,2.0978,,A,0
2025-12-14 15:00:23.570000+00:00,2.22196,,,,,,,,,,,,,,,2.83662,,6.70971,18551.0,,2.69821,,,,1.55632,,3.76989,10423.0,,1.50101,,,,2.22196,5.13997,14211.0,,2.10142,,A,0
2025-12-14 15:00:23.868000+00:00,,,,,,,,,,,,,,,,,,,20763.0,,,,,,,,,11667.0,,,,,,,,15897.0,,,,A,0
2025-12-14 15:00:23.871000+00:00,2.08092,,,,,,,,,,,,,,,2.68398,,7.50977,,,2.70182,,,,1.51484,,4.21983,,,1.4974,,,,2.08092,5.74978,,,2.0978,,A,0
2025-12-14 15:00:24.169000+00:00,2.27201,,,,,,,,,,,,,,,2.94826,0.0,8.19987,22671.0,,2.60055,,,,1.60175,,4.68967,12966.0,,1.50101,,,,2.27201,6.40987,17722.0,,2.00015,,A,0
2025-12-14 15:00:24.470000+00:00,2.60831,,,,,,,,,,,,,,1.0,0.96848,,,,,0.0,,,,1.83732,,5.12985,14183.0,,,,,,2.60831,7.0298,19436.0,,2.10142,,A,0
2025-12-14 15:00:24.769000+00:00,,,,,,,,,,,,,,,,,,,,,,,,,,,,15510.0,,,,,,,,21233.0,,,,A,0
2025-12-14 15:00:24.770000+00:00,2.1775,,,,,,,,,,,,,,,0.24212,,,,,,,,,1.58509,,5.60981,,,1.7976,,,,2.1775,7.67976,,,2.49928,,A,0
2025-12-14 15:00:25.069000+00:00,,,,,,,,,,,,,,,,,,,,,,,,,,,,16727.0,,,,,,,,22947.0,,,,A,0
2025-12-14 15:00:25.071000+00:00,2.13534,,,,,,,,,,,,,,,0.03027,,,,,,,,,1.49796,,6.04999,,,1.50101,,,,2.13534,8.2997,,,2.00015,,A,0
2025-12-14 15:00:25.368000+00:00,,,,,,,,,,,,,,,,,,,,,,,,,,,,17528.0,,,,,,,,24081.0,,,,A,0
2025-12-14 15:00:25.371000+00:00,2.04146,,,,,,,,,,,,,,,0.00378,,,,,,,,,1.49882,,6.3397,,,1.4974,,,,2.04146,8.70985,,,2.00014,,A,0
2025-12-14 15:00:25.669000+00:00,,,,,,,,,,,,,,,,,,,,,,,,,,,,18855.0,,,,,,,,25906.0,,,,A,0
2025-12-14 15:00:25.671000+00:00,2.66061,,,,,,,,,,,,,,,0.00095,,,,,,,,,1.92545,,6.81966,,,1.49739,,,,2.66061,9.36994,,,2.10141,,A,0
2025-12-14 15:00:25.971000+00:00,2.14419,,,,,,,,,,,,,,,0.00012,,,,,,,,,1.50298,,7.25984,20072.0,,1.50101,,,,2.14419,9.97974,27592.0,,2.00014,0.0,A,0
2025-12-14 15:00:26.268000+00:00,,,,,,,,,,,,,,,,,,,,,,,,,,,,21371.0,,,,,,,,27648.0,,,,A,0
2025-12-14 15:00:26.269000+00:00,0.56868,,,,,,,,,,,,,,,1e-05,,,,,,,,,1.49945,,7.72967,,,1.49739,0.0,,,0.56868,10.0,,,0.0,,A,0
2025-12-14 15:00:26.572000+00:00,0.14217,,,,,,,,,,,,,,,0.0,,,,,,,,,1.55035,,8.17998,22616.0,,3.00202,,1.0,,0.14217,,,,,,A,0
2025-12-14 15:00:26.871000+00:00,0.01777,,,,,,,,,,,,,,,0.0,,,,,,,,,1.64327,,8.61979,23832.0,,1.50102,,,,0.01777,,,,,,A,0
2025-12-14 15:00:27.168000+00:00,,,,,,,,,,,,,,,,,,,,,,,,,,,,24910.0,,,,,,,,,,,,A,0
2025-12-14 15:00:27.171000+00:00,0.00222,,,,,,,,,,,,,,,0.0,,,,,,,,,1.66709,0.0,9.00969,,,1.7976,,,,0.00222,,,,,,A,0
2025-12-14 15:00:27.467000+00:00,,,,,,,,,,,,,,,,,,,,5.0,,,,,,,,,5.0,,,,,,,,5.0,,,A,0
2025-12-14 15:00:27.471000+00:00,0.00056,,,,,,,,,,,,1.0,,0.0,0.0,,,,,,1.0,,,0.56687,,,,,0.0,,0.0,1.0,0.00056,,,,,,A,0
2025-12-14 15:00:27.770000+00:00,,,,,,,,,,,,,,,,,,,21482.0,,,,,,,,,24247.0,,,,,,,,26929.0,,,,A,0
2025-12-14 15:00:27.774000+00:00,-0.05057,,,,,,,,,,,,,,,-0.54977,,7.76982,,,-3.20096,,,,-0.22934,,8.76989,,,-1.7976,1000.0,,,-0.05057,9.73994,,,-2.49928,,A,0
2025-12-14 15:00:28.068000+00:00,,,,,,,,,,,,,,,,,,,19270.0,,,,,,,,,23030.0,,,,,,,,25214.0,,,,A,0
2025-12-14 15:00:28.071000+00:00,-1.84416,,,,,,,,,,,,,,,-2.46808,,6.96976,,,-2.69821,,,,-1.37913,,8.32972,,,-1.50102,,,,-1.84416,9.11965,,,-2.00015,,A,0
2025-12-14 15:00:28.369000+00:00,,,,,,,,,,,,,,,,,,,17086.0,,,,,,,,,21786.0,,,,,,,,23528.0,,,,A,0
2025-12-14 15:00:28.372000+00:00,-1.98466,,,,,,,,,,,,,,,-2.59275,,6.17983,,,,,,,-1.44342,,7.87977,,,-1.50101,,,,-1.98466,8.50984,,,-2.10142,,A,0
2025-12-14 15:00:28.668000+00:00,,,,,,,,,,,,,,,,,,,14736.0,,,,,,,,,20487.0,,,,,,,,21703.0,,,,A,0
2025-12-14 15:00:28.670000+00:00,-2.26043,,,,,,,,,,,,,,,-2.91199,,5.32986,,,,,,,-1.64391,,7.40994,,,-1.39974,,,,-2.26043,7.84975,,,,,A,0
2025-12-14 15:00:28.967000+00:00,,,,,,,,,,,,,,,,,,,12801.0,,,,,,,,,19270.0,,,,,,,,19989.0,,,,A,0
2025-12-14 15:00:28.971000+00:00,-3.13944,,,,,,,,,,,,0.0,,,-4.05373,1.0,4.62999,,,-2.6982,,,,-2.26012,,6.96976,,,-1.50101,,,,-3.13944,7.22982,,,-2.00014,,A,0
2025-12-14 15:00:29.268000+00:00,,,,,,,,,,,,,,,,,,,13243.0,,,,,,,,,18358.0,,,,,,,,18745.0,,,,A,0
2025-12-14 15:00:29.270000+00:00,-2.16787,,,,,,,,,,,,,,,-1.24366,0.0,5.05968,,,1.59867,,,,-1.57058,,6.4898,,,-1.7976,,,,-2.16787,6.57986,,,-2.49928,,A,0
2025-12-14 15:00:29.570000+00:00,-2.13414,,,,,,,,,,,,,,,1.27051,,5.16999,14294.0,,0.0,,,,-1.54678,,6.19973,17141.0,,-1.39974,,,,-2.13414,6.15994,17031.0,,-2.0978,,A,0
2025-12-14 15:00:29.871000+00:00,-2.05806,,,,,,,,,,,,,,1.0,0.31763,,,,,,,,,-1.48533,,5.71976,15814.0,,-1.50101,,,,-2.05806,5.50998,15234.0,,-2.10142,,A,0
2025-12-14 15:00:30.168000+00:00,,,,,,,,,,,,,,,,,,,,,,,,,,,,14598.0,,,,,,,,13741.0,,,,A,0
2025-12-14 15:00:30.172000+00:00,-2.64486,,,,,,,,,,,,,,,0.0397,,,,,,0.0,,,-1.92404,,5.27995,,,-1.4974,,,0.0,-2.64486,4.96998,,,-1.29847,,A,0
2025-12-14 15:00:30.468000+00:00,,,,,,,,,,,,,,,,,,,,,,,,,,,,13934.0,,,,,,,,,,,,A,0
2025-12-14 15:00:30.472000+00:00,-0.49292,,,,,,,,,,,,,,,0.00496,,,,,,,,,-1.25324,,5.03979,,,0.0,,1.0,,-0.49292,,,,0.0,,A,0
2025-12-14 15:00:30.769000+00:00,,,,,,,,,,,,,,,,,,,,0.0,,,,,,,,,0.0,,,,,,,,0.0,,,A,0
2025-12-14 15:00:30.771000+00:00,-0.12323,,,,,,,,,,,,1.0,,0.0,0.00124,,,,,,1.0,,,-0.31331,,,,,,,0.0,1.0,-0.12323,,,,,,A,0
2025-12-14 15:00:31.068000+00:00,,,,,,,,,,,,,,,,,,,12386.0,,,,,,,,,12883.0,,,,,,,,12413.0,,,,A,0
2025-12-14 15:00:31.070000+00:00,-0.1655,,,,,,,,,,,,,,,-0.55142,,4.47989,,,-5.79789,,,,-0.33937,,4.65965,,,-3.20096,,,,-0.1655,4.48966,,,-4.50304,,A,0
2025-12-14 15:00:31.370000+00:00,-2.1325,,,,,,,,,,,,,,,-2.81822,,3.67983,10174.0,,-2.60055,,,,-1.5674,,4.21983,11667.0,,-1.39974,,,,-2.1325,3.87985,10727.0,,-2.00015,,A,0
2025-12-14 15:00:31.669000+00:00,,,,,,,,,,,,,,,,,,,7824.0,,,,,,,,,10340.0,,,,,,,,8902.0,,,,A,0
2025-12-14 15:00:31.673000+00:00,-2.08387,,,,,,,,,,,,,,,-2.7056,,2.82986,,,-2.59693,,,,-1.49229,,3.73987,,,-1.4974,,,,-2.08387,3.21976,,,-2.0978,,A,0
2025-12-14 15:00:31.969000+00:00,,,,,,,,,,,,,,,,,,,5612.0,,,,,,,,,9123.0,,,,,,,,7188.0,,,,A,0
2025-12-14 15:00:31.971000+00:00,-2.17201,,,,,,,,,,,,,,,-2.81397,,2.0298,,,,,,,-1.57452,,3.2997,,,-1.39974,,,,-2.17201,2.59983,,,-2.00014,,A,0
2025-12-14 15:00:32.270000+00:00,-2.09375,,,,,,,,,,,,,,,-4.3014,,1.17983,3262.0,,-5.89916,,,,-2.39634,,2.82986,7824.0,,-3.29861,,,,-3.29659,1.93974,5363.0,,-4.49942,,A,0
2025-12-14 15:00:32.568000+00:00,,,,,,,,,,,,,,,,,,,1797.0,,,,,,,,,6994.0,,,,,,,,4230.0,,,,A,0
2025-12-14 15:00:32.572000+00:00,-2.34957,,,,,,,,,,,,,,,-3.0764,,0.64996,,,-2.59693,,,,-1.69953,,2.52966,,,-1.50101,,,,-2.34957,1.52995,,,-2.0978,,A,0
2025-12-14 15:00:32.869000+00:00,-2.3074,,,,,,,,,,,,0.0,0.0,,-2.9851,,0.0,0.0,,-0.59679,,,,-1.62439,,2.05982,5695.0,,,,,,-2.3074,0.87999,2433.0,,-1.99653,,A,0
2025-12-14 15:00:33.170000+00:00,,,,,,,,,,,,,,,,,,,,,,,,,,,,4451.0,,,,,,,,718.0,,,,A,0
2025-12-14 15:00:33.171000+00:00,-2.12669,,,,,,,,,,,,,,,-0.89547,,,,,0.0,,,,-1.53186,,1.60988,,,-1.4974,,,0.0,-2.12669,0.25969,,,-2.10142,,A,0
2025-12-14 15:00:33.471000+00:00,-2.27819,,,,,,,,,,,,,,1.0,-0.11193,,,,,,,,,-2.35439,,1.13968,3151.0,,-1.50101,,,,-2.27819,0.00977,27.0,,0.0,,A,0
2025-12-14 15:00:33.769000+00:00,,,,,,,,,,,,,,,,,,,,,,,,,,,,1852.0,,,,,,,,,,,,A,0
2025-12-14 15:00:33.773000+00:00,-0.28477,,,,,,,,,,,,,,,-0.01399,,,,,,,,,-1.55614,,0.66985,,,-1.80122,,1.0,,-0.28477,,,,,,A,0
2025-12-14 15:00:34.069000+00:00,,,,,,,,,,,,,,,,,,,,,,,,,,,,608.0,,,,,,,,,,,,A,0
2025-12-14 15:00:34.071000+00:00,-0.07119,,,,,,,,,,,,,,,-0.0035,,,,,,0.0,,,-1.58985,,0.21991,,,-1.50101,,,,-0.07119,,,,,,A,0
2025-12-14 15:00:34.368000+00:00,,,,,,,,,,,,,,,,,,,,,,,,,,,,0.0,,,,,,,,,,,,A,0
2025-12-14 15:00:34.372000+00:00,-0.0089,,,,,,,,,,,,,,,-0.00044,,,,,,,0.0,,-1.46058,,0.0,,,-0.79934,,,,-0.0089,,,,,,A,0
2025-12-14 15:00:34.668000+00:00,,,,,,,,,,,,,,,,,,,,8.0,,,,,,,,,9.0,,,,,,,,10.0,,,A,0
2025-12-14 15:00:34.670000+00:00,-0.00111,,,,,,,,,,,,,,0.0,-5e-05,1.0,,,,,,,,-0.28249,1.0,,,,0.0,,0.0,,-0.00111,,,,,1.0,A,0
2025-12-14 15:00:34.970000+00:00,0.35056,,,,,,,,,,,,,1000.0,,0.79932,,0.69987,1935.0,,2.79948,,1000.0,,0.32904,,0.37977,1050.0,,1.4974,,,,0.35056,0.48973,1354.0,,2.0978,,A,0
2025-12-14 15:00:35.268000+00:00,,,,,,,,,,,,,,,,,,,3566.0,,,,,,,,,1963.0,,,,,,,,2626.0,,,,A,0
2025-12-14 15:00:35.272000+00:00,1.85679,,,,,,,,,,,,,,,2.44909,,1.54984,,,3.20095,,,,1.35406,,0.84997,,,1.80122,,,,1.85679,1.14981,,,2.49928,,A,0
2025-12-14 15:00:35.569000+00:00,2.08909,,,,,,,,,,,,,,,2.71279,,2.07972,5750.0,,2.69821,,,,1.48869,,1.14981,3179.0,,1.4974,,,,2.08909,1.55997,4313.0,,2.10142,,A,0
2025-12-14 15:00:35.869000+00:00,2.64874,,,,,,,,,,,,,,,3.47766,,2.93981,8128.0,,2.69821,,,,1.89869,,1.61965,4478.0,,1.4974,,,,2.64874,2.21969,6137.0,,2.0978,,A,0
2025-12-14 15:00:36.169000+00:00,,,,,,,,,,,,,,,,,,,10478.0,,,,,,,,,5806.0,,,,,,,,7962.0,,,,A,0
2025-12-14 15:00:36.173000+00:00,2.11874,,,,,,,,,,,,,,,2.77122,,3.78979,,,3.20096,,,,1.55027,,2.09997,,,1.80122,,,,2.11874,2.87977,,,2.49928,,A,0
2025-12-14 15:00:36.470000+00:00,,,,,,,,,,,,,,,,,,,12662.0,,,,,,,,,7022.0,,,,,,,,9649.0,,,,A,0
2025-12-14 15:00:36.471000+00:00,2.15458,,,,,,,,,,,,,,,2.79332,,4.57972,,,2.69821,,,,1.53774,,2.53979,,,1.4974,,,,2.15458,3.48994,,,2.10142,,A,0
2025-12-14 15:00:36.769000+00:00,,,,,,,,,,,,,,,,,,,15012.0,,,,,,,,,8322.0,,,,,,,,11473.0,,,,A,0
2025-12-14 15:00:36.771000+00:00,2.08094,,,,,,,,,,,,,,,2.68749,,5.42969,,,5.79789,,,,1.50515,,3.00998,,,3.20096,,,,2.08094,4.14967,,,4.49942,,A,0
2025-12-14 15:00:37.072000+00:00,2.34797,,,,,,,,,,,,,,,3.08523,,6.28979,17390.0,,3.20096,,,,1.71312,,3.48994,9649.0,,1.80121,,,,2.34797,4.80975,13298.0,,2.49928,,A,0
2025-12-14 15:00:37.368000+00:00,,,,,,,,,,,,,,,,,,,19574.0,,,,,,,,,10865.0,,,,,,,,14985.0,,,,A,0
2025-12-14 15:00:37.370000+00:00,2.21188,,,,,,,,,,,,,,,2.87182,,7.07972,,,2.6982,,,,1.57845,,3.92976,,,1.4974,,,,2.21188,5.41992,,,2.10142,,A,0
2025-12-14 15:00:37.671000+00:00,2.0881,,,,,,,,,,,,,,,2.6973,0.0,7.87977,21786.0,,2.60055,,,,1.51024,,4.36994,12082.0,,1.39974,,,,2.0881,6.03986,16699.0,,,,A,0
2025-12-14 15:00:37.968000+00:00,,,,,,,,,,,,,,,,,,,22975.0,,,,,,,,,12994.0,,,,,,,,17943.0,,,,A,0
2025-12-14 15:00:37.971000+00:00,2.04745,,,,,,,,,,,,1.0,,,2.67357,,8.30982,,,4.30049,,,,1.478,,4.6998,,,3.29861,,,,2.04745,6.4898,,,4.49942,,A,0
2025-12-14 15:00:38.268000+00:00,,,,,,,,,,,,,,,,,,,21648.0,,,,,,,,,14294.0,,,,,,,,19768.0,,,,A,0
2025-12-14 15:00:38.270000+00:00,2.34379,,,,,,,,,,,,0.0,,,0.07243,,7.82986,,,-3.20096,,,,1.6722,,5.16999,,,1.80122,,,,2.34379,7.14988,,,2.49928,,A,0
2025-12-14 15:00:38.569000+00:00,2.1299,,,,,,,,,,,,,,,-0.66595,,7.71991,21344.0,,0.0,,,,1.55903,,5.60981,15510.0,,1.39974,,,,2.1299,7.76982,21482.0,,2.10142,,A,0
2025-12-14 15:00:38.868000+00:00,,,,,,,,,,,,,,,,,,,,,,,,,,,,16837.0,,,,,,,,23279.0,,,,A,0
2025-12-14 15:00:38.873000+00:00,2.0579,,,,,,,,,,,,,,1.0,-0.16649,,,,,,,,,1.4902,,6.08977,,,1.7976,,,,2.0579,8.41978,,,2.49928,,A,0
2025-12-14 15:00:39.171000+00:00,3.12046,,,,,,,,,,,,,,,-0.02081,,,,,,,,,2.2366,,6.52995,18054.0,,1.50101,,,,3.12046,9.03971,24993.0,,2.0978,,A,0
2025-12-14 15:00:39.469000+00:00,,,,,,,,,,,,,,,,,,,,,,,,,,,,19270.0,,,,,,,,26707.0,,,,A,0
2025-12-14 15:00:39.471000+00:00,2.17771,,,,,,,,,,,,,,,-0.0026,,,,,,,,,1.59206,,6.96976,,,1.39974,,,,2.17771,9.65965,,,2.09781,,A,0
2025-12-14 15:00:39.768000+00:00,,,,,,,,,,,,,,,,,,,,,,,,,,,,20597.0,,,,,,,,27648.0,,,,A,0
2025-12-14 15:00:39.770000+00:00,2.06895,,,,,,,,,,,,,,,-0.00065,,,,,,,,,1.49846,,7.44973,,,1.50101,0.0,,,2.06895,10.0,,,1.40336,0.0,A,0
2025-12-14 15:00:40.070000+00:00,,,,,,,,,,,,,,,,,,,,,,,,,,,,21814.0,,,,,,,,,,,,A,0
2025-12-14 15:00:40.071000+00:00,0.43404,,,,,,,,,,,,,,,-8e-05,,,,,,,,,1.5242,,7.8899,,,,,1.0,,0.43404,,,,0.0,,A,0
2025-12-14 15:00:40.368000+00:00,,,,,,,,,,,,,,,,,,,,,,,,,,,,23113.0,,,,,,,,,,,,A,0
2025-12-14 15:00:40.370000+00:00,0.10851,,,,,,,,,,,,,,,-2e-05,,,,,,,,,2.40561,,8.35974,,,1.50102,,,,0.10851,,,,,,A,0
2025-12-14 15:00:40.669000+00:00,,,,,,,,,,,,,,,,,,,,,,,,,,,,23943.0,,,,,,,,,,,,A,0
2025-12-14 15:00:40.672000+00:00,0.01356,,,,,,,,,,,,,,,-0.0,,,,,,,,,1.58877,0.0,8.80968,,,1.50101,,,,0.01356,,,,,,A,0
2025-12-14 15:00:40.970000+00:00,0.0017,,,,,,,,,,,,,,,-0.0,,,,,,,,,1.61054,,9.03971,24993.0,,0.6004,,,,0.0017,,,,,,A,0
2025-12-14 15:00:41.270000+00:00,,,,,,,,,,,,,,,,,,,,5.0,,,,,,,,,5.0,,,,,,,,5.0,,,A,0
2025-12-14 15:00:41.272000+00:00,0.00042,,,,,,,,,,,,1.0,,0.0,-0.0,,,,,,1.0,,,0.55274,,,,,0.0,,0.0,1.0,0.00042,,,,,,A,0
2025-12-14 15:00:41.568000+00:00,,,,,,,,,,,,,,,,,,,20183.0,,,,,,,,,24357.0,,,,,,,,26929.0,,,,A,0
2025-12-14 15:00:41.571000+00:00,-0.25132,,,,,,,,,,,,,,,-0.80114,,7.29999,,,-2.59693,,,,-0.38121,,8.80968,,,-1.39974,1000.0,,,-0.25132,9.73994,,,-2.09781,,A,0
2025-12-14 15:00:41.870000+00:00,-1.84439,,,,,,,,,,,,,,,-2.44932,,6.49993,17971.0,,-2.60055,,,,-1.34747,,8.35974,23113.0,,-1.50102,,,,-1.84439,9.11965,25214.0,,-2.10141,,A,0
2025-12-14 15:00:42.170000+00:00,,,,,,,,,,,,,,,,,,,15621.0,,,,,,,,,21814.0,,,,,,,,23417.0,,,,A,0
2025-12-14 15:00:42.172000+00:00,-1.98471,,,,,,,,,,,,,,,-2.61338,,5.64996,,,-3.20096,,,,-1.41199,,7.8899,,,-1.80121,,,,-1.98471,8.46969,,,-2.5029,,A,0
2025-12-14 15:00:42.469000+00:00,,,,,,,,,,,,,,,,,,,13409.0,,,,,,,,,20597.0,,,,,,,,21703.0,,,,A,0
2025-12-14 15:00:42.473000+00:00,-2.10989,,,,,,,,,,,,0.0,,,-2.72694,,4.8499,,,-5.29875,,,,-1.52651,,7.44973,,,-2.90075,,,,-2.10989,7.84975,,,-4.10157,,A,0
2025-12-14 15:00:42.769000+00:00,,,,,,,,,,,,,,,,,,,,,,,,,,,,19270.0,,,,,,,,19878.0,,,,A,0
2025-12-14 15:00:42.771000+00:00,-2.52611,,,,,,,,,,,,,,,-1.40378,,,,,1.60229,,,,-1.82836,,6.96976,,,-1.50101,,,,-2.52611,7.18967,,,-2.10142,,A,0
2025-12-14 15:00:43.070000+00:00,,,,,,,,,,,,,,,,,,,14432.0,,,,,,,,,18054.0,,,,,,,,18192.0,,,,A,0
2025-12-14 15:00:43.071000+00:00,-2.15695,,,,,,,,,,,,,,,1.39873,,5.21991,,,1.00188,,,,-1.53221,,6.52995,,,,,,,-2.15695,6.57986,,,-2.0978,,A,0
2025-12-14 15:00:43.369000+00:00,,,,,,,,,,,,,,,,,,,,,,,,,,,,16754.0,,,,,,,,16367.0,,,,A,0
2025-12-14 15:00:43.373000+00:00,-2.28152,,,,,,,,,,,,,,1.0,0.30008,,,,,0.0,,,,-1.65411,,6.05975,,,-1.39974,,,,-2.28152,5.91978,,,-2.10142,,A,0
2025-12-14 15:00:43.670000+00:00,-3.09688,,,,,,,,,,,,,,,0.03751,,,,,,,,,-2.25619,,5.60981,15510.0,,-2.99841,,,0.0,-3.09688,5.29984,14653.0,,-4.09794,,A,0
2025-12-14 15:00:43.971000+00:00,-2.29965,,,,,,,,,,,,,,,0.00938,,,,,,0.0,,,-1.63917,,5.28971,14625.0,,-1.80121,,,,-2.29965,4.96998,13741.0,,-1.29847,,A,0
2025-12-14 15:00:44.268000+00:00,,,,,,,,,,,,,,,,,,,,,,,,,,,,14045.0,,,,,,,,,,,,A,0
2025-12-14 15:00:44.271000+00:00,-0.44976,,,,,,,,,,,,,,,0.00117,,,,,,,,,-1.1046,,5.07993,,,0.0,,1.0,,-0.44976,,,,0.0,,A,0
2025-12-14 15:00:44.568000+00:00,,,,,,,,,,,,,,,,,,,,0.0,,,,,,,,,0.0,,,,,,,,0.0,,,A,0
2025-12-14 15:00:44.570000+00:00,-0.11244,,,,,,,,,,,,1.0,,0.0,0.00029,,,,,,1.0,,,-0.27615,,,,,,,0.0,1.0,-0.11244,,,,,,A,0
2025-12-14 15:00:44.868000+00:00,,,,,,,,,,,,,,,,,,,12524.0,,,,,,,,,12994.0,,,,,,,,12413.0,,,,A,0
2025-12-14 15:00:44.872000+00:00,-1.36497,,,,,,,,,,,,,,,-2.09957,,4.5298,,,-2.70182,,,,-1.18469,,4.6998,,,-1.50102,,,,-1.36497,4.48966,,,-2.10142,,A,0
2025-12-14 15:00:45.168000+00:00,,,,,,,,,,,,,,,,,,,10174.0,,,,,,,,,11667.0,,,,,,,,10589.0,,,,A,0
2025-12-14 15:00:45.171000+00:00,-2.18297,,,,,,,,,,,,,,,-2.82638,,3.67983,,,-2.6982,,,,-1.60976,,4.21983,,,,,,,-2.18297,3.82993,,,-2.0978,,A,0
2025-12-14 15:00:45.469000+00:00,,,,,,,,,,,,,,,,,,,7962.0,,,,,,,,,10450.0,,,,,,,,8902.0,,,,A,0
2025-12-14 15:00:45.472000+00:00,-2.07027,,,,,,,,,,,,,,,-2.73206,,2.87977,,,-2.59693,,,,-1.47756,,3.77966,,,-1.50101,,,,-2.07027,3.21976,,,-2.10142,,A,0
2025-12-14 15:00:45.769000+00:00,,,,,,,,,,,,,,,,,,,5612.0,,,,,,,,,9151.0,,,,,,,,7077.0,,,,A,0
2025-12-14 15:00:45.771000+00:00,-2.0704,,,,,,,,,,,,,,,-2.64185,,2.0298,,,-3.19734,,,,-1.49627,,3.30982,,,-1.69994,,,,-2.0704,2.55968,,,-2.40162,,A,0
2025-12-14 15:00:46.071000+00:00,-2.63329,,,,,,,,,,,,,,,-3.40459,,1.22975,3400.0,,-2.70182,,,,-1.89873,,2.85988,7907.0,,-1.50101,,,,-2.63329,1.93974,5363.0,,-2.10142,,A,0
2025-12-14 15:00:46.370000+00:00,-2.18375,,,,,,,,,,,,,,,-2.82688,,0.37977,1050.0,,-2.69821,,,,-1.54981,,2.38968,6607.0,,,,,,-2.18375,1.28979,3566.0,,-2.0978,,A,0
2025-12-14 15:00:46.668000+00:00,,,,,,,,,,,,,,,,,,,0.0,,,,,,,,,5391.0,,,,,,,,1852.0,,,,A,0
2025-12-14 15:00:46.671000+00:00,-2.18631,,,,,,,,,,,,0.0,0.0,,-2.79115,,0.0,,,-1.19719,,,,-1.58035,,1.94987,,,-1.39974,,,,-2.18631,0.66985,,,-1.99653,,A,0
2025-12-14 15:00:46.968000+00:00,,,,,,,,,,,,,,,,,,,,,,,,,,,,4478.0,,,,,,,,608.0,,,,A,0
2025-12-14 15:00:46.970000+00:00,-2.29785,,,,,,,,,,,,,,1.0,-0.49854,,,,,0.0,,,,-1.64837,,1.61965,,,-1.80122,,,0.0,-2.29785,0.21991,,,-2.49928,,A,0
2025-12-14 15:00:47.268000+00:00,,,,,,,,,,,,,,,,,,,,,,,,,,,,3262.0,,,,,,,,27.0,,,,A,0
2025-12-14 15:00:47.270000+00:00,-1.59985,,,,,,,,,,,,,,,-0.12464,,,,,,,,,-1.86157,,1.17983,,,-1.50101,,,,-1.59985,0.00977,,,0.0,,A,0
2025-12-14 15:00:47.570000+00:00,-0.19998,,,,,,,,,,,,,,,-0.01558,,,,,,,,,-1.54427,,0.73966,2045.0,,-1.40336,,1.0,,-0.19998,,,,,,A,0
2025-12-14 15:00:47.871000+00:00,-0.025,,,,,,,,,,,,,,,-0.00195,,,,,,0.0,,,-1.56836,,0.25969,718.0,,-1.50101,,,,-0.025,,,,,,A,0
2025-12-14 15:00:48.167000+00:00,,,,,,,,,,,,,,,,,,,,,,,,,,,,82.0,,,,,,,,,,,,A,0
2025-12-14 15:00:48.173000+00:00,-0.00625,,,,,,,,,,,,,,,-0.00049,,,,,,,,,-1.51604,,0.02966,,,-0.80295,,,,-0.00625,,,,,,A,0
2025-12-14 15:00:48.469000+00:00,,,,,,,,,,,,,,,,,,,,8.0,,,,,,,,,9.0,,,,,,,,10.0,,,A,0
2025-12-14 15:00:48.471000+00:00,-0.00078,,,,,,,,,,,,,,0.0,-6e-05,1.0,,,,,,,,-0.28987,1.0,,,,0.0,,0.0,,-0.00078,,,,,1.0,A,0
2025-12-14 15:00:48.768000+00:00,,,,,,,,,,,,,,,,,,,1935.0,,,,,,,,,1133.0,,,,,,,,1382.0,,,,A,0
2025-12-14 15:00:48.770000+00:00,0.20054,,,,,,,,,,,,,1000.0,,0.54975,,0.69987,,,3.19734,,,,0.22773,,0.4098,,,1.69994,,,,0.20054,0.49986,,,2.398,,A,0
2025-12-14 15:00:49.071000+00:00,1.85024,,,,,,,,,,,,,,,2.49295,,1.49993,4147.0,,2.60055,,,,1.36672,,0.84997,2350.0,,1.50101,,,,1.85024,1.10966,3068.0,,2.0978,,A,0
2025-12-14 15:00:49.371000+00:00,3.04432,,,,,,,,,,,,,,,3.96152,,2.29999,6359.0,,2.70182,,,,2.20761,,1.29991,3594.0,,,,,,3.04432,1.72996,4783.0,,2.10142,,A,0
2025-12-14 15:00:49.671000+00:00,,,,,,,,,,,,,,,,,,,8709.0,,,,,,,,,4893.0,,,,,,,,6607.0,,,,A,0
2025-12-14 15:00:49.673000+00:00,2.48544,,,,,,,,,,,,,,,3.21568,,3.14996,,,2.69821,,,,1.77713,,1.76975,,,1.4974,,,,2.48544,2.38968,,,,,A,0
2025-12-14 15:00:49.970000+00:00,2.09788,,,,,,,,,,,,,,,2.71316,,3.72975,10312.0,,3.20096,,,,1.53507,,2.09997,5806.0,,1.80122,,,,2.09788,2.83999,7852.0,,2.50289,,A,0
2025-12-14 15:00:50.268000+00:00,,,,,,,,,,,,,,,,,,,12524.0,,,,,,,,,7022.0,,,,,,,,9538.0,,,,A,0
2025-12-14 15:00:50.272000+00:00,2.12494,,,,,,,,,,,,,,,2.71499,,4.5298,,,2.69821,,,,1.51567,,2.53979,,,1.50101,,,,2.12494,3.4498,,,2.00014,,A,0
2025-12-14 15:00:50.568000+00:00,,,,,,,,,,,,,,,,,,,14736.0,,,,,,,,,8239.0,,,,,,,,11252.0,,,,A,0
2025-12-14 15:00:50.571000+00:00,3.08205,,,,,,,,,,,,,,,4.00268,,5.32986,,,2.70183,,,,2.20455,,2.97996,,,,,,,3.08205,4.06973,,,2.0978,,A,0
2025-12-14 15:00:50.869000+00:00,,,,,,,,,,,,,,,,,,,17086.0,,,,,,,,,9566.0,,,,,,,,13077.0,,,,A,0
2025-12-14 15:00:50.873000+00:00,2.37184,,,,,,,,,,,,,,,3.08687,,6.17983,,,2.70182,,,,1.73815,,3.45992,,,,,,,2.37184,4.72982,,,2.10142,,A,0
2025-12-14 15:00:51.168000+00:00,,,,,,,,,,,,,,,,,,,19270.0,,,,,,,,,10782.0,,,,,,,,14764.0,,,,A,0
2025-12-14 15:00:51.172000+00:00,2.1099,,,,,,,,,,,,,,,2.72283,,6.96976,,,2.69821,,,,1.50534,,3.89974,,,1.50101,,,,2.1099,5.33999,,,,,A,0
2025-12-14 15:00:51.468000+00:00,,,,,,,,,,,,,,,,,,,21648.0,,,,,,,,,12082.0,,,,,,,,16588.0,,,,A,0
2025-12-14 15:00:51.471000+00:00,2.07641,,,,,,,,,,,,,,,2.68176,0.0,7.82986,,,,,,,1.50119,,4.36994,,,1.39974,,,,2.07641,5.99971,,,2.00015,,A,0
2025-12-14 15:00:51.770000+00:00,2.65982,,,,,,,,,,,,,,,2.9222,,8.24978,22809.0,,0.0,,,,1.93777,,4.81988,13326.0,,1.50102,,,,2.65982,6.61965,18302.0,,2.0978,,A,0
2025-12-14 15:00:52.068000+00:00,,,,,,,,,,,,,,,,,,,,,,,,,,,,14625.0,,,,,,,,20100.0,,,,A,0
2025-12-14 15:00:52.071000+00:00,2.18948,,,,,,,,,,,,,,1.0,0.73055,,,,,,,,,1.55957,,5.28971,,,1.80121,,,,2.18948,7.26997,,,2.50289,,A,0
2025-12-14 15:00:52.370000+00:00,2.13548,,,,,,,,,,,,,,,0.09132,,,,,,,,,1.54495,,5.72989,15842.0,,1.39974,,,,2.13548,7.8899,21814.0,,2.00014,,A,0
2025-12-14 15:00:52.671000+00:00,2.09121,,,,,,,,,,,,,,,0.01141,,,,,,,,,1.49385,,6.20985,17169.0,,3.29861,,,,2.09121,8.54998,23639.0,,4.50303,,A,0
2025-12-14 15:00:52.969000+00:00,,,,,,,,,,,,,,,,,,,,,,,,,,,,18385.0,,,,,,,,25325.0,,,,A,0
2025-12-14 15:00:52.971000+00:00,2.64864,,,,,,,,,,,,,,,0.00285,,,,,,,,,1.89798,,6.64967,,,1.50101,,,,2.64864,9.15979,,,2.0978,,A,0
2025-12-14 15:00:53.270000+00:00,2.14405,,,,,,,,,,,,,,,0.00036,,,,,,,,,1.54973,,6.96976,19270.0,,1.69994,,,,2.14405,9.61986,26597.0,,2.49928,,A,0
2025-12-14 15:00:53.568000+00:00,,,,,,,,,,,,,,,,,,,,,,,,,,,,20514.0,,,,,,,,27648.0,,,,A,0
2025-12-14 15:00:53.570000+00:00,1.98106,,,,,,,,,,,,,,,4e-05,,,,,,,,,1.53197,,7.4197,,,1.4974,0.0,,,1.98106,10.0,,,0.0,0.0,A,0
2025-12-14 15:00:53.869000+00:00,0.49526,,,,,,,,,,,,,,,1e-05,,,,,,,,,1.60731,,7.8899,21814.0,,3.00203,,1.0,,0.49526,,,,,,A,0
2025-12-14 15:00:54.170000+00:00,0.06191,,,,,,,,,,,,,,,0.0,,,,,,,,,1.70102,,8.32972,23030.0,,1.39975,,,,0.06191,,,,,,A,0
2025-12-14 15:00:54.468000+00:00,,,,,,,,,,,,,,,,,,,,,,,,,,,,24357.0,,,,,,,,,,,,A,0
2025-12-14 15:00:54.470000+00:00,0.00774,,,,,,,,,,,,,,,0.0,,,,,,,,,1.5884,0.0,8.80968,,,1.50101,,,,0.00774,,,,,,A,0
2025-12-14 15:00:54.769000+00:00,,,,,,,,,,,,,,,,,,,,,,,,,,,,24910.0,,,,,,,,,,,,A,0
2025-12-14 15:00:54.772000+00:00,0.00193,,,,,,,,,,,,,,,0.0,,,,,,,,,1.47132,,9.00969,,,0.6004,,,,0.00193,,,,,,A,0
2025-12-14 15:00:55.070000+00:00,,,,,,,,,,,,,,,,,,,,5.0,,,,,,,,,5.0,,,,,,,,5.0,,,A,0
2025-12-14 15:00:55.071000+00:00,0.00024,,,,,,,,,,,,1.0,,0.0,0.0,,,,,,1.0,,,0.25897,,,,,0.0,,0.0,1.0,0.00024,,,,,,A,0
2025-12-14 15:00:55.369000+00:00,-0.05057,,,,,,,,,,,,,,,-0.54977,,7.55968,20901.0,,-3.09968,,,,-0.23546,,8.62992,23860.0,,-1.69994,1000.0,,,-0.05057,9.53993,26376.0,,-2.49928,,A,0
2025-12-14 15:00:55.670000+00:00,-1.86948,,,,,,,,,,,,,,,-2.48074,,6.70971,18551.0,,-2.60055,,,,-1.36678,,8.15972,22560.0,,-1.50101,,,,-1.86948,8.87985,24551.0,,-2.00014,,A,0
2025-12-14 15:00:55.970000+00:00,-2.15923,,,,,,,,,,,,,,,-2.7845,,6.17983,17086.0,,-2.60055,,,,-1.53216,,7.85988,21731.0,,,,,,-2.15923,8.46969,23417.0,,,,A,0
2025-12-14 15:00:56.269000+00:00,-3.08882,,,,,,,,,,,,,,,-3.99564,,5.32986,14736.0,,-3.20096,,,,-2.20867,,7.38968,20431.0,,-1.80121,,,,-3.08882,7.80997,21593.0,,-2.49928,,A,0
2025-12-14 15:00:56.569000+00:00,,,,,,,,,,,,,,,,,,,12966.0,,,,,,,,,19187.0,,,,,,,,19878.0,,,,A,0
2025-12-14 15:00:56.572000+00:00,-2.24926,,,,,,,,,,,,0.0,,,-2.92413,1.0,4.68967,,,-1.00188,,,,-1.62609,,6.93974,,,-1.50101,,,,-2.24926,7.18967,,,-2.10142,,A,0
2025-12-14 15:00:56.870000+00:00,-2.29351,,,,,,,,,,,,,,,0.31039,0.0,5.10995,14128.0,,1.60229,,,,-1.64143,,6.46991,17888.0,,-1.80121,,,,-2.29351,6.53971,18081.0,,-2.49928,,A,0
2025-12-14 15:00:57.170000+00:00,,,,,,,,,,,,,,,,,,,14432.0,,,,,,,,,16671.0,,,,,,,,16367.0,,,,A,0
2025-12-14 15:00:57.172000+00:00,-2.12231,,,,,,,,,,,,,,,1.2775,,5.21991,,,0.0,,,,-1.53521,,6.02973,,,-1.39974,,,,-2.12231,5.91978,,,-2.00014,,A,0
2025-12-14 15:00:57.469000+00:00,,,,,,,,,,,,,,,,,,,,,,,,,,,,15427.0,,,,,,,,14653.0,,,,A,0
2025-12-14 15:00:57.472000+00:00,-2.56518,,,,,,,,,,,,,,1.0,0.15969,,,,,,,,,-1.86698,,5.57979,,,-1.50101,,,0.0,-2.56518,5.29984,,,-2.10142,,A,0
2025-12-14 15:00:57.767000+00:00,,,,,,,,,,,,,,,,,,,,,,,,,,,,14211.0,,,,,,,,13768.0,,,,A,0
2025-12-14 15:00:57.769000+00:00,-2.16672,,,,,,,,,,,,,,,0.03992,,,,,,0.0,,,-1.54187,,5.13997,,,,,,,-2.16672,4.97975,,,-1.20081,,A,0
2025-12-14 15:00:58.069000+00:00,-0.42094,,,,,,,,,,,,,,,0.00499,,,,,,,,,-1.20501,,5.04991,13962.0,,0.0,,1.0,,-0.42094,,,,0.0,,A,0
2025-12-14 15:00:58.369000+00:00,,,,,,,,,,,,,,,,,,,13989.0,0.0,,,,,,,,13713.0,0.0,,,,,,,13547.0,0.0,,,A,0
2025-12-14 15:00:58.371000+00:00,-0.05262,,,,,,,,,,,,1.0,,0.0,0.00062,,5.05968,,,-1.60229,1.0,,,-0.15063,,4.95985,,,-0.90061,,0.0,1.0,-0.05262,4.89981,,,-0.79934,,A,0
2025-12-14 15:00:58.669000+00:00,-1.21306,,,,,,,,,,,,,,,-1.74952,,4.25998,11778.0,,-2.60055,,,,-0.96268,,4.51968,12496.0,,-1.50102,,,,-1.21306,4.28964,11860.0,,-2.10142,,A,0
2025-12-14 15:00:58.970000+00:00,-1.96324,,,,,,,,,,,,,,,-2.51859,,3.72975,10312.0,,-2.70182,,,,-1.43191,,4.21983,11667.0,,,,,,-1.96324,3.87985,10727.0,,-2.00015,,A,0
2025-12-14 15:00:59.271000+00:00,-2.21978,,,,,,,,,,,,,,,-2.87694,,2.87977,7962.0,,,,,,-1.61716,,3.75,10368.0,,-1.4974,,,,-2.21978,3.21976,8902.0,,-2.10142,,A,0
2025-12-14 15:00:59.569000+00:00,,,,,,,,,,,,,,,,,,,5750.0,,,,,,,,,9151.0,,,,,,,,7188.0,,,,A,0
2025-12-14 15:00:59.571000+00:00,-2.1292,,,,,,,,,,,,,,,-2.74379,,2.07972,,,-5.30237,,,,-1.52915,,3.30982,,,-2.90075,,,,-2.1292,2.59983,,,-4.10156,,A,0
2025-12-14 15:00:59.868000+00:00,,,,,,,,,,,,,,,,,,,3400.0,,,,,,,,,7824.0,,,,,,,,5391.0,,,,A,0
2025-12-14 15:00:59.870000+00:00,-2.42815,,,,,,,,,,,,,,,-3.10538,,1.22975,,,-2.70182,,,,-1.75274,,2.82986,,,-1.50101,,,,-2.42815,1.94987,,,-2.00014,,A,0
2025-12-14 15:01:00.170000+00:00,-2.07896,,,,,,,,,,,,,,,-2.72514,,0.42969,1188.0,,-2.69821,,,,-1.50716,,2.38968,6607.0,,,,,,-2.07896,1.32993,3677.0,,,,A,0
2025-12-14 15:01:00.470000+00:00,,,,,,,,,,,,,,,,,,,0.0,,,,,,,,,5308.0,,,,,,,,1852.0,,,,A,0
2025-12-14 15:01:00.474000+00:00,-2.29564,,,,,,,,,,,,0.0,0.0,,-2.95541,,0.0,,,-1.09954,,,,-1.65084,,1.91985,,,-1.39974,,,,-2.29564,0.66985,,,-1.99653,,A,0
2025-12-14 15:01:00.770000+00:00,,,,,,,,,,,,,,,,,,,,,,,,,,,,4008.0,,,,,,,,55.0,,,,A,0
2025-12-14 15:01:00.771000+00:00,-3.11266,,,,,,,,,,,,,,1.0,-0.50687,,,,,0.0,,,,-2.25759,,1.44965,,,-1.69994,,,0.0,-3.11266,0.01989,,,-2.398,,A,0
2025-12-14 15:01:01.068000+00:00,,,,,,,,,,,,,,,,,,,,,,,,,,,,2764.0,,,,,,,,,,,,A,0
2025-12-14 15:01:01.070000+00:00,-0.68883,,,,,,,,,,,,,,,-0.06336,,,,,,,,,-1.61955,,0.99971,,,-1.50101,,,,-0.68883,,,,0.0,,A,0
2025-12-14 15:01:01.369000+00:00,-0.17221,,,,,,,,,,,,,,,-0.01584,,,,,,,,,-1.52884,,0.52988,1465.0,,-1.39974,,1.0,,-0.17221,,,,,,A,0
2025-12-14 15:01:01.670000+00:00,-0.02153,,,,,,,,,,,,,,,-0.00198,,,,,,0.0,,,-1.56688,,0.0897,248.0,,-1.50101,,,,-0.02153,,,,,,A,0
2025-12-14 15:01:01.968000+00:00,,,,,,,,,,,,,,,,,,,,,,,,,,,,0.0,,,,,,,,,,,,A,0
2025-12-14 15:01:01.972000+00:00,-0.00538,,,,,,,,,,,,,,,-0.00049,,,,,,,0.0,,-1.91534,,0.0,,,0.0,,,,-0.00538,,,,,,A,0
2025-12-14 15:01:02.269000+00:00,,,,,,,,,,,,,,,,,,,,8.0,,,,,,,,,9.0,,,,,,,,10.0,,,A,0
2025-12-14 15:01:02.271000+00:00,-0.00067,,,,,,,,,,,,,,0.0,-6e-05,1.0,,,,,,,,-0.23942,1.0,,,,,,0.0,,-0.00067,,,,,1.0,A,0
2025-12-14 15:01:02.571000+00:00,1.1745,,,,,,,,,,,,,1000.0,,1.74876,,0.69987,1935.0,,2.70182,,1000.0,,0.94483,,0.3899,1078.0,,1.50101,,,,1.1745,0.49986,1382.0,,2.10142,,A,0
2025-12-14 15:01:02.869000+00:00,,,,,,,,,,,,,,,,,,,4147.0,,,,,,,,,2294.0,,,,,,,,3068.0,,,,A,0
2025-12-14 15:01:02.871000+00:00,1.81905,,,,,,,,,,,,,,,2.46175,,1.49993,,,2.60055,,,,1.36016,,0.82972,,,1.40336,,,,1.81905,1.10966,,,2.0978,,A,0
2025-12-14 15:01:03.169000+00:00,,,,,,,,,,,,,,,,,,,6497.0,,,,,,,,,3594.0,,,,,,,,4893.0,,,,A,0
2025-12-14 15:01:03.171000+00:00,2.51507,,,,,,,,,,,,,,,3.30748,,2.3499,,,3.20095,,,,1.84555,,1.29991,,,1.69994,,,,2.51507,1.76975,,,2.49928,,A,0
2025-12-14 15:01:03.470000+00:00,,,,,,,,,,,,,,,,,,,8709.0,,,,,,,,,4838.0,,,,,,,,6607.0,,,,A,0
2025-12-14 15:01:03.471000+00:00,2.15222,,,,,,,,,,,,,,,2.8128,,3.14996,,,2.70182,,,,1.56804,,1.74986,,,1.50101,,,,2.15222,2.38968,,,2.0978,,A,0
2025-12-14 15:01:03.771000+00:00,2.06258,,,,,,,,,,,,,,,2.67712,,3.99993,11059.0,,2.70182,,,,1.51777,,2.21969,6137.0,,1.39974,,,,2.06258,3.03964,8404.0,,2.10142,,A,0
2025-12-14 15:01:04.071000+00:00,2.17071,,,,,,,,,,,,,,,2.77288,,4.78986,13243.0,,5.29876,,,,1.56459,,2.65987,7354.0,,2.90075,,,,2.17071,3.65994,10119.0,,4.10156,,A,0
2025-12-14 15:01:04.369000+00:00,,,,,,,,,,,,,,,,,,,15621.0,,,,,,,,,8681.0,,,,,,,,11943.0,,,,A,0
2025-12-14 15:01:04.372000+00:00,2.50929,,,,,,,,,,,,,,,3.28398,,5.64996,,,3.20096,,,,1.83222,,3.13983,,,1.7976,,,,2.50929,4.31966,,,2.40162,,A,0
2025-12-14 15:01:04.670000+00:00,2.15184,,,,,,,,,,,,,,,2.79492,,6.43989,17805.0,,2.70182,,,,1.53318,,3.57964,9897.0,,1.50101,,,,2.15184,4.92983,13630.0,,2.10142,,A,0
2025-12-14 15:01:04.971000+00:00,2.0824,,,,,,,,,,,,,,,2.68633,,7.28986,20155.0,,3.20096,,,,1.50413,,4.04984,11197.0,,1.80121,,,,2.0824,5.58992,15455.0,,2.49928,,A,0
2025-12-14 15:01:05.270000+00:00,2.14549,,,,,,,,,,,,,,,2.7721,0.0,7.82986,21648.0,,5.40003,,,,1.52621,,4.34968,12026.0,,2.99841,,,,2.14549,5.99971,16588.0,,4.09795,,A,0
2025-12-14 15:01:05.569000+00:00,,,,,,,,,,,,,,,,,,,22809.0,,,,,,,,,13326.0,,,,,,,,18413.0,,,,A,0
2025-12-14 15:01:05.571000+00:00,2.30586,,,,,,,,,,,,,,,2.47099,,8.24978,,,0.0,,,,1.6407,,4.81988,,,1.80122,,,,2.30586,6.65979,,,2.49928,,A,0
2025-12-14 15:01:05.869000+00:00,,,,,,,,,,,,,,,,,,,,,,,,,,,,14570.0,,,,,,,,20127.0,,,,A,0
2025-12-14 15:01:05.871000+00:00,2.12607,,,,,,,,,,,,,,1.0,0.30887,,,,,,,,,1.55419,,5.26982,,,1.50102,,,,2.12607,7.27973,,,2.0978,,A,0
2025-12-14 15:01:06.168000+00:00,,,,,,,,,,,,,,,,,,,,,,,,,,,,15869.0,,,,,,,,21924.0,,,,A,0
2025-12-14 15:01:06.171000+00:00,2.05604,,,,,,,,,,,,,,,0.07722,,,,,,,,,1.46367,,5.73966,,,1.50101,,,,2.05604,7.92969,,,2.10142,,A,0
2025-12-14 15:01:06.467000+00:00,,,,,,,,,,,,,,,,,,,,,,,,,,,,17086.0,,,,,,,,23639.0,,,,A,0
2025-12-14 15:01:06.470000+00:00,3.16996,,,,,,,,,,,,,,,0.00965,,,,,,,,,2.27036,,6.17983,,,,,,,3.16996,8.54998,,,2.10141,,A,0
2025-12-14 15:01:06.769000+00:00,2.38418,,,,,,,,,,,,,,,0.00121,,,,,,,,,1.74547,,6.65979,18413.0,,1.7976,,,,2.38418,9.20971,25463.0,,2.40162,,A,0
2025-12-14 15:01:07.068000+00:00,,,,,,,,,,,,,,,,,,,,,,,,,,,,19713.0,,,,,,,,27260.0,,,,A,0
2025-12-14 15:01:07.073000+00:00,2.12057,,,,,,,,,,,,,,,0.0003,,,,,,,,,1.51149,,7.12999,,,1.50101,,,,2.12057,9.85966,,,2.10141,0.0,A,0
2025-12-14 15:01:07.368000+00:00,,,,,,,,,,,,,,,,,,,,,,,,,,,,20929.0,,,,,,,,27648.0,,,,A,0
2025-12-14 15:01:07.370000+00:00,1.82893,,,,,,,,,,,,,,,4e-05,,,,,,,,,1.57557,,7.56981,,,1.39974,0.0,,,1.82893,10.0,,,0.0,,A,0
2025-12-14 15:01:07.671000+00:00,0.22862,,,,,,,,,,,,,,,0.0,,,,,,,,,1.87112,,8.03964,22228.0,,1.4974,,1.0,,0.22862,,,,,,A,0
2025-12-14 15:01:07.968000+00:00,,,,,,,,,,,,,,,,,,,,,,,,,,,,23058.0,,,,,,,,,,,,A,0
2025-12-14 15:01:07.971000+00:00,0.05715,,,,,,,,,,,,,,,0.0,,,,,,,,,1.64327,,8.48994,,,1.50102,,,,0.05715,,,,,,A,0
2025-12-14 15:01:08.270000+00:00,0.00714,,,,,,,,,,,,,,,0.0,,,,,,,,,1.51699,0.0,8.77966,24274.0,,1.39974,,,,0.00714,,,,,,A,0
2025-12-14 15:01:08.568000+00:00,,,,,,,,,,,,,,,,,,,,,,,,,,,,24938.0,,,,,,,,,,,,A,0
2025-12-14 15:01:08.571000+00:00,0.00179,,,,,,,,,,,,,,,0.0,,,,,,,,,1.47969,,9.01982,,,0.9006,,,,0.00179,,,,,,A,0
2025-12-14 15:01:08.868000+00:00,,,,,,,,,,,,,,,,,,,,5.0,,,,,,,,,5.0,,,,,,,,5.0,,,A,0
2025-12-14 15:01:08.872000+00:00,0.00022,,,,,,,,,,,,1.0,,0.0,0.0,,,,,,1.0,,,0.29754,,,,,0.0,,0.0,1.0,0.00022,,,,,,A,0
2025-12-14 15:01:09.170000+00:00,,,,,,,,,,,,,,,,,,,20901.0,,,,,,,,,23887.0,,,,,,,,26376.0,,,,A,0
2025-12-14 15:01:09.171000+00:00,-1.17456,,,,,,,,,,,,,,,-1.69994,,7.55968,,,-2.70183,,,,-0.93847,,8.63968,,,-1.39974,1000.0,,,-1.17456,9.53993,,,-2.00014,,A,0
2025-12-14 15:01:09.469000+00:00,,,,,,,,,,,,,,,,,,,18551.0,,,,,,,,,22560.0,,,,,,,,24551.0,,,,A,0
2025-12-14 15:01:09.473000+00:00,-1.84439,,,,,,,,,,,,,,,-2.44955,,6.70971,,,-2.60055,,,,-1.33325,,8.15972,,,-1.50101,,,,-1.84439,8.87985,,,,,A,0
2025-12-14 15:01:09.768000+00:00,,,,,,,,,,,,,,,,,,,16339.0,,,,,,,,,21344.0,,,,,,,,22837.0,,,,A,0
2025-12-14 15:01:09.770000+00:00,-2.10546,,,,,,,,,,,,,,,-2.7806,,5.90965,,,-5.30237,,,,-1.50446,,7.71991,,,-2.9984,,,,-2.10546,8.25991,,,-4.19922,,A,0
2025-12-14 15:01:10.068000+00:00,,,,,,,,,,,,,,,,,,,13989.0,,,,,,,,,20044.0,,,,,,,,21040.0,,,,A,0
2025-12-14 15:01:10.070000+00:00,-2.53776,,,,,,,,,,,,0.0,,,-3.26008,,5.05968,,,-2.70183,,,,-1.83872,,7.24971,,,-1.39974,,,,-2.53776,7.60995,,,-2.00015,,A,0
2025-12-14 15:01:10.368000+00:00,,,,,,,,,,,,,,,,,,,12966.0,,,,,,,,,18800.0,,,,,,,,19325.0,,,,A,0
2025-12-14 15:01:10.371000+00:00,-2.18518,,,,,,,,,,,,,,,-2.83958,1.0,4.68967,,,-1.00188,,,,-1.55831,,6.79977,,,-1.50101,,,,-2.18518,6.98966,,,,,A,0
2025-12-14 15:01:10.667000+00:00,,,,,,,,,,,,,,,,,,,14432.0,,,,,,,,,17584.0,,,,,,,,17611.0,,,,A,0
2025-12-14 15:01:10.671000+00:00,-2.04859,,,,,,,,,,,,,,,0.02076,0.0,5.21991,,,2.6982,,,,-1.45754,,6.35995,,,,,,,-2.04859,6.36972,,,-2.0978,,A,0
2025-12-14 15:01:10.970000+00:00,-3.29336,,,,,,,,,,,,,,1.0,0.74044,,,,,0.0,,,,-2.39528,,5.88976,16284.0,,-1.39974,,,,-3.29336,5.71976,15814.0,,-2.00014,,A,0
2025-12-14 15:01:11.268000+00:00,,,,,,,,,,,,,,,,,,,,,,,,,,,,15040.0,,,,,,,,14100.0,,,,A,0
2025-12-14 15:01:11.270000+00:00,-2.37228,,,,,,,,,,,,,,,0.18511,,,,,,,,,-1.69926,,5.43981,,,-1.4974,,,0.0,-2.37228,5.09983,,,-2.00015,,A,0
2025-12-14 15:01:11.568000+00:00,,,,,,,,,,,,,,,,,,,,,,,,,,,,14155.0,,,,,,,,13188.0,,,,A,0
2025-12-14 15:01:11.570000+00:00,-2.32154,,,,,,,,,,,,,,,0.02314,,,,,,0.0,,,-1.6248,,5.11972,,,-1.50102,,,,-2.32154,4.76997,,,-0.79934,,A,0
2025-12-14 15:01:11.871000+00:00,-0.78022,,,,,,,,,,,,,,,0.00578,,,,,,,,,-1.08166,,5.05968,13989.0,,0.0,,1.0,,-0.78022,,,,0.0,,A,0
2025-12-14 15:01:12.169000+00:00,-0.09753,,,,,,,,,,,,1.0,,0.0,0.00072,,5.05968,13989.0,0.0,-1.60229,1.0,,,-0.13521,,4.96998,13741.0,0.0,-0.89699,,0.0,1.0,-0.09753,4.6998,12994.0,0.0,-0.70168,,A,0
2025-12-14 15:01:12.469000+00:00,-1.84958,,,,,,,,,,,,,,,-2.42459,,4.20971,11639.0,,-2.70182,,,,-1.40489,,4.49978,12441.0,,-1.39974,,,,-1.84958,4.03971,11169.0,,-2.10142,,A,0
2025-12-14 15:01:12.768000+00:00,,,,,,,,,,,,,,,,,,,9427.0,,,,,,,,,11197.0,,,,,,,,9483.0,,,,A,0
2025-12-14 15:01:12.772000+00:00,-1.98782,,,,,,,,,,,,,,,-2.63071,,3.40965,,,-2.60055,,,,-1.45166,,4.04984,,,-1.4974,,,,-1.98782,3.4299,,,-2.0978,,A,0
2025-12-14 15:01:13.068000+00:00,,,,,,,,,,,,,,,,,,,7077.0,,,,,,,,,9897.0,,,,,,,,7658.0,,,,A,0
2025-12-14 15:01:13.071000+00:00,-2.26038,,,,,,,,,,,,,,,-2.92803,,2.55968,,,,,,,-1.59386,,3.57964,,,-1.50101,,,,-2.26038,2.76982,,,-2.00014,,A,0
2025-12-14 15:01:13.371000+00:00,-2.58335,,,,,,,,,,,,,,,-3.36667,,1.75998,4866.0,,-2.69821,,,,-1.88697,,3.13983,8681.0,,-1.39974,,,,-2.58335,2.14988,5944.0,,-2.0978,,A,0
2025-12-14 15:01:13.668000+00:00,,,,,,,,,,,,,,,,,,,2515.0,,,,,,,,,7354.0,,,,,,,,4147.0,,,,A,0
2025-12-14 15:01:13.672000+00:00,-2.3711,,,,,,,,,,,,,,,-3.1167,,0.90965,,,-2.60055,,,,-1.72228,,2.65987,,,-1.4974,,,,-2.3711,1.49993,,,-2.0978,,A,0
2025-12-14 15:01:13.969000+00:00,,,,,,,,,,,,,,,,,,,165.0,,,,,,,,,6054.0,,,,,,,,2322.0,,,,A,0
2025-12-14 15:01:13.972000+00:00,-2.10936,,,,,,,,,,,,0.0,,,-2.68858,,0.05968,,,-2.70182,,,,-1.47758,,2.18967,,,-1.50101,,,,-2.10936,0.83984,,,-2.00014,,A,0
2025-12-14 15:01:14.268000+00:00,,,,,,,,,,,,,,,,,,,0.0,,,,,,,,,5253.0,,,,,,,,1188.0,,,,A,0
2025-12-14 15:01:14.270000+00:00,-2.18922,,,,,,,,,,,,,0.0,,-1.77243,,0.0,,,-0.59679,,,,-1.57133,,1.89996,,,-1.4974,,,,-2.18922,0.42969,,,-2.10142,,A,0
2025-12-14 15:01:14.571000+00:00,-2.57186,,,,,,,,,,,,,,1.0,-0.44311,,,,,0.0,,,,-1.86853,,1.44965,4008.0,,-1.50101,,,0.0,-2.57186,0.01989,55.0,,0.0,,A,0
2025-12-14 15:01:14.867000+00:00,,,,,,,,,,,,,,,,,,,,,,,,,,,,2709.0,,,,,,,,,,,,A,0
2025-12-14 15:01:14.871000+00:00,-0.32148,,,,,,,,,,,,,,,-0.05539,,,,,,,,,-1.64551,,0.97982,,,-1.50101,,1.0,,-0.32148,,,,,,A,0
2025-12-14 15:01:15.167000+00:00,,,,,,,,,,,,,,,,,,,,,,,,,,,,1492.0,,,,,,,,,,,,A,0
2025-12-14 15:01:15.171000+00:00,-0.08037,,,,,,,,,,,,,,,-0.01385,,,,,,,,,-1.53714,,0.53964,,,-1.4974,,,,-0.08037,,,,,,A,0
2025-12-14 15:01:15.471000+00:00,-0.01005,,,,,,,,,,,,,,,-0.00173,,,,,,0.0,,,-1.62895,,0.05968,165.0,,-3.00203,,,,-0.01005,,,,,,A,0
2025-12-14 15:01:15.768000+00:00,,,,,,,,,,,,,,,,,,,,,,,,,,,,0.0,,,,,,,,,,,,A,0
2025-12-14 15:01:15.770000+00:00,-0.00126,,,,,,,,,,,,,,,-0.00022,,,,,,,0.0,,-0.72807,,0.0,,,0.0,,,,-0.00126,,,,,,A,0
2025-12-14 15:01:16.071000+00:00,-0.00031,,,,,,,,,,,,,1000.0,0.0,-5e-05,1.0,0.15987,442.0,8.0,,,1000.0,,-0.18202,1.0,0.09983,276.0,9.0,,,0.0,,-0.00031,0.0897,248.0,10.0,,1.0,A,0
2025-12-14 15:01:16.369000+00:00,,,,,,,,,,,,,,,,,,,2820.0,,,,,,,,,1575.0,,,,,,,,2073.0,,,,A,0
2025-12-14 15:01:16.371000+00:00,1.17455,,,,,,,,,,,,,,,1.74876,,1.01997,,,2.70182,,,,0.97732,,0.56966,,,1.39974,,,,1.17455,0.74978,,,2.10142,,A,0
2025-12-14 15:01:16.669000+00:00,3.0851,,,,,,,,,,,,,,,4.00594,,1.81966,5031.0,,2.69821,,,,2.24754,,1.01997,2820.0,,1.50101,,,,3.0851,1.35995,3760.0,,2.00014,,A,0
2025-12-14 15:01:16.968000+00:00,,,,,,,,,,,,,,,,,,,7216.0,,,,,,,,,4036.0,,,,,,,,5474.0,,,,A,0
2025-12-14 15:01:16.970000+00:00,2.32021,,,,,,,,,,,,,,,2.97631,,2.60995,,,2.70182,,,,1.63701,,1.45978,,,1.4974,,,,2.32021,1.97989,,,,,A,0
2025-12-14 15:01:17.271000+00:00,2.06547,,,,,,,,,,,,,,,2.70901,,3.40965,9427.0,,,,,,1.51756,,1.89996,5253.0,,1.39974,,,,2.06547,2.5897,7160.0,,2.0978,,A,0
2025-12-14 15:01:17.570000+00:00,2.27189,,,,,,,,,,,,,,,2.92606,,3.99993,11059.0,,3.20096,,,,1.63872,,2.22982,6165.0,,1.7976,,,,2.27189,3.04977,8432.0,,2.50289,,A,0
2025-12-14 15:01:17.869000+00:00,3.1432,,,,,,,,,,,,,,,4.05635,,4.78986,13243.0,,2.60055,,,,2.23531,,2.66999,7382.0,,1.50101,,,,3.1432,3.65994,10119.0,,2.00015,,A,0
2025-12-14 15:01:18.168000+00:00,,,,,,,,,,,,,,,,,,,15621.0,,,,,,,,,8681.0,,,,,,,,11943.0,,,,A,0
2025-12-14 15:01:18.171000+00:00,2.26781,,,,,,,,,,,,,,,2.98145,,5.64996,,,2.70183,,,,1.66695,,3.13983,,,1.39974,,,,2.26781,4.31966,,,2.0978,,A,0
2025-12-14 15:01:18.468000+00:00,,,,,,,,,,,,,,,,,,,17971.0,,,,,,,,,10008.0,,,,,,,,13768.0,,,,A,0
2025-12-14 15:01:18.470000+00:00,2.09147,,,,,,,,,,,,,,,2.71929,,6.49993,,,2.70182,,,,1.51718,,3.61979,,,1.4974,,,,2.09147,4.97975,,,2.10142,,A,0
2025-12-14 15:01:18.770000+00:00,2.149,,,,,,,,,,,,,,,2.77815,,7.28986,20155.0,,2.69821,,,,1.527,,4.05997,11225.0,,1.50101,,,,2.149,5.58992,15455.0,,,,A,0
2025-12-14 15:01:19.068000+00:00,,,,,,,,,,,,,,,,,,,22367.0,,,,,,,,,12441.0,,,,,,,,17169.0,,,,A,0
2025-12-14 15:01:19.070000+00:00,2.55586,,,,,,,,,,,,,,,3.36015,0.0,8.08992,,,2.60055,,,,1.87861,,4.49978,,,1.39974,,,,2.55586,6.20985,,,,,A,0
2025-12-14 15:01:19.368000+00:00,,,,,,,,,,,,,,,,,,,22809.0,,,,,,,,,13768.0,,,,,,,,18994.0,,,,A,0
2025-12-14 15:01:19.371000+00:00,2.41396,,,,,,,,,,,,,,,2.28951,,8.24978,,,0.0,,,,1.72019,,4.97975,,,1.4974,,,,2.41396,6.86994,,,2.00014,,A,0
2025-12-14 15:01:19.670000+00:00,2.07719,,,,,,,,,,,,,,1.0,0.28619,,,,,,,,,1.47732,,5.44994,15068.0,,1.80122,,,,2.07719,7.51989,20791.0,,2.49928,,A,0
2025-12-14 15:01:19.968000+00:00,,,,,,,,,,,,,,,,,,,,,,,,,,,,16284.0,,,,,,,,22505.0,,,,A,0
2025-12-14 15:01:19.971000+00:00,2.121,,,,,,,,,,,,,,,0.03577,,,,,,,,,1.53377,,5.88976,,,2.90075,,,,2.121,8.13983,,,4.10156,,A,0
2025-12-14 15:01:20.270000+00:00,,,,,,,,,,,,,,,,,,,,,,,,,,,,17197.0,,,,,,,,23749.0,,,,A,0
2025-12-14 15:01:20.272000+00:00,2.80528,,,,,,,,,,,,,,,0.00894,,,,,,,,,2.00924,,6.21998,,,1.50101,,,,2.80528,8.58977,,,2.00014,,A,0
2025-12-14 15:01:20.568000+00:00,,,,,,,,,,,,,,,,,,,,,,,,,,,,18413.0,,,,,,,,25463.0,,,,A,0
2025-12-14 15:01:20.571000+00:00,2.1261,,,,,,,,,,,,,,,0.00112,,,,,,,,,1.513,,6.65979,,,,,,,2.1261,9.20971,,,2.0978,,A,0
2025-12-14 15:01:20.868000+00:00,,,,,,,,,,,,,,,,,,,,,,,,,,,,19740.0,,,,,,,,27288.0,,,,A,0
2025-12-14 15:01:20.870000+00:00,2.27766,,,,,,,,,,,,,,,0.00014,,,,,,,,,1.6508,,7.13976,,,1.7976,,,,2.27766,9.86979,,,2.49928,0.0,A,0
2025-12-14 15:01:21.170000+00:00,,,,,,,,,,,,,,,,,,,,,,,,,,,,20957.0,,,,,,,,27648.0,,,,A,0
2025-12-14 15:01:21.172000+00:00,1.74581,,,,,,,,,,,,,,,3e-05,,,,,,,,,1.48782,,7.57993,,,3.00202,0.0,,,1.74581,10.0,,,0.0,,A,0
2025-12-14 15:01:21.468000+00:00,,,,,,,,,,,,,,,,,,,,,,,,,,,,22173.0,,,,,,,,,,,,A,0
2025-12-14 15:01:21.472000+00:00,0.21823,,,,,,,,,,,,,,,0.0,,,,,,,,,1.63545,,8.01975,,,1.50101,,1.0,,0.21823,,,,,,A,0
2025-12-14 15:01:21.769000+00:00,,,,,,,,,,,,,,,,,,,,,,,,,,,,23500.0,,,,,,,,,,,,A,0
2025-12-14 15:01:21.773000+00:00,0.02728,,,,,,,,,,,,,,,0.0,,,,,,,,,1.59287,,8.49971,,,,,,,0.02728,,,,,,A,0
2025-12-14 15:01:22.070000+00:00,0.00682,,,,,,,,,,,,,,,0.0,,,,,,,,,1.47244,0.0,8.96991,24800.0,,,,,,0.00682,,,,,,A,0
2025-12-14 15:01:22.368000+00:00,,,,,,,,,,,,,,,,,,,,,,,,,,,,24966.0,,,,,,,,,,,,A,0
2025-12-14 15:01:22.370000+00:00,0.00085,,,,,,,,,,,,,,,0.0,,,,,,,,,1.12219,,9.02995,,,0.0,,,,0.00085,,,,,,A,0
2025-12-14 15:01:22.670000+00:00,0.00021,,,,,,,,,,,,1.0,,0.0,0.0,,8.08992,22367.0,5.0,,1.0,,,0.28055,,8.93989,24717.0,5.0,,1000.0,0.0,1.0,0.00021,9.95985,27537.0,5.0,,,A,0
2025-12-14 15:01:22.969000+00:00,,,,,,,,,,,,,,,,,,,20155.0,,,,,,,,,23500.0,,,,,,,,25795.0,,,,A,0
2025-12-14 15:01:22.972000+00:00,-1.19988,,,,,,,,,,,,,,,-1.69994,,7.28986,,,-2.70183,,,,-0.94059,,8.49971,,,-1.50101,,,,-1.19988,9.32979,,,-2.00014,,A,0
2025-12-14 15:01:23.269000+00:00,,,,,,,,,,,,,,,,,,,17805.0,,,,,,,,,22173.0,,,,,,,,23998.0,,,,A,0
2025-12-14 15:01:23.271000+00:00,-1.92543,,,,,,,,,,,,,,,-2.52505,,6.43989,,,-2.69821,,,,-1.40383,,8.01975,,,,,,,-1.92543,8.67983,,,-2.0978,,A,0
2025-12-14 15:01:23.570000+00:00,-3.25733,,,,,,,,,,,,,,,-4.20657,,5.90965,16339.0,,-2.70182,,,,-2.37733,,7.72967,21371.0,,-1.39974,,,,-3.25733,8.26968,22864.0,,-2.00014,,A,0
2025-12-14 15:01:23.871000+00:00,-2.23234,,,,,,,,,,,,0.0,,,-2.86369,,5.05968,13989.0,,-3.20096,,,,-1.59699,,7.24971,20044.0,,-1.80121,,,,-2.23234,7.60995,21040.0,,-2.398,,A,0
2025-12-14 15:01:24.170000+00:00,-2.10422,,,,,,,,,,,,,,,-1.93357,1.0,4.68967,12966.0,,0.0,,,,-1.52341,,6.8099,18828.0,,-1.50102,,,,-2.10422,6.98966,19325.0,,-2.10142,,A,0
2025-12-14 15:01:24.470000+00:00,-2.05148,,,,,,,,,,,,,,,0.01755,0.0,5.21991,14432.0,,3.20095,,,,-1.50661,,6.3397,17528.0,,-1.80121,,,,-2.05148,6.32993,17501.0,,-2.49928,,A,0
2025-12-14 15:01:24.769000+00:00,-2.64404,,,,,,,,,,,,,,1.0,0.6772,,,,,0.0,,,,-1.88827,,5.88976,16284.0,,-1.50102,,,,-2.64404,5.71976,15814.0,,-2.00014,,A,0
2025-12-14 15:01:25.069000+00:00,,,,,,,,,,,,,,,,,,,,,,,,,,,,14985.0,,,,,,,,13989.0,,,,A,0
2025-12-14 15:01:25.071000+00:00,-2.20541,,,,,,,,,,,,,,,0.08465,,,,,,,,,-1.59915,,5.41992,,,,,,0.0,-2.20541,5.05968,,,,,A,0
2025-12-14 15:01:25.370000+00:00,,,,,,,,,,,,,,,,,,,,,,,,,,,,14017.0,,,,,,,,13768.0,,,,A,0
2025-12-14 15:01:25.371000+00:00,-1.47637,,,,,,,,,,,,,,,0.02116,,,,,,0.0,,,-1.52464,,5.06981,,,,,,,-1.47637,4.97975,,,0.0,,A,0
2025-12-14 15:01:25.668000+00:00,,,,,,,,,,,,,,,,,,,,0.0,,,,,,,,,0.0,,,,,,,,0.0,,,A,0
2025-12-14 15:01:25.672000+00:00,-0.18455,,,,,,,,,,,,1.0,,0.0,0.00265,,,,,,1.0,,,-0.50299,,,,,0.0,,,1.0,-0.18455,,,,,,A,0
2025-12-14 15:01:25.968000+00:00,,,,,,,,,,,,,,,,,,,13243.0,,,,,,,,,13353.0,,,,,,,,12994.0,,,,A,0
2025-12-14 15:01:25.973000+00:00,-0.04614,,,,,,,,,,,,,,,0.00066,,4.78986,,,-1.60229,,,,-0.12575,,4.82964,,,-0.90061,,,,-0.04614,4.6998,,,-0.69806,,A,0
2025-12-14 15:01:26.269000+00:00,-1.61845,,,,,,,,,,,,,,,-2.17503,,3.99993,11059.0,,-2.69821,,,,-1.25225,,4.38983,12137.0,,-1.50101,,,,-1.61845,4.08999,11308.0,,-2.10142,,A,0
2025-12-14 15:01:26.570000+00:00,-2.01482,,,,,,,,,,,,,,,-2.6102,,3.40965,9427.0,,-3.20096,,,,-1.4446,,4.05997,11225.0,,-1.7976,,,,-2.01482,3.62992,10036.0,,-2.49928,,A,0
2025-12-14 15:01:26.871000+00:00,-2.1286,,,,,,,,,,,,,,,-2.75126,,2.60995,7216.0,,-5.40003,,,,-1.56106,,3.61979,10008.0,,-2.90075,,,,-2.1286,3.01975,8349.0,,-4.10156,,A,0
2025-12-14 15:01:27.170000+00:00,-2.40366,,,,,,,,,,,,,,,-3.14474,,1.75998,4866.0,,-2.69821,,,,-1.75673,,3.13983,8681.0,,-1.50101,,,,-2.40366,2.35966,6524.0,,-2.10142,,A,0
2025-12-14 15:01:27.469000+00:00,,,,,,,,,,,,,,,,,,,2515.0,,,,,,,,,7382.0,,,,,,,,4700.0,,,,A,0
2025-12-14 15:01:27.471000+00:00,-2.11207,,,,,,,,,,,,,,,-2.73142,,0.90965,,,-2.70182,,,,-1.50766,,2.66999,,,-1.50101,,,,-2.11207,1.69994,,,-2.0978,,A,0
2025-12-14 15:01:27.768000+00:00,,,,,,,,,,,,,,,,,,,304.0,,,,,,,,,6165.0,,,,,,,,3013.0,,,,A,0
2025-12-14 15:01:27.772000+00:00,-2.15291,,,,,,,,,,,,0.0,,,-2.78156,,0.10995,,,-2.70182,,,,-1.57682,,2.22982,,,-1.39974,,,,-2.15291,1.08977,,,-2.10142,,A,0
2025-12-14 15:01:28.070000+00:00,-3.0808,,,,,,,,,,,,,0.0,,-1.90974,,0.0,0.0,,0.0,,,,-2.24653,,1.74986,4838.0,,-1.80122,,,,-3.0808,0.42969,1188.0,,-2.50289,,A,0
2025-12-14 15:01:28.371000+00:00,-2.44482,,,,,,,,,,,,,,1.0,-0.47744,,,,,,,,,-1.71181,,1.30968,3621.0,,-1.50101,,,0.0,-2.44482,0.01989,55.0,,-2.00014,,A,0
2025-12-14 15:01:28.671000+00:00,-0.55562,,,,,,,,,,,,,,,-0.05968,,,,,,,,,-1.52555,,0.83984,2322.0,,-1.69994,,1.0,,-0.55562,,,,0.0,,A,0
2025-12-14 15:01:28.967000+00:00,,,,,,,,,,,,,,,,,,,,,,,,,,,,1078.0,,,,,,,,,,,,A,0
2025-12-14 15:01:28.972000+00:00,-0.06945,,,,,,,,,,,,,,,-0.00746,,,,,,,,,-1.52895,,0.3899,,,-1.50101,,,,-0.06945,,,,,,A,0
2025-12-14 15:01:29.270000+00:00,-0.01736,,,,,,,,,,,,,,,-0.00186,,,,,,0.0,,,-2.35616,,0.06981,193.0,,-1.50101,,,,-0.01736,,,,,,A,0
2025-12-14 15:01:29.567000+00:00,,,,,,,,,,,,,,,,,,,,,,,,,,,,27.0,,,,,,,,,,,,A,0
2025-12-14 15:01:29.571000+00:00,-0.00217,1.0,,,,,,,,,,,,,,-0.00023,,,,,,,,,-0.63225,,0.00977,,,0.0,,,,-0.00217,,,,,,A,0
2025-12-14 15:01:29.868000+00:00,,,,,,,,,,,,,,,,,,,442.0,8.0,,,,,,,,276.0,9.0,,,,,,,248.0,10.0,,,A,0
2025-12-14 15:01:29.871000+00:00,-0.00027,0.0,,,,,,,,,,,,1000.0,0.0,-3e-05,1.0,0.15987,,,1.59867,,,,-0.07903,1.0,0.09983,,,0.90061,,0.0,,-0.00027,0.0897,,,0.69806,1.0,A,0
2025-12-14 15:01:30.168000+00:00,,,,,,,,,,,,,,,,,,,2681.0,,,,,,,,,1492.0,,,,,,,,1963.0,,,,A,0
2025-12-14 15:01:30.172000+00:00,1.22516,,,,,,,,,,,,,,,1.7994,,0.96969,,,2.60055,,,,0.9559,,0.53964,,,1.39974,,,,1.22516,0.71,,,2.00014,,A,0
2025-12-14 15:01:30.470000+00:00,2.47836,,,,,,,,,,,,,,,3.22559,,1.76975,4893.0,,2.69821,,,,1.79456,,0.98994,2737.0,,1.50101,,,,2.47836,1.31981,3649.0,,,,A,0
2025-12-14 15:01:30.768000+00:00,,,,,,,,,,,,,,,,,,,7243.0,,,,,,,,,4036.0,,,,,,,,5474.0,,,,A,0
2025-12-14 15:01:30.770000+00:00,2.1847,,,,,,,,,,,,,,,2.86631,,2.61972,,,2.69821,,,,1.58563,,1.45978,,,1.50101,,,,2.1847,1.97989,,,2.10142,,A,0
2025-12-14 15:01:31.068000+00:00,,,,,,,,,,,,,,,,,,,9593.0,,,,,,,,,5336.0,,,,,,,,7299.0,,,,A,0
2025-12-14 15:01:31.070000+00:00,2.12043,,,,,,,,,,,,,,,2.6914,,3.46969,,,2.70182,,,,1.52217,,1.92998,,,1.39974,,,,2.12043,2.63997,,,2.00015,,A,0
2025-12-14 15:01:31.369000+00:00,2.14087,,,,,,,,,,,,,,,2.77376,,4.25998,11778.0,,5.30237,,,,1.56424,,2.37992,6580.0,,3.00203,,,,2.14087,3.24978,8985.0,,4.09795,,A,0
2025-12-14 15:01:31.669000+00:00,2.55484,,,,,,,,,,,,,,,3.28455,,5.11972,14155.0,,3.20096,,,,1.81952,,2.84975,7879.0,,1.7976,,,,2.55484,3.90987,10810.0,,2.49928,,A,0
2025-12-14 15:01:31.968000+00:00,,,,,,,,,,,,,,,,,,,16339.0,,,,,,,,,9096.0,,,,,,,,12524.0,,,,A,0
2025-12-14 15:01:31.970000+00:00,2.18765,,,,,,,,,,,,,,,2.79596,,5.90965,,,2.70183,,,,1.58064,,3.28993,,,1.39974,,,,2.18765,4.5298,,,2.00015,,A,0
2025-12-14 15:01:32.270000+00:00,,,,,,,,,,,,,,,,,,,18690.0,,,,,,,,,10395.0,,,,,,,,14321.0,,,,A,0
2025-12-14 15:01:32.271000+00:00,2.0489,,,,,,,,,,,,,,,2.68737,,6.75998,,,3.20096,,,,1.4965,,3.75977,,,1.80121,,,,2.0489,5.17976,,,2.49928,,A,0
2025-12-14 15:01:32.570000+00:00,2.13712,,,,,,,,,,,,,,,2.77236,,7.29999,20183.0,,5.40003,,,,1.5243,,4.05997,11225.0,,3.00202,,,,2.13712,5.59968,15482.0,,4.19921,,A,0
2025-12-14 15:01:32.871000+00:00,2.54353,,,,,,,,,,,,,,,3.27126,0.0,8.14996,22533.0,,2.70183,,,,1.84075,,4.5298,12524.0,,1.39974,,,,2.54353,6.25,17280.0,,2.00015,,A,0
2025-12-14 15:01:33.170000+00:00,,,,,,,,,,,,,,,,,,,22809.0,,,,,,,,,13768.0,,,,,,,,18994.0,,,,A,0
2025-12-14 15:01:33.173000+00:00,2.09248,,,,,,,,,,,,,,,0.9962,,8.24978,,,0.0,,,,1.52901,,4.97975,,,1.50101,,,,2.09248,6.86994,,,2.10142,,A,0
2025-12-14 15:01:33.469000+00:00,2.04855,,,,,,,,,,,,,,1.0,0.24905,,,,,,,,,1.45737,,5.44994,15068.0,,1.80122,,,,2.04855,7.52966,20818.0,,2.49928,,A,0
2025-12-14 15:01:33.770000+00:00,3.14371,,,,,,,,,,,,,,,0.03113,,,,,,,,,2.28178,,5.88976,16284.0,,1.39974,,,,3.14371,8.13983,22505.0,,2.00014,,A,0
2025-12-14 15:01:34.070000+00:00,,,,,,,,,,,,,,,,,,,,,,,,,,,,17528.0,,,,,,,,24219.0,,,,A,0
2025-12-14 15:01:34.072000+00:00,2.16841,,,,,,,,,,,,,,,0.00389,,,,,,,,,1.58595,,6.3397,,,1.49739,,,,2.16841,8.75977,,,2.09781,,A,0
2025-12-14 15:01:34.368000+00:00,,,,,,,,,,,,,,,,,,,,,,,,,,,,18828.0,,,,,,,,26044.0,,,,A,0
2025-12-14 15:01:34.370000+00:00,2.31619,,,,,,,,,,,,,,,0.00097,,,,,,,,,1.62081,,6.8099,,,1.50101,,,,2.31619,9.41985,,,2.00014,,A,0
2025-12-14 15:01:34.668000+00:00,,,,,,,,,,,,,,,,,,,,,,,,,,,,20044.0,,,,,,,,27648.0,,,,A,0
2025-12-14 15:01:34.671000+00:00,2.06497,,,,,,,,,,,,,,,0.00012,,,,,,,,,1.51599,,7.24971,,,1.49739,0.0,,,2.06497,10.0,,,2.09781,0.0,A,0
2025-12-14 15:01:34.968000+00:00,,,,,,,,,,,,,,,,,,,,,,,,,,,,21371.0,,,,,,,,,,,,A,0
2025-12-14 15:01:34.970000+00:00,0.94624,,,,,,,,,,,,,,,2e-05,,,,,,,,,2.00247,,7.72967,,,1.4974,,,,0.94624,,,,0.0,,A,0
2025-12-14 15:01:35.268000+00:00,,,,,,,,,,,,,,,,,,,,,,,,,,,,22588.0,,,,,,,,,,,,A,0
2025-12-14 15:01:35.272000+00:00,0.23656,,,,,,,,,,,,,,,0.0,,,,,,,,,1.57484,,8.16985,,,1.50101,,1.0,,0.23656,,,,,,A,0
2025-12-14 15:01:35.568000+00:00,,,,,,,,,,,,,,,,,,,,,,,,,,,,23417.0,,,,,,,,,,,,A,0
2025-12-14 15:01:35.570000+00:00,0.02957,,,,,,,,,,,,,,,0.0,,,,,,,,,1.51024,,8.46969,,,1.49739,,,,0.02957,,,,,,A,0
2025-12-14 15:01:35.868000+00:00,,,,,,,,,,,,,,,,,,,,,,,,,,,,24717.0,,,,,,,,,,,,A,0
2025-12-14 15:01:35.871000+00:00,0.0037,,,,,,,,,,,,,,,0.0,,,,,,,,,1.4764,0.0,8.93989,,,1.50102,,,,0.0037,,,,,,A,0
2025-12-14 15:01:36.169000+00:00,0.00092,,,,,,,,,,,,,,,0.0,,,,,,,,,0.9695,,8.99993,24883.0,,0.0,,,,0.00092,,,,,,A,0
2025-12-14 15:01:36.470000+00:00,,,,,,,,,,,,,,,,,,,22367.0,5.0,,,,,,,,24634.0,5.0,,,,,,,27537.0,5.0,,,A,0
2025-12-14 15:01:36.472000+00:00,0.00012,,,,,,,,,,,,1.0,,0.0,0.0,,8.08992,,,-1.59866,1.0,,,0.12119,,8.90987,,,-0.90061,1000.0,0.0,1.0,0.00012,9.95985,,,-0.40148,,A,0
2025-12-14 15:01:36.769000+00:00,-1.15105,,,,,,,,,,,,,,,-1.69994,,7.29999,20183.0,,-2.70183,,,,-0.94536,,8.46969,23417.0,,-1.50102,,,,-1.15105,9.33992,25823.0,,-2.0978,,A,0
2025-12-14 15:01:37.069000+00:00,-2.15578,,,,,,,,,,,,,,,-2.79993,,6.43989,17805.0,,-5.40003,,,,-1.55453,,7.98973,22090.0,,-3.00202,,,,-2.15578,8.67983,23998.0,,-4.10156,,A,0
2025-12-14 15:01:37.370000+00:00,-2.30759,,,,,,,,,,,,,,,-3.02604,,5.64996,15621.0,,-2.59693,,,,-1.6456,,7.54991,20874.0,,-1.4974,,,,-2.30759,8.0599,22284.0,,-2.09781,,A,0
2025-12-14 15:01:37.671000+00:00,-2.10142,,,,,,,,,,,,0.0,,,-2.75666,,4.79999,13271.0,,-3.20096,,,,-1.53625,,7.07972,19574.0,,-1.80121,,,,-2.10142,7.39981,20459.0,,-2.49928,,A,0
2025-12-14 15:01:37.968000+00:00,,,,,,,,,,,,,,,,,,,13105.0,,,,,,,,,18330.0,,,,,,,,18772.0,,,,A,0
2025-12-14 15:01:37.971000+00:00,-2.10051,,,,,,,,,,,,,,,-2.19508,,4.73994,,,0.0,,,,-1.51582,,6.62977,,,-1.50102,,,,-2.10051,6.78964,,,-2.10142,,A,0
2025-12-14 15:01:38.267000+00:00,,,,,,,,,,,,,,,,,,,14432.0,,,,,,,,,16948.0,,,,,,,,16837.0,,,,A,0
2025-12-14 15:01:38.271000+00:00,-3.27499,,,,,,,,,,,,,,,2.3759,,5.21991,,,,,,,-2.35283,,6.12992,,,-1.7976,,,,-3.27499,6.08977,,,-2.49928,,A,0
2025-12-14 15:01:38.569000+00:00,,,,,,,,,,,,,,,,,,,,,,,,,,,,15731.0,,,,,,,,15123.0,,,,A,0
2025-12-14 15:01:38.572000+00:00,-2.49247,,,,,,,,,,,,,,1.0,0.59397,,,,,,,,,-1.78812,,5.68974,,,-1.50101,,,,-2.49247,5.46983,,,-2.00014,,A,0
2025-12-14 15:01:38.870000+00:00,-2.087,,,,,,,,,,,,,,,0.07425,,,,,,,,,-1.51158,,5.3899,14902.0,,-1.49739,,,0.0,-2.087,5.05968,13989.0,,-2.10142,,A,0
2025-12-14 15:01:39.171000+00:00,-0.82285,,,,,,,,,,,,,,,0.00928,,,,,,0.0,,,-1.60135,,5.00977,13851.0,,-1.69994,,,,-0.82285,4.93996,13658.0,,0.0,,A,0
2025-12-14 15:01:39.468000+00:00,,,,,,,,,,,,,,,,,,,,0.0,,,,,,,,,0.0,,,,,,,,0.0,,,A,0
2025-12-14 15:01:39.470000+00:00,-0.20571,,,,,,,,,,,,1.0,,0.0,0.00232,,,,,,1.0,,,-0.55044,,,,,0.0,,,1.0,-0.20571,,,,,,A,0
2025-12-14 15:01:39.770000+00:00,-0.17582,,,,,,,,,,,,,,,-0.50065,,4.79999,13271.0,,-3.19734,,,,-0.36901,,4.76997,13188.0,,-1.7976,,,,-0.17582,4.65965,12883.0,,-2.50289,,A,0
2025-12-14 15:01:40.068000+00:00,,,,,,,,,,,,,,,,,,,11059.0,,,,,,,,,11971.0,,,,,,,,11197.0,,,,A,0
2025-12-14 15:01:40.072000+00:00,-1.66794,,,,,,,,,,,,,,,-2.27541,,3.99993,,,-2.69821,,,,-1.29216,,4.32979,,,-1.50101,,,,-1.66794,4.04984,,,-2.10142,,A,0
2025-12-14 15:01:40.371000+00:00,-2.02191,,,,,,,,,,,,,,,-2.62275,,3.14996,8709.0,,-3.20096,,,,-1.44959,,3.84983,10644.0,,-1.7976,,,,-2.02191,3.38976,9372.0,,-2.398,,A,0
2025-12-14 15:01:40.669000+00:00,,,,,,,,,,,,,,,,,,,6497.0,,,,,,,,,9427.0,,,,,,,,7658.0,,,,A,0
2025-12-14 15:01:40.672000+00:00,-2.60237,,,,,,,,,,,,,,,-3.35293,,2.3499,,,-2.69821,,,,-1.88159,,3.40965,,,-1.50101,,,,-2.60237,2.76982,,,-2.10142,,A,0
2025-12-14 15:01:40.969000+00:00,,,,,,,,,,,,,,,,,,,4147.0,,,,,,,,,8128.0,,,,,,,,5861.0,,,,A,0
2025-12-14 15:01:40.971000+00:00,-2.17602,,,,,,,,,,,,,,,-2.86369,,1.49993,,,-3.09968,,,,-1.59435,,2.93981,,,-1.80122,,,,-2.17602,2.11986,,,-2.49928,,A,0
2025-12-14 15:01:41.269000+00:00,,,,,,,,,,,,,,,,,,,1935.0,,,,,,,,,6884.0,,,,,,,,4147.0,,,,A,0
2025-12-14 15:01:41.273000+00:00,-2.13516,,,,,,,,,,,,,,,-2.77088,,0.69987,,,-2.60055,,,,-1.52489,,2.48987,,,-1.4974,,,,-2.13516,1.49993,,,-2.0978,,A,0
2025-12-14 15:01:41.569000+00:00,,,,,,,,,,,,,,,,,,,0.0,,,,,,,,,5667.0,,,,,,,,2433.0,,,,A,0
2025-12-14 15:01:41.572000+00:00,-2.07986,,,,,,,,,,,,0.0,0.0,,-2.64626,,0.0,,,-4.39815,,,,-1.45291,,2.0497,,,-3.00202,,,,-2.07986,0.87999,,,-4.09795,,A,0
2025-12-14 15:01:41.870000+00:00,-2.74526,,,,,,,,,,,,,,,-1.7611,,,,,0.0,,,,-2.01253,,1.71984,4755.0,,-1.50101,,,,-2.74526,0.42969,1188.0,,-2.10142,,A,0
2025-12-14 15:01:42.170000+00:00,-2.15477,,,,,,,,,,,,,,1.0,-0.22014,,,,,,,,,-1.53963,,1.27966,3538.0,,,,,0.0,-2.15477,0.01989,55.0,,0.0,,A,0
2025-12-14 15:01:42.469000+00:00,,,,,,,,,,,,,,,,,,,,,,,,,,,,2322.0,,,,,,,,,,,,A,0
2025-12-14 15:01:42.471000+00:00,-0.26935,,,,,,,,,,,,,,,-0.02752,,,,,,,,,-1.4543,,0.83984,,,-1.50101,,1.0,,-0.26935,,,,,,A,0
2025-12-14 15:01:42.770000+00:00,-0.06734,,,,,,,,,,,,,,,-0.00688,,,,,,,,,-1.63944,,0.35988,995.0,,-2.99841,,,,-0.06734,,,,,,A,0
2025-12-14 15:01:43.068000+00:00,,,,,,,,,,,,,,,,,,,,,,,,,,,,0.0,,,,,,,,,,,,A,0
2025-12-14 15:01:43.072000+00:00,-0.00842,,,,,,,,,,,,,,,-0.00086,,,,,,0.0,0.0,,-1.68017,,0.0,,,-0.69806,,,,-0.00842,,,,,,A,0
2025-12-14 15:01:43.367000+00:00,,,,,,,,,,,,,,,,,,,,8.0,,,,,,,,,9.0,,,,,,,,10.0,,,A,0
2025-12-14 15:01:43.372000+00:00,-0.00105,,,,,,,,,,,,,,0.0,-0.00011,1.0,,,,,,,,-0.29728,1.0,,,,0.0,,0.0,,-0.00105,,,,,1.0,A,0
2025-12-14 15:01:43.668000+00:00,,,,,,,,,,,,,,,,,,,1050.0,,,,,,,,,552.0,,,,,,,,718.0,,,,A,0
2025-12-14 15:01:43.672000+00:00,-0.00026,,,,,,,,,,,,,1000.0,,-3e-05,,0.37977,,,1.09954,,1000.0,,-0.07432,,0.19965,,,0.49913,,,,-0.00026,0.25969,,,0.3002,,A,0
2025-12-14 15:01:43.968000+00:00,,,,,,,,,,,,,,,,,,,3400.0,,,,,,,,,1852.0,,,,,,,,2515.0,,,,A,0
2025-12-14 15:01:43.971000+00:00,2.81346,,,,,,,,,,,,,,,3.76157,,1.22975,,,2.60055,,,,2.02793,,0.66985,,,1.50101,,,,2.81346,0.90965,,,1.99653,,A,0
2025-12-14 15:01:44.269000+00:00,,,,,,,,,,,,,,,,,,,5750.0,,,,,,,,,3151.0,,,,,,,,4340.0,,,,A,0
2025-12-14 15:01:44.271000+00:00,2.25321,,,,,,,,,,,,,,,2.94144,,2.07972,,,2.60055,,,,1.63274,,1.13968,,,1.4974,,,,2.25321,1.56973,,,2.00014,,A,0
2025-12-14 15:01:44.570000+00:00,2.2072,,,,,,,,,,,,,,,2.84299,,2.87977,7962.0,,2.60055,,,,1.56676,,1.58999,4396.0,,1.50101,,,,2.2072,2.18967,6054.0,,,,A,0
2025-12-14 15:01:44.870000+00:00,,,,,,,,,,,,,,,,,,,10174.0,,,,,,,,,5612.0,,,,,,,,7741.0,,,,A,0
2025-12-14 15:01:44.872000+00:00,2.05044,,,,,,,,,,,,,,,2.70591,,3.67983,,,2.59693,,,,1.50742,,2.0298,,,1.39974,,,,2.05044,2.79984,,,2.10142,,A,0
2025-12-14 15:01:45.169000+00:00,,,,,,,,,,,,,,,,,,,11778.0,,,,,,,,,6524.0,,,,,,,,8985.0,,,,A,0
2025-12-14 15:01:45.170000+00:00,3.28767,,,,,,,,,,,,,,,4.2771,,4.25998,,,2.60055,,,,2.3779,,2.35966,,,1.4974,,,,3.28767,3.24978,,,2.00015,,A,0
2025-12-14 15:01:45.469000+00:00,,,,,,,,,,,,,,,,,,,13989.0,,,,,,,,,7741.0,,,,,,,,10699.0,,,,A,0
2025-12-14 15:01:45.471000+00:00,2.23523,,,,,,,,,,,,,,,2.83453,,5.05968,,,2.6982,,,,1.58395,,2.79984,,,1.50101,,,,2.23523,3.86972,,,2.00014,,A,0
2025-12-14 15:01:45.770000+00:00,,,,,,,,,,,,,,,,,,,16339.0,,,,,,,,,9040.0,,,,,,,,12524.0,,,,A,0
2025-12-14 15:01:45.774000+00:00,2.15431,,,,,,,,,,,,,,,2.84274,,5.90965,,,2.59693,,,,1.58462,,3.26968,,,1.39974,,,,2.15431,4.5298,,,2.10142,,A,0
2025-12-14 15:01:46.069000+00:00,2.064,,,,,,,,,,,,,,,2.71083,,6.70971,18551.0,,2.60055,,,,1.4966,,3.71998,10285.0,,1.50101,,,,2.064,5.13997,14211.0,,2.10142,,A,0
2025-12-14 15:01:46.370000+00:00,,,,,,,,,,,,,,,,,,,20901.0,,,,,,,,,11584.0,,,,,,,,16035.0,,,,A,0
2025-12-14 15:01:46.371000+00:00,2.69443,,,,,,,,,,,,,,,3.43899,,7.55968,,,2.69821,,,,1.92364,,4.18981,,,,,,,2.69443,5.7997,,,2.00015,,A,0
2025-12-14 15:01:46.670000+00:00,2.11225,,,,,,,,,,,,,,,2.74288,0.0,8.24978,22809.0,,2.60055,,,,1.55203,,4.62999,12801.0,,1.49739,,,,2.11225,6.41999,17750.0,,,,A,0
2025-12-14 15:01:46.971000+00:00,2.25242,,,,,,,,,,,,,,1.0,1.08539,,,,,0.0,,,,1.63765,,5.10995,14128.0,,1.50101,,,,2.25242,7.07972,19574.0,,2.10142,,A,0
2025-12-14 15:01:47.269000+00:00,,,,,,,,,,,,,,,,,,,,,,,,,,,,15427.0,,,,,,,,21371.0,,,,A,0
2025-12-14 15:01:47.273000+00:00,2.06875,,,,,,,,,,,,,,,0.13567,,,,,,,,,1.46746,,5.57979,,,3.29861,,,,2.06875,7.72967,,,4.49942,,A,0
2025-12-14 15:01:47.569000+00:00,,,,,,,,,,,,,,,,,,,,,,,,,,,,16644.0,,,,,,,,23086.0,,,,A,0
2025-12-14 15:01:47.571000+00:00,2.69275,,,,,,,,,,,,,,,0.03392,,,,,,,,,1.94202,,6.01997,,,1.50101,,,,2.69275,8.34997,,,2.00014,,A,0
2025-12-14 15:01:47.869000+00:00,,,,,,,,,,,,,,,,,,,,,,,,,,,,17971.0,,,,,,,,24910.0,,,,A,0
2025-12-14 15:01:47.871000+00:00,2.11204,,,,,,,,,,,,,,,0.00424,,,,,,,,,1.52901,,6.49993,,,1.80121,,,,2.11204,9.00969,,,2.49928,,A,0
2025-12-14 15:01:48.169000+00:00,,,,,,,,,,,,,,,,,,,,,,,,,,,,18772.0,,,,,,,,26044.0,,,,A,0
2025-12-14 15:01:48.171000+00:00,2.10094,,,,,,,,,,,,,,,0.00053,,,,,,,,,1.4914,,6.78964,,,1.49739,,,,2.10094,9.41985,,,2.10142,,A,0
2025-12-14 15:01:48.469000+00:00,,,,,,,,,,,,,,,,,,,,,,,,,,,,20072.0,,,,,,,,27648.0,,,,A,0
2025-12-14 15:01:48.471000+00:00,2.24959,,,,,,,,,,,,,,,0.00013,,,,,,,,,1.64781,,7.25984,,,2.90075,0.0,,,2.24959,10.0,,,3.4035,0.0,A,0
2025-12-14 15:01:48.770000+00:00,0.70664,,,,,,,,,,,,,,,2e-05,,,,,,,,,1.69252,,7.70978,21316.0,,1.50101,,,,0.70664,,,,0.0,,A,0
2025-12-14 15:01:49.071000+00:00,0.08833,,,,,,,,,,,,,,,0.0,,,,,,,,,1.39926,,8.17998,22616.0,,1.80121,,1.0,,0.08833,,,,,,A,0
2025-12-14 15:01:49.369000+00:00,,,,,,,,,,,,,,,,,,,,,,,,,,,,23860.0,,,,,,,,,,,,A,0
2025-12-14 15:01:49.372000+00:00,0.02208,,,,,,,,,,,,,,,0.0,,,,,,,,,1.54882,,8.62992,,,1.50101,,,,0.02208,,,,,,A,0
2025-12-14 15:01:49.671000+00:00,0.00276,,,,,,,,,,,,,,,0.0,,,,,,,,,2.20686,0.0,9.00969,24910.0,,0.89699,,,,0.00276,,,,,,A,0
2025-12-14 15:01:49.970000+00:00,,,,,,,,,,,,,,,,,,,,5.0,,,,,,,,,5.0,,,,,,,,5.0,,,A,0
2025-12-14 15:01:49.971000+00:00,0.00035,,,,,,,,,,,,1.0,,0.0,0.0,,,,,,1.0,,,0.38798,,,,,0.0,,0.0,1.0,0.00035,,,,,,A,0
2025-12-14 15:01:50.270000+00:00,,,,,,,,,,,,,,,,,,,21648.0,,,,,,,,,24247.0,,,,,,,,26956.0,,,,A,0
2025-12-14 15:01:50.272000+00:00,9e-05,,,,,,,,,,,,,,,0.0,,7.82986,,,-1.59866,,,,0.097,,8.76989,,,-0.89699,1000.0,,,9e-05,9.74971,,,-0.40148,,A,0
2025-12-14 15:01:50.570000+00:00,,,,,,,,,,,,,,,,,,,,,,,,,,,,,,,,,,,,25242.0,,,,A,0
2025-12-14 15:01:50.572000+00:00,-1.62443,,,,,,,,,,,,,,,-2.20088,,7.0298,,,-2.69821,,,,-1.17512,,8.32972,,,-1.50102,,,,-1.62443,9.12977,,,-2.00014,,A,0
