SourceTimeStamp,AVG_SPEED,JOB_DONE,claw_ccw,claw_cw,claw_pos,claw_pos_AI,claw_sp_pos,disturbance_pos_end,disturbance_pos_ini,disturbance_value,err,home,x_bwd,x_disturbance,x_done,x_filt_speed,x_fwd,x_pos,x_pos_AI,x_sp_pos,x_speed,y_bwd,y_disturbance,y_done,y_filt_speed,y_fwd,y_pos,y_pos_AI,y_sp_pos,y_speed,z_disturbance,z_done,z_dwn,z_filt_speed,z_pos,z_pos_AI,z_sp_pos,z_speed,z_up,client_id,has_fault
2025-12-14 14:58:12.769000+00:00,-2.18633,0.0,0.0,0.0,0.0,0.0,0.0,10.0,0.0,1000.0,0.0,0.0,0.0,1000.0,1.0,0.03703,0.0,5.21991,14432.0,5.0,0.0,1.0,1000.0,0.0,-1.54898,0.0,5.51975,15261.0,5.0,-3.00202,1000.0,0.0,1.0,-2.18633,5.30997,14681.0,5.0,-4.09795,0.0,A,0
2025-12-14 14:58:13.070000+00:00,-2.57114,0.0,0.0,0.0,0.0,0.0,0.0,10.0,0.0,1000.0,0.0,0.0,0.0,1000.0,1.0,0.00926,0.0,5.21991,14432.0,5.0,0.0,0.0,1000.0,0.0,-1.88826,0.0,5.07993,14045.0,5.0,-1.39974,1000.0,0.0,0.0,-2.57114,4.77973,13215.0,5.0,-2.10142,0.0,A,0
2025-12-14 14:58:13.368000+00:00,-2.57114,0.0,0.0,0.0,0.0,0.0,0.0,10.0,0.0,1000.0,0.0,0.0,0.0,1000.0,1.0,0.00926,0.0,5.21991,14432.0,5.0,0.0,0.0,1000.0,0.0,-1.88826,0.0,5.07993,13796.0,5.0,-1.39974,1000.0,0.0,0.0,-2.57114,4.77973,13215.0,5.0,-2.10142,0.0,A,0
2025-12-14 14:58:13.370000+00:00,-0.88427,0.0,0.0,0.0,0.0,0.0,0.0,10.0,0.0,1000.0,0.0,0.0,0.0,1000.0,1.0,0.00116,0.0,5.21991,14432.0,5.0,0.0,0.0,1000.0,0.0,-1.23565,0.0,4.98987,13796.0,5.0,0.0,1000.0,1.0,0.0,-0.88427,4.77973,13215.0,5.0,0.0,0.0,A,0
2025-12-14 14:58:13.669000+00:00,-0.11053,0.0,0.0,0.0,0.0,0.0,0.0,10.0,0.0,1000.0,0.0,0.0,1.0,1000.0,0.0,0.00014,0.0,5.21991,14432.0,0.0,0.0,1.0,1000.0,0.0,-0.15446,0.0,4.98987,13796.0,0.0,0.0,1000.0,0.0,1.0,-0.11053,4.77973,13215.0,0.0,0.0,0.0,A,0
2025-12-14 14:58:13.970000+00:00,-0.17774,0.0,0.0,0.0,0.0,0.0,0.0,10.0,0.0,1000.0,0.0,0.0,1.0,1000.0,0.0,-0.54973,0.0,4.5298,12524.0,0.0,-5.8015,1.0,1000.0,0.0,-0.33882,0.0,4.60974,12745.0,0.0,-3.20096,1000.0,0.0,1.0,-0.17774,4.29977,11888.0,0.0,-4.49942,0.0,A,0
2025-12-14 14:58:14.270000+00:00,-2.10917,0.0,0.0,0.0,0.0,0.0,0.0,10.0,0.0,1000.0,0.0,0.0,1.0,1000.0,0.0,-2.76873,0.0,3.72975,10312.0,0.0,-2.70182,1.0,1000.0,0.0,-1.56733,0.0,4.15979,11501.0,0.0,-1.50102,1000.0,0.0,1.0,-2.10917,3.67983,10174.0,0.0,-2.10142,0.0,A,0
2025-12-14 14:58:14.568000+00:00,-2.10917,0.0,0.0,0.0,0.0,0.0,0.0,10.0,0.0,1000.0,0.0,0.0,1.0,1000.0,0.0,-2.76873,0.0,3.72975,7962.0,0.0,-2.70182,1.0,1000.0,0.0,-1.56733,0.0,4.15979,10202.0,0.0,-1.50102,1000.0,0.0,1.0,-2.10917,3.67983,8349.0,0.0,-2.10142,0.0,A,0
2025-12-14 14:58:14.570000+00:00,-2.07707,0.0,0.0,0.0,0.0,0.0,0.0,10.0,0.0,1000.0,0.0,0.0,1.0,1000.0,0.0,-2.65865,0.0,2.87977,7962.0,0.0,-3.20095,1.0,1000.0,0.0,-1.45867,0.0,3.68996,10202.0,0.0,-1.7976,1000.0,0.0,1.0,-2.07707,3.01975,8349.0,0.0,-2.49928,0.0,A,0
2025-12-14 14:58:14.871000+00:00,-2.14416,0.0,0.0,0.0,0.0,0.0,0.0,10.0,0.0,1000.0,0.0,0.0,1.0,1000.0,0.0,-2.814,0.0,2.07972,5750.0,0.0,-2.60055,1.0,1000.0,0.0,-1.56457,0.0,3.24978,8985.0,0.0,-1.50101,1000.0,0.0,1.0,-2.14416,2.40994,6663.0,0.0,-2.0978,0.0,A,0
2025-12-14 14:58:15.168000+00:00,-2.14416,0.0,0.0,0.0,0.0,0.0,0.0,10.0,0.0,1000.0,0.0,0.0,1.0,1000.0,0.0,-2.814,0.0,2.07972,3538.0,0.0,-2.60055,1.0,1000.0,0.0,-1.56457,0.0,3.24978,7741.0,0.0,-1.50101,1000.0,0.0,1.0,-2.14416,2.40994,4948.0,0.0,-2.0978,0.0,A,0
2025-12-14 14:58:15.170000+00:00,-3.08106,0.0,0.0,0.0,0.0,0.0,0.0,10.0,0.0,1000.0,0.0,0.0,1.0,1000.0,0.0,-4.00165,0.0,1.27966,3538.0,0.0,-2.70182,1.0,1000.0,0.0,-2.23234,0.0,2.79984,7741.0,0.0,-1.50101,1000.0,0.0,1.0,-3.08106,1.78964,4948.0,0.0,-2.10142,0.0,A,0
2025-12-14 14:58:15.470000+00:00,-3.08106,0.0,0.0,0.0,0.0,0.0,0.0,10.0,0.0,1000.0,0.0,0.0,1.0,1000.0,0.0,-4.00165,0.0,1.27966,1188.0,0.0,-2.70182,1.0,1000.0,0.0,-2.23234,0.0,2.79984,6441.0,0.0,-1.50101,1000.0,0.0,1.0,-3.08106,1.78964,3124.0,0.0,-2.10142,0.0,A,0
2025-12-14 14:58:15.472000+00:00,-2.19765,0.0,0.0,0.0,0.0,0.0,0.0,10.0,0.0,1000.0,0.0,0.0,1.0,1000.0,0.0,-2.83808,0.0,0.42969,1188.0,0.0,-3.20095,1.0,1000.0,0.0,-1.54179,0.0,2.32964,6441.0,0.0,-1.80122,1000.0,0.0,1.0,-2.19765,1.12992,3124.0,0.0,-2.49928,0.0,A,0
2025-12-14 14:58:15.768000+00:00,-2.19765,0.0,0.0,0.0,0.0,0.0,0.0,10.0,0.0,1000.0,0.0,0.0,1.0,1000.0,0.0,-2.83808,0.0,0.42969,0.0,0.0,-3.20095,1.0,1000.0,0.0,-1.54179,0.0,2.32964,5225.0,0.0,-1.80122,1000.0,0.0,1.0,-2.19765,1.12992,1437.0,0.0,-2.49928,0.0,A,0
2025-12-14 14:58:15.770000+00:00,-2.1743,0.0,0.0,0.0,0.0,0.0,0.0,10.0,0.0,1000.0,0.0,0.0,0.0,0.0,0.0,-2.80822,0.0,0.0,0.0,0.0,-1.69994,1.0,1000.0,0.0,-1.58445,0.0,1.88983,5225.0,0.0,-1.50101,1000.0,0.0,1.0,-2.1743,0.51975,1437.0,0.0,-2.10142,0.0,A,0
2025-12-14 14:58:16.069000+00:00,-2.0834,0.0,0.0,0.0,0.0,0.0,0.0,10.0,0.0,1000.0,0.0,0.0,0.0,0.0,1.0,-0.56352,0.0,0.0,0.0,0.0,0.0,1.0,1000.0,0.0,-1.48612,0.0,1.43989,3981.0,0.0,-1.4974,0.0,0.0,0.0,-2.0834,0.0,0.0,0.0,-2.00014,0.0,A,0
2025-12-14 14:58:16.368000+00:00,-2.0834,0.0,0.0,0.0,0.0,0.0,0.0,10.0,0.0,1000.0,0.0,0.0,0.0,0.0,1.0,-0.56352,0.0,0.0,0.0,0.0,0.0,1.0,1000.0,0.0,-1.48612,0.0,1.43989,2681.0,0.0,-1.4974,0.0,0.0,0.0,-2.0834,0.0,0.0,0.0,-2.00014,0.0,A,0
2025-12-14 14:58:16.370000+00:00,-0.78533,0.0,0.0,0.0,0.0,0.0,0.0,10.0,0.0,1000.0,0.0,0.0,0.0,0.0,1.0,-0.07044,0.0,0.0,0.0,0.0,0.0,1.0,1000.0,0.0,-1.92369,0.0,0.96969,2681.0,0.0,-1.50101,0.0,0.0,0.0,-0.78533,0.0,0.0,0.0,0.0,0.0,A,0
2025-12-14 14:58:16.667000+00:00,-0.78533,0.0,0.0,0.0,0.0,0.0,0.0,10.0,0.0,1000.0,0.0,0.0,0.0,0.0,1.0,-0.07044,0.0,0.0,0.0,0.0,0.0,1.0,1000.0,0.0,-1.92369,0.0,0.96969,1465.0,0.0,-1.50101,0.0,0.0,0.0,-0.78533,0.0,0.0,0.0,0.0,0.0,A,0
2025-12-14 14:58:16.672000+00:00,-0.19633,0.0,0.0,0.0,0.0,0.0,0.0,10.0,0.0,1000.0,0.0,0.0,0.0,0.0,1.0,-0.01761,0.0,0.0,0.0,0.0,0.0,1.0,1000.0,0.0,-1.60487,0.0,0.52988,1465.0,0.0,-1.50101,0.0,1.0,0.0,-0.19633,0.0,0.0,0.0,0.0,0.0,A,0
2025-12-14 14:58:16.970000+00:00,-0.02454,0.0,0.0,0.0,0.0,0.0,0.0,10.0,0.0,1000.0,0.0,0.0,0.0,0.0,1.0,-0.0022,0.0,0.0,0.0,0.0,0.0,0.0,1000.0,0.0,-1.48868,0.0,0.04991,138.0,0.0,-1.80122,0.0,1.0,0.0,-0.02454,0.0,0.0,0.0,0.0,0.0,A,0
2025-12-14 14:58:17.269000+00:00,-0.02454,0.0,0.0,0.0,0.0,0.0,0.0,10.0,0.0,1000.0,0.0,0.0,0.0,0.0,1.0,-0.0022,0.0,0.0,0.0,0.0,0.0,0.0,1000.0,0.0,-1.48868,0.0,0.04991,0.0,0.0,-1.80122,0.0,1.0,0.0,-0.02454,0.0,0.0,0.0,0.0,0.0,A,0
2025-12-14 14:58:17.271000+00:00,-0.00307,0.0,0.0,0.0,0.0,0.0,0.0,10.0,0.0,1000.0,0.0,0.0,0.0,0.0,1.0,-0.00028,0.0,0.0,0.0,0.0,0.0,0.0,0.0,0.0,-1.03515,0.0,0.0,0.0,0.0,-0.49913,0.0,1.0,0.0,-0.00307,0.0,0.0,0.0,0.0,0.0,A,0
2025-12-14 14:58:17.569000+00:00,-0.00307,0.0,0.0,0.0,0.0,0.0,0.0,10.0,0.0,1000.0,0.0,0.0,0.0,0.0,1.0,-0.00028,0.0,0.0,0.0,8.0,0.0,0.0,0.0,0.0,-1.03515,0.0,0.0,0.0,9.0,-0.49913,0.0,1.0,0.0,-0.00307,0.0,0.0,10.0,0.0,0.0,A,0
2025-12-14 14:58:17.571000+00:00,-0.00077,0.0,0.0,0.0,0.0,0.0,0.0,10.0,0.0,1000.0,0.0,0.0,0.0,0.0,0.0,-7e-05,1.0,0.0,0.0,8.0,0.0,0.0,0.0,0.0,-0.25879,1.0,0.0,0.0,9.0,0.0,0.0,0.0,0.0,-0.00077,0.0,0.0,10.0,0.0,1.0,A,0
2025-12-14 14:58:17.868000+00:00,-0.00077,0.0,0.0,0.0,0.0,0.0,0.0,10.0,0.0,1000.0,0.0,0.0,0.0,0.0,0.0,-7e-05,1.0,0.0,1797.0,8.0,0.0,0.0,0.0,0.0,-0.25879,1.0,0.0,995.0,9.0,0.0,0.0,0.0,0.0,-0.00077,0.0,1188.0,10.0,0.0,1.0,A,0
2025-12-14 14:58:17.872000+00:00,1.09854,0.0,0.0,0.0,0.0,0.0,0.0,10.0,0.0,1000.0,0.0,0.0,0.0,1000.0,0.0,1.62398,1.0,0.64996,1797.0,8.0,2.70182,0.0,1000.0,0.0,0.86736,1.0,0.35988,995.0,9.0,1.50101,1000.0,0.0,0.0,1.09854,0.42969,1188.0,10.0,2.00014,1.0,A,0
2025-12-14 14:58:18.168000+00:00,1.09854,0.0,0.0,0.0,0.0,0.0,0.0,10.0,0.0,1000.0,0.0,0.0,0.0,1000.0,0.0,1.62398,1.0,0.64996,4147.0,8.0,2.70182,0.0,1000.0,0.0,0.86736,1.0,0.35988,2294.0,9.0,1.50101,1000.0,0.0,0.0,1.09854,0.42969,3013.0,10.0,2.00014,1.0,A,0
2025-12-14 14:58:18.170000+00:00,2.02612,0.0,0.0,0.0,0.0,0.0,0.0,10.0,0.0,1000.0,0.0,0.0,0.0,1000.0,0.0,2.68012,1.0,1.49993,4147.0,8.0,2.60055,0.0,1000.0,0.0,1.44206,1.0,0.82972,2294.0,9.0,1.50101,1000.0,0.0,0.0,2.02612,1.08977,3013.0,10.0,2.00014,1.0,A,0
2025-12-14 14:58:18.470000+00:00,2.07844,0.0,0.0,0.0,0.0,0.0,0.0,10.0,0.0,1000.0,0.0,0.0,0.0,1000.0,0.0,2.63581,1.0,2.3499,6497.0,8.0,5.89916,0.0,1000.0,0.0,1.49274,1.0,1.29991,3594.0,9.0,3.20095,1000.0,0.0,0.0,2.07844,1.74986,4838.0,10.0,4.49942,1.0,A,0
2025-12-14 14:58:18.771000+00:00,2.37117,0.0,0.0,0.0,0.0,0.0,0.0,10.0,0.0,1000.0,0.0,0.0,0.0,1000.0,0.0,3.06611,1.0,3.14996,8709.0,8.0,2.70182,0.0,1000.0,0.0,1.71157,1.0,1.73973,4810.0,9.0,1.39974,1000.0,0.0,0.0,2.37117,2.35966,6524.0,10.0,2.00014,1.0,A,0
2025-12-14 14:58:19.068000+00:00,2.37117,0.0,0.0,0.0,0.0,0.0,0.0,10.0,0.0,1000.0,0.0,0.0,0.0,1000.0,0.0,3.06611,1.0,3.14996,11059.0,8.0,2.70182,0.0,1000.0,0.0,1.71157,1.0,1.73973,6137.0,9.0,1.39974,1000.0,0.0,0.0,2.37117,2.35966,8349.0,10.0,2.00014,1.0,A,0
2025-12-14 14:58:19.070000+00:00,2.14354,0.0,0.0,0.0,0.0,0.0,0.0,10.0,0.0,1000.0,0.0,0.0,0.0,1000.0,0.0,2.74045,1.0,3.99993,11059.0,8.0,2.70182,0.0,1000.0,0.0,1.52833,1.0,2.21969,6137.0,9.0,1.50101,1000.0,0.0,0.0,2.14354,3.01975,8349.0,10.0,2.00014,1.0,A,0
2025-12-14 14:58:19.368000+00:00,2.14354,0.0,0.0,0.0,0.0,0.0,0.0,10.0,0.0,1000.0,0.0,0.0,0.0,1000.0,0.0,2.74045,1.0,3.99993,13243.0,8.0,2.70182,0.0,1000.0,0.0,1.52833,1.0,2.21969,7354.0,9.0,1.50101,1000.0,0.0,0.0,2.14354,3.01975,10063.0,10.0,2.00014,1.0,A,0
2025-12-14 14:58:19.372000+00:00,2.19349,0.0,0.0,0.0,0.0,0.0,0.0,10.0,0.0,1000.0,0.0,0.0,0.0,1000.0,0.0,2.7808,1.0,4.78986,13243.0,8.0,2.69821,0.0,1000.0,0.0,1.57857,1.0,2.65987,7354.0,9.0,1.39974,1000.0,0.0,0.0,2.19349,3.63968,10063.0,10.0,2.00014,1.0,A,0
2025-12-14 14:58:19.668000+00:00,2.19349,0.0,0.0,0.0,0.0,0.0,0.0,10.0,0.0,1000.0,0.0,0.0,0.0,1000.0,0.0,2.7808,1.0,4.78986,15621.0,8.0,2.69821,0.0,1000.0,0.0,1.57857,1.0,2.65987,8653.0,9.0,1.39974,1000.0,0.0,0.0,2.19349,3.63968,11860.0,10.0,2.00014,1.0,A,0
2025-12-14 14:58:19.673000+00:00,3.30017,0.0,0.0,0.0,0.0,0.0,0.0,10.0,0.0,1000.0,0.0,0.0,0.0,1000.0,0.0,4.28459,1.0,5.64996,15621.0,8.0,2.70183,0.0,1000.0,0.0,2.39685,1.0,3.1297,8653.0,9.0,1.39974,1000.0,0.0,0.0,3.30017,4.28964,11860.0,10.0,1.99653,1.0,A,0
2025-12-14 14:58:19.970000+00:00,2.37489,0.0,0.0,0.0,0.0,0.0,0.0,10.0,0.0,1000.0,0.0,0.0,0.0,1000.0,0.0,3.04507,1.0,6.43989,17805.0,8.0,2.70182,0.0,1000.0,0.0,1.69965,1.0,3.57964,9897.0,9.0,1.50101,1000.0,0.0,0.0,2.37489,4.90994,13575.0,10.0,2.10142,1.0,A,0
2025-12-14 14:58:20.268000+00:00,2.37489,0.0,0.0,0.0,0.0,0.0,0.0,10.0,0.0,1000.0,0.0,0.0,0.0,1000.0,0.0,3.04507,1.0,6.43989,19436.0,8.0,2.70182,0.0,1000.0,0.0,1.69965,1.0,3.57964,10782.0,9.0,1.50101,1000.0,0.0,0.0,2.37489,4.90994,14819.0,10.0,2.10142,1.0,A,0
2025-12-14 14:58:20.271000+00:00,2.10847,0.0,0.0,0.0,0.0,0.0,0.0,10.0,0.0,1000.0,0.0,0.0,0.0,1000.0,0.0,2.7176,1.0,7.0298,19436.0,8.0,3.20096,0.0,1000.0,0.0,1.52494,1.0,3.89974,10782.0,9.0,1.69994,1000.0,0.0,0.0,2.10847,5.35988,14819.0,10.0,2.40162,1.0,A,0
2025-12-14 14:58:20.568000+00:00,2.10847,0.0,0.0,0.0,0.0,0.0,0.0,10.0,0.0,1000.0,0.0,0.0,0.0,1000.0,0.0,2.7176,1.0,7.0298,21648.0,8.0,3.20096,0.0,1000.0,0.0,1.52494,1.0,3.89974,12026.0,9.0,1.69994,1000.0,0.0,0.0,2.10847,5.35988,16533.0,10.0,2.40162,1.0,A,0
2025-12-14 14:58:20.571000+00:00,2.08828,0.0,0.0,0.0,0.0,0.0,0.0,10.0,0.0,1000.0,0.0,0.0,0.0,1000.0,0.0,2.73906,0.0,7.82986,21648.0,8.0,2.69821,0.0,1000.0,0.0,1.52887,1.0,4.34968,12026.0,9.0,1.50101,1000.0,0.0,0.0,2.08828,5.97982,16533.0,10.0,2.00015,1.0,A,0
2025-12-14 14:58:20.870000+00:00,3.09821,0.0,0.0,0.0,0.0,0.0,0.0,10.0,0.0,1000.0,0.0,0.0,0.0,1000.0,0.0,3.45983,0.0,8.24978,22809.0,8.0,0.0,0.0,1000.0,0.0,2.20694,1.0,4.81988,13326.0,9.0,1.80122,1000.0,0.0,0.0,3.09821,6.6399,18358.0,10.0,2.49928,1.0,A,0
2025-12-14 14:58:21.169000+00:00,3.09821,0.0,0.0,0.0,0.0,0.0,0.0,10.0,0.0,1000.0,0.0,0.0,0.0,1000.0,0.0,3.45983,0.0,8.24978,22809.0,8.0,0.0,0.0,1000.0,0.0,2.20694,1.0,4.81988,14542.0,9.0,1.80122,1000.0,0.0,0.0,3.09821,6.6399,20044.0,10.0,2.49928,1.0,A,0
2025-12-14 14:58:21.171000+00:00,2.24862,0.0,0.0,0.0,0.0,0.0,0.0,10.0,0.0,1000.0,0.0,0.0,0.0,1000.0,1.0,0.43248,0.0,8.24978,22809.0,8.0,0.0,0.0,1000.0,0.0,1.62497,1.0,5.25969,14542.0,9.0,1.39974,1000.0,0.0,0.0,2.24862,7.24971,20044.0,10.0,2.00015,1.0,A,0
2025-12-14 14:58:21.469000+00:00,2.24862,0.0,0.0,0.0,0.0,0.0,0.0,10.0,0.0,1000.0,0.0,0.0,0.0,1000.0,1.0,0.43248,0.0,8.24978,22809.0,8.0,0.0,0.0,1000.0,0.0,1.62497,1.0,5.25969,15787.0,9.0,1.39974,1000.0,0.0,0.0,2.24862,7.24971,21758.0,10.0,2.00015,1.0,A,0
2025-12-14 14:58:21.472000+00:00,2.05652,0.0,0.0,0.0,0.0,0.0,0.0,10.0,0.0,1000.0,0.0,0.0,0.0,1000.0,1.0,0.05406,0.0,8.24978,22809.0,8.0,0.0,0.0,1000.0,0.0,1.50385,1.0,5.71,15787.0,9.0,1.50101,1000.0,0.0,0.0,2.05652,7.86965,21758.0,10.0,2.00015,1.0,A,0
2025-12-14 14:58:21.767000+00:00,2.05652,0.0,0.0,0.0,0.0,0.0,0.0,10.0,0.0,1000.0,0.0,0.0,0.0,1000.0,1.0,0.05406,0.0,8.24978,22809.0,8.0,0.0,0.0,1000.0,0.0,1.50385,1.0,5.71,17086.0,9.0,1.50101,1000.0,0.0,0.0,2.05652,7.86965,23583.0,10.0,2.00015,1.0,A,0
2025-12-14 14:58:21.769000+00:00,2.23939,0.0,0.0,0.0,0.0,0.0,0.0,10.0,0.0,1000.0,0.0,0.0,0.0,1000.0,1.0,0.01352,0.0,8.24978,22809.0,8.0,0.0,0.0,1000.0,0.0,1.60119,1.0,6.17983,17086.0,9.0,1.4974,1000.0,0.0,0.0,2.23939,8.52973,23583.0,10.0,2.10142,1.0,A,0
2025-12-14 14:58:22.070000+00:00,2.23939,0.0,0.0,0.0,0.0,0.0,0.0,10.0,0.0,1000.0,0.0,0.0,0.0,1000.0,1.0,0.01352,0.0,8.24978,22809.0,8.0,0.0,0.0,1000.0,0.0,1.60119,1.0,6.17983,18302.0,9.0,1.4974,1000.0,0.0,0.0,2.23939,8.52973,25270.0,10.0,2.10142,1.0,A,0
2025-12-14 14:58:22.072000+00:00,2.6178,0.0,0.0,0.0,0.0,0.0,0.0,10.0,0.0,1000.0,0.0,0.0,0.0,1000.0,1.0,0.00169,0.0,8.24978,22809.0,8.0,0.0,0.0,1000.0,0.0,1.88653,1.0,6.61965,18302.0,9.0,1.39974,1000.0,0.0,0.0,2.6178,9.1399,25270.0,10.0,2.00014,1.0,A,0
2025-12-14 14:58:22.370000+00:00,2.00446,0.0,0.0,0.0,0.0,0.0,0.0,10.0,0.0,1000.0,0.0,0.0,0.0,1000.0,1.0,0.00042,0.0,8.24978,22809.0,8.0,0.0,0.0,1000.0,0.0,1.42197,1.0,7.09997,19630.0,9.0,2.10142,1000.0,0.0,0.0,2.00446,9.79998,27095.0,10.0,2.79948,0.0,A,0
2025-12-14 14:58:22.670000+00:00,2.12592,0.0,0.0,0.0,0.0,0.0,0.0,10.0,0.0,1000.0,0.0,0.0,0.0,1000.0,1.0,5e-05,0.0,8.24978,22809.0,8.0,0.0,0.0,1000.0,0.0,1.51555,1.0,7.53979,20846.0,9.0,1.4974,0.0,0.0,0.0,2.12592,10.0,27648.0,10.0,0.0,0.0,A,0
2025-12-14 14:58:22.970000+00:00,0.26574,0.0,0.0,0.0,0.0,0.0,0.0,10.0,0.0,1000.0,0.0,0.0,0.0,1000.0,1.0,1e-05,0.0,8.24978,22809.0,8.0,0.0,0.0,1000.0,0.0,1.50238,1.0,8.00998,22146.0,9.0,3.20095,0.0,1.0,0.0,0.26574,10.0,27648.0,10.0,0.0,0.0,A,0
2025-12-14 14:58:23.269000+00:00,0.06643,0.0,0.0,0.0,0.0,0.0,0.0,10.0,0.0,1000.0,0.0,0.0,0.0,1000.0,1.0,0.0,0.0,8.24978,22809.0,8.0,0.0,0.0,1000.0,0.0,1.92453,1.0,8.45992,23390.0,9.0,1.50101,0.0,1.0,0.0,0.06643,10.0,27648.0,10.0,0.0,0.0,A,0
2025-12-14 14:58:23.570000+00:00,0.0083,0.0,0.0,0.0,0.0,0.0,0.0,10.0,0.0,1000.0,0.0,0.0,0.0,1000.0,1.0,0.0,0.0,8.24978,22809.0,8.0,0.0,0.0,1000.0,0.0,1.50331,0.0,8.89974,24606.0,9.0,1.50102,0.0,1.0,0.0,0.0083,10.0,27648.0,10.0,0.0,0.0,A,0
2025-12-14 14:58:23.871000+00:00,0.00104,0.0,0.0,0.0,0.0,0.0,0.0,10.0,0.0,1000.0,0.0,0.0,0.0,1000.0,1.0,0.0,0.0,8.24978,22809.0,8.0,0.0,0.0,1000.0,0.0,1.05009,0.0,8.95978,24772.0,9.0,0.0,0.0,1.0,0.0,0.00104,10.0,27648.0,10.0,0.0,0.0,A,0
2025-12-14 14:58:24.169000+00:00,0.00104,0.0,0.0,0.0,0.0,0.0,0.0,10.0,0.0,1000.0,0.0,0.0,0.0,1000.0,1.0,0.0,0.0,8.24978,22809.0,5.0,0.0,0.0,1000.0,0.0,1.05009,0.0,8.95978,24772.0,5.0,0.0,0.0,1.0,0.0,0.00104,10.0,27648.0,5.0,0.0,0.0,A,0
2025-12-14 14:58:24.173000+00:00,0.00026,0.0,0.0,0.0,0.0,0.0,0.0,10.0,0.0,1000.0,0.0,0.0,1.0,1000.0,0.0,0.0,0.0,8.24978,22809.0,5.0,0.0,1.0,1000.0,0.0,0.26252,0.0,8.95978,24772.0,5.0,0.0,0.0,0.0,1.0,0.00026,10.0,27648.0,5.0,0.0,0.0,A,0
2025-12-14 14:58:24.468000+00:00,0.00026,0.0,0.0,0.0,0.0,0.0,0.0,10.0,0.0,1000.0,0.0,0.0,1.0,1000.0,0.0,0.0,0.0,8.24978,20901.0,5.0,0.0,1.0,1000.0,0.0,0.26252,0.0,8.95978,23694.0,5.0,0.0,0.0,0.0,1.0,0.00026,10.0,26403.0,5.0,0.0,0.0,A,0
2025-12-14 14:58:24.470000+00:00,-1.12573,0.0,0.0,0.0,0.0,0.0,0.0,10.0,0.0,1000.0,0.0,0.0,1.0,1000.0,0.0,-1.69994,0.0,7.55968,20901.0,5.0,-2.70183,1.0,1000.0,0.0,-0.94104,0.0,8.56988,23694.0,5.0,-1.50101,1000.0,0.0,1.0,-1.12573,9.5497,26403.0,5.0,-2.10142,0.0,A,0
2025-12-14 14:58:24.768000+00:00,-1.12573,0.0,0.0,0.0,0.0,0.0,0.0,10.0,0.0,1000.0,0.0,0.0,1.0,1000.0,0.0,-1.69994,0.0,7.55968,18551.0,5.0,-2.70183,1.0,1000.0,0.0,-0.94104,0.0,8.56988,22394.0,5.0,-1.50101,1000.0,0.0,1.0,-1.12573,9.5497,24606.0,5.0,-2.10142,0.0,A,0
2025-12-14 14:58:24.770000+00:00,-2.15307,0.0,0.0,0.0,0.0,0.0,0.0,10.0,0.0,1000.0,0.0,0.0,1.0,1000.0,0.0,-2.82525,0.0,6.70971,18551.0,5.0,-2.60055,1.0,1000.0,0.0,-1.5558,0.0,8.09968,22394.0,5.0,-1.50101,1000.0,0.0,1.0,-2.15307,8.89974,24606.0,5.0,-2.00015,0.0,A,0
2025-12-14 14:58:25.069000+00:00,-2.15307,0.0,0.0,0.0,0.0,0.0,0.0,10.0,0.0,1000.0,0.0,0.0,1.0,1000.0,0.0,-2.82525,0.0,6.70971,16339.0,5.0,-2.60055,1.0,1000.0,0.0,-1.5558,0.0,8.09968,21178.0,5.0,-1.50101,1000.0,0.0,1.0,-2.15307,8.89974,22892.0,5.0,-2.00015,0.0,A,0
2025-12-14 14:58:25.071000+00:00,-2.0872,0.0,0.0,0.0,0.0,0.0,0.0,10.0,0.0,1000.0,0.0,0.0,1.0,1000.0,0.0,-2.70555,0.0,5.90965,16339.0,5.0,-2.60055,1.0,1000.0,0.0,-1.5129,0.0,7.65987,21178.0,5.0,-1.39974,1000.0,0.0,1.0,-2.0872,8.2798,22892.0,5.0,-2.00015,0.0,A,0
2025-12-14 14:58:25.369000+00:00,-2.0872,0.0,0.0,0.0,0.0,0.0,0.0,10.0,0.0,1000.0,0.0,0.0,1.0,1000.0,0.0,-2.70555,0.0,5.90965,13989.0,5.0,-2.60055,1.0,1000.0,0.0,-1.5129,0.0,7.65987,19851.0,5.0,-1.39974,1000.0,0.0,1.0,-2.0872,8.2798,21067.0,5.0,-2.00015,0.0,A,0
2025-12-14 14:58:25.371000+00:00,-3.28598,0.0,0.0,0.0,0.0,0.0,0.0,10.0,0.0,1000.0,0.0,0.0,0.0,1000.0,0.0,-4.23766,0.0,5.05968,13989.0,5.0,-2.70183,1.0,1000.0,0.0,-2.39045,0.0,7.1799,19851.0,5.0,-1.4974,1000.0,0.0,1.0,-3.28598,7.61972,21067.0,5.0,-2.10142,0.0,A,0
2025-12-14 14:58:25.670000+00:00,-2.22236,0.0,0.0,0.0,0.0,0.0,0.0,10.0,0.0,1000.0,0.0,0.0,0.0,1000.0,0.0,-2.04293,1.0,4.68967,12966.0,5.0,0.0,1.0,1000.0,0.0,-1.58642,0.0,6.73973,18634.0,5.0,-1.50101,1000.0,0.0,1.0,-2.22236,7.00991,19381.0,5.0,-2.00015,0.0,A,0
2025-12-14 14:58:25.971000+00:00,-2.10634,0.0,0.0,0.0,0.0,0.0,0.0,10.0,0.0,1000.0,0.0,0.0,0.0,1000.0,0.0,-0.00979,0.0,5.21991,14432.0,5.0,2.6982,1.0,1000.0,0.0,-1.52056,0.0,6.26989,17335.0,5.0,-1.40336,1000.0,0.0,1.0,-2.10634,6.34983,17556.0,5.0,-2.00015,0.0,A,0
2025-12-14 14:58:26.269000+00:00,-2.18884,0.0,0.0,0.0,0.0,0.0,0.0,10.0,0.0,1000.0,0.0,0.0,0.0,1000.0,1.0,0.73662,0.0,5.21991,14432.0,5.0,0.0,1.0,1000.0,0.0,-1.56539,0.0,5.81995,16091.0,5.0,-1.50101,1000.0,0.0,1.0,-2.18884,5.72989,15842.0,5.0,-2.00015,0.0,A,0
2025-12-14 14:58:26.570000+00:00,-2.18884,0.0,0.0,0.0,0.0,0.0,0.0,10.0,0.0,1000.0,0.0,0.0,0.0,1000.0,1.0,0.73662,0.0,5.21991,14432.0,5.0,0.0,1.0,1000.0,0.0,-1.56539,0.0,5.81995,14874.0,5.0,-1.50101,1000.0,0.0,1.0,-2.18884,5.72989,14155.0,5.0,-2.00015,0.0,A,0
2025-12-14 14:58:26.572000+00:00,-2.59882,0.0,0.0,0.0,0.0,0.0,0.0,10.0,0.0,1000.0,0.0,0.0,0.0,1000.0,1.0,0.09208,0.0,5.21991,14432.0,5.0,0.0,1.0,1000.0,0.0,-1.85809,0.0,5.37977,14874.0,5.0,-1.50101,1000.0,0.0,0.0,-2.59882,5.11972,14155.0,5.0,-2.00015,0.0,A,0
2025-12-14 14:58:26.870000+00:00,-2.19864,0.0,0.0,0.0,0.0,0.0,0.0,10.0,0.0,1000.0,0.0,0.0,0.0,1000.0,1.0,0.02302,0.0,5.21991,14432.0,5.0,0.0,0.0,1000.0,0.0,-1.59028,0.0,5.0,13824.0,5.0,-1.69994,1000.0,0.0,0.0,-2.19864,4.78986,13243.0,5.0,-1.20081,0.0,A,0
2025-12-14 14:58:27.168000+00:00,-2.19864,0.0,0.0,0.0,0.0,0.0,0.0,10.0,0.0,1000.0,0.0,0.0,0.0,1000.0,1.0,0.02302,0.0,5.21991,14432.0,0.0,0.0,0.0,1000.0,0.0,-1.59028,0.0,5.0,13824.0,0.0,-1.69994,1000.0,0.0,0.0,-2.19864,4.78986,13243.0,0.0,-1.20081,0.0,A,0
2025-12-14 14:58:27.171000+00:00,-0.42493,0.0,0.0,0.0,0.0,0.0,0.0,10.0,0.0,1000.0,0.0,0.0,1.0,1000.0,0.0,0.00288,0.0,5.21991,14432.0,0.0,0.0,1.0,1000.0,0.0,-0.56047,0.0,5.0,13824.0,0.0,0.0,1000.0,0.0,1.0,-0.42493,4.78986,13243.0,0.0,0.0,0.0,A,0
2025-12-14 14:58:27.468000+00:00,-0.42493,0.0,0.0,0.0,0.0,0.0,0.0,10.0,0.0,1000.0,0.0,0.0,1.0,1000.0,0.0,0.00288,0.0,5.21991,13989.0,0.0,0.0,1.0,1000.0,0.0,-0.56047,0.0,5.0,13575.0,0.0,0.0,1000.0,0.0,1.0,-0.42493,4.78986,13049.0,0.0,0.0,0.0,A,0
2025-12-14 14:58:27.471000+00:00,-0.05312,0.0,0.0,0.0,0.0,0.0,0.0,10.0,0.0,1000.0,0.0,0.0,1.0,1000.0,0.0,0.00036,0.0,5.05968,13989.0,0.0,0.0,1.0,1000.0,0.0,-0.07006,0.0,4.90994,13575.0,0.0,0.0,1000.0,0.0,1.0,-0.05312,4.71969,13049.0,0.0,0.0,0.0,A,0
2025-12-14 14:58:27.769000+00:00,-0.05312,0.0,0.0,0.0,0.0,0.0,0.0,10.0,0.0,1000.0,0.0,0.0,1.0,1000.0,0.0,0.00036,0.0,5.05968,11778.0,0.0,0.0,1.0,1000.0,0.0,-0.07006,0.0,4.90994,12331.0,0.0,0.0,1000.0,0.0,1.0,-0.05312,4.71969,11335.0,0.0,0.0,0.0,A,0
2025-12-14 14:58:27.773000+00:00,-1.71322,0.0,0.0,0.0,0.0,0.0,0.0,10.0,0.0,1000.0,0.0,0.0,1.0,1000.0,0.0,-2.37531,0.0,4.25998,11778.0,0.0,-2.69821,1.0,1000.0,0.0,-1.36843,0.0,4.46,12331.0,0.0,-1.49739,1000.0,0.0,1.0,-1.71322,4.09975,11335.0,0.0,-2.10142,0.0,A,0
2025-12-14 14:58:28.068000+00:00,-1.71322,0.0,0.0,0.0,0.0,0.0,0.0,10.0,0.0,1000.0,0.0,0.0,1.0,1000.0,0.0,-2.37531,0.0,4.25998,9427.0,0.0,-2.69821,1.0,1000.0,0.0,-1.36843,0.0,4.46,11031.0,0.0,-1.49739,1000.0,0.0,1.0,-1.71322,4.09975,9510.0,0.0,-2.10142,0.0,A,0
2025-12-14 14:58:28.070000+00:00,-2.02577,0.0,0.0,0.0,0.0,0.0,0.0,10.0,0.0,1000.0,0.0,0.0,1.0,1000.0,0.0,-2.63524,0.0,3.40965,9427.0,0.0,-3.20096,1.0,1000.0,0.0,-1.45777,0.0,3.9898,11031.0,0.0,-1.80122,1000.0,0.0,1.0,-2.02577,3.43967,9510.0,0.0,-2.50289,0.0,A,0
2025-12-14 14:58:28.371000+00:00,-2.13224,0.0,0.0,0.0,0.0,0.0,0.0,10.0,0.0,1000.0,0.0,0.0,1.0,1000.0,0.0,-2.75752,0.0,2.60995,7216.0,0.0,-2.70182,1.0,1000.0,0.0,-1.56525,0.0,3.54999,9815.0,0.0,-1.39974,1000.0,0.0,1.0,-2.13224,2.82986,7824.0,0.0,-2.0978,0.0,A,0
2025-12-14 14:58:28.668000+00:00,-2.13224,0.0,0.0,0.0,0.0,0.0,0.0,10.0,0.0,1000.0,0.0,0.0,1.0,1000.0,0.0,-2.75752,0.0,2.60995,4866.0,0.0,-2.70182,1.0,1000.0,0.0,-1.56525,0.0,3.54999,8515.0,0.0,-1.39974,1000.0,0.0,1.0,-2.13224,2.82986,5999.0,0.0,-2.0978,0.0,A,0
2025-12-14 14:58:28.670000+00:00,-2.0795,0.0,0.0,0.0,0.0,0.0,0.0,10.0,0.0,1000.0,0.0,0.0,1.0,1000.0,0.0,-2.65724,0.0,1.75998,4866.0,0.0,-5.89916,1.0,1000.0,0.0,-1.49548,0.0,3.07979,8515.0,0.0,-3.20096,1000.0,0.0,1.0,-2.0795,2.16978,5999.0,0.0,-4.49942,0.0,A,0
2025-12-14 14:58:28.968000+00:00,-2.0795,0.0,0.0,0.0,0.0,0.0,0.0,10.0,0.0,1000.0,0.0,0.0,1.0,1000.0,0.0,-2.65724,0.0,1.75998,2681.0,0.0,-5.89916,1.0,1000.0,0.0,-1.49548,0.0,3.07979,7271.0,0.0,-3.20096,1000.0,0.0,1.0,-2.0795,2.16978,4285.0,0.0,-4.49942,0.0,A,0
2025-12-14 14:58:28.972000+00:00,-2.34689,0.0,0.0,0.0,0.0,0.0,0.0,10.0,0.0,1000.0,0.0,0.0,1.0,1000.0,0.0,-3.0706,0.0,0.96969,2681.0,0.0,-2.60055,1.0,1000.0,0.0,-1.71101,0.0,2.62985,7271.0,0.0,-1.50101,1000.0,0.0,1.0,-2.34689,1.54984,4285.0,0.0,-2.10142,0.0,A,0
2025-12-14 14:58:29.271000+00:00,-2.11215,0.0,0.0,0.0,0.0,0.0,0.0,10.0,0.0,1000.0,0.0,0.0,0.0,1000.0,0.0,-2.76689,0.0,0.10995,304.0,0.0,-3.20095,1.0,1000.0,0.0,-1.55351,0.0,2.15965,5971.0,0.0,-1.69994,1000.0,0.0,1.0,-2.11215,0.89988,2488.0,0.0,-2.49928,0.0,A,0
2025-12-14 14:58:29.569000+00:00,-2.11215,0.0,0.0,0.0,0.0,0.0,0.0,10.0,0.0,1000.0,0.0,0.0,0.0,1000.0,0.0,-2.76689,0.0,0.10995,0.0,0.0,-3.20095,1.0,1000.0,0.0,-1.55351,0.0,2.15965,4755.0,0.0,-1.69994,1000.0,0.0,1.0,-2.11215,0.89988,774.0,0.0,-2.49928,0.0,A,0
2025-12-14 14:58:29.571000+00:00,-2.12717,0.0,0.0,0.0,0.0,0.0,0.0,10.0,0.0,1000.0,0.0,0.0,0.0,0.0,0.0,-1.9703,0.0,0.0,0.0,0.0,0.0,1.0,1000.0,0.0,-1.53063,0.0,1.71984,4755.0,0.0,-1.50101,1000.0,0.0,0.0,-2.12717,0.27995,774.0,0.0,-2.0978,0.0,A,0
2025-12-14 14:58:29.869000+00:00,-2.4279,0.0,0.0,0.0,0.0,0.0,0.0,10.0,0.0,1000.0,0.0,0.0,0.0,0.0,1.0,-0.24629,0.0,0.0,0.0,0.0,0.0,1.0,1000.0,0.0,-2.3782,0.0,1.23987,3428.0,0.0,-1.50101,0.0,0.0,0.0,-2.4279,0.0,0.0,0.0,0.0,0.0,A,0
2025-12-14 14:58:30.169000+00:00,-2.4279,0.0,0.0,0.0,0.0,0.0,0.0,10.0,0.0,1000.0,0.0,0.0,0.0,0.0,1.0,-0.24629,0.0,0.0,0.0,0.0,0.0,1.0,1000.0,0.0,-2.3782,0.0,1.23987,2211.0,0.0,-1.50101,0.0,0.0,0.0,-2.4279,0.0,0.0,0.0,0.0,0.0,A,0
2025-12-14 14:58:30.172000+00:00,-0.60697,0.0,0.0,0.0,0.0,0.0,0.0,10.0,0.0,1000.0,0.0,0.0,0.0,0.0,1.0,-0.06157,0.0,0.0,0.0,0.0,0.0,1.0,1000.0,0.0,-1.72031,0.0,0.7997,2211.0,0.0,-1.39974,0.0,1.0,0.0,-0.60697,0.0,0.0,0.0,0.0,0.0,A,0
2025-12-14 14:58:30.471000+00:00,-0.07587,0.0,0.0,0.0,0.0,0.0,0.0,10.0,0.0,1000.0,0.0,0.0,0.0,0.0,1.0,-0.0077,0.0,0.0,0.0,0.0,0.0,1.0,1000.0,0.0,-1.66406,0.0,0.32986,1299.0,0.0,-1.50101,0.0,1.0,0.0,-0.07587,0.0,0.0,0.0,0.0,0.0,A,0
2025-12-14 14:58:30.769000+00:00,-0.07587,0.0,0.0,0.0,0.0,0.0,0.0,10.0,0.0,1000.0,0.0,0.0,0.0,0.0,1.0,-0.0077,0.0,0.0,0.0,0.0,0.0,1.0,1000.0,0.0,-1.66406,0.0,0.32986,82.0,0.0,-1.50101,0.0,1.0,0.0,-0.07587,0.0,0.0,0.0,0.0,0.0,A,0
2025-12-14 14:58:30.773000+00:00,-0.00948,0.0,0.0,0.0,0.0,0.0,0.0,10.0,0.0,1000.0,0.0,0.0,0.0,0.0,1.0,-0.00096,0.0,0.0,0.0,0.0,0.0,0.0,1000.0,0.0,-1.49608,0.0,0.02966,82.0,0.0,-1.50101,0.0,1.0,0.0,-0.00948,0.0,0.0,0.0,0.0,0.0,A,0
2025-12-14 14:58:31.069000+00:00,-0.00237,0.0,0.0,0.0,0.0,0.0,0.0,10.0,0.0,1000.0,0.0,0.0,0.0,0.0,1.0,-0.00024,0.0,0.0,0.0,0.0,0.0,0.0,0.0,0.0,-0.89756,0.0,0.0,0.0,0.0,0.0,0.0,1.0,0.0,-0.00237,0.0,0.0,0.0,0.0,0.0,A,0
2025-12-14 14:58:31.370000+00:00,-0.0003,0.0,0.0,0.0,0.0,0.0,0.0,10.0,0.0,1000.0,0.0,0.0,0.0,1000.0,0.0,-3e-05,1.0,0.10995,304.0,8.0,1.09954,0.0,1000.0,0.0,-0.1122,1.0,0.03979,110.0,9.0,0.39786,1000.0,0.0,0.0,-0.0003,0.02966,82.0,10.0,0.29659,1.0,A,0
2025-12-14 14:58:31.671000+00:00,1.66283,0.0,0.0,0.0,0.0,0.0,0.0,10.0,0.0,1000.0,0.0,0.0,0.0,1000.0,0.0,2.28768,1.0,0.95992,2654.0,8.0,2.70182,0.0,1000.0,0.0,1.23471,1.0,0.51975,1437.0,9.0,1.4974,1000.0,0.0,0.0,1.66283,0.68974,1907.0,10.0,2.00014,1.0,A,0
2025-12-14 14:58:31.968000+00:00,1.66283,0.0,0.0,0.0,0.0,0.0,0.0,10.0,0.0,1000.0,0.0,0.0,0.0,1000.0,0.0,2.28768,1.0,0.95992,5004.0,8.0,2.70182,0.0,1000.0,0.0,1.23471,1.0,0.51975,2737.0,9.0,1.4974,1000.0,0.0,0.0,1.66283,0.68974,3704.0,10.0,2.00014,1.0,A,0
2025-12-14 14:58:31.971000+00:00,1.94023,0.0,0.0,0.0,0.0,0.0,0.0,10.0,0.0,1000.0,0.0,0.0,0.0,1000.0,0.0,2.57116,1.0,1.8099,5004.0,8.0,2.70182,0.0,1000.0,0.0,1.43444,1.0,0.98994,2737.0,9.0,1.50101,1000.0,0.0,0.0,1.94023,1.3397,3704.0,10.0,2.10142,1.0,A,0
2025-12-14 14:58:32.269000+00:00,1.94023,0.0,0.0,0.0,0.0,0.0,0.0,10.0,0.0,1000.0,0.0,0.0,0.0,1000.0,0.0,2.57116,1.0,1.8099,7077.0,8.0,2.70182,0.0,1000.0,0.0,1.43444,1.0,0.98994,3898.0,9.0,1.50101,1000.0,0.0,0.0,1.94023,1.3397,5308.0,10.0,2.10142,1.0,A,0
2025-12-14 14:58:32.272000+00:00,2.52976,0.0,0.0,0.0,0.0,0.0,0.0,10.0,0.0,1000.0,0.0,0.0,0.0,1000.0,0.0,3.28409,1.0,2.55968,7077.0,8.0,2.69821,0.0,1000.0,0.0,1.84172,1.0,1.40987,3898.0,9.0,1.50101,1000.0,0.0,0.0,2.52976,1.91985,5308.0,10.0,2.10142,1.0,A,0
2025-12-14 14:58:32.568000+00:00,2.52976,0.0,0.0,0.0,0.0,0.0,0.0,10.0,0.0,1000.0,0.0,0.0,0.0,1000.0,0.0,3.28409,1.0,2.55968,9427.0,8.0,2.69821,0.0,1000.0,0.0,1.84172,1.0,1.40987,5197.0,9.0,1.50101,1000.0,0.0,0.0,2.52976,1.91985,7133.0,10.0,2.10142,1.0,A,0
2025-12-14 14:58:32.571000+00:00,2.40743,0.0,0.0,0.0,0.0,0.0,0.0,10.0,0.0,1000.0,0.0,0.0,0.0,1000.0,0.0,3.09605,1.0,3.40965,9427.0,8.0,2.60055,0.0,1000.0,0.0,1.68565,1.0,1.8797,5197.0,9.0,1.50101,1000.0,0.0,0.0,2.40743,2.57993,7133.0,10.0,2.00014,1.0,A,0
2025-12-14 14:58:32.870000+00:00,2.07637,0.0,0.0,0.0,0.0,0.0,0.0,10.0,0.0,1000.0,0.0,0.0,0.0,1000.0,0.0,2.73754,1.0,4.25998,11778.0,8.0,2.60055,0.0,1000.0,0.0,1.52319,1.0,2.3499,6497.0,9.0,1.50101,1000.0,0.0,0.0,2.07637,3.22989,8930.0,10.0,2.0978,1.0,A,0
2025-12-14 14:58:33.168000+00:00,2.07637,0.0,0.0,0.0,0.0,0.0,0.0,10.0,0.0,1000.0,0.0,0.0,0.0,1000.0,0.0,2.73754,1.0,4.25998,13989.0,8.0,2.60055,0.0,1000.0,0.0,1.52319,1.0,2.3499,7741.0,9.0,1.50101,1000.0,0.0,0.0,2.07637,3.22989,10644.0,10.0,2.0978,1.0,A,0
2025-12-14 14:58:33.170000+00:00,2.17108,0.0,0.0,0.0,0.0,0.0,0.0,10.0,0.0,1000.0,0.0,0.0,0.0,1000.0,0.0,2.8166,1.0,5.05968,13989.0,8.0,5.29875,0.0,1000.0,0.0,1.55352,1.0,2.79984,7741.0,9.0,2.99841,1000.0,0.0,0.0,2.17108,3.84983,10644.0,10.0,4.10156,1.0,A,0
2025-12-14 14:58:33.470000+00:00,2.61887,0.0,0.0,0.0,0.0,0.0,0.0,10.0,0.0,1000.0,0.0,0.0,0.0,1000.0,0.0,3.32911,1.0,5.85974,16201.0,8.0,2.70182,0.0,1000.0,0.0,1.83785,1.0,3.23966,8957.0,9.0,1.50101,1000.0,0.0,0.0,2.61887,4.46976,12358.0,10.0,2.00015,1.0,A,0
2025-12-14 14:58:33.769000+00:00,2.61887,0.0,0.0,0.0,0.0,0.0,0.0,10.0,0.0,1000.0,0.0,0.0,0.0,1000.0,0.0,3.32911,1.0,5.85974,17805.0,8.0,2.70182,0.0,1000.0,0.0,1.83785,1.0,3.23966,9870.0,9.0,1.50101,1000.0,0.0,0.0,2.61887,4.46976,13602.0,10.0,2.00015,1.0,A,0
2025-12-14 14:58:33.772000+00:00,2.30264,0.0,0.0,0.0,0.0,0.0,0.0,10.0,0.0,1000.0,0.0,0.0,0.0,1000.0,0.0,3.0289,1.0,6.43989,17805.0,8.0,2.60055,0.0,1000.0,0.0,1.69231,1.0,3.56988,9870.0,9.0,1.50101,1000.0,0.0,0.0,2.30264,4.9197,13602.0,10.0,2.0978,1.0,A,0
2025-12-14 14:58:34.068000+00:00,2.30264,0.0,0.0,0.0,0.0,0.0,0.0,10.0,0.0,1000.0,0.0,0.0,0.0,1000.0,0.0,3.0289,1.0,6.43989,20017.0,8.0,2.60055,0.0,1000.0,0.0,1.69231,1.0,3.56988,11086.0,9.0,1.50101,1000.0,0.0,0.0,2.30264,4.9197,15289.0,10.0,2.0978,1.0,A,0
2025-12-14 14:58:34.072000+00:00,2.1008,0.0,0.0,0.0,0.0,0.0,0.0,10.0,0.0,1000.0,0.0,0.0,0.0,1000.0,0.0,2.67851,1.0,7.23994,20017.0,8.0,2.70182,0.0,1000.0,0.0,1.49961,1.0,4.00969,11086.0,9.0,1.4974,1000.0,0.0,0.0,2.1008,5.52988,15289.0,10.0,2.00014,1.0,A,0
2025-12-14 14:58:34.369000+00:00,2.1008,0.0,0.0,0.0,0.0,0.0,0.0,10.0,0.0,1000.0,0.0,0.0,0.0,1000.0,0.0,2.67851,1.0,7.23994,22367.0,8.0,2.70182,0.0,1000.0,0.0,1.49961,1.0,4.00969,12386.0,9.0,1.4974,1000.0,0.0,0.0,2.1008,5.52988,17114.0,10.0,2.00014,1.0,A,0
2025-12-14 14:58:34.373000+00:00,2.07414,0.0,0.0,0.0,0.0,0.0,0.0,10.0,0.0,1000.0,0.0,0.0,0.0,1000.0,0.0,2.64536,0.0,8.08992,22367.0,8.0,5.89916,0.0,1000.0,0.0,1.49976,1.0,4.47989,12386.0,9.0,3.20096,1000.0,0.0,0.0,2.07414,6.18996,17114.0,10.0,4.50304,1.0,A,0
2025-12-14 14:58:34.669000+00:00,2.07414,0.0,0.0,0.0,0.0,0.0,0.0,10.0,0.0,1000.0,0.0,0.0,0.0,1000.0,0.0,2.64536,0.0,8.08992,22809.0,8.0,5.89916,0.0,1000.0,0.0,1.49976,1.0,4.47989,13630.0,9.0,3.20096,1000.0,0.0,0.0,2.07414,6.18996,18828.0,10.0,4.50304,1.0,A,0
2025-12-14 14:58:34.671000+00:00,2.34667,0.0,0.0,0.0,0.0,0.0,0.0,10.0,0.0,1000.0,0.0,0.0,0.0,1000.0,0.0,1.46773,0.0,8.24978,22809.0,8.0,0.0,0.0,1000.0,0.0,1.71154,1.0,4.92983,13630.0,9.0,1.50101,1000.0,0.0,0.0,2.34667,6.8099,18828.0,10.0,2.10142,1.0,A,0
2025-12-14 14:58:34.968000+00:00,2.34667,0.0,0.0,0.0,0.0,0.0,0.0,10.0,0.0,1000.0,0.0,0.0,0.0,1000.0,0.0,1.46773,0.0,8.24978,22809.0,8.0,0.0,0.0,1000.0,0.0,1.71154,1.0,4.92983,14929.0,9.0,1.50101,1000.0,0.0,0.0,2.34667,6.8099,20625.0,10.0,2.10142,1.0,A,0
2025-12-14 14:58:34.970000+00:00,2.10495,0.0,0.0,0.0,0.0,0.0,0.0,10.0,0.0,1000.0,0.0,0.0,0.0,1000.0,1.0,0.18347,0.0,8.24978,22809.0,8.0,0.0,0.0,1000.0,0.0,1.50201,1.0,5.39967,14929.0,9.0,1.50101,1000.0,0.0,0.0,2.10495,7.45985,20625.0,10.0,2.0978,1.0,A,0
2025-12-14 14:58:35.269000+00:00,2.10495,0.0,0.0,0.0,0.0,0.0,0.0,10.0,0.0,1000.0,0.0,0.0,0.0,1000.0,1.0,0.18347,0.0,8.24978,22809.0,8.0,0.0,0.0,1000.0,0.0,1.50201,1.0,5.39967,16146.0,9.0,1.50101,1000.0,0.0,0.0,2.10495,7.45985,22339.0,10.0,2.0978,1.0,A,0
2025-12-14 14:58:35.271000+00:00,2.17735,0.0,0.0,0.0,0.0,0.0,0.0,10.0,0.0,1000.0,0.0,0.0,0.0,1000.0,1.0,0.04587,0.0,8.24978,22809.0,8.0,0.0,0.0,1000.0,0.0,1.57541,1.0,5.83984,16146.0,9.0,1.39974,1000.0,0.0,0.0,2.17735,8.07979,22339.0,10.0,2.0978,1.0,A,0
2025-12-14 14:58:35.569000+00:00,3.08521,0.0,0.0,0.0,0.0,0.0,0.0,10.0,0.0,1000.0,0.0,0.0,0.0,1000.0,1.0,0.00573,0.0,8.24978,22809.0,8.0,0.0,0.0,1000.0,0.0,2.24635,1.0,6.28979,17390.0,9.0,1.50101,1000.0,0.0,0.0,3.08521,8.69973,24053.0,10.0,2.09781,1.0,A,0
2025-12-14 14:58:35.871000+00:00,2.49656,0.0,0.0,0.0,0.0,0.0,0.0,10.0,0.0,1000.0,0.0,0.0,0.0,1000.0,1.0,0.00143,0.0,8.24978,22809.0,8.0,0.0,0.0,1000.0,0.0,1.78681,1.0,6.75998,18690.0,9.0,1.50101,1000.0,0.0,0.0,2.49656,9.34968,25850.0,10.0,2.0978,1.0,A,0
2025-12-14 14:58:36.169000+00:00,2.49656,0.0,0.0,0.0,0.0,0.0,0.0,10.0,0.0,1000.0,0.0,0.0,0.0,1000.0,1.0,0.00143,0.0,8.24978,22809.0,8.0,0.0,0.0,1000.0,0.0,1.78681,1.0,6.75998,19906.0,9.0,1.50101,1000.0,0.0,0.0,2.49656,9.34968,27565.0,10.0,2.0978,1.0,A,0
2025-12-14 14:58:36.172000+00:00,2.12504,0.0,0.0,0.0,0.0,0.0,0.0,10.0,0.0,1000.0,0.0,0.0,0.0,1000.0,1.0,0.00018,0.0,8.24978,22809.0,8.0,0.0,0.0,1000.0,0.0,1.53493,1.0,7.1998,19906.0,9.0,1.39974,1000.0,0.0,0.0,2.12504,9.96998,27565.0,10.0,2.10142,0.0,A,0
2025-12-14 14:58:36.468000+00:00,2.12504,0.0,0.0,0.0,0.0,0.0,0.0,10.0,0.0,1000.0,0.0,0.0,0.0,1000.0,1.0,0.00018,0.0,8.24978,22809.0,8.0,0.0,0.0,1000.0,0.0,1.53493,1.0,7.1998,21206.0,9.0,1.39974,1000.0,0.0,0.0,2.12504,9.96998,27648.0,10.0,2.10142,0.0,A,0
2025-12-14 14:58:36.472000+00:00,1.17845,0.0,0.0,0.0,0.0,0.0,0.0,10.0,0.0,1000.0,0.0,0.0,0.0,1000.0,1.0,2e-05,0.0,8.24978,22809.0,8.0,0.0,0.0,1000.0,0.0,1.6427,1.0,7.66999,21206.0,9.0,1.49739,0.0,0.0,0.0,1.17845,10.0,27648.0,10.0,0.0,0.0,A,0
2025-12-14 14:58:36.769000+00:00,0.29461,0.0,0.0,0.0,0.0,0.0,0.0,10.0,0.0,1000.0,0.0,0.0,0.0,1000.0,1.0,1e-05,0.0,8.24978,22809.0,8.0,0.0,0.0,1000.0,0.0,2.2354,1.0,8.11994,22450.0,9.0,1.50101,0.0,1.0,0.0,0.29461,10.0,27648.0,10.0,0.0,0.0,A,0
2025-12-14 14:58:37.068000+00:00,0.29461,0.0,0.0,0.0,0.0,0.0,0.0,10.0,0.0,1000.0,0.0,0.0,0.0,1000.0,1.0,1e-05,0.0,8.24978,22809.0,8.0,0.0,0.0,1000.0,0.0,2.2354,1.0,8.11994,23334.0,9.0,1.50101,0.0,1.0,0.0,0.29461,10.0,27648.0,10.0,0.0,0.0,A,0
2025-12-14 14:58:37.070000+00:00,0.03683,0.0,0.0,0.0,0.0,0.0,0.0,10.0,0.0,1000.0,0.0,0.0,0.0,1000.0,1.0,0.0,0.0,8.24978,22809.0,8.0,0.0,0.0,1000.0,0.0,1.59101,1.0,8.43967,23334.0,9.0,1.69993,0.0,1.0,0.0,0.03683,10.0,27648.0,10.0,0.0,0.0,A,0
2025-12-14 14:58:37.370000+00:00,0.0046,0.0,0.0,0.0,0.0,0.0,0.0,10.0,0.0,1000.0,0.0,0.0,0.0,1000.0,1.0,0.0,0.0,8.24978,22809.0,8.0,0.0,0.0,1000.0,0.0,1.53713,0.0,8.88997,24579.0,9.0,1.50101,0.0,1.0,0.0,0.0046,10.0,27648.0,10.0,0.0,0.0,A,0
2025-12-14 14:58:37.670000+00:00,0.00115,0.0,0.0,0.0,0.0,0.0,0.0,10.0,0.0,1000.0,0.0,0.0,0.0,1000.0,1.0,0.0,0.0,8.24978,22809.0,8.0,0.0,0.0,1000.0,0.0,1.05793,0.0,8.94965,24744.0,9.0,0.0,0.0,1.0,0.0,0.00115,10.0,27648.0,10.0,0.0,0.0,A,0
2025-12-14 14:58:37.969000+00:00,0.00014,0.0,0.0,0.0,0.0,0.0,0.0,10.0,0.0,1000.0,0.0,0.0,1.0,1000.0,0.0,0.0,0.0,8.08992,22367.0,5.0,-1.59866,1.0,1000.0,0.0,0.13224,0.0,8.85995,24496.0,5.0,-0.89699,1000.0,0.0,1.0,0.00014,9.93996,27482.0,5.0,-0.6004,0.0,A,0
2025-12-14 14:58:38.270000+00:00,-1.85003,0.0,0.0,0.0,0.0,0.0,0.0,10.0,0.0,1000.0,0.0,0.0,1.0,1000.0,0.0,-2.47396,0.0,7.23994,20017.0,5.0,-2.60055,1.0,1000.0,0.0,-1.37145,0.0,8.37999,23169.0,5.0,-1.49739,1000.0,0.0,1.0,-1.85003,9.26975,25629.0,5.0,-2.10142,0.0,A,0
2025-12-14 14:58:38.568000+00:00,-1.85003,0.0,0.0,0.0,0.0,0.0,0.0,10.0,0.0,1000.0,0.0,0.0,1.0,1000.0,0.0,-2.47396,0.0,7.23994,17805.0,5.0,-2.60055,1.0,1000.0,0.0,-1.37145,0.0,8.37999,21952.0,5.0,-1.49739,1000.0,0.0,1.0,-1.85003,9.26975,23943.0,5.0,-2.10142,0.0,A,0
2025-12-14 14:58:38.570000+00:00,-1.98793,0.0,0.0,0.0,0.0,0.0,0.0,10.0,0.0,1000.0,0.0,0.0,1.0,1000.0,0.0,-2.61954,0.0,6.43989,17805.0,5.0,-2.60055,1.0,1000.0,0.0,-1.41889,0.0,7.93981,21952.0,5.0,-1.49739,1000.0,0.0,1.0,-1.98793,8.65994,23943.0,5.0,-2.0978,0.0,A,0
2025-12-14 14:58:38.871000+00:00,-2.06146,0.0,0.0,0.0,0.0,0.0,0.0,10.0,0.0,1000.0,0.0,0.0,1.0,1000.0,0.0,-2.67797,0.0,5.58992,15455.0,5.0,-5.79789,1.0,1000.0,0.0,-1.4903,0.0,7.46998,20653.0,5.0,-3.19734,1000.0,0.0,1.0,-2.06146,7.99986,22118.0,5.0,-4.49943,0.0,A,0
2025-12-14 14:58:39.169000+00:00,-2.06146,0.0,0.0,0.0,0.0,0.0,0.0,10.0,0.0,1000.0,0.0,0.0,1.0,1000.0,0.0,-2.67797,0.0,5.58992,13243.0,5.0,-5.79789,1.0,1000.0,0.0,-1.4903,0.0,7.46998,19408.0,5.0,-3.19734,1000.0,0.0,1.0,-2.06146,7.99986,20404.0,5.0,-4.49943,0.0,A,0
2025-12-14 14:58:39.171000+00:00,-2.34554,0.0,0.0,0.0,0.0,0.0,0.0,10.0,0.0,1000.0,0.0,0.0,0.0,1000.0,0.0,-3.03521,0.0,4.78986,13243.0,5.0,-2.60055,1.0,1000.0,0.0,-1.71172,0.0,7.01968,19408.0,5.0,-1.50102,1000.0,0.0,1.0,-2.34554,7.37992,20404.0,5.0,-2.00015,0.0,A,0
2025-12-14 14:58:39.468000+00:00,-2.34554,0.0,0.0,0.0,0.0,0.0,0.0,10.0,0.0,1000.0,0.0,0.0,0.0,1000.0,0.0,-3.03521,0.0,4.78986,13243.0,5.0,-2.60055,1.0,1000.0,0.0,-1.71172,0.0,7.01968,18192.0,5.0,-1.50102,1000.0,0.0,1.0,-2.34554,7.37992,18717.0,5.0,-2.00015,0.0,A,0
2025-12-14 14:58:39.471000+00:00,-2.11091,0.0,0.0,0.0,0.0,0.0,0.0,10.0,0.0,1000.0,0.0,0.0,0.0,1000.0,0.0,-1.9343,0.0,4.78986,13243.0,5.0,0.0,1.0,1000.0,0.0,-1.50305,0.0,6.57986,18192.0,5.0,-1.49739,1000.0,0.0,1.0,-2.11091,6.76975,18717.0,5.0,-2.10142,0.0,A,0
2025-12-14 14:58:39.768000+00:00,-2.11091,0.0,0.0,0.0,0.0,0.0,0.0,10.0,0.0,1000.0,0.0,0.0,0.0,1000.0,0.0,-1.9343,0.0,4.78986,14432.0,5.0,0.0,1.0,1000.0,0.0,-1.50305,0.0,6.57986,16892.0,5.0,-1.49739,1000.0,0.0,1.0,-2.11091,6.76975,16892.0,5.0,-2.10142,0.0,A,0
2025-12-14 14:58:39.771000+00:00,-2.07548,0.0,0.0,0.0,0.0,0.0,0.0,10.0,0.0,1000.0,0.0,0.0,0.0,1000.0,0.0,1.35778,0.0,5.21991,14432.0,5.0,1.60229,1.0,1000.0,0.0,-1.50082,0.0,6.10966,16892.0,5.0,-1.69994,1000.0,0.0,1.0,-2.07548,6.10966,16892.0,5.0,-2.50289,0.0,A,0
2025-12-14 14:58:40.068000+00:00,-2.07548,0.0,0.0,0.0,0.0,0.0,0.0,10.0,0.0,1000.0,0.0,0.0,0.0,1000.0,0.0,1.35778,0.0,5.21991,14432.0,5.0,1.60229,1.0,1000.0,0.0,-1.50082,0.0,6.10966,15648.0,5.0,-1.69994,1000.0,0.0,1.0,-2.07548,6.10966,15178.0,5.0,-2.50289,0.0,A,0
2025-12-14 14:58:40.071000+00:00,-3.12131,0.0,0.0,0.0,0.0,0.0,0.0,10.0,0.0,1000.0,0.0,0.0,0.0,1000.0,1.0,0.37001,0.0,5.21991,14432.0,5.0,0.0,1.0,1000.0,0.0,-2.27455,0.0,5.65972,15648.0,5.0,-2.99841,1000.0,0.0,1.0,-3.12131,5.48973,15178.0,5.0,-4.09795,0.0,A,0
2025-12-14 14:58:40.370000+00:00,-2.30575,0.0,0.0,0.0,0.0,0.0,0.0,10.0,0.0,1000.0,0.0,0.0,0.0,1000.0,1.0,0.0925,0.0,5.21991,14432.0,5.0,0.0,1.0,1000.0,0.0,-1.64376,0.0,5.33999,14764.0,5.0,-1.7976,1000.0,0.0,0.0,-2.30575,5.03979,13934.0,5.0,-2.49928,0.0,A,0
2025-12-14 14:58:40.667000+00:00,-2.30575,0.0,0.0,0.0,0.0,0.0,0.0,10.0,0.0,1000.0,0.0,0.0,0.0,1000.0,1.0,0.0925,0.0,5.21991,14432.0,5.0,0.0,1.0,1000.0,0.0,-1.64376,0.0,5.33999,13685.0,5.0,-1.7976,1000.0,0.0,0.0,-2.30575,5.03979,13602.0,5.0,-2.49928,0.0,A,0
2025-12-14 14:58:40.671000+00:00,-0.90083,0.0,0.0,0.0,0.0,0.0,0.0,10.0,0.0,1000.0,0.0,0.0,0.0,1000.0,1.0,0.01156,0.0,5.21991,14432.0,5.0,0.0,0.0,1000.0,0.0,-1.55593,0.0,4.94973,13685.0,5.0,-0.90061,1000.0,0.0,0.0,-0.90083,4.9197,13602.0,5.0,0.0,0.0,A,0
2025-12-14 14:58:40.969000+00:00,-0.90083,0.0,0.0,0.0,0.0,0.0,0.0,10.0,0.0,1000.0,0.0,0.0,0.0,1000.0,1.0,0.01156,0.0,5.21991,14432.0,0.0,0.0,0.0,1000.0,0.0,-1.55593,0.0,4.94973,13685.0,0.0,-0.90061,1000.0,0.0,0.0,-0.90083,4.9197,13602.0,0.0,0.0,0.0,A,0
2025-12-14 14:58:40.971000+00:00,-0.22521,0.0,0.0,0.0,0.0,0.0,0.0,10.0,0.0,1000.0,0.0,0.0,1.0,1000.0,0.0,0.00289,0.0,5.21991,14432.0,0.0,0.0,1.0,1000.0,0.0,-0.61413,0.0,4.94973,13685.0,0.0,0.0,1000.0,0.0,1.0,-0.22521,4.9197,13602.0,0.0,0.0,0.0,A,0
2025-12-14 14:58:41.269000+00:00,-0.22521,0.0,0.0,0.0,0.0,0.0,0.0,10.0,0.0,1000.0,0.0,0.0,1.0,1000.0,0.0,0.00289,0.0,5.21991,13409.0,0.0,0.0,1.0,1000.0,0.0,-0.61413,0.0,4.94973,13132.0,0.0,0.0,1000.0,0.0,1.0,-0.22521,4.9197,12939.0,0.0,0.0,0.0,A,0
2025-12-14 14:58:41.272000+00:00,-0.17825,0.0,0.0,0.0,0.0,0.0,0.0,10.0,0.0,1000.0,0.0,0.0,1.0,1000.0,0.0,-0.54941,0.0,4.8499,13409.0,0.0,-2.60055,1.0,1000.0,0.0,-0.32633,0.0,4.74971,13132.0,0.0,-1.50101,1000.0,0.0,1.0,-0.17825,4.6799,12939.0,0.0,-2.0978,0.0,A,0
2025-12-14 14:58:41.569000+00:00,-0.17825,0.0,0.0,0.0,0.0,0.0,0.0,10.0,0.0,1000.0,0.0,0.0,1.0,1000.0,0.0,-0.54941,0.0,4.8499,11031.0,0.0,-2.60055,1.0,1000.0,0.0,-0.32633,0.0,4.74971,11805.0,0.0,-1.50101,1000.0,0.0,1.0,-0.17825,4.6799,11142.0,0.0,-2.0978,0.0,A,0
2025-12-14 14:58:41.571000+00:00,-1.93381,0.0,0.0,0.0,0.0,0.0,0.0,10.0,0.0,1000.0,0.0,0.0,1.0,1000.0,0.0,-2.54309,0.0,3.9898,11031.0,0.0,-2.70182,1.0,1000.0,0.0,-1.42832,0.0,4.26975,11805.0,0.0,-1.50101,1000.0,0.0,1.0,-1.93381,4.02995,11142.0,0.0,-2.00015,0.0,A,0
2025-12-14 14:58:41.869000+00:00,-1.93381,0.0,0.0,0.0,0.0,0.0,0.0,10.0,0.0,1000.0,0.0,0.0,1.0,1000.0,0.0,-2.54309,0.0,3.9898,8847.0,0.0,-2.70182,1.0,1000.0,0.0,-1.42832,0.0,4.26975,10589.0,0.0,-1.50101,1000.0,0.0,1.0,-1.93381,4.02995,9427.0,0.0,-2.00015,0.0,A,0
2025-12-14 14:58:41.872000+00:00,-2.0342,0.0,0.0,0.0,0.0,0.0,0.0,10.0,0.0,1000.0,0.0,0.0,1.0,1000.0,0.0,-2.6115,0.0,3.19987,8847.0,0.0,-2.69821,1.0,1000.0,0.0,-1.4322,0.0,3.82993,10589.0,0.0,-1.50101,1000.0,0.0,1.0,-2.0342,3.40965,9427.0,0.0,-2.10142,0.0,A,0
2025-12-14 14:58:42.171000+00:00,-2.06589,0.0,0.0,0.0,0.0,0.0,0.0,10.0,0.0,1000.0,0.0,0.0,1.0,1000.0,0.0,-2.66476,0.0,2.3499,6497.0,0.0,-2.59693,1.0,1000.0,0.0,-1.49151,0.0,3.35974,9289.0,0.0,-1.39974,1000.0,0.0,1.0,-2.06589,2.74993,7603.0,0.0,-2.00014,0.0,A,0
2025-12-14 14:58:42.469000+00:00,-2.06589,0.0,0.0,0.0,0.0,0.0,0.0,10.0,0.0,1000.0,0.0,0.0,1.0,1000.0,0.0,-2.66476,0.0,2.3499,4285.0,0.0,-2.59693,1.0,1000.0,0.0,-1.49151,0.0,3.35974,8045.0,0.0,-1.39974,1000.0,0.0,1.0,-2.06589,2.74993,5916.0,0.0,-2.00014,0.0,A,0
2025-12-14 14:58:42.471000+00:00,-2.78328,0.0,0.0,0.0,0.0,0.0,0.0,10.0,0.0,1000.0,0.0,0.0,1.0,1000.0,0.0,-3.6082,0.0,1.54984,4285.0,0.0,-2.60055,1.0,1000.0,0.0,-2.01071,0.0,2.90979,8045.0,0.0,-1.50101,1000.0,0.0,1.0,-2.78328,2.13976,5916.0,0.0,-2.00014,0.0,A,0
2025-12-14 14:58:42.768000+00:00,-2.78328,0.0,0.0,0.0,0.0,0.0,0.0,10.0,0.0,1000.0,0.0,0.0,1.0,1000.0,0.0,-3.6082,0.0,1.54984,2073.0,0.0,-2.60055,1.0,1000.0,0.0,-2.01071,0.0,2.90979,6829.0,0.0,-1.50101,1000.0,0.0,1.0,-2.78328,2.13976,4202.0,0.0,-2.00014,0.0,A,0
2025-12-14 14:58:42.770000+00:00,-2.24476,0.0,0.0,0.0,0.0,0.0,0.0,10.0,0.0,1000.0,0.0,0.0,1.0,1000.0,0.0,-2.9031,0.0,0.74978,2073.0,0.0,-2.59693,1.0,1000.0,0.0,-1.5778,0.0,2.46998,6829.0,0.0,-1.50101,1000.0,0.0,1.0,-2.24476,1.51982,4202.0,0.0,-2.10142,0.0,A,0
2025-12-14 14:58:43.068000+00:00,-2.24476,0.0,0.0,0.0,0.0,0.0,0.0,10.0,0.0,1000.0,0.0,0.0,1.0,1000.0,0.0,-2.9031,0.0,0.74978,0.0,0.0,-2.59693,1.0,1000.0,0.0,-1.5778,0.0,2.46998,5612.0,0.0,-1.50101,1000.0,0.0,1.0,-2.24476,1.51982,2488.0,0.0,-2.10142,0.0,A,0
2025-12-14 14:58:43.070000+00:00,-2.09402,0.0,0.0,0.0,0.0,0.0,0.0,10.0,0.0,1000.0,0.0,0.0,0.0,0.0,0.0,-2.66323,0.0,0.0,0.0,0.0,-2.69821,1.0,1000.0,0.0,-1.50971,0.0,2.0298,5612.0,0.0,-1.39974,1000.0,0.0,1.0,-2.09402,0.89988,2488.0,0.0,-2.00014,0.0,A,0
2025-12-14 14:58:43.369000+00:00,-2.09402,0.0,0.0,0.0,0.0,0.0,0.0,10.0,0.0,1000.0,0.0,0.0,0.0,0.0,0.0,-2.66323,0.0,0.0,0.0,0.0,-2.69821,1.0,1000.0,0.0,-1.50971,0.0,2.0298,4368.0,0.0,-1.39974,1000.0,0.0,1.0,-2.09402,0.89988,801.0,0.0,-2.00014,0.0,A,0
2025-12-14 14:58:43.372000+00:00,-2.23703,0.0,0.0,0.0,0.0,0.0,0.0,10.0,0.0,1000.0,0.0,0.0,0.0,0.0,0.0,-1.21995,0.0,0.0,0.0,0.0,0.0,1.0,1000.0,0.0,-1.63954,0.0,1.57986,4368.0,0.0,-2.69821,1000.0,0.0,0.0,-2.23703,0.28971,801.0,0.0,-3.70009,0.0,A,0
2025-12-14 14:58:43.672000+00:00,-2.73392,0.0,0.0,0.0,0.0,0.0,0.0,10.0,0.0,1000.0,0.0,0.0,0.0,0.0,1.0,-0.30499,0.0,0.0,0.0,0.0,0.0,1.0,1000.0,0.0,-1.93441,0.0,1.10966,3068.0,0.0,-1.20081,0.0,0.0,0.0,-2.73392,0.0,0.0,0.0,-0.39786,0.0,A,0
2025-12-14 14:58:43.968000+00:00,-2.73392,0.0,0.0,0.0,0.0,0.0,0.0,10.0,0.0,1000.0,0.0,0.0,0.0,0.0,1.0,-0.30499,0.0,0.0,0.0,0.0,0.0,1.0,1000.0,0.0,-1.93441,0.0,1.10966,2267.0,0.0,-1.20081,0.0,0.0,0.0,-2.73392,0.0,0.0,0.0,-0.39786,0.0,A,0
2025-12-14 14:58:43.970000+00:00,-0.39147,0.0,0.0,0.0,0.0,0.0,0.0,10.0,0.0,1000.0,0.0,0.0,0.0,0.0,1.0,-0.03812,0.0,0.0,0.0,0.0,0.0,1.0,1000.0,0.0,-1.5909,0.0,0.63983,2267.0,0.0,-1.39974,0.0,1.0,0.0,-0.39147,0.0,0.0,0.0,0.0,0.0,A,0
2025-12-14 14:58:44.269000+00:00,-0.39147,0.0,0.0,0.0,0.0,0.0,0.0,10.0,0.0,1000.0,0.0,0.0,0.0,0.0,1.0,-0.03812,0.0,0.0,0.0,0.0,0.0,1.0,1000.0,0.0,-1.5909,0.0,0.63983,940.0,0.0,-1.39974,0.0,1.0,0.0,-0.39147,0.0,0.0,0.0,0.0,0.0,A,0
2025-12-14 14:58:44.271000+00:00,-0.04893,0.0,0.0,0.0,0.0,0.0,0.0,10.0,0.0,1000.0,0.0,0.0,0.0,0.0,1.0,-0.00477,0.0,0.0,0.0,0.0,0.0,1.0,1000.0,0.0,-1.57464,0.0,0.33999,940.0,0.0,-1.4974,0.0,1.0,0.0,-0.04893,0.0,0.0,0.0,0.0,0.0,A,0
2025-12-14 14:58:44.569000+00:00,-0.04893,0.0,0.0,0.0,0.0,0.0,0.0,10.0,0.0,1000.0,0.0,0.0,0.0,0.0,1.0,-0.00477,0.0,0.0,0.0,0.0,0.0,1.0,1000.0,0.0,-1.57464,0.0,0.33999,0.0,0.0,-1.4974,0.0,1.0,0.0,-0.04893,0.0,0.0,0.0,0.0,0.0,A,0
2025-12-14 14:58:44.571000+00:00,-0.01223,0.0,0.0,0.0,0.0,0.0,0.0,10.0,0.0,1000.0,0.0,0.0,0.0,0.0,1.0,-0.00119,0.0,0.0,0.0,0.0,0.0,0.0,0.0,0.0,-1.51852,0.0,0.0,0.0,0.0,-1.89887,0.0,1.0,0.0,-0.01223,0.0,0.0,0.0,0.0,0.0,A,0
2025-12-14 14:58:44.869000+00:00,-0.01223,0.0,0.0,0.0,0.0,0.0,0.0,10.0,0.0,1000.0,0.0,0.0,0.0,0.0,1.0,-0.00119,0.0,0.0,0.0,8.0,0.0,0.0,0.0,0.0,-1.51852,0.0,0.0,0.0,9.0,-1.89887,0.0,1.0,0.0,-0.01223,0.0,0.0,10.0,0.0,0.0,A,0
2025-12-14 14:58:44.871000+00:00,-0.00153,0.0,0.0,0.0,0.0,0.0,0.0,10.0,0.0,1000.0,0.0,0.0,0.0,0.0,0.0,-0.00015,1.0,0.0,0.0,8.0,0.0,0.0,0.0,0.0,-0.42717,1.0,0.0,0.0,9.0,0.0,0.0,0.0,0.0,-0.00153,0.0,0.0,10.0,0.0,1.0,A,0
2025-12-14 14:58:45.169000+00:00,-0.00153,0.0,0.0,0.0,0.0,0.0,0.0,10.0,0.0,1000.0,0.0,0.0,0.0,0.0,0.0,-0.00015,1.0,0.0,1050.0,8.0,0.0,0.0,0.0,0.0,-0.42717,1.0,0.0,552.0,9.0,0.0,0.0,0.0,0.0,-0.00153,0.0,663.0,10.0,0.0,1.0,A,0
2025-12-14 14:58:45.172000+00:00,0.1481,0.0,0.0,0.0,0.0,0.0,0.0,10.0,0.0,1000.0,0.0,0.0,0.0,1000.0,0.0,0.54975,1.0,0.37977,1050.0,8.0,2.69821,0.0,1000.0,0.0,0.19617,1.0,0.19965,552.0,9.0,1.4974,1000.0,0.0,0.0,0.1481,0.2398,663.0,10.0,2.10142,1.0,A,0
2025-12-14 14:58:45.469000+00:00,0.1481,0.0,0.0,0.0,0.0,0.0,0.0,10.0,0.0,1000.0,0.0,0.0,0.0,1000.0,0.0,0.54975,1.0,0.37977,3400.0,8.0,2.69821,0.0,1000.0,0.0,0.19617,1.0,0.19965,1852.0,9.0,1.4974,1000.0,0.0,0.0,0.1481,0.2398,2488.0,10.0,2.10142,1.0,A,0
2025-12-14 14:58:45.471000+00:00,1.81202,0.0,0.0,0.0,0.0,0.0,0.0,10.0,0.0,1000.0,0.0,0.0,0.0,1000.0,0.0,2.41247,1.0,1.22975,3400.0,8.0,2.60055,0.0,1000.0,0.0,1.324,1.0,0.66985,1852.0,9.0,1.50101,1000.0,0.0,0.0,1.81202,0.89988,2488.0,10.0,2.00014,1.0,A,0
2025-12-14 14:58:45.769000+00:00,1.81202,0.0,0.0,0.0,0.0,0.0,0.0,10.0,0.0,1000.0,0.0,0.0,0.0,1000.0,0.0,2.41247,1.0,1.22975,5612.0,8.0,2.60055,0.0,1000.0,0.0,1.324,1.0,0.66985,3096.0,9.0,1.50101,1000.0,0.0,0.0,1.81202,0.89988,4202.0,10.0,2.00014,1.0,A,0
2025-12-14 14:58:45.771000+00:00,3.05085,0.0,0.0,0.0,0.0,0.0,0.0,10.0,0.0,1000.0,0.0,0.0,0.0,1000.0,0.0,3.95236,1.0,2.0298,5612.0,8.0,2.69821,0.0,1000.0,0.0,2.20227,1.0,1.11979,3096.0,9.0,1.50101,1000.0,0.0,0.0,3.05085,1.51982,4202.0,10.0,2.10142,1.0,A,0
2025-12-14 14:58:46.070000+00:00,2.39371,0.0,0.0,0.0,0.0,0.0,0.0,10.0,0.0,1000.0,0.0,0.0,0.0,1000.0,0.0,3.08194,1.0,2.87977,7962.0,8.0,2.69821,0.0,1000.0,0.0,1.68813,1.0,1.58999,4396.0,9.0,1.50101,1000.0,0.0,0.0,2.39371,2.16978,5999.0,10.0,2.00014,1.0,A,0
2025-12-14 14:58:46.368000+00:00,2.39371,0.0,0.0,0.0,0.0,0.0,0.0,10.0,0.0,1000.0,0.0,0.0,0.0,1000.0,0.0,3.08194,1.0,2.87977,10174.0,8.0,2.69821,0.0,1000.0,0.0,1.68813,1.0,1.58999,5612.0,9.0,1.50101,1000.0,0.0,0.0,2.39371,2.16978,7713.0,10.0,2.00014,1.0,A,0
2025-12-14 14:58:46.370000+00:00,2.14917,0.0,0.0,0.0,0.0,0.0,0.0,10.0,0.0,1000.0,0.0,0.0,0.0,1000.0,0.0,2.74531,1.0,3.67983,10174.0,8.0,2.69821,0.0,1000.0,0.0,1.54598,1.0,2.0298,5612.0,9.0,1.50101,1000.0,0.0,0.0,2.14917,2.78971,7713.0,10.0,2.00014,1.0,A,0
2025-12-14 14:58:46.671000+00:00,2.04319,0.0,0.0,0.0,0.0,0.0,0.0,10.0,0.0,1000.0,0.0,0.0,0.0,1000.0,0.0,2.65617,1.0,4.46976,12358.0,8.0,2.69821,0.0,1000.0,0.0,1.48132,1.0,2.47975,6856.0,9.0,1.4974,1000.0,0.0,0.0,2.04319,3.40965,9427.0,10.0,2.10142,1.0,A,0
2025-12-14 14:58:46.969000+00:00,2.69364,0.0,0.0,0.0,0.0,0.0,0.0,10.0,0.0,1000.0,0.0,0.0,0.0,1000.0,0.0,3.46877,1.0,5.31973,14708.0,8.0,2.6982,0.0,1000.0,0.0,1.89777,1.0,2.94994,8156.0,9.0,1.39974,1000.0,0.0,0.0,2.69364,4.05997,11225.0,10.0,2.10142,1.0,A,0
2025-12-14 14:58:47.270000+00:00,2.22235,0.0,0.0,0.0,0.0,0.0,0.0,10.0,0.0,1000.0,0.0,0.0,0.0,1000.0,0.0,2.86824,1.0,6.11979,16920.0,8.0,2.69821,0.0,1000.0,0.0,1.59839,1.0,3.38976,9372.0,9.0,1.50101,1000.0,0.0,0.0,2.22235,4.6799,12939.0,10.0,2.00015,1.0,A,0
2025-12-14 14:58:47.571000+00:00,2.3028,0.0,0.0,0.0,0.0,0.0,0.0,10.0,0.0,1000.0,0.0,0.0,0.0,1000.0,0.0,2.94642,1.0,6.96976,19270.0,8.0,2.69821,0.0,1000.0,0.0,1.63797,1.0,3.86972,10699.0,9.0,1.50101,1000.0,0.0,0.0,2.3028,5.33999,14764.0,10.0,2.00015,1.0,A,0
2025-12-14 14:58:47.868000+00:00,2.3028,0.0,0.0,0.0,0.0,0.0,0.0,10.0,0.0,1000.0,0.0,0.0,0.0,1000.0,0.0,2.94642,1.0,6.96976,20736.0,8.0,2.69821,0.0,1000.0,0.0,1.63797,1.0,3.86972,11501.0,9.0,1.50101,1000.0,0.0,0.0,2.3028,5.33999,15897.0,10.0,2.00015,1.0,A,0
2025-12-14 14:58:47.873000+00:00,2.06149,0.0,0.0,0.0,0.0,0.0,0.0,10.0,0.0,1000.0,0.0,0.0,0.0,1000.0,0.0,2.70663,1.0,7.5,20736.0,8.0,2.70182,0.0,1000.0,0.0,1.51723,1.0,4.15979,11501.0,9.0,1.50101,1000.0,0.0,0.0,2.06149,5.74978,15897.0,10.0,1.99653,1.0,A,0
2025-12-14 14:58:48.168000+00:00,2.06149,0.0,0.0,0.0,0.0,0.0,0.0,10.0,0.0,1000.0,0.0,0.0,0.0,1000.0,0.0,2.70663,1.0,7.5,22671.0,8.0,2.70182,0.0,1000.0,0.0,1.51723,1.0,4.15979,12828.0,9.0,1.50101,1000.0,0.0,0.0,2.06149,5.74978,17694.0,10.0,1.99653,1.0,A,0
2025-12-14 14:58:48.170000+00:00,2.7904,0.0,0.0,0.0,0.0,0.0,0.0,10.0,0.0,1000.0,0.0,0.0,0.0,1000.0,0.0,3.60182,0.0,8.19987,22671.0,8.0,1.09954,0.0,1000.0,0.0,2.00329,1.0,4.63976,12828.0,9.0,1.50101,1000.0,0.0,0.0,2.7904,6.39974,17694.0,10.0,2.00014,1.0,A,0
2025-12-14 14:58:48.469000+00:00,2.12424,0.0,0.0,0.0,0.0,0.0,0.0,10.0,0.0,1000.0,0.0,0.0,0.0,1000.0,1.0,0.58767,0.0,8.19987,22671.0,8.0,0.0,0.0,1000.0,0.0,1.53848,1.0,5.07993,14045.0,9.0,1.50101,1000.0,0.0,0.0,2.12424,7.01968,19408.0,10.0,2.0978,1.0,A,0
2025-12-14 14:58:48.769000+00:00,2.12424,0.0,0.0,0.0,0.0,0.0,0.0,10.0,0.0,1000.0,0.0,0.0,0.0,1000.0,1.0,0.58767,0.0,8.19987,22671.0,8.0,0.0,0.0,1000.0,0.0,1.53848,1.0,5.07993,15344.0,9.0,1.50101,1000.0,0.0,0.0,2.12424,7.01968,21233.0,10.0,2.0978,1.0,A,0
2025-12-14 14:58:48.771000+00:00,2.30696,0.0,0.0,0.0,0.0,0.0,0.0,10.0,0.0,1000.0,0.0,0.0,0.0,1000.0,1.0,0.14692,0.0,8.19987,22671.0,8.0,0.0,0.0,1000.0,0.0,1.65867,1.0,5.54977,15344.0,9.0,1.39974,1000.0,0.0,0.0,2.30696,7.67976,21233.0,10.0,2.00015,1.0,A,0
2025-12-14 14:58:49.071000+00:00,2.06291,0.0,0.0,0.0,0.0,0.0,0.0,10.0,0.0,1000.0,0.0,0.0,0.0,1000.0,1.0,0.01836,0.0,8.19987,22671.0,8.0,0.0,0.0,1000.0,0.0,1.50806,1.0,5.99971,16588.0,9.0,2.99841,1000.0,0.0,0.0,2.06291,8.28993,22920.0,10.0,4.10156,1.0,A,0
2025-12-14 14:58:49.368000+00:00,2.06291,0.0,0.0,0.0,0.0,0.0,0.0,10.0,0.0,1000.0,0.0,0.0,0.0,1000.0,1.0,0.01836,0.0,8.19987,22671.0,8.0,0.0,0.0,1000.0,0.0,1.50806,1.0,5.99971,17888.0,9.0,2.99841,1000.0,0.0,0.0,2.06291,8.28993,24744.0,10.0,4.10156,1.0,A,0
2025-12-14 14:58:49.370000+00:00,2.29508,0.0,0.0,0.0,0.0,0.0,0.0,10.0,0.0,1000.0,0.0,0.0,0.0,1000.0,1.0,0.0023,0.0,8.19987,22671.0,8.0,0.0,0.0,1000.0,0.0,1.66375,1.0,6.46991,17888.0,9.0,1.80121,1000.0,0.0,0.0,2.29508,8.94965,24744.0,10.0,2.49928,1.0,A,0
2025-12-14 14:58:49.669000+00:00,2.29508,0.0,0.0,0.0,0.0,0.0,0.0,10.0,0.0,1000.0,0.0,0.0,0.0,1000.0,1.0,0.0023,0.0,8.19987,22671.0,8.0,0.0,0.0,1000.0,0.0,1.66375,1.0,6.46991,19104.0,9.0,1.80121,1000.0,0.0,0.0,2.29508,8.94965,26459.0,10.0,2.49928,1.0,A,0
2025-12-14 14:58:49.673000+00:00,2.2493,0.0,0.0,0.0,0.0,0.0,0.0,10.0,0.0,1000.0,0.0,0.0,0.0,1000.0,1.0,0.00057,0.0,8.19987,22671.0,8.0,0.0,0.0,1000.0,0.0,1.61494,1.0,6.90972,19104.0,9.0,1.40336,1000.0,0.0,0.0,2.2493,9.56995,26459.0,10.0,2.00014,1.0,A,0
2025-12-14 14:58:49.971000+00:00,2.05661,0.0,0.0,0.0,0.0,0.0,0.0,10.0,0.0,1000.0,0.0,0.0,0.0,1000.0,1.0,7e-05,0.0,8.19987,22671.0,8.0,0.0,0.0,1000.0,0.0,1.50214,1.0,7.38968,20431.0,9.0,1.50101,0.0,0.0,0.0,2.05661,10.0,27648.0,10.0,2.0978,0.0,A,0
2025-12-14 14:58:50.270000+00:00,0.56994,0.0,0.0,0.0,0.0,0.0,0.0,10.0,0.0,1000.0,0.0,0.0,0.0,1000.0,1.0,1e-05,0.0,8.19987,22671.0,8.0,0.0,0.0,1000.0,0.0,2.27517,1.0,7.82986,21648.0,9.0,1.50102,0.0,1.0,0.0,0.56994,10.0,27648.0,10.0,0.0,0.0,A,0
2025-12-14 14:58:50.569000+00:00,0.56994,0.0,0.0,0.0,0.0,0.0,0.0,10.0,0.0,1000.0,0.0,0.0,0.0,1000.0,1.0,1e-05,0.0,8.19987,22671.0,8.0,0.0,0.0,1000.0,0.0,2.27517,1.0,7.82986,22947.0,9.0,1.50102,0.0,1.0,0.0,0.56994,10.0,27648.0,10.0,0.0,0.0,A,0
2025-12-14 14:58:50.571000+00:00,0.14248,0.0,0.0,0.0,0.0,0.0,0.0,10.0,0.0,1000.0,0.0,0.0,0.0,1000.0,1.0,0.0,0.0,8.19987,22671.0,8.0,0.0,0.0,1000.0,0.0,1.69455,1.0,8.2997,22947.0,9.0,1.39974,0.0,1.0,0.0,0.14248,10.0,27648.0,10.0,0.0,0.0,A,0
2025-12-14 14:58:50.869000+00:00,0.14248,0.0,0.0,0.0,0.0,0.0,0.0,10.0,0.0,1000.0,0.0,0.0,0.0,1000.0,1.0,0.0,0.0,8.19987,22671.0,8.0,0.0,0.0,1000.0,0.0,1.69455,1.0,8.2997,23777.0,9.0,1.39974,0.0,1.0,0.0,0.14248,10.0,27648.0,10.0,0.0,0.0,A,0
2025-12-14 14:58:50.871000+00:00,0.01781,0.0,0.0,0.0,0.0,0.0,0.0,10.0,0.0,1000.0,0.0,0.0,0.0,1000.0,1.0,0.0,0.0,8.19987,22671.0,8.0,0.0,0.0,1000.0,0.0,1.58669,1.0,8.5999,23777.0,9.0,1.50101,0.0,1.0,0.0,0.01781,10.0,27648.0,10.0,0.0,0.0,A,0
2025-12-14 14:58:51.169000+00:00,0.00223,0.0,0.0,0.0,0.0,0.0,0.0,10.0,0.0,1000.0,0.0,0.0,0.0,1000.0,1.0,0.0,0.0,8.19987,22671.0,8.0,0.0,0.0,1000.0,0.0,1.46109,0.0,8.97967,24827.0,9.0,1.39974,0.0,1.0,0.0,0.00223,10.0,27648.0,10.0,0.0,0.0,A,0
2025-12-14 14:58:51.471000+00:00,0.00056,0.0,0.0,0.0,0.0,0.0,0.0,10.0,0.0,1000.0,0.0,0.0,1.0,1000.0,0.0,0.0,0.0,8.19987,22671.0,5.0,0.0,1.0,1000.0,0.0,0.58952,0.0,8.97967,24827.0,5.0,0.0,0.0,0.0,1.0,0.00056,10.0,27648.0,5.0,0.0,0.0,A,0
2025-12-14 14:58:51.770000+00:00,-0.2513,0.0,0.0,0.0,0.0,0.0,0.0,10.0,0.0,1000.0,0.0,0.0,1.0,1000.0,0.0,-0.80114,0.0,7.76982,21482.0,5.0,-2.69821,1.0,1000.0,0.0,-0.3748,0.0,8.75,24192.0,5.0,-1.39974,1000.0,0.0,1.0,-0.2513,9.72982,26901.0,5.0,-2.19908,0.0,A,0
2025-12-14 14:58:52.069000+00:00,-1.85704,0.0,0.0,0.0,0.0,0.0,0.0,10.0,0.0,1000.0,0.0,0.0,1.0,1000.0,0.0,-2.41225,0.0,6.91985,19132.0,5.0,-2.60055,1.0,1000.0,0.0,-1.34758,0.0,8.26968,22864.0,5.0,-1.50101,1000.0,0.0,1.0,-1.85704,9.06973,25076.0,5.0,-2.10142,0.0,A,0
2025-12-14 14:58:52.367000+00:00,-1.85704,0.0,0.0,0.0,0.0,0.0,0.0,10.0,0.0,1000.0,0.0,0.0,1.0,1000.0,0.0,-2.41225,0.0,6.91985,16920.0,5.0,-2.60055,1.0,1000.0,0.0,-1.34758,0.0,8.26968,21648.0,5.0,-1.50101,1000.0,0.0,1.0,-1.85704,9.06973,23390.0,5.0,-2.10142,0.0,A,0
2025-12-14 14:58:52.371000+00:00,-2.08915,0.0,0.0,0.0,0.0,0.0,0.0,10.0,0.0,1000.0,0.0,0.0,1.0,1000.0,0.0,-2.75421,0.0,6.11979,16920.0,5.0,-2.59694,1.0,1000.0,0.0,-1.5359,0.0,7.82986,21648.0,5.0,-1.39974,1000.0,0.0,1.0,-2.08915,8.45992,23390.0,5.0,-2.09781,0.0,A,0
2025-12-14 14:58:52.671000+00:00,-2.54883,0.0,0.0,0.0,0.0,0.0,0.0,10.0,0.0,1000.0,0.0,0.0,1.0,1000.0,0.0,-3.34359,0.0,5.31973,14708.0,5.0,-2.70182,1.0,1000.0,0.0,-1.86797,0.0,7.38968,20431.0,5.0,-1.39974,1000.0,0.0,1.0,-2.54883,7.83999,21676.0,5.0,-2.0978,0.0,A,0
2025-12-14 14:58:52.968000+00:00,-2.54883,0.0,0.0,0.0,0.0,0.0,0.0,10.0,0.0,1000.0,0.0,0.0,1.0,1000.0,0.0,-3.34359,0.0,5.31973,12801.0,5.0,-2.70182,1.0,1000.0,0.0,-1.86797,0.0,7.38968,19104.0,5.0,-1.39974,1000.0,0.0,1.0,-2.54883,7.83999,19878.0,5.0,-2.0978,0.0,A,0
2025-12-14 14:58:52.973000+00:00,-2.36247,0.0,0.0,0.0,0.0,0.0,0.0,10.0,0.0,1000.0,0.0,0.0,0.0,1000.0,0.0,-3.06119,1.0,4.62999,12801.0,5.0,-2.69821,1.0,1000.0,0.0,-1.71573,0.0,6.90972,19104.0,5.0,-1.50101,1000.0,0.0,1.0,-2.36247,7.18967,19878.0,5.0,-2.10142,0.0,A,0
2025-12-14 14:58:53.269000+00:00,-2.36247,0.0,0.0,0.0,0.0,0.0,0.0,10.0,0.0,1000.0,0.0,0.0,0.0,1000.0,0.0,-3.06119,1.0,4.62999,13989.0,5.0,-2.69821,1.0,1000.0,0.0,-1.71573,0.0,6.90972,17888.0,5.0,-1.50101,1000.0,0.0,1.0,-2.36247,7.18967,18164.0,5.0,-2.10142,0.0,A,0
2025-12-14 14:58:53.272000+00:00,-2.10692,0.0,0.0,0.0,0.0,0.0,0.0,10.0,0.0,1000.0,0.0,0.0,0.0,1000.0,0.0,-0.99481,0.0,5.05968,13989.0,5.0,1.59867,1.0,1000.0,0.0,-1.52604,0.0,6.46991,17888.0,5.0,-1.40336,1000.0,0.0,1.0,-2.10692,6.56973,18164.0,5.0,-2.10142,0.0,A,0
2025-12-14 14:58:53.570000+00:00,-2.07498,0.0,0.0,0.0,0.0,0.0,0.0,10.0,0.0,1000.0,0.0,0.0,0.0,1000.0,0.0,1.55118,0.0,5.21991,14432.0,5.0,0.0,1.0,1000.0,0.0,-1.49103,0.0,5.99971,16588.0,5.0,-3.20096,1000.0,0.0,1.0,-2.07498,5.90965,16339.0,5.0,-4.50304,0.0,A,0
2025-12-14 14:58:53.868000+00:00,-2.07498,0.0,0.0,0.0,0.0,0.0,0.0,10.0,0.0,1000.0,0.0,0.0,0.0,1000.0,0.0,1.55118,0.0,5.21991,14432.0,5.0,0.0,1.0,1000.0,0.0,-1.49103,0.0,5.99971,15344.0,5.0,-3.20096,1000.0,0.0,1.0,-2.07498,5.90965,14625.0,5.0,-4.50304,0.0,A,0
2025-12-14 14:58:53.870000+00:00,-2.64277,0.0,0.0,0.0,0.0,0.0,0.0,10.0,0.0,1000.0,0.0,0.0,0.0,1000.0,1.0,0.38779,0.0,5.21991,14432.0,5.0,0.0,1.0,1000.0,0.0,-1.9217,0.0,5.54977,15344.0,5.0,-1.50101,1000.0,0.0,0.0,-2.64277,5.28971,14625.0,5.0,-2.10142,0.0,A,0
2025-12-14 14:58:54.169000+00:00,-2.11845,0.0,0.0,0.0,0.0,0.0,0.0,10.0,0.0,1000.0,0.0,0.0,0.0,1000.0,1.0,0.04847,0.0,5.21991,14432.0,5.0,0.0,0.0,1000.0,0.0,-1.5536,0.0,5.10995,14128.0,5.0,-1.39974,1000.0,0.0,0.0,-2.11845,5.00977,13851.0,5.0,-0.79933,0.0,A,0
2025-12-14 14:58:54.471000+00:00,-0.36472,0.0,0.0,0.0,0.0,0.0,0.0,10.0,0.0,1000.0,0.0,0.0,0.0,1000.0,1.0,0.00606,0.0,5.21991,14432.0,5.0,0.0,0.0,1000.0,0.0,-1.19382,0.0,5.01989,13879.0,5.0,0.0,1000.0,1.0,0.0,-0.36472,5.00977,13851.0,5.0,0.0,0.0,A,0
2025-12-14 14:58:54.769000+00:00,-0.09118,0.0,0.0,0.0,0.0,0.0,0.0,10.0,0.0,1000.0,0.0,0.0,1.0,1000.0,0.0,0.00151,0.0,5.21991,14432.0,0.0,0.0,1.0,1000.0,0.0,-0.29846,0.0,5.01989,13879.0,0.0,0.0,1000.0,0.0,1.0,-0.09118,5.00977,13851.0,0.0,0.0,0.0,A,0
2025-12-14 14:58:55.070000+00:00,-0.09118,0.0,0.0,0.0,0.0,0.0,0.0,10.0,0.0,1000.0,0.0,0.0,1.0,1000.0,0.0,0.00151,0.0,5.21991,12524.0,0.0,0.0,1.0,1000.0,0.0,-0.29846,0.0,5.01989,12828.0,0.0,0.0,1000.0,0.0,1.0,-0.09118,5.00977,12524.0,0.0,0.0,0.0,A,0
2025-12-14 14:58:55.071000+00:00,-1.23662,0.0,0.0,0.0,0.0,0.0,0.0,10.0,0.0,1000.0,0.0,0.0,1.0,1000.0,0.0,-1.74948,0.0,4.5298,12524.0,0.0,-2.60055,1.0,1000.0,0.0,-1.01296,0.0,4.63976,12828.0,0.0,-1.39974,1000.0,0.0,1.0,-1.23662,4.5298,12524.0,0.0,-2.00014,0.0,A,0
2025-12-14 14:58:55.368000+00:00,-1.23662,0.0,0.0,0.0,0.0,0.0,0.0,10.0,0.0,1000.0,0.0,0.0,1.0,1000.0,0.0,-1.74948,0.0,4.5298,10312.0,0.0,-2.60055,1.0,1000.0,0.0,-1.01296,0.0,4.63976,11584.0,0.0,-1.39974,1000.0,0.0,1.0,-1.23662,4.5298,10810.0,0.0,-2.00014,0.0,A,0
2025-12-14 14:58:55.370000+00:00,-1.97885,0.0,0.0,0.0,0.0,0.0,0.0,10.0,0.0,1000.0,0.0,0.0,1.0,1000.0,0.0,-2.56922,0.0,3.72975,10312.0,0.0,-2.60055,1.0,1000.0,0.0,-1.42554,0.0,4.18981,11584.0,0.0,-1.50102,1000.0,0.0,1.0,-1.97885,3.90987,10810.0,0.0,-2.00015,0.0,A,0
2025-12-14 14:58:55.670000+00:00,-2.24439,0.0,0.0,0.0,0.0,0.0,0.0,10.0,0.0,1000.0,0.0,0.0,1.0,1000.0,0.0,-2.89292,0.0,2.81973,7796.0,0.0,-2.69821,1.0,1000.0,0.0,-1.58161,0.0,3.68996,10202.0,0.0,-1.50101,1000.0,0.0,1.0,-2.24439,3.21,8875.0,0.0,-2.00015,0.0,A,0
2025-12-14 14:58:55.968000+00:00,-2.24439,0.0,0.0,0.0,0.0,0.0,0.0,10.0,0.0,1000.0,0.0,0.0,1.0,1000.0,0.0,-2.89292,0.0,2.81973,5612.0,0.0,-2.69821,1.0,1000.0,0.0,-1.58161,0.0,3.68996,8985.0,0.0,-1.50101,1000.0,0.0,1.0,-2.24439,3.21,7160.0,0.0,-2.00015,0.0,A,0
2025-12-14 14:58:55.971000+00:00,-3.20617,0.0,0.0,0.0,0.0,0.0,0.0,10.0,0.0,1000.0,0.0,0.0,1.0,1000.0,0.0,-4.14851,0.0,2.0298,5612.0,0.0,-2.60055,1.0,1000.0,0.0,-2.33574,0.0,3.24978,8985.0,0.0,-1.39974,1000.0,0.0,1.0,-3.20617,2.5897,7160.0,0.0,-2.10142,0.0,A,0
2025-12-14 14:58:56.267000+00:00,-3.20617,0.0,0.0,0.0,0.0,0.0,0.0,10.0,0.0,1000.0,0.0,0.0,1.0,1000.0,0.0,-4.14851,0.0,2.0298,3400.0,0.0,-2.60055,1.0,1000.0,0.0,-2.33574,0.0,3.24978,7741.0,0.0,-1.39974,1000.0,0.0,1.0,-3.20617,2.5897,5474.0,0.0,-2.10142,0.0,A,0
2025-12-14 14:58:56.273000+00:00,-2.21238,0.0,0.0,0.0,0.0,0.0,0.0,10.0,0.0,1000.0,0.0,0.0,1.0,1000.0,0.0,-2.81846,0.0,1.22975,3400.0,0.0,-2.70182,1.0,1000.0,0.0,-1.59089,0.0,2.79984,7741.0,0.0,-1.50101,1000.0,0.0,1.0,-2.21238,1.97989,5474.0,0.0,-2.00014,0.0,A,0
2025-12-14 14:58:56.569000+00:00,-2.21238,0.0,0.0,0.0,0.0,0.0,0.0,10.0,0.0,1000.0,0.0,0.0,1.0,1000.0,0.0,-2.81846,0.0,1.22975,1050.0,0.0,-2.70182,1.0,1000.0,0.0,-1.59089,0.0,2.79984,6441.0,0.0,-1.50101,1000.0,0.0,1.0,-2.21238,1.97989,3649.0,0.0,-2.00014,0.0,A,0
2025-12-14 14:58:56.571000+00:00,-2.10384,0.0,0.0,0.0,0.0,0.0,0.0,10.0,0.0,1000.0,0.0,0.0,1.0,1000.0,0.0,-2.72917,0.0,0.37977,1050.0,0.0,-2.60055,1.0,1000.0,0.0,-1.47284,0.0,2.32964,6441.0,0.0,-1.50101,1000.0,0.0,1.0,-2.10384,1.31981,3649.0,0.0,-2.00014,0.0,A,0
2025-12-14 14:58:56.870000+00:00,-2.10384,0.0,0.0,0.0,0.0,0.0,0.0,10.0,0.0,1000.0,0.0,0.0,1.0,1000.0,0.0,-2.72917,0.0,0.37977,0.0,0.0,-2.60055,1.0,1000.0,0.0,-1.47284,0.0,2.32964,5225.0,0.0,-1.50101,1000.0,0.0,1.0,-2.10384,1.31981,1935.0,0.0,-2.00014,0.0,A,0
2025-12-14 14:58:56.872000+00:00,-2.13789,0.0,0.0,0.0,0.0,0.0,0.0,10.0,0.0,1000.0,0.0,0.0,0.0,0.0,0.0,-2.81556,0.0,0.0,0.0,0.0,-1.09954,1.0,1000.0,0.0,-1.57073,0.0,1.88983,5225.0,0.0,-1.50101,1000.0,0.0,1.0,-2.13789,0.69987,1935.0,0.0,-2.10142,0.0,A,0
2025-12-14 14:58:57.168000+00:00,-2.13789,0.0,0.0,0.0,0.0,0.0,0.0,10.0,0.0,1000.0,0.0,0.0,0.0,0.0,0.0,-2.81556,0.0,0.0,0.0,0.0,-1.09954,1.0,1000.0,0.0,-1.57073,0.0,1.88983,3898.0,0.0,-1.50101,1000.0,0.0,1.0,-2.13789,0.69987,138.0,0.0,-2.10142,0.0,A,0
2025-12-14 14:58:57.171000+00:00,-2.50474,0.0,0.0,0.0,0.0,0.0,0.0,10.0,0.0,1000.0,0.0,0.0,0.0,0.0,1.0,-0.48939,0.0,0.0,0.0,0.0,0.0,1.0,1000.0,0.0,-1.7828,0.0,1.40987,3898.0,0.0,-1.80121,1000.0,0.0,0.0,-2.50474,0.04991,138.0,0.0,-2.398,0.0,A,0
2025-12-14 14:58:57.468000+00:00,-2.50474,0.0,0.0,0.0,0.0,0.0,0.0,10.0,0.0,1000.0,0.0,0.0,0.0,0.0,1.0,-0.48939,0.0,0.0,0.0,0.0,0.0,1.0,1000.0,0.0,-1.7828,0.0,1.40987,2681.0,0.0,-1.80121,1000.0,0.0,0.0,-2.50474,0.04991,27.0,0.0,-2.398,0.0,A,0
2025-12-14 14:58:57.471000+00:00,-1.42642,0.0,0.0,0.0,0.0,0.0,0.0,10.0,0.0,1000.0,0.0,0.0,0.0,0.0,1.0,-0.12235,0.0,0.0,0.0,0.0,0.0,1.0,1000.0,0.0,-1.59587,0.0,0.96969,2681.0,0.0,-1.50101,1000.0,0.0,0.0,-1.42642,0.00977,27.0,0.0,0.0,0.0,A,0
2025-12-14 14:58:57.771000+00:00,-0.1783,0.0,0.0,0.0,0.0,0.0,0.0,10.0,0.0,1000.0,0.0,0.0,0.0,0.0,1.0,-0.01529,0.0,0.0,0.0,0.0,0.0,1.0,1000.0,0.0,-1.51106,0.0,0.52988,1465.0,0.0,-1.50101,1000.0,1.0,0.0,-0.1783,0.00977,27.0,0.0,0.0,0.0,A,0
2025-12-14 14:58:58.068000+00:00,-0.1783,0.0,0.0,0.0,0.0,0.0,0.0,10.0,0.0,1000.0,0.0,0.0,0.0,0.0,1.0,-0.01529,0.0,0.0,0.0,0.0,0.0,1.0,1000.0,0.0,-1.51106,0.0,0.52988,138.0,0.0,-1.50101,1000.0,1.0,0.0,-0.1783,0.00977,27.0,0.0,0.0,0.0,A,0
2025-12-14 14:58:58.073000+00:00,-0.02229,0.0,0.0,0.0,0.0,0.0,0.0,10.0,0.0,1000.0,0.0,0.0,0.0,0.0,1.0,-0.00191,0.0,0.0,0.0,0.0,0.0,0.0,1000.0,0.0,-1.47695,0.0,0.04991,138.0,0.0,-3.29861,1000.0,1.0,0.0,-0.02229,0.00977,27.0,0.0,0.0,0.0,A,0
2025-12-14 14:58:58.370000+00:00,-0.00557,0.0,0.0,0.0,0.0,0.0,0.0,10.0,0.0,1000.0,0.0,0.0,0.0,0.0,1.0,-0.00048,0.0,0.0,0.0,0.0,0.0,0.0,0.0,0.0,-1.44346,0.0,0.0,0.0,0.0,0.0,1000.0,1.0,0.0,-0.00557,0.00977,27.0,0.0,0.0,0.0,A,0
2025-12-14 14:58:58.669000+00:00,-0.0007,0.0,0.0,0.0,0.0,0.0,0.0,10.0,0.0,1000.0,0.0,0.0,0.0,0.0,0.0,-6e-05,1.0,0.0,0.0,8.0,0.0,0.0,0.0,0.0,-0.18043,1.0,0.0,0.0,9.0,0.0,1000.0,0.0,0.0,-0.0007,0.00977,27.0,10.0,0.0,1.0,A,0
2025-12-14 14:58:58.969000+00:00,1.1754,0.0,0.0,0.0,0.0,0.0,0.0,10.0,0.0,1000.0,0.0,0.0,0.0,1000.0,0.0,1.7994,1.0,0.69987,1935.0,8.0,2.60055,0.0,1000.0,0.0,0.9522,1.0,0.3899,1078.0,9.0,1.50101,1000.0,0.0,0.0,1.1754,0.48973,1354.0,10.0,2.0978,1.0,A,0
2025-12-14 14:58:59.268000+00:00,1.1754,0.0,0.0,0.0,0.0,0.0,0.0,10.0,0.0,1000.0,0.0,0.0,0.0,1000.0,0.0,1.7994,1.0,0.69987,4285.0,8.0,2.60055,0.0,1000.0,0.0,0.9522,1.0,0.3899,2377.0,9.0,1.50101,1000.0,0.0,0.0,1.1754,0.48973,3179.0,10.0,2.0978,1.0,A,0
2025-12-14 14:58:59.270000+00:00,1.81837,0.0,0.0,0.0,0.0,0.0,0.0,10.0,0.0,1000.0,0.0,0.0,0.0,1000.0,0.0,2.44909,1.0,1.54984,4285.0,8.0,5.8015,0.0,1000.0,0.0,1.31317,1.0,0.85974,2377.0,9.0,3.29861,1000.0,0.0,0.0,1.81837,1.14981,3179.0,10.0,4.60069,1.0,A,0
2025-12-14 14:58:59.568000+00:00,1.81837,0.0,0.0,0.0,0.0,0.0,0.0,10.0,0.0,1000.0,0.0,0.0,0.0,1000.0,0.0,2.44909,1.0,1.54984,6497.0,8.0,5.8015,0.0,1000.0,0.0,1.31317,1.0,0.85974,3594.0,9.0,3.29861,1000.0,0.0,0.0,1.81837,1.14981,4866.0,10.0,4.60069,1.0,A,0
2025-12-14 14:58:59.571000+00:00,2.35313,0.0,0.0,0.0,0.0,0.0,0.0,10.0,0.0,1000.0,0.0,0.0,0.0,1000.0,0.0,3.00615,1.0,2.3499,6497.0,8.0,2.70182,0.0,1000.0,0.0,1.70223,1.0,1.29991,3594.0,9.0,1.39974,1000.0,0.0,0.0,2.35313,1.75998,4866.0,10.0,2.00014,1.0,A,0
2025-12-14 14:58:59.868000+00:00,2.35313,0.0,0.0,0.0,0.0,0.0,0.0,10.0,0.0,1000.0,0.0,0.0,0.0,1000.0,0.0,3.00615,1.0,2.3499,8709.0,8.0,2.70182,0.0,1000.0,0.0,1.70223,1.0,1.29991,4838.0,9.0,1.39974,1000.0,0.0,0.0,2.35313,1.75998,6580.0,10.0,2.00014,1.0,A,0
2025-12-14 14:58:59.871000+00:00,2.06868,0.0,0.0,0.0,0.0,0.0,0.0,10.0,0.0,1000.0,0.0,0.0,0.0,1000.0,0.0,2.68832,1.0,3.14996,8709.0,8.0,2.60055,0.0,1000.0,0.0,1.5126,1.0,1.74986,4838.0,9.0,1.50101,1000.0,0.0,0.0,2.06868,2.37992,6580.0,10.0,2.00014,1.0,A,0
2025-12-14 14:59:00.170000+00:00,2.24153,0.0,0.0,0.0,0.0,0.0,0.0,10.0,0.0,1000.0,0.0,0.0,0.0,1000.0,0.0,2.94621,1.0,3.99993,11059.0,8.0,2.60055,0.0,1000.0,0.0,1.60337,1.0,2.21969,6137.0,9.0,1.50101,1000.0,0.0,0.0,2.24153,3.02988,8377.0,10.0,2.10142,1.0,A,0
2025-12-14 14:59:00.468000+00:00,2.24153,0.0,0.0,0.0,0.0,0.0,0.0,10.0,0.0,1000.0,0.0,0.0,0.0,1000.0,0.0,2.94621,1.0,3.99993,13271.0,8.0,2.60055,0.0,1000.0,0.0,1.60337,1.0,2.21969,7354.0,9.0,1.50101,1000.0,0.0,0.0,2.24153,3.02988,10091.0,10.0,2.10142,1.0,A,0
2025-12-14 14:59:00.472000+00:00,3.14251,0.0,0.0,0.0,0.0,0.0,0.0,10.0,0.0,1000.0,0.0,0.0,0.0,1000.0,0.0,4.01818,1.0,4.79999,13271.0,8.0,2.70182,0.0,1000.0,0.0,2.26341,1.0,2.65987,7354.0,9.0,1.39974,1000.0,0.0,0.0,3.14251,3.64981,10091.0,10.0,2.00014,1.0,A,0
2025-12-14 14:59:00.768000+00:00,3.14251,0.0,0.0,0.0,0.0,0.0,0.0,10.0,0.0,1000.0,0.0,0.0,0.0,1000.0,0.0,4.01818,1.0,4.79999,15455.0,8.0,2.70182,0.0,1000.0,0.0,2.26341,1.0,2.65987,8598.0,9.0,1.39974,1000.0,0.0,0.0,3.14251,3.64981,11805.0,10.0,2.00014,1.0,A,0
2025-12-14 14:59:00.772000+00:00,2.16826,0.0,0.0,0.0,0.0,0.0,0.0,10.0,0.0,1000.0,0.0,0.0,0.0,1000.0,0.0,2.84015,1.0,5.58992,15455.0,8.0,2.70183,0.0,1000.0,0.0,1.58184,1.0,3.10981,8598.0,9.0,1.4974,1000.0,0.0,0.0,2.16826,4.26975,11805.0,10.0,2.00014,1.0,A,0
2025-12-14 14:59:01.071000+00:00,2.26732,0.0,0.0,0.0,0.0,0.0,0.0,10.0,0.0,1000.0,0.0,0.0,0.0,1000.0,0.0,2.95884,1.0,6.43989,17805.0,8.0,2.70182,0.0,1000.0,0.0,1.62069,1.0,3.57964,9897.0,9.0,1.50101,1000.0,0.0,0.0,2.26732,4.9197,13602.0,10.0,2.0978,1.0,A,0
2025-12-14 14:59:01.371000+00:00,2.09639,0.0,0.0,0.0,0.0,0.0,0.0,10.0,0.0,1000.0,0.0,0.0,0.0,1000.0,0.0,2.70682,1.0,7.23994,20017.0,8.0,2.70182,0.0,1000.0,0.0,1.51507,1.0,4.01982,11114.0,9.0,1.50101,1000.0,0.0,0.0,2.09639,5.53964,15316.0,10.0,2.10142,1.0,A,0
2025-12-14 14:59:01.668000+00:00,2.09639,0.0,0.0,0.0,0.0,0.0,0.0,10.0,0.0,1000.0,0.0,0.0,0.0,1000.0,0.0,2.70682,1.0,7.23994,22367.0,8.0,2.70182,0.0,1000.0,0.0,1.51507,1.0,4.01982,12441.0,9.0,1.50101,1000.0,0.0,0.0,2.09639,5.53964,17141.0,10.0,2.10142,1.0,A,0
2025-12-14 14:59:01.671000+00:00,2.64965,0.0,0.0,0.0,0.0,0.0,0.0,10.0,0.0,1000.0,0.0,0.0,0.0,1000.0,0.0,3.47647,0.0,8.08992,22367.0,8.0,2.70183,0.0,1000.0,0.0,1.92595,1.0,4.49978,12441.0,9.0,1.4974,1000.0,0.0,0.0,2.64965,6.19973,17141.0,10.0,2.00015,1.0,A,0
2025-12-14 14:59:01.968000+00:00,2.64965,0.0,0.0,0.0,0.0,0.0,0.0,10.0,0.0,1000.0,0.0,0.0,0.0,1000.0,0.0,3.47647,0.0,8.08992,22809.0,8.0,2.70183,0.0,1000.0,0.0,1.92595,1.0,4.49978,13326.0,9.0,1.4974,1000.0,0.0,0.0,2.64965,6.19973,18385.0,10.0,2.00015,1.0,A,0
2025-12-14 14:59:01.971000+00:00,2.18693,0.0,0.0,0.0,0.0,0.0,0.0,10.0,0.0,1000.0,0.0,0.0,0.0,1000.0,0.0,2.31859,0.0,8.24978,22809.0,8.0,0.0,0.0,1000.0,0.0,1.55661,1.0,4.93996,13326.0,9.0,1.80122,1000.0,0.0,0.0,2.18693,6.8099,18385.0,10.0,2.49928,1.0,A,0
2025-12-14 14:59:02.270000+00:00,2.03525,0.0,0.0,0.0,0.0,0.0,0.0,10.0,0.0,1000.0,0.0,0.0,0.0,1000.0,1.0,0.28982,0.0,8.24978,22809.0,8.0,0.0,0.0,1000.0,0.0,1.46863,1.0,5.25969,14542.0,9.0,1.69994,1000.0,0.0,0.0,2.03525,7.26997,20100.0,10.0,2.50289,1.0,A,0
2025-12-14 14:59:02.568000+00:00,2.03525,0.0,0.0,0.0,0.0,0.0,0.0,10.0,0.0,1000.0,0.0,0.0,0.0,1000.0,1.0,0.28982,0.0,8.24978,22809.0,8.0,0.0,0.0,1000.0,0.0,1.46863,1.0,5.25969,15787.0,9.0,1.69994,1000.0,0.0,0.0,2.03525,7.26997,21786.0,10.0,2.50289,1.0,A,0
2025-12-14 14:59:02.570000+00:00,2.13461,0.0,0.0,0.0,0.0,0.0,0.0,10.0,0.0,1000.0,0.0,0.0,0.0,1000.0,1.0,0.07246,0.0,8.24978,22809.0,8.0,0.0,0.0,1000.0,0.0,1.54265,1.0,5.71,15787.0,9.0,1.50101,1000.0,0.0,0.0,2.13461,7.87977,21786.0,10.0,2.0978,1.0,A,0
2025-12-14 14:59:02.869000+00:00,2.13461,0.0,0.0,0.0,0.0,0.0,0.0,10.0,0.0,1000.0,0.0,0.0,0.0,1000.0,1.0,0.07246,0.0,8.24978,22809.0,8.0,0.0,0.0,1000.0,0.0,1.54265,1.0,5.71,17003.0,9.0,1.50101,1000.0,0.0,0.0,2.13461,7.87977,23500.0,10.0,2.0978,1.0,A,0
2025-12-14 14:59:02.871000+00:00,2.55451,0.0,0.0,0.0,0.0,0.0,0.0,10.0,0.0,1000.0,0.0,0.0,0.0,1000.0,1.0,0.00906,0.0,8.24978,22809.0,8.0,0.0,0.0,1000.0,0.0,1.82993,1.0,6.14981,17003.0,9.0,1.50101,1000.0,0.0,0.0,2.55451,8.49971,23500.0,10.0,2.0978,1.0,A,0
2025-12-14 14:59:03.168000+00:00,2.55451,0.0,0.0,0.0,0.0,0.0,0.0,10.0,0.0,1000.0,0.0,0.0,0.0,1000.0,1.0,0.00906,0.0,8.24978,22809.0,8.0,0.0,0.0,1000.0,0.0,1.82993,1.0,6.14981,18302.0,9.0,1.50101,1000.0,0.0,0.0,2.55451,8.49971,25325.0,10.0,2.0978,1.0,A,0
2025-12-14 14:59:03.172000+00:00,2.33121,0.0,0.0,0.0,0.0,0.0,0.0,10.0,0.0,1000.0,0.0,0.0,0.0,1000.0,1.0,0.00113,0.0,8.24978,22809.0,8.0,0.0,0.0,1000.0,0.0,1.69042,1.0,6.61965,18302.0,9.0,1.39974,1000.0,0.0,0.0,2.33121,9.15979,25325.0,10.0,2.10142,1.0,A,0
2025-12-14 14:59:03.469000+00:00,2.33121,0.0,0.0,0.0,0.0,0.0,0.0,10.0,0.0,1000.0,0.0,0.0,0.0,1000.0,1.0,0.00113,0.0,8.24978,22809.0,8.0,0.0,0.0,1000.0,0.0,1.69042,1.0,6.61965,19547.0,9.0,1.39974,1000.0,0.0,0.0,2.33121,9.15979,27012.0,10.0,2.10142,1.0,A,0
2025-12-14 14:59:03.471000+00:00,2.10823,0.0,0.0,0.0,0.0,0.0,0.0,10.0,0.0,1000.0,0.0,0.0,0.0,1000.0,1.0,0.00028,0.0,8.24978,22809.0,8.0,0.0,0.0,1000.0,0.0,1.52305,1.0,7.06995,19547.0,9.0,1.80121,1000.0,0.0,0.0,2.10823,9.76997,27012.0,10.0,2.49928,0.0,A,0
2025-12-14 14:59:03.768000+00:00,2.10823,0.0,0.0,0.0,0.0,0.0,0.0,10.0,0.0,1000.0,0.0,0.0,0.0,1000.0,1.0,0.00028,0.0,8.24978,22809.0,8.0,0.0,0.0,1000.0,0.0,1.52305,1.0,7.06995,20846.0,9.0,1.80121,1000.0,0.0,0.0,2.10823,9.76997,27648.0,10.0,2.49928,0.0,A,0
2025-12-14 14:59:03.770000+00:00,2.02541,0.0,0.0,0.0,0.0,0.0,0.0,10.0,0.0,1000.0,0.0,0.0,0.0,1000.0,1.0,4e-05,0.0,8.24978,22809.0,8.0,0.0,0.0,1000.0,0.0,1.46443,1.0,7.53979,20846.0,9.0,3.20096,0.0,0.0,0.0,2.02541,10.0,27648.0,10.0,0.20255,0.0,A,0
2025-12-14 14:59:04.070000+00:00,0.2785,0.0,0.0,0.0,0.0,0.0,0.0,10.0,0.0,1000.0,0.0,0.0,0.0,1000.0,1.0,0.0,0.0,8.24978,22809.0,8.0,0.0,0.0,1000.0,0.0,1.70893,1.0,7.97996,22063.0,9.0,1.39974,0.0,1.0,0.0,0.2785,10.0,27648.0,10.0,0.0,0.0,A,0
2025-12-14 14:59:04.370000+00:00,0.06962,0.0,0.0,0.0,0.0,0.0,0.0,10.0,0.0,1000.0,0.0,0.0,0.0,1000.0,1.0,0.0,0.0,8.24978,22809.0,8.0,0.0,0.0,1000.0,0.0,1.67597,1.0,8.45992,23390.0,9.0,1.50101,0.0,1.0,0.0,0.06962,10.0,27648.0,10.0,0.0,0.0,A,0
2025-12-14 14:59:04.668000+00:00,0.06962,0.0,0.0,0.0,0.0,0.0,0.0,10.0,0.0,1000.0,0.0,0.0,0.0,1000.0,1.0,0.0,0.0,8.24978,22809.0,8.0,0.0,0.0,1000.0,0.0,1.67597,1.0,8.45992,24606.0,9.0,1.50101,0.0,1.0,0.0,0.06962,10.0,27648.0,10.0,0.0,0.0,A,0
2025-12-14 14:59:04.673000+00:00,0.0087,0.0,0.0,0.0,0.0,0.0,0.0,10.0,0.0,1000.0,0.0,0.0,0.0,1000.0,1.0,0.0,0.0,8.24978,22809.0,8.0,0.0,0.0,1000.0,0.0,1.52107,0.0,8.89974,24606.0,9.0,1.40336,0.0,1.0,0.0,0.0087,10.0,27648.0,10.0,0.0,0.0,A,0
2025-12-14 14:59:04.970000+00:00,0.00109,0.0,0.0,0.0,0.0,0.0,0.0,10.0,0.0,1000.0,0.0,0.0,0.0,1000.0,1.0,0.0,0.0,8.24978,22809.0,8.0,0.0,0.0,1000.0,0.0,1.19021,0.0,8.9898,24855.0,9.0,0.0,0.0,1.0,0.0,0.00109,10.0,27648.0,10.0,0.0,0.0,A,0
2025-12-14 14:59:05.270000+00:00,0.00027,0.0,0.0,0.0,0.0,0.0,0.0,10.0,0.0,1000.0,0.0,0.0,1.0,1000.0,0.0,0.0,0.0,8.08992,22367.0,5.0,0.0,1.0,1000.0,0.0,0.29755,0.0,8.89974,24606.0,5.0,0.0,1000.0,0.0,1.0,0.00027,9.93996,27482.0,5.0,0.0,0.0,A,0
2025-12-14 14:59:05.570000+00:00,-1.20078,0.0,0.0,0.0,0.0,0.0,0.0,10.0,0.0,1000.0,0.0,0.0,1.0,1000.0,0.0,-1.69994,0.0,7.29999,20183.0,5.0,-2.70183,1.0,1000.0,0.0,-0.93666,0.0,8.45992,23390.0,5.0,-1.40336,1000.0,0.0,1.0,-1.20078,9.31966,25767.0,5.0,-2.00014,0.0,A,0
2025-12-14 14:59:05.870000+00:00,-1.92554,0.0,0.0,0.0,0.0,0.0,0.0,10.0,0.0,1000.0,0.0,0.0,1.0,1000.0,0.0,-2.55036,0.0,6.70971,18551.0,5.0,-3.20096,1.0,1000.0,0.0,-1.41736,0.0,8.1297,22477.0,5.0,-1.80121,1000.0,0.0,1.0,-1.92554,8.86972,24523.0,5.0,-2.49928,0.0,A,0
2025-12-14 14:59:06.170000+00:00,-3.15518,0.0,0.0,0.0,0.0,0.0,0.0,10.0,0.0,1000.0,0.0,0.0,1.0,1000.0,0.0,-4.08721,0.0,5.90965,16339.0,5.0,-2.70182,1.0,1000.0,0.0,-2.25321,0.0,7.68989,21261.0,5.0,-1.50101,1000.0,0.0,1.0,-3.15518,8.24978,22809.0,5.0,-2.10142,0.0,A,0
2025-12-14 14:59:06.469000+00:00,-3.15518,0.0,0.0,0.0,0.0,0.0,0.0,10.0,0.0,1000.0,0.0,0.0,1.0,1000.0,0.0,-4.08721,0.0,5.90965,13989.0,5.0,-2.70182,1.0,1000.0,0.0,-2.25321,0.0,7.68989,19961.0,5.0,-1.50101,1000.0,0.0,1.0,-3.15518,8.24978,21012.0,5.0,-2.10142,0.0,A,0
2025-12-14 14:59:06.471000+00:00,-2.20601,0.0,0.0,0.0,0.0,0.0,0.0,10.0,0.0,1000.0,0.0,0.0,0.0,1000.0,0.0,-2.84877,0.0,5.05968,13989.0,5.0,-3.20096,1.0,1000.0,0.0,-1.59504,0.0,7.21969,19961.0,5.0,-1.69994,1000.0,0.0,1.0,-2.20601,7.59983,21012.0,5.0,-2.40162,0.0,A,0
2025-12-14 14:59:06.768000+00:00,-2.20601,0.0,0.0,0.0,0.0,0.0,0.0,10.0,0.0,1000.0,0.0,0.0,0.0,1000.0,0.0,-2.84877,0.0,5.05968,12966.0,5.0,-3.20096,1.0,1000.0,0.0,-1.59504,0.0,7.21969,18717.0,5.0,-1.69994,1000.0,0.0,1.0,-2.20601,7.59983,19298.0,5.0,-2.40162,0.0,A,0
2025-12-14 14:59:06.770000+00:00,-2.15021,0.0,0.0,0.0,0.0,0.0,0.0,10.0,0.0,1000.0,0.0,0.0,0.0,1000.0,0.0,-1.95703,1.0,4.68967,12966.0,5.0,0.0,1.0,1000.0,0.0,-1.53673,0.0,6.76975,18717.0,5.0,-1.50101,1000.0,0.0,1.0,-2.15021,6.97989,19298.0,5.0,-2.00015,0.0,A,0
2025-12-14 14:59:07.068000+00:00,-2.15021,0.0,0.0,0.0,0.0,0.0,0.0,10.0,0.0,1000.0,0.0,0.0,0.0,1000.0,0.0,-1.95703,1.0,4.68967,14570.0,5.0,0.0,1.0,1000.0,0.0,-1.53673,0.0,6.76975,17501.0,5.0,-1.50101,1000.0,0.0,1.0,-2.15021,6.97989,17584.0,5.0,-2.00015,0.0,A,0
2025-12-14 14:59:07.071000+00:00,-2.0883,0.0,0.0,0.0,0.0,0.0,0.0,10.0,0.0,1000.0,0.0,0.0,0.0,1000.0,0.0,0.31189,0.0,5.26982,14570.0,5.0,2.6982,1.0,1000.0,0.0,-1.50994,0.0,6.32993,17501.0,5.0,-1.39974,1000.0,0.0,1.0,-2.0883,6.35995,17584.0,5.0,-2.00015,0.0,A,0
2025-12-14 14:59:07.371000+00:00,-2.58625,0.0,0.0,0.0,0.0,0.0,0.0,10.0,0.0,1000.0,0.0,0.0,0.0,1000.0,1.0,0.75152,0.0,5.26982,14570.0,5.0,0.0,1.0,1000.0,0.0,-1.86382,0.0,5.85974,16201.0,5.0,-1.69994,1000.0,0.0,1.0,-2.58625,5.71,15787.0,5.0,-2.398,0.0,A,0
2025-12-14 14:59:07.669000+00:00,-2.58625,0.0,0.0,0.0,0.0,0.0,0.0,10.0,0.0,1000.0,0.0,0.0,0.0,1000.0,1.0,0.75152,0.0,5.26982,14570.0,5.0,0.0,1.0,1000.0,0.0,-1.86382,0.0,5.85974,14957.0,5.0,-1.69994,1000.0,0.0,1.0,-2.58625,5.71,14072.0,5.0,-2.398,0.0,A,0
2025-12-14 14:59:07.671000+00:00,-2.1991,0.0,0.0,0.0,0.0,0.0,0.0,10.0,0.0,1000.0,0.0,0.0,0.0,1000.0,1.0,0.09394,0.0,5.26982,14570.0,5.0,0.0,1.0,1000.0,0.0,-1.57033,0.0,5.40979,14957.0,5.0,-1.50102,1000.0,0.0,0.0,-2.1991,5.0897,14072.0,5.0,-2.10142,0.0,A,0
2025-12-14 14:59:07.971000+00:00,-1.64841,0.0,0.0,0.0,0.0,0.0,0.0,10.0,0.0,1000.0,0.0,0.0,0.0,1000.0,1.0,0.02348,0.0,5.26982,14570.0,5.0,0.0,0.0,1000.0,0.0,-1.6178,0.0,5.02966,13906.0,5.0,-1.50102,1000.0,0.0,0.0,-1.64841,4.96998,13741.0,5.0,0.0,0.0,A,0
2025-12-14 14:59:08.270000+00:00,-1.64841,0.0,0.0,0.0,0.0,0.0,0.0,10.0,0.0,1000.0,0.0,0.0,0.0,1000.0,1.0,0.02348,0.0,5.26982,14570.0,0.0,0.0,0.0,1000.0,0.0,-1.6178,0.0,5.02966,13906.0,0.0,-1.50102,1000.0,0.0,0.0,-1.64841,4.96998,13741.0,0.0,0.0,0.0,A,0
2025-12-14 14:59:08.274000+00:00,-0.20605,0.0,0.0,0.0,0.0,0.0,0.0,10.0,0.0,1000.0,0.0,0.0,1.0,1000.0,0.0,0.00294,0.0,5.26982,14570.0,0.0,0.0,1.0,1000.0,0.0,-0.53995,0.0,5.02966,13906.0,0.0,0.0,1000.0,0.0,1.0,-0.20605,4.96998,13741.0,0.0,0.0,0.0,A,0
2025-12-14 14:59:08.570000+00:00,-0.05151,0.0,0.0,0.0,0.0,0.0,0.0,10.0,0.0,1000.0,0.0,0.0,1.0,1000.0,0.0,0.00073,0.0,4.8499,13409.0,0.0,-1.50102,1.0,1000.0,0.0,-0.13499,0.0,4.78986,13243.0,0.0,-0.89699,1000.0,0.0,1.0,-0.05151,4.68967,12966.0,0.0,-0.80295,0.0,A,0
2025-12-14 14:59:08.869000+00:00,-0.05151,0.0,0.0,0.0,0.0,0.0,0.0,10.0,0.0,1000.0,0.0,0.0,1.0,1000.0,0.0,0.00073,0.0,4.8499,11197.0,0.0,-1.50102,1.0,1000.0,0.0,-0.13499,0.0,4.78986,12026.0,0.0,-0.89699,1000.0,0.0,1.0,-0.05151,4.68967,11252.0,0.0,-0.80295,0.0,A,0
2025-12-14 14:59:08.871000+00:00,-1.65575,0.0,0.0,0.0,0.0,0.0,0.0,10.0,0.0,1000.0,0.0,0.0,1.0,1000.0,0.0,-2.213,0.0,4.04984,11197.0,0.0,-2.60055,1.0,1000.0,0.0,-1.25476,0.0,4.34968,12026.0,0.0,-1.39974,1000.0,0.0,1.0,-1.65575,4.06973,11252.0,0.0,-2.00015,0.0,A,0
2025-12-14 14:59:09.168000+00:00,-1.65575,0.0,0.0,0.0,0.0,0.0,0.0,10.0,0.0,1000.0,0.0,0.0,1.0,1000.0,0.0,-2.213,0.0,4.04984,9732.0,0.0,-2.60055,1.0,1000.0,0.0,-1.25476,0.0,4.34968,11197.0,0.0,-1.39974,1000.0,0.0,1.0,-1.65575,4.06973,10119.0,0.0,-2.00015,0.0,A,0
2025-12-14 14:59:09.172000+00:00,-1.98241,0.0,0.0,0.0,0.0,0.0,0.0,10.0,0.0,1000.0,0.0,0.0,1.0,1000.0,0.0,-2.57652,0.0,3.19987,9732.0,0.0,-2.69821,1.0,1000.0,0.0,-1.45576,0.0,3.87985,11197.0,0.0,-1.50101,1000.0,0.0,1.0,-1.98241,3.41978,10119.0,0.0,-2.0978,0.0,A,0
2025-12-14 14:59:09.468000+00:00,-1.98241,0.0,0.0,0.0,0.0,0.0,0.0,10.0,0.0,1000.0,0.0,0.0,1.0,1000.0,0.0,-2.57652,0.0,3.19987,7382.0,0.0,-2.69821,1.0,1000.0,0.0,-1.45576,0.0,3.87985,9897.0,0.0,-1.50101,1000.0,0.0,1.0,-1.98241,3.41978,8322.0,0.0,-2.0978,0.0,A,0
2025-12-14 14:59:09.471000+00:00,-2.22086,0.0,0.0,0.0,0.0,0.0,0.0,10.0,0.0,1000.0,0.0,0.0,1.0,1000.0,0.0,-2.91916,0.0,2.66999,7382.0,0.0,-5.29876,1.0,1000.0,0.0,-1.58917,0.0,3.57964,9897.0,0.0,-3.00203,1000.0,0.0,1.0,-2.22086,3.00998,8322.0,0.0,-4.09795,0.0,A,0
2025-12-14 14:59:09.770000+00:00,-2.36591,0.0,0.0,0.0,0.0,0.0,0.0,10.0,0.0,1000.0,0.0,0.0,1.0,1000.0,0.0,-3.00297,0.0,1.86994,5170.0,0.0,-2.69821,1.0,1000.0,0.0,-1.69875,0.0,3.13983,8681.0,0.0,-1.39974,1000.0,0.0,1.0,-2.36591,2.38968,6607.0,0.0,-2.00014,0.0,A,0
2025-12-14 14:59:10.068000+00:00,-2.36591,0.0,0.0,0.0,0.0,0.0,0.0,10.0,0.0,1000.0,0.0,0.0,1.0,1000.0,0.0,-3.00297,0.0,1.86994,2820.0,0.0,-2.69821,1.0,1000.0,0.0,-1.69875,0.0,3.13983,7354.0,0.0,-1.39974,1000.0,0.0,1.0,-2.36591,2.38968,4783.0,0.0,-2.00014,0.0,A,0
2025-12-14 14:59:10.070000+00:00,-2.07028,0.0,0.0,0.0,0.0,0.0,0.0,10.0,0.0,1000.0,0.0,0.0,1.0,1000.0,0.0,-2.7137,0.0,1.01997,2820.0,0.0,-3.19734,1.0,1000.0,0.0,-1.51126,0.0,2.65987,7354.0,0.0,-1.80122,1000.0,0.0,1.0,-2.07028,1.72996,4783.0,0.0,-2.49928,0.0,A,0
2025-12-14 14:59:10.368000+00:00,-2.07028,0.0,0.0,0.0,0.0,0.0,0.0,10.0,0.0,1000.0,0.0,0.0,1.0,1000.0,0.0,-2.7137,0.0,1.01997,608.0,0.0,-3.19734,1.0,1000.0,0.0,-1.51126,0.0,2.65987,6137.0,0.0,-1.80122,1000.0,0.0,1.0,-2.07028,1.72996,3096.0,0.0,-2.49928,0.0,A,0
2025-12-14 14:59:10.371000+00:00,-2.14246,0.0,0.0,0.0,0.0,0.0,0.0,10.0,0.0,1000.0,0.0,0.0,0.0,1000.0,0.0,-2.82867,0.0,0.21991,608.0,0.0,-2.60055,1.0,1000.0,0.0,-1.52799,0.0,2.21969,6137.0,0.0,-1.50101,1000.0,0.0,1.0,-2.14246,1.11979,3096.0,0.0,-2.10142,0.0,A,0
2025-12-14 14:59:10.670000+00:00,-2.14246,0.0,0.0,0.0,0.0,0.0,0.0,10.0,0.0,1000.0,0.0,0.0,0.0,1000.0,0.0,-2.82867,0.0,0.21991,0.0,0.0,-2.60055,1.0,1000.0,0.0,-1.52799,0.0,2.21969,4838.0,0.0,-1.50101,1000.0,0.0,1.0,-2.14246,1.11979,1271.0,0.0,-2.10142,0.0,A,0
2025-12-14 14:59:10.672000+00:00,-3.13013,0.0,0.0,0.0,0.0,0.0,0.0,10.0,0.0,1000.0,0.0,0.0,0.0,0.0,0.0,-2.45274,0.0,0.0,0.0,0.0,0.0,1.0,1000.0,0.0,-2.25308,0.0,1.74986,4838.0,0.0,-1.69994,1000.0,0.0,1.0,-3.13013,0.45971,1271.0,0.0,-2.40162,0.0,A,0
2025-12-14 14:59:10.968000+00:00,-3.13013,0.0,0.0,0.0,0.0,0.0,0.0,10.0,0.0,1000.0,0.0,0.0,0.0,0.0,0.0,-2.45274,0.0,0.0,0.0,0.0,0.0,1.0,1000.0,0.0,-2.25308,0.0,1.74986,3594.0,0.0,-1.69994,1000.0,0.0,1.0,-3.13013,0.45971,27.0,0.0,-2.40162,0.0,A,0
2025-12-14 14:59:10.970000+00:00,-2.21599,0.0,0.0,0.0,0.0,0.0,0.0,10.0,0.0,1000.0,0.0,0.0,0.0,0.0,1.0,-0.30659,0.0,0.0,0.0,0.0,0.0,1.0,1000.0,0.0,-1.61989,0.0,1.29991,3594.0,0.0,-1.4974,1000.0,0.0,0.0,-2.21599,0.00977,27.0,0.0,-0.40148,0.0,A,0
2025-12-14 14:59:11.270000+00:00,-0.65437,0.0,0.0,0.0,0.0,0.0,0.0,10.0,0.0,1000.0,0.0,0.0,0.0,0.0,1.0,-0.07665,0.0,0.0,0.0,0.0,0.0,1.0,1000.0,0.0,-1.47919,0.0,0.85974,2377.0,0.0,-1.50101,1000.0,1.0,0.0,-0.65437,0.00977,27.0,0.0,0.0,0.0,A,0
2025-12-14 14:59:11.571000+00:00,-0.0818,0.0,0.0,0.0,0.0,0.0,0.0,10.0,0.0,1000.0,0.0,0.0,0.0,0.0,1.0,-0.00958,0.0,0.0,0.0,0.0,0.0,1.0,1000.0,0.0,-1.64658,0.0,0.3899,1078.0,0.0,-1.50101,1000.0,1.0,0.0,-0.0818,0.00977,27.0,0.0,0.0,0.0,A,0
2025-12-14 14:59:11.870000+00:00,-0.01022,0.0,0.0,0.0,0.0,0.0,0.0,10.0,0.0,1000.0,0.0,0.0,0.0,0.0,1.0,-0.0012,0.0,0.0,0.0,0.0,0.0,0.0,0.0,0.0,-1.86914,0.0,0.0,0.0,0.0,-1.50101,1000.0,1.0,0.0,-0.01022,0.00977,27.0,0.0,0.0,0.0,A,0
2025-12-14 14:59:12.172000+00:00,-0.00256,0.0,0.0,0.0,0.0,0.0,0.0,10.0,0.0,1000.0,0.0,0.0,0.0,0.0,0.0,-0.0003,1.0,0.0,0.0,8.0,0.0,0.0,0.0,0.0,-0.69153,1.0,0.0,0.0,9.0,0.0,1000.0,0.0,0.0,-0.00256,0.00977,27.0,10.0,0.0,1.0,A,0
2025-12-14 14:59:12.468000+00:00,-0.00256,0.0,0.0,0.0,0.0,0.0,0.0,10.0,0.0,1000.0,0.0,0.0,0.0,0.0,0.0,-0.0003,1.0,0.0,1050.0,8.0,0.0,0.0,0.0,0.0,-0.69153,1.0,0.0,608.0,9.0,0.0,1000.0,0.0,0.0,-0.00256,0.00977,663.0,10.0,0.0,1.0,A,0
2025-12-14 14:59:12.470000+00:00,-0.00032,0.0,0.0,0.0,0.0,0.0,0.0,10.0,0.0,1000.0,0.0,0.0,0.0,1000.0,0.0,-4e-05,1.0,0.37977,1050.0,8.0,1.09954,0.0,1000.0,0.0,-0.08644,1.0,0.21991,608.0,9.0,0.59679,1000.0,0.0,0.0,-0.00032,0.2398,663.0,10.0,0.3002,1.0,A,0
2025-12-14 14:59:12.769000+00:00,-0.00032,0.0,0.0,0.0,0.0,0.0,0.0,10.0,0.0,1000.0,0.0,0.0,0.0,1000.0,0.0,-4e-05,1.0,0.37977,2681.0,8.0,1.09954,0.0,1000.0,0.0,-0.08644,1.0,0.21991,1492.0,9.0,0.59679,1000.0,0.0,0.0,-0.00032,0.2398,1907.0,10.0,0.3002,1.0,A,0
2025-12-14 14:59:12.771000+00:00,1.58823,0.0,0.0,0.0,0.0,0.0,0.0,10.0,0.0,1000.0,0.0,0.0,0.0,1000.0,0.0,2.1629,1.0,0.96969,2681.0,8.0,2.70182,0.0,1000.0,0.0,1.16423,1.0,0.53964,1492.0,9.0,1.39974,1000.0,0.0,0.0,1.58823,0.68974,1907.0,10.0,2.10142,1.0,A,0
2025-12-14 14:59:13.071000+00:00,2.52199,0.0,0.0,0.0,0.0,0.0,0.0,10.0,0.0,1000.0,0.0,0.0,0.0,1000.0,0.0,3.34111,1.0,1.75998,4866.0,8.0,2.60055,0.0,1000.0,0.0,1.86622,1.0,0.97982,2709.0,9.0,1.39974,1000.0,0.0,0.0,2.52199,1.30968,3621.0,10.0,2.0978,1.0,A,0
2025-12-14 14:59:13.370000+00:00,2.12822,0.0,0.0,0.0,0.0,0.0,0.0,10.0,0.0,1000.0,0.0,0.0,0.0,1000.0,0.0,2.76817,1.0,2.55968,7077.0,8.0,2.59693,0.0,1000.0,0.0,1.5322,1.0,1.42976,3953.0,9.0,1.50101,1000.0,0.0,0.0,2.12822,1.92998,5336.0,10.0,2.10142,1.0,A,0
2025-12-14 14:59:13.668000+00:00,2.12822,0.0,0.0,0.0,0.0,0.0,0.0,10.0,0.0,1000.0,0.0,0.0,0.0,1000.0,0.0,2.76817,1.0,2.55968,9427.0,8.0,2.59693,0.0,1000.0,0.0,1.5322,1.0,1.42976,5253.0,9.0,1.50101,1000.0,0.0,0.0,2.12822,1.92998,7133.0,10.0,2.10142,1.0,A,0
2025-12-14 14:59:13.670000+00:00,2.25641,0.0,0.0,0.0,0.0,0.0,0.0,10.0,0.0,1000.0,0.0,0.0,0.0,1000.0,0.0,2.94175,1.0,3.40965,9427.0,8.0,2.70182,0.0,1000.0,0.0,1.65891,1.0,1.89996,5253.0,9.0,1.39974,1000.0,0.0,0.0,2.25641,2.57993,7133.0,10.0,2.10142,1.0,A,0
2025-12-14 14:59:13.968000+00:00,2.25641,0.0,0.0,0.0,0.0,0.0,0.0,10.0,0.0,1000.0,0.0,0.0,0.0,1000.0,0.0,2.94175,1.0,3.40965,11639.0,8.0,2.70182,0.0,1000.0,0.0,1.65891,1.0,1.89996,6469.0,9.0,1.39974,1000.0,0.0,0.0,2.25641,2.57993,8847.0,10.0,2.10142,1.0,A,0
2025-12-14 14:59:13.972000+00:00,2.09366,0.0,0.0,0.0,0.0,0.0,0.0,10.0,0.0,1000.0,0.0,0.0,0.0,1000.0,0.0,2.70559,1.0,4.20971,11639.0,8.0,5.29876,0.0,1000.0,0.0,1.50628,1.0,2.33977,6469.0,9.0,2.90075,1000.0,0.0,0.0,2.09366,3.19987,8847.0,10.0,4.10156,1.0,A,0
2025-12-14 14:59:14.270000+00:00,2.09366,0.0,0.0,0.0,0.0,0.0,0.0,10.0,0.0,1000.0,0.0,0.0,0.0,1000.0,0.0,2.70559,1.0,4.20971,13989.0,8.0,5.29876,0.0,1000.0,0.0,1.50628,1.0,2.33977,7796.0,9.0,2.90075,1000.0,0.0,0.0,2.09366,3.19987,10672.0,10.0,4.10156,1.0,A,0
2025-12-14 14:59:14.272000+00:00,2.39929,0.0,0.0,0.0,0.0,0.0,0.0,10.0,0.0,1000.0,0.0,0.0,0.0,1000.0,0.0,3.10106,1.0,5.05968,13989.0,8.0,2.6982,0.0,1000.0,0.0,1.75169,1.0,2.81973,7796.0,9.0,1.4974,1000.0,0.0,0.0,2.39929,3.85995,10672.0,10.0,2.10142,1.0,A,0
2025-12-14 14:59:14.569000+00:00,2.12525,0.0,0.0,0.0,0.0,0.0,0.0,10.0,0.0,1000.0,0.0,0.0,0.0,1000.0,0.0,2.80073,1.0,5.90965,16339.0,8.0,3.20096,0.0,1000.0,0.0,1.56278,1.0,3.28993,9096.0,9.0,1.69994,1000.0,0.0,0.0,2.12525,4.50991,12469.0,10.0,2.49928,1.0,A,0
2025-12-14 14:59:14.868000+00:00,2.12525,0.0,0.0,0.0,0.0,0.0,0.0,10.0,0.0,1000.0,0.0,0.0,0.0,1000.0,0.0,2.80073,1.0,5.90965,18551.0,8.0,3.20096,0.0,1000.0,0.0,1.56278,1.0,3.28993,10312.0,9.0,1.69994,1000.0,0.0,0.0,2.12525,4.50991,14183.0,10.0,2.49928,1.0,A,0
2025-12-14 14:59:14.870000+00:00,2.127,0.0,0.0,0.0,0.0,0.0,0.0,10.0,0.0,1000.0,0.0,0.0,0.0,1000.0,0.0,2.75035,1.0,6.70971,18551.0,8.0,2.60055,0.0,1000.0,0.0,1.53179,1.0,3.72975,10312.0,9.0,1.50101,1000.0,0.0,0.0,2.127,5.12985,14183.0,10.0,2.00015,1.0,A,0
2025-12-14 14:59:15.169000+00:00,2.127,0.0,0.0,0.0,0.0,0.0,0.0,10.0,0.0,1000.0,0.0,0.0,0.0,1000.0,0.0,2.75035,1.0,6.70971,20901.0,8.0,2.60055,0.0,1000.0,0.0,1.53179,1.0,3.72975,11639.0,9.0,1.50101,1000.0,0.0,0.0,2.127,5.12985,16008.0,10.0,2.00015,1.0,A,0
2025-12-14 14:59:15.172000+00:00,3.29096,0.0,0.0,0.0,0.0,0.0,0.0,10.0,0.0,1000.0,0.0,0.0,0.0,1000.0,0.0,4.24417,1.0,7.55968,20901.0,8.0,2.69821,0.0,1000.0,0.0,2.38015,1.0,4.20971,11639.0,9.0,1.4974,1000.0,0.0,0.0,3.29096,5.78993,16008.0,10.0,2.10142,1.0,A,0
2025-12-14 14:59:15.468000+00:00,3.29096,0.0,0.0,0.0,0.0,0.0,0.0,10.0,0.0,1000.0,0.0,0.0,0.0,1000.0,0.0,4.24417,1.0,7.55968,22809.0,8.0,2.69821,0.0,1000.0,0.0,2.38015,1.0,4.20971,12856.0,9.0,1.4974,1000.0,0.0,0.0,3.29096,5.78993,17694.0,10.0,2.10142,1.0,A,0
2025-12-14 14:59:15.472000+00:00,2.34817,0.0,0.0,0.0,0.0,0.0,0.0,10.0,0.0,1000.0,0.0,0.0,0.0,1000.0,0.0,3.08651,0.0,8.24978,22809.0,8.0,2.60055,0.0,1000.0,0.0,1.66926,1.0,4.64988,12856.0,9.0,1.50101,1000.0,0.0,0.0,2.34817,6.39974,17694.0,10.0,2.0978,1.0,A,0
2025-12-14 14:59:15.770000+00:00,2.34817,0.0,0.0,0.0,0.0,0.0,0.0,10.0,0.0,1000.0,0.0,0.0,0.0,1000.0,0.0,3.08651,0.0,8.24978,22809.0,8.0,2.60055,0.0,1000.0,0.0,1.66926,1.0,4.64988,13768.0,9.0,1.50101,1000.0,0.0,0.0,2.34817,6.39974,18938.0,10.0,2.0978,1.0,A,0
2025-12-14 14:59:15.772000+00:00,2.30542,0.0,0.0,0.0,0.0,0.0,0.0,10.0,0.0,1000.0,0.0,0.0,0.0,1000.0,1.0,1.11055,0.0,8.24978,22809.0,8.0,0.0,0.0,1000.0,0.0,1.67034,1.0,5.11972,13768.0,9.0,1.50101,1000.0,0.0,0.0,2.30542,7.05982,18938.0,10.0,2.00014,1.0,A,0
2025-12-14 14:59:16.068000+00:00,2.30542,0.0,0.0,0.0,0.0,0.0,0.0,10.0,0.0,1000.0,0.0,0.0,0.0,1000.0,1.0,1.11055,0.0,8.24978,22809.0,8.0,0.0,0.0,1000.0,0.0,1.67034,1.0,5.11972,14985.0,9.0,1.50101,1000.0,0.0,0.0,2.30542,7.05982,20653.0,10.0,2.00014,1.0,A,0
2025-12-14 14:59:16.071000+00:00,2.11426,0.0,0.0,0.0,0.0,0.0,0.0,10.0,0.0,1000.0,0.0,0.0,0.0,1000.0,1.0,0.13882,0.0,8.24978,22809.0,8.0,0.0,0.0,1000.0,0.0,1.49686,1.0,5.41992,14985.0,9.0,1.50101,1000.0,0.0,0.0,2.11426,7.46998,20653.0,10.0,2.00015,1.0,A,0
2025-12-14 14:59:16.369000+00:00,2.11426,0.0,0.0,0.0,0.0,0.0,0.0,10.0,0.0,1000.0,0.0,0.0,0.0,1000.0,1.0,0.13882,0.0,8.24978,22809.0,8.0,0.0,0.0,1000.0,0.0,1.49686,1.0,5.41992,16284.0,9.0,1.50101,1000.0,0.0,0.0,2.11426,7.46998,22477.0,10.0,2.00015,1.0,A,0
2025-12-14 14:59:16.372000+00:00,3.07757,0.0,0.0,0.0,0.0,0.0,0.0,10.0,0.0,1000.0,0.0,0.0,0.0,1000.0,1.0,0.0347,0.0,8.24978,22809.0,8.0,0.0,0.0,1000.0,0.0,2.19984,1.0,5.88976,16284.0,9.0,1.7976,1000.0,0.0,0.0,3.07757,8.1297,22477.0,10.0,2.49928,1.0,A,0
2025-12-14 14:59:16.670000+00:00,2.24785,0.0,0.0,0.0,0.0,0.0,0.0,10.0,0.0,1000.0,0.0,0.0,0.0,1000.0,1.0,0.00434,0.0,8.24978,22809.0,8.0,0.0,0.0,1000.0,0.0,1.62544,1.0,6.3397,17528.0,9.0,1.49739,1000.0,0.0,0.0,2.24785,8.73987,24164.0,10.0,2.00015,1.0,A,0
2025-12-14 14:59:16.969000+00:00,2.24785,0.0,0.0,0.0,0.0,0.0,0.0,10.0,0.0,1000.0,0.0,0.0,0.0,1000.0,1.0,0.00434,0.0,8.24978,22809.0,8.0,0.0,0.0,1000.0,0.0,1.62544,1.0,6.3397,18828.0,9.0,1.49739,1000.0,0.0,0.0,2.24785,8.73987,25989.0,10.0,2.00015,1.0,A,0
2025-12-14 14:59:16.972000+00:00,2.10616,0.0,0.0,0.0,0.0,0.0,0.0,10.0,0.0,1000.0,0.0,0.0,0.0,1000.0,1.0,0.00054,0.0,8.24978,22809.0,8.0,0.0,0.0,1000.0,0.0,1.4908,1.0,6.8099,18828.0,9.0,1.50101,1000.0,0.0,0.0,2.10616,9.39996,25989.0,10.0,2.10142,1.0,A,0
2025-12-14 14:59:17.270000+00:00,2.17584,0.0,0.0,0.0,0.0,0.0,0.0,10.0,0.0,1000.0,0.0,0.0,0.0,1000.0,1.0,0.00014,0.0,8.24978,22809.0,8.0,0.0,0.0,1000.0,0.0,1.57351,1.0,7.24971,20044.0,9.0,1.39974,0.0,0.0,0.0,2.17584,10.0,27648.0,10.0,2.00014,0.0,A,0
2025-12-14 14:59:17.572000+00:00,0.99762,0.0,0.0,0.0,0.0,0.0,0.0,10.0,0.0,1000.0,0.0,0.0,0.0,1000.0,1.0,2e-05,0.0,8.24978,22809.0,8.0,0.0,0.0,1000.0,0.0,1.87176,1.0,7.69965,21288.0,9.0,1.4974,0.0,0.0,0.0,0.99762,10.0,27648.0,10.0,0.0,0.0,A,0
2025-12-14 14:59:17.868000+00:00,0.99762,0.0,0.0,0.0,0.0,0.0,0.0,10.0,0.0,1000.0,0.0,0.0,0.0,1000.0,1.0,2e-05,0.0,8.24978,22809.0,8.0,0.0,0.0,1000.0,0.0,1.87176,1.0,7.69965,22588.0,9.0,1.4974,0.0,0.0,0.0,0.99762,10.0,27648.0,10.0,0.0,0.0,A,0
2025-12-14 14:59:17.872000+00:00,0.2494,0.0,0.0,0.0,0.0,0.0,0.0,10.0,0.0,1000.0,0.0,0.0,0.0,1000.0,1.0,0.0,0.0,8.24978,22809.0,8.0,0.0,0.0,1000.0,0.0,1.54397,1.0,8.16985,22588.0,9.0,1.4974,0.0,1.0,0.0,0.2494,10.0,27648.0,10.0,0.0,0.0,A,0
2025-12-14 14:59:18.170000+00:00,0.03118,0.0,0.0,0.0,0.0,0.0,0.0,10.0,0.0,1000.0,0.0,0.0,0.0,1000.0,1.0,0.0,0.0,8.24978,22809.0,8.0,0.0,0.0,1000.0,0.0,1.58098,1.0,8.60966,23804.0,9.0,1.39974,0.0,1.0,0.0,0.03118,10.0,27648.0,10.0,0.0,0.0,A,0
2025-12-14 14:59:18.468000+00:00,0.03118,0.0,0.0,0.0,0.0,0.0,0.0,10.0,0.0,1000.0,0.0,0.0,0.0,1000.0,1.0,0.0,0.0,8.24978,22809.0,8.0,0.0,0.0,1000.0,0.0,1.58098,1.0,8.60966,24883.0,9.0,1.39974,0.0,1.0,0.0,0.03118,10.0,27648.0,10.0,0.0,0.0,A,0
2025-12-14 14:59:18.471000+00:00,0.0039,0.0,0.0,0.0,0.0,0.0,0.0,10.0,0.0,1000.0,0.0,0.0,0.0,1000.0,1.0,0.0,0.0,8.24978,22809.0,8.0,0.0,0.0,1000.0,0.0,1.64755,0.0,8.99993,24883.0,9.0,2.10142,0.0,1.0,0.0,0.0039,10.0,27648.0,10.0,0.0,0.0,A,0
2025-12-14 14:59:18.769000+00:00,0.0039,0.0,0.0,0.0,0.0,0.0,0.0,10.0,0.0,1000.0,0.0,0.0,0.0,1000.0,1.0,0.0,0.0,8.24978,22809.0,5.0,0.0,0.0,1000.0,0.0,1.64755,0.0,8.99993,24883.0,5.0,2.10142,0.0,1.0,0.0,0.0039,10.0,27648.0,5.0,0.0,0.0,A,0
2025-12-14 14:59:18.772000+00:00,0.00097,1.0,0.0,0.0,0.0,0.0,0.0,10.0,0.0,1000.0,0.0,0.0,0.0,1000.0,1.0,0.0,0.0,8.24978,22809.0,5.0,0.0,0.0,1000.0,1.0,0.93724,0.0,8.99993,24883.0,5.0,0.0,0.0,1.0,0.0,0.00097,10.0,27648.0,5.0,0.0,0.0,A,0
2025-12-14 14:59:19.068000+00:00,0.00097,1.0,0.0,0.0,0.0,0.0,0.0,10.0,0.0,1000.0,0.0,0.0,0.0,1000.0,1.0,0.0,0.0,8.24978,22367.0,5.0,0.0,0.0,1000.0,1.0,0.93724,0.0,8.99993,24634.0,5.0,0.0,0.0,1.0,0.0,0.00097,10.0,27482.0,5.0,0.0,0.0,A,0
2025-12-14 14:59:19.070000+00:00,0.00012,0.0,0.0,0.0,0.0,0.0,0.0,10.0,0.0,1000.0,0.0,0.0,1.0,1000.0,0.0,0.0,0.0,8.08992,22367.0,5.0,-1.59866,1.0,1000.0,0.0,0.11716,0.0,8.90987,24634.0,5.0,-0.90061,1000.0,0.0,1.0,0.00012,9.93996,27482.0,5.0,-0.6004,0.0,A,0
2025-12-14 14:59:19.371000+00:00,-1.85003,0.0,0.0,0.0,0.0,0.0,0.0,10.0,0.0,1000.0,0.0,0.0,1.0,1000.0,0.0,-2.45045,0.0,7.23994,20017.0,5.0,-3.20096,1.0,1000.0,0.0,-1.37379,0.0,8.4299,23307.0,5.0,-1.80121,1000.0,0.0,1.0,-1.85003,9.27988,25657.0,5.0,-2.49928,0.0,A,0
2025-12-14 14:59:19.671000+00:00,-2.01325,0.0,0.0,0.0,0.0,0.0,0.0,10.0,0.0,1000.0,0.0,0.0,1.0,1000.0,0.0,-2.63807,0.0,6.43989,17805.0,5.0,-5.29876,1.0,1000.0,0.0,-1.41767,0.0,7.98973,22090.0,5.0,-3.00202,1000.0,0.0,1.0,-2.01325,8.65994,23943.0,5.0,-4.09795,0.0,A,0
2025-12-14 14:59:19.968000+00:00,-2.01325,0.0,0.0,0.0,0.0,0.0,0.0,10.0,0.0,1000.0,0.0,0.0,1.0,1000.0,0.0,-2.63807,0.0,6.43989,15455.0,5.0,-5.29876,1.0,1000.0,0.0,-1.41767,0.0,7.98973,20791.0,5.0,-3.00202,1000.0,0.0,1.0,-2.01325,8.65994,22146.0,5.0,-4.09795,0.0,A,0
2025-12-14 14:59:19.970000+00:00,-2.4132,0.0,0.0,0.0,0.0,0.0,0.0,10.0,0.0,1000.0,0.0,0.0,1.0,1000.0,0.0,-3.09262,0.0,5.58992,15455.0,5.0,-2.69821,1.0,1000.0,0.0,-1.70173,0.0,7.51989,20791.0,5.0,-1.50101,1000.0,0.0,1.0,-2.4132,8.00998,22146.0,5.0,-2.00015,0.0,A,0
2025-12-14 14:59:20.271000+00:00,-2.15404,0.0,0.0,0.0,0.0,0.0,0.0,10.0,0.0,1000.0,0.0,0.0,0.0,1000.0,0.0,-2.74798,0.0,4.78986,13243.0,5.0,-2.70183,1.0,1000.0,0.0,-1.55119,0.0,7.06995,19547.0,5.0,-1.50101,1000.0,0.0,1.0,-2.15404,7.38968,20431.0,5.0,-2.10142,0.0,A,0
2025-12-14 14:59:20.570000+00:00,-2.08087,0.0,0.0,0.0,0.0,0.0,0.0,10.0,0.0,1000.0,0.0,0.0,0.0,1000.0,0.0,-2.15511,0.0,4.78986,13243.0,5.0,0.0,1.0,1000.0,0.0,-1.45574,0.0,6.59975,18247.0,5.0,-1.80122,1000.0,0.0,1.0,-2.08087,6.72996,18607.0,5.0,-2.40162,0.0,A,0
2025-12-14 14:59:20.870000+00:00,-3.13554,0.0,0.0,0.0,0.0,0.0,0.0,10.0,0.0,1000.0,0.0,0.0,0.0,1000.0,0.0,2.03096,0.0,5.16999,14294.0,5.0,0.0,1.0,1000.0,0.0,-2.23275,0.0,6.15994,17031.0,5.0,-1.49739,1000.0,0.0,1.0,-3.13554,6.11979,16920.0,5.0,-2.00015,0.0,A,0
2025-12-14 14:59:21.170000+00:00,-3.13554,0.0,0.0,0.0,0.0,0.0,0.0,10.0,0.0,1000.0,0.0,0.0,0.0,1000.0,0.0,2.03096,0.0,5.16999,14294.0,5.0,0.0,1.0,1000.0,0.0,-2.23275,0.0,6.15994,15731.0,5.0,-1.49739,1000.0,0.0,1.0,-3.13554,6.11979,15095.0,5.0,-2.00015,0.0,A,0
2025-12-14 14:59:21.172000+00:00,-2.33463,0.0,0.0,0.0,0.0,0.0,0.0,10.0,0.0,1000.0,0.0,0.0,0.0,1000.0,1.0,0.50774,0.0,5.16999,14294.0,5.0,0.0,1.0,1000.0,0.0,-1.68304,0.0,5.68974,15731.0,5.0,-1.80121,1000.0,0.0,1.0,-2.33463,5.45971,15095.0,5.0,-2.49928,0.0,A,0
2025-12-14 14:59:21.469000+00:00,-2.33463,0.0,0.0,0.0,0.0,0.0,0.0,10.0,0.0,1000.0,0.0,0.0,0.0,1000.0,1.0,0.50774,0.0,5.16999,14294.0,5.0,0.0,1.0,1000.0,0.0,-1.68304,0.0,5.68974,14487.0,5.0,-1.80121,1000.0,0.0,1.0,-2.33463,5.45971,13602.0,5.0,-2.49928,0.0,A,0
2025-12-14 14:59:21.471000+00:00,-2.15318,0.0,0.0,0.0,0.0,0.0,0.0,10.0,0.0,1000.0,0.0,0.0,0.0,1000.0,1.0,0.06347,0.0,5.16999,14294.0,5.0,0.0,0.0,1000.0,0.0,-1.53597,0.0,5.2398,14487.0,5.0,-1.49739,1000.0,0.0,0.0,-2.15318,4.9197,13602.0,5.0,-2.00015,0.0,A,0
2025-12-14 14:59:21.769000+00:00,-2.15318,0.0,0.0,0.0,0.0,0.0,0.0,10.0,0.0,1000.0,0.0,0.0,0.0,1000.0,1.0,0.06347,0.0,5.16999,14294.0,5.0,0.0,0.0,1000.0,0.0,-1.53597,0.0,5.2398,13851.0,5.0,-1.49739,1000.0,0.0,0.0,-2.15318,4.9197,13602.0,5.0,-2.00015,0.0,A,0
2025-12-14 14:59:21.771000+00:00,-0.84468,0.0,0.0,0.0,0.0,0.0,0.0,10.0,0.0,1000.0,0.0,0.0,0.0,1000.0,1.0,0.00793,0.0,5.16999,14294.0,5.0,0.0,0.0,1000.0,0.0,-1.65503,0.0,5.00977,13851.0,5.0,-0.49913,1000.0,1.0,0.0,-0.84468,4.9197,13602.0,5.0,0.0,0.0,A,0
2025-12-14 14:59:22.072000+00:00,-0.21117,0.0,0.0,0.0,0.0,0.0,0.0,10.0,0.0,1000.0,0.0,0.0,1.0,1000.0,0.0,0.00198,0.0,5.16999,14294.0,0.0,0.0,1.0,1000.0,0.0,-0.53854,0.0,5.00977,13851.0,0.0,0.0,1000.0,0.0,1.0,-0.21117,4.9197,13602.0,0.0,0.0,0.0,A,0
2025-12-14 14:59:22.371000+00:00,-0.37543,0.0,0.0,0.0,0.0,0.0,0.0,10.0,0.0,1000.0,0.0,0.0,1.0,1000.0,0.0,-0.8009,0.0,4.73994,13105.0,0.0,-2.69821,1.0,1000.0,0.0,-0.51762,0.0,4.76997,13188.0,0.0,-1.4974,1000.0,0.0,1.0,-0.37543,4.64988,12856.0,0.0,-2.00015,0.0,A,0
2025-12-14 14:59:22.669000+00:00,-0.37543,0.0,0.0,0.0,0.0,0.0,0.0,10.0,0.0,1000.0,0.0,0.0,1.0,1000.0,0.0,-0.8009,0.0,4.73994,10893.0,0.0,-2.69821,1.0,1000.0,0.0,-0.51762,0.0,4.76997,11971.0,0.0,-1.4974,1000.0,0.0,1.0,-0.37543,4.64988,11142.0,0.0,-2.00015,0.0,A,0
2025-12-14 14:59:22.673000+00:00,-1.82237,0.0,0.0,0.0,0.0,0.0,0.0,10.0,0.0,1000.0,0.0,0.0,1.0,1000.0,0.0,-2.43844,0.0,3.93989,10893.0,0.0,-2.70182,1.0,1000.0,0.0,-1.37764,0.0,4.32979,11971.0,0.0,-1.50101,1000.0,0.0,1.0,-1.82237,4.02995,11142.0,0.0,-2.00015,0.0,A,0
2025-12-14 14:59:22.970000+00:00,-1.82237,0.0,0.0,0.0,0.0,0.0,0.0,10.0,0.0,1000.0,0.0,0.0,1.0,1000.0,0.0,-2.43844,0.0,3.93989,8543.0,0.0,-2.70182,1.0,1000.0,0.0,-1.37764,0.0,4.32979,10644.0,0.0,-1.50101,1000.0,0.0,1.0,-1.82237,4.02995,9317.0,0.0,-2.00015,0.0,A,0
2025-12-14 14:59:22.972000+00:00,-2.23149,0.0,0.0,0.0,0.0,0.0,0.0,10.0,0.0,1000.0,0.0,0.0,1.0,1000.0,0.0,-2.88464,0.0,3.08992,8543.0,0.0,-2.60055,1.0,1000.0,0.0,-1.59495,0.0,3.84983,10644.0,0.0,-1.4974,1000.0,0.0,1.0,-2.23149,3.36986,9317.0,0.0,-2.00015,0.0,A,0
2025-12-14 14:59:23.269000+00:00,-2.23149,0.0,0.0,0.0,0.0,0.0,0.0,10.0,0.0,1000.0,0.0,0.0,1.0,1000.0,0.0,-2.88464,0.0,3.08992,6359.0,0.0,-2.60055,1.0,1000.0,0.0,-1.59495,0.0,3.84983,9427.0,0.0,-1.4974,1000.0,0.0,1.0,-2.23149,3.36986,7630.0,0.0,-2.00015,0.0,A,0
2025-12-14 14:59:23.273000+00:00,-2.60415,0.0,0.0,0.0,0.0,0.0,0.0,10.0,0.0,1000.0,0.0,0.0,1.0,1000.0,0.0,-3.36125,0.0,2.29999,6359.0,0.0,-2.59693,1.0,1000.0,0.0,-1.83692,0.0,3.40965,9427.0,0.0,-1.50101,1000.0,0.0,1.0,-2.60415,2.75969,7630.0,0.0,-2.00015,0.0,A,0
2025-12-14 14:59:23.568000+00:00,-2.60415,0.0,0.0,0.0,0.0,0.0,0.0,10.0,0.0,1000.0,0.0,0.0,1.0,1000.0,0.0,-3.36125,0.0,2.29999,3981.0,0.0,-2.59693,1.0,1000.0,0.0,-1.83692,0.0,3.40965,8128.0,0.0,-1.50101,1000.0,0.0,1.0,-2.60415,2.75969,5806.0,0.0,-2.00015,0.0,A,0
2025-12-14 14:59:23.571000+00:00,-2.10006,0.0,0.0,0.0,0.0,0.0,0.0,10.0,0.0,1000.0,0.0,0.0,1.0,1000.0,0.0,-2.76933,0.0,1.43989,3981.0,0.0,-2.69821,1.0,1000.0,0.0,-1.5421,0.0,2.93981,8128.0,0.0,-1.50101,1000.0,0.0,1.0,-2.10006,2.09997,5806.0,0.0,-2.00015,0.0,A,0
2025-12-14 14:59:23.868000+00:00,-2.10006,0.0,0.0,0.0,0.0,0.0,0.0,10.0,0.0,1000.0,0.0,0.0,1.0,1000.0,0.0,-2.76933,0.0,1.43989,1797.0,0.0,-2.69821,1.0,1000.0,0.0,-1.5421,0.0,2.93981,6884.0,0.0,-1.50101,1000.0,0.0,1.0,-2.10006,2.09997,4091.0,0.0,-2.00015,0.0,A,0
2025-12-14 14:59:23.870000+00:00,-2.20054,0.0,0.0,0.0,0.0,0.0,0.0,10.0,0.0,1000.0,0.0,0.0,1.0,1000.0,0.0,-2.79285,0.0,0.64996,1797.0,0.0,-2.70182,1.0,1000.0,0.0,-1.56102,0.0,2.48987,6884.0,0.0,-1.4974,1000.0,0.0,1.0,-2.20054,1.47967,4091.0,0.0,-2.00014,0.0,A,0
2025-12-14 14:59:24.168000+00:00,-2.20054,0.0,0.0,0.0,0.0,0.0,0.0,10.0,0.0,1000.0,0.0,0.0,1.0,1000.0,0.0,-2.79285,0.0,0.64996,0.0,0.0,-2.70182,1.0,1000.0,0.0,-1.56102,0.0,2.48987,5584.0,0.0,-1.4974,1000.0,0.0,1.0,-2.20054,1.47967,2294.0,0.0,-2.00014,0.0,A,0
2025-12-14 14:59:24.170000+00:00,-2.05051,0.0,0.0,0.0,0.0,0.0,0.0,10.0,0.0,1000.0,0.0,0.0,0.0,0.0,0.0,-2.68698,0.0,0.0,0.0,0.0,-3.79774,1.0,1000.0,0.0,-1.50806,0.0,2.01968,5584.0,0.0,-3.20095,1000.0,0.0,1.0,-2.05051,0.82972,2294.0,0.0,-4.49942,0.0,A,0
2025-12-14 14:59:24.468000+00:00,-2.05051,0.0,0.0,0.0,0.0,0.0,0.0,10.0,0.0,1000.0,0.0,0.0,0.0,0.0,0.0,-2.68698,0.0,0.0,0.0,0.0,-3.79774,1.0,1000.0,0.0,-1.50806,0.0,2.01968,4368.0,0.0,-3.20095,1000.0,0.0,1.0,-2.05051,0.82972,580.0,0.0,-4.49942,0.0,A,0
2025-12-14 14:59:24.471000+00:00,-2.68638,0.0,0.0,0.0,0.0,0.0,0.0,10.0,0.0,1000.0,0.0,0.0,0.0,0.0,0.0,-1.62118,0.0,0.0,0.0,0.0,0.0,1.0,1000.0,0.0,-1.92595,0.0,1.57986,4368.0,0.0,-1.50101,1000.0,0.0,0.0,-2.68638,0.20978,580.0,0.0,-2.00014,0.0,A,0
2025-12-14 14:59:24.768000+00:00,-2.68638,0.0,0.0,0.0,0.0,0.0,0.0,10.0,0.0,1000.0,0.0,0.0,0.0,0.0,0.0,-1.62118,0.0,0.0,0.0,0.0,0.0,1.0,1000.0,0.0,-1.92595,0.0,1.57986,3041.0,0.0,-1.50101,1000.0,0.0,0.0,-2.68638,0.20978,0.0,0.0,-2.00014,0.0,A,0
2025-12-14 14:59:24.770000+00:00,-2.16007,0.0,0.0,0.0,0.0,0.0,0.0,10.0,0.0,1000.0,0.0,0.0,0.0,0.0,1.0,-0.20265,0.0,0.0,0.0,0.0,0.0,1.0,1000.0,0.0,-1.52881,0.0,1.0999,3041.0,0.0,-1.7976,0.0,0.0,0.0,-2.16007,0.0,0.0,0.0,0.0,0.0,A,0
2025-12-14 14:59:25.071000+00:00,-0.27001,0.0,0.0,0.0,0.0,0.0,0.0,10.0,0.0,1000.0,0.0,0.0,0.0,0.0,1.0,-0.02533,0.0,0.0,0.0,0.0,0.0,1.0,1000.0,0.0,-1.54156,0.0,0.80982,2239.0,0.0,-1.39974,0.0,1.0,0.0,-0.27001,0.0,0.0,0.0,0.0,0.0,A,0
2025-12-14 14:59:25.368000+00:00,-0.27001,0.0,0.0,0.0,0.0,0.0,0.0,10.0,0.0,1000.0,0.0,0.0,0.0,0.0,1.0,-0.02533,0.0,0.0,0.0,0.0,0.0,1.0,1000.0,0.0,-1.54156,0.0,0.80982,995.0,0.0,-1.39974,0.0,1.0,0.0,-0.27001,0.0,0.0,0.0,0.0,0.0,A,0
2025-12-14 14:59:25.370000+00:00,-0.0675,0.0,0.0,0.0,0.0,0.0,0.0,10.0,0.0,1000.0,0.0,0.0,0.0,0.0,1.0,-0.00633,0.0,0.0,0.0,0.0,0.0,1.0,1000.0,0.0,-1.48583,0.0,0.35988,995.0,0.0,-2.99841,0.0,1.0,0.0,-0.0675,0.0,0.0,0.0,0.0,0.0,A,0
2025-12-14 14:59:25.670000+00:00,-0.00844,0.0,0.0,0.0,0.0,0.0,0.0,10.0,0.0,1000.0,0.0,0.0,0.0,0.0,1.0,-0.00079,0.0,0.0,0.0,0.0,0.0,0.0,0.0,0.0,-1.73602,0.0,0.0,0.0,0.0,-0.39786,0.0,1.0,0.0,-0.00844,0.0,0.0,0.0,0.0,0.0,A,0
2025-12-14 14:59:25.971000+00:00,-0.00105,0.0,0.0,0.0,0.0,0.0,0.0,10.0,0.0,1000.0,0.0,0.0,0.0,0.0,0.0,-0.0001,1.0,0.0,0.0,8.0,0.0,0.0,0.0,0.0,-0.26674,1.0,0.0,0.0,9.0,0.0,0.0,0.0,0.0,-0.00105,0.0,0.0,10.0,0.0,1.0,A,0
2025-12-14 14:59:26.271000+00:00,-0.00026,0.0,0.0,0.0,0.0,0.0,0.0,10.0,0.0,1000.0,0.0,0.0,0.0,1000.0,0.0,-2e-05,1.0,0.42969,1188.0,8.0,1.59867,0.0,1000.0,0.0,-0.06668,1.0,0.22967,635.0,9.0,0.79934,1000.0,0.0,0.0,-0.00026,0.28971,801.0,10.0,0.79934,1.0,A,0
2025-12-14 14:59:26.568000+00:00,-0.00026,0.0,0.0,0.0,0.0,0.0,0.0,10.0,0.0,1000.0,0.0,0.0,0.0,1000.0,0.0,-2e-05,1.0,0.42969,3400.0,8.0,1.59867,0.0,1000.0,0.0,-0.06668,1.0,0.22967,1852.0,9.0,0.79934,1000.0,0.0,0.0,-0.00026,0.28971,2515.0,10.0,0.79934,1.0,A,0
2025-12-14 14:59:26.570000+00:00,2.67512,0.0,0.0,0.0,0.0,0.0,0.0,10.0,0.0,1000.0,0.0,0.0,0.0,1000.0,0.0,3.5744,1.0,1.22975,3400.0,8.0,2.60055,0.0,1000.0,0.0,1.91631,1.0,0.66985,1852.0,9.0,1.50101,1000.0,0.0,0.0,2.67512,0.90965,2515.0,10.0,2.0978,1.0,A,0
2025-12-14 14:59:26.868000+00:00,2.67512,0.0,0.0,0.0,0.0,0.0,0.0,10.0,0.0,1000.0,0.0,0.0,0.0,1000.0,0.0,3.5744,1.0,1.22975,5750.0,8.0,2.60055,0.0,1000.0,0.0,1.91631,1.0,0.66985,3151.0,9.0,1.50101,1000.0,0.0,0.0,2.67512,0.90965,4313.0,10.0,2.0978,1.0,A,0
2025-12-14 14:59:26.870000+00:00,2.3481,0.0,0.0,0.0,0.0,0.0,0.0,10.0,0.0,1000.0,0.0,0.0,0.0,1000.0,0.0,3.04599,1.0,2.07972,5750.0,8.0,3.19734,0.0,1000.0,0.0,1.70122,1.0,1.13968,3151.0,9.0,1.7976,1000.0,0.0,0.0,2.3481,1.55997,4313.0,10.0,2.50289,1.0,A,0
2025-12-14 14:59:27.170000+00:00,2.13596,0.0,0.0,0.0,0.0,0.0,0.0,10.0,0.0,1000.0,0.0,0.0,0.0,1000.0,0.0,2.76255,1.0,2.87977,7962.0,8.0,2.60055,0.0,1000.0,0.0,1.52575,1.0,1.58999,4396.0,9.0,1.50101,1000.0,0.0,0.0,2.13596,2.1799,6027.0,10.0,2.00014,1.0,A,0
2025-12-14 14:59:27.470000+00:00,2.09127,0.0,0.0,0.0,0.0,0.0,0.0,10.0,0.0,1000.0,0.0,0.0,0.0,1000.0,0.0,2.69585,1.0,3.72975,10312.0,8.0,2.59693,0.0,1000.0,0.0,1.5023,1.0,2.05982,5695.0,9.0,1.39974,1000.0,0.0,0.0,2.09127,2.83999,7852.0,10.0,2.00014,1.0,A,0
2025-12-14 14:59:27.769000+00:00,2.09127,0.0,0.0,0.0,0.0,0.0,0.0,10.0,0.0,1000.0,0.0,0.0,0.0,1000.0,0.0,2.69585,1.0,3.72975,12524.0,8.0,2.59693,0.0,1000.0,0.0,1.5023,1.0,2.05982,6912.0,9.0,1.39974,1000.0,0.0,0.0,2.09127,2.83999,9538.0,10.0,2.00014,1.0,A,0
2025-12-14 14:59:27.774000+00:00,2.68699,0.0,0.0,0.0,0.0,0.0,0.0,10.0,0.0,1000.0,0.0,0.0,0.0,1000.0,0.0,3.43757,1.0,4.5298,12524.0,8.0,2.60055,0.0,1000.0,0.0,1.93701,1.0,2.5,6912.0,9.0,1.4974,1000.0,0.0,0.0,2.68699,3.4498,9538.0,10.0,2.10142,1.0,A,0
2025-12-14 14:59:28.068000+00:00,2.68699,0.0,0.0,0.0,0.0,0.0,0.0,10.0,0.0,1000.0,0.0,0.0,0.0,1000.0,0.0,3.43757,1.0,4.5298,13989.0,8.0,2.60055,0.0,1000.0,0.0,1.93701,1.0,2.5,7741.0,9.0,1.4974,1000.0,0.0,0.0,2.68699,3.4498,10672.0,10.0,2.10142,1.0,A,0
2025-12-14 14:59:28.070000+00:00,2.22249,0.0,0.0,0.0,0.0,0.0,0.0,10.0,0.0,1000.0,0.0,0.0,0.0,1000.0,0.0,2.83422,1.0,5.05968,13989.0,8.0,2.6982,0.0,1000.0,0.0,1.58379,1.0,2.79984,7741.0,9.0,1.50101,1000.0,0.0,0.0,2.22249,3.85995,10672.0,10.0,2.00014,1.0,A,0
2025-12-14 14:59:28.369000+00:00,2.22249,0.0,0.0,0.0,0.0,0.0,0.0,10.0,0.0,1000.0,0.0,0.0,0.0,1000.0,0.0,2.83422,1.0,5.05968,16339.0,8.0,2.6982,0.0,1000.0,0.0,1.58379,1.0,2.79984,9040.0,9.0,1.50101,1000.0,0.0,0.0,2.22249,3.85995,12496.0,10.0,2.00014,1.0,A,0
2025-12-14 14:59:28.371000+00:00,2.30192,0.0,0.0,0.0,0.0,0.0,0.0,10.0,0.0,1000.0,0.0,0.0,0.0,1000.0,0.0,2.96749,1.0,5.90965,16339.0,8.0,2.59693,0.0,1000.0,0.0,1.65965,1.0,3.26968,9040.0,9.0,1.39974,1000.0,0.0,0.0,2.30192,4.51968,12496.0,10.0,2.00014,1.0,A,0
2025-12-14 14:59:28.670000+00:00,2.12622,0.0,0.0,0.0,0.0,0.0,0.0,10.0,0.0,1000.0,0.0,0.0,0.0,1000.0,0.0,2.74202,1.0,6.70971,18551.0,8.0,2.60055,0.0,1000.0,0.0,1.51535,1.0,3.71998,10285.0,9.0,1.50101,1000.0,0.0,0.0,2.12622,5.13997,14211.0,10.0,2.00015,1.0,A,0
2025-12-14 14:59:28.968000+00:00,2.12622,0.0,0.0,0.0,0.0,0.0,0.0,10.0,0.0,1000.0,0.0,0.0,0.0,1000.0,0.0,2.74202,1.0,6.70971,20901.0,8.0,2.60055,0.0,1000.0,0.0,1.51535,1.0,3.71998,11584.0,9.0,1.50101,1000.0,0.0,0.0,2.12622,5.13997,16035.0,10.0,2.00015,1.0,A,0
2025-12-14 14:59:28.970000+00:00,2.59009,0.0,0.0,0.0,0.0,0.0,0.0,10.0,0.0,1000.0,0.0,0.0,0.0,1000.0,0.0,3.34342,1.0,7.55968,20901.0,8.0,3.19734,0.0,1000.0,0.0,1.85093,1.0,4.18981,11584.0,9.0,1.80121,1000.0,0.0,0.0,2.59009,5.7997,16035.0,10.0,2.49928,1.0,A,0
2025-12-14 14:59:29.269000+00:00,2.18692,0.0,0.0,0.0,0.0,0.0,0.0,10.0,0.0,1000.0,0.0,0.0,0.0,1000.0,0.0,2.79333,0.0,8.24978,22809.0,8.0,1.59866,0.0,1000.0,0.0,1.58047,1.0,4.62999,12801.0,9.0,1.40336,1000.0,0.0,0.0,2.18692,6.40987,17722.0,10.0,2.00015,1.0,A,0
2025-12-14 14:59:29.569000+00:00,2.18692,0.0,0.0,0.0,0.0,0.0,0.0,10.0,0.0,1000.0,0.0,0.0,0.0,1000.0,0.0,2.79333,0.0,8.24978,22809.0,8.0,1.59866,0.0,1000.0,0.0,1.58047,1.0,4.62999,14128.0,9.0,1.40336,1000.0,0.0,0.0,2.18692,6.40987,19547.0,10.0,2.00015,1.0,A,0
2025-12-14 14:59:29.571000+00:00,2.2964,0.0,0.0,0.0,0.0,0.0,0.0,10.0,0.0,1000.0,0.0,0.0,0.0,1000.0,1.0,1.098,0.0,8.24978,22809.0,8.0,0.0,0.0,1000.0,0.0,1.64476,1.0,5.10995,14128.0,9.0,1.50101,1000.0,0.0,0.0,2.2964,7.06995,19547.0,10.0,2.00015,1.0,A,0
2025-12-14 14:59:29.869000+00:00,2.0625,0.0,0.0,0.0,0.0,0.0,0.0,10.0,0.0,1000.0,0.0,0.0,0.0,1000.0,1.0,0.13725,0.0,8.24978,22809.0,8.0,0.0,0.0,1000.0,0.0,1.46834,1.0,5.57979,15427.0,9.0,3.29861,1000.0,0.0,0.0,2.0625,7.72967,21371.0,10.0,4.59708,1.0,A,0
2025-12-14 14:59:30.170000+00:00,2.0625,0.0,0.0,0.0,0.0,0.0,0.0,10.0,0.0,1000.0,0.0,0.0,0.0,1000.0,1.0,0.13725,0.0,8.24978,22809.0,8.0,0.0,0.0,1000.0,0.0,1.46834,1.0,5.57979,16644.0,9.0,3.29861,1000.0,0.0,0.0,2.0625,7.72967,23058.0,10.0,4.59708,1.0,A,0
2025-12-14 14:59:30.171000+00:00,2.38319,0.0,0.0,0.0,0.0,0.0,0.0,10.0,0.0,1000.0,0.0,0.0,0.0,1000.0,1.0,0.01716,0.0,8.24978,22809.0,8.0,0.0,0.0,1000.0,0.0,1.67099,1.0,6.01997,16644.0,9.0,1.50101,1000.0,0.0,0.0,2.38319,8.33984,23058.0,10.0,2.00015,1.0,A,0
2025-12-14 14:59:30.468000+00:00,2.38319,0.0,0.0,0.0,0.0,0.0,0.0,10.0,0.0,1000.0,0.0,0.0,0.0,1000.0,1.0,0.01716,0.0,8.24978,22809.0,8.0,0.0,0.0,1000.0,0.0,1.67099,1.0,6.01997,17888.0,9.0,1.50101,1000.0,0.0,0.0,2.38319,8.33984,24772.0,10.0,2.00015,1.0,A,0
2025-12-14 14:59:30.471000+00:00,2.14654,0.0,0.0,0.0,0.0,0.0,0.0,10.0,0.0,1000.0,0.0,0.0,0.0,1000.0,1.0,0.00429,0.0,8.24978,22809.0,8.0,0.0,0.0,1000.0,0.0,1.5417,1.0,6.46991,17888.0,9.0,1.50101,1000.0,0.0,0.0,2.14654,8.95978,24772.0,10.0,2.00015,1.0,A,0
2025-12-14 14:59:30.770000+00:00,2.29242,0.0,0.0,0.0,0.0,0.0,0.0,10.0,0.0,1000.0,0.0,0.0,0.0,1000.0,1.0,0.00054,0.0,8.24978,22809.0,8.0,0.0,0.0,1000.0,0.0,1.60556,1.0,6.93974,19187.0,9.0,1.49739,1000.0,0.0,0.0,2.29242,9.61986,26597.0,10.0,2.00015,1.0,A,0
2025-12-14 14:59:31.069000+00:00,2.29242,0.0,0.0,0.0,0.0,0.0,0.0,10.0,0.0,1000.0,0.0,0.0,0.0,1000.0,1.0,0.00054,0.0,8.24978,22809.0,8.0,0.0,0.0,1000.0,0.0,1.60556,1.0,6.93974,20072.0,9.0,1.49739,1000.0,0.0,0.0,2.29242,9.61986,27648.0,10.0,2.00015,1.0,A,0
2025-12-14 14:59:31.071000+00:00,2.12385,0.0,0.0,0.0,0.0,0.0,0.0,10.0,0.0,1000.0,0.0,0.0,0.0,1000.0,1.0,0.00013,0.0,8.24978,22809.0,8.0,0.0,0.0,1000.0,0.0,1.52625,1.0,7.25984,20072.0,9.0,3.20095,0.0,0.0,0.0,2.12385,10.0,27648.0,10.0,3.80136,0.0,A,0
2025-12-14 14:59:31.368000+00:00,2.12385,0.0,0.0,0.0,0.0,0.0,0.0,10.0,0.0,1000.0,0.0,0.0,0.0,1000.0,1.0,0.00013,0.0,8.24978,22809.0,8.0,0.0,0.0,1000.0,0.0,1.52625,1.0,7.25984,21316.0,9.0,3.20095,0.0,0.0,0.0,2.12385,10.0,27648.0,10.0,3.80136,0.0,A,0
2025-12-14 14:59:31.371000+00:00,0.74065,0.0,0.0,0.0,0.0,0.0,0.0,10.0,0.0,1000.0,0.0,0.0,0.0,1000.0,1.0,2e-05,0.0,8.24978,22809.0,8.0,0.0,0.0,1000.0,0.0,1.71485,1.0,7.70978,21316.0,9.0,1.50101,0.0,1.0,0.0,0.74065,10.0,27648.0,10.0,0.0,0.0,A,0
2025-12-14 14:59:31.670000+00:00,0.09258,0.0,0.0,0.0,0.0,0.0,0.0,10.0,0.0,1000.0,0.0,0.0,0.0,1000.0,1.0,0.0,0.0,8.24978,22809.0,8.0,0.0,0.0,1000.0,0.0,1.62721,1.0,8.17998,22616.0,9.0,1.50101,0.0,1.0,0.0,0.09258,10.0,27648.0,10.0,0.0,0.0,A,0
2025-12-14 14:59:31.969000+00:00,0.09258,0.0,0.0,0.0,0.0,0.0,0.0,10.0,0.0,1000.0,0.0,0.0,0.0,1000.0,1.0,0.0,0.0,8.24978,22809.0,8.0,0.0,0.0,1000.0,0.0,1.62721,1.0,8.17998,23832.0,9.0,1.50101,0.0,1.0,0.0,0.09258,10.0,27648.0,10.0,0.0,0.0,A,0
2025-12-14 14:59:31.972000+00:00,0.02315,0.0,0.0,0.0,0.0,0.0,0.0,10.0,0.0,1000.0,0.0,0.0,0.0,1000.0,1.0,0.0,0.0,8.24978,22809.0,8.0,0.0,0.0,1000.0,0.0,1.53076,1.0,8.61979,23832.0,9.0,1.50101,0.0,1.0,0.0,0.02315,10.0,27648.0,10.0,0.0,0.0,A,0
2025-12-14 14:59:32.270000+00:00,0.00289,0.0,0.0,0.0,0.0,0.0,0.0,10.0,0.0,1000.0,0.0,0.0,0.0,1000.0,1.0,0.0,0.0,8.24978,22809.0,8.0,0.0,0.0,1000.0,0.0,2.22992,0.0,9.00969,24910.0,9.0,0.89699,0.0,1.0,0.0,0.00289,10.0,27648.0,10.0,0.0,0.0,A,0
2025-12-14 14:59:32.569000+00:00,0.00036,0.0,0.0,0.0,0.0,0.0,0.0,10.0,0.0,1000.0,0.0,0.0,1.0,1000.0,0.0,0.0,0.0,8.24978,22809.0,5.0,0.0,1.0,1000.0,0.0,0.39086,0.0,9.00969,24910.0,5.0,0.0,0.0,0.0,1.0,0.00036,10.0,27648.0,5.0,0.0,0.0,A,0
2025-12-14 14:59:32.869000+00:00,9e-05,0.0,0.0,0.0,0.0,0.0,0.0,10.0,0.0,1000.0,0.0,0.0,1.0,1000.0,0.0,0.0,0.0,7.82986,21648.0,5.0,-1.59866,1.0,1000.0,0.0,0.09772,0.0,8.76989,24247.0,5.0,-0.89699,1000.0,0.0,1.0,9e-05,9.73994,26929.0,5.0,-0.50275,0.0,A,0
2025-12-14 14:59:33.168000+00:00,9e-05,0.0,0.0,0.0,0.0,0.0,0.0,10.0,0.0,1000.0,0.0,0.0,1.0,1000.0,0.0,0.0,0.0,7.82986,19270.0,5.0,-1.59866,1.0,1000.0,0.0,0.09772,0.0,8.76989,22947.0,5.0,-0.89699,1000.0,0.0,1.0,9e-05,9.73994,25104.0,5.0,-0.50275,0.0,A,0
2025-12-14 14:59:33.171000+00:00,-1.83873,0.0,0.0,0.0,0.0,0.0,0.0,10.0,0.0,1000.0,0.0,0.0,1.0,1000.0,0.0,-2.45045,0.0,6.96976,19270.0,5.0,-2.69821,1.0,1000.0,0.0,-1.37577,0.0,8.2997,22947.0,5.0,-1.39974,1000.0,0.0,1.0,-1.83873,9.07986,25104.0,5.0,-2.00014,0.0,A,0
2025-12-14 14:59:33.468000+00:00,-1.83873,0.0,0.0,0.0,0.0,0.0,0.0,10.0,0.0,1000.0,0.0,0.0,1.0,1000.0,0.0,-2.45045,0.0,6.96976,17086.0,5.0,-2.69821,1.0,1000.0,0.0,-1.37577,0.0,8.2997,21731.0,5.0,-1.39974,1000.0,0.0,1.0,-1.83873,9.07986,23417.0,5.0,-2.00014,0.0,A,0
2025-12-14 14:59:33.472000+00:00,-3.00869,0.0,0.0,0.0,0.0,0.0,0.0,10.0,0.0,1000.0,0.0,0.0,1.0,1000.0,0.0,-3.93835,0.0,6.17983,17086.0,5.0,-2.69821,1.0,1000.0,0.0,-2.19308,0.0,7.85988,21731.0,5.0,-1.50102,1000.0,0.0,1.0,-3.00869,8.46969,23417.0,5.0,-2.10142,0.0,A,0
2025-12-14 14:59:33.769000+00:00,-3.00869,0.0,0.0,0.0,0.0,0.0,0.0,10.0,0.0,1000.0,0.0,0.0,1.0,1000.0,0.0,-3.93835,0.0,6.17983,15455.0,5.0,-2.69821,1.0,1000.0,0.0,-2.19308,0.0,7.85988,20818.0,5.0,-1.50102,1000.0,0.0,1.0,-3.00869,8.46969,22173.0,5.0,-2.10142,0.0,A,0
2025-12-14 14:59:33.771000+00:00,-2.38844,0.0,0.0,0.0,0.0,0.0,0.0,10.0,0.0,1000.0,0.0,0.0,1.0,1000.0,0.0,-3.08018,0.0,5.58992,15455.0,5.0,-2.69821,1.0,1000.0,0.0,-1.71231,0.0,7.52966,20818.0,5.0,-1.50101,1000.0,0.0,1.0,-2.38844,8.01975,22173.0,5.0,-2.00015,0.0,A,0
2025-12-14 14:59:34.067000+00:00,-2.38844,0.0,0.0,0.0,0.0,0.0,0.0,10.0,0.0,1000.0,0.0,0.0,1.0,1000.0,0.0,-3.08018,0.0,5.58992,13243.0,5.0,-2.69821,1.0,1000.0,0.0,-1.71231,0.0,7.52966,19602.0,5.0,-1.50101,1000.0,0.0,1.0,-2.38844,8.01975,20459.0,5.0,-2.00015,0.0,A,0
2025-12-14 14:59:34.071000+00:00,-2.0731,0.0,0.0,0.0,0.0,0.0,0.0,10.0,0.0,1000.0,0.0,0.0,0.0,1000.0,0.0,-2.72335,0.0,4.78986,13243.0,5.0,-2.6982,1.0,1000.0,0.0,-1.52652,0.0,7.08984,19602.0,5.0,-1.39974,1000.0,0.0,1.0,-2.0731,7.39981,20459.0,5.0,-2.10142,0.0,A,0
2025-12-14 14:59:34.368000+00:00,-2.0731,0.0,0.0,0.0,0.0,0.0,0.0,10.0,0.0,1000.0,0.0,0.0,0.0,1000.0,0.0,-2.72335,0.0,4.78986,13243.0,5.0,-2.6982,1.0,1000.0,0.0,-1.52652,0.0,7.08984,18275.0,5.0,-1.39974,1000.0,0.0,1.0,-2.0731,7.39981,18634.0,5.0,-2.10142,0.0,A,0
2025-12-14 14:59:34.373000+00:00,-2.29327,0.0,0.0,0.0,0.0,0.0,0.0,10.0,0.0,1000.0,0.0,0.0,0.0,1000.0,0.0,-2.15472,0.0,4.78986,13243.0,5.0,0.0,1.0,1000.0,0.0,-1.63217,0.0,6.60988,18275.0,5.0,-1.4974,1000.0,0.0,1.0,-2.29327,6.73973,18634.0,5.0,-2.00015,0.0,A,0
2025-12-14 14:59:34.671000+00:00,-2.61097,0.0,0.0,0.0,0.0,0.0,0.0,10.0,0.0,1000.0,0.0,0.0,0.0,1000.0,0.0,1.60602,0.0,5.21991,14432.0,5.0,0.0,1.0,1000.0,0.0,-1.86689,0.0,6.1697,17058.0,5.0,-1.50101,1000.0,0.0,1.0,-2.61097,6.12992,16948.0,5.0,-2.00014,0.0,A,0
2025-12-14 14:59:34.969000+00:00,-2.25192,0.0,0.0,0.0,0.0,0.0,0.0,10.0,0.0,1000.0,0.0,0.0,0.0,1000.0,1.0,0.20075,0.0,5.21991,14432.0,5.0,0.0,1.0,1000.0,0.0,-1.57026,0.0,5.69987,15759.0,5.0,-1.50101,1000.0,0.0,1.0,-2.25192,5.46983,15123.0,5.0,-2.00015,0.0,A,0
2025-12-14 14:59:35.271000+00:00,-2.11372,0.0,0.0,0.0,0.0,0.0,0.0,10.0,0.0,1000.0,0.0,0.0,0.0,1000.0,1.0,0.05019,0.0,5.21991,14432.0,5.0,0.0,0.0,1000.0,0.0,-1.51832,0.0,5.24993,14515.0,5.0,-1.50101,1000.0,0.0,0.0,-2.11372,4.92983,13630.0,5.0,-2.00015,0.0,A,0
2025-12-14 14:59:35.569000+00:00,-0.83885,0.0,0.0,0.0,0.0,0.0,0.0,10.0,0.0,1000.0,0.0,0.0,0.0,1000.0,1.0,0.00627,0.0,5.21991,14432.0,5.0,0.0,0.0,1000.0,0.0,-1.45164,0.0,5.01989,13879.0,5.0,-0.90061,1000.0,1.0,0.0,-0.83885,4.92983,13630.0,5.0,0.0,0.0,A,0
2025-12-14 14:59:35.870000+00:00,-0.10486,0.0,0.0,0.0,0.0,0.0,0.0,10.0,0.0,1000.0,0.0,0.0,1.0,1000.0,0.0,0.00078,0.0,5.21991,14432.0,0.0,0.0,1.0,1000.0,0.0,-0.29403,0.0,5.01989,13879.0,0.0,0.0,1000.0,0.0,1.0,-0.10486,4.92983,13630.0,0.0,0.0,0.0,A,0
2025-12-14 14:59:36.170000+00:00,-0.10486,0.0,0.0,0.0,0.0,0.0,0.0,10.0,0.0,1000.0,0.0,0.0,1.0,1000.0,0.0,0.00078,0.0,5.21991,12524.0,0.0,0.0,1.0,1000.0,0.0,-0.29403,0.0,5.01989,12801.0,0.0,0.0,1000.0,0.0,1.0,-0.10486,4.92983,12303.0,0.0,0.0,0.0,A,0
2025-12-14 14:59:36.172000+00:00,-0.17632,0.0,0.0,0.0,0.0,0.0,0.0,10.0,0.0,1000.0,0.0,0.0,1.0,1000.0,0.0,-0.54957,0.0,4.5298,12524.0,0.0,-3.20095,1.0,1000.0,0.0,-0.37371,0.0,4.62999,12801.0,0.0,-1.80121,1000.0,0.0,1.0,-0.17632,4.44987,12303.0,0.0,-2.40162,0.0,A,0
2025-12-14 14:59:36.469000+00:00,-0.17632,0.0,0.0,0.0,0.0,0.0,0.0,10.0,0.0,1000.0,0.0,0.0,1.0,1000.0,0.0,-0.54957,0.0,4.5298,10312.0,0.0,-3.20095,1.0,1000.0,0.0,-0.37371,0.0,4.62999,11584.0,0.0,-1.80121,1000.0,0.0,1.0,-0.17632,4.44987,10616.0,0.0,-2.40162,0.0,A,0
2025-12-14 14:59:36.471000+00:00,-1.84677,0.0,0.0,0.0,0.0,0.0,0.0,10.0,0.0,1000.0,0.0,0.0,1.0,1000.0,0.0,-2.46806,0.0,3.72975,10312.0,0.0,-2.60055,1.0,1000.0,0.0,-1.34789,0.0,4.18981,11584.0,0.0,-1.49739,1000.0,0.0,1.0,-1.84677,3.8397,10616.0,0.0,-2.10142,0.0,A,0
2025-12-14 14:59:36.769000+00:00,-1.98712,0.0,0.0,0.0,0.0,0.0,0.0,10.0,0.0,1000.0,0.0,0.0,1.0,1000.0,0.0,-2.61806,0.0,3.14996,8709.0,0.0,-5.79789,1.0,1000.0,0.0,-1.46183,0.0,3.85995,10672.0,0.0,-3.29861,1000.0,0.0,1.0,-1.98712,3.37999,9345.0,0.0,-4.59708,0.0,A,0
2025-12-14 14:59:37.068000+00:00,-1.98712,0.0,0.0,0.0,0.0,0.0,0.0,10.0,0.0,1000.0,0.0,0.0,1.0,1000.0,0.0,-2.61806,0.0,3.14996,6497.0,0.0,-5.79789,1.0,1000.0,0.0,-1.46183,0.0,3.85995,9455.0,0.0,-3.29861,1000.0,0.0,1.0,-1.98712,3.37999,7658.0,0.0,-4.59708,0.0,A,0
2025-12-14 14:59:37.070000+00:00,-2.37377,0.0,0.0,0.0,0.0,0.0,0.0,10.0,0.0,1000.0,0.0,0.0,1.0,1000.0,0.0,-3.07655,0.0,2.3499,6497.0,0.0,-2.60055,1.0,1000.0,0.0,-1.6955,0.0,3.41978,9455.0,0.0,-1.50101,1000.0,0.0,1.0,-2.37377,2.76982,7658.0,0.0,-2.00015,0.0,A,0
2025-12-14 14:59:37.368000+00:00,-2.37377,0.0,0.0,0.0,0.0,0.0,0.0,10.0,0.0,1000.0,0.0,0.0,1.0,1000.0,0.0,-3.07655,0.0,2.3499,4285.0,0.0,-2.60055,1.0,1000.0,0.0,-1.6955,0.0,3.41978,8239.0,0.0,-1.50101,1000.0,0.0,1.0,-2.37377,2.76982,5944.0,0.0,-2.00015,0.0,A,0
2025-12-14 14:59:37.370000+00:00,-2.07217,0.0,0.0,0.0,0.0,0.0,0.0,10.0,0.0,1000.0,0.0,0.0,1.0,1000.0,0.0,-2.68537,0.0,1.54984,4285.0,0.0,-2.69821,1.0,1000.0,0.0,-1.47469,0.0,2.97996,8239.0,0.0,-1.4974,1000.0,0.0,1.0,-2.07217,2.14988,5944.0,0.0,-2.0978,0.0,A,0
2025-12-14 14:59:37.669000+00:00,-2.07217,0.0,0.0,0.0,0.0,0.0,0.0,10.0,0.0,1000.0,0.0,0.0,1.0,1000.0,0.0,-2.68537,0.0,1.54984,1935.0,0.0,-2.69821,1.0,1000.0,0.0,-1.47469,0.0,2.97996,6912.0,0.0,-1.4974,1000.0,0.0,1.0,-2.07217,2.14988,4119.0,0.0,-2.0978,0.0,A,0
2025-12-14 14:59:37.671000+00:00,-2.2433,0.0,0.0,0.0,0.0,0.0,0.0,10.0,0.0,1000.0,0.0,0.0,1.0,1000.0,0.0,-2.94637,0.0,0.69987,1935.0,0.0,-2.60055,1.0,1000.0,0.0,-1.64363,0.0,2.5,6912.0,0.0,-1.50101,1000.0,0.0,1.0,-2.2433,1.4898,4119.0,0.0,-2.0978,0.0,A,0
2025-12-14 14:59:37.970000+00:00,-2.2433,0.0,0.0,0.0,0.0,0.0,0.0,10.0,0.0,1000.0,0.0,0.0,1.0,1000.0,0.0,-2.94637,0.0,0.69987,0.0,0.0,-2.60055,1.0,1000.0,0.0,-1.64363,0.0,2.5,5695.0,0.0,-1.50101,1000.0,0.0,1.0,-2.2433,1.4898,2433.0,0.0,-2.0978,0.0,A,0
2025-12-14 14:59:37.971000+00:00,-3.11877,0.0,0.0,0.0,0.0,0.0,0.0,10.0,0.0,1000.0,0.0,0.0,0.0,0.0,0.0,-4.01729,0.0,0.0,0.0,0.0,-1.69994,1.0,1000.0,0.0,-2.21781,0.0,2.05982,5695.0,0.0,-1.50101,1000.0,0.0,1.0,-3.11877,0.87999,2433.0,0.0,-1.99653,0.0,A,0
2025-12-14 14:59:38.269000+00:00,-2.26521,0.0,0.0,0.0,0.0,0.0,0.0,10.0,0.0,1000.0,0.0,0.0,0.0,0.0,0.0,-0.71466,0.0,0.0,0.0,0.0,0.0,1.0,1000.0,0.0,-1.61503,0.0,1.58999,4396.0,0.0,-1.4974,1000.0,0.0,0.0,-2.26521,0.21991,608.0,0.0,-2.0978,0.0,A,0
2025-12-14 14:59:38.569000+00:00,-2.09082,0.0,0.0,0.0,0.0,0.0,0.0,10.0,0.0,1000.0,0.0,0.0,0.0,0.0,1.0,-0.17866,0.0,0.0,0.0,0.0,0.0,1.0,1000.0,0.0,-1.52861,0.0,1.13968,3151.0,0.0,-1.50101,1000.0,0.0,0.0,-2.09082,0.01989,55.0,0.0,0.0,0.0,A,0
2025-12-14 14:59:38.868000+00:00,-2.09082,0.0,0.0,0.0,0.0,0.0,0.0,10.0,0.0,1000.0,0.0,0.0,0.0,0.0,1.0,-0.17866,0.0,0.0,0.0,0.0,0.0,1.0,1000.0,0.0,-1.52861,0.0,1.13968,1935.0,0.0,-1.50101,1000.0,0.0,0.0,-2.09082,0.01989,55.0,0.0,0.0,0.0,A,0
2025-12-14 14:59:38.871000+00:00,-0.26135,0.0,0.0,0.0,0.0,0.0,0.0,10.0,0.0,1000.0,0.0,0.0,0.0,0.0,1.0,-0.02233,0.0,0.0,0.0,0.0,0.0,1.0,1000.0,0.0,-1.60393,0.0,0.69987,1935.0,0.0,-1.4974,1000.0,1.0,0.0,-0.26135,0.01989,55.0,0.0,0.0,0.0,A,0
2025-12-14 14:59:39.169000+00:00,-0.26135,0.0,0.0,0.0,0.0,0.0,0.0,10.0,0.0,1000.0,0.0,0.0,0.0,0.0,1.0,-0.02233,0.0,0.0,0.0,0.0,0.0,1.0,1000.0,0.0,-1.60393,0.0,0.69987,635.0,0.0,-1.4974,1000.0,1.0,0.0,-0.26135,0.01989,55.0,0.0,0.0,0.0,A,0
2025-12-14 14:59:39.173000+00:00,-0.03267,0.0,0.0,0.0,0.0,0.0,0.0,10.0,0.0,1000.0,0.0,0.0,0.0,0.0,1.0,-0.00279,0.0,0.0,0.0,0.0,0.0,0.0,1000.0,0.0,-1.83804,0.0,0.22967,635.0,0.0,-1.50101,1000.0,1.0,0.0,-0.03267,0.01989,55.0,0.0,0.0,0.0,A,0
2025-12-14 14:59:39.470000+00:00,-0.00817,0.0,0.0,0.0,0.0,0.0,0.0,10.0,0.0,1000.0,0.0,0.0,0.0,0.0,1.0,-0.0007,0.0,0.0,0.0,0.0,0.0,0.0,1000.0,0.0,-1.58346,0.0,0.01989,55.0,0.0,-0.6004,1000.0,1.0,0.0,-0.00817,0.01989,55.0,0.0,0.0,0.0,A,0
2025-12-14 14:59:39.769000+00:00,-0.00817,0.0,0.0,0.0,0.0,0.0,0.0,10.0,0.0,1000.0,0.0,0.0,0.0,0.0,1.0,-0.0007,0.0,0.0,0.0,8.0,0.0,0.0,1000.0,0.0,-1.58346,0.0,0.01989,55.0,9.0,-0.6004,1000.0,1.0,0.0,-0.00817,0.01989,55.0,10.0,0.0,0.0,A,0
2025-12-14 14:59:39.773000+00:00,-0.00102,0.0,0.0,0.0,0.0,0.0,0.0,10.0,0.0,1000.0,0.0,0.0,0.0,0.0,0.0,-9e-05,1.0,0.0,0.0,8.0,0.0,0.0,1000.0,0.0,-0.27298,1.0,0.01989,55.0,9.0,0.0,1000.0,0.0,0.0,-0.00102,0.01989,55.0,10.0,0.0,1.0,A,0
2025-12-14 14:59:40.070000+00:00,0.3489,0.0,0.0,0.0,0.0,0.0,0.0,10.0,0.0,1000.0,0.0,0.0,0.0,1000.0,0.0,0.79932,1.0,0.69987,1935.0,8.0,5.40003,0.0,1000.0,0.0,0.41618,1.0,0.4098,1133.0,9.0,2.99841,1000.0,0.0,0.0,0.3489,0.49986,1382.0,10.0,4.10156,1.0,A,0
2025-12-14 14:59:40.367000+00:00,0.3489,0.0,0.0,0.0,0.0,0.0,0.0,10.0,0.0,1000.0,0.0,0.0,0.0,1000.0,0.0,0.79932,1.0,0.69987,3400.0,8.0,5.40003,0.0,1000.0,0.0,0.41618,1.0,0.4098,1935.0,9.0,2.99841,1000.0,0.0,0.0,0.3489,0.49986,2515.0,10.0,4.10156,1.0,A,0
2025-12-14 14:59:40.369000+00:00,2.11269,0.0,0.0,0.0,0.0,0.0,0.0,10.0,0.0,1000.0,0.0,0.0,0.0,1000.0,0.0,2.89894,1.0,1.22975,3400.0,8.0,2.60055,0.0,1000.0,0.0,1.55352,1.0,0.69987,1935.0,9.0,1.50101,1000.0,0.0,0.0,2.11269,0.90965,2515.0,10.0,2.0978,1.0,A,0
2025-12-14 14:59:40.669000+00:00,2.05264,0.0,0.0,0.0,0.0,0.0,0.0,10.0,0.0,1000.0,0.0,0.0,0.0,1000.0,0.0,2.68668,1.0,2.07972,5750.0,8.0,2.60055,0.0,1000.0,0.0,1.50667,1.0,1.1697,3234.0,9.0,1.39974,1000.0,0.0,0.0,2.05264,1.56973,4340.0,10.0,2.0978,1.0,A,0
2025-12-14 14:59:40.968000+00:00,2.05264,0.0,0.0,0.0,0.0,0.0,0.0,10.0,0.0,1000.0,0.0,0.0,0.0,1000.0,0.0,2.68668,1.0,2.07972,8128.0,8.0,2.60055,0.0,1000.0,0.0,1.50667,1.0,1.1697,4561.0,9.0,1.39974,1000.0,0.0,0.0,2.05264,1.56973,6137.0,10.0,2.0978,1.0,A,0
2025-12-14 14:59:40.970000+00:00,2.26848,0.0,0.0,0.0,0.0,0.0,0.0,10.0,0.0,1000.0,0.0,0.0,0.0,1000.0,0.0,2.93684,1.0,2.93981,8128.0,8.0,3.20096,0.0,1000.0,0.0,1.63916,1.0,1.64967,4561.0,9.0,1.80122,1000.0,0.0,0.0,2.26848,2.21969,6137.0,10.0,2.49928,1.0,A,0
2025-12-14 14:59:41.268000+00:00,2.26848,0.0,0.0,0.0,0.0,0.0,0.0,10.0,0.0,1000.0,0.0,0.0,0.0,1000.0,0.0,2.93684,1.0,2.93981,10478.0,8.0,3.20096,0.0,1000.0,0.0,1.63916,1.0,1.64967,5861.0,9.0,1.80122,1000.0,0.0,0.0,2.26848,2.21969,7962.0,10.0,2.49928,1.0,A,0
2025-12-14 14:59:41.271000+00:00,2.11787,0.0,0.0,0.0,0.0,0.0,0.0,10.0,0.0,1000.0,0.0,0.0,0.0,1000.0,0.0,2.70903,1.0,3.78979,10478.0,8.0,5.89916,0.0,1000.0,0.0,1.48401,1.0,2.11986,5861.0,9.0,3.30223,1000.0,0.0,0.0,2.11787,2.87977,7962.0,10.0,4.49942,1.0,A,0
2025-12-14 14:59:41.568000+00:00,2.11787,0.0,0.0,0.0,0.0,0.0,0.0,10.0,0.0,1000.0,0.0,0.0,0.0,1000.0,0.0,2.70903,1.0,3.78979,12662.0,8.0,5.89916,0.0,1000.0,0.0,1.48401,1.0,2.11986,7077.0,9.0,3.30223,1000.0,0.0,0.0,2.11787,2.87977,9676.0,10.0,4.49942,1.0,A,0
2025-12-14 14:59:41.570000+00:00,2.35259,0.0,0.0,0.0,0.0,0.0,0.0,10.0,0.0,1000.0,0.0,0.0,0.0,1000.0,0.0,3.07527,1.0,4.57972,12662.0,8.0,2.60055,0.0,1000.0,0.0,1.72223,1.0,2.55968,7077.0,9.0,1.39974,1000.0,0.0,0.0,2.35259,3.49971,9676.0,10.0,2.0978,1.0,A,0
2025-12-14 14:59:41.867000+00:00,2.35259,0.0,0.0,0.0,0.0,0.0,0.0,10.0,0.0,1000.0,0.0,0.0,0.0,1000.0,0.0,3.07527,1.0,4.57972,14874.0,8.0,2.60055,0.0,1000.0,0.0,1.72223,1.0,2.55968,8322.0,9.0,1.39974,1000.0,0.0,0.0,2.35259,3.49971,11363.0,10.0,2.0978,1.0,A,0
2025-12-14 14:59:41.869000+00:00,2.10704,0.0,0.0,0.0,0.0,0.0,0.0,10.0,0.0,1000.0,0.0,0.0,0.0,1000.0,0.0,2.73403,1.0,5.37977,14874.0,8.0,2.6982,0.0,1000.0,0.0,1.51601,1.0,3.00998,8322.0,9.0,1.50101,1000.0,0.0,0.0,2.10704,4.10988,11363.0,10.0,2.10142,1.0,A,0
2025-12-14 14:59:42.169000+00:00,2.10704,0.0,0.0,0.0,0.0,0.0,0.0,10.0,0.0,1000.0,0.0,0.0,0.0,1000.0,0.0,2.73403,1.0,5.37977,17224.0,8.0,2.6982,0.0,1000.0,0.0,1.51601,1.0,3.00998,9621.0,9.0,1.50101,1000.0,0.0,0.0,2.10704,4.10988,13188.0,10.0,2.10142,1.0,A,0
2025-12-14 14:59:42.171000+00:00,2.0757,0.0,0.0,0.0,0.0,0.0,0.0,10.0,0.0,1000.0,0.0,0.0,0.0,1000.0,0.0,2.68456,1.0,6.22975,17224.0,8.0,3.19734,0.0,1000.0,0.0,1.45412,1.0,3.47982,9621.0,9.0,1.7976,1000.0,0.0,0.0,2.0757,4.76997,13188.0,10.0,2.40162,1.0,A,0
2025-12-14 14:59:42.469000+00:00,2.0757,0.0,0.0,0.0,0.0,0.0,0.0,10.0,0.0,1000.0,0.0,0.0,0.0,1000.0,0.0,2.68456,1.0,6.22975,19436.0,8.0,3.19734,0.0,1000.0,0.0,1.45412,1.0,3.47982,10838.0,9.0,1.7976,1000.0,0.0,0.0,2.0757,4.76997,14902.0,10.0,2.40162,1.0,A,0
2025-12-14 14:59:42.471000+00:00,3.13399,0.0,0.0,0.0,0.0,0.0,0.0,10.0,0.0,1000.0,0.0,0.0,0.0,1000.0,0.0,4.03656,1.0,7.0298,19436.0,8.0,2.69821,0.0,1000.0,0.0,2.28092,1.0,3.91999,10838.0,9.0,1.40336,1000.0,0.0,0.0,3.13399,5.3899,14902.0,10.0,2.10142,1.0,A,0
2025-12-14 14:59:42.770000+00:00,2.30892,0.0,0.0,0.0,0.0,0.0,0.0,10.0,0.0,1000.0,0.0,0.0,0.0,1000.0,0.0,3.0346,0.0,7.82986,21648.0,8.0,2.59693,0.0,1000.0,0.0,1.66977,1.0,4.36994,12082.0,9.0,1.50101,1000.0,0.0,0.0,2.30892,5.99971,16588.0,10.0,2.0978,1.0,A,0
2025-12-14 14:59:43.070000+00:00,2.30232,0.0,0.0,0.0,0.0,0.0,0.0,10.0,0.0,1000.0,0.0,0.0,0.0,1000.0,0.0,2.97988,0.0,8.24978,22809.0,8.0,0.99826,0.0,1000.0,0.0,1.62157,1.0,4.83977,13381.0,9.0,1.4974,1000.0,0.0,0.0,2.30232,6.65979,18413.0,10.0,1.99653,1.0,A,0
2025-12-14 14:59:43.371000+00:00,2.06278,0.0,0.0,0.0,0.0,0.0,0.0,10.0,0.0,1000.0,0.0,0.0,0.0,1000.0,1.0,0.49727,0.0,8.24978,22809.0,8.0,0.0,0.0,1000.0,0.0,1.51563,1.0,5.30997,14681.0,9.0,1.50101,1000.0,0.0,0.0,2.06278,7.31988,20238.0,10.0,2.10142,1.0,A,0
2025-12-14 14:59:43.670000+00:00,2.06278,0.0,0.0,0.0,0.0,0.0,0.0,10.0,0.0,1000.0,0.0,0.0,0.0,1000.0,1.0,0.49727,0.0,8.24978,22809.0,8.0,0.0,0.0,1000.0,0.0,1.51563,1.0,5.30997,15510.0,9.0,1.50101,1000.0,0.0,0.0,2.06278,7.31988,21371.0,10.0,2.10142,1.0,A,0
2025-12-14 14:59:43.672000+00:00,3.29076,0.0,0.0,0.0,0.0,0.0,0.0,10.0,0.0,1000.0,0.0,0.0,0.0,1000.0,1.0,0.12432,0.0,8.24978,22809.0,8.0,0.0,0.0,1000.0,0.0,2.35283,1.0,5.75991,15510.0,9.0,1.50101,1000.0,0.0,0.0,3.29076,7.92969,21371.0,10.0,2.0978,1.0,A,0
2025-12-14 14:59:43.968000+00:00,3.29076,0.0,0.0,0.0,0.0,0.0,0.0,10.0,0.0,1000.0,0.0,0.0,0.0,1000.0,1.0,0.12432,0.0,8.24978,22809.0,8.0,0.0,0.0,1000.0,0.0,2.35283,1.0,5.75991,16727.0,9.0,1.50101,1000.0,0.0,0.0,3.29076,7.92969,23058.0,10.0,2.0978,1.0,A,0
2025-12-14 14:59:43.970000+00:00,2.22431,0.0,0.0,0.0,0.0,0.0,0.0,10.0,0.0,1000.0,0.0,0.0,0.0,1000.0,1.0,0.01554,0.0,8.24978,22809.0,8.0,0.0,0.0,1000.0,0.0,1.55685,1.0,6.04999,16727.0,9.0,1.50101,1000.0,0.0,0.0,2.22431,8.33984,23058.0,10.0,2.00015,1.0,A,0
2025-12-14 14:59:44.268000+00:00,2.22431,0.0,0.0,0.0,0.0,0.0,0.0,10.0,0.0,1000.0,0.0,0.0,0.0,1000.0,1.0,0.01554,0.0,8.24978,22809.0,8.0,0.0,0.0,1000.0,0.0,1.55685,1.0,6.04999,18054.0,9.0,1.50101,1000.0,0.0,0.0,2.22431,8.33984,24883.0,10.0,2.00015,1.0,A,0
2025-12-14 14:59:44.270000+00:00,2.20359,0.0,0.0,0.0,0.0,0.0,0.0,10.0,0.0,1000.0,0.0,0.0,0.0,1000.0,1.0,0.00194,0.0,8.24978,22809.0,8.0,0.0,0.0,1000.0,0.0,1.58214,1.0,6.52995,18054.0,9.0,1.50101,1000.0,0.0,0.0,2.20359,8.99993,24883.0,10.0,2.00014,1.0,A,0
2025-12-14 14:59:44.569000+00:00,2.09983,0.0,0.0,0.0,0.0,0.0,0.0,10.0,0.0,1000.0,0.0,0.0,0.0,1000.0,1.0,0.00049,0.0,8.24978,22809.0,8.0,0.0,0.0,1000.0,0.0,1.47066,1.0,6.96976,19270.0,9.0,1.49739,1000.0,0.0,0.0,2.09983,9.61986,26597.0,10.0,2.00015,1.0,A,0
2025-12-14 14:59:44.871000+00:00,2.4385,0.0,0.0,0.0,0.0,0.0,0.0,10.0,0.0,1000.0,0.0,0.0,0.0,1000.0,1.0,6e-05,0.0,8.24978,22809.0,8.0,0.0,0.0,1000.0,0.0,1.97148,1.0,7.43996,20570.0,9.0,1.50102,0.0,0.0,0.0,2.4385,10.0,27648.0,10.0,0.0,0.0,A,0
2025-12-14 14:59:45.169000+00:00,2.4385,0.0,0.0,0.0,0.0,0.0,0.0,10.0,0.0,1000.0,0.0,0.0,0.0,1000.0,1.0,6e-05,0.0,8.24978,22809.0,8.0,0.0,0.0,1000.0,0.0,1.97148,1.0,7.43996,21814.0,9.0,1.50102,0.0,0.0,0.0,2.4385,10.0,27648.0,10.0,0.0,0.0,A,0
2025-12-14 14:59:45.171000+00:00,0.30481,0.0,0.0,0.0,0.0,0.0,0.0,10.0,0.0,1000.0,0.0,0.0,0.0,1000.0,1.0,1e-05,0.0,8.24978,22809.0,8.0,0.0,0.0,1000.0,0.0,1.55892,1.0,7.8899,21814.0,9.0,1.50102,0.0,1.0,0.0,0.30481,10.0,27648.0,10.0,0.0,0.0,A,0
2025-12-14 14:59:45.467000+00:00,0.30481,0.0,0.0,0.0,0.0,0.0,0.0,10.0,0.0,1000.0,0.0,0.0,0.0,1000.0,1.0,1e-05,0.0,8.24978,22809.0,8.0,0.0,0.0,1000.0,0.0,1.55892,1.0,7.8899,23113.0,9.0,1.50102,0.0,1.0,0.0,0.30481,10.0,27648.0,10.0,0.0,0.0,A,0
2025-12-14 14:59:45.470000+00:00,0.0762,0.0,0.0,0.0,0.0,0.0,0.0,10.0,0.0,1000.0,0.0,0.0,0.0,1000.0,1.0,0.0,0.0,8.24978,22809.0,8.0,0.0,0.0,1000.0,0.0,1.46485,1.0,8.35974,23113.0,9.0,1.80121,0.0,1.0,0.0,0.0762,10.0,27648.0,10.0,0.0,0.0,A,0
2025-12-14 14:59:45.770000+00:00,0.00953,0.0,0.0,0.0,0.0,0.0,0.0,10.0,0.0,1000.0,0.0,0.0,0.0,1000.0,1.0,0.0,0.0,8.24978,22809.0,8.0,0.0,0.0,1000.0,0.0,1.53311,0.0,8.79991,24330.0,9.0,2.90075,0.0,1.0,0.0,0.00953,10.0,27648.0,10.0,0.0,0.0,A,0
2025-12-14 14:59:46.068000+00:00,0.00953,0.0,0.0,0.0,0.0,0.0,0.0,10.0,0.0,1000.0,0.0,0.0,0.0,1000.0,1.0,0.0,0.0,8.24978,22809.0,8.0,0.0,0.0,1000.0,0.0,1.53311,0.0,8.79991,24993.0,9.0,2.90075,0.0,1.0,0.0,0.00953,10.0,27648.0,10.0,0.0,0.0,A,0
2025-12-14 14:59:46.071000+00:00,0.00119,0.0,0.0,0.0,0.0,0.0,0.0,10.0,0.0,1000.0,0.0,0.0,0.0,1000.0,1.0,0.0,0.0,8.24978,22809.0,8.0,0.0,0.0,1000.0,0.0,1.37888,0.0,9.03971,24993.0,9.0,0.9006,0.0,1.0,0.0,0.00119,10.0,27648.0,10.0,0.0,0.0,A,0
2025-12-14 14:59:46.368000+00:00,0.00119,0.0,0.0,0.0,0.0,0.0,0.0,10.0,0.0,1000.0,0.0,0.0,0.0,1000.0,1.0,0.0,0.0,8.24978,22809.0,5.0,0.0,0.0,1000.0,0.0,1.37888,0.0,9.03971,24993.0,5.0,0.9006,0.0,1.0,0.0,0.00119,10.0,27648.0,5.0,0.0,0.0,A,0
2025-12-14 14:59:46.370000+00:00,0.0003,0.0,0.0,0.0,0.0,0.0,0.0,10.0,0.0,1000.0,0.0,0.0,1.0,1000.0,0.0,0.0,0.0,8.24978,22809.0,5.0,0.0,1.0,1000.0,0.0,0.34472,0.0,9.03971,24993.0,5.0,0.0,0.0,0.0,1.0,0.0003,10.0,27648.0,5.0,0.0,0.0,A,0
2025-12-14 14:59:46.669000+00:00,0.0003,0.0,0.0,0.0,0.0,0.0,0.0,10.0,0.0,1000.0,0.0,0.0,1.0,1000.0,0.0,0.0,0.0,8.24978,20901.0,5.0,0.0,1.0,1000.0,0.0,0.34472,0.0,9.03971,23915.0,5.0,0.0,0.0,0.0,1.0,0.0003,10.0,26376.0,5.0,0.0,0.0,A,0
2025-12-14 14:59:46.672000+00:00,-0.0506,0.0,0.0,0.0,0.0,0.0,0.0,10.0,0.0,1000.0,0.0,0.0,1.0,1000.0,0.0,-0.49913,0.0,7.55968,20901.0,5.0,-2.70183,1.0,1000.0,0.0,-0.25711,0.0,8.64981,23915.0,5.0,-1.49739,1000.0,0.0,1.0,-0.0506,9.53993,26376.0,5.0,-2.10142,0.0,A,0
2025-12-14 14:59:46.968000+00:00,-0.0506,0.0,0.0,0.0,0.0,0.0,0.0,10.0,0.0,1000.0,0.0,0.0,1.0,1000.0,0.0,-0.49913,0.0,7.55968,18690.0,5.0,-2.70183,1.0,1000.0,0.0,-0.25711,0.0,8.64981,22699.0,5.0,-1.49739,1000.0,0.0,1.0,-0.0506,9.53993,24662.0,5.0,-2.10142,0.0,A,0
2025-12-14 14:59:46.970000+00:00,-2.91928,0.0,0.0,0.0,0.0,0.0,0.0,10.0,0.0,1000.0,0.0,0.0,1.0,1000.0,0.0,-3.84973,0.0,6.75998,18690.0,5.0,-5.29875,1.0,1000.0,0.0,-2.11999,0.0,8.21,22699.0,5.0,-2.90075,1000.0,0.0,1.0,-2.91928,8.91999,24662.0,5.0,-4.10156,0.0,A,0
2025-12-14 14:59:47.271000+00:00,-2.25435,0.0,0.0,0.0,0.0,0.0,0.0,10.0,0.0,1000.0,0.0,0.0,1.0,1000.0,0.0,-2.93726,0.0,6.22975,17224.0,5.0,-2.70182,1.0,1000.0,0.0,-1.65485,0.0,7.90979,21869.0,5.0,-1.50101,1000.0,0.0,1.0,-2.25435,8.50984,23528.0,5.0,-2.10141,0.0,A,0
2025-12-14 14:59:47.569000+00:00,-2.25435,0.0,0.0,0.0,0.0,0.0,0.0,10.0,0.0,1000.0,0.0,0.0,1.0,1000.0,0.0,-2.93726,0.0,6.22975,14874.0,5.0,-2.70182,1.0,1000.0,0.0,-1.65485,0.0,7.90979,20570.0,5.0,-1.50101,1000.0,0.0,1.0,-2.25435,8.50984,21703.0,5.0,-2.10141,0.0,A,0
2025-12-14 14:59:47.571000+00:00,-2.0699,0.0,0.0,0.0,0.0,0.0,0.0,10.0,0.0,1000.0,0.0,0.0,1.0,1000.0,0.0,-2.70413,0.0,5.37977,14874.0,5.0,-3.20096,1.0,1000.0,0.0,-1.49493,0.0,7.43996,20570.0,5.0,-1.7976,1000.0,0.0,1.0,-2.0699,7.84975,21703.0,5.0,-2.49928,0.0,A,0
2025-12-14 14:59:47.868000+00:00,-2.0699,0.0,0.0,0.0,0.0,0.0,0.0,10.0,0.0,1000.0,0.0,0.0,1.0,1000.0,0.0,-2.70413,0.0,5.37977,13105.0,5.0,-3.20096,1.0,1000.0,0.0,-1.49493,0.0,7.43996,19353.0,5.0,-1.7976,1000.0,0.0,1.0,-2.0699,7.84975,20017.0,5.0,-2.49928,0.0,A,0
2025-12-14 14:59:47.871000+00:00,-2.14237,0.0,0.0,0.0,0.0,0.0,0.0,10.0,0.0,1000.0,0.0,0.0,0.0,1000.0,0.0,-2.77655,0.0,4.73994,13105.0,5.0,-2.6982,1.0,1000.0,0.0,-1.57364,0.0,6.99978,19353.0,5.0,-1.39974,1000.0,0.0,1.0,-2.14237,7.23994,20017.0,5.0,-2.0978,0.0,A,0
2025-12-14 14:59:48.167000+00:00,-2.14237,0.0,0.0,0.0,0.0,0.0,0.0,10.0,0.0,1000.0,0.0,0.0,0.0,1000.0,0.0,-2.77655,0.0,4.73994,13105.0,5.0,-2.6982,1.0,1000.0,0.0,-1.57364,0.0,6.99978,18054.0,5.0,-1.39974,1000.0,0.0,1.0,-2.14237,7.23994,18192.0,5.0,-2.0978,0.0,A,0
2025-12-14 14:59:48.172000+00:00,-3.33041,0.0,0.0,0.0,0.0,0.0,0.0,10.0,0.0,1000.0,0.0,0.0,0.0,1000.0,1.0,-0.95923,0.0,4.73994,13105.0,5.0,0.0,1.0,1000.0,0.0,-2.39623,0.0,6.52995,18054.0,5.0,-1.39974,1000.0,0.0,1.0,-3.33041,6.57986,18192.0,5.0,-2.00014,0.0,A,0
2025-12-14 14:59:48.469000+00:00,-3.33041,0.0,0.0,0.0,0.0,0.0,0.0,10.0,0.0,1000.0,0.0,0.0,0.0,1000.0,1.0,-0.95923,0.0,4.73994,13105.0,5.0,0.0,1.0,1000.0,0.0,-2.39623,0.0,6.52995,16809.0,5.0,-1.39974,1000.0,0.0,1.0,-3.33041,6.57986,16478.0,5.0,-2.00014,0.0,A,0
2025-12-14 14:59:48.471000+00:00,-2.19174,0.0,0.0,0.0,0.0,0.0,0.0,10.0,0.0,1000.0,0.0,0.0,0.0,1000.0,1.0,-0.1199,0.0,4.73994,13105.0,5.0,0.0,1.0,1000.0,0.0,-1.60026,0.0,6.07964,16809.0,5.0,-1.50101,1000.0,0.0,1.0,-2.19174,5.95992,16478.0,5.0,-2.0978,0.0,A,0
2025-12-14 14:59:48.769000+00:00,-2.19174,0.0,0.0,0.0,0.0,0.0,0.0,10.0,0.0,1000.0,0.0,0.0,0.0,1000.0,1.0,-0.1199,0.0,4.73994,13105.0,5.0,0.0,1.0,1000.0,0.0,-1.60026,0.0,6.07964,15593.0,5.0,-1.50101,1000.0,0.0,1.0,-2.19174,5.95992,14791.0,5.0,-2.0978,0.0,A,0
2025-12-14 14:59:48.771000+00:00,-2.07246,0.0,0.0,0.0,0.0,0.0,0.0,10.0,0.0,1000.0,0.0,0.0,0.0,1000.0,1.0,-0.02998,0.0,4.73994,13105.0,5.0,0.0,1.0,1000.0,0.0,-1.52402,0.0,5.63983,15593.0,5.0,-1.39974,1000.0,0.0,1.0,-2.07246,5.34975,14791.0,5.0,-2.10142,0.0,A,0
2025-12-14 14:59:49.070000+00:00,-2.27141,0.0,0.0,0.0,0.0,0.0,0.0,10.0,0.0,1000.0,0.0,0.0,0.0,1000.0,1.0,-0.00375,0.0,4.73994,13105.0,5.0,0.0,0.0,1000.0,0.0,-1.64133,0.0,5.16999,14294.0,5.0,-1.4974,1000.0,0.0,0.0,-2.27141,4.80975,13298.0,5.0,-2.10142,0.0,A,0
2025-12-14 14:59:49.368000+00:00,-2.27141,0.0,0.0,0.0,0.0,0.0,0.0,10.0,0.0,1000.0,0.0,0.0,0.0,1000.0,1.0,-0.00375,0.0,4.73994,13105.0,5.0,0.0,0.0,1000.0,0.0,-1.64133,0.0,5.16999,13713.0,5.0,-1.4974,1000.0,0.0,0.0,-2.27141,4.80975,13298.0,5.0,-2.10142,0.0,A,0
2025-12-14 14:59:49.372000+00:00,-0.74644,0.0,0.0,0.0,0.0,0.0,0.0,10.0,0.0,1000.0,0.0,0.0,0.0,1000.0,1.0,-0.00047,0.0,4.73994,13105.0,5.0,0.0,0.0,1000.0,0.0,-1.41773,0.0,4.95985,13713.0,5.0,0.0,1000.0,1.0,0.0,-0.74644,4.80975,13298.0,5.0,0.0,0.0,A,0
2025-12-14 14:59:49.669000+00:00,-0.74644,0.0,0.0,0.0,0.0,0.0,0.0,10.0,0.0,1000.0,0.0,0.0,0.0,1000.0,1.0,-0.00047,0.0,4.73994,13105.0,0.0,0.0,0.0,1000.0,0.0,-1.41773,0.0,4.95985,13713.0,0.0,0.0,1000.0,1.0,0.0,-0.74644,4.80975,13298.0,0.0,0.0,0.0,A,0
2025-12-14 14:59:49.671000+00:00,-0.18661,0.0,0.0,0.0,0.0,0.0,0.0,10.0,0.0,1000.0,0.0,0.0,1.0,1000.0,0.0,-0.00012,0.0,4.73994,13105.0,0.0,0.0,1.0,1000.0,0.0,-0.35443,0.0,4.95985,13713.0,0.0,0.0,1000.0,0.0,1.0,-0.18661,4.80975,13298.0,0.0,0.0,0.0,A,0
2025-12-14 14:59:49.968000+00:00,-0.18661,0.0,0.0,0.0,0.0,0.0,0.0,10.0,0.0,1000.0,0.0,0.0,1.0,1000.0,0.0,-0.00012,0.0,4.73994,11197.0,0.0,0.0,1.0,1000.0,0.0,-0.35443,0.0,4.95985,12635.0,0.0,0.0,1000.0,0.0,1.0,-0.18661,4.80975,11971.0,0.0,0.0,0.0,A,0
2025-12-14 14:59:49.970000+00:00,-0.17343,0.0,0.0,0.0,0.0,0.0,0.0,10.0,0.0,1000.0,0.0,0.0,1.0,1000.0,0.0,-0.50096,0.0,4.04984,11197.0,0.0,-3.20095,1.0,1000.0,0.0,-0.34451,0.0,4.56995,12635.0,0.0,-1.80121,1000.0,0.0,1.0,-0.17343,4.32979,11971.0,0.0,-2.398,0.0,A,0
2025-12-14 14:59:50.270000+00:00,-1.84686,0.0,0.0,0.0,0.0,0.0,0.0,10.0,0.0,1000.0,0.0,0.0,1.0,1000.0,0.0,-2.43757,0.0,3.24978,8985.0,0.0,-5.40003,1.0,1000.0,0.0,-1.34243,0.0,4.12977,11418.0,0.0,-3.00203,1000.0,0.0,1.0,-1.84686,3.70985,10257.0,0.0,-4.19922,0.0,A,0
2025-12-14 14:59:50.570000+00:00,-2.51159,0.0,0.0,0.0,0.0,0.0,0.0,10.0,0.0,1000.0,0.0,0.0,1.0,1000.0,0.0,-3.25967,0.0,2.39981,6635.0,0.0,-2.69821,1.0,1000.0,0.0,-1.83662,0.0,3.65994,10119.0,0.0,-1.4974,1000.0,0.0,1.0,-2.51159,3.0599,8460.0,0.0,-2.10142,0.0,A,0
2025-12-14 14:59:50.869000+00:00,-2.51159,0.0,0.0,0.0,0.0,0.0,0.0,10.0,0.0,1000.0,0.0,0.0,1.0,1000.0,0.0,-3.25967,0.0,2.39981,5170.0,0.0,-2.69821,1.0,1000.0,0.0,-1.83662,0.0,3.65994,9289.0,0.0,-1.4974,1000.0,0.0,1.0,-2.51159,3.0599,7326.0,0.0,-2.10142,0.0,A,0
2025-12-14 14:59:50.872000+00:00,-2.22684,0.0,0.0,0.0,0.0,0.0,0.0,10.0,0.0,1000.0,0.0,0.0,1.0,1000.0,0.0,-2.84525,0.0,1.86994,5170.0,0.0,-2.69821,1.0,1000.0,0.0,-1.59224,0.0,3.35974,9289.0,0.0,-1.50101,1000.0,0.0,1.0,-2.22684,2.64974,7326.0,0.0,-2.00015,0.0,A,0
2025-12-14 14:59:51.168000+00:00,-2.22684,0.0,0.0,0.0,0.0,0.0,0.0,10.0,0.0,1000.0,0.0,0.0,1.0,1000.0,0.0,-2.84525,0.0,1.86994,2958.0,0.0,-2.69821,1.0,1000.0,0.0,-1.59224,0.0,3.35974,8073.0,0.0,-1.50101,1000.0,0.0,1.0,-2.22684,2.64974,5612.0,0.0,-2.00015,0.0,A,0
2025-12-14 14:59:51.170000+00:00,-2.0529,0.0,0.0,0.0,0.0,0.0,0.0,10.0,0.0,1000.0,0.0,0.0,1.0,1000.0,0.0,-2.69398,0.0,1.06988,2958.0,0.0,-2.69821,1.0,1000.0,0.0,-1.46268,0.0,2.91992,8073.0,0.0,-1.4974,1000.0,0.0,1.0,-2.0529,2.0298,5612.0,0.0,-2.10142,0.0,A,0
2025-12-14 14:59:51.469000+00:00,-2.0529,0.0,0.0,0.0,0.0,0.0,0.0,10.0,0.0,1000.0,0.0,0.0,1.0,1000.0,0.0,-2.69398,0.0,1.06988,608.0,0.0,-2.69821,1.0,1000.0,0.0,-1.46268,0.0,2.91992,6773.0,0.0,-1.4974,1000.0,0.0,1.0,-2.0529,2.0298,3787.0,0.0,-2.10142,0.0,A,0
2025-12-14 14:59:51.473000+00:00,-2.28822,0.0,0.0,0.0,0.0,0.0,0.0,10.0,0.0,1000.0,0.0,0.0,0.0,1000.0,0.0,-2.94852,0.0,0.21991,608.0,0.0,-5.29876,1.0,1000.0,0.0,-1.64063,0.0,2.44973,6773.0,0.0,-2.90075,1000.0,0.0,1.0,-2.28822,1.36972,3787.0,0.0,-4.10156,0.0,A,0
2025-12-14 14:59:51.768000+00:00,-2.28822,0.0,0.0,0.0,0.0,0.0,0.0,10.0,0.0,1000.0,0.0,0.0,0.0,1000.0,0.0,-2.94852,0.0,0.21991,0.0,0.0,-5.29876,1.0,1000.0,0.0,-1.64063,0.0,2.44973,5529.0,0.0,-2.90075,1000.0,0.0,1.0,-2.28822,1.36972,2101.0,0.0,-4.10156,0.0,A,0
2025-12-14 14:59:51.770000+00:00,-2.34766,0.0,0.0,0.0,0.0,0.0,0.0,10.0,0.0,1000.0,0.0,0.0,0.0,0.0,0.0,-1.58068,0.0,0.0,0.0,0.0,0.0,1.0,1000.0,0.0,-1.69253,0.0,1.99978,5529.0,0.0,-1.50101,1000.0,0.0,1.0,-2.34766,0.75991,2101.0,0.0,-2.00014,0.0,A,0
2025-12-14 14:59:52.071000+00:00,-2.31847,0.0,0.0,0.0,0.0,0.0,0.0,10.0,0.0,1000.0,0.0,0.0,0.0,0.0,1.0,-0.19758,0.0,0.0,0.0,0.0,0.0,1.0,1000.0,0.0,-1.62442,0.0,1.52995,4230.0,0.0,-1.69994,1000.0,0.0,0.0,-2.31847,0.09983,276.0,0.0,-2.49928,0.0,A,0
2025-12-14 14:59:52.368000+00:00,-2.31847,0.0,0.0,0.0,0.0,0.0,0.0,10.0,0.0,1000.0,0.0,0.0,0.0,0.0,1.0,-0.19758,0.0,0.0,0.0,0.0,0.0,1.0,1000.0,0.0,-1.62442,0.0,1.52995,3013.0,0.0,-1.69994,1000.0,0.0,0.0,-2.31847,0.09983,55.0,0.0,-2.49928,0.0,A,0
2025-12-14 14:59:52.372000+00:00,-1.47932,0.0,0.0,0.0,0.0,0.0,0.0,10.0,0.0,1000.0,0.0,0.0,0.0,0.0,1.0,-0.0494,0.0,0.0,0.0,0.0,0.0,1.0,1000.0,0.0,-1.53096,0.0,1.08977,3013.0,0.0,-1.50101,1000.0,0.0,0.0,-1.47932,0.01989,55.0,0.0,0.0,0.0,A,0
2025-12-14 14:59:52.668000+00:00,-1.47932,0.0,0.0,0.0,0.0,0.0,0.0,10.0,0.0,1000.0,0.0,0.0,0.0,0.0,1.0,-0.0494,0.0,0.0,0.0,0.0,0.0,1.0,1000.0,0.0,-1.53096,0.0,1.08977,1769.0,0.0,-1.50101,1000.0,0.0,0.0,-1.47932,0.01989,55.0,0.0,0.0,0.0,A,0
2025-12-14 14:59:52.670000+00:00,-0.18492,0.0,0.0,0.0,0.0,0.0,0.0,10.0,0.0,1000.0,0.0,0.0,0.0,0.0,1.0,-0.00617,0.0,0.0,0.0,0.0,0.0,1.0,1000.0,0.0,-2.22814,0.0,0.63983,1769.0,0.0,-1.50101,1000.0,1.0,0.0,-0.18492,0.01989,55.0,0.0,0.0,0.0,A,0
2025-12-14 14:59:52.968000+00:00,-0.18492,0.0,0.0,0.0,0.0,0.0,0.0,10.0,0.0,1000.0,0.0,0.0,0.0,0.0,1.0,-0.00617,0.0,0.0,0.0,0.0,0.0,1.0,1000.0,0.0,-2.22814,0.0,0.63983,470.0,0.0,-1.50101,1000.0,1.0,0.0,-0.18492,0.01989,55.0,0.0,0.0,0.0,A,0
2025-12-14 14:59:52.970000+00:00,-0.02311,0.0,0.0,0.0,0.0,0.0,0.0,10.0,0.0,1000.0,0.0,0.0,0.0,0.0,1.0,-0.00077,0.0,0.0,0.0,0.0,0.0,0.0,1000.0,0.0,-1.69137,0.0,0.16999,470.0,0.0,-1.69994,1000.0,1.0,0.0,-0.02311,0.01989,55.0,0.0,0.0,0.0,A,0
2025-12-14 14:59:53.270000+00:00,-0.00578,0.0,0.0,0.0,0.0,0.0,0.0,10.0,0.0,1000.0,0.0,0.0,0.0,0.0,1.0,-0.00019,0.0,0.0,0.0,0.0,0.0,0.0,0.0,0.0,-1.5477,0.0,0.0,0.0,0.0,-0.19893,1000.0,1.0,0.0,-0.00578,0.01989,55.0,0.0,0.0,0.0,A,0
2025-12-14 14:59:53.571000+00:00,-0.00072,0.0,0.0,0.0,0.0,0.0,0.0,10.0,0.0,1000.0,0.0,0.0,0.0,0.0,0.0,-2e-05,1.0,0.0,0.0,8.0,0.0,0.0,0.0,0.0,-0.21833,1.0,0.0,0.0,9.0,0.0,1000.0,0.0,0.0,-0.00072,0.01989,55.0,10.0,0.0,1.0,A,0
2025-12-14 14:59:53.869000+00:00,-0.00072,0.0,0.0,0.0,0.0,0.0,0.0,10.0,0.0,1000.0,0.0,0.0,0.0,0.0,0.0,-2e-05,1.0,0.0,1935.0,8.0,0.0,0.0,0.0,0.0,-0.21833,1.0,0.0,1022.0,9.0,0.0,1000.0,0.0,0.0,-0.00072,0.01989,1382.0,10.0,0.0,1.0,A,0
2025-12-14 14:59:53.871000+00:00,0.34885,0.0,0.0,0.0,0.0,0.0,0.0,10.0,0.0,1000.0,0.0,0.0,0.0,1000.0,0.0,0.79933,1.0,0.69987,1935.0,8.0,2.79948,0.0,1000.0,0.0,0.29445,1.0,0.36965,1022.0,9.0,1.59867,1000.0,0.0,0.0,0.34885,0.49986,1382.0,10.0,2.00014,1.0,A,0
2025-12-14 14:59:54.171000+00:00,1.81905,0.0,0.0,0.0,0.0,0.0,0.0,10.0,0.0,1000.0,0.0,0.0,0.0,1000.0,0.0,2.44909,1.0,1.54984,4285.0,8.0,2.60055,0.0,1000.0,0.0,1.33708,1.0,0.84997,2350.0,9.0,1.50101,1000.0,0.0,0.0,1.81905,1.15994,3207.0,10.0,2.0978,1.0,A,0
2025-12-14 14:59:54.470000+00:00,2.1154,0.0,0.0,0.0,0.0,0.0,0.0,10.0,0.0,1000.0,0.0,0.0,0.0,1000.0,0.0,2.78055,1.0,2.07972,5750.0,8.0,2.60055,0.0,1000.0,0.0,1.55376,1.0,1.13968,3151.0,9.0,1.39974,1000.0,0.0,0.0,2.1154,1.56973,4340.0,10.0,2.0978,1.0,A,0
2025-12-14 14:59:54.769000+00:00,2.1154,0.0,0.0,0.0,0.0,0.0,0.0,10.0,0.0,1000.0,0.0,0.0,0.0,1000.0,0.0,2.78055,1.0,2.07972,7962.0,8.0,2.60055,0.0,1000.0,0.0,1.55376,1.0,1.13968,4396.0,9.0,1.39974,1000.0,0.0,0.0,2.1154,1.56973,6027.0,10.0,2.0978,1.0,A,0
2025-12-14 14:59:54.771000+00:00,2.05337,0.0,0.0,0.0,0.0,0.0,0.0,10.0,0.0,1000.0,0.0,0.0,0.0,1000.0,0.0,2.69619,1.0,2.87977,7962.0,8.0,2.69821,0.0,1000.0,0.0,1.48888,1.0,1.58999,4396.0,9.0,1.50101,1000.0,0.0,0.0,2.05337,2.1799,6027.0,10.0,2.10142,1.0,A,0
2025-12-14 14:59:55.068000+00:00,2.05337,0.0,0.0,0.0,0.0,0.0,0.0,10.0,0.0,1000.0,0.0,0.0,0.0,1000.0,0.0,2.69619,1.0,2.87977,10174.0,8.0,2.69821,0.0,1000.0,0.0,1.48888,1.0,1.58999,5612.0,9.0,1.50101,1000.0,0.0,0.0,2.05337,2.1799,7741.0,10.0,2.10142,1.0,A,0
2025-12-14 14:59:55.072000+00:00,2.54391,0.0,0.0,0.0,0.0,0.0,0.0,10.0,0.0,1000.0,0.0,0.0,0.0,1000.0,0.0,3.29836,1.0,3.67983,10174.0,8.0,2.70182,0.0,1000.0,0.0,1.84762,1.0,2.0298,5612.0,9.0,1.50101,1000.0,0.0,0.0,2.54391,2.79984,7741.0,10.0,2.10142,1.0,A,0
2025-12-14 14:59:55.367000+00:00,2.54391,0.0,0.0,0.0,0.0,0.0,0.0,10.0,0.0,1000.0,0.0,0.0,0.0,1000.0,0.0,3.29836,1.0,3.67983,12524.0,8.0,2.70182,0.0,1000.0,0.0,1.84762,1.0,2.0298,6912.0,9.0,1.50101,1000.0,0.0,0.0,2.54391,2.79984,9566.0,10.0,2.10142,1.0,A,0
2025-12-14 14:59:55.371000+00:00,2.13141,0.0,0.0,0.0,0.0,0.0,0.0,10.0,0.0,1000.0,0.0,0.0,0.0,1000.0,0.0,2.72485,1.0,4.5298,12524.0,8.0,3.20096,0.0,1000.0,0.0,1.54253,1.0,2.5,6912.0,9.0,1.70356,1000.0,0.0,0.0,2.13141,3.45992,9566.0,10.0,2.49928,1.0,A,0
2025-12-14 14:59:55.668000+00:00,2.13141,0.0,0.0,0.0,0.0,0.0,0.0,10.0,0.0,1000.0,0.0,0.0,0.0,1000.0,0.0,2.72485,1.0,4.5298,14736.0,8.0,3.20096,0.0,1000.0,0.0,1.54253,1.0,2.5,8156.0,9.0,1.70356,1000.0,0.0,0.0,2.13141,3.45992,11252.0,10.0,2.49928,1.0,A,0
2025-12-14 14:59:55.670000+00:00,2.15774,0.0,0.0,0.0,0.0,0.0,0.0,10.0,0.0,1000.0,0.0,0.0,0.0,1000.0,0.0,2.83236,1.0,5.32986,14736.0,8.0,2.59693,0.0,1000.0,0.0,1.56022,1.0,2.94994,8156.0,9.0,1.50101,1000.0,0.0,0.0,2.15774,4.06973,11252.0,10.0,2.0978,1.0,A,0
2025-12-14 14:59:55.968000+00:00,2.15774,0.0,0.0,0.0,0.0,0.0,0.0,10.0,0.0,1000.0,0.0,0.0,0.0,1000.0,0.0,2.83236,1.0,5.32986,16948.0,8.0,2.59693,0.0,1000.0,0.0,1.56022,1.0,2.94994,9372.0,9.0,1.50101,1000.0,0.0,0.0,2.15774,4.06973,12966.0,10.0,2.0978,1.0,A,0
2025-12-14 14:59:55.972000+00:00,2.08269,0.0,0.0,0.0,0.0,0.0,0.0,10.0,0.0,1000.0,0.0,0.0,0.0,1000.0,0.0,2.65439,1.0,6.12992,16948.0,8.0,5.40003,0.0,1000.0,0.0,1.45778,1.0,3.38976,9372.0,9.0,2.99841,1000.0,0.0,0.0,2.08269,4.68967,12966.0,10.0,4.09795,1.0,A,0
2025-12-14 14:59:56.269000+00:00,2.08269,0.0,0.0,0.0,0.0,0.0,0.0,10.0,0.0,1000.0,0.0,0.0,0.0,1000.0,0.0,2.65439,1.0,6.12992,19298.0,8.0,5.40003,0.0,1000.0,0.0,1.45778,1.0,3.38976,10672.0,9.0,2.99841,1000.0,0.0,0.0,2.08269,4.68967,14791.0,10.0,4.09795,1.0,A,0
2025-12-14 14:59:56.271000+00:00,2.42369,0.0,0.0,0.0,0.0,0.0,0.0,10.0,0.0,1000.0,0.0,0.0,0.0,1000.0,0.0,3.13083,1.0,6.97989,19298.0,8.0,2.70182,0.0,1000.0,0.0,1.75783,1.0,3.85995,10672.0,9.0,1.39974,1000.0,0.0,0.0,2.42369,5.34975,14791.0,10.0,2.0978,1.0,A,0
2025-12-14 14:59:56.571000+00:00,2.13045,0.0,0.0,0.0,0.0,0.0,0.0,10.0,0.0,1000.0,0.0,0.0,0.0,1000.0,0.0,2.75844,0.0,7.76982,21482.0,8.0,2.69821,0.0,1000.0,0.0,1.53809,1.0,4.3099,11916.0,9.0,1.50101,1000.0,0.0,0.0,2.13045,5.95992,16478.0,10.0,2.10142,1.0,A,0
2025-12-14 14:59:56.870000+00:00,2.07792,0.0,0.0,0.0,0.0,0.0,0.0,10.0,0.0,1000.0,0.0,0.0,0.0,1000.0,0.0,2.68132,0.0,8.19987,22671.0,8.0,1.60229,0.0,1000.0,0.0,1.45501,1.0,4.77973,13215.0,9.0,1.50101,1000.0,0.0,0.0,2.07792,6.61965,18302.0,10.0,2.00014,1.0,A,0
2025-12-14 14:59:57.169000+00:00,2.07792,0.0,0.0,0.0,0.0,0.0,0.0,10.0,0.0,1000.0,0.0,0.0,0.0,1000.0,0.0,2.68132,0.0,8.19987,22671.0,8.0,1.60229,0.0,1000.0,0.0,1.45501,1.0,4.77973,14515.0,9.0,1.50101,1000.0,0.0,0.0,2.07792,6.61965,20127.0,10.0,2.00014,1.0,A,0
2025-12-14 14:59:57.171000+00:00,3.18536,0.0,0.0,0.0,0.0,0.0,0.0,10.0,0.0,1000.0,0.0,0.0,0.0,1000.0,1.0,0.53545,0.0,8.19987,22671.0,8.0,0.0,0.0,1000.0,0.0,2.31991,1.0,5.24993,14515.0,9.0,1.69994,1000.0,0.0,0.0,3.18536,7.27973,20127.0,10.0,2.49928,1.0,A,0
2025-12-14 14:59:57.470000+00:00,2.42123,0.0,0.0,0.0,0.0,0.0,0.0,10.0,0.0,1000.0,0.0,0.0,0.0,1000.0,1.0,0.13386,0.0,8.19987,22671.0,8.0,0.0,0.0,1000.0,0.0,1.75366,1.0,5.69987,15759.0,9.0,1.50101,1000.0,0.0,0.0,2.42123,7.8899,21814.0,10.0,2.10142,1.0,A,0
2025-12-14 14:59:57.771000+00:00,2.42123,0.0,0.0,0.0,0.0,0.0,0.0,10.0,0.0,1000.0,0.0,0.0,0.0,1000.0,1.0,0.13386,0.0,8.19987,22671.0,8.0,0.0,0.0,1000.0,0.0,1.75366,1.0,5.69987,17058.0,9.0,1.50101,1000.0,0.0,0.0,2.42123,7.8899,23639.0,10.0,2.10142,1.0,A,0
2025-12-14 14:59:57.773000+00:00,2.11427,0.0,0.0,0.0,0.0,0.0,0.0,10.0,0.0,1000.0,0.0,0.0,0.0,1000.0,1.0,0.01673,0.0,8.19987,22671.0,8.0,0.0,0.0,1000.0,0.0,1.48196,1.0,6.1697,17058.0,9.0,1.50101,1000.0,0.0,0.0,2.11427,8.54998,23639.0,10.0,2.00014,1.0,A,0
2025-12-14 14:59:58.069000+00:00,2.11427,0.0,0.0,0.0,0.0,0.0,0.0,10.0,0.0,1000.0,0.0,0.0,0.0,1000.0,1.0,0.01673,0.0,8.19987,22671.0,8.0,0.0,0.0,1000.0,0.0,1.48196,1.0,6.1697,18275.0,9.0,1.50101,1000.0,0.0,0.0,2.11427,8.54998,25353.0,10.0,2.00014,1.0,A,0
2025-12-14 14:59:58.071000+00:00,2.18893,0.0,0.0,0.0,0.0,0.0,0.0,10.0,0.0,1000.0,0.0,0.0,0.0,1000.0,1.0,0.00209,0.0,8.19987,22671.0,8.0,0.0,0.0,1000.0,0.0,1.57278,1.0,6.60988,18275.0,9.0,1.39974,1000.0,0.0,0.0,2.18893,9.16992,25353.0,10.0,2.00014,1.0,A,0
2025-12-14 14:59:58.370000+00:00,3.09805,0.0,0.0,0.0,0.0,0.0,0.0,10.0,0.0,1000.0,0.0,0.0,0.0,1000.0,1.0,0.00052,0.0,8.19987,22671.0,8.0,0.0,0.0,1000.0,0.0,2.24414,1.0,6.90972,19104.0,9.0,1.4974,1000.0,0.0,0.0,3.09805,9.57972,26486.0,10.0,2.09781,1.0,A,0
2025-12-14 14:59:58.668000+00:00,3.09805,0.0,0.0,0.0,0.0,0.0,0.0,10.0,0.0,1000.0,0.0,0.0,0.0,1000.0,1.0,0.00052,0.0,8.19987,22671.0,8.0,0.0,0.0,1000.0,0.0,2.24414,1.0,6.90972,20321.0,9.0,1.4974,1000.0,0.0,0.0,3.09805,9.57972,27648.0,10.0,2.09781,1.0,A,0
2025-12-14 14:59:58.670000+00:00,2.20023,0.0,0.0,0.0,0.0,0.0,0.0,10.0,0.0,1000.0,0.0,0.0,0.0,1000.0,1.0,7e-05,0.0,8.19987,22671.0,8.0,0.0,0.0,1000.0,0.0,1.54281,1.0,7.3499,20321.0,9.0,1.50102,0.0,0.0,0.0,2.20023,10.0,27648.0,10.0,0.10127,0.0,A,0
2025-12-14 14:59:58.969000+00:00,2.20023,0.0,0.0,0.0,0.0,0.0,0.0,10.0,0.0,1000.0,0.0,0.0,0.0,1000.0,1.0,7e-05,0.0,8.19987,22671.0,8.0,0.0,0.0,1000.0,0.0,1.54281,1.0,7.3499,21565.0,9.0,1.50102,0.0,0.0,0.0,2.20023,10.0,27648.0,10.0,0.10127,0.0,A,0
2025-12-14 14:59:58.971000+00:00,0.28769,0.0,0.0,0.0,0.0,0.0,0.0,10.0,0.0,1000.0,0.0,0.0,0.0,1000.0,1.0,1e-05,0.0,8.19987,22671.0,8.0,0.0,0.0,1000.0,0.0,1.50443,1.0,7.79984,21565.0,9.0,1.50102,0.0,1.0,0.0,0.28769,10.0,27648.0,10.0,0.0,0.0,A,0
2025-12-14 14:59:59.270000+00:00,0.07192,0.0,0.0,0.0,0.0,0.0,0.0,10.0,0.0,1000.0,0.0,0.0,0.0,1000.0,1.0,0.0,0.0,8.19987,22671.0,8.0,0.0,0.0,1000.0,0.0,1.60133,1.0,8.26968,22864.0,9.0,1.50101,0.0,1.0,0.0,0.07192,10.0,27648.0,10.0,0.0,0.0,A,0
2025-12-14 14:59:59.569000+00:00,0.07192,0.0,0.0,0.0,0.0,0.0,0.0,10.0,0.0,1000.0,0.0,0.0,0.0,1000.0,1.0,0.0,0.0,8.19987,22671.0,8.0,0.0,0.0,1000.0,0.0,1.60133,1.0,8.26968,24164.0,9.0,1.50101,0.0,1.0,0.0,0.07192,10.0,27648.0,10.0,0.0,0.0,A,0
2025-12-14 14:59:59.571000+00:00,0.00899,0.0,0.0,0.0,0.0,0.0,0.0,10.0,0.0,1000.0,0.0,0.0,0.0,1000.0,1.0,0.0,0.0,8.19987,22671.0,8.0,0.0,0.0,1000.0,0.0,1.91232,0.0,8.73987,24164.0,9.0,1.50102,0.0,1.0,0.0,0.00899,10.0,27648.0,10.0,0.0,0.0,A,0
2025-12-14 14:59:59.869000+00:00,0.00899,0.0,0.0,0.0,0.0,0.0,0.0,10.0,0.0,1000.0,0.0,0.0,0.0,1000.0,1.0,0.0,0.0,8.19987,22671.0,8.0,0.0,0.0,1000.0,0.0,1.91232,0.0,8.73987,24744.0,9.0,1.50102,0.0,1.0,0.0,0.00899,10.0,27648.0,10.0,0.0,0.0,A,0
2025-12-14 14:59:59.871000+00:00,0.00112,0.0,0.0,0.0,0.0,0.0,0.0,10.0,0.0,1000.0,0.0,0.0,0.0,1000.0,1.0,0.0,0.0,8.19987,22671.0,8.0,0.0,0.0,1000.0,0.0,1.10031,0.0,8.94965,24744.0,9.0,0.0,0.0,1.0,0.0,0.00112,10.0,27648.0,10.0,0.0,0.0,A,0
2025-12-14 15:00:00.169000+00:00,0.00112,0.0,0.0,0.0,0.0,0.0,0.0,10.0,0.0,1000.0,0.0,0.0,0.0,1000.0,1.0,0.0,0.0,8.19987,22671.0,5.0,0.0,0.0,1000.0,0.0,1.10031,0.0,8.94965,24744.0,5.0,0.0,0.0,1.0,0.0,0.00112,10.0,27648.0,5.0,0.0,0.0,A,0
2025-12-14 15:00:00.171000+00:00,0.00028,0.0,0.0,0.0,0.0,0.0,0.0,10.0,0.0,1000.0,0.0,0.0,1.0,1000.0,0.0,0.0,0.0,8.19987,22671.0,5.0,0.0,1.0,1000.0,0.0,0.27508,0.0,8.94965,24744.0,5.0,0.0,0.0,0.0,1.0,0.00028,10.0,27648.0,5.0,0.0,0.0,A,0
2025-12-14 15:00:00.468000+00:00,0.00028,0.0,0.0,0.0,0.0,0.0,0.0,10.0,0.0,1000.0,0.0,0.0,1.0,1000.0,0.0,0.0,0.0,8.19987,20763.0,5.0,0.0,1.0,1000.0,0.0,0.27508,0.0,8.94965,23666.0,5.0,0.0,0.0,0.0,1.0,0.00028,10.0,26376.0,5.0,0.0,0.0,A,0
2025-12-14 15:00:00.470000+00:00,-0.25134,0.0,0.0,0.0,0.0,0.0,0.0,10.0,0.0,1000.0,0.0,0.0,1.0,1000.0,0.0,-0.80114,0.0,7.50977,20763.0,5.0,-5.29876,1.0,1000.0,0.0,-0.41411,0.0,8.55975,23666.0,5.0,-3.00203,1000.0,0.0,1.0,-0.25134,9.53993,26376.0,5.0,-4.09795,0.0,A,0
2025-12-14 15:00:00.770000+00:00,-2.06909,0.0,0.0,0.0,0.0,0.0,0.0,10.0,0.0,1000.0,0.0,0.0,1.0,1000.0,0.0,-2.73731,0.0,6.65979,18413.0,5.0,-2.60055,1.0,1000.0,0.0,-1.52746,0.0,8.08992,22367.0,5.0,-1.50101,1000.0,0.0,1.0,-2.06909,8.87985,24551.0,5.0,-2.00014,0.0,A,0
2025-12-14 15:00:01.069000+00:00,-2.06909,0.0,0.0,0.0,0.0,0.0,0.0,10.0,0.0,1000.0,0.0,0.0,1.0,1000.0,0.0,-2.73731,0.0,6.65979,16201.0,5.0,-2.60055,1.0,1000.0,0.0,-1.52746,0.0,8.08992,21150.0,5.0,-1.50101,1000.0,0.0,1.0,-2.06909,8.87985,22837.0,5.0,-2.00014,0.0,A,0
2025-12-14 15:00:01.070000+00:00,-2.14216,0.0,0.0,0.0,0.0,0.0,0.0,10.0,0.0,1000.0,0.0,0.0,1.0,1000.0,0.0,-2.83367,0.0,5.85974,16201.0,5.0,-2.60055,1.0,1000.0,0.0,-1.58177,0.0,7.64974,21150.0,5.0,-1.39974,1000.0,0.0,1.0,-2.14216,8.25991,22837.0,5.0,-2.10142,0.0,A,0
2025-12-14 15:00:01.369000+00:00,-2.05497,0.0,0.0,0.0,0.0,0.0,0.0,10.0,0.0,1000.0,0.0,0.0,0.0,1000.0,0.0,-2.70384,0.0,5.00977,13851.0,5.0,-2.60055,1.0,1000.0,0.0,-1.49664,0.0,7.16978,19823.0,5.0,-1.50101,1000.0,0.0,1.0,-2.05497,7.60995,21040.0,5.0,-2.10142,0.0,A,0
2025-12-14 15:00:01.670000+00:00,-2.2381,0.0,0.0,0.0,0.0,0.0,0.0,10.0,0.0,1000.0,0.0,0.0,0.0,1000.0,0.0,-2.92657,1.0,4.63976,12828.0,5.0,-3.70009,1.0,1000.0,0.0,-1.65002,0.0,6.8797,19021.0,5.0,-2.90075,1000.0,0.0,1.0,-2.2381,7.1998,19906.0,5.0,-4.10156,0.0,A,0
2025-12-14 15:00:01.970000+00:00,-2.2381,0.0,0.0,0.0,0.0,0.0,0.0,10.0,0.0,1000.0,0.0,0.0,0.0,1000.0,0.0,-2.92657,1.0,4.63976,13989.0,5.0,-3.70009,1.0,1000.0,0.0,-1.65002,0.0,6.8797,17722.0,5.0,-2.90075,1000.0,0.0,1.0,-2.2381,7.1998,18081.0,5.0,-4.10156,0.0,A,0
2025-12-14 15:00:01.972000+00:00,-2.31788,0.0,0.0,0.0,0.0,0.0,0.0,10.0,0.0,1000.0,0.0,0.0,0.0,1000.0,0.0,-0.32739,0.0,5.05968,13989.0,5.0,3.19734,1.0,1000.0,0.0,-1.6937,0.0,6.40987,17722.0,5.0,-1.69994,1000.0,0.0,1.0,-2.31788,6.53971,18081.0,5.0,-2.49928,0.0,A,0
2025-12-14 15:00:02.269000+00:00,-2.31788,0.0,0.0,0.0,0.0,0.0,0.0,10.0,0.0,1000.0,0.0,0.0,0.0,1000.0,0.0,-0.32739,0.0,5.05968,14294.0,5.0,3.19734,1.0,1000.0,0.0,-1.6937,0.0,6.40987,16478.0,5.0,-1.69994,1000.0,0.0,1.0,-2.31788,6.53971,16367.0,5.0,-2.49928,0.0,A,0
2025-12-14 15:00:02.272000+00:00,-2.12667,0.0,0.0,0.0,0.0,0.0,0.0,10.0,0.0,1000.0,0.0,0.0,0.0,1000.0,0.0,0.63453,0.0,5.16999,14294.0,5.0,0.0,1.0,1000.0,0.0,-1.54996,0.0,5.95992,16478.0,5.0,-1.4974,1000.0,0.0,1.0,-2.12667,5.91978,16367.0,5.0,-2.10142,0.0,A,0
2025-12-14 15:00:02.568000+00:00,-2.12667,0.0,0.0,0.0,0.0,0.0,0.0,10.0,0.0,1000.0,0.0,0.0,0.0,1000.0,0.0,0.63453,0.0,5.16999,14294.0,5.0,0.0,1.0,1000.0,0.0,-1.54996,0.0,5.95992,15178.0,5.0,-1.4974,1000.0,0.0,1.0,-2.12667,5.91978,14570.0,5.0,-2.10142,0.0,A,0
2025-12-14 15:00:02.570000+00:00,-2.05709,0.0,0.0,0.0,0.0,0.0,0.0,10.0,0.0,1000.0,0.0,0.0,0.0,1000.0,1.0,0.15863,0.0,5.16999,14294.0,5.0,0.0,1.0,1000.0,0.0,-1.51235,0.0,5.48973,15178.0,5.0,-1.39974,1000.0,0.0,0.0,-2.05709,5.26982,14570.0,5.0,-2.0978,0.0,A,0
2025-12-14 15:00:02.870000+00:00,-2.57014,0.0,0.0,0.0,0.0,0.0,0.0,10.0,0.0,1000.0,0.0,0.0,0.0,1000.0,1.0,0.01983,0.0,5.16999,14294.0,5.0,0.0,0.0,1000.0,0.0,-2.31352,0.0,5.04991,13962.0,5.0,-1.39974,1000.0,0.0,0.0,-2.57014,4.97975,13768.0,5.0,0.0,0.0,A,0
2025-12-14 15:00:03.168000+00:00,-2.57014,0.0,0.0,0.0,0.0,0.0,0.0,10.0,0.0,1000.0,0.0,0.0,0.0,1000.0,1.0,0.01983,0.0,5.16999,14294.0,5.0,0.0,0.0,1000.0,0.0,-2.31352,0.0,5.04991,13796.0,5.0,-1.39974,1000.0,0.0,0.0,-2.57014,4.97975,13768.0,5.0,0.0,0.0,A,0
2025-12-14 15:00:03.170000+00:00,-0.32127,0.0,0.0,0.0,0.0,0.0,0.0,10.0,0.0,1000.0,0.0,0.0,0.0,1000.0,1.0,0.00248,0.0,5.16999,14294.0,5.0,0.0,0.0,1000.0,0.0,-0.61426,0.0,4.98987,13796.0,5.0,0.0,1000.0,1.0,0.0,-0.32127,4.97975,13768.0,5.0,0.0,0.0,A,0
2025-12-14 15:00:03.467000+00:00,-0.32127,0.0,0.0,0.0,0.0,0.0,0.0,10.0,0.0,1000.0,0.0,0.0,0.0,1000.0,1.0,0.00248,0.0,5.16999,13851.0,0.0,0.0,0.0,1000.0,0.0,-0.61426,0.0,4.98987,13547.0,0.0,0.0,1000.0,1.0,0.0,-0.32127,4.97975,13575.0,0.0,0.0,0.0,A,0
2025-12-14 15:00:03.469000+00:00,-0.08032,0.0,0.0,0.0,0.0,0.0,0.0,10.0,0.0,1000.0,0.0,0.0,1.0,1000.0,0.0,0.00062,0.0,5.00977,13851.0,0.0,0.0,1.0,1000.0,0.0,-0.15356,0.0,4.89981,13547.0,0.0,0.0,1000.0,0.0,1.0,-0.08032,4.90994,13575.0,0.0,0.0,0.0,A,0
2025-12-14 15:00:03.770000+00:00,-0.08032,0.0,0.0,0.0,0.0,0.0,0.0,10.0,0.0,1000.0,0.0,0.0,1.0,1000.0,0.0,0.00062,0.0,5.00977,11501.0,0.0,0.0,1.0,1000.0,0.0,-0.15356,0.0,4.89981,12220.0,0.0,0.0,1000.0,0.0,1.0,-0.08032,4.90994,11750.0,0.0,0.0,0.0,A,0
2025-12-14 15:00:03.771000+00:00,-1.23527,0.0,0.0,0.0,0.0,0.0,0.0,10.0,0.0,1000.0,0.0,0.0,1.0,1000.0,0.0,-1.7496,0.0,4.15979,11501.0,0.0,-3.20096,1.0,1000.0,0.0,-0.99485,0.0,4.41985,12220.0,0.0,-1.7976,1000.0,0.0,1.0,-1.23527,4.24986,11750.0,0.0,-2.49928,0.0,A,0
2025-12-14 15:00:04.069000+00:00,-2.49228,0.0,0.0,0.0,0.0,0.0,0.0,10.0,0.0,1000.0,0.0,0.0,1.0,1000.0,0.0,-3.24378,0.0,3.35974,9289.0,0.0,-2.60055,1.0,1000.0,0.0,-1.82475,0.0,3.97967,11003.0,0.0,-1.50101,1000.0,0.0,1.0,-2.49228,3.62992,10036.0,0.0,-2.00014,0.0,A,0
2025-12-14 15:00:04.370000+00:00,-2.14759,0.0,0.0,0.0,0.0,0.0,0.0,10.0,0.0,1000.0,0.0,0.0,1.0,1000.0,0.0,-2.8355,0.0,2.50977,6939.0,0.0,-3.09968,1.0,1000.0,0.0,-1.58014,0.0,3.50984,9704.0,0.0,-1.69994,1000.0,0.0,1.0,-2.14759,2.97996,8239.0,0.0,-2.49928,0.0,A,0
2025-12-14 15:00:04.671000+00:00,-2.1316,0.0,0.0,0.0,0.0,0.0,0.0,10.0,0.0,1000.0,0.0,0.0,1.0,1000.0,0.0,-2.76646,0.0,1.97989,5474.0,0.0,-2.60055,1.0,1000.0,0.0,-1.53577,0.0,3.21,8875.0,0.0,-1.4974,1000.0,0.0,1.0,-2.1316,2.55968,7077.0,0.0,-2.10142,0.0,A,0
2025-12-14 15:00:04.969000+00:00,-2.1316,0.0,0.0,0.0,0.0,0.0,0.0,10.0,0.0,1000.0,0.0,0.0,1.0,1000.0,0.0,-2.76646,0.0,1.97989,3124.0,0.0,-2.60055,1.0,1000.0,0.0,-1.53577,0.0,3.21,7575.0,0.0,-1.4974,1000.0,0.0,1.0,-2.1316,2.55968,5280.0,0.0,-2.10142,0.0,A,0
2025-12-14 15:00:04.972000+00:00,-2.05833,0.0,0.0,0.0,0.0,0.0,0.0,10.0,0.0,1000.0,0.0,0.0,1.0,1000.0,0.0,-2.69266,0.0,1.12992,3124.0,0.0,-3.19734,1.0,1000.0,0.0,-1.5088,0.0,2.7398,7575.0,0.0,-1.69994,1000.0,0.0,1.0,-2.05833,1.90972,5280.0,0.0,-2.49928,0.0,A,0
2025-12-14 15:00:05.268000+00:00,-2.05833,0.0,0.0,0.0,0.0,0.0,0.0,10.0,0.0,1000.0,0.0,0.0,1.0,1000.0,0.0,-2.69266,0.0,1.12992,912.0,0.0,-3.19734,1.0,1000.0,0.0,-1.5088,0.0,2.7398,6359.0,0.0,-1.69994,1000.0,0.0,1.0,-2.05833,1.90972,3566.0,0.0,-2.49928,0.0,A,0
2025-12-14 15:00:05.270000+00:00,-2.59426,0.0,0.0,0.0,0.0,0.0,0.0,10.0,0.0,1000.0,0.0,0.0,1.0,1000.0,0.0,-3.36212,0.0,0.32986,912.0,0.0,-2.69821,1.0,1000.0,0.0,-1.9003,0.0,2.29999,6359.0,0.0,-1.39974,1000.0,0.0,1.0,-2.59426,1.28979,3566.0,0.0,-2.10142,0.0,A,0
2025-12-14 15:00:05.569000+00:00,-2.59426,0.0,0.0,0.0,0.0,0.0,0.0,10.0,0.0,1000.0,0.0,0.0,1.0,1000.0,0.0,-3.36212,0.0,0.32986,0.0,0.0,-2.69821,1.0,1000.0,0.0,-1.9003,0.0,2.29999,5031.0,0.0,-1.39974,1000.0,0.0,1.0,-2.59426,1.28979,1741.0,0.0,-2.10142,0.0,A,0
2025-12-14 15:00:05.571000+00:00,-2.33663,0.0,0.0,0.0,0.0,0.0,0.0,10.0,0.0,1000.0,0.0,0.0,0.0,0.0,0.0,-1.73139,0.0,0.0,0.0,0.0,0.0,1.0,1000.0,0.0,-1.68837,0.0,1.81966,5031.0,0.0,-1.50101,1000.0,0.0,1.0,-2.33663,0.6297,1741.0,0.0,-2.10142,0.0,A,0
2025-12-14 15:00:05.868000+00:00,-2.33663,0.0,0.0,0.0,0.0,0.0,0.0,10.0,0.0,1000.0,0.0,0.0,0.0,0.0,0.0,-1.73139,0.0,0.0,0.0,0.0,0.0,1.0,1000.0,0.0,-1.68837,0.0,1.81966,3815.0,0.0,-1.50101,1000.0,0.0,1.0,-2.33663,0.6297,55.0,0.0,-2.10142,0.0,A,0
2025-12-14 15:00:05.870000+00:00,-2.10959,0.0,0.0,0.0,0.0,0.0,0.0,10.0,0.0,1000.0,0.0,0.0,0.0,0.0,1.0,-0.43285,0.0,0.0,0.0,0.0,0.0,1.0,1000.0,0.0,-1.49721,0.0,1.37985,3815.0,0.0,-1.4974,1000.0,0.0,0.0,-2.10959,0.01989,55.0,0.0,-2.0978,0.0,A,0
2025-12-14 15:00:06.170000+00:00,-1.02596,0.0,0.0,0.0,0.0,0.0,0.0,10.0,0.0,1000.0,0.0,0.0,0.0,0.0,1.0,-0.05411,0.0,0.0,0.0,0.0,0.0,1.0,1000.0,0.0,-1.50009,0.0,0.93967,2598.0,0.0,-2.90075,1000.0,0.0,0.0,-1.02596,0.01989,55.0,0.0,0.0,0.0,A,0
2025-12-14 15:00:06.470000+00:00,-0.12824,0.0,0.0,0.0,0.0,0.0,0.0,10.0,0.0,1000.0,0.0,0.0,0.0,0.0,1.0,-0.00676,0.0,0.0,0.0,0.0,0.0,1.0,1000.0,0.0,-1.67496,0.0,0.45971,1271.0,0.0,-1.80122,1000.0,1.0,0.0,-0.12824,0.01989,55.0,0.0,0.0,0.0,A,0
2025-12-14 15:00:06.768000+00:00,-0.12824,0.0,0.0,0.0,0.0,0.0,0.0,10.0,0.0,1000.0,0.0,0.0,0.0,0.0,1.0,-0.00676,0.0,0.0,0.0,0.0,0.0,1.0,1000.0,0.0,-1.67496,0.0,0.45971,55.0,0.0,-1.80122,1000.0,1.0,0.0,-0.12824,0.01989,55.0,0.0,0.0,0.0,A,0
2025-12-14 15:00:06.770000+00:00,-0.03206,0.0,0.0,0.0,0.0,0.0,0.0,10.0,0.0,1000.0,0.0,0.0,0.0,0.0,1.0,-0.00169,0.0,0.0,0.0,0.0,0.0,0.0,1000.0,0.0,-1.56891,0.0,0.01989,55.0,0.0,-1.4974,1000.0,1.0,0.0,-0.03206,0.01989,55.0,0.0,0.0,0.0,A,0
2025-12-14 15:00:07.070000+00:00,-0.00401,0.0,0.0,0.0,0.0,0.0,0.0,10.0,0.0,1000.0,0.0,0.0,0.0,0.0,1.0,-0.00021,0.0,0.0,0.0,0.0,0.0,0.0,0.0,0.0,-0.85801,0.0,0.0,0.0,0.0,0.0,1000.0,1.0,0.0,-0.00401,0.01989,55.0,0.0,0.0,0.0,A,0
2025-12-14 15:00:07.367000+00:00,-0.00401,0.0,0.0,0.0,0.0,0.0,0.0,10.0,0.0,1000.0,0.0,0.0,0.0,0.0,1.0,-0.00021,0.0,0.0,304.0,8.0,0.0,0.0,0.0,0.0,-0.85801,0.0,0.0,110.0,9.0,0.0,1000.0,1.0,0.0,-0.00401,0.01989,138.0,10.0,0.0,0.0,A,0
2025-12-14 15:00:07.369000+00:00,-0.0005,0.0,0.0,0.0,0.0,0.0,0.0,10.0,0.0,1000.0,0.0,0.0,0.0,1000.0,0.0,-3e-05,1.0,0.10995,304.0,8.0,1.09954,0.0,1000.0,0.0,-0.10725,1.0,0.03979,110.0,9.0,0.39786,1000.0,0.0,0.0,-0.0005,0.04991,138.0,10.0,0.3002,1.0,A,0
2025-12-14 15:00:07.669000+00:00,-0.0005,0.0,0.0,0.0,0.0,0.0,0.0,10.0,0.0,1000.0,0.0,0.0,0.0,1000.0,0.0,-3e-05,1.0,0.10995,2515.0,8.0,1.09954,0.0,1000.0,0.0,-0.10725,1.0,0.03979,1354.0,9.0,0.39786,1000.0,0.0,0.0,-0.0005,0.04991,1824.0,10.0,0.3002,1.0,A,0
2025-12-14 15:00:07.671000+00:00,1.075,0.0,0.0,0.0,0.0,0.0,0.0,10.0,0.0,1000.0,0.0,0.0,0.0,1000.0,0.0,1.62398,1.0,0.90965,2515.0,8.0,2.60055,0.0,1000.0,0.0,0.82316,1.0,0.48973,1354.0,9.0,1.50101,1000.0,0.0,0.0,1.075,0.65972,1824.0,10.0,2.0978,1.0,A,0
2025-12-14 15:00:07.968000+00:00,1.075,0.0,0.0,0.0,0.0,0.0,0.0,10.0,0.0,1000.0,0.0,0.0,0.0,1000.0,0.0,1.62398,1.0,0.90965,4147.0,8.0,2.60055,0.0,1000.0,0.0,0.82316,1.0,0.48973,2267.0,9.0,1.50101,1000.0,0.0,0.0,1.075,0.65972,3096.0,10.0,2.0978,1.0,A,0
2025-12-14 15:00:07.972000+00:00,2.14627,0.0,0.0,0.0,0.0,0.0,0.0,10.0,0.0,1000.0,0.0,0.0,0.0,1000.0,0.0,2.8031,1.0,1.49993,4147.0,8.0,2.70182,0.0,1000.0,0.0,1.56548,1.0,0.81995,2267.0,9.0,1.50101,1000.0,0.0,0.0,2.14627,1.11979,3096.0,10.0,2.10142,1.0,A,0
2025-12-14 15:00:08.269000+00:00,2.14627,0.0,0.0,0.0,0.0,0.0,0.0,10.0,0.0,1000.0,0.0,0.0,0.0,1000.0,0.0,2.8031,1.0,1.49993,6497.0,8.0,2.70182,0.0,1000.0,0.0,1.56548,1.0,0.81995,3566.0,9.0,1.50101,1000.0,0.0,0.0,2.14627,1.11979,4893.0,10.0,2.10142,1.0,A,0
2025-12-14 15:00:08.272000+00:00,2.28064,0.0,0.0,0.0,0.0,0.0,0.0,10.0,0.0,1000.0,0.0,0.0,0.0,1000.0,0.0,2.93692,1.0,2.3499,6497.0,8.0,3.19734,0.0,1000.0,0.0,1.63205,1.0,1.28979,3566.0,9.0,1.7976,1000.0,0.0,0.0,2.28064,1.76975,4893.0,10.0,2.49928,1.0,A,0
2025-12-14 15:00:08.568000+00:00,2.28064,0.0,0.0,0.0,0.0,0.0,0.0,10.0,0.0,1000.0,0.0,0.0,0.0,1000.0,0.0,2.93692,1.0,2.3499,8681.0,8.0,3.19734,0.0,1000.0,0.0,1.63205,1.0,1.28979,4783.0,9.0,1.7976,1000.0,0.0,0.0,2.28064,1.76975,6607.0,10.0,2.49928,1.0,A,0
2025-12-14 15:00:08.570000+00:00,3.12098,0.0,0.0,0.0,0.0,0.0,0.0,10.0,0.0,1000.0,0.0,0.0,0.0,1000.0,0.0,4.05906,1.0,3.13983,8681.0,8.0,2.60055,0.0,1000.0,0.0,2.23364,1.0,1.72996,4783.0,9.0,1.50101,1000.0,0.0,0.0,3.12098,2.38968,6607.0,10.0,2.0978,1.0,A,0
2025-12-14 15:00:08.872000+00:00,2.20309,0.0,0.0,0.0,0.0,0.0,0.0,10.0,0.0,1000.0,0.0,0.0,0.0,1000.0,0.0,2.85792,1.0,3.93989,10893.0,8.0,2.60055,0.0,1000.0,0.0,1.59169,1.0,2.1799,6027.0,9.0,1.50101,1000.0,0.0,0.0,2.20309,3.00998,8322.0,10.0,2.10142,1.0,A,0
2025-12-14 15:00:09.168000+00:00,2.20309,0.0,0.0,0.0,0.0,0.0,0.0,10.0,0.0,1000.0,0.0,0.0,0.0,1000.0,0.0,2.85792,1.0,3.93989,13243.0,8.0,2.60055,0.0,1000.0,0.0,1.59169,1.0,2.1799,7326.0,9.0,1.50101,1000.0,0.0,0.0,2.20309,3.00998,10119.0,10.0,2.10142,1.0,A,0
2025-12-14 15:00:09.170000+00:00,2.18827,0.0,0.0,0.0,0.0,0.0,0.0,10.0,0.0,1000.0,0.0,0.0,0.0,1000.0,0.0,2.83165,1.0,4.78986,13243.0,8.0,2.69821,0.0,1000.0,0.0,1.56208,1.0,2.64974,7326.0,9.0,1.50101,1000.0,0.0,0.0,2.18827,3.65994,10119.0,10.0,2.10142,1.0,A,0
2025-12-14 15:00:09.469000+00:00,2.18827,0.0,0.0,0.0,0.0,0.0,0.0,10.0,0.0,1000.0,0.0,0.0,0.0,1000.0,0.0,2.83165,1.0,4.78986,15455.0,8.0,2.69821,0.0,1000.0,0.0,1.56208,1.0,2.64974,8543.0,9.0,1.50101,1000.0,0.0,0.0,2.18827,3.65994,11833.0,10.0,2.10142,1.0,A,0
2025-12-14 15:00:09.473000+00:00,2.096,0.0,0.0,0.0,0.0,0.0,0.0,10.0,0.0,1000.0,0.0,0.0,0.0,1000.0,0.0,2.70715,1.0,5.58992,15455.0,8.0,2.60055,0.0,1000.0,0.0,1.51537,1.0,3.08992,8543.0,9.0,1.39974,1000.0,0.0,0.0,2.096,4.27988,11833.0,10.0,2.00014,1.0,A,0
2025-12-14 15:00:09.769000+00:00,2.096,0.0,0.0,0.0,0.0,0.0,0.0,10.0,0.0,1000.0,0.0,0.0,0.0,1000.0,0.0,2.70715,1.0,5.58992,17667.0,8.0,2.60055,0.0,1000.0,0.0,1.51537,1.0,3.08992,9787.0,9.0,1.39974,1000.0,0.0,0.0,2.096,4.27988,13547.0,10.0,2.00014,1.0,A,0
2025-12-14 15:00:09.771000+00:00,2.58631,0.0,0.0,0.0,0.0,0.0,0.0,10.0,0.0,1000.0,0.0,0.0,0.0,1000.0,0.0,3.31375,1.0,6.38997,17667.0,8.0,2.70182,0.0,1000.0,0.0,1.8645,1.0,3.53986,9787.0,9.0,1.50101,1000.0,0.0,0.0,2.58631,4.89981,13547.0,10.0,2.10142,1.0,A,0
2025-12-14 15:00:10.069000+00:00,2.58631,0.0,0.0,0.0,0.0,0.0,0.0,10.0,0.0,1000.0,0.0,0.0,0.0,1000.0,0.0,3.31375,1.0,6.38997,20017.0,8.0,2.70182,0.0,1000.0,0.0,1.8645,1.0,3.53986,11086.0,9.0,1.50101,1000.0,0.0,0.0,2.58631,4.89981,15344.0,10.0,2.10142,1.0,A,0
2025-12-14 15:00:10.072000+00:00,2.23527,0.0,0.0,0.0,0.0,0.0,0.0,10.0,0.0,1000.0,0.0,0.0,0.0,1000.0,0.0,2.85156,1.0,7.23994,20017.0,8.0,2.60055,0.0,1000.0,0.0,1.59618,1.0,4.00969,11086.0,9.0,1.50101,1000.0,0.0,0.0,2.23527,5.54977,15344.0,10.0,2.0978,1.0,A,0
2025-12-14 15:00:10.370000+00:00,2.23527,0.0,0.0,0.0,0.0,0.0,0.0,10.0,0.0,1000.0,0.0,0.0,0.0,1000.0,0.0,2.85156,1.0,7.23994,22228.0,8.0,2.60055,0.0,1000.0,0.0,1.59618,1.0,4.00969,12303.0,9.0,1.50101,1000.0,0.0,0.0,2.23527,5.54977,17058.0,10.0,2.0978,1.0,A,0
2025-12-14 15:00:10.372000+00:00,2.10956,0.0,0.0,0.0,0.0,0.0,0.0,10.0,0.0,1000.0,0.0,0.0,0.0,1000.0,0.0,2.68862,0.0,8.03964,22228.0,8.0,2.69821,0.0,1000.0,0.0,1.5239,1.0,4.44987,12303.0,9.0,1.39974,1000.0,0.0,0.0,2.10956,6.1697,17058.0,10.0,2.00015,1.0,A,0
2025-12-14 15:00:10.670000+00:00,2.03823,0.0,0.0,0.0,0.0,0.0,0.0,10.0,0.0,1000.0,0.0,0.0,0.0,1000.0,0.0,2.14905,0.0,8.19987,22671.0,8.0,0.0,0.0,1000.0,0.0,1.49121,1.0,4.92983,13630.0,9.0,3.29861,1000.0,0.0,0.0,2.03823,6.82979,18883.0,10.0,4.6007,1.0,A,0
2025-12-14 15:00:10.971000+00:00,2.65981,0.0,0.0,0.0,0.0,0.0,0.0,10.0,0.0,1000.0,0.0,0.0,0.0,1000.0,1.0,0.53726,0.0,8.19987,22671.0,8.0,0.0,0.0,1000.0,0.0,1.89733,1.0,5.39967,14929.0,9.0,1.50101,1000.0,0.0,0.0,2.65981,7.47975,20680.0,10.0,2.10142,1.0,A,0
2025-12-14 15:00:11.269000+00:00,2.24536,0.0,0.0,0.0,0.0,0.0,0.0,10.0,0.0,1000.0,0.0,0.0,0.0,1000.0,1.0,0.06716,0.0,8.19987,22671.0,8.0,0.0,0.0,1000.0,0.0,1.6247,1.0,5.68974,15731.0,9.0,1.39974,1000.0,0.0,0.0,2.24536,7.8899,21814.0,10.0,2.00015,1.0,A,0
2025-12-14 15:00:11.571000+00:00,2.10584,0.0,0.0,0.0,0.0,0.0,0.0,10.0,0.0,1000.0,0.0,0.0,0.0,1000.0,1.0,0.00839,0.0,8.19987,22671.0,8.0,0.0,0.0,1000.0,0.0,1.50381,1.0,6.13968,16975.0,9.0,1.4974,1000.0,0.0,0.0,2.10584,8.50984,23528.0,10.0,2.00015,1.0,A,0
2025-12-14 15:00:11.868000+00:00,2.10584,0.0,0.0,0.0,0.0,0.0,0.0,10.0,0.0,1000.0,0.0,0.0,0.0,1000.0,1.0,0.00839,0.0,8.19987,22671.0,8.0,0.0,0.0,1000.0,0.0,1.50381,1.0,6.13968,18275.0,9.0,1.4974,1000.0,0.0,0.0,2.10584,8.50984,25353.0,10.0,2.00015,1.0,A,0
2025-12-14 15:00:11.870000+00:00,2.0772,0.0,0.0,0.0,0.0,0.0,0.0,10.0,0.0,1000.0,0.0,0.0,0.0,1000.0,1.0,0.0021,0.0,8.19987,22671.0,8.0,0.0,0.0,1000.0,0.0,1.50081,1.0,6.60988,18275.0,9.0,3.20096,1000.0,0.0,0.0,2.0772,9.16992,25353.0,10.0,4.49943,1.0,A,0
2025-12-14 15:00:12.170000+00:00,2.37102,0.0,0.0,0.0,0.0,0.0,0.0,10.0,0.0,1000.0,0.0,0.0,0.0,1000.0,1.0,0.00026,0.0,8.19987,22671.0,8.0,0.0,0.0,1000.0,0.0,1.71167,1.0,7.0497,19491.0,9.0,1.39974,1000.0,0.0,0.0,2.37102,9.77973,27039.0,10.0,2.00014,0.0,A,0
2025-12-14 15:00:12.469000+00:00,2.37102,0.0,0.0,0.0,0.0,0.0,0.0,10.0,0.0,1000.0,0.0,0.0,0.0,1000.0,1.0,0.00026,0.0,8.19987,22671.0,8.0,0.0,0.0,1000.0,0.0,1.71167,1.0,7.0497,20736.0,9.0,1.39974,1000.0,0.0,0.0,2.37102,9.77973,27648.0,10.0,2.00014,0.0,A,0
2025-12-14 15:00:12.473000+00:00,1.12239,0.0,0.0,0.0,0.0,0.0,0.0,10.0,0.0,1000.0,0.0,0.0,0.0,1000.0,1.0,3e-05,0.0,8.19987,22671.0,8.0,0.0,0.0,1000.0,0.0,1.51469,1.0,7.5,20736.0,9.0,1.50101,0.0,0.0,0.0,1.12239,10.0,27648.0,10.0,0.0,0.0,A,0
2025-12-14 15:00:12.768000+00:00,1.12239,0.0,0.0,0.0,0.0,0.0,0.0,10.0,0.0,1000.0,0.0,0.0,0.0,1000.0,1.0,3e-05,0.0,8.19987,22671.0,8.0,0.0,0.0,1000.0,0.0,1.51469,1.0,7.5,22035.0,9.0,1.50101,0.0,0.0,0.0,1.12239,10.0,27648.0,10.0,0.0,0.0,A,0
2025-12-14 15:00:12.771000+00:00,0.2806,0.0,0.0,0.0,0.0,0.0,0.0,10.0,0.0,1000.0,0.0,0.0,0.0,1000.0,1.0,1e-05,0.0,8.19987,22671.0,8.0,0.0,0.0,1000.0,0.0,1.60389,1.0,7.96983,22035.0,9.0,1.4974,0.0,1.0,0.0,0.2806,10.0,27648.0,10.0,0.0,0.0,A,0
2025-12-14 15:00:13.067000+00:00,0.2806,0.0,0.0,0.0,0.0,0.0,0.0,10.0,0.0,1000.0,0.0,0.0,0.0,1000.0,1.0,1e-05,0.0,8.19987,22671.0,8.0,0.0,0.0,1000.0,0.0,1.60389,1.0,7.96983,23334.0,9.0,1.4974,0.0,1.0,0.0,0.2806,10.0,27648.0,10.0,0.0,0.0,A,0
2025-12-14 15:00:13.071000+00:00,0.03507,0.0,0.0,0.0,0.0,0.0,0.0,10.0,0.0,1000.0,0.0,0.0,0.0,1000.0,1.0,0.0,0.0,8.19987,22671.0,8.0,0.0,0.0,1000.0,0.0,2.26212,1.0,8.43967,23334.0,9.0,1.69993,0.0,1.0,0.0,0.03507,10.0,27648.0,10.0,0.0,0.0,A,0
2025-12-14 15:00:13.367000+00:00,0.03507,0.0,0.0,0.0,0.0,0.0,0.0,10.0,0.0,1000.0,0.0,0.0,0.0,1000.0,1.0,0.0,0.0,8.19987,22671.0,8.0,0.0,0.0,1000.0,0.0,2.26212,1.0,8.43967,24662.0,9.0,1.69993,0.0,1.0,0.0,0.03507,10.0,27648.0,10.0,0.0,0.0,A,0
2025-12-14 15:00:13.369000+00:00,0.00877,0.0,0.0,0.0,0.0,0.0,0.0,10.0,0.0,1000.0,0.0,0.0,0.0,1000.0,1.0,0.0,0.0,8.19987,22671.0,8.0,0.0,0.0,1000.0,0.0,1.74102,0.0,8.91999,24662.0,9.0,1.80121,0.0,1.0,0.0,0.00877,10.0,27648.0,10.0,0.0,0.0,A,0
2025-12-14 15:00:13.670000+00:00,0.0011,0.0,0.0,0.0,0.0,0.0,0.0,10.0,0.0,1000.0,0.0,0.0,0.0,1000.0,1.0,0.0,0.0,8.19987,22671.0,8.0,0.0,0.0,1000.0,0.0,1.11642,0.0,8.97967,24827.0,9.0,0.0,0.0,1.0,0.0,0.0011,10.0,27648.0,10.0,0.0,0.0,A,0
2025-12-14 15:00:13.970000+00:00,0.00014,0.0,0.0,0.0,0.0,0.0,0.0,10.0,0.0,1000.0,0.0,0.0,1.0,1000.0,0.0,0.0,0.0,8.08992,22367.0,5.0,0.0,1.0,1000.0,0.0,0.13955,0.0,8.91999,24662.0,5.0,0.0,0.0,0.0,1.0,0.00014,10.0,27648.0,5.0,0.0,0.0,A,0
2025-12-14 15:00:14.269000+00:00,0.00014,0.0,0.0,0.0,0.0,0.0,0.0,10.0,0.0,1000.0,0.0,0.0,1.0,1000.0,0.0,0.0,0.0,8.08992,20017.0,5.0,0.0,1.0,1000.0,0.0,0.13955,0.0,8.91999,23334.0,5.0,0.0,0.0,0.0,1.0,0.00014,10.0,25795.0,5.0,0.0,0.0,A,0
2025-12-14 15:00:14.271000+00:00,-1.30024,0.0,0.0,0.0,0.0,0.0,0.0,10.0,0.0,1000.0,0.0,0.0,1.0,1000.0,0.0,-2.15025,0.0,7.23994,20017.0,5.0,-2.69821,1.0,1000.0,0.0,-1.16411,0.0,8.43967,23334.0,5.0,-1.50102,1000.0,0.0,1.0,-1.30024,9.32979,25795.0,5.0,-2.10141,0.0,A,0
2025-12-14 15:00:14.570000+00:00,-1.97595,0.0,0.0,0.0,0.0,0.0,0.0,10.0,0.0,1000.0,0.0,0.0,1.0,1000.0,0.0,-2.60711,0.0,6.70971,18551.0,5.0,-2.60055,1.0,1000.0,0.0,-1.40826,0.0,8.14996,22533.0,5.0,-1.49739,1000.0,0.0,1.0,-1.97595,8.91999,24662.0,5.0,-1.99653,0.0,A,0
2025-12-14 15:00:14.870000+00:00,-1.97595,0.0,0.0,0.0,0.0,0.0,0.0,10.0,0.0,1000.0,0.0,0.0,1.0,1000.0,0.0,-2.60711,0.0,6.70971,16201.0,5.0,-2.60055,1.0,1000.0,0.0,-1.40826,0.0,8.14996,21206.0,5.0,-1.49739,1000.0,0.0,1.0,-1.97595,8.91999,22837.0,5.0,-1.99653,0.0,A,0
2025-12-14 15:00:14.872000+00:00,-2.07263,0.0,0.0,0.0,0.0,0.0,0.0,10.0,0.0,1000.0,0.0,0.0,1.0,1000.0,0.0,-2.67642,0.0,5.85974,16201.0,5.0,-3.09968,1.0,1000.0,0.0,-1.48897,0.0,7.66999,21206.0,5.0,-1.7976,1000.0,0.0,1.0,-2.07263,8.25991,22837.0,5.0,-2.39799,0.0,A,0
2025-12-14 15:00:15.169000+00:00,-2.07263,0.0,0.0,0.0,0.0,0.0,0.0,10.0,0.0,1000.0,0.0,0.0,1.0,1000.0,0.0,-2.67642,0.0,5.85974,13989.0,5.0,-3.09968,1.0,1000.0,0.0,-1.48897,0.0,7.66999,19989.0,5.0,-1.7976,1000.0,0.0,1.0,-2.07263,8.25991,21123.0,5.0,-2.39799,0.0,A,0
2025-12-14 15:00:15.173000+00:00,-2.16837,0.0,0.0,0.0,0.0,0.0,0.0,10.0,0.0,1000.0,0.0,0.0,0.0,1000.0,0.0,-2.79313,0.0,5.05968,13989.0,5.0,-2.70182,1.0,1000.0,0.0,-1.52332,0.0,7.22982,19989.0,5.0,-1.49739,1000.0,0.0,1.0,-2.16837,7.63997,21123.0,5.0,-2.00015,0.0,A,0
2025-12-14 15:00:15.471000+00:00,-2.16837,0.0,0.0,0.0,0.0,0.0,0.0,10.0,0.0,1000.0,0.0,0.0,0.0,1000.0,0.0,-2.79313,0.0,5.05968,12966.0,5.0,-2.70182,1.0,1000.0,0.0,-1.52332,0.0,7.22982,18772.0,5.0,-1.49739,1000.0,0.0,1.0,-2.16837,7.63997,19436.0,5.0,-2.00015,0.0,A,0
2025-12-14 15:00:15.473000+00:00,-2.59626,0.0,0.0,0.0,0.0,0.0,0.0,10.0,0.0,1000.0,0.0,0.0,0.0,1000.0,0.0,-2.5125,1.0,4.68967,12966.0,5.0,0.0,1.0,1000.0,0.0,-1.82796,0.0,6.78964,18772.0,5.0,-1.50102,1000.0,0.0,1.0,-2.59626,7.0298,19436.0,5.0,-2.00014,0.0,A,0
2025-12-14 15:00:15.770000+00:00,-2.34954,0.0,0.0,0.0,0.0,0.0,0.0,10.0,0.0,1000.0,0.0,0.0,0.0,1000.0,0.0,1.53688,0.0,5.21991,14432.0,5.0,1.09954,1.0,1000.0,0.0,-1.69108,0.0,6.30968,17445.0,5.0,-1.50102,1000.0,0.0,1.0,-2.34954,6.36972,17611.0,5.0,-2.00015,0.0,A,0
2025-12-14 15:00:16.069000+00:00,-2.13632,0.0,0.0,0.0,0.0,0.0,0.0,10.0,0.0,1000.0,0.0,0.0,0.0,1000.0,1.0,0.65911,0.0,5.21991,14432.0,5.0,0.0,1.0,1000.0,0.0,-1.49789,0.0,5.86986,16229.0,5.0,-1.4974,1000.0,0.0,1.0,-2.13632,5.74978,15897.0,5.0,-2.00015,0.0,A,0
2025-12-14 15:00:16.370000+00:00,-2.13632,0.0,0.0,0.0,0.0,0.0,0.0,10.0,0.0,1000.0,0.0,0.0,0.0,1000.0,1.0,0.65911,0.0,5.21991,14432.0,5.0,0.0,1.0,1000.0,0.0,-1.49789,0.0,5.86986,14929.0,5.0,-1.4974,1000.0,0.0,1.0,-2.13632,5.74978,14072.0,5.0,-2.00015,0.0,A,0
2025-12-14 15:00:16.372000+00:00,-2.04249,0.0,0.0,0.0,0.0,0.0,0.0,10.0,0.0,1000.0,0.0,0.0,0.0,1000.0,1.0,0.08239,0.0,5.21991,14432.0,5.0,0.0,1.0,1000.0,0.0,-1.50017,0.0,5.39967,14929.0,5.0,-3.20096,1000.0,0.0,0.0,-2.04249,5.0897,14072.0,5.0,-4.6007,0.0,A,0
2025-12-14 15:00:16.668000+00:00,-2.04249,0.0,0.0,0.0,0.0,0.0,0.0,10.0,0.0,1000.0,0.0,0.0,0.0,1000.0,1.0,0.08239,0.0,5.21991,14432.0,5.0,0.0,1.0,1000.0,0.0,-1.50017,0.0,5.39967,13934.0,5.0,-3.20096,1000.0,0.0,0.0,-2.04249,5.0897,13851.0,5.0,-4.6007,0.0,A,0
2025-12-14 15:00:16.670000+00:00,-1.03023,0.0,0.0,0.0,0.0,0.0,0.0,10.0,0.0,1000.0,0.0,0.0,0.0,1000.0,1.0,0.0103,0.0,5.21991,14432.0,5.0,0.0,0.0,1000.0,0.0,-1.7125,0.0,5.03979,13934.0,5.0,-0.6004,1000.0,0.0,0.0,-1.03023,5.00977,13851.0,5.0,0.0,0.0,A,0
2025-12-14 15:00:16.969000+00:00,-1.03023,0.0,0.0,0.0,0.0,0.0,0.0,10.0,0.0,1000.0,0.0,0.0,0.0,1000.0,1.0,0.0103,0.0,5.21991,14432.0,0.0,0.0,0.0,1000.0,0.0,-1.7125,0.0,5.03979,13934.0,0.0,-0.6004,1000.0,0.0,0.0,-1.03023,5.00977,13851.0,0.0,0.0,0.0,A,0
2025-12-14 15:00:16.972000+00:00,-0.25756,0.0,0.0,0.0,0.0,0.0,0.0,10.0,0.0,1000.0,0.0,0.0,1.0,1000.0,0.0,0.00257,0.0,5.21991,14432.0,0.0,0.0,1.0,1000.0,0.0,-0.57822,0.0,5.03979,13934.0,0.0,0.0,1000.0,0.0,1.0,-0.25756,5.00977,13851.0,0.0,0.0,0.0,A,0
2025-12-14 15:00:17.268000+00:00,-0.25756,0.0,0.0,0.0,0.0,0.0,0.0,10.0,0.0,1000.0,0.0,0.0,1.0,1000.0,0.0,0.00257,0.0,5.21991,13243.0,0.0,0.0,1.0,1000.0,0.0,-0.57822,0.0,5.03979,13298.0,0.0,0.0,1000.0,0.0,1.0,-0.25756,5.00977,13105.0,0.0,0.0,0.0,A,0
2025-12-14 15:00:17.270000+00:00,-0.03219,0.0,0.0,0.0,0.0,0.0,0.0,10.0,0.0,1000.0,0.0,0.0,1.0,1000.0,0.0,0.00032,0.0,4.78986,13243.0,0.0,-1.60229,1.0,1000.0,0.0,-0.07228,0.0,4.80975,13298.0,0.0,-0.90061,1000.0,0.0,1.0,-0.03219,4.73994,13105.0,0.0,-0.69806,0.0,A,0
2025-12-14 15:00:17.570000+00:00,-2.6421,0.0,0.0,0.0,0.0,0.0,0.0,10.0,0.0,1000.0,0.0,0.0,1.0,1000.0,0.0,-3.52417,0.0,3.9898,11031.0,0.0,-2.70182,1.0,1000.0,0.0,-1.97075,0.0,4.35981,12054.0,0.0,-1.50101,1000.0,0.0,1.0,-2.6421,4.11965,11390.0,0.0,-2.10142,0.0,A,0
2025-12-14 15:00:17.871000+00:00,-2.6421,0.0,0.0,0.0,0.0,0.0,0.0,10.0,0.0,1000.0,0.0,0.0,1.0,1000.0,0.0,-3.52417,0.0,3.9898,8681.0,0.0,-2.70182,1.0,1000.0,0.0,-1.97075,0.0,4.35981,10755.0,0.0,-1.50101,1000.0,0.0,1.0,-2.6421,4.11965,9566.0,0.0,-2.10142,0.0,A,0
2025-12-14 15:00:17.874000+00:00,-2.23478,0.0,0.0,0.0,0.0,0.0,0.0,10.0,0.0,1000.0,0.0,0.0,1.0,1000.0,0.0,-2.85677,0.0,3.13983,8681.0,0.0,-3.20096,1.0,1000.0,0.0,-1.56781,0.0,3.88997,10755.0,0.0,-1.80121,1000.0,0.0,1.0,-2.23478,3.45992,9566.0,0.0,-2.40162,0.0,A,0
2025-12-14 15:00:18.169000+00:00,-2.23478,0.0,0.0,0.0,0.0,0.0,0.0,10.0,0.0,1000.0,0.0,0.0,1.0,1000.0,0.0,-2.85677,0.0,3.13983,7216.0,0.0,-3.20096,1.0,1000.0,0.0,-1.56781,0.0,3.88997,9925.0,0.0,-1.80121,1000.0,0.0,1.0,-2.23478,3.45992,8432.0,0.0,-2.40162,0.0,A,0
2025-12-14 15:00:18.171000+00:00,-2.10407,0.0,0.0,0.0,0.0,0.0,0.0,10.0,0.0,1000.0,0.0,0.0,1.0,1000.0,0.0,-2.73204,0.0,2.60995,7216.0,0.0,-2.69821,1.0,1000.0,0.0,-1.54598,0.0,3.58977,9925.0,0.0,-1.50101,1000.0,0.0,1.0,-2.10407,3.04977,8432.0,0.0,-2.10142,0.0,A,0
2025-12-14 15:00:18.470000+00:00,-2.07462,0.0,0.0,0.0,0.0,0.0,0.0,10.0,0.0,1000.0,0.0,0.0,1.0,1000.0,0.0,-2.67983,0.0,1.75998,4866.0,0.0,-2.70182,1.0,1000.0,0.0,-1.48132,0.0,3.11994,8626.0,0.0,-1.50101,1000.0,0.0,1.0,-2.07462,2.38968,6607.0,0.0,-2.0978,0.0,A,0
2025-12-14 15:00:18.770000+00:00,-3.19335,0.0,0.0,0.0,0.0,0.0,0.0,10.0,0.0,1000.0,0.0,0.0,1.0,1000.0,0.0,-4.12048,0.0,0.95992,2654.0,0.0,-2.69821,1.0,1000.0,0.0,-2.2701,0.0,2.67976,7409.0,0.0,-1.50101,1000.0,0.0,1.0,-3.19335,1.77988,4921.0,0.0,-2.00014,0.0,A,0
2025-12-14 15:00:19.069000+00:00,-2.17461,0.0,0.0,0.0,0.0,0.0,0.0,10.0,0.0,1000.0,0.0,0.0,0.0,1000.0,0.0,-2.85338,0.0,0.16999,470.0,0.0,-2.59693,1.0,1000.0,0.0,-1.59534,0.0,2.22982,6165.0,0.0,-1.50101,1000.0,0.0,1.0,-2.17461,1.15994,3207.0,0.0,-2.0978,0.0,A,0
2025-12-14 15:00:19.370000+00:00,-2.0848,0.0,0.0,0.0,0.0,0.0,0.0,10.0,0.0,1000.0,0.0,0.0,0.0,0.0,0.0,-1.10628,0.0,0.0,0.0,0.0,0.0,1.0,1000.0,0.0,-1.48749,0.0,1.78964,4948.0,0.0,-1.50101,1000.0,0.0,1.0,-2.0848,0.54977,1520.0,0.0,-2.10142,0.0,A,0
2025-12-14 15:00:19.670000+00:00,-2.07014,0.0,0.0,0.0,0.0,0.0,0.0,10.0,0.0,1000.0,0.0,0.0,0.0,0.0,1.0,-0.27657,0.0,0.0,0.0,0.0,0.0,1.0,1000.0,0.0,-1.49582,0.0,1.31981,3649.0,0.0,-1.69994,1000.0,0.0,0.0,-2.07014,0.00977,27.0,0.0,-2.50289,0.0,A,0
2025-12-14 15:00:19.969000+00:00,-2.07014,0.0,0.0,0.0,0.0,0.0,0.0,10.0,0.0,1000.0,0.0,0.0,0.0,0.0,1.0,-0.27657,0.0,0.0,0.0,0.0,0.0,1.0,1000.0,0.0,-1.49582,0.0,1.31981,2405.0,0.0,-1.69994,1000.0,0.0,0.0,-2.07014,0.00977,27.0,0.0,-2.50289,0.0,A,0
2025-12-14 15:00:19.972000+00:00,-0.77146,0.0,0.0,0.0,0.0,0.0,0.0,10.0,0.0,1000.0,0.0,0.0,0.0,0.0,1.0,-0.03457,0.0,0.0,0.0,0.0,0.0,1.0,1000.0,0.0,-1.89867,0.0,0.86986,2405.0,0.0,-1.50101,1000.0,0.0,0.0,-0.77146,0.00977,27.0,0.0,0.0,0.0,A,0
2025-12-14 15:00:20.269000+00:00,-0.77146,0.0,0.0,0.0,0.0,0.0,0.0,10.0,0.0,1000.0,0.0,0.0,0.0,0.0,1.0,-0.03457,0.0,0.0,0.0,0.0,0.0,1.0,1000.0,0.0,-1.89867,0.0,0.86986,1105.0,0.0,-1.50101,1000.0,0.0,0.0,-0.77146,0.00977,27.0,0.0,0.0,0.0,A,0
2025-12-14 15:00:20.273000+00:00,-0.09643,0.0,0.0,0.0,0.0,0.0,0.0,10.0,0.0,1000.0,0.0,0.0,0.0,0.0,1.0,-0.00432,0.0,0.0,0.0,0.0,0.0,1.0,1000.0,0.0,-1.5254,0.0,0.39967,1105.0,0.0,-1.50101,1000.0,1.0,0.0,-0.09643,0.00977,27.0,0.0,0.0,0.0,A,0
2025-12-14 15:00:20.568000+00:00,-0.09643,0.0,0.0,0.0,0.0,0.0,0.0,10.0,0.0,1000.0,0.0,0.0,0.0,0.0,1.0,-0.00432,0.0,0.0,0.0,0.0,0.0,1.0,1000.0,0.0,-1.5254,0.0,0.39967,138.0,0.0,-1.50101,1000.0,1.0,0.0,-0.09643,0.00977,27.0,0.0,0.0,0.0,A,0
2025-12-14 15:00:20.570000+00:00,-0.02411,0.0,0.0,0.0,0.0,0.0,0.0,10.0,0.0,1000.0,0.0,0.0,0.0,0.0,1.0,-0.00108,0.0,0.0,0.0,0.0,0.0,0.0,1000.0,0.0,-1.58035,0.0,0.04991,138.0,0.0,-1.39974,1000.0,1.0,0.0,-0.02411,0.00977,27.0,0.0,0.0,0.0,A,0
2025-12-14 15:00:20.870000+00:00,-0.00301,0.0,0.0,0.0,0.0,0.0,0.0,10.0,0.0,1000.0,0.0,0.0,0.0,0.0,0.0,-0.00014,1.0,0.0,0.0,8.0,0.0,0.0,1000.0,0.0,-0.52261,1.0,0.04991,138.0,9.0,0.0,1000.0,0.0,0.0,-0.00301,0.00977,27.0,10.0,0.0,1.0,A,0
2025-12-14 15:00:21.168000+00:00,-0.00301,0.0,0.0,0.0,0.0,0.0,0.0,10.0,0.0,1000.0,0.0,0.0,0.0,0.0,0.0,-0.00014,1.0,0.0,1188.0,8.0,0.0,0.0,1000.0,0.0,-0.52261,1.0,0.04991,774.0,9.0,0.0,1000.0,0.0,0.0,-0.00301,0.00977,801.0,10.0,0.0,1.0,A,0
2025-12-14 15:00:21.172000+00:00,-0.00075,0.0,0.0,0.0,0.0,0.0,0.0,10.0,0.0,1000.0,0.0,0.0,0.0,1000.0,0.0,-3e-05,1.0,0.42969,1188.0,8.0,1.59867,0.0,1000.0,0.0,-0.13065,1.0,0.27995,774.0,9.0,0.90061,1000.0,0.0,0.0,-0.00075,0.28971,801.0,10.0,0.70168,1.0,A,0
2025-12-14 15:00:21.468000+00:00,-0.00075,0.0,0.0,0.0,0.0,0.0,0.0,10.0,0.0,1000.0,0.0,0.0,0.0,1000.0,0.0,-3e-05,1.0,0.42969,3400.0,8.0,1.59867,0.0,1000.0,0.0,-0.13065,1.0,0.27995,2018.0,9.0,0.90061,1000.0,0.0,0.0,-0.00075,0.28971,2488.0,10.0,0.70168,1.0,A,0
2025-12-14 15:00:21.471000+00:00,1.61214,0.0,0.0,0.0,0.0,0.0,0.0,10.0,0.0,1000.0,0.0,0.0,0.0,1000.0,0.0,2.22529,1.0,1.22975,3400.0,8.0,2.69821,0.0,1000.0,0.0,1.19488,1.0,0.72989,2018.0,9.0,1.50101,1000.0,0.0,0.0,1.61214,0.89988,2488.0,10.0,2.10142,1.0,A,0
2025-12-14 15:00:21.768000+00:00,1.61214,0.0,0.0,0.0,0.0,0.0,0.0,10.0,0.0,1000.0,0.0,0.0,0.0,1000.0,0.0,2.22529,1.0,1.22975,4866.0,8.0,2.69821,0.0,1000.0,0.0,1.19488,1.0,0.72989,2820.0,9.0,1.50101,1000.0,0.0,0.0,1.61214,0.89988,3621.0,10.0,2.10142,1.0,A,0
2025-12-14 15:00:21.772000+00:00,2.01313,0.0,0.0,0.0,0.0,0.0,0.0,10.0,0.0,1000.0,0.0,0.0,0.0,1000.0,0.0,2.61649,1.0,2.07972,4866.0,8.0,2.60055,0.0,1000.0,0.0,1.41211,1.0,1.19973,2820.0,9.0,1.50101,1000.0,0.0,0.0,2.01313,1.55997,3621.0,10.0,2.00014,1.0,A,0
2025-12-14 15:00:22.069000+00:00,2.25477,0.0,0.0,0.0,0.0,0.0,0.0,10.0,0.0,1000.0,0.0,0.0,0.0,1000.0,0.0,2.90293,1.0,2.60995,7216.0,8.0,5.30237,0.0,1000.0,0.0,1.62708,1.0,1.49993,4147.0,9.0,3.00202,1000.0,0.0,0.0,2.25477,1.96976,5446.0,10.0,4.09795,1.0,A,0
2025-12-14 15:00:22.368000+00:00,2.25477,0.0,0.0,0.0,0.0,0.0,0.0,10.0,0.0,1000.0,0.0,0.0,0.0,1000.0,0.0,2.90293,1.0,2.60995,9427.0,8.0,5.30237,0.0,1000.0,0.0,1.62708,1.0,1.49993,5363.0,9.0,3.00202,1000.0,0.0,0.0,2.25477,1.96976,7160.0,10.0,4.09795,1.0,A,0
2025-12-14 15:00:22.371000+00:00,2.31952,0.0,0.0,0.0,0.0,0.0,0.0,10.0,0.0,1000.0,0.0,0.0,0.0,1000.0,0.0,3.05113,1.0,3.40965,9427.0,8.0,2.59693,0.0,1000.0,0.0,1.67727,1.0,1.93974,5363.0,9.0,1.50101,1000.0,0.0,0.0,2.31952,2.5897,7160.0,10.0,2.0978,1.0,A,0
2025-12-14 15:00:22.671000+00:00,2.20147,0.0,0.0,0.0,0.0,0.0,0.0,10.0,0.0,1000.0,0.0,0.0,0.0,1000.0,0.0,2.85716,1.0,4.25998,11778.0,8.0,2.60055,0.0,1000.0,0.0,1.54746,1.0,2.40994,6663.0,9.0,1.50101,1000.0,0.0,0.0,2.20147,3.24978,8985.0,10.0,2.10142,1.0,A,0
2025-12-14 15:00:22.970000+00:00,2.07579,0.0,0.0,0.0,0.0,0.0,0.0,10.0,0.0,1000.0,0.0,0.0,0.0,1000.0,0.0,2.71353,1.0,5.05968,13989.0,8.0,2.60055,0.0,1000.0,0.0,1.51082,1.0,2.85988,7907.0,9.0,1.50101,1000.0,0.0,0.0,2.07579,3.85995,10672.0,10.0,2.10142,1.0,A,0
2025-12-14 15:00:23.269000+00:00,3.2719,0.0,0.0,0.0,0.0,0.0,0.0,10.0,0.0,1000.0,0.0,0.0,0.0,1000.0,0.0,4.2902,1.0,5.90965,16339.0,8.0,2.59693,0.0,1000.0,0.0,2.35221,1.0,3.32972,9206.0,9.0,1.4974,1000.0,0.0,0.0,3.2719,4.51968,12496.0,10.0,2.0978,1.0,A,0
2025-12-14 15:00:23.570000+00:00,2.22196,0.0,0.0,0.0,0.0,0.0,0.0,10.0,0.0,1000.0,0.0,0.0,0.0,1000.0,0.0,2.83662,1.0,6.70971,18551.0,8.0,2.69821,0.0,1000.0,0.0,1.55632,1.0,3.76989,10423.0,9.0,1.50101,1000.0,0.0,0.0,2.22196,5.13997,14211.0,10.0,2.10142,1.0,A,0
2025-12-14 15:00:23.868000+00:00,2.22196,0.0,0.0,0.0,0.0,0.0,0.0,10.0,0.0,1000.0,0.0,0.0,0.0,1000.0,0.0,2.83662,1.0,6.70971,20763.0,8.0,2.69821,0.0,1000.0,0.0,1.55632,1.0,3.76989,11667.0,9.0,1.50101,1000.0,0.0,0.0,2.22196,5.13997,15897.0,10.0,2.10142,1.0,A,0
2025-12-14 15:00:23.871000+00:00,2.08092,0.0,0.0,0.0,0.0,0.0,0.0,10.0,0.0,1000.0,0.0,0.0,0.0,1000.0,0.0,2.68398,1.0,7.50977,20763.0,8.0,2.70182,0.0,1000.0,0.0,1.51484,1.0,4.21983,11667.0,9.0,1.4974,1000.0,0.0,0.0,2.08092,5.74978,15897.0,10.0,2.0978,1.0,A,0
2025-12-14 15:00:24.169000+00:00,2.27201,0.0,0.0,0.0,0.0,0.0,0.0,10.0,0.0,1000.0,0.0,0.0,0.0,1000.0,0.0,2.94826,0.0,8.19987,22671.0,8.0,2.60055,0.0,1000.0,0.0,1.60175,1.0,4.68967,12966.0,9.0,1.50101,1000.0,0.0,0.0,2.27201,6.40987,17722.0,10.0,2.00015,1.0,A,0
2025-12-14 15:00:24.470000+00:00,2.60831,0.0,0.0,0.0,0.0,0.0,0.0,10.0,0.0,1000.0,0.0,0.0,0.0,1000.0,1.0,0.96848,0.0,8.19987,22671.0,8.0,0.0,0.0,1000.0,0.0,1.83732,1.0,5.12985,14183.0,9.0,1.50101,1000.0,0.0,0.0,2.60831,7.0298,19436.0,10.0,2.10142,1.0,A,0
2025-12-14 15:00:24.769000+00:00,2.60831,0.0,0.0,0.0,0.0,0.0,0.0,10.0,0.0,1000.0,0.0,0.0,0.0,1000.0,1.0,0.96848,0.0,8.19987,22671.0,8.0,0.0,0.0,1000.0,0.0,1.83732,1.0,5.12985,15510.0,9.0,1.50101,1000.0,0.0,0.0,2.60831,7.0298,21233.0,10.0,2.10142,1.0,A,0
2025-12-14 15:00:24.770000+00:00,2.1775,0.0,0.0,0.0,0.0,0.0,0.0,10.0,0.0,1000.0,0.0,0.0,0.0,1000.0,1.0,0.24212,0.0,8.19987,22671.0,8.0,0.0,0.0,1000.0,0.0,1.58509,1.0,5.60981,15510.0,9.0,1.7976,1000.0,0.0,0.0,2.1775,7.67976,21233.0,10.0,2.49928,1.0,A,0
2025-12-14 15:00:25.069000+00:00,2.1775,0.0,0.0,0.0,0.0,0.0,0.0,10.0,0.0,1000.0,0.0,0.0,0.0,1000.0,1.0,0.24212,0.0,8.19987,22671.0,8.0,0.0,0.0,1000.0,0.0,1.58509,1.0,5.60981,16727.0,9.0,1.7976,1000.0,0.0,0.0,2.1775,7.67976,22947.0,10.0,2.49928,1.0,A,0
2025-12-14 15:00:25.071000+00:00,2.13534,0.0,0.0,0.0,0.0,0.0,0.0,10.0,0.0,1000.0,0.0,0.0,0.0,1000.0,1.0,0.03027,0.0,8.19987,22671.0,8.0,0.0,0.0,1000.0,0.0,1.49796,1.0,6.04999,16727.0,9.0,1.50101,1000.0,0.0,0.0,2.13534,8.2997,22947.0,10.0,2.00015,1.0,A,0
2025-12-14 15:00:25.368000+00:00,2.13534,0.0,0.0,0.0,0.0,0.0,0.0,10.0,0.0,1000.0,0.0,0.0,0.0,1000.0,1.0,0.03027,0.0,8.19987,22671.0,8.0,0.0,0.0,1000.0,0.0,1.49796,1.0,6.04999,17528.0,9.0,1.50101,1000.0,0.0,0.0,2.13534,8.2997,24081.0,10.0,2.00015,1.0,A,0
2025-12-14 15:00:25.371000+00:00,2.04146,0.0,0.0,0.0,0.0,0.0,0.0,10.0,0.0,1000.0,0.0,0.0,0.0,1000.0,1.0,0.00378,0.0,8.19987,22671.0,8.0,0.0,0.0,1000.0,0.0,1.49882,1.0,6.3397,17528.0,9.0,1.4974,1000.0,0.0,0.0,2.04146,8.70985,24081.0,10.0,2.00014,1.0,A,0
2025-12-14 15:00:25.669000+00:00,2.04146,0.0,0.0,0.0,0.0,0.0,0.0,10.0,0.0,1000.0,0.0,0.0,0.0,1000.0,1.0,0.00378,0.0,8.19987,22671.0,8.0,0.0,0.0,1000.0,0.0,1.49882,1.0,6.3397,18855.0,9.0,1.4974,1000.0,0.0,0.0,2.04146,8.70985,25906.0,10.0,2.00014,1.0,A,0
2025-12-14 15:00:25.671000+00:00,2.66061,0.0,0.0,0.0,0.0,0.0,0.0,10.0,0.0,1000.0,0.0,0.0,0.0,1000.0,1.0,0.00095,0.0,8.19987,22671.0,8.0,0.0,0.0,1000.0,0.0,1.92545,1.0,6.81966,18855.0,9.0,1.49739,1000.0,0.0,0.0,2.66061,9.36994,25906.0,10.0,2.10141,1.0,A,0
2025-12-14 15:00:25.971000+00:00,2.14419,0.0,0.0,0.0,0.0,0.0,0.0,10.0,0.0,1000.0,0.0,0.0,0.0,1000.0,1.0,0.00012,0.0,8.19987,22671.0,8.0,0.0,0.0,1000.0,0.0,1.50298,1.0,7.25984,20072.0,9.0,1.50101,1000.0,0.0,0.0,2.14419,9.97974,27592.0,10.0,2.00014,0.0,A,0
2025-12-14 15:00:26.268000+00:00,2.14419,0.0,0.0,0.0,0.0,0.0,0.0,10.0,0.0,1000.0,0.0,0.0,0.0,1000.0,1.0,0.00012,0.0,8.19987,22671.0,8.0,0.0,0.0,1000.0,0.0,1.50298,1.0,7.25984,21371.0,9.0,1.50101,1000.0,0.0,0.0,2.14419,9.97974,27648.0,10.0,2.00014,0.0,A,0
2025-12-14 15:00:26.269000+00:00,0.56868,0.0,0.0,0.0,0.0,0.0,0.0,10.0,0.0,1000.0,0.0,0.0,0.0,1000.0,1.0,1e-05,0.0,8.19987,22671.0,8.0,0.0,0.0,1000.0,0.0,1.49945,1.0,7.72967,21371.0,9.0,1.49739,0.0,0.0,0.0,0.56868,10.0,27648.0,10.0,0.0,0.0,A,0
2025-12-14 15:00:26.572000+00:00,0.14217,0.0,0.0,0.0,0.0,0.0,0.0,10.0,0.0,1000.0,0.0,0.0,0.0,1000.0,1.0,0.0,0.0,8.19987,22671.0,8.0,0.0,0.0,1000.0,0.0,1.55035,1.0,8.17998,22616.0,9.0,3.00202,0.0,1.0,0.0,0.14217,10.0,27648.0,10.0,0.0,0.0,A,0
2025-12-14 15:00:26.871000+00:00,0.01777,0.0,0.0,0.0,0.0,0.0,0.0,10.0,0.0,1000.0,0.0,0.0,0.0,1000.0,1.0,0.0,0.0,8.19987,22671.0,8.0,0.0,0.0,1000.0,0.0,1.64327,1.0,8.61979,23832.0,9.0,1.50102,0.0,1.0,0.0,0.01777,10.0,27648.0,10.0,0.0,0.0,A,0
2025-12-14 15:00:27.168000+00:00,0.01777,0.0,0.0,0.0,0.0,0.0,0.0,10.0,0.0,1000.0,0.0,0.0,0.0,1000.0,1.0,0.0,0.0,8.19987,22671.0,8.0,0.0,0.0,1000.0,0.0,1.64327,1.0,8.61979,24910.0,9.0,1.50102,0.0,1.0,0.0,0.01777,10.0,27648.0,10.0,0.0,0.0,A,0
2025-12-14 15:00:27.171000+00:00,0.00222,0.0,0.0,0.0,0.0,0.0,0.0,10.0,0.0,1000.0,0.0,0.0,0.0,1000.0,1.0,0.0,0.0,8.19987,22671.0,8.0,0.0,0.0,1000.0,0.0,1.66709,0.0,9.00969,24910.0,9.0,1.7976,0.0,1.0,0.0,0.00222,10.0,27648.0,10.0,0.0,0.0,A,0
2025-12-14 15:00:27.467000+00:00,0.00222,0.0,0.0,0.0,0.0,0.0,0.0,10.0,0.0,1000.0,0.0,0.0,0.0,1000.0,1.0,0.0,0.0,8.19987,22671.0,5.0,0.0,0.0,1000.0,0.0,1.66709,0.0,9.00969,24910.0,5.0,1.7976,0.0,1.0,0.0,0.00222,10.0,27648.0,5.0,0.0,0.0,A,0
2025-12-14 15:00:27.471000+00:00,0.00056,0.0,0.0,0.0,0.0,0.0,0.0,10.0,0.0,1000.0,0.0,0.0,1.0,1000.0,0.0,0.0,0.0,8.19987,22671.0,5.0,0.0,1.0,1000.0,0.0,0.56687,0.0,9.00969,24910.0,5.0,0.0,0.0,0.0,1.0,0.00056,10.0,27648.0,5.0,0.0,0.0,A,0
2025-12-14 15:00:27.770000+00:00,0.00056,0.0,0.0,0.0,0.0,0.0,0.0,10.0,0.0,1000.0,0.0,0.0,1.0,1000.0,0.0,0.0,0.0,8.19987,21482.0,5.0,0.0,1.0,1000.0,0.0,0.56687,0.0,9.00969,24247.0,5.0,0.0,0.0,0.0,1.0,0.00056,10.0,26929.0,5.0,0.0,0.0,A,0
2025-12-14 15:00:27.774000+00:00,-0.05057,0.0,0.0,0.0,0.0,0.0,0.0,10.0,0.0,1000.0,0.0,0.0,1.0,1000.0,0.0,-0.54977,0.0,7.76982,21482.0,5.0,-3.20096,1.0,1000.0,0.0,-0.22934,0.0,8.76989,24247.0,5.0,-1.7976,1000.0,0.0,1.0,-0.05057,9.73994,26929.0,5.0,-2.49928,0.0,A,0
2025-12-14 15:00:28.068000+00:00,-0.05057,0.0,0.0,0.0,0.0,0.0,0.0,10.0,0.0,1000.0,0.0,0.0,1.0,1000.0,0.0,-0.54977,0.0,7.76982,19270.0,5.0,-3.20096,1.0,1000.0,0.0,-0.22934,0.0,8.76989,23030.0,5.0,-1.7976,1000.0,0.0,1.0,-0.05057,9.73994,25214.0,5.0,-2.49928,0.0,A,0
2025-12-14 15:00:28.071000+00:00,-1.84416,0.0,0.0,0.0,0.0,0.0,0.0,10.0,0.0,1000.0,0.0,0.0,1.0,1000.0,0.0,-2.46808,0.0,6.96976,19270.0,5.0,-2.69821,1.0,1000.0,0.0,-1.37913,0.0,8.32972,23030.0,5.0,-1.50102,1000.0,0.0,1.0,-1.84416,9.11965,25214.0,5.0,-2.00015,0.0,A,0
2025-12-14 15:00:28.369000+00:00,-1.84416,0.0,0.0,0.0,0.0,0.0,0.0,10.0,0.0,1000.0,0.0,0.0,1.0,1000.0,0.0,-2.46808,0.0,6.96976,17086.0,5.0,-2.69821,1.0,1000.0,0.0,-1.37913,0.0,8.32972,21786.0,5.0,-1.50102,1000.0,0.0,1.0,-1.84416,9.11965,23528.0,5.0,-2.00015,0.0,A,0
2025-12-14 15:00:28.372000+00:00,-1.98466,0.0,0.0,0.0,0.0,0.0,0.0,10.0,0.0,1000.0,0.0,0.0,1.0,1000.0,0.0,-2.59275,0.0,6.17983,17086.0,5.0,-2.69821,1.0,1000.0,0.0,-1.44342,0.0,7.87977,21786.0,5.0,-1.50101,1000.0,0.0,1.0,-1.98466,8.50984,23528.0,5.0,-2.10142,0.0,A,0
2025-12-14 15:00:28.668000+00:00,-1.98466,0.0,0.0,0.0,0.0,0.0,0.0,10.0,0.0,1000.0,0.0,0.0,1.0,1000.0,0.0,-2.59275,0.0,6.17983,14736.0,5.0,-2.69821,1.0,1000.0,0.0,-1.44342,0.0,7.87977,20487.0,5.0,-1.50101,1000.0,0.0,1.0,-1.98466,8.50984,21703.0,5.0,-2.10142,0.0,A,0
2025-12-14 15:00:28.670000+00:00,-2.26043,0.0,0.0,0.0,0.0,0.0,0.0,10.0,0.0,1000.0,0.0,0.0,1.0,1000.0,0.0,-2.91199,0.0,5.32986,14736.0,5.0,-2.69821,1.0,1000.0,0.0,-1.64391,0.0,7.40994,20487.0,5.0,-1.39974,1000.0,0.0,1.0,-2.26043,7.84975,21703.0,5.0,-2.10142,0.0,A,0
2025-12-14 15:00:28.967000+00:00,-2.26043,0.0,0.0,0.0,0.0,0.0,0.0,10.0,0.0,1000.0,0.0,0.0,1.0,1000.0,0.0,-2.91199,0.0,5.32986,12801.0,5.0,-2.69821,1.0,1000.0,0.0,-1.64391,0.0,7.40994,19270.0,5.0,-1.39974,1000.0,0.0,1.0,-2.26043,7.84975,19989.0,5.0,-2.10142,0.0,A,0
2025-12-14 15:00:28.971000+00:00,-3.13944,0.0,0.0,0.0,0.0,0.0,0.0,10.0,0.0,1000.0,0.0,0.0,0.0,1000.0,0.0,-4.05373,1.0,4.62999,12801.0,5.0,-2.6982,1.0,1000.0,0.0,-2.26012,0.0,6.96976,19270.0,5.0,-1.50101,1000.0,0.0,1.0,-3.13944,7.22982,19989.0,5.0,-2.00014,0.0,A,0
2025-12-14 15:00:29.268000+00:00,-3.13944,0.0,0.0,0.0,0.0,0.0,0.0,10.0,0.0,1000.0,0.0,0.0,0.0,1000.0,0.0,-4.05373,1.0,4.62999,13243.0,5.0,-2.6982,1.0,1000.0,0.0,-2.26012,0.0,6.96976,18358.0,5.0,-1.50101,1000.0,0.0,1.0,-3.13944,7.22982,18745.0,5.0,-2.00014,0.0,A,0
2025-12-14 15:00:29.270000+00:00,-2.16787,0.0,0.0,0.0,0.0,0.0,0.0,10.0,0.0,1000.0,0.0,0.0,0.0,1000.0,0.0,-1.24366,0.0,5.05968,13243.0,5.0,1.59867,1.0,1000.0,0.0,-1.57058,0.0,6.4898,18358.0,5.0,-1.7976,1000.0,0.0,1.0,-2.16787,6.57986,18745.0,5.0,-2.49928,0.0,A,0
2025-12-14 15:00:29.570000+00:00,-2.13414,0.0,0.0,0.0,0.0,0.0,0.0,10.0,0.0,1000.0,0.0,0.0,0.0,1000.0,0.0,1.27051,0.0,5.16999,14294.0,5.0,0.0,1.0,1000.0,0.0,-1.54678,0.0,6.19973,17141.0,5.0,-1.39974,1000.0,0.0,1.0,-2.13414,6.15994,17031.0,5.0,-2.0978,0.0,A,0
2025-12-14 15:00:29.871000+00:00,-2.05806,0.0,0.0,0.0,0.0,0.0,0.0,10.0,0.0,1000.0,0.0,0.0,0.0,1000.0,1.0,0.31763,0.0,5.16999,14294.0,5.0,0.0,1.0,1000.0,0.0,-1.48533,0.0,5.71976,15814.0,5.0,-1.50101,1000.0,0.0,1.0,-2.05806,5.50998,15234.0,5.0,-2.10142,0.0,A,0
2025-12-14 15:00:30.168000+00:00,-2.05806,0.0,0.0,0.0,0.0,0.0,0.0,10.0,0.0,1000.0,0.0,0.0,0.0,1000.0,1.0,0.31763,0.0,5.16999,14294.0,5.0,0.0,1.0,1000.0,0.0,-1.48533,0.0,5.71976,14598.0,5.0,-1.50101,1000.0,0.0,1.0,-2.05806,5.50998,13741.0,5.0,-2.10142,0.0,A,0
2025-12-14 15:00:30.172000+00:00,-2.64486,0.0,0.0,0.0,0.0,0.0,0.0,10.0,0.0,1000.0,0.0,0.0,0.0,1000.0,1.0,0.0397,0.0,5.16999,14294.0,5.0,0.0,0.0,1000.0,0.0,-1.92404,0.0,5.27995,14598.0,5.0,-1.4974,1000.0,0.0,0.0,-2.64486,4.96998,13741.0,5.0,-1.29847,0.0,A,0
2025-12-14 15:00:30.468000+00:00,-2.64486,0.0,0.0,0.0,0.0,0.0,0.0,10.0,0.0,1000.0,0.0,0.0,0.0,1000.0,1.0,0.0397,0.0,5.16999,14294.0,5.0,0.0,0.0,1000.0,0.0,-1.92404,0.0,5.27995,13934.0,5.0,-1.4974,1000.0,0.0,0.0,-2.64486,4.96998,13741.0,5.0,-1.29847,0.0,A,0
2025-12-14 15:00:30.472000+00:00,-0.49292,0.0,0.0,0.0,0.0,0.0,0.0,10.0,0.0,1000.0,0.0,0.0,0.0,1000.0,1.0,0.00496,0.0,5.16999,14294.0,5.0,0.0,0.0,1000.0,0.0,-1.25324,0.0,5.03979,13934.0,5.0,0.0,1000.0,1.0,0.0,-0.49292,4.96998,13741.0,5.0,0.0,0.0,A,0
2025-12-14 15:00:30.769000+00:00,-0.49292,0.0,0.0,0.0,0.0,0.0,0.0,10.0,0.0,1000.0,0.0,0.0,0.0,1000.0,1.0,0.00496,0.0,5.16999,14294.0,0.0,0.0,0.0,1000.0,0.0,-1.25324,0.0,5.03979,13934.0,0.0,0.0,1000.0,1.0,0.0,-0.49292,4.96998,13741.0,0.0,0.0,0.0,A,0
2025-12-14 15:00:30.771000+00:00,-0.12323,0.0,0.0,0.0,0.0,0.0,0.0,10.0,0.0,1000.0,0.0,0.0,1.0,1000.0,0.0,0.00124,0.0,5.16999,14294.0,0.0,0.0,1.0,1000.0,0.0,-0.31331,0.0,5.03979,13934.0,0.0,0.0,1000.0,0.0,1.0,-0.12323,4.96998,13741.0,0.0,0.0,0.0,A,0
2025-12-14 15:00:31.068000+00:00,-0.12323,0.0,0.0,0.0,0.0,0.0,0.0,10.0,0.0,1000.0,0.0,0.0,1.0,1000.0,0.0,0.00124,0.0,5.16999,12386.0,0.0,0.0,1.0,1000.0,0.0,-0.31331,0.0,5.03979,12883.0,0.0,0.0,1000.0,0.0,1.0,-0.12323,4.96998,12413.0,0.0,0.0,0.0,A,0
2025-12-14 15:00:31.070000+00:00,-0.1655,0.0,0.0,0.0,0.0,0.0,0.0,10.0,0.0,1000.0,0.0,0.0,1.0,1000.0,0.0,-0.55142,0.0,4.47989,12386.0,0.0,-5.79789,1.0,1000.0,0.0,-0.33937,0.0,4.65965,12883.0,0.0,-3.20096,1000.0,0.0,1.0,-0.1655,4.48966,12413.0,0.0,-4.50304,0.0,A,0
2025-12-14 15:00:31.370000+00:00,-2.1325,0.0,0.0,0.0,0.0,0.0,0.0,10.0,0.0,1000.0,0.0,0.0,1.0,1000.0,0.0,-2.81822,0.0,3.67983,10174.0,0.0,-2.60055,1.0,1000.0,0.0,-1.5674,0.0,4.21983,11667.0,0.0,-1.39974,1000.0,0.0,1.0,-2.1325,3.87985,10727.0,0.0,-2.00015,0.0,A,0
2025-12-14 15:00:31.669000+00:00,-2.1325,0.0,0.0,0.0,0.0,0.0,0.0,10.0,0.0,1000.0,0.0,0.0,1.0,1000.0,0.0,-2.81822,0.0,3.67983,7824.0,0.0,-2.60055,1.0,1000.0,0.0,-1.5674,0.0,4.21983,10340.0,0.0,-1.39974,1000.0,0.0,1.0,-2.1325,3.87985,8902.0,0.0,-2.00015,0.0,A,0
2025-12-14 15:00:31.673000+00:00,-2.08387,0.0,0.0,0.0,0.0,0.0,0.0,10.0,0.0,1000.0,0.0,0.0,1.0,1000.0,0.0,-2.7056,0.0,2.82986,7824.0,0.0,-2.59693,1.0,1000.0,0.0,-1.49229,0.0,3.73987,10340.0,0.0,-1.4974,1000.0,0.0,1.0,-2.08387,3.21976,8902.0,0.0,-2.0978,0.0,A,0
2025-12-14 15:00:31.969000+00:00,-2.08387,0.0,0.0,0.0,0.0,0.0,0.0,10.0,0.0,1000.0,0.0,0.0,1.0,1000.0,0.0,-2.7056,0.0,2.82986,5612.0,0.0,-2.59693,1.0,1000.0,0.0,-1.49229,0.0,3.73987,9123.0,0.0,-1.4974,1000.0,0.0,1.0,-2.08387,3.21976,7188.0,0.0,-2.0978,0.0,A,0
2025-12-14 15:00:31.971000+00:00,-2.17201,0.0,0.0,0.0,0.0,0.0,0.0,10.0,0.0,1000.0,0.0,0.0,1.0,1000.0,0.0,-2.81397,0.0,2.0298,5612.0,0.0,-2.59693,1.0,1000.0,0.0,-1.57452,0.0,3.2997,9123.0,0.0,-1.39974,1000.0,0.0,1.0,-2.17201,2.59983,7188.0,0.0,-2.00014,0.0,A,0
2025-12-14 15:00:32.270000+00:00,-2.09375,0.0,0.0,0.0,0.0,0.0,0.0,10.0,0.0,1000.0,0.0,0.0,1.0,1000.0,0.0,-4.3014,0.0,1.17983,3262.0,0.0,-5.89916,1.0,1000.0,0.0,-2.39634,0.0,2.82986,7824.0,0.0,-3.29861,1000.0,0.0,1.0,-3.29659,1.93974,5363.0,0.0,-4.49942,0.0,A,0
2025-12-14 15:00:32.568000+00:00,-2.09375,0.0,0.0,0.0,0.0,0.0,0.0,10.0,0.0,1000.0,0.0,0.0,1.0,1000.0,0.0,-4.3014,0.0,1.17983,1797.0,0.0,-5.89916,1.0,1000.0,0.0,-2.39634,0.0,2.82986,6994.0,0.0,-3.29861,1000.0,0.0,1.0,-3.29659,1.93974,4230.0,0.0,-4.49942,0.0,A,0
2025-12-14 15:00:32.572000+00:00,-2.34957,0.0,0.0,0.0,0.0,0.0,0.0,10.0,0.0,1000.0,0.0,0.0,1.0,1000.0,0.0,-3.0764,0.0,0.64996,1797.0,0.0,-2.59693,1.0,1000.0,0.0,-1.69953,0.0,2.52966,6994.0,0.0,-1.50101,1000.0,0.0,1.0,-2.34957,1.52995,4230.0,0.0,-2.0978,0.0,A,0
2025-12-14 15:00:32.869000+00:00,-2.3074,0.0,0.0,0.0,0.0,0.0,0.0,10.0,0.0,1000.0,0.0,0.0,0.0,0.0,0.0,-2.9851,0.0,0.0,0.0,0.0,-0.59679,1.0,1000.0,0.0,-1.62439,0.0,2.05982,5695.0,0.0,-1.50101,1000.0,0.0,1.0,-2.3074,0.87999,2433.0,0.0,-1.99653,0.0,A,0
2025-12-14 15:00:33.170000+00:00,-2.3074,0.0,0.0,0.0,0.0,0.0,0.0,10.0,0.0,1000.0,0.0,0.0,0.0,0.0,0.0,-2.9851,0.0,0.0,0.0,0.0,-0.59679,1.0,1000.0,0.0,-1.62439,0.0,2.05982,4451.0,0.0,-1.50101,1000.0,0.0,1.0,-2.3074,0.87999,718.0,0.0,-1.99653,0.0,A,0
2025-12-14 15:00:33.171000+00:00,-2.12669,0.0,0.0,0.0,0.0,0.0,0.0,10.0,0.0,1000.0,0.0,0.0,0.0,0.0,0.0,-0.89547,0.0,0.0,0.0,0.0,0.0,1.0,1000.0,0.0,-1.53186,0.0,1.60988,4451.0,0.0,-1.4974,1000.0,0.0,0.0,-2.12669,0.25969,718.0,0.0,-2.10142,0.0,A,0
2025-12-14 15:00:33.471000+00:00,-2.27819,0.0,0.0,0.0,0.0,0.0,0.0,10.0,0.0,1000.0,0.0,0.0,0.0,0.0,1.0,-0.11193,0.0,0.0,0.0,0.0,0.0,1.0,1000.0,0.0,-2.35439,0.0,1.13968,3151.0,0.0,-1.50101,1000.0,0.0,0.0,-2.27819,0.00977,27.0,0.0,0.0,0.0,A,0
2025-12-14 15:00:33.769000+00:00,-2.27819,0.0,0.0,0.0,0.0,0.0,0.0,10.0,0.0,1000.0,0.0,0.0,0.0,0.0,1.0,-0.11193,0.0,0.0,0.0,0.0,0.0,1.0,1000.0,0.0,-2.35439,0.0,1.13968,1852.0,0.0,-1.50101,1000.0,0.0,0.0,-2.27819,0.00977,27.0,0.0,0.0,0.0,A,0
2025-12-14 15:00:33.773000+00:00,-0.28477,0.0,0.0,0.0,0.0,0.0,0.0,10.0,0.0,1000.0,0.0,0.0,0.0,0.0,1.0,-0.01399,0.0,0.0,0.0,0.0,0.0,1.0,1000.0,0.0,-1.55614,0.0,0.66985,1852.0,0.0,-1.80122,1000.0,1.0,0.0,-0.28477,0.00977,27.0,0.0,0.0,0.0,A,0
2025-12-14 15:00:34.069000+00:00,-0.28477,0.0,0.0,0.0,0.0,0.0,0.0,10.0,0.0,1000.0,0.0,0.0,0.0,0.0,1.0,-0.01399,0.0,0.0,0.0,0.0,0.0,1.0,1000.0,0.0,-1.55614,0.0,0.66985,608.0,0.0,-1.80122,1000.0,1.0,0.0,-0.28477,0.00977,27.0,0.0,0.0,0.0,A,0
2025-12-14 15:00:34.071000+00:00,-0.07119,0.0,0.0,0.0,0.0,0.0,0.0,10.0,0.0,1000.0,0.0,0.0,0.0,0.0,1.0,-0.0035,0.0,0.0,0.0,0.0,0.0,0.0,1000.0,0.0,-1.58985,0.0,0.21991,608.0,0.0,-1.50101,1000.0,1.0,0.0,-0.07119,0.00977,27.0,0.0,0.0,0.0,A,0
2025-12-14 15:00:34.368000+00:00,-0.07119,0.0,0.0,0.0,0.0,0.0,0.0,10.0,0.0,1000.0,0.0,0.0,0.0,0.0,1.0,-0.0035,0.0,0.0,0.0,0.0,0.0,0.0,1000.0,0.0,-1.58985,0.0,0.21991,0.0,0.0,-1.50101,1000.0,1.0,0.0,-0.07119,0.00977,27.0,0.0,0.0,0.0,A,0
2025-12-14 15:00:34.372000+00:00,-0.0089,0.0,0.0,0.0,0.0,0.0,0.0,10.0,0.0,1000.0,0.0,0.0,0.0,0.0,1.0,-0.00044,0.0,0.0,0.0,0.0,0.0,0.0,0.0,0.0,-1.46058,0.0,0.0,0.0,0.0,-0.79934,1000.0,1.0,0.0,-0.0089,0.00977,27.0,0.0,0.0,0.0,A,0
2025-12-14 15:00:34.668000+00:00,-0.0089,0.0,0.0,0.0,0.0,0.0,0.0,10.0,0.0,1000.0,0.0,0.0,0.0,0.0,1.0,-0.00044,0.0,0.0,0.0,8.0,0.0,0.0,0.0,0.0,-1.46058,0.0,0.0,0.0,9.0,-0.79934,1000.0,1.0,0.0,-0.0089,0.00977,27.0,10.0,0.0,0.0,A,0
2025-12-14 15:00:34.670000+00:00,-0.00111,0.0,0.0,0.0,0.0,0.0,0.0,10.0,0.0,1000.0,0.0,0.0,0.0,0.0,0.0,-5e-05,1.0,0.0,0.0,8.0,0.0,0.0,0.0,0.0,-0.28249,1.0,0.0,0.0,9.0,0.0,1000.0,0.0,0.0,-0.00111,0.00977,27.0,10.0,0.0,1.0,A,0
2025-12-14 15:00:34.970000+00:00,0.35056,0.0,0.0,0.0,0.0,0.0,0.0,10.0,0.0,1000.0,0.0,0.0,0.0,1000.0,0.0,0.79932,1.0,0.69987,1935.0,8.0,2.79948,0.0,1000.0,0.0,0.32904,1.0,0.37977,1050.0,9.0,1.4974,1000.0,0.0,0.0,0.35056,0.48973,1354.0,10.0,2.0978,1.0,A,0
2025-12-14 15:00:35.268000+00:00,0.35056,0.0,0.0,0.0,0.0,0.0,0.0,10.0,0.0,1000.0,0.0,0.0,0.0,1000.0,0.0,0.79932,1.0,0.69987,3566.0,8.0,2.79948,0.0,1000.0,0.0,0.32904,1.0,0.37977,1963.0,9.0,1.4974,1000.0,0.0,0.0,0.35056,0.48973,2626.0,10.0,2.0978,1.0,A,0
2025-12-14 15:00:35.272000+00:00,1.85679,0.0,0.0,0.0,0.0,0.0,0.0,10.0,0.0,1000.0,0.0,0.0,0.0,1000.0,0.0,2.44909,1.0,1.54984,3566.0,8.0,3.20095,0.0,1000.0,0.0,1.35406,1.0,0.84997,1963.0,9.0,1.80122,1000.0,0.0,0.0,1.85679,1.14981,2626.0,10.0,2.49928,1.0,A,0
2025-12-14 15:00:35.569000+00:00,2.08909,0.0,0.0,0.0,0.0,0.0,0.0,10.0,0.0,1000.0,0.0,0.0,0.0,1000.0,0.0,2.71279,1.0,2.07972,5750.0,8.0,2.69821,0.0,1000.0,0.0,1.48869,1.0,1.14981,3179.0,9.0,1.4974,1000.0,0.0,0.0,2.08909,1.55997,4313.0,10.0,2.10142,1.0,A,0
2025-12-14 15:00:35.869000+00:00,2.64874,0.0,0.0,0.0,0.0,0.0,0.0,10.0,0.0,1000.0,0.0,0.0,0.0,1000.0,0.0,3.47766,1.0,2.93981,8128.0,8.0,2.69821,0.0,1000.0,0.0,1.89869,1.0,1.61965,4478.0,9.0,1.4974,1000.0,0.0,0.0,2.64874,2.21969,6137.0,10.0,2.0978,1.0,A,0
2025-12-14 15:00:36.169000+00:00,2.64874,0.0,0.0,0.0,0.0,0.0,0.0,10.0,0.0,1000.0,0.0,0.0,0.0,1000.0,0.0,3.47766,1.0,2.93981,10478.0,8.0,2.69821,0.0,1000.0,0.0,1.89869,1.0,1.61965,5806.0,9.0,1.4974,1000.0,0.0,0.0,2.64874,2.21969,7962.0,10.0,2.0978,1.0,A,0
2025-12-14 15:00:36.173000+00:00,2.11874,0.0,0.0,0.0,0.0,0.0,0.0,10.0,0.0,1000.0,0.0,0.0,0.0,1000.0,0.0,2.77122,1.0,3.78979,10478.0,8.0,3.20096,0.0,1000.0,0.0,1.55027,1.0,2.09997,5806.0,9.0,1.80122,1000.0,0.0,0.0,2.11874,2.87977,7962.0,10.0,2.49928,1.0,A,0
2025-12-14 15:00:36.470000+00:00,2.11874,0.0,0.0,0.0,0.0,0.0,0.0,10.0,0.0,1000.0,0.0,0.0,0.0,1000.0,0.0,2.77122,1.0,3.78979,12662.0,8.0,3.20096,0.0,1000.0,0.0,1.55027,1.0,2.09997,7022.0,9.0,1.80122,1000.0,0.0,0.0,2.11874,2.87977,9649.0,10.0,2.49928,1.0,A,0
2025-12-14 15:00:36.471000+00:00,2.15458,0.0,0.0,0.0,0.0,0.0,0.0,10.0,0.0,1000.0,0.0,0.0,0.0,1000.0,0.0,2.79332,1.0,4.57972,12662.0,8.0,2.69821,0.0,1000.0,0.0,1.53774,1.0,2.53979,7022.0,9.0,1.4974,1000.0,0.0,0.0,2.15458,3.48994,9649.0,10.0,2.10142,1.0,A,0
2025-12-14 15:00:36.769000+00:00,2.15458,0.0,0.0,0.0,0.0,0.0,0.0,10.0,0.0,1000.0,0.0,0.0,0.0,1000.0,0.0,2.79332,1.0,4.57972,15012.0,8.0,2.69821,0.0,1000.0,0.0,1.53774,1.0,2.53979,8322.0,9.0,1.4974,1000.0,0.0,0.0,2.15458,3.48994,11473.0,10.0,2.10142,1.0,A,0
2025-12-14 15:00:36.771000+00:00,2.08094,0.0,0.0,0.0,0.0,0.0,0.0,10.0,0.0,1000.0,0.0,0.0,0.0,1000.0,0.0,2.68749,1.0,5.42969,15012.0,8.0,5.79789,0.0,1000.0,0.0,1.50515,1.0,3.00998,8322.0,9.0,3.20096,1000.0,0.0,0.0,2.08094,4.14967,11473.0,10.0,4.49942,1.0,A,0
2025-12-14 15:00:37.072000+00:00,2.34797,0.0,0.0,0.0,0.0,0.0,0.0,10.0,0.0,1000.0,0.0,0.0,0.0,1000.0,0.0,3.08523,1.0,6.28979,17390.0,8.0,3.20096,0.0,1000.0,0.0,1.71312,1.0,3.48994,9649.0,9.0,1.80121,1000.0,0.0,0.0,2.34797,4.80975,13298.0,10.0,2.49928,1.0,A,0
2025-12-14 15:00:37.368000+00:00,2.34797,0.0,0.0,0.0,0.0,0.0,0.0,10.0,0.0,1000.0,0.0,0.0,0.0,1000.0,0.0,3.08523,1.0,6.28979,19574.0,8.0,3.20096,0.0,1000.0,0.0,1.71312,1.0,3.48994,10865.0,9.0,1.80121,1000.0,0.0,0.0,2.34797,4.80975,14985.0,10.0,2.49928,1.0,A,0
2025-12-14 15:00:37.370000+00:00,2.21188,0.0,0.0,0.0,0.0,0.0,0.0,10.0,0.0,1000.0,0.0,0.0,0.0,1000.0,0.0,2.87182,1.0,7.07972,19574.0,8.0,2.6982,0.0,1000.0,0.0,1.57845,1.0,3.92976,10865.0,9.0,1.4974,1000.0,0.0,0.0,2.21188,5.41992,14985.0,10.0,2.10142,1.0,A,0
2025-12-14 15:00:37.671000+00:00,2.0881,0.0,0.0,0.0,0.0,0.0,0.0,10.0,0.0,1000.0,0.0,0.0,0.0,1000.0,0.0,2.6973,0.0,7.87977,21786.0,8.0,2.60055,0.0,1000.0,0.0,1.51024,1.0,4.36994,12082.0,9.0,1.39974,1000.0,0.0,0.0,2.0881,6.03986,16699.0,10.0,2.10142,1.0,A,0
2025-12-14 15:00:37.968000+00:00,2.0881,0.0,0.0,0.0,0.0,0.0,0.0,10.0,0.0,1000.0,0.0,0.0,0.0,1000.0,0.0,2.6973,0.0,7.87977,22975.0,8.0,2.60055,0.0,1000.0,0.0,1.51024,1.0,4.36994,12994.0,9.0,1.39974,1000.0,0.0,0.0,2.0881,6.03986,17943.0,10.0,2.10142,1.0,A,0
2025-12-14 15:00:37.971000+00:00,2.04745,0.0,0.0,0.0,0.0,0.0,0.0,10.0,0.0,1000.0,0.0,0.0,1.0,1000.0,0.0,2.67357,0.0,8.30982,22975.0,8.0,4.30049,0.0,1000.0,0.0,1.478,1.0,4.6998,12994.0,9.0,3.29861,1000.0,0.0,0.0,2.04745,6.4898,17943.0,10.0,4.49942,1.0,A,0
2025-12-14 15:00:38.268000+00:00,2.04745,0.0,0.0,0.0,0.0,0.0,0.0,10.0,0.0,1000.0,0.0,0.0,1.0,1000.0,0.0,2.67357,0.0,8.30982,21648.0,8.0,4.30049,0.0,1000.0,0.0,1.478,1.0,4.6998,14294.0,9.0,3.29861,1000.0,0.0,0.0,2.04745,6.4898,19768.0,10.0,4.49942,1.0,A,0
2025-12-14 15:00:38.270000+00:00,2.34379,0.0,0.0,0.0,0.0,0.0,0.0,10.0,0.0,1000.0,0.0,0.0,0.0,1000.0,0.0,0.07243,0.0,7.82986,21648.0,8.0,-3.20096,0.0,1000.0,0.0,1.6722,1.0,5.16999,14294.0,9.0,1.80122,1000.0,0.0,0.0,2.34379,7.14988,19768.0,10.0,2.49928,1.0,A,0
2025-12-14 15:00:38.569000+00:00,2.1299,0.0,0.0,0.0,0.0,0.0,0.0,10.0,0.0,1000.0,0.0,0.0,0.0,1000.0,0.0,-0.66595,0.0,7.71991,21344.0,8.0,0.0,0.0,1000.0,0.0,1.55903,1.0,5.60981,15510.0,9.0,1.39974,1000.0,0.0,0.0,2.1299,7.76982,21482.0,10.0,2.10142,1.0,A,0
2025-12-14 15:00:38.868000+00:00,2.1299,0.0,0.0,0.0,0.0,0.0,0.0,10.0,0.0,1000.0,0.0,0.0,0.0,1000.0,0.0,-0.66595,0.0,7.71991,21344.0,8.0,0.0,0.0,1000.0,0.0,1.55903,1.0,5.60981,16837.0,9.0,1.39974,1000.0,0.0,0.0,2.1299,7.76982,23279.0,10.0,2.10142,1.0,A,0
2025-12-14 15:00:38.873000+00:00,2.0579,0.0,0.0,0.0,0.0,0.0,0.0,10.0,0.0,1000.0,0.0,0.0,0.0,1000.0,1.0,-0.16649,0.0,7.71991,21344.0,8.0,0.0,0.0,1000.0,0.0,1.4902,1.0,6.08977,16837.0,9.0,1.7976,1000.0,0.0,0.0,2.0579,8.41978,23279.0,10.0,2.49928,1.0,A,0
2025-12-14 15:00:39.171000+00:00,3.12046,0.0,0.0,0.0,0.0,0.0,0.0,10.0,0.0,1000.0,0.0,0.0,0.0,1000.0,1.0,-0.02081,0.0,7.71991,21344.0,8.0,0.0,0.0,1000.0,0.0,2.2366,1.0,6.52995,18054.0,9.0,1.50101,1000.0,0.0,0.0,3.12046,9.03971,24993.0,10.0,2.0978,1.0,A,0
2025-12-14 15:00:39.469000+00:00,3.12046,0.0,0.0,0.0,0.0,0.0,0.0,10.0,0.0,1000.0,0.0,0.0,0.0,1000.0,1.0,-0.02081,0.0,7.71991,21344.0,8.0,0.0,0.0,1000.0,0.0,2.2366,1.0,6.52995,19270.0,9.0,1.50101,1000.0,0.0,0.0,3.12046,9.03971,26707.0,10.0,2.0978,1.0,A,0
2025-12-14 15:00:39.471000+00:00,2.17771,0.0,0.0,0.0,0.0,0.0,0.0,10.0,0.0,1000.0,0.0,0.0,0.0,1000.0,1.0,-0.0026,0.0,7.71991,21344.0,8.0,0.0,0.0,1000.0,0.0,1.59206,1.0,6.96976,19270.0,9.0,1.39974,1000.0,0.0,0.0,2.17771,9.65965,26707.0,10.0,2.09781,1.0,A,0
2025-12-14 15:00:39.768000+00:00,2.17771,0.0,0.0,0.0,0.0,0.0,0.0,10.0,0.0,1000.0,0.0,0.0,0.0,1000.0,1.0,-0.0026,0.0,7.71991,21344.0,8.0,0.0,0.0,1000.0,0.0,1.59206,1.0,6.96976,20597.0,9.0,1.39974,1000.0,0.0,0.0,2.17771,9.65965,27648.0,10.0,2.09781,1.0,A,0
2025-12-14 15:00:39.770000+00:00,2.06895,0.0,0.0,0.0,0.0,0.0,0.0,10.0,0.0,1000.0,0.0,0.0,0.0,1000.0,1.0,-0.00065,0.0,7.71991,21344.0,8.0,0.0,0.0,1000.0,0.0,1.49846,1.0,7.44973,20597.0,9.0,1.50101,0.0,0.0,0.0,2.06895,10.0,27648.0,10.0,1.40336,0.0,A,0
2025-12-14 15:00:40.070000+00:00,2.06895,0.0,0.0,0.0,0.0,0.0,0.0,10.0,0.0,1000.0,0.0,0.0,0.0,1000.0,1.0,-0.00065,0.0,7.71991,21344.0,8.0,0.0,0.0,1000.0,0.0,1.49846,1.0,7.44973,21814.0,9.0,1.50101,0.0,0.0,0.0,2.06895,10.0,27648.0,10.0,1.40336,0.0,A,0
2025-12-14 15:00:40.071000+00:00,0.43404,0.0,0.0,0.0,0.0,0.0,0.0,10.0,0.0,1000.0,0.0,0.0,0.0,1000.0,1.0,-8e-05,0.0,7.71991,21344.0,8.0,0.0,0.0,1000.0,0.0,1.5242,1.0,7.8899,21814.0,9.0,1.50101,0.0,1.0,0.0,0.43404,10.0,27648.0,10.0,0.0,0.0,A,0
2025-12-14 15:00:40.368000+00:00,0.43404,0.0,0.0,0.0,0.0,0.0,0.0,10.0,0.0,1000.0,0.0,0.0,0.0,1000.0,1.0,-8e-05,0.0,7.71991,21344.0,8.0,0.0,0.0,1000.0,0.0,1.5242,1.0,7.8899,23113.0,9.0,1.50101,0.0,1.0,0.0,0.43404,10.0,27648.0,10.0,0.0,0.0,A,0
2025-12-14 15:00:40.370000+00:00,0.10851,0.0,0.0,0.0,0.0,0.0,0.0,10.0,0.0,1000.0,0.0,0.0,0.0,1000.0,1.0,-2e-05,0.0,7.71991,21344.0,8.0,0.0,0.0,1000.0,0.0,2.40561,1.0,8.35974,23113.0,9.0,1.50102,0.0,1.0,0.0,0.10851,10.0,27648.0,10.0,0.0,0.0,A,0
2025-12-14 15:00:40.669000+00:00,0.10851,0.0,0.0,0.0,0.0,0.0,0.0,10.0,0.0,1000.0,0.0,0.0,0.0,1000.0,1.0,-2e-05,0.0,7.71991,21344.0,8.0,0.0,0.0,1000.0,0.0,2.40561,1.0,8.35974,23943.0,9.0,1.50102,0.0,1.0,0.0,0.10851,10.0,27648.0,10.0,0.0,0.0,A,0
2025-12-14 15:00:40.672000+00:00,0.01356,0.0,0.0,0.0,0.0,0.0,0.0,10.0,0.0,1000.0,0.0,0.0,0.0,1000.0,1.0,-0.0,0.0,7.71991,21344.0,8.0,0.0,0.0,1000.0,0.0,1.58877,0.0,8.80968,23943.0,9.0,1.50101,0.0,1.0,0.0,0.01356,10.0,27648.0,10.0,0.0,0.0,A,0
2025-12-14 15:00:40.970000+00:00,0.0017,0.0,0.0,0.0,0.0,0.0,0.0,10.0,0.0,1000.0,0.0,0.0,0.0,1000.0,1.0,-0.0,0.0,7.71991,21344.0,8.0,0.0,0.0,1000.0,0.0,1.61054,0.0,9.03971,24993.0,9.0,0.6004,0.0,1.0,0.0,0.0017,10.0,27648.0,10.0,0.0,0.0,A,0
2025-12-14 15:00:41.270000+00:00,0.0017,0.0,0.0,0.0,0.0,0.0,0.0,10.0,0.0,1000.0,0.0,0.0,0.0,1000.0,1.0,-0.0,0.0,7.71991,21344.0,5.0,0.0,0.0,1000.0,0.0,1.61054,0.0,9.03971,24993.0,5.0,0.6004,0.0,1.0,0.0,0.0017,10.0,27648.0,5.0,0.0,0.0,A,0
2025-12-14 15:00:41.272000+00:00,0.00042,0.0,0.0,0.0,0.0,0.0,0.0,10.0,0.0,1000.0,0.0,0.0,1.0,1000.0,0.0,-0.0,0.0,7.71991,21344.0,5.0,0.0,1.0,1000.0,0.0,0.55274,0.0,9.03971,24993.0,5.0,0.0,0.0,0.0,1.0,0.00042,10.0,27648.0,5.0,0.0,0.0,A,0
2025-12-14 15:00:41.568000+00:00,0.00042,0.0,0.0,0.0,0.0,0.0,0.0,10.0,0.0,1000.0,0.0,0.0,1.0,1000.0,0.0,-0.0,0.0,7.71991,20183.0,5.0,0.0,1.0,1000.0,0.0,0.55274,0.0,9.03971,24357.0,5.0,0.0,0.0,0.0,1.0,0.00042,10.0,26929.0,5.0,0.0,0.0,A,0
2025-12-14 15:00:41.571000+00:00,-0.25132,0.0,0.0,0.0,0.0,0.0,0.0,10.0,0.0,1000.0,0.0,0.0,1.0,1000.0,0.0,-0.80114,0.0,7.29999,20183.0,5.0,-2.59693,1.0,1000.0,0.0,-0.38121,0.0,8.80968,24357.0,5.0,-1.39974,1000.0,0.0,1.0,-0.25132,9.73994,26929.0,5.0,-2.09781,0.0,A,0
2025-12-14 15:00:41.870000+00:00,-1.84439,0.0,0.0,0.0,0.0,0.0,0.0,10.0,0.0,1000.0,0.0,0.0,1.0,1000.0,0.0,-2.44932,0.0,6.49993,17971.0,5.0,-2.60055,1.0,1000.0,0.0,-1.34747,0.0,8.35974,23113.0,5.0,-1.50102,1000.0,0.0,1.0,-1.84439,9.11965,25214.0,5.0,-2.10141,0.0,A,0
2025-12-14 15:00:42.170000+00:00,-1.84439,0.0,0.0,0.0,0.0,0.0,0.0,10.0,0.0,1000.0,0.0,0.0,1.0,1000.0,0.0,-2.44932,0.0,6.49993,15621.0,5.0,-2.60055,1.0,1000.0,0.0,-1.34747,0.0,8.35974,21814.0,5.0,-1.50102,1000.0,0.0,1.0,-1.84439,9.11965,23417.0,5.0,-2.10141,0.0,A,0
2025-12-14 15:00:42.172000+00:00,-1.98471,0.0,0.0,0.0,0.0,0.0,0.0,10.0,0.0,1000.0,0.0,0.0,1.0,1000.0,0.0,-2.61338,0.0,5.64996,15621.0,5.0,-3.20096,1.0,1000.0,0.0,-1.41199,0.0,7.8899,21814.0,5.0,-1.80121,1000.0,0.0,1.0,-1.98471,8.46969,23417.0,5.0,-2.5029,0.0,A,0
2025-12-14 15:00:42.469000+00:00,-1.98471,0.0,0.0,0.0,0.0,0.0,0.0,10.0,0.0,1000.0,0.0,0.0,1.0,1000.0,0.0,-2.61338,0.0,5.64996,13409.0,5.0,-3.20096,1.0,1000.0,0.0,-1.41199,0.0,7.8899,20597.0,5.0,-1.80121,1000.0,0.0,1.0,-1.98471,8.46969,21703.0,5.0,-2.5029,0.0,A,0
2025-12-14 15:00:42.473000+00:00,-2.10989,0.0,0.0,0.0,0.0,0.0,0.0,10.0,0.0,1000.0,0.0,0.0,0.0,1000.0,0.0,-2.72694,0.0,4.8499,13409.0,5.0,-5.29875,1.0,1000.0,0.0,-1.52651,0.0,7.44973,20597.0,5.0,-2.90075,1000.0,0.0,1.0,-2.10989,7.84975,21703.0,5.0,-4.10157,0.0,A,0
2025-12-14 15:00:42.769000+00:00,-2.10989,0.0,0.0,0.0,0.0,0.0,0.0,10.0,0.0,1000.0,0.0,0.0,0.0,1000.0,0.0,-2.72694,0.0,4.8499,13409.0,5.0,-5.29875,1.0,1000.0,0.0,-1.52651,0.0,7.44973,19270.0,5.0,-2.90075,1000.0,0.0,1.0,-2.10989,7.84975,19878.0,5.0,-4.10157,0.0,A,0
2025-12-14 15:00:42.771000+00:00,-2.52611,0.0,0.0,0.0,0.0,0.0,0.0,10.0,0.0,1000.0,0.0,0.0,0.0,1000.0,0.0,-1.40378,0.0,4.8499,13409.0,5.0,1.60229,1.0,1000.0,0.0,-1.82836,0.0,6.96976,19270.0,5.0,-1.50101,1000.0,0.0,1.0,-2.52611,7.18967,19878.0,5.0,-2.10142,0.0,A,0
2025-12-14 15:00:43.070000+00:00,-2.52611,0.0,0.0,0.0,0.0,0.0,0.0,10.0,0.0,1000.0,0.0,0.0,0.0,1000.0,0.0,-1.40378,0.0,4.8499,14432.0,5.0,1.60229,1.0,1000.0,0.0,-1.82836,0.0,6.96976,18054.0,5.0,-1.50101,1000.0,0.0,1.0,-2.52611,7.18967,18192.0,5.0,-2.10142,0.0,A,0
2025-12-14 15:00:43.071000+00:00,-2.15695,0.0,0.0,0.0,0.0,0.0,0.0,10.0,0.0,1000.0,0.0,0.0,0.0,1000.0,0.0,1.39873,0.0,5.21991,14432.0,5.0,1.00188,1.0,1000.0,0.0,-1.53221,0.0,6.52995,18054.0,5.0,-1.50101,1000.0,0.0,1.0,-2.15695,6.57986,18192.0,5.0,-2.0978,0.0,A,0
2025-12-14 15:00:43.369000+00:00,-2.15695,0.0,0.0,0.0,0.0,0.0,0.0,10.0,0.0,1000.0,0.0,0.0,0.0,1000.0,0.0,1.39873,0.0,5.21991,14432.0,5.0,1.00188,1.0,1000.0,0.0,-1.53221,0.0,6.52995,16754.0,5.0,-1.50101,1000.0,0.0,1.0,-2.15695,6.57986,16367.0,5.0,-2.0978,0.0,A,0
2025-12-14 15:00:43.373000+00:00,-2.28152,0.0,0.0,0.0,0.0,0.0,0.0,10.0,0.0,1000.0,0.0,0.0,0.0,1000.0,1.0,0.30008,0.0,5.21991,14432.0,5.0,0.0,1.0,1000.0,0.0,-1.65411,0.0,6.05975,16754.0,5.0,-1.39974,1000.0,0.0,1.0,-2.28152,5.91978,16367.0,5.0,-2.10142,0.0,A,0
2025-12-14 15:00:43.670000+00:00,-3.09688,0.0,0.0,0.0,0.0,0.0,0.0,10.0,0.0,1000.0,0.0,0.0,0.0,1000.0,1.0,0.03751,0.0,5.21991,14432.0,5.0,0.0,1.0,1000.0,0.0,-2.25619,0.0,5.60981,15510.0,5.0,-2.99841,1000.0,0.0,0.0,-3.09688,5.29984,14653.0,5.0,-4.09794,0.0,A,0
2025-12-14 15:00:43.971000+00:00,-2.29965,0.0,0.0,0.0,0.0,0.0,0.0,10.0,0.0,1000.0,0.0,0.0,0.0,1000.0,1.0,0.00938,0.0,5.21991,14432.0,5.0,0.0,0.0,1000.0,0.0,-1.63917,0.0,5.28971,14625.0,5.0,-1.80121,1000.0,0.0,0.0,-2.29965,4.96998,13741.0,5.0,-1.29847,0.0,A,0
2025-12-14 15:00:44.268000+00:00,-2.29965,0.0,0.0,0.0,0.0,0.0,0.0,10.0,0.0,1000.0,0.0,0.0,0.0,1000.0,1.0,0.00938,0.0,5.21991,14432.0,5.0,0.0,0.0,1000.0,0.0,-1.63917,0.0,5.28971,14045.0,5.0,-1.80121,1000.0,0.0,0.0,-2.29965,4.96998,13741.0,5.0,-1.29847,0.0,A,0
2025-12-14 15:00:44.271000+00:00,-0.44976,0.0,0.0,0.0,0.0,0.0,0.0,10.0,0.0,1000.0,0.0,0.0,0.0,1000.0,1.0,0.00117,0.0,5.21991,14432.0,5.0,0.0,0.0,1000.0,0.0,-1.1046,0.0,5.07993,14045.0,5.0,0.0,1000.0,1.0,0.0,-0.44976,4.96998,13741.0,5.0,0.0,0.0,A,0
2025-12-14 15:00:44.568000+00:00,-0.44976,0.0,0.0,0.0,0.0,0.0,0.0,10.0,0.0,1000.0,0.0,0.0,0.0,1000.0,1.0,0.00117,0.0,5.21991,14432.0,0.0,0.0,0.0,1000.0,0.0,-1.1046,0.0,5.07993,14045.0,0.0,0.0,1000.0,1.0,0.0,-0.44976,4.96998,13741.0,0.0,0.0,0.0,A,0
2025-12-14 15:00:44.570000+00:00,-0.11244,0.0,0.0,0.0,0.0,0.0,0.0,10.0,0.0,1000.0,0.0,0.0,1.0,1000.0,0.0,0.00029,0.0,5.21991,14432.0,0.0,0.0,1.0,1000.0,0.0,-0.27615,0.0,5.07993,14045.0,0.0,0.0,1000.0,0.0,1.0,-0.11244,4.96998,13741.0,0.0,0.0,0.0,A,0
2025-12-14 15:00:44.868000+00:00,-0.11244,0.0,0.0,0.0,0.0,0.0,0.0,10.0,0.0,1000.0,0.0,0.0,1.0,1000.0,0.0,0.00029,0.0,5.21991,12524.0,0.0,0.0,1.0,1000.0,0.0,-0.27615,0.0,5.07993,12994.0,0.0,0.0,1000.0,0.0,1.0,-0.11244,4.96998,12413.0,0.0,0.0,0.0,A,0
2025-12-14 15:00:44.872000+00:00,-1.36497,0.0,0.0,0.0,0.0,0.0,0.0,10.0,0.0,1000.0,0.0,0.0,1.0,1000.0,0.0,-2.09957,0.0,4.5298,12524.0,0.0,-2.70182,1.0,1000.0,0.0,-1.18469,0.0,4.6998,12994.0,0.0,-1.50102,1000.0,0.0,1.0,-1.36497,4.48966,12413.0,0.0,-2.10142,0.0,A,0
2025-12-14 15:00:45.168000+00:00,-1.36497,0.0,0.0,0.0,0.0,0.0,0.0,10.0,0.0,1000.0,0.0,0.0,1.0,1000.0,0.0,-2.09957,0.0,4.5298,10174.0,0.0,-2.70182,1.0,1000.0,0.0,-1.18469,0.0,4.6998,11667.0,0.0,-1.50102,1000.0,0.0,1.0,-1.36497,4.48966,10589.0,0.0,-2.10142,0.0,A,0
2025-12-14 15:00:45.171000+00:00,-2.18297,0.0,0.0,0.0,0.0,0.0,0.0,10.0,0.0,1000.0,0.0,0.0,1.0,1000.0,0.0,-2.82638,0.0,3.67983,10174.0,0.0,-2.6982,1.0,1000.0,0.0,-1.60976,0.0,4.21983,11667.0,0.0,-1.50102,1000.0,0.0,1.0,-2.18297,3.82993,10589.0,0.0,-2.0978,0.0,A,0
2025-12-14 15:00:45.469000+00:00,-2.18297,0.0,0.0,0.0,0.0,0.0,0.0,10.0,0.0,1000.0,0.0,0.0,1.0,1000.0,0.0,-2.82638,0.0,3.67983,7962.0,0.0,-2.6982,1.0,1000.0,0.0,-1.60976,0.0,4.21983,10450.0,0.0,-1.50102,1000.0,0.0,1.0,-2.18297,3.82993,8902.0,0.0,-2.0978,0.0,A,0
2025-12-14 15:00:45.472000+00:00,-2.07027,0.0,0.0,0.0,0.0,0.0,0.0,10.0,0.0,1000.0,0.0,0.0,1.0,1000.0,0.0,-2.73206,0.0,2.87977,7962.0,0.0,-2.59693,1.0,1000.0,0.0,-1.47756,0.0,3.77966,10450.0,0.0,-1.50101,1000.0,0.0,1.0,-2.07027,3.21976,8902.0,0.0,-2.10142,0.0,A,0
2025-12-14 15:00:45.769000+00:00,-2.07027,0.0,0.0,0.0,0.0,0.0,0.0,10.0,0.0,1000.0,0.0,0.0,1.0,1000.0,0.0,-2.73206,0.0,2.87977,5612.0,0.0,-2.59693,1.0,1000.0,0.0,-1.47756,0.0,3.77966,9151.0,0.0,-1.50101,1000.0,0.0,1.0,-2.07027,3.21976,7077.0,0.0,-2.10142,0.0,A,0
2025-12-14 15:00:45.771000+00:00,-2.0704,0.0,0.0,0.0,0.0,0.0,0.0,10.0,0.0,1000.0,0.0,0.0,1.0,1000.0,0.0,-2.64185,0.0,2.0298,5612.0,0.0,-3.19734,1.0,1000.0,0.0,-1.49627,0.0,3.30982,9151.0,0.0,-1.69994,1000.0,0.0,1.0,-2.0704,2.55968,7077.0,0.0,-2.40162,0.0,A,0
2025-12-14 15:00:46.071000+00:00,-2.63329,0.0,0.0,0.0,0.0,0.0,0.0,10.0,0.0,1000.0,0.0,0.0,1.0,1000.0,0.0,-3.40459,0.0,1.22975,3400.0,0.0,-2.70182,1.0,1000.0,0.0,-1.89873,0.0,2.85988,7907.0,0.0,-1.50101,1000.0,0.0,1.0,-2.63329,1.93974,5363.0,0.0,-2.10142,0.0,A,0
2025-12-14 15:00:46.370000+00:00,-2.18375,0.0,0.0,0.0,0.0,0.0,0.0,10.0,0.0,1000.0,0.0,0.0,1.0,1000.0,0.0,-2.82688,0.0,0.37977,1050.0,0.0,-2.69821,1.0,1000.0,0.0,-1.54981,0.0,2.38968,6607.0,0.0,-1.50101,1000.0,0.0,1.0,-2.18375,1.28979,3566.0,0.0,-2.0978,0.0,A,0
2025-12-14 15:00:46.668000+00:00,-2.18375,0.0,0.0,0.0,0.0,0.0,0.0,10.0,0.0,1000.0,0.0,0.0,1.0,1000.0,0.0,-2.82688,0.0,0.37977,0.0,0.0,-2.69821,1.0,1000.0,0.0,-1.54981,0.0,2.38968,5391.0,0.0,-1.50101,1000.0,0.0,1.0,-2.18375,1.28979,1852.0,0.0,-2.0978,0.0,A,0
2025-12-14 15:00:46.671000+00:00,-2.18631,0.0,0.0,0.0,0.0,0.0,0.0,10.0,0.0,1000.0,0.0,0.0,0.0,0.0,0.0,-2.79115,0.0,0.0,0.0,0.0,-1.19719,1.0,1000.0,0.0,-1.58035,0.0,1.94987,5391.0,0.0,-1.39974,1000.0,0.0,1.0,-2.18631,0.66985,1852.0,0.0,-1.99653,0.0,A,0
2025-12-14 15:00:46.968000+00:00,-2.18631,0.0,0.0,0.0,0.0,0.0,0.0,10.0,0.0,1000.0,0.0,0.0,0.0,0.0,0.0,-2.79115,0.0,0.0,0.0,0.0,-1.19719,1.0,1000.0,0.0,-1.58035,0.0,1.94987,4478.0,0.0,-1.39974,1000.0,0.0,1.0,-2.18631,0.66985,608.0,0.0,-1.99653,0.0,A,0
2025-12-14 15:00:46.970000+00:00,-2.29785,0.0,0.0,0.0,0.0,0.0,0.0,10.0,0.0,1000.0,0.0,0.0,0.0,0.0,1.0,-0.49854,0.0,0.0,0.0,0.0,0.0,1.0,1000.0,0.0,-1.64837,0.0,1.61965,4478.0,0.0,-1.80122,1000.0,0.0,0.0,-2.29785,0.21991,608.0,0.0,-2.49928,0.0,A,0
2025-12-14 15:00:47.268000+00:00,-2.29785,0.0,0.0,0.0,0.0,0.0,0.0,10.0,0.0,1000.0,0.0,0.0,0.0,0.0,1.0,-0.49854,0.0,0.0,0.0,0.0,0.0,1.0,1000.0,0.0,-1.64837,0.0,1.61965,3262.0,0.0,-1.80122,1000.0,0.0,0.0,-2.29785,0.21991,27.0,0.0,-2.49928,0.0,A,0
2025-12-14 15:00:47.270000+00:00,-1.59985,0.0,0.0,0.0,0.0,0.0,0.0,10.0,0.0,1000.0,0.0,0.0,0.0,0.0,1.0,-0.12464,0.0,0.0,0.0,0.0,0.0,1.0,1000.0,0.0,-1.86157,0.0,1.17983,3262.0,0.0,-1.50101,1000.0,0.0,0.0,-1.59985,0.00977,27.0,0.0,0.0,0.0,A,0
2025-12-14 15:00:47.570000+00:00,-0.19998,0.0,0.0,0.0,0.0,0.0,0.0,10.0,0.0,1000.0,0.0,0.0,0.0,0.0,1.0,-0.01558,0.0,0.0,0.0,0.0,0.0,1.0,1000.0,0.0,-1.54427,0.0,0.73966,2045.0,0.0,-1.40336,1000.0,1.0,0.0,-0.19998,0.00977,27.0,0.0,0.0,0.0,A,0
2025-12-14 15:00:47.871000+00:00,-0.025,0.0,0.0,0.0,0.0,0.0,0.0,10.0,0.0,1000.0,0.0,0.0,0.0,0.0,1.0,-0.00195,0.0,0.0,0.0,0.0,0.0,0.0,1000.0,0.0,-1.56836,0.0,0.25969,718.0,0.0,-1.50101,1000.0,1.0,0.0,-0.025,0.00977,27.0,0.0,0.0,0.0,A,0
2025-12-14 15:00:48.167000+00:00,-0.025,0.0,0.0,0.0,0.0,0.0,0.0,10.0,0.0,1000.0,0.0,0.0,0.0,0.0,1.0,-0.00195,0.0,0.0,0.0,0.0,0.0,0.0,1000.0,0.0,-1.56836,0.0,0.25969,82.0,0.0,-1.50101,1000.0,1.0,0.0,-0.025,0.00977,27.0,0.0,0.0,0.0,A,0
2025-12-14 15:00:48.173000+00:00,-0.00625,0.0,0.0,0.0,0.0,0.0,0.0,10.0,0.0,1000.0,0.0,0.0,0.0,0.0,1.0,-0.00049,0.0,0.0,0.0,0.0,0.0,0.0,1000.0,0.0,-1.51604,0.0,0.02966,82.0,0.0,-0.80295,1000.0,1.0,0.0,-0.00625,0.00977,27.0,0.0,0.0,0.0,A,0
2025-12-14 15:00:48.469000+00:00,-0.00625,0.0,0.0,0.0,0.0,0.0,0.0,10.0,0.0,1000.0,0.0,0.0,0.0,0.0,1.0,-0.00049,0.0,0.0,0.0,8.0,0.0,0.0,1000.0,0.0,-1.51604,0.0,0.02966,82.0,9.0,-0.80295,1000.0,1.0,0.0,-0.00625,0.00977,27.0,10.0,0.0,0.0,A,0
2025-12-14 15:00:48.471000+00:00,-0.00078,0.0,0.0,0.0,0.0,0.0,0.0,10.0,0.0,1000.0,0.0,0.0,0.0,0.0,0.0,-6e-05,1.0,0.0,0.0,8.0,0.0,0.0,1000.0,0.0,-0.28987,1.0,0.02966,82.0,9.0,0.0,1000.0,0.0,0.0,-0.00078,0.00977,27.0,10.0,0.0,1.0,A,0
2025-12-14 15:00:48.768000+00:00,-0.00078,0.0,0.0,0.0,0.0,0.0,0.0,10.0,0.0,1000.0,0.0,0.0,0.0,0.0,0.0,-6e-05,1.0,0.0,1935.0,8.0,0.0,0.0,1000.0,0.0,-0.28987,1.0,0.02966,1133.0,9.0,0.0,1000.0,0.0,0.0,-0.00078,0.00977,1382.0,10.0,0.0,1.0,A,0
2025-12-14 15:00:48.770000+00:00,0.20054,0.0,0.0,0.0,0.0,0.0,0.0,10.0,0.0,1000.0,0.0,0.0,0.0,1000.0,0.0,0.54975,1.0,0.69987,1935.0,8.0,3.19734,0.0,1000.0,0.0,0.22773,1.0,0.4098,1133.0,9.0,1.69994,1000.0,0.0,0.0,0.20054,0.49986,1382.0,10.0,2.398,1.0,A,0
2025-12-14 15:00:49.071000+00:00,1.85024,0.0,0.0,0.0,0.0,0.0,0.0,10.0,0.0,1000.0,0.0,0.0,0.0,1000.0,0.0,2.49295,1.0,1.49993,4147.0,8.0,2.60055,0.0,1000.0,0.0,1.36672,1.0,0.84997,2350.0,9.0,1.50101,1000.0,0.0,0.0,1.85024,1.10966,3068.0,10.0,2.0978,1.0,A,0
2025-12-14 15:00:49.371000+00:00,3.04432,0.0,0.0,0.0,0.0,0.0,0.0,10.0,0.0,1000.0,0.0,0.0,0.0,1000.0,0.0,3.96152,1.0,2.29999,6359.0,8.0,2.70182,0.0,1000.0,0.0,2.20761,1.0,1.29991,3594.0,9.0,1.50101,1000.0,0.0,0.0,3.04432,1.72996,4783.0,10.0,2.10142,1.0,A,0
2025-12-14 15:00:49.671000+00:00,3.04432,0.0,0.0,0.0,0.0,0.0,0.0,10.0,0.0,1000.0,0.0,0.0,0.0,1000.0,0.0,3.96152,1.0,2.29999,8709.0,8.0,2.70182,0.0,1000.0,0.0,2.20761,1.0,1.29991,4893.0,9.0,1.50101,1000.0,0.0,0.0,3.04432,1.72996,6607.0,10.0,2.10142,1.0,A,0
2025-12-14 15:00:49.673000+00:00,2.48544,0.0,0.0,0.0,0.0,0.0,0.0,10.0,0.0,1000.0,0.0,0.0,0.0,1000.0,0.0,3.21568,1.0,3.14996,8709.0,8.0,2.69821,0.0,1000.0,0.0,1.77713,1.0,1.76975,4893.0,9.0,1.4974,1000.0,0.0,0.0,2.48544,2.38968,6607.0,10.0,2.10142,1.0,A,0
2025-12-14 15:00:49.970000+00:00,2.09788,0.0,0.0,0.0,0.0,0.0,0.0,10.0,0.0,1000.0,0.0,0.0,0.0,1000.0,0.0,2.71316,1.0,3.72975,10312.0,8.0,3.20096,0.0,1000.0,0.0,1.53507,1.0,2.09997,5806.0,9.0,1.80122,1000.0,0.0,0.0,2.09788,2.83999,7852.0,10.0,2.50289,1.0,A,0
2025-12-14 15:00:50.268000+00:00,2.09788,0.0,0.0,0.0,0.0,0.0,0.0,10.0,0.0,1000.0,0.0,0.0,0.0,1000.0,0.0,2.71316,1.0,3.72975,12524.0,8.0,3.20096,0.0,1000.0,0.0,1.53507,1.0,2.09997,7022.0,9.0,1.80122,1000.0,0.0,0.0,2.09788,2.83999,9538.0,10.0,2.50289,1.0,A,0
2025-12-14 15:00:50.272000+00:00,2.12494,0.0,0.0,0.0,0.0,0.0,0.0,10.0,0.0,1000.0,0.0,0.0,0.0,1000.0,0.0,2.71499,1.0,4.5298,12524.0,8.0,2.69821,0.0,1000.0,0.0,1.51567,1.0,2.53979,7022.0,9.0,1.50101,1000.0,0.0,0.0,2.12494,3.4498,9538.0,10.0,2.00014,1.0,A,0
2025-12-14 15:00:50.568000+00:00,2.12494,0.0,0.0,0.0,0.0,0.0,0.0,10.0,0.0,1000.0,0.0,0.0,0.0,1000.0,0.0,2.71499,1.0,4.5298,14736.0,8.0,2.69821,0.0,1000.0,0.0,1.51567,1.0,2.53979,8239.0,9.0,1.50101,1000.0,0.0,0.0,2.12494,3.4498,11252.0,10.0,2.00014,1.0,A,0
2025-12-14 15:00:50.571000+00:00,3.08205,0.0,0.0,0.0,0.0,0.0,0.0,10.0,0.0,1000.0,0.0,0.0,0.0,1000.0,0.0,4.00268,1.0,5.32986,14736.0,8.0,2.70183,0.0,1000.0,0.0,2.20455,1.0,2.97996,8239.0,9.0,1.50101,1000.0,0.0,0.0,3.08205,4.06973,11252.0,10.0,2.0978,1.0,A,0
2025-12-14 15:00:50.869000+00:00,3.08205,0.0,0.0,0.0,0.0,0.0,0.0,10.0,0.0,1000.0,0.0,0.0,0.0,1000.0,0.0,4.00268,1.0,5.32986,17086.0,8.0,2.70183,0.0,1000.0,0.0,2.20455,1.0,2.97996,9566.0,9.0,1.50101,1000.0,0.0,0.0,3.08205,4.06973,13077.0,10.0,2.0978,1.0,A,0
2025-12-14 15:00:50.873000+00:00,2.37184,0.0,0.0,0.0,0.0,0.0,0.0,10.0,0.0,1000.0,0.0,0.0,0.0,1000.0,0.0,3.08687,1.0,6.17983,17086.0,8.0,2.70182,0.0,1000.0,0.0,1.73815,1.0,3.45992,9566.0,9.0,1.50101,1000.0,0.0,0.0,2.37184,4.72982,13077.0,10.0,2.10142,1.0,A,0
2025-12-14 15:00:51.168000+00:00,2.37184,0.0,0.0,0.0,0.0,0.0,0.0,10.0,0.0,1000.0,0.0,0.0,0.0,1000.0,0.0,3.08687,1.0,6.17983,19270.0,8.0,2.70182,0.0,1000.0,0.0,1.73815,1.0,3.45992,10782.0,9.0,1.50101,1000.0,0.0,0.0,2.37184,4.72982,14764.0,10.0,2.10142,1.0,A,0
2025-12-14 15:00:51.172000+00:00,2.1099,0.0,0.0,0.0,0.0,0.0,0.0,10.0,0.0,1000.0,0.0,0.0,0.0,1000.0,0.0,2.72283,1.0,6.96976,19270.0,8.0,2.69821,0.0,1000.0,0.0,1.50534,1.0,3.89974,10782.0,9.0,1.50101,1000.0,0.0,0.0,2.1099,5.33999,14764.0,10.0,2.10142,1.0,A,0
2025-12-14 15:00:51.468000+00:00,2.1099,0.0,0.0,0.0,0.0,0.0,0.0,10.0,0.0,1000.0,0.0,0.0,0.0,1000.0,0.0,2.72283,1.0,6.96976,21648.0,8.0,2.69821,0.0,1000.0,0.0,1.50534,1.0,3.89974,12082.0,9.0,1.50101,1000.0,0.0,0.0,2.1099,5.33999,16588.0,10.0,2.10142,1.0,A,0
2025-12-14 15:00:51.471000+00:00,2.07641,0.0,0.0,0.0,0.0,0.0,0.0,10.0,0.0,1000.0,0.0,0.0,0.0,1000.0,0.0,2.68176,0.0,7.82986,21648.0,8.0,2.69821,0.0,1000.0,0.0,1.50119,1.0,4.36994,12082.0,9.0,1.39974,1000.0,0.0,0.0,2.07641,5.99971,16588.0,10.0,2.00015,1.0,A,0
2025-12-14 15:00:51.770000+00:00,2.65982,0.0,0.0,0.0,0.0,0.0,0.0,10.0,0.0,1000.0,0.0,0.0,0.0,1000.0,0.0,2.9222,0.0,8.24978,22809.0,8.0,0.0,0.0,1000.0,0.0,1.93777,1.0,4.81988,13326.0,9.0,1.50102,1000.0,0.0,0.0,2.65982,6.61965,18302.0,10.0,2.0978,1.0,A,0
2025-12-14 15:00:52.068000+00:00,2.65982,0.0,0.0,0.0,0.0,0.0,0.0,10.0,0.0,1000.0,0.0,0.0,0.0,1000.0,0.0,2.9222,0.0,8.24978,22809.0,8.0,0.0,0.0,1000.0,0.0,1.93777,1.0,4.81988,14625.0,9.0,1.50102,1000.0,0.0,0.0,2.65982,6.61965,20100.0,10.0,2.0978,1.0,A,0
2025-12-14 15:00:52.071000+00:00,2.18948,0.0,0.0,0.0,0.0,0.0,0.0,10.0,0.0,1000.0,0.0,0.0,0.0,1000.0,1.0,0.73055,0.0,8.24978,22809.0,8.0,0.0,0.0,1000.0,0.0,1.55957,1.0,5.28971,14625.0,9.0,1.80121,1000.0,0.0,0.0,2.18948,7.26997,20100.0,10.0,2.50289,1.0,A,0
2025-12-14 15:00:52.370000+00:00,2.13548,0.0,0.0,0.0,0.0,0.0,0.0,10.0,0.0,1000.0,0.0,0.0,0.0,1000.0,1.0,0.09132,0.0,8.24978,22809.0,8.0,0.0,0.0,1000.0,0.0,1.54495,1.0,5.72989,15842.0,9.0,1.39974,1000.0,0.0,0.0,2.13548,7.8899,21814.0,10.0,2.00014,1.0,A,0
2025-12-14 15:00:52.671000+00:00,2.09121,0.0,0.0,0.0,0.0,0.0,0.0,10.0,0.0,1000.0,0.0,0.0,0.0,1000.0,1.0,0.01141,0.0,8.24978,22809.0,8.0,0.0,0.0,1000.0,0.0,1.49385,1.0,6.20985,17169.0,9.0,3.29861,1000.0,0.0,0.0,2.09121,8.54998,23639.0,10.0,4.50303,1.0,A,0
2025-12-14 15:00:52.969000+00:00,2.09121,0.0,0.0,0.0,0.0,0.0,0.0,10.0,0.0,1000.0,0.0,0.0,0.0,1000.0,1.0,0.01141,0.0,8.24978,22809.0,8.0,0.0,0.0,1000.0,0.0,1.49385,1.0,6.20985,18385.0,9.0,3.29861,1000.0,0.0,0.0,2.09121,8.54998,25325.0,10.0,4.50303,1.0,A,0
2025-12-14 15:00:52.971000+00:00,2.64864,0.0,0.0,0.0,0.0,0.0,0.0,10.0,0.0,1000.0,0.0,0.0,0.0,1000.0,1.0,0.00285,0.0,8.24978,22809.0,8.0,0.0,0.0,1000.0,0.0,1.89798,1.0,6.64967,18385.0,9.0,1.50101,1000.0,0.0,0.0,2.64864,9.15979,25325.0,10.0,2.0978,1.0,A,0
2025-12-14 15:00:53.270000+00:00,2.14405,0.0,0.0,0.0,0.0,0.0,0.0,10.0,0.0,1000.0,0.0,0.0,0.0,1000.0,1.0,0.00036,0.0,8.24978,22809.0,8.0,0.0,0.0,1000.0,0.0,1.54973,1.0,6.96976,19270.0,9.0,1.69994,1000.0,0.0,0.0,2.14405,9.61986,26597.0,10.0,2.49928,1.0,A,0
2025-12-14 15:00:53.568000+00:00,2.14405,0.0,0.0,0.0,0.0,0.0,0.0,10.0,0.0,1000.0,0.0,0.0,0.0,1000.0,1.0,0.00036,0.0,8.24978,22809.0,8.0,0.0,0.0,1000.0,0.0,1.54973,1.0,6.96976,20514.0,9.0,1.69994,1000.0,0.0,0.0,2.14405,9.61986,27648.0,10.0,2.49928,1.0,A,0
2025-12-14 15:00:53.570000+00:00,1.98106,0.0,0.0,0.0,0.0,0.0,0.0,10.0,0.0,1000.0,0.0,0.0,0.0,1000.0,1.0,4e-05,0.0,8.24978,22809.0,8.0,0.0,0.0,1000.0,0.0,1.53197,1.0,7.4197,20514.0,9.0,1.4974,0.0,0.0,0.0,1.98106,10.0,27648.0,10.0,0.0,0.0,A,0
2025-12-14 15:00:53.869000+00:00,0.49526,0.0,0.0,0.0,0.0,0.0,0.0,10.0,0.0,1000.0,0.0,0.0,0.0,1000.0,1.0,1e-05,0.0,8.24978,22809.0,8.0,0.0,0.0,1000.0,0.0,1.60731,1.0,7.8899,21814.0,9.0,3.00203,0.0,1.0,0.0,0.49526,10.0,27648.0,10.0,0.0,0.0,A,0
2025-12-14 15:00:54.170000+00:00,0.06191,0.0,0.0,0.0,0.0,0.0,0.0,10.0,0.0,1000.0,0.0,0.0,0.0,1000.0,1.0,0.0,0.0,8.24978,22809.0,8.0,0.0,0.0,1000.0,0.0,1.70102,1.0,8.32972,23030.0,9.0,1.39975,0.0,1.0,0.0,0.06191,10.0,27648.0,10.0,0.0,0.0,A,0
2025-12-14 15:00:54.468000+00:00,0.06191,0.0,0.0,0.0,0.0,0.0,0.0,10.0,0.0,1000.0,0.0,0.0,0.0,1000.0,1.0,0.0,0.0,8.24978,22809.0,8.0,0.0,0.0,1000.0,0.0,1.70102,1.0,8.32972,24357.0,9.0,1.39975,0.0,1.0,0.0,0.06191,10.0,27648.0,10.0,0.0,0.0,A,0
2025-12-14 15:00:54.470000+00:00,0.00774,0.0,0.0,0.0,0.0,0.0,0.0,10.0,0.0,1000.0,0.0,0.0,0.0,1000.0,1.0,0.0,0.0,8.24978,22809.0,8.0,0.0,0.0,1000.0,0.0,1.5884,0.0,8.80968,24357.0,9.0,1.50101,0.0,1.0,0.0,0.00774,10.0,27648.0,10.0,0.0,0.0,A,0
2025-12-14 15:00:54.769000+00:00,0.00774,0.0,0.0,0.0,0.0,0.0,0.0,10.0,0.0,1000.0,0.0,0.0,0.0,1000.0,1.0,0.0,0.0,8.24978,22809.0,8.0,0.0,0.0,1000.0,0.0,1.5884,0.0,8.80968,24910.0,9.0,1.50101,0.0,1.0,0.0,0.00774,10.0,27648.0,10.0,0.0,0.0,A,0
2025-12-14 15:00:54.772000+00:00,0.00193,0.0,0.0,0.0,0.0,0.0,0.0,10.0,0.0,1000.0,0.0,0.0,0.0,1000.0,1.0,0.0,0.0,8.24978,22809.0,8.0,0.0,0.0,1000.0,0.0,1.47132,0.0,9.00969,24910.0,9.0,0.6004,0.0,1.0,0.0,0.00193,10.0,27648.0,10.0,0.0,0.0,A,0
2025-12-14 15:00:55.070000+00:00,0.00193,0.0,0.0,0.0,0.0,0.0,0.0,10.0,0.0,1000.0,0.0,0.0,0.0,1000.0,1.0,0.0,0.0,8.24978,22809.0,5.0,0.0,0.0,1000.0,0.0,1.47132,0.0,9.00969,24910.0,5.0,0.6004,0.0,1.0,0.0,0.00193,10.0,27648.0,5.0,0.0,0.0,A,0
2025-12-14 15:00:55.071000+00:00,0.00024,0.0,0.0,0.0,0.0,0.0,0.0,10.0,0.0,1000.0,0.0,0.0,1.0,1000.0,0.0,0.0,0.0,8.24978,22809.0,5.0,0.0,1.0,1000.0,0.0,0.25897,0.0,9.00969,24910.0,5.0,0.0,0.0,0.0,1.0,0.00024,10.0,27648.0,5.0,0.0,0.0,A,0
2025-12-14 15:00:55.369000+00:00,-0.05057,0.0,0.0,0.0,0.0,0.0,0.0,10.0,0.0,1000.0,0.0,0.0,1.0,1000.0,0.0,-0.54977,0.0,7.55968,20901.0,5.0,-3.09968,1.0,1000.0,0.0,-0.23546,0.0,8.62992,23860.0,5.0,-1.69994,1000.0,0.0,1.0,-0.05057,9.53993,26376.0,5.0,-2.49928,0.0,A,0
2025-12-14 15:00:55.670000+00:00,-1.86948,0.0,0.0,0.0,0.0,0.0,0.0,10.0,0.0,1000.0,0.0,0.0,1.0,1000.0,0.0,-2.48074,0.0,6.70971,18551.0,5.0,-2.60055,1.0,1000.0,0.0,-1.36678,0.0,8.15972,22560.0,5.0,-1.50101,1000.0,0.0,1.0,-1.86948,8.87985,24551.0,5.0,-2.00014,0.0,A,0
2025-12-14 15:00:55.970000+00:00,-2.15923,0.0,0.0,0.0,0.0,0.0,0.0,10.0,0.0,1000.0,0.0,0.0,1.0,1000.0,0.0,-2.7845,0.0,6.17983,17086.0,5.0,-2.60055,1.0,1000.0,0.0,-1.53216,0.0,7.85988,21731.0,5.0,-1.50101,1000.0,0.0,1.0,-2.15923,8.46969,23417.0,5.0,-2.00014,0.0,A,0
2025-12-14 15:00:56.269000+00:00,-3.08882,0.0,0.0,0.0,0.0,0.0,0.0,10.0,0.0,1000.0,0.0,0.0,1.0,1000.0,0.0,-3.99564,0.0,5.32986,14736.0,5.0,-3.20096,1.0,1000.0,0.0,-2.20867,0.0,7.38968,20431.0,5.0,-1.80121,1000.0,0.0,1.0,-3.08882,7.80997,21593.0,5.0,-2.49928,0.0,A,0
2025-12-14 15:00:56.569000+00:00,-3.08882,0.0,0.0,0.0,0.0,0.0,0.0,10.0,0.0,1000.0,0.0,0.0,1.0,1000.0,0.0,-3.99564,0.0,5.32986,12966.0,5.0,-3.20096,1.0,1000.0,0.0,-2.20867,0.0,7.38968,19187.0,5.0,-1.80121,1000.0,0.0,1.0,-3.08882,7.80997,19878.0,5.0,-2.49928,0.0,A,0
2025-12-14 15:00:56.572000+00:00,-2.24926,0.0,0.0,0.0,0.0,0.0,0.0,10.0,0.0,1000.0,0.0,0.0,0.0,1000.0,0.0,-2.92413,1.0,4.68967,12966.0,5.0,-1.00188,1.0,1000.0,0.0,-1.62609,0.0,6.93974,19187.0,5.0,-1.50101,1000.0,0.0,1.0,-2.24926,7.18967,19878.0,5.0,-2.10142,0.0,A,0
2025-12-14 15:00:56.870000+00:00,-2.29351,0.0,0.0,0.0,0.0,0.0,0.0,10.0,0.0,1000.0,0.0,0.0,0.0,1000.0,0.0,0.31039,0.0,5.10995,14128.0,5.0,1.60229,1.0,1000.0,0.0,-1.64143,0.0,6.46991,17888.0,5.0,-1.80121,1000.0,0.0,1.0,-2.29351,6.53971,18081.0,5.0,-2.49928,0.0,A,0
2025-12-14 15:00:57.170000+00:00,-2.29351,0.0,0.0,0.0,0.0,0.0,0.0,10.0,0.0,1000.0,0.0,0.0,0.0,1000.0,0.0,0.31039,0.0,5.10995,14432.0,5.0,1.60229,1.0,1000.0,0.0,-1.64143,0.0,6.46991,16671.0,5.0,-1.80121,1000.0,0.0,1.0,-2.29351,6.53971,16367.0,5.0,-2.49928,0.0,A,0
2025-12-14 15:00:57.172000+00:00,-2.12231,0.0,0.0,0.0,0.0,0.0,0.0,10.0,0.0,1000.0,0.0,0.0,0.0,1000.0,0.0,1.2775,0.0,5.21991,14432.0,5.0,0.0,1.0,1000.0,0.0,-1.53521,0.0,6.02973,16671.0,5.0,-1.39974,1000.0,0.0,1.0,-2.12231,5.91978,16367.0,5.0,-2.00014,0.0,A,0
2025-12-14 15:00:57.469000+00:00,-2.12231,0.0,0.0,0.0,0.0,0.0,0.0,10.0,0.0,1000.0,0.0,0.0,0.0,1000.0,0.0,1.2775,0.0,5.21991,14432.0,5.0,0.0,1.0,1000.0,0.0,-1.53521,0.0,6.02973,15427.0,5.0,-1.39974,1000.0,0.0,1.0,-2.12231,5.91978,14653.0,5.0,-2.00014,0.0,A,0
2025-12-14 15:00:57.472000+00:00,-2.56518,0.0,0.0,0.0,0.0,0.0,0.0,10.0,0.0,1000.0,0.0,0.0,0.0,1000.0,1.0,0.15969,0.0,5.21991,14432.0,5.0,0.0,1.0,1000.0,0.0,-1.86698,0.0,5.57979,15427.0,5.0,-1.50101,1000.0,0.0,0.0,-2.56518,5.29984,14653.0,5.0,-2.10142,0.0,A,0
2025-12-14 15:00:57.767000+00:00,-2.56518,0.0,0.0,0.0,0.0,0.0,0.0,10.0,0.0,1000.0,0.0,0.0,0.0,1000.0,1.0,0.15969,0.0,5.21991,14432.0,5.0,0.0,1.0,1000.0,0.0,-1.86698,0.0,5.57979,14211.0,5.0,-1.50101,1000.0,0.0,0.0,-2.56518,5.29984,13768.0,5.0,-2.10142,0.0,A,0
2025-12-14 15:00:57.769000+00:00,-2.16672,0.0,0.0,0.0,0.0,0.0,0.0,10.0,0.0,1000.0,0.0,0.0,0.0,1000.0,1.0,0.03992,0.0,5.21991,14432.0,5.0,0.0,0.0,1000.0,0.0,-1.54187,0.0,5.13997,14211.0,5.0,-1.50101,1000.0,0.0,0.0,-2.16672,4.97975,13768.0,5.0,-1.20081,0.0,A,0
2025-12-14 15:00:58.069000+00:00,-0.42094,0.0,0.0,0.0,0.0,0.0,0.0,10.0,0.0,1000.0,0.0,0.0,0.0,1000.0,1.0,0.00499,0.0,5.21991,14432.0,5.0,0.0,0.0,1000.0,0.0,-1.20501,0.0,5.04991,13962.0,5.0,0.0,1000.0,1.0,0.0,-0.42094,4.97975,13768.0,5.0,0.0,0.0,A,0
2025-12-14 15:00:58.369000+00:00,-0.42094,0.0,0.0,0.0,0.0,0.0,0.0,10.0,0.0,1000.0,0.0,0.0,0.0,1000.0,1.0,0.00499,0.0,5.21991,13989.0,0.0,0.0,0.0,1000.0,0.0,-1.20501,0.0,5.04991,13713.0,0.0,0.0,1000.0,1.0,0.0,-0.42094,4.97975,13547.0,0.0,0.0,0.0,A,0
2025-12-14 15:00:58.371000+00:00,-0.05262,0.0,0.0,0.0,0.0,0.0,0.0,10.0,0.0,1000.0,0.0,0.0,1.0,1000.0,0.0,0.00062,0.0,5.05968,13989.0,0.0,-1.60229,1.0,1000.0,0.0,-0.15063,0.0,4.95985,13713.0,0.0,-0.90061,1000.0,0.0,1.0,-0.05262,4.89981,13547.0,0.0,-0.79934,0.0,A,0
2025-12-14 15:00:58.669000+00:00,-1.21306,0.0,0.0,0.0,0.0,0.0,0.0,10.0,0.0,1000.0,0.0,0.0,1.0,1000.0,0.0,-1.74952,0.0,4.25998,11778.0,0.0,-2.60055,1.0,1000.0,0.0,-0.96268,0.0,4.51968,12496.0,0.0,-1.50102,1000.0,0.0,1.0,-1.21306,4.28964,11860.0,0.0,-2.10142,0.0,A,0
2025-12-14 15:00:58.970000+00:00,-1.96324,0.0,0.0,0.0,0.0,0.0,0.0,10.0,0.0,1000.0,0.0,0.0,1.0,1000.0,0.0,-2.51859,0.0,3.72975,10312.0,0.0,-2.70182,1.0,1000.0,0.0,-1.43191,0.0,4.21983,11667.0,0.0,-1.50102,1000.0,0.0,1.0,-1.96324,3.87985,10727.0,0.0,-2.00015,0.0,A,0
2025-12-14 15:00:59.271000+00:00,-2.21978,0.0,0.0,0.0,0.0,0.0,0.0,10.0,0.0,1000.0,0.0,0.0,1.0,1000.0,0.0,-2.87694,0.0,2.87977,7962.0,0.0,-2.70182,1.0,1000.0,0.0,-1.61716,0.0,3.75,10368.0,0.0,-1.4974,1000.0,0.0,1.0,-2.21978,3.21976,8902.0,0.0,-2.10142,0.0,A,0
2025-12-14 15:00:59.569000+00:00,-2.21978,0.0,0.0,0.0,0.0,0.0,0.0,10.0,0.0,1000.0,0.0,0.0,1.0,1000.0,0.0,-2.87694,0.0,2.87977,5750.0,0.0,-2.70182,1.0,1000.0,0.0,-1.61716,0.0,3.75,9151.0,0.0,-1.4974,1000.0,0.0,1.0,-2.21978,3.21976,7188.0,0.0,-2.10142,0.0,A,0
2025-12-14 15:00:59.571000+00:00,-2.1292,0.0,0.0,0.0,0.0,0.0,0.0,10.0,0.0,1000.0,0.0,0.0,1.0,1000.0,0.0,-2.74379,0.0,2.07972,5750.0,0.0,-5.30237,1.0,1000.0,0.0,-1.52915,0.0,3.30982,9151.0,0.0,-2.90075,1000.0,0.0,1.0,-2.1292,2.59983,7188.0,0.0,-4.10156,0.0,A,0
2025-12-14 15:00:59.868000+00:00,-2.1292,0.0,0.0,0.0,0.0,0.0,0.0,10.0,0.0,1000.0,0.0,0.0,1.0,1000.0,0.0,-2.74379,0.0,2.07972,3400.0,0.0,-5.30237,1.0,1000.0,0.0,-1.52915,0.0,3.30982,7824.0,0.0,-2.90075,1000.0,0.0,1.0,-2.1292,2.59983,5391.0,0.0,-4.10156,0.0,A,0
2025-12-14 15:00:59.870000+00:00,-2.42815,0.0,0.0,0.0,0.0,0.0,0.0,10.0,0.0,1000.0,0.0,0.0,1.0,1000.0,0.0,-3.10538,0.0,1.22975,3400.0,0.0,-2.70182,1.0,1000.0,0.0,-1.75274,0.0,2.82986,7824.0,0.0,-1.50101,1000.0,0.0,1.0,-2.42815,1.94987,5391.0,0.0,-2.00014,0.0,A,0
2025-12-14 15:01:00.170000+00:00,-2.07896,0.0,0.0,0.0,0.0,0.0,0.0,10.0,0.0,1000.0,0.0,0.0,1.0,1000.0,0.0,-2.72514,0.0,0.42969,1188.0,0.0,-2.69821,1.0,1000.0,0.0,-1.50716,0.0,2.38968,6607.0,0.0,-1.50101,1000.0,0.0,1.0,-2.07896,1.32993,3677.0,0.0,-2.00014,0.0,A,0
2025-12-14 15:01:00.470000+00:00,-2.07896,0.0,0.0,0.0,0.0,0.0,0.0,10.0,0.0,1000.0,0.0,0.0,1.0,1000.0,0.0,-2.72514,0.0,0.42969,0.0,0.0,-2.69821,1.0,1000.0,0.0,-1.50716,0.0,2.38968,5308.0,0.0,-1.50101,1000.0,0.0,1.0,-2.07896,1.32993,1852.0,0.0,-2.00014,0.0,A,0
2025-12-14 15:01:00.474000+00:00,-2.29564,0.0,0.0,0.0,0.0,0.0,0.0,10.0,0.0,1000.0,0.0,0.0,0.0,0.0,0.0,-2.95541,0.0,0.0,0.0,0.0,-1.09954,1.0,1000.0,0.0,-1.65084,0.0,1.91985,5308.0,0.0,-1.39974,1000.0,0.0,1.0,-2.29564,0.66985,1852.0,0.0,-1.99653,0.0,A,0
2025-12-14 15:01:00.770000+00:00,-2.29564,0.0,0.0,0.0,0.0,0.0,0.0,10.0,0.0,1000.0,0.0,0.0,0.0,0.0,0.0,-2.95541,0.0,0.0,0.0,0.0,-1.09954,1.0,1000.0,0.0,-1.65084,0.0,1.91985,4008.0,0.0,-1.39974,1000.0,0.0,1.0,-2.29564,0.66985,55.0,0.0,-1.99653,0.0,A,0
2025-12-14 15:01:00.771000+00:00,-3.11266,0.0,0.0,0.0,0.0,0.0,0.0,10.0,0.0,1000.0,0.0,0.0,0.0,0.0,1.0,-0.50687,0.0,0.0,0.0,0.0,0.0,1.0,1000.0,0.0,-2.25759,0.0,1.44965,4008.0,0.0,-1.69994,1000.0,0.0,0.0,-3.11266,0.01989,55.0,0.0,-2.398,0.0,A,0
2025-12-14 15:01:01.068000+00:00,-3.11266,0.0,0.0,0.0,0.0,0.0,0.0,10.0,0.0,1000.0,0.0,0.0,0.0,0.0,1.0,-0.50687,0.0,0.0,0.0,0.0,0.0,1.0,1000.0,0.0,-2.25759,0.0,1.44965,2764.0,0.0,-1.69994,1000.0,0.0,0.0,-3.11266,0.01989,55.0,0.0,-2.398,0.0,A,0
2025-12-14 15:01:01.070000+00:00,-0.68883,0.0,0.0,0.0,0.0,0.0,0.0,10.0,0.0,1000.0,0.0,0.0,0.0,0.0,1.0,-0.06336,0.0,0.0,0.0,0.0,0.0,1.0,1000.0,0.0,-1.61955,0.0,0.99971,2764.0,0.0,-1.50101,1000.0,0.0,0.0,-0.68883,0.01989,55.0,0.0,0.0,0.0,A,0
2025-12-14 15:01:01.369000+00:00,-0.17221,0.0,0.0,0.0,0.0,0.0,0.0,10.0,0.0,1000.0,0.0,0.0,0.0,0.0,1.0,-0.01584,0.0,0.0,0.0,0.0,0.0,1.0,1000.0,0.0,-1.52884,0.0,0.52988,1465.0,0.0,-1.39974,1000.0,1.0,0.0,-0.17221,0.01989,55.0,0.0,0.0,0.0,A,0
2025-12-14 15:01:01.670000+00:00,-0.02153,0.0,0.0,0.0,0.0,0.0,0.0,10.0,0.0,1000.0,0.0,0.0,0.0,0.0,1.0,-0.00198,0.0,0.0,0.0,0.0,0.0,0.0,1000.0,0.0,-1.56688,0.0,0.0897,248.0,0.0,-1.50101,1000.0,1.0,0.0,-0.02153,0.01989,55.0,0.0,0.0,0.0,A,0
2025-12-14 15:01:01.968000+00:00,-0.02153,0.0,0.0,0.0,0.0,0.0,0.0,10.0,0.0,1000.0,0.0,0.0,0.0,0.0,1.0,-0.00198,0.0,0.0,0.0,0.0,0.0,0.0,1000.0,0.0,-1.56688,0.0,0.0897,0.0,0.0,-1.50101,1000.0,1.0,0.0,-0.02153,0.01989,55.0,0.0,0.0,0.0,A,0
2025-12-14 15:01:01.972000+00:00,-0.00538,0.0,0.0,0.0,0.0,0.0,0.0,10.0,0.0,1000.0,0.0,0.0,0.0,0.0,1.0,-0.00049,0.0,0.0,0.0,0.0,0.0,0.0,0.0,0.0,-1.91534,0.0,0.0,0.0,0.0,0.0,1000.0,1.0,0.0,-0.00538,0.01989,55.0,0.0,0.0,0.0,A,0
2025-12-14 15:01:02.269000+00:00,-0.00538,0.0,0.0,0.0,0.0,0.0,0.0,10.0,0.0,1000.0,0.0,0.0,0.0,0.0,1.0,-0.00049,0.0,0.0,0.0,8.0,0.0,0.0,0.0,0.0,-1.91534,0.0,0.0,0.0,9.0,0.0,1000.0,1.0,0.0,-0.00538,0.01989,55.0,10.0,0.0,0.0,A,0
2025-12-14 15:01:02.271000+00:00,-0.00067,0.0,0.0,0.0,0.0,0.0,0.0,10.0,0.0,1000.0,0.0,0.0,0.0,0.0,0.0,-6e-05,1.0,0.0,0.0,8.0,0.0,0.0,0.0,0.0,-0.23942,1.0,0.0,0.0,9.0,0.0,1000.0,0.0,0.0,-0.00067,0.01989,55.0,10.0,0.0,1.0,A,0
2025-12-14 15:01:02.571000+00:00,1.1745,0.0,0.0,0.0,0.0,0.0,0.0,10.0,0.0,1000.0,0.0,0.0,0.0,1000.0,0.0,1.74876,1.0,0.69987,1935.0,8.0,2.70182,0.0,1000.0,0.0,0.94483,1.0,0.3899,1078.0,9.0,1.50101,1000.0,0.0,0.0,1.1745,0.49986,1382.0,10.0,2.10142,1.0,A,0
2025-12-14 15:01:02.869000+00:00,1.1745,0.0,0.0,0.0,0.0,0.0,0.0,10.0,0.0,1000.0,0.0,0.0,0.0,1000.0,0.0,1.74876,1.0,0.69987,4147.0,8.0,2.70182,0.0,1000.0,0.0,0.94483,1.0,0.3899,2294.0,9.0,1.50101,1000.0,0.0,0.0,1.1745,0.49986,3068.0,10.0,2.10142,1.0,A,0
2025-12-14 15:01:02.871000+00:00,1.81905,0.0,0.0,0.0,0.0,0.0,0.0,10.0,0.0,1000.0,0.0,0.0,0.0,1000.0,0.0,2.46175,1.0,1.49993,4147.0,8.0,2.60055,0.0,1000.0,0.0,1.36016,1.0,0.82972,2294.0,9.0,1.40336,1000.0,0.0,0.0,1.81905,1.10966,3068.0,10.0,2.0978,1.0,A,0
2025-12-14 15:01:03.169000+00:00,1.81905,0.0,0.0,0.0,0.0,0.0,0.0,10.0,0.0,1000.0,0.0,0.0,0.0,1000.0,0.0,2.46175,1.0,1.49993,6497.0,8.0,2.60055,0.0,1000.0,0.0,1.36016,1.0,0.82972,3594.0,9.0,1.40336,1000.0,0.0,0.0,1.81905,1.10966,4893.0,10.0,2.0978,1.0,A,0
2025-12-14 15:01:03.171000+00:00,2.51507,0.0,0.0,0.0,0.0,0.0,0.0,10.0,0.0,1000.0,0.0,0.0,0.0,1000.0,0.0,3.30748,1.0,2.3499,6497.0,8.0,3.20095,0.0,1000.0,0.0,1.84555,1.0,1.29991,3594.0,9.0,1.69994,1000.0,0.0,0.0,2.51507,1.76975,4893.0,10.0,2.49928,1.0,A,0
2025-12-14 15:01:03.470000+00:00,2.51507,0.0,0.0,0.0,0.0,0.0,0.0,10.0,0.0,1000.0,0.0,0.0,0.0,1000.0,0.0,3.30748,1.0,2.3499,8709.0,8.0,3.20095,0.0,1000.0,0.0,1.84555,1.0,1.29991,4838.0,9.0,1.69994,1000.0,0.0,0.0,2.51507,1.76975,6607.0,10.0,2.49928,1.0,A,0
2025-12-14 15:01:03.471000+00:00,2.15222,0.0,0.0,0.0,0.0,0.0,0.0,10.0,0.0,1000.0,0.0,0.0,0.0,1000.0,0.0,2.8128,1.0,3.14996,8709.0,8.0,2.70182,0.0,1000.0,0.0,1.56804,1.0,1.74986,4838.0,9.0,1.50101,1000.0,0.0,0.0,2.15222,2.38968,6607.0,10.0,2.0978,1.0,A,0
2025-12-14 15:01:03.771000+00:00,2.06258,0.0,0.0,0.0,0.0,0.0,0.0,10.0,0.0,1000.0,0.0,0.0,0.0,1000.0,0.0,2.67712,1.0,3.99993,11059.0,8.0,2.70182,0.0,1000.0,0.0,1.51777,1.0,2.21969,6137.0,9.0,1.39974,1000.0,0.0,0.0,2.06258,3.03964,8404.0,10.0,2.10142,1.0,A,0
2025-12-14 15:01:04.071000+00:00,2.17071,0.0,0.0,0.0,0.0,0.0,0.0,10.0,0.0,1000.0,0.0,0.0,0.0,1000.0,0.0,2.77288,1.0,4.78986,13243.0,8.0,5.29876,0.0,1000.0,0.0,1.56459,1.0,2.65987,7354.0,9.0,2.90075,1000.0,0.0,0.0,2.17071,3.65994,10119.0,10.0,4.10156,1.0,A,0
2025-12-14 15:01:04.369000+00:00,2.17071,0.0,0.0,0.0,0.0,0.0,0.0,10.0,0.0,1000.0,0.0,0.0,0.0,1000.0,0.0,2.77288,1.0,4.78986,15621.0,8.0,5.29876,0.0,1000.0,0.0,1.56459,1.0,2.65987,8681.0,9.0,2.90075,1000.0,0.0,0.0,2.17071,3.65994,11943.0,10.0,4.10156,1.0,A,0
2025-12-14 15:01:04.372000+00:00,2.50929,0.0,0.0,0.0,0.0,0.0,0.0,10.0,0.0,1000.0,0.0,0.0,0.0,1000.0,0.0,3.28398,1.0,5.64996,15621.0,8.0,3.20096,0.0,1000.0,0.0,1.83222,1.0,3.13983,8681.0,9.0,1.7976,1000.0,0.0,0.0,2.50929,4.31966,11943.0,10.0,2.40162,1.0,A,0
2025-12-14 15:01:04.670000+00:00,2.15184,0.0,0.0,0.0,0.0,0.0,0.0,10.0,0.0,1000.0,0.0,0.0,0.0,1000.0,0.0,2.79492,1.0,6.43989,17805.0,8.0,2.70182,0.0,1000.0,0.0,1.53318,1.0,3.57964,9897.0,9.0,1.50101,1000.0,0.0,0.0,2.15184,4.92983,13630.0,10.0,2.10142,1.0,A,0
2025-12-14 15:01:04.971000+00:00,2.0824,0.0,0.0,0.0,0.0,0.0,0.0,10.0,0.0,1000.0,0.0,0.0,0.0,1000.0,0.0,2.68633,1.0,7.28986,20155.0,8.0,3.20096,0.0,1000.0,0.0,1.50413,1.0,4.04984,11197.0,9.0,1.80121,1000.0,0.0,0.0,2.0824,5.58992,15455.0,10.0,2.49928,1.0,A,0
2025-12-14 15:01:05.270000+00:00,2.14549,0.0,0.0,0.0,0.0,0.0,0.0,10.0,0.0,1000.0,0.0,0.0,0.0,1000.0,0.0,2.7721,0.0,7.82986,21648.0,8.0,5.40003,0.0,1000.0,0.0,1.52621,1.0,4.34968,12026.0,9.0,2.99841,1000.0,0.0,0.0,2.14549,5.99971,16588.0,10.0,4.09795,1.0,A,0
2025-12-14 15:01:05.569000+00:00,2.14549,0.0,0.0,0.0,0.0,0.0,0.0,10.0,0.0,1000.0,0.0,0.0,0.0,1000.0,0.0,2.7721,0.0,7.82986,22809.0,8.0,5.40003,0.0,1000.0,0.0,1.52621,1.0,4.34968,13326.0,9.0,2.99841,1000.0,0.0,0.0,2.14549,5.99971,18413.0,10.0,4.09795,1.0,A,0
2025-12-14 15:01:05.571000+00:00,2.30586,0.0,0.0,0.0,0.0,0.0,0.0,10.0,0.0,1000.0,0.0,0.0,0.0,1000.0,0.0,2.47099,0.0,8.24978,22809.0,8.0,0.0,0.0,1000.0,0.0,1.6407,1.0,4.81988,13326.0,9.0,1.80122,1000.0,0.0,0.0,2.30586,6.65979,18413.0,10.0,2.49928,1.0,A,0
2025-12-14 15:01:05.869000+00:00,2.30586,0.0,0.0,0.0,0.0,0.0,0.0,10.0,0.0,1000.0,0.0,0.0,0.0,1000.0,0.0,2.47099,0.0,8.24978,22809.0,8.0,0.0,0.0,1000.0,0.0,1.6407,1.0,4.81988,14570.0,9.0,1.80122,1000.0,0.0,0.0,2.30586,6.65979,20127.0,10.0,2.49928,1.0,A,0
2025-12-14 15:01:05.871000+00:00,2.12607,0.0,0.0,0.0,0.0,0.0,0.0,10.0,0.0,1000.0,0.0,0.0,0.0,1000.0,1.0,0.30887,0.0,8.24978,22809.0,8.0,0.0,0.0,1000.0,0.0,1.55419,1.0,5.26982,14570.0,9.0,1.50102,1000.0,0.0,0.0,2.12607,7.27973,20127.0,10.0,2.0978,1.0,A,0
2025-12-14 15:01:06.168000+00:00,2.12607,0.0,0.0,0.0,0.0,0.0,0.0,10.0,0.0,1000.0,0.0,0.0,0.0,1000.0,1.0,0.30887,0.0,8.24978,22809.0,8.0,0.0,0.0,1000.0,0.0,1.55419,1.0,5.26982,15869.0,9.0,1.50102,1000.0,0.0,0.0,2.12607,7.27973,21924.0,10.0,2.0978,1.0,A,0
2025-12-14 15:01:06.171000+00:00,2.05604,0.0,0.0,0.0,0.0,0.0,0.0,10.0,0.0,1000.0,0.0,0.0,0.0,1000.0,1.0,0.07722,0.0,8.24978,22809.0,8.0,0.0,0.0,1000.0,0.0,1.46367,1.0,5.73966,15869.0,9.0,1.50101,1000.0,0.0,0.0,2.05604,7.92969,21924.0,10.0,2.10142,1.0,A,0
2025-12-14 15:01:06.467000+00:00,2.05604,0.0,0.0,0.0,0.0,0.0,0.0,10.0,0.0,1000.0,0.0,0.0,0.0,1000.0,1.0,0.07722,0.0,8.24978,22809.0,8.0,0.0,0.0,1000.0,0.0,1.46367,1.0,5.73966,17086.0,9.0,1.50101,1000.0,0.0,0.0,2.05604,7.92969,23639.0,10.0,2.10142,1.0,A,0
2025-12-14 15:01:06.470000+00:00,3.16996,0.0,0.0,0.0,0.0,0.0,0.0,10.0,0.0,1000.0,0.0,0.0,0.0,1000.0,1.0,0.00965,0.0,8.24978,22809.0,8.0,0.0,0.0,1000.0,0.0,2.27036,1.0,6.17983,17086.0,9.0,1.50101,1000.0,0.0,0.0,3.16996,8.54998,23639.0,10.0,2.10141,1.0,A,0
2025-12-14 15:01:06.769000+00:00,2.38418,0.0,0.0,0.0,0.0,0.0,0.0,10.0,0.0,1000.0,0.0,0.0,0.0,1000.0,1.0,0.00121,0.0,8.24978,22809.0,8.0,0.0,0.0,1000.0,0.0,1.74547,1.0,6.65979,18413.0,9.0,1.7976,1000.0,0.0,0.0,2.38418,9.20971,25463.0,10.0,2.40162,1.0,A,0
2025-12-14 15:01:07.068000+00:00,2.38418,0.0,0.0,0.0,0.0,0.0,0.0,10.0,0.0,1000.0,0.0,0.0,0.0,1000.0,1.0,0.00121,0.0,8.24978,22809.0,8.0,0.0,0.0,1000.0,0.0,1.74547,1.0,6.65979,19713.0,9.0,1.7976,1000.0,0.0,0.0,2.38418,9.20971,27260.0,10.0,2.40162,1.0,A,0
2025-12-14 15:01:07.073000+00:00,2.12057,0.0,0.0,0.0,0.0,0.0,0.0,10.0,0.0,1000.0,0.0,0.0,0.0,1000.0,1.0,0.0003,0.0,8.24978,22809.0,8.0,0.0,0.0,1000.0,0.0,1.51149,1.0,7.12999,19713.0,9.0,1.50101,1000.0,0.0,0.0,2.12057,9.85966,27260.0,10.0,2.10141,0.0,A,0
2025-12-14 15:01:07.368000+00:00,2.12057,0.0,0.0,0.0,0.0,0.0,0.0,10.0,0.0,1000.0,0.0,0.0,0.0,1000.0,1.0,0.0003,0.0,8.24978,22809.0,8.0,0.0,0.0,1000.0,0.0,1.51149,1.0,7.12999,20929.0,9.0,1.50101,1000.0,0.0,0.0,2.12057,9.85966,27648.0,10.0,2.10141,0.0,A,0
2025-12-14 15:01:07.370000+00:00,1.82893,0.0,0.0,0.0,0.0,0.0,0.0,10.0,0.0,1000.0,0.0,0.0,0.0,1000.0,1.0,4e-05,0.0,8.24978,22809.0,8.0,0.0,0.0,1000.0,0.0,1.57557,1.0,7.56981,20929.0,9.0,1.39974,0.0,0.0,0.0,1.82893,10.0,27648.0,10.0,0.0,0.0,A,0
2025-12-14 15:01:07.671000+00:00,0.22862,0.0,0.0,0.0,0.0,0.0,0.0,10.0,0.0,1000.0,0.0,0.0,0.0,1000.0,1.0,0.0,0.0,8.24978,22809.0,8.0,0.0,0.0,1000.0,0.0,1.87112,1.0,8.03964,22228.0,9.0,1.4974,0.0,1.0,0.0,0.22862,10.0,27648.0,10.0,0.0,0.0,A,0
2025-12-14 15:01:07.968000+00:00,0.22862,0.0,0.0,0.0,0.0,0.0,0.0,10.0,0.0,1000.0,0.0,0.0,0.0,1000.0,1.0,0.0,0.0,8.24978,22809.0,8.0,0.0,0.0,1000.0,0.0,1.87112,1.0,8.03964,23058.0,9.0,1.4974,0.0,1.0,0.0,0.22862,10.0,27648.0,10.0,0.0,0.0,A,0
2025-12-14 15:01:07.971000+00:00,0.05715,0.0,0.0,0.0,0.0,0.0,0.0,10.0,0.0,1000.0,0.0,0.0,0.0,1000.0,1.0,0.0,0.0,8.24978,22809.0,8.0,0.0,0.0,1000.0,0.0,1.64327,1.0,8.48994,23058.0,9.0,1.50102,0.0,1.0,0.0,0.05715,10.0,27648.0,10.0,0.0,0.0,A,0
2025-12-14 15:01:08.270000+00:00,0.00714,0.0,0.0,0.0,0.0,0.0,0.0,10.0,0.0,1000.0,0.0,0.0,0.0,1000.0,1.0,0.0,0.0,8.24978,22809.0,8.0,0.0,0.0,1000.0,0.0,1.51699,0.0,8.77966,24274.0,9.0,1.39974,0.0,1.0,0.0,0.00714,10.0,27648.0,10.0,0.0,0.0,A,0
2025-12-14 15:01:08.568000+00:00,0.00714,0.0,0.0,0.0,0.0,0.0,0.0,10.0,0.0,1000.0,0.0,0.0,0.0,1000.0,1.0,0.0,0.0,8.24978,22809.0,8.0,0.0,0.0,1000.0,0.0,1.51699,0.0,8.77966,24938.0,9.0,1.39974,0.0,1.0,0.0,0.00714,10.0,27648.0,10.0,0.0,0.0,A,0
2025-12-14 15:01:08.571000+00:00,0.00179,0.0,0.0,0.0,0.0,0.0,0.0,10.0,0.0,1000.0,0.0,0.0,0.0,1000.0,1.0,0.0,0.0,8.24978,22809.0,8.0,0.0,0.0,1000.0,0.0,1.47969,0.0,9.01982,24938.0,9.0,0.9006,0.0,1.0,0.0,0.00179,10.0,27648.0,10.0,0.0,0.0,A,0
2025-12-14 15:01:08.868000+00:00,0.00179,0.0,0.0,0.0,0.0,0.0,0.0,10.0,0.0,1000.0,0.0,0.0,0.0,1000.0,1.0,0.0,0.0,8.24978,22809.0,5.0,0.0,0.0,1000.0,0.0,1.47969,0.0,9.01982,24938.0,5.0,0.9006,0.0,1.0,0.0,0.00179,10.0,27648.0,5.0,0.0,0.0,A,0
2025-12-14 15:01:08.872000+00:00,0.00022,0.0,0.0,0.0,0.0,0.0,0.0,10.0,0.0,1000.0,0.0,0.0,1.0,1000.0,0.0,0.0,0.0,8.24978,22809.0,5.0,0.0,1.0,1000.0,0.0,0.29754,0.0,9.01982,24938.0,5.0,0.0,0.0,0.0,1.0,0.00022,10.0,27648.0,5.0,0.0,0.0,A,0
2025-12-14 15:01:09.170000+00:00,0.00022,0.0,0.0,0.0,0.0,0.0,0.0,10.0,0.0,1000.0,0.0,0.0,1.0,1000.0,0.0,0.0,0.0,8.24978,20901.0,5.0,0.0,1.0,1000.0,0.0,0.29754,0.0,9.01982,23887.0,5.0,0.0,0.0,0.0,1.0,0.00022,10.0,26376.0,5.0,0.0,0.0,A,0
2025-12-14 15:01:09.171000+00:00,-1.17456,0.0,0.0,0.0,0.0,0.0,0.0,10.0,0.0,1000.0,0.0,0.0,1.0,1000.0,0.0,-1.69994,0.0,7.55968,20901.0,5.0,-2.70183,1.0,1000.0,0.0,-0.93847,0.0,8.63968,23887.0,5.0,-1.39974,1000.0,0.0,1.0,-1.17456,9.53993,26376.0,5.0,-2.00014,0.0,A,0
2025-12-14 15:01:09.469000+00:00,-1.17456,0.0,0.0,0.0,0.0,0.0,0.0,10.0,0.0,1000.0,0.0,0.0,1.0,1000.0,0.0,-1.69994,0.0,7.55968,18551.0,5.0,-2.70183,1.0,1000.0,0.0,-0.93847,0.0,8.63968,22560.0,5.0,-1.39974,1000.0,0.0,1.0,-1.17456,9.53993,24551.0,5.0,-2.00014,0.0,A,0
2025-12-14 15:01:09.473000+00:00,-1.84439,0.0,0.0,0.0,0.0,0.0,0.0,10.0,0.0,1000.0,0.0,0.0,1.0,1000.0,0.0,-2.44955,0.0,6.70971,18551.0,5.0,-2.60055,1.0,1000.0,0.0,-1.33325,0.0,8.15972,22560.0,5.0,-1.50101,1000.0,0.0,1.0,-1.84439,8.87985,24551.0,5.0,-2.00014,0.0,A,0
2025-12-14 15:01:09.768000+00:00,-1.84439,0.0,0.0,0.0,0.0,0.0,0.0,10.0,0.0,1000.0,0.0,0.0,1.0,1000.0,0.0,-2.44955,0.0,6.70971,16339.0,5.0,-2.60055,1.0,1000.0,0.0,-1.33325,0.0,8.15972,21344.0,5.0,-1.50101,1000.0,0.0,1.0,-1.84439,8.87985,22837.0,5.0,-2.00014,0.0,A,0
2025-12-14 15:01:09.770000+00:00,-2.10546,0.0,0.0,0.0,0.0,0.0,0.0,10.0,0.0,1000.0,0.0,0.0,1.0,1000.0,0.0,-2.7806,0.0,5.90965,16339.0,5.0,-5.30237,1.0,1000.0,0.0,-1.50446,0.0,7.71991,21344.0,5.0,-2.9984,1000.0,0.0,1.0,-2.10546,8.25991,22837.0,5.0,-4.19922,0.0,A,0
2025-12-14 15:01:10.068000+00:00,-2.10546,0.0,0.0,0.0,0.0,0.0,0.0,10.0,0.0,1000.0,0.0,0.0,1.0,1000.0,0.0,-2.7806,0.0,5.90965,13989.0,5.0,-5.30237,1.0,1000.0,0.0,-1.50446,0.0,7.71991,20044.0,5.0,-2.9984,1000.0,0.0,1.0,-2.10546,8.25991,21040.0,5.0,-4.19922,0.0,A,0
2025-12-14 15:01:10.070000+00:00,-2.53776,0.0,0.0,0.0,0.0,0.0,0.0,10.0,0.0,1000.0,0.0,0.0,0.0,1000.0,0.0,-3.26008,0.0,5.05968,13989.0,5.0,-2.70183,1.0,1000.0,0.0,-1.83872,0.0,7.24971,20044.0,5.0,-1.39974,1000.0,0.0,1.0,-2.53776,7.60995,21040.0,5.0,-2.00015,0.0,A,0
2025-12-14 15:01:10.368000+00:00,-2.53776,0.0,0.0,0.0,0.0,0.0,0.0,10.0,0.0,1000.0,0.0,0.0,0.0,1000.0,0.0,-3.26008,0.0,5.05968,12966.0,5.0,-2.70183,1.0,1000.0,0.0,-1.83872,0.0,7.24971,18800.0,5.0,-1.39974,1000.0,0.0,1.0,-2.53776,7.60995,19325.0,5.0,-2.00015,0.0,A,0
2025-12-14 15:01:10.371000+00:00,-2.18518,0.0,0.0,0.0,0.0,0.0,0.0,10.0,0.0,1000.0,0.0,0.0,0.0,1000.0,0.0,-2.83958,1.0,4.68967,12966.0,5.0,-1.00188,1.0,1000.0,0.0,-1.55831,0.0,6.79977,18800.0,5.0,-1.50101,1000.0,0.0,1.0,-2.18518,6.98966,19325.0,5.0,-2.00015,0.0,A,0
2025-12-14 15:01:10.667000+00:00,-2.18518,0.0,0.0,0.0,0.0,0.0,0.0,10.0,0.0,1000.0,0.0,0.0,0.0,1000.0,0.0,-2.83958,1.0,4.68967,14432.0,5.0,-1.00188,1.0,1000.0,0.0,-1.55831,0.0,6.79977,17584.0,5.0,-1.50101,1000.0,0.0,1.0,-2.18518,6.98966,17611.0,5.0,-2.00015,0.0,A,0
2025-12-14 15:01:10.671000+00:00,-2.04859,0.0,0.0,0.0,0.0,0.0,0.0,10.0,0.0,1000.0,0.0,0.0,0.0,1000.0,0.0,0.02076,0.0,5.21991,14432.0,5.0,2.6982,1.0,1000.0,0.0,-1.45754,0.0,6.35995,17584.0,5.0,-1.50101,1000.0,0.0,1.0,-2.04859,6.36972,17611.0,5.0,-2.0978,0.0,A,0
2025-12-14 15:01:10.970000+00:00,-3.29336,0.0,0.0,0.0,0.0,0.0,0.0,10.0,0.0,1000.0,0.0,0.0,0.0,1000.0,1.0,0.74044,0.0,5.21991,14432.0,5.0,0.0,1.0,1000.0,0.0,-2.39528,0.0,5.88976,16284.0,5.0,-1.39974,1000.0,0.0,1.0,-3.29336,5.71976,15814.0,5.0,-2.00014,0.0,A,0
2025-12-14 15:01:11.268000+00:00,-3.29336,0.0,0.0,0.0,0.0,0.0,0.0,10.0,0.0,1000.0,0.0,0.0,0.0,1000.0,1.0,0.74044,0.0,5.21991,14432.0,5.0,0.0,1.0,1000.0,0.0,-2.39528,0.0,5.88976,15040.0,5.0,-1.39974,1000.0,0.0,1.0,-3.29336,5.71976,14100.0,5.0,-2.00014,0.0,A,0
2025-12-14 15:01:11.270000+00:00,-2.37228,0.0,0.0,0.0,0.0,0.0,0.0,10.0,0.0,1000.0,0.0,0.0,0.0,1000.0,1.0,0.18511,0.0,5.21991,14432.0,5.0,0.0,1.0,1000.0,0.0,-1.69926,0.0,5.43981,15040.0,5.0,-1.4974,1000.0,0.0,0.0,-2.37228,5.09983,14100.0,5.0,-2.00015,0.0,A,0
2025-12-14 15:01:11.568000+00:00,-2.37228,0.0,0.0,0.0,0.0,0.0,0.0,10.0,0.0,1000.0,0.0,0.0,0.0,1000.0,1.0,0.18511,0.0,5.21991,14432.0,5.0,0.0,1.0,1000.0,0.0,-1.69926,0.0,5.43981,14155.0,5.0,-1.4974,1000.0,0.0,0.0,-2.37228,5.09983,13188.0,5.0,-2.00015,0.0,A,0
2025-12-14 15:01:11.570000+00:00,-2.32154,0.0,0.0,0.0,0.0,0.0,0.0,10.0,0.0,1000.0,0.0,0.0,0.0,1000.0,1.0,0.02314,0.0,5.21991,14432.0,5.0,0.0,0.0,1000.0,0.0,-1.6248,0.0,5.11972,14155.0,5.0,-1.50102,1000.0,0.0,0.0,-2.32154,4.76997,13188.0,5.0,-0.79934,0.0,A,0
2025-12-14 15:01:11.871000+00:00,-0.78022,0.0,0.0,0.0,0.0,0.0,0.0,10.0,0.0,1000.0,0.0,0.0,0.0,1000.0,1.0,0.00578,0.0,5.21991,14432.0,5.0,0.0,0.0,1000.0,0.0,-1.08166,0.0,5.05968,13989.0,5.0,0.0,1000.0,1.0,0.0,-0.78022,4.76997,13188.0,5.0,0.0,0.0,A,0
2025-12-14 15:01:12.169000+00:00,-0.09753,0.0,0.0,0.0,0.0,0.0,0.0,10.0,0.0,1000.0,0.0,0.0,1.0,1000.0,0.0,0.00072,0.0,5.05968,13989.0,0.0,-1.60229,1.0,1000.0,0.0,-0.13521,0.0,4.96998,13741.0,0.0,-0.89699,1000.0,0.0,1.0,-0.09753,4.6998,12994.0,0.0,-0.70168,0.0,A,0
2025-12-14 15:01:12.469000+00:00,-1.84958,0.0,0.0,0.0,0.0,0.0,0.0,10.0,0.0,1000.0,0.0,0.0,1.0,1000.0,0.0,-2.42459,0.0,4.20971,11639.0,0.0,-2.70182,1.0,1000.0,0.0,-1.40489,0.0,4.49978,12441.0,0.0,-1.39974,1000.0,0.0,1.0,-1.84958,4.03971,11169.0,0.0,-2.10142,0.0,A,0
2025-12-14 15:01:12.768000+00:00,-1.84958,0.0,0.0,0.0,0.0,0.0,0.0,10.0,0.0,1000.0,0.0,0.0,1.0,1000.0,0.0,-2.42459,0.0,4.20971,9427.0,0.0,-2.70182,1.0,1000.0,0.0,-1.40489,0.0,4.49978,11197.0,0.0,-1.39974,1000.0,0.0,1.0,-1.84958,4.03971,9483.0,0.0,-2.10142,0.0,A,0
2025-12-14 15:01:12.772000+00:00,-1.98782,0.0,0.0,0.0,0.0,0.0,0.0,10.0,0.0,1000.0,0.0,0.0,1.0,1000.0,0.0,-2.63071,0.0,3.40965,9427.0,0.0,-2.60055,1.0,1000.0,0.0,-1.45166,0.0,4.04984,11197.0,0.0,-1.4974,1000.0,0.0,1.0,-1.98782,3.4299,9483.0,0.0,-2.0978,0.0,A,0
2025-12-14 15:01:13.068000+00:00,-1.98782,0.0,0.0,0.0,0.0,0.0,0.0,10.0,0.0,1000.0,0.0,0.0,1.0,1000.0,0.0,-2.63071,0.0,3.40965,7077.0,0.0,-2.60055,1.0,1000.0,0.0,-1.45166,0.0,4.04984,9897.0,0.0,-1.4974,1000.0,0.0,1.0,-1.98782,3.4299,7658.0,0.0,-2.0978,0.0,A,0
2025-12-14 15:01:13.071000+00:00,-2.26038,0.0,0.0,0.0,0.0,0.0,0.0,10.0,0.0,1000.0,0.0,0.0,1.0,1000.0,0.0,-2.92803,0.0,2.55968,7077.0,0.0,-2.60055,1.0,1000.0,0.0,-1.59386,0.0,3.57964,9897.0,0.0,-1.50101,1000.0,0.0,1.0,-2.26038,2.76982,7658.0,0.0,-2.00014,0.0,A,0
2025-12-14 15:01:13.371000+00:00,-2.58335,0.0,0.0,0.0,0.0,0.0,0.0,10.0,0.0,1000.0,0.0,0.0,1.0,1000.0,0.0,-3.36667,0.0,1.75998,4866.0,0.0,-2.69821,1.0,1000.0,0.0,-1.88697,0.0,3.13983,8681.0,0.0,-1.39974,1000.0,0.0,1.0,-2.58335,2.14988,5944.0,0.0,-2.0978,0.0,A,0
2025-12-14 15:01:13.668000+00:00,-2.58335,0.0,0.0,0.0,0.0,0.0,0.0,10.0,0.0,1000.0,0.0,0.0,1.0,1000.0,0.0,-3.36667,0.0,1.75998,2515.0,0.0,-2.69821,1.0,1000.0,0.0,-1.88697,0.0,3.13983,7354.0,0.0,-1.39974,1000.0,0.0,1.0,-2.58335,2.14988,4147.0,0.0,-2.0978,0.0,A,0
2025-12-14 15:01:13.672000+00:00,-2.3711,0.0,0.0,0.0,0.0,0.0,0.0,10.0,0.0,1000.0,0.0,0.0,1.0,1000.0,0.0,-3.1167,0.0,0.90965,2515.0,0.0,-2.60055,1.0,1000.0,0.0,-1.72228,0.0,2.65987,7354.0,0.0,-1.4974,1000.0,0.0,1.0,-2.3711,1.49993,4147.0,0.0,-2.0978,0.0,A,0
2025-12-14 15:01:13.969000+00:00,-2.3711,0.0,0.0,0.0,0.0,0.0,0.0,10.0,0.0,1000.0,0.0,0.0,1.0,1000.0,0.0,-3.1167,0.0,0.90965,165.0,0.0,-2.60055,1.0,1000.0,0.0,-1.72228,0.0,2.65987,6054.0,0.0,-1.4974,1000.0,0.0,1.0,-2.3711,1.49993,2322.0,0.0,-2.0978,0.0,A,0
2025-12-14 15:01:13.972000+00:00,-2.10936,0.0,0.0,0.0,0.0,0.0,0.0,10.0,0.0,1000.0,0.0,0.0,0.0,1000.0,0.0,-2.68858,0.0,0.05968,165.0,0.0,-2.70182,1.0,1000.0,0.0,-1.47758,0.0,2.18967,6054.0,0.0,-1.50101,1000.0,0.0,1.0,-2.10936,0.83984,2322.0,0.0,-2.00014,0.0,A,0
2025-12-14 15:01:14.268000+00:00,-2.10936,0.0,0.0,0.0,0.0,0.0,0.0,10.0,0.0,1000.0,0.0,0.0,0.0,1000.0,0.0,-2.68858,0.0,0.05968,0.0,0.0,-2.70182,1.0,1000.0,0.0,-1.47758,0.0,2.18967,5253.0,0.0,-1.50101,1000.0,0.0,1.0,-2.10936,0.83984,1188.0,0.0,-2.00014,0.0,A,0
2025-12-14 15:01:14.270000+00:00,-2.18922,0.0,0.0,0.0,0.0,0.0,0.0,10.0,0.0,1000.0,0.0,0.0,0.0,0.0,0.0,-1.77243,0.0,0.0,0.0,0.0,-0.59679,1.0,1000.0,0.0,-1.57133,0.0,1.89996,5253.0,0.0,-1.4974,1000.0,0.0,1.0,-2.18922,0.42969,1188.0,0.0,-2.10142,0.0,A,0
2025-12-14 15:01:14.571000+00:00,-2.57186,0.0,0.0,0.0,0.0,0.0,0.0,10.0,0.0,1000.0,0.0,0.0,0.0,0.0,1.0,-0.44311,0.0,0.0,0.0,0.0,0.0,1.0,1000.0,0.0,-1.86853,0.0,1.44965,4008.0,0.0,-1.50101,1000.0,0.0,0.0,-2.57186,0.01989,55.0,0.0,0.0,0.0,A,0
2025-12-14 15:01:14.867000+00:00,-2.57186,0.0,0.0,0.0,0.0,0.0,0.0,10.0,0.0,1000.0,0.0,0.0,0.0,0.0,1.0,-0.44311,0.0,0.0,0.0,0.0,0.0,1.0,1000.0,0.0,-1.86853,0.0,1.44965,2709.0,0.0,-1.50101,1000.0,0.0,0.0,-2.57186,0.01989,55.0,0.0,0.0,0.0,A,0
2025-12-14 15:01:14.871000+00:00,-0.32148,0.0,0.0,0.0,0.0,0.0,0.0,10.0,0.0,1000.0,0.0,0.0,0.0,0.0,1.0,-0.05539,0.0,0.0,0.0,0.0,0.0,1.0,1000.0,0.0,-1.64551,0.0,0.97982,2709.0,0.0,-1.50101,1000.0,1.0,0.0,-0.32148,0.01989,55.0,0.0,0.0,0.0,A,0
2025-12-14 15:01:15.167000+00:00,-0.32148,0.0,0.0,0.0,0.0,0.0,0.0,10.0,0.0,1000.0,0.0,0.0,0.0,0.0,1.0,-0.05539,0.0,0.0,0.0,0.0,0.0,1.0,1000.0,0.0,-1.64551,0.0,0.97982,1492.0,0.0,-1.50101,1000.0,1.0,0.0,-0.32148,0.01989,55.0,0.0,0.0,0.0,A,0
2025-12-14 15:01:15.171000+00:00,-0.08037,0.0,0.0,0.0,0.0,0.0,0.0,10.0,0.0,1000.0,0.0,0.0,0.0,0.0,1.0,-0.01385,0.0,0.0,0.0,0.0,0.0,1.0,1000.0,0.0,-1.53714,0.0,0.53964,1492.0,0.0,-1.4974,1000.0,1.0,0.0,-0.08037,0.01989,55.0,0.0,0.0,0.0,A,0
2025-12-14 15:01:15.471000+00:00,-0.01005,0.0,0.0,0.0,0.0,0.0,0.0,10.0,0.0,1000.0,0.0,0.0,0.0,0.0,1.0,-0.00173,0.0,0.0,0.0,0.0,0.0,0.0,1000.0,0.0,-1.62895,0.0,0.05968,165.0,0.0,-3.00203,1000.0,1.0,0.0,-0.01005,0.01989,55.0,0.0,0.0,0.0,A,0
2025-12-14 15:01:15.768000+00:00,-0.01005,0.0,0.0,0.0,0.0,0.0,0.0,10.0,0.0,1000.0,0.0,0.0,0.0,0.0,1.0,-0.00173,0.0,0.0,0.0,0.0,0.0,0.0,1000.0,0.0,-1.62895,0.0,0.05968,0.0,0.0,-3.00203,1000.0,1.0,0.0,-0.01005,0.01989,55.0,0.0,0.0,0.0,A,0
2025-12-14 15:01:15.770000+00:00,-0.00126,0.0,0.0,0.0,0.0,0.0,0.0,10.0,0.0,1000.0,0.0,0.0,0.0,0.0,1.0,-0.00022,0.0,0.0,0.0,0.0,0.0,0.0,0.0,0.0,-0.72807,0.0,0.0,0.0,0.0,0.0,1000.0,1.0,0.0,-0.00126,0.01989,55.0,0.0,0.0,0.0,A,0
2025-12-14 15:01:16.071000+00:00,-0.00031,0.0,0.0,0.0,0.0,0.0,0.0,10.0,0.0,1000.0,0.0,0.0,0.0,1000.0,0.0,-5e-05,1.0,0.15987,442.0,8.0,0.0,0.0,1000.0,0.0,-0.18202,1.0,0.09983,276.0,9.0,0.0,1000.0,0.0,0.0,-0.00031,0.0897,248.0,10.0,0.0,1.0,A,0
2025-12-14 15:01:16.369000+00:00,-0.00031,0.0,0.0,0.0,0.0,0.0,0.0,10.0,0.0,1000.0,0.0,0.0,0.0,1000.0,0.0,-5e-05,1.0,0.15987,2820.0,8.0,0.0,0.0,1000.0,0.0,-0.18202,1.0,0.09983,1575.0,9.0,0.0,1000.0,0.0,0.0,-0.00031,0.0897,2073.0,10.0,0.0,1.0,A,0
2025-12-14 15:01:16.371000+00:00,1.17455,0.0,0.0,0.0,0.0,0.0,0.0,10.0,0.0,1000.0,0.0,0.0,0.0,1000.0,0.0,1.74876,1.0,1.01997,2820.0,8.0,2.70182,0.0,1000.0,0.0,0.97732,1.0,0.56966,1575.0,9.0,1.39974,1000.0,0.0,0.0,1.17455,0.74978,2073.0,10.0,2.10142,1.0,A,0
2025-12-14 15:01:16.669000+00:00,3.0851,0.0,0.0,0.0,0.0,0.0,0.0,10.0,0.0,1000.0,0.0,0.0,0.0,1000.0,0.0,4.00594,1.0,1.81966,5031.0,8.0,2.69821,0.0,1000.0,0.0,2.24754,1.0,1.01997,2820.0,9.0,1.50101,1000.0,0.0,0.0,3.0851,1.35995,3760.0,10.0,2.00014,1.0,A,0
2025-12-14 15:01:16.968000+00:00,3.0851,0.0,0.0,0.0,0.0,0.0,0.0,10.0,0.0,1000.0,0.0,0.0,0.0,1000.0,0.0,4.00594,1.0,1.81966,7216.0,8.0,2.69821,0.0,1000.0,0.0,2.24754,1.0,1.01997,4036.0,9.0,1.50101,1000.0,0.0,0.0,3.0851,1.35995,5474.0,10.0,2.00014,1.0,A,0
2025-12-14 15:01:16.970000+00:00,2.32021,0.0,0.0,0.0,0.0,0.0,0.0,10.0,0.0,1000.0,0.0,0.0,0.0,1000.0,0.0,2.97631,1.0,2.60995,7216.0,8.0,2.70182,0.0,1000.0,0.0,1.63701,1.0,1.45978,4036.0,9.0,1.4974,1000.0,0.0,0.0,2.32021,1.97989,5474.0,10.0,2.00014,1.0,A,0
2025-12-14 15:01:17.271000+00:00,2.06547,0.0,0.0,0.0,0.0,0.0,0.0,10.0,0.0,1000.0,0.0,0.0,0.0,1000.0,0.0,2.70901,1.0,3.40965,9427.0,8.0,2.70182,0.0,1000.0,0.0,1.51756,1.0,1.89996,5253.0,9.0,1.39974,1000.0,0.0,0.0,2.06547,2.5897,7160.0,10.0,2.0978,1.0,A,0
2025-12-14 15:01:17.570000+00:00,2.27189,0.0,0.0,0.0,0.0,0.0,0.0,10.0,0.0,1000.0,0.0,0.0,0.0,1000.0,0.0,2.92606,1.0,3.99993,11059.0,8.0,3.20096,0.0,1000.0,0.0,1.63872,1.0,2.22982,6165.0,9.0,1.7976,1000.0,0.0,0.0,2.27189,3.04977,8432.0,10.0,2.50289,1.0,A,0
2025-12-14 15:01:17.869000+00:00,3.1432,0.0,0.0,0.0,0.0,0.0,0.0,10.0,0.0,1000.0,0.0,0.0,0.0,1000.0,0.0,4.05635,1.0,4.78986,13243.0,8.0,2.60055,0.0,1000.0,0.0,2.23531,1.0,2.66999,7382.0,9.0,1.50101,1000.0,0.0,0.0,3.1432,3.65994,10119.0,10.0,2.00015,1.0,A,0
2025-12-14 15:01:18.168000+00:00,3.1432,0.0,0.0,0.0,0.0,0.0,0.0,10.0,0.0,1000.0,0.0,0.0,0.0,1000.0,0.0,4.05635,1.0,4.78986,15621.0,8.0,2.60055,0.0,1000.0,0.0,2.23531,1.0,2.66999,8681.0,9.0,1.50101,1000.0,0.0,0.0,3.1432,3.65994,11943.0,10.0,2.00015,1.0,A,0
2025-12-14 15:01:18.171000+00:00,2.26781,0.0,0.0,0.0,0.0,0.0,0.0,10.0,0.0,1000.0,0.0,0.0,0.0,1000.0,0.0,2.98145,1.0,5.64996,15621.0,8.0,2.70183,0.0,1000.0,0.0,1.66695,1.0,3.13983,8681.0,9.0,1.39974,1000.0,0.0,0.0,2.26781,4.31966,11943.0,10.0,2.0978,1.0,A,0
2025-12-14 15:01:18.468000+00:00,2.26781,0.0,0.0,0.0,0.0,0.0,0.0,10.0,0.0,1000.0,0.0,0.0,0.0,1000.0,0.0,2.98145,1.0,5.64996,17971.0,8.0,2.70183,0.0,1000.0,0.0,1.66695,1.0,3.13983,10008.0,9.0,1.39974,1000.0,0.0,0.0,2.26781,4.31966,13768.0,10.0,2.0978,1.0,A,0
2025-12-14 15:01:18.470000+00:00,2.09147,0.0,0.0,0.0,0.0,0.0,0.0,10.0,0.0,1000.0,0.0,0.0,0.0,1000.0,0.0,2.71929,1.0,6.49993,17971.0,8.0,2.70182,0.0,1000.0,0.0,1.51718,1.0,3.61979,10008.0,9.0,1.4974,1000.0,0.0,0.0,2.09147,4.97975,13768.0,10.0,2.10142,1.0,A,0
2025-12-14 15:01:18.770000+00:00,2.149,0.0,0.0,0.0,0.0,0.0,0.0,10.0,0.0,1000.0,0.0,0.0,0.0,1000.0,0.0,2.77815,1.0,7.28986,20155.0,8.0,2.69821,0.0,1000.0,0.0,1.527,1.0,4.05997,11225.0,9.0,1.50101,1000.0,0.0,0.0,2.149,5.58992,15455.0,10.0,2.10142,1.0,A,0
2025-12-14 15:01:19.068000+00:00,2.149,0.0,0.0,0.0,0.0,0.0,0.0,10.0,0.0,1000.0,0.0,0.0,0.0,1000.0,0.0,2.77815,1.0,7.28986,22367.0,8.0,2.69821,0.0,1000.0,0.0,1.527,1.0,4.05997,12441.0,9.0,1.50101,1000.0,0.0,0.0,2.149,5.58992,17169.0,10.0,2.10142,1.0,A,0
2025-12-14 15:01:19.070000+00:00,2.55586,0.0,0.0,0.0,0.0,0.0,0.0,10.0,0.0,1000.0,0.0,0.0,0.0,1000.0,0.0,3.36015,0.0,8.08992,22367.0,8.0,2.60055,0.0,1000.0,0.0,1.87861,1.0,4.49978,12441.0,9.0,1.39974,1000.0,0.0,0.0,2.55586,6.20985,17169.0,10.0,2.10142,1.0,A,0
2025-12-14 15:01:19.368000+00:00,2.55586,0.0,0.0,0.0,0.0,0.0,0.0,10.0,0.0,1000.0,0.0,0.0,0.0,1000.0,0.0,3.36015,0.0,8.08992,22809.0,8.0,2.60055,0.0,1000.0,0.0,1.87861,1.0,4.49978,13768.0,9.0,1.39974,1000.0,0.0,0.0,2.55586,6.20985,18994.0,10.0,2.10142,1.0,A,0
2025-12-14 15:01:19.371000+00:00,2.41396,0.0,0.0,0.0,0.0,0.0,0.0,10.0,0.0,1000.0,0.0,0.0,0.0,1000.0,0.0,2.28951,0.0,8.24978,22809.0,8.0,0.0,0.0,1000.0,0.0,1.72019,1.0,4.97975,13768.0,9.0,1.4974,1000.0,0.0,0.0,2.41396,6.86994,18994.0,10.0,2.00014,1.0,A,0
2025-12-14 15:01:19.670000+00:00,2.07719,0.0,0.0,0.0,0.0,0.0,0.0,10.0,0.0,1000.0,0.0,0.0,0.0,1000.0,1.0,0.28619,0.0,8.24978,22809.0,8.0,0.0,0.0,1000.0,0.0,1.47732,1.0,5.44994,15068.0,9.0,1.80122,1000.0,0.0,0.0,2.07719,7.51989,20791.0,10.0,2.49928,1.0,A,0
2025-12-14 15:01:19.968000+00:00,2.07719,0.0,0.0,0.0,0.0,0.0,0.0,10.0,0.0,1000.0,0.0,0.0,0.0,1000.0,1.0,0.28619,0.0,8.24978,22809.0,8.0,0.0,0.0,1000.0,0.0,1.47732,1.0,5.44994,16284.0,9.0,1.80122,1000.0,0.0,0.0,2.07719,7.51989,22505.0,10.0,2.49928,1.0,A,0
2025-12-14 15:01:19.971000+00:00,2.121,0.0,0.0,0.0,0.0,0.0,0.0,10.0,0.0,1000.0,0.0,0.0,0.0,1000.0,1.0,0.03577,0.0,8.24978,22809.0,8.0,0.0,0.0,1000.0,0.0,1.53377,1.0,5.88976,16284.0,9.0,2.90075,1000.0,0.0,0.0,2.121,8.13983,22505.0,10.0,4.10156,1.0,A,0
2025-12-14 15:01:20.270000+00:00,2.121,0.0,0.0,0.0,0.0,0.0,0.0,10.0,0.0,1000.0,0.0,0.0,0.0,1000.0,1.0,0.03577,0.0,8.24978,22809.0,8.0,0.0,0.0,1000.0,0.0,1.53377,1.0,5.88976,17197.0,9.0,2.90075,1000.0,0.0,0.0,2.121,8.13983,23749.0,10.0,4.10156,1.0,A,0
2025-12-14 15:01:20.272000+00:00,2.80528,0.0,0.0,0.0,0.0,0.0,0.0,10.0,0.0,1000.0,0.0,0.0,0.0,1000.0,1.0,0.00894,0.0,8.24978,22809.0,8.0,0.0,0.0,1000.0,0.0,2.00924,1.0,6.21998,17197.0,9.0,1.50101,1000.0,0.0,0.0,2.80528,8.58977,23749.0,10.0,2.00014,1.0,A,0
2025-12-14 15:01:20.568000+00:00,2.80528,0.0,0.0,0.0,0.0,0.0,0.0,10.0,0.0,1000.0,0.0,0.0,0.0,1000.0,1.0,0.00894,0.0,8.24978,22809.0,8.0,0.0,0.0,1000.0,0.0,2.00924,1.0,6.21998,18413.0,9.0,1.50101,1000.0,0.0,0.0,2.80528,8.58977,25463.0,10.0,2.00014,1.0,A,0
2025-12-14 15:01:20.571000+00:00,2.1261,0.0,0.0,0.0,0.0,0.0,0.0,10.0,0.0,1000.0,0.0,0.0,0.0,1000.0,1.0,0.00112,0.0,8.24978,22809.0,8.0,0.0,0.0,1000.0,0.0,1.513,1.0,6.65979,18413.0,9.0,1.50101,1000.0,0.0,0.0,2.1261,9.20971,25463.0,10.0,2.0978,1.0,A,0
2025-12-14 15:01:20.868000+00:00,2.1261,0.0,0.0,0.0,0.0,0.0,0.0,10.0,0.0,1000.0,0.0,0.0,0.0,1000.0,1.0,0.00112,0.0,8.24978,22809.0,8.0,0.0,0.0,1000.0,0.0,1.513,1.0,6.65979,19740.0,9.0,1.50101,1000.0,0.0,0.0,2.1261,9.20971,27288.0,10.0,2.0978,1.0,A,0
2025-12-14 15:01:20.870000+00:00,2.27766,0.0,0.0,0.0,0.0,0.0,0.0,10.0,0.0,1000.0,0.0,0.0,0.0,1000.0,1.0,0.00014,0.0,8.24978,22809.0,8.0,0.0,0.0,1000.0,0.0,1.6508,1.0,7.13976,19740.0,9.0,1.7976,1000.0,0.0,0.0,2.27766,9.86979,27288.0,10.0,2.49928,0.0,A,0
2025-12-14 15:01:21.170000+00:00,2.27766,0.0,0.0,0.0,0.0,0.0,0.0,10.0,0.0,1000.0,0.0,0.0,0.0,1000.0,1.0,0.00014,0.0,8.24978,22809.0,8.0,0.0,0.0,1000.0,0.0,1.6508,1.0,7.13976,20957.0,9.0,1.7976,1000.0,0.0,0.0,2.27766,9.86979,27648.0,10.0,2.49928,0.0,A,0
2025-12-14 15:01:21.172000+00:00,1.74581,0.0,0.0,0.0,0.0,0.0,0.0,10.0,0.0,1000.0,0.0,0.0,0.0,1000.0,1.0,3e-05,0.0,8.24978,22809.0,8.0,0.0,0.0,1000.0,0.0,1.48782,1.0,7.57993,20957.0,9.0,3.00202,0.0,0.0,0.0,1.74581,10.0,27648.0,10.0,0.0,0.0,A,0
2025-12-14 15:01:21.468000+00:00,1.74581,0.0,0.0,0.0,0.0,0.0,0.0,10.0,0.0,1000.0,0.0,0.0,0.0,1000.0,1.0,3e-05,0.0,8.24978,22809.0,8.0,0.0,0.0,1000.0,0.0,1.48782,1.0,7.57993,22173.0,9.0,3.00202,0.0,0.0,0.0,1.74581,10.0,27648.0,10.0,0.0,0.0,A,0
2025-12-14 15:01:21.472000+00:00,0.21823,0.0,0.0,0.0,0.0,0.0,0.0,10.0,0.0,1000.0,0.0,0.0,0.0,1000.0,1.0,0.0,0.0,8.24978,22809.0,8.0,0.0,0.0,1000.0,0.0,1.63545,1.0,8.01975,22173.0,9.0,1.50101,0.0,1.0,0.0,0.21823,10.0,27648.0,10.0,0.0,0.0,A,0
2025-12-14 15:01:21.769000+00:00,0.21823,0.0,0.0,0.0,0.0,0.0,0.0,10.0,0.0,1000.0,0.0,0.0,0.0,1000.0,1.0,0.0,0.0,8.24978,22809.0,8.0,0.0,0.0,1000.0,0.0,1.63545,1.0,8.01975,23500.0,9.0,1.50101,0.0,1.0,0.0,0.21823,10.0,27648.0,10.0,0.0,0.0,A,0
2025-12-14 15:01:21.773000+00:00,0.02728,0.0,0.0,0.0,0.0,0.0,0.0,10.0,0.0,1000.0,0.0,0.0,0.0,1000.0,1.0,0.0,0.0,8.24978,22809.0,8.0,0.0,0.0,1000.0,0.0,1.59287,1.0,8.49971,23500.0,9.0,1.50101,0.0,1.0,0.0,0.02728,10.0,27648.0,10.0,0.0,0.0,A,0
2025-12-14 15:01:22.070000+00:00,0.00682,0.0,0.0,0.0,0.0,0.0,0.0,10.0,0.0,1000.0,0.0,0.0,0.0,1000.0,1.0,0.0,0.0,8.24978,22809.0,8.0,0.0,0.0,1000.0,0.0,1.47244,0.0,8.96991,24800.0,9.0,1.50101,0.0,1.0,0.0,0.00682,10.0,27648.0,10.0,0.0,0.0,A,0
2025-12-14 15:01:22.368000+00:00,0.00682,0.0,0.0,0.0,0.0,0.0,0.0,10.0,0.0,1000.0,0.0,0.0,0.0,1000.0,1.0,0.0,0.0,8.24978,22809.0,8.0,0.0,0.0,1000.0,0.0,1.47244,0.0,8.96991,24966.0,9.0,1.50101,0.0,1.0,0.0,0.00682,10.0,27648.0,10.0,0.0,0.0,A,0
2025-12-14 15:01:22.370000+00:00,0.00085,0.0,0.0,0.0,0.0,0.0,0.0,10.0,0.0,1000.0,0.0,0.0,0.0,1000.0,1.0,0.0,0.0,8.24978,22809.0,8.0,0.0,0.0,1000.0,0.0,1.12219,0.0,9.02995,24966.0,9.0,0.0,0.0,1.0,0.0,0.00085,10.0,27648.0,10.0,0.0,0.0,A,0
2025-12-14 15:01:22.670000+00:00,0.00021,0.0,0.0,0.0,0.0,0.0,0.0,10.0,0.0,1000.0,0.0,0.0,1.0,1000.0,0.0,0.0,0.0,8.08992,22367.0,5.0,0.0,1.0,1000.0,0.0,0.28055,0.0,8.93989,24717.0,5.0,0.0,1000.0,0.0,1.0,0.00021,9.95985,27537.0,5.0,0.0,0.0,A,0
2025-12-14 15:01:22.969000+00:00,0.00021,0.0,0.0,0.0,0.0,0.0,0.0,10.0,0.0,1000.0,0.0,0.0,1.0,1000.0,0.0,0.0,0.0,8.08992,20155.0,5.0,0.0,1.0,1000.0,0.0,0.28055,0.0,8.93989,23500.0,5.0,0.0,1000.0,0.0,1.0,0.00021,9.95985,25795.0,5.0,0.0,0.0,A,0
2025-12-14 15:01:22.972000+00:00,-1.19988,0.0,0.0,0.0,0.0,0.0,0.0,10.0,0.0,1000.0,0.0,0.0,1.0,1000.0,0.0,-1.69994,0.0,7.28986,20155.0,5.0,-2.70183,1.0,1000.0,0.0,-0.94059,0.0,8.49971,23500.0,5.0,-1.50101,1000.0,0.0,1.0,-1.19988,9.32979,25795.0,5.0,-2.00014,0.0,A,0
2025-12-14 15:01:23.269000+00:00,-1.19988,0.0,0.0,0.0,0.0,0.0,0.0,10.0,0.0,1000.0,0.0,0.0,1.0,1000.0,0.0,-1.69994,0.0,7.28986,17805.0,5.0,-2.70183,1.0,1000.0,0.0,-0.94059,0.0,8.49971,22173.0,5.0,-1.50101,1000.0,0.0,1.0,-1.19988,9.32979,23998.0,5.0,-2.00014,0.0,A,0
2025-12-14 15:01:23.271000+00:00,-1.92543,0.0,0.0,0.0,0.0,0.0,0.0,10.0,0.0,1000.0,0.0,0.0,1.0,1000.0,0.0,-2.52505,0.0,6.43989,17805.0,5.0,-2.69821,1.0,1000.0,0.0,-1.40383,0.0,8.01975,22173.0,5.0,-1.50101,1000.0,0.0,1.0,-1.92543,8.67983,23998.0,5.0,-2.0978,0.0,A,0
2025-12-14 15:01:23.570000+00:00,-3.25733,0.0,0.0,0.0,0.0,0.0,0.0,10.0,0.0,1000.0,0.0,0.0,1.0,1000.0,0.0,-4.20657,0.0,5.90965,16339.0,5.0,-2.70182,1.0,1000.0,0.0,-2.37733,0.0,7.72967,21371.0,5.0,-1.39974,1000.0,0.0,1.0,-3.25733,8.26968,22864.0,5.0,-2.00014,0.0,A,0
2025-12-14 15:01:23.871000+00:00,-2.23234,0.0,0.0,0.0,0.0,0.0,0.0,10.0,0.0,1000.0,0.0,0.0,0.0,1000.0,0.0,-2.86369,0.0,5.05968,13989.0,5.0,-3.20096,1.0,1000.0,0.0,-1.59699,0.0,7.24971,20044.0,5.0,-1.80121,1000.0,0.0,1.0,-2.23234,7.60995,21040.0,5.0,-2.398,0.0,A,0
2025-12-14 15:01:24.170000+00:00,-2.10422,0.0,0.0,0.0,0.0,0.0,0.0,10.0,0.0,1000.0,0.0,0.0,0.0,1000.0,0.0,-1.93357,1.0,4.68967,12966.0,5.0,0.0,1.0,1000.0,0.0,-1.52341,0.0,6.8099,18828.0,5.0,-1.50102,1000.0,0.0,1.0,-2.10422,6.98966,19325.0,5.0,-2.10142,0.0,A,0
2025-12-14 15:01:24.470000+00:00,-2.05148,0.0,0.0,0.0,0.0,0.0,0.0,10.0,0.0,1000.0,0.0,0.0,0.0,1000.0,0.0,0.01755,0.0,5.21991,14432.0,5.0,3.20095,1.0,1000.0,0.0,-1.50661,0.0,6.3397,17528.0,5.0,-1.80121,1000.0,0.0,1.0,-2.05148,6.32993,17501.0,5.0,-2.49928,0.0,A,0
2025-12-14 15:01:24.769000+00:00,-2.64404,0.0,0.0,0.0,0.0,0.0,0.0,10.0,0.0,1000.0,0.0,0.0,0.0,1000.0,1.0,0.6772,0.0,5.21991,14432.0,5.0,0.0,1.0,1000.0,0.0,-1.88827,0.0,5.88976,16284.0,5.0,-1.50102,1000.0,0.0,1.0,-2.64404,5.71976,15814.0,5.0,-2.00014,0.0,A,0
2025-12-14 15:01:25.069000+00:00,-2.64404,0.0,0.0,0.0,0.0,0.0,0.0,10.0,0.0,1000.0,0.0,0.0,0.0,1000.0,1.0,0.6772,0.0,5.21991,14432.0,5.0,0.0,1.0,1000.0,0.0,-1.88827,0.0,5.88976,14985.0,5.0,-1.50102,1000.0,0.0,1.0,-2.64404,5.71976,13989.0,5.0,-2.00014,0.0,A,0
2025-12-14 15:01:25.071000+00:00,-2.20541,0.0,0.0,0.0,0.0,0.0,0.0,10.0,0.0,1000.0,0.0,0.0,0.0,1000.0,1.0,0.08465,0.0,5.21991,14432.0,5.0,0.0,1.0,1000.0,0.0,-1.59915,0.0,5.41992,14985.0,5.0,-1.50102,1000.0,0.0,0.0,-2.20541,5.05968,13989.0,5.0,-2.00014,0.0,A,0
2025-12-14 15:01:25.370000+00:00,-2.20541,0.0,0.0,0.0,0.0,0.0,0.0,10.0,0.0,1000.0,0.0,0.0,0.0,1000.0,1.0,0.08465,0.0,5.21991,14432.0,5.0,0.0,1.0,1000.0,0.0,-1.59915,0.0,5.41992,14017.0,5.0,-1.50102,1000.0,0.0,0.0,-2.20541,5.05968,13768.0,5.0,-2.00014,0.0,A,0
2025-12-14 15:01:25.371000+00:00,-1.47637,0.0,0.0,0.0,0.0,0.0,0.0,10.0,0.0,1000.0,0.0,0.0,0.0,1000.0,1.0,0.02116,0.0,5.21991,14432.0,5.0,0.0,0.0,1000.0,0.0,-1.52464,0.0,5.06981,14017.0,5.0,-1.50102,1000.0,0.0,0.0,-1.47637,4.97975,13768.0,5.0,0.0,0.0,A,0
2025-12-14 15:01:25.668000+00:00,-1.47637,0.0,0.0,0.0,0.0,0.0,0.0,10.0,0.0,1000.0,0.0,0.0,0.0,1000.0,1.0,0.02116,0.0,5.21991,14432.0,0.0,0.0,0.0,1000.0,0.0,-1.52464,0.0,5.06981,14017.0,0.0,-1.50102,1000.0,0.0,0.0,-1.47637,4.97975,13768.0,0.0,0.0,0.0,A,0
2025-12-14 15:01:25.672000+00:00,-0.18455,0.0,0.0,0.0,0.0,0.0,0.0,10.0,0.0,1000.0,0.0,0.0,1.0,1000.0,0.0,0.00265,0.0,5.21991,14432.0,0.0,0.0,1.0,1000.0,0.0,-0.50299,0.0,5.06981,14017.0,0.0,0.0,1000.0,0.0,1.0,-0.18455,4.97975,13768.0,0.0,0.0,0.0,A,0
2025-12-14 15:01:25.968000+00:00,-0.18455,0.0,0.0,0.0,0.0,0.0,0.0,10.0,0.0,1000.0,0.0,0.0,1.0,1000.0,0.0,0.00265,0.0,5.21991,13243.0,0.0,0.0,1.0,1000.0,0.0,-0.50299,0.0,5.06981,13353.0,0.0,0.0,1000.0,0.0,1.0,-0.18455,4.97975,12994.0,0.0,0.0,0.0,A,0
2025-12-14 15:01:25.973000+00:00,-0.04614,0.0,0.0,0.0,0.0,0.0,0.0,10.0,0.0,1000.0,0.0,0.0,1.0,1000.0,0.0,0.00066,0.0,4.78986,13243.0,0.0,-1.60229,1.0,1000.0,0.0,-0.12575,0.0,4.82964,13353.0,0.0,-0.90061,1000.0,0.0,1.0,-0.04614,4.6998,12994.0,0.0,-0.69806,0.0,A,0
2025-12-14 15:01:26.269000+00:00,-1.61845,0.0,0.0,0.0,0.0,0.0,0.0,10.0,0.0,1000.0,0.0,0.0,1.0,1000.0,0.0,-2.17503,0.0,3.99993,11059.0,0.0,-2.69821,1.0,1000.0,0.0,-1.25225,0.0,4.38983,12137.0,0.0,-1.50101,1000.0,0.0,1.0,-1.61845,4.08999,11308.0,0.0,-2.10142,0.0,A,0
2025-12-14 15:01:26.570000+00:00,-2.01482,0.0,0.0,0.0,0.0,0.0,0.0,10.0,0.0,1000.0,0.0,0.0,1.0,1000.0,0.0,-2.6102,0.0,3.40965,9427.0,0.0,-3.20096,1.0,1000.0,0.0,-1.4446,0.0,4.05997,11225.0,0.0,-1.7976,1000.0,0.0,1.0,-2.01482,3.62992,10036.0,0.0,-2.49928,0.0,A,0
2025-12-14 15:01:26.871000+00:00,-2.1286,0.0,0.0,0.0,0.0,0.0,0.0,10.0,0.0,1000.0,0.0,0.0,1.0,1000.0,0.0,-2.75126,0.0,2.60995,7216.0,0.0,-5.40003,1.0,1000.0,0.0,-1.56106,0.0,3.61979,10008.0,0.0,-2.90075,1000.0,0.0,1.0,-2.1286,3.01975,8349.0,0.0,-4.10156,0.0,A,0
2025-12-14 15:01:27.170000+00:00,-2.40366,0.0,0.0,0.0,0.0,0.0,0.0,10.0,0.0,1000.0,0.0,0.0,1.0,1000.0,0.0,-3.14474,0.0,1.75998,4866.0,0.0,-2.69821,1.0,1000.0,0.0,-1.75673,0.0,3.13983,8681.0,0.0,-1.50101,1000.0,0.0,1.0,-2.40366,2.35966,6524.0,0.0,-2.10142,0.0,A,0
2025-12-14 15:01:27.469000+00:00,-2.40366,0.0,0.0,0.0,0.0,0.0,0.0,10.0,0.0,1000.0,0.0,0.0,1.0,1000.0,0.0,-3.14474,0.0,1.75998,2515.0,0.0,-2.69821,1.0,1000.0,0.0,-1.75673,0.0,3.13983,7382.0,0.0,-1.50101,1000.0,0.0,1.0,-2.40366,2.35966,4700.0,0.0,-2.10142,0.0,A,0
2025-12-14 15:01:27.471000+00:00,-2.11207,0.0,0.0,0.0,0.0,0.0,0.0,10.0,0.0,1000.0,0.0,0.0,1.0,1000.0,0.0,-2.73142,0.0,0.90965,2515.0,0.0,-2.70182,1.0,1000.0,0.0,-1.50766,0.0,2.66999,7382.0,0.0,-1.50101,1000.0,0.0,1.0,-2.11207,1.69994,4700.0,0.0,-2.0978,0.0,A,0
2025-12-14 15:01:27.768000+00:00,-2.11207,0.0,0.0,0.0,0.0,0.0,0.0,10.0,0.0,1000.0,0.0,0.0,1.0,1000.0,0.0,-2.73142,0.0,0.90965,304.0,0.0,-2.70182,1.0,1000.0,0.0,-1.50766,0.0,2.66999,6165.0,0.0,-1.50101,1000.0,0.0,1.0,-2.11207,1.69994,3013.0,0.0,-2.0978,0.0,A,0
2025-12-14 15:01:27.772000+00:00,-2.15291,0.0,0.0,0.0,0.0,0.0,0.0,10.0,0.0,1000.0,0.0,0.0,0.0,1000.0,0.0,-2.78156,0.0,0.10995,304.0,0.0,-2.70182,1.0,1000.0,0.0,-1.57682,0.0,2.22982,6165.0,0.0,-1.39974,1000.0,0.0,1.0,-2.15291,1.08977,3013.0,0.0,-2.10142,0.0,A,0
2025-12-14 15:01:28.070000+00:00,-3.0808,0.0,0.0,0.0,0.0,0.0,0.0,10.0,0.0,1000.0,0.0,0.0,0.0,0.0,0.0,-1.90974,0.0,0.0,0.0,0.0,0.0,1.0,1000.0,0.0,-2.24653,0.0,1.74986,4838.0,0.0,-1.80122,1000.0,0.0,1.0,-3.0808,0.42969,1188.0,0.0,-2.50289,0.0,A,0
2025-12-14 15:01:28.371000+00:00,-2.44482,0.0,0.0,0.0,0.0,0.0,0.0,10.0,0.0,1000.0,0.0,0.0,0.0,0.0,1.0,-0.47744,0.0,0.0,0.0,0.0,0.0,1.0,1000.0,0.0,-1.71181,0.0,1.30968,3621.0,0.0,-1.50101,1000.0,0.0,0.0,-2.44482,0.01989,55.0,0.0,-2.00014,0.0,A,0
2025-12-14 15:01:28.671000+00:00,-0.55562,0.0,0.0,0.0,0.0,0.0,0.0,10.0,0.0,1000.0,0.0,0.0,0.0,0.0,1.0,-0.05968,0.0,0.0,0.0,0.0,0.0,1.0,1000.0,0.0,-1.52555,0.0,0.83984,2322.0,0.0,-1.69994,1000.0,1.0,0.0,-0.55562,0.01989,55.0,0.0,0.0,0.0,A,0
2025-12-14 15:01:28.967000+00:00,-0.55562,0.0,0.0,0.0,0.0,0.0,0.0,10.0,0.0,1000.0,0.0,0.0,0.0,0.0,1.0,-0.05968,0.0,0.0,0.0,0.0,0.0,1.0,1000.0,0.0,-1.52555,0.0,0.83984,1078.0,0.0,-1.69994,1000.0,1.0,0.0,-0.55562,0.01989,55.0,0.0,0.0,0.0,A,0
2025-12-14 15:01:28.972000+00:00,-0.06945,0.0,0.0,0.0,0.0,0.0,0.0,10.0,0.0,1000.0,0.0,0.0,0.0,0.0,1.0,-0.00746,0.0,0.0,0.0,0.0,0.0,1.0,1000.0,0.0,-1.52895,0.0,0.3899,1078.0,0.0,-1.50101,1000.0,1.0,0.0,-0.06945,0.01989,55.0,0.0,0.0,0.0,A,0
2025-12-14 15:01:29.270000+00:00,-0.01736,0.0,0.0,0.0,0.0,0.0,0.0,10.0,0.0,1000.0,0.0,0.0,0.0,0.0,1.0,-0.00186,0.0,0.0,0.0,0.0,0.0,0.0,1000.0,0.0,-2.35616,0.0,0.06981,193.0,0.0,-1.50101,1000.0,1.0,0.0,-0.01736,0.01989,55.0,0.0,0.0,0.0,A,0
2025-12-14 15:01:29.567000+00:00,-0.01736,0.0,0.0,0.0,0.0,0.0,0.0,10.0,0.0,1000.0,0.0,0.0,0.0,0.0,1.0,-0.00186,0.0,0.0,0.0,0.0,0.0,0.0,1000.0,0.0,-2.35616,0.0,0.06981,27.0,0.0,-1.50101,1000.0,1.0,0.0,-0.01736,0.01989,55.0,0.0,0.0,0.0,A,0
2025-12-14 15:01:29.571000+00:00,-0.00217,1.0,0.0,0.0,0.0,0.0,0.0,10.0,0.0,1000.0,0.0,0.0,0.0,0.0,1.0,-0.00023,0.0,0.0,0.0,0.0,0.0,0.0,1000.0,0.0,-0.63225,0.0,0.00977,27.0,0.0,0.0,1000.0,1.0,0.0,-0.00217,0.01989,55.0,0.0,0.0,0.0,A,0
2025-12-14 15:01:29.868000+00:00,-0.00217,1.0,0.0,0.0,0.0,0.0,0.0,10.0,0.0,1000.0,0.0,0.0,0.0,0.0,1.0,-0.00023,0.0,0.0,442.0,8.0,0.0,0.0,1000.0,0.0,-0.63225,0.0,0.00977,276.0,9.0,0.0,1000.0,1.0,0.0,-0.00217,0.01989,248.0,10.0,0.0,0.0,A,0
2025-12-14 15:01:29.871000+00:00,-0.00027,0.0,0.0,0.0,0.0,0.0,0.0,10.0,0.0,1000.0,0.0,0.0,0.0,1000.0,0.0,-3e-05,1.0,0.15987,442.0,8.0,1.59867,0.0,1000.0,0.0,-0.07903,1.0,0.09983,276.0,9.0,0.90061,1000.0,0.0,0.0,-0.00027,0.0897,248.0,10.0,0.69806,1.0,A,0
2025-12-14 15:01:30.168000+00:00,-0.00027,0.0,0.0,0.0,0.0,0.0,0.0,10.0,0.0,1000.0,0.0,0.0,0.0,1000.0,0.0,-3e-05,1.0,0.15987,2681.0,8.0,1.59867,0.0,1000.0,0.0,-0.07903,1.0,0.09983,1492.0,9.0,0.90061,1000.0,0.0,0.0,-0.00027,0.0897,1963.0,10.0,0.69806,1.0,A,0
2025-12-14 15:01:30.172000+00:00,1.22516,0.0,0.0,0.0,0.0,0.0,0.0,10.0,0.0,1000.0,0.0,0.0,0.0,1000.0,0.0,1.7994,1.0,0.96969,2681.0,8.0,2.60055,0.0,1000.0,0.0,0.9559,1.0,0.53964,1492.0,9.0,1.39974,1000.0,0.0,0.0,1.22516,0.71,1963.0,10.0,2.00014,1.0,A,0
2025-12-14 15:01:30.470000+00:00,2.47836,0.0,0.0,0.0,0.0,0.0,0.0,10.0,0.0,1000.0,0.0,0.0,0.0,1000.0,0.0,3.22559,1.0,1.76975,4893.0,8.0,2.69821,0.0,1000.0,0.0,1.79456,1.0,0.98994,2737.0,9.0,1.50101,1000.0,0.0,0.0,2.47836,1.31981,3649.0,10.0,2.00014,1.0,A,0
2025-12-14 15:01:30.768000+00:00,2.47836,0.0,0.0,0.0,0.0,0.0,0.0,10.0,0.0,1000.0,0.0,0.0,0.0,1000.0,0.0,3.22559,1.0,1.76975,7243.0,8.0,2.69821,0.0,1000.0,0.0,1.79456,1.0,0.98994,4036.0,9.0,1.50101,1000.0,0.0,0.0,2.47836,1.31981,5474.0,10.0,2.00014,1.0,A,0
2025-12-14 15:01:30.770000+00:00,2.1847,0.0,0.0,0.0,0.0,0.0,0.0,10.0,0.0,1000.0,0.0,0.0,0.0,1000.0,0.0,2.86631,1.0,2.61972,7243.0,8.0,2.69821,0.0,1000.0,0.0,1.58563,1.0,1.45978,4036.0,9.0,1.50101,1000.0,0.0,0.0,2.1847,1.97989,5474.0,10.0,2.10142,1.0,A,0
2025-12-14 15:01:31.068000+00:00,2.1847,0.0,0.0,0.0,0.0,0.0,0.0,10.0,0.0,1000.0,0.0,0.0,0.0,1000.0,0.0,2.86631,1.0,2.61972,9593.0,8.0,2.69821,0.0,1000.0,0.0,1.58563,1.0,1.45978,5336.0,9.0,1.50101,1000.0,0.0,0.0,2.1847,1.97989,7299.0,10.0,2.10142,1.0,A,0
2025-12-14 15:01:31.070000+00:00,2.12043,0.0,0.0,0.0,0.0,0.0,0.0,10.0,0.0,1000.0,0.0,0.0,0.0,1000.0,0.0,2.6914,1.0,3.46969,9593.0,8.0,2.70182,0.0,1000.0,0.0,1.52217,1.0,1.92998,5336.0,9.0,1.39974,1000.0,0.0,0.0,2.12043,2.63997,7299.0,10.0,2.00015,1.0,A,0
2025-12-14 15:01:31.369000+00:00,2.14087,0.0,0.0,0.0,0.0,0.0,0.0,10.0,0.0,1000.0,0.0,0.0,0.0,1000.0,0.0,2.77376,1.0,4.25998,11778.0,8.0,5.30237,0.0,1000.0,0.0,1.56424,1.0,2.37992,6580.0,9.0,3.00203,1000.0,0.0,0.0,2.14087,3.24978,8985.0,10.0,4.09795,1.0,A,0
2025-12-14 15:01:31.669000+00:00,2.55484,0.0,0.0,0.0,0.0,0.0,0.0,10.0,0.0,1000.0,0.0,0.0,0.0,1000.0,0.0,3.28455,1.0,5.11972,14155.0,8.0,3.20096,0.0,1000.0,0.0,1.81952,1.0,2.84975,7879.0,9.0,1.7976,1000.0,0.0,0.0,2.55484,3.90987,10810.0,10.0,2.49928,1.0,A,0
2025-12-14 15:01:31.968000+00:00,2.55484,0.0,0.0,0.0,0.0,0.0,0.0,10.0,0.0,1000.0,0.0,0.0,0.0,1000.0,0.0,3.28455,1.0,5.11972,16339.0,8.0,3.20096,0.0,1000.0,0.0,1.81952,1.0,2.84975,9096.0,9.0,1.7976,1000.0,0.0,0.0,2.55484,3.90987,12524.0,10.0,2.49928,1.0,A,0
2025-12-14 15:01:31.970000+00:00,2.18765,0.0,0.0,0.0,0.0,0.0,0.0,10.0,0.0,1000.0,0.0,0.0,0.0,1000.0,0.0,2.79596,1.0,5.90965,16339.0,8.0,2.70183,0.0,1000.0,0.0,1.58064,1.0,3.28993,9096.0,9.0,1.39974,1000.0,0.0,0.0,2.18765,4.5298,12524.0,10.0,2.00015,1.0,A,0
2025-12-14 15:01:32.270000+00:00,2.18765,0.0,0.0,0.0,0.0,0.0,0.0,10.0,0.0,1000.0,0.0,0.0,0.0,1000.0,0.0,2.79596,1.0,5.90965,18690.0,8.0,2.70183,0.0,1000.0,0.0,1.58064,1.0,3.28993,10395.0,9.0,1.39974,1000.0,0.0,0.0,2.18765,4.5298,14321.0,10.0,2.00015,1.0,A,0
2025-12-14 15:01:32.271000+00:00,2.0489,0.0,0.0,0.0,0.0,0.0,0.0,10.0,0.0,1000.0,0.0,0.0,0.0,1000.0,0.0,2.68737,1.0,6.75998,18690.0,8.0,3.20096,0.0,1000.0,0.0,1.4965,1.0,3.75977,10395.0,9.0,1.80121,1000.0,0.0,0.0,2.0489,5.17976,14321.0,10.0,2.49928,1.0,A,0
2025-12-14 15:01:32.570000+00:00,2.13712,0.0,0.0,0.0,0.0,0.0,0.0,10.0,0.0,1000.0,0.0,0.0,0.0,1000.0,0.0,2.77236,1.0,7.29999,20183.0,8.0,5.40003,0.0,1000.0,0.0,1.5243,1.0,4.05997,11225.0,9.0,3.00202,1000.0,0.0,0.0,2.13712,5.59968,15482.0,10.0,4.19921,1.0,A,0
2025-12-14 15:01:32.871000+00:00,2.54353,0.0,0.0,0.0,0.0,0.0,0.0,10.0,0.0,1000.0,0.0,0.0,0.0,1000.0,0.0,3.27126,0.0,8.14996,22533.0,8.0,2.70183,0.0,1000.0,0.0,1.84075,1.0,4.5298,12524.0,9.0,1.39974,1000.0,0.0,0.0,2.54353,6.25,17280.0,10.0,2.00015,1.0,A,0
2025-12-14 15:01:33.170000+00:00,2.54353,0.0,0.0,0.0,0.0,0.0,0.0,10.0,0.0,1000.0,0.0,0.0,0.0,1000.0,0.0,3.27126,0.0,8.14996,22809.0,8.0,2.70183,0.0,1000.0,0.0,1.84075,1.0,4.5298,13768.0,9.0,1.39974,1000.0,0.0,0.0,2.54353,6.25,18994.0,10.0,2.00015,1.0,A,0
2025-12-14 15:01:33.173000+00:00,2.09248,0.0,0.0,0.0,0.0,0.0,0.0,10.0,0.0,1000.0,0.0,0.0,0.0,1000.0,0.0,0.9962,0.0,8.24978,22809.0,8.0,0.0,0.0,1000.0,0.0,1.52901,1.0,4.97975,13768.0,9.0,1.50101,1000.0,0.0,0.0,2.09248,6.86994,18994.0,10.0,2.10142,1.0,A,0
2025-12-14 15:01:33.469000+00:00,2.04855,0.0,0.0,0.0,0.0,0.0,0.0,10.0,0.0,1000.0,0.0,0.0,0.0,1000.0,1.0,0.24905,0.0,8.24978,22809.0,8.0,0.0,0.0,1000.0,0.0,1.45737,1.0,5.44994,15068.0,9.0,1.80122,1000.0,0.0,0.0,2.04855,7.52966,20818.0,10.0,2.49928,1.0,A,0
2025-12-14 15:01:33.770000+00:00,3.14371,0.0,0.0,0.0,0.0,0.0,0.0,10.0,0.0,1000.0,0.0,0.0,0.0,1000.0,1.0,0.03113,0.0,8.24978,22809.0,8.0,0.0,0.0,1000.0,0.0,2.28178,1.0,5.88976,16284.0,9.0,1.39974,1000.0,0.0,0.0,3.14371,8.13983,22505.0,10.0,2.00014,1.0,A,0
2025-12-14 15:01:34.070000+00:00,3.14371,0.0,0.0,0.0,0.0,0.0,0.0,10.0,0.0,1000.0,0.0,0.0,0.0,1000.0,1.0,0.03113,0.0,8.24978,22809.0,8.0,0.0,0.0,1000.0,0.0,2.28178,1.0,5.88976,17528.0,9.0,1.39974,1000.0,0.0,0.0,3.14371,8.13983,24219.0,10.0,2.00014,1.0,A,0
2025-12-14 15:01:34.072000+00:00,2.16841,0.0,0.0,0.0,0.0,0.0,0.0,10.0,0.0,1000.0,0.0,0.0,0.0,1000.0,1.0,0.00389,0.0,8.24978,22809.0,8.0,0.0,0.0,1000.0,0.0,1.58595,1.0,6.3397,17528.0,9.0,1.49739,1000.0,0.0,0.0,2.16841,8.75977,24219.0,10.0,2.09781,1.0,A,0
2025-12-14 15:01:34.368000+00:00,2.16841,0.0,0.0,0.0,0.0,0.0,0.0,10.0,0.0,1000.0,0.0,0.0,0.0,1000.0,1.0,0.00389,0.0,8.24978,22809.0,8.0,0.0,0.0,1000.0,0.0,1.58595,1.0,6.3397,18828.0,9.0,1.49739,1000.0,0.0,0.0,2.16841,8.75977,26044.0,10.0,2.09781,1.0,A,0
2025-12-14 15:01:34.370000+00:00,2.31619,0.0,0.0,0.0,0.0,0.0,0.0,10.0,0.0,1000.0,0.0,0.0,0.0,1000.0,1.0,0.00097,0.0,8.24978,22809.0,8.0,0.0,0.0,1000.0,0.0,1.62081,1.0,6.8099,18828.0,9.0,1.50101,1000.0,0.0,0.0,2.31619,9.41985,26044.0,10.0,2.00014,1.0,A,0
2025-12-14 15:01:34.668000+00:00,2.31619,0.0,0.0,0.0,0.0,0.0,0.0,10.0,0.0,1000.0,0.0,0.0,0.0,1000.0,1.0,0.00097,0.0,8.24978,22809.0,8.0,0.0,0.0,1000.0,0.0,1.62081,1.0,6.8099,20044.0,9.0,1.50101,1000.0,0.0,0.0,2.31619,9.41985,27648.0,10.0,2.00014,1.0,A,0
2025-12-14 15:01:34.671000+00:00,2.06497,0.0,0.0,0.0,0.0,0.0,0.0,10.0,0.0,1000.0,0.0,0.0,0.0,1000.0,1.0,0.00012,0.0,8.24978,22809.0,8.0,0.0,0.0,1000.0,0.0,1.51599,1.0,7.24971,20044.0,9.0,1.49739,0.0,0.0,0.0,2.06497,10.0,27648.0,10.0,2.09781,0.0,A,0
2025-12-14 15:01:34.968000+00:00,2.06497,0.0,0.0,0.0,0.0,0.0,0.0,10.0,0.0,1000.0,0.0,0.0,0.0,1000.0,1.0,0.00012,0.0,8.24978,22809.0,8.0,0.0,0.0,1000.0,0.0,1.51599,1.0,7.24971,21371.0,9.0,1.49739,0.0,0.0,0.0,2.06497,10.0,27648.0,10.0,2.09781,0.0,A,0
2025-12-14 15:01:34.970000+00:00,0.94624,0.0,0.0,0.0,0.0,0.0,0.0,10.0,0.0,1000.0,0.0,0.0,0.0,1000.0,1.0,2e-05,0.0,8.24978,22809.0,8.0,0.0,0.0,1000.0,0.0,2.00247,1.0,7.72967,21371.0,9.0,1.4974,0.0,0.0,0.0,0.94624,10.0,27648.0,10.0,0.0,0.0,A,0
2025-12-14 15:01:35.268000+00:00,0.94624,0.0,0.0,0.0,0.0,0.0,0.0,10.0,0.0,1000.0,0.0,0.0,0.0,1000.0,1.0,2e-05,0.0,8.24978,22809.0,8.0,0.0,0.0,1000.0,0.0,2.00247,1.0,7.72967,22588.0,9.0,1.4974,0.0,0.0,0.0,0.94624,10.0,27648.0,10.0,0.0,0.0,A,0
2025-12-14 15:01:35.272000+00:00,0.23656,0.0,0.0,0.0,0.0,0.0,0.0,10.0,0.0,1000.0,0.0,0.0,0.0,1000.0,1.0,0.0,0.0,8.24978,22809.0,8.0,0.0,0.0,1000.0,0.0,1.57484,1.0,8.16985,22588.0,9.0,1.50101,0.0,1.0,0.0,0.23656,10.0,27648.0,10.0,0.0,0.0,A,0
2025-12-14 15:01:35.568000+00:00,0.23656,0.0,0.0,0.0,0.0,0.0,0.0,10.0,0.0,1000.0,0.0,0.0,0.0,1000.0,1.0,0.0,0.0,8.24978,22809.0,8.0,0.0,0.0,1000.0,0.0,1.57484,1.0,8.16985,23417.0,9.0,1.50101,0.0,1.0,0.0,0.23656,10.0,27648.0,10.0,0.0,0.0,A,0
2025-12-14 15:01:35.570000+00:00,0.02957,0.0,0.0,0.0,0.0,0.0,0.0,10.0,0.0,1000.0,0.0,0.0,0.0,1000.0,1.0,0.0,0.0,8.24978,22809.0,8.0,0.0,0.0,1000.0,0.0,1.51024,1.0,8.46969,23417.0,9.0,1.49739,0.0,1.0,0.0,0.02957,10.0,27648.0,10.0,0.0,0.0,A,0
2025-12-14 15:01:35.868000+00:00,0.02957,0.0,0.0,0.0,0.0,0.0,0.0,10.0,0.0,1000.0,0.0,0.0,0.0,1000.0,1.0,0.0,0.0,8.24978,22809.0,8.0,0.0,0.0,1000.0,0.0,1.51024,1.0,8.46969,24717.0,9.0,1.49739,0.0,1.0,0.0,0.02957,10.0,27648.0,10.0,0.0,0.0,A,0
2025-12-14 15:01:35.871000+00:00,0.0037,0.0,0.0,0.0,0.0,0.0,0.0,10.0,0.0,1000.0,0.0,0.0,0.0,1000.0,1.0,0.0,0.0,8.24978,22809.0,8.0,0.0,0.0,1000.0,0.0,1.4764,0.0,8.93989,24717.0,9.0,1.50102,0.0,1.0,0.0,0.0037,10.0,27648.0,10.0,0.0,0.0,A,0
2025-12-14 15:01:36.169000+00:00,0.00092,0.0,0.0,0.0,0.0,0.0,0.0,10.0,0.0,1000.0,0.0,0.0,0.0,1000.0,1.0,0.0,0.0,8.24978,22809.0,8.0,0.0,0.0,1000.0,0.0,0.9695,0.0,8.99993,24883.0,9.0,0.0,0.0,1.0,0.0,0.00092,10.0,27648.0,10.0,0.0,0.0,A,0
2025-12-14 15:01:36.470000+00:00,0.00092,0.0,0.0,0.0,0.0,0.0,0.0,10.0,0.0,1000.0,0.0,0.0,0.0,1000.0,1.0,0.0,0.0,8.24978,22367.0,5.0,0.0,0.0,1000.0,0.0,0.9695,0.0,8.99993,24634.0,5.0,0.0,0.0,1.0,0.0,0.00092,10.0,27537.0,5.0,0.0,0.0,A,0
2025-12-14 15:01:36.472000+00:00,0.00012,0.0,0.0,0.0,0.0,0.0,0.0,10.0,0.0,1000.0,0.0,0.0,1.0,1000.0,0.0,0.0,0.0,8.08992,22367.0,5.0,-1.59866,1.0,1000.0,0.0,0.12119,0.0,8.90987,24634.0,5.0,-0.90061,1000.0,0.0,1.0,0.00012,9.95985,27537.0,5.0,-0.40148,0.0,A,0
2025-12-14 15:01:36.769000+00:00,-1.15105,0.0,0.0,0.0,0.0,0.0,0.0,10.0,0.0,1000.0,0.0,0.0,1.0,1000.0,0.0,-1.69994,0.0,7.29999,20183.0,5.0,-2.70183,1.0,1000.0,0.0,-0.94536,0.0,8.46969,23417.0,5.0,-1.50102,1000.0,0.0,1.0,-1.15105,9.33992,25823.0,5.0,-2.0978,0.0,A,0
2025-12-14 15:01:37.069000+00:00,-2.15578,0.0,0.0,0.0,0.0,0.0,0.0,10.0,0.0,1000.0,0.0,0.0,1.0,1000.0,0.0,-2.79993,0.0,6.43989,17805.0,5.0,-5.40003,1.0,1000.0,0.0,-1.55453,0.0,7.98973,22090.0,5.0,-3.00202,1000.0,0.0,1.0,-2.15578,8.67983,23998.0,5.0,-4.10156,0.0,A,0
2025-12-14 15:01:37.370000+00:00,-2.30759,0.0,0.0,0.0,0.0,0.0,0.0,10.0,0.0,1000.0,0.0,0.0,1.0,1000.0,0.0,-3.02604,0.0,5.64996,15621.0,5.0,-2.59693,1.0,1000.0,0.0,-1.6456,0.0,7.54991,20874.0,5.0,-1.4974,1000.0,0.0,1.0,-2.30759,8.0599,22284.0,5.0,-2.09781,0.0,A,0
2025-12-14 15:01:37.671000+00:00,-2.10142,0.0,0.0,0.0,0.0,0.0,0.0,10.0,0.0,1000.0,0.0,0.0,0.0,1000.0,0.0,-2.75666,0.0,4.79999,13271.0,5.0,-3.20096,1.0,1000.0,0.0,-1.53625,0.0,7.07972,19574.0,5.0,-1.80121,1000.0,0.0,1.0,-2.10142,7.39981,20459.0,5.0,-2.49928,0.0,A,0
2025-12-14 15:01:37.968000+00:00,-2.10142,0.0,0.0,0.0,0.0,0.0,0.0,10.0,0.0,1000.0,0.0,0.0,0.0,1000.0,0.0,-2.75666,0.0,4.79999,13105.0,5.0,-3.20096,1.0,1000.0,0.0,-1.53625,0.0,7.07972,18330.0,5.0,-1.80121,1000.0,0.0,1.0,-2.10142,7.39981,18772.0,5.0,-2.49928,0.0,A,0
2025-12-14 15:01:37.971000+00:00,-2.10051,0.0,0.0,0.0,0.0,0.0,0.0,10.0,0.0,1000.0,0.0,0.0,0.0,1000.0,0.0,-2.19508,0.0,4.73994,13105.0,5.0,0.0,1.0,1000.0,0.0,-1.51582,0.0,6.62977,18330.0,5.0,-1.50102,1000.0,0.0,1.0,-2.10051,6.78964,18772.0,5.0,-2.10142,0.0,A,0
2025-12-14 15:01:38.267000+00:00,-2.10051,0.0,0.0,0.0,0.0,0.0,0.0,10.0,0.0,1000.0,0.0,0.0,0.0,1000.0,0.0,-2.19508,0.0,4.73994,14432.0,5.0,0.0,1.0,1000.0,0.0,-1.51582,0.0,6.62977,16948.0,5.0,-1.50102,1000.0,0.0,1.0,-2.10051,6.78964,16837.0,5.0,-2.10142,0.0,A,0
2025-12-14 15:01:38.271000+00:00,-3.27499,0.0,0.0,0.0,0.0,0.0,0.0,10.0,0.0,1000.0,0.0,0.0,0.0,1000.0,0.0,2.3759,0.0,5.21991,14432.0,5.0,0.0,1.0,1000.0,0.0,-2.35283,0.0,6.12992,16948.0,5.0,-1.7976,1000.0,0.0,1.0,-3.27499,6.08977,16837.0,5.0,-2.49928,0.0,A,0
2025-12-14 15:01:38.569000+00:00,-3.27499,0.0,0.0,0.0,0.0,0.0,0.0,10.0,0.0,1000.0,0.0,0.0,0.0,1000.0,0.0,2.3759,0.0,5.21991,14432.0,5.0,0.0,1.0,1000.0,0.0,-2.35283,0.0,6.12992,15731.0,5.0,-1.7976,1000.0,0.0,1.0,-3.27499,6.08977,15123.0,5.0,-2.49928,0.0,A,0
2025-12-14 15:01:38.572000+00:00,-2.49247,0.0,0.0,0.0,0.0,0.0,0.0,10.0,0.0,1000.0,0.0,0.0,0.0,1000.0,1.0,0.59397,0.0,5.21991,14432.0,5.0,0.0,1.0,1000.0,0.0,-1.78812,0.0,5.68974,15731.0,5.0,-1.50101,1000.0,0.0,1.0,-2.49247,5.46983,15123.0,5.0,-2.00014,0.0,A,0
2025-12-14 15:01:38.870000+00:00,-2.087,0.0,0.0,0.0,0.0,0.0,0.0,10.0,0.0,1000.0,0.0,0.0,0.0,1000.0,1.0,0.07425,0.0,5.21991,14432.0,5.0,0.0,1.0,1000.0,0.0,-1.51158,0.0,5.3899,14902.0,5.0,-1.49739,1000.0,0.0,0.0,-2.087,5.05968,13989.0,5.0,-2.10142,0.0,A,0
2025-12-14 15:01:39.171000+00:00,-0.82285,0.0,0.0,0.0,0.0,0.0,0.0,10.0,0.0,1000.0,0.0,0.0,0.0,1000.0,1.0,0.00928,0.0,5.21991,14432.0,5.0,0.0,0.0,1000.0,0.0,-1.60135,0.0,5.00977,13851.0,5.0,-1.69994,1000.0,0.0,0.0,-0.82285,4.93996,13658.0,5.0,0.0,0.0,A,0
2025-12-14 15:01:39.468000+00:00,-0.82285,0.0,0.0,0.0,0.0,0.0,0.0,10.0,0.0,1000.0,0.0,0.0,0.0,1000.0,1.0,0.00928,0.0,5.21991,14432.0,0.0,0.0,0.0,1000.0,0.0,-1.60135,0.0,5.00977,13851.0,0.0,-1.69994,1000.0,0.0,0.0,-0.82285,4.93996,13658.0,0.0,0.0,0.0,A,0
2025-12-14 15:01:39.470000+00:00,-0.20571,0.0,0.0,0.0,0.0,0.0,0.0,10.0,0.0,1000.0,0.0,0.0,1.0,1000.0,0.0,0.00232,0.0,5.21991,14432.0,0.0,0.0,1.0,1000.0,0.0,-0.55044,0.0,5.00977,13851.0,0.0,0.0,1000.0,0.0,1.0,-0.20571,4.93996,13658.0,0.0,0.0,0.0,A,0
2025-12-14 15:01:39.770000+00:00,-0.17582,0.0,0.0,0.0,0.0,0.0,0.0,10.0,0.0,1000.0,0.0,0.0,1.0,1000.0,0.0,-0.50065,0.0,4.79999,13271.0,0.0,-3.19734,1.0,1000.0,0.0,-0.36901,0.0,4.76997,13188.0,0.0,-1.7976,1000.0,0.0,1.0,-0.17582,4.65965,12883.0,0.0,-2.50289,0.0,A,0
2025-12-14 15:01:40.068000+00:00,-0.17582,0.0,0.0,0.0,0.0,0.0,0.0,10.0,0.0,1000.0,0.0,0.0,1.0,1000.0,0.0,-0.50065,0.0,4.79999,11059.0,0.0,-3.19734,1.0,1000.0,0.0,-0.36901,0.0,4.76997,11971.0,0.0,-1.7976,1000.0,0.0,1.0,-0.17582,4.65965,11197.0,0.0,-2.50289,0.0,A,0
2025-12-14 15:01:40.072000+00:00,-1.66794,0.0,0.0,0.0,0.0,0.0,0.0,10.0,0.0,1000.0,0.0,0.0,1.0,1000.0,0.0,-2.27541,0.0,3.99993,11059.0,0.0,-2.69821,1.0,1000.0,0.0,-1.29216,0.0,4.32979,11971.0,0.0,-1.50101,1000.0,0.0,1.0,-1.66794,4.04984,11197.0,0.0,-2.10142,0.0,A,0
2025-12-14 15:01:40.371000+00:00,-2.02191,0.0,0.0,0.0,0.0,0.0,0.0,10.0,0.0,1000.0,0.0,0.0,1.0,1000.0,0.0,-2.62275,0.0,3.14996,8709.0,0.0,-3.20096,1.0,1000.0,0.0,-1.44959,0.0,3.84983,10644.0,0.0,-1.7976,1000.0,0.0,1.0,-2.02191,3.38976,9372.0,0.0,-2.398,0.0,A,0
2025-12-14 15:01:40.669000+00:00,-2.02191,0.0,0.0,0.0,0.0,0.0,0.0,10.0,0.0,1000.0,0.0,0.0,1.0,1000.0,0.0,-2.62275,0.0,3.14996,6497.0,0.0,-3.20096,1.0,1000.0,0.0,-1.44959,0.0,3.84983,9427.0,0.0,-1.7976,1000.0,0.0,1.0,-2.02191,3.38976,7658.0,0.0,-2.398,0.0,A,0
2025-12-14 15:01:40.672000+00:00,-2.60237,0.0,0.0,0.0,0.0,0.0,0.0,10.0,0.0,1000.0,0.0,0.0,1.0,1000.0,0.0,-3.35293,0.0,2.3499,6497.0,0.0,-2.69821,1.0,1000.0,0.0,-1.88159,0.0,3.40965,9427.0,0.0,-1.50101,1000.0,0.0,1.0,-2.60237,2.76982,7658.0,0.0,-2.10142,0.0,A,0
2025-12-14 15:01:40.969000+00:00,-2.60237,0.0,0.0,0.0,0.0,0.0,0.0,10.0,0.0,1000.0,0.0,0.0,1.0,1000.0,0.0,-3.35293,0.0,2.3499,4147.0,0.0,-2.69821,1.0,1000.0,0.0,-1.88159,0.0,3.40965,8128.0,0.0,-1.50101,1000.0,0.0,1.0,-2.60237,2.76982,5861.0,0.0,-2.10142,0.0,A,0
2025-12-14 15:01:40.971000+00:00,-2.17602,0.0,0.0,0.0,0.0,0.0,0.0,10.0,0.0,1000.0,0.0,0.0,1.0,1000.0,0.0,-2.86369,0.0,1.49993,4147.0,0.0,-3.09968,1.0,1000.0,0.0,-1.59435,0.0,2.93981,8128.0,0.0,-1.80122,1000.0,0.0,1.0,-2.17602,2.11986,5861.0,0.0,-2.49928,0.0,A,0
2025-12-14 15:01:41.269000+00:00,-2.17602,0.0,0.0,0.0,0.0,0.0,0.0,10.0,0.0,1000.0,0.0,0.0,1.0,1000.0,0.0,-2.86369,0.0,1.49993,1935.0,0.0,-3.09968,1.0,1000.0,0.0,-1.59435,0.0,2.93981,6884.0,0.0,-1.80122,1000.0,0.0,1.0,-2.17602,2.11986,4147.0,0.0,-2.49928,0.0,A,0
2025-12-14 15:01:41.273000+00:00,-2.13516,0.0,0.0,0.0,0.0,0.0,0.0,10.0,0.0,1000.0,0.0,0.0,1.0,1000.0,0.0,-2.77088,0.0,0.69987,1935.0,0.0,-2.60055,1.0,1000.0,0.0,-1.52489,0.0,2.48987,6884.0,0.0,-1.4974,1000.0,0.0,1.0,-2.13516,1.49993,4147.0,0.0,-2.0978,0.0,A,0
2025-12-14 15:01:41.569000+00:00,-2.13516,0.0,0.0,0.0,0.0,0.0,0.0,10.0,0.0,1000.0,0.0,0.0,1.0,1000.0,0.0,-2.77088,0.0,0.69987,0.0,0.0,-2.60055,1.0,1000.0,0.0,-1.52489,0.0,2.48987,5667.0,0.0,-1.4974,1000.0,0.0,1.0,-2.13516,1.49993,2433.0,0.0,-2.0978,0.0,A,0
2025-12-14 15:01:41.572000+00:00,-2.07986,0.0,0.0,0.0,0.0,0.0,0.0,10.0,0.0,1000.0,0.0,0.0,0.0,0.0,0.0,-2.64626,0.0,0.0,0.0,0.0,-4.39815,1.0,1000.0,0.0,-1.45291,0.0,2.0497,5667.0,0.0,-3.00202,1000.0,0.0,1.0,-2.07986,0.87999,2433.0,0.0,-4.09795,0.0,A,0
2025-12-14 15:01:41.870000+00:00,-2.74526,0.0,0.0,0.0,0.0,0.0,0.0,10.0,0.0,1000.0,0.0,0.0,0.0,0.0,0.0,-1.7611,0.0,0.0,0.0,0.0,0.0,1.0,1000.0,0.0,-2.01253,0.0,1.71984,4755.0,0.0,-1.50101,1000.0,0.0,1.0,-2.74526,0.42969,1188.0,0.0,-2.10142,0.0,A,0
2025-12-14 15:01:42.170000+00:00,-2.15477,0.0,0.0,0.0,0.0,0.0,0.0,10.0,0.0,1000.0,0.0,0.0,0.0,0.0,1.0,-0.22014,0.0,0.0,0.0,0.0,0.0,1.0,1000.0,0.0,-1.53963,0.0,1.27966,3538.0,0.0,-1.50101,1000.0,0.0,0.0,-2.15477,0.01989,55.0,0.0,0.0,0.0,A,0
2025-12-14 15:01:42.469000+00:00,-2.15477,0.0,0.0,0.0,0.0,0.0,0.0,10.0,0.0,1000.0,0.0,0.0,0.0,0.0,1.0,-0.22014,0.0,0.0,0.0,0.0,0.0,1.0,1000.0,0.0,-1.53963,0.0,1.27966,2322.0,0.0,-1.50101,1000.0,0.0,0.0,-2.15477,0.01989,55.0,0.0,0.0,0.0,A,0
2025-12-14 15:01:42.471000+00:00,-0.26935,0.0,0.0,0.0,0.0,0.0,0.0,10.0,0.0,1000.0,0.0,0.0,0.0,0.0,1.0,-0.02752,0.0,0.0,0.0,0.0,0.0,1.0,1000.0,0.0,-1.4543,0.0,0.83984,2322.0,0.0,-1.50101,1000.0,1.0,0.0,-0.26935,0.01989,55.0,0.0,0.0,0.0,A,0
2025-12-14 15:01:42.770000+00:00,-0.06734,0.0,0.0,0.0,0.0,0.0,0.0,10.0,0.0,1000.0,0.0,0.0,0.0,0.0,1.0,-0.00688,0.0,0.0,0.0,0.0,0.0,1.0,1000.0,0.0,-1.63944,0.0,0.35988,995.0,0.0,-2.99841,1000.0,1.0,0.0,-0.06734,0.01989,55.0,0.0,0.0,0.0,A,0
2025-12-14 15:01:43.068000+00:00,-0.06734,0.0,0.0,0.0,0.0,0.0,0.0,10.0,0.0,1000.0,0.0,0.0,0.0,0.0,1.0,-0.00688,0.0,0.0,0.0,0.0,0.0,1.0,1000.0,0.0,-1.63944,0.0,0.35988,0.0,0.0,-2.99841,1000.0,1.0,0.0,-0.06734,0.01989,55.0,0.0,0.0,0.0,A,0
2025-12-14 15:01:43.072000+00:00,-0.00842,0.0,0.0,0.0,0.0,0.0,0.0,10.0,0.0,1000.0,0.0,0.0,0.0,0.0,1.0,-0.00086,0.0,0.0,0.0,0.0,0.0,0.0,0.0,0.0,-1.68017,0.0,0.0,0.0,0.0,-0.69806,1000.0,1.0,0.0,-0.00842,0.01989,55.0,0.0,0.0,0.0,A,0
2025-12-14 15:01:43.367000+00:00,-0.00842,0.0,0.0,0.0,0.0,0.0,0.0,10.0,0.0,1000.0,0.0,0.0,0.0,0.0,1.0,-0.00086,0.0,0.0,0.0,8.0,0.0,0.0,0.0,0.0,-1.68017,0.0,0.0,0.0,9.0,-0.69806,1000.0,1.0,0.0,-0.00842,0.01989,55.0,10.0,0.0,0.0,A,0
2025-12-14 15:01:43.372000+00:00,-0.00105,0.0,0.0,0.0,0.0,0.0,0.0,10.0,0.0,1000.0,0.0,0.0,0.0,0.0,0.0,-0.00011,1.0,0.0,0.0,8.0,0.0,0.0,0.0,0.0,-0.29728,1.0,0.0,0.0,9.0,0.0,1000.0,0.0,0.0,-0.00105,0.01989,55.0,10.0,0.0,1.0,A,0
2025-12-14 15:01:43.668000+00:00,-0.00105,0.0,0.0,0.0,0.0,0.0,0.0,10.0,0.0,1000.0,0.0,0.0,0.0,0.0,0.0,-0.00011,1.0,0.0,1050.0,8.0,0.0,0.0,0.0,0.0,-0.29728,1.0,0.0,552.0,9.0,0.0,1000.0,0.0,0.0,-0.00105,0.01989,718.0,10.0,0.0,1.0,A,0
2025-12-14 15:01:43.672000+00:00,-0.00026,0.0,0.0,0.0,0.0,0.0,0.0,10.0,0.0,1000.0,0.0,0.0,0.0,1000.0,0.0,-3e-05,1.0,0.37977,1050.0,8.0,1.09954,0.0,1000.0,0.0,-0.07432,1.0,0.19965,552.0,9.0,0.49913,1000.0,0.0,0.0,-0.00026,0.25969,718.0,10.0,0.3002,1.0,A,0
2025-12-14 15:01:43.968000+00:00,-0.00026,0.0,0.0,0.0,0.0,0.0,0.0,10.0,0.0,1000.0,0.0,0.0,0.0,1000.0,0.0,-3e-05,1.0,0.37977,3400.0,8.0,1.09954,0.0,1000.0,0.0,-0.07432,1.0,0.19965,1852.0,9.0,0.49913,1000.0,0.0,0.0,-0.00026,0.25969,2515.0,10.0,0.3002,1.0,A,0
2025-12-14 15:01:43.971000+00:00,2.81346,0.0,0.0,0.0,0.0,0.0,0.0,10.0,0.0,1000.0,0.0,0.0,0.0,1000.0,0.0,3.76157,1.0,1.22975,3400.0,8.0,2.60055,0.0,1000.0,0.0,2.02793,1.0,0.66985,1852.0,9.0,1.50101,1000.0,0.0,0.0,2.81346,0.90965,2515.0,10.0,1.99653,1.0,A,0
2025-12-14 15:01:44.269000+00:00,2.81346,0.0,0.0,0.0,0.0,0.0,0.0,10.0,0.0,1000.0,0.0,0.0,0.0,1000.0,0.0,3.76157,1.0,1.22975,5750.0,8.0,2.60055,0.0,1000.0,0.0,2.02793,1.0,0.66985,3151.0,9.0,1.50101,1000.0,0.0,0.0,2.81346,0.90965,4340.0,10.0,1.99653,1.0,A,0
2025-12-14 15:01:44.271000+00:00,2.25321,0.0,0.0,0.0,0.0,0.0,0.0,10.0,0.0,1000.0,0.0,0.0,0.0,1000.0,0.0,2.94144,1.0,2.07972,5750.0,8.0,2.60055,0.0,1000.0,0.0,1.63274,1.0,1.13968,3151.0,9.0,1.4974,1000.0,0.0,0.0,2.25321,1.56973,4340.0,10.0,2.00014,1.0,A,0
2025-12-14 15:01:44.570000+00:00,2.2072,0.0,0.0,0.0,0.0,0.0,0.0,10.0,0.0,1000.0,0.0,0.0,0.0,1000.0,0.0,2.84299,1.0,2.87977,7962.0,8.0,2.60055,0.0,1000.0,0.0,1.56676,1.0,1.58999,4396.0,9.0,1.50101,1000.0,0.0,0.0,2.2072,2.18967,6054.0,10.0,2.00014,1.0,A,0
2025-12-14 15:01:44.870000+00:00,2.2072,0.0,0.0,0.0,0.0,0.0,0.0,10.0,0.0,1000.0,0.0,0.0,0.0,1000.0,0.0,2.84299,1.0,2.87977,10174.0,8.0,2.60055,0.0,1000.0,0.0,1.56676,1.0,1.58999,5612.0,9.0,1.50101,1000.0,0.0,0.0,2.2072,2.18967,7741.0,10.0,2.00014,1.0,A,0
2025-12-14 15:01:44.872000+00:00,2.05044,0.0,0.0,0.0,0.0,0.0,0.0,10.0,0.0,1000.0,0.0,0.0,0.0,1000.0,0.0,2.70591,1.0,3.67983,10174.0,8.0,2.59693,0.0,1000.0,0.0,1.50742,1.0,2.0298,5612.0,9.0,1.39974,1000.0,0.0,0.0,2.05044,2.79984,7741.0,10.0,2.10142,1.0,A,0
2025-12-14 15:01:45.169000+00:00,2.05044,0.0,0.0,0.0,0.0,0.0,0.0,10.0,0.0,1000.0,0.0,0.0,0.0,1000.0,0.0,2.70591,1.0,3.67983,11778.0,8.0,2.59693,0.0,1000.0,0.0,1.50742,1.0,2.0298,6524.0,9.0,1.39974,1000.0,0.0,0.0,2.05044,2.79984,8985.0,10.0,2.10142,1.0,A,0
2025-12-14 15:01:45.170000+00:00,3.28767,0.0,0.0,0.0,0.0,0.0,0.0,10.0,0.0,1000.0,0.0,0.0,0.0,1000.0,0.0,4.2771,1.0,4.25998,11778.0,8.0,2.60055,0.0,1000.0,0.0,2.3779,1.0,2.35966,6524.0,9.0,1.4974,1000.0,0.0,0.0,3.28767,3.24978,8985.0,10.0,2.00015,1.0,A,0
2025-12-14 15:01:45.469000+00:00,3.28767,0.0,0.0,0.0,0.0,0.0,0.0,10.0,0.0,1000.0,0.0,0.0,0.0,1000.0,0.0,4.2771,1.0,4.25998,13989.0,8.0,2.60055,0.0,1000.0,0.0,2.3779,1.0,2.35966,7741.0,9.0,1.4974,1000.0,0.0,0.0,3.28767,3.24978,10699.0,10.0,2.00015,1.0,A,0
2025-12-14 15:01:45.471000+00:00,2.23523,0.0,0.0,0.0,0.0,0.0,0.0,10.0,0.0,1000.0,0.0,0.0,0.0,1000.0,0.0,2.83453,1.0,5.05968,13989.0,8.0,2.6982,0.0,1000.0,0.0,1.58395,1.0,2.79984,7741.0,9.0,1.50101,1000.0,0.0,0.0,2.23523,3.86972,10699.0,10.0,2.00014,1.0,A,0
2025-12-14 15:01:45.770000+00:00,2.23523,0.0,0.0,0.0,0.0,0.0,0.0,10.0,0.0,1000.0,0.0,0.0,0.0,1000.0,0.0,2.83453,1.0,5.05968,16339.0,8.0,2.6982,0.0,1000.0,0.0,1.58395,1.0,2.79984,9040.0,9.0,1.50101,1000.0,0.0,0.0,2.23523,3.86972,12524.0,10.0,2.00014,1.0,A,0
2025-12-14 15:01:45.774000+00:00,2.15431,0.0,0.0,0.0,0.0,0.0,0.0,10.0,0.0,1000.0,0.0,0.0,0.0,1000.0,0.0,2.84274,1.0,5.90965,16339.0,8.0,2.59693,0.0,1000.0,0.0,1.58462,1.0,3.26968,9040.0,9.0,1.39974,1000.0,0.0,0.0,2.15431,4.5298,12524.0,10.0,2.10142,1.0,A,0
2025-12-14 15:01:46.069000+00:00,2.064,0.0,0.0,0.0,0.0,0.0,0.0,10.0,0.0,1000.0,0.0,0.0,0.0,1000.0,0.0,2.71083,1.0,6.70971,18551.0,8.0,2.60055,0.0,1000.0,0.0,1.4966,1.0,3.71998,10285.0,9.0,1.50101,1000.0,0.0,0.0,2.064,5.13997,14211.0,10.0,2.10142,1.0,A,0
2025-12-14 15:01:46.370000+00:00,2.064,0.0,0.0,0.0,0.0,0.0,0.0,10.0,0.0,1000.0,0.0,0.0,0.0,1000.0,0.0,2.71083,1.0,6.70971,20901.0,8.0,2.60055,0.0,1000.0,0.0,1.4966,1.0,3.71998,11584.0,9.0,1.50101,1000.0,0.0,0.0,2.064,5.13997,16035.0,10.0,2.10142,1.0,A,0
2025-12-14 15:01:46.371000+00:00,2.69443,0.0,0.0,0.0,0.0,0.0,0.0,10.0,0.0,1000.0,0.0,0.0,0.0,1000.0,0.0,3.43899,1.0,7.55968,20901.0,8.0,2.69821,0.0,1000.0,0.0,1.92364,1.0,4.18981,11584.0,9.0,1.50101,1000.0,0.0,0.0,2.69443,5.7997,16035.0,10.0,2.00015,1.0,A,0
2025-12-14 15:01:46.670000+00:00,2.11225,0.0,0.0,0.0,0.0,0.0,0.0,10.0,0.0,1000.0,0.0,0.0,0.0,1000.0,0.0,2.74288,0.0,8.24978,22809.0,8.0,2.60055,0.0,1000.0,0.0,1.55203,1.0,4.62999,12801.0,9.0,1.49739,1000.0,0.0,0.0,2.11225,6.41999,17750.0,10.0,2.00015,1.0,A,0
2025-12-14 15:01:46.971000+00:00,2.25242,0.0,0.0,0.0,0.0,0.0,0.0,10.0,0.0,1000.0,0.0,0.0,0.0,1000.0,1.0,1.08539,0.0,8.24978,22809.0,8.0,0.0,0.0,1000.0,0.0,1.63765,1.0,5.10995,14128.0,9.0,1.50101,1000.0,0.0,0.0,2.25242,7.07972,19574.0,10.0,2.10142,1.0,A,0
2025-12-14 15:01:47.269000+00:00,2.25242,0.0,0.0,0.0,0.0,0.0,0.0,10.0,0.0,1000.0,0.0,0.0,0.0,1000.0,1.0,1.08539,0.0,8.24978,22809.0,8.0,0.0,0.0,1000.0,0.0,1.63765,1.0,5.10995,15427.0,9.0,1.50101,1000.0,0.0,0.0,2.25242,7.07972,21371.0,10.0,2.10142,1.0,A,0
2025-12-14 15:01:47.273000+00:00,2.06875,0.0,0.0,0.0,0.0,0.0,0.0,10.0,0.0,1000.0,0.0,0.0,0.0,1000.0,1.0,0.13567,0.0,8.24978,22809.0,8.0,0.0,0.0,1000.0,0.0,1.46746,1.0,5.57979,15427.0,9.0,3.29861,1000.0,0.0,0.0,2.06875,7.72967,21371.0,10.0,4.49942,1.0,A,0
2025-12-14 15:01:47.569000+00:00,2.06875,0.0,0.0,0.0,0.0,0.0,0.0,10.0,0.0,1000.0,0.0,0.0,0.0,1000.0,1.0,0.13567,0.0,8.24978,22809.0,8.0,0.0,0.0,1000.0,0.0,1.46746,1.0,5.57979,16644.0,9.0,3.29861,1000.0,0.0,0.0,2.06875,7.72967,23086.0,10.0,4.49942,1.0,A,0
2025-12-14 15:01:47.571000+00:00,2.69275,0.0,0.0,0.0,0.0,0.0,0.0,10.0,0.0,1000.0,0.0,0.0,0.0,1000.0,1.0,0.03392,0.0,8.24978,22809.0,8.0,0.0,0.0,1000.0,0.0,1.94202,1.0,6.01997,16644.0,9.0,1.50101,1000.0,0.0,0.0,2.69275,8.34997,23086.0,10.0,2.00014,1.0,A,0
2025-12-14 15:01:47.869000+00:00,2.69275,0.0,0.0,0.0,0.0,0.0,0.0,10.0,0.0,1000.0,0.0,0.0,0.0,1000.0,1.0,0.03392,0.0,8.24978,22809.0,8.0,0.0,0.0,1000.0,0.0,1.94202,1.0,6.01997,17971.0,9.0,1.50101,1000.0,0.0,0.0,2.69275,8.34997,24910.0,10.0,2.00014,1.0,A,0
2025-12-14 15:01:47.871000+00:00,2.11204,0.0,0.0,0.0,0.0,0.0,0.0,10.0,0.0,1000.0,0.0,0.0,0.0,1000.0,1.0,0.00424,0.0,8.24978,22809.0,8.0,0.0,0.0,1000.0,0.0,1.52901,1.0,6.49993,17971.0,9.0,1.80121,1000.0,0.0,0.0,2.11204,9.00969,24910.0,10.0,2.49928,1.0,A,0
2025-12-14 15:01:48.169000+00:00,2.11204,0.0,0.0,0.0,0.0,0.0,0.0,10.0,0.0,1000.0,0.0,0.0,0.0,1000.0,1.0,0.00424,0.0,8.24978,22809.0,8.0,0.0,0.0,1000.0,0.0,1.52901,1.0,6.49993,18772.0,9.0,1.80121,1000.0,0.0,0.0,2.11204,9.00969,26044.0,10.0,2.49928,1.0,A,0
2025-12-14 15:01:48.171000+00:00,2.10094,0.0,0.0,0.0,0.0,0.0,0.0,10.0,0.0,1000.0,0.0,0.0,0.0,1000.0,1.0,0.00053,0.0,8.24978,22809.0,8.0,0.0,0.0,1000.0,0.0,1.4914,1.0,6.78964,18772.0,9.0,1.49739,1000.0,0.0,0.0,2.10094,9.41985,26044.0,10.0,2.10142,1.0,A,0
2025-12-14 15:01:48.469000+00:00,2.10094,0.0,0.0,0.0,0.0,0.0,0.0,10.0,0.0,1000.0,0.0,0.0,0.0,1000.0,1.0,0.00053,0.0,8.24978,22809.0,8.0,0.0,0.0,1000.0,0.0,1.4914,1.0,6.78964,20072.0,9.0,1.49739,1000.0,0.0,0.0,2.10094,9.41985,27648.0,10.0,2.10142,1.0,A,0
2025-12-14 15:01:48.471000+00:00,2.24959,0.0,0.0,0.0,0.0,0.0,0.0,10.0,0.0,1000.0,0.0,0.0,0.0,1000.0,1.0,0.00013,0.0,8.24978,22809.0,8.0,0.0,0.0,1000.0,0.0,1.64781,1.0,7.25984,20072.0,9.0,2.90075,0.0,0.0,0.0,2.24959,10.0,27648.0,10.0,3.4035,0.0,A,0
2025-12-14 15:01:48.770000+00:00,0.70664,0.0,0.0,0.0,0.0,0.0,0.0,10.0,0.0,1000.0,0.0,0.0,0.0,1000.0,1.0,2e-05,0.0,8.24978,22809.0,8.0,0.0,0.0,1000.0,0.0,1.69252,1.0,7.70978,21316.0,9.0,1.50101,0.0,0.0,0.0,0.70664,10.0,27648.0,10.0,0.0,0.0,A,0
2025-12-14 15:01:49.071000+00:00,0.08833,0.0,0.0,0.0,0.0,0.0,0.0,10.0,0.0,1000.0,0.0,0.0,0.0,1000.0,1.0,0.0,0.0,8.24978,22809.0,8.0,0.0,0.0,1000.0,0.0,1.39926,1.0,8.17998,22616.0,9.0,1.80121,0.0,1.0,0.0,0.08833,10.0,27648.0,10.0,0.0,0.0,A,0
2025-12-14 15:01:49.369000+00:00,0.08833,0.0,0.0,0.0,0.0,0.0,0.0,10.0,0.0,1000.0,0.0,0.0,0.0,1000.0,1.0,0.0,0.0,8.24978,22809.0,8.0,0.0,0.0,1000.0,0.0,1.39926,1.0,8.17998,23860.0,9.0,1.80121,0.0,1.0,0.0,0.08833,10.0,27648.0,10.0,0.0,0.0,A,0
2025-12-14 15:01:49.372000+00:00,0.02208,0.0,0.0,0.0,0.0,0.0,0.0,10.0,0.0,1000.0,0.0,0.0,0.0,1000.0,1.0,0.0,0.0,8.24978,22809.0,8.0,0.0,0.0,1000.0,0.0,1.54882,1.0,8.62992,23860.0,9.0,1.50101,0.0,1.0,0.0,0.02208,10.0,27648.0,10.0,0.0,0.0,A,0
2025-12-14 15:01:49.671000+00:00,0.00276,0.0,0.0,0.0,0.0,0.0,0.0,10.0,0.0,1000.0,0.0,0.0,0.0,1000.0,1.0,0.0,0.0,8.24978,22809.0,8.0,0.0,0.0,1000.0,0.0,2.20686,0.0,9.00969,24910.0,9.0,0.89699,0.0,1.0,0.0,0.00276,10.0,27648.0,10.0,0.0,0.0,A,0
2025-12-14 15:01:49.970000+00:00,0.00276,0.0,0.0,0.0,0.0,0.0,0.0,10.0,0.0,1000.0,0.0,0.0,0.0,1000.0,1.0,0.0,0.0,8.24978,22809.0,5.0,0.0,0.0,1000.0,0.0,2.20686,0.0,9.00969,24910.0,5.0,0.89699,0.0,1.0,0.0,0.00276,10.0,27648.0,5.0,0.0,0.0,A,0
2025-12-14 15:01:49.971000+00:00,0.00035,0.0,0.0,0.0,0.0,0.0,0.0,10.0,0.0,1000.0,0.0,0.0,1.0,1000.0,0.0,0.0,0.0,8.24978,22809.0,5.0,0.0,1.0,1000.0,0.0,0.38798,0.0,9.00969,24910.0,5.0,0.0,0.0,0.0,1.0,0.00035,10.0,27648.0,5.0,0.0,0.0,A,0
2025-12-14 15:01:50.270000+00:00,0.00035,0.0,0.0,0.0,0.0,0.0,0.0,10.0,0.0,1000.0,0.0,0.0,1.0,1000.0,0.0,0.0,0.0,8.24978,21648.0,5.0,0.0,1.0,1000.0,0.0,0.38798,0.0,9.00969,24247.0,5.0,0.0,0.0,0.0,1.0,0.00035,10.0,26956.0,5.0,0.0,0.0,A,0
2025-12-14 15:01:50.272000+00:00,9e-05,0.0,0.0,0.0,0.0,0.0,0.0,10.0,0.0,1000.0,0.0,0.0,1.0,1000.0,0.0,0.0,0.0,7.82986,21648.0,5.0,-1.59866,1.0,1000.0,0.0,0.097,0.0,8.76989,24247.0,5.0,-0.89699,1000.0,0.0,1.0,9e-05,9.74971,26956.0,5.0,-0.40148,0.0,A,0
2025-12-14 15:01:50.570000+00:00,9e-05,0.0,0.0,0.0,0.0,0.0,0.0,10.0,0.0,1000.0,0.0,0.0,1.0,1000.0,0.0,0.0,0.0,7.82986,21648.0,5.0,-1.59866,1.0,1000.0,0.0,0.097,0.0,8.76989,24247.0,5.0,-0.89699,1000.0,0.0,1.0,9e-05,9.74971,25242.0,5.0,-0.40148,0.0,A,0
2025-12-14 15:01:50.572000+00:00,-1.62443,0.0,0.0,0.0,0.0,0.0,0.0,10.0,0.0,1000.0,0.0,0.0,1.0,1000.0,0.0,-2.20088,0.0,7.0298,21648.0,5.0,-2.69821,1.0,1000.0,0.0,-1.17512,0.0,8.32972,24247.0,5.0,-1.50102,1000.0,0.0,1.0,-1.62443,9.12977,25242.0,5.0,-2.00014,0.0,A,0
