PrimaryKey,DataType,Value,StatusCode,SourceTimeStamp,ServerTimeStamp
42,0x0001,true,0x00000000,2025-12-14T15:30:33.587Z,2025-12-14T15:30:33.587Z
41,0x0001,false,0x00000000,2025-12-14T15:30:33.587Z,2025-12-14T15:30:33.587Z
40,0x0001,true,0x00000000,2025-12-14T15:30:33.587Z,2025-12-14T15:30:33.587Z
39,0x000a,0,0x00000000,2025-12-14T15:30:33.587Z,2025-12-14T15:30:33.587Z
38,0x000a,0,0x00000000,2025-12-14T15:30:33.587Z,2025-12-14T15:30:33.587Z
37,0x000a,0,0x00000000,2025-12-14T15:30:33.587Z,2025-12-14T15:30:33.587Z
36,0x000a,-3.42549e-05,0x00000000,2025-12-14T15:30:33.587Z,2025-12-14T15:30:33.587Z
35,0x000a,-1.23581,0x00000000,2025-12-14T15:30:33.587Z,2025-12-14T15:30:33.587Z
34,0x000a,-4.4643e-05,0x00000000,2025-12-14T15:30:33.587Z,2025-12-14T15:30:33.587Z
33,0x000a,0,0x00000000,2025-12-14T15:30:33.587Z,2025-12-14T15:30:33.587Z
32,0x000a,0,0x00000000,2025-12-14T15:30:33.587Z,2025-12-14T15:30:33.587Z
31,0x000a,0,0x00000000,2025-12-14T15:30:33.587Z,2025-12-14T15:30:33.587Z
30,0x0004,0,0x00000000,2025-12-14T15:30:33.587Z,2025-12-14T15:30:33.587Z
29,0x0004,0,0x00000000,2025-12-14T15:30:33.587Z,2025-12-14T15:30:33.587Z
28,0x0004,0,0x00000000,2025-12-14T15:30:33.587Z,2025-12-14T15:30:33.587Z
27,0x0001,false,0x00000000,2025-12-14T15:30:33.587Z,2025-12-14T15:30:33.587Z
26,0x000a,3.9898,0x00000000,2025-12-14T15:30:33.587Z,2025-12-14T15:30:33.587Z
25,0x000a,3.72975,0x00000000,2025-12-14T15:30:33.587Z,2025-12-14T15:30:33.587Z
24,0x000a,4.23973,0x00000000,2025-12-14T15:30:33.587Z,2025-12-14T15:30:33.587Z
23,0x000a,-3.42549e-05,0x00000000,2025-12-14T15:30:33.587Z,2025-12-14T15:30:33.587Z
22,0x000a,-1.23581,0x00000000,2025-12-14T15:30:33.587Z,2025-12-14T15:30:33.587Z
21,0x000a,-4.4643e-05,0x00000000,2025-12-14T15:30:33.587Z,2025-12-14T15:30:33.587Z
20,0x0001,false,0x00000000,2025-12-14T15:30:33.587Z,2025-12-14T15:30:33.587Z
19,0x0001,false,0x00000000,2025-12-14T15:30:33.587Z,2025-12-14T15:30:33.587Z
18,0x0001,false,0x00000000,2025-12-14T15:30:33.587Z,2025-12-14T15:30:33.587Z
17,0x0001,false,0x00000000,2025-12-14T15:30:33.587Z,2025-12-14T15:30:33.587Z
16,0x0001,false,0x00000000,2025-12-14T15:30:33.587Z,2025-12-14T15:30:33.587Z
15,0x0001,false,0x00000000,2025-12-14T15:30:33.587Z,2025-12-14T15:30:33.587Z
14,0x0001,false,0x00000000,2025-12-14T15:30:33.587Z,2025-12-14T15:30:33.587Z
13,0x0001,false,0x00000000,2025-12-14T15:30:33.587Z,2025-12-14T15:30:33.587Z
12,0x000a,0,0x00000000,2025-12-14T15:30:33.587Z,2025-12-14T15:30:33.587Z
11,0x000a,0,0x00000000,2025-12-14T15:30:33.587Z,2025-12-14T15:30:33.587Z
10,0x0004,0,0x00000000,2025-12-14T15:30:33.587Z,2025-12-14T15:30:33.587Z
9,0x0004,0,0x00000000,2025-12-14T15:30:33.587Z,2025-12-14T15:30:33.587Z
8,0x0004,11031,0x00000000,2025-12-14T15:30:33.587Z,2025-12-14T15:30:33.587Z
7,0x0004,10312,0x00000000,2025-12-14T15:30:33.587Z,2025-12-14T15:30:33.587Z
6,0x0004,11722,0x00000000,2025-12-14T15:30:33.587Z,2025-12-14T15:30:33.587Z
5,0x000a,0,0x00000000,2025-12-14T15:30:33.587Z,2025-12-14T15:30:33.587Z
4,0x000a,4.2,0x00000000,2025-12-14T15:30:33.587Z,2025-12-14T15:30:33.587Z
3,0x000a,3.8,0x00000000,2025-12-14T15:30:33.587Z,2025-12-14T15:30:33.587Z
2,0x000a,4.5,0x00000000,2025-12-14T15:30:33.587Z,2025-12-14T15:30:33.587Z
1,0x0001,false,0x00000000,2025-12-14T15:30:33.587Z,2025-12-14T15:30:33.587Z
42,0x0001,false,0x00000000,2025-12-14T15:30:33.689Z,2025-12-14T15:30:33.689Z
40,0x0001,false,0x00000000,2025-12-14T15:30:33.689Z,2025-12-14T15:30:33.689Z
36,0x000a,-1.71275e-05,0x00000000,2025-12-14T15:30:33.689Z,2025-12-14T15:30:33.689Z
36,0x000a,-8.56373e-06,0x00000000,2025-12-14T15:30:33.789Z,2025-12-14T15:30:33.789Z
35,0x000a,-0.617903,0x00000000,2025-12-14T15:30:33.689Z,2025-12-14T15:30:33.689Z
35,0x000a,-0.308951,0x00000000,2025-12-14T15:30:33.789Z,2025-12-14T15:30:33.789Z
34,0x000a,-2.23215e-05,0x00000000,2025-12-14T15:30:33.689Z,2025-12-14T15:30:33.689Z
34,0x000a,-1.11608e-05,0x00000000,2025-12-14T15:30:33.789Z,2025-12-14T15:30:33.789Z
23,0x000a,-1.71275e-05,0x00000000,2025-12-14T15:30:33.689Z,2025-12-14T15:30:33.689Z
23,0x000a,-8.56373e-06,0x00000000,2025-12-14T15:30:33.789Z,2025-12-14T15:30:33.789Z
22,0x000a,-0.617903,0x00000000,2025-12-14T15:30:33.689Z,2025-12-14T15:30:33.689Z
22,0x000a,-0.308951,0x00000000,2025-12-14T15:30:33.789Z,2025-12-14T15:30:33.789Z
21,0x000a,-2.23215e-05,0x00000000,2025-12-14T15:30:33.689Z,2025-12-14T15:30:33.689Z
21,0x000a,-1.11608e-05,0x00000000,2025-12-14T15:30:33.789Z,2025-12-14T15:30:33.789Z
18,0x0001,true,0x00000000,2025-12-14T15:30:33.689Z,2025-12-14T15:30:33.689Z
16,0x0001,true,0x00000000,2025-12-14T15:30:33.689Z,2025-12-14T15:30:33.689Z
14,0x0001,true,0x00000000,2025-12-14T15:30:33.689Z,2025-12-14T15:30:33.689Z
4,0x000a,1,0x00000000,2025-12-14T15:30:33.689Z,2025-12-14T15:30:33.689Z
3,0x000a,1,0x00000000,2025-12-14T15:30:33.689Z,2025-12-14T15:30:33.689Z
2,0x000a,2,0x00000000,2025-12-14T15:30:33.689Z,2025-12-14T15:30:33.689Z
36,0x000a,-4.28186e-06,0x00000000,2025-12-14T15:30:33.887Z,2025-12-14T15:30:33.887Z
35,0x000a,-0.154476,0x00000000,2025-12-14T15:30:33.887Z,2025-12-14T15:30:33.887Z
34,0x000a,-5.58038e-06,0x00000000,2025-12-14T15:30:33.887Z,2025-12-14T15:30:33.887Z
26,0x000a,3.95978,0x00000000,2025-12-14T15:30:33.887Z,2025-12-14T15:30:33.887Z
25,0x000a,3.6697,0x00000000,2025-12-14T15:30:33.887Z,2025-12-14T15:30:33.887Z
24,0x000a,4.12977,0x00000000,2025-12-14T15:30:33.887Z,2025-12-14T15:30:33.887Z
23,0x000a,-4.28186e-06,0x00000000,2025-12-14T15:30:33.887Z,2025-12-14T15:30:33.887Z
22,0x000a,-0.154476,0x00000000,2025-12-14T15:30:33.887Z,2025-12-14T15:30:33.887Z
21,0x000a,-5.58038e-06,0x00000000,2025-12-14T15:30:33.887Z,2025-12-14T15:30:33.887Z
8,0x0004,10948,0x00000000,2025-12-14T15:30:33.887Z,2025-12-14T15:30:33.887Z
7,0x0004,10146,0x00000000,2025-12-14T15:30:33.887Z,2025-12-14T15:30:33.887Z
6,0x0004,11418,0x00000000,2025-12-14T15:30:33.887Z,2025-12-14T15:30:33.887Z
39,0x000a,-0.300202,0x00000000,2025-12-14T15:30:33.987Z,2025-12-14T15:30:33.987Z
38,0x000a,-0.600405,0x00000000,2025-12-14T15:30:33.987Z,2025-12-14T15:30:33.987Z
37,0x000a,-1.09954,0x00000000,2025-12-14T15:30:33.987Z,2025-12-14T15:30:33.987Z
26,0x000a,3.75,0x00000000,2025-12-14T15:30:33.987Z,2025-12-14T15:30:33.987Z
25,0x000a,3.51997,0x00000000,2025-12-14T15:30:33.987Z,2025-12-14T15:30:33.987Z
24,0x000a,3.85995,0x00000000,2025-12-14T15:30:33.987Z,2025-12-14T15:30:33.987Z
8,0x0004,10368,0x00000000,2025-12-14T15:30:33.987Z,2025-12-14T15:30:33.987Z
7,0x0004,9732,0x00000000,2025-12-14T15:30:33.987Z,2025-12-14T15:30:33.987Z
6,0x0004,10672,0x00000000,2025-12-14T15:30:33.987Z,2025-12-14T15:30:33.987Z
39,0x000a,-2.0978,0x00000000,2025-12-14T15:30:34.090Z,2025-12-14T15:30:34.090Z
38,0x000a,-1.4974,0x00000000,2025-12-14T15:30:34.090Z,2025-12-14T15:30:34.090Z
37,0x000a,-2.6982,0x00000000,2025-12-14T15:30:34.090Z,2025-12-14T15:30:34.090Z
36,0x000a,-0.150103,0x00000000,2025-12-14T15:30:34.090Z,2025-12-14T15:30:34.090Z
35,0x000a,-0.37744,0x00000000,2025-12-14T15:30:34.090Z,2025-12-14T15:30:34.090Z
34,0x000a,-0.549772,0x00000000,2025-12-14T15:30:34.090Z,2025-12-14T15:30:34.090Z
23,0x000a,-0.150103,0x00000000,2025-12-14T15:30:34.090Z,2025-12-14T15:30:34.090Z
22,0x000a,-0.37744,0x00000000,2025-12-14T15:30:34.090Z,2025-12-14T15:30:34.090Z
21,0x000a,-0.549772,0x00000000,2025-12-14T15:30:34.090Z,2025-12-14T15:30:34.090Z
39,0x000a,-2.20269,0x00000000,2025-12-14T15:30:34.190Z,2025-12-14T15:30:34.190Z
38,0x000a,-1.60228,0x00000000,2025-12-14T15:30:34.190Z,2025-12-14T15:30:34.190Z
37,0x000a,-2.8031,0x00000000,2025-12-14T15:30:34.190Z,2025-12-14T15:30:34.190Z
36,0x000a,-1.12395,0x00000000,2025-12-14T15:30:34.190Z,2025-12-14T15:30:34.190Z
35,0x000a,-0.937419,0x00000000,2025-12-14T15:30:34.190Z,2025-12-14T15:30:34.190Z
34,0x000a,-1.62399,0x00000000,2025-12-14T15:30:34.190Z,2025-12-14T15:30:34.190Z
26,0x000a,3.52973,0x00000000,2025-12-14T15:30:34.190Z,2025-12-14T15:30:34.190Z
25,0x000a,3.35974,0x00000000,2025-12-14T15:30:34.190Z,2025-12-14T15:30:34.190Z
24,0x000a,3.57964,0x00000000,2025-12-14T15:30:34.190Z,2025-12-14T15:30:34.190Z
23,0x000a,-1.12395,0x00000000,2025-12-14T15:30:34.190Z,2025-12-14T15:30:34.190Z
22,0x000a,-0.937419,0x00000000,2025-12-14T15:30:34.190Z,2025-12-14T15:30:34.190Z
21,0x000a,-1.62399,0x00000000,2025-12-14T15:30:34.190Z,2025-12-14T15:30:34.190Z
8,0x0004,9759,0x00000000,2025-12-14T15:30:34.190Z,2025-12-14T15:30:34.190Z
7,0x0004,9289,0x00000000,2025-12-14T15:30:34.190Z,2025-12-14T15:30:34.190Z
6,0x0004,9897,0x00000000,2025-12-14T15:30:34.190Z,2025-12-14T15:30:34.190Z
39,0x000a,-2.49928,0x00000000,2025-12-14T15:30:34.289Z,2025-12-14T15:30:34.289Z
38,0x000a,-1.7976,0x00000000,2025-12-14T15:30:34.289Z,2025-12-14T15:30:34.289Z
37,0x000a,-3.29861,0x00000000,2025-12-14T15:30:34.289Z,2025-12-14T15:30:34.289Z
36,0x000a,-1.66332,0x00000000,2025-12-14T15:30:34.289Z,2025-12-14T15:30:34.289Z
35,0x000a,-1.26985,0x00000000,2025-12-14T15:30:34.289Z,2025-12-14T15:30:34.289Z
34,0x000a,-2.21354,0x00000000,2025-12-14T15:30:34.289Z,2025-12-14T15:30:34.289Z
26,0x000a,3.2798,0x00000000,2025-12-14T15:30:34.289Z,2025-12-14T15:30:34.289Z
25,0x000a,3.17998,0x00000000,2025-12-14T15:30:34.289Z,2025-12-14T15:30:34.289Z
24,0x000a,3.24978,0x00000000,2025-12-14T15:30:34.289Z,2025-12-14T15:30:34.289Z
23,0x000a,-1.66332,0x00000000,2025-12-14T15:30:34.289Z,2025-12-14T15:30:34.289Z
22,0x000a,-1.26985,0x00000000,2025-12-14T15:30:34.289Z,2025-12-14T15:30:34.289Z
21,0x000a,-2.21354,0x00000000,2025-12-14T15:30:34.289Z,2025-12-14T15:30:34.289Z
8,0x0004,9068,0x00000000,2025-12-14T15:30:34.289Z,2025-12-14T15:30:34.289Z
7,0x0004,8792,0x00000000,2025-12-14T15:30:34.289Z,2025-12-14T15:30:34.289Z
6,0x0004,8985,0x00000000,2025-12-14T15:30:34.289Z,2025-12-14T15:30:34.289Z
39,0x000a,-2.19908,0x00000000,2025-12-14T15:30:34.389Z,2025-12-14T15:30:34.389Z
38,0x000a,-1.60228,0x00000000,2025-12-14T15:30:34.389Z,2025-12-14T15:30:34.389Z
37,0x000a,-2.69821,0x00000000,2025-12-14T15:30:34.389Z,2025-12-14T15:30:34.389Z
36,0x000a,-2.0813,0x00000000,2025-12-14T15:30:34.389Z,2025-12-14T15:30:34.389Z
35,0x000a,-1.53373,0x00000000,2025-12-14T15:30:34.389Z,2025-12-14T15:30:34.389Z
34,0x000a,-2.75608,0x00000000,2025-12-14T15:30:34.389Z,2025-12-14T15:30:34.389Z
26,0x000a,3.0599,0x00000000,2025-12-14T15:30:34.389Z,2025-12-14T15:30:34.389Z
25,0x000a,3.01975,0x00000000,2025-12-14T15:30:34.389Z,2025-12-14T15:30:34.389Z
24,0x000a,2.97996,0x00000000,2025-12-14T15:30:34.389Z,2025-12-14T15:30:34.389Z
23,0x000a,-2.0813,0x00000000,2025-12-14T15:30:34.389Z,2025-12-14T15:30:34.389Z
22,0x000a,-1.53373,0x00000000,2025-12-14T15:30:34.389Z,2025-12-14T15:30:34.389Z
21,0x000a,-2.75608,0x00000000,2025-12-14T15:30:34.389Z,2025-12-14T15:30:34.389Z
8,0x0004,8460,0x00000000,2025-12-14T15:30:34.389Z,2025-12-14T15:30:34.389Z
7,0x0004,8349,0x00000000,2025-12-14T15:30:34.389Z,2025-12-14T15:30:34.389Z
6,0x0004,8239,0x00000000,2025-12-14T15:30:34.389Z,2025-12-14T15:30:34.389Z
39,0x000a,-2.10142,0x00000000,2025-12-14T15:30:34.490Z,2025-12-14T15:30:34.490Z
38,0x000a,-1.50101,0x00000000,2025-12-14T15:30:34.490Z,2025-12-14T15:30:34.490Z
37,0x000a,-2.8031,0x00000000,2025-12-14T15:30:34.490Z,2025-12-14T15:30:34.490Z
36,0x000a,-2.14019,0x00000000,2025-12-14T15:30:34.490Z,2025-12-14T15:30:34.490Z
35,0x000a,-1.56801,0x00000000,2025-12-14T15:30:34.490Z,2025-12-14T15:30:34.490Z
34,0x000a,-2.72714,0x00000000,2025-12-14T15:30:34.490Z,2025-12-14T15:30:34.490Z
26,0x000a,2.84975,0x00000000,2025-12-14T15:30:34.490Z,2025-12-14T15:30:34.490Z
25,0x000a,2.86965,0x00000000,2025-12-14T15:30:34.490Z,2025-12-14T15:30:34.490Z
24,0x000a,2.69965,0x00000000,2025-12-14T15:30:34.490Z,2025-12-14T15:30:34.490Z
23,0x000a,-2.14019,0x00000000,2025-12-14T15:30:34.490Z,2025-12-14T15:30:34.490Z
22,0x000a,-1.56801,0x00000000,2025-12-14T15:30:34.490Z,2025-12-14T15:30:34.490Z
21,0x000a,-2.72714,0x00000000,2025-12-14T15:30:34.490Z,2025-12-14T15:30:34.490Z
8,0x0004,7879,0x00000000,2025-12-14T15:30:34.490Z,2025-12-14T15:30:34.490Z
7,0x0004,7934,0x00000000,2025-12-14T15:30:34.490Z,2025-12-14T15:30:34.490Z
6,0x0004,7464,0x00000000,2025-12-14T15:30:34.490Z,2025-12-14T15:30:34.490Z
39,0x000a,-2.0978,0x00000000,2025-12-14T15:30:34.590Z,2025-12-14T15:30:34.590Z
38,0x000a,-1.4974,0x00000000,2025-12-14T15:30:34.590Z,2025-12-14T15:30:34.590Z
37,0x000a,-2.79948,0x00000000,2025-12-14T15:30:34.590Z,2025-12-14T15:30:34.590Z
36,0x000a,-2.1208,0x00000000,2025-12-14T15:30:34.590Z,2025-12-14T15:30:34.590Z
35,0x000a,-1.53451,0x00000000,2025-12-14T15:30:34.590Z,2025-12-14T15:30:34.590Z
34,0x000a,-2.76512,0x00000000,2025-12-14T15:30:34.590Z,2025-12-14T15:30:34.590Z
26,0x000a,2.63997,0x00000000,2025-12-14T15:30:34.590Z,2025-12-14T15:30:34.590Z
25,0x000a,2.71991,0x00000000,2025-12-14T15:30:34.590Z,2025-12-14T15:30:34.590Z
24,0x000a,2.4197,0x00000000,2025-12-14T15:30:34.590Z,2025-12-14T15:30:34.590Z
23,0x000a,-2.1208,0x00000000,2025-12-14T15:30:34.590Z,2025-12-14T15:30:34.590Z
22,0x000a,-1.53451,0x00000000,2025-12-14T15:30:34.590Z,2025-12-14T15:30:34.590Z
21,0x000a,-2.76512,0x00000000,2025-12-14T15:30:34.590Z,2025-12-14T15:30:34.590Z
8,0x0004,7299,0x00000000,2025-12-14T15:30:34.590Z,2025-12-14T15:30:34.590Z
7,0x0004,7520,0x00000000,2025-12-14T15:30:34.590Z,2025-12-14T15:30:34.590Z
6,0x0004,6690,0x00000000,2025-12-14T15:30:34.590Z,2025-12-14T15:30:34.590Z
36,0x000a,-2.1093,0x00000000,2025-12-14T15:30:34.687Z,2025-12-14T15:30:34.687Z
35,0x000a,-1.51595,0x00000000,2025-12-14T15:30:34.687Z,2025-12-14T15:30:34.687Z
34,0x000a,-2.7823,0x00000000,2025-12-14T15:30:34.687Z,2025-12-14T15:30:34.687Z
26,0x000a,2.4197,0x00000000,2025-12-14T15:30:34.687Z,2025-12-14T15:30:34.687Z
25,0x000a,2.55968,0x00000000,2025-12-14T15:30:34.687Z,2025-12-14T15:30:34.687Z
24,0x000a,2.14988,0x00000000,2025-12-14T15:30:34.687Z,2025-12-14T15:30:34.687Z
23,0x000a,-2.1093,0x00000000,2025-12-14T15:30:34.687Z,2025-12-14T15:30:34.687Z
22,0x000a,-1.51595,0x00000000,2025-12-14T15:30:34.687Z,2025-12-14T15:30:34.687Z
21,0x000a,-2.7823,0x00000000,2025-12-14T15:30:34.687Z,2025-12-14T15:30:34.687Z
14,0x0001,false,0x00000000,2025-12-14T15:30:34.687Z,2025-12-14T15:30:34.687Z
8,0x0004,6690,0x00000000,2025-12-14T15:30:34.687Z,2025-12-14T15:30:34.687Z
7,0x0004,7077,0x00000000,2025-12-14T15:30:34.687Z,2025-12-14T15:30:34.687Z
6,0x0004,5944,0x00000000,2025-12-14T15:30:34.687Z,2025-12-14T15:30:34.687Z
39,0x000a,-2.20269,0x00000000,2025-12-14T15:30:34.789Z,2025-12-14T15:30:34.789Z
38,0x000a,-1.60228,0x00000000,2025-12-14T15:30:34.789Z,2025-12-14T15:30:34.789Z
37,0x000a,-2.69821,0x00000000,2025-12-14T15:30:34.789Z,2025-12-14T15:30:34.789Z
26,0x000a,2.20992,0x00000000,2025-12-14T15:30:34.789Z,2025-12-14T15:30:34.789Z
25,0x000a,2.40994,0x00000000,2025-12-14T15:30:34.789Z,2025-12-14T15:30:34.789Z
24,0x000a,1.86994,0x00000000,2025-12-14T15:30:34.789Z,2025-12-14T15:30:34.789Z
8,0x0004,6110,0x00000000,2025-12-14T15:30:34.789Z,2025-12-14T15:30:34.789Z
7,0x0004,6663,0x00000000,2025-12-14T15:30:34.789Z,2025-12-14T15:30:34.789Z
6,0x0004,5170,0x00000000,2025-12-14T15:30:34.789Z,2025-12-14T15:30:34.789Z
39,0x000a,-2.0978,0x00000000,2025-12-14T15:30:34.888Z,2025-12-14T15:30:34.888Z
38,0x000a,-1.4974,0x00000000,2025-12-14T15:30:34.888Z,2025-12-14T15:30:34.888Z
37,0x000a,-2.79948,0x00000000,2025-12-14T15:30:34.888Z,2025-12-14T15:30:34.888Z
36,0x000a,-2.156,0x00000000,2025-12-14T15:30:34.888Z,2025-12-14T15:30:34.888Z
35,0x000a,-1.55912,0x00000000,2025-12-14T15:30:34.888Z,2025-12-14T15:30:34.888Z
34,0x000a,-2.74025,0x00000000,2025-12-14T15:30:34.888Z,2025-12-14T15:30:34.888Z
26,0x000a,1.99978,0x00000000,2025-12-14T15:30:34.888Z,2025-12-14T15:30:34.888Z
25,0x000a,2.25984,0x00000000,2025-12-14T15:30:34.888Z,2025-12-14T15:30:34.888Z
24,0x000a,1.70971,0x00000000,2025-12-14T15:30:34.888Z,2025-12-14T15:30:34.888Z
23,0x000a,-2.156,0x00000000,2025-12-14T15:30:34.888Z,2025-12-14T15:30:34.888Z
22,0x000a,-1.55912,0x00000000,2025-12-14T15:30:34.888Z,2025-12-14T15:30:34.888Z
21,0x000a,-2.74025,0x00000000,2025-12-14T15:30:34.888Z,2025-12-14T15:30:34.888Z
8,0x0004,5529,0x00000000,2025-12-14T15:30:34.888Z,2025-12-14T15:30:34.888Z
7,0x0004,6248,0x00000000,2025-12-14T15:30:34.888Z,2025-12-14T15:30:34.888Z
6,0x0004,4727,0x00000000,2025-12-14T15:30:34.888Z,2025-12-14T15:30:34.888Z
39,0x000a,-4.20284,0x00000000,2025-12-14T15:30:34.990Z,2025-12-14T15:30:34.990Z
38,0x000a,-3.09968,0x00000000,2025-12-14T15:30:34.990Z,2025-12-14T15:30:34.990Z
37,0x000a,-1.60229,0x00000000,2025-12-14T15:30:34.990Z,2025-12-14T15:30:34.990Z
36,0x000a,-2.1269,0x00000000,2025-12-14T15:30:34.990Z,2025-12-14T15:30:34.990Z
35,0x000a,-1.52826,0x00000000,2025-12-14T15:30:34.990Z,2025-12-14T15:30:34.990Z
34,0x000a,-2.76987,0x00000000,2025-12-14T15:30:34.990Z,2025-12-14T15:30:34.990Z
26,0x000a,1.78964,0x00000000,2025-12-14T15:30:34.990Z,2025-12-14T15:30:34.990Z
25,0x000a,2.09997,0x00000000,2025-12-14T15:30:34.990Z,2025-12-14T15:30:34.990Z
23,0x000a,-2.1269,0x00000000,2025-12-14T15:30:34.990Z,2025-12-14T15:30:34.990Z
22,0x000a,-1.52826,0x00000000,2025-12-14T15:30:34.990Z,2025-12-14T15:30:34.990Z
21,0x000a,-2.76987,0x00000000,2025-12-14T15:30:34.990Z,2025-12-14T15:30:34.990Z
8,0x0004,4948,0x00000000,2025-12-14T15:30:34.990Z,2025-12-14T15:30:34.990Z
7,0x0004,5806,0x00000000,2025-12-14T15:30:34.990Z,2025-12-14T15:30:34.990Z
39,0x000a,-2.59693,0x00000000,2025-12-14T15:30:35.088Z,2025-12-14T15:30:35.088Z
38,0x000a,-1.80122,0x00000000,2025-12-14T15:30:35.088Z,2025-12-14T15:30:35.088Z
37,0x000a,0,0x00000000,2025-12-14T15:30:35.088Z,2025-12-14T15:30:35.088Z
36,0x000a,-3.16487,0x00000000,2025-12-14T15:30:35.088Z,2025-12-14T15:30:35.088Z
35,0x000a,-2.31397,0x00000000,2025-12-14T15:30:35.088Z,2025-12-14T15:30:35.088Z
34,0x000a,-2.18608,0x00000000,2025-12-14T15:30:35.088Z,2025-12-14T15:30:35.088Z
26,0x000a,1.52995,0x00000000,2025-12-14T15:30:35.088Z,2025-12-14T15:30:35.088Z
25,0x000a,1.91985,0x00000000,2025-12-14T15:30:35.088Z,2025-12-14T15:30:35.088Z
23,0x000a,-3.16487,0x00000000,2025-12-14T15:30:35.088Z,2025-12-14T15:30:35.088Z
22,0x000a,-2.31397,0x00000000,2025-12-14T15:30:35.088Z,2025-12-14T15:30:35.088Z
21,0x000a,-2.18608,0x00000000,2025-12-14T15:30:35.088Z,2025-12-14T15:30:35.088Z
8,0x0004,4230,0x00000000,2025-12-14T15:30:35.088Z,2025-12-14T15:30:35.088Z
7,0x0004,5308,0x00000000,2025-12-14T15:30:35.088Z,2025-12-14T15:30:35.088Z
40,0x0001,true,0x00000000,2025-12-14T15:30:35.190Z,2025-12-14T15:30:35.190Z
39,0x000a,-2.10142,0x00000000,2025-12-14T15:30:35.190Z,2025-12-14T15:30:35.190Z
38,0x000a,-1.50101,0x00000000,2025-12-14T15:30:35.190Z,2025-12-14T15:30:35.190Z
36,0x000a,-2.8809,0x00000000,2025-12-14T15:30:35.190Z,2025-12-14T15:30:35.190Z
35,0x000a,-2.05759,0x00000000,2025-12-14T15:30:35.190Z,2025-12-14T15:30:35.190Z
34,0x000a,-1.09304,0x00000000,2025-12-14T15:30:35.190Z,2025-12-14T15:30:35.190Z
26,0x000a,1.31981,0x00000000,2025-12-14T15:30:35.190Z,2025-12-14T15:30:35.190Z
25,0x000a,1.76975,0x00000000,2025-12-14T15:30:35.190Z,2025-12-14T15:30:35.190Z
23,0x000a,-2.8809,0x00000000,2025-12-14T15:30:35.190Z,2025-12-14T15:30:35.190Z
22,0x000a,-2.05759,0x00000000,2025-12-14T15:30:35.190Z,2025-12-14T15:30:35.190Z
21,0x000a,-1.09304,0x00000000,2025-12-14T15:30:35.190Z,2025-12-14T15:30:35.190Z
8,0x0004,3649,0x00000000,2025-12-14T15:30:35.190Z,2025-12-14T15:30:35.190Z
7,0x0004,4893,0x00000000,2025-12-14T15:30:35.190Z,2025-12-14T15:30:35.190Z
39,0x000a,-2.19907,0x00000000,2025-12-14T15:30:35.288Z,2025-12-14T15:30:35.288Z
38,0x000a,-1.59867,0x00000000,2025-12-14T15:30:35.288Z,2025-12-14T15:30:35.288Z
36,0x000a,-2.49116,0x00000000,2025-12-14T15:30:35.288Z,2025-12-14T15:30:35.288Z
35,0x000a,-1.7793,0x00000000,2025-12-14T15:30:35.288Z,2025-12-14T15:30:35.288Z
34,0x000a,-0.546519,0x00000000,2025-12-14T15:30:35.288Z,2025-12-14T15:30:35.288Z
26,0x000a,1.0999,0x00000000,2025-12-14T15:30:35.288Z,2025-12-14T15:30:35.288Z
25,0x000a,1.60988,0x00000000,2025-12-14T15:30:35.288Z,2025-12-14T15:30:35.288Z
23,0x000a,-2.49116,0x00000000,2025-12-14T15:30:35.288Z,2025-12-14T15:30:35.288Z
22,0x000a,-1.7793,0x00000000,2025-12-14T15:30:35.288Z,2025-12-14T15:30:35.288Z
21,0x000a,-0.546519,0x00000000,2025-12-14T15:30:35.288Z,2025-12-14T15:30:35.288Z
18,0x0001,false,0x00000000,2025-12-14T15:30:35.288Z,2025-12-14T15:30:35.288Z
8,0x0004,3041,0x00000000,2025-12-14T15:30:35.288Z,2025-12-14T15:30:35.288Z
7,0x0004,4451,0x00000000,2025-12-14T15:30:35.288Z,2025-12-14T15:30:35.288Z
39,0x000a,-2.10142,0x00000000,2025-12-14T15:30:35.389Z,2025-12-14T15:30:35.389Z
38,0x000a,-1.50101,0x00000000,2025-12-14T15:30:35.389Z,2025-12-14T15:30:35.389Z
36,0x000a,-2.34512,0x00000000,2025-12-14T15:30:35.389Z,2025-12-14T15:30:35.389Z
35,0x000a,-1.68899,0x00000000,2025-12-14T15:30:35.389Z,2025-12-14T15:30:35.389Z
34,0x000a,-0.273259,0x00000000,2025-12-14T15:30:35.389Z,2025-12-14T15:30:35.389Z
26,0x000a,0.889757,0x00000000,2025-12-14T15:30:35.389Z,2025-12-14T15:30:35.389Z
25,0x000a,1.45978,0x00000000,2025-12-14T15:30:35.389Z,2025-12-14T15:30:35.389Z
23,0x000a,-2.34512,0x00000000,2025-12-14T15:30:35.389Z,2025-12-14T15:30:35.389Z
22,0x000a,-1.68899,0x00000000,2025-12-14T15:30:35.389Z,2025-12-14T15:30:35.389Z
21,0x000a,-0.273259,0x00000000,2025-12-14T15:30:35.389Z,2025-12-14T15:30:35.389Z
8,0x0004,2460,0x00000000,2025-12-14T15:30:35.389Z,2025-12-14T15:30:35.389Z
7,0x0004,4036,0x00000000,2025-12-14T15:30:35.389Z,2025-12-14T15:30:35.389Z
39,0x000a,-1.29847,0x00000000,2025-12-14T15:30:35.490Z,2025-12-14T15:30:35.490Z
38,0x000a,-1.50101,0x00000000,2025-12-14T15:30:35.490Z,2025-12-14T15:30:35.490Z
36,0x000a,-2.22327,0x00000000,2025-12-14T15:30:35.490Z,2025-12-14T15:30:35.490Z
35,0x000a,-1.595,0x00000000,2025-12-14T15:30:35.490Z,2025-12-14T15:30:35.490Z
34,0x000a,-0.13663,0x00000000,2025-12-14T15:30:35.490Z,2025-12-14T15:30:35.490Z
26,0x000a,0.75991,0x00000000,2025-12-14T15:30:35.490Z,2025-12-14T15:30:35.490Z
25,0x000a,1.30968,0x00000000,2025-12-14T15:30:35.490Z,2025-12-14T15:30:35.490Z
23,0x000a,-2.22327,0x00000000,2025-12-14T15:30:35.490Z,2025-12-14T15:30:35.490Z
22,0x000a,-1.595,0x00000000,2025-12-14T15:30:35.490Z,2025-12-14T15:30:35.490Z
21,0x000a,-0.13663,0x00000000,2025-12-14T15:30:35.490Z,2025-12-14T15:30:35.490Z
8,0x0004,2101,0x00000000,2025-12-14T15:30:35.490Z,2025-12-14T15:30:35.490Z
7,0x0004,3621,0x00000000,2025-12-14T15:30:35.490Z,2025-12-14T15:30:35.490Z
39,0x000a,0,0x00000000,2025-12-14T15:30:35.690Z,2025-12-14T15:30:35.690Z
38,0x000a,-1.59867,0x00000000,2025-12-14T15:30:35.690Z,2025-12-14T15:30:35.690Z
36,0x000a,-1.76087,0x00000000,2025-12-14T15:30:35.590Z,2025-12-14T15:30:35.590Z
35,0x000a,-1.54801,0x00000000,2025-12-14T15:30:35.590Z,2025-12-14T15:30:35.590Z
34,0x000a,-0.0683149,0x00000000,2025-12-14T15:30:35.590Z,2025-12-14T15:30:35.590Z
25,0x000a,1.14981,0x00000000,2025-12-14T15:30:35.590Z,2025-12-14T15:30:35.590Z
25,0x000a,0.96969,0x00000000,2025-12-14T15:30:35.690Z,2025-12-14T15:30:35.690Z
23,0x000a,-1.76087,0x00000000,2025-12-14T15:30:35.590Z,2025-12-14T15:30:35.590Z
22,0x000a,-1.54801,0x00000000,2025-12-14T15:30:35.590Z,2025-12-14T15:30:35.590Z
21,0x000a,-0.0683149,0x00000000,2025-12-14T15:30:35.590Z,2025-12-14T15:30:35.590Z
16,0x0001,false,0x00000000,2025-12-14T15:30:35.590Z,2025-12-14T15:30:35.590Z
7,0x0004,3179,0x00000000,2025-12-14T15:30:35.590Z,2025-12-14T15:30:35.590Z
7,0x0004,2681,0x00000000,2025-12-14T15:30:35.690Z,2025-12-14T15:30:35.690Z
42,0x0001,true,0x00000000,2025-12-14T15:30:35.789Z,2025-12-14T15:30:35.789Z
38,0x000a,-1.80121,0x00000000,2025-12-14T15:30:35.789Z,2025-12-14T15:30:35.789Z
36,0x000a,-0.880433,0x00000000,2025-12-14T15:30:35.789Z,2025-12-14T15:30:35.789Z
35,0x000a,-1.57334,0x00000000,2025-12-14T15:30:35.789Z,2025-12-14T15:30:35.789Z
34,0x000a,-0.0341574,0x00000000,2025-12-14T15:30:35.789Z,2025-12-14T15:30:35.789Z
25,0x000a,0.90965,0x00000000,2025-12-14T15:30:35.789Z,2025-12-14T15:30:35.789Z
23,0x000a,-0.880433,0x00000000,2025-12-14T15:30:35.789Z,2025-12-14T15:30:35.789Z
22,0x000a,-1.57334,0x00000000,2025-12-14T15:30:35.789Z,2025-12-14T15:30:35.789Z
21,0x000a,-0.0341574,0x00000000,2025-12-14T15:30:35.789Z,2025-12-14T15:30:35.789Z
7,0x0004,2515,0x00000000,2025-12-14T15:30:35.789Z,2025-12-14T15:30:35.789Z
38,0x000a,-0.600405,0x00000000,2025-12-14T15:30:35.890Z,2025-12-14T15:30:35.890Z
36,0x000a,-0.440217,0x00000000,2025-12-14T15:30:35.890Z,2025-12-14T15:30:35.890Z
35,0x000a,-1.68728,0x00000000,2025-12-14T15:30:35.890Z,2025-12-14T15:30:35.890Z
34,0x000a,-0.0170787,0x00000000,2025-12-14T15:30:35.890Z,2025-12-14T15:30:35.890Z
23,0x000a,-0.440217,0x00000000,2025-12-14T15:30:35.890Z,2025-12-14T15:30:35.890Z
22,0x000a,-1.68728,0x00000000,2025-12-14T15:30:35.890Z,2025-12-14T15:30:35.890Z
21,0x000a,-0.0170787,0x00000000,2025-12-14T15:30:35.890Z,2025-12-14T15:30:35.890Z
38,0x000a,0,0x00000000,2025-12-14T15:30:35.989Z,2025-12-14T15:30:35.989Z
36,0x000a,-0.220108,0x00000000,2025-12-14T15:30:35.989Z,2025-12-14T15:30:35.989Z
35,0x000a,-1.14384,0x00000000,2025-12-14T15:30:35.989Z,2025-12-14T15:30:35.989Z
34,0x000a,-0.00853936,0x00000000,2025-12-14T15:30:35.989Z,2025-12-14T15:30:35.989Z
23,0x000a,-0.220108,0x00000000,2025-12-14T15:30:35.989Z,2025-12-14T15:30:35.989Z
22,0x000a,-1.14384,0x00000000,2025-12-14T15:30:35.989Z,2025-12-14T15:30:35.989Z
21,0x000a,-0.00853936,0x00000000,2025-12-14T15:30:35.989Z,2025-12-14T15:30:35.989Z
42,0x0001,false,0x00000000,2025-12-14T15:30:36.089Z,2025-12-14T15:30:36.089Z
40,0x0001,false,0x00000000,2025-12-14T15:30:36.089Z,2025-12-14T15:30:36.089Z
36,0x000a,-0.110054,0x00000000,2025-12-14T15:30:36.089Z,2025-12-14T15:30:36.089Z
35,0x000a,-0.57192,0x00000000,2025-12-14T15:30:36.089Z,2025-12-14T15:30:36.089Z
34,0x000a,-0.00426968,0x00000000,2025-12-14T15:30:36.089Z,2025-12-14T15:30:36.089Z
23,0x000a,-0.110054,0x00000000,2025-12-14T15:30:36.089Z,2025-12-14T15:30:36.089Z
22,0x000a,-0.57192,0x00000000,2025-12-14T15:30:36.089Z,2025-12-14T15:30:36.089Z
21,0x000a,-0.00426968,0x00000000,2025-12-14T15:30:36.089Z,2025-12-14T15:30:36.089Z
17,0x0001,true,0x00000000,2025-12-14T15:30:36.089Z,2025-12-14T15:30:36.089Z
15,0x0001,true,0x00000000,2025-12-14T15:30:36.089Z,2025-12-14T15:30:36.089Z
13,0x0001,true,0x00000000,2025-12-14T15:30:36.089Z,2025-12-14T15:30:36.089Z
4,0x000a,6.5,0x00000000,2025-12-14T15:30:36.089Z,2025-12-14T15:30:36.089Z
3,0x000a,8.2,0x00000000,2025-12-14T15:30:36.089Z,2025-12-14T15:30:36.089Z
2,0x000a,7.5,0x00000000,2025-12-14T15:30:36.089Z,2025-12-14T15:30:36.089Z
36,0x000a,-0.0550271,0x00000000,2025-12-14T15:30:36.188Z,2025-12-14T15:30:36.188Z
35,0x000a,-0.28596,0x00000000,2025-12-14T15:30:36.188Z,2025-12-14T15:30:36.188Z
34,0x000a,-0.00213484,0x00000000,2025-12-14T15:30:36.188Z,2025-12-14T15:30:36.188Z
23,0x000a,-0.0550271,0x00000000,2025-12-14T15:30:36.188Z,2025-12-14T15:30:36.188Z
22,0x000a,-0.28596,0x00000000,2025-12-14T15:30:36.188Z,2025-12-14T15:30:36.188Z
21,0x000a,-0.00213484,0x00000000,2025-12-14T15:30:36.188Z,2025-12-14T15:30:36.188Z
39,0x000a,0.397859,0x00000000,2025-12-14T15:30:36.288Z,2025-12-14T15:30:36.288Z
38,0x000a,0.600405,0x00000000,2025-12-14T15:30:36.288Z,2025-12-14T15:30:36.288Z
37,0x000a,1.09954,0x00000000,2025-12-14T15:30:36.288Z,2025-12-14T15:30:36.288Z
36,0x000a,-0.0275135,0x00000000,2025-12-14T15:30:36.288Z,2025-12-14T15:30:36.288Z
35,0x000a,-0.14298,0x00000000,2025-12-14T15:30:36.288Z,2025-12-14T15:30:36.288Z
34,0x000a,-0.00106742,0x00000000,2025-12-14T15:30:36.288Z,2025-12-14T15:30:36.288Z
26,0x000a,0.799696,0x00000000,2025-12-14T15:30:36.288Z,2025-12-14T15:30:36.288Z
25,0x000a,0.96969,0x00000000,2025-12-14T15:30:36.288Z,2025-12-14T15:30:36.288Z
24,0x000a,1.81966,0x00000000,2025-12-14T15:30:36.288Z,2025-12-14T15:30:36.288Z
23,0x000a,-0.0275135,0x00000000,2025-12-14T15:30:36.288Z,2025-12-14T15:30:36.288Z
22,0x000a,-0.14298,0x00000000,2025-12-14T15:30:36.288Z,2025-12-14T15:30:36.288Z
21,0x000a,-0.00106742,0x00000000,2025-12-14T15:30:36.288Z,2025-12-14T15:30:36.288Z
8,0x0004,2211,0x00000000,2025-12-14T15:30:36.288Z,2025-12-14T15:30:36.288Z
7,0x0004,2681,0x00000000,2025-12-14T15:30:36.288Z,2025-12-14T15:30:36.288Z
6,0x0004,5031,0x00000000,2025-12-14T15:30:36.288Z,2025-12-14T15:30:36.288Z
39,0x000a,2.10142,0x00000000,2025-12-14T15:30:36.388Z,2025-12-14T15:30:36.388Z
38,0x000a,1.50101,0x00000000,2025-12-14T15:30:36.388Z,2025-12-14T15:30:36.388Z
37,0x000a,2.70182,0x00000000,2025-12-14T15:30:36.388Z,2025-12-14T15:30:36.388Z
36,0x000a,0.185173,0x00000000,2025-12-14T15:30:36.388Z,2025-12-14T15:30:36.388Z
35,0x000a,0.228713,0x00000000,2025-12-14T15:30:36.388Z,2025-12-14T15:30:36.388Z
34,0x000a,0.549235,0x00000000,2025-12-14T15:30:36.388Z,2025-12-14T15:30:36.388Z
26,0x000a,1.00984,0x00000000,2025-12-14T15:30:36.388Z,2025-12-14T15:30:36.388Z
25,0x000a,1.11979,0x00000000,2025-12-14T15:30:36.388Z,2025-12-14T15:30:36.388Z
24,0x000a,2.08984,0x00000000,2025-12-14T15:30:36.388Z,2025-12-14T15:30:36.388Z
23,0x000a,0.185173,0x00000000,2025-12-14T15:30:36.388Z,2025-12-14T15:30:36.388Z
22,0x000a,0.228713,0x00000000,2025-12-14T15:30:36.388Z,2025-12-14T15:30:36.388Z
21,0x000a,0.549235,0x00000000,2025-12-14T15:30:36.388Z,2025-12-14T15:30:36.388Z
8,0x0004,2792,0x00000000,2025-12-14T15:30:36.388Z,2025-12-14T15:30:36.388Z
7,0x0004,3096,0x00000000,2025-12-14T15:30:36.388Z,2025-12-14T15:30:36.388Z
6,0x0004,5778,0x00000000,2025-12-14T15:30:36.388Z,2025-12-14T15:30:36.388Z
36,0x000a,1.1433,0x00000000,2025-12-14T15:30:36.490Z,2025-12-14T15:30:36.490Z
35,0x000a,0.864863,0x00000000,2025-12-14T15:30:36.490Z,2025-12-14T15:30:36.490Z
34,0x000a,1.62553,0x00000000,2025-12-14T15:30:36.490Z,2025-12-14T15:30:36.490Z
26,0x000a,1.21998,0x00000000,2025-12-14T15:30:36.490Z,2025-12-14T15:30:36.490Z
25,0x000a,1.27966,0x00000000,2025-12-14T15:30:36.490Z,2025-12-14T15:30:36.490Z
24,0x000a,2.36979,0x00000000,2025-12-14T15:30:36.490Z,2025-12-14T15:30:36.490Z
23,0x000a,1.1433,0x00000000,2025-12-14T15:30:36.490Z,2025-12-14T15:30:36.490Z
22,0x000a,0.864863,0x00000000,2025-12-14T15:30:36.490Z,2025-12-14T15:30:36.490Z
21,0x000a,1.62553,0x00000000,2025-12-14T15:30:36.490Z,2025-12-14T15:30:36.490Z
8,0x0004,3373,0x00000000,2025-12-14T15:30:36.490Z,2025-12-14T15:30:36.490Z
7,0x0004,3538,0x00000000,2025-12-14T15:30:36.490Z,2025-12-14T15:30:36.490Z
6,0x0004,6552,0x00000000,2025-12-14T15:30:36.490Z,2025-12-14T15:30:36.490Z
39,0x000a,2.10142,0x00000000,2025-12-14T15:30:36.588Z,2025-12-14T15:30:36.588Z
38,0x000a,1.59867,0x00000000,2025-12-14T15:30:36.588Z,2025-12-14T15:30:36.588Z
37,0x000a,2.79948,0x00000000,2025-12-14T15:30:36.588Z,2025-12-14T15:30:36.588Z
26,0x000a,1.42976,0x00000000,2025-12-14T15:30:36.588Z,2025-12-14T15:30:36.588Z
25,0x000a,1.42976,0x00000000,2025-12-14T15:30:36.588Z,2025-12-14T15:30:36.588Z
24,0x000a,2.63997,0x00000000,2025-12-14T15:30:36.588Z,2025-12-14T15:30:36.588Z
8,0x0004,3953,0x00000000,2025-12-14T15:30:36.588Z,2025-12-14T15:30:36.588Z
7,0x0004,3953,0x00000000,2025-12-14T15:30:36.588Z,2025-12-14T15:30:36.588Z
6,0x0004,7299,0x00000000,2025-12-14T15:30:36.588Z,2025-12-14T15:30:36.588Z
39,0x000a,2.0978,0x00000000,2025-12-14T15:30:36.689Z,2025-12-14T15:30:36.689Z
38,0x000a,1.50101,0x00000000,2025-12-14T15:30:36.689Z,2025-12-14T15:30:36.689Z
37,0x000a,2.70182,0x00000000,2025-12-14T15:30:36.689Z,2025-12-14T15:30:36.689Z
36,0x000a,1.62236,0x00000000,2025-12-14T15:30:36.689Z,2025-12-14T15:30:36.689Z
35,0x000a,1.23177,0x00000000,2025-12-14T15:30:36.689Z,2025-12-14T15:30:36.689Z
34,0x000a,2.2125,0x00000000,2025-12-14T15:30:36.689Z,2025-12-14T15:30:36.689Z
26,0x000a,1.64967,0x00000000,2025-12-14T15:30:36.689Z,2025-12-14T15:30:36.689Z
25,0x000a,1.57986,0x00000000,2025-12-14T15:30:36.689Z,2025-12-14T15:30:36.689Z
24,0x000a,2.91992,0x00000000,2025-12-14T15:30:36.689Z,2025-12-14T15:30:36.689Z
23,0x000a,1.62236,0x00000000,2025-12-14T15:30:36.689Z,2025-12-14T15:30:36.689Z
22,0x000a,1.23177,0x00000000,2025-12-14T15:30:36.689Z,2025-12-14T15:30:36.689Z
21,0x000a,2.2125,0x00000000,2025-12-14T15:30:36.689Z,2025-12-14T15:30:36.689Z
8,0x0004,4561,0x00000000,2025-12-14T15:30:36.689Z,2025-12-14T15:30:36.689Z
7,0x0004,4368,0x00000000,2025-12-14T15:30:36.689Z,2025-12-14T15:30:36.689Z
6,0x0004,8073,0x00000000,2025-12-14T15:30:36.689Z,2025-12-14T15:30:36.689Z
39,0x000a,2.19907,0x00000000,2025-12-14T15:30:36.789Z,2025-12-14T15:30:36.789Z
38,0x000a,1.50101,0x00000000,2025-12-14T15:30:36.789Z,2025-12-14T15:30:36.789Z
37,0x000a,2.79948,0x00000000,2025-12-14T15:30:36.789Z,2025-12-14T15:30:36.789Z
36,0x000a,1.86008,0x00000000,2025-12-14T15:30:36.789Z,2025-12-14T15:30:36.789Z
35,0x000a,1.36639,0x00000000,2025-12-14T15:30:36.789Z,2025-12-14T15:30:36.789Z
34,0x000a,2.45716,0x00000000,2025-12-14T15:30:36.789Z,2025-12-14T15:30:36.789Z
26,0x000a,1.85981,0x00000000,2025-12-14T15:30:36.789Z,2025-12-14T15:30:36.789Z
25,0x000a,1.73973,0x00000000,2025-12-14T15:30:36.789Z,2025-12-14T15:30:36.789Z
24,0x000a,3.19987,0x00000000,2025-12-14T15:30:36.789Z,2025-12-14T15:30:36.789Z
23,0x000a,1.86008,0x00000000,2025-12-14T15:30:36.789Z,2025-12-14T15:30:36.789Z
22,0x000a,1.36639,0x00000000,2025-12-14T15:30:36.789Z,2025-12-14T15:30:36.789Z
21,0x000a,2.45716,0x00000000,2025-12-14T15:30:36.789Z,2025-12-14T15:30:36.789Z
8,0x0004,5142,0x00000000,2025-12-14T15:30:36.789Z,2025-12-14T15:30:36.789Z
7,0x0004,4810,0x00000000,2025-12-14T15:30:36.789Z,2025-12-14T15:30:36.789Z
6,0x0004,8847,0x00000000,2025-12-14T15:30:36.789Z,2025-12-14T15:30:36.789Z
39,0x000a,2.10142,0x00000000,2025-12-14T15:30:36.889Z,2025-12-14T15:30:36.889Z
38,0x000a,1.59867,0x00000000,2025-12-14T15:30:36.889Z,2025-12-14T15:30:36.889Z
37,0x000a,2.79948,0x00000000,2025-12-14T15:30:36.889Z,2025-12-14T15:30:36.889Z
36,0x000a,2.02958,0x00000000,2025-12-14T15:30:36.889Z,2025-12-14T15:30:36.889Z
35,0x000a,1.4337,0x00000000,2025-12-14T15:30:36.889Z,2025-12-14T15:30:36.889Z
34,0x000a,2.62832,0x00000000,2025-12-14T15:30:36.889Z,2025-12-14T15:30:36.889Z
26,0x000a,2.10974,0x00000000,2025-12-14T15:30:36.889Z,2025-12-14T15:30:36.889Z
25,0x000a,1.91985,0x00000000,2025-12-14T15:30:36.889Z,2025-12-14T15:30:36.889Z
24,0x000a,3.52973,0x00000000,2025-12-14T15:30:36.889Z,2025-12-14T15:30:36.889Z
23,0x000a,2.02958,0x00000000,2025-12-14T15:30:36.889Z,2025-12-14T15:30:36.889Z
22,0x000a,1.4337,0x00000000,2025-12-14T15:30:36.889Z,2025-12-14T15:30:36.889Z
21,0x000a,2.62832,0x00000000,2025-12-14T15:30:36.889Z,2025-12-14T15:30:36.889Z
8,0x0004,5833,0x00000000,2025-12-14T15:30:36.889Z,2025-12-14T15:30:36.889Z
7,0x0004,5308,0x00000000,2025-12-14T15:30:36.889Z,2025-12-14T15:30:36.889Z
6,0x0004,9759,0x00000000,2025-12-14T15:30:36.889Z,2025-12-14T15:30:36.889Z
39,0x000a,2.49928,0x00000000,2025-12-14T15:30:36.989Z,2025-12-14T15:30:36.989Z
38,0x000a,1.80122,0x00000000,2025-12-14T15:30:36.989Z,2025-12-14T15:30:36.989Z
37,0x000a,3.29861,0x00000000,2025-12-14T15:30:36.989Z,2025-12-14T15:30:36.989Z
36,0x000a,2.0655,0x00000000,2025-12-14T15:30:36.989Z,2025-12-14T15:30:36.989Z
35,0x000a,1.51619,0x00000000,2025-12-14T15:30:36.989Z,2025-12-14T15:30:36.989Z
34,0x000a,2.7139,0x00000000,2025-12-14T15:30:36.989Z,2025-12-14T15:30:36.989Z
26,0x000a,2.32964,0x00000000,2025-12-14T15:30:36.989Z,2025-12-14T15:30:36.989Z
25,0x000a,2.06995,0x00000000,2025-12-14T15:30:36.989Z,2025-12-14T15:30:36.989Z
24,0x000a,3.79991,0x00000000,2025-12-14T15:30:36.989Z,2025-12-14T15:30:36.989Z
23,0x000a,2.0655,0x00000000,2025-12-14T15:30:36.989Z,2025-12-14T15:30:36.989Z
22,0x000a,1.51619,0x00000000,2025-12-14T15:30:36.989Z,2025-12-14T15:30:36.989Z
21,0x000a,2.7139,0x00000000,2025-12-14T15:30:36.989Z,2025-12-14T15:30:36.989Z
8,0x0004,6441,0x00000000,2025-12-14T15:30:36.989Z,2025-12-14T15:30:36.989Z
7,0x0004,5723,0x00000000,2025-12-14T15:30:36.989Z,2025-12-14T15:30:36.989Z
6,0x0004,10506,0x00000000,2025-12-14T15:30:36.989Z,2025-12-14T15:30:36.989Z
39,0x000a,2.19907,0x00000000,2025-12-14T15:30:37.089Z,2025-12-14T15:30:37.089Z
38,0x000a,1.50101,0x00000000,2025-12-14T15:30:37.089Z,2025-12-14T15:30:37.089Z
37,0x000a,2.70182,0x00000000,2025-12-14T15:30:37.089Z,2025-12-14T15:30:37.089Z
36,0x000a,2.28239,0x00000000,2025-12-14T15:30:37.089Z,2025-12-14T15:30:37.089Z
35,0x000a,1.6587,0x00000000,2025-12-14T15:30:37.089Z,2025-12-14T15:30:37.089Z
34,0x000a,3.00626,0x00000000,2025-12-14T15:30:37.089Z,2025-12-14T15:30:37.089Z
26,0x000a,2.53979,0x00000000,2025-12-14T15:30:37.089Z,2025-12-14T15:30:37.089Z
25,0x000a,2.22982,0x00000000,2025-12-14T15:30:37.089Z,2025-12-14T15:30:37.089Z
24,0x000a,4.07986,0x00000000,2025-12-14T15:30:37.089Z,2025-12-14T15:30:37.089Z
23,0x000a,2.28239,0x00000000,2025-12-14T15:30:37.089Z,2025-12-14T15:30:37.089Z
22,0x000a,1.6587,0x00000000,2025-12-14T15:30:37.089Z,2025-12-14T15:30:37.089Z
21,0x000a,3.00626,0x00000000,2025-12-14T15:30:37.089Z,2025-12-14T15:30:37.089Z
8,0x0004,7022,0x00000000,2025-12-14T15:30:37.089Z,2025-12-14T15:30:37.089Z
7,0x0004,6165,0x00000000,2025-12-14T15:30:37.089Z,2025-12-14T15:30:37.089Z
6,0x0004,11280,0x00000000,2025-12-14T15:30:37.089Z,2025-12-14T15:30:37.089Z
39,0x000a,4.20284,0x00000000,2025-12-14T15:30:37.190Z,2025-12-14T15:30:37.190Z
38,0x000a,3.09968,0x00000000,2025-12-14T15:30:37.190Z,2025-12-14T15:30:37.190Z
37,0x000a,5.59896,0x00000000,2025-12-14T15:30:37.190Z,2025-12-14T15:30:37.190Z
36,0x000a,2.24073,0x00000000,2025-12-14T15:30:37.190Z,2025-12-14T15:30:37.190Z
35,0x000a,1.57986,0x00000000,2025-12-14T15:30:37.190Z,2025-12-14T15:30:37.190Z
34,0x000a,2.85404,0x00000000,2025-12-14T15:30:37.190Z,2025-12-14T15:30:37.190Z
26,0x000a,2.74993,0x00000000,2025-12-14T15:30:37.190Z,2025-12-14T15:30:37.190Z
25,0x000a,2.37992,0x00000000,2025-12-14T15:30:37.190Z,2025-12-14T15:30:37.190Z
24,0x000a,4.35981,0x00000000,2025-12-14T15:30:37.190Z,2025-12-14T15:30:37.190Z
23,0x000a,2.24073,0x00000000,2025-12-14T15:30:37.190Z,2025-12-14T15:30:37.190Z
22,0x000a,1.57986,0x00000000,2025-12-14T15:30:37.190Z,2025-12-14T15:30:37.190Z
21,0x000a,2.85404,0x00000000,2025-12-14T15:30:37.190Z,2025-12-14T15:30:37.190Z
8,0x0004,7603,0x00000000,2025-12-14T15:30:37.190Z,2025-12-14T15:30:37.190Z
7,0x0004,6580,0x00000000,2025-12-14T15:30:37.190Z,2025-12-14T15:30:37.190Z
6,0x0004,12054,0x00000000,2025-12-14T15:30:37.190Z,2025-12-14T15:30:37.190Z
39,0x000a,2.19908,0x00000000,2025-12-14T15:30:37.290Z,2025-12-14T15:30:37.290Z
38,0x000a,1.4974,0x00000000,2025-12-14T15:30:37.290Z,2025-12-14T15:30:37.290Z
37,0x000a,2.70182,0x00000000,2025-12-14T15:30:37.290Z,2025-12-14T15:30:37.290Z
36,0x000a,3.22178,0x00000000,2025-12-14T15:30:37.290Z,2025-12-14T15:30:37.290Z
35,0x000a,2.33977,0x00000000,2025-12-14T15:30:37.290Z,2025-12-14T15:30:37.290Z
34,0x000a,4.2265,0x00000000,2025-12-14T15:30:37.290Z,2025-12-14T15:30:37.290Z
26,0x000a,2.96984,0x00000000,2025-12-14T15:30:37.290Z,2025-12-14T15:30:37.290Z
25,0x000a,2.52966,0x00000000,2025-12-14T15:30:37.290Z,2025-12-14T15:30:37.290Z
24,0x000a,4.62999,0x00000000,2025-12-14T15:30:37.290Z,2025-12-14T15:30:37.290Z
23,0x000a,3.22178,0x00000000,2025-12-14T15:30:37.290Z,2025-12-14T15:30:37.290Z
22,0x000a,2.33977,0x00000000,2025-12-14T15:30:37.290Z,2025-12-14T15:30:37.290Z
21,0x000a,4.2265,0x00000000,2025-12-14T15:30:37.290Z,2025-12-14T15:30:37.290Z
8,0x0004,8211,0x00000000,2025-12-14T15:30:37.290Z,2025-12-14T15:30:37.290Z
7,0x0004,6994,0x00000000,2025-12-14T15:30:37.290Z,2025-12-14T15:30:37.290Z
6,0x0004,12801,0x00000000,2025-12-14T15:30:37.290Z,2025-12-14T15:30:37.290Z
39,0x000a,2.10142,0x00000000,2025-12-14T15:30:37.488Z,2025-12-14T15:30:37.488Z
38,0x000a,1.60228,0x00000000,2025-12-14T15:30:37.488Z,2025-12-14T15:30:37.488Z
37,0x000a,2.79948,0x00000000,2025-12-14T15:30:37.488Z,2025-12-14T15:30:37.488Z
36,0x000a,2.71043,0x00000000,2025-12-14T15:30:37.488Z,2025-12-14T15:30:37.488Z
35,0x000a,1.91858,0x00000000,2025-12-14T15:30:37.488Z,2025-12-14T15:30:37.488Z
34,0x000a,3.46416,0x00000000,2025-12-14T15:30:37.488Z,2025-12-14T15:30:37.488Z
26,0x000a,3.17998,0x00000000,2025-12-14T15:30:37.388Z,2025-12-14T15:30:37.388Z
26,0x000a,3.38976,0x00000000,2025-12-14T15:30:37.488Z,2025-12-14T15:30:37.488Z
25,0x000a,2.68989,0x00000000,2025-12-14T15:30:37.388Z,2025-12-14T15:30:37.388Z
25,0x000a,2.83999,0x00000000,2025-12-14T15:30:37.488Z,2025-12-14T15:30:37.488Z
24,0x000a,4.90994,0x00000000,2025-12-14T15:30:37.388Z,2025-12-14T15:30:37.388Z
24,0x000a,5.17976,0x00000000,2025-12-14T15:30:37.488Z,2025-12-14T15:30:37.488Z
23,0x000a,2.71043,0x00000000,2025-12-14T15:30:37.488Z,2025-12-14T15:30:37.488Z
22,0x000a,1.91858,0x00000000,2025-12-14T15:30:37.488Z,2025-12-14T15:30:37.488Z
21,0x000a,3.46416,0x00000000,2025-12-14T15:30:37.488Z,2025-12-14T15:30:37.488Z
8,0x0004,8792,0x00000000,2025-12-14T15:30:37.388Z,2025-12-14T15:30:37.388Z
8,0x0004,9372,0x00000000,2025-12-14T15:30:37.488Z,2025-12-14T15:30:37.488Z
7,0x0004,7437,0x00000000,2025-12-14T15:30:37.388Z,2025-12-14T15:30:37.388Z
7,0x0004,7852,0x00000000,2025-12-14T15:30:37.488Z,2025-12-14T15:30:37.488Z
6,0x0004,13575,0x00000000,2025-12-14T15:30:37.388Z,2025-12-14T15:30:37.388Z
6,0x0004,14321,0x00000000,2025-12-14T15:30:37.488Z,2025-12-14T15:30:37.488Z
39,0x000a,2.0978,0x00000000,2025-12-14T15:30:37.588Z,2025-12-14T15:30:37.588Z
38,0x000a,1.50101,0x00000000,2025-12-14T15:30:37.588Z,2025-12-14T15:30:37.588Z
37,0x000a,2.69821,0x00000000,2025-12-14T15:30:37.588Z,2025-12-14T15:30:37.588Z
36,0x000a,2.40592,0x00000000,2025-12-14T15:30:37.588Z,2025-12-14T15:30:37.588Z
35,0x000a,1.76043,0x00000000,2025-12-14T15:30:37.588Z,2025-12-14T15:30:37.588Z
34,0x000a,3.13182,0x00000000,2025-12-14T15:30:37.588Z,2025-12-14T15:30:37.588Z
26,0x000a,3.64981,0x00000000,2025-12-14T15:30:37.588Z,2025-12-14T15:30:37.588Z
25,0x000a,3.01975,0x00000000,2025-12-14T15:30:37.588Z,2025-12-14T15:30:37.588Z
24,0x000a,5.50998,0x00000000,2025-12-14T15:30:37.588Z,2025-12-14T15:30:37.588Z
23,0x000a,2.40592,0x00000000,2025-12-14T15:30:37.588Z,2025-12-14T15:30:37.588Z
22,0x000a,1.76043,0x00000000,2025-12-14T15:30:37.588Z,2025-12-14T15:30:37.588Z
21,0x000a,3.13182,0x00000000,2025-12-14T15:30:37.588Z,2025-12-14T15:30:37.588Z
8,0x0004,10091,0x00000000,2025-12-14T15:30:37.588Z,2025-12-14T15:30:37.588Z
7,0x0004,8349,0x00000000,2025-12-14T15:30:37.588Z,2025-12-14T15:30:37.588Z
6,0x0004,15234,0x00000000,2025-12-14T15:30:37.588Z,2025-12-14T15:30:37.588Z
39,0x000a,2.60055,0x00000000,2025-12-14T15:30:37.689Z,2025-12-14T15:30:37.689Z
38,0x000a,1.7976,0x00000000,2025-12-14T15:30:37.689Z,2025-12-14T15:30:37.689Z
37,0x000a,3.30223,0x00000000,2025-12-14T15:30:37.689Z,2025-12-14T15:30:37.689Z
36,0x000a,2.25186,0x00000000,2025-12-14T15:30:37.689Z,2025-12-14T15:30:37.689Z
35,0x000a,1.63072,0x00000000,2025-12-14T15:30:37.689Z,2025-12-14T15:30:37.689Z
34,0x000a,2.91501,0x00000000,2025-12-14T15:30:37.689Z,2025-12-14T15:30:37.689Z
26,0x000a,3.85995,0x00000000,2025-12-14T15:30:37.689Z,2025-12-14T15:30:37.689Z
25,0x000a,3.17998,0x00000000,2025-12-14T15:30:37.689Z,2025-12-14T15:30:37.689Z
24,0x000a,5.78993,0x00000000,2025-12-14T15:30:37.689Z,2025-12-14T15:30:37.689Z
23,0x000a,2.25186,0x00000000,2025-12-14T15:30:37.689Z,2025-12-14T15:30:37.689Z
22,0x000a,1.63072,0x00000000,2025-12-14T15:30:37.689Z,2025-12-14T15:30:37.689Z
21,0x000a,2.91501,0x00000000,2025-12-14T15:30:37.689Z,2025-12-14T15:30:37.689Z
8,0x0004,10672,0x00000000,2025-12-14T15:30:37.689Z,2025-12-14T15:30:37.689Z
7,0x0004,8792,0x00000000,2025-12-14T15:30:37.689Z,2025-12-14T15:30:37.689Z
6,0x0004,16008,0x00000000,2025-12-14T15:30:37.689Z,2025-12-14T15:30:37.689Z
39,0x000a,2.10142,0x00000000,2025-12-14T15:30:37.788Z,2025-12-14T15:30:37.788Z
38,0x000a,1.60228,0x00000000,2025-12-14T15:30:37.788Z,2025-12-14T15:30:37.788Z
37,0x000a,2.79948,0x00000000,2025-12-14T15:30:37.788Z,2025-12-14T15:30:37.788Z
36,0x000a,2.42621,0x00000000,2025-12-14T15:30:37.788Z,2025-12-14T15:30:37.788Z
35,0x000a,1.71416,0x00000000,2025-12-14T15:30:37.788Z,2025-12-14T15:30:37.788Z
34,0x000a,3.10862,0x00000000,2025-12-14T15:30:37.788Z,2025-12-14T15:30:37.788Z
23,0x000a,2.42621,0x00000000,2025-12-14T15:30:37.788Z,2025-12-14T15:30:37.788Z
22,0x000a,1.71416,0x00000000,2025-12-14T15:30:37.788Z,2025-12-14T15:30:37.788Z
21,0x000a,3.10862,0x00000000,2025-12-14T15:30:37.788Z,2025-12-14T15:30:37.788Z
39,0x000a,2.19908,0x00000000,2025-12-14T15:30:37.889Z,2025-12-14T15:30:37.889Z
38,0x000a,1.4974,0x00000000,2025-12-14T15:30:37.889Z,2025-12-14T15:30:37.889Z
37,0x000a,2.79948,0x00000000,2025-12-14T15:30:37.889Z,2025-12-14T15:30:37.889Z
36,0x000a,2.26381,0x00000000,2025-12-14T15:30:37.889Z,2025-12-14T15:30:37.889Z
35,0x000a,1.65822,0x00000000,2025-12-14T15:30:37.889Z,2025-12-14T15:30:37.889Z
34,0x000a,2.95405,0x00000000,2025-12-14T15:30:37.889Z,2025-12-14T15:30:37.889Z
26,0x000a,4.07986,0x00000000,2025-12-14T15:30:37.889Z,2025-12-14T15:30:37.889Z
25,0x000a,3.32972,0x00000000,2025-12-14T15:30:37.889Z,2025-12-14T15:30:37.889Z
24,0x000a,6.06988,0x00000000,2025-12-14T15:30:37.889Z,2025-12-14T15:30:37.889Z
23,0x000a,2.26381,0x00000000,2025-12-14T15:30:37.889Z,2025-12-14T15:30:37.889Z
22,0x000a,1.65822,0x00000000,2025-12-14T15:30:37.889Z,2025-12-14T15:30:37.889Z
21,0x000a,2.95405,0x00000000,2025-12-14T15:30:37.889Z,2025-12-14T15:30:37.889Z
8,0x0004,11280,0x00000000,2025-12-14T15:30:37.889Z,2025-12-14T15:30:37.889Z
7,0x0004,9206,0x00000000,2025-12-14T15:30:37.889Z,2025-12-14T15:30:37.889Z
6,0x0004,16782,0x00000000,2025-12-14T15:30:37.889Z,2025-12-14T15:30:37.889Z
39,0x000a,2.0978,0x00000000,2025-12-14T15:30:37.987Z,2025-12-14T15:30:37.987Z
38,0x000a,1.50101,0x00000000,2025-12-14T15:30:37.987Z,2025-12-14T15:30:37.987Z
37,0x000a,2.6982,0x00000000,2025-12-14T15:30:37.987Z,2025-12-14T15:30:37.987Z
36,0x000a,2.23144,0x00000000,2025-12-14T15:30:37.987Z,2025-12-14T15:30:37.987Z
35,0x000a,1.57781,0x00000000,2025-12-14T15:30:37.987Z,2025-12-14T15:30:37.987Z
34,0x000a,2.87677,0x00000000,2025-12-14T15:30:37.987Z,2025-12-14T15:30:37.987Z
26,0x000a,4.28964,0x00000000,2025-12-14T15:30:37.987Z,2025-12-14T15:30:37.987Z
25,0x000a,3.47982,0x00000000,2025-12-14T15:30:37.987Z,2025-12-14T15:30:37.987Z
24,0x000a,6.3397,0x00000000,2025-12-14T15:30:37.987Z,2025-12-14T15:30:37.987Z
23,0x000a,2.23144,0x00000000,2025-12-14T15:30:37.987Z,2025-12-14T15:30:37.987Z
22,0x000a,1.57781,0x00000000,2025-12-14T15:30:37.987Z,2025-12-14T15:30:37.987Z
21,0x000a,2.87677,0x00000000,2025-12-14T15:30:37.987Z,2025-12-14T15:30:37.987Z
8,0x0004,11860,0x00000000,2025-12-14T15:30:37.987Z,2025-12-14T15:30:37.987Z
7,0x0004,9621,0x00000000,2025-12-14T15:30:37.987Z,2025-12-14T15:30:37.987Z
6,0x0004,17528,0x00000000,2025-12-14T15:30:37.987Z,2025-12-14T15:30:37.987Z
39,0x000a,2.10142,0x00000000,2025-12-14T15:30:38.091Z,2025-12-14T15:30:38.091Z
38,0x000a,1.59867,0x00000000,2025-12-14T15:30:38.091Z,2025-12-14T15:30:38.091Z
37,0x000a,2.79948,0x00000000,2025-12-14T15:30:38.091Z,2025-12-14T15:30:38.091Z
36,0x000a,2.16462,0x00000000,2025-12-14T15:30:38.091Z,2025-12-14T15:30:38.091Z
35,0x000a,1.53941,0x00000000,2025-12-14T15:30:38.091Z,2025-12-14T15:30:38.091Z
34,0x000a,2.78748,0x00000000,2025-12-14T15:30:38.091Z,2025-12-14T15:30:38.091Z
26,0x000a,4.49978,0x00000000,2025-12-14T15:30:38.091Z,2025-12-14T15:30:38.091Z
25,0x000a,3.63968,0x00000000,2025-12-14T15:30:38.091Z,2025-12-14T15:30:38.091Z
24,0x000a,6.61965,0x00000000,2025-12-14T15:30:38.091Z,2025-12-14T15:30:38.091Z
23,0x000a,2.16462,0x00000000,2025-12-14T15:30:38.091Z,2025-12-14T15:30:38.091Z
22,0x000a,1.53941,0x00000000,2025-12-14T15:30:38.091Z,2025-12-14T15:30:38.091Z
21,0x000a,2.78748,0x00000000,2025-12-14T15:30:38.091Z,2025-12-14T15:30:38.091Z
8,0x0004,12441,0x00000000,2025-12-14T15:30:38.091Z,2025-12-14T15:30:38.091Z
7,0x0004,10063,0x00000000,2025-12-14T15:30:38.091Z,2025-12-14T15:30:38.091Z
6,0x0004,18302,0x00000000,2025-12-14T15:30:38.091Z,2025-12-14T15:30:38.091Z
36,0x000a,2.13302,0x00000000,2025-12-14T15:30:38.188Z,2025-12-14T15:30:38.188Z
35,0x000a,1.56904,0x00000000,2025-12-14T15:30:38.188Z,2025-12-14T15:30:38.188Z
34,0x000a,2.79348,0x00000000,2025-12-14T15:30:38.188Z,2025-12-14T15:30:38.188Z
26,0x000a,4.70992,0x00000000,2025-12-14T15:30:38.188Z,2025-12-14T15:30:38.188Z
25,0x000a,3.78979,0x00000000,2025-12-14T15:30:38.188Z,2025-12-14T15:30:38.188Z
24,0x000a,6.88983,0x00000000,2025-12-14T15:30:38.188Z,2025-12-14T15:30:38.188Z
23,0x000a,2.13302,0x00000000,2025-12-14T15:30:38.188Z,2025-12-14T15:30:38.188Z
22,0x000a,1.56904,0x00000000,2025-12-14T15:30:38.188Z,2025-12-14T15:30:38.188Z
21,0x000a,2.79348,0x00000000,2025-12-14T15:30:38.188Z,2025-12-14T15:30:38.188Z
8,0x0004,13022,0x00000000,2025-12-14T15:30:38.188Z,2025-12-14T15:30:38.188Z
7,0x0004,10478,0x00000000,2025-12-14T15:30:38.188Z,2025-12-14T15:30:38.188Z
6,0x0004,19049,0x00000000,2025-12-14T15:30:38.188Z,2025-12-14T15:30:38.188Z
39,0x000a,2.10142,0x00000000,2025-12-14T15:30:38.289Z,2025-12-14T15:30:38.289Z
38,0x000a,1.50101,0x00000000,2025-12-14T15:30:38.289Z,2025-12-14T15:30:38.289Z
37,0x000a,2.70182,0x00000000,2025-12-14T15:30:38.289Z,2025-12-14T15:30:38.289Z
26,0x000a,4.96998,0x00000000,2025-12-14T15:30:38.289Z,2025-12-14T15:30:38.289Z
25,0x000a,3.97967,0x00000000,2025-12-14T15:30:38.289Z,2025-12-14T15:30:38.289Z
24,0x000a,7.21969,0x00000000,2025-12-14T15:30:38.289Z,2025-12-14T15:30:38.289Z
13,0x0001,false,0x00000000,2025-12-14T15:30:38.289Z,2025-12-14T15:30:38.289Z
8,0x0004,13741,0x00000000,2025-12-14T15:30:38.289Z,2025-12-14T15:30:38.289Z
7,0x0004,11003,0x00000000,2025-12-14T15:30:38.289Z,2025-12-14T15:30:38.289Z
6,0x0004,19961,0x00000000,2025-12-14T15:30:38.289Z,2025-12-14T15:30:38.289Z
39,0x000a,4.69835,0x00000000,2025-12-14T15:30:38.388Z,2025-12-14T15:30:38.388Z
38,0x000a,3.39988,0x00000000,2025-12-14T15:30:38.388Z,2025-12-14T15:30:38.388Z
37,0x000a,6.10171,0x00000000,2025-12-14T15:30:38.388Z,2025-12-14T15:30:38.388Z
36,0x000a,2.11722,0x00000000,2025-12-14T15:30:38.388Z,2025-12-14T15:30:38.388Z
35,0x000a,1.53503,0x00000000,2025-12-14T15:30:38.388Z,2025-12-14T15:30:38.388Z
34,0x000a,2.74765,0x00000000,2025-12-14T15:30:38.388Z,2025-12-14T15:30:38.388Z
26,0x000a,5.17976,0x00000000,2025-12-14T15:30:38.388Z,2025-12-14T15:30:38.388Z
25,0x000a,4.12977,0x00000000,2025-12-14T15:30:38.388Z,2025-12-14T15:30:38.388Z
24,0x000a,7.5,0x00000000,2025-12-14T15:30:38.388Z,2025-12-14T15:30:38.388Z
23,0x000a,2.11722,0x00000000,2025-12-14T15:30:38.388Z,2025-12-14T15:30:38.388Z
22,0x000a,1.53503,0x00000000,2025-12-14T15:30:38.388Z,2025-12-14T15:30:38.388Z
21,0x000a,2.74765,0x00000000,2025-12-14T15:30:38.388Z,2025-12-14T15:30:38.388Z
8,0x0004,14321,0x00000000,2025-12-14T15:30:38.388Z,2025-12-14T15:30:38.388Z
7,0x0004,11418,0x00000000,2025-12-14T15:30:38.388Z,2025-12-14T15:30:38.388Z
6,0x0004,20736,0x00000000,2025-12-14T15:30:38.388Z,2025-12-14T15:30:38.388Z
39,0x000a,2.19907,0x00000000,2025-12-14T15:30:38.490Z,2025-12-14T15:30:38.490Z
38,0x000a,1.50101,0x00000000,2025-12-14T15:30:38.490Z,2025-12-14T15:30:38.490Z
37,0x000a,1.09953,0x00000000,2025-12-14T15:30:38.490Z,2025-12-14T15:30:38.490Z
36,0x000a,3.40779,0x00000000,2025-12-14T15:30:38.490Z,2025-12-14T15:30:38.490Z
35,0x000a,2.46745,0x00000000,2025-12-14T15:30:38.490Z,2025-12-14T15:30:38.490Z
34,0x000a,4.42468,0x00000000,2025-12-14T15:30:38.490Z,2025-12-14T15:30:38.490Z
26,0x000a,5.39967,0x00000000,2025-12-14T15:30:38.490Z,2025-12-14T15:30:38.490Z
25,0x000a,4.27988,0x00000000,2025-12-14T15:30:38.490Z,2025-12-14T15:30:38.490Z
24,0x000a,7.60995,0x00000000,2025-12-14T15:30:38.490Z,2025-12-14T15:30:38.490Z
23,0x000a,3.40779,0x00000000,2025-12-14T15:30:38.490Z,2025-12-14T15:30:38.490Z
22,0x000a,2.46745,0x00000000,2025-12-14T15:30:38.490Z,2025-12-14T15:30:38.490Z
21,0x000a,4.42468,0x00000000,2025-12-14T15:30:38.490Z,2025-12-14T15:30:38.490Z
8,0x0004,14929,0x00000000,2025-12-14T15:30:38.490Z,2025-12-14T15:30:38.490Z
7,0x0004,11833,0x00000000,2025-12-14T15:30:38.490Z,2025-12-14T15:30:38.490Z
6,0x0004,21040,0x00000000,2025-12-14T15:30:38.490Z,2025-12-14T15:30:38.490Z
39,0x000a,2.10142,0x00000000,2025-12-14T15:30:38.590Z,2025-12-14T15:30:38.590Z
38,0x000a,1.59867,0x00000000,2025-12-14T15:30:38.590Z,2025-12-14T15:30:38.590Z
37,0x000a,0,0x00000000,2025-12-14T15:30:38.590Z,2025-12-14T15:30:38.590Z
36,0x000a,2.80343,0x00000000,2025-12-14T15:30:38.590Z,2025-12-14T15:30:38.590Z
35,0x000a,1.98423,0x00000000,2025-12-14T15:30:38.590Z,2025-12-14T15:30:38.590Z
34,0x000a,2.76211,0x00000000,2025-12-14T15:30:38.590Z,2025-12-14T15:30:38.590Z
26,0x000a,5.60981,0x00000000,2025-12-14T15:30:38.590Z,2025-12-14T15:30:38.590Z
25,0x000a,4.43974,0x00000000,2025-12-14T15:30:38.590Z,2025-12-14T15:30:38.590Z
23,0x000a,2.80343,0x00000000,2025-12-14T15:30:38.590Z,2025-12-14T15:30:38.590Z
22,0x000a,1.98423,0x00000000,2025-12-14T15:30:38.590Z,2025-12-14T15:30:38.590Z
21,0x000a,2.76211,0x00000000,2025-12-14T15:30:38.590Z,2025-12-14T15:30:38.590Z
8,0x0004,15510,0x00000000,2025-12-14T15:30:38.590Z,2025-12-14T15:30:38.590Z
7,0x0004,12275,0x00000000,2025-12-14T15:30:38.590Z,2025-12-14T15:30:38.590Z
38,0x000a,1.50101,0x00000000,2025-12-14T15:30:38.689Z,2025-12-14T15:30:38.689Z
36,0x000a,2.45242,0x00000000,2025-12-14T15:30:38.689Z,2025-12-14T15:30:38.689Z
35,0x000a,1.79145,0x00000000,2025-12-14T15:30:38.689Z,2025-12-14T15:30:38.689Z
34,0x000a,1.38105,0x00000000,2025-12-14T15:30:38.689Z,2025-12-14T15:30:38.689Z
26,0x000a,5.81995,0x00000000,2025-12-14T15:30:38.689Z,2025-12-14T15:30:38.689Z
25,0x000a,4.58984,0x00000000,2025-12-14T15:30:38.689Z,2025-12-14T15:30:38.689Z
23,0x000a,2.45242,0x00000000,2025-12-14T15:30:38.689Z,2025-12-14T15:30:38.689Z
22,0x000a,1.79145,0x00000000,2025-12-14T15:30:38.689Z,2025-12-14T15:30:38.689Z
21,0x000a,1.38105,0x00000000,2025-12-14T15:30:38.689Z,2025-12-14T15:30:38.689Z
8,0x0004,16091,0x00000000,2025-12-14T15:30:38.689Z,2025-12-14T15:30:38.689Z
7,0x0004,12690,0x00000000,2025-12-14T15:30:38.689Z,2025-12-14T15:30:38.689Z
40,0x0001,true,0x00000000,2025-12-14T15:30:38.790Z,2025-12-14T15:30:38.790Z
39,0x000a,2.59694,0x00000000,2025-12-14T15:30:38.790Z,2025-12-14T15:30:38.790Z
38,0x000a,1.80121,0x00000000,2025-12-14T15:30:38.790Z,2025-12-14T15:30:38.790Z
36,0x000a,2.27692,0x00000000,2025-12-14T15:30:38.790Z,2025-12-14T15:30:38.790Z
35,0x000a,1.64623,0x00000000,2025-12-14T15:30:38.790Z,2025-12-14T15:30:38.790Z
34,0x000a,0.690527,0x00000000,2025-12-14T15:30:38.790Z,2025-12-14T15:30:38.790Z
26,0x000a,6.07964,0x00000000,2025-12-14T15:30:38.790Z,2025-12-14T15:30:38.790Z
25,0x000a,4.76997,0x00000000,2025-12-14T15:30:38.790Z,2025-12-14T15:30:38.790Z
23,0x000a,2.27692,0x00000000,2025-12-14T15:30:38.790Z,2025-12-14T15:30:38.790Z
22,0x000a,1.64623,0x00000000,2025-12-14T15:30:38.790Z,2025-12-14T15:30:38.790Z
21,0x000a,0.690527,0x00000000,2025-12-14T15:30:38.790Z,2025-12-14T15:30:38.790Z
8,0x0004,16809,0x00000000,2025-12-14T15:30:38.790Z,2025-12-14T15:30:38.790Z
7,0x0004,13188,0x00000000,2025-12-14T15:30:38.790Z,2025-12-14T15:30:38.790Z
39,0x000a,2.10142,0x00000000,2025-12-14T15:30:38.888Z,2025-12-14T15:30:38.888Z
38,0x000a,1.59867,0x00000000,2025-12-14T15:30:38.888Z,2025-12-14T15:30:38.888Z
36,0x000a,2.43693,0x00000000,2025-12-14T15:30:38.888Z,2025-12-14T15:30:38.888Z
35,0x000a,1.72372,0x00000000,2025-12-14T15:30:38.888Z,2025-12-14T15:30:38.888Z
34,0x000a,0.345263,0x00000000,2025-12-14T15:30:38.888Z,2025-12-14T15:30:38.888Z
26,0x000a,6.28979,0x00000000,2025-12-14T15:30:38.888Z,2025-12-14T15:30:38.888Z
25,0x000a,4.92983,0x00000000,2025-12-14T15:30:38.888Z,2025-12-14T15:30:38.888Z
23,0x000a,2.43693,0x00000000,2025-12-14T15:30:38.888Z,2025-12-14T15:30:38.888Z
22,0x000a,1.72372,0x00000000,2025-12-14T15:30:38.888Z,2025-12-14T15:30:38.888Z
21,0x000a,0.345263,0x00000000,2025-12-14T15:30:38.888Z,2025-12-14T15:30:38.888Z
17,0x0001,false,0x00000000,2025-12-14T15:30:38.888Z,2025-12-14T15:30:38.888Z
8,0x0004,17390,0x00000000,2025-12-14T15:30:38.888Z,2025-12-14T15:30:38.888Z
7,0x0004,13630,0x00000000,2025-12-14T15:30:38.888Z,2025-12-14T15:30:38.888Z
36,0x000a,2.26917,0x00000000,2025-12-14T15:30:38.990Z,2025-12-14T15:30:38.990Z
35,0x000a,1.6612,0x00000000,2025-12-14T15:30:38.990Z,2025-12-14T15:30:38.990Z
34,0x000a,0.172632,0x00000000,2025-12-14T15:30:38.990Z,2025-12-14T15:30:38.990Z
26,0x000a,6.49993,0x00000000,2025-12-14T15:30:38.990Z,2025-12-14T15:30:38.990Z
25,0x000a,5.07993,0x00000000,2025-12-14T15:30:38.990Z,2025-12-14T15:30:38.990Z
23,0x000a,2.26917,0x00000000,2025-12-14T15:30:38.990Z,2025-12-14T15:30:38.990Z
22,0x000a,1.6612,0x00000000,2025-12-14T15:30:38.990Z,2025-12-14T15:30:38.990Z
21,0x000a,0.172632,0x00000000,2025-12-14T15:30:38.990Z,2025-12-14T15:30:38.990Z
8,0x0004,17971,0x00000000,2025-12-14T15:30:38.990Z,2025-12-14T15:30:38.990Z
7,0x0004,14045,0x00000000,2025-12-14T15:30:38.990Z,2025-12-14T15:30:38.990Z
38,0x000a,1.50101,0x00000000,2025-12-14T15:30:39.088Z,2025-12-14T15:30:39.088Z
26,0x000a,6.58999,0x00000000,2025-12-14T15:30:39.088Z,2025-12-14T15:30:39.088Z
25,0x000a,5.22967,0x00000000,2025-12-14T15:30:39.088Z,2025-12-14T15:30:39.088Z
8,0x0004,18220,0x00000000,2025-12-14T15:30:39.088Z,2025-12-14T15:30:39.088Z
7,0x0004,14459,0x00000000,2025-12-14T15:30:39.088Z,2025-12-14T15:30:39.088Z
39,0x000a,0.900607,0x00000000,2025-12-14T15:30:39.190Z,2025-12-14T15:30:39.190Z
39,0x000a,0,0x00000000,2025-12-14T15:30:39.289Z,2025-12-14T15:30:39.289Z
38,0x000a,1.4974,0x00000000,2025-12-14T15:30:39.190Z,2025-12-14T15:30:39.190Z
38,0x000a,1.60229,0x00000000,2025-12-14T15:30:39.289Z,2025-12-14T15:30:39.289Z
36,0x000a,2.18529,0x00000000,2025-12-14T15:30:39.190Z,2025-12-14T15:30:39.190Z
36,0x000a,1.54295,0x00000000,2025-12-14T15:30:39.289Z,2025-12-14T15:30:39.289Z
35,0x000a,1.5811,0x00000000,2025-12-14T15:30:39.190Z,2025-12-14T15:30:39.190Z
35,0x000a,1.53925,0x00000000,2025-12-14T15:30:39.289Z,2025-12-14T15:30:39.289Z
34,0x000a,0.0863158,0x00000000,2025-12-14T15:30:39.190Z,2025-12-14T15:30:39.190Z
34,0x000a,0.0431579,0x00000000,2025-12-14T15:30:39.289Z,2025-12-14T15:30:39.289Z
25,0x000a,5.3899,0x00000000,2025-12-14T15:30:39.190Z,2025-12-14T15:30:39.190Z
25,0x000a,5.56966,0x00000000,2025-12-14T15:30:39.289Z,2025-12-14T15:30:39.289Z
23,0x000a,2.18529,0x00000000,2025-12-14T15:30:39.190Z,2025-12-14T15:30:39.190Z
23,0x000a,1.54295,0x00000000,2025-12-14T15:30:39.289Z,2025-12-14T15:30:39.289Z
22,0x000a,1.5811,0x00000000,2025-12-14T15:30:39.190Z,2025-12-14T15:30:39.190Z
22,0x000a,1.53925,0x00000000,2025-12-14T15:30:39.289Z,2025-12-14T15:30:39.289Z
21,0x000a,0.0863158,0x00000000,2025-12-14T15:30:39.190Z,2025-12-14T15:30:39.190Z
21,0x000a,0.0431579,0x00000000,2025-12-14T15:30:39.289Z,2025-12-14T15:30:39.289Z
7,0x0004,14902,0x00000000,2025-12-14T15:30:39.190Z,2025-12-14T15:30:39.190Z
7,0x0004,15399,0x00000000,2025-12-14T15:30:39.289Z,2025-12-14T15:30:39.289Z
42,0x0001,true,0x00000000,2025-12-14T15:30:39.388Z,2025-12-14T15:30:39.388Z
38,0x000a,1.7976,0x00000000,2025-12-14T15:30:39.388Z,2025-12-14T15:30:39.388Z
36,0x000a,0.771475,0x00000000,2025-12-14T15:30:39.388Z,2025-12-14T15:30:39.388Z
35,0x000a,1.57077,0x00000000,2025-12-14T15:30:39.388Z,2025-12-14T15:30:39.388Z
34,0x000a,0.021579,0x00000000,2025-12-14T15:30:39.388Z,2025-12-14T15:30:39.388Z
25,0x000a,5.71976,0x00000000,2025-12-14T15:30:39.388Z,2025-12-14T15:30:39.388Z
23,0x000a,0.771475,0x00000000,2025-12-14T15:30:39.388Z,2025-12-14T15:30:39.388Z
22,0x000a,1.57077,0x00000000,2025-12-14T15:30:39.388Z,2025-12-14T15:30:39.388Z
21,0x000a,0.021579,0x00000000,2025-12-14T15:30:39.388Z,2025-12-14T15:30:39.388Z
7,0x0004,15814,0x00000000,2025-12-14T15:30:39.388Z,2025-12-14T15:30:39.388Z
38,0x000a,3.1033,0x00000000,2025-12-14T15:30:39.490Z,2025-12-14T15:30:39.490Z
36,0x000a,0.385738,0x00000000,2025-12-14T15:30:39.490Z,2025-12-14T15:30:39.490Z
35,0x000a,1.68418,0x00000000,2025-12-14T15:30:39.490Z,2025-12-14T15:30:39.490Z
34,0x000a,0.0107895,0x00000000,2025-12-14T15:30:39.490Z,2025-12-14T15:30:39.490Z
25,0x000a,5.87999,0x00000000,2025-12-14T15:30:39.490Z,2025-12-14T15:30:39.490Z
23,0x000a,0.385738,0x00000000,2025-12-14T15:30:39.490Z,2025-12-14T15:30:39.490Z
22,0x000a,1.68418,0x00000000,2025-12-14T15:30:39.490Z,2025-12-14T15:30:39.490Z
21,0x000a,0.0107895,0x00000000,2025-12-14T15:30:39.490Z,2025-12-14T15:30:39.490Z
7,0x0004,16257,0x00000000,2025-12-14T15:30:39.490Z,2025-12-14T15:30:39.490Z
38,0x000a,1.4974,0x00000000,2025-12-14T15:30:39.589Z,2025-12-14T15:30:39.589Z
36,0x000a,0.192869,0x00000000,2025-12-14T15:30:39.589Z,2025-12-14T15:30:39.589Z
35,0x000a,2.39374,0x00000000,2025-12-14T15:30:39.589Z,2025-12-14T15:30:39.589Z
34,0x000a,0.00539474,0x00000000,2025-12-14T15:30:39.589Z,2025-12-14T15:30:39.589Z
25,0x000a,6.02973,0x00000000,2025-12-14T15:30:39.589Z,2025-12-14T15:30:39.589Z
23,0x000a,0.192869,0x00000000,2025-12-14T15:30:39.589Z,2025-12-14T15:30:39.589Z
22,0x000a,2.39374,0x00000000,2025-12-14T15:30:39.589Z,2025-12-14T15:30:39.589Z
21,0x000a,0.00539474,0x00000000,2025-12-14T15:30:39.589Z,2025-12-14T15:30:39.589Z
7,0x0004,16671,0x00000000,2025-12-14T15:30:39.589Z,2025-12-14T15:30:39.589Z
38,0x000a,1.50101,0x00000000,2025-12-14T15:30:39.690Z,2025-12-14T15:30:39.690Z
36,0x000a,0.0964344,0x00000000,2025-12-14T15:30:39.690Z,2025-12-14T15:30:39.690Z
35,0x000a,1.94557,0x00000000,2025-12-14T15:30:39.690Z,2025-12-14T15:30:39.690Z
34,0x000a,0.00269737,0x00000000,2025-12-14T15:30:39.690Z,2025-12-14T15:30:39.690Z
25,0x000a,6.17983,0x00000000,2025-12-14T15:30:39.690Z,2025-12-14T15:30:39.690Z
23,0x000a,0.0964344,0x00000000,2025-12-14T15:30:39.690Z,2025-12-14T15:30:39.690Z
22,0x000a,1.94557,0x00000000,2025-12-14T15:30:39.690Z,2025-12-14T15:30:39.690Z
21,0x000a,0.00269737,0x00000000,2025-12-14T15:30:39.690Z,2025-12-14T15:30:39.690Z
7,0x0004,17086,0x00000000,2025-12-14T15:30:39.690Z,2025-12-14T15:30:39.690Z
36,0x000a,0.0482172,0x00000000,2025-12-14T15:30:39.790Z,2025-12-14T15:30:39.790Z
35,0x000a,1.72329,0x00000000,2025-12-14T15:30:39.790Z,2025-12-14T15:30:39.790Z
34,0x000a,0.00134869,0x00000000,2025-12-14T15:30:39.790Z,2025-12-14T15:30:39.790Z
25,0x000a,6.3397,0x00000000,2025-12-14T15:30:39.790Z,2025-12-14T15:30:39.790Z
23,0x000a,0.0482172,0x00000000,2025-12-14T15:30:39.790Z,2025-12-14T15:30:39.790Z
22,0x000a,1.72329,0x00000000,2025-12-14T15:30:39.790Z,2025-12-14T15:30:39.790Z
21,0x000a,0.00134869,0x00000000,2025-12-14T15:30:39.790Z,2025-12-14T15:30:39.790Z
7,0x0004,17528,0x00000000,2025-12-14T15:30:39.790Z,2025-12-14T15:30:39.790Z
38,0x000a,1.59867,0x00000000,2025-12-14T15:30:39.888Z,2025-12-14T15:30:39.888Z
25,0x000a,6.4898,0x00000000,2025-12-14T15:30:39.888Z,2025-12-14T15:30:39.888Z
7,0x0004,17943,0x00000000,2025-12-14T15:30:39.888Z,2025-12-14T15:30:39.888Z
38,0x000a,1.50102,0x00000000,2025-12-14T15:30:39.988Z,2025-12-14T15:30:39.988Z
36,0x000a,0.0241086,0x00000000,2025-12-14T15:30:39.988Z,2025-12-14T15:30:39.988Z
35,0x000a,1.66098,0x00000000,2025-12-14T15:30:39.988Z,2025-12-14T15:30:39.988Z
34,0x000a,0.000674343,0x00000000,2025-12-14T15:30:39.988Z,2025-12-14T15:30:39.988Z
25,0x000a,6.6399,0x00000000,2025-12-14T15:30:39.988Z,2025-12-14T15:30:39.988Z
23,0x000a,0.0241086,0x00000000,2025-12-14T15:30:39.988Z,2025-12-14T15:30:39.988Z
22,0x000a,1.66098,0x00000000,2025-12-14T15:30:39.988Z,2025-12-14T15:30:39.988Z
21,0x000a,0.000674343,0x00000000,2025-12-14T15:30:39.988Z,2025-12-14T15:30:39.988Z
7,0x0004,18358,0x00000000,2025-12-14T15:30:39.988Z,2025-12-14T15:30:39.988Z
38,0x000a,1.50101,0x00000000,2025-12-14T15:30:40.088Z,2025-12-14T15:30:40.088Z
36,0x000a,0.0120543,0x00000000,2025-12-14T15:30:40.088Z,2025-12-14T15:30:40.088Z
35,0x000a,1.581,0x00000000,2025-12-14T15:30:40.088Z,2025-12-14T15:30:40.088Z
34,0x000a,0.000337171,0x00000000,2025-12-14T15:30:40.088Z,2025-12-14T15:30:40.088Z
25,0x000a,6.82979,0x00000000,2025-12-14T15:30:40.088Z,2025-12-14T15:30:40.088Z
23,0x000a,0.0120543,0x00000000,2025-12-14T15:30:40.088Z,2025-12-14T15:30:40.088Z
22,0x000a,1.581,0x00000000,2025-12-14T15:30:40.088Z,2025-12-14T15:30:40.088Z
21,0x000a,0.000337171,0x00000000,2025-12-14T15:30:40.088Z,2025-12-14T15:30:40.088Z
7,0x0004,18883,0x00000000,2025-12-14T15:30:40.088Z,2025-12-14T15:30:40.088Z
38,0x000a,1.89887,0x00000000,2025-12-14T15:30:40.190Z,2025-12-14T15:30:40.190Z
36,0x000a,0.00602715,0x00000000,2025-12-14T15:30:40.190Z,2025-12-14T15:30:40.190Z
35,0x000a,1.541,0x00000000,2025-12-14T15:30:40.190Z,2025-12-14T15:30:40.190Z
34,0x000a,0.000168586,0x00000000,2025-12-14T15:30:40.190Z,2025-12-14T15:30:40.190Z
25,0x000a,6.97989,0x00000000,2025-12-14T15:30:40.190Z,2025-12-14T15:30:40.190Z
23,0x000a,0.00602715,0x00000000,2025-12-14T15:30:40.190Z,2025-12-14T15:30:40.190Z
22,0x000a,1.541,0x00000000,2025-12-14T15:30:40.190Z,2025-12-14T15:30:40.190Z
21,0x000a,0.000168586,0x00000000,2025-12-14T15:30:40.190Z,2025-12-14T15:30:40.190Z
7,0x0004,19298,0x00000000,2025-12-14T15:30:40.190Z,2025-12-14T15:30:40.190Z
38,0x000a,1.50101,0x00000000,2025-12-14T15:30:40.290Z,2025-12-14T15:30:40.290Z
36,0x000a,0.00301358,0x00000000,2025-12-14T15:30:40.290Z,2025-12-14T15:30:40.290Z
35,0x000a,1.71994,0x00000000,2025-12-14T15:30:40.290Z,2025-12-14T15:30:40.290Z
34,0x000a,8.42928e-05,0x00000000,2025-12-14T15:30:40.290Z,2025-12-14T15:30:40.290Z
25,0x000a,7.13976,0x00000000,2025-12-14T15:30:40.290Z,2025-12-14T15:30:40.290Z
23,0x000a,0.00301358,0x00000000,2025-12-14T15:30:40.290Z,2025-12-14T15:30:40.290Z
22,0x000a,1.71994,0x00000000,2025-12-14T15:30:40.290Z,2025-12-14T15:30:40.290Z
21,0x000a,8.42928e-05,0x00000000,2025-12-14T15:30:40.290Z,2025-12-14T15:30:40.290Z
7,0x0004,19740,0x00000000,2025-12-14T15:30:40.290Z,2025-12-14T15:30:40.290Z
38,0x000a,1.59867,0x00000000,2025-12-14T15:30:40.387Z,2025-12-14T15:30:40.387Z
36,0x000a,0.00150679,0x00000000,2025-12-14T15:30:40.387Z,2025-12-14T15:30:40.387Z
35,0x000a,1.61047,0x00000000,2025-12-14T15:30:40.387Z,2025-12-14T15:30:40.387Z
34,0x000a,4.21464e-05,0x00000000,2025-12-14T15:30:40.387Z,2025-12-14T15:30:40.387Z
25,0x000a,7.28986,0x00000000,2025-12-14T15:30:40.387Z,2025-12-14T15:30:40.387Z
23,0x000a,0.00150679,0x00000000,2025-12-14T15:30:40.387Z,2025-12-14T15:30:40.387Z
22,0x000a,1.61047,0x00000000,2025-12-14T15:30:40.387Z,2025-12-14T15:30:40.387Z
21,0x000a,4.21464e-05,0x00000000,2025-12-14T15:30:40.387Z,2025-12-14T15:30:40.387Z
7,0x0004,20155,0x00000000,2025-12-14T15:30:40.387Z,2025-12-14T15:30:40.387Z
38,0x000a,1.50101,0x00000000,2025-12-14T15:30:40.488Z,2025-12-14T15:30:40.488Z
36,0x000a,0.000753394,0x00000000,2025-12-14T15:30:40.488Z,2025-12-14T15:30:40.488Z
35,0x000a,1.60457,0x00000000,2025-12-14T15:30:40.488Z,2025-12-14T15:30:40.488Z
34,0x000a,2.10732e-05,0x00000000,2025-12-14T15:30:40.488Z,2025-12-14T15:30:40.488Z
25,0x000a,7.43996,0x00000000,2025-12-14T15:30:40.488Z,2025-12-14T15:30:40.488Z
23,0x000a,0.000753394,0x00000000,2025-12-14T15:30:40.488Z,2025-12-14T15:30:40.488Z
22,0x000a,1.60457,0x00000000,2025-12-14T15:30:40.488Z,2025-12-14T15:30:40.488Z
21,0x000a,2.10732e-05,0x00000000,2025-12-14T15:30:40.488Z,2025-12-14T15:30:40.488Z
7,0x0004,20570,0x00000000,2025-12-14T15:30:40.488Z,2025-12-14T15:30:40.488Z
38,0x000a,3.09968,0x00000000,2025-12-14T15:30:40.590Z,2025-12-14T15:30:40.590Z
36,0x000a,0.000376697,0x00000000,2025-12-14T15:30:40.590Z,2025-12-14T15:30:40.590Z
35,0x000a,1.55279,0x00000000,2025-12-14T15:30:40.590Z,2025-12-14T15:30:40.590Z
34,0x000a,1.05366e-05,0x00000000,2025-12-14T15:30:40.590Z,2025-12-14T15:30:40.590Z
25,0x000a,7.59983,0x00000000,2025-12-14T15:30:40.590Z,2025-12-14T15:30:40.590Z
23,0x000a,0.000376697,0x00000000,2025-12-14T15:30:40.590Z,2025-12-14T15:30:40.590Z
22,0x000a,1.55279,0x00000000,2025-12-14T15:30:40.590Z,2025-12-14T15:30:40.590Z
21,0x000a,1.05366e-05,0x00000000,2025-12-14T15:30:40.590Z,2025-12-14T15:30:40.590Z
7,0x0004,21012,0x00000000,2025-12-14T15:30:40.590Z,2025-12-14T15:30:40.590Z
38,0x000a,1.80121,0x00000000,2025-12-14T15:30:40.792Z,2025-12-14T15:30:40.792Z
36,0x000a,0.000188348,0x00000000,2025-12-14T15:30:40.792Z,2025-12-14T15:30:40.792Z
35,0x000a,2.32624,0x00000000,2025-12-14T15:30:40.792Z,2025-12-14T15:30:40.792Z
34,0x000a,5.2683e-06,0x00000000,2025-12-14T15:30:40.792Z,2025-12-14T15:30:40.792Z
25,0x000a,7.92969,0x00000000,2025-12-14T15:30:40.792Z,2025-12-14T15:30:40.792Z
23,0x000a,0.000188348,0x00000000,2025-12-14T15:30:40.792Z,2025-12-14T15:30:40.792Z
22,0x000a,2.32624,0x00000000,2025-12-14T15:30:40.792Z,2025-12-14T15:30:40.792Z
21,0x000a,5.2683e-06,0x00000000,2025-12-14T15:30:40.792Z,2025-12-14T15:30:40.792Z
15,0x0001,false,0x00000000,2025-12-14T15:30:40.792Z,2025-12-14T15:30:40.792Z
7,0x0004,21924,0x00000000,2025-12-14T15:30:40.792Z,2025-12-14T15:30:40.792Z
38,0x000a,1.4974,0x00000000,2025-12-14T15:30:40.890Z,2025-12-14T15:30:40.890Z
36,0x000a,9.41742e-05,0x00000000,2025-12-14T15:30:40.890Z,2025-12-14T15:30:40.890Z
35,0x000a,2.06373,0x00000000,2025-12-14T15:30:40.890Z,2025-12-14T15:30:40.890Z
34,0x000a,2.63415e-06,0x00000000,2025-12-14T15:30:40.890Z,2025-12-14T15:30:40.890Z
23,0x000a,9.41742e-05,0x00000000,2025-12-14T15:30:40.890Z,2025-12-14T15:30:40.890Z
22,0x000a,2.06373,0x00000000,2025-12-14T15:30:40.890Z,2025-12-14T15:30:40.890Z
21,0x000a,2.63415e-06,0x00000000,2025-12-14T15:30:40.890Z,2025-12-14T15:30:40.890Z
38,0x000a,1.60229,0x00000000,2025-12-14T15:30:40.990Z,2025-12-14T15:30:40.990Z
38,0x000a,0.600405,0x00000000,2025-12-14T15:30:41.090Z,2025-12-14T15:30:41.090Z
36,0x000a,4.70871e-05,0x00000000,2025-12-14T15:30:40.990Z,2025-12-14T15:30:40.990Z
36,0x000a,2.35436e-05,0x00000000,2025-12-14T15:30:41.090Z,2025-12-14T15:30:41.090Z
35,0x000a,1.78056,0x00000000,2025-12-14T15:30:40.990Z,2025-12-14T15:30:40.990Z
35,0x000a,1.69142,0x00000000,2025-12-14T15:30:41.090Z,2025-12-14T15:30:41.090Z
34,0x000a,1.31708e-06,0x00000000,2025-12-14T15:30:40.990Z,2025-12-14T15:30:40.990Z
34,0x000a,6.58538e-07,0x00000000,2025-12-14T15:30:41.090Z,2025-12-14T15:30:41.090Z
25,0x000a,8.14996,0x00000000,2025-12-14T15:30:40.990Z,2025-12-14T15:30:40.990Z
23,0x000a,4.70871e-05,0x00000000,2025-12-14T15:30:40.990Z,2025-12-14T15:30:40.990Z
23,0x000a,2.35436e-05,0x00000000,2025-12-14T15:30:41.090Z,2025-12-14T15:30:41.090Z
22,0x000a,1.78056,0x00000000,2025-12-14T15:30:40.990Z,2025-12-14T15:30:40.990Z
22,0x000a,1.69142,0x00000000,2025-12-14T15:30:41.090Z,2025-12-14T15:30:41.090Z
21,0x000a,1.31708e-06,0x00000000,2025-12-14T15:30:40.990Z,2025-12-14T15:30:40.990Z
21,0x000a,6.58538e-07,0x00000000,2025-12-14T15:30:41.090Z,2025-12-14T15:30:41.090Z
7,0x0004,22533,0x00000000,2025-12-14T15:30:40.990Z,2025-12-14T15:30:40.990Z
38,0x000a,0,0x00000000,2025-12-14T15:30:41.190Z,2025-12-14T15:30:41.190Z
36,0x000a,1.17718e-05,0x00000000,2025-12-14T15:30:41.190Z,2025-12-14T15:30:41.190Z
35,0x000a,1.14591,0x00000000,2025-12-14T15:30:41.190Z,2025-12-14T15:30:41.190Z
34,0x000a,3.29269e-07,0x00000000,2025-12-14T15:30:41.190Z,2025-12-14T15:30:41.190Z
23,0x000a,1.17718e-05,0x00000000,2025-12-14T15:30:41.190Z,2025-12-14T15:30:41.190Z
22,0x000a,1.14591,0x00000000,2025-12-14T15:30:41.190Z,2025-12-14T15:30:41.190Z
21,0x000a,3.29269e-07,0x00000000,2025-12-14T15:30:41.190Z,2025-12-14T15:30:41.190Z
36,0x000a,5.88589e-06,0x00000000,2025-12-14T15:30:41.290Z,2025-12-14T15:30:41.290Z
35,0x000a,0.572957,0x00000000,2025-12-14T15:30:41.290Z,2025-12-14T15:30:41.290Z
34,0x000a,1.64634e-07,0x00000000,2025-12-14T15:30:41.290Z,2025-12-14T15:30:41.290Z
23,0x000a,5.88589e-06,0x00000000,2025-12-14T15:30:41.290Z,2025-12-14T15:30:41.290Z
22,0x000a,0.572957,0x00000000,2025-12-14T15:30:41.290Z,2025-12-14T15:30:41.290Z
21,0x000a,1.64634e-07,0x00000000,2025-12-14T15:30:41.290Z,2025-12-14T15:30:41.290Z
42,0x0001,false,0x00000000,2025-12-14T15:30:41.391Z,2025-12-14T15:30:41.391Z
40,0x0001,false,0x00000000,2025-12-14T15:30:41.391Z,2025-12-14T15:30:41.391Z
36,0x000a,2.94295e-06,0x00000000,2025-12-14T15:30:41.391Z,2025-12-14T15:30:41.391Z
35,0x000a,0.286479,0x00000000,2025-12-14T15:30:41.391Z,2025-12-14T15:30:41.391Z
34,0x000a,8.23172e-08,0x00000000,2025-12-14T15:30:41.391Z,2025-12-14T15:30:41.391Z
23,0x000a,2.94295e-06,0x00000000,2025-12-14T15:30:41.391Z,2025-12-14T15:30:41.391Z
22,0x000a,0.286479,0x00000000,2025-12-14T15:30:41.391Z,2025-12-14T15:30:41.391Z
21,0x000a,8.23172e-08,0x00000000,2025-12-14T15:30:41.391Z,2025-12-14T15:30:41.391Z
18,0x0001,true,0x00000000,2025-12-14T15:30:41.391Z,2025-12-14T15:30:41.391Z
16,0x0001,true,0x00000000,2025-12-14T15:30:41.391Z,2025-12-14T15:30:41.391Z
14,0x0001,true,0x00000000,2025-12-14T15:30:41.391Z,2025-12-14T15:30:41.391Z
4,0x000a,4.2,0x00000000,2025-12-14T15:30:41.391Z,2025-12-14T15:30:41.391Z
3,0x000a,3.8,0x00000000,2025-12-14T15:30:41.391Z,2025-12-14T15:30:41.391Z
2,0x000a,4.5,0x00000000,2025-12-14T15:30:41.391Z,2025-12-14T15:30:41.391Z
36,0x000a,1.47147e-06,0x00000000,2025-12-14T15:30:41.490Z,2025-12-14T15:30:41.490Z
35,0x000a,0.143239,0x00000000,2025-12-14T15:30:41.490Z,2025-12-14T15:30:41.490Z
34,0x000a,4.11586e-08,0x00000000,2025-12-14T15:30:41.490Z,2025-12-14T15:30:41.490Z
23,0x000a,1.47147e-06,0x00000000,2025-12-14T15:30:41.490Z,2025-12-14T15:30:41.490Z
22,0x000a,0.143239,0x00000000,2025-12-14T15:30:41.490Z,2025-12-14T15:30:41.490Z
21,0x000a,4.11586e-08,0x00000000,2025-12-14T15:30:41.490Z,2025-12-14T15:30:41.490Z
26,0x000a,6.55997,0x00000000,2025-12-14T15:30:41.587Z,2025-12-14T15:30:41.587Z
25,0x000a,8.08992,0x00000000,2025-12-14T15:30:41.587Z,2025-12-14T15:30:41.587Z
24,0x000a,7.5,0x00000000,2025-12-14T15:30:41.587Z,2025-12-14T15:30:41.587Z
8,0x0004,18137,0x00000000,2025-12-14T15:30:41.587Z,2025-12-14T15:30:41.587Z
7,0x0004,22367,0x00000000,2025-12-14T15:30:41.587Z,2025-12-14T15:30:41.587Z
6,0x0004,20736,0x00000000,2025-12-14T15:30:41.587Z,2025-12-14T15:30:41.587Z
39,0x000a,-0.300202,0x00000000,2025-12-14T15:30:41.690Z,2025-12-14T15:30:41.690Z
38,0x000a,-0.600405,0x00000000,2025-12-14T15:30:41.690Z,2025-12-14T15:30:41.690Z
37,0x000a,-1.09953,0x00000000,2025-12-14T15:30:41.690Z,2025-12-14T15:30:41.690Z
36,0x000a,7.35736e-07,0x00000000,2025-12-14T15:30:41.690Z,2025-12-14T15:30:41.690Z
35,0x000a,0.0716197,0x00000000,2025-12-14T15:30:41.690Z,2025-12-14T15:30:41.690Z
34,0x000a,2.05793e-08,0x00000000,2025-12-14T15:30:41.690Z,2025-12-14T15:30:41.690Z
26,0x000a,6.29991,0x00000000,2025-12-14T15:30:41.690Z,2025-12-14T15:30:41.690Z
25,0x000a,7.89967,0x00000000,2025-12-14T15:30:41.690Z,2025-12-14T15:30:41.690Z
24,0x000a,7.16978,0x00000000,2025-12-14T15:30:41.690Z,2025-12-14T15:30:41.690Z
23,0x000a,7.35736e-07,0x00000000,2025-12-14T15:30:41.690Z,2025-12-14T15:30:41.690Z
22,0x000a,0.0716197,0x00000000,2025-12-14T15:30:41.690Z,2025-12-14T15:30:41.690Z
21,0x000a,2.05793e-08,0x00000000,2025-12-14T15:30:41.690Z,2025-12-14T15:30:41.690Z
8,0x0004,17418,0x00000000,2025-12-14T15:30:41.690Z,2025-12-14T15:30:41.690Z
7,0x0004,21841,0x00000000,2025-12-14T15:30:41.690Z,2025-12-14T15:30:41.690Z
6,0x0004,19823,0x00000000,2025-12-14T15:30:41.690Z,2025-12-14T15:30:41.690Z
39,0x000a,-4.70197,0x00000000,2025-12-14T15:30:41.787Z,2025-12-14T15:30:41.787Z
38,0x000a,-3.39989,0x00000000,2025-12-14T15:30:41.787Z,2025-12-14T15:30:41.787Z
37,0x000a,-6.10171,0x00000000,2025-12-14T15:30:41.787Z,2025-12-14T15:30:41.787Z
36,0x000a,-0.150101,0x00000000,2025-12-14T15:30:41.787Z,2025-12-14T15:30:41.787Z
35,0x000a,-0.264393,0x00000000,2025-12-14T15:30:41.787Z,2025-12-14T15:30:41.787Z
34,0x000a,-0.549767,0x00000000,2025-12-14T15:30:41.787Z,2025-12-14T15:30:41.787Z
26,0x000a,6.08977,0x00000000,2025-12-14T15:30:41.787Z,2025-12-14T15:30:41.787Z
25,0x000a,7.74993,0x00000000,2025-12-14T15:30:41.787Z,2025-12-14T15:30:41.787Z
24,0x000a,6.88983,0x00000000,2025-12-14T15:30:41.787Z,2025-12-14T15:30:41.787Z
23,0x000a,-0.150101,0x00000000,2025-12-14T15:30:41.787Z,2025-12-14T15:30:41.787Z
22,0x000a,-0.264393,0x00000000,2025-12-14T15:30:41.787Z,2025-12-14T15:30:41.787Z
21,0x000a,-0.549767,0x00000000,2025-12-14T15:30:41.787Z,2025-12-14T15:30:41.787Z
8,0x0004,16837,0x00000000,2025-12-14T15:30:41.787Z,2025-12-14T15:30:41.787Z
7,0x0004,21427,0x00000000,2025-12-14T15:30:41.787Z,2025-12-14T15:30:41.787Z
6,0x0004,19049,0x00000000,2025-12-14T15:30:41.787Z,2025-12-14T15:30:41.787Z
39,0x000a,-2.0978,0x00000000,2025-12-14T15:30:41.888Z,2025-12-14T15:30:41.888Z
38,0x000a,-1.50101,0x00000000,2025-12-14T15:30:41.888Z,2025-12-14T15:30:41.888Z
37,0x000a,-2.70182,0x00000000,2025-12-14T15:30:41.888Z,2025-12-14T15:30:41.888Z
36,0x000a,-2.42603,0x00000000,2025-12-14T15:30:41.888Z,2025-12-14T15:30:41.888Z
35,0x000a,-1.83214,0x00000000,2025-12-14T15:30:41.888Z,2025-12-14T15:30:41.888Z
34,0x000a,-3.32574,0x00000000,2025-12-14T15:30:41.888Z,2025-12-14T15:30:41.888Z
26,0x000a,5.87999,0x00000000,2025-12-14T15:30:41.888Z,2025-12-14T15:30:41.888Z
25,0x000a,7.59983,0x00000000,2025-12-14T15:30:41.888Z,2025-12-14T15:30:41.888Z
24,0x000a,6.61965,0x00000000,2025-12-14T15:30:41.888Z,2025-12-14T15:30:41.888Z
23,0x000a,-2.42603,0x00000000,2025-12-14T15:30:41.888Z,2025-12-14T15:30:41.888Z
22,0x000a,-1.83214,0x00000000,2025-12-14T15:30:41.888Z,2025-12-14T15:30:41.888Z
21,0x000a,-3.32574,0x00000000,2025-12-14T15:30:41.888Z,2025-12-14T15:30:41.888Z
8,0x0004,16257,0x00000000,2025-12-14T15:30:41.888Z,2025-12-14T15:30:41.888Z
7,0x0004,21012,0x00000000,2025-12-14T15:30:41.888Z,2025-12-14T15:30:41.888Z
6,0x0004,18302,0x00000000,2025-12-14T15:30:41.888Z,2025-12-14T15:30:41.888Z
39,0x000a,-2.20269,0x00000000,2025-12-14T15:30:41.990Z,2025-12-14T15:30:41.990Z
38,0x000a,-1.59867,0x00000000,2025-12-14T15:30:41.990Z,2025-12-14T15:30:41.990Z
37,0x000a,-2.79948,0x00000000,2025-12-14T15:30:41.990Z,2025-12-14T15:30:41.990Z
36,0x000a,-2.26192,0x00000000,2025-12-14T15:30:41.990Z,2025-12-14T15:30:41.990Z
35,0x000a,-1.66658,0x00000000,2025-12-14T15:30:41.990Z,2025-12-14T15:30:41.990Z
34,0x000a,-3.01378,0x00000000,2025-12-14T15:30:41.990Z,2025-12-14T15:30:41.990Z
26,0x000a,5.65972,0x00000000,2025-12-14T15:30:41.990Z,2025-12-14T15:30:41.990Z
25,0x000a,7.43996,0x00000000,2025-12-14T15:30:41.990Z,2025-12-14T15:30:41.990Z
24,0x000a,6.3397,0x00000000,2025-12-14T15:30:41.990Z,2025-12-14T15:30:41.990Z
23,0x000a,-2.26192,0x00000000,2025-12-14T15:30:41.990Z,2025-12-14T15:30:41.990Z
22,0x000a,-1.66658,0x00000000,2025-12-14T15:30:41.990Z,2025-12-14T15:30:41.990Z
21,0x000a,-3.01378,0x00000000,2025-12-14T15:30:41.990Z,2025-12-14T15:30:41.990Z
8,0x0004,15648,0x00000000,2025-12-14T15:30:41.990Z,2025-12-14T15:30:41.990Z
7,0x0004,20570,0x00000000,2025-12-14T15:30:41.990Z,2025-12-14T15:30:41.990Z
6,0x0004,17528,0x00000000,2025-12-14T15:30:41.990Z,2025-12-14T15:30:41.990Z
39,0x000a,-2.0978,0x00000000,2025-12-14T15:30:42.090Z,2025-12-14T15:30:42.090Z
38,0x000a,-1.50102,0x00000000,2025-12-14T15:30:42.090Z,2025-12-14T15:30:42.090Z
37,0x000a,-2.6982,0x00000000,2025-12-14T15:30:42.090Z,2025-12-14T15:30:42.090Z
36,0x000a,-2.2323,0x00000000,2025-12-14T15:30:42.090Z,2025-12-14T15:30:42.090Z
35,0x000a,-1.63262,0x00000000,2025-12-14T15:30:42.090Z,2025-12-14T15:30:42.090Z
34,0x000a,-2.90663,0x00000000,2025-12-14T15:30:42.090Z,2025-12-14T15:30:42.090Z
26,0x000a,5.44994,0x00000000,2025-12-14T15:30:42.090Z,2025-12-14T15:30:42.090Z
25,0x000a,7.28986,0x00000000,2025-12-14T15:30:42.090Z,2025-12-14T15:30:42.090Z
24,0x000a,6.06988,0x00000000,2025-12-14T15:30:42.090Z,2025-12-14T15:30:42.090Z
23,0x000a,-2.2323,0x00000000,2025-12-14T15:30:42.090Z,2025-12-14T15:30:42.090Z
22,0x000a,-1.63262,0x00000000,2025-12-14T15:30:42.090Z,2025-12-14T15:30:42.090Z
21,0x000a,-2.90663,0x00000000,2025-12-14T15:30:42.090Z,2025-12-14T15:30:42.090Z
8,0x0004,15068,0x00000000,2025-12-14T15:30:42.090Z,2025-12-14T15:30:42.090Z
7,0x0004,20155,0x00000000,2025-12-14T15:30:42.090Z,2025-12-14T15:30:42.090Z
6,0x0004,16782,0x00000000,2025-12-14T15:30:42.090Z,2025-12-14T15:30:42.090Z
39,0x000a,-2.10142,0x00000000,2025-12-14T15:30:42.190Z,2025-12-14T15:30:42.190Z
38,0x000a,-1.50101,0x00000000,2025-12-14T15:30:42.190Z,2025-12-14T15:30:42.190Z
37,0x000a,-2.79948,0x00000000,2025-12-14T15:30:42.190Z,2025-12-14T15:30:42.190Z
36,0x000a,-2.16505,0x00000000,2025-12-14T15:30:42.190Z,2025-12-14T15:30:42.190Z
35,0x000a,-1.56682,0x00000000,2025-12-14T15:30:42.190Z,2025-12-14T15:30:42.190Z
34,0x000a,-2.80242,0x00000000,2025-12-14T15:30:42.190Z,2025-12-14T15:30:42.190Z
26,0x000a,5.2398,0x00000000,2025-12-14T15:30:42.190Z,2025-12-14T15:30:42.190Z
25,0x000a,7.13976,0x00000000,2025-12-14T15:30:42.190Z,2025-12-14T15:30:42.190Z
24,0x000a,5.78993,0x00000000,2025-12-14T15:30:42.190Z,2025-12-14T15:30:42.190Z
23,0x000a,-2.16505,0x00000000,2025-12-14T15:30:42.190Z,2025-12-14T15:30:42.190Z
22,0x000a,-1.56682,0x00000000,2025-12-14T15:30:42.190Z,2025-12-14T15:30:42.190Z
21,0x000a,-2.80242,0x00000000,2025-12-14T15:30:42.190Z,2025-12-14T15:30:42.190Z
8,0x0004,14487,0x00000000,2025-12-14T15:30:42.190Z,2025-12-14T15:30:42.190Z
7,0x0004,19740,0x00000000,2025-12-14T15:30:42.190Z,2025-12-14T15:30:42.190Z
6,0x0004,16008,0x00000000,2025-12-14T15:30:42.190Z,2025-12-14T15:30:42.190Z
39,0x000a,-2.19908,0x00000000,2025-12-14T15:30:42.287Z,2025-12-14T15:30:42.287Z
38,0x000a,-1.59867,0x00000000,2025-12-14T15:30:42.287Z,2025-12-14T15:30:42.287Z
37,0x000a,-2.79948,0x00000000,2025-12-14T15:30:42.287Z,2025-12-14T15:30:42.287Z
36,0x000a,-2.13323,0x00000000,2025-12-14T15:30:42.287Z,2025-12-14T15:30:42.287Z
35,0x000a,-1.53392,0x00000000,2025-12-14T15:30:42.287Z,2025-12-14T15:30:42.287Z
34,0x000a,-2.80095,0x00000000,2025-12-14T15:30:42.287Z,2025-12-14T15:30:42.287Z
26,0x000a,5.01989,0x00000000,2025-12-14T15:30:42.287Z,2025-12-14T15:30:42.287Z
25,0x000a,6.97989,0x00000000,2025-12-14T15:30:42.287Z,2025-12-14T15:30:42.287Z
24,0x000a,5.50998,0x00000000,2025-12-14T15:30:42.287Z,2025-12-14T15:30:42.287Z
23,0x000a,-2.13323,0x00000000,2025-12-14T15:30:42.287Z,2025-12-14T15:30:42.287Z
22,0x000a,-1.53392,0x00000000,2025-12-14T15:30:42.287Z,2025-12-14T15:30:42.287Z
21,0x000a,-2.80095,0x00000000,2025-12-14T15:30:42.287Z,2025-12-14T15:30:42.287Z
8,0x0004,13879,0x00000000,2025-12-14T15:30:42.287Z,2025-12-14T15:30:42.287Z
7,0x0004,19298,0x00000000,2025-12-14T15:30:42.287Z,2025-12-14T15:30:42.287Z
6,0x0004,15234,0x00000000,2025-12-14T15:30:42.287Z,2025-12-14T15:30:42.287Z
36,0x000a,-2.16616,0x00000000,2025-12-14T15:30:42.390Z,2025-12-14T15:30:42.390Z
35,0x000a,-1.56629,0x00000000,2025-12-14T15:30:42.390Z,2025-12-14T15:30:42.390Z
34,0x000a,-2.80021,0x00000000,2025-12-14T15:30:42.390Z,2025-12-14T15:30:42.390Z
26,0x000a,4.76997,0x00000000,2025-12-14T15:30:42.390Z,2025-12-14T15:30:42.390Z
25,0x000a,6.79977,0x00000000,2025-12-14T15:30:42.390Z,2025-12-14T15:30:42.390Z
24,0x000a,5.17976,0x00000000,2025-12-14T15:30:42.390Z,2025-12-14T15:30:42.390Z
23,0x000a,-2.16616,0x00000000,2025-12-14T15:30:42.390Z,2025-12-14T15:30:42.390Z
22,0x000a,-1.56629,0x00000000,2025-12-14T15:30:42.390Z,2025-12-14T15:30:42.390Z
21,0x000a,-2.80021,0x00000000,2025-12-14T15:30:42.390Z,2025-12-14T15:30:42.390Z
8,0x0004,13188,0x00000000,2025-12-14T15:30:42.390Z,2025-12-14T15:30:42.390Z
7,0x0004,18800,0x00000000,2025-12-14T15:30:42.390Z,2025-12-14T15:30:42.390Z
6,0x0004,14321,0x00000000,2025-12-14T15:30:42.390Z,2025-12-14T15:30:42.390Z
39,0x000a,-2.49928,0x00000000,2025-12-14T15:30:42.490Z,2025-12-14T15:30:42.490Z
39,0x000a,-2.10142,0x00000000,2025-12-14T15:30:42.590Z,2025-12-14T15:30:42.590Z
38,0x000a,-1.80121,0x00000000,2025-12-14T15:30:42.490Z,2025-12-14T15:30:42.490Z
38,0x000a,-1.59867,0x00000000,2025-12-14T15:30:42.590Z,2025-12-14T15:30:42.590Z
37,0x000a,-3.30223,0x00000000,2025-12-14T15:30:42.490Z,2025-12-14T15:30:42.490Z
37,0x000a,-2.69821,0x00000000,2025-12-14T15:30:42.590Z,2025-12-14T15:30:42.590Z
36,0x000a,-2.33272,0x00000000,2025-12-14T15:30:42.590Z,2025-12-14T15:30:42.590Z
35,0x000a,-1.68375,0x00000000,2025-12-14T15:30:42.590Z,2025-12-14T15:30:42.590Z
34,0x000a,-3.05122,0x00000000,2025-12-14T15:30:42.590Z,2025-12-14T15:30:42.590Z
26,0x000a,4.55982,0x00000000,2025-12-14T15:30:42.490Z,2025-12-14T15:30:42.490Z
26,0x000a,4.33992,0x00000000,2025-12-14T15:30:42.590Z,2025-12-14T15:30:42.590Z
25,0x000a,6.6399,0x00000000,2025-12-14T15:30:42.490Z,2025-12-14T15:30:42.490Z
25,0x000a,6.4898,0x00000000,2025-12-14T15:30:42.590Z,2025-12-14T15:30:42.590Z
24,0x000a,4.90994,0x00000000,2025-12-14T15:30:42.490Z,2025-12-14T15:30:42.490Z
24,0x000a,4.62999,0x00000000,2025-12-14T15:30:42.590Z,2025-12-14T15:30:42.590Z
23,0x000a,-2.33272,0x00000000,2025-12-14T15:30:42.590Z,2025-12-14T15:30:42.590Z
22,0x000a,-1.68375,0x00000000,2025-12-14T15:30:42.590Z,2025-12-14T15:30:42.590Z
21,0x000a,-3.05122,0x00000000,2025-12-14T15:30:42.590Z,2025-12-14T15:30:42.590Z
18,0x0001,false,0x00000000,2025-12-14T15:30:42.590Z,2025-12-14T15:30:42.590Z
14,0x0001,false,0x00000000,2025-12-14T15:30:42.590Z,2025-12-14T15:30:42.590Z
8,0x0004,12607,0x00000000,2025-12-14T15:30:42.490Z,2025-12-14T15:30:42.490Z
8,0x0004,11999,0x00000000,2025-12-14T15:30:42.590Z,2025-12-14T15:30:42.590Z
7,0x0004,18358,0x00000000,2025-12-14T15:30:42.490Z,2025-12-14T15:30:42.490Z
7,0x0004,17943,0x00000000,2025-12-14T15:30:42.590Z,2025-12-14T15:30:42.590Z
6,0x0004,13575,0x00000000,2025-12-14T15:30:42.490Z,2025-12-14T15:30:42.490Z
6,0x0004,12801,0x00000000,2025-12-14T15:30:42.590Z,2025-12-14T15:30:42.590Z
39,0x000a,-2.19907,0x00000000,2025-12-14T15:30:42.690Z,2025-12-14T15:30:42.690Z
38,0x000a,-1.50101,0x00000000,2025-12-14T15:30:42.690Z,2025-12-14T15:30:42.690Z
37,0x000a,-2.79948,0x00000000,2025-12-14T15:30:42.690Z,2025-12-14T15:30:42.690Z
36,0x000a,-2.21707,0x00000000,2025-12-14T15:30:42.690Z,2025-12-14T15:30:42.690Z
35,0x000a,-1.64121,0x00000000,2025-12-14T15:30:42.690Z,2025-12-14T15:30:42.690Z
34,0x000a,-2.87471,0x00000000,2025-12-14T15:30:42.690Z,2025-12-14T15:30:42.690Z
26,0x000a,4.12977,0x00000000,2025-12-14T15:30:42.690Z,2025-12-14T15:30:42.690Z
25,0x000a,6.3397,0x00000000,2025-12-14T15:30:42.690Z,2025-12-14T15:30:42.690Z
24,0x000a,4.35981,0x00000000,2025-12-14T15:30:42.690Z,2025-12-14T15:30:42.690Z
23,0x000a,-2.21707,0x00000000,2025-12-14T15:30:42.690Z,2025-12-14T15:30:42.690Z
22,0x000a,-1.64121,0x00000000,2025-12-14T15:30:42.690Z,2025-12-14T15:30:42.690Z
21,0x000a,-2.87471,0x00000000,2025-12-14T15:30:42.690Z,2025-12-14T15:30:42.690Z
8,0x0004,11418,0x00000000,2025-12-14T15:30:42.690Z,2025-12-14T15:30:42.690Z
7,0x0004,17528,0x00000000,2025-12-14T15:30:42.690Z,2025-12-14T15:30:42.690Z
6,0x0004,12054,0x00000000,2025-12-14T15:30:42.690Z,2025-12-14T15:30:42.690Z
39,0x000a,-2.10142,0x00000000,2025-12-14T15:30:42.788Z,2025-12-14T15:30:42.788Z
38,0x000a,-1.50102,0x00000000,2025-12-14T15:30:42.788Z,2025-12-14T15:30:42.788Z
37,0x000a,-2.70182,0x00000000,2025-12-14T15:30:42.788Z,2025-12-14T15:30:42.788Z
36,0x000a,-2.20807,0x00000000,2025-12-14T15:30:42.788Z,2025-12-14T15:30:42.788Z
35,0x000a,-1.57111,0x00000000,2025-12-14T15:30:42.788Z,2025-12-14T15:30:42.788Z
34,0x000a,-2.8371,0x00000000,2025-12-14T15:30:42.788Z,2025-12-14T15:30:42.788Z
26,0x000a,4.03971,0x00000000,2025-12-14T15:30:42.788Z,2025-12-14T15:30:42.788Z
25,0x000a,6.17983,0x00000000,2025-12-14T15:30:42.788Z,2025-12-14T15:30:42.788Z
24,0x000a,4.23973,0x00000000,2025-12-14T15:30:42.788Z,2025-12-14T15:30:42.788Z
23,0x000a,-2.20807,0x00000000,2025-12-14T15:30:42.788Z,2025-12-14T15:30:42.788Z
22,0x000a,-1.57111,0x00000000,2025-12-14T15:30:42.788Z,2025-12-14T15:30:42.788Z
21,0x000a,-2.8371,0x00000000,2025-12-14T15:30:42.788Z,2025-12-14T15:30:42.788Z
8,0x0004,11169,0x00000000,2025-12-14T15:30:42.788Z,2025-12-14T15:30:42.788Z
7,0x0004,17086,0x00000000,2025-12-14T15:30:42.788Z,2025-12-14T15:30:42.788Z
6,0x0004,11722,0x00000000,2025-12-14T15:30:42.788Z,2025-12-14T15:30:42.788Z
39,0x000a,-0.900607,0x00000000,2025-12-14T15:30:42.889Z,2025-12-14T15:30:42.889Z
38,0x000a,-3.39988,0x00000000,2025-12-14T15:30:42.889Z,2025-12-14T15:30:42.889Z
37,0x000a,-1.20081,0x00000000,2025-12-14T15:30:42.889Z,2025-12-14T15:30:42.889Z
36,0x000a,-2.15475,0x00000000,2025-12-14T15:30:42.889Z,2025-12-14T15:30:42.889Z
35,0x000a,-1.53606,0x00000000,2025-12-14T15:30:42.889Z,2025-12-14T15:30:42.889Z
34,0x000a,-2.76946,0x00000000,2025-12-14T15:30:42.889Z,2025-12-14T15:30:42.889Z
25,0x000a,5.99971,0x00000000,2025-12-14T15:30:42.889Z,2025-12-14T15:30:42.889Z
23,0x000a,-2.15475,0x00000000,2025-12-14T15:30:42.889Z,2025-12-14T15:30:42.889Z
22,0x000a,-1.53606,0x00000000,2025-12-14T15:30:42.889Z,2025-12-14T15:30:42.889Z
21,0x000a,-2.76946,0x00000000,2025-12-14T15:30:42.889Z,2025-12-14T15:30:42.889Z
7,0x0004,16588,0x00000000,2025-12-14T15:30:42.889Z,2025-12-14T15:30:42.889Z
39,0x000a,0,0x00000000,2025-12-14T15:30:42.990Z,2025-12-14T15:30:42.990Z
38,0x000a,-1.4974,0x00000000,2025-12-14T15:30:42.990Z,2025-12-14T15:30:42.990Z
37,0x000a,0,0x00000000,2025-12-14T15:30:42.990Z,2025-12-14T15:30:42.990Z
36,0x000a,-1.52768,0x00000000,2025-12-14T15:30:42.990Z,2025-12-14T15:30:42.990Z
35,0x000a,-2.46797,0x00000000,2025-12-14T15:30:42.990Z,2025-12-14T15:30:42.990Z
34,0x000a,-1.98513,0x00000000,2025-12-14T15:30:42.990Z,2025-12-14T15:30:42.990Z
25,0x000a,5.84997,0x00000000,2025-12-14T15:30:42.990Z,2025-12-14T15:30:42.990Z
23,0x000a,-1.52768,0x00000000,2025-12-14T15:30:42.990Z,2025-12-14T15:30:42.990Z
22,0x000a,-2.46797,0x00000000,2025-12-14T15:30:42.990Z,2025-12-14T15:30:42.990Z
21,0x000a,-1.98513,0x00000000,2025-12-14T15:30:42.990Z,2025-12-14T15:30:42.990Z
7,0x0004,16174,0x00000000,2025-12-14T15:30:42.990Z,2025-12-14T15:30:42.990Z
42,0x0001,true,0x00000000,2025-12-14T15:30:43.089Z,2025-12-14T15:30:43.089Z
40,0x0001,true,0x00000000,2025-12-14T15:30:43.089Z,2025-12-14T15:30:43.089Z
38,0x000a,-1.60228,0x00000000,2025-12-14T15:30:43.089Z,2025-12-14T15:30:43.089Z
36,0x000a,-0.763838,0x00000000,2025-12-14T15:30:43.089Z,2025-12-14T15:30:43.089Z
35,0x000a,-1.98269,0x00000000,2025-12-14T15:30:43.089Z,2025-12-14T15:30:43.089Z
34,0x000a,-0.992567,0x00000000,2025-12-14T15:30:43.089Z,2025-12-14T15:30:43.089Z
25,0x000a,5.68974,0x00000000,2025-12-14T15:30:43.089Z,2025-12-14T15:30:43.089Z
23,0x000a,-0.763838,0x00000000,2025-12-14T15:30:43.089Z,2025-12-14T15:30:43.089Z
22,0x000a,-1.98269,0x00000000,2025-12-14T15:30:43.089Z,2025-12-14T15:30:43.089Z
21,0x000a,-0.992567,0x00000000,2025-12-14T15:30:43.089Z,2025-12-14T15:30:43.089Z
7,0x0004,15731,0x00000000,2025-12-14T15:30:43.089Z,2025-12-14T15:30:43.089Z
36,0x000a,-0.381919,0x00000000,2025-12-14T15:30:43.190Z,2025-12-14T15:30:43.190Z
35,0x000a,-1.79248,0x00000000,2025-12-14T15:30:43.190Z,2025-12-14T15:30:43.190Z
34,0x000a,-0.496284,0x00000000,2025-12-14T15:30:43.190Z,2025-12-14T15:30:43.190Z
25,0x000a,5.53964,0x00000000,2025-12-14T15:30:43.190Z,2025-12-14T15:30:43.190Z
23,0x000a,-0.381919,0x00000000,2025-12-14T15:30:43.190Z,2025-12-14T15:30:43.190Z
22,0x000a,-1.79248,0x00000000,2025-12-14T15:30:43.190Z,2025-12-14T15:30:43.190Z
21,0x000a,-0.496284,0x00000000,2025-12-14T15:30:43.190Z,2025-12-14T15:30:43.190Z
7,0x0004,15316,0x00000000,2025-12-14T15:30:43.190Z,2025-12-14T15:30:43.190Z
38,0x000a,-1.50102,0x00000000,2025-12-14T15:30:43.288Z,2025-12-14T15:30:43.288Z
25,0x000a,5.3899,0x00000000,2025-12-14T15:30:43.288Z,2025-12-14T15:30:43.288Z
7,0x0004,14902,0x00000000,2025-12-14T15:30:43.288Z,2025-12-14T15:30:43.288Z
38,0x000a,-1.49739,0x00000000,2025-12-14T15:30:43.388Z,2025-12-14T15:30:43.388Z
36,0x000a,-0.19096,0x00000000,2025-12-14T15:30:43.388Z,2025-12-14T15:30:43.388Z
35,0x000a,-1.64675,0x00000000,2025-12-14T15:30:43.388Z,2025-12-14T15:30:43.388Z
34,0x000a,-0.248142,0x00000000,2025-12-14T15:30:43.388Z,2025-12-14T15:30:43.388Z
25,0x000a,5.19965,0x00000000,2025-12-14T15:30:43.388Z,2025-12-14T15:30:43.388Z
23,0x000a,-0.19096,0x00000000,2025-12-14T15:30:43.388Z,2025-12-14T15:30:43.388Z
22,0x000a,-1.64675,0x00000000,2025-12-14T15:30:43.388Z,2025-12-14T15:30:43.388Z
21,0x000a,-0.248142,0x00000000,2025-12-14T15:30:43.388Z,2025-12-14T15:30:43.388Z
7,0x0004,14376,0x00000000,2025-12-14T15:30:43.388Z,2025-12-14T15:30:43.388Z
38,0x000a,-1.90249,0x00000000,2025-12-14T15:30:43.489Z,2025-12-14T15:30:43.489Z
36,0x000a,-0.0954798,0x00000000,2025-12-14T15:30:43.489Z,2025-12-14T15:30:43.489Z
35,0x000a,-1.57207,0x00000000,2025-12-14T15:30:43.489Z,2025-12-14T15:30:43.489Z
34,0x000a,-0.124071,0x00000000,2025-12-14T15:30:43.489Z,2025-12-14T15:30:43.489Z
25,0x000a,5.04991,0x00000000,2025-12-14T15:30:43.489Z,2025-12-14T15:30:43.489Z
23,0x000a,-0.0954798,0x00000000,2025-12-14T15:30:43.489Z,2025-12-14T15:30:43.489Z
22,0x000a,-1.57207,0x00000000,2025-12-14T15:30:43.489Z,2025-12-14T15:30:43.489Z
21,0x000a,-0.124071,0x00000000,2025-12-14T15:30:43.489Z,2025-12-14T15:30:43.489Z
7,0x0004,13962,0x00000000,2025-12-14T15:30:43.489Z,2025-12-14T15:30:43.489Z
38,0x000a,-1.4974,0x00000000,2025-12-14T15:30:43.590Z,2025-12-14T15:30:43.590Z
36,0x000a,-0.0477399,0x00000000,2025-12-14T15:30:43.590Z,2025-12-14T15:30:43.590Z
35,0x000a,-1.73728,0x00000000,2025-12-14T15:30:43.590Z,2025-12-14T15:30:43.590Z
34,0x000a,-0.0620355,0x00000000,2025-12-14T15:30:43.590Z,2025-12-14T15:30:43.590Z
25,0x000a,4.89981,0x00000000,2025-12-14T15:30:43.590Z,2025-12-14T15:30:43.590Z
23,0x000a,-0.0477399,0x00000000,2025-12-14T15:30:43.590Z,2025-12-14T15:30:43.590Z
22,0x000a,-1.73728,0x00000000,2025-12-14T15:30:43.590Z,2025-12-14T15:30:43.590Z
21,0x000a,-0.0620355,0x00000000,2025-12-14T15:30:43.590Z,2025-12-14T15:30:43.590Z
7,0x0004,13547,0x00000000,2025-12-14T15:30:43.590Z,2025-12-14T15:30:43.590Z
38,0x000a,-1.50101,0x00000000,2025-12-14T15:30:43.689Z,2025-12-14T15:30:43.689Z
36,0x000a,-0.0238699,0x00000000,2025-12-14T15:30:43.689Z,2025-12-14T15:30:43.689Z
35,0x000a,-1.61734,0x00000000,2025-12-14T15:30:43.689Z,2025-12-14T15:30:43.689Z
34,0x000a,-0.0310177,0x00000000,2025-12-14T15:30:43.689Z,2025-12-14T15:30:43.689Z
25,0x000a,4.73994,0x00000000,2025-12-14T15:30:43.689Z,2025-12-14T15:30:43.689Z
23,0x000a,-0.0238699,0x00000000,2025-12-14T15:30:43.689Z,2025-12-14T15:30:43.689Z
22,0x000a,-1.61734,0x00000000,2025-12-14T15:30:43.689Z,2025-12-14T15:30:43.689Z
21,0x000a,-0.0310177,0x00000000,2025-12-14T15:30:43.689Z,2025-12-14T15:30:43.689Z
7,0x0004,13105,0x00000000,2025-12-14T15:30:43.689Z,2025-12-14T15:30:43.689Z
38,0x000a,-1.59867,0x00000000,2025-12-14T15:30:43.788Z,2025-12-14T15:30:43.788Z
36,0x000a,-0.011935,0x00000000,2025-12-14T15:30:43.788Z,2025-12-14T15:30:43.788Z
35,0x000a,-1.55918,0x00000000,2025-12-14T15:30:43.788Z,2025-12-14T15:30:43.788Z
34,0x000a,-0.0155089,0x00000000,2025-12-14T15:30:43.788Z,2025-12-14T15:30:43.788Z
25,0x000a,4.58984,0x00000000,2025-12-14T15:30:43.788Z,2025-12-14T15:30:43.788Z
23,0x000a,-0.011935,0x00000000,2025-12-14T15:30:43.788Z,2025-12-14T15:30:43.788Z
22,0x000a,-1.55918,0x00000000,2025-12-14T15:30:43.788Z,2025-12-14T15:30:43.788Z
21,0x000a,-0.0155089,0x00000000,2025-12-14T15:30:43.788Z,2025-12-14T15:30:43.788Z
7,0x0004,12690,0x00000000,2025-12-14T15:30:43.788Z,2025-12-14T15:30:43.788Z
38,0x000a,-1.50101,0x00000000,2025-12-14T15:30:43.888Z,2025-12-14T15:30:43.888Z
36,0x000a,-0.00596749,0x00000000,2025-12-14T15:30:43.888Z,2025-12-14T15:30:43.888Z
35,0x000a,-1.57892,0x00000000,2025-12-14T15:30:43.888Z,2025-12-14T15:30:43.888Z
34,0x000a,-0.00775443,0x00000000,2025-12-14T15:30:43.888Z,2025-12-14T15:30:43.888Z
23,0x000a,-0.00596749,0x00000000,2025-12-14T15:30:43.888Z,2025-12-14T15:30:43.888Z
22,0x000a,-1.57892,0x00000000,2025-12-14T15:30:43.888Z,2025-12-14T15:30:43.888Z
21,0x000a,-0.00775443,0x00000000,2025-12-14T15:30:43.888Z,2025-12-14T15:30:43.888Z
38,0x000a,-3.39989,0x00000000,2025-12-14T15:30:44.088Z,2025-12-14T15:30:44.088Z
36,0x000a,-0.00298374,0x00000000,2025-12-14T15:30:43.990Z,2025-12-14T15:30:43.990Z
35,0x000a,-1.53997,0x00000000,2025-12-14T15:30:43.990Z,2025-12-14T15:30:43.990Z
34,0x000a,-0.00387722,0x00000000,2025-12-14T15:30:43.990Z,2025-12-14T15:30:43.990Z
25,0x000a,4.43974,0x00000000,2025-12-14T15:30:43.990Z,2025-12-14T15:30:43.990Z
25,0x000a,4.24986,0x00000000,2025-12-14T15:30:44.088Z,2025-12-14T15:30:44.088Z
23,0x000a,-0.00298374,0x00000000,2025-12-14T15:30:43.990Z,2025-12-14T15:30:43.990Z
22,0x000a,-1.53997,0x00000000,2025-12-14T15:30:43.990Z,2025-12-14T15:30:43.990Z
21,0x000a,-0.00387722,0x00000000,2025-12-14T15:30:43.990Z,2025-12-14T15:30:43.990Z
7,0x0004,12275,0x00000000,2025-12-14T15:30:43.990Z,2025-12-14T15:30:43.990Z
7,0x0004,11750,0x00000000,2025-12-14T15:30:44.088Z,2025-12-14T15:30:44.088Z
38,0x000a,-1.50101,0x00000000,2025-12-14T15:30:44.188Z,2025-12-14T15:30:44.188Z
36,0x000a,-0.00149187,0x00000000,2025-12-14T15:30:44.188Z,2025-12-14T15:30:44.188Z
35,0x000a,-2.46993,0x00000000,2025-12-14T15:30:44.188Z,2025-12-14T15:30:44.188Z
34,0x000a,-0.00193861,0x00000000,2025-12-14T15:30:44.188Z,2025-12-14T15:30:44.188Z
25,0x000a,4.09975,0x00000000,2025-12-14T15:30:44.188Z,2025-12-14T15:30:44.188Z
23,0x000a,-0.00149187,0x00000000,2025-12-14T15:30:44.188Z,2025-12-14T15:30:44.188Z
22,0x000a,-2.46993,0x00000000,2025-12-14T15:30:44.188Z,2025-12-14T15:30:44.188Z
21,0x000a,-0.00193861,0x00000000,2025-12-14T15:30:44.188Z,2025-12-14T15:30:44.188Z
16,0x0001,false,0x00000000,2025-12-14T15:30:44.188Z,2025-12-14T15:30:44.188Z
7,0x0004,11335,0x00000000,2025-12-14T15:30:44.188Z,2025-12-14T15:30:44.188Z
36,0x000a,-0.000745936,0x00000000,2025-12-14T15:30:44.289Z,2025-12-14T15:30:44.289Z
35,0x000a,-1.98547,0x00000000,2025-12-14T15:30:44.289Z,2025-12-14T15:30:44.289Z
34,0x000a,-0.000969304,0x00000000,2025-12-14T15:30:44.289Z,2025-12-14T15:30:44.289Z
25,0x000a,3.94965,0x00000000,2025-12-14T15:30:44.289Z,2025-12-14T15:30:44.289Z
23,0x000a,-0.000745936,0x00000000,2025-12-14T15:30:44.289Z,2025-12-14T15:30:44.289Z
22,0x000a,-1.98547,0x00000000,2025-12-14T15:30:44.289Z,2025-12-14T15:30:44.289Z
21,0x000a,-0.000969304,0x00000000,2025-12-14T15:30:44.289Z,2025-12-14T15:30:44.289Z
7,0x0004,10920,0x00000000,2025-12-14T15:30:44.289Z,2025-12-14T15:30:44.289Z
38,0x000a,-0.698061,0x00000000,2025-12-14T15:30:44.390Z,2025-12-14T15:30:44.390Z
36,0x000a,-0.000372968,0x00000000,2025-12-14T15:30:44.390Z,2025-12-14T15:30:44.390Z
35,0x000a,-1.74324,0x00000000,2025-12-14T15:30:44.390Z,2025-12-14T15:30:44.390Z
34,0x000a,-0.000484652,0x00000000,2025-12-14T15:30:44.390Z,2025-12-14T15:30:44.390Z
25,0x000a,3.87985,0x00000000,2025-12-14T15:30:44.390Z,2025-12-14T15:30:44.390Z
23,0x000a,-0.000372968,0x00000000,2025-12-14T15:30:44.390Z,2025-12-14T15:30:44.390Z
22,0x000a,-1.74324,0x00000000,2025-12-14T15:30:44.390Z,2025-12-14T15:30:44.390Z
21,0x000a,-0.000484652,0x00000000,2025-12-14T15:30:44.390Z,2025-12-14T15:30:44.390Z
7,0x0004,10727,0x00000000,2025-12-14T15:30:44.390Z,2025-12-14T15:30:44.390Z
38,0x000a,0,0x00000000,2025-12-14T15:30:44.490Z,2025-12-14T15:30:44.490Z
36,0x000a,-0.000186484,0x00000000,2025-12-14T15:30:44.490Z,2025-12-14T15:30:44.490Z
35,0x000a,-1.22065,0x00000000,2025-12-14T15:30:44.490Z,2025-12-14T15:30:44.490Z
34,0x000a,-0.000242326,0x00000000,2025-12-14T15:30:44.490Z,2025-12-14T15:30:44.490Z
23,0x000a,-0.000186484,0x00000000,2025-12-14T15:30:44.490Z,2025-12-14T15:30:44.490Z
22,0x000a,-1.22065,0x00000000,2025-12-14T15:30:44.490Z,2025-12-14T15:30:44.490Z
21,0x000a,-0.000242326,0x00000000,2025-12-14T15:30:44.490Z,2025-12-14T15:30:44.490Z
36,0x000a,-9.3242e-05,0x00000000,2025-12-14T15:30:44.588Z,2025-12-14T15:30:44.588Z
35,0x000a,-0.610325,0x00000000,2025-12-14T15:30:44.588Z,2025-12-14T15:30:44.588Z
34,0x000a,-0.000121163,0x00000000,2025-12-14T15:30:44.588Z,2025-12-14T15:30:44.588Z
23,0x000a,-9.3242e-05,0x00000000,2025-12-14T15:30:44.588Z,2025-12-14T15:30:44.588Z
22,0x000a,-0.610325,0x00000000,2025-12-14T15:30:44.588Z,2025-12-14T15:30:44.588Z
21,0x000a,-0.000121163,0x00000000,2025-12-14T15:30:44.588Z,2025-12-14T15:30:44.588Z
42,0x0001,false,0x00000000,2025-12-14T15:30:44.689Z,2025-12-14T15:30:44.689Z
40,0x0001,false,0x00000000,2025-12-14T15:30:44.689Z,2025-12-14T15:30:44.689Z
36,0x000a,-4.6621e-05,0x00000000,2025-12-14T15:30:44.689Z,2025-12-14T15:30:44.689Z
35,0x000a,-0.305163,0x00000000,2025-12-14T15:30:44.689Z,2025-12-14T15:30:44.689Z
34,0x000a,-6.05815e-05,0x00000000,2025-12-14T15:30:44.689Z,2025-12-14T15:30:44.689Z
23,0x000a,-4.6621e-05,0x00000000,2025-12-14T15:30:44.689Z,2025-12-14T15:30:44.689Z
22,0x000a,-0.305163,0x00000000,2025-12-14T15:30:44.689Z,2025-12-14T15:30:44.689Z
21,0x000a,-6.05815e-05,0x00000000,2025-12-14T15:30:44.689Z,2025-12-14T15:30:44.689Z
18,0x0001,true,0x00000000,2025-12-14T15:30:44.689Z,2025-12-14T15:30:44.689Z
16,0x0001,true,0x00000000,2025-12-14T15:30:44.689Z,2025-12-14T15:30:44.689Z
14,0x0001,true,0x00000000,2025-12-14T15:30:44.689Z,2025-12-14T15:30:44.689Z
4,0x000a,1,0x00000000,2025-12-14T15:30:44.689Z,2025-12-14T15:30:44.689Z
3,0x000a,1,0x00000000,2025-12-14T15:30:44.689Z,2025-12-14T15:30:44.689Z
2,0x000a,2,0x00000000,2025-12-14T15:30:44.689Z,2025-12-14T15:30:44.689Z
36,0x000a,-2.33105e-05,0x00000000,2025-12-14T15:30:44.788Z,2025-12-14T15:30:44.788Z
35,0x000a,-0.152581,0x00000000,2025-12-14T15:30:44.788Z,2025-12-14T15:30:44.788Z
34,0x000a,-3.02908e-05,0x00000000,2025-12-14T15:30:44.788Z,2025-12-14T15:30:44.788Z
23,0x000a,-2.33105e-05,0x00000000,2025-12-14T15:30:44.788Z,2025-12-14T15:30:44.788Z
22,0x000a,-0.152581,0x00000000,2025-12-14T15:30:44.788Z,2025-12-14T15:30:44.788Z
21,0x000a,-3.02908e-05,0x00000000,2025-12-14T15:30:44.788Z,2025-12-14T15:30:44.788Z
26,0x000a,3.96991,0x00000000,2025-12-14T15:30:44.888Z,2025-12-14T15:30:44.888Z
25,0x000a,3.78979,0x00000000,2025-12-14T15:30:44.888Z,2025-12-14T15:30:44.888Z
24,0x000a,4.07986,0x00000000,2025-12-14T15:30:44.888Z,2025-12-14T15:30:44.888Z
8,0x0004,10976,0x00000000,2025-12-14T15:30:44.888Z,2025-12-14T15:30:44.888Z
7,0x0004,10478,0x00000000,2025-12-14T15:30:44.888Z,2025-12-14T15:30:44.888Z
6,0x0004,11280,0x00000000,2025-12-14T15:30:44.888Z,2025-12-14T15:30:44.888Z
39,0x000a,-0.698061,0x00000000,2025-12-14T15:30:44.988Z,2025-12-14T15:30:44.988Z
38,0x000a,-0.900607,0x00000000,2025-12-14T15:30:44.988Z,2025-12-14T15:30:44.988Z
37,0x000a,-1.59867,0x00000000,2025-12-14T15:30:44.988Z,2025-12-14T15:30:44.988Z
36,0x000a,-1.16552e-05,0x00000000,2025-12-14T15:30:44.988Z,2025-12-14T15:30:44.988Z
35,0x000a,-0.0762907,0x00000000,2025-12-14T15:30:44.988Z,2025-12-14T15:30:44.988Z
34,0x000a,-1.51454e-05,0x00000000,2025-12-14T15:30:44.988Z,2025-12-14T15:30:44.988Z
26,0x000a,3.75977,0x00000000,2025-12-14T15:30:44.988Z,2025-12-14T15:30:44.988Z
25,0x000a,3.63968,0x00000000,2025-12-14T15:30:44.988Z,2025-12-14T15:30:44.988Z
24,0x000a,3.79991,0x00000000,2025-12-14T15:30:44.988Z,2025-12-14T15:30:44.988Z
23,0x000a,-1.16552e-05,0x00000000,2025-12-14T15:30:44.988Z,2025-12-14T15:30:44.988Z
22,0x000a,-0.0762907,0x00000000,2025-12-14T15:30:44.988Z,2025-12-14T15:30:44.988Z
21,0x000a,-1.51454e-05,0x00000000,2025-12-14T15:30:44.988Z,2025-12-14T15:30:44.988Z
8,0x0004,10395,0x00000000,2025-12-14T15:30:44.988Z,2025-12-14T15:30:44.988Z
7,0x0004,10063,0x00000000,2025-12-14T15:30:44.988Z,2025-12-14T15:30:44.988Z
6,0x0004,10506,0x00000000,2025-12-14T15:30:44.988Z,2025-12-14T15:30:44.988Z
39,0x000a,-2.10142,0x00000000,2025-12-14T15:30:45.089Z,2025-12-14T15:30:45.089Z
38,0x000a,-1.50101,0x00000000,2025-12-14T15:30:45.089Z,2025-12-14T15:30:45.089Z
37,0x000a,-2.79948,0x00000000,2025-12-14T15:30:45.089Z,2025-12-14T15:30:45.089Z
36,0x000a,-0.349036,0x00000000,2025-12-14T15:30:45.089Z,2025-12-14T15:30:45.089Z
35,0x000a,-0.488449,0x00000000,2025-12-14T15:30:45.089Z,2025-12-14T15:30:45.089Z
34,0x000a,-0.799342,0x00000000,2025-12-14T15:30:45.089Z,2025-12-14T15:30:45.089Z
26,0x000a,3.49971,0x00000000,2025-12-14T15:30:45.089Z,2025-12-14T15:30:45.089Z
25,0x000a,3.4498,0x00000000,2025-12-14T15:30:45.089Z,2025-12-14T15:30:45.089Z
24,0x000a,3.46969,0x00000000,2025-12-14T15:30:45.089Z,2025-12-14T15:30:45.089Z
23,0x000a,-0.349036,0x00000000,2025-12-14T15:30:45.089Z,2025-12-14T15:30:45.089Z
22,0x000a,-0.488449,0x00000000,2025-12-14T15:30:45.089Z,2025-12-14T15:30:45.089Z
21,0x000a,-0.799342,0x00000000,2025-12-14T15:30:45.089Z,2025-12-14T15:30:45.089Z
8,0x0004,9676,0x00000000,2025-12-14T15:30:45.089Z,2025-12-14T15:30:45.089Z
7,0x0004,9538,0x00000000,2025-12-14T15:30:45.089Z,2025-12-14T15:30:45.089Z
6,0x0004,9593,0x00000000,2025-12-14T15:30:45.089Z,2025-12-14T15:30:45.089Z
39,0x000a,-4.69835,0x00000000,2025-12-14T15:30:45.188Z,2025-12-14T15:30:45.188Z
38,0x000a,-3.39988,0x00000000,2025-12-14T15:30:45.188Z,2025-12-14T15:30:45.188Z
37,0x000a,-6.00044,0x00000000,2025-12-14T15:30:45.188Z,2025-12-14T15:30:45.188Z
36,0x000a,-1.22523,0x00000000,2025-12-14T15:30:45.188Z,2025-12-14T15:30:45.188Z
35,0x000a,-0.994732,0x00000000,2025-12-14T15:30:45.188Z,2025-12-14T15:30:45.188Z
34,0x000a,-1.79941,0x00000000,2025-12-14T15:30:45.188Z,2025-12-14T15:30:45.188Z
26,0x000a,3.28993,0x00000000,2025-12-14T15:30:45.188Z,2025-12-14T15:30:45.188Z
25,0x000a,3.2997,0x00000000,2025-12-14T15:30:45.188Z,2025-12-14T15:30:45.188Z
24,0x000a,3.19987,0x00000000,2025-12-14T15:30:45.188Z,2025-12-14T15:30:45.188Z
23,0x000a,-1.22523,0x00000000,2025-12-14T15:30:45.188Z,2025-12-14T15:30:45.188Z
22,0x000a,-0.994732,0x00000000,2025-12-14T15:30:45.188Z,2025-12-14T15:30:45.188Z
21,0x000a,-1.79941,0x00000000,2025-12-14T15:30:45.188Z,2025-12-14T15:30:45.188Z
8,0x0004,9096,0x00000000,2025-12-14T15:30:45.188Z,2025-12-14T15:30:45.188Z
7,0x0004,9123,0x00000000,2025-12-14T15:30:45.188Z,2025-12-14T15:30:45.188Z
6,0x0004,8847,0x00000000,2025-12-14T15:30:45.188Z,2025-12-14T15:30:45.188Z
39,0x000a,-2.10142,0x00000000,2025-12-14T15:30:45.290Z,2025-12-14T15:30:45.290Z
38,0x000a,-1.4974,0x00000000,2025-12-14T15:30:45.290Z,2025-12-14T15:30:45.290Z
37,0x000a,-2.79948,0x00000000,2025-12-14T15:30:45.290Z,2025-12-14T15:30:45.290Z
36,0x000a,-2.96179,0x00000000,2025-12-14T15:30:45.290Z,2025-12-14T15:30:45.290Z
35,0x000a,-2.19731,0x00000000,2025-12-14T15:30:45.290Z,2025-12-14T15:30:45.290Z
34,0x000a,-3.89992,0x00000000,2025-12-14T15:30:45.290Z,2025-12-14T15:30:45.290Z
26,0x000a,3.07979,0x00000000,2025-12-14T15:30:45.290Z,2025-12-14T15:30:45.290Z
25,0x000a,3.14996,0x00000000,2025-12-14T15:30:45.290Z,2025-12-14T15:30:45.290Z
24,0x000a,2.91992,0x00000000,2025-12-14T15:30:45.290Z,2025-12-14T15:30:45.290Z
23,0x000a,-2.96179,0x00000000,2025-12-14T15:30:45.290Z,2025-12-14T15:30:45.290Z
22,0x000a,-2.19731,0x00000000,2025-12-14T15:30:45.290Z,2025-12-14T15:30:45.290Z
21,0x000a,-3.89992,0x00000000,2025-12-14T15:30:45.290Z,2025-12-14T15:30:45.290Z
8,0x0004,8515,0x00000000,2025-12-14T15:30:45.290Z,2025-12-14T15:30:45.290Z
7,0x0004,8709,0x00000000,2025-12-14T15:30:45.290Z,2025-12-14T15:30:45.290Z
6,0x0004,8073,0x00000000,2025-12-14T15:30:45.290Z,2025-12-14T15:30:45.290Z
39,0x000a,-2.19907,0x00000000,2025-12-14T15:30:45.392Z,2025-12-14T15:30:45.392Z
38,0x000a,-1.60228,0x00000000,2025-12-14T15:30:45.392Z,2025-12-14T15:30:45.392Z
37,0x000a,-2.79948,0x00000000,2025-12-14T15:30:45.392Z,2025-12-14T15:30:45.392Z
36,0x000a,-2.5316,0x00000000,2025-12-14T15:30:45.392Z,2025-12-14T15:30:45.392Z
35,0x000a,-1.84735,0x00000000,2025-12-14T15:30:45.392Z,2025-12-14T15:30:45.392Z
34,0x000a,-3.3497,0x00000000,2025-12-14T15:30:45.392Z,2025-12-14T15:30:45.392Z
26,0x000a,2.85988,0x00000000,2025-12-14T15:30:45.392Z,2025-12-14T15:30:45.392Z
25,0x000a,2.98973,0x00000000,2025-12-14T15:30:45.392Z,2025-12-14T15:30:45.392Z
24,0x000a,2.63997,0x00000000,2025-12-14T15:30:45.392Z,2025-12-14T15:30:45.392Z
23,0x000a,-2.5316,0x00000000,2025-12-14T15:30:45.392Z,2025-12-14T15:30:45.392Z
22,0x000a,-1.84735,0x00000000,2025-12-14T15:30:45.392Z,2025-12-14T15:30:45.392Z
21,0x000a,-3.3497,0x00000000,2025-12-14T15:30:45.392Z,2025-12-14T15:30:45.392Z
8,0x0004,7907,0x00000000,2025-12-14T15:30:45.392Z,2025-12-14T15:30:45.392Z
7,0x0004,8266,0x00000000,2025-12-14T15:30:45.392Z,2025-12-14T15:30:45.392Z
6,0x0004,7299,0x00000000,2025-12-14T15:30:45.392Z,2025-12-14T15:30:45.392Z
39,0x000a,-2.10142,0x00000000,2025-12-14T15:30:45.490Z,2025-12-14T15:30:45.490Z
38,0x000a,-1.4974,0x00000000,2025-12-14T15:30:45.490Z,2025-12-14T15:30:45.490Z
37,0x000a,-2.70182,0x00000000,2025-12-14T15:30:45.490Z,2025-12-14T15:30:45.490Z
36,0x000a,-2.36534,0x00000000,2025-12-14T15:30:45.490Z,2025-12-14T15:30:45.490Z
36,0x000a,-2.23338,0x00000000,2025-12-14T15:30:45.590Z,2025-12-14T15:30:45.590Z
35,0x000a,-1.72482,0x00000000,2025-12-14T15:30:45.490Z,2025-12-14T15:30:45.490Z
35,0x000a,-1.61111,0x00000000,2025-12-14T15:30:45.590Z,2025-12-14T15:30:45.590Z
34,0x000a,-3.07459,0x00000000,2025-12-14T15:30:45.490Z,2025-12-14T15:30:45.490Z
34,0x000a,-2.88821,0x00000000,2025-12-14T15:30:45.590Z,2025-12-14T15:30:45.590Z
26,0x000a,2.64974,0x00000000,2025-12-14T15:30:45.490Z,2025-12-14T15:30:45.490Z
26,0x000a,2.43996,0x00000000,2025-12-14T15:30:45.590Z,2025-12-14T15:30:45.590Z
25,0x000a,2.83999,0x00000000,2025-12-14T15:30:45.490Z,2025-12-14T15:30:45.490Z
25,0x000a,2.68989,0x00000000,2025-12-14T15:30:45.590Z,2025-12-14T15:30:45.590Z
24,0x000a,2.36979,0x00000000,2025-12-14T15:30:45.490Z,2025-12-14T15:30:45.490Z
24,0x000a,2.08984,0x00000000,2025-12-14T15:30:45.590Z,2025-12-14T15:30:45.590Z
23,0x000a,-2.36534,0x00000000,2025-12-14T15:30:45.490Z,2025-12-14T15:30:45.490Z
23,0x000a,-2.23338,0x00000000,2025-12-14T15:30:45.590Z,2025-12-14T15:30:45.590Z
22,0x000a,-1.72482,0x00000000,2025-12-14T15:30:45.490Z,2025-12-14T15:30:45.490Z
22,0x000a,-1.61111,0x00000000,2025-12-14T15:30:45.590Z,2025-12-14T15:30:45.590Z
21,0x000a,-3.07459,0x00000000,2025-12-14T15:30:45.490Z,2025-12-14T15:30:45.490Z
21,0x000a,-2.88821,0x00000000,2025-12-14T15:30:45.590Z,2025-12-14T15:30:45.590Z
14,0x0001,false,0x00000000,2025-12-14T15:30:45.590Z,2025-12-14T15:30:45.590Z
8,0x0004,7326,0x00000000,2025-12-14T15:30:45.490Z,2025-12-14T15:30:45.490Z
8,0x0004,6746,0x00000000,2025-12-14T15:30:45.590Z,2025-12-14T15:30:45.590Z
7,0x0004,7852,0x00000000,2025-12-14T15:30:45.490Z,2025-12-14T15:30:45.490Z
7,0x0004,7437,0x00000000,2025-12-14T15:30:45.590Z,2025-12-14T15:30:45.590Z
6,0x0004,6552,0x00000000,2025-12-14T15:30:45.490Z,2025-12-14T15:30:45.490Z
6,0x0004,5778,0x00000000,2025-12-14T15:30:45.590Z,2025-12-14T15:30:45.590Z
39,0x000a,-2.0978,0x00000000,2025-12-14T15:30:45.688Z,2025-12-14T15:30:45.688Z
38,0x000a,-1.50101,0x00000000,2025-12-14T15:30:45.688Z,2025-12-14T15:30:45.688Z
37,0x000a,-2.79948,0x00000000,2025-12-14T15:30:45.688Z,2025-12-14T15:30:45.688Z
26,0x000a,2.1799,0x00000000,2025-12-14T15:30:45.688Z,2025-12-14T15:30:45.688Z
25,0x000a,2.5,0x00000000,2025-12-14T15:30:45.688Z,2025-12-14T15:30:45.688Z
24,0x000a,1.75998,0x00000000,2025-12-14T15:30:45.688Z,2025-12-14T15:30:45.688Z
8,0x0004,6027,0x00000000,2025-12-14T15:30:45.688Z,2025-12-14T15:30:45.688Z
7,0x0004,6912,0x00000000,2025-12-14T15:30:45.688Z,2025-12-14T15:30:45.688Z
6,0x0004,4866,0x00000000,2025-12-14T15:30:45.688Z,2025-12-14T15:30:45.688Z
39,0x000a,-2.60055,0x00000000,2025-12-14T15:30:45.789Z,2025-12-14T15:30:45.789Z
38,0x000a,-1.89887,0x00000000,2025-12-14T15:30:45.789Z,2025-12-14T15:30:45.789Z
37,0x000a,-3.29861,0x00000000,2025-12-14T15:30:45.789Z,2025-12-14T15:30:45.789Z
36,0x000a,-2.16559,0x00000000,2025-12-14T15:30:45.789Z,2025-12-14T15:30:45.789Z
35,0x000a,-1.55606,0x00000000,2025-12-14T15:30:45.789Z,2025-12-14T15:30:45.789Z
34,0x000a,-2.84384,0x00000000,2025-12-14T15:30:45.789Z,2025-12-14T15:30:45.789Z
26,0x000a,1.96976,0x00000000,2025-12-14T15:30:45.789Z,2025-12-14T15:30:45.789Z
25,0x000a,2.3499,0x00000000,2025-12-14T15:30:45.789Z,2025-12-14T15:30:45.789Z
24,0x000a,1.64967,0x00000000,2025-12-14T15:30:45.789Z,2025-12-14T15:30:45.789Z
23,0x000a,-2.16559,0x00000000,2025-12-14T15:30:45.789Z,2025-12-14T15:30:45.789Z
22,0x000a,-1.55606,0x00000000,2025-12-14T15:30:45.789Z,2025-12-14T15:30:45.789Z
21,0x000a,-2.84384,0x00000000,2025-12-14T15:30:45.789Z,2025-12-14T15:30:45.789Z
13,0x0001,true,0x00000000,2025-12-14T15:30:45.789Z,2025-12-14T15:30:45.789Z
8,0x0004,5446,0x00000000,2025-12-14T15:30:45.789Z,2025-12-14T15:30:45.789Z
7,0x0004,6497,0x00000000,2025-12-14T15:30:45.789Z,2025-12-14T15:30:45.789Z
6,0x0004,4561,0x00000000,2025-12-14T15:30:45.789Z,2025-12-14T15:30:45.789Z
39,0x000a,-2.10142,0x00000000,2025-12-14T15:30:45.888Z,2025-12-14T15:30:45.888Z
38,0x000a,-1.50101,0x00000000,2025-12-14T15:30:45.888Z,2025-12-14T15:30:45.888Z
37,0x000a,-1.10315,0x00000000,2025-12-14T15:30:45.888Z,2025-12-14T15:30:45.888Z
36,0x000a,-2.38307,0x00000000,2025-12-14T15:30:45.888Z,2025-12-14T15:30:45.888Z
35,0x000a,-1.72747,0x00000000,2025-12-14T15:30:45.888Z,2025-12-14T15:30:45.888Z
34,0x000a,-3.07123,0x00000000,2025-12-14T15:30:45.888Z,2025-12-14T15:30:45.888Z
26,0x000a,1.74986,0x00000000,2025-12-14T15:30:45.888Z,2025-12-14T15:30:45.888Z
25,0x000a,2.1998,0x00000000,2025-12-14T15:30:45.888Z,2025-12-14T15:30:45.888Z
23,0x000a,-2.38307,0x00000000,2025-12-14T15:30:45.888Z,2025-12-14T15:30:45.888Z
22,0x000a,-1.72747,0x00000000,2025-12-14T15:30:45.888Z,2025-12-14T15:30:45.888Z
21,0x000a,-3.07123,0x00000000,2025-12-14T15:30:45.888Z,2025-12-14T15:30:45.888Z
8,0x0004,4838,0x00000000,2025-12-14T15:30:45.888Z,2025-12-14T15:30:45.888Z
7,0x0004,6082,0x00000000,2025-12-14T15:30:45.888Z,2025-12-14T15:30:45.888Z
39,0x000a,-2.19907,0x00000000,2025-12-14T15:30:45.988Z,2025-12-14T15:30:45.988Z
38,0x000a,-1.50101,0x00000000,2025-12-14T15:30:45.988Z,2025-12-14T15:30:45.988Z
37,0x000a,0,0x00000000,2025-12-14T15:30:45.988Z,2025-12-14T15:30:45.988Z
36,0x000a,-2.24224,0x00000000,2025-12-14T15:30:45.988Z,2025-12-14T15:30:45.988Z
35,0x000a,-1.61424,0x00000000,2025-12-14T15:30:45.988Z,2025-12-14T15:30:45.988Z
34,0x000a,-2.08719,0x00000000,2025-12-14T15:30:45.988Z,2025-12-14T15:30:45.988Z
26,0x000a,1.53971,0x00000000,2025-12-14T15:30:45.988Z,2025-12-14T15:30:45.988Z
25,0x000a,2.03993,0x00000000,2025-12-14T15:30:45.988Z,2025-12-14T15:30:45.988Z
24,0x000a,1.75998,0x00000000,2025-12-14T15:30:45.988Z,2025-12-14T15:30:45.988Z
23,0x000a,-2.24224,0x00000000,2025-12-14T15:30:45.988Z,2025-12-14T15:30:45.988Z
22,0x000a,-1.61424,0x00000000,2025-12-14T15:30:45.988Z,2025-12-14T15:30:45.988Z
21,0x000a,-2.08719,0x00000000,2025-12-14T15:30:45.988Z,2025-12-14T15:30:45.988Z
13,0x0001,false,0x00000000,2025-12-14T15:30:45.988Z,2025-12-14T15:30:45.988Z
8,0x0004,4257,0x00000000,2025-12-14T15:30:45.988Z,2025-12-14T15:30:45.988Z
7,0x0004,5640,0x00000000,2025-12-14T15:30:45.988Z,2025-12-14T15:30:45.988Z
6,0x0004,4866,0x00000000,2025-12-14T15:30:45.988Z,2025-12-14T15:30:45.988Z
39,0x000a,-2.10142,0x00000000,2025-12-14T15:30:46.088Z,2025-12-14T15:30:46.088Z
38,0x000a,-1.59867,0x00000000,2025-12-14T15:30:46.088Z,2025-12-14T15:30:46.088Z
37,0x000a,1.10315,0x00000000,2025-12-14T15:30:46.088Z,2025-12-14T15:30:46.088Z
36,0x000a,-2.22066,0x00000000,2025-12-14T15:30:46.088Z,2025-12-14T15:30:46.088Z
35,0x000a,-1.55763,0x00000000,2025-12-14T15:30:46.088Z,2025-12-14T15:30:46.088Z
34,0x000a,-1.0436,0x00000000,2025-12-14T15:30:46.088Z,2025-12-14T15:30:46.088Z
26,0x000a,1.32993,0x00000000,2025-12-14T15:30:46.088Z,2025-12-14T15:30:46.088Z
25,0x000a,1.88983,0x00000000,2025-12-14T15:30:46.088Z,2025-12-14T15:30:46.088Z
24,0x000a,2.03993,0x00000000,2025-12-14T15:30:46.088Z,2025-12-14T15:30:46.088Z
23,0x000a,-2.22066,0x00000000,2025-12-14T15:30:46.088Z,2025-12-14T15:30:46.088Z
22,0x000a,-1.55763,0x00000000,2025-12-14T15:30:46.088Z,2025-12-14T15:30:46.088Z
21,0x000a,-1.0436,0x00000000,2025-12-14T15:30:46.088Z,2025-12-14T15:30:46.088Z
8,0x0004,3677,0x00000000,2025-12-14T15:30:46.088Z,2025-12-14T15:30:46.088Z
7,0x0004,5225,0x00000000,2025-12-14T15:30:46.088Z,2025-12-14T15:30:46.088Z
6,0x0004,5640,0x00000000,2025-12-14T15:30:46.088Z,2025-12-14T15:30:46.088Z
39,0x000a,-2.0978,0x00000000,2025-12-14T15:30:46.189Z,2025-12-14T15:30:46.189Z
38,0x000a,-1.50101,0x00000000,2025-12-14T15:30:46.189Z,2025-12-14T15:30:46.189Z
37,0x000a,2.79948,0x00000000,2025-12-14T15:30:46.189Z,2025-12-14T15:30:46.189Z
36,0x000a,-2.16104,0x00000000,2025-12-14T15:30:46.189Z,2025-12-14T15:30:46.189Z
35,0x000a,-1.57815,0x00000000,2025-12-14T15:30:46.189Z,2025-12-14T15:30:46.189Z
34,0x000a,0.0297791,0x00000000,2025-12-14T15:30:46.189Z,2025-12-14T15:30:46.189Z
26,0x000a,1.06988,0x00000000,2025-12-14T15:30:46.189Z,2025-12-14T15:30:46.189Z
25,0x000a,1.70971,0x00000000,2025-12-14T15:30:46.189Z,2025-12-14T15:30:46.189Z
24,0x000a,2.1998,0x00000000,2025-12-14T15:30:46.189Z,2025-12-14T15:30:46.189Z
23,0x000a,-2.16104,0x00000000,2025-12-14T15:30:46.189Z,2025-12-14T15:30:46.189Z
22,0x000a,-1.57815,0x00000000,2025-12-14T15:30:46.189Z,2025-12-14T15:30:46.189Z
21,0x000a,0.0297791,0x00000000,2025-12-14T15:30:46.189Z,2025-12-14T15:30:46.189Z
18,0x0001,false,0x00000000,2025-12-14T15:30:46.189Z,2025-12-14T15:30:46.189Z
8,0x0004,2958,0x00000000,2025-12-14T15:30:46.189Z,2025-12-14T15:30:46.189Z
7,0x0004,4727,0x00000000,2025-12-14T15:30:46.189Z,2025-12-14T15:30:46.189Z
6,0x0004,6082,0x00000000,2025-12-14T15:30:46.189Z,2025-12-14T15:30:46.189Z
39,0x000a,-4.70197,0x00000000,2025-12-14T15:30:46.288Z,2025-12-14T15:30:46.288Z
38,0x000a,-3.39988,0x00000000,2025-12-14T15:30:46.288Z,2025-12-14T15:30:46.288Z
37,0x000a,1.59867,0x00000000,2025-12-14T15:30:46.288Z,2025-12-14T15:30:46.288Z
36,0x000a,-2.12942,0x00000000,2025-12-14T15:30:46.288Z,2025-12-14T15:30:46.288Z
35,0x000a,-1.53958,0x00000000,2025-12-14T15:30:46.288Z,2025-12-14T15:30:46.288Z
34,0x000a,1.41463,0x00000000,2025-12-14T15:30:46.288Z,2025-12-14T15:30:46.288Z
26,0x000a,0.859737,0x00000000,2025-12-14T15:30:46.288Z,2025-12-14T15:30:46.288Z
25,0x000a,1.54984,0x00000000,2025-12-14T15:30:46.288Z,2025-12-14T15:30:46.288Z
23,0x000a,-2.12942,0x00000000,2025-12-14T15:30:46.288Z,2025-12-14T15:30:46.288Z
22,0x000a,-1.53958,0x00000000,2025-12-14T15:30:46.288Z,2025-12-14T15:30:46.288Z
21,0x000a,1.41463,0x00000000,2025-12-14T15:30:46.288Z,2025-12-14T15:30:46.288Z
8,0x0004,2377,0x00000000,2025-12-14T15:30:46.288Z,2025-12-14T15:30:46.288Z
7,0x0004,4285,0x00000000,2025-12-14T15:30:46.288Z,2025-12-14T15:30:46.288Z
36,0x000a,-3.41569,0x00000000,2025-12-14T15:30:46.390Z,2025-12-14T15:30:46.390Z
35,0x000a,-2.46973,0x00000000,2025-12-14T15:30:46.390Z,2025-12-14T15:30:46.390Z
34,0x000a,1.50665,0x00000000,2025-12-14T15:30:46.390Z,2025-12-14T15:30:46.390Z
26,0x000a,0.72989,0x00000000,2025-12-14T15:30:46.390Z,2025-12-14T15:30:46.390Z
25,0x000a,1.39974,0x00000000,2025-12-14T15:30:46.390Z,2025-12-14T15:30:46.390Z
23,0x000a,-3.41569,0x00000000,2025-12-14T15:30:46.390Z,2025-12-14T15:30:46.390Z
22,0x000a,-2.46973,0x00000000,2025-12-14T15:30:46.390Z,2025-12-14T15:30:46.390Z
21,0x000a,1.50665,0x00000000,2025-12-14T15:30:46.390Z,2025-12-14T15:30:46.390Z
8,0x0004,2018,0x00000000,2025-12-14T15:30:46.390Z,2025-12-14T15:30:46.390Z
7,0x0004,3870,0x00000000,2025-12-14T15:30:46.390Z,2025-12-14T15:30:46.390Z
40,0x0001,true,0x00000000,2025-12-14T15:30:46.490Z,2025-12-14T15:30:46.490Z
39,0x000a,-1.29847,0x00000000,2025-12-14T15:30:46.490Z,2025-12-14T15:30:46.490Z
38,0x000a,-1.50101,0x00000000,2025-12-14T15:30:46.490Z,2025-12-14T15:30:46.490Z
37,0x000a,0,0x00000000,2025-12-14T15:30:46.490Z,2025-12-14T15:30:46.490Z
25,0x000a,1.25,0x00000000,2025-12-14T15:30:46.490Z,2025-12-14T15:30:46.490Z
16,0x0001,false,0x00000000,2025-12-14T15:30:46.490Z,2025-12-14T15:30:46.490Z
7,0x0004,3456,0x00000000,2025-12-14T15:30:46.490Z,2025-12-14T15:30:46.490Z
39,0x000a,0,0x00000000,2025-12-14T15:30:46.590Z,2025-12-14T15:30:46.590Z
38,0x000a,-1.4974,0x00000000,2025-12-14T15:30:46.590Z,2025-12-14T15:30:46.590Z
36,0x000a,-2.35708,0x00000000,2025-12-14T15:30:46.590Z,2025-12-14T15:30:46.590Z
35,0x000a,-1.98537,0x00000000,2025-12-14T15:30:46.590Z,2025-12-14T15:30:46.590Z
34,0x000a,0.753324,0x00000000,2025-12-14T15:30:46.590Z,2025-12-14T15:30:46.590Z
23,0x000a,-2.35708,0x00000000,2025-12-14T15:30:46.590Z,2025-12-14T15:30:46.590Z
22,0x000a,-1.98537,0x00000000,2025-12-14T15:30:46.590Z,2025-12-14T15:30:46.590Z
21,0x000a,0.753324,0x00000000,2025-12-14T15:30:46.590Z,2025-12-14T15:30:46.590Z
42,0x0001,true,0x00000000,2025-12-14T15:30:46.690Z,2025-12-14T15:30:46.690Z
38,0x000a,-1.60229,0x00000000,2025-12-14T15:30:46.690Z,2025-12-14T15:30:46.690Z
36,0x000a,-1.17854,0x00000000,2025-12-14T15:30:46.690Z,2025-12-14T15:30:46.690Z
35,0x000a,-1.74138,0x00000000,2025-12-14T15:30:46.690Z,2025-12-14T15:30:46.690Z
34,0x000a,0.376662,0x00000000,2025-12-14T15:30:46.690Z,2025-12-14T15:30:46.690Z
25,0x000a,1.08977,0x00000000,2025-12-14T15:30:46.690Z,2025-12-14T15:30:46.690Z
23,0x000a,-1.17854,0x00000000,2025-12-14T15:30:46.690Z,2025-12-14T15:30:46.690Z
22,0x000a,-1.74138,0x00000000,2025-12-14T15:30:46.690Z,2025-12-14T15:30:46.690Z
21,0x000a,0.376662,0x00000000,2025-12-14T15:30:46.690Z,2025-12-14T15:30:46.690Z
7,0x0004,3013,0x00000000,2025-12-14T15:30:46.690Z,2025-12-14T15:30:46.690Z
38,0x000a,-0.900608,0x00000000,2025-12-14T15:30:46.790Z,2025-12-14T15:30:46.790Z
36,0x000a,-0.58927,0x00000000,2025-12-14T15:30:46.790Z,2025-12-14T15:30:46.790Z
35,0x000a,-1.67183,0x00000000,2025-12-14T15:30:46.790Z,2025-12-14T15:30:46.790Z
34,0x000a,0.188331,0x00000000,2025-12-14T15:30:46.790Z,2025-12-14T15:30:46.790Z
25,0x000a,0.999711,0x00000000,2025-12-14T15:30:46.790Z,2025-12-14T15:30:46.790Z
23,0x000a,-0.58927,0x00000000,2025-12-14T15:30:46.790Z,2025-12-14T15:30:46.790Z
22,0x000a,-1.67183,0x00000000,2025-12-14T15:30:46.790Z,2025-12-14T15:30:46.790Z
21,0x000a,0.188331,0x00000000,2025-12-14T15:30:46.790Z,2025-12-14T15:30:46.790Z
7,0x0004,2764,0x00000000,2025-12-14T15:30:46.790Z,2025-12-14T15:30:46.790Z
38,0x000a,0,0x00000000,2025-12-14T15:30:46.890Z,2025-12-14T15:30:46.890Z
36,0x000a,-0.294635,0x00000000,2025-12-14T15:30:46.890Z,2025-12-14T15:30:46.890Z
35,0x000a,-1.28622,0x00000000,2025-12-14T15:30:46.890Z,2025-12-14T15:30:46.890Z
34,0x000a,0.0941655,0x00000000,2025-12-14T15:30:46.890Z,2025-12-14T15:30:46.890Z
23,0x000a,-0.294635,0x00000000,2025-12-14T15:30:46.890Z,2025-12-14T15:30:46.890Z
22,0x000a,-1.28622,0x00000000,2025-12-14T15:30:46.890Z,2025-12-14T15:30:46.890Z
21,0x000a,0.0941655,0x00000000,2025-12-14T15:30:46.890Z,2025-12-14T15:30:46.890Z
36,0x000a,-0.147317,0x00000000,2025-12-14T15:30:46.990Z,2025-12-14T15:30:46.990Z
35,0x000a,-0.643111,0x00000000,2025-12-14T15:30:46.990Z,2025-12-14T15:30:46.990Z
34,0x000a,0.0470828,0x00000000,2025-12-14T15:30:46.990Z,2025-12-14T15:30:46.990Z
23,0x000a,-0.147317,0x00000000,2025-12-14T15:30:46.990Z,2025-12-14T15:30:46.990Z
22,0x000a,-0.643111,0x00000000,2025-12-14T15:30:46.990Z,2025-12-14T15:30:46.990Z
21,0x000a,0.0470828,0x00000000,2025-12-14T15:30:46.990Z,2025-12-14T15:30:46.990Z
42,0x0001,false,0x00000000,2025-12-14T15:30:47.090Z,2025-12-14T15:30:47.090Z
40,0x0001,false,0x00000000,2025-12-14T15:30:47.090Z,2025-12-14T15:30:47.090Z
36,0x000a,-0.0736587,0x00000000,2025-12-14T15:30:47.090Z,2025-12-14T15:30:47.090Z
35,0x000a,-0.321555,0x00000000,2025-12-14T15:30:47.090Z,2025-12-14T15:30:47.090Z
34,0x000a,0.0235414,0x00000000,2025-12-14T15:30:47.090Z,2025-12-14T15:30:47.090Z
23,0x000a,-0.0736587,0x00000000,2025-12-14T15:30:47.090Z,2025-12-14T15:30:47.090Z
22,0x000a,-0.321555,0x00000000,2025-12-14T15:30:47.090Z,2025-12-14T15:30:47.090Z
21,0x000a,0.0235414,0x00000000,2025-12-14T15:30:47.090Z,2025-12-14T15:30:47.090Z
17,0x0001,true,0x00000000,2025-12-14T15:30:47.090Z,2025-12-14T15:30:47.090Z
15,0x0001,true,0x00000000,2025-12-14T15:30:47.090Z,2025-12-14T15:30:47.090Z
13,0x0001,true,0x00000000,2025-12-14T15:30:47.090Z,2025-12-14T15:30:47.090Z
4,0x000a,6.5,0x00000000,2025-12-14T15:30:47.090Z,2025-12-14T15:30:47.090Z
3,0x000a,8.2,0x00000000,2025-12-14T15:30:47.090Z,2025-12-14T15:30:47.090Z
2,0x000a,7.5,0x00000000,2025-12-14T15:30:47.090Z,2025-12-14T15:30:47.090Z
36,0x000a,-0.0368294,0x00000000,2025-12-14T15:30:47.188Z,2025-12-14T15:30:47.188Z
35,0x000a,-0.160778,0x00000000,2025-12-14T15:30:47.188Z,2025-12-14T15:30:47.188Z
34,0x000a,0.0117707,0x00000000,2025-12-14T15:30:47.188Z,2025-12-14T15:30:47.188Z
23,0x000a,-0.0368294,0x00000000,2025-12-14T15:30:47.188Z,2025-12-14T15:30:47.188Z
22,0x000a,-0.160778,0x00000000,2025-12-14T15:30:47.188Z,2025-12-14T15:30:47.188Z
21,0x000a,0.0117707,0x00000000,2025-12-14T15:30:47.188Z,2025-12-14T15:30:47.188Z
26,0x000a,0.809823,0x00000000,2025-12-14T15:30:47.290Z,2025-12-14T15:30:47.290Z
25,0x000a,1.08977,0x00000000,2025-12-14T15:30:47.290Z,2025-12-14T15:30:47.290Z
24,0x000a,2.36979,0x00000000,2025-12-14T15:30:47.290Z,2025-12-14T15:30:47.290Z
8,0x0004,2239,0x00000000,2025-12-14T15:30:47.290Z,2025-12-14T15:30:47.290Z
7,0x0004,3013,0x00000000,2025-12-14T15:30:47.290Z,2025-12-14T15:30:47.290Z
6,0x0004,6552,0x00000000,2025-12-14T15:30:47.290Z,2025-12-14T15:30:47.290Z
39,0x000a,0.799334,0x00000000,2025-12-14T15:30:47.389Z,2025-12-14T15:30:47.389Z
39,0x000a,4.19922,0x00000000,2025-12-14T15:30:47.487Z,2025-12-14T15:30:47.487Z
38,0x000a,0.900608,0x00000000,2025-12-14T15:30:47.389Z,2025-12-14T15:30:47.389Z
38,0x000a,3.09968,0x00000000,2025-12-14T15:30:47.487Z,2025-12-14T15:30:47.487Z
37,0x000a,1.69994,0x00000000,2025-12-14T15:30:47.389Z,2025-12-14T15:30:47.389Z
37,0x000a,5.5013,0x00000000,2025-12-14T15:30:47.487Z,2025-12-14T15:30:47.487Z
36,0x000a,-0.0184147,0x00000000,2025-12-14T15:30:47.389Z,2025-12-14T15:30:47.389Z
36,0x000a,0.39046,0x00000000,2025-12-14T15:30:47.487Z,2025-12-14T15:30:47.487Z
35,0x000a,-0.0803888,0x00000000,2025-12-14T15:30:47.389Z,2025-12-14T15:30:47.389Z
35,0x000a,0.410109,0x00000000,2025-12-14T15:30:47.487Z,2025-12-14T15:30:47.487Z
34,0x000a,0.00588535,0x00000000,2025-12-14T15:30:47.389Z,2025-12-14T15:30:47.389Z
34,0x000a,0.852913,0x00000000,2025-12-14T15:30:47.487Z,2025-12-14T15:30:47.487Z
26,0x000a,1.01997,0x00000000,2025-12-14T15:30:47.389Z,2025-12-14T15:30:47.389Z
26,0x000a,1.22975,0x00000000,2025-12-14T15:30:47.487Z,2025-12-14T15:30:47.487Z
25,0x000a,1.25,0x00000000,2025-12-14T15:30:47.389Z,2025-12-14T15:30:47.389Z
25,0x000a,1.39974,0x00000000,2025-12-14T15:30:47.487Z,2025-12-14T15:30:47.487Z
24,0x000a,2.63997,0x00000000,2025-12-14T15:30:47.389Z,2025-12-14T15:30:47.389Z
24,0x000a,2.91992,0x00000000,2025-12-14T15:30:47.487Z,2025-12-14T15:30:47.487Z
23,0x000a,-0.0184147,0x00000000,2025-12-14T15:30:47.389Z,2025-12-14T15:30:47.389Z
23,0x000a,0.39046,0x00000000,2025-12-14T15:30:47.487Z,2025-12-14T15:30:47.487Z
22,0x000a,-0.0803888,0x00000000,2025-12-14T15:30:47.389Z,2025-12-14T15:30:47.389Z
22,0x000a,0.410109,0x00000000,2025-12-14T15:30:47.487Z,2025-12-14T15:30:47.487Z
21,0x000a,0.00588535,0x00000000,2025-12-14T15:30:47.389Z,2025-12-14T15:30:47.389Z
21,0x000a,0.852913,0x00000000,2025-12-14T15:30:47.487Z,2025-12-14T15:30:47.487Z
8,0x0004,2820,0x00000000,2025-12-14T15:30:47.389Z,2025-12-14T15:30:47.389Z
8,0x0004,3400,0x00000000,2025-12-14T15:30:47.487Z,2025-12-14T15:30:47.487Z
7,0x0004,3456,0x00000000,2025-12-14T15:30:47.389Z,2025-12-14T15:30:47.389Z
7,0x0004,3870,0x00000000,2025-12-14T15:30:47.487Z,2025-12-14T15:30:47.487Z
6,0x0004,7299,0x00000000,2025-12-14T15:30:47.389Z,2025-12-14T15:30:47.389Z
6,0x0004,8073,0x00000000,2025-12-14T15:30:47.487Z,2025-12-14T15:30:47.487Z
39,0x000a,2.10142,0x00000000,2025-12-14T15:30:47.588Z,2025-12-14T15:30:47.588Z
38,0x000a,1.50101,0x00000000,2025-12-14T15:30:47.588Z,2025-12-14T15:30:47.588Z
37,0x000a,2.79948,0x00000000,2025-12-14T15:30:47.588Z,2025-12-14T15:30:47.588Z
36,0x000a,2.29484,0x00000000,2025-12-14T15:30:47.588Z,2025-12-14T15:30:47.588Z
35,0x000a,1.7549,0x00000000,2025-12-14T15:30:47.588Z,2025-12-14T15:30:47.588Z
34,0x000a,3.17711,0x00000000,2025-12-14T15:30:47.588Z,2025-12-14T15:30:47.588Z
26,0x000a,1.43989,0x00000000,2025-12-14T15:30:47.588Z,2025-12-14T15:30:47.588Z
25,0x000a,1.54984,0x00000000,2025-12-14T15:30:47.588Z,2025-12-14T15:30:47.588Z
24,0x000a,3.19987,0x00000000,2025-12-14T15:30:47.588Z,2025-12-14T15:30:47.588Z
23,0x000a,2.29484,0x00000000,2025-12-14T15:30:47.588Z,2025-12-14T15:30:47.588Z
22,0x000a,1.7549,0x00000000,2025-12-14T15:30:47.588Z,2025-12-14T15:30:47.588Z
21,0x000a,3.17711,0x00000000,2025-12-14T15:30:47.588Z,2025-12-14T15:30:47.588Z
8,0x0004,3981,0x00000000,2025-12-14T15:30:47.588Z,2025-12-14T15:30:47.588Z
7,0x0004,4285,0x00000000,2025-12-14T15:30:47.588Z,2025-12-14T15:30:47.588Z
6,0x0004,8847,0x00000000,2025-12-14T15:30:47.588Z,2025-12-14T15:30:47.588Z
39,0x000a,2.60055,0x00000000,2025-12-14T15:30:47.687Z,2025-12-14T15:30:47.687Z
38,0x000a,1.89887,0x00000000,2025-12-14T15:30:47.687Z,2025-12-14T15:30:47.687Z
37,0x000a,3.29861,0x00000000,2025-12-14T15:30:47.687Z,2025-12-14T15:30:47.687Z
36,0x000a,2.19813,0x00000000,2025-12-14T15:30:47.687Z,2025-12-14T15:30:47.687Z
35,0x000a,1.62795,0x00000000,2025-12-14T15:30:47.687Z,2025-12-14T15:30:47.687Z
34,0x000a,2.98829,0x00000000,2025-12-14T15:30:47.687Z,2025-12-14T15:30:47.687Z
26,0x000a,1.69994,0x00000000,2025-12-14T15:30:47.687Z,2025-12-14T15:30:47.687Z
25,0x000a,1.73973,0x00000000,2025-12-14T15:30:47.687Z,2025-12-14T15:30:47.687Z
24,0x000a,3.52973,0x00000000,2025-12-14T15:30:47.687Z,2025-12-14T15:30:47.687Z
23,0x000a,2.19813,0x00000000,2025-12-14T15:30:47.687Z,2025-12-14T15:30:47.687Z
22,0x000a,1.62795,0x00000000,2025-12-14T15:30:47.687Z,2025-12-14T15:30:47.687Z
21,0x000a,2.98829,0x00000000,2025-12-14T15:30:47.687Z,2025-12-14T15:30:47.687Z
8,0x0004,4700,0x00000000,2025-12-14T15:30:47.687Z,2025-12-14T15:30:47.687Z
7,0x0004,4810,0x00000000,2025-12-14T15:30:47.687Z,2025-12-14T15:30:47.687Z
6,0x0004,9759,0x00000000,2025-12-14T15:30:47.687Z,2025-12-14T15:30:47.687Z
39,0x000a,2.0978,0x00000000,2025-12-14T15:30:47.790Z,2025-12-14T15:30:47.790Z
38,0x000a,1.50101,0x00000000,2025-12-14T15:30:47.790Z,2025-12-14T15:30:47.790Z
37,0x000a,2.70182,0x00000000,2025-12-14T15:30:47.790Z,2025-12-14T15:30:47.790Z
36,0x000a,2.39934,0x00000000,2025-12-14T15:30:47.790Z,2025-12-14T15:30:47.790Z
35,0x000a,1.76341,0x00000000,2025-12-14T15:30:47.790Z,2025-12-14T15:30:47.790Z
34,0x000a,3.14345,0x00000000,2025-12-14T15:30:47.790Z,2025-12-14T15:30:47.790Z
26,0x000a,1.90972,0x00000000,2025-12-14T15:30:47.790Z,2025-12-14T15:30:47.790Z
25,0x000a,1.88983,0x00000000,2025-12-14T15:30:47.790Z,2025-12-14T15:30:47.790Z
24,0x000a,3.79991,0x00000000,2025-12-14T15:30:47.790Z,2025-12-14T15:30:47.790Z
23,0x000a,2.39934,0x00000000,2025-12-14T15:30:47.790Z,2025-12-14T15:30:47.790Z
22,0x000a,1.76341,0x00000000,2025-12-14T15:30:47.790Z,2025-12-14T15:30:47.790Z
21,0x000a,3.14345,0x00000000,2025-12-14T15:30:47.790Z,2025-12-14T15:30:47.790Z
8,0x0004,5280,0x00000000,2025-12-14T15:30:47.790Z,2025-12-14T15:30:47.790Z
7,0x0004,5225,0x00000000,2025-12-14T15:30:47.790Z,2025-12-14T15:30:47.790Z
6,0x0004,10506,0x00000000,2025-12-14T15:30:47.790Z,2025-12-14T15:30:47.790Z
39,0x000a,2.20269,0x00000000,2025-12-14T15:30:47.890Z,2025-12-14T15:30:47.890Z
37,0x000a,2.79948,0x00000000,2025-12-14T15:30:47.890Z,2025-12-14T15:30:47.890Z
36,0x000a,2.24857,0x00000000,2025-12-14T15:30:47.890Z,2025-12-14T15:30:47.890Z
35,0x000a,1.63221,0x00000000,2025-12-14T15:30:47.890Z,2025-12-14T15:30:47.890Z
34,0x000a,2.92264,0x00000000,2025-12-14T15:30:47.890Z,2025-12-14T15:30:47.890Z
26,0x000a,2.12999,0x00000000,2025-12-14T15:30:47.890Z,2025-12-14T15:30:47.890Z
25,0x000a,2.03993,0x00000000,2025-12-14T15:30:47.890Z,2025-12-14T15:30:47.890Z
24,0x000a,4.07986,0x00000000,2025-12-14T15:30:47.890Z,2025-12-14T15:30:47.890Z
23,0x000a,2.24857,0x00000000,2025-12-14T15:30:47.890Z,2025-12-14T15:30:47.890Z
22,0x000a,1.63221,0x00000000,2025-12-14T15:30:47.890Z,2025-12-14T15:30:47.890Z
21,0x000a,2.92264,0x00000000,2025-12-14T15:30:47.890Z,2025-12-14T15:30:47.890Z
8,0x0004,5889,0x00000000,2025-12-14T15:30:47.890Z,2025-12-14T15:30:47.890Z
7,0x0004,5640,0x00000000,2025-12-14T15:30:47.890Z,2025-12-14T15:30:47.890Z
6,0x0004,11280,0x00000000,2025-12-14T15:30:47.890Z,2025-12-14T15:30:47.890Z
39,0x000a,2.0978,0x00000000,2025-12-14T15:30:47.990Z,2025-12-14T15:30:47.990Z
38,0x000a,1.59867,0x00000000,2025-12-14T15:30:47.990Z,2025-12-14T15:30:47.990Z
37,0x000a,2.79948,0x00000000,2025-12-14T15:30:47.990Z,2025-12-14T15:30:47.990Z
36,0x000a,2.22563,0x00000000,2025-12-14T15:30:47.990Z,2025-12-14T15:30:47.990Z
35,0x000a,1.56661,0x00000000,2025-12-14T15:30:47.990Z,2025-12-14T15:30:47.990Z
34,0x000a,2.86106,0x00000000,2025-12-14T15:30:47.990Z,2025-12-14T15:30:47.990Z
26,0x000a,2.33977,0x00000000,2025-12-14T15:30:47.990Z,2025-12-14T15:30:47.990Z
25,0x000a,2.1998,0x00000000,2025-12-14T15:30:47.990Z,2025-12-14T15:30:47.990Z
24,0x000a,4.35981,0x00000000,2025-12-14T15:30:47.990Z,2025-12-14T15:30:47.990Z
23,0x000a,2.22563,0x00000000,2025-12-14T15:30:47.990Z,2025-12-14T15:30:47.990Z
22,0x000a,1.56661,0x00000000,2025-12-14T15:30:47.990Z,2025-12-14T15:30:47.990Z
21,0x000a,2.86106,0x00000000,2025-12-14T15:30:47.990Z,2025-12-14T15:30:47.990Z
8,0x0004,6469,0x00000000,2025-12-14T15:30:47.990Z,2025-12-14T15:30:47.990Z
7,0x0004,6082,0x00000000,2025-12-14T15:30:47.990Z,2025-12-14T15:30:47.990Z
6,0x0004,12054,0x00000000,2025-12-14T15:30:47.990Z,2025-12-14T15:30:47.990Z
36,0x000a,2.16172,0x00000000,2025-12-14T15:30:48.090Z,2025-12-14T15:30:48.090Z
35,0x000a,1.58264,0x00000000,2025-12-14T15:30:48.090Z,2025-12-14T15:30:48.090Z
34,0x000a,2.83027,0x00000000,2025-12-14T15:30:48.090Z,2025-12-14T15:30:48.090Z
26,0x000a,2.54991,0x00000000,2025-12-14T15:30:48.090Z,2025-12-14T15:30:48.090Z
25,0x000a,2.3499,0x00000000,2025-12-14T15:30:48.090Z,2025-12-14T15:30:48.090Z
24,0x000a,4.62999,0x00000000,2025-12-14T15:30:48.090Z,2025-12-14T15:30:48.090Z
23,0x000a,2.16172,0x00000000,2025-12-14T15:30:48.090Z,2025-12-14T15:30:48.090Z
22,0x000a,1.58264,0x00000000,2025-12-14T15:30:48.090Z,2025-12-14T15:30:48.090Z
21,0x000a,2.83027,0x00000000,2025-12-14T15:30:48.090Z,2025-12-14T15:30:48.090Z
8,0x0004,7050,0x00000000,2025-12-14T15:30:48.090Z,2025-12-14T15:30:48.090Z
7,0x0004,6497,0x00000000,2025-12-14T15:30:48.090Z,2025-12-14T15:30:48.090Z
6,0x0004,12801,0x00000000,2025-12-14T15:30:48.090Z,2025-12-14T15:30:48.090Z
39,0x000a,2.10142,0x00000000,2025-12-14T15:30:48.188Z,2025-12-14T15:30:48.188Z
38,0x000a,1.50101,0x00000000,2025-12-14T15:30:48.188Z,2025-12-14T15:30:48.188Z
37,0x000a,2.70182,0x00000000,2025-12-14T15:30:48.188Z,2025-12-14T15:30:48.188Z
26,0x000a,2.76982,0x00000000,2025-12-14T15:30:48.188Z,2025-12-14T15:30:48.188Z
25,0x000a,2.5,0x00000000,2025-12-14T15:30:48.188Z,2025-12-14T15:30:48.188Z
24,0x000a,4.90994,0x00000000,2025-12-14T15:30:48.188Z,2025-12-14T15:30:48.188Z
8,0x0004,7658,0x00000000,2025-12-14T15:30:48.188Z,2025-12-14T15:30:48.188Z
7,0x0004,6912,0x00000000,2025-12-14T15:30:48.188Z,2025-12-14T15:30:48.188Z
6,0x0004,13575,0x00000000,2025-12-14T15:30:48.188Z,2025-12-14T15:30:48.188Z
39,0x000a,2.19907,0x00000000,2025-12-14T15:30:48.290Z,2025-12-14T15:30:48.290Z
38,0x000a,1.50101,0x00000000,2025-12-14T15:30:48.290Z,2025-12-14T15:30:48.290Z
37,0x000a,2.79948,0x00000000,2025-12-14T15:30:48.290Z,2025-12-14T15:30:48.290Z
36,0x000a,2.13157,0x00000000,2025-12-14T15:30:48.290Z,2025-12-14T15:30:48.290Z
35,0x000a,1.54183,0x00000000,2025-12-14T15:30:48.290Z,2025-12-14T15:30:48.290Z
34,0x000a,2.76604,0x00000000,2025-12-14T15:30:48.290Z,2025-12-14T15:30:48.290Z
26,0x000a,2.97996,0x00000000,2025-12-14T15:30:48.290Z,2025-12-14T15:30:48.290Z
25,0x000a,2.65987,0x00000000,2025-12-14T15:30:48.290Z,2025-12-14T15:30:48.290Z
24,0x000a,5.17976,0x00000000,2025-12-14T15:30:48.290Z,2025-12-14T15:30:48.290Z
23,0x000a,2.13157,0x00000000,2025-12-14T15:30:48.290Z,2025-12-14T15:30:48.290Z
22,0x000a,1.54183,0x00000000,2025-12-14T15:30:48.290Z,2025-12-14T15:30:48.290Z
21,0x000a,2.76604,0x00000000,2025-12-14T15:30:48.290Z,2025-12-14T15:30:48.290Z
8,0x0004,8239,0x00000000,2025-12-14T15:30:48.290Z,2025-12-14T15:30:48.290Z
7,0x0004,7354,0x00000000,2025-12-14T15:30:48.290Z,2025-12-14T15:30:48.290Z
6,0x0004,14321,0x00000000,2025-12-14T15:30:48.290Z,2025-12-14T15:30:48.290Z
39,0x000a,2.10142,0x00000000,2025-12-14T15:30:48.390Z,2025-12-14T15:30:48.390Z
38,0x000a,1.59867,0x00000000,2025-12-14T15:30:48.390Z,2025-12-14T15:30:48.390Z
37,0x000a,2.69821,0x00000000,2025-12-14T15:30:48.390Z,2025-12-14T15:30:48.390Z
36,0x000a,2.16532,0x00000000,2025-12-14T15:30:48.390Z,2025-12-14T15:30:48.390Z
35,0x000a,1.52142,0x00000000,2025-12-14T15:30:48.390Z,2025-12-14T15:30:48.390Z
34,0x000a,2.78276,0x00000000,2025-12-14T15:30:48.390Z,2025-12-14T15:30:48.390Z
26,0x000a,3.18974,0x00000000,2025-12-14T15:30:48.390Z,2025-12-14T15:30:48.390Z
25,0x000a,2.80997,0x00000000,2025-12-14T15:30:48.390Z,2025-12-14T15:30:48.390Z
24,0x000a,5.45971,0x00000000,2025-12-14T15:30:48.390Z,2025-12-14T15:30:48.390Z
23,0x000a,2.16532,0x00000000,2025-12-14T15:30:48.390Z,2025-12-14T15:30:48.390Z
22,0x000a,1.52142,0x00000000,2025-12-14T15:30:48.390Z,2025-12-14T15:30:48.390Z
21,0x000a,2.78276,0x00000000,2025-12-14T15:30:48.390Z,2025-12-14T15:30:48.390Z
8,0x0004,8819,0x00000000,2025-12-14T15:30:48.390Z,2025-12-14T15:30:48.390Z
7,0x0004,7769,0x00000000,2025-12-14T15:30:48.390Z,2025-12-14T15:30:48.390Z
6,0x0004,15095,0x00000000,2025-12-14T15:30:48.390Z,2025-12-14T15:30:48.390Z
39,0x000a,2.0978,0x00000000,2025-12-14T15:30:48.490Z,2025-12-14T15:30:48.490Z
38,0x000a,1.50101,0x00000000,2025-12-14T15:30:48.490Z,2025-12-14T15:30:48.490Z
37,0x000a,2.79948,0x00000000,2025-12-14T15:30:48.490Z,2025-12-14T15:30:48.490Z
36,0x000a,2.13337,0x00000000,2025-12-14T15:30:48.490Z,2025-12-14T15:30:48.490Z
35,0x000a,1.56004,0x00000000,2025-12-14T15:30:48.490Z,2025-12-14T15:30:48.490Z
34,0x000a,2.74049,0x00000000,2025-12-14T15:30:48.490Z,2025-12-14T15:30:48.490Z
26,0x000a,3.4498,0x00000000,2025-12-14T15:30:48.490Z,2025-12-14T15:30:48.490Z
25,0x000a,2.98973,0x00000000,2025-12-14T15:30:48.490Z,2025-12-14T15:30:48.490Z
24,0x000a,5.78993,0x00000000,2025-12-14T15:30:48.490Z,2025-12-14T15:30:48.490Z
23,0x000a,2.13337,0x00000000,2025-12-14T15:30:48.490Z,2025-12-14T15:30:48.490Z
22,0x000a,1.56004,0x00000000,2025-12-14T15:30:48.490Z,2025-12-14T15:30:48.490Z
21,0x000a,2.74049,0x00000000,2025-12-14T15:30:48.490Z,2025-12-14T15:30:48.490Z
8,0x0004,9538,0x00000000,2025-12-14T15:30:48.490Z,2025-12-14T15:30:48.490Z
7,0x0004,8266,0x00000000,2025-12-14T15:30:48.490Z,2025-12-14T15:30:48.490Z
6,0x0004,16008,0x00000000,2025-12-14T15:30:48.490Z,2025-12-14T15:30:48.490Z
39,0x000a,4.70197,0x00000000,2025-12-14T15:30:48.589Z,2025-12-14T15:30:48.589Z
38,0x000a,3.39988,0x00000000,2025-12-14T15:30:48.589Z,2025-12-14T15:30:48.589Z
37,0x000a,6.10171,0x00000000,2025-12-14T15:30:48.589Z,2025-12-14T15:30:48.589Z
36,0x000a,2.11558,0x00000000,2025-12-14T15:30:48.589Z,2025-12-14T15:30:48.589Z
35,0x000a,1.53053,0x00000000,2025-12-14T15:30:48.589Z,2025-12-14T15:30:48.589Z
34,0x000a,2.76998,0x00000000,2025-12-14T15:30:48.589Z,2025-12-14T15:30:48.589Z
26,0x000a,3.65994,0x00000000,2025-12-14T15:30:48.589Z,2025-12-14T15:30:48.589Z
25,0x000a,3.14996,0x00000000,2025-12-14T15:30:48.589Z,2025-12-14T15:30:48.589Z
24,0x000a,6.06988,0x00000000,2025-12-14T15:30:48.589Z,2025-12-14T15:30:48.589Z
23,0x000a,2.11558,0x00000000,2025-12-14T15:30:48.589Z,2025-12-14T15:30:48.589Z
22,0x000a,1.53053,0x00000000,2025-12-14T15:30:48.589Z,2025-12-14T15:30:48.589Z
21,0x000a,2.76998,0x00000000,2025-12-14T15:30:48.589Z,2025-12-14T15:30:48.589Z
8,0x0004,10119,0x00000000,2025-12-14T15:30:48.589Z,2025-12-14T15:30:48.589Z
7,0x0004,8709,0x00000000,2025-12-14T15:30:48.589Z,2025-12-14T15:30:48.589Z
6,0x0004,16782,0x00000000,2025-12-14T15:30:48.589Z,2025-12-14T15:30:48.589Z
39,0x000a,2.0978,0x00000000,2025-12-14T15:30:48.690Z,2025-12-14T15:30:48.690Z
38,0x000a,1.4974,0x00000000,2025-12-14T15:30:48.690Z,2025-12-14T15:30:48.690Z
37,0x000a,2.6982,0x00000000,2025-12-14T15:30:48.690Z,2025-12-14T15:30:48.690Z
36,0x000a,3.40878,0x00000000,2025-12-14T15:30:48.690Z,2025-12-14T15:30:48.690Z
35,0x000a,2.46521,0x00000000,2025-12-14T15:30:48.690Z,2025-12-14T15:30:48.690Z
34,0x000a,4.43584,0x00000000,2025-12-14T15:30:48.690Z,2025-12-14T15:30:48.690Z
26,0x000a,3.86972,0x00000000,2025-12-14T15:30:48.690Z,2025-12-14T15:30:48.690Z
25,0x000a,3.2997,0x00000000,2025-12-14T15:30:48.690Z,2025-12-14T15:30:48.690Z
24,0x000a,6.3397,0x00000000,2025-12-14T15:30:48.690Z,2025-12-14T15:30:48.690Z
23,0x000a,3.40878,0x00000000,2025-12-14T15:30:48.690Z,2025-12-14T15:30:48.690Z
22,0x000a,2.46521,0x00000000,2025-12-14T15:30:48.690Z,2025-12-14T15:30:48.690Z
21,0x000a,4.43584,0x00000000,2025-12-14T15:30:48.690Z,2025-12-14T15:30:48.690Z
8,0x0004,10699,0x00000000,2025-12-14T15:30:48.690Z,2025-12-14T15:30:48.690Z
7,0x0004,9123,0x00000000,2025-12-14T15:30:48.690Z,2025-12-14T15:30:48.690Z
6,0x0004,17528,0x00000000,2025-12-14T15:30:48.690Z,2025-12-14T15:30:48.690Z
39,0x000a,2.20269,0x00000000,2025-12-14T15:30:48.790Z,2025-12-14T15:30:48.790Z
38,0x000a,1.50101,0x00000000,2025-12-14T15:30:48.790Z,2025-12-14T15:30:48.790Z
37,0x000a,2.79948,0x00000000,2025-12-14T15:30:48.790Z,2025-12-14T15:30:48.790Z
36,0x000a,2.75329,0x00000000,2025-12-14T15:30:48.790Z,2025-12-14T15:30:48.790Z
35,0x000a,1.9813,0x00000000,2025-12-14T15:30:48.790Z,2025-12-14T15:30:48.790Z
34,0x000a,3.56702,0x00000000,2025-12-14T15:30:48.790Z,2025-12-14T15:30:48.790Z
26,0x000a,4.08999,0x00000000,2025-12-14T15:30:48.790Z,2025-12-14T15:30:48.790Z
25,0x000a,3.4498,0x00000000,2025-12-14T15:30:48.790Z,2025-12-14T15:30:48.790Z
24,0x000a,6.61965,0x00000000,2025-12-14T15:30:48.790Z,2025-12-14T15:30:48.790Z
23,0x000a,2.75329,0x00000000,2025-12-14T15:30:48.790Z,2025-12-14T15:30:48.790Z
22,0x000a,1.9813,0x00000000,2025-12-14T15:30:48.790Z,2025-12-14T15:30:48.790Z
21,0x000a,3.56702,0x00000000,2025-12-14T15:30:48.790Z,2025-12-14T15:30:48.790Z
8,0x0004,11308,0x00000000,2025-12-14T15:30:48.790Z,2025-12-14T15:30:48.790Z
7,0x0004,9538,0x00000000,2025-12-14T15:30:48.790Z,2025-12-14T15:30:48.790Z
6,0x0004,18302,0x00000000,2025-12-14T15:30:48.790Z,2025-12-14T15:30:48.790Z
36,0x000a,2.47799,0x00000000,2025-12-14T15:30:48.889Z,2025-12-14T15:30:48.889Z
35,0x000a,1.74116,0x00000000,2025-12-14T15:30:48.889Z,2025-12-14T15:30:48.889Z
34,0x000a,3.18325,0x00000000,2025-12-14T15:30:48.889Z,2025-12-14T15:30:48.889Z
26,0x000a,4.33992,0x00000000,2025-12-14T15:30:48.889Z,2025-12-14T15:30:48.889Z
25,0x000a,3.63968,0x00000000,2025-12-14T15:30:48.889Z,2025-12-14T15:30:48.889Z
24,0x000a,6.94987,0x00000000,2025-12-14T15:30:48.889Z,2025-12-14T15:30:48.889Z
23,0x000a,2.47799,0x00000000,2025-12-14T15:30:48.889Z,2025-12-14T15:30:48.889Z
22,0x000a,1.74116,0x00000000,2025-12-14T15:30:48.889Z,2025-12-14T15:30:48.889Z
21,0x000a,3.18325,0x00000000,2025-12-14T15:30:48.889Z,2025-12-14T15:30:48.889Z
8,0x0004,11999,0x00000000,2025-12-14T15:30:48.889Z,2025-12-14T15:30:48.889Z
7,0x0004,10063,0x00000000,2025-12-14T15:30:48.889Z,2025-12-14T15:30:48.889Z
6,0x0004,19215,0x00000000,2025-12-14T15:30:48.889Z,2025-12-14T15:30:48.889Z
39,0x000a,2.49928,0x00000000,2025-12-14T15:30:48.990Z,2025-12-14T15:30:48.990Z
38,0x000a,1.89887,0x00000000,2025-12-14T15:30:48.990Z,2025-12-14T15:30:48.990Z
37,0x000a,3.30223,0x00000000,2025-12-14T15:30:48.990Z,2025-12-14T15:30:48.990Z
26,0x000a,4.50991,0x00000000,2025-12-14T15:30:48.990Z,2025-12-14T15:30:48.990Z
25,0x000a,3.75977,0x00000000,2025-12-14T15:30:48.990Z,2025-12-14T15:30:48.990Z
24,0x000a,7.16978,0x00000000,2025-12-14T15:30:48.990Z,2025-12-14T15:30:48.990Z
8,0x0004,12469,0x00000000,2025-12-14T15:30:48.990Z,2025-12-14T15:30:48.990Z
7,0x0004,10395,0x00000000,2025-12-14T15:30:48.990Z,2025-12-14T15:30:48.990Z
6,0x0004,19823,0x00000000,2025-12-14T15:30:48.990Z,2025-12-14T15:30:48.990Z
39,0x000a,1.69994,0x00000000,2025-12-14T15:30:49.090Z,2025-12-14T15:30:49.090Z
38,0x000a,1.20081,0x00000000,2025-12-14T15:30:49.090Z,2025-12-14T15:30:49.090Z
37,0x000a,2.19907,0x00000000,2025-12-14T15:30:49.090Z,2025-12-14T15:30:49.090Z
36,0x000a,2.48863,0x00000000,2025-12-14T15:30:49.090Z,2025-12-14T15:30:49.090Z
35,0x000a,1.82001,0x00000000,2025-12-14T15:30:49.090Z,2025-12-14T15:30:49.090Z
34,0x000a,3.24274,0x00000000,2025-12-14T15:30:49.090Z,2025-12-14T15:30:49.090Z
26,0x000a,4.76997,0x00000000,2025-12-14T15:30:49.090Z,2025-12-14T15:30:49.090Z
25,0x000a,3.94965,0x00000000,2025-12-14T15:30:49.090Z,2025-12-14T15:30:49.090Z
24,0x000a,7.5,0x00000000,2025-12-14T15:30:49.090Z,2025-12-14T15:30:49.090Z
23,0x000a,2.48863,0x00000000,2025-12-14T15:30:49.090Z,2025-12-14T15:30:49.090Z
22,0x000a,1.82001,0x00000000,2025-12-14T15:30:49.090Z,2025-12-14T15:30:49.090Z
21,0x000a,3.24274,0x00000000,2025-12-14T15:30:49.090Z,2025-12-14T15:30:49.090Z
13,0x0001,false,0x00000000,2025-12-14T15:30:49.090Z,2025-12-14T15:30:49.090Z
8,0x0004,13188,0x00000000,2025-12-14T15:30:49.090Z,2025-12-14T15:30:49.090Z
7,0x0004,10920,0x00000000,2025-12-14T15:30:49.090Z,2025-12-14T15:30:49.090Z
6,0x0004,20736,0x00000000,2025-12-14T15:30:49.090Z,2025-12-14T15:30:49.090Z
39,0x000a,2.60055,0x00000000,2025-12-14T15:30:49.188Z,2025-12-14T15:30:49.188Z
38,0x000a,1.89887,0x00000000,2025-12-14T15:30:49.188Z,2025-12-14T15:30:49.188Z
37,0x000a,3.30223,0x00000000,2025-12-14T15:30:49.188Z,2025-12-14T15:30:49.188Z
36,0x000a,2.09429,0x00000000,2025-12-14T15:30:49.188Z,2025-12-14T15:30:49.188Z
35,0x000a,1.51041,0x00000000,2025-12-14T15:30:49.188Z,2025-12-14T15:30:49.188Z
34,0x000a,2.72091,0x00000000,2025-12-14T15:30:49.188Z,2025-12-14T15:30:49.188Z
26,0x000a,4.97975,0x00000000,2025-12-14T15:30:49.188Z,2025-12-14T15:30:49.188Z
25,0x000a,4.09975,0x00000000,2025-12-14T15:30:49.188Z,2025-12-14T15:30:49.188Z
24,0x000a,7.77995,0x00000000,2025-12-14T15:30:49.188Z,2025-12-14T15:30:49.188Z
23,0x000a,2.09429,0x00000000,2025-12-14T15:30:49.188Z,2025-12-14T15:30:49.188Z
22,0x000a,1.51041,0x00000000,2025-12-14T15:30:49.188Z,2025-12-14T15:30:49.188Z
21,0x000a,2.72091,0x00000000,2025-12-14T15:30:49.188Z,2025-12-14T15:30:49.188Z
8,0x0004,13768,0x00000000,2025-12-14T15:30:49.188Z,2025-12-14T15:30:49.188Z
7,0x0004,11335,0x00000000,2025-12-14T15:30:49.188Z,2025-12-14T15:30:49.188Z
6,0x0004,21510,0x00000000,2025-12-14T15:30:49.188Z,2025-12-14T15:30:49.188Z
39,0x000a,2.0978,0x00000000,2025-12-14T15:30:49.288Z,2025-12-14T15:30:49.288Z
38,0x000a,1.50101,0x00000000,2025-12-14T15:30:49.288Z,2025-12-14T15:30:49.288Z
37,0x000a,2.79948,0x00000000,2025-12-14T15:30:49.288Z,2025-12-14T15:30:49.288Z
36,0x000a,2.34742,0x00000000,2025-12-14T15:30:49.288Z,2025-12-14T15:30:49.288Z
35,0x000a,1.70464,0x00000000,2025-12-14T15:30:49.288Z,2025-12-14T15:30:49.288Z
34,0x000a,3.01157,0x00000000,2025-12-14T15:30:49.288Z,2025-12-14T15:30:49.288Z
26,0x000a,5.19965,0x00000000,2025-12-14T15:30:49.288Z,2025-12-14T15:30:49.288Z
25,0x000a,4.24986,0x00000000,2025-12-14T15:30:49.288Z,2025-12-14T15:30:49.288Z
24,0x000a,7.93981,0x00000000,2025-12-14T15:30:49.288Z,2025-12-14T15:30:49.288Z
23,0x000a,2.34742,0x00000000,2025-12-14T15:30:49.288Z,2025-12-14T15:30:49.288Z
22,0x000a,1.70464,0x00000000,2025-12-14T15:30:49.288Z,2025-12-14T15:30:49.288Z
21,0x000a,3.01157,0x00000000,2025-12-14T15:30:49.288Z,2025-12-14T15:30:49.288Z
14,0x0001,true,0x00000000,2025-12-14T15:30:49.288Z,2025-12-14T15:30:49.288Z
8,0x0004,14376,0x00000000,2025-12-14T15:30:49.288Z,2025-12-14T15:30:49.288Z
7,0x0004,11750,0x00000000,2025-12-14T15:30:49.288Z,2025-12-14T15:30:49.288Z
6,0x0004,21952,0x00000000,2025-12-14T15:30:49.288Z,2025-12-14T15:30:49.288Z
39,0x000a,2.19907,0x00000000,2025-12-14T15:30:49.390Z,2025-12-14T15:30:49.390Z
37,0x000a,1.59867,0x00000000,2025-12-14T15:30:49.390Z,2025-12-14T15:30:49.390Z
36,0x000a,2.22261,0x00000000,2025-12-14T15:30:49.390Z,2025-12-14T15:30:49.390Z
35,0x000a,1.60283,0x00000000,2025-12-14T15:30:49.390Z,2025-12-14T15:30:49.390Z
34,0x000a,2.90552,0x00000000,2025-12-14T15:30:49.390Z,2025-12-14T15:30:49.390Z
26,0x000a,5.40979,0x00000000,2025-12-14T15:30:49.390Z,2025-12-14T15:30:49.390Z
25,0x000a,4.40972,0x00000000,2025-12-14T15:30:49.390Z,2025-12-14T15:30:49.390Z
23,0x000a,2.22261,0x00000000,2025-12-14T15:30:49.390Z,2025-12-14T15:30:49.390Z
22,0x000a,1.60283,0x00000000,2025-12-14T15:30:49.390Z,2025-12-14T15:30:49.390Z
21,0x000a,2.90552,0x00000000,2025-12-14T15:30:49.390Z,2025-12-14T15:30:49.390Z
8,0x0004,14957,0x00000000,2025-12-14T15:30:49.390Z,2025-12-14T15:30:49.390Z
7,0x0004,12192,0x00000000,2025-12-14T15:30:49.390Z,2025-12-14T15:30:49.390Z
39,0x000a,2.10142,0x00000000,2025-12-14T15:30:49.490Z,2025-12-14T15:30:49.490Z
39,0x000a,2.49928,0x00000000,2025-12-14T15:30:49.590Z,2025-12-14T15:30:49.590Z
38,0x000a,1.59867,0x00000000,2025-12-14T15:30:49.490Z,2025-12-14T15:30:49.490Z
38,0x000a,1.80121,0x00000000,2025-12-14T15:30:49.590Z,2025-12-14T15:30:49.590Z
37,0x000a,0,0x00000000,2025-12-14T15:30:49.490Z,2025-12-14T15:30:49.490Z
37,0x000a,-1.59867,0x00000000,2025-12-14T15:30:49.590Z,2025-12-14T15:30:49.590Z
36,0x000a,2.21084,0x00000000,2025-12-14T15:30:49.490Z,2025-12-14T15:30:49.490Z
36,0x000a,2.15613,0x00000000,2025-12-14T15:30:49.590Z,2025-12-14T15:30:49.590Z
35,0x000a,1.55192,0x00000000,2025-12-14T15:30:49.490Z,2025-12-14T15:30:49.490Z
35,0x000a,1.5753,0x00000000,2025-12-14T15:30:49.590Z,2025-12-14T15:30:49.590Z
34,0x000a,2.2521,0x00000000,2025-12-14T15:30:49.490Z,2025-12-14T15:30:49.490Z
34,0x000a,1.12605,0x00000000,2025-12-14T15:30:49.590Z,2025-12-14T15:30:49.590Z
26,0x000a,5.65972,0x00000000,2025-12-14T15:30:49.490Z,2025-12-14T15:30:49.490Z
26,0x000a,5.87999,0x00000000,2025-12-14T15:30:49.590Z,2025-12-14T15:30:49.590Z
25,0x000a,4.58984,0x00000000,2025-12-14T15:30:49.490Z,2025-12-14T15:30:49.490Z
25,0x000a,4.73994,0x00000000,2025-12-14T15:30:49.590Z,2025-12-14T15:30:49.590Z
24,0x000a,7.77995,0x00000000,2025-12-14T15:30:49.490Z,2025-12-14T15:30:49.490Z
24,0x000a,7.5,0x00000000,2025-12-14T15:30:49.590Z,2025-12-14T15:30:49.590Z
23,0x000a,2.21084,0x00000000,2025-12-14T15:30:49.490Z,2025-12-14T15:30:49.490Z
23,0x000a,2.15613,0x00000000,2025-12-14T15:30:49.590Z,2025-12-14T15:30:49.590Z
22,0x000a,1.55192,0x00000000,2025-12-14T15:30:49.490Z,2025-12-14T15:30:49.490Z
22,0x000a,1.5753,0x00000000,2025-12-14T15:30:49.590Z,2025-12-14T15:30:49.590Z
21,0x000a,2.2521,0x00000000,2025-12-14T15:30:49.490Z,2025-12-14T15:30:49.490Z
21,0x000a,1.12605,0x00000000,2025-12-14T15:30:49.590Z,2025-12-14T15:30:49.590Z
14,0x0001,false,0x00000000,2025-12-14T15:30:49.490Z,2025-12-14T15:30:49.490Z
8,0x0004,15648,0x00000000,2025-12-14T15:30:49.490Z,2025-12-14T15:30:49.490Z
8,0x0004,16257,0x00000000,2025-12-14T15:30:49.590Z,2025-12-14T15:30:49.590Z
7,0x0004,12690,0x00000000,2025-12-14T15:30:49.490Z,2025-12-14T15:30:49.490Z
7,0x0004,13105,0x00000000,2025-12-14T15:30:49.590Z,2025-12-14T15:30:49.590Z
6,0x0004,21510,0x00000000,2025-12-14T15:30:49.490Z,2025-12-14T15:30:49.490Z
6,0x0004,20736,0x00000000,2025-12-14T15:30:49.590Z,2025-12-14T15:30:49.590Z
39,0x000a,4.30049,0x00000000,2025-12-14T15:30:49.688Z,2025-12-14T15:30:49.688Z
38,0x000a,3.09968,0x00000000,2025-12-14T15:30:49.688Z,2025-12-14T15:30:49.688Z
37,0x000a,-3.90263,0x00000000,2025-12-14T15:30:49.688Z,2025-12-14T15:30:49.688Z
36,0x000a,2.3277,0x00000000,2025-12-14T15:30:49.688Z,2025-12-14T15:30:49.688Z
35,0x000a,1.68826,0x00000000,2025-12-14T15:30:49.688Z,2025-12-14T15:30:49.688Z
34,0x000a,-0.23631,0x00000000,2025-12-14T15:30:49.688Z,2025-12-14T15:30:49.688Z
26,0x000a,6.08977,0x00000000,2025-12-14T15:30:49.688Z,2025-12-14T15:30:49.688Z
25,0x000a,4.89981,0x00000000,2025-12-14T15:30:49.688Z,2025-12-14T15:30:49.688Z
24,0x000a,7.38968,0x00000000,2025-12-14T15:30:49.688Z,2025-12-14T15:30:49.688Z
23,0x000a,2.3277,0x00000000,2025-12-14T15:30:49.688Z,2025-12-14T15:30:49.688Z
22,0x000a,1.68826,0x00000000,2025-12-14T15:30:49.688Z,2025-12-14T15:30:49.688Z
21,0x000a,-0.23631,0x00000000,2025-12-14T15:30:49.688Z,2025-12-14T15:30:49.688Z
8,0x0004,16837,0x00000000,2025-12-14T15:30:49.688Z,2025-12-14T15:30:49.688Z
7,0x0004,13547,0x00000000,2025-12-14T15:30:49.688Z,2025-12-14T15:30:49.688Z
6,0x0004,20431,0x00000000,2025-12-14T15:30:49.688Z,2025-12-14T15:30:49.688Z
39,0x000a,2.10142,0x00000000,2025-12-14T15:30:49.888Z,2025-12-14T15:30:49.888Z
38,0x000a,1.50101,0x00000000,2025-12-14T15:30:49.888Z,2025-12-14T15:30:49.888Z
37,0x000a,0,0x00000000,2025-12-14T15:30:49.888Z,2025-12-14T15:30:49.888Z
36,0x000a,3.3141,0x00000000,2025-12-14T15:30:49.888Z,2025-12-14T15:30:49.888Z
35,0x000a,2.39397,0x00000000,2025-12-14T15:30:49.888Z,2025-12-14T15:30:49.888Z
34,0x000a,-2.06947,0x00000000,2025-12-14T15:30:49.888Z,2025-12-14T15:30:49.888Z
26,0x000a,6.29991,0x00000000,2025-12-14T15:30:49.888Z,2025-12-14T15:30:49.888Z
25,0x000a,5.04991,0x00000000,2025-12-14T15:30:49.888Z,2025-12-14T15:30:49.888Z
23,0x000a,3.3141,0x00000000,2025-12-14T15:30:49.888Z,2025-12-14T15:30:49.888Z
22,0x000a,2.39397,0x00000000,2025-12-14T15:30:49.888Z,2025-12-14T15:30:49.888Z
21,0x000a,-2.06947,0x00000000,2025-12-14T15:30:49.888Z,2025-12-14T15:30:49.888Z
17,0x0001,false,0x00000000,2025-12-14T15:30:49.888Z,2025-12-14T15:30:49.888Z
8,0x0004,17418,0x00000000,2025-12-14T15:30:49.888Z,2025-12-14T15:30:49.888Z
7,0x0004,13962,0x00000000,2025-12-14T15:30:49.888Z,2025-12-14T15:30:49.888Z
40,0x0001,true,0x00000000,2025-12-14T15:30:49.990Z,2025-12-14T15:30:49.990Z
39,0x000a,2.19908,0x00000000,2025-12-14T15:30:49.990Z,2025-12-14T15:30:49.990Z
38,0x000a,1.4974,0x00000000,2025-12-14T15:30:49.990Z,2025-12-14T15:30:49.990Z
36,0x000a,2.70776,0x00000000,2025-12-14T15:30:49.990Z,2025-12-14T15:30:49.990Z
35,0x000a,1.94749,0x00000000,2025-12-14T15:30:49.990Z,2025-12-14T15:30:49.990Z
34,0x000a,-1.03474,0x00000000,2025-12-14T15:30:49.990Z,2025-12-14T15:30:49.990Z
26,0x000a,6.51982,0x00000000,2025-12-14T15:30:49.990Z,2025-12-14T15:30:49.990Z
25,0x000a,5.19965,0x00000000,2025-12-14T15:30:49.990Z,2025-12-14T15:30:49.990Z
23,0x000a,2.70776,0x00000000,2025-12-14T15:30:49.990Z,2025-12-14T15:30:49.990Z
22,0x000a,1.94749,0x00000000,2025-12-14T15:30:49.990Z,2025-12-14T15:30:49.990Z
21,0x000a,-1.03474,0x00000000,2025-12-14T15:30:49.990Z,2025-12-14T15:30:49.990Z
8,0x0004,18026,0x00000000,2025-12-14T15:30:49.990Z,2025-12-14T15:30:49.990Z
7,0x0004,14376,0x00000000,2025-12-14T15:30:49.990Z,2025-12-14T15:30:49.990Z
39,0x000a,1.20081,0x00000000,2025-12-14T15:30:50.090Z,2025-12-14T15:30:50.090Z
38,0x000a,1.60229,0x00000000,2025-12-14T15:30:50.090Z,2025-12-14T15:30:50.090Z
36,0x000a,2.45342,0x00000000,2025-12-14T15:30:50.090Z,2025-12-14T15:30:50.090Z
35,0x000a,1.72244,0x00000000,2025-12-14T15:30:50.090Z,2025-12-14T15:30:50.090Z
34,0x000a,-0.517368,0x00000000,2025-12-14T15:30:50.090Z,2025-12-14T15:30:50.090Z
26,0x000a,6.6399,0x00000000,2025-12-14T15:30:50.090Z,2025-12-14T15:30:50.090Z
25,0x000a,5.35988,0x00000000,2025-12-14T15:30:50.090Z,2025-12-14T15:30:50.090Z
23,0x000a,2.45342,0x00000000,2025-12-14T15:30:50.090Z,2025-12-14T15:30:50.090Z
22,0x000a,1.72244,0x00000000,2025-12-14T15:30:50.090Z,2025-12-14T15:30:50.090Z
21,0x000a,-0.517368,0x00000000,2025-12-14T15:30:50.090Z,2025-12-14T15:30:50.090Z
8,0x0004,18358,0x00000000,2025-12-14T15:30:50.090Z,2025-12-14T15:30:50.090Z
7,0x0004,14819,0x00000000,2025-12-14T15:30:50.090Z,2025-12-14T15:30:50.090Z
39,0x000a,0,0x00000000,2025-12-14T15:30:50.188Z,2025-12-14T15:30:50.188Z
38,0x000a,1.50101,0x00000000,2025-12-14T15:30:50.188Z,2025-12-14T15:30:50.188Z
36,0x000a,1.82711,0x00000000,2025-12-14T15:30:50.188Z,2025-12-14T15:30:50.188Z
35,0x000a,1.66237,0x00000000,2025-12-14T15:30:50.188Z,2025-12-14T15:30:50.188Z
34,0x000a,-0.258684,0x00000000,2025-12-14T15:30:50.188Z,2025-12-14T15:30:50.188Z
25,0x000a,5.50998,0x00000000,2025-12-14T15:30:50.188Z,2025-12-14T15:30:50.188Z
23,0x000a,1.82711,0x00000000,2025-12-14T15:30:50.188Z,2025-12-14T15:30:50.188Z
22,0x000a,1.66237,0x00000000,2025-12-14T15:30:50.188Z,2025-12-14T15:30:50.188Z
21,0x000a,-0.258684,0x00000000,2025-12-14T15:30:50.188Z,2025-12-14T15:30:50.188Z
7,0x0004,15234,0x00000000,2025-12-14T15:30:50.188Z,2025-12-14T15:30:50.188Z
38,0x000a,1.4974,0x00000000,2025-12-14T15:30:50.288Z,2025-12-14T15:30:50.288Z
36,0x000a,0.913557,0x00000000,2025-12-14T15:30:50.288Z,2025-12-14T15:30:50.288Z
35,0x000a,1.58169,0x00000000,2025-12-14T15:30:50.288Z,2025-12-14T15:30:50.288Z
34,0x000a,-0.129342,0x00000000,2025-12-14T15:30:50.288Z,2025-12-14T15:30:50.288Z
25,0x000a,5.65972,0x00000000,2025-12-14T15:30:50.288Z,2025-12-14T15:30:50.288Z
23,0x000a,0.913557,0x00000000,2025-12-14T15:30:50.288Z,2025-12-14T15:30:50.288Z
22,0x000a,1.58169,0x00000000,2025-12-14T15:30:50.288Z,2025-12-14T15:30:50.288Z
21,0x000a,-0.129342,0x00000000,2025-12-14T15:30:50.288Z,2025-12-14T15:30:50.288Z
7,0x0004,15648,0x00000000,2025-12-14T15:30:50.288Z,2025-12-14T15:30:50.288Z
42,0x0001,true,0x00000000,2025-12-14T15:30:50.390Z,2025-12-14T15:30:50.390Z
38,0x000a,1.60228,0x00000000,2025-12-14T15:30:50.390Z,2025-12-14T15:30:50.390Z
36,0x000a,0.456778,0x00000000,2025-12-14T15:30:50.390Z,2025-12-14T15:30:50.390Z
35,0x000a,1.53954,0x00000000,2025-12-14T15:30:50.390Z,2025-12-14T15:30:50.390Z
34,0x000a,-0.064671,0x00000000,2025-12-14T15:30:50.390Z,2025-12-14T15:30:50.390Z
25,0x000a,5.81995,0x00000000,2025-12-14T15:30:50.390Z,2025-12-14T15:30:50.390Z
23,0x000a,0.456778,0x00000000,2025-12-14T15:30:50.390Z,2025-12-14T15:30:50.390Z
22,0x000a,1.53954,0x00000000,2025-12-14T15:30:50.390Z,2025-12-14T15:30:50.390Z
21,0x000a,-0.064671,0x00000000,2025-12-14T15:30:50.390Z,2025-12-14T15:30:50.390Z
7,0x0004,16091,0x00000000,2025-12-14T15:30:50.390Z,2025-12-14T15:30:50.390Z
38,0x000a,1.4974,0x00000000,2025-12-14T15:30:50.489Z,2025-12-14T15:30:50.489Z
36,0x000a,0.228389,0x00000000,2025-12-14T15:30:50.489Z,2025-12-14T15:30:50.489Z
35,0x000a,1.57091,0x00000000,2025-12-14T15:30:50.489Z,2025-12-14T15:30:50.489Z
34,0x000a,-0.0323355,0x00000000,2025-12-14T15:30:50.489Z,2025-12-14T15:30:50.489Z
25,0x000a,5.96969,0x00000000,2025-12-14T15:30:50.489Z,2025-12-14T15:30:50.489Z
23,0x000a,0.228389,0x00000000,2025-12-14T15:30:50.489Z,2025-12-14T15:30:50.489Z
22,0x000a,1.57091,0x00000000,2025-12-14T15:30:50.489Z,2025-12-14T15:30:50.489Z
21,0x000a,-0.0323355,0x00000000,2025-12-14T15:30:50.489Z,2025-12-14T15:30:50.489Z
7,0x0004,16505,0x00000000,2025-12-14T15:30:50.489Z,2025-12-14T15:30:50.489Z
36,0x000a,0.114195,0x00000000,2025-12-14T15:30:50.590Z,2025-12-14T15:30:50.590Z
35,0x000a,1.53416,0x00000000,2025-12-14T15:30:50.590Z,2025-12-14T15:30:50.590Z
34,0x000a,-0.0161677,0x00000000,2025-12-14T15:30:50.590Z,2025-12-14T15:30:50.590Z
25,0x000a,6.14981,0x00000000,2025-12-14T15:30:50.590Z,2025-12-14T15:30:50.590Z
23,0x000a,0.114195,0x00000000,2025-12-14T15:30:50.590Z,2025-12-14T15:30:50.590Z
22,0x000a,1.53416,0x00000000,2025-12-14T15:30:50.590Z,2025-12-14T15:30:50.590Z
21,0x000a,-0.0161677,0x00000000,2025-12-14T15:30:50.590Z,2025-12-14T15:30:50.590Z
7,0x0004,17003,0x00000000,2025-12-14T15:30:50.590Z,2025-12-14T15:30:50.590Z
38,0x000a,1.80121,0x00000000,2025-12-14T15:30:50.688Z,2025-12-14T15:30:50.688Z
25,0x000a,6.30968,0x00000000,2025-12-14T15:30:50.688Z,2025-12-14T15:30:50.688Z
7,0x0004,17445,0x00000000,2025-12-14T15:30:50.688Z,2025-12-14T15:30:50.688Z
38,0x000a,1.59867,0x00000000,2025-12-14T15:30:50.791Z,2025-12-14T15:30:50.791Z
36,0x000a,0.0570973,0x00000000,2025-12-14T15:30:50.791Z,2025-12-14T15:30:50.791Z
35,0x000a,1.66768,0x00000000,2025-12-14T15:30:50.791Z,2025-12-14T15:30:50.791Z
34,0x000a,-0.00808387,0x00000000,2025-12-14T15:30:50.791Z,2025-12-14T15:30:50.791Z
25,0x000a,6.45978,0x00000000,2025-12-14T15:30:50.791Z,2025-12-14T15:30:50.791Z
23,0x000a,0.0570973,0x00000000,2025-12-14T15:30:50.791Z,2025-12-14T15:30:50.791Z
22,0x000a,1.66768,0x00000000,2025-12-14T15:30:50.791Z,2025-12-14T15:30:50.791Z
21,0x000a,-0.00808387,0x00000000,2025-12-14T15:30:50.791Z,2025-12-14T15:30:50.791Z
7,0x0004,17860,0x00000000,2025-12-14T15:30:50.791Z,2025-12-14T15:30:50.791Z
38,0x000a,3.00203,0x00000000,2025-12-14T15:30:50.889Z,2025-12-14T15:30:50.889Z
36,0x000a,0.0285486,0x00000000,2025-12-14T15:30:50.889Z,2025-12-14T15:30:50.889Z
35,0x000a,1.63318,0x00000000,2025-12-14T15:30:50.889Z,2025-12-14T15:30:50.889Z
34,0x000a,-0.00404193,0x00000000,2025-12-14T15:30:50.889Z,2025-12-14T15:30:50.889Z
25,0x000a,6.60988,0x00000000,2025-12-14T15:30:50.889Z,2025-12-14T15:30:50.889Z
23,0x000a,0.0285486,0x00000000,2025-12-14T15:30:50.889Z,2025-12-14T15:30:50.889Z
22,0x000a,1.63318,0x00000000,2025-12-14T15:30:50.889Z,2025-12-14T15:30:50.889Z
21,0x000a,-0.00404193,0x00000000,2025-12-14T15:30:50.889Z,2025-12-14T15:30:50.889Z
7,0x0004,18275,0x00000000,2025-12-14T15:30:50.889Z,2025-12-14T15:30:50.889Z
38,0x000a,1.59867,0x00000000,2025-12-14T15:30:50.990Z,2025-12-14T15:30:50.990Z
36,0x000a,0.0142743,0x00000000,2025-12-14T15:30:50.990Z,2025-12-14T15:30:50.990Z
35,0x000a,2.3176,0x00000000,2025-12-14T15:30:50.990Z,2025-12-14T15:30:50.990Z
34,0x000a,-0.00202097,0x00000000,2025-12-14T15:30:50.990Z,2025-12-14T15:30:50.990Z
25,0x000a,6.76975,0x00000000,2025-12-14T15:30:50.990Z,2025-12-14T15:30:50.990Z
23,0x000a,0.0142743,0x00000000,2025-12-14T15:30:50.990Z,2025-12-14T15:30:50.990Z
22,0x000a,2.3176,0x00000000,2025-12-14T15:30:50.990Z,2025-12-14T15:30:50.990Z
21,0x000a,-0.00202097,0x00000000,2025-12-14T15:30:50.990Z,2025-12-14T15:30:50.990Z
7,0x0004,18717,0x00000000,2025-12-14T15:30:50.990Z,2025-12-14T15:30:50.990Z
38,0x000a,1.80121,0x00000000,2025-12-14T15:30:51.090Z,2025-12-14T15:30:51.090Z
36,0x000a,0.00713716,0x00000000,2025-12-14T15:30:51.090Z,2025-12-14T15:30:51.090Z
35,0x000a,1.95814,0x00000000,2025-12-14T15:30:51.090Z,2025-12-14T15:30:51.090Z
34,0x000a,-0.00101048,0x00000000,2025-12-14T15:30:51.090Z,2025-12-14T15:30:51.090Z
25,0x000a,6.94987,0x00000000,2025-12-14T15:30:51.090Z,2025-12-14T15:30:51.090Z
23,0x000a,0.00713716,0x00000000,2025-12-14T15:30:51.090Z,2025-12-14T15:30:51.090Z
22,0x000a,1.95814,0x00000000,2025-12-14T15:30:51.090Z,2025-12-14T15:30:51.090Z
21,0x000a,-0.00101048,0x00000000,2025-12-14T15:30:51.090Z,2025-12-14T15:30:51.090Z
7,0x0004,19215,0x00000000,2025-12-14T15:30:51.090Z,2025-12-14T15:30:51.090Z
38,0x000a,1.20081,0x00000000,2025-12-14T15:30:51.190Z,2025-12-14T15:30:51.190Z
36,0x000a,0.00356858,0x00000000,2025-12-14T15:30:51.190Z,2025-12-14T15:30:51.190Z
35,0x000a,1.87967,0x00000000,2025-12-14T15:30:51.190Z,2025-12-14T15:30:51.190Z
34,0x000a,-0.000505242,0x00000000,2025-12-14T15:30:51.190Z,2025-12-14T15:30:51.190Z
25,0x000a,7.06995,0x00000000,2025-12-14T15:30:51.190Z,2025-12-14T15:30:51.190Z
23,0x000a,0.00356858,0x00000000,2025-12-14T15:30:51.190Z,2025-12-14T15:30:51.190Z
22,0x000a,1.87967,0x00000000,2025-12-14T15:30:51.190Z,2025-12-14T15:30:51.190Z
21,0x000a,-0.000505242,0x00000000,2025-12-14T15:30:51.190Z,2025-12-14T15:30:51.190Z
7,0x0004,19547,0x00000000,2025-12-14T15:30:51.190Z,2025-12-14T15:30:51.190Z
38,0x000a,1.89887,0x00000000,2025-12-14T15:30:51.289Z,2025-12-14T15:30:51.289Z
36,0x000a,0.00178429,0x00000000,2025-12-14T15:30:51.289Z,2025-12-14T15:30:51.289Z
36,0x000a,0.000892145,0x00000000,2025-12-14T15:30:51.389Z,2025-12-14T15:30:51.389Z
35,0x000a,1.54024,0x00000000,2025-12-14T15:30:51.289Z,2025-12-14T15:30:51.289Z
35,0x000a,1.71956,0x00000000,2025-12-14T15:30:51.389Z,2025-12-14T15:30:51.389Z
34,0x000a,-0.000252621,0x00000000,2025-12-14T15:30:51.289Z,2025-12-14T15:30:51.289Z
34,0x000a,-0.00012631,0x00000000,2025-12-14T15:30:51.389Z,2025-12-14T15:30:51.389Z
25,0x000a,7.25984,0x00000000,2025-12-14T15:30:51.289Z,2025-12-14T15:30:51.289Z
25,0x000a,7.40994,0x00000000,2025-12-14T15:30:51.389Z,2025-12-14T15:30:51.389Z
23,0x000a,0.00178429,0x00000000,2025-12-14T15:30:51.289Z,2025-12-14T15:30:51.289Z
23,0x000a,0.000892145,0x00000000,2025-12-14T15:30:51.389Z,2025-12-14T15:30:51.389Z
22,0x000a,1.54024,0x00000000,2025-12-14T15:30:51.289Z,2025-12-14T15:30:51.289Z
22,0x000a,1.71956,0x00000000,2025-12-14T15:30:51.389Z,2025-12-14T15:30:51.389Z
21,0x000a,-0.000252621,0x00000000,2025-12-14T15:30:51.289Z,2025-12-14T15:30:51.289Z
21,0x000a,-0.00012631,0x00000000,2025-12-14T15:30:51.389Z,2025-12-14T15:30:51.389Z
7,0x0004,20072,0x00000000,2025-12-14T15:30:51.289Z,2025-12-14T15:30:51.289Z
7,0x0004,20487,0x00000000,2025-12-14T15:30:51.389Z,2025-12-14T15:30:51.389Z
38,0x000a,1.50102,0x00000000,2025-12-14T15:30:51.490Z,2025-12-14T15:30:51.490Z
25,0x000a,7.55968,0x00000000,2025-12-14T15:30:51.490Z,2025-12-14T15:30:51.490Z
7,0x0004,20901,0x00000000,2025-12-14T15:30:51.490Z,2025-12-14T15:30:51.490Z
38,0x000a,1.49739,0x00000000,2025-12-14T15:30:51.588Z,2025-12-14T15:30:51.588Z
36,0x000a,0.000446073,0x00000000,2025-12-14T15:30:51.588Z,2025-12-14T15:30:51.588Z
35,0x000a,1.61029,0x00000000,2025-12-14T15:30:51.588Z,2025-12-14T15:30:51.588Z
34,0x000a,-6.31552e-05,0x00000000,2025-12-14T15:30:51.588Z,2025-12-14T15:30:51.588Z
25,0x000a,7.71991,0x00000000,2025-12-14T15:30:51.588Z,2025-12-14T15:30:51.588Z
23,0x000a,0.000446073,0x00000000,2025-12-14T15:30:51.588Z,2025-12-14T15:30:51.588Z
22,0x000a,1.61029,0x00000000,2025-12-14T15:30:51.588Z,2025-12-14T15:30:51.588Z
21,0x000a,-6.31552e-05,0x00000000,2025-12-14T15:30:51.588Z,2025-12-14T15:30:51.588Z
7,0x0004,21344,0x00000000,2025-12-14T15:30:51.588Z,2025-12-14T15:30:51.588Z
38,0x000a,1.60229,0x00000000,2025-12-14T15:30:51.692Z,2025-12-14T15:30:51.692Z
36,0x000a,0.000223036,0x00000000,2025-12-14T15:30:51.692Z,2025-12-14T15:30:51.692Z
35,0x000a,1.55384,0x00000000,2025-12-14T15:30:51.692Z,2025-12-14T15:30:51.692Z
34,0x000a,-3.15776e-05,0x00000000,2025-12-14T15:30:51.692Z,2025-12-14T15:30:51.692Z
25,0x000a,7.89967,0x00000000,2025-12-14T15:30:51.692Z,2025-12-14T15:30:51.692Z
23,0x000a,0.000223036,0x00000000,2025-12-14T15:30:51.692Z,2025-12-14T15:30:51.692Z
22,0x000a,1.55384,0x00000000,2025-12-14T15:30:51.692Z,2025-12-14T15:30:51.692Z
21,0x000a,-3.15776e-05,0x00000000,2025-12-14T15:30:51.692Z,2025-12-14T15:30:51.692Z
7,0x0004,21841,0x00000000,2025-12-14T15:30:51.692Z,2025-12-14T15:30:51.692Z
38,0x000a,1.7976,0x00000000,2025-12-14T15:30:51.788Z,2025-12-14T15:30:51.788Z
36,0x000a,0.000111518,0x00000000,2025-12-14T15:30:51.788Z,2025-12-14T15:30:51.788Z
35,0x000a,1.57806,0x00000000,2025-12-14T15:30:51.788Z,2025-12-14T15:30:51.788Z
34,0x000a,-1.57888e-05,0x00000000,2025-12-14T15:30:51.788Z,2025-12-14T15:30:51.788Z
25,0x000a,8.0599,0x00000000,2025-12-14T15:30:51.788Z,2025-12-14T15:30:51.788Z
23,0x000a,0.000111518,0x00000000,2025-12-14T15:30:51.788Z,2025-12-14T15:30:51.788Z
22,0x000a,1.57806,0x00000000,2025-12-14T15:30:51.788Z,2025-12-14T15:30:51.788Z
21,0x000a,-1.57888e-05,0x00000000,2025-12-14T15:30:51.788Z,2025-12-14T15:30:51.788Z
15,0x0001,false,0x00000000,2025-12-14T15:30:51.788Z,2025-12-14T15:30:51.788Z
7,0x0004,22284,0x00000000,2025-12-14T15:30:51.788Z,2025-12-14T15:30:51.788Z
38,0x000a,1.60228,0x00000000,2025-12-14T15:30:51.889Z,2025-12-14T15:30:51.889Z
36,0x000a,5.57591e-05,0x00000000,2025-12-14T15:30:51.889Z,2025-12-14T15:30:51.889Z
35,0x000a,1.68783,0x00000000,2025-12-14T15:30:51.889Z,2025-12-14T15:30:51.889Z
34,0x000a,-7.8944e-06,0x00000000,2025-12-14T15:30:51.889Z,2025-12-14T15:30:51.889Z
25,0x000a,8.21,0x00000000,2025-12-14T15:30:51.889Z,2025-12-14T15:30:51.889Z
23,0x000a,5.57591e-05,0x00000000,2025-12-14T15:30:51.889Z,2025-12-14T15:30:51.889Z
22,0x000a,1.68783,0x00000000,2025-12-14T15:30:51.889Z,2025-12-14T15:30:51.889Z
21,0x000a,-7.8944e-06,0x00000000,2025-12-14T15:30:51.889Z,2025-12-14T15:30:51.889Z
7,0x0004,22699,0x00000000,2025-12-14T15:30:51.889Z,2025-12-14T15:30:51.889Z
38,0x000a,2.398,0x00000000,2025-12-14T15:30:51.990Z,2025-12-14T15:30:51.990Z
36,0x000a,2.78795e-05,0x00000000,2025-12-14T15:30:51.990Z,2025-12-14T15:30:51.990Z
35,0x000a,1.64506,0x00000000,2025-12-14T15:30:51.990Z,2025-12-14T15:30:51.990Z
34,0x000a,-3.9472e-06,0x00000000,2025-12-14T15:30:51.990Z,2025-12-14T15:30:51.990Z
25,0x000a,8.2997,0x00000000,2025-12-14T15:30:51.990Z,2025-12-14T15:30:51.990Z
23,0x000a,2.78795e-05,0x00000000,2025-12-14T15:30:51.990Z,2025-12-14T15:30:51.990Z
22,0x000a,1.64506,0x00000000,2025-12-14T15:30:51.990Z,2025-12-14T15:30:51.990Z
21,0x000a,-3.9472e-06,0x00000000,2025-12-14T15:30:51.990Z,2025-12-14T15:30:51.990Z
7,0x0004,22947,0x00000000,2025-12-14T15:30:51.990Z,2025-12-14T15:30:51.990Z
38,0x000a,0,0x00000000,2025-12-14T15:30:52.089Z,2025-12-14T15:30:52.089Z
36,0x000a,1.39398e-05,0x00000000,2025-12-14T15:30:52.089Z,2025-12-14T15:30:52.089Z
35,0x000a,2.02153,0x00000000,2025-12-14T15:30:52.089Z,2025-12-14T15:30:52.089Z
34,0x000a,-1.9736e-06,0x00000000,2025-12-14T15:30:52.089Z,2025-12-14T15:30:52.089Z
23,0x000a,1.39398e-05,0x00000000,2025-12-14T15:30:52.089Z,2025-12-14T15:30:52.089Z
22,0x000a,2.02153,0x00000000,2025-12-14T15:30:52.089Z,2025-12-14T15:30:52.089Z
21,0x000a,-1.9736e-06,0x00000000,2025-12-14T15:30:52.089Z,2025-12-14T15:30:52.089Z
36,0x000a,6.96988e-06,0x00000000,2025-12-14T15:30:52.187Z,2025-12-14T15:30:52.187Z
35,0x000a,1.01077,0x00000000,2025-12-14T15:30:52.187Z,2025-12-14T15:30:52.187Z
34,0x000a,-9.868e-07,0x00000000,2025-12-14T15:30:52.187Z,2025-12-14T15:30:52.187Z
23,0x000a,6.96988e-06,0x00000000,2025-12-14T15:30:52.187Z,2025-12-14T15:30:52.187Z
22,0x000a,1.01077,0x00000000,2025-12-14T15:30:52.187Z,2025-12-14T15:30:52.187Z
21,0x000a,-9.868e-07,0x00000000,2025-12-14T15:30:52.187Z,2025-12-14T15:30:52.187Z
42,0x0001,false,0x00000000,2025-12-14T15:30:52.291Z,2025-12-14T15:30:52.291Z
40,0x0001,false,0x00000000,2025-12-14T15:30:52.291Z,2025-12-14T15:30:52.291Z
18,0x0001,true,0x00000000,2025-12-14T15:30:52.291Z,2025-12-14T15:30:52.291Z
16,0x0001,true,0x00000000,2025-12-14T15:30:52.291Z,2025-12-14T15:30:52.291Z
14,0x0001,true,0x00000000,2025-12-14T15:30:52.291Z,2025-12-14T15:30:52.291Z
4,0x000a,4.2,0x00000000,2025-12-14T15:30:52.291Z,2025-12-14T15:30:52.291Z
3,0x000a,3.8,0x00000000,2025-12-14T15:30:52.291Z,2025-12-14T15:30:52.291Z
2,0x000a,4.5,0x00000000,2025-12-14T15:30:52.291Z,2025-12-14T15:30:52.291Z
36,0x000a,3.48494e-06,0x00000000,2025-12-14T15:30:52.390Z,2025-12-14T15:30:52.390Z
35,0x000a,0.505383,0x00000000,2025-12-14T15:30:52.390Z,2025-12-14T15:30:52.390Z
34,0x000a,-4.934e-07,0x00000000,2025-12-14T15:30:52.390Z,2025-12-14T15:30:52.390Z
23,0x000a,3.48494e-06,0x00000000,2025-12-14T15:30:52.390Z,2025-12-14T15:30:52.390Z
22,0x000a,0.505383,0x00000000,2025-12-14T15:30:52.390Z,2025-12-14T15:30:52.390Z
21,0x000a,-4.934e-07,0x00000000,2025-12-14T15:30:52.390Z,2025-12-14T15:30:52.390Z
36,0x000a,1.74247e-06,0x00000000,2025-12-14T15:30:52.488Z,2025-12-14T15:30:52.488Z
35,0x000a,0.252691,0x00000000,2025-12-14T15:30:52.488Z,2025-12-14T15:30:52.488Z
34,0x000a,-2.467e-07,0x00000000,2025-12-14T15:30:52.488Z,2025-12-14T15:30:52.488Z
26,0x000a,6.56973,0x00000000,2025-12-14T15:30:52.488Z,2025-12-14T15:30:52.488Z
25,0x000a,8.21,0x00000000,2025-12-14T15:30:52.488Z,2025-12-14T15:30:52.488Z
24,0x000a,7.21969,0x00000000,2025-12-14T15:30:52.488Z,2025-12-14T15:30:52.488Z
23,0x000a,1.74247e-06,0x00000000,2025-12-14T15:30:52.488Z,2025-12-14T15:30:52.488Z
22,0x000a,0.252691,0x00000000,2025-12-14T15:30:52.488Z,2025-12-14T15:30:52.488Z
21,0x000a,-2.467e-07,0x00000000,2025-12-14T15:30:52.488Z,2025-12-14T15:30:52.488Z
8,0x0004,18164,0x00000000,2025-12-14T15:30:52.488Z,2025-12-14T15:30:52.488Z
7,0x0004,22699,0x00000000,2025-12-14T15:30:52.488Z,2025-12-14T15:30:52.488Z
6,0x0004,19961,0x00000000,2025-12-14T15:30:52.488Z,2025-12-14T15:30:52.488Z
39,0x000a,-0.70168,0x00000000,2025-12-14T15:30:52.590Z,2025-12-14T15:30:52.590Z
38,0x000a,-0.896988,0x00000000,2025-12-14T15:30:52.590Z,2025-12-14T15:30:52.590Z
37,0x000a,-1.69994,0x00000000,2025-12-14T15:30:52.590Z,2025-12-14T15:30:52.590Z
36,0x000a,8.71236e-07,0x00000000,2025-12-14T15:30:52.590Z,2025-12-14T15:30:52.590Z
35,0x000a,0.126346,0x00000000,2025-12-14T15:30:52.590Z,2025-12-14T15:30:52.590Z
34,0x000a,-1.2335e-07,0x00000000,2025-12-14T15:30:52.590Z,2025-12-14T15:30:52.590Z
26,0x000a,6.35995,0x00000000,2025-12-14T15:30:52.590Z,2025-12-14T15:30:52.590Z
25,0x000a,8.0599,0x00000000,2025-12-14T15:30:52.590Z,2025-12-14T15:30:52.590Z
24,0x000a,6.94987,0x00000000,2025-12-14T15:30:52.590Z,2025-12-14T15:30:52.590Z
23,0x000a,8.71236e-07,0x00000000,2025-12-14T15:30:52.590Z,2025-12-14T15:30:52.590Z
22,0x000a,0.126346,0x00000000,2025-12-14T15:30:52.590Z,2025-12-14T15:30:52.590Z
21,0x000a,-1.2335e-07,0x00000000,2025-12-14T15:30:52.590Z,2025-12-14T15:30:52.590Z
8,0x0004,17584,0x00000000,2025-12-14T15:30:52.590Z,2025-12-14T15:30:52.590Z
7,0x0004,22284,0x00000000,2025-12-14T15:30:52.590Z,2025-12-14T15:30:52.590Z
6,0x0004,19215,0x00000000,2025-12-14T15:30:52.590Z,2025-12-14T15:30:52.590Z
39,0x000a,-2.0978,0x00000000,2025-12-14T15:30:52.690Z,2025-12-14T15:30:52.690Z
38,0x000a,-1.50102,0x00000000,2025-12-14T15:30:52.690Z,2025-12-14T15:30:52.690Z
37,0x000a,-2.69821,0x00000000,2025-12-14T15:30:52.690Z,2025-12-14T15:30:52.690Z
36,0x000a,-0.35084,0x00000000,2025-12-14T15:30:52.690Z,2025-12-14T15:30:52.690Z
35,0x000a,-0.385321,0x00000000,2025-12-14T15:30:52.690Z,2025-12-14T15:30:52.690Z
34,0x000a,-0.849972,0x00000000,2025-12-14T15:30:52.690Z,2025-12-14T15:30:52.690Z
26,0x000a,6.13968,0x00000000,2025-12-14T15:30:52.690Z,2025-12-14T15:30:52.690Z
25,0x000a,7.89967,0x00000000,2025-12-14T15:30:52.690Z,2025-12-14T15:30:52.690Z
24,0x000a,6.66992,0x00000000,2025-12-14T15:30:52.690Z,2025-12-14T15:30:52.690Z
23,0x000a,-0.35084,0x00000000,2025-12-14T15:30:52.690Z,2025-12-14T15:30:52.690Z
22,0x000a,-0.385321,0x00000000,2025-12-14T15:30:52.690Z,2025-12-14T15:30:52.690Z
21,0x000a,-0.849972,0x00000000,2025-12-14T15:30:52.690Z,2025-12-14T15:30:52.690Z
8,0x0004,16975,0x00000000,2025-12-14T15:30:52.690Z,2025-12-14T15:30:52.690Z
7,0x0004,21841,0x00000000,2025-12-14T15:30:52.690Z,2025-12-14T15:30:52.690Z
6,0x0004,18441,0x00000000,2025-12-14T15:30:52.690Z,2025-12-14T15:30:52.690Z
39,0x000a,-2.20269,0x00000000,2025-12-14T15:30:52.790Z,2025-12-14T15:30:52.790Z
38,0x000a,-1.60228,0x00000000,2025-12-14T15:30:52.790Z,2025-12-14T15:30:52.790Z
37,0x000a,-2.79948,0x00000000,2025-12-14T15:30:52.790Z,2025-12-14T15:30:52.790Z
36,0x000a,-1.22432,0x00000000,2025-12-14T15:30:52.790Z,2025-12-14T15:30:52.790Z
35,0x000a,-0.943169,0x00000000,2025-12-14T15:30:52.790Z,2025-12-14T15:30:52.790Z
34,0x000a,-1.77409,0x00000000,2025-12-14T15:30:52.790Z,2025-12-14T15:30:52.790Z
26,0x000a,5.9299,0x00000000,2025-12-14T15:30:52.790Z,2025-12-14T15:30:52.790Z
25,0x000a,7.74993,0x00000000,2025-12-14T15:30:52.790Z,2025-12-14T15:30:52.790Z
24,0x000a,6.39974,0x00000000,2025-12-14T15:30:52.790Z,2025-12-14T15:30:52.790Z
23,0x000a,-1.22432,0x00000000,2025-12-14T15:30:52.790Z,2025-12-14T15:30:52.790Z
22,0x000a,-0.943169,0x00000000,2025-12-14T15:30:52.790Z,2025-12-14T15:30:52.790Z
21,0x000a,-1.77409,0x00000000,2025-12-14T15:30:52.790Z,2025-12-14T15:30:52.790Z
8,0x0004,16395,0x00000000,2025-12-14T15:30:52.790Z,2025-12-14T15:30:52.790Z
7,0x0004,21427,0x00000000,2025-12-14T15:30:52.790Z,2025-12-14T15:30:52.790Z
6,0x0004,17694,0x00000000,2025-12-14T15:30:52.790Z,2025-12-14T15:30:52.790Z
39,0x000a,-2.0978,0x00000000,2025-12-14T15:30:52.890Z,2025-12-14T15:30:52.890Z
38,0x000a,-1.4974,0x00000000,2025-12-14T15:30:52.890Z,2025-12-14T15:30:52.890Z
37,0x000a,-2.70183,0x00000000,2025-12-14T15:30:52.890Z,2025-12-14T15:30:52.890Z
36,0x000a,-1.7135,0x00000000,2025-12-14T15:30:52.890Z,2025-12-14T15:30:52.890Z
35,0x000a,-1.27273,0x00000000,2025-12-14T15:30:52.890Z,2025-12-14T15:30:52.890Z
34,0x000a,-2.28678,0x00000000,2025-12-14T15:30:52.890Z,2025-12-14T15:30:52.890Z
23,0x000a,-1.7135,0x00000000,2025-12-14T15:30:52.890Z,2025-12-14T15:30:52.890Z
22,0x000a,-1.27273,0x00000000,2025-12-14T15:30:52.890Z,2025-12-14T15:30:52.890Z
21,0x000a,-2.28678,0x00000000,2025-12-14T15:30:52.890Z,2025-12-14T15:30:52.890Z
39,0x000a,-2.49928,0x00000000,2025-12-14T15:30:52.988Z,2025-12-14T15:30:52.988Z
38,0x000a,-1.90249,0x00000000,2025-12-14T15:30:52.988Z,2025-12-14T15:30:52.988Z
37,0x000a,-3.29861,0x00000000,2025-12-14T15:30:52.988Z,2025-12-14T15:30:52.988Z
36,0x000a,-1.90565,0x00000000,2025-12-14T15:30:52.988Z,2025-12-14T15:30:52.988Z
35,0x000a,-1.38506,0x00000000,2025-12-14T15:30:52.988Z,2025-12-14T15:30:52.988Z
34,0x000a,-2.4943,0x00000000,2025-12-14T15:30:52.988Z,2025-12-14T15:30:52.988Z
26,0x000a,5.67998,0x00000000,2025-12-14T15:30:52.988Z,2025-12-14T15:30:52.988Z
25,0x000a,7.55968,0x00000000,2025-12-14T15:30:52.988Z,2025-12-14T15:30:52.988Z
24,0x000a,6.06988,0x00000000,2025-12-14T15:30:52.988Z,2025-12-14T15:30:52.988Z
23,0x000a,-1.90565,0x00000000,2025-12-14T15:30:52.988Z,2025-12-14T15:30:52.988Z
22,0x000a,-1.38506,0x00000000,2025-12-14T15:30:52.988Z,2025-12-14T15:30:52.988Z
21,0x000a,-2.4943,0x00000000,2025-12-14T15:30:52.988Z,2025-12-14T15:30:52.988Z
8,0x0004,15704,0x00000000,2025-12-14T15:30:52.988Z,2025-12-14T15:30:52.988Z
7,0x0004,20901,0x00000000,2025-12-14T15:30:52.988Z,2025-12-14T15:30:52.988Z
6,0x0004,16782,0x00000000,2025-12-14T15:30:52.988Z,2025-12-14T15:30:52.988Z
26,0x000a,5.45971,0x00000000,2025-12-14T15:30:53.090Z,2025-12-14T15:30:53.090Z
25,0x000a,7.40994,0x00000000,2025-12-14T15:30:53.090Z,2025-12-14T15:30:53.090Z
24,0x000a,5.78993,0x00000000,2025-12-14T15:30:53.090Z,2025-12-14T15:30:53.090Z
23,0x000a,-2.20246,0x00000000,2025-12-14T15:30:53.090Z,2025-12-14T15:30:53.090Z
22,0x000a,-1.64378,0x00000000,2025-12-14T15:30:53.090Z,2025-12-14T15:30:53.090Z
21,0x000a,-2.89646,0x00000000,2025-12-14T15:30:53.090Z,2025-12-14T15:30:53.090Z
8,0x0004,15095,0x00000000,2025-12-14T15:30:53.090Z,2025-12-14T15:30:53.090Z
7,0x0004,20487,0x00000000,2025-12-14T15:30:53.090Z,2025-12-14T15:30:53.090Z
6,0x0004,16008,0x00000000,2025-12-14T15:30:53.090Z,2025-12-14T15:30:53.090Z
39,0x000a,-4.30049,0x00000000,2025-12-14T15:30:53.188Z,2025-12-14T15:30:53.188Z
38,0x000a,-2.99841,0x00000000,2025-12-14T15:30:53.188Z,2025-12-14T15:30:53.188Z
37,0x000a,-5.59896,0x00000000,2025-12-14T15:30:53.188Z,2025-12-14T15:30:53.188Z
36,0x000a,-2.20246,0x00000000,2025-12-14T15:30:53.188Z,2025-12-14T15:30:53.188Z
35,0x000a,-1.64378,0x00000000,2025-12-14T15:30:53.188Z,2025-12-14T15:30:53.188Z
34,0x000a,-2.89646,0x00000000,2025-12-14T15:30:53.188Z,2025-12-14T15:30:53.188Z
26,0x000a,5.24993,0x00000000,2025-12-14T15:30:53.188Z,2025-12-14T15:30:53.188Z
25,0x000a,7.25984,0x00000000,2025-12-14T15:30:53.188Z,2025-12-14T15:30:53.188Z
24,0x000a,5.50998,0x00000000,2025-12-14T15:30:53.188Z,2025-12-14T15:30:53.188Z
8,0x0004,14515,0x00000000,2025-12-14T15:30:53.188Z,2025-12-14T15:30:53.188Z
7,0x0004,20072,0x00000000,2025-12-14T15:30:53.188Z,2025-12-14T15:30:53.188Z
6,0x0004,15234,0x00000000,2025-12-14T15:30:53.188Z,2025-12-14T15:30:53.188Z
39,0x000a,-2.60055,0x00000000,2025-12-14T15:30:53.288Z,2025-12-14T15:30:53.288Z
38,0x000a,-1.89887,0x00000000,2025-12-14T15:30:53.288Z,2025-12-14T15:30:53.288Z
37,0x000a,-3.30223,0x00000000,2025-12-14T15:30:53.288Z,2025-12-14T15:30:53.288Z
36,0x000a,-3.25148,0x00000000,2025-12-14T15:30:53.288Z,2025-12-14T15:30:53.288Z
35,0x000a,-2.32109,0x00000000,2025-12-14T15:30:53.288Z,2025-12-14T15:30:53.288Z
34,0x000a,-4.24771,0x00000000,2025-12-14T15:30:53.288Z,2025-12-14T15:30:53.288Z
26,0x000a,4.98987,0x00000000,2025-12-14T15:30:53.288Z,2025-12-14T15:30:53.288Z
25,0x000a,7.06995,0x00000000,2025-12-14T15:30:53.288Z,2025-12-14T15:30:53.288Z
24,0x000a,5.17976,0x00000000,2025-12-14T15:30:53.288Z,2025-12-14T15:30:53.288Z
23,0x000a,-3.25148,0x00000000,2025-12-14T15:30:53.288Z,2025-12-14T15:30:53.288Z
22,0x000a,-2.32109,0x00000000,2025-12-14T15:30:53.288Z,2025-12-14T15:30:53.288Z
21,0x000a,-4.24771,0x00000000,2025-12-14T15:30:53.288Z,2025-12-14T15:30:53.288Z
8,0x0004,13796,0x00000000,2025-12-14T15:30:53.288Z,2025-12-14T15:30:53.288Z
7,0x0004,19547,0x00000000,2025-12-14T15:30:53.288Z,2025-12-14T15:30:53.288Z
6,0x0004,14321,0x00000000,2025-12-14T15:30:53.288Z,2025-12-14T15:30:53.288Z
39,0x000a,-1.69994,0x00000000,2025-12-14T15:30:53.389Z,2025-12-14T15:30:53.389Z
38,0x000a,-1.20081,0x00000000,2025-12-14T15:30:53.389Z,2025-12-14T15:30:53.389Z
37,0x000a,-2.19908,0x00000000,2025-12-14T15:30:53.389Z,2025-12-14T15:30:53.389Z
36,0x000a,-2.92601,0x00000000,2025-12-14T15:30:53.389Z,2025-12-14T15:30:53.389Z
35,0x000a,-2.10998,0x00000000,2025-12-14T15:30:53.389Z,2025-12-14T15:30:53.389Z
34,0x000a,-3.77497,0x00000000,2025-12-14T15:30:53.389Z,2025-12-14T15:30:53.389Z
26,0x000a,4.81988,0x00000000,2025-12-14T15:30:53.389Z,2025-12-14T15:30:53.389Z
25,0x000a,6.94987,0x00000000,2025-12-14T15:30:53.389Z,2025-12-14T15:30:53.389Z
24,0x000a,4.95985,0x00000000,2025-12-14T15:30:53.389Z,2025-12-14T15:30:53.389Z
23,0x000a,-2.92601,0x00000000,2025-12-14T15:30:53.389Z,2025-12-14T15:30:53.389Z
22,0x000a,-2.10998,0x00000000,2025-12-14T15:30:53.389Z,2025-12-14T15:30:53.389Z
21,0x000a,-3.77497,0x00000000,2025-12-14T15:30:53.389Z,2025-12-14T15:30:53.389Z
8,0x0004,13326,0x00000000,2025-12-14T15:30:53.389Z,2025-12-14T15:30:53.389Z
7,0x0004,19215,0x00000000,2025-12-14T15:30:53.389Z,2025-12-14T15:30:53.389Z
6,0x0004,13713,0x00000000,2025-12-14T15:30:53.389Z,2025-12-14T15:30:53.389Z
39,0x000a,-2.10142,0x00000000,2025-12-14T15:30:53.490Z,2025-12-14T15:30:53.490Z
39,0x000a,-2.60055,0x00000000,2025-12-14T15:30:53.588Z,2025-12-14T15:30:53.588Z
38,0x000a,-1.50101,0x00000000,2025-12-14T15:30:53.490Z,2025-12-14T15:30:53.490Z
38,0x000a,-1.89887,0x00000000,2025-12-14T15:30:53.588Z,2025-12-14T15:30:53.588Z
37,0x000a,-2.70182,0x00000000,2025-12-14T15:30:53.490Z,2025-12-14T15:30:53.490Z
37,0x000a,-3.29861,0x00000000,2025-12-14T15:30:53.588Z,2025-12-14T15:30:53.588Z
36,0x000a,-2.31298,0x00000000,2025-12-14T15:30:53.490Z,2025-12-14T15:30:53.490Z
36,0x000a,-2.2072,0x00000000,2025-12-14T15:30:53.588Z,2025-12-14T15:30:53.588Z
35,0x000a,-1.6554,0x00000000,2025-12-14T15:30:53.490Z,2025-12-14T15:30:53.490Z
35,0x000a,-1.5782,0x00000000,2025-12-14T15:30:53.588Z,2025-12-14T15:30:53.588Z
34,0x000a,-2.98702,0x00000000,2025-12-14T15:30:53.490Z,2025-12-14T15:30:53.490Z
34,0x000a,-2.84442,0x00000000,2025-12-14T15:30:53.588Z,2025-12-14T15:30:53.588Z
26,0x000a,4.60974,0x00000000,2025-12-14T15:30:53.490Z,2025-12-14T15:30:53.490Z
26,0x000a,4.34968,0x00000000,2025-12-14T15:30:53.588Z,2025-12-14T15:30:53.588Z
25,0x000a,6.79977,0x00000000,2025-12-14T15:30:53.490Z,2025-12-14T15:30:53.490Z
25,0x000a,6.60988,0x00000000,2025-12-14T15:30:53.588Z,2025-12-14T15:30:53.588Z
24,0x000a,4.68967,0x00000000,2025-12-14T15:30:53.490Z,2025-12-14T15:30:53.490Z
24,0x000a,4.35981,0x00000000,2025-12-14T15:30:53.588Z,2025-12-14T15:30:53.588Z
23,0x000a,-2.31298,0x00000000,2025-12-14T15:30:53.490Z,2025-12-14T15:30:53.490Z
23,0x000a,-2.2072,0x00000000,2025-12-14T15:30:53.588Z,2025-12-14T15:30:53.588Z
22,0x000a,-1.6554,0x00000000,2025-12-14T15:30:53.490Z,2025-12-14T15:30:53.490Z
22,0x000a,-1.5782,0x00000000,2025-12-14T15:30:53.588Z,2025-12-14T15:30:53.588Z
21,0x000a,-2.98702,0x00000000,2025-12-14T15:30:53.490Z,2025-12-14T15:30:53.490Z
21,0x000a,-2.84442,0x00000000,2025-12-14T15:30:53.588Z,2025-12-14T15:30:53.588Z
18,0x0001,false,0x00000000,2025-12-14T15:30:53.588Z,2025-12-14T15:30:53.588Z
14,0x0001,false,0x00000000,2025-12-14T15:30:53.490Z,2025-12-14T15:30:53.490Z
8,0x0004,12745,0x00000000,2025-12-14T15:30:53.490Z,2025-12-14T15:30:53.490Z
8,0x0004,12026,0x00000000,2025-12-14T15:30:53.588Z,2025-12-14T15:30:53.588Z
7,0x0004,18800,0x00000000,2025-12-14T15:30:53.490Z,2025-12-14T15:30:53.490Z
7,0x0004,18275,0x00000000,2025-12-14T15:30:53.588Z,2025-12-14T15:30:53.588Z
6,0x0004,12966,0x00000000,2025-12-14T15:30:53.490Z,2025-12-14T15:30:53.490Z
6,0x0004,12054,0x00000000,2025-12-14T15:30:53.588Z,2025-12-14T15:30:53.588Z
39,0x000a,-2.0978,0x00000000,2025-12-14T15:30:53.688Z,2025-12-14T15:30:53.688Z
38,0x000a,-1.50101,0x00000000,2025-12-14T15:30:53.688Z,2025-12-14T15:30:53.688Z
37,0x000a,-1.20081,0x00000000,2025-12-14T15:30:53.688Z,2025-12-14T15:30:53.688Z
36,0x000a,-2.40387,0x00000000,2025-12-14T15:30:53.688Z,2025-12-14T15:30:53.688Z
35,0x000a,-1.73854,0x00000000,2025-12-14T15:30:53.688Z,2025-12-14T15:30:53.688Z
34,0x000a,-3.07152,0x00000000,2025-12-14T15:30:53.688Z,2025-12-14T15:30:53.688Z
26,0x000a,4.1399,0x00000000,2025-12-14T15:30:53.688Z,2025-12-14T15:30:53.688Z
25,0x000a,6.45978,0x00000000,2025-12-14T15:30:53.688Z,2025-12-14T15:30:53.688Z
24,0x000a,4.23973,0x00000000,2025-12-14T15:30:53.688Z,2025-12-14T15:30:53.688Z
23,0x000a,-2.40387,0x00000000,2025-12-14T15:30:53.688Z,2025-12-14T15:30:53.688Z
22,0x000a,-1.73854,0x00000000,2025-12-14T15:30:53.688Z,2025-12-14T15:30:53.688Z
21,0x000a,-3.07152,0x00000000,2025-12-14T15:30:53.688Z,2025-12-14T15:30:53.688Z
8,0x0004,11446,0x00000000,2025-12-14T15:30:53.688Z,2025-12-14T15:30:53.688Z
7,0x0004,17860,0x00000000,2025-12-14T15:30:53.688Z,2025-12-14T15:30:53.688Z
6,0x0004,11722,0x00000000,2025-12-14T15:30:53.688Z,2025-12-14T15:30:53.688Z
39,0x000a,-1.30208,0x00000000,2025-12-14T15:30:53.790Z,2025-12-14T15:30:53.790Z
38,0x000a,-1.50102,0x00000000,2025-12-14T15:30:53.790Z,2025-12-14T15:30:53.790Z
37,0x000a,0,0x00000000,2025-12-14T15:30:53.790Z,2025-12-14T15:30:53.790Z
36,0x000a,-2.25084,0x00000000,2025-12-14T15:30:53.790Z,2025-12-14T15:30:53.790Z
35,0x000a,-1.61977,0x00000000,2025-12-14T15:30:53.790Z,2025-12-14T15:30:53.790Z
34,0x000a,-2.13616,0x00000000,2025-12-14T15:30:53.790Z,2025-12-14T15:30:53.790Z
26,0x000a,4.00969,0x00000000,2025-12-14T15:30:53.790Z,2025-12-14T15:30:53.790Z
25,0x000a,6.30968,0x00000000,2025-12-14T15:30:53.790Z,2025-12-14T15:30:53.790Z
23,0x000a,-2.25084,0x00000000,2025-12-14T15:30:53.790Z,2025-12-14T15:30:53.790Z
22,0x000a,-1.61977,0x00000000,2025-12-14T15:30:53.790Z,2025-12-14T15:30:53.790Z
21,0x000a,-2.13616,0x00000000,2025-12-14T15:30:53.790Z,2025-12-14T15:30:53.790Z
8,0x0004,11086,0x00000000,2025-12-14T15:30:53.790Z,2025-12-14T15:30:53.790Z
7,0x0004,17445,0x00000000,2025-12-14T15:30:53.790Z,2025-12-14T15:30:53.790Z
25,0x000a,6.14981,0x00000000,2025-12-14T15:30:53.888Z,2025-12-14T15:30:53.888Z
7,0x0004,17003,0x00000000,2025-12-14T15:30:53.888Z,2025-12-14T15:30:53.888Z
40,0x0001,true,0x00000000,2025-12-14T15:30:53.988Z,2025-12-14T15:30:53.988Z
39,0x000a,0,0x00000000,2025-12-14T15:30:53.988Z,2025-12-14T15:30:53.988Z
38,0x000a,-1.59867,0x00000000,2025-12-14T15:30:53.988Z,2025-12-14T15:30:53.988Z
36,0x000a,-1.77646,0x00000000,2025-12-14T15:30:53.988Z,2025-12-14T15:30:53.988Z
35,0x000a,-1.5604,0x00000000,2025-12-14T15:30:53.988Z,2025-12-14T15:30:53.988Z
34,0x000a,-1.06808,0x00000000,2025-12-14T15:30:53.988Z,2025-12-14T15:30:53.988Z
25,0x000a,5.99971,0x00000000,2025-12-14T15:30:53.988Z,2025-12-14T15:30:53.988Z
23,0x000a,-1.77646,0x00000000,2025-12-14T15:30:53.988Z,2025-12-14T15:30:53.988Z
22,0x000a,-1.5604,0x00000000,2025-12-14T15:30:53.988Z,2025-12-14T15:30:53.988Z
21,0x000a,-1.06808,0x00000000,2025-12-14T15:30:53.988Z,2025-12-14T15:30:53.988Z
7,0x0004,16588,0x00000000,2025-12-14T15:30:53.988Z,2025-12-14T15:30:53.988Z
42,0x0001,true,0x00000000,2025-12-14T15:30:54.090Z,2025-12-14T15:30:54.090Z
38,0x000a,-1.50101,0x00000000,2025-12-14T15:30:54.090Z,2025-12-14T15:30:54.090Z
36,0x000a,-0.888231,0x00000000,2025-12-14T15:30:54.090Z,2025-12-14T15:30:54.090Z
35,0x000a,-1.57953,0x00000000,2025-12-14T15:30:54.090Z,2025-12-14T15:30:54.090Z
34,0x000a,-0.534041,0x00000000,2025-12-14T15:30:54.090Z,2025-12-14T15:30:54.090Z
25,0x000a,5.81995,0x00000000,2025-12-14T15:30:54.090Z,2025-12-14T15:30:54.090Z
23,0x000a,-0.888231,0x00000000,2025-12-14T15:30:54.090Z,2025-12-14T15:30:54.090Z
22,0x000a,-1.57953,0x00000000,2025-12-14T15:30:54.090Z,2025-12-14T15:30:54.090Z
21,0x000a,-0.534041,0x00000000,2025-12-14T15:30:54.090Z,2025-12-14T15:30:54.090Z
7,0x0004,16091,0x00000000,2025-12-14T15:30:54.090Z,2025-12-14T15:30:54.090Z
38,0x000a,-1.7976,0x00000000,2025-12-14T15:30:54.188Z,2025-12-14T15:30:54.188Z
36,0x000a,-0.444115,0x00000000,2025-12-14T15:30:54.188Z,2025-12-14T15:30:54.188Z
35,0x000a,-1.54027,0x00000000,2025-12-14T15:30:54.188Z,2025-12-14T15:30:54.188Z
34,0x000a,-0.26702,0x00000000,2025-12-14T15:30:54.188Z,2025-12-14T15:30:54.188Z
25,0x000a,5.65972,0x00000000,2025-12-14T15:30:54.188Z,2025-12-14T15:30:54.188Z
23,0x000a,-0.444115,0x00000000,2025-12-14T15:30:54.188Z,2025-12-14T15:30:54.188Z
22,0x000a,-1.54027,0x00000000,2025-12-14T15:30:54.188Z,2025-12-14T15:30:54.188Z
21,0x000a,-0.26702,0x00000000,2025-12-14T15:30:54.188Z,2025-12-14T15:30:54.188Z
7,0x0004,15648,0x00000000,2025-12-14T15:30:54.188Z,2025-12-14T15:30:54.188Z
38,0x000a,-3.09968,0x00000000,2025-12-14T15:30:54.290Z,2025-12-14T15:30:54.290Z
36,0x000a,-0.222058,0x00000000,2025-12-14T15:30:54.290Z,2025-12-14T15:30:54.290Z
35,0x000a,-1.66894,0x00000000,2025-12-14T15:30:54.290Z,2025-12-14T15:30:54.290Z
34,0x000a,-0.13351,0x00000000,2025-12-14T15:30:54.290Z,2025-12-14T15:30:54.290Z
25,0x000a,5.50998,0x00000000,2025-12-14T15:30:54.290Z,2025-12-14T15:30:54.290Z
23,0x000a,-0.222058,0x00000000,2025-12-14T15:30:54.290Z,2025-12-14T15:30:54.290Z
22,0x000a,-1.66894,0x00000000,2025-12-14T15:30:54.290Z,2025-12-14T15:30:54.290Z
21,0x000a,-0.13351,0x00000000,2025-12-14T15:30:54.290Z,2025-12-14T15:30:54.290Z
7,0x0004,15234,0x00000000,2025-12-14T15:30:54.290Z,2025-12-14T15:30:54.290Z
38,0x000a,-1.80121,0x00000000,2025-12-14T15:30:54.389Z,2025-12-14T15:30:54.389Z
36,0x000a,-0.111029,0x00000000,2025-12-14T15:30:54.389Z,2025-12-14T15:30:54.389Z
35,0x000a,-2.38431,0x00000000,2025-12-14T15:30:54.389Z,2025-12-14T15:30:54.389Z
34,0x000a,-0.0667551,0x00000000,2025-12-14T15:30:54.389Z,2025-12-14T15:30:54.389Z
25,0x000a,5.32986,0x00000000,2025-12-14T15:30:54.389Z,2025-12-14T15:30:54.389Z
23,0x000a,-0.111029,0x00000000,2025-12-14T15:30:54.389Z,2025-12-14T15:30:54.389Z
22,0x000a,-2.38431,0x00000000,2025-12-14T15:30:54.389Z,2025-12-14T15:30:54.389Z
21,0x000a,-0.0667551,0x00000000,2025-12-14T15:30:54.389Z,2025-12-14T15:30:54.389Z
7,0x0004,14736,0x00000000,2025-12-14T15:30:54.389Z,2025-12-14T15:30:54.389Z
38,0x000a,-1.59867,0x00000000,2025-12-14T15:30:54.490Z,2025-12-14T15:30:54.490Z
36,0x000a,-0.0555144,0x00000000,2025-12-14T15:30:54.490Z,2025-12-14T15:30:54.490Z
35,0x000a,-2.09276,0x00000000,2025-12-14T15:30:54.490Z,2025-12-14T15:30:54.490Z
34,0x000a,-0.0333776,0x00000000,2025-12-14T15:30:54.490Z,2025-12-14T15:30:54.490Z
25,0x000a,5.16999,0x00000000,2025-12-14T15:30:54.490Z,2025-12-14T15:30:54.490Z
23,0x000a,-0.0555144,0x00000000,2025-12-14T15:30:54.490Z,2025-12-14T15:30:54.490Z
22,0x000a,-2.09276,0x00000000,2025-12-14T15:30:54.490Z,2025-12-14T15:30:54.490Z
21,0x000a,-0.0333776,0x00000000,2025-12-14T15:30:54.490Z,2025-12-14T15:30:54.490Z
7,0x0004,14294,0x00000000,2025-12-14T15:30:54.490Z,2025-12-14T15:30:54.490Z
38,0x000a,-1.50102,0x00000000,2025-12-14T15:30:54.589Z,2025-12-14T15:30:54.589Z
36,0x000a,-0.0277572,0x00000000,2025-12-14T15:30:54.589Z,2025-12-14T15:30:54.589Z
35,0x000a,-1.84571,0x00000000,2025-12-14T15:30:54.589Z,2025-12-14T15:30:54.589Z
34,0x000a,-0.0166888,0x00000000,2025-12-14T15:30:54.589Z,2025-12-14T15:30:54.589Z
25,0x000a,5.01989,0x00000000,2025-12-14T15:30:54.589Z,2025-12-14T15:30:54.589Z
23,0x000a,-0.0277572,0x00000000,2025-12-14T15:30:54.589Z,2025-12-14T15:30:54.589Z
22,0x000a,-1.84571,0x00000000,2025-12-14T15:30:54.589Z,2025-12-14T15:30:54.589Z
21,0x000a,-0.0166888,0x00000000,2025-12-14T15:30:54.589Z,2025-12-14T15:30:54.589Z
7,0x0004,13879,0x00000000,2025-12-14T15:30:54.589Z,2025-12-14T15:30:54.589Z
36,0x000a,-0.0138786,0x00000000,2025-12-14T15:30:54.689Z,2025-12-14T15:30:54.689Z
35,0x000a,-1.67337,0x00000000,2025-12-14T15:30:54.689Z,2025-12-14T15:30:54.689Z
34,0x000a,-0.00834439,0x00000000,2025-12-14T15:30:54.689Z,2025-12-14T15:30:54.689Z
25,0x000a,4.86979,0x00000000,2025-12-14T15:30:54.689Z,2025-12-14T15:30:54.689Z
23,0x000a,-0.0138786,0x00000000,2025-12-14T15:30:54.689Z,2025-12-14T15:30:54.689Z
22,0x000a,-1.67337,0x00000000,2025-12-14T15:30:54.689Z,2025-12-14T15:30:54.689Z
21,0x000a,-0.00834439,0x00000000,2025-12-14T15:30:54.689Z,2025-12-14T15:30:54.689Z
7,0x0004,13464,0x00000000,2025-12-14T15:30:54.689Z,2025-12-14T15:30:54.689Z
38,0x000a,-1.50101,0x00000000,2025-12-14T15:30:54.789Z,2025-12-14T15:30:54.789Z
25,0x000a,4.70992,0x00000000,2025-12-14T15:30:54.789Z,2025-12-14T15:30:54.789Z
7,0x0004,13022,0x00000000,2025-12-14T15:30:54.789Z,2025-12-14T15:30:54.789Z
38,0x000a,-1.59867,0x00000000,2025-12-14T15:30:54.892Z,2025-12-14T15:30:54.892Z
38,0x000a,-1.50101,0x00000000,2025-12-14T15:30:54.988Z,2025-12-14T15:30:54.988Z
36,0x000a,-0.0069393,0x00000000,2025-12-14T15:30:54.892Z,2025-12-14T15:30:54.892Z
36,0x000a,-0.00346965,0x00000000,2025-12-14T15:30:54.988Z,2025-12-14T15:30:54.988Z
35,0x000a,-1.58719,0x00000000,2025-12-14T15:30:54.892Z,2025-12-14T15:30:54.892Z
35,0x000a,-1.59293,0x00000000,2025-12-14T15:30:54.988Z,2025-12-14T15:30:54.988Z
34,0x000a,-0.00417219,0x00000000,2025-12-14T15:30:54.892Z,2025-12-14T15:30:54.892Z
34,0x000a,-0.0020861,0x00000000,2025-12-14T15:30:54.988Z,2025-12-14T15:30:54.988Z
25,0x000a,4.55982,0x00000000,2025-12-14T15:30:54.892Z,2025-12-14T15:30:54.892Z
25,0x000a,4.40972,0x00000000,2025-12-14T15:30:54.988Z,2025-12-14T15:30:54.988Z
23,0x000a,-0.0069393,0x00000000,2025-12-14T15:30:54.892Z,2025-12-14T15:30:54.892Z
23,0x000a,-0.00346965,0x00000000,2025-12-14T15:30:54.988Z,2025-12-14T15:30:54.988Z
22,0x000a,-1.58719,0x00000000,2025-12-14T15:30:54.892Z,2025-12-14T15:30:54.892Z
22,0x000a,-1.59293,0x00000000,2025-12-14T15:30:54.988Z,2025-12-14T15:30:54.988Z
21,0x000a,-0.00417219,0x00000000,2025-12-14T15:30:54.892Z,2025-12-14T15:30:54.892Z
21,0x000a,-0.0020861,0x00000000,2025-12-14T15:30:54.988Z,2025-12-14T15:30:54.988Z
7,0x0004,12607,0x00000000,2025-12-14T15:30:54.892Z,2025-12-14T15:30:54.892Z
7,0x0004,12192,0x00000000,2025-12-14T15:30:54.988Z,2025-12-14T15:30:54.988Z
36,0x000a,-0.00173483,0x00000000,2025-12-14T15:30:55.088Z,2025-12-14T15:30:55.088Z
35,0x000a,-1.54697,0x00000000,2025-12-14T15:30:55.088Z,2025-12-14T15:30:55.088Z
34,0x000a,-0.00104305,0x00000000,2025-12-14T15:30:55.088Z,2025-12-14T15:30:55.088Z
25,0x000a,4.21983,0x00000000,2025-12-14T15:30:55.088Z,2025-12-14T15:30:55.088Z
23,0x000a,-0.00173483,0x00000000,2025-12-14T15:30:55.088Z,2025-12-14T15:30:55.088Z
22,0x000a,-1.54697,0x00000000,2025-12-14T15:30:55.088Z,2025-12-14T15:30:55.088Z
21,0x000a,-0.00104305,0x00000000,2025-12-14T15:30:55.088Z,2025-12-14T15:30:55.088Z
7,0x0004,11667,0x00000000,2025-12-14T15:30:55.088Z,2025-12-14T15:30:55.088Z
38,0x000a,-1.89888,0x00000000,2025-12-14T15:30:55.189Z,2025-12-14T15:30:55.189Z
36,0x000a,-0.000867413,0x00000000,2025-12-14T15:30:55.189Z,2025-12-14T15:30:55.189Z
35,0x000a,-1.52399,0x00000000,2025-12-14T15:30:55.189Z,2025-12-14T15:30:55.189Z
34,0x000a,-0.000521524,0x00000000,2025-12-14T15:30:55.189Z,2025-12-14T15:30:55.189Z
25,0x000a,4.06973,0x00000000,2025-12-14T15:30:55.189Z,2025-12-14T15:30:55.189Z
23,0x000a,-0.000867413,0x00000000,2025-12-14T15:30:55.189Z,2025-12-14T15:30:55.189Z
22,0x000a,-1.52399,0x00000000,2025-12-14T15:30:55.189Z,2025-12-14T15:30:55.189Z
21,0x000a,-0.000521524,0x00000000,2025-12-14T15:30:55.189Z,2025-12-14T15:30:55.189Z
16,0x0001,false,0x00000000,2025-12-14T15:30:55.189Z,2025-12-14T15:30:55.189Z
7,0x0004,11252,0x00000000,2025-12-14T15:30:55.189Z,2025-12-14T15:30:55.189Z
38,0x000a,-1.50101,0x00000000,2025-12-14T15:30:55.288Z,2025-12-14T15:30:55.288Z
36,0x000a,-0.000433706,0x00000000,2025-12-14T15:30:55.288Z,2025-12-14T15:30:55.288Z
35,0x000a,-1.71143,0x00000000,2025-12-14T15:30:55.288Z,2025-12-14T15:30:55.288Z
34,0x000a,-0.000260762,0x00000000,2025-12-14T15:30:55.288Z,2025-12-14T15:30:55.288Z
25,0x000a,3.90987,0x00000000,2025-12-14T15:30:55.288Z,2025-12-14T15:30:55.288Z
23,0x000a,-0.000433706,0x00000000,2025-12-14T15:30:55.288Z,2025-12-14T15:30:55.288Z
22,0x000a,-1.71143,0x00000000,2025-12-14T15:30:55.288Z,2025-12-14T15:30:55.288Z
21,0x000a,-0.000260762,0x00000000,2025-12-14T15:30:55.288Z,2025-12-14T15:30:55.288Z
7,0x0004,10810,0x00000000,2025-12-14T15:30:55.288Z,2025-12-14T15:30:55.288Z
38,0x000a,-2.19907,0x00000000,2025-12-14T15:30:55.389Z,2025-12-14T15:30:55.389Z
36,0x000a,-0.000216853,0x00000000,2025-12-14T15:30:55.389Z,2025-12-14T15:30:55.389Z
35,0x000a,-1.60622,0x00000000,2025-12-14T15:30:55.389Z,2025-12-14T15:30:55.389Z
34,0x000a,-0.000130381,0x00000000,2025-12-14T15:30:55.389Z,2025-12-14T15:30:55.389Z
25,0x000a,3.84983,0x00000000,2025-12-14T15:30:55.389Z,2025-12-14T15:30:55.389Z
23,0x000a,-0.000216853,0x00000000,2025-12-14T15:30:55.389Z,2025-12-14T15:30:55.389Z
22,0x000a,-1.60622,0x00000000,2025-12-14T15:30:55.389Z,2025-12-14T15:30:55.389Z
21,0x000a,-0.000130381,0x00000000,2025-12-14T15:30:55.389Z,2025-12-14T15:30:55.389Z
7,0x0004,10644,0x00000000,2025-12-14T15:30:55.389Z,2025-12-14T15:30:55.389Z
38,0x000a,0,0x00000000,2025-12-14T15:30:55.488Z,2025-12-14T15:30:55.488Z
36,0x000a,-0.000108427,0x00000000,2025-12-14T15:30:55.488Z,2025-12-14T15:30:55.488Z
35,0x000a,-1.90265,0x00000000,2025-12-14T15:30:55.488Z,2025-12-14T15:30:55.488Z
34,0x000a,-6.51905e-05,0x00000000,2025-12-14T15:30:55.488Z,2025-12-14T15:30:55.488Z
23,0x000a,-0.000108427,0x00000000,2025-12-14T15:30:55.488Z,2025-12-14T15:30:55.488Z
22,0x000a,-1.90265,0x00000000,2025-12-14T15:30:55.488Z,2025-12-14T15:30:55.488Z
21,0x000a,-6.51905e-05,0x00000000,2025-12-14T15:30:55.488Z,2025-12-14T15:30:55.488Z
36,0x000a,-5.42133e-05,0x00000000,2025-12-14T15:30:55.589Z,2025-12-14T15:30:55.589Z
35,0x000a,-0.951324,0x00000000,2025-12-14T15:30:55.589Z,2025-12-14T15:30:55.589Z
34,0x000a,-3.25953e-05,0x00000000,2025-12-14T15:30:55.589Z,2025-12-14T15:30:55.589Z
23,0x000a,-5.42133e-05,0x00000000,2025-12-14T15:30:55.589Z,2025-12-14T15:30:55.589Z
22,0x000a,-0.951324,0x00000000,2025-12-14T15:30:55.589Z,2025-12-14T15:30:55.589Z
21,0x000a,-3.25953e-05,0x00000000,2025-12-14T15:30:55.589Z,2025-12-14T15:30:55.589Z
42,0x0001,false,0x00000000,2025-12-14T15:30:55.690Z,2025-12-14T15:30:55.690Z
40,0x0001,false,0x00000000,2025-12-14T15:30:55.690Z,2025-12-14T15:30:55.690Z
18,0x0001,true,0x00000000,2025-12-14T15:30:55.690Z,2025-12-14T15:30:55.690Z
16,0x0001,true,0x00000000,2025-12-14T15:30:55.690Z,2025-12-14T15:30:55.690Z
14,0x0001,true,0x00000000,2025-12-14T15:30:55.690Z,2025-12-14T15:30:55.690Z
4,0x000a,1,0x00000000,2025-12-14T15:30:55.690Z,2025-12-14T15:30:55.690Z
3,0x000a,1,0x00000000,2025-12-14T15:30:55.690Z,2025-12-14T15:30:55.690Z
2,0x000a,2,0x00000000,2025-12-14T15:30:55.690Z,2025-12-14T15:30:55.690Z
36,0x000a,-2.71066e-05,0x00000000,2025-12-14T15:30:55.790Z,2025-12-14T15:30:55.790Z
35,0x000a,-0.475662,0x00000000,2025-12-14T15:30:55.790Z,2025-12-14T15:30:55.790Z
34,0x000a,-1.62976e-05,0x00000000,2025-12-14T15:30:55.790Z,2025-12-14T15:30:55.790Z
23,0x000a,-2.71066e-05,0x00000000,2025-12-14T15:30:55.790Z,2025-12-14T15:30:55.790Z
22,0x000a,-0.475662,0x00000000,2025-12-14T15:30:55.790Z,2025-12-14T15:30:55.790Z
21,0x000a,-1.62976e-05,0x00000000,2025-12-14T15:30:55.790Z,2025-12-14T15:30:55.790Z
36,0x000a,-1.35533e-05,0x00000000,2025-12-14T15:30:55.888Z,2025-12-14T15:30:55.888Z
35,0x000a,-0.237831,0x00000000,2025-12-14T15:30:55.888Z,2025-12-14T15:30:55.888Z
34,0x000a,-8.14882e-06,0x00000000,2025-12-14T15:30:55.888Z,2025-12-14T15:30:55.888Z
23,0x000a,-1.35533e-05,0x00000000,2025-12-14T15:30:55.888Z,2025-12-14T15:30:55.888Z
22,0x000a,-0.237831,0x00000000,2025-12-14T15:30:55.888Z,2025-12-14T15:30:55.888Z
21,0x000a,-8.14882e-06,0x00000000,2025-12-14T15:30:55.888Z,2025-12-14T15:30:55.888Z
39,0x000a,-0.698061,0x00000000,2025-12-14T15:30:55.990Z,2025-12-14T15:30:55.990Z
38,0x000a,-0.900607,0x00000000,2025-12-14T15:30:55.990Z,2025-12-14T15:30:55.990Z
37,0x000a,-1.59867,0x00000000,2025-12-14T15:30:55.990Z,2025-12-14T15:30:55.990Z
36,0x000a,-6.77666e-06,0x00000000,2025-12-14T15:30:55.990Z,2025-12-14T15:30:55.990Z
35,0x000a,-0.118915,0x00000000,2025-12-14T15:30:55.990Z,2025-12-14T15:30:55.990Z
34,0x000a,-4.07441e-06,0x00000000,2025-12-14T15:30:55.990Z,2025-12-14T15:30:55.990Z
26,0x000a,3.93989,0x00000000,2025-12-14T15:30:55.990Z,2025-12-14T15:30:55.990Z
25,0x000a,3.75977,0x00000000,2025-12-14T15:30:55.990Z,2025-12-14T15:30:55.990Z
24,0x000a,4.07986,0x00000000,2025-12-14T15:30:55.990Z,2025-12-14T15:30:55.990Z
23,0x000a,-6.77666e-06,0x00000000,2025-12-14T15:30:55.990Z,2025-12-14T15:30:55.990Z
22,0x000a,-0.118915,0x00000000,2025-12-14T15:30:55.990Z,2025-12-14T15:30:55.990Z
21,0x000a,-4.07441e-06,0x00000000,2025-12-14T15:30:55.990Z,2025-12-14T15:30:55.990Z
8,0x0004,10893,0x00000000,2025-12-14T15:30:55.990Z,2025-12-14T15:30:55.990Z
7,0x0004,10395,0x00000000,2025-12-14T15:30:55.990Z,2025-12-14T15:30:55.990Z
6,0x0004,11280,0x00000000,2025-12-14T15:30:55.990Z,2025-12-14T15:30:55.990Z
39,0x000a,-2.10142,0x00000000,2025-12-14T15:30:56.089Z,2025-12-14T15:30:56.089Z
38,0x000a,-1.50101,0x00000000,2025-12-14T15:30:56.089Z,2025-12-14T15:30:56.089Z
37,0x000a,-2.79948,0x00000000,2025-12-14T15:30:56.089Z,2025-12-14T15:30:56.089Z
36,0x000a,-0.349034,0x00000000,2025-12-14T15:30:56.089Z,2025-12-14T15:30:56.089Z
35,0x000a,-0.509761,0x00000000,2025-12-14T15:30:56.089Z,2025-12-14T15:30:56.089Z
34,0x000a,-0.799336,0x00000000,2025-12-14T15:30:56.089Z,2025-12-14T15:30:56.089Z
26,0x000a,3.72975,0x00000000,2025-12-14T15:30:56.089Z,2025-12-14T15:30:56.089Z
25,0x000a,3.60966,0x00000000,2025-12-14T15:30:56.089Z,2025-12-14T15:30:56.089Z
24,0x000a,3.79991,0x00000000,2025-12-14T15:30:56.089Z,2025-12-14T15:30:56.089Z
23,0x000a,-0.349034,0x00000000,2025-12-14T15:30:56.089Z,2025-12-14T15:30:56.089Z
22,0x000a,-0.509761,0x00000000,2025-12-14T15:30:56.089Z,2025-12-14T15:30:56.089Z
21,0x000a,-0.799336,0x00000000,2025-12-14T15:30:56.089Z,2025-12-14T15:30:56.089Z
8,0x0004,10312,0x00000000,2025-12-14T15:30:56.089Z,2025-12-14T15:30:56.089Z
7,0x0004,9980,0x00000000,2025-12-14T15:30:56.089Z,2025-12-14T15:30:56.089Z
6,0x0004,10506,0x00000000,2025-12-14T15:30:56.089Z,2025-12-14T15:30:56.089Z
39,0x000a,-2.19908,0x00000000,2025-12-14T15:30:56.190Z,2025-12-14T15:30:56.190Z
38,0x000a,-1.59867,0x00000000,2025-12-14T15:30:56.190Z,2025-12-14T15:30:56.190Z
37,0x000a,-2.70182,0x00000000,2025-12-14T15:30:56.190Z,2025-12-14T15:30:56.190Z
36,0x000a,-1.22523,0x00000000,2025-12-14T15:30:56.190Z,2025-12-14T15:30:56.190Z
35,0x000a,-1.00539,0x00000000,2025-12-14T15:30:56.190Z,2025-12-14T15:30:56.190Z
34,0x000a,-1.79941,0x00000000,2025-12-14T15:30:56.190Z,2025-12-14T15:30:56.190Z
26,0x000a,3.50984,0x00000000,2025-12-14T15:30:56.190Z,2025-12-14T15:30:56.190Z
25,0x000a,3.4498,0x00000000,2025-12-14T15:30:56.190Z,2025-12-14T15:30:56.190Z
24,0x000a,3.52973,0x00000000,2025-12-14T15:30:56.190Z,2025-12-14T15:30:56.190Z
23,0x000a,-1.22523,0x00000000,2025-12-14T15:30:56.190Z,2025-12-14T15:30:56.190Z
22,0x000a,-1.00539,0x00000000,2025-12-14T15:30:56.190Z,2025-12-14T15:30:56.190Z
21,0x000a,-1.79941,0x00000000,2025-12-14T15:30:56.190Z,2025-12-14T15:30:56.190Z
8,0x0004,9704,0x00000000,2025-12-14T15:30:56.190Z,2025-12-14T15:30:56.190Z
7,0x0004,9538,0x00000000,2025-12-14T15:30:56.190Z,2025-12-14T15:30:56.190Z
6,0x0004,9759,0x00000000,2025-12-14T15:30:56.190Z,2025-12-14T15:30:56.190Z
39,0x000a,-2.49928,0x00000000,2025-12-14T15:30:56.290Z,2025-12-14T15:30:56.290Z
38,0x000a,-1.80121,0x00000000,2025-12-14T15:30:56.290Z,2025-12-14T15:30:56.290Z
37,0x000a,-3.29861,0x00000000,2025-12-14T15:30:56.290Z,2025-12-14T15:30:56.290Z
36,0x000a,-1.71215,0x00000000,2025-12-14T15:30:56.290Z,2025-12-14T15:30:56.290Z
35,0x000a,-1.30203,0x00000000,2025-12-14T15:30:56.290Z,2025-12-14T15:30:56.290Z
34,0x000a,-2.25062,0x00000000,2025-12-14T15:30:56.290Z,2025-12-14T15:30:56.290Z
26,0x000a,3.25991,0x00000000,2025-12-14T15:30:56.290Z,2025-12-14T15:30:56.290Z
25,0x000a,3.26968,0x00000000,2025-12-14T15:30:56.290Z,2025-12-14T15:30:56.290Z
24,0x000a,3.19987,0x00000000,2025-12-14T15:30:56.290Z,2025-12-14T15:30:56.290Z
23,0x000a,-1.71215,0x00000000,2025-12-14T15:30:56.290Z,2025-12-14T15:30:56.290Z
22,0x000a,-1.30203,0x00000000,2025-12-14T15:30:56.290Z,2025-12-14T15:30:56.290Z
21,0x000a,-2.25062,0x00000000,2025-12-14T15:30:56.290Z,2025-12-14T15:30:56.290Z
8,0x0004,9013,0x00000000,2025-12-14T15:30:56.290Z,2025-12-14T15:30:56.290Z
7,0x0004,9040,0x00000000,2025-12-14T15:30:56.290Z,2025-12-14T15:30:56.290Z
6,0x0004,8847,0x00000000,2025-12-14T15:30:56.290Z,2025-12-14T15:30:56.290Z
36,0x000a,-2.10571,0x00000000,2025-12-14T15:30:56.388Z,2025-12-14T15:30:56.388Z
35,0x000a,-1.55162,0x00000000,2025-12-14T15:30:56.388Z,2025-12-14T15:30:56.388Z
34,0x000a,-2.77461,0x00000000,2025-12-14T15:30:56.388Z,2025-12-14T15:30:56.388Z
26,0x000a,3.03964,0x00000000,2025-12-14T15:30:56.388Z,2025-12-14T15:30:56.388Z
25,0x000a,3.11994,0x00000000,2025-12-14T15:30:56.388Z,2025-12-14T15:30:56.388Z
24,0x000a,2.91992,0x00000000,2025-12-14T15:30:56.388Z,2025-12-14T15:30:56.388Z
23,0x000a,-2.10571,0x00000000,2025-12-14T15:30:56.388Z,2025-12-14T15:30:56.388Z
22,0x000a,-1.55162,0x00000000,2025-12-14T15:30:56.388Z,2025-12-14T15:30:56.388Z
21,0x000a,-2.77461,0x00000000,2025-12-14T15:30:56.388Z,2025-12-14T15:30:56.388Z
8,0x0004,8404,0x00000000,2025-12-14T15:30:56.388Z,2025-12-14T15:30:56.388Z
7,0x0004,8626,0x00000000,2025-12-14T15:30:56.388Z,2025-12-14T15:30:56.388Z
6,0x0004,8073,0x00000000,2025-12-14T15:30:56.388Z,2025-12-14T15:30:56.388Z
39,0x000a,-2.20269,0x00000000,2025-12-14T15:30:56.491Z,2025-12-14T15:30:56.491Z
38,0x000a,-1.4974,0x00000000,2025-12-14T15:30:56.491Z,2025-12-14T15:30:56.491Z
37,0x000a,-2.79948,0x00000000,2025-12-14T15:30:56.491Z,2025-12-14T15:30:56.491Z
26,0x000a,2.82986,0x00000000,2025-12-14T15:30:56.491Z,2025-12-14T15:30:56.491Z
25,0x000a,2.95971,0x00000000,2025-12-14T15:30:56.491Z,2025-12-14T15:30:56.491Z
24,0x000a,2.63997,0x00000000,2025-12-14T15:30:56.491Z,2025-12-14T15:30:56.491Z
8,0x0004,7824,0x00000000,2025-12-14T15:30:56.491Z,2025-12-14T15:30:56.491Z
7,0x0004,8183,0x00000000,2025-12-14T15:30:56.491Z,2025-12-14T15:30:56.491Z
6,0x0004,7299,0x00000000,2025-12-14T15:30:56.491Z,2025-12-14T15:30:56.491Z
39,0x000a,-4.19922,0x00000000,2025-12-14T15:30:56.588Z,2025-12-14T15:30:56.588Z
38,0x000a,-3.09968,0x00000000,2025-12-14T15:30:56.588Z,2025-12-14T15:30:56.588Z
37,0x000a,-5.5013,0x00000000,2025-12-14T15:30:56.588Z,2025-12-14T15:30:56.588Z
36,0x000a,-2.1542,0x00000000,2025-12-14T15:30:56.588Z,2025-12-14T15:30:56.588Z
35,0x000a,-1.52451,0x00000000,2025-12-14T15:30:56.588Z,2025-12-14T15:30:56.588Z
34,0x000a,-2.78705,0x00000000,2025-12-14T15:30:56.588Z,2025-12-14T15:30:56.588Z
26,0x000a,2.61972,0x00000000,2025-12-14T15:30:56.588Z,2025-12-14T15:30:56.588Z
25,0x000a,2.80997,0x00000000,2025-12-14T15:30:56.588Z,2025-12-14T15:30:56.588Z
24,0x000a,2.36979,0x00000000,2025-12-14T15:30:56.588Z,2025-12-14T15:30:56.588Z
23,0x000a,-2.1542,0x00000000,2025-12-14T15:30:56.588Z,2025-12-14T15:30:56.588Z
22,0x000a,-1.52451,0x00000000,2025-12-14T15:30:56.588Z,2025-12-14T15:30:56.588Z
21,0x000a,-2.78705,0x00000000,2025-12-14T15:30:56.588Z,2025-12-14T15:30:56.588Z
8,0x0004,7243,0x00000000,2025-12-14T15:30:56.588Z,2025-12-14T15:30:56.588Z
7,0x0004,7769,0x00000000,2025-12-14T15:30:56.588Z,2025-12-14T15:30:56.588Z
6,0x0004,6552,0x00000000,2025-12-14T15:30:56.588Z,2025-12-14T15:30:56.588Z
39,0x000a,-2.0978,0x00000000,2025-12-14T15:30:56.689Z,2025-12-14T15:30:56.689Z
39,0x000a,-2.20269,0x00000000,2025-12-14T15:30:56.790Z,2025-12-14T15:30:56.790Z
38,0x000a,-1.50101,0x00000000,2025-12-14T15:30:56.689Z,2025-12-14T15:30:56.689Z
38,0x000a,-1.59867,0x00000000,2025-12-14T15:30:56.790Z,2025-12-14T15:30:56.790Z
37,0x000a,-2.79948,0x00000000,2025-12-14T15:30:56.689Z,2025-12-14T15:30:56.689Z
37,0x000a,-2.70182,0x00000000,2025-12-14T15:30:56.790Z,2025-12-14T15:30:56.790Z
36,0x000a,-3.17671,0x00000000,2025-12-14T15:30:56.689Z,2025-12-14T15:30:56.689Z
36,0x000a,-2.63726,0x00000000,2025-12-14T15:30:56.790Z,2025-12-14T15:30:56.790Z
35,0x000a,-2.31209,0x00000000,2025-12-14T15:30:56.689Z,2025-12-14T15:30:56.689Z
35,0x000a,-1.90655,0x00000000,2025-12-14T15:30:56.790Z,2025-12-14T15:30:56.790Z
34,0x000a,-4.14417,0x00000000,2025-12-14T15:30:56.689Z,2025-12-14T15:30:56.689Z
34,0x000a,-3.47183,0x00000000,2025-12-14T15:30:56.790Z,2025-12-14T15:30:56.790Z
26,0x000a,2.40994,0x00000000,2025-12-14T15:30:56.689Z,2025-12-14T15:30:56.689Z
26,0x000a,2.18967,0x00000000,2025-12-14T15:30:56.790Z,2025-12-14T15:30:56.790Z
25,0x000a,2.65987,0x00000000,2025-12-14T15:30:56.689Z,2025-12-14T15:30:56.689Z
25,0x000a,2.5,0x00000000,2025-12-14T15:30:56.790Z,2025-12-14T15:30:56.790Z
24,0x000a,2.08984,0x00000000,2025-12-14T15:30:56.689Z,2025-12-14T15:30:56.689Z
24,0x000a,1.81966,0x00000000,2025-12-14T15:30:56.790Z,2025-12-14T15:30:56.790Z
23,0x000a,-3.17671,0x00000000,2025-12-14T15:30:56.689Z,2025-12-14T15:30:56.689Z
23,0x000a,-2.63726,0x00000000,2025-12-14T15:30:56.790Z,2025-12-14T15:30:56.790Z
22,0x000a,-2.31209,0x00000000,2025-12-14T15:30:56.689Z,2025-12-14T15:30:56.689Z
22,0x000a,-1.90655,0x00000000,2025-12-14T15:30:56.790Z,2025-12-14T15:30:56.790Z
21,0x000a,-4.14417,0x00000000,2025-12-14T15:30:56.689Z,2025-12-14T15:30:56.689Z
21,0x000a,-3.47183,0x00000000,2025-12-14T15:30:56.790Z,2025-12-14T15:30:56.790Z
14,0x0001,false,0x00000000,2025-12-14T15:30:56.689Z,2025-12-14T15:30:56.689Z
8,0x0004,6663,0x00000000,2025-12-14T15:30:56.689Z,2025-12-14T15:30:56.689Z
8,0x0004,6054,0x00000000,2025-12-14T15:30:56.790Z,2025-12-14T15:30:56.790Z
7,0x0004,7354,0x00000000,2025-12-14T15:30:56.689Z,2025-12-14T15:30:56.689Z
7,0x0004,6912,0x00000000,2025-12-14T15:30:56.790Z,2025-12-14T15:30:56.790Z
6,0x0004,5778,0x00000000,2025-12-14T15:30:56.689Z,2025-12-14T15:30:56.689Z
6,0x0004,5031,0x00000000,2025-12-14T15:30:56.790Z,2025-12-14T15:30:56.790Z
39,0x000a,-2.0978,0x00000000,2025-12-14T15:30:56.888Z,2025-12-14T15:30:56.888Z
38,0x000a,-1.50101,0x00000000,2025-12-14T15:30:56.888Z,2025-12-14T15:30:56.888Z
37,0x000a,-1.09954,0x00000000,2025-12-14T15:30:56.888Z,2025-12-14T15:30:56.888Z
36,0x000a,-2.41997,0x00000000,2025-12-14T15:30:56.888Z,2025-12-14T15:30:56.888Z
35,0x000a,-1.75261,0x00000000,2025-12-14T15:30:56.888Z,2025-12-14T15:30:56.888Z
34,0x000a,-3.08682,0x00000000,2025-12-14T15:30:56.888Z,2025-12-14T15:30:56.888Z
26,0x000a,1.97989,0x00000000,2025-12-14T15:30:56.888Z,2025-12-14T15:30:56.888Z
25,0x000a,2.3499,0x00000000,2025-12-14T15:30:56.888Z,2025-12-14T15:30:56.888Z
24,0x000a,1.70971,0x00000000,2025-12-14T15:30:56.888Z,2025-12-14T15:30:56.888Z
23,0x000a,-2.41997,0x00000000,2025-12-14T15:30:56.888Z,2025-12-14T15:30:56.888Z
22,0x000a,-1.75261,0x00000000,2025-12-14T15:30:56.888Z,2025-12-14T15:30:56.888Z
21,0x000a,-3.08682,0x00000000,2025-12-14T15:30:56.888Z,2025-12-14T15:30:56.888Z
8,0x0004,5474,0x00000000,2025-12-14T15:30:56.888Z,2025-12-14T15:30:56.888Z
7,0x0004,6497,0x00000000,2025-12-14T15:30:56.888Z,2025-12-14T15:30:56.888Z
6,0x0004,4727,0x00000000,2025-12-14T15:30:56.888Z,2025-12-14T15:30:56.888Z
39,0x000a,-2.10142,0x00000000,2025-12-14T15:30:56.990Z,2025-12-14T15:30:56.990Z
38,0x000a,-1.50101,0x00000000,2025-12-14T15:30:56.990Z,2025-12-14T15:30:56.990Z
37,0x000a,0,0x00000000,2025-12-14T15:30:56.990Z,2025-12-14T15:30:56.990Z
36,0x000a,-2.25889,0x00000000,2025-12-14T15:30:56.990Z,2025-12-14T15:30:56.990Z
35,0x000a,-1.62681,0x00000000,2025-12-14T15:30:56.990Z,2025-12-14T15:30:56.990Z
34,0x000a,-2.09318,0x00000000,2025-12-14T15:30:56.990Z,2025-12-14T15:30:56.990Z
26,0x000a,1.76975,0x00000000,2025-12-14T15:30:56.990Z,2025-12-14T15:30:56.990Z
25,0x000a,2.1998,0x00000000,2025-12-14T15:30:56.990Z,2025-12-14T15:30:56.990Z
23,0x000a,-2.25889,0x00000000,2025-12-14T15:30:56.990Z,2025-12-14T15:30:56.990Z
22,0x000a,-1.62681,0x00000000,2025-12-14T15:30:56.990Z,2025-12-14T15:30:56.990Z
21,0x000a,-2.09318,0x00000000,2025-12-14T15:30:56.990Z,2025-12-14T15:30:56.990Z
8,0x0004,4893,0x00000000,2025-12-14T15:30:56.990Z,2025-12-14T15:30:56.990Z
7,0x0004,6082,0x00000000,2025-12-14T15:30:56.990Z,2025-12-14T15:30:56.990Z
39,0x000a,-2.19907,0x00000000,2025-12-14T15:30:57.089Z,2025-12-14T15:30:57.089Z
38,0x000a,-1.59867,0x00000000,2025-12-14T15:30:57.089Z,2025-12-14T15:30:57.089Z
36,0x000a,-2.18015,0x00000000,2025-12-14T15:30:57.089Z,2025-12-14T15:30:57.089Z
35,0x000a,-1.56391,0x00000000,2025-12-14T15:30:57.089Z,2025-12-14T15:30:57.089Z
34,0x000a,-1.04659,0x00000000,2025-12-14T15:30:57.089Z,2025-12-14T15:30:57.089Z
26,0x000a,1.54984,0x00000000,2025-12-14T15:30:57.089Z,2025-12-14T15:30:57.089Z
25,0x000a,2.03993,0x00000000,2025-12-14T15:30:57.089Z,2025-12-14T15:30:57.089Z
23,0x000a,-2.18015,0x00000000,2025-12-14T15:30:57.089Z,2025-12-14T15:30:57.089Z
22,0x000a,-1.56391,0x00000000,2025-12-14T15:30:57.089Z,2025-12-14T15:30:57.089Z
21,0x000a,-1.04659,0x00000000,2025-12-14T15:30:57.089Z,2025-12-14T15:30:57.089Z
8,0x0004,4285,0x00000000,2025-12-14T15:30:57.089Z,2025-12-14T15:30:57.089Z
7,0x0004,5640,0x00000000,2025-12-14T15:30:57.089Z,2025-12-14T15:30:57.089Z
40,0x0001,true,0x00000000,2025-12-14T15:30:57.190Z,2025-12-14T15:30:57.190Z
39,0x000a,-2.10142,0x00000000,2025-12-14T15:30:57.190Z,2025-12-14T15:30:57.190Z
38,0x000a,-1.50101,0x00000000,2025-12-14T15:30:57.190Z,2025-12-14T15:30:57.190Z
36,0x000a,-2.18961,0x00000000,2025-12-14T15:30:57.190Z,2025-12-14T15:30:57.190Z
35,0x000a,-1.58129,0x00000000,2025-12-14T15:30:57.190Z,2025-12-14T15:30:57.190Z
34,0x000a,-0.523295,0x00000000,2025-12-14T15:30:57.190Z,2025-12-14T15:30:57.190Z
26,0x000a,1.3397,0x00000000,2025-12-14T15:30:57.190Z,2025-12-14T15:30:57.190Z
25,0x000a,1.88983,0x00000000,2025-12-14T15:30:57.190Z,2025-12-14T15:30:57.190Z
23,0x000a,-2.18961,0x00000000,2025-12-14T15:30:57.190Z,2025-12-14T15:30:57.190Z
22,0x000a,-1.58129,0x00000000,2025-12-14T15:30:57.190Z,2025-12-14T15:30:57.190Z
21,0x000a,-0.523295,0x00000000,2025-12-14T15:30:57.190Z,2025-12-14T15:30:57.190Z
8,0x0004,3704,0x00000000,2025-12-14T15:30:57.190Z,2025-12-14T15:30:57.190Z
7,0x0004,5225,0x00000000,2025-12-14T15:30:57.190Z,2025-12-14T15:30:57.190Z
36,0x000a,-2.14552,0x00000000,2025-12-14T15:30:57.288Z,2025-12-14T15:30:57.288Z
35,0x000a,-1.54115,0x00000000,2025-12-14T15:30:57.288Z,2025-12-14T15:30:57.288Z
34,0x000a,-0.261648,0x00000000,2025-12-14T15:30:57.288Z,2025-12-14T15:30:57.288Z
26,0x000a,1.12992,0x00000000,2025-12-14T15:30:57.288Z,2025-12-14T15:30:57.288Z
25,0x000a,1.73973,0x00000000,2025-12-14T15:30:57.288Z,2025-12-14T15:30:57.288Z
23,0x000a,-2.14552,0x00000000,2025-12-14T15:30:57.288Z,2025-12-14T15:30:57.288Z
22,0x000a,-1.54115,0x00000000,2025-12-14T15:30:57.288Z,2025-12-14T15:30:57.288Z
21,0x000a,-0.261648,0x00000000,2025-12-14T15:30:57.288Z,2025-12-14T15:30:57.288Z
18,0x0001,false,0x00000000,2025-12-14T15:30:57.288Z,2025-12-14T15:30:57.288Z
8,0x0004,3124,0x00000000,2025-12-14T15:30:57.288Z,2025-12-14T15:30:57.288Z
7,0x0004,4810,0x00000000,2025-12-14T15:30:57.288Z,2025-12-14T15:30:57.288Z
39,0x000a,-2.0978,0x00000000,2025-12-14T15:30:57.389Z,2025-12-14T15:30:57.389Z
26,0x000a,0.90965,0x00000000,2025-12-14T15:30:57.389Z,2025-12-14T15:30:57.389Z
25,0x000a,1.57986,0x00000000,2025-12-14T15:30:57.389Z,2025-12-14T15:30:57.389Z
8,0x0004,2515,0x00000000,2025-12-14T15:30:57.389Z,2025-12-14T15:30:57.389Z
7,0x0004,4368,0x00000000,2025-12-14T15:30:57.389Z,2025-12-14T15:30:57.389Z
39,0x000a,-2.20269,0x00000000,2025-12-14T15:30:57.489Z,2025-12-14T15:30:57.489Z
38,0x000a,-1.59867,0x00000000,2025-12-14T15:30:57.489Z,2025-12-14T15:30:57.489Z
36,0x000a,-2.12166,0x00000000,2025-12-14T15:30:57.489Z,2025-12-14T15:30:57.489Z
35,0x000a,-1.52108,0x00000000,2025-12-14T15:30:57.489Z,2025-12-14T15:30:57.489Z
34,0x000a,-0.130824,0x00000000,2025-12-14T15:30:57.489Z,2025-12-14T15:30:57.489Z
26,0x000a,0.789931,0x00000000,2025-12-14T15:30:57.489Z,2025-12-14T15:30:57.489Z
25,0x000a,1.42976,0x00000000,2025-12-14T15:30:57.489Z,2025-12-14T15:30:57.489Z
23,0x000a,-2.12166,0x00000000,2025-12-14T15:30:57.489Z,2025-12-14T15:30:57.489Z
22,0x000a,-1.52108,0x00000000,2025-12-14T15:30:57.489Z,2025-12-14T15:30:57.489Z
21,0x000a,-0.130824,0x00000000,2025-12-14T15:30:57.489Z,2025-12-14T15:30:57.489Z
8,0x0004,2184,0x00000000,2025-12-14T15:30:57.489Z,2025-12-14T15:30:57.489Z
7,0x0004,3953,0x00000000,2025-12-14T15:30:57.489Z,2025-12-14T15:30:57.489Z
39,0x000a,-1.19719,0x00000000,2025-12-14T15:30:57.590Z,2025-12-14T15:30:57.590Z
38,0x000a,-1.50101,0x00000000,2025-12-14T15:30:57.590Z,2025-12-14T15:30:57.590Z
36,0x000a,-2.16217,0x00000000,2025-12-14T15:30:57.590Z,2025-12-14T15:30:57.590Z
35,0x000a,-1.55988,0x00000000,2025-12-14T15:30:57.590Z,2025-12-14T15:30:57.590Z
34,0x000a,-0.0654119,0x00000000,2025-12-14T15:30:57.590Z,2025-12-14T15:30:57.590Z
25,0x000a,1.27966,0x00000000,2025-12-14T15:30:57.590Z,2025-12-14T15:30:57.590Z
23,0x000a,-2.16217,0x00000000,2025-12-14T15:30:57.590Z,2025-12-14T15:30:57.590Z
22,0x000a,-1.55988,0x00000000,2025-12-14T15:30:57.590Z,2025-12-14T15:30:57.590Z
21,0x000a,-0.0654119,0x00000000,2025-12-14T15:30:57.590Z,2025-12-14T15:30:57.590Z
16,0x0001,false,0x00000000,2025-12-14T15:30:57.590Z,2025-12-14T15:30:57.590Z
7,0x0004,3538,0x00000000,2025-12-14T15:30:57.590Z,2025-12-14T15:30:57.590Z
39,0x000a,0,0x00000000,2025-12-14T15:30:57.688Z,2025-12-14T15:30:57.688Z
38,0x000a,-3.09968,0x00000000,2025-12-14T15:30:57.688Z,2025-12-14T15:30:57.688Z
36,0x000a,-1.67968,0x00000000,2025-12-14T15:30:57.688Z,2025-12-14T15:30:57.688Z
35,0x000a,-1.53044,0x00000000,2025-12-14T15:30:57.688Z,2025-12-14T15:30:57.688Z
34,0x000a,-0.0327059,0x00000000,2025-12-14T15:30:57.688Z,2025-12-14T15:30:57.688Z
25,0x000a,1.11979,0x00000000,2025-12-14T15:30:57.688Z,2025-12-14T15:30:57.688Z
23,0x000a,-1.67968,0x00000000,2025-12-14T15:30:57.688Z,2025-12-14T15:30:57.688Z
22,0x000a,-1.53044,0x00000000,2025-12-14T15:30:57.688Z,2025-12-14T15:30:57.688Z
21,0x000a,-0.0327059,0x00000000,2025-12-14T15:30:57.688Z,2025-12-14T15:30:57.688Z
7,0x0004,3096,0x00000000,2025-12-14T15:30:57.688Z,2025-12-14T15:30:57.688Z
42,0x0001,true,0x00000000,2025-12-14T15:30:57.788Z,2025-12-14T15:30:57.788Z
38,0x000a,-0.900607,0x00000000,2025-12-14T15:30:57.788Z,2025-12-14T15:30:57.788Z
36,0x000a,-0.839842,0x00000000,2025-12-14T15:30:57.788Z,2025-12-14T15:30:57.788Z
35,0x000a,-2.31506,0x00000000,2025-12-14T15:30:57.788Z,2025-12-14T15:30:57.788Z
34,0x000a,-0.016353,0x00000000,2025-12-14T15:30:57.788Z,2025-12-14T15:30:57.788Z
25,0x000a,1.02973,0x00000000,2025-12-14T15:30:57.788Z,2025-12-14T15:30:57.788Z
23,0x000a,-0.839842,0x00000000,2025-12-14T15:30:57.788Z,2025-12-14T15:30:57.788Z
22,0x000a,-2.31506,0x00000000,2025-12-14T15:30:57.788Z,2025-12-14T15:30:57.788Z
21,0x000a,-0.016353,0x00000000,2025-12-14T15:30:57.788Z,2025-12-14T15:30:57.788Z
7,0x0004,2847,0x00000000,2025-12-14T15:30:57.788Z,2025-12-14T15:30:57.788Z
38,0x000a,0,0x00000000,2025-12-14T15:30:57.888Z,2025-12-14T15:30:57.888Z
36,0x000a,-0.419921,0x00000000,2025-12-14T15:30:57.888Z,2025-12-14T15:30:57.888Z
35,0x000a,-1.60784,0x00000000,2025-12-14T15:30:57.888Z,2025-12-14T15:30:57.888Z
34,0x000a,-0.00817649,0x00000000,2025-12-14T15:30:57.888Z,2025-12-14T15:30:57.888Z
23,0x000a,-0.419921,0x00000000,2025-12-14T15:30:57.888Z,2025-12-14T15:30:57.888Z
22,0x000a,-1.60784,0x00000000,2025-12-14T15:30:57.888Z,2025-12-14T15:30:57.888Z
21,0x000a,-0.00817649,0x00000000,2025-12-14T15:30:57.888Z,2025-12-14T15:30:57.888Z
36,0x000a,-0.20996,0x00000000,2025-12-14T15:30:57.989Z,2025-12-14T15:30:57.989Z
35,0x000a,-0.803918,0x00000000,2025-12-14T15:30:57.989Z,2025-12-14T15:30:57.989Z
34,0x000a,-0.00408824,0x00000000,2025-12-14T15:30:57.989Z,2025-12-14T15:30:57.989Z
23,0x000a,-0.20996,0x00000000,2025-12-14T15:30:57.989Z,2025-12-14T15:30:57.989Z
22,0x000a,-0.803918,0x00000000,2025-12-14T15:30:57.989Z,2025-12-14T15:30:57.989Z
21,0x000a,-0.00408824,0x00000000,2025-12-14T15:30:57.989Z,2025-12-14T15:30:57.989Z
42,0x0001,false,0x00000000,2025-12-14T15:30:58.088Z,2025-12-14T15:30:58.088Z
40,0x0001,false,0x00000000,2025-12-14T15:30:58.088Z,2025-12-14T15:30:58.088Z
36,0x000a,-0.10498,0x00000000,2025-12-14T15:30:58.088Z,2025-12-14T15:30:58.088Z
35,0x000a,-0.401959,0x00000000,2025-12-14T15:30:58.088Z,2025-12-14T15:30:58.088Z
34,0x000a,-0.00204412,0x00000000,2025-12-14T15:30:58.088Z,2025-12-14T15:30:58.088Z
23,0x000a,-0.10498,0x00000000,2025-12-14T15:30:58.088Z,2025-12-14T15:30:58.088Z
22,0x000a,-0.401959,0x00000000,2025-12-14T15:30:58.088Z,2025-12-14T15:30:58.088Z
21,0x000a,-0.00204412,0x00000000,2025-12-14T15:30:58.088Z,2025-12-14T15:30:58.088Z
17,0x0001,true,0x00000000,2025-12-14T15:30:58.088Z,2025-12-14T15:30:58.088Z
15,0x0001,true,0x00000000,2025-12-14T15:30:58.088Z,2025-12-14T15:30:58.088Z
13,0x0001,true,0x00000000,2025-12-14T15:30:58.088Z,2025-12-14T15:30:58.088Z
4,0x000a,6.5,0x00000000,2025-12-14T15:30:58.088Z,2025-12-14T15:30:58.088Z
3,0x000a,8.2,0x00000000,2025-12-14T15:30:58.088Z,2025-12-14T15:30:58.088Z
2,0x000a,7.5,0x00000000,2025-12-14T15:30:58.088Z,2025-12-14T15:30:58.088Z
36,0x000a,-0.0524901,0x00000000,2025-12-14T15:30:58.189Z,2025-12-14T15:30:58.189Z
35,0x000a,-0.200979,0x00000000,2025-12-14T15:30:58.189Z,2025-12-14T15:30:58.189Z
34,0x000a,-0.00102206,0x00000000,2025-12-14T15:30:58.189Z,2025-12-14T15:30:58.189Z
26,0x000a,0.819951,0x00000000,2025-12-14T15:30:58.287Z,2025-12-14T15:30:58.287Z
25,0x000a,1.08977,0x00000000,2025-12-14T15:30:58.287Z,2025-12-14T15:30:58.287Z
24,0x000a,1.81966,0x00000000,2025-12-14T15:30:58.287Z,2025-12-14T15:30:58.287Z
23,0x000a,-0.0524901,0x00000000,2025-12-14T15:30:58.189Z,2025-12-14T15:30:58.189Z
22,0x000a,-0.200979,0x00000000,2025-12-14T15:30:58.189Z,2025-12-14T15:30:58.189Z
21,0x000a,-0.00102206,0x00000000,2025-12-14T15:30:58.189Z,2025-12-14T15:30:58.189Z
8,0x0004,2267,0x00000000,2025-12-14T15:30:58.287Z,2025-12-14T15:30:58.287Z
7,0x0004,3013,0x00000000,2025-12-14T15:30:58.287Z,2025-12-14T15:30:58.287Z
6,0x0004,5031,0x00000000,2025-12-14T15:30:58.287Z,2025-12-14T15:30:58.287Z
39,0x000a,0.300203,0x00000000,2025-12-14T15:30:58.388Z,2025-12-14T15:30:58.388Z
38,0x000a,0.600405,0x00000000,2025-12-14T15:30:58.388Z,2025-12-14T15:30:58.388Z
37,0x000a,1.09954,0x00000000,2025-12-14T15:30:58.388Z,2025-12-14T15:30:58.388Z
36,0x000a,-0.0262451,0x00000000,2025-12-14T15:30:58.388Z,2025-12-14T15:30:58.388Z
35,0x000a,-0.10049,0x00000000,2025-12-14T15:30:58.388Z,2025-12-14T15:30:58.388Z
34,0x000a,-0.00051103,0x00000000,2025-12-14T15:30:58.388Z,2025-12-14T15:30:58.388Z
26,0x000a,1.02973,0x00000000,2025-12-14T15:30:58.388Z,2025-12-14T15:30:58.388Z
25,0x000a,1.25,0x00000000,2025-12-14T15:30:58.388Z,2025-12-14T15:30:58.388Z
24,0x000a,2.08984,0x00000000,2025-12-14T15:30:58.388Z,2025-12-14T15:30:58.388Z
23,0x000a,-0.0262451,0x00000000,2025-12-14T15:30:58.388Z,2025-12-14T15:30:58.388Z
22,0x000a,-0.10049,0x00000000,2025-12-14T15:30:58.388Z,2025-12-14T15:30:58.388Z
21,0x000a,-0.00051103,0x00000000,2025-12-14T15:30:58.388Z,2025-12-14T15:30:58.388Z
8,0x0004,2847,0x00000000,2025-12-14T15:30:58.388Z,2025-12-14T15:30:58.388Z
7,0x0004,3456,0x00000000,2025-12-14T15:30:58.388Z,2025-12-14T15:30:58.388Z
6,0x0004,5778,0x00000000,2025-12-14T15:30:58.388Z,2025-12-14T15:30:58.388Z
39,0x000a,2.0978,0x00000000,2025-12-14T15:30:58.490Z,2025-12-14T15:30:58.490Z
38,0x000a,1.60229,0x00000000,2025-12-14T15:30:58.490Z,2025-12-14T15:30:58.490Z
37,0x000a,2.70182,0x00000000,2025-12-14T15:30:58.490Z,2025-12-14T15:30:58.490Z
36,0x000a,0.136979,0x00000000,2025-12-14T15:30:58.490Z,2025-12-14T15:30:58.490Z
35,0x000a,0.249958,0x00000000,2025-12-14T15:30:58.490Z,2025-12-14T15:30:58.490Z
34,0x000a,0.549513,0x00000000,2025-12-14T15:30:58.490Z,2025-12-14T15:30:58.490Z
26,0x000a,1.28979,0x00000000,2025-12-14T15:30:58.490Z,2025-12-14T15:30:58.490Z
25,0x000a,1.42976,0x00000000,2025-12-14T15:30:58.490Z,2025-12-14T15:30:58.490Z
24,0x000a,2.4197,0x00000000,2025-12-14T15:30:58.490Z,2025-12-14T15:30:58.490Z
23,0x000a,0.136979,0x00000000,2025-12-14T15:30:58.490Z,2025-12-14T15:30:58.490Z
22,0x000a,0.249958,0x00000000,2025-12-14T15:30:58.490Z,2025-12-14T15:30:58.490Z
21,0x000a,0.549513,0x00000000,2025-12-14T15:30:58.490Z,2025-12-14T15:30:58.490Z
8,0x0004,3566,0x00000000,2025-12-14T15:30:58.490Z,2025-12-14T15:30:58.490Z
7,0x0004,3953,0x00000000,2025-12-14T15:30:58.490Z,2025-12-14T15:30:58.490Z
6,0x0004,6690,0x00000000,2025-12-14T15:30:58.490Z,2025-12-14T15:30:58.490Z
39,0x000a,2.60055,0x00000000,2025-12-14T15:30:58.590Z,2025-12-14T15:30:58.590Z
38,0x000a,1.7976,0x00000000,2025-12-14T15:30:58.590Z,2025-12-14T15:30:58.590Z
37,0x000a,3.29861,0x00000000,2025-12-14T15:30:58.590Z,2025-12-14T15:30:58.590Z
36,0x000a,1.11739,0x00000000,2025-12-14T15:30:58.590Z,2025-12-14T15:30:58.590Z
35,0x000a,0.926122,0x00000000,2025-12-14T15:30:58.590Z,2025-12-14T15:30:58.590Z
34,0x000a,1.62567,0x00000000,2025-12-14T15:30:58.590Z,2025-12-14T15:30:58.590Z
26,0x000a,1.49993,0x00000000,2025-12-14T15:30:58.590Z,2025-12-14T15:30:58.590Z
25,0x000a,1.57986,0x00000000,2025-12-14T15:30:58.590Z,2025-12-14T15:30:58.590Z
24,0x000a,2.69965,0x00000000,2025-12-14T15:30:58.590Z,2025-12-14T15:30:58.590Z
23,0x000a,1.11739,0x00000000,2025-12-14T15:30:58.590Z,2025-12-14T15:30:58.590Z
22,0x000a,0.926122,0x00000000,2025-12-14T15:30:58.590Z,2025-12-14T15:30:58.590Z
21,0x000a,1.62567,0x00000000,2025-12-14T15:30:58.590Z,2025-12-14T15:30:58.590Z
8,0x0004,4147,0x00000000,2025-12-14T15:30:58.590Z,2025-12-14T15:30:58.590Z
7,0x0004,4368,0x00000000,2025-12-14T15:30:58.590Z,2025-12-14T15:30:58.590Z
6,0x0004,7464,0x00000000,2025-12-14T15:30:58.590Z,2025-12-14T15:30:58.590Z
39,0x000a,2.10142,0x00000000,2025-12-14T15:30:58.689Z,2025-12-14T15:30:58.689Z
38,0x000a,1.50101,0x00000000,2025-12-14T15:30:58.689Z,2025-12-14T15:30:58.689Z
37,0x000a,2.79948,0x00000000,2025-12-14T15:30:58.689Z,2025-12-14T15:30:58.689Z
36,0x000a,1.85897,0x00000000,2025-12-14T15:30:58.689Z,2025-12-14T15:30:58.689Z
35,0x000a,1.36186,0x00000000,2025-12-14T15:30:58.689Z,2025-12-14T15:30:58.689Z
34,0x000a,2.46214,0x00000000,2025-12-14T15:30:58.689Z,2025-12-14T15:30:58.689Z
26,0x000a,1.70971,0x00000000,2025-12-14T15:30:58.689Z,2025-12-14T15:30:58.689Z
25,0x000a,1.73973,0x00000000,2025-12-14T15:30:58.689Z,2025-12-14T15:30:58.689Z
24,0x000a,2.97996,0x00000000,2025-12-14T15:30:58.689Z,2025-12-14T15:30:58.689Z
23,0x000a,1.85897,0x00000000,2025-12-14T15:30:58.689Z,2025-12-14T15:30:58.689Z
22,0x000a,1.36186,0x00000000,2025-12-14T15:30:58.689Z,2025-12-14T15:30:58.689Z
21,0x000a,2.46214,0x00000000,2025-12-14T15:30:58.689Z,2025-12-14T15:30:58.689Z
8,0x0004,4727,0x00000000,2025-12-14T15:30:58.689Z,2025-12-14T15:30:58.689Z
7,0x0004,4810,0x00000000,2025-12-14T15:30:58.689Z,2025-12-14T15:30:58.689Z
6,0x0004,8239,0x00000000,2025-12-14T15:30:58.689Z,2025-12-14T15:30:58.689Z
39,0x000a,4.19922,0x00000000,2025-12-14T15:30:58.789Z,2025-12-14T15:30:58.789Z
38,0x000a,3.09968,0x00000000,2025-12-14T15:30:58.789Z,2025-12-14T15:30:58.789Z
37,0x000a,5.5013,0x00000000,2025-12-14T15:30:58.789Z,2025-12-14T15:30:58.789Z
36,0x000a,1.98019,0x00000000,2025-12-14T15:30:58.789Z,2025-12-14T15:30:58.789Z
35,0x000a,1.43144,0x00000000,2025-12-14T15:30:58.789Z,2025-12-14T15:30:58.789Z
34,0x000a,2.63081,0x00000000,2025-12-14T15:30:58.789Z,2025-12-14T15:30:58.789Z
26,0x000a,1.91985,0x00000000,2025-12-14T15:30:58.789Z,2025-12-14T15:30:58.789Z
25,0x000a,1.88983,0x00000000,2025-12-14T15:30:58.789Z,2025-12-14T15:30:58.789Z
24,0x000a,3.24978,0x00000000,2025-12-14T15:30:58.789Z,2025-12-14T15:30:58.789Z
23,0x000a,1.98019,0x00000000,2025-12-14T15:30:58.789Z,2025-12-14T15:30:58.789Z
22,0x000a,1.43144,0x00000000,2025-12-14T15:30:58.789Z,2025-12-14T15:30:58.789Z
21,0x000a,2.63081,0x00000000,2025-12-14T15:30:58.789Z,2025-12-14T15:30:58.789Z
8,0x0004,5308,0x00000000,2025-12-14T15:30:58.789Z,2025-12-14T15:30:58.789Z
7,0x0004,5225,0x00000000,2025-12-14T15:30:58.789Z,2025-12-14T15:30:58.789Z
6,0x0004,8985,0x00000000,2025-12-14T15:30:58.789Z,2025-12-14T15:30:58.789Z
39,0x000a,2.19907,0x00000000,2025-12-14T15:30:58.887Z,2025-12-14T15:30:58.887Z
38,0x000a,1.50101,0x00000000,2025-12-14T15:30:58.887Z,2025-12-14T15:30:58.887Z
37,0x000a,2.79948,0x00000000,2025-12-14T15:30:58.887Z,2025-12-14T15:30:58.887Z
36,0x000a,3.08971,0x00000000,2025-12-14T15:30:58.887Z,2025-12-14T15:30:58.887Z
35,0x000a,2.26556,0x00000000,2025-12-14T15:30:58.887Z,2025-12-14T15:30:58.887Z
34,0x000a,4.06606,0x00000000,2025-12-14T15:30:58.887Z,2025-12-14T15:30:58.887Z
26,0x000a,2.13976,0x00000000,2025-12-14T15:30:58.887Z,2025-12-14T15:30:58.887Z
25,0x000a,2.03993,0x00000000,2025-12-14T15:30:58.887Z,2025-12-14T15:30:58.887Z
24,0x000a,3.52973,0x00000000,2025-12-14T15:30:58.887Z,2025-12-14T15:30:58.887Z
23,0x000a,3.08971,0x00000000,2025-12-14T15:30:58.887Z,2025-12-14T15:30:58.887Z
22,0x000a,2.26556,0x00000000,2025-12-14T15:30:58.887Z,2025-12-14T15:30:58.887Z
21,0x000a,4.06606,0x00000000,2025-12-14T15:30:58.887Z,2025-12-14T15:30:58.887Z
8,0x0004,5916,0x00000000,2025-12-14T15:30:58.887Z,2025-12-14T15:30:58.887Z
7,0x0004,5640,0x00000000,2025-12-14T15:30:58.887Z,2025-12-14T15:30:58.887Z
6,0x0004,9759,0x00000000,2025-12-14T15:30:58.887Z,2025-12-14T15:30:58.887Z
36,0x000a,2.64439,0x00000000,2025-12-14T15:30:58.990Z,2025-12-14T15:30:58.990Z
35,0x000a,1.88329,0x00000000,2025-12-14T15:30:58.990Z,2025-12-14T15:30:58.990Z
34,0x000a,3.43277,0x00000000,2025-12-14T15:30:58.990Z,2025-12-14T15:30:58.990Z
26,0x000a,2.3499,0x00000000,2025-12-14T15:30:58.990Z,2025-12-14T15:30:58.990Z
25,0x000a,2.1998,0x00000000,2025-12-14T15:30:58.990Z,2025-12-14T15:30:58.990Z
24,0x000a,3.79991,0x00000000,2025-12-14T15:30:58.990Z,2025-12-14T15:30:58.990Z
23,0x000a,2.64439,0x00000000,2025-12-14T15:30:58.990Z,2025-12-14T15:30:58.990Z
22,0x000a,1.88329,0x00000000,2025-12-14T15:30:58.990Z,2025-12-14T15:30:58.990Z
21,0x000a,3.43277,0x00000000,2025-12-14T15:30:58.990Z,2025-12-14T15:30:58.990Z
8,0x0004,6497,0x00000000,2025-12-14T15:30:58.990Z,2025-12-14T15:30:58.990Z
7,0x0004,6082,0x00000000,2025-12-14T15:30:58.990Z,2025-12-14T15:30:58.990Z
6,0x0004,10506,0x00000000,2025-12-14T15:30:58.990Z,2025-12-14T15:30:58.990Z
39,0x000a,2.10142,0x00000000,2025-12-14T15:30:59.090Z,2025-12-14T15:30:59.090Z
38,0x000a,1.59867,0x00000000,2025-12-14T15:30:59.090Z,2025-12-14T15:30:59.090Z
37,0x000a,2.70182,0x00000000,2025-12-14T15:30:59.090Z,2025-12-14T15:30:59.090Z
26,0x000a,2.60995,0x00000000,2025-12-14T15:30:59.090Z,2025-12-14T15:30:59.090Z
25,0x000a,2.37992,0x00000000,2025-12-14T15:30:59.090Z,2025-12-14T15:30:59.090Z
24,0x000a,4.12977,0x00000000,2025-12-14T15:30:59.090Z,2025-12-14T15:30:59.090Z
8,0x0004,7216,0x00000000,2025-12-14T15:30:59.090Z,2025-12-14T15:30:59.090Z
7,0x0004,6580,0x00000000,2025-12-14T15:30:59.090Z,2025-12-14T15:30:59.090Z
6,0x0004,11418,0x00000000,2025-12-14T15:30:59.090Z,2025-12-14T15:30:59.090Z
39,0x000a,2.60055,0x00000000,2025-12-14T15:30:59.189Z,2025-12-14T15:30:59.189Z
38,0x000a,1.80122,0x00000000,2025-12-14T15:30:59.189Z,2025-12-14T15:30:59.189Z
37,0x000a,3.29861,0x00000000,2025-12-14T15:30:59.189Z,2025-12-14T15:30:59.189Z
36,0x000a,2.3729,0x00000000,2025-12-14T15:30:59.189Z,2025-12-14T15:30:59.189Z
35,0x000a,1.74098,0x00000000,2025-12-14T15:30:59.189Z,2025-12-14T15:30:59.189Z
34,0x000a,3.0673,0x00000000,2025-12-14T15:30:59.189Z,2025-12-14T15:30:59.189Z
26,0x000a,2.81973,0x00000000,2025-12-14T15:30:59.189Z,2025-12-14T15:30:59.189Z
25,0x000a,2.52966,0x00000000,2025-12-14T15:30:59.189Z,2025-12-14T15:30:59.189Z
24,0x000a,4.40972,0x00000000,2025-12-14T15:30:59.189Z,2025-12-14T15:30:59.189Z
23,0x000a,2.3729,0x00000000,2025-12-14T15:30:59.189Z,2025-12-14T15:30:59.189Z
22,0x000a,1.74098,0x00000000,2025-12-14T15:30:59.189Z,2025-12-14T15:30:59.189Z
21,0x000a,3.0673,0x00000000,2025-12-14T15:30:59.189Z,2025-12-14T15:30:59.189Z
8,0x0004,7796,0x00000000,2025-12-14T15:30:59.189Z,2025-12-14T15:30:59.189Z
7,0x0004,6994,0x00000000,2025-12-14T15:30:59.189Z,2025-12-14T15:30:59.189Z
6,0x0004,12192,0x00000000,2025-12-14T15:30:59.189Z,2025-12-14T15:30:59.189Z
39,0x000a,2.0978,0x00000000,2025-12-14T15:30:59.288Z,2025-12-14T15:30:59.288Z
38,0x000a,1.4974,0x00000000,2025-12-14T15:30:59.288Z,2025-12-14T15:30:59.288Z
37,0x000a,2.79948,0x00000000,2025-12-14T15:30:59.288Z,2025-12-14T15:30:59.288Z
36,0x000a,2.48673,0x00000000,2025-12-14T15:30:59.288Z,2025-12-14T15:30:59.288Z
35,0x000a,1.7711,0x00000000,2025-12-14T15:30:59.288Z,2025-12-14T15:30:59.288Z
34,0x000a,3.18295,0x00000000,2025-12-14T15:30:59.288Z,2025-12-14T15:30:59.288Z
26,0x000a,3.02988,0x00000000,2025-12-14T15:30:59.288Z,2025-12-14T15:30:59.288Z
25,0x000a,2.68989,0x00000000,2025-12-14T15:30:59.288Z,2025-12-14T15:30:59.288Z
24,0x000a,4.68967,0x00000000,2025-12-14T15:30:59.288Z,2025-12-14T15:30:59.288Z
23,0x000a,2.48673,0x00000000,2025-12-14T15:30:59.288Z,2025-12-14T15:30:59.288Z
22,0x000a,1.7711,0x00000000,2025-12-14T15:30:59.288Z,2025-12-14T15:30:59.288Z
21,0x000a,3.18295,0x00000000,2025-12-14T15:30:59.288Z,2025-12-14T15:30:59.288Z
8,0x0004,8377,0x00000000,2025-12-14T15:30:59.288Z,2025-12-14T15:30:59.288Z
7,0x0004,7437,0x00000000,2025-12-14T15:30:59.288Z,2025-12-14T15:30:59.288Z
6,0x0004,12966,0x00000000,2025-12-14T15:30:59.288Z,2025-12-14T15:30:59.288Z
39,0x000a,2.10142,0x00000000,2025-12-14T15:30:59.390Z,2025-12-14T15:30:59.390Z
38,0x000a,1.60228,0x00000000,2025-12-14T15:30:59.390Z,2025-12-14T15:30:59.390Z
37,0x000a,2.79948,0x00000000,2025-12-14T15:30:59.390Z,2025-12-14T15:30:59.390Z
36,0x000a,2.29226,0x00000000,2025-12-14T15:30:59.390Z,2025-12-14T15:30:59.390Z
35,0x000a,1.63425,0x00000000,2025-12-14T15:30:59.390Z,2025-12-14T15:30:59.390Z
34,0x000a,2.99122,0x00000000,2025-12-14T15:30:59.390Z,2025-12-14T15:30:59.390Z
26,0x000a,3.24978,0x00000000,2025-12-14T15:30:59.390Z,2025-12-14T15:30:59.390Z
25,0x000a,2.83999,0x00000000,2025-12-14T15:30:59.390Z,2025-12-14T15:30:59.390Z
24,0x000a,4.95985,0x00000000,2025-12-14T15:30:59.390Z,2025-12-14T15:30:59.390Z
23,0x000a,2.29226,0x00000000,2025-12-14T15:30:59.390Z,2025-12-14T15:30:59.390Z
22,0x000a,1.63425,0x00000000,2025-12-14T15:30:59.390Z,2025-12-14T15:30:59.390Z
21,0x000a,2.99122,0x00000000,2025-12-14T15:30:59.390Z,2025-12-14T15:30:59.390Z
8,0x0004,8985,0x00000000,2025-12-14T15:30:59.390Z,2025-12-14T15:30:59.390Z
7,0x0004,7852,0x00000000,2025-12-14T15:30:59.390Z,2025-12-14T15:30:59.390Z
6,0x0004,13713,0x00000000,2025-12-14T15:30:59.390Z,2025-12-14T15:30:59.390Z
39,0x000a,2.19908,0x00000000,2025-12-14T15:30:59.488Z,2025-12-14T15:30:59.488Z
38,0x000a,1.50101,0x00000000,2025-12-14T15:30:59.488Z,2025-12-14T15:30:59.488Z
37,0x000a,2.70182,0x00000000,2025-12-14T15:30:59.488Z,2025-12-14T15:30:59.488Z
36,0x000a,2.19684,0x00000000,2025-12-14T15:30:59.488Z,2025-12-14T15:30:59.488Z
35,0x000a,1.61827,0x00000000,2025-12-14T15:30:59.488Z,2025-12-14T15:30:59.488Z
34,0x000a,2.89535,0x00000000,2025-12-14T15:30:59.488Z,2025-12-14T15:30:59.488Z
26,0x000a,3.45992,0x00000000,2025-12-14T15:30:59.488Z,2025-12-14T15:30:59.488Z
25,0x000a,2.98973,0x00000000,2025-12-14T15:30:59.488Z,2025-12-14T15:30:59.488Z
24,0x000a,5.2398,0x00000000,2025-12-14T15:30:59.488Z,2025-12-14T15:30:59.488Z
23,0x000a,2.19684,0x00000000,2025-12-14T15:30:59.488Z,2025-12-14T15:30:59.488Z
22,0x000a,1.61827,0x00000000,2025-12-14T15:30:59.488Z,2025-12-14T15:30:59.488Z
21,0x000a,2.89535,0x00000000,2025-12-14T15:30:59.488Z,2025-12-14T15:30:59.488Z
8,0x0004,9566,0x00000000,2025-12-14T15:30:59.488Z,2025-12-14T15:30:59.488Z
7,0x0004,8266,0x00000000,2025-12-14T15:30:59.488Z,2025-12-14T15:30:59.488Z
6,0x0004,14487,0x00000000,2025-12-14T15:30:59.488Z,2025-12-14T15:30:59.488Z
39,0x000a,2.10142,0x00000000,2025-12-14T15:30:59.590Z,2025-12-14T15:30:59.590Z
38,0x000a,1.4974,0x00000000,2025-12-14T15:30:59.590Z,2025-12-14T15:30:59.590Z
37,0x000a,2.79948,0x00000000,2025-12-14T15:30:59.590Z,2025-12-14T15:30:59.590Z
36,0x000a,2.19796,0x00000000,2025-12-14T15:30:59.590Z,2025-12-14T15:30:59.590Z
35,0x000a,1.55964,0x00000000,2025-12-14T15:30:59.590Z,2025-12-14T15:30:59.590Z
34,0x000a,2.79858,0x00000000,2025-12-14T15:30:59.590Z,2025-12-14T15:30:59.590Z
26,0x000a,3.6697,0x00000000,2025-12-14T15:30:59.590Z,2025-12-14T15:30:59.590Z
25,0x000a,3.14996,0x00000000,2025-12-14T15:30:59.590Z,2025-12-14T15:30:59.590Z
24,0x000a,5.50998,0x00000000,2025-12-14T15:30:59.590Z,2025-12-14T15:30:59.590Z
23,0x000a,2.19796,0x00000000,2025-12-14T15:30:59.590Z,2025-12-14T15:30:59.590Z
22,0x000a,1.55964,0x00000000,2025-12-14T15:30:59.590Z,2025-12-14T15:30:59.590Z
21,0x000a,2.79858,0x00000000,2025-12-14T15:30:59.590Z,2025-12-14T15:30:59.590Z
8,0x0004,10146,0x00000000,2025-12-14T15:30:59.590Z,2025-12-14T15:30:59.590Z
7,0x0004,8709,0x00000000,2025-12-14T15:30:59.590Z,2025-12-14T15:30:59.590Z
6,0x0004,15234,0x00000000,2025-12-14T15:30:59.590Z,2025-12-14T15:30:59.590Z
39,0x000a,2.0978,0x00000000,2025-12-14T15:30:59.689Z,2025-12-14T15:30:59.689Z
38,0x000a,1.60228,0x00000000,2025-12-14T15:30:59.689Z,2025-12-14T15:30:59.689Z
37,0x000a,2.70182,0x00000000,2025-12-14T15:30:59.689Z,2025-12-14T15:30:59.689Z
36,0x000a,2.14969,0x00000000,2025-12-14T15:30:59.689Z,2025-12-14T15:30:59.689Z
35,0x000a,1.52852,0x00000000,2025-12-14T15:30:59.689Z,2025-12-14T15:30:59.689Z
34,0x000a,2.79903,0x00000000,2025-12-14T15:30:59.689Z,2025-12-14T15:30:59.689Z
26,0x000a,3.88997,0x00000000,2025-12-14T15:30:59.689Z,2025-12-14T15:30:59.689Z
25,0x000a,3.2997,0x00000000,2025-12-14T15:30:59.689Z,2025-12-14T15:30:59.689Z
24,0x000a,5.78993,0x00000000,2025-12-14T15:30:59.689Z,2025-12-14T15:30:59.689Z
23,0x000a,2.14969,0x00000000,2025-12-14T15:30:59.689Z,2025-12-14T15:30:59.689Z
22,0x000a,1.52852,0x00000000,2025-12-14T15:30:59.689Z,2025-12-14T15:30:59.689Z
21,0x000a,2.79903,0x00000000,2025-12-14T15:30:59.689Z,2025-12-14T15:30:59.689Z
8,0x0004,10755,0x00000000,2025-12-14T15:30:59.689Z,2025-12-14T15:30:59.689Z
7,0x0004,9123,0x00000000,2025-12-14T15:30:59.689Z,2025-12-14T15:30:59.689Z
6,0x0004,16008,0x00000000,2025-12-14T15:30:59.689Z,2025-12-14T15:30:59.689Z
39,0x000a,2.20269,0x00000000,2025-12-14T15:30:59.791Z,2025-12-14T15:30:59.791Z
38,0x000a,1.4974,0x00000000,2025-12-14T15:30:59.791Z,2025-12-14T15:30:59.791Z
37,0x000a,2.79948,0x00000000,2025-12-14T15:30:59.791Z,2025-12-14T15:30:59.791Z
36,0x000a,2.12374,0x00000000,2025-12-14T15:30:59.791Z,2025-12-14T15:30:59.791Z
35,0x000a,1.5654,0x00000000,2025-12-14T15:30:59.791Z,2025-12-14T15:30:59.791Z
34,0x000a,2.75043,0x00000000,2025-12-14T15:30:59.791Z,2025-12-14T15:30:59.791Z
26,0x000a,4.1399,0x00000000,2025-12-14T15:30:59.791Z,2025-12-14T15:30:59.791Z
25,0x000a,3.47982,0x00000000,2025-12-14T15:30:59.791Z,2025-12-14T15:30:59.791Z
24,0x000a,6.11979,0x00000000,2025-12-14T15:30:59.791Z,2025-12-14T15:30:59.791Z
23,0x000a,2.12374,0x00000000,2025-12-14T15:30:59.791Z,2025-12-14T15:30:59.791Z
22,0x000a,1.5654,0x00000000,2025-12-14T15:30:59.791Z,2025-12-14T15:30:59.791Z
21,0x000a,2.75043,0x00000000,2025-12-14T15:30:59.791Z,2025-12-14T15:30:59.791Z
8,0x0004,11446,0x00000000,2025-12-14T15:30:59.791Z,2025-12-14T15:30:59.791Z
7,0x0004,9621,0x00000000,2025-12-14T15:30:59.791Z,2025-12-14T15:30:59.791Z
6,0x0004,16920,0x00000000,2025-12-14T15:30:59.791Z,2025-12-14T15:30:59.791Z
39,0x000a,4.59708,0x00000000,2025-12-14T15:30:59.987Z,2025-12-14T15:30:59.987Z
38,0x000a,3.39988,0x00000000,2025-12-14T15:30:59.987Z,2025-12-14T15:30:59.987Z
37,0x000a,6.09809,0x00000000,2025-12-14T15:30:59.987Z,2025-12-14T15:30:59.987Z
36,0x000a,2.16322,0x00000000,2025-12-14T15:30:59.890Z,2025-12-14T15:30:59.890Z
35,0x000a,1.5314,0x00000000,2025-12-14T15:30:59.890Z,2025-12-14T15:30:59.890Z
34,0x000a,2.77495,0x00000000,2025-12-14T15:30:59.890Z,2025-12-14T15:30:59.890Z
26,0x000a,4.34968,0x00000000,2025-12-14T15:30:59.987Z,2025-12-14T15:30:59.987Z
25,0x000a,3.63968,0x00000000,2025-12-14T15:30:59.987Z,2025-12-14T15:30:59.987Z
24,0x000a,6.39974,0x00000000,2025-12-14T15:30:59.987Z,2025-12-14T15:30:59.987Z
23,0x000a,2.16322,0x00000000,2025-12-14T15:30:59.890Z,2025-12-14T15:30:59.890Z
22,0x000a,1.5314,0x00000000,2025-12-14T15:30:59.890Z,2025-12-14T15:30:59.890Z
21,0x000a,2.77495,0x00000000,2025-12-14T15:30:59.890Z,2025-12-14T15:30:59.890Z
8,0x0004,12026,0x00000000,2025-12-14T15:30:59.987Z,2025-12-14T15:30:59.987Z
7,0x0004,10063,0x00000000,2025-12-14T15:30:59.987Z,2025-12-14T15:30:59.987Z
6,0x0004,17694,0x00000000,2025-12-14T15:30:59.987Z,2025-12-14T15:30:59.987Z
39,0x000a,2.20269,0x00000000,2025-12-14T15:31:00.087Z,2025-12-14T15:31:00.087Z
38,0x000a,1.50101,0x00000000,2025-12-14T15:31:00.087Z,2025-12-14T15:31:00.087Z
37,0x000a,2.70183,0x00000000,2025-12-14T15:31:00.087Z,2025-12-14T15:31:00.087Z
36,0x000a,3.38015,0x00000000,2025-12-14T15:31:00.087Z,2025-12-14T15:31:00.087Z
35,0x000a,2.46564,0x00000000,2025-12-14T15:31:00.087Z,2025-12-14T15:31:00.087Z
34,0x000a,4.43652,0x00000000,2025-12-14T15:31:00.087Z,2025-12-14T15:31:00.087Z
26,0x000a,4.56995,0x00000000,2025-12-14T15:31:00.087Z,2025-12-14T15:31:00.087Z
25,0x000a,3.78979,0x00000000,2025-12-14T15:31:00.087Z,2025-12-14T15:31:00.087Z
24,0x000a,6.66992,0x00000000,2025-12-14T15:31:00.087Z,2025-12-14T15:31:00.087Z
23,0x000a,3.38015,0x00000000,2025-12-14T15:31:00.087Z,2025-12-14T15:31:00.087Z
22,0x000a,2.46564,0x00000000,2025-12-14T15:31:00.087Z,2025-12-14T15:31:00.087Z
21,0x000a,4.43652,0x00000000,2025-12-14T15:31:00.087Z,2025-12-14T15:31:00.087Z
8,0x0004,12635,0x00000000,2025-12-14T15:31:00.087Z,2025-12-14T15:31:00.087Z
7,0x0004,10478,0x00000000,2025-12-14T15:31:00.087Z,2025-12-14T15:31:00.087Z
6,0x0004,18441,0x00000000,2025-12-14T15:31:00.087Z,2025-12-14T15:31:00.087Z
39,0x000a,2.0978,0x00000000,2025-12-14T15:31:00.190Z,2025-12-14T15:31:00.190Z
38,0x000a,1.59867,0x00000000,2025-12-14T15:31:00.190Z,2025-12-14T15:31:00.190Z
37,0x000a,2.79948,0x00000000,2025-12-14T15:31:00.190Z,2025-12-14T15:31:00.190Z
36,0x000a,2.79142,0x00000000,2025-12-14T15:31:00.190Z,2025-12-14T15:31:00.190Z
35,0x000a,1.98333,0x00000000,2025-12-14T15:31:00.190Z,2025-12-14T15:31:00.190Z
34,0x000a,3.56917,0x00000000,2025-12-14T15:31:00.190Z,2025-12-14T15:31:00.190Z
26,0x000a,4.77973,0x00000000,2025-12-14T15:31:00.190Z,2025-12-14T15:31:00.190Z
25,0x000a,3.94965,0x00000000,2025-12-14T15:31:00.190Z,2025-12-14T15:31:00.190Z
24,0x000a,6.94987,0x00000000,2025-12-14T15:31:00.190Z,2025-12-14T15:31:00.190Z
23,0x000a,2.79142,0x00000000,2025-12-14T15:31:00.190Z,2025-12-14T15:31:00.190Z
22,0x000a,1.98333,0x00000000,2025-12-14T15:31:00.190Z,2025-12-14T15:31:00.190Z
21,0x000a,3.56917,0x00000000,2025-12-14T15:31:00.190Z,2025-12-14T15:31:00.190Z
8,0x0004,13215,0x00000000,2025-12-14T15:31:00.190Z,2025-12-14T15:31:00.190Z
7,0x0004,10920,0x00000000,2025-12-14T15:31:00.190Z,2025-12-14T15:31:00.190Z
6,0x0004,19215,0x00000000,2025-12-14T15:31:00.190Z,2025-12-14T15:31:00.190Z
39,0x000a,2.10142,0x00000000,2025-12-14T15:31:00.288Z,2025-12-14T15:31:00.288Z
38,0x000a,1.50101,0x00000000,2025-12-14T15:31:00.288Z,2025-12-14T15:31:00.288Z
37,0x000a,2.69821,0x00000000,2025-12-14T15:31:00.288Z,2025-12-14T15:31:00.288Z
36,0x000a,2.44461,0x00000000,2025-12-14T15:31:00.288Z,2025-12-14T15:31:00.288Z
35,0x000a,1.791,0x00000000,2025-12-14T15:31:00.288Z,2025-12-14T15:31:00.288Z
34,0x000a,3.18433,0x00000000,2025-12-14T15:31:00.288Z,2025-12-14T15:31:00.288Z
26,0x000a,4.98987,0x00000000,2025-12-14T15:31:00.288Z,2025-12-14T15:31:00.288Z
25,0x000a,4.09975,0x00000000,2025-12-14T15:31:00.288Z,2025-12-14T15:31:00.288Z
24,0x000a,7.21969,0x00000000,2025-12-14T15:31:00.288Z,2025-12-14T15:31:00.288Z
23,0x000a,2.44461,0x00000000,2025-12-14T15:31:00.288Z,2025-12-14T15:31:00.288Z
22,0x000a,1.791,0x00000000,2025-12-14T15:31:00.288Z,2025-12-14T15:31:00.288Z
21,0x000a,3.18433,0x00000000,2025-12-14T15:31:00.288Z,2025-12-14T15:31:00.288Z
13,0x0001,false,0x00000000,2025-12-14T15:31:00.288Z,2025-12-14T15:31:00.288Z
8,0x0004,13796,0x00000000,2025-12-14T15:31:00.288Z,2025-12-14T15:31:00.288Z
7,0x0004,11335,0x00000000,2025-12-14T15:31:00.288Z,2025-12-14T15:31:00.288Z
6,0x0004,19961,0x00000000,2025-12-14T15:31:00.288Z,2025-12-14T15:31:00.288Z
39,0x000a,2.19908,0x00000000,2025-12-14T15:31:00.390Z,2025-12-14T15:31:00.390Z
37,0x000a,2.8031,0x00000000,2025-12-14T15:31:00.390Z,2025-12-14T15:31:00.390Z
36,0x000a,2.27301,0x00000000,2025-12-14T15:31:00.390Z,2025-12-14T15:31:00.390Z
35,0x000a,1.646,0x00000000,2025-12-14T15:31:00.390Z,2025-12-14T15:31:00.390Z
34,0x000a,2.94127,0x00000000,2025-12-14T15:31:00.390Z,2025-12-14T15:31:00.390Z
26,0x000a,5.20978,0x00000000,2025-12-14T15:31:00.390Z,2025-12-14T15:31:00.390Z
25,0x000a,4.24986,0x00000000,2025-12-14T15:31:00.390Z,2025-12-14T15:31:00.390Z
24,0x000a,7.5,0x00000000,2025-12-14T15:31:00.390Z,2025-12-14T15:31:00.390Z
23,0x000a,2.27301,0x00000000,2025-12-14T15:31:00.390Z,2025-12-14T15:31:00.390Z
22,0x000a,1.646,0x00000000,2025-12-14T15:31:00.390Z,2025-12-14T15:31:00.390Z
21,0x000a,2.94127,0x00000000,2025-12-14T15:31:00.390Z,2025-12-14T15:31:00.390Z
8,0x0004,14404,0x00000000,2025-12-14T15:31:00.390Z,2025-12-14T15:31:00.390Z
7,0x0004,11750,0x00000000,2025-12-14T15:31:00.390Z,2025-12-14T15:31:00.390Z
6,0x0004,20736,0x00000000,2025-12-14T15:31:00.390Z,2025-12-14T15:31:00.390Z
39,0x000a,2.49928,0x00000000,2025-12-14T15:31:00.490Z,2025-12-14T15:31:00.490Z
38,0x000a,1.89888,0x00000000,2025-12-14T15:31:00.490Z,2025-12-14T15:31:00.490Z
37,0x000a,1.69994,0x00000000,2025-12-14T15:31:00.490Z,2025-12-14T15:31:00.490Z
36,0x000a,2.23605,0x00000000,2025-12-14T15:31:00.490Z,2025-12-14T15:31:00.490Z
35,0x000a,1.57351,0x00000000,2025-12-14T15:31:00.490Z,2025-12-14T15:31:00.490Z
34,0x000a,2.87218,0x00000000,2025-12-14T15:31:00.490Z,2025-12-14T15:31:00.490Z
26,0x000a,5.45971,0x00000000,2025-12-14T15:31:00.490Z,2025-12-14T15:31:00.490Z
25,0x000a,4.43974,0x00000000,2025-12-14T15:31:00.490Z,2025-12-14T15:31:00.490Z
24,0x000a,7.66999,0x00000000,2025-12-14T15:31:00.490Z,2025-12-14T15:31:00.490Z
23,0x000a,2.23605,0x00000000,2025-12-14T15:31:00.490Z,2025-12-14T15:31:00.490Z
22,0x000a,1.57351,0x00000000,2025-12-14T15:31:00.490Z,2025-12-14T15:31:00.490Z
21,0x000a,2.87218,0x00000000,2025-12-14T15:31:00.490Z,2025-12-14T15:31:00.490Z
8,0x0004,15095,0x00000000,2025-12-14T15:31:00.490Z,2025-12-14T15:31:00.490Z
7,0x0004,12275,0x00000000,2025-12-14T15:31:00.490Z,2025-12-14T15:31:00.490Z
6,0x0004,21206,0x00000000,2025-12-14T15:31:00.490Z,2025-12-14T15:31:00.490Z
39,0x000a,2.20269,0x00000000,2025-12-14T15:31:00.590Z,2025-12-14T15:31:00.590Z
38,0x000a,1.50101,0x00000000,2025-12-14T15:31:00.590Z,2025-12-14T15:31:00.590Z
37,0x000a,0,0x00000000,2025-12-14T15:31:00.590Z,2025-12-14T15:31:00.590Z
36,0x000a,2.36766,0x00000000,2025-12-14T15:31:00.590Z,2025-12-14T15:31:00.590Z
35,0x000a,1.73619,0x00000000,2025-12-14T15:31:00.590Z,2025-12-14T15:31:00.590Z
34,0x000a,2.28606,0x00000000,2025-12-14T15:31:00.590Z,2025-12-14T15:31:00.590Z
26,0x000a,5.67998,0x00000000,2025-12-14T15:31:00.590Z,2025-12-14T15:31:00.590Z
25,0x000a,4.58984,0x00000000,2025-12-14T15:31:00.590Z,2025-12-14T15:31:00.590Z
23,0x000a,2.36766,0x00000000,2025-12-14T15:31:00.590Z,2025-12-14T15:31:00.590Z
22,0x000a,1.73619,0x00000000,2025-12-14T15:31:00.590Z,2025-12-14T15:31:00.590Z
21,0x000a,2.28606,0x00000000,2025-12-14T15:31:00.590Z,2025-12-14T15:31:00.590Z
8,0x0004,15704,0x00000000,2025-12-14T15:31:00.590Z,2025-12-14T15:31:00.590Z
7,0x0004,12690,0x00000000,2025-12-14T15:31:00.590Z,2025-12-14T15:31:00.590Z
39,0x000a,2.0978,0x00000000,2025-12-14T15:31:00.691Z,2025-12-14T15:31:00.691Z
36,0x000a,2.28518,0x00000000,2025-12-14T15:31:00.691Z,2025-12-14T15:31:00.691Z
35,0x000a,1.6186,0x00000000,2025-12-14T15:31:00.691Z,2025-12-14T15:31:00.691Z
34,0x000a,1.14303,0x00000000,2025-12-14T15:31:00.691Z,2025-12-14T15:31:00.691Z
26,0x000a,5.88976,0x00000000,2025-12-14T15:31:00.691Z,2025-12-14T15:31:00.691Z
25,0x000a,4.73994,0x00000000,2025-12-14T15:31:00.691Z,2025-12-14T15:31:00.691Z
23,0x000a,2.28518,0x00000000,2025-12-14T15:31:00.691Z,2025-12-14T15:31:00.691Z
22,0x000a,1.6186,0x00000000,2025-12-14T15:31:00.691Z,2025-12-14T15:31:00.691Z
21,0x000a,1.14303,0x00000000,2025-12-14T15:31:00.691Z,2025-12-14T15:31:00.691Z
8,0x0004,16284,0x00000000,2025-12-14T15:31:00.691Z,2025-12-14T15:31:00.691Z
7,0x0004,13105,0x00000000,2025-12-14T15:31:00.691Z,2025-12-14T15:31:00.691Z
40,0x0001,true,0x00000000,2025-12-14T15:31:00.787Z,2025-12-14T15:31:00.787Z
26,0x000a,6.0999,0x00000000,2025-12-14T15:31:00.787Z,2025-12-14T15:31:00.787Z
25,0x000a,4.89981,0x00000000,2025-12-14T15:31:00.787Z,2025-12-14T15:31:00.787Z
8,0x0004,16865,0x00000000,2025-12-14T15:31:00.787Z,2025-12-14T15:31:00.787Z
7,0x0004,13547,0x00000000,2025-12-14T15:31:00.787Z,2025-12-14T15:31:00.787Z
39,0x000a,2.10142,0x00000000,2025-12-14T15:31:00.889Z,2025-12-14T15:31:00.889Z
38,0x000a,1.59867,0x00000000,2025-12-14T15:31:00.889Z,2025-12-14T15:31:00.889Z
36,0x000a,2.19149,0x00000000,2025-12-14T15:31:00.889Z,2025-12-14T15:31:00.889Z
35,0x000a,1.55981,0x00000000,2025-12-14T15:31:00.889Z,2025-12-14T15:31:00.889Z
34,0x000a,0.571515,0x00000000,2025-12-14T15:31:00.889Z,2025-12-14T15:31:00.889Z
26,0x000a,6.31981,0x00000000,2025-12-14T15:31:00.889Z,2025-12-14T15:31:00.889Z
25,0x000a,5.04991,0x00000000,2025-12-14T15:31:00.889Z,2025-12-14T15:31:00.889Z
23,0x000a,2.19149,0x00000000,2025-12-14T15:31:00.889Z,2025-12-14T15:31:00.889Z
22,0x000a,1.55981,0x00000000,2025-12-14T15:31:00.889Z,2025-12-14T15:31:00.889Z
21,0x000a,0.571515,0x00000000,2025-12-14T15:31:00.889Z,2025-12-14T15:31:00.889Z
17,0x0001,false,0x00000000,2025-12-14T15:31:00.889Z,2025-12-14T15:31:00.889Z
8,0x0004,17473,0x00000000,2025-12-14T15:31:00.889Z,2025-12-14T15:31:00.889Z
7,0x0004,13962,0x00000000,2025-12-14T15:31:00.889Z,2025-12-14T15:31:00.889Z
39,0x000a,2.19907,0x00000000,2025-12-14T15:31:00.988Z,2025-12-14T15:31:00.988Z
38,0x000a,1.50101,0x00000000,2025-12-14T15:31:00.988Z,2025-12-14T15:31:00.988Z
36,0x000a,2.14645,0x00000000,2025-12-14T15:31:00.988Z,2025-12-14T15:31:00.988Z
35,0x000a,1.57924,0x00000000,2025-12-14T15:31:00.988Z,2025-12-14T15:31:00.988Z
34,0x000a,0.285758,0x00000000,2025-12-14T15:31:00.988Z,2025-12-14T15:31:00.988Z
26,0x000a,6.52995,0x00000000,2025-12-14T15:31:00.988Z,2025-12-14T15:31:00.988Z
25,0x000a,5.19965,0x00000000,2025-12-14T15:31:00.988Z,2025-12-14T15:31:00.988Z
23,0x000a,2.14645,0x00000000,2025-12-14T15:31:00.988Z,2025-12-14T15:31:00.988Z
22,0x000a,1.57924,0x00000000,2025-12-14T15:31:00.988Z,2025-12-14T15:31:00.988Z
21,0x000a,0.285758,0x00000000,2025-12-14T15:31:00.988Z,2025-12-14T15:31:00.988Z
8,0x0004,18054,0x00000000,2025-12-14T15:31:00.988Z,2025-12-14T15:31:00.988Z
7,0x0004,14376,0x00000000,2025-12-14T15:31:00.988Z,2025-12-14T15:31:00.988Z
39,0x000a,3.39988,0x00000000,2025-12-14T15:31:01.090Z,2025-12-14T15:31:01.090Z
38,0x000a,3.09968,0x00000000,2025-12-14T15:31:01.090Z,2025-12-14T15:31:01.090Z
36,0x000a,2.17276,0x00000000,2025-12-14T15:31:01.090Z,2025-12-14T15:31:01.090Z
35,0x000a,1.54012,0x00000000,2025-12-14T15:31:01.090Z,2025-12-14T15:31:01.090Z
34,0x000a,0.142879,0x00000000,2025-12-14T15:31:01.090Z,2025-12-14T15:31:01.090Z
26,0x000a,6.65979,0x00000000,2025-12-14T15:31:01.090Z,2025-12-14T15:31:01.090Z
25,0x000a,5.35988,0x00000000,2025-12-14T15:31:01.090Z,2025-12-14T15:31:01.090Z
23,0x000a,2.17276,0x00000000,2025-12-14T15:31:01.090Z,2025-12-14T15:31:01.090Z
22,0x000a,1.54012,0x00000000,2025-12-14T15:31:01.090Z,2025-12-14T15:31:01.090Z
21,0x000a,0.142879,0x00000000,2025-12-14T15:31:01.090Z,2025-12-14T15:31:01.090Z
8,0x0004,18413,0x00000000,2025-12-14T15:31:01.090Z,2025-12-14T15:31:01.090Z
7,0x0004,14819,0x00000000,2025-12-14T15:31:01.090Z,2025-12-14T15:31:01.090Z
39,0x000a,0,0x00000000,2025-12-14T15:31:01.190Z,2025-12-14T15:31:01.190Z
38,0x000a,1.50101,0x00000000,2025-12-14T15:31:01.190Z,2025-12-14T15:31:01.190Z
36,0x000a,2.78632,0x00000000,2025-12-14T15:31:01.190Z,2025-12-14T15:31:01.190Z
35,0x000a,2.3199,0x00000000,2025-12-14T15:31:01.190Z,2025-12-14T15:31:01.190Z
34,0x000a,0.0714394,0x00000000,2025-12-14T15:31:01.190Z,2025-12-14T15:31:01.190Z
25,0x000a,5.50998,0x00000000,2025-12-14T15:31:01.190Z,2025-12-14T15:31:01.190Z
23,0x000a,2.78632,0x00000000,2025-12-14T15:31:01.190Z,2025-12-14T15:31:01.190Z
22,0x000a,2.3199,0x00000000,2025-12-14T15:31:01.190Z,2025-12-14T15:31:01.190Z
21,0x000a,0.0714394,0x00000000,2025-12-14T15:31:01.190Z,2025-12-14T15:31:01.190Z
7,0x0004,15234,0x00000000,2025-12-14T15:31:01.190Z,2025-12-14T15:31:01.190Z
38,0x000a,1.4974,0x00000000,2025-12-14T15:31:01.289Z,2025-12-14T15:31:01.289Z
36,0x000a,1.39316,0x00000000,2025-12-14T15:31:01.289Z,2025-12-14T15:31:01.289Z
35,0x000a,1.91046,0x00000000,2025-12-14T15:31:01.289Z,2025-12-14T15:31:01.289Z
34,0x000a,0.0357197,0x00000000,2025-12-14T15:31:01.289Z,2025-12-14T15:31:01.289Z
25,0x000a,5.65972,0x00000000,2025-12-14T15:31:01.289Z,2025-12-14T15:31:01.289Z
23,0x000a,1.39316,0x00000000,2025-12-14T15:31:01.289Z,2025-12-14T15:31:01.289Z
22,0x000a,1.91046,0x00000000,2025-12-14T15:31:01.289Z,2025-12-14T15:31:01.289Z
21,0x000a,0.0357197,0x00000000,2025-12-14T15:31:01.289Z,2025-12-14T15:31:01.289Z
7,0x0004,15648,0x00000000,2025-12-14T15:31:01.289Z,2025-12-14T15:31:01.289Z
42,0x0001,true,0x00000000,2025-12-14T15:31:01.390Z,2025-12-14T15:31:01.390Z
38,0x000a,1.90248,0x00000000,2025-12-14T15:31:01.390Z,2025-12-14T15:31:01.390Z
36,0x000a,0.696581,0x00000000,2025-12-14T15:31:01.390Z,2025-12-14T15:31:01.390Z
35,0x000a,1.70393,0x00000000,2025-12-14T15:31:01.390Z,2025-12-14T15:31:01.390Z
34,0x000a,0.0178598,0x00000000,2025-12-14T15:31:01.390Z,2025-12-14T15:31:01.390Z
25,0x000a,5.84997,0x00000000,2025-12-14T15:31:01.390Z,2025-12-14T15:31:01.390Z
23,0x000a,0.696581,0x00000000,2025-12-14T15:31:01.390Z,2025-12-14T15:31:01.390Z
22,0x000a,1.70393,0x00000000,2025-12-14T15:31:01.390Z,2025-12-14T15:31:01.390Z
21,0x000a,0.0178598,0x00000000,2025-12-14T15:31:01.390Z,2025-12-14T15:31:01.390Z
7,0x0004,16174,0x00000000,2025-12-14T15:31:01.390Z,2025-12-14T15:31:01.390Z
38,0x000a,1.4974,0x00000000,2025-12-14T15:31:01.487Z,2025-12-14T15:31:01.487Z
36,0x000a,0.34829,0x00000000,2025-12-14T15:31:01.487Z,2025-12-14T15:31:01.487Z
35,0x000a,1.80321,0x00000000,2025-12-14T15:31:01.487Z,2025-12-14T15:31:01.487Z
34,0x000a,0.00892992,0x00000000,2025-12-14T15:31:01.487Z,2025-12-14T15:31:01.487Z
25,0x000a,5.99971,0x00000000,2025-12-14T15:31:01.487Z,2025-12-14T15:31:01.487Z
23,0x000a,0.34829,0x00000000,2025-12-14T15:31:01.487Z,2025-12-14T15:31:01.487Z
22,0x000a,1.80321,0x00000000,2025-12-14T15:31:01.487Z,2025-12-14T15:31:01.487Z
21,0x000a,0.00892992,0x00000000,2025-12-14T15:31:01.487Z,2025-12-14T15:31:01.487Z
7,0x0004,16588,0x00000000,2025-12-14T15:31:01.487Z,2025-12-14T15:31:01.487Z
38,0x000a,1.50101,0x00000000,2025-12-14T15:31:01.690Z,2025-12-14T15:31:01.690Z
36,0x000a,0.174145,0x00000000,2025-12-14T15:31:01.590Z,2025-12-14T15:31:01.590Z
35,0x000a,1.6503,0x00000000,2025-12-14T15:31:01.590Z,2025-12-14T15:31:01.590Z
34,0x000a,0.00446496,0x00000000,2025-12-14T15:31:01.590Z,2025-12-14T15:31:01.590Z
25,0x000a,6.14981,0x00000000,2025-12-14T15:31:01.590Z,2025-12-14T15:31:01.590Z
25,0x000a,6.30968,0x00000000,2025-12-14T15:31:01.690Z,2025-12-14T15:31:01.690Z
23,0x000a,0.174145,0x00000000,2025-12-14T15:31:01.590Z,2025-12-14T15:31:01.590Z
22,0x000a,1.6503,0x00000000,2025-12-14T15:31:01.590Z,2025-12-14T15:31:01.590Z
21,0x000a,0.00446496,0x00000000,2025-12-14T15:31:01.590Z,2025-12-14T15:31:01.590Z
7,0x0004,17003,0x00000000,2025-12-14T15:31:01.590Z,2025-12-14T15:31:01.590Z
7,0x0004,17445,0x00000000,2025-12-14T15:31:01.690Z,2025-12-14T15:31:01.690Z
38,0x000a,1.59867,0x00000000,2025-12-14T15:31:01.789Z,2025-12-14T15:31:01.789Z
36,0x000a,0.0870726,0x00000000,2025-12-14T15:31:01.789Z,2025-12-14T15:31:01.789Z
35,0x000a,1.57566,0x00000000,2025-12-14T15:31:01.789Z,2025-12-14T15:31:01.789Z
34,0x000a,0.00223248,0x00000000,2025-12-14T15:31:01.789Z,2025-12-14T15:31:01.789Z
25,0x000a,6.45978,0x00000000,2025-12-14T15:31:01.789Z,2025-12-14T15:31:01.789Z
23,0x000a,0.0870726,0x00000000,2025-12-14T15:31:01.789Z,2025-12-14T15:31:01.789Z
22,0x000a,1.57566,0x00000000,2025-12-14T15:31:01.789Z,2025-12-14T15:31:01.789Z
21,0x000a,0.00223248,0x00000000,2025-12-14T15:31:01.789Z,2025-12-14T15:31:01.789Z
7,0x0004,17860,0x00000000,2025-12-14T15:31:01.789Z,2025-12-14T15:31:01.789Z
38,0x000a,1.50102,0x00000000,2025-12-14T15:31:01.889Z,2025-12-14T15:31:01.889Z
36,0x000a,0.0435363,0x00000000,2025-12-14T15:31:01.889Z,2025-12-14T15:31:01.889Z
35,0x000a,1.58716,0x00000000,2025-12-14T15:31:01.889Z,2025-12-14T15:31:01.889Z
34,0x000a,0.00111624,0x00000000,2025-12-14T15:31:01.889Z,2025-12-14T15:31:01.889Z
25,0x000a,6.6399,0x00000000,2025-12-14T15:31:01.889Z,2025-12-14T15:31:01.889Z
23,0x000a,0.0435363,0x00000000,2025-12-14T15:31:01.889Z,2025-12-14T15:31:01.889Z
22,0x000a,1.58716,0x00000000,2025-12-14T15:31:01.889Z,2025-12-14T15:31:01.889Z
21,0x000a,0.00111624,0x00000000,2025-12-14T15:31:01.889Z,2025-12-14T15:31:01.889Z
7,0x0004,18358,0x00000000,2025-12-14T15:31:01.889Z,2025-12-14T15:31:01.889Z
38,0x000a,1.80121,0x00000000,2025-12-14T15:31:01.990Z,2025-12-14T15:31:01.990Z
36,0x000a,0.0217681,0x00000000,2025-12-14T15:31:01.990Z,2025-12-14T15:31:01.990Z
35,0x000a,1.54409,0x00000000,2025-12-14T15:31:01.990Z,2025-12-14T15:31:01.990Z
34,0x000a,0.00055812,0x00000000,2025-12-14T15:31:01.990Z,2025-12-14T15:31:01.990Z
25,0x000a,6.79977,0x00000000,2025-12-14T15:31:01.990Z,2025-12-14T15:31:01.990Z
23,0x000a,0.0217681,0x00000000,2025-12-14T15:31:01.990Z,2025-12-14T15:31:01.990Z
22,0x000a,1.54409,0x00000000,2025-12-14T15:31:01.990Z,2025-12-14T15:31:01.990Z
21,0x000a,0.00055812,0x00000000,2025-12-14T15:31:01.990Z,2025-12-14T15:31:01.990Z
7,0x0004,18800,0x00000000,2025-12-14T15:31:01.990Z,2025-12-14T15:31:01.990Z
38,0x000a,1.59867,0x00000000,2025-12-14T15:31:02.089Z,2025-12-14T15:31:02.089Z
36,0x000a,0.0108841,0x00000000,2025-12-14T15:31:02.089Z,2025-12-14T15:31:02.089Z
35,0x000a,1.67265,0x00000000,2025-12-14T15:31:02.089Z,2025-12-14T15:31:02.089Z
34,0x000a,0.00027906,0x00000000,2025-12-14T15:31:02.089Z,2025-12-14T15:31:02.089Z
25,0x000a,6.94987,0x00000000,2025-12-14T15:31:02.089Z,2025-12-14T15:31:02.089Z
23,0x000a,0.0108841,0x00000000,2025-12-14T15:31:02.089Z,2025-12-14T15:31:02.089Z
22,0x000a,1.67265,0x00000000,2025-12-14T15:31:02.089Z,2025-12-14T15:31:02.089Z
21,0x000a,0.00027906,0x00000000,2025-12-14T15:31:02.089Z,2025-12-14T15:31:02.089Z
7,0x0004,19215,0x00000000,2025-12-14T15:31:02.089Z,2025-12-14T15:31:02.089Z
38,0x000a,3.00202,0x00000000,2025-12-14T15:31:02.189Z,2025-12-14T15:31:02.189Z
36,0x000a,0.00544204,0x00000000,2025-12-14T15:31:02.189Z,2025-12-14T15:31:02.189Z
35,0x000a,1.63566,0x00000000,2025-12-14T15:31:02.189Z,2025-12-14T15:31:02.189Z
34,0x000a,0.00013953,0x00000000,2025-12-14T15:31:02.189Z,2025-12-14T15:31:02.189Z
25,0x000a,7.09997,0x00000000,2025-12-14T15:31:02.189Z,2025-12-14T15:31:02.189Z
23,0x000a,0.00544204,0x00000000,2025-12-14T15:31:02.189Z,2025-12-14T15:31:02.189Z
22,0x000a,1.63566,0x00000000,2025-12-14T15:31:02.189Z,2025-12-14T15:31:02.189Z
21,0x000a,0.00013953,0x00000000,2025-12-14T15:31:02.189Z,2025-12-14T15:31:02.189Z
7,0x0004,19630,0x00000000,2025-12-14T15:31:02.189Z,2025-12-14T15:31:02.189Z
38,0x000a,1.59867,0x00000000,2025-12-14T15:31:02.289Z,2025-12-14T15:31:02.289Z
36,0x000a,0.00272102,0x00000000,2025-12-14T15:31:02.289Z,2025-12-14T15:31:02.289Z
35,0x000a,2.31884,0x00000000,2025-12-14T15:31:02.289Z,2025-12-14T15:31:02.289Z
34,0x000a,6.9765e-05,0x00000000,2025-12-14T15:31:02.289Z,2025-12-14T15:31:02.289Z
25,0x000a,7.25984,0x00000000,2025-12-14T15:31:02.289Z,2025-12-14T15:31:02.289Z
23,0x000a,0.00272102,0x00000000,2025-12-14T15:31:02.289Z,2025-12-14T15:31:02.289Z
22,0x000a,2.31884,0x00000000,2025-12-14T15:31:02.289Z,2025-12-14T15:31:02.289Z
21,0x000a,6.9765e-05,0x00000000,2025-12-14T15:31:02.289Z,2025-12-14T15:31:02.289Z
7,0x0004,20072,0x00000000,2025-12-14T15:31:02.289Z,2025-12-14T15:31:02.289Z
36,0x000a,0.00136051,0x00000000,2025-12-14T15:31:02.389Z,2025-12-14T15:31:02.389Z
35,0x000a,1.95876,0x00000000,2025-12-14T15:31:02.389Z,2025-12-14T15:31:02.389Z
34,0x000a,3.48825e-05,0x00000000,2025-12-14T15:31:02.389Z,2025-12-14T15:31:02.389Z
25,0x000a,7.43996,0x00000000,2025-12-14T15:31:02.389Z,2025-12-14T15:31:02.389Z
23,0x000a,0.00136051,0x00000000,2025-12-14T15:31:02.389Z,2025-12-14T15:31:02.389Z
22,0x000a,1.95876,0x00000000,2025-12-14T15:31:02.389Z,2025-12-14T15:31:02.389Z
21,0x000a,3.48825e-05,0x00000000,2025-12-14T15:31:02.389Z,2025-12-14T15:31:02.389Z
7,0x0004,20570,0x00000000,2025-12-14T15:31:02.389Z,2025-12-14T15:31:02.389Z
38,0x000a,1.80122,0x00000000,2025-12-14T15:31:02.488Z,2025-12-14T15:31:02.488Z
25,0x000a,7.59983,0x00000000,2025-12-14T15:31:02.488Z,2025-12-14T15:31:02.488Z
7,0x0004,21012,0x00000000,2025-12-14T15:31:02.488Z,2025-12-14T15:31:02.488Z
38,0x000a,1.59867,0x00000000,2025-12-14T15:31:02.589Z,2025-12-14T15:31:02.589Z
36,0x000a,0.000680255,0x00000000,2025-12-14T15:31:02.589Z,2025-12-14T15:31:02.589Z
35,0x000a,1.87999,0x00000000,2025-12-14T15:31:02.589Z,2025-12-14T15:31:02.589Z
34,0x000a,1.74413e-05,0x00000000,2025-12-14T15:31:02.589Z,2025-12-14T15:31:02.589Z
25,0x000a,7.74993,0x00000000,2025-12-14T15:31:02.589Z,2025-12-14T15:31:02.589Z
23,0x000a,0.000680255,0x00000000,2025-12-14T15:31:02.589Z,2025-12-14T15:31:02.589Z
22,0x000a,1.87999,0x00000000,2025-12-14T15:31:02.589Z,2025-12-14T15:31:02.589Z
21,0x000a,1.74413e-05,0x00000000,2025-12-14T15:31:02.589Z,2025-12-14T15:31:02.589Z
7,0x0004,21427,0x00000000,2025-12-14T15:31:02.589Z,2025-12-14T15:31:02.589Z
38,0x000a,1.50101,0x00000000,2025-12-14T15:31:02.689Z,2025-12-14T15:31:02.689Z
36,0x000a,0.000340127,0x00000000,2025-12-14T15:31:02.689Z,2025-12-14T15:31:02.689Z
35,0x000a,1.73933,0x00000000,2025-12-14T15:31:02.689Z,2025-12-14T15:31:02.689Z
34,0x000a,8.72063e-06,0x00000000,2025-12-14T15:31:02.689Z,2025-12-14T15:31:02.689Z
25,0x000a,7.89967,0x00000000,2025-12-14T15:31:02.689Z,2025-12-14T15:31:02.689Z
23,0x000a,0.000340127,0x00000000,2025-12-14T15:31:02.689Z,2025-12-14T15:31:02.689Z
22,0x000a,1.73933,0x00000000,2025-12-14T15:31:02.689Z,2025-12-14T15:31:02.689Z
21,0x000a,8.72063e-06,0x00000000,2025-12-14T15:31:02.689Z,2025-12-14T15:31:02.689Z
7,0x0004,21841,0x00000000,2025-12-14T15:31:02.689Z,2025-12-14T15:31:02.689Z
38,0x000a,1.4974,0x00000000,2025-12-14T15:31:02.788Z,2025-12-14T15:31:02.788Z
36,0x000a,0.000170064,0x00000000,2025-12-14T15:31:02.788Z,2025-12-14T15:31:02.788Z
35,0x000a,1.62017,0x00000000,2025-12-14T15:31:02.788Z,2025-12-14T15:31:02.788Z
34,0x000a,4.36031e-06,0x00000000,2025-12-14T15:31:02.788Z,2025-12-14T15:31:02.788Z
25,0x000a,8.0599,0x00000000,2025-12-14T15:31:02.788Z,2025-12-14T15:31:02.788Z
23,0x000a,0.000170064,0x00000000,2025-12-14T15:31:02.788Z,2025-12-14T15:31:02.788Z
22,0x000a,1.62017,0x00000000,2025-12-14T15:31:02.788Z,2025-12-14T15:31:02.788Z
21,0x000a,4.36031e-06,0x00000000,2025-12-14T15:31:02.788Z,2025-12-14T15:31:02.788Z
15,0x0001,false,0x00000000,2025-12-14T15:31:02.788Z,2025-12-14T15:31:02.788Z
7,0x0004,22284,0x00000000,2025-12-14T15:31:02.788Z,2025-12-14T15:31:02.788Z
38,0x000a,1.60228,0x00000000,2025-12-14T15:31:02.892Z,2025-12-14T15:31:02.892Z
36,0x000a,8.50318e-05,0x00000000,2025-12-14T15:31:02.892Z,2025-12-14T15:31:02.892Z
35,0x000a,1.55878,0x00000000,2025-12-14T15:31:02.892Z,2025-12-14T15:31:02.892Z
34,0x000a,2.18016e-06,0x00000000,2025-12-14T15:31:02.892Z,2025-12-14T15:31:02.892Z
25,0x000a,8.21,0x00000000,2025-12-14T15:31:02.892Z,2025-12-14T15:31:02.892Z
23,0x000a,8.50318e-05,0x00000000,2025-12-14T15:31:02.892Z,2025-12-14T15:31:02.892Z
22,0x000a,1.55878,0x00000000,2025-12-14T15:31:02.892Z,2025-12-14T15:31:02.892Z
21,0x000a,2.18016e-06,0x00000000,2025-12-14T15:31:02.892Z,2025-12-14T15:31:02.892Z
7,0x0004,22699,0x00000000,2025-12-14T15:31:02.892Z,2025-12-14T15:31:02.892Z
38,0x000a,1.50102,0x00000000,2025-12-14T15:31:02.990Z,2025-12-14T15:31:02.990Z
36,0x000a,4.25159e-05,0x00000000,2025-12-14T15:31:02.990Z,2025-12-14T15:31:02.990Z
35,0x000a,1.58053,0x00000000,2025-12-14T15:31:02.990Z,2025-12-14T15:31:02.990Z
34,0x000a,1.09008e-06,0x00000000,2025-12-14T15:31:02.990Z,2025-12-14T15:31:02.990Z
23,0x000a,4.25159e-05,0x00000000,2025-12-14T15:31:02.990Z,2025-12-14T15:31:02.990Z
22,0x000a,1.58053,0x00000000,2025-12-14T15:31:02.990Z,2025-12-14T15:31:02.990Z
21,0x000a,1.09008e-06,0x00000000,2025-12-14T15:31:02.990Z,2025-12-14T15:31:02.990Z
38,0x000a,0.896988,0x00000000,2025-12-14T15:31:03.089Z,2025-12-14T15:31:03.089Z
36,0x000a,2.1258e-05,0x00000000,2025-12-14T15:31:03.089Z,2025-12-14T15:31:03.089Z
35,0x000a,1.54077,0x00000000,2025-12-14T15:31:03.089Z,2025-12-14T15:31:03.089Z
34,0x000a,5.45039e-07,0x00000000,2025-12-14T15:31:03.089Z,2025-12-14T15:31:03.089Z
25,0x000a,8.2997,0x00000000,2025-12-14T15:31:03.089Z,2025-12-14T15:31:03.089Z
23,0x000a,2.1258e-05,0x00000000,2025-12-14T15:31:03.089Z,2025-12-14T15:31:03.089Z
22,0x000a,1.54077,0x00000000,2025-12-14T15:31:03.089Z,2025-12-14T15:31:03.089Z
21,0x000a,5.45039e-07,0x00000000,2025-12-14T15:31:03.089Z,2025-12-14T15:31:03.089Z
7,0x0004,22947,0x00000000,2025-12-14T15:31:03.089Z,2025-12-14T15:31:03.089Z
36,0x000a,1.0629e-05,0x00000000,2025-12-14T15:31:03.189Z,2025-12-14T15:31:03.189Z
35,0x000a,1.21888,0x00000000,2025-12-14T15:31:03.189Z,2025-12-14T15:31:03.189Z
34,0x000a,2.7252e-07,0x00000000,2025-12-14T15:31:03.189Z,2025-12-14T15:31:03.189Z
23,0x000a,1.0629e-05,0x00000000,2025-12-14T15:31:03.189Z,2025-12-14T15:31:03.189Z
22,0x000a,1.21888,0x00000000,2025-12-14T15:31:03.189Z,2025-12-14T15:31:03.189Z
21,0x000a,2.7252e-07,0x00000000,2025-12-14T15:31:03.189Z,2025-12-14T15:31:03.189Z
42,0x0001,false,0x00000000,2025-12-14T15:31:03.388Z,2025-12-14T15:31:03.388Z
40,0x0001,false,0x00000000,2025-12-14T15:31:03.388Z,2025-12-14T15:31:03.388Z
38,0x000a,0,0x00000000,2025-12-14T15:31:03.291Z,2025-12-14T15:31:03.291Z
36,0x000a,5.31449e-06,0x00000000,2025-12-14T15:31:03.388Z,2025-12-14T15:31:03.388Z
35,0x000a,0.609441,0x00000000,2025-12-14T15:31:03.388Z,2025-12-14T15:31:03.388Z
34,0x000a,1.3626e-07,0x00000000,2025-12-14T15:31:03.388Z,2025-12-14T15:31:03.388Z
23,0x000a,5.31449e-06,0x00000000,2025-12-14T15:31:03.388Z,2025-12-14T15:31:03.388Z
22,0x000a,0.609441,0x00000000,2025-12-14T15:31:03.388Z,2025-12-14T15:31:03.388Z
21,0x000a,1.3626e-07,0x00000000,2025-12-14T15:31:03.388Z,2025-12-14T15:31:03.388Z
18,0x0001,true,0x00000000,2025-12-14T15:31:03.388Z,2025-12-14T15:31:03.388Z
16,0x0001,true,0x00000000,2025-12-14T15:31:03.388Z,2025-12-14T15:31:03.388Z
14,0x0001,true,0x00000000,2025-12-14T15:31:03.388Z,2025-12-14T15:31:03.388Z
4,0x000a,4.2,0x00000000,2025-12-14T15:31:03.291Z,2025-12-14T15:31:03.291Z
3,0x000a,3.8,0x00000000,2025-12-14T15:31:03.291Z,2025-12-14T15:31:03.291Z
2,0x000a,4.5,0x00000000,2025-12-14T15:31:03.291Z,2025-12-14T15:31:03.291Z
36,0x000a,2.65724e-06,0x00000000,2025-12-14T15:31:03.488Z,2025-12-14T15:31:03.488Z
35,0x000a,0.30472,0x00000000,2025-12-14T15:31:03.488Z,2025-12-14T15:31:03.488Z
34,0x000a,6.81299e-08,0x00000000,2025-12-14T15:31:03.488Z,2025-12-14T15:31:03.488Z
23,0x000a,2.65724e-06,0x00000000,2025-12-14T15:31:03.488Z,2025-12-14T15:31:03.488Z
22,0x000a,0.30472,0x00000000,2025-12-14T15:31:03.488Z,2025-12-14T15:31:03.488Z
21,0x000a,6.81299e-08,0x00000000,2025-12-14T15:31:03.488Z,2025-12-14T15:31:03.488Z
39,0x000a,-0.799332,0x00000000,2025-12-14T15:31:03.590Z,2025-12-14T15:31:03.590Z
38,0x000a,-0.896988,0x00000000,2025-12-14T15:31:03.590Z,2025-12-14T15:31:03.590Z
37,0x000a,-1.69994,0x00000000,2025-12-14T15:31:03.590Z,2025-12-14T15:31:03.590Z
36,0x000a,1.32862e-06,0x00000000,2025-12-14T15:31:03.590Z,2025-12-14T15:31:03.590Z
35,0x000a,0.15236,0x00000000,2025-12-14T15:31:03.590Z,2025-12-14T15:31:03.590Z
34,0x000a,3.40649e-08,0x00000000,2025-12-14T15:31:03.590Z,2025-12-14T15:31:03.590Z
26,0x000a,6.57986,0x00000000,2025-12-14T15:31:03.590Z,2025-12-14T15:31:03.590Z
25,0x000a,8.21,0x00000000,2025-12-14T15:31:03.590Z,2025-12-14T15:31:03.590Z
24,0x000a,7.5,0x00000000,2025-12-14T15:31:03.590Z,2025-12-14T15:31:03.590Z
23,0x000a,1.32862e-06,0x00000000,2025-12-14T15:31:03.590Z,2025-12-14T15:31:03.590Z
22,0x000a,0.15236,0x00000000,2025-12-14T15:31:03.590Z,2025-12-14T15:31:03.590Z
21,0x000a,3.40649e-08,0x00000000,2025-12-14T15:31:03.590Z,2025-12-14T15:31:03.590Z
8,0x0004,18192,0x00000000,2025-12-14T15:31:03.590Z,2025-12-14T15:31:03.590Z
7,0x0004,22699,0x00000000,2025-12-14T15:31:03.590Z,2025-12-14T15:31:03.590Z
6,0x0004,20736,0x00000000,2025-12-14T15:31:03.590Z,2025-12-14T15:31:03.590Z
39,0x000a,-2.10142,0x00000000,2025-12-14T15:31:03.688Z,2025-12-14T15:31:03.688Z
38,0x000a,-1.50102,0x00000000,2025-12-14T15:31:03.688Z,2025-12-14T15:31:03.688Z
37,0x000a,-2.8031,0x00000000,2025-12-14T15:31:03.688Z,2025-12-14T15:31:03.688Z
36,0x000a,-0.399665,0x00000000,2025-12-14T15:31:03.688Z,2025-12-14T15:31:03.688Z
35,0x000a,-0.372314,0x00000000,2025-12-14T15:31:03.688Z,2025-12-14T15:31:03.688Z
34,0x000a,-0.849969,0x00000000,2025-12-14T15:31:03.688Z,2025-12-14T15:31:03.688Z
26,0x000a,6.36972,0x00000000,2025-12-14T15:31:03.688Z,2025-12-14T15:31:03.688Z
25,0x000a,8.0599,0x00000000,2025-12-14T15:31:03.688Z,2025-12-14T15:31:03.688Z
24,0x000a,7.21969,0x00000000,2025-12-14T15:31:03.688Z,2025-12-14T15:31:03.688Z
23,0x000a,-0.399665,0x00000000,2025-12-14T15:31:03.688Z,2025-12-14T15:31:03.688Z
22,0x000a,-0.372314,0x00000000,2025-12-14T15:31:03.688Z,2025-12-14T15:31:03.688Z
21,0x000a,-0.849969,0x00000000,2025-12-14T15:31:03.688Z,2025-12-14T15:31:03.688Z
8,0x0004,17611,0x00000000,2025-12-14T15:31:03.688Z,2025-12-14T15:31:03.688Z
7,0x0004,22284,0x00000000,2025-12-14T15:31:03.688Z,2025-12-14T15:31:03.688Z
6,0x0004,19961,0x00000000,2025-12-14T15:31:03.688Z,2025-12-14T15:31:03.688Z
39,0x000a,-2.0978,0x00000000,2025-12-14T15:31:03.790Z,2025-12-14T15:31:03.790Z
38,0x000a,-1.60228,0x00000000,2025-12-14T15:31:03.790Z,2025-12-14T15:31:03.790Z
37,0x000a,-2.69821,0x00000000,2025-12-14T15:31:03.790Z,2025-12-14T15:31:03.790Z
36,0x000a,-1.25054,0x00000000,2025-12-14T15:31:03.790Z,2025-12-14T15:31:03.790Z
35,0x000a,-0.936665,0x00000000,2025-12-14T15:31:03.790Z,2025-12-14T15:31:03.790Z
34,0x000a,-1.82653,0x00000000,2025-12-14T15:31:03.790Z,2025-12-14T15:31:03.790Z
26,0x000a,6.15994,0x00000000,2025-12-14T15:31:03.790Z,2025-12-14T15:31:03.790Z
25,0x000a,7.89967,0x00000000,2025-12-14T15:31:03.790Z,2025-12-14T15:31:03.790Z
24,0x000a,6.94987,0x00000000,2025-12-14T15:31:03.790Z,2025-12-14T15:31:03.790Z
23,0x000a,-1.25054,0x00000000,2025-12-14T15:31:03.790Z,2025-12-14T15:31:03.790Z
22,0x000a,-0.936665,0x00000000,2025-12-14T15:31:03.790Z,2025-12-14T15:31:03.790Z
21,0x000a,-1.82653,0x00000000,2025-12-14T15:31:03.790Z,2025-12-14T15:31:03.790Z
8,0x0004,17031,0x00000000,2025-12-14T15:31:03.790Z,2025-12-14T15:31:03.790Z
7,0x0004,21841,0x00000000,2025-12-14T15:31:03.790Z,2025-12-14T15:31:03.790Z
6,0x0004,19215,0x00000000,2025-12-14T15:31:03.790Z,2025-12-14T15:31:03.790Z
39,0x000a,-2.20269,0x00000000,2025-12-14T15:31:03.890Z,2025-12-14T15:31:03.890Z
38,0x000a,-1.4974,0x00000000,2025-12-14T15:31:03.890Z,2025-12-14T15:31:03.890Z
37,0x000a,-2.79948,0x00000000,2025-12-14T15:31:03.890Z,2025-12-14T15:31:03.890Z
36,0x000a,-1.67417,0x00000000,2025-12-14T15:31:03.890Z,2025-12-14T15:31:03.890Z
35,0x000a,-1.26947,0x00000000,2025-12-14T15:31:03.890Z,2025-12-14T15:31:03.890Z
34,0x000a,-2.26237,0x00000000,2025-12-14T15:31:03.890Z,2025-12-14T15:31:03.890Z
26,0x000a,5.93967,0x00000000,2025-12-14T15:31:03.890Z,2025-12-14T15:31:03.890Z
25,0x000a,7.74993,0x00000000,2025-12-14T15:31:03.890Z,2025-12-14T15:31:03.890Z
24,0x000a,6.66992,0x00000000,2025-12-14T15:31:03.890Z,2025-12-14T15:31:03.890Z
23,0x000a,-1.67417,0x00000000,2025-12-14T15:31:03.890Z,2025-12-14T15:31:03.890Z
22,0x000a,-1.26947,0x00000000,2025-12-14T15:31:03.890Z,2025-12-14T15:31:03.890Z
21,0x000a,-2.26237,0x00000000,2025-12-14T15:31:03.890Z,2025-12-14T15:31:03.890Z
8,0x0004,16422,0x00000000,2025-12-14T15:31:03.890Z,2025-12-14T15:31:03.890Z
7,0x0004,21427,0x00000000,2025-12-14T15:31:03.890Z,2025-12-14T15:31:03.890Z
6,0x0004,18441,0x00000000,2025-12-14T15:31:03.890Z,2025-12-14T15:31:03.890Z
39,0x000a,-2.0978,0x00000000,2025-12-14T15:31:03.990Z,2025-12-14T15:31:03.990Z
38,0x000a,-1.50101,0x00000000,2025-12-14T15:31:03.990Z,2025-12-14T15:31:03.990Z
37,0x000a,-2.70183,0x00000000,2025-12-14T15:31:03.990Z,2025-12-14T15:31:03.990Z
36,0x000a,-1.93843,0x00000000,2025-12-14T15:31:03.990Z,2025-12-14T15:31:03.990Z
35,0x000a,-1.38344,0x00000000,2025-12-14T15:31:03.990Z,2025-12-14T15:31:03.990Z
34,0x000a,-2.53092,0x00000000,2025-12-14T15:31:03.990Z,2025-12-14T15:31:03.990Z
26,0x000a,5.72989,0x00000000,2025-12-14T15:31:03.990Z,2025-12-14T15:31:03.990Z
25,0x000a,7.59983,0x00000000,2025-12-14T15:31:03.990Z,2025-12-14T15:31:03.990Z
24,0x000a,6.39974,0x00000000,2025-12-14T15:31:03.990Z,2025-12-14T15:31:03.990Z
23,0x000a,-1.93843,0x00000000,2025-12-14T15:31:03.990Z,2025-12-14T15:31:03.990Z
22,0x000a,-1.38344,0x00000000,2025-12-14T15:31:03.990Z,2025-12-14T15:31:03.990Z
21,0x000a,-2.53092,0x00000000,2025-12-14T15:31:03.990Z,2025-12-14T15:31:03.990Z
8,0x0004,15842,0x00000000,2025-12-14T15:31:03.990Z,2025-12-14T15:31:03.990Z
7,0x0004,21012,0x00000000,2025-12-14T15:31:03.990Z,2025-12-14T15:31:03.990Z
6,0x0004,17694,0x00000000,2025-12-14T15:31:03.990Z,2025-12-14T15:31:03.990Z
26,0x000a,5.46983,0x00000000,2025-12-14T15:31:04.090Z,2025-12-14T15:31:04.090Z
25,0x000a,7.40994,0x00000000,2025-12-14T15:31:04.090Z,2025-12-14T15:31:04.090Z
24,0x000a,6.06988,0x00000000,2025-12-14T15:31:04.090Z,2025-12-14T15:31:04.090Z
8,0x0004,15123,0x00000000,2025-12-14T15:31:04.090Z,2025-12-14T15:31:04.090Z
7,0x0004,20487,0x00000000,2025-12-14T15:31:04.090Z,2025-12-14T15:31:04.090Z
6,0x0004,16782,0x00000000,2025-12-14T15:31:04.090Z,2025-12-14T15:31:04.090Z
39,0x000a,-2.60055,0x00000000,2025-12-14T15:31:04.188Z,2025-12-14T15:31:04.188Z
38,0x000a,-1.89887,0x00000000,2025-12-14T15:31:04.188Z,2025-12-14T15:31:04.188Z
37,0x000a,-3.29861,0x00000000,2025-12-14T15:31:04.188Z,2025-12-14T15:31:04.188Z
36,0x000a,-2.01812,0x00000000,2025-12-14T15:31:04.188Z,2025-12-14T15:31:04.188Z
35,0x000a,-1.44222,0x00000000,2025-12-14T15:31:04.188Z,2025-12-14T15:31:04.188Z
34,0x000a,-2.61637,0x00000000,2025-12-14T15:31:04.188Z,2025-12-14T15:31:04.188Z
26,0x000a,5.25969,0x00000000,2025-12-14T15:31:04.188Z,2025-12-14T15:31:04.188Z
25,0x000a,7.25984,0x00000000,2025-12-14T15:31:04.188Z,2025-12-14T15:31:04.188Z
24,0x000a,5.78993,0x00000000,2025-12-14T15:31:04.188Z,2025-12-14T15:31:04.188Z
23,0x000a,-2.01812,0x00000000,2025-12-14T15:31:04.188Z,2025-12-14T15:31:04.188Z
22,0x000a,-1.44222,0x00000000,2025-12-14T15:31:04.188Z,2025-12-14T15:31:04.188Z
21,0x000a,-2.61637,0x00000000,2025-12-14T15:31:04.188Z,2025-12-14T15:31:04.188Z
8,0x0004,14542,0x00000000,2025-12-14T15:31:04.188Z,2025-12-14T15:31:04.188Z
7,0x0004,20072,0x00000000,2025-12-14T15:31:04.188Z,2025-12-14T15:31:04.188Z
6,0x0004,16008,0x00000000,2025-12-14T15:31:04.188Z,2025-12-14T15:31:04.188Z
39,0x000a,-2.10142,0x00000000,2025-12-14T15:31:04.292Z,2025-12-14T15:31:04.292Z
38,0x000a,-1.50102,0x00000000,2025-12-14T15:31:04.292Z,2025-12-14T15:31:04.292Z
37,0x000a,-2.79948,0x00000000,2025-12-14T15:31:04.292Z,2025-12-14T15:31:04.292Z
36,0x000a,-2.30933,0x00000000,2025-12-14T15:31:04.292Z,2025-12-14T15:31:04.292Z
35,0x000a,-1.67055,0x00000000,2025-12-14T15:31:04.292Z,2025-12-14T15:31:04.292Z
34,0x000a,-2.95749,0x00000000,2025-12-14T15:31:04.292Z,2025-12-14T15:31:04.292Z
26,0x000a,5.04991,0x00000000,2025-12-14T15:31:04.292Z,2025-12-14T15:31:04.292Z
25,0x000a,7.09997,0x00000000,2025-12-14T15:31:04.292Z,2025-12-14T15:31:04.292Z
24,0x000a,5.50998,0x00000000,2025-12-14T15:31:04.292Z,2025-12-14T15:31:04.292Z
23,0x000a,-2.30933,0x00000000,2025-12-14T15:31:04.292Z,2025-12-14T15:31:04.292Z
22,0x000a,-1.67055,0x00000000,2025-12-14T15:31:04.292Z,2025-12-14T15:31:04.292Z
21,0x000a,-2.95749,0x00000000,2025-12-14T15:31:04.292Z,2025-12-14T15:31:04.292Z
8,0x0004,13962,0x00000000,2025-12-14T15:31:04.292Z,2025-12-14T15:31:04.292Z
7,0x0004,19630,0x00000000,2025-12-14T15:31:04.292Z,2025-12-14T15:31:04.292Z
6,0x0004,15234,0x00000000,2025-12-14T15:31:04.292Z,2025-12-14T15:31:04.292Z
39,0x000a,-2.0978,0x00000000,2025-12-14T15:31:04.389Z,2025-12-14T15:31:04.389Z
38,0x000a,-1.59867,0x00000000,2025-12-14T15:31:04.389Z,2025-12-14T15:31:04.389Z
37,0x000a,-2.79948,0x00000000,2025-12-14T15:31:04.389Z,2025-12-14T15:31:04.389Z
36,0x000a,-2.20538,0x00000000,2025-12-14T15:31:04.389Z,2025-12-14T15:31:04.389Z
35,0x000a,-1.58578,0x00000000,2025-12-14T15:31:04.389Z,2025-12-14T15:31:04.389Z
34,0x000a,-2.87849,0x00000000,2025-12-14T15:31:04.389Z,2025-12-14T15:31:04.389Z
26,0x000a,4.83977,0x00000000,2025-12-14T15:31:04.389Z,2025-12-14T15:31:04.389Z
25,0x000a,6.94987,0x00000000,2025-12-14T15:31:04.389Z,2025-12-14T15:31:04.389Z
24,0x000a,5.2398,0x00000000,2025-12-14T15:31:04.389Z,2025-12-14T15:31:04.389Z
23,0x000a,-2.20538,0x00000000,2025-12-14T15:31:04.389Z,2025-12-14T15:31:04.389Z
22,0x000a,-1.58578,0x00000000,2025-12-14T15:31:04.389Z,2025-12-14T15:31:04.389Z
21,0x000a,-2.87849,0x00000000,2025-12-14T15:31:04.389Z,2025-12-14T15:31:04.389Z
8,0x0004,13381,0x00000000,2025-12-14T15:31:04.389Z,2025-12-14T15:31:04.389Z
7,0x0004,19215,0x00000000,2025-12-14T15:31:04.389Z,2025-12-14T15:31:04.389Z
6,0x0004,14487,0x00000000,2025-12-14T15:31:04.389Z,2025-12-14T15:31:04.389Z
39,0x000a,-4.70197,0x00000000,2025-12-14T15:31:04.490Z,2025-12-14T15:31:04.490Z
38,0x000a,-3.30223,0x00000000,2025-12-14T15:31:04.490Z,2025-12-14T15:31:04.490Z
37,0x000a,-6.00043,0x00000000,2025-12-14T15:31:04.490Z,2025-12-14T15:31:04.490Z
36,0x000a,-2.15159,0x00000000,2025-12-14T15:31:04.490Z,2025-12-14T15:31:04.490Z
35,0x000a,-1.59222,0x00000000,2025-12-14T15:31:04.490Z,2025-12-14T15:31:04.490Z
34,0x000a,-2.83898,0x00000000,2025-12-14T15:31:04.490Z,2025-12-14T15:31:04.490Z
26,0x000a,4.57972,0x00000000,2025-12-14T15:31:04.490Z,2025-12-14T15:31:04.490Z
25,0x000a,6.76975,0x00000000,2025-12-14T15:31:04.490Z,2025-12-14T15:31:04.490Z
24,0x000a,4.90994,0x00000000,2025-12-14T15:31:04.490Z,2025-12-14T15:31:04.490Z
23,0x000a,-2.15159,0x00000000,2025-12-14T15:31:04.490Z,2025-12-14T15:31:04.490Z
22,0x000a,-1.59222,0x00000000,2025-12-14T15:31:04.490Z,2025-12-14T15:31:04.490Z
21,0x000a,-2.83898,0x00000000,2025-12-14T15:31:04.490Z,2025-12-14T15:31:04.490Z
8,0x0004,12662,0x00000000,2025-12-14T15:31:04.490Z,2025-12-14T15:31:04.490Z
7,0x0004,18717,0x00000000,2025-12-14T15:31:04.490Z,2025-12-14T15:31:04.490Z
6,0x0004,13575,0x00000000,2025-12-14T15:31:04.490Z,2025-12-14T15:31:04.490Z
39,0x000a,-2.0978,0x00000000,2025-12-14T15:31:04.589Z,2025-12-14T15:31:04.589Z
38,0x000a,-1.59867,0x00000000,2025-12-14T15:31:04.589Z,2025-12-14T15:31:04.589Z
37,0x000a,-2.79948,0x00000000,2025-12-14T15:31:04.589Z,2025-12-14T15:31:04.589Z
36,0x000a,-3.42678,0x00000000,2025-12-14T15:31:04.589Z,2025-12-14T15:31:04.589Z
35,0x000a,-2.44723,0x00000000,2025-12-14T15:31:04.589Z,2025-12-14T15:31:04.589Z
34,0x000a,-4.41971,0x00000000,2025-12-14T15:31:04.589Z,2025-12-14T15:31:04.589Z
26,0x000a,4.36994,0x00000000,2025-12-14T15:31:04.589Z,2025-12-14T15:31:04.589Z
25,0x000a,6.60988,0x00000000,2025-12-14T15:31:04.589Z,2025-12-14T15:31:04.589Z
24,0x000a,4.62999,0x00000000,2025-12-14T15:31:04.589Z,2025-12-14T15:31:04.589Z
23,0x000a,-3.42678,0x00000000,2025-12-14T15:31:04.589Z,2025-12-14T15:31:04.589Z
22,0x000a,-2.44723,0x00000000,2025-12-14T15:31:04.589Z,2025-12-14T15:31:04.589Z
21,0x000a,-4.41971,0x00000000,2025-12-14T15:31:04.589Z,2025-12-14T15:31:04.589Z
18,0x0001,false,0x00000000,2025-12-14T15:31:04.589Z,2025-12-14T15:31:04.589Z
14,0x0001,false,0x00000000,2025-12-14T15:31:04.589Z,2025-12-14T15:31:04.589Z
8,0x0004,12082,0x00000000,2025-12-14T15:31:04.589Z,2025-12-14T15:31:04.589Z
7,0x0004,18275,0x00000000,2025-12-14T15:31:04.589Z,2025-12-14T15:31:04.589Z
6,0x0004,12801,0x00000000,2025-12-14T15:31:04.589Z,2025-12-14T15:31:04.589Z
39,0x000a,-2.20269,0x00000000,2025-12-14T15:31:04.689Z,2025-12-14T15:31:04.689Z
38,0x000a,-1.50101,0x00000000,2025-12-14T15:31:04.689Z,2025-12-14T15:31:04.689Z
37,0x000a,-2.70182,0x00000000,2025-12-14T15:31:04.689Z,2025-12-14T15:31:04.689Z
36,0x000a,-2.76229,0x00000000,2025-12-14T15:31:04.689Z,2025-12-14T15:31:04.689Z
35,0x000a,-2.02295,0x00000000,2025-12-14T15:31:04.689Z,2025-12-14T15:31:04.689Z
34,0x000a,-3.60959,0x00000000,2025-12-14T15:31:04.689Z,2025-12-14T15:31:04.689Z
26,0x000a,4.14967,0x00000000,2025-12-14T15:31:04.689Z,2025-12-14T15:31:04.689Z
25,0x000a,6.45978,0x00000000,2025-12-14T15:31:04.689Z,2025-12-14T15:31:04.689Z
24,0x000a,4.35981,0x00000000,2025-12-14T15:31:04.689Z,2025-12-14T15:31:04.689Z
23,0x000a,-2.76229,0x00000000,2025-12-14T15:31:04.689Z,2025-12-14T15:31:04.689Z
22,0x000a,-2.02295,0x00000000,2025-12-14T15:31:04.689Z,2025-12-14T15:31:04.689Z
21,0x000a,-3.60959,0x00000000,2025-12-14T15:31:04.689Z,2025-12-14T15:31:04.689Z
8,0x0004,11473,0x00000000,2025-12-14T15:31:04.689Z,2025-12-14T15:31:04.689Z
7,0x0004,17860,0x00000000,2025-12-14T15:31:04.689Z,2025-12-14T15:31:04.689Z
6,0x0004,12054,0x00000000,2025-12-14T15:31:04.689Z,2025-12-14T15:31:04.689Z
39,0x000a,-0.799336,0x00000000,2025-12-14T15:31:04.789Z,2025-12-14T15:31:04.789Z
38,0x000a,-1.50102,0x00000000,2025-12-14T15:31:04.789Z,2025-12-14T15:31:04.789Z
37,0x000a,-1.20081,0x00000000,2025-12-14T15:31:04.789Z,2025-12-14T15:31:04.789Z
36,0x000a,-2.48249,0x00000000,2025-12-14T15:31:04.789Z,2025-12-14T15:31:04.789Z
35,0x000a,-1.76198,0x00000000,2025-12-14T15:31:04.789Z,2025-12-14T15:31:04.789Z
34,0x000a,-3.15571,0x00000000,2025-12-14T15:31:04.789Z,2025-12-14T15:31:04.789Z
26,0x000a,4.06973,0x00000000,2025-12-14T15:31:04.789Z,2025-12-14T15:31:04.789Z
25,0x000a,6.30968,0x00000000,2025-12-14T15:31:04.789Z,2025-12-14T15:31:04.789Z
25,0x000a,6.14981,0x00000000,2025-12-14T15:31:04.887Z,2025-12-14T15:31:04.887Z
24,0x000a,4.23973,0x00000000,2025-12-14T15:31:04.789Z,2025-12-14T15:31:04.789Z
23,0x000a,-2.48249,0x00000000,2025-12-14T15:31:04.789Z,2025-12-14T15:31:04.789Z
22,0x000a,-1.76198,0x00000000,2025-12-14T15:31:04.789Z,2025-12-14T15:31:04.789Z
21,0x000a,-3.15571,0x00000000,2025-12-14T15:31:04.789Z,2025-12-14T15:31:04.789Z
8,0x0004,11252,0x00000000,2025-12-14T15:31:04.789Z,2025-12-14T15:31:04.789Z
7,0x0004,17445,0x00000000,2025-12-14T15:31:04.789Z,2025-12-14T15:31:04.789Z
7,0x0004,17003,0x00000000,2025-12-14T15:31:04.887Z,2025-12-14T15:31:04.887Z
6,0x0004,11722,0x00000000,2025-12-14T15:31:04.789Z,2025-12-14T15:31:04.789Z
39,0x000a,0,0x00000000,2025-12-14T15:31:04.990Z,2025-12-14T15:31:04.990Z
38,0x000a,-1.59867,0x00000000,2025-12-14T15:31:04.990Z,2025-12-14T15:31:04.990Z
37,0x000a,0,0x00000000,2025-12-14T15:31:04.990Z,2025-12-14T15:31:04.990Z
36,0x000a,-1.64091,0x00000000,2025-12-14T15:31:04.990Z,2025-12-14T15:31:04.990Z
35,0x000a,-1.6315,0x00000000,2025-12-14T15:31:04.990Z,2025-12-14T15:31:04.990Z
34,0x000a,-2.17826,0x00000000,2025-12-14T15:31:04.990Z,2025-12-14T15:31:04.990Z
25,0x000a,5.99971,0x00000000,2025-12-14T15:31:04.990Z,2025-12-14T15:31:04.990Z
23,0x000a,-1.64091,0x00000000,2025-12-14T15:31:04.990Z,2025-12-14T15:31:04.990Z
22,0x000a,-1.6315,0x00000000,2025-12-14T15:31:04.990Z,2025-12-14T15:31:04.990Z
21,0x000a,-2.17826,0x00000000,2025-12-14T15:31:04.990Z,2025-12-14T15:31:04.990Z
7,0x0004,16588,0x00000000,2025-12-14T15:31:04.990Z,2025-12-14T15:31:04.990Z
42,0x0001,true,0x00000000,2025-12-14T15:31:05.088Z,2025-12-14T15:31:05.088Z
40,0x0001,true,0x00000000,2025-12-14T15:31:05.088Z,2025-12-14T15:31:05.088Z
38,0x000a,-1.50101,0x00000000,2025-12-14T15:31:05.088Z,2025-12-14T15:31:05.088Z
36,0x000a,-0.820457,0x00000000,2025-12-14T15:31:05.088Z,2025-12-14T15:31:05.088Z
35,0x000a,-1.61508,0x00000000,2025-12-14T15:31:05.088Z,2025-12-14T15:31:05.088Z
34,0x000a,-1.08913,0x00000000,2025-12-14T15:31:05.088Z,2025-12-14T15:31:05.088Z
25,0x000a,5.84997,0x00000000,2025-12-14T15:31:05.088Z,2025-12-14T15:31:05.088Z
23,0x000a,-0.820457,0x00000000,2025-12-14T15:31:05.088Z,2025-12-14T15:31:05.088Z
22,0x000a,-1.61508,0x00000000,2025-12-14T15:31:05.088Z,2025-12-14T15:31:05.088Z
21,0x000a,-1.08913,0x00000000,2025-12-14T15:31:05.088Z,2025-12-14T15:31:05.088Z
7,0x0004,16174,0x00000000,2025-12-14T15:31:05.088Z,2025-12-14T15:31:05.088Z
38,0x000a,-1.4974,0x00000000,2025-12-14T15:31:05.190Z,2025-12-14T15:31:05.190Z
36,0x000a,-0.410228,0x00000000,2025-12-14T15:31:05.190Z,2025-12-14T15:31:05.190Z
35,0x000a,-1.55805,0x00000000,2025-12-14T15:31:05.190Z,2025-12-14T15:31:05.190Z
34,0x000a,-0.544565,0x00000000,2025-12-14T15:31:05.190Z,2025-12-14T15:31:05.190Z
25,0x000a,5.68974,0x00000000,2025-12-14T15:31:05.190Z,2025-12-14T15:31:05.190Z
23,0x000a,-0.410228,0x00000000,2025-12-14T15:31:05.190Z,2025-12-14T15:31:05.190Z
22,0x000a,-1.55805,0x00000000,2025-12-14T15:31:05.190Z,2025-12-14T15:31:05.190Z
21,0x000a,-0.544565,0x00000000,2025-12-14T15:31:05.190Z,2025-12-14T15:31:05.190Z
7,0x0004,15731,0x00000000,2025-12-14T15:31:05.190Z,2025-12-14T15:31:05.190Z
38,0x000a,-1.60228,0x00000000,2025-12-14T15:31:05.290Z,2025-12-14T15:31:05.290Z
36,0x000a,-0.205114,0x00000000,2025-12-14T15:31:05.290Z,2025-12-14T15:31:05.290Z
35,0x000a,-1.52772,0x00000000,2025-12-14T15:31:05.290Z,2025-12-14T15:31:05.290Z
34,0x000a,-0.272282,0x00000000,2025-12-14T15:31:05.290Z,2025-12-14T15:31:05.290Z
25,0x000a,5.53964,0x00000000,2025-12-14T15:31:05.290Z,2025-12-14T15:31:05.290Z
23,0x000a,-0.205114,0x00000000,2025-12-14T15:31:05.290Z,2025-12-14T15:31:05.290Z
22,0x000a,-1.52772,0x00000000,2025-12-14T15:31:05.290Z,2025-12-14T15:31:05.290Z
21,0x000a,-0.272282,0x00000000,2025-12-14T15:31:05.290Z,2025-12-14T15:31:05.290Z
7,0x0004,15316,0x00000000,2025-12-14T15:31:05.290Z,2025-12-14T15:31:05.290Z
38,0x000a,-1.50102,0x00000000,2025-12-14T15:31:05.390Z,2025-12-14T15:31:05.390Z
36,0x000a,-0.102557,0x00000000,2025-12-14T15:31:05.390Z,2025-12-14T15:31:05.390Z
35,0x000a,-1.565,0x00000000,2025-12-14T15:31:05.390Z,2025-12-14T15:31:05.390Z
34,0x000a,-0.136141,0x00000000,2025-12-14T15:31:05.390Z,2025-12-14T15:31:05.390Z
25,0x000a,5.35988,0x00000000,2025-12-14T15:31:05.390Z,2025-12-14T15:31:05.390Z
23,0x000a,-0.102557,0x00000000,2025-12-14T15:31:05.390Z,2025-12-14T15:31:05.390Z
22,0x000a,-1.565,0x00000000,2025-12-14T15:31:05.390Z,2025-12-14T15:31:05.390Z
21,0x000a,-0.136141,0x00000000,2025-12-14T15:31:05.390Z,2025-12-14T15:31:05.390Z
7,0x0004,14819,0x00000000,2025-12-14T15:31:05.390Z,2025-12-14T15:31:05.390Z
38,0x000a,-1.7976,0x00000000,2025-12-14T15:31:05.490Z,2025-12-14T15:31:05.490Z
36,0x000a,-0.0512785,0x00000000,2025-12-14T15:31:05.490Z,2025-12-14T15:31:05.490Z
35,0x000a,-1.53301,0x00000000,2025-12-14T15:31:05.490Z,2025-12-14T15:31:05.490Z
34,0x000a,-0.0680706,0x00000000,2025-12-14T15:31:05.490Z,2025-12-14T15:31:05.490Z
25,0x000a,5.19965,0x00000000,2025-12-14T15:31:05.490Z,2025-12-14T15:31:05.490Z
23,0x000a,-0.0512785,0x00000000,2025-12-14T15:31:05.490Z,2025-12-14T15:31:05.490Z
22,0x000a,-1.53301,0x00000000,2025-12-14T15:31:05.490Z,2025-12-14T15:31:05.490Z
21,0x000a,-0.0680706,0x00000000,2025-12-14T15:31:05.490Z,2025-12-14T15:31:05.490Z
7,0x0004,14376,0x00000000,2025-12-14T15:31:05.490Z,2025-12-14T15:31:05.490Z
38,0x000a,-3.09968,0x00000000,2025-12-14T15:31:05.587Z,2025-12-14T15:31:05.587Z
36,0x000a,-0.0256393,0x00000000,2025-12-14T15:31:05.587Z,2025-12-14T15:31:05.587Z
35,0x000a,-1.6653,0x00000000,2025-12-14T15:31:05.587Z,2025-12-14T15:31:05.587Z
34,0x000a,-0.0340353,0x00000000,2025-12-14T15:31:05.587Z,2025-12-14T15:31:05.587Z
25,0x000a,5.04991,0x00000000,2025-12-14T15:31:05.587Z,2025-12-14T15:31:05.587Z
23,0x000a,-0.0256393,0x00000000,2025-12-14T15:31:05.587Z,2025-12-14T15:31:05.587Z
22,0x000a,-1.6653,0x00000000,2025-12-14T15:31:05.587Z,2025-12-14T15:31:05.587Z
21,0x000a,-0.0340353,0x00000000,2025-12-14T15:31:05.587Z,2025-12-14T15:31:05.587Z
7,0x0004,13962,0x00000000,2025-12-14T15:31:05.587Z,2025-12-14T15:31:05.587Z
36,0x000a,-0.0128196,0x00000000,2025-12-14T15:31:05.689Z,2025-12-14T15:31:05.689Z
35,0x000a,-2.38249,0x00000000,2025-12-14T15:31:05.689Z,2025-12-14T15:31:05.689Z
34,0x000a,-0.0170176,0x00000000,2025-12-14T15:31:05.689Z,2025-12-14T15:31:05.689Z
25,0x000a,4.89981,0x00000000,2025-12-14T15:31:05.689Z,2025-12-14T15:31:05.689Z
23,0x000a,-0.0128196,0x00000000,2025-12-14T15:31:05.689Z,2025-12-14T15:31:05.689Z
22,0x000a,-2.38249,0x00000000,2025-12-14T15:31:05.689Z,2025-12-14T15:31:05.689Z
21,0x000a,-0.0170176,0x00000000,2025-12-14T15:31:05.689Z,2025-12-14T15:31:05.689Z
7,0x0004,13547,0x00000000,2025-12-14T15:31:05.689Z,2025-12-14T15:31:05.689Z
38,0x000a,-1.50101,0x00000000,2025-12-14T15:31:05.790Z,2025-12-14T15:31:05.790Z
25,0x000a,4.73994,0x00000000,2025-12-14T15:31:05.790Z,2025-12-14T15:31:05.790Z
7,0x0004,13105,0x00000000,2025-12-14T15:31:05.790Z,2025-12-14T15:31:05.790Z
38,0x000a,-1.59867,0x00000000,2025-12-14T15:31:05.887Z,2025-12-14T15:31:05.887Z
36,0x000a,-0.00640982,0x00000000,2025-12-14T15:31:05.887Z,2025-12-14T15:31:05.887Z
35,0x000a,-1.94175,0x00000000,2025-12-14T15:31:05.887Z,2025-12-14T15:31:05.887Z
34,0x000a,-0.00850882,0x00000000,2025-12-14T15:31:05.887Z,2025-12-14T15:31:05.887Z
23,0x000a,-0.00640982,0x00000000,2025-12-14T15:31:05.887Z,2025-12-14T15:31:05.887Z
22,0x000a,-1.94175,0x00000000,2025-12-14T15:31:05.887Z,2025-12-14T15:31:05.887Z
21,0x000a,-0.00850882,0x00000000,2025-12-14T15:31:05.887Z,2025-12-14T15:31:05.887Z
38,0x000a,-1.80121,0x00000000,2025-12-14T15:31:05.989Z,2025-12-14T15:31:05.989Z
36,0x000a,-0.00320491,0x00000000,2025-12-14T15:31:05.989Z,2025-12-14T15:31:05.989Z
35,0x000a,-1.77021,0x00000000,2025-12-14T15:31:05.989Z,2025-12-14T15:31:05.989Z
34,0x000a,-0.00425441,0x00000000,2025-12-14T15:31:05.989Z,2025-12-14T15:31:05.989Z
25,0x000a,4.55982,0x00000000,2025-12-14T15:31:05.989Z,2025-12-14T15:31:05.989Z
23,0x000a,-0.00320491,0x00000000,2025-12-14T15:31:05.989Z,2025-12-14T15:31:05.989Z
22,0x000a,-1.77021,0x00000000,2025-12-14T15:31:05.989Z,2025-12-14T15:31:05.989Z
21,0x000a,-0.00425441,0x00000000,2025-12-14T15:31:05.989Z,2025-12-14T15:31:05.989Z
7,0x0004,12607,0x00000000,2025-12-14T15:31:05.989Z,2025-12-14T15:31:05.989Z
38,0x000a,-1.50101,0x00000000,2025-12-14T15:31:06.090Z,2025-12-14T15:31:06.090Z
36,0x000a,-0.00160245,0x00000000,2025-12-14T15:31:06.090Z,2025-12-14T15:31:06.090Z
35,0x000a,-1.78571,0x00000000,2025-12-14T15:31:06.090Z,2025-12-14T15:31:06.090Z
34,0x000a,-0.00212721,0x00000000,2025-12-14T15:31:06.090Z,2025-12-14T15:31:06.090Z
25,0x000a,4.40972,0x00000000,2025-12-14T15:31:06.090Z,2025-12-14T15:31:06.090Z
23,0x000a,-0.00160245,0x00000000,2025-12-14T15:31:06.090Z,2025-12-14T15:31:06.090Z
22,0x000a,-1.78571,0x00000000,2025-12-14T15:31:06.090Z,2025-12-14T15:31:06.090Z
21,0x000a,-0.00212721,0x00000000,2025-12-14T15:31:06.090Z,2025-12-14T15:31:06.090Z
7,0x0004,12192,0x00000000,2025-12-14T15:31:06.090Z,2025-12-14T15:31:06.090Z
38,0x000a,-1.59867,0x00000000,2025-12-14T15:31:06.190Z,2025-12-14T15:31:06.190Z
38,0x000a,-1.50101,0x00000000,2025-12-14T15:31:06.288Z,2025-12-14T15:31:06.288Z
36,0x000a,-0.000801227,0x00000000,2025-12-14T15:31:06.190Z,2025-12-14T15:31:06.190Z
36,0x000a,-0.000400614,0x00000000,2025-12-14T15:31:06.288Z,2025-12-14T15:31:06.288Z
35,0x000a,-1.64336,0x00000000,2025-12-14T15:31:06.190Z,2025-12-14T15:31:06.190Z
35,0x000a,-1.62102,0x00000000,2025-12-14T15:31:06.288Z,2025-12-14T15:31:06.288Z
34,0x000a,-0.0010636,0x00000000,2025-12-14T15:31:06.190Z,2025-12-14T15:31:06.190Z
34,0x000a,-0.000531801,0x00000000,2025-12-14T15:31:06.288Z,2025-12-14T15:31:06.288Z
25,0x000a,4.24986,0x00000000,2025-12-14T15:31:06.190Z,2025-12-14T15:31:06.190Z
25,0x000a,4.09975,0x00000000,2025-12-14T15:31:06.288Z,2025-12-14T15:31:06.288Z
23,0x000a,-0.000801227,0x00000000,2025-12-14T15:31:06.190Z,2025-12-14T15:31:06.190Z
23,0x000a,-0.000400614,0x00000000,2025-12-14T15:31:06.288Z,2025-12-14T15:31:06.288Z
22,0x000a,-1.64336,0x00000000,2025-12-14T15:31:06.190Z,2025-12-14T15:31:06.190Z
22,0x000a,-1.62102,0x00000000,2025-12-14T15:31:06.288Z,2025-12-14T15:31:06.288Z
21,0x000a,-0.0010636,0x00000000,2025-12-14T15:31:06.190Z,2025-12-14T15:31:06.190Z
21,0x000a,-0.000531801,0x00000000,2025-12-14T15:31:06.288Z,2025-12-14T15:31:06.288Z
16,0x0001,false,0x00000000,2025-12-14T15:31:06.288Z,2025-12-14T15:31:06.288Z
7,0x0004,11750,0x00000000,2025-12-14T15:31:06.190Z,2025-12-14T15:31:06.190Z
7,0x0004,11335,0x00000000,2025-12-14T15:31:06.288Z,2025-12-14T15:31:06.288Z
36,0x000a,-0.000200307,0x00000000,2025-12-14T15:31:06.390Z,2025-12-14T15:31:06.390Z
35,0x000a,-1.56101,0x00000000,2025-12-14T15:31:06.390Z,2025-12-14T15:31:06.390Z
34,0x000a,-0.000265901,0x00000000,2025-12-14T15:31:06.390Z,2025-12-14T15:31:06.390Z
25,0x000a,3.94965,0x00000000,2025-12-14T15:31:06.390Z,2025-12-14T15:31:06.390Z
23,0x000a,-0.000200307,0x00000000,2025-12-14T15:31:06.390Z,2025-12-14T15:31:06.390Z
22,0x000a,-1.56101,0x00000000,2025-12-14T15:31:06.390Z,2025-12-14T15:31:06.390Z
21,0x000a,-0.000265901,0x00000000,2025-12-14T15:31:06.390Z,2025-12-14T15:31:06.390Z
7,0x0004,10920,0x00000000,2025-12-14T15:31:06.390Z,2025-12-14T15:31:06.390Z
38,0x000a,-0.698061,0x00000000,2025-12-14T15:31:06.490Z,2025-12-14T15:31:06.490Z
36,0x000a,-0.000100153,0x00000000,2025-12-14T15:31:06.490Z,2025-12-14T15:31:06.490Z
35,0x000a,-1.53101,0x00000000,2025-12-14T15:31:06.490Z,2025-12-14T15:31:06.490Z
34,0x000a,-0.00013295,0x00000000,2025-12-14T15:31:06.490Z,2025-12-14T15:31:06.490Z
25,0x000a,3.87985,0x00000000,2025-12-14T15:31:06.490Z,2025-12-14T15:31:06.490Z
23,0x000a,-0.000100153,0x00000000,2025-12-14T15:31:06.490Z,2025-12-14T15:31:06.490Z
22,0x000a,-1.53101,0x00000000,2025-12-14T15:31:06.490Z,2025-12-14T15:31:06.490Z
21,0x000a,-0.00013295,0x00000000,2025-12-14T15:31:06.490Z,2025-12-14T15:31:06.490Z
7,0x0004,10727,0x00000000,2025-12-14T15:31:06.490Z,2025-12-14T15:31:06.490Z
23,0x000a,-5.00767e-05,0x00000000,2025-12-14T15:31:06.590Z,2025-12-14T15:31:06.590Z
22,0x000a,-1.11454,0x00000000,2025-12-14T15:31:06.590Z,2025-12-14T15:31:06.590Z
21,0x000a,-6.64752e-05,0x00000000,2025-12-14T15:31:06.590Z,2025-12-14T15:31:06.590Z
38,0x000a,0,0x00000000,2025-12-14T15:31:06.688Z,2025-12-14T15:31:06.688Z
36,0x000a,-5.00767e-05,0x00000000,2025-12-14T15:31:06.688Z,2025-12-14T15:31:06.688Z
35,0x000a,-1.11454,0x00000000,2025-12-14T15:31:06.688Z,2025-12-14T15:31:06.688Z
34,0x000a,-6.64752e-05,0x00000000,2025-12-14T15:31:06.688Z,2025-12-14T15:31:06.688Z
42,0x0001,false,0x00000000,2025-12-14T15:31:06.790Z,2025-12-14T15:31:06.790Z
40,0x0001,false,0x00000000,2025-12-14T15:31:06.790Z,2025-12-14T15:31:06.790Z
36,0x000a,-2.50383e-05,0x00000000,2025-12-14T15:31:06.790Z,2025-12-14T15:31:06.790Z
35,0x000a,-0.557269,0x00000000,2025-12-14T15:31:06.790Z,2025-12-14T15:31:06.790Z
34,0x000a,-3.32376e-05,0x00000000,2025-12-14T15:31:06.790Z,2025-12-14T15:31:06.790Z
23,0x000a,-2.50383e-05,0x00000000,2025-12-14T15:31:06.790Z,2025-12-14T15:31:06.790Z
22,0x000a,-0.557269,0x00000000,2025-12-14T15:31:06.790Z,2025-12-14T15:31:06.790Z
21,0x000a,-3.32376e-05,0x00000000,2025-12-14T15:31:06.790Z,2025-12-14T15:31:06.790Z
18,0x0001,true,0x00000000,2025-12-14T15:31:06.790Z,2025-12-14T15:31:06.790Z
16,0x0001,true,0x00000000,2025-12-14T15:31:06.790Z,2025-12-14T15:31:06.790Z
14,0x0001,true,0x00000000,2025-12-14T15:31:06.790Z,2025-12-14T15:31:06.790Z
4,0x000a,1,0x00000000,2025-12-14T15:31:06.790Z,2025-12-14T15:31:06.790Z
3,0x000a,1,0x00000000,2025-12-14T15:31:06.790Z,2025-12-14T15:31:06.790Z
2,0x000a,2,0x00000000,2025-12-14T15:31:06.790Z,2025-12-14T15:31:06.790Z
36,0x000a,-1.25192e-05,0x00000000,2025-12-14T15:31:06.888Z,2025-12-14T15:31:06.888Z
35,0x000a,-0.278634,0x00000000,2025-12-14T15:31:06.888Z,2025-12-14T15:31:06.888Z
34,0x000a,-1.66188e-05,0x00000000,2025-12-14T15:31:06.888Z,2025-12-14T15:31:06.888Z
23,0x000a,-1.25192e-05,0x00000000,2025-12-14T15:31:06.888Z,2025-12-14T15:31:06.888Z
22,0x000a,-0.278634,0x00000000,2025-12-14T15:31:06.888Z,2025-12-14T15:31:06.888Z
21,0x000a,-1.66188e-05,0x00000000,2025-12-14T15:31:06.888Z,2025-12-14T15:31:06.888Z
39,0x000a,-0.799334,0x00000000,2025-12-14T15:31:06.990Z,2025-12-14T15:31:06.990Z
38,0x000a,-0.900607,0x00000000,2025-12-14T15:31:06.990Z,2025-12-14T15:31:06.990Z
37,0x000a,-1.59867,0x00000000,2025-12-14T15:31:06.990Z,2025-12-14T15:31:06.990Z
36,0x000a,-6.25959e-06,0x00000000,2025-12-14T15:31:06.990Z,2025-12-14T15:31:06.990Z
35,0x000a,-0.139317,0x00000000,2025-12-14T15:31:06.990Z,2025-12-14T15:31:06.990Z
34,0x000a,-8.3094e-06,0x00000000,2025-12-14T15:31:06.990Z,2025-12-14T15:31:06.990Z
26,0x000a,3.9898,0x00000000,2025-12-14T15:31:06.990Z,2025-12-14T15:31:06.990Z
25,0x000a,3.78979,0x00000000,2025-12-14T15:31:06.990Z,2025-12-14T15:31:06.990Z
24,0x000a,4.07986,0x00000000,2025-12-14T15:31:06.990Z,2025-12-14T15:31:06.990Z
23,0x000a,-6.25959e-06,0x00000000,2025-12-14T15:31:06.990Z,2025-12-14T15:31:06.990Z
22,0x000a,-0.139317,0x00000000,2025-12-14T15:31:06.990Z,2025-12-14T15:31:06.990Z
21,0x000a,-8.3094e-06,0x00000000,2025-12-14T15:31:06.990Z,2025-12-14T15:31:06.990Z
8,0x0004,11031,0x00000000,2025-12-14T15:31:06.990Z,2025-12-14T15:31:06.990Z
7,0x0004,10478,0x00000000,2025-12-14T15:31:06.990Z,2025-12-14T15:31:06.990Z
6,0x0004,11280,0x00000000,2025-12-14T15:31:06.990Z,2025-12-14T15:31:06.990Z
39,0x000a,-2.10142,0x00000000,2025-12-14T15:31:07.090Z,2025-12-14T15:31:07.090Z
38,0x000a,-1.50101,0x00000000,2025-12-14T15:31:07.090Z,2025-12-14T15:31:07.090Z
37,0x000a,-2.79948,0x00000000,2025-12-14T15:31:07.090Z,2025-12-14T15:31:07.090Z
36,0x000a,-0.39967,0x00000000,2025-12-14T15:31:07.090Z,2025-12-14T15:31:07.090Z
35,0x000a,-0.519962,0x00000000,2025-12-14T15:31:07.090Z,2025-12-14T15:31:07.090Z
34,0x000a,-0.799338,0x00000000,2025-12-14T15:31:07.090Z,2025-12-14T15:31:07.090Z
26,0x000a,3.77966,0x00000000,2025-12-14T15:31:07.090Z,2025-12-14T15:31:07.090Z
25,0x000a,3.63968,0x00000000,2025-12-14T15:31:07.090Z,2025-12-14T15:31:07.090Z
24,0x000a,3.79991,0x00000000,2025-12-14T15:31:07.090Z,2025-12-14T15:31:07.090Z
23,0x000a,-0.39967,0x00000000,2025-12-14T15:31:07.090Z,2025-12-14T15:31:07.090Z
22,0x000a,-0.519962,0x00000000,2025-12-14T15:31:07.090Z,2025-12-14T15:31:07.090Z
21,0x000a,-0.799338,0x00000000,2025-12-14T15:31:07.090Z,2025-12-14T15:31:07.090Z
8,0x0004,10450,0x00000000,2025-12-14T15:31:07.090Z,2025-12-14T15:31:07.090Z
7,0x0004,10063,0x00000000,2025-12-14T15:31:07.090Z,2025-12-14T15:31:07.090Z
6,0x0004,10506,0x00000000,2025-12-14T15:31:07.090Z,2025-12-14T15:31:07.090Z
39,0x000a,-2.0978,0x00000000,2025-12-14T15:31:07.189Z,2025-12-14T15:31:07.189Z
38,0x000a,-1.59867,0x00000000,2025-12-14T15:31:07.189Z,2025-12-14T15:31:07.189Z
37,0x000a,-2.70182,0x00000000,2025-12-14T15:31:07.189Z,2025-12-14T15:31:07.189Z
36,0x000a,-1.25054,0x00000000,2025-12-14T15:31:07.189Z,2025-12-14T15:31:07.189Z
35,0x000a,-1.01049,0x00000000,2025-12-14T15:31:07.189Z,2025-12-14T15:31:07.189Z
34,0x000a,-1.79941,0x00000000,2025-12-14T15:31:07.189Z,2025-12-14T15:31:07.189Z
26,0x000a,3.56988,0x00000000,2025-12-14T15:31:07.189Z,2025-12-14T15:31:07.189Z
25,0x000a,3.47982,0x00000000,2025-12-14T15:31:07.189Z,2025-12-14T15:31:07.189Z
24,0x000a,3.52973,0x00000000,2025-12-14T15:31:07.189Z,2025-12-14T15:31:07.189Z
23,0x000a,-1.25054,0x00000000,2025-12-14T15:31:07.189Z,2025-12-14T15:31:07.189Z
22,0x000a,-1.01049,0x00000000,2025-12-14T15:31:07.189Z,2025-12-14T15:31:07.189Z
21,0x000a,-1.79941,0x00000000,2025-12-14T15:31:07.189Z,2025-12-14T15:31:07.189Z
8,0x0004,9870,0x00000000,2025-12-14T15:31:07.189Z,2025-12-14T15:31:07.189Z
7,0x0004,9621,0x00000000,2025-12-14T15:31:07.189Z,2025-12-14T15:31:07.189Z
6,0x0004,9759,0x00000000,2025-12-14T15:31:07.189Z,2025-12-14T15:31:07.189Z
39,0x000a,-2.60055,0x00000000,2025-12-14T15:31:07.290Z,2025-12-14T15:31:07.290Z
38,0x000a,-1.80121,0x00000000,2025-12-14T15:31:07.290Z,2025-12-14T15:31:07.290Z
37,0x000a,-3.29861,0x00000000,2025-12-14T15:31:07.290Z,2025-12-14T15:31:07.290Z
36,0x000a,-1.67417,0x00000000,2025-12-14T15:31:07.290Z,2025-12-14T15:31:07.290Z
35,0x000a,-1.30458,0x00000000,2025-12-14T15:31:07.290Z,2025-12-14T15:31:07.290Z
34,0x000a,-2.25062,0x00000000,2025-12-14T15:31:07.290Z,2025-12-14T15:31:07.290Z
26,0x000a,3.30982,0x00000000,2025-12-14T15:31:07.290Z,2025-12-14T15:31:07.290Z
25,0x000a,3.2997,0x00000000,2025-12-14T15:31:07.290Z,2025-12-14T15:31:07.290Z
24,0x000a,3.19987,0x00000000,2025-12-14T15:31:07.290Z,2025-12-14T15:31:07.290Z
23,0x000a,-1.67417,0x00000000,2025-12-14T15:31:07.290Z,2025-12-14T15:31:07.290Z
22,0x000a,-1.30458,0x00000000,2025-12-14T15:31:07.290Z,2025-12-14T15:31:07.290Z
21,0x000a,-2.25062,0x00000000,2025-12-14T15:31:07.290Z,2025-12-14T15:31:07.290Z
8,0x0004,9151,0x00000000,2025-12-14T15:31:07.290Z,2025-12-14T15:31:07.290Z
7,0x0004,9123,0x00000000,2025-12-14T15:31:07.290Z,2025-12-14T15:31:07.290Z
6,0x0004,8847,0x00000000,2025-12-14T15:31:07.290Z,2025-12-14T15:31:07.290Z
36,0x000a,-2.13736,0x00000000,2025-12-14T15:31:07.387Z,2025-12-14T15:31:07.387Z
35,0x000a,-1.5529,0x00000000,2025-12-14T15:31:07.387Z,2025-12-14T15:31:07.387Z
34,0x000a,-2.77461,0x00000000,2025-12-14T15:31:07.387Z,2025-12-14T15:31:07.387Z
26,0x000a,3.09968,0x00000000,2025-12-14T15:31:07.387Z,2025-12-14T15:31:07.387Z
25,0x000a,3.14996,0x00000000,2025-12-14T15:31:07.387Z,2025-12-14T15:31:07.387Z
24,0x000a,2.91992,0x00000000,2025-12-14T15:31:07.387Z,2025-12-14T15:31:07.387Z
23,0x000a,-2.13736,0x00000000,2025-12-14T15:31:07.387Z,2025-12-14T15:31:07.387Z
22,0x000a,-1.5529,0x00000000,2025-12-14T15:31:07.387Z,2025-12-14T15:31:07.387Z
21,0x000a,-2.77461,0x00000000,2025-12-14T15:31:07.387Z,2025-12-14T15:31:07.387Z
8,0x0004,8570,0x00000000,2025-12-14T15:31:07.387Z,2025-12-14T15:31:07.387Z
7,0x0004,8709,0x00000000,2025-12-14T15:31:07.387Z,2025-12-14T15:31:07.387Z
6,0x0004,8073,0x00000000,2025-12-14T15:31:07.387Z,2025-12-14T15:31:07.387Z
39,0x000a,-2.10142,0x00000000,2025-12-14T15:31:07.489Z,2025-12-14T15:31:07.489Z
38,0x000a,-1.4974,0x00000000,2025-12-14T15:31:07.489Z,2025-12-14T15:31:07.489Z
37,0x000a,-2.79948,0x00000000,2025-12-14T15:31:07.489Z,2025-12-14T15:31:07.489Z
26,0x000a,2.8899,0x00000000,2025-12-14T15:31:07.489Z,2025-12-14T15:31:07.489Z
25,0x000a,2.98973,0x00000000,2025-12-14T15:31:07.489Z,2025-12-14T15:31:07.489Z
24,0x000a,2.63997,0x00000000,2025-12-14T15:31:07.489Z,2025-12-14T15:31:07.489Z
8,0x0004,7990,0x00000000,2025-12-14T15:31:07.489Z,2025-12-14T15:31:07.489Z
7,0x0004,8266,0x00000000,2025-12-14T15:31:07.489Z,2025-12-14T15:31:07.489Z
6,0x0004,7299,0x00000000,2025-12-14T15:31:07.489Z,2025-12-14T15:31:07.489Z
39,0x000a,-2.0978,0x00000000,2025-12-14T15:31:07.590Z,2025-12-14T15:31:07.590Z
38,0x000a,-1.60228,0x00000000,2025-12-14T15:31:07.590Z,2025-12-14T15:31:07.590Z
37,0x000a,-2.79948,0x00000000,2025-12-14T15:31:07.590Z,2025-12-14T15:31:07.590Z
36,0x000a,-2.11939,0x00000000,2025-12-14T15:31:07.590Z,2025-12-14T15:31:07.590Z
35,0x000a,-1.52515,0x00000000,2025-12-14T15:31:07.590Z,2025-12-14T15:31:07.590Z
34,0x000a,-2.78705,0x00000000,2025-12-14T15:31:07.590Z,2025-12-14T15:31:07.590Z
26,0x000a,2.66999,0x00000000,2025-12-14T15:31:07.590Z,2025-12-14T15:31:07.590Z
25,0x000a,2.83999,0x00000000,2025-12-14T15:31:07.590Z,2025-12-14T15:31:07.590Z
24,0x000a,2.36979,0x00000000,2025-12-14T15:31:07.590Z,2025-12-14T15:31:07.590Z
23,0x000a,-2.11939,0x00000000,2025-12-14T15:31:07.590Z,2025-12-14T15:31:07.590Z
22,0x000a,-1.52515,0x00000000,2025-12-14T15:31:07.590Z,2025-12-14T15:31:07.590Z
21,0x000a,-2.78705,0x00000000,2025-12-14T15:31:07.590Z,2025-12-14T15:31:07.590Z
8,0x0004,7382,0x00000000,2025-12-14T15:31:07.590Z,2025-12-14T15:31:07.590Z
7,0x0004,7852,0x00000000,2025-12-14T15:31:07.590Z,2025-12-14T15:31:07.590Z
6,0x0004,6552,0x00000000,2025-12-14T15:31:07.590Z,2025-12-14T15:31:07.590Z
39,0x000a,-2.19908,0x00000000,2025-12-14T15:31:07.688Z,2025-12-14T15:31:07.688Z
38,0x000a,-1.4974,0x00000000,2025-12-14T15:31:07.688Z,2025-12-14T15:31:07.688Z
37,0x000a,-2.70182,0x00000000,2025-12-14T15:31:07.688Z,2025-12-14T15:31:07.688Z
36,0x000a,-2.10859,0x00000000,2025-12-14T15:31:07.688Z,2025-12-14T15:31:07.688Z
35,0x000a,-1.56372,0x00000000,2025-12-14T15:31:07.688Z,2025-12-14T15:31:07.688Z
34,0x000a,-2.79326,0x00000000,2025-12-14T15:31:07.688Z,2025-12-14T15:31:07.688Z
26,0x000a,2.45985,0x00000000,2025-12-14T15:31:07.688Z,2025-12-14T15:31:07.688Z
25,0x000a,2.68989,0x00000000,2025-12-14T15:31:07.688Z,2025-12-14T15:31:07.688Z
24,0x000a,2.08984,0x00000000,2025-12-14T15:31:07.688Z,2025-12-14T15:31:07.688Z
23,0x000a,-2.10859,0x00000000,2025-12-14T15:31:07.688Z,2025-12-14T15:31:07.688Z
22,0x000a,-1.56372,0x00000000,2025-12-14T15:31:07.688Z,2025-12-14T15:31:07.688Z
21,0x000a,-2.79326,0x00000000,2025-12-14T15:31:07.688Z,2025-12-14T15:31:07.688Z
14,0x0001,false,0x00000000,2025-12-14T15:31:07.688Z,2025-12-14T15:31:07.688Z
8,0x0004,6801,0x00000000,2025-12-14T15:31:07.688Z,2025-12-14T15:31:07.688Z
7,0x0004,7437,0x00000000,2025-12-14T15:31:07.688Z,2025-12-14T15:31:07.688Z
6,0x0004,5778,0x00000000,2025-12-14T15:31:07.688Z,2025-12-14T15:31:07.688Z
39,0x000a,-2.10142,0x00000000,2025-12-14T15:31:07.788Z,2025-12-14T15:31:07.788Z
38,0x000a,-1.50101,0x00000000,2025-12-14T15:31:07.788Z,2025-12-14T15:31:07.788Z
37,0x000a,-2.79948,0x00000000,2025-12-14T15:31:07.788Z,2025-12-14T15:31:07.788Z
36,0x000a,-2.15384,0x00000000,2025-12-14T15:31:07.788Z,2025-12-14T15:31:07.788Z
35,0x000a,-1.53056,0x00000000,2025-12-14T15:31:07.788Z,2025-12-14T15:31:07.788Z
34,0x000a,-2.74754,0x00000000,2025-12-14T15:31:07.788Z,2025-12-14T15:31:07.788Z
26,0x000a,2.24971,0x00000000,2025-12-14T15:31:07.788Z,2025-12-14T15:31:07.788Z
25,0x000a,2.52966,0x00000000,2025-12-14T15:31:07.788Z,2025-12-14T15:31:07.788Z
24,0x000a,1.81966,0x00000000,2025-12-14T15:31:07.788Z,2025-12-14T15:31:07.788Z
23,0x000a,-2.15384,0x00000000,2025-12-14T15:31:07.788Z,2025-12-14T15:31:07.788Z
22,0x000a,-1.53056,0x00000000,2025-12-14T15:31:07.788Z,2025-12-14T15:31:07.788Z
21,0x000a,-2.74754,0x00000000,2025-12-14T15:31:07.788Z,2025-12-14T15:31:07.788Z
8,0x0004,6220,0x00000000,2025-12-14T15:31:07.788Z,2025-12-14T15:31:07.788Z
7,0x0004,6994,0x00000000,2025-12-14T15:31:07.788Z,2025-12-14T15:31:07.788Z
6,0x0004,5031,0x00000000,2025-12-14T15:31:07.788Z,2025-12-14T15:31:07.788Z
39,0x000a,-4.70197,0x00000000,2025-12-14T15:31:07.888Z,2025-12-14T15:31:07.888Z
38,0x000a,-3.39988,0x00000000,2025-12-14T15:31:07.888Z,2025-12-14T15:31:07.888Z
37,0x000a,-4.40176,0x00000000,2025-12-14T15:31:07.888Z,2025-12-14T15:31:07.888Z
36,0x000a,-2.12763,0x00000000,2025-12-14T15:31:07.888Z,2025-12-14T15:31:07.888Z
35,0x000a,-1.51578,0x00000000,2025-12-14T15:31:07.888Z,2025-12-14T15:31:07.888Z
34,0x000a,-2.77351,0x00000000,2025-12-14T15:31:07.888Z,2025-12-14T15:31:07.888Z
26,0x000a,1.98966,0x00000000,2025-12-14T15:31:07.888Z,2025-12-14T15:31:07.888Z
25,0x000a,2.3499,0x00000000,2025-12-14T15:31:07.888Z,2025-12-14T15:31:07.888Z
24,0x000a,1.64967,0x00000000,2025-12-14T15:31:07.888Z,2025-12-14T15:31:07.888Z
23,0x000a,-2.12763,0x00000000,2025-12-14T15:31:07.888Z,2025-12-14T15:31:07.888Z
22,0x000a,-1.51578,0x00000000,2025-12-14T15:31:07.888Z,2025-12-14T15:31:07.888Z
21,0x000a,-2.77351,0x00000000,2025-12-14T15:31:07.888Z,2025-12-14T15:31:07.888Z
13,0x0001,true,0x00000000,2025-12-14T15:31:07.888Z,2025-12-14T15:31:07.888Z
8,0x0004,5501,0x00000000,2025-12-14T15:31:07.888Z,2025-12-14T15:31:07.888Z
7,0x0004,6497,0x00000000,2025-12-14T15:31:07.888Z,2025-12-14T15:31:07.888Z
6,0x0004,4561,0x00000000,2025-12-14T15:31:07.888Z,2025-12-14T15:31:07.888Z
39,0x000a,-2.0978,0x00000000,2025-12-14T15:31:07.988Z,2025-12-14T15:31:07.988Z
38,0x000a,-1.50101,0x00000000,2025-12-14T15:31:07.988Z,2025-12-14T15:31:07.988Z
37,0x000a,0,0x00000000,2025-12-14T15:31:07.988Z,2025-12-14T15:31:07.988Z
36,0x000a,-3.4148,0x00000000,2025-12-14T15:31:07.988Z,2025-12-14T15:31:07.988Z
35,0x000a,-2.45783,0x00000000,2025-12-14T15:31:07.988Z,2025-12-14T15:31:07.988Z
34,0x000a,-3.58764,0x00000000,2025-12-14T15:31:07.988Z,2025-12-14T15:31:07.988Z
26,0x000a,1.77988,0x00000000,2025-12-14T15:31:07.988Z,2025-12-14T15:31:07.988Z
25,0x000a,2.1998,0x00000000,2025-12-14T15:31:07.988Z,2025-12-14T15:31:07.988Z
23,0x000a,-3.4148,0x00000000,2025-12-14T15:31:07.988Z,2025-12-14T15:31:07.988Z
22,0x000a,-2.45783,0x00000000,2025-12-14T15:31:07.988Z,2025-12-14T15:31:07.988Z
21,0x000a,-3.58764,0x00000000,2025-12-14T15:31:07.988Z,2025-12-14T15:31:07.988Z
8,0x0004,4921,0x00000000,2025-12-14T15:31:07.988Z,2025-12-14T15:31:07.988Z
7,0x0004,6082,0x00000000,2025-12-14T15:31:07.988Z,2025-12-14T15:31:07.988Z
39,0x000a,-2.10142,0x00000000,2025-12-14T15:31:08.089Z,2025-12-14T15:31:08.089Z
38,0x000a,-1.59867,0x00000000,2025-12-14T15:31:08.089Z,2025-12-14T15:31:08.089Z
37,0x000a,1.69994,0x00000000,2025-12-14T15:31:08.089Z,2025-12-14T15:31:08.089Z
36,0x000a,-2.7563,0x00000000,2025-12-14T15:31:08.089Z,2025-12-14T15:31:08.089Z
35,0x000a,-1.97942,0x00000000,2025-12-14T15:31:08.089Z,2025-12-14T15:31:08.089Z
34,0x000a,-1.79382,0x00000000,2025-12-14T15:31:08.089Z,2025-12-14T15:31:08.089Z
26,0x000a,1.56973,0x00000000,2025-12-14T15:31:08.089Z,2025-12-14T15:31:08.089Z
25,0x000a,2.03993,0x00000000,2025-12-14T15:31:08.089Z,2025-12-14T15:31:08.089Z
24,0x000a,1.81966,0x00000000,2025-12-14T15:31:08.089Z,2025-12-14T15:31:08.089Z
23,0x000a,-2.7563,0x00000000,2025-12-14T15:31:08.089Z,2025-12-14T15:31:08.089Z
22,0x000a,-1.97942,0x00000000,2025-12-14T15:31:08.089Z,2025-12-14T15:31:08.089Z
21,0x000a,-1.79382,0x00000000,2025-12-14T15:31:08.089Z,2025-12-14T15:31:08.089Z
13,0x0001,false,0x00000000,2025-12-14T15:31:08.089Z,2025-12-14T15:31:08.089Z
8,0x0004,4340,0x00000000,2025-12-14T15:31:08.089Z,2025-12-14T15:31:08.089Z
7,0x0004,5640,0x00000000,2025-12-14T15:31:08.089Z,2025-12-14T15:31:08.089Z
6,0x0004,5031,0x00000000,2025-12-14T15:31:08.089Z,2025-12-14T15:31:08.089Z
36,0x000a,-2.42886,0x00000000,2025-12-14T15:31:08.188Z,2025-12-14T15:31:08.188Z
35,0x000a,-1.78905,0x00000000,2025-12-14T15:31:08.188Z,2025-12-14T15:31:08.188Z
34,0x000a,-0.0469388,0x00000000,2025-12-14T15:31:08.188Z,2025-12-14T15:31:08.188Z
26,0x000a,1.34983,0x00000000,2025-12-14T15:31:08.188Z,2025-12-14T15:31:08.188Z
25,0x000a,1.88983,0x00000000,2025-12-14T15:31:08.188Z,2025-12-14T15:31:08.188Z
24,0x000a,2.08984,0x00000000,2025-12-14T15:31:08.188Z,2025-12-14T15:31:08.188Z
23,0x000a,-2.42886,0x00000000,2025-12-14T15:31:08.188Z,2025-12-14T15:31:08.188Z
22,0x000a,-1.78905,0x00000000,2025-12-14T15:31:08.188Z,2025-12-14T15:31:08.188Z
21,0x000a,-0.0469388,0x00000000,2025-12-14T15:31:08.188Z,2025-12-14T15:31:08.188Z
8,0x0004,3732,0x00000000,2025-12-14T15:31:08.188Z,2025-12-14T15:31:08.188Z
7,0x0004,5225,0x00000000,2025-12-14T15:31:08.188Z,2025-12-14T15:31:08.188Z
6,0x0004,5778,0x00000000,2025-12-14T15:31:08.188Z,2025-12-14T15:31:08.188Z
39,0x000a,-2.19907,0x00000000,2025-12-14T15:31:08.289Z,2025-12-14T15:31:08.289Z
39,0x000a,-2.49928,0x00000000,2025-12-14T15:31:08.388Z,2025-12-14T15:31:08.388Z
38,0x000a,-1.50101,0x00000000,2025-12-14T15:31:08.289Z,2025-12-14T15:31:08.289Z
38,0x000a,-1.80122,0x00000000,2025-12-14T15:31:08.388Z,2025-12-14T15:31:08.388Z
37,0x000a,2.70182,0x00000000,2025-12-14T15:31:08.289Z,2025-12-14T15:31:08.289Z
37,0x000a,1.69994,0x00000000,2025-12-14T15:31:08.388Z,2025-12-14T15:31:08.388Z
36,0x000a,-2.31397,0x00000000,2025-12-14T15:31:08.388Z,2025-12-14T15:31:08.388Z
35,0x000a,-1.64503,0x00000000,2025-12-14T15:31:08.388Z,2025-12-14T15:31:08.388Z
34,0x000a,1.32744,0x00000000,2025-12-14T15:31:08.388Z,2025-12-14T15:31:08.388Z
26,0x000a,1.0999,0x00000000,2025-12-14T15:31:08.289Z,2025-12-14T15:31:08.289Z
26,0x000a,0.879991,0x00000000,2025-12-14T15:31:08.388Z,2025-12-14T15:31:08.388Z
25,0x000a,1.70971,0x00000000,2025-12-14T15:31:08.289Z,2025-12-14T15:31:08.289Z
25,0x000a,1.54984,0x00000000,2025-12-14T15:31:08.388Z,2025-12-14T15:31:08.388Z
24,0x000a,2.25984,0x00000000,2025-12-14T15:31:08.289Z,2025-12-14T15:31:08.289Z
23,0x000a,-2.31397,0x00000000,2025-12-14T15:31:08.388Z,2025-12-14T15:31:08.388Z
22,0x000a,-1.64503,0x00000000,2025-12-14T15:31:08.388Z,2025-12-14T15:31:08.388Z
21,0x000a,1.32744,0x00000000,2025-12-14T15:31:08.388Z,2025-12-14T15:31:08.388Z
18,0x0001,false,0x00000000,2025-12-14T15:31:08.289Z,2025-12-14T15:31:08.289Z
8,0x0004,3041,0x00000000,2025-12-14T15:31:08.289Z,2025-12-14T15:31:08.289Z
8,0x0004,2433,0x00000000,2025-12-14T15:31:08.388Z,2025-12-14T15:31:08.388Z
7,0x0004,4727,0x00000000,2025-12-14T15:31:08.289Z,2025-12-14T15:31:08.289Z
7,0x0004,4285,0x00000000,2025-12-14T15:31:08.388Z,2025-12-14T15:31:08.388Z
6,0x0004,6248,0x00000000,2025-12-14T15:31:08.289Z,2025-12-14T15:31:08.289Z
39,0x000a,-2.19907,0x00000000,2025-12-14T15:31:08.490Z,2025-12-14T15:31:08.490Z
38,0x000a,-1.59867,0x00000000,2025-12-14T15:31:08.490Z,2025-12-14T15:31:08.490Z
37,0x000a,0,0x00000000,2025-12-14T15:31:08.490Z,2025-12-14T15:31:08.490Z
36,0x000a,-2.40662,0x00000000,2025-12-14T15:31:08.490Z,2025-12-14T15:31:08.490Z
35,0x000a,-1.72312,0x00000000,2025-12-14T15:31:08.490Z,2025-12-14T15:31:08.490Z
34,0x000a,1.51369,0x00000000,2025-12-14T15:31:08.490Z,2025-12-14T15:31:08.490Z
26,0x000a,0.799696,0x00000000,2025-12-14T15:31:08.490Z,2025-12-14T15:31:08.490Z
25,0x000a,1.39974,0x00000000,2025-12-14T15:31:08.490Z,2025-12-14T15:31:08.490Z
23,0x000a,-2.40662,0x00000000,2025-12-14T15:31:08.490Z,2025-12-14T15:31:08.490Z
22,0x000a,-1.72312,0x00000000,2025-12-14T15:31:08.490Z,2025-12-14T15:31:08.490Z
21,0x000a,1.51369,0x00000000,2025-12-14T15:31:08.490Z,2025-12-14T15:31:08.490Z
8,0x0004,2211,0x00000000,2025-12-14T15:31:08.490Z,2025-12-14T15:31:08.490Z
7,0x0004,3870,0x00000000,2025-12-14T15:31:08.490Z,2025-12-14T15:31:08.490Z
40,0x0001,true,0x00000000,2025-12-14T15:31:08.591Z,2025-12-14T15:31:08.591Z
39,0x000a,-0.802951,0x00000000,2025-12-14T15:31:08.591Z,2025-12-14T15:31:08.591Z
38,0x000a,-1.50101,0x00000000,2025-12-14T15:31:08.591Z,2025-12-14T15:31:08.591Z
36,0x000a,-2.30285,0x00000000,2025-12-14T15:31:08.591Z,2025-12-14T15:31:08.591Z
35,0x000a,-1.6609,0x00000000,2025-12-14T15:31:08.591Z,2025-12-14T15:31:08.591Z
34,0x000a,0.756846,0x00000000,2025-12-14T15:31:08.591Z,2025-12-14T15:31:08.591Z
25,0x000a,1.25,0x00000000,2025-12-14T15:31:08.591Z,2025-12-14T15:31:08.591Z
23,0x000a,-2.30285,0x00000000,2025-12-14T15:31:08.591Z,2025-12-14T15:31:08.591Z
22,0x000a,-1.6609,0x00000000,2025-12-14T15:31:08.591Z,2025-12-14T15:31:08.591Z
21,0x000a,0.756846,0x00000000,2025-12-14T15:31:08.591Z,2025-12-14T15:31:08.591Z
16,0x0001,false,0x00000000,2025-12-14T15:31:08.591Z,2025-12-14T15:31:08.591Z
7,0x0004,3456,0x00000000,2025-12-14T15:31:08.591Z,2025-12-14T15:31:08.591Z
39,0x000a,0,0x00000000,2025-12-14T15:31:08.690Z,2025-12-14T15:31:08.690Z
38,0x000a,-1.4974,0x00000000,2025-12-14T15:31:08.690Z,2025-12-14T15:31:08.690Z
36,0x000a,-1.5529,0x00000000,2025-12-14T15:31:08.690Z,2025-12-14T15:31:08.690Z
35,0x000a,-1.58095,0x00000000,2025-12-14T15:31:08.690Z,2025-12-14T15:31:08.690Z
34,0x000a,0.378423,0x00000000,2025-12-14T15:31:08.690Z,2025-12-14T15:31:08.690Z
25,0x000a,1.08977,0x00000000,2025-12-14T15:31:08.690Z,2025-12-14T15:31:08.690Z
23,0x000a,-1.5529,0x00000000,2025-12-14T15:31:08.690Z,2025-12-14T15:31:08.690Z
22,0x000a,-1.58095,0x00000000,2025-12-14T15:31:08.690Z,2025-12-14T15:31:08.690Z
21,0x000a,0.378423,0x00000000,2025-12-14T15:31:08.690Z,2025-12-14T15:31:08.690Z
7,0x0004,3013,0x00000000,2025-12-14T15:31:08.690Z,2025-12-14T15:31:08.690Z
42,0x0001,true,0x00000000,2025-12-14T15:31:08.789Z,2025-12-14T15:31:08.789Z
38,0x000a,-1.60229,0x00000000,2025-12-14T15:31:08.789Z,2025-12-14T15:31:08.789Z
36,0x000a,-0.77645,0x00000000,2025-12-14T15:31:08.789Z,2025-12-14T15:31:08.789Z
35,0x000a,-1.53917,0x00000000,2025-12-14T15:31:08.789Z,2025-12-14T15:31:08.789Z
34,0x000a,0.189211,0x00000000,2025-12-14T15:31:08.789Z,2025-12-14T15:31:08.789Z
25,0x000a,0.999711,0x00000000,2025-12-14T15:31:08.789Z,2025-12-14T15:31:08.789Z
23,0x000a,-0.77645,0x00000000,2025-12-14T15:31:08.789Z,2025-12-14T15:31:08.789Z
22,0x000a,-1.53917,0x00000000,2025-12-14T15:31:08.789Z,2025-12-14T15:31:08.789Z
21,0x000a,0.189211,0x00000000,2025-12-14T15:31:08.789Z,2025-12-14T15:31:08.789Z
7,0x0004,2764,0x00000000,2025-12-14T15:31:08.789Z,2025-12-14T15:31:08.789Z
38,0x000a,-0.900608,0x00000000,2025-12-14T15:31:08.890Z,2025-12-14T15:31:08.890Z
36,0x000a,-0.388225,0x00000000,2025-12-14T15:31:08.890Z,2025-12-14T15:31:08.890Z
35,0x000a,-1.57073,0x00000000,2025-12-14T15:31:08.890Z,2025-12-14T15:31:08.890Z
34,0x000a,0.0946057,0x00000000,2025-12-14T15:31:08.890Z,2025-12-14T15:31:08.890Z
23,0x000a,-0.388225,0x00000000,2025-12-14T15:31:08.890Z,2025-12-14T15:31:08.890Z
22,0x000a,-1.57073,0x00000000,2025-12-14T15:31:08.890Z,2025-12-14T15:31:08.890Z
21,0x000a,0.0946057,0x00000000,2025-12-14T15:31:08.890Z,2025-12-14T15:31:08.890Z
36,0x000a,-0.194112,0x00000000,2025-12-14T15:31:08.990Z,2025-12-14T15:31:08.990Z
35,0x000a,-1.23567,0x00000000,2025-12-14T15:31:08.990Z,2025-12-14T15:31:08.990Z
34,0x000a,0.0473029,0x00000000,2025-12-14T15:31:08.990Z,2025-12-14T15:31:08.990Z
23,0x000a,-0.194112,0x00000000,2025-12-14T15:31:08.990Z,2025-12-14T15:31:08.990Z
22,0x000a,-1.23567,0x00000000,2025-12-14T15:31:08.990Z,2025-12-14T15:31:08.990Z
21,0x000a,0.0473029,0x00000000,2025-12-14T15:31:08.990Z,2025-12-14T15:31:08.990Z
41,0x0001,true,0x00000000,2025-12-14T15:31:09.089Z,2025-12-14T15:31:09.089Z
38,0x000a,0,0x00000000,2025-12-14T15:31:09.089Z,2025-12-14T15:31:09.089Z
27,0x0001,true,0x00000000,2025-12-14T15:31:09.089Z,2025-12-14T15:31:09.089Z
4,0x000a,6.5,0x00000000,2025-12-14T15:31:09.089Z,2025-12-14T15:31:09.089Z
3,0x000a,8.2,0x00000000,2025-12-14T15:31:09.089Z,2025-12-14T15:31:09.089Z
2,0x000a,7.5,0x00000000,2025-12-14T15:31:09.089Z,2025-12-14T15:31:09.089Z
42,0x0001,false,0x00000000,2025-12-14T15:31:09.190Z,2025-12-14T15:31:09.190Z
41,0x0001,false,0x00000000,2025-12-14T15:31:09.190Z,2025-12-14T15:31:09.190Z
40,0x0001,false,0x00000000,2025-12-14T15:31:09.190Z,2025-12-14T15:31:09.190Z
36,0x000a,-0.0970562,0x00000000,2025-12-14T15:31:09.190Z,2025-12-14T15:31:09.190Z
35,0x000a,-0.617835,0x00000000,2025-12-14T15:31:09.190Z,2025-12-14T15:31:09.190Z
34,0x000a,0.0236514,0x00000000,2025-12-14T15:31:09.190Z,2025-12-14T15:31:09.190Z
27,0x0001,false,0x00000000,2025-12-14T15:31:09.190Z,2025-12-14T15:31:09.190Z
23,0x000a,-0.0970562,0x00000000,2025-12-14T15:31:09.190Z,2025-12-14T15:31:09.190Z
22,0x000a,-0.617835,0x00000000,2025-12-14T15:31:09.190Z,2025-12-14T15:31:09.190Z
21,0x000a,0.0236514,0x00000000,2025-12-14T15:31:09.190Z,2025-12-14T15:31:09.190Z
17,0x0001,true,0x00000000,2025-12-14T15:31:09.190Z,2025-12-14T15:31:09.190Z
15,0x0001,true,0x00000000,2025-12-14T15:31:09.190Z,2025-12-14T15:31:09.190Z
13,0x0001,true,0x00000000,2025-12-14T15:31:09.190Z,2025-12-14T15:31:09.190Z
36,0x000a,-0.0485281,0x00000000,2025-12-14T15:31:09.288Z,2025-12-14T15:31:09.288Z
35,0x000a,-0.308917,0x00000000,2025-12-14T15:31:09.288Z,2025-12-14T15:31:09.288Z
34,0x000a,0.0118257,0x00000000,2025-12-14T15:31:09.288Z,2025-12-14T15:31:09.288Z
23,0x000a,-0.0485281,0x00000000,2025-12-14T15:31:09.288Z,2025-12-14T15:31:09.288Z
22,0x000a,-0.308917,0x00000000,2025-12-14T15:31:09.288Z,2025-12-14T15:31:09.288Z
21,0x000a,0.0118257,0x00000000,2025-12-14T15:31:09.288Z,2025-12-14T15:31:09.288Z
39,0x000a,0.701678,0x00000000,2025-12-14T15:31:09.390Z,2025-12-14T15:31:09.390Z
38,0x000a,0.900608,0x00000000,2025-12-14T15:31:09.390Z,2025-12-14T15:31:09.390Z
37,0x000a,1.59867,0x00000000,2025-12-14T15:31:09.390Z,2025-12-14T15:31:09.390Z
36,0x000a,-0.0242641,0x00000000,2025-12-14T15:31:09.390Z,2025-12-14T15:31:09.390Z
35,0x000a,-0.154459,0x00000000,2025-12-14T15:31:09.390Z,2025-12-14T15:31:09.390Z
34,0x000a,0.00591286,0x00000000,2025-12-14T15:31:09.390Z,2025-12-14T15:31:09.390Z
26,0x000a,0.869864,0x00000000,2025-12-14T15:31:09.390Z,2025-12-14T15:31:09.390Z
25,0x000a,1.08977,0x00000000,2025-12-14T15:31:09.390Z,2025-12-14T15:31:09.390Z
24,0x000a,2.4197,0x00000000,2025-12-14T15:31:09.390Z,2025-12-14T15:31:09.390Z
23,0x000a,-0.0242641,0x00000000,2025-12-14T15:31:09.390Z,2025-12-14T15:31:09.390Z
22,0x000a,-0.154459,0x00000000,2025-12-14T15:31:09.390Z,2025-12-14T15:31:09.390Z
21,0x000a,0.00591286,0x00000000,2025-12-14T15:31:09.390Z,2025-12-14T15:31:09.390Z
8,0x0004,2405,0x00000000,2025-12-14T15:31:09.390Z,2025-12-14T15:31:09.390Z
7,0x0004,3013,0x00000000,2025-12-14T15:31:09.390Z,2025-12-14T15:31:09.390Z
6,0x0004,6690,0x00000000,2025-12-14T15:31:09.390Z,2025-12-14T15:31:09.390Z
39,0x000a,2.0978,0x00000000,2025-12-14T15:31:09.489Z,2025-12-14T15:31:09.489Z
38,0x000a,1.60229,0x00000000,2025-12-14T15:31:09.489Z,2025-12-14T15:31:09.489Z
37,0x000a,2.79948,0x00000000,2025-12-14T15:31:09.489Z,2025-12-14T15:31:09.489Z
36,0x000a,0.338707,0x00000000,2025-12-14T15:31:09.489Z,2025-12-14T15:31:09.489Z
35,0x000a,0.373075,0x00000000,2025-12-14T15:31:09.489Z,2025-12-14T15:31:09.489Z
34,0x000a,0.802292,0x00000000,2025-12-14T15:31:09.489Z,2025-12-14T15:31:09.489Z
26,0x000a,1.07964,0x00000000,2025-12-14T15:31:09.489Z,2025-12-14T15:31:09.489Z
25,0x000a,1.25,0x00000000,2025-12-14T15:31:09.489Z,2025-12-14T15:31:09.489Z
24,0x000a,2.69965,0x00000000,2025-12-14T15:31:09.489Z,2025-12-14T15:31:09.489Z
23,0x000a,0.338707,0x00000000,2025-12-14T15:31:09.489Z,2025-12-14T15:31:09.489Z
22,0x000a,0.373075,0x00000000,2025-12-14T15:31:09.489Z,2025-12-14T15:31:09.489Z
21,0x000a,0.802292,0x00000000,2025-12-14T15:31:09.489Z,2025-12-14T15:31:09.489Z
8,0x0004,2985,0x00000000,2025-12-14T15:31:09.489Z,2025-12-14T15:31:09.489Z
7,0x0004,3456,0x00000000,2025-12-14T15:31:09.489Z,2025-12-14T15:31:09.489Z
6,0x0004,7464,0x00000000,2025-12-14T15:31:09.489Z,2025-12-14T15:31:09.489Z
39,0x000a,2.20269,0x00000000,2025-12-14T15:31:09.588Z,2025-12-14T15:31:09.588Z
38,0x000a,1.4974,0x00000000,2025-12-14T15:31:09.588Z,2025-12-14T15:31:09.588Z
37,0x000a,2.8031,0x00000000,2025-12-14T15:31:09.588Z,2025-12-14T15:31:09.588Z
36,0x000a,1.21825,0x00000000,2025-12-14T15:31:09.588Z,2025-12-14T15:31:09.588Z
35,0x000a,0.98768,0x00000000,2025-12-14T15:31:09.588Z,2025-12-14T15:31:09.588Z
34,0x000a,1.80088,0x00000000,2025-12-14T15:31:09.588Z,2025-12-14T15:31:09.588Z
26,0x000a,1.29991,0x00000000,2025-12-14T15:31:09.588Z,2025-12-14T15:31:09.588Z
25,0x000a,1.39974,0x00000000,2025-12-14T15:31:09.588Z,2025-12-14T15:31:09.588Z
24,0x000a,2.97996,0x00000000,2025-12-14T15:31:09.588Z,2025-12-14T15:31:09.588Z
23,0x000a,1.21825,0x00000000,2025-12-14T15:31:09.588Z,2025-12-14T15:31:09.588Z
22,0x000a,0.98768,0x00000000,2025-12-14T15:31:09.588Z,2025-12-14T15:31:09.588Z
21,0x000a,1.80088,0x00000000,2025-12-14T15:31:09.588Z,2025-12-14T15:31:09.588Z
8,0x0004,3594,0x00000000,2025-12-14T15:31:09.588Z,2025-12-14T15:31:09.588Z
7,0x0004,3870,0x00000000,2025-12-14T15:31:09.588Z,2025-12-14T15:31:09.588Z
6,0x0004,8239,0x00000000,2025-12-14T15:31:09.588Z,2025-12-14T15:31:09.588Z
39,0x000a,2.0978,0x00000000,2025-12-14T15:31:09.690Z,2025-12-14T15:31:09.690Z
38,0x000a,1.50101,0x00000000,2025-12-14T15:31:09.690Z,2025-12-14T15:31:09.690Z
37,0x000a,2.69821,0x00000000,2025-12-14T15:31:09.690Z,2025-12-14T15:31:09.690Z
36,0x000a,1.71047,0x00000000,2025-12-14T15:31:09.690Z,2025-12-14T15:31:09.690Z
35,0x000a,1.24254,0x00000000,2025-12-14T15:31:09.690Z,2025-12-14T15:31:09.690Z
34,0x000a,2.30199,0x00000000,2025-12-14T15:31:09.690Z,2025-12-14T15:31:09.690Z
26,0x000a,1.50969,0x00000000,2025-12-14T15:31:09.690Z,2025-12-14T15:31:09.690Z
25,0x000a,1.54984,0x00000000,2025-12-14T15:31:09.690Z,2025-12-14T15:31:09.690Z
24,0x000a,3.24978,0x00000000,2025-12-14T15:31:09.690Z,2025-12-14T15:31:09.690Z
23,0x000a,1.71047,0x00000000,2025-12-14T15:31:09.690Z,2025-12-14T15:31:09.690Z
22,0x000a,1.24254,0x00000000,2025-12-14T15:31:09.690Z,2025-12-14T15:31:09.690Z
21,0x000a,2.30199,0x00000000,2025-12-14T15:31:09.690Z,2025-12-14T15:31:09.690Z
8,0x0004,4174,0x00000000,2025-12-14T15:31:09.690Z,2025-12-14T15:31:09.690Z
7,0x0004,4285,0x00000000,2025-12-14T15:31:09.690Z,2025-12-14T15:31:09.690Z
6,0x0004,8985,0x00000000,2025-12-14T15:31:09.690Z,2025-12-14T15:31:09.690Z
39,0x000a,2.60055,0x00000000,2025-12-14T15:31:09.788Z,2025-12-14T15:31:09.788Z
38,0x000a,1.89887,0x00000000,2025-12-14T15:31:09.788Z,2025-12-14T15:31:09.788Z
37,0x000a,3.29861,0x00000000,2025-12-14T15:31:09.788Z,2025-12-14T15:31:09.788Z
36,0x000a,1.90414,0x00000000,2025-12-14T15:31:09.788Z,2025-12-14T15:31:09.788Z
35,0x000a,1.37178,0x00000000,2025-12-14T15:31:09.788Z,2025-12-14T15:31:09.788Z
34,0x000a,2.5001,0x00000000,2025-12-14T15:31:09.788Z,2025-12-14T15:31:09.788Z
26,0x000a,1.76975,0x00000000,2025-12-14T15:31:09.788Z,2025-12-14T15:31:09.788Z
25,0x000a,1.73973,0x00000000,2025-12-14T15:31:09.788Z,2025-12-14T15:31:09.788Z
24,0x000a,3.57964,0x00000000,2025-12-14T15:31:09.788Z,2025-12-14T15:31:09.788Z
23,0x000a,1.90414,0x00000000,2025-12-14T15:31:09.788Z,2025-12-14T15:31:09.788Z
22,0x000a,1.37178,0x00000000,2025-12-14T15:31:09.788Z,2025-12-14T15:31:09.788Z
21,0x000a,2.5001,0x00000000,2025-12-14T15:31:09.788Z,2025-12-14T15:31:09.788Z
8,0x0004,4893,0x00000000,2025-12-14T15:31:09.788Z,2025-12-14T15:31:09.788Z
7,0x0004,4810,0x00000000,2025-12-14T15:31:09.788Z,2025-12-14T15:31:09.788Z
6,0x0004,9897,0x00000000,2025-12-14T15:31:09.788Z,2025-12-14T15:31:09.788Z
26,0x000a,1.97989,0x00000000,2025-12-14T15:31:09.890Z,2025-12-14T15:31:09.890Z
25,0x000a,1.88983,0x00000000,2025-12-14T15:31:09.890Z,2025-12-14T15:31:09.890Z
24,0x000a,3.85995,0x00000000,2025-12-14T15:31:09.890Z,2025-12-14T15:31:09.890Z
8,0x0004,5474,0x00000000,2025-12-14T15:31:09.890Z,2025-12-14T15:31:09.890Z
7,0x0004,5225,0x00000000,2025-12-14T15:31:09.890Z,2025-12-14T15:31:09.890Z
6,0x0004,10672,0x00000000,2025-12-14T15:31:09.890Z,2025-12-14T15:31:09.890Z
39,0x000a,2.10142,0x00000000,2025-12-14T15:31:09.989Z,2025-12-14T15:31:09.989Z
38,0x000a,1.50101,0x00000000,2025-12-14T15:31:09.989Z,2025-12-14T15:31:09.989Z
37,0x000a,2.8031,0x00000000,2025-12-14T15:31:09.989Z,2025-12-14T15:31:09.989Z
36,0x000a,2.25234,0x00000000,2025-12-14T15:31:09.989Z,2025-12-14T15:31:09.989Z
35,0x000a,1.63532,0x00000000,2025-12-14T15:31:09.989Z,2025-12-14T15:31:09.989Z
34,0x000a,2.89935,0x00000000,2025-12-14T15:31:09.989Z,2025-12-14T15:31:09.989Z
26,0x000a,2.18967,0x00000000,2025-12-14T15:31:09.989Z,2025-12-14T15:31:09.989Z
25,0x000a,2.03993,0x00000000,2025-12-14T15:31:09.989Z,2025-12-14T15:31:09.989Z
24,0x000a,4.12977,0x00000000,2025-12-14T15:31:09.989Z,2025-12-14T15:31:09.989Z
23,0x000a,2.25234,0x00000000,2025-12-14T15:31:09.989Z,2025-12-14T15:31:09.989Z
22,0x000a,1.63532,0x00000000,2025-12-14T15:31:09.989Z,2025-12-14T15:31:09.989Z
21,0x000a,2.89935,0x00000000,2025-12-14T15:31:09.989Z,2025-12-14T15:31:09.989Z
8,0x0004,6054,0x00000000,2025-12-14T15:31:09.989Z,2025-12-14T15:31:09.989Z
7,0x0004,5640,0x00000000,2025-12-14T15:31:09.989Z,2025-12-14T15:31:09.989Z
6,0x0004,11418,0x00000000,2025-12-14T15:31:09.989Z,2025-12-14T15:31:09.989Z
39,0x000a,2.0978,0x00000000,2025-12-14T15:31:10.088Z,2025-12-14T15:31:10.088Z
39,0x000a,4.30049,0x00000000,2025-12-14T15:31:10.189Z,2025-12-14T15:31:10.189Z
38,0x000a,3.09968,0x00000000,2025-12-14T15:31:10.189Z,2025-12-14T15:31:10.189Z
37,0x000a,2.6982,0x00000000,2025-12-14T15:31:10.088Z,2025-12-14T15:31:10.088Z
37,0x000a,5.59896,0x00000000,2025-12-14T15:31:10.189Z,2025-12-14T15:31:10.189Z
36,0x000a,2.17688,0x00000000,2025-12-14T15:31:10.088Z,2025-12-14T15:31:10.088Z
36,0x000a,2.13734,0x00000000,2025-12-14T15:31:10.189Z,2025-12-14T15:31:10.189Z
35,0x000a,1.56817,0x00000000,2025-12-14T15:31:10.088Z,2025-12-14T15:31:10.088Z
35,0x000a,1.53459,0x00000000,2025-12-14T15:31:10.189Z,2025-12-14T15:31:10.189Z
34,0x000a,2.85123,0x00000000,2025-12-14T15:31:10.088Z,2025-12-14T15:31:10.088Z
34,0x000a,2.77471,0x00000000,2025-12-14T15:31:10.189Z,2025-12-14T15:31:10.189Z
26,0x000a,2.40994,0x00000000,2025-12-14T15:31:10.088Z,2025-12-14T15:31:10.088Z
26,0x000a,2.61972,0x00000000,2025-12-14T15:31:10.189Z,2025-12-14T15:31:10.189Z
25,0x000a,2.1998,0x00000000,2025-12-14T15:31:10.088Z,2025-12-14T15:31:10.088Z
25,0x000a,2.3499,0x00000000,2025-12-14T15:31:10.189Z,2025-12-14T15:31:10.189Z
24,0x000a,4.40972,0x00000000,2025-12-14T15:31:10.088Z,2025-12-14T15:31:10.088Z
24,0x000a,4.68967,0x00000000,2025-12-14T15:31:10.189Z,2025-12-14T15:31:10.189Z
23,0x000a,2.17688,0x00000000,2025-12-14T15:31:10.088Z,2025-12-14T15:31:10.088Z
23,0x000a,2.13734,0x00000000,2025-12-14T15:31:10.189Z,2025-12-14T15:31:10.189Z
22,0x000a,1.56817,0x00000000,2025-12-14T15:31:10.088Z,2025-12-14T15:31:10.088Z
22,0x000a,1.53459,0x00000000,2025-12-14T15:31:10.189Z,2025-12-14T15:31:10.189Z
21,0x000a,2.85123,0x00000000,2025-12-14T15:31:10.088Z,2025-12-14T15:31:10.088Z
21,0x000a,2.77471,0x00000000,2025-12-14T15:31:10.189Z,2025-12-14T15:31:10.189Z
8,0x0004,6663,0x00000000,2025-12-14T15:31:10.088Z,2025-12-14T15:31:10.088Z
8,0x0004,7243,0x00000000,2025-12-14T15:31:10.189Z,2025-12-14T15:31:10.189Z
7,0x0004,6082,0x00000000,2025-12-14T15:31:10.088Z,2025-12-14T15:31:10.088Z
7,0x0004,6497,0x00000000,2025-12-14T15:31:10.189Z,2025-12-14T15:31:10.189Z
6,0x0004,12192,0x00000000,2025-12-14T15:31:10.088Z,2025-12-14T15:31:10.088Z
6,0x0004,12966,0x00000000,2025-12-14T15:31:10.189Z,2025-12-14T15:31:10.189Z
39,0x000a,2.10142,0x00000000,2025-12-14T15:31:10.288Z,2025-12-14T15:31:10.288Z
38,0x000a,1.50101,0x00000000,2025-12-14T15:31:10.288Z,2025-12-14T15:31:10.288Z
37,0x000a,2.70182,0x00000000,2025-12-14T15:31:10.288Z,2025-12-14T15:31:10.288Z
36,0x000a,3.21892,0x00000000,2025-12-14T15:31:10.288Z,2025-12-14T15:31:10.288Z
35,0x000a,2.31714,0x00000000,2025-12-14T15:31:10.288Z,2025-12-14T15:31:10.288Z
34,0x000a,4.18684,0x00000000,2025-12-14T15:31:10.288Z,2025-12-14T15:31:10.288Z
26,0x000a,2.82986,0x00000000,2025-12-14T15:31:10.288Z,2025-12-14T15:31:10.288Z
25,0x000a,2.5,0x00000000,2025-12-14T15:31:10.288Z,2025-12-14T15:31:10.288Z
24,0x000a,4.95985,0x00000000,2025-12-14T15:31:10.288Z,2025-12-14T15:31:10.288Z
23,0x000a,3.21892,0x00000000,2025-12-14T15:31:10.288Z,2025-12-14T15:31:10.288Z
22,0x000a,2.31714,0x00000000,2025-12-14T15:31:10.288Z,2025-12-14T15:31:10.288Z
21,0x000a,4.18684,0x00000000,2025-12-14T15:31:10.288Z,2025-12-14T15:31:10.288Z
8,0x0004,7824,0x00000000,2025-12-14T15:31:10.288Z,2025-12-14T15:31:10.288Z
7,0x0004,6912,0x00000000,2025-12-14T15:31:10.288Z,2025-12-14T15:31:10.288Z
6,0x0004,13713,0x00000000,2025-12-14T15:31:10.288Z,2025-12-14T15:31:10.288Z
39,0x000a,2.60055,0x00000000,2025-12-14T15:31:10.390Z,2025-12-14T15:31:10.390Z
38,0x000a,1.89887,0x00000000,2025-12-14T15:31:10.390Z,2025-12-14T15:31:10.390Z
37,0x000a,3.29861,0x00000000,2025-12-14T15:31:10.390Z,2025-12-14T15:31:10.390Z
36,0x000a,2.66017,0x00000000,2025-12-14T15:31:10.390Z,2025-12-14T15:31:10.390Z
35,0x000a,1.90907,0x00000000,2025-12-14T15:31:10.390Z,2025-12-14T15:31:10.390Z
34,0x000a,3.44433,0x00000000,2025-12-14T15:31:10.390Z,2025-12-14T15:31:10.390Z
26,0x000a,3.08992,0x00000000,2025-12-14T15:31:10.390Z,2025-12-14T15:31:10.390Z
25,0x000a,2.68989,0x00000000,2025-12-14T15:31:10.390Z,2025-12-14T15:31:10.390Z
24,0x000a,5.28971,0x00000000,2025-12-14T15:31:10.390Z,2025-12-14T15:31:10.390Z
23,0x000a,2.66017,0x00000000,2025-12-14T15:31:10.390Z,2025-12-14T15:31:10.390Z
22,0x000a,1.90907,0x00000000,2025-12-14T15:31:10.390Z,2025-12-14T15:31:10.390Z
21,0x000a,3.44433,0x00000000,2025-12-14T15:31:10.390Z,2025-12-14T15:31:10.390Z
8,0x0004,8543,0x00000000,2025-12-14T15:31:10.390Z,2025-12-14T15:31:10.390Z
7,0x0004,7437,0x00000000,2025-12-14T15:31:10.390Z,2025-12-14T15:31:10.390Z
6,0x0004,14625,0x00000000,2025-12-14T15:31:10.390Z,2025-12-14T15:31:10.390Z
39,0x000a,2.0978,0x00000000,2025-12-14T15:31:10.490Z,2025-12-14T15:31:10.490Z
38,0x000a,1.50101,0x00000000,2025-12-14T15:31:10.490Z,2025-12-14T15:31:10.490Z
37,0x000a,2.79948,0x00000000,2025-12-14T15:31:10.490Z,2025-12-14T15:31:10.490Z
36,0x000a,2.63036,0x00000000,2025-12-14T15:31:10.490Z,2025-12-14T15:31:10.490Z
35,0x000a,1.90397,0x00000000,2025-12-14T15:31:10.490Z,2025-12-14T15:31:10.490Z
34,0x000a,3.37147,0x00000000,2025-12-14T15:31:10.490Z,2025-12-14T15:31:10.490Z
26,0x000a,3.2997,0x00000000,2025-12-14T15:31:10.490Z,2025-12-14T15:31:10.490Z
25,0x000a,2.83999,0x00000000,2025-12-14T15:31:10.490Z,2025-12-14T15:31:10.490Z
24,0x000a,5.56966,0x00000000,2025-12-14T15:31:10.490Z,2025-12-14T15:31:10.490Z
23,0x000a,2.63036,0x00000000,2025-12-14T15:31:10.490Z,2025-12-14T15:31:10.490Z
22,0x000a,1.90397,0x00000000,2025-12-14T15:31:10.490Z,2025-12-14T15:31:10.490Z
21,0x000a,3.37147,0x00000000,2025-12-14T15:31:10.490Z,2025-12-14T15:31:10.490Z
8,0x0004,9123,0x00000000,2025-12-14T15:31:10.490Z,2025-12-14T15:31:10.490Z
7,0x0004,7852,0x00000000,2025-12-14T15:31:10.490Z,2025-12-14T15:31:10.490Z
6,0x0004,15399,0x00000000,2025-12-14T15:31:10.490Z,2025-12-14T15:31:10.490Z
39,0x000a,2.10142,0x00000000,2025-12-14T15:31:10.588Z,2025-12-14T15:31:10.588Z
38,0x000a,1.4974,0x00000000,2025-12-14T15:31:10.588Z,2025-12-14T15:31:10.588Z
37,0x000a,2.70183,0x00000000,2025-12-14T15:31:10.588Z,2025-12-14T15:31:10.588Z
36,0x000a,2.36408,0x00000000,2025-12-14T15:31:10.588Z,2025-12-14T15:31:10.588Z
35,0x000a,1.70249,0x00000000,2025-12-14T15:31:10.588Z,2025-12-14T15:31:10.588Z
34,0x000a,3.08547,0x00000000,2025-12-14T15:31:10.588Z,2025-12-14T15:31:10.588Z
26,0x000a,3.50984,0x00000000,2025-12-14T15:31:10.588Z,2025-12-14T15:31:10.588Z
25,0x000a,2.98973,0x00000000,2025-12-14T15:31:10.588Z,2025-12-14T15:31:10.588Z
24,0x000a,5.83984,0x00000000,2025-12-14T15:31:10.588Z,2025-12-14T15:31:10.588Z
23,0x000a,2.36408,0x00000000,2025-12-14T15:31:10.588Z,2025-12-14T15:31:10.588Z
22,0x000a,1.70249,0x00000000,2025-12-14T15:31:10.588Z,2025-12-14T15:31:10.588Z
21,0x000a,3.08547,0x00000000,2025-12-14T15:31:10.588Z,2025-12-14T15:31:10.588Z
8,0x0004,9704,0x00000000,2025-12-14T15:31:10.588Z,2025-12-14T15:31:10.588Z
7,0x0004,8266,0x00000000,2025-12-14T15:31:10.588Z,2025-12-14T15:31:10.588Z
6,0x0004,16146,0x00000000,2025-12-14T15:31:10.588Z,2025-12-14T15:31:10.588Z
36,0x000a,2.23275,0x00000000,2025-12-14T15:31:10.691Z,2025-12-14T15:31:10.691Z
35,0x000a,1.59994,0x00000000,2025-12-14T15:31:10.691Z,2025-12-14T15:31:10.691Z
34,0x000a,2.89365,0x00000000,2025-12-14T15:31:10.691Z,2025-12-14T15:31:10.691Z
26,0x000a,3.72975,0x00000000,2025-12-14T15:31:10.691Z,2025-12-14T15:31:10.691Z
25,0x000a,3.14996,0x00000000,2025-12-14T15:31:10.691Z,2025-12-14T15:31:10.691Z
24,0x000a,6.11979,0x00000000,2025-12-14T15:31:10.691Z,2025-12-14T15:31:10.691Z
23,0x000a,2.23275,0x00000000,2025-12-14T15:31:10.691Z,2025-12-14T15:31:10.691Z
22,0x000a,1.59994,0x00000000,2025-12-14T15:31:10.691Z,2025-12-14T15:31:10.691Z
21,0x000a,2.89365,0x00000000,2025-12-14T15:31:10.691Z,2025-12-14T15:31:10.691Z
8,0x0004,10312,0x00000000,2025-12-14T15:31:10.691Z,2025-12-14T15:31:10.691Z
7,0x0004,8709,0x00000000,2025-12-14T15:31:10.691Z,2025-12-14T15:31:10.691Z
6,0x0004,16920,0x00000000,2025-12-14T15:31:10.691Z,2025-12-14T15:31:10.691Z
39,0x000a,2.19908,0x00000000,2025-12-14T15:31:10.790Z,2025-12-14T15:31:10.790Z
38,0x000a,1.60228,0x00000000,2025-12-14T15:31:10.790Z,2025-12-14T15:31:10.790Z
37,0x000a,2.79948,0x00000000,2025-12-14T15:31:10.790Z,2025-12-14T15:31:10.790Z
26,0x000a,3.93989,0x00000000,2025-12-14T15:31:10.790Z,2025-12-14T15:31:10.790Z
25,0x000a,3.2997,0x00000000,2025-12-14T15:31:10.790Z,2025-12-14T15:31:10.790Z
24,0x000a,6.39974,0x00000000,2025-12-14T15:31:10.790Z,2025-12-14T15:31:10.790Z
8,0x0004,10893,0x00000000,2025-12-14T15:31:10.790Z,2025-12-14T15:31:10.790Z
7,0x0004,9123,0x00000000,2025-12-14T15:31:10.790Z,2025-12-14T15:31:10.790Z
6,0x0004,17694,0x00000000,2025-12-14T15:31:10.790Z,2025-12-14T15:31:10.790Z
39,0x000a,2.10142,0x00000000,2025-12-14T15:31:10.890Z,2025-12-14T15:31:10.890Z
38,0x000a,1.4974,0x00000000,2025-12-14T15:31:10.890Z,2025-12-14T15:31:10.890Z
36,0x000a,2.21591,0x00000000,2025-12-14T15:31:10.890Z,2025-12-14T15:31:10.890Z
35,0x000a,1.60111,0x00000000,2025-12-14T15:31:10.890Z,2025-12-14T15:31:10.890Z
34,0x000a,2.84656,0x00000000,2025-12-14T15:31:10.890Z,2025-12-14T15:31:10.890Z
26,0x000a,4.14967,0x00000000,2025-12-14T15:31:10.890Z,2025-12-14T15:31:10.890Z
25,0x000a,3.4498,0x00000000,2025-12-14T15:31:10.890Z,2025-12-14T15:31:10.890Z
24,0x000a,6.66992,0x00000000,2025-12-14T15:31:10.890Z,2025-12-14T15:31:10.890Z
23,0x000a,2.21591,0x00000000,2025-12-14T15:31:10.890Z,2025-12-14T15:31:10.890Z
22,0x000a,1.60111,0x00000000,2025-12-14T15:31:10.890Z,2025-12-14T15:31:10.890Z
21,0x000a,2.84656,0x00000000,2025-12-14T15:31:10.890Z,2025-12-14T15:31:10.890Z
8,0x0004,11473,0x00000000,2025-12-14T15:31:10.890Z,2025-12-14T15:31:10.890Z
7,0x0004,9538,0x00000000,2025-12-14T15:31:10.890Z,2025-12-14T15:31:10.890Z
6,0x0004,18441,0x00000000,2025-12-14T15:31:10.890Z,2025-12-14T15:31:10.890Z
39,0x000a,2.0978,0x00000000,2025-12-14T15:31:10.988Z,2025-12-14T15:31:10.988Z
38,0x000a,1.50101,0x00000000,2025-12-14T15:31:10.988Z,2025-12-14T15:31:10.988Z
37,0x000a,2.70183,0x00000000,2025-12-14T15:31:10.988Z,2025-12-14T15:31:10.988Z
36,0x000a,2.15866,0x00000000,2025-12-14T15:31:10.988Z,2025-12-14T15:31:10.988Z
35,0x000a,1.54926,0x00000000,2025-12-14T15:31:10.988Z,2025-12-14T15:31:10.988Z
34,0x000a,2.82302,0x00000000,2025-12-14T15:31:10.988Z,2025-12-14T15:31:10.988Z
26,0x000a,4.40972,0x00000000,2025-12-14T15:31:10.988Z,2025-12-14T15:31:10.988Z
25,0x000a,3.63968,0x00000000,2025-12-14T15:31:10.988Z,2025-12-14T15:31:10.988Z
24,0x000a,6.99978,0x00000000,2025-12-14T15:31:10.988Z,2025-12-14T15:31:10.988Z
23,0x000a,2.15866,0x00000000,2025-12-14T15:31:10.988Z,2025-12-14T15:31:10.988Z
22,0x000a,1.54926,0x00000000,2025-12-14T15:31:10.988Z,2025-12-14T15:31:10.988Z
21,0x000a,2.82302,0x00000000,2025-12-14T15:31:10.988Z,2025-12-14T15:31:10.988Z
8,0x0004,12192,0x00000000,2025-12-14T15:31:10.988Z,2025-12-14T15:31:10.988Z
7,0x0004,10063,0x00000000,2025-12-14T15:31:10.988Z,2025-12-14T15:31:10.988Z
6,0x0004,19353,0x00000000,2025-12-14T15:31:10.988Z,2025-12-14T15:31:10.988Z
39,0x000a,2.60055,0x00000000,2025-12-14T15:31:11.090Z,2025-12-14T15:31:11.090Z
38,0x000a,1.89887,0x00000000,2025-12-14T15:31:11.090Z,2025-12-14T15:31:11.090Z
37,0x000a,3.29861,0x00000000,2025-12-14T15:31:11.090Z,2025-12-14T15:31:11.090Z
36,0x000a,2.12823,0x00000000,2025-12-14T15:31:11.090Z,2025-12-14T15:31:11.090Z
35,0x000a,1.52513,0x00000000,2025-12-14T15:31:11.090Z,2025-12-14T15:31:11.090Z
34,0x000a,2.76242,0x00000000,2025-12-14T15:31:11.090Z,2025-12-14T15:31:11.090Z
26,0x000a,4.61986,0x00000000,2025-12-14T15:31:11.090Z,2025-12-14T15:31:11.090Z
25,0x000a,3.78979,0x00000000,2025-12-14T15:31:11.090Z,2025-12-14T15:31:11.090Z
24,0x000a,7.27973,0x00000000,2025-12-14T15:31:11.090Z,2025-12-14T15:31:11.090Z
23,0x000a,2.12823,0x00000000,2025-12-14T15:31:11.090Z,2025-12-14T15:31:11.090Z
22,0x000a,1.52513,0x00000000,2025-12-14T15:31:11.090Z,2025-12-14T15:31:11.090Z
21,0x000a,2.76242,0x00000000,2025-12-14T15:31:11.090Z,2025-12-14T15:31:11.090Z
13,0x0001,false,0x00000000,2025-12-14T15:31:11.090Z,2025-12-14T15:31:11.090Z
8,0x0004,12773,0x00000000,2025-12-14T15:31:11.090Z,2025-12-14T15:31:11.090Z
7,0x0004,10478,0x00000000,2025-12-14T15:31:11.090Z,2025-12-14T15:31:11.090Z
6,0x0004,20127,0x00000000,2025-12-14T15:31:11.090Z,2025-12-14T15:31:11.090Z
39,0x000a,2.10142,0x00000000,2025-12-14T15:31:11.189Z,2025-12-14T15:31:11.189Z
38,0x000a,1.50101,0x00000000,2025-12-14T15:31:11.189Z,2025-12-14T15:31:11.189Z
37,0x000a,2.79948,0x00000000,2025-12-14T15:31:11.189Z,2025-12-14T15:31:11.189Z
36,0x000a,2.36439,0x00000000,2025-12-14T15:31:11.189Z,2025-12-14T15:31:11.189Z
35,0x000a,1.712,0x00000000,2025-12-14T15:31:11.189Z,2025-12-14T15:31:11.189Z
34,0x000a,3.03052,0x00000000,2025-12-14T15:31:11.189Z,2025-12-14T15:31:11.189Z
26,0x000a,4.83977,0x00000000,2025-12-14T15:31:11.189Z,2025-12-14T15:31:11.189Z
25,0x000a,3.94965,0x00000000,2025-12-14T15:31:11.189Z,2025-12-14T15:31:11.189Z
24,0x000a,7.55968,0x00000000,2025-12-14T15:31:11.189Z,2025-12-14T15:31:11.189Z
23,0x000a,2.36439,0x00000000,2025-12-14T15:31:11.189Z,2025-12-14T15:31:11.189Z
22,0x000a,1.712,0x00000000,2025-12-14T15:31:11.189Z,2025-12-14T15:31:11.189Z
21,0x000a,3.03052,0x00000000,2025-12-14T15:31:11.189Z,2025-12-14T15:31:11.189Z
8,0x0004,13381,0x00000000,2025-12-14T15:31:11.189Z,2025-12-14T15:31:11.189Z
7,0x0004,10920,0x00000000,2025-12-14T15:31:11.189Z,2025-12-14T15:31:11.189Z
6,0x0004,20901,0x00000000,2025-12-14T15:31:11.189Z,2025-12-14T15:31:11.189Z
39,0x000a,4.30049,0x00000000,2025-12-14T15:31:11.289Z,2025-12-14T15:31:11.289Z
38,0x000a,3.09968,0x00000000,2025-12-14T15:31:11.289Z,2025-12-14T15:31:11.289Z
37,0x000a,3.90263,0x00000000,2025-12-14T15:31:11.289Z,2025-12-14T15:31:11.289Z
36,0x000a,2.2329,0x00000000,2025-12-14T15:31:11.289Z,2025-12-14T15:31:11.289Z
35,0x000a,1.60651,0x00000000,2025-12-14T15:31:11.289Z,2025-12-14T15:31:11.289Z
34,0x000a,2.915,0x00000000,2025-12-14T15:31:11.289Z,2025-12-14T15:31:11.289Z
26,0x000a,5.04991,0x00000000,2025-12-14T15:31:11.289Z,2025-12-14T15:31:11.289Z
25,0x000a,4.09975,0x00000000,2025-12-14T15:31:11.289Z,2025-12-14T15:31:11.289Z
24,0x000a,7.66999,0x00000000,2025-12-14T15:31:11.289Z,2025-12-14T15:31:11.289Z
23,0x000a,2.2329,0x00000000,2025-12-14T15:31:11.289Z,2025-12-14T15:31:11.289Z
22,0x000a,1.60651,0x00000000,2025-12-14T15:31:11.289Z,2025-12-14T15:31:11.289Z
21,0x000a,2.915,0x00000000,2025-12-14T15:31:11.289Z,2025-12-14T15:31:11.289Z
8,0x0004,13962,0x00000000,2025-12-14T15:31:11.289Z,2025-12-14T15:31:11.289Z
7,0x0004,11335,0x00000000,2025-12-14T15:31:11.289Z,2025-12-14T15:31:11.289Z
6,0x0004,21206,0x00000000,2025-12-14T15:31:11.289Z,2025-12-14T15:31:11.289Z
39,0x000a,2.0978,0x00000000,2025-12-14T15:31:11.389Z,2025-12-14T15:31:11.389Z
38,0x000a,1.50101,0x00000000,2025-12-14T15:31:11.389Z,2025-12-14T15:31:11.389Z
37,0x000a,0,0x00000000,2025-12-14T15:31:11.389Z,2025-12-14T15:31:11.389Z
36,0x000a,3.2667,0x00000000,2025-12-14T15:31:11.389Z,2025-12-14T15:31:11.389Z
35,0x000a,2.35309,0x00000000,2025-12-14T15:31:11.389Z,2025-12-14T15:31:11.389Z
34,0x000a,3.40881,0x00000000,2025-12-14T15:31:11.389Z,2025-12-14T15:31:11.389Z
26,0x000a,5.25969,0x00000000,2025-12-14T15:31:11.389Z,2025-12-14T15:31:11.389Z
25,0x000a,4.24986,0x00000000,2025-12-14T15:31:11.389Z,2025-12-14T15:31:11.389Z
23,0x000a,3.2667,0x00000000,2025-12-14T15:31:11.389Z,2025-12-14T15:31:11.389Z
22,0x000a,2.35309,0x00000000,2025-12-14T15:31:11.389Z,2025-12-14T15:31:11.389Z
21,0x000a,3.40881,0x00000000,2025-12-14T15:31:11.389Z,2025-12-14T15:31:11.389Z
8,0x0004,14542,0x00000000,2025-12-14T15:31:11.389Z,2025-12-14T15:31:11.389Z
7,0x0004,11750,0x00000000,2025-12-14T15:31:11.389Z,2025-12-14T15:31:11.389Z
36,0x000a,2.68225,0x00000000,2025-12-14T15:31:11.490Z,2025-12-14T15:31:11.490Z
35,0x000a,1.92705,0x00000000,2025-12-14T15:31:11.490Z,2025-12-14T15:31:11.490Z
34,0x000a,1.70441,0x00000000,2025-12-14T15:31:11.490Z,2025-12-14T15:31:11.490Z
26,0x000a,5.46983,0x00000000,2025-12-14T15:31:11.490Z,2025-12-14T15:31:11.490Z
25,0x000a,4.40972,0x00000000,2025-12-14T15:31:11.490Z,2025-12-14T15:31:11.490Z
23,0x000a,2.68225,0x00000000,2025-12-14T15:31:11.490Z,2025-12-14T15:31:11.490Z
22,0x000a,1.92705,0x00000000,2025-12-14T15:31:11.490Z,2025-12-14T15:31:11.490Z
21,0x000a,1.70441,0x00000000,2025-12-14T15:31:11.490Z,2025-12-14T15:31:11.490Z
8,0x0004,15123,0x00000000,2025-12-14T15:31:11.490Z,2025-12-14T15:31:11.490Z
7,0x0004,12192,0x00000000,2025-12-14T15:31:11.490Z,2025-12-14T15:31:11.490Z
40,0x0001,true,0x00000000,2025-12-14T15:31:11.590Z,2025-12-14T15:31:11.590Z
39,0x000a,2.10142,0x00000000,2025-12-14T15:31:11.590Z,2025-12-14T15:31:11.590Z
38,0x000a,1.59867,0x00000000,2025-12-14T15:31:11.590Z,2025-12-14T15:31:11.590Z
26,0x000a,5.72989,0x00000000,2025-12-14T15:31:11.590Z,2025-12-14T15:31:11.590Z
25,0x000a,4.58984,0x00000000,2025-12-14T15:31:11.590Z,2025-12-14T15:31:11.590Z
8,0x0004,15842,0x00000000,2025-12-14T15:31:11.590Z,2025-12-14T15:31:11.590Z
7,0x0004,12690,0x00000000,2025-12-14T15:31:11.590Z,2025-12-14T15:31:11.590Z
39,0x000a,2.60055,0x00000000,2025-12-14T15:31:11.689Z,2025-12-14T15:31:11.689Z
39,0x000a,2.0978,0x00000000,2025-12-14T15:31:11.787Z,2025-12-14T15:31:11.787Z
38,0x000a,1.80121,0x00000000,2025-12-14T15:31:11.689Z,2025-12-14T15:31:11.689Z
38,0x000a,1.50101,0x00000000,2025-12-14T15:31:11.787Z,2025-12-14T15:31:11.787Z
36,0x000a,2.39183,0x00000000,2025-12-14T15:31:11.689Z,2025-12-14T15:31:11.689Z
36,0x000a,2.49619,0x00000000,2025-12-14T15:31:11.787Z,2025-12-14T15:31:11.787Z
35,0x000a,1.76286,0x00000000,2025-12-14T15:31:11.689Z,2025-12-14T15:31:11.689Z
35,0x000a,1.78204,0x00000000,2025-12-14T15:31:11.787Z,2025-12-14T15:31:11.787Z
34,0x000a,0.852204,0x00000000,2025-12-14T15:31:11.689Z,2025-12-14T15:31:11.689Z
34,0x000a,0.426102,0x00000000,2025-12-14T15:31:11.787Z,2025-12-14T15:31:11.787Z
26,0x000a,5.93967,0x00000000,2025-12-14T15:31:11.689Z,2025-12-14T15:31:11.689Z
26,0x000a,6.15994,0x00000000,2025-12-14T15:31:11.787Z,2025-12-14T15:31:11.787Z
25,0x000a,4.73994,0x00000000,2025-12-14T15:31:11.689Z,2025-12-14T15:31:11.689Z
25,0x000a,4.89981,0x00000000,2025-12-14T15:31:11.787Z,2025-12-14T15:31:11.787Z
23,0x000a,2.39183,0x00000000,2025-12-14T15:31:11.689Z,2025-12-14T15:31:11.689Z
23,0x000a,2.49619,0x00000000,2025-12-14T15:31:11.787Z,2025-12-14T15:31:11.787Z
22,0x000a,1.76286,0x00000000,2025-12-14T15:31:11.689Z,2025-12-14T15:31:11.689Z
39,0x000a,2.20269,0x00000000,2025-12-14T15:31:11.890Z,2025-12-14T15:31:11.890Z
38,0x000a,1.59867,0x00000000,2025-12-14T15:31:11.890Z,2025-12-14T15:31:11.890Z
36,0x000a,2.297,0x00000000,2025-12-14T15:31:11.890Z,2025-12-14T15:31:11.890Z
35,0x000a,1.64153,0x00000000,2025-12-14T15:31:11.890Z,2025-12-14T15:31:11.890Z
34,0x000a,0.213051,0x00000000,2025-12-14T15:31:11.890Z,2025-12-14T15:31:11.890Z
26,0x000a,6.36972,0x00000000,2025-12-14T15:31:11.890Z,2025-12-14T15:31:11.890Z
25,0x000a,5.04991,0x00000000,2025-12-14T15:31:11.890Z,2025-12-14T15:31:11.890Z
23,0x000a,2.297,0x00000000,2025-12-14T15:31:11.890Z,2025-12-14T15:31:11.890Z
22,0x000a,1.78204,0x00000000,2025-12-14T15:31:11.787Z,2025-12-14T15:31:11.787Z
22,0x000a,1.64153,0x00000000,2025-12-14T15:31:11.890Z,2025-12-14T15:31:11.890Z
21,0x000a,0.852204,0x00000000,2025-12-14T15:31:11.689Z,2025-12-14T15:31:11.689Z
21,0x000a,0.426102,0x00000000,2025-12-14T15:31:11.787Z,2025-12-14T15:31:11.787Z
21,0x000a,0.213051,0x00000000,2025-12-14T15:31:11.890Z,2025-12-14T15:31:11.890Z
17,0x0001,false,0x00000000,2025-12-14T15:31:11.890Z,2025-12-14T15:31:11.890Z
8,0x0004,16422,0x00000000,2025-12-14T15:31:11.689Z,2025-12-14T15:31:11.689Z
8,0x0004,17031,0x00000000,2025-12-14T15:31:11.787Z,2025-12-14T15:31:11.787Z
8,0x0004,17611,0x00000000,2025-12-14T15:31:11.890Z,2025-12-14T15:31:11.890Z
7,0x0004,13105,0x00000000,2025-12-14T15:31:11.689Z,2025-12-14T15:31:11.689Z
7,0x0004,13547,0x00000000,2025-12-14T15:31:11.787Z,2025-12-14T15:31:11.787Z
7,0x0004,13962,0x00000000,2025-12-14T15:31:11.890Z,2025-12-14T15:31:11.890Z
39,0x000a,2.0978,0x00000000,2025-12-14T15:31:11.988Z,2025-12-14T15:31:11.988Z
38,0x000a,1.50101,0x00000000,2025-12-14T15:31:11.988Z,2025-12-14T15:31:11.988Z
36,0x000a,2.24984,0x00000000,2025-12-14T15:31:11.988Z,2025-12-14T15:31:11.988Z
35,0x000a,1.6201,0x00000000,2025-12-14T15:31:11.988Z,2025-12-14T15:31:11.988Z
34,0x000a,0.106525,0x00000000,2025-12-14T15:31:11.988Z,2025-12-14T15:31:11.988Z
26,0x000a,6.57986,0x00000000,2025-12-14T15:31:11.988Z,2025-12-14T15:31:11.988Z
25,0x000a,5.19965,0x00000000,2025-12-14T15:31:11.988Z,2025-12-14T15:31:11.988Z
23,0x000a,2.24984,0x00000000,2025-12-14T15:31:11.988Z,2025-12-14T15:31:11.988Z
22,0x000a,1.6201,0x00000000,2025-12-14T15:31:11.988Z,2025-12-14T15:31:11.988Z
21,0x000a,0.106525,0x00000000,2025-12-14T15:31:11.988Z,2025-12-14T15:31:11.988Z
8,0x0004,18192,0x00000000,2025-12-14T15:31:11.988Z,2025-12-14T15:31:11.988Z
7,0x0004,14376,0x00000000,2025-12-14T15:31:11.988Z,2025-12-14T15:31:11.988Z
39,0x000a,2.10142,0x00000000,2025-12-14T15:31:12.089Z,2025-12-14T15:31:12.089Z
38,0x000a,1.4974,0x00000000,2025-12-14T15:31:12.089Z,2025-12-14T15:31:12.089Z
36,0x000a,2.17382,0x00000000,2025-12-14T15:31:12.089Z,2025-12-14T15:31:12.089Z
35,0x000a,1.56055,0x00000000,2025-12-14T15:31:12.089Z,2025-12-14T15:31:12.089Z
34,0x000a,0.0532627,0x00000000,2025-12-14T15:31:12.089Z,2025-12-14T15:31:12.089Z
26,0x000a,6.70971,0x00000000,2025-12-14T15:31:12.089Z,2025-12-14T15:31:12.089Z
25,0x000a,5.35988,0x00000000,2025-12-14T15:31:12.089Z,2025-12-14T15:31:12.089Z
23,0x000a,2.17382,0x00000000,2025-12-14T15:31:12.089Z,2025-12-14T15:31:12.089Z
22,0x000a,1.56055,0x00000000,2025-12-14T15:31:12.089Z,2025-12-14T15:31:12.089Z
21,0x000a,0.0532627,0x00000000,2025-12-14T15:31:12.089Z,2025-12-14T15:31:12.089Z
8,0x0004,18551,0x00000000,2025-12-14T15:31:12.089Z,2025-12-14T15:31:12.089Z
7,0x0004,14819,0x00000000,2025-12-14T15:31:12.089Z,2025-12-14T15:31:12.089Z
39,0x000a,1.29847,0x00000000,2025-12-14T15:31:12.190Z,2025-12-14T15:31:12.190Z
38,0x000a,1.60229,0x00000000,2025-12-14T15:31:12.190Z,2025-12-14T15:31:12.190Z
36,0x000a,2.13762,0x00000000,2025-12-14T15:31:12.190Z,2025-12-14T15:31:12.190Z
35,0x000a,1.52898,0x00000000,2025-12-14T15:31:12.190Z,2025-12-14T15:31:12.190Z
34,0x000a,0.0266314,0x00000000,2025-12-14T15:31:12.190Z,2025-12-14T15:31:12.190Z
23,0x000a,2.13762,0x00000000,2025-12-14T15:31:12.190Z,2025-12-14T15:31:12.190Z
22,0x000a,1.52898,0x00000000,2025-12-14T15:31:12.190Z,2025-12-14T15:31:12.190Z
21,0x000a,0.0266314,0x00000000,2025-12-14T15:31:12.190Z,2025-12-14T15:31:12.190Z
7,0x0004,15316,0x00000000,2025-12-14T15:31:12.190Z,2025-12-14T15:31:12.190Z
39,0x000a,0,0x00000000,2025-12-14T15:31:12.289Z,2025-12-14T15:31:12.289Z
38,0x000a,1.7976,0x00000000,2025-12-14T15:31:12.289Z,2025-12-14T15:31:12.289Z
36,0x000a,1.71804,0x00000000,2025-12-14T15:31:12.289Z,2025-12-14T15:31:12.289Z
35,0x000a,1.56563,0x00000000,2025-12-14T15:31:12.289Z,2025-12-14T15:31:12.289Z
34,0x000a,0.0133157,0x00000000,2025-12-14T15:31:12.289Z,2025-12-14T15:31:12.289Z
25,0x000a,5.53964,0x00000000,2025-12-14T15:31:12.289Z,2025-12-14T15:31:12.289Z
23,0x000a,1.71804,0x00000000,2025-12-14T15:31:12.289Z,2025-12-14T15:31:12.289Z
22,0x000a,1.56563,0x00000000,2025-12-14T15:31:12.289Z,2025-12-14T15:31:12.289Z
21,0x000a,0.0133157,0x00000000,2025-12-14T15:31:12.289Z,2025-12-14T15:31:12.289Z
42,0x0001,true,0x00000000,2025-12-14T15:31:12.390Z,2025-12-14T15:31:12.390Z
36,0x000a,0.859022,0x00000000,2025-12-14T15:31:12.390Z,2025-12-14T15:31:12.390Z
35,0x000a,1.68161,0x00000000,2025-12-14T15:31:12.390Z,2025-12-14T15:31:12.390Z
34,0x000a,0.00665784,0x00000000,2025-12-14T15:31:12.390Z,2025-12-14T15:31:12.390Z
25,0x000a,5.68974,0x00000000,2025-12-14T15:31:12.390Z,2025-12-14T15:31:12.390Z
23,0x000a,0.859022,0x00000000,2025-12-14T15:31:12.390Z,2025-12-14T15:31:12.390Z
22,0x000a,1.68161,0x00000000,2025-12-14T15:31:12.390Z,2025-12-14T15:31:12.390Z
21,0x000a,0.00665784,0x00000000,2025-12-14T15:31:12.390Z,2025-12-14T15:31:12.390Z
7,0x0004,15731,0x00000000,2025-12-14T15:31:12.390Z,2025-12-14T15:31:12.390Z
38,0x000a,3.1033,0x00000000,2025-12-14T15:31:12.488Z,2025-12-14T15:31:12.488Z
25,0x000a,5.84997,0x00000000,2025-12-14T15:31:12.488Z,2025-12-14T15:31:12.488Z
7,0x0004,16174,0x00000000,2025-12-14T15:31:12.488Z,2025-12-14T15:31:12.488Z
38,0x000a,1.4974,0x00000000,2025-12-14T15:31:12.588Z,2025-12-14T15:31:12.588Z
36,0x000a,0.429511,0x00000000,2025-12-14T15:31:12.588Z,2025-12-14T15:31:12.588Z
35,0x000a,2.39246,0x00000000,2025-12-14T15:31:12.588Z,2025-12-14T15:31:12.588Z
34,0x000a,0.00332892,0x00000000,2025-12-14T15:31:12.588Z,2025-12-14T15:31:12.588Z
25,0x000a,5.99971,0x00000000,2025-12-14T15:31:12.588Z,2025-12-14T15:31:12.588Z
23,0x000a,0.429511,0x00000000,2025-12-14T15:31:12.588Z,2025-12-14T15:31:12.588Z
22,0x000a,2.39246,0x00000000,2025-12-14T15:31:12.588Z,2025-12-14T15:31:12.588Z
21,0x000a,0.00332892,0x00000000,2025-12-14T15:31:12.588Z,2025-12-14T15:31:12.588Z
7,0x0004,16588,0x00000000,2025-12-14T15:31:12.588Z,2025-12-14T15:31:12.588Z
38,0x000a,1.50101,0x00000000,2025-12-14T15:31:12.690Z,2025-12-14T15:31:12.690Z
36,0x000a,0.214755,0x00000000,2025-12-14T15:31:12.690Z,2025-12-14T15:31:12.690Z
35,0x000a,1.94493,0x00000000,2025-12-14T15:31:12.690Z,2025-12-14T15:31:12.690Z
34,0x000a,0.00166446,0x00000000,2025-12-14T15:31:12.690Z,2025-12-14T15:31:12.690Z
25,0x000a,6.14981,0x00000000,2025-12-14T15:31:12.690Z,2025-12-14T15:31:12.690Z
23,0x000a,0.214755,0x00000000,2025-12-14T15:31:12.690Z,2025-12-14T15:31:12.690Z
22,0x000a,1.94493,0x00000000,2025-12-14T15:31:12.690Z,2025-12-14T15:31:12.690Z
21,0x000a,0.00166446,0x00000000,2025-12-14T15:31:12.690Z,2025-12-14T15:31:12.690Z
7,0x0004,17003,0x00000000,2025-12-14T15:31:12.690Z,2025-12-14T15:31:12.690Z
38,0x000a,1.59867,0x00000000,2025-12-14T15:31:12.790Z,2025-12-14T15:31:12.790Z
36,0x000a,0.107378,0x00000000,2025-12-14T15:31:12.790Z,2025-12-14T15:31:12.790Z
35,0x000a,1.72297,0x00000000,2025-12-14T15:31:12.790Z,2025-12-14T15:31:12.790Z
34,0x000a,0.00083223,0x00000000,2025-12-14T15:31:12.790Z,2025-12-14T15:31:12.790Z
25,0x000a,6.30968,0x00000000,2025-12-14T15:31:12.790Z,2025-12-14T15:31:12.790Z
23,0x000a,0.107378,0x00000000,2025-12-14T15:31:12.790Z,2025-12-14T15:31:12.790Z
22,0x000a,1.72297,0x00000000,2025-12-14T15:31:12.790Z,2025-12-14T15:31:12.790Z
21,0x000a,0.00083223,0x00000000,2025-12-14T15:31:12.790Z,2025-12-14T15:31:12.790Z
7,0x0004,17445,0x00000000,2025-12-14T15:31:12.790Z,2025-12-14T15:31:12.790Z
38,0x000a,1.50102,0x00000000,2025-12-14T15:31:12.890Z,2025-12-14T15:31:12.890Z
36,0x000a,0.0536889,0x00000000,2025-12-14T15:31:12.890Z,2025-12-14T15:31:12.890Z
35,0x000a,1.66082,0x00000000,2025-12-14T15:31:12.890Z,2025-12-14T15:31:12.890Z
34,0x000a,0.000416115,0x00000000,2025-12-14T15:31:12.890Z,2025-12-14T15:31:12.890Z
25,0x000a,6.45978,0x00000000,2025-12-14T15:31:12.890Z,2025-12-14T15:31:12.890Z
23,0x000a,0.0536889,0x00000000,2025-12-14T15:31:12.890Z,2025-12-14T15:31:12.890Z
22,0x000a,1.66082,0x00000000,2025-12-14T15:31:12.890Z,2025-12-14T15:31:12.890Z
21,0x000a,0.000416115,0x00000000,2025-12-14T15:31:12.890Z,2025-12-14T15:31:12.890Z
7,0x0004,17860,0x00000000,2025-12-14T15:31:12.890Z,2025-12-14T15:31:12.890Z
38,0x000a,1.50101,0x00000000,2025-12-14T15:31:12.989Z,2025-12-14T15:31:12.989Z
36,0x000a,0.0268444,0x00000000,2025-12-14T15:31:12.989Z,2025-12-14T15:31:12.989Z
35,0x000a,1.58092,0x00000000,2025-12-14T15:31:12.989Z,2025-12-14T15:31:12.989Z
34,0x000a,0.000208058,0x00000000,2025-12-14T15:31:12.989Z,2025-12-14T15:31:12.989Z
25,0x000a,6.60988,0x00000000,2025-12-14T15:31:12.989Z,2025-12-14T15:31:12.989Z
23,0x000a,0.0268444,0x00000000,2025-12-14T15:31:12.989Z,2025-12-14T15:31:12.989Z
22,0x000a,1.58092,0x00000000,2025-12-14T15:31:12.989Z,2025-12-14T15:31:12.989Z
21,0x000a,0.000208058,0x00000000,2025-12-14T15:31:12.989Z,2025-12-14T15:31:12.989Z
7,0x0004,18275,0x00000000,2025-12-14T15:31:12.989Z,2025-12-14T15:31:12.989Z
38,0x000a,1.89887,0x00000000,2025-12-14T15:31:13.089Z,2025-12-14T15:31:13.089Z
36,0x000a,0.0134222,0x00000000,2025-12-14T15:31:13.089Z,2025-12-14T15:31:13.089Z
35,0x000a,1.54096,0x00000000,2025-12-14T15:31:13.089Z,2025-12-14T15:31:13.089Z
34,0x000a,0.000104029,0x00000000,2025-12-14T15:31:13.089Z,2025-12-14T15:31:13.089Z
25,0x000a,6.79977,0x00000000,2025-12-14T15:31:13.089Z,2025-12-14T15:31:13.089Z
23,0x000a,0.0134222,0x00000000,2025-12-14T15:31:13.089Z,2025-12-14T15:31:13.089Z
22,0x000a,1.54096,0x00000000,2025-12-14T15:31:13.089Z,2025-12-14T15:31:13.089Z
21,0x000a,0.000104029,0x00000000,2025-12-14T15:31:13.089Z,2025-12-14T15:31:13.089Z
7,0x0004,18800,0x00000000,2025-12-14T15:31:13.089Z,2025-12-14T15:31:13.089Z
36,0x000a,0.00671111,0x00000000,2025-12-14T15:31:13.190Z,2025-12-14T15:31:13.190Z
35,0x000a,1.71992,0x00000000,2025-12-14T15:31:13.190Z,2025-12-14T15:31:13.190Z
34,0x000a,5.20144e-05,0x00000000,2025-12-14T15:31:13.190Z,2025-12-14T15:31:13.190Z
25,0x000a,6.94987,0x00000000,2025-12-14T15:31:13.190Z,2025-12-14T15:31:13.190Z
23,0x000a,0.00671111,0x00000000,2025-12-14T15:31:13.190Z,2025-12-14T15:31:13.190Z
22,0x000a,1.71992,0x00000000,2025-12-14T15:31:13.190Z,2025-12-14T15:31:13.190Z
21,0x000a,5.20144e-05,0x00000000,2025-12-14T15:31:13.190Z,2025-12-14T15:31:13.190Z
7,0x0004,19215,0x00000000,2025-12-14T15:31:13.190Z,2025-12-14T15:31:13.190Z
38,0x000a,1.50101,0x00000000,2025-12-14T15:31:13.289Z,2025-12-14T15:31:13.289Z
25,0x000a,7.09997,0x00000000,2025-12-14T15:31:13.289Z,2025-12-14T15:31:13.289Z
7,0x0004,19630,0x00000000,2025-12-14T15:31:13.289Z,2025-12-14T15:31:13.289Z
36,0x000a,0.00335555,0x00000000,2025-12-14T15:31:13.388Z,2025-12-14T15:31:13.388Z
35,0x000a,1.61046,0x00000000,2025-12-14T15:31:13.388Z,2025-12-14T15:31:13.388Z
34,0x000a,2.60072e-05,0x00000000,2025-12-14T15:31:13.388Z,2025-12-14T15:31:13.388Z
25,0x000a,7.25984,0x00000000,2025-12-14T15:31:13.388Z,2025-12-14T15:31:13.388Z
23,0x000a,0.00335555,0x00000000,2025-12-14T15:31:13.388Z,2025-12-14T15:31:13.388Z
22,0x000a,1.61046,0x00000000,2025-12-14T15:31:13.388Z,2025-12-14T15:31:13.388Z
21,0x000a,2.60072e-05,0x00000000,2025-12-14T15:31:13.388Z,2025-12-14T15:31:13.388Z
7,0x0004,20072,0x00000000,2025-12-14T15:31:13.388Z,2025-12-14T15:31:13.388Z
38,0x000a,1.59867,0x00000000,2025-12-14T15:31:13.488Z,2025-12-14T15:31:13.488Z
36,0x000a,0.00167778,0x00000000,2025-12-14T15:31:13.488Z,2025-12-14T15:31:13.488Z
35,0x000a,1.55574,0x00000000,2025-12-14T15:31:13.488Z,2025-12-14T15:31:13.488Z
34,0x000a,1.30036e-05,0x00000000,2025-12-14T15:31:13.488Z,2025-12-14T15:31:13.488Z
25,0x000a,7.40994,0x00000000,2025-12-14T15:31:13.488Z,2025-12-14T15:31:13.488Z
23,0x000a,0.00167778,0x00000000,2025-12-14T15:31:13.488Z,2025-12-14T15:31:13.488Z
22,0x000a,1.55574,0x00000000,2025-12-14T15:31:13.488Z,2025-12-14T15:31:13.488Z
21,0x000a,1.30036e-05,0x00000000,2025-12-14T15:31:13.488Z,2025-12-14T15:31:13.488Z
7,0x0004,20487,0x00000000,2025-12-14T15:31:13.488Z,2025-12-14T15:31:13.488Z
38,0x000a,2.99841,0x00000000,2025-12-14T15:31:13.588Z,2025-12-14T15:31:13.588Z
36,0x000a,0.000838888,0x00000000,2025-12-14T15:31:13.588Z,2025-12-14T15:31:13.588Z
35,0x000a,1.5772,0x00000000,2025-12-14T15:31:13.588Z,2025-12-14T15:31:13.588Z
34,0x000a,6.5018e-06,0x00000000,2025-12-14T15:31:13.588Z,2025-12-14T15:31:13.588Z
25,0x000a,7.55968,0x00000000,2025-12-14T15:31:13.588Z,2025-12-14T15:31:13.588Z
23,0x000a,0.000838888,0x00000000,2025-12-14T15:31:13.588Z,2025-12-14T15:31:13.588Z
22,0x000a,1.5772,0x00000000,2025-12-14T15:31:13.588Z,2025-12-14T15:31:13.588Z
21,0x000a,6.5018e-06,0x00000000,2025-12-14T15:31:13.588Z,2025-12-14T15:31:13.588Z
7,0x0004,20901,0x00000000,2025-12-14T15:31:13.588Z,2025-12-14T15:31:13.588Z
38,0x000a,1.60229,0x00000000,2025-12-14T15:31:13.689Z,2025-12-14T15:31:13.689Z
36,0x000a,0.000419444,0x00000000,2025-12-14T15:31:13.689Z,2025-12-14T15:31:13.689Z
35,0x000a,2.28781,0x00000000,2025-12-14T15:31:13.689Z,2025-12-14T15:31:13.689Z
34,0x000a,3.2509e-06,0x00000000,2025-12-14T15:31:13.689Z,2025-12-14T15:31:13.689Z
25,0x000a,7.71991,0x00000000,2025-12-14T15:31:13.689Z,2025-12-14T15:31:13.689Z
23,0x000a,0.000419444,0x00000000,2025-12-14T15:31:13.689Z,2025-12-14T15:31:13.689Z
22,0x000a,2.28781,0x00000000,2025-12-14T15:31:13.689Z,2025-12-14T15:31:13.689Z
21,0x000a,3.2509e-06,0x00000000,2025-12-14T15:31:13.689Z,2025-12-14T15:31:13.689Z
7,0x0004,21344,0x00000000,2025-12-14T15:31:13.689Z,2025-12-14T15:31:13.689Z
38,0x000a,1.4974,0x00000000,2025-12-14T15:31:13.790Z,2025-12-14T15:31:13.790Z
38,0x000a,1.90248,0x00000000,2025-12-14T15:31:13.888Z,2025-12-14T15:31:13.888Z
36,0x000a,0.000209722,0x00000000,2025-12-14T15:31:13.790Z,2025-12-14T15:31:13.790Z
36,0x000a,0.000104861,0x00000000,2025-12-14T15:31:13.888Z,2025-12-14T15:31:13.888Z
35,0x000a,1.94505,0x00000000,2025-12-14T15:31:13.790Z,2025-12-14T15:31:13.790Z
35,0x000a,1.72122,0x00000000,2025-12-14T15:31:13.888Z,2025-12-14T15:31:13.888Z
34,0x000a,1.62545e-06,0x00000000,2025-12-14T15:31:13.790Z,2025-12-14T15:31:13.790Z
34,0x000a,8.12725e-07,0x00000000,2025-12-14T15:31:13.888Z,2025-12-14T15:31:13.888Z
25,0x000a,7.86965,0x00000000,2025-12-14T15:31:13.790Z,2025-12-14T15:31:13.790Z
25,0x000a,8.0599,0x00000000,2025-12-14T15:31:13.888Z,2025-12-14T15:31:13.888Z
23,0x000a,0.000209722,0x00000000,2025-12-14T15:31:13.790Z,2025-12-14T15:31:13.790Z
23,0x000a,0.000104861,0x00000000,2025-12-14T15:31:13.888Z,2025-12-14T15:31:13.888Z
22,0x000a,1.94505,0x00000000,2025-12-14T15:31:13.790Z,2025-12-14T15:31:13.790Z
22,0x000a,1.72122,0x00000000,2025-12-14T15:31:13.888Z,2025-12-14T15:31:13.888Z
21,0x000a,1.62545e-06,0x00000000,2025-12-14T15:31:13.790Z,2025-12-14T15:31:13.790Z
21,0x000a,8.12725e-07,0x00000000,2025-12-14T15:31:13.888Z,2025-12-14T15:31:13.888Z
15,0x0001,false,0x00000000,2025-12-14T15:31:13.888Z,2025-12-14T15:31:13.888Z
7,0x0004,21758,0x00000000,2025-12-14T15:31:13.790Z,2025-12-14T15:31:13.790Z
7,0x0004,22284,0x00000000,2025-12-14T15:31:13.888Z,2025-12-14T15:31:13.888Z
38,0x000a,1.50102,0x00000000,2025-12-14T15:31:13.987Z,2025-12-14T15:31:13.987Z
36,0x000a,5.24305e-05,0x00000000,2025-12-14T15:31:13.987Z,2025-12-14T15:31:13.987Z
35,0x000a,1.81185,0x00000000,2025-12-14T15:31:13.987Z,2025-12-14T15:31:13.987Z
34,0x000a,4.06362e-07,0x00000000,2025-12-14T15:31:13.987Z,2025-12-14T15:31:13.987Z
25,0x000a,8.21,0x00000000,2025-12-14T15:31:13.987Z,2025-12-14T15:31:13.987Z
23,0x000a,5.24305e-05,0x00000000,2025-12-14T15:31:13.987Z,2025-12-14T15:31:13.987Z
22,0x000a,1.81185,0x00000000,2025-12-14T15:31:13.987Z,2025-12-14T15:31:13.987Z
21,0x000a,4.06362e-07,0x00000000,2025-12-14T15:31:13.987Z,2025-12-14T15:31:13.987Z
7,0x0004,22699,0x00000000,2025-12-14T15:31:13.987Z,2025-12-14T15:31:13.987Z
36,0x000a,2.62153e-05,0x00000000,2025-12-14T15:31:14.090Z,2025-12-14T15:31:14.090Z
35,0x000a,1.65644,0x00000000,2025-12-14T15:31:14.090Z,2025-12-14T15:31:14.090Z
34,0x000a,2.03181e-07,0x00000000,2025-12-14T15:31:14.090Z,2025-12-14T15:31:14.090Z
25,0x000a,8.2997,0x00000000,2025-12-14T15:31:14.090Z,2025-12-14T15:31:14.090Z
23,0x000a,2.62153e-05,0x00000000,2025-12-14T15:31:14.090Z,2025-12-14T15:31:14.090Z
22,0x000a,1.65644,0x00000000,2025-12-14T15:31:14.090Z,2025-12-14T15:31:14.090Z
21,0x000a,2.03181e-07,0x00000000,2025-12-14T15:31:14.090Z,2025-12-14T15:31:14.090Z
7,0x0004,22947,0x00000000,2025-12-14T15:31:14.090Z,2025-12-14T15:31:14.090Z
38,0x000a,0.896988,0x00000000,2025-12-14T15:31:14.188Z,2025-12-14T15:31:14.188Z
38,0x000a,0,0x00000000,2025-12-14T15:31:14.289Z,2025-12-14T15:31:14.289Z
36,0x000a,1.31076e-05,0x00000000,2025-12-14T15:31:14.289Z,2025-12-14T15:31:14.289Z
35,0x000a,1.27671,0x00000000,2025-12-14T15:31:14.289Z,2025-12-14T15:31:14.289Z
34,0x000a,1.01591e-07,0x00000000,2025-12-14T15:31:14.289Z,2025-12-14T15:31:14.289Z
23,0x000a,1.31076e-05,0x00000000,2025-12-14T15:31:14.289Z,2025-12-14T15:31:14.289Z
22,0x000a,1.27671,0x00000000,2025-12-14T15:31:14.289Z,2025-12-14T15:31:14.289Z
21,0x000a,1.01591e-07,0x00000000,2025-12-14T15:31:14.289Z,2025-12-14T15:31:14.289Z
42,0x0001,false,0x00000000,2025-12-14T15:31:14.389Z,2025-12-14T15:31:14.389Z
40,0x0001,false,0x00000000,2025-12-14T15:31:14.389Z,2025-12-14T15:31:14.389Z
36,0x000a,6.55382e-06,0x00000000,2025-12-14T15:31:14.389Z,2025-12-14T15:31:14.389Z
35,0x000a,0.638356,0x00000000,2025-12-14T15:31:14.389Z,2025-12-14T15:31:14.389Z
34,0x000a,5.07953e-08,0x00000000,2025-12-14T15:31:14.389Z,2025-12-14T15:31:14.389Z
23,0x000a,6.55382e-06,0x00000000,2025-12-14T15:31:14.389Z,2025-12-14T15:31:14.389Z
22,0x000a,0.638356,0x00000000,2025-12-14T15:31:14.389Z,2025-12-14T15:31:14.389Z
21,0x000a,5.07953e-08,0x00000000,2025-12-14T15:31:14.389Z,2025-12-14T15:31:14.389Z
18,0x0001,true,0x00000000,2025-12-14T15:31:14.389Z,2025-12-14T15:31:14.389Z
16,0x0001,true,0x00000000,2025-12-14T15:31:14.389Z,2025-12-14T15:31:14.389Z
14,0x0001,true,0x00000000,2025-12-14T15:31:14.389Z,2025-12-14T15:31:14.389Z
4,0x000a,4.2,0x00000000,2025-12-14T15:31:14.389Z,2025-12-14T15:31:14.389Z
3,0x000a,3.8,0x00000000,2025-12-14T15:31:14.389Z,2025-12-14T15:31:14.389Z
2,0x000a,4.5,0x00000000,2025-12-14T15:31:14.389Z,2025-12-14T15:31:14.389Z
36,0x000a,3.27691e-06,0x00000000,2025-12-14T15:31:14.489Z,2025-12-14T15:31:14.489Z
35,0x000a,0.319178,0x00000000,2025-12-14T15:31:14.489Z,2025-12-14T15:31:14.489Z
34,0x000a,2.53976e-08,0x00000000,2025-12-14T15:31:14.489Z,2025-12-14T15:31:14.489Z
23,0x000a,3.27691e-06,0x00000000,2025-12-14T15:31:14.489Z,2025-12-14T15:31:14.489Z
22,0x000a,0.319178,0x00000000,2025-12-14T15:31:14.489Z,2025-12-14T15:31:14.489Z
21,0x000a,2.53976e-08,0x00000000,2025-12-14T15:31:14.489Z,2025-12-14T15:31:14.489Z
36,0x000a,1.63845e-06,0x00000000,2025-12-14T15:31:14.588Z,2025-12-14T15:31:14.588Z
35,0x000a,0.159589,0x00000000,2025-12-14T15:31:14.588Z,2025-12-14T15:31:14.588Z
34,0x000a,1.26988e-08,0x00000000,2025-12-14T15:31:14.588Z,2025-12-14T15:31:14.588Z
26,0x000a,6.6399,0x00000000,2025-12-14T15:31:14.588Z,2025-12-14T15:31:14.588Z
25,0x000a,8.21,0x00000000,2025-12-14T15:31:14.588Z,2025-12-14T15:31:14.588Z
24,0x000a,7.5,0x00000000,2025-12-14T15:31:14.588Z,2025-12-14T15:31:14.588Z
23,0x000a,1.63845e-06,0x00000000,2025-12-14T15:31:14.588Z,2025-12-14T15:31:14.588Z
22,0x000a,0.159589,0x00000000,2025-12-14T15:31:14.588Z,2025-12-14T15:31:14.588Z
21,0x000a,1.26988e-08,0x00000000,2025-12-14T15:31:14.588Z,2025-12-14T15:31:14.588Z
8,0x0004,18358,0x00000000,2025-12-14T15:31:14.588Z,2025-12-14T15:31:14.588Z
7,0x0004,22699,0x00000000,2025-12-14T15:31:14.588Z,2025-12-14T15:31:14.588Z
6,0x0004,20736,0x00000000,2025-12-14T15:31:14.588Z,2025-12-14T15:31:14.588Z
39,0x000a,-2.89714,0x00000000,2025-12-14T15:31:14.690Z,2025-12-14T15:31:14.690Z
38,0x000a,-2.398,0x00000000,2025-12-14T15:31:14.690Z,2025-12-14T15:31:14.690Z
37,0x000a,-4.50304,0x00000000,2025-12-14T15:31:14.690Z,2025-12-14T15:31:14.690Z
36,0x000a,8.19227e-07,0x00000000,2025-12-14T15:31:14.690Z,2025-12-14T15:31:14.690Z
35,0x000a,0.0797945,0x00000000,2025-12-14T15:31:14.690Z,2025-12-14T15:31:14.690Z
34,0x000a,6.34941e-09,0x00000000,2025-12-14T15:31:14.690Z,2025-12-14T15:31:14.690Z
26,0x000a,6.41999,0x00000000,2025-12-14T15:31:14.690Z,2025-12-14T15:31:14.690Z
25,0x000a,8.0599,0x00000000,2025-12-14T15:31:14.690Z,2025-12-14T15:31:14.690Z
24,0x000a,7.21969,0x00000000,2025-12-14T15:31:14.690Z,2025-12-14T15:31:14.690Z
23,0x000a,8.19227e-07,0x00000000,2025-12-14T15:31:14.690Z,2025-12-14T15:31:14.690Z
22,0x000a,0.0797945,0x00000000,2025-12-14T15:31:14.690Z,2025-12-14T15:31:14.690Z
21,0x000a,6.34941e-09,0x00000000,2025-12-14T15:31:14.690Z,2025-12-14T15:31:14.690Z
8,0x0004,17750,0x00000000,2025-12-14T15:31:14.690Z,2025-12-14T15:31:14.690Z
7,0x0004,22284,0x00000000,2025-12-14T15:31:14.690Z,2025-12-14T15:31:14.690Z
6,0x0004,19961,0x00000000,2025-12-14T15:31:14.690Z,2025-12-14T15:31:14.690Z
39,0x000a,-2.10142,0x00000000,2025-12-14T15:31:14.790Z,2025-12-14T15:31:14.790Z
38,0x000a,-1.60228,0x00000000,2025-12-14T15:31:14.790Z,2025-12-14T15:31:14.790Z
37,0x000a,-2.69821,0x00000000,2025-12-14T15:31:14.790Z,2025-12-14T15:31:14.790Z
36,0x000a,-1.44857,0x00000000,2025-12-14T15:31:14.790Z,2025-12-14T15:31:14.790Z
35,0x000a,-1.15911,0x00000000,2025-12-14T15:31:14.790Z,2025-12-14T15:31:14.790Z
34,0x000a,-2.25152,0x00000000,2025-12-14T15:31:14.790Z,2025-12-14T15:31:14.790Z
26,0x000a,6.20985,0x00000000,2025-12-14T15:31:14.790Z,2025-12-14T15:31:14.790Z
25,0x000a,7.89967,0x00000000,2025-12-14T15:31:14.790Z,2025-12-14T15:31:14.790Z
24,0x000a,6.94987,0x00000000,2025-12-14T15:31:14.790Z,2025-12-14T15:31:14.790Z
23,0x000a,-1.44857,0x00000000,2025-12-14T15:31:14.790Z,2025-12-14T15:31:14.790Z
22,0x000a,-1.15911,0x00000000,2025-12-14T15:31:14.790Z,2025-12-14T15:31:14.790Z
21,0x000a,-2.25152,0x00000000,2025-12-14T15:31:14.790Z,2025-12-14T15:31:14.790Z
8,0x0004,17169,0x00000000,2025-12-14T15:31:14.790Z,2025-12-14T15:31:14.790Z
7,0x0004,21841,0x00000000,2025-12-14T15:31:14.790Z,2025-12-14T15:31:14.790Z
6,0x0004,19215,0x00000000,2025-12-14T15:31:14.790Z,2025-12-14T15:31:14.790Z
38,0x000a,-1.4974,0x00000000,2025-12-14T15:31:14.889Z,2025-12-14T15:31:14.889Z
37,0x000a,-2.79948,0x00000000,2025-12-14T15:31:14.889Z,2025-12-14T15:31:14.889Z
36,0x000a,-1.77499,0x00000000,2025-12-14T15:31:14.889Z,2025-12-14T15:31:14.889Z
35,0x000a,-1.38069,0x00000000,2025-12-14T15:31:14.889Z,2025-12-14T15:31:14.889Z
34,0x000a,-2.47486,0x00000000,2025-12-14T15:31:14.889Z,2025-12-14T15:31:14.889Z
26,0x000a,5.99971,0x00000000,2025-12-14T15:31:14.889Z,2025-12-14T15:31:14.889Z
25,0x000a,7.74993,0x00000000,2025-12-14T15:31:14.889Z,2025-12-14T15:31:14.889Z
24,0x000a,6.66992,0x00000000,2025-12-14T15:31:14.889Z,2025-12-14T15:31:14.889Z
23,0x000a,-1.77499,0x00000000,2025-12-14T15:31:14.889Z,2025-12-14T15:31:14.889Z
22,0x000a,-1.38069,0x00000000,2025-12-14T15:31:14.889Z,2025-12-14T15:31:14.889Z
21,0x000a,-2.47486,0x00000000,2025-12-14T15:31:14.889Z,2025-12-14T15:31:14.889Z
8,0x0004,16588,0x00000000,2025-12-14T15:31:14.889Z,2025-12-14T15:31:14.889Z
7,0x0004,21427,0x00000000,2025-12-14T15:31:14.889Z,2025-12-14T15:31:14.889Z
6,0x0004,18441,0x00000000,2025-12-14T15:31:14.889Z,2025-12-14T15:31:14.889Z
36,0x000a,-1.9382,0x00000000,2025-12-14T15:31:14.989Z,2025-12-14T15:31:14.989Z
35,0x000a,-1.43905,0x00000000,2025-12-14T15:31:14.989Z,2025-12-14T15:31:14.989Z
34,0x000a,-2.63717,0x00000000,2025-12-14T15:31:14.989Z,2025-12-14T15:31:14.989Z
26,0x000a,5.73966,0x00000000,2025-12-14T15:31:14.989Z,2025-12-14T15:31:14.989Z
25,0x000a,7.55968,0x00000000,2025-12-14T15:31:14.989Z,2025-12-14T15:31:14.989Z
24,0x000a,6.3397,0x00000000,2025-12-14T15:31:14.989Z,2025-12-14T15:31:14.989Z
23,0x000a,-1.9382,0x00000000,2025-12-14T15:31:14.989Z,2025-12-14T15:31:14.989Z
22,0x000a,-1.43905,0x00000000,2025-12-14T15:31:14.989Z,2025-12-14T15:31:14.989Z
21,0x000a,-2.63717,0x00000000,2025-12-14T15:31:14.989Z,2025-12-14T15:31:14.989Z
8,0x0004,15869,0x00000000,2025-12-14T15:31:14.989Z,2025-12-14T15:31:14.989Z
7,0x0004,20901,0x00000000,2025-12-14T15:31:14.989Z,2025-12-14T15:31:14.989Z
6,0x0004,17528,0x00000000,2025-12-14T15:31:14.989Z,2025-12-14T15:31:14.989Z
39,0x000a,-2.60055,0x00000000,2025-12-14T15:31:15.089Z,2025-12-14T15:31:15.089Z
38,0x000a,-1.90249,0x00000000,2025-12-14T15:31:15.089Z,2025-12-14T15:31:15.089Z
37,0x000a,-3.30223,0x00000000,2025-12-14T15:31:15.089Z,2025-12-14T15:31:15.089Z
26,0x000a,5.52988,0x00000000,2025-12-14T15:31:15.089Z,2025-12-14T15:31:15.089Z
25,0x000a,7.40994,0x00000000,2025-12-14T15:31:15.089Z,2025-12-14T15:31:15.089Z
24,0x000a,6.06988,0x00000000,2025-12-14T15:31:15.089Z,2025-12-14T15:31:15.089Z
8,0x0004,15289,0x00000000,2025-12-14T15:31:15.089Z,2025-12-14T15:31:15.089Z
7,0x0004,20487,0x00000000,2025-12-14T15:31:15.089Z,2025-12-14T15:31:15.089Z
6,0x0004,16782,0x00000000,2025-12-14T15:31:15.089Z,2025-12-14T15:31:15.089Z
39,0x000a,-2.0978,0x00000000,2025-12-14T15:31:15.190Z,2025-12-14T15:31:15.190Z
38,0x000a,-1.49739,0x00000000,2025-12-14T15:31:15.190Z,2025-12-14T15:31:15.190Z
37,0x000a,-2.6982,0x00000000,2025-12-14T15:31:15.190Z,2025-12-14T15:31:15.190Z
36,0x000a,-2.26938,0x00000000,2025-12-14T15:31:15.190Z,2025-12-14T15:31:15.190Z
35,0x000a,-1.67077,0x00000000,2025-12-14T15:31:15.190Z,2025-12-14T15:31:15.190Z
34,0x000a,-2.9697,0x00000000,2025-12-14T15:31:15.190Z,2025-12-14T15:31:15.190Z
26,0x000a,5.31973,0x00000000,2025-12-14T15:31:15.190Z,2025-12-14T15:31:15.190Z
25,0x000a,7.25984,0x00000000,2025-12-14T15:31:15.190Z,2025-12-14T15:31:15.190Z
24,0x000a,5.78993,0x00000000,2025-12-14T15:31:15.190Z,2025-12-14T15:31:15.190Z
23,0x000a,-2.26938,0x00000000,2025-12-14T15:31:15.190Z,2025-12-14T15:31:15.190Z
22,0x000a,-1.67077,0x00000000,2025-12-14T15:31:15.190Z,2025-12-14T15:31:15.190Z
21,0x000a,-2.9697,0x00000000,2025-12-14T15:31:15.190Z,2025-12-14T15:31:15.190Z
8,0x0004,14708,0x00000000,2025-12-14T15:31:15.190Z,2025-12-14T15:31:15.190Z
7,0x0004,20072,0x00000000,2025-12-14T15:31:15.190Z,2025-12-14T15:31:15.190Z
6,0x0004,16008,0x00000000,2025-12-14T15:31:15.190Z,2025-12-14T15:31:15.190Z
39,0x000a,-2.10142,0x00000000,2025-12-14T15:31:15.290Z,2025-12-14T15:31:15.290Z
38,0x000a,-1.50102,0x00000000,2025-12-14T15:31:15.290Z,2025-12-14T15:31:15.290Z
37,0x000a,-2.79948,0x00000000,2025-12-14T15:31:15.290Z,2025-12-14T15:31:15.290Z
36,0x000a,-2.18359,0x00000000,2025-12-14T15:31:15.290Z,2025-12-14T15:31:15.290Z
35,0x000a,-1.58408,0x00000000,2025-12-14T15:31:15.290Z,2025-12-14T15:31:15.290Z
34,0x000a,-2.83395,0x00000000,2025-12-14T15:31:15.290Z,2025-12-14T15:31:15.290Z
26,0x000a,5.09983,0x00000000,2025-12-14T15:31:15.290Z,2025-12-14T15:31:15.290Z
25,0x000a,7.09997,0x00000000,2025-12-14T15:31:15.290Z,2025-12-14T15:31:15.290Z
24,0x000a,5.50998,0x00000000,2025-12-14T15:31:15.290Z,2025-12-14T15:31:15.290Z
23,0x000a,-2.18359,0x00000000,2025-12-14T15:31:15.290Z,2025-12-14T15:31:15.290Z
22,0x000a,-1.58408,0x00000000,2025-12-14T15:31:15.290Z,2025-12-14T15:31:15.290Z
21,0x000a,-2.83395,0x00000000,2025-12-14T15:31:15.290Z,2025-12-14T15:31:15.290Z
8,0x0004,14100,0x00000000,2025-12-14T15:31:15.290Z,2025-12-14T15:31:15.290Z
7,0x0004,19630,0x00000000,2025-12-14T15:31:15.290Z,2025-12-14T15:31:15.290Z
6,0x0004,15234,0x00000000,2025-12-14T15:31:15.290Z,2025-12-14T15:31:15.290Z
39,0x000a,-2.19907,0x00000000,2025-12-14T15:31:15.388Z,2025-12-14T15:31:15.388Z
38,0x000a,-1.59867,0x00000000,2025-12-14T15:31:15.388Z,2025-12-14T15:31:15.388Z
37,0x000a,-2.79948,0x00000000,2025-12-14T15:31:15.388Z,2025-12-14T15:31:15.388Z
36,0x000a,-2.1425,0x00000000,2025-12-14T15:31:15.388Z,2025-12-14T15:31:15.388Z
35,0x000a,-1.54255,0x00000000,2025-12-14T15:31:15.388Z,2025-12-14T15:31:15.388Z
34,0x000a,-2.81672,0x00000000,2025-12-14T15:31:15.388Z,2025-12-14T15:31:15.388Z
26,0x000a,4.88968,0x00000000,2025-12-14T15:31:15.388Z,2025-12-14T15:31:15.388Z
25,0x000a,6.94987,0x00000000,2025-12-14T15:31:15.388Z,2025-12-14T15:31:15.388Z
24,0x000a,5.2398,0x00000000,2025-12-14T15:31:15.388Z,2025-12-14T15:31:15.388Z
23,0x000a,-2.1425,0x00000000,2025-12-14T15:31:15.388Z,2025-12-14T15:31:15.388Z
22,0x000a,-1.54255,0x00000000,2025-12-14T15:31:15.388Z,2025-12-14T15:31:15.388Z
21,0x000a,-2.81672,0x00000000,2025-12-14T15:31:15.388Z,2025-12-14T15:31:15.388Z
8,0x0004,13519,0x00000000,2025-12-14T15:31:15.388Z,2025-12-14T15:31:15.388Z
7,0x0004,19215,0x00000000,2025-12-14T15:31:15.388Z,2025-12-14T15:31:15.388Z
6,0x0004,14487,0x00000000,2025-12-14T15:31:15.388Z,2025-12-14T15:31:15.388Z
39,0x000a,-2.10142,0x00000000,2025-12-14T15:31:15.489Z,2025-12-14T15:31:15.489Z
38,0x000a,-1.50101,0x00000000,2025-12-14T15:31:15.489Z,2025-12-14T15:31:15.489Z
37,0x000a,-2.70182,0x00000000,2025-12-14T15:31:15.489Z,2025-12-14T15:31:15.489Z
36,0x000a,-2.17079,0x00000000,2025-12-14T15:31:15.489Z,2025-12-14T15:31:15.489Z
35,0x000a,-1.57061,0x00000000,2025-12-14T15:31:15.489Z,2025-12-14T15:31:15.489Z
34,0x000a,-2.8081,0x00000000,2025-12-14T15:31:15.489Z,2025-12-14T15:31:15.489Z
26,0x000a,4.6799,0x00000000,2025-12-14T15:31:15.489Z,2025-12-14T15:31:15.489Z
25,0x000a,6.79977,0x00000000,2025-12-14T15:31:15.489Z,2025-12-14T15:31:15.489Z
24,0x000a,4.95985,0x00000000,2025-12-14T15:31:15.489Z,2025-12-14T15:31:15.489Z
23,0x000a,-2.17079,0x00000000,2025-12-14T15:31:15.489Z,2025-12-14T15:31:15.489Z
22,0x000a,-1.57061,0x00000000,2025-12-14T15:31:15.489Z,2025-12-14T15:31:15.489Z
21,0x000a,-2.8081,0x00000000,2025-12-14T15:31:15.489Z,2025-12-14T15:31:15.489Z
8,0x0004,12939,0x00000000,2025-12-14T15:31:15.489Z,2025-12-14T15:31:15.489Z
7,0x0004,18800,0x00000000,2025-12-14T15:31:15.489Z,2025-12-14T15:31:15.489Z
6,0x0004,13713,0x00000000,2025-12-14T15:31:15.489Z,2025-12-14T15:31:15.489Z
39,0x000a,-2.0978,0x00000000,2025-12-14T15:31:15.589Z,2025-12-14T15:31:15.589Z
37,0x000a,-2.79948,0x00000000,2025-12-14T15:31:15.589Z,2025-12-14T15:31:15.589Z
36,0x000a,-2.1361,0x00000000,2025-12-14T15:31:15.589Z,2025-12-14T15:31:15.589Z
35,0x000a,-1.53581,0x00000000,2025-12-14T15:31:15.589Z,2025-12-14T15:31:15.589Z
34,0x000a,-2.75496,0x00000000,2025-12-14T15:31:15.589Z,2025-12-14T15:31:15.589Z
26,0x000a,4.41985,0x00000000,2025-12-14T15:31:15.589Z,2025-12-14T15:31:15.589Z
25,0x000a,6.60988,0x00000000,2025-12-14T15:31:15.589Z,2025-12-14T15:31:15.589Z
24,0x000a,4.62999,0x00000000,2025-12-14T15:31:15.589Z,2025-12-14T15:31:15.589Z
23,0x000a,-2.1361,0x00000000,2025-12-14T15:31:15.589Z,2025-12-14T15:31:15.589Z
22,0x000a,-1.53581,0x00000000,2025-12-14T15:31:15.589Z,2025-12-14T15:31:15.589Z
21,0x000a,-2.75496,0x00000000,2025-12-14T15:31:15.589Z,2025-12-14T15:31:15.589Z
18,0x0001,false,0x00000000,2025-12-14T15:31:15.589Z,2025-12-14T15:31:15.589Z
14,0x0001,false,0x00000000,2025-12-14T15:31:15.589Z,2025-12-14T15:31:15.589Z
8,0x0004,12220,0x00000000,2025-12-14T15:31:15.589Z,2025-12-14T15:31:15.589Z
7,0x0004,18275,0x00000000,2025-12-14T15:31:15.589Z,2025-12-14T15:31:15.589Z
6,0x0004,12801,0x00000000,2025-12-14T15:31:15.589Z,2025-12-14T15:31:15.589Z
39,0x000a,-2.60055,0x00000000,2025-12-14T15:31:15.689Z,2025-12-14T15:31:15.689Z
38,0x000a,-1.89887,0x00000000,2025-12-14T15:31:15.689Z,2025-12-14T15:31:15.689Z
37,0x000a,-3.29861,0x00000000,2025-12-14T15:31:15.689Z,2025-12-14T15:31:15.689Z
36,0x000a,-2.11695,0x00000000,2025-12-14T15:31:15.689Z,2025-12-14T15:31:15.689Z
35,0x000a,-1.51841,0x00000000,2025-12-14T15:31:15.689Z,2025-12-14T15:31:15.689Z
34,0x000a,-2.77722,0x00000000,2025-12-14T15:31:15.689Z,2025-12-14T15:31:15.689Z
23,0x000a,-2.11695,0x00000000,2025-12-14T15:31:15.689Z,2025-12-14T15:31:15.689Z
22,0x000a,-1.51841,0x00000000,2025-12-14T15:31:15.689Z,2025-12-14T15:31:15.689Z
21,0x000a,-2.77722,0x00000000,2025-12-14T15:31:15.689Z,2025-12-14T15:31:15.689Z
39,0x000a,-3.39988,0x00000000,2025-12-14T15:31:15.889Z,2025-12-14T15:31:15.889Z
38,0x000a,-3.00203,0x00000000,2025-12-14T15:31:15.889Z,2025-12-14T15:31:15.889Z
37,0x000a,-4.40176,0x00000000,2025-12-14T15:31:15.889Z,2025-12-14T15:31:15.889Z
36,0x000a,-2.35875,0x00000000,2025-12-14T15:31:15.790Z,2025-12-14T15:31:15.790Z
35,0x000a,-1.70864,0x00000000,2025-12-14T15:31:15.790Z,2025-12-14T15:31:15.790Z
34,0x000a,-3.03792,0x00000000,2025-12-14T15:31:15.790Z,2025-12-14T15:31:15.790Z
26,0x000a,4.20971,0x00000000,2025-12-14T15:31:15.790Z,2025-12-14T15:31:15.790Z
26,0x000a,4.07986,0x00000000,2025-12-14T15:31:15.889Z,2025-12-14T15:31:15.889Z
25,0x000a,6.45978,0x00000000,2025-12-14T15:31:15.790Z,2025-12-14T15:31:15.790Z
25,0x000a,6.30968,0x00000000,2025-12-14T15:31:15.889Z,2025-12-14T15:31:15.889Z
24,0x000a,4.35981,0x00000000,2025-12-14T15:31:15.790Z,2025-12-14T15:31:15.790Z
24,0x000a,4.18981,0x00000000,2025-12-14T15:31:15.889Z,2025-12-14T15:31:15.889Z
23,0x000a,-2.35875,0x00000000,2025-12-14T15:31:15.790Z,2025-12-14T15:31:15.790Z
22,0x000a,-1.70864,0x00000000,2025-12-14T15:31:15.790Z,2025-12-14T15:31:15.790Z
21,0x000a,-3.03792,0x00000000,2025-12-14T15:31:15.790Z,2025-12-14T15:31:15.790Z
13,0x0001,true,0x00000000,2025-12-14T15:31:15.889Z,2025-12-14T15:31:15.889Z
8,0x0004,11639,0x00000000,2025-12-14T15:31:15.790Z,2025-12-14T15:31:15.790Z
8,0x0004,11280,0x00000000,2025-12-14T15:31:15.889Z,2025-12-14T15:31:15.889Z
7,0x0004,17860,0x00000000,2025-12-14T15:31:15.790Z,2025-12-14T15:31:15.790Z
7,0x0004,17445,0x00000000,2025-12-14T15:31:15.889Z,2025-12-14T15:31:15.889Z
6,0x0004,12054,0x00000000,2025-12-14T15:31:15.790Z,2025-12-14T15:31:15.790Z
6,0x0004,11584,0x00000000,2025-12-14T15:31:15.889Z,2025-12-14T15:31:15.889Z
39,0x000a,0,0x00000000,2025-12-14T15:31:15.989Z,2025-12-14T15:31:15.989Z
38,0x000a,-1.59867,0x00000000,2025-12-14T15:31:15.989Z,2025-12-14T15:31:15.989Z
37,0x000a,0,0x00000000,2025-12-14T15:31:15.989Z,2025-12-14T15:31:15.989Z
36,0x000a,-2.87932,0x00000000,2025-12-14T15:31:15.989Z,2025-12-14T15:31:15.989Z
35,0x000a,-2.35533,0x00000000,2025-12-14T15:31:15.989Z,2025-12-14T15:31:15.989Z
34,0x000a,-3.71984,0x00000000,2025-12-14T15:31:15.989Z,2025-12-14T15:31:15.989Z
25,0x000a,6.14981,0x00000000,2025-12-14T15:31:15.989Z,2025-12-14T15:31:15.989Z
23,0x000a,-2.87932,0x00000000,2025-12-14T15:31:15.989Z,2025-12-14T15:31:15.989Z
22,0x000a,-2.35533,0x00000000,2025-12-14T15:31:15.989Z,2025-12-14T15:31:15.989Z
21,0x000a,-3.71984,0x00000000,2025-12-14T15:31:15.989Z,2025-12-14T15:31:15.989Z
7,0x0004,17003,0x00000000,2025-12-14T15:31:15.989Z,2025-12-14T15:31:15.989Z
38,0x000a,-1.80121,0x00000000,2025-12-14T15:31:16.088Z,2025-12-14T15:31:16.088Z
37,0x000a,1.69994,0x00000000,2025-12-14T15:31:16.088Z,2025-12-14T15:31:16.088Z
36,0x000a,-1.43966,0x00000000,2025-12-14T15:31:16.088Z,2025-12-14T15:31:16.088Z
35,0x000a,-1.977,0x00000000,2025-12-14T15:31:16.088Z,2025-12-14T15:31:16.088Z
34,0x000a,-1.85992,0x00000000,2025-12-14T15:31:16.088Z,2025-12-14T15:31:16.088Z
25,0x000a,5.96969,0x00000000,2025-12-14T15:31:16.088Z,2025-12-14T15:31:16.088Z
24,0x000a,4.35981,0x00000000,2025-12-14T15:31:16.088Z,2025-12-14T15:31:16.088Z
23,0x000a,-1.43966,0x00000000,2025-12-14T15:31:16.088Z,2025-12-14T15:31:16.088Z
22,0x000a,-1.977,0x00000000,2025-12-14T15:31:16.088Z,2025-12-14T15:31:16.088Z
21,0x000a,-1.85992,0x00000000,2025-12-14T15:31:16.088Z,2025-12-14T15:31:16.088Z
13,0x0001,false,0x00000000,2025-12-14T15:31:16.088Z,2025-12-14T15:31:16.088Z
7,0x0004,16505,0x00000000,2025-12-14T15:31:16.088Z,2025-12-14T15:31:16.088Z
6,0x0004,12054,0x00000000,2025-12-14T15:31:16.088Z,2025-12-14T15:31:16.088Z
42,0x0001,true,0x00000000,2025-12-14T15:31:16.189Z,2025-12-14T15:31:16.189Z
38,0x000a,-1.1972,0x00000000,2025-12-14T15:31:16.189Z,2025-12-14T15:31:16.189Z
37,0x000a,2.19907,0x00000000,2025-12-14T15:31:16.189Z,2025-12-14T15:31:16.189Z
36,0x000a,-0.719829,0x00000000,2025-12-14T15:31:16.189Z,2025-12-14T15:31:16.189Z
35,0x000a,-1.88911,0x00000000,2025-12-14T15:31:16.189Z,2025-12-14T15:31:16.189Z
34,0x000a,-0.0799884,0x00000000,2025-12-14T15:31:16.189Z,2025-12-14T15:31:16.189Z
25,0x000a,5.84997,0x00000000,2025-12-14T15:31:16.189Z,2025-12-14T15:31:16.189Z
24,0x000a,4.57972,0x00000000,2025-12-14T15:31:16.189Z,2025-12-14T15:31:16.189Z
23,0x000a,-0.719829,0x00000000,2025-12-14T15:31:16.189Z,2025-12-14T15:31:16.189Z
22,0x000a,-1.88911,0x00000000,2025-12-14T15:31:16.189Z,2025-12-14T15:31:16.189Z
21,0x000a,-0.0799884,0x00000000,2025-12-14T15:31:16.189Z,2025-12-14T15:31:16.189Z
7,0x0004,16174,0x00000000,2025-12-14T15:31:16.189Z,2025-12-14T15:31:16.189Z
6,0x0004,12662,0x00000000,2025-12-14T15:31:16.189Z,2025-12-14T15:31:16.189Z
38,0x000a,-1.90248,0x00000000,2025-12-14T15:31:16.290Z,2025-12-14T15:31:16.290Z
37,0x000a,1.60229,0x00000000,2025-12-14T15:31:16.290Z,2025-12-14T15:31:16.290Z
36,0x000a,-0.359915,0x00000000,2025-12-14T15:31:16.290Z,2025-12-14T15:31:16.290Z
35,0x000a,-1.54315,0x00000000,2025-12-14T15:31:16.290Z,2025-12-14T15:31:16.290Z
34,0x000a,1.05954,0x00000000,2025-12-14T15:31:16.290Z,2025-12-14T15:31:16.290Z
25,0x000a,5.65972,0x00000000,2025-12-14T15:31:16.290Z,2025-12-14T15:31:16.290Z
24,0x000a,4.73994,0x00000000,2025-12-14T15:31:16.290Z,2025-12-14T15:31:16.290Z
23,0x000a,-0.359915,0x00000000,2025-12-14T15:31:16.290Z,2025-12-14T15:31:16.290Z
22,0x000a,-1.54315,0x00000000,2025-12-14T15:31:16.290Z,2025-12-14T15:31:16.290Z
21,0x000a,1.05954,0x00000000,2025-12-14T15:31:16.290Z,2025-12-14T15:31:16.290Z
7,0x0004,15648,0x00000000,2025-12-14T15:31:16.290Z,2025-12-14T15:31:16.290Z
6,0x0004,13105,0x00000000,2025-12-14T15:31:16.290Z,2025-12-14T15:31:16.290Z
38,0x000a,-1.4974,0x00000000,2025-12-14T15:31:16.388Z,2025-12-14T15:31:16.388Z
37,0x000a,0,0x00000000,2025-12-14T15:31:16.388Z,2025-12-14T15:31:16.388Z
36,0x000a,-0.179957,0x00000000,2025-12-14T15:31:16.388Z,2025-12-14T15:31:16.388Z
35,0x000a,-1.72282,0x00000000,2025-12-14T15:31:16.388Z,2025-12-14T15:31:16.388Z
34,0x000a,1.33091,0x00000000,2025-12-14T15:31:16.388Z,2025-12-14T15:31:16.388Z
25,0x000a,5.50998,0x00000000,2025-12-14T15:31:16.388Z,2025-12-14T15:31:16.388Z
23,0x000a,-0.179957,0x00000000,2025-12-14T15:31:16.388Z,2025-12-14T15:31:16.388Z
22,0x000a,-1.72282,0x00000000,2025-12-14T15:31:16.388Z,2025-12-14T15:31:16.388Z
21,0x000a,1.33091,0x00000000,2025-12-14T15:31:16.388Z,2025-12-14T15:31:16.388Z
7,0x0004,15234,0x00000000,2025-12-14T15:31:16.388Z,2025-12-14T15:31:16.388Z
38,0x000a,-1.50101,0x00000000,2025-12-14T15:31:16.489Z,2025-12-14T15:31:16.489Z
36,0x000a,-0.0899787,0x00000000,2025-12-14T15:31:16.489Z,2025-12-14T15:31:16.489Z
35,0x000a,-1.61011,0x00000000,2025-12-14T15:31:16.489Z,2025-12-14T15:31:16.489Z
34,0x000a,0.665457,0x00000000,2025-12-14T15:31:16.489Z,2025-12-14T15:31:16.489Z
25,0x000a,5.35988,0x00000000,2025-12-14T15:31:16.489Z,2025-12-14T15:31:16.489Z
23,0x000a,-0.0899787,0x00000000,2025-12-14T15:31:16.489Z,2025-12-14T15:31:16.489Z
22,0x000a,-1.61011,0x00000000,2025-12-14T15:31:16.489Z,2025-12-14T15:31:16.489Z
21,0x000a,0.665457,0x00000000,2025-12-14T15:31:16.489Z,2025-12-14T15:31:16.489Z
7,0x0004,14819,0x00000000,2025-12-14T15:31:16.489Z,2025-12-14T15:31:16.489Z
40,0x0001,true,0x00000000,2025-12-14T15:31:16.591Z,2025-12-14T15:31:16.591Z
38,0x000a,-1.60229,0x00000000,2025-12-14T15:31:16.591Z,2025-12-14T15:31:16.591Z
36,0x000a,-0.0449893,0x00000000,2025-12-14T15:31:16.591Z,2025-12-14T15:31:16.591Z
35,0x000a,-1.55556,0x00000000,2025-12-14T15:31:16.591Z,2025-12-14T15:31:16.591Z
34,0x000a,0.332729,0x00000000,2025-12-14T15:31:16.591Z,2025-12-14T15:31:16.591Z
25,0x000a,5.19965,0x00000000,2025-12-14T15:31:16.591Z,2025-12-14T15:31:16.591Z
23,0x000a,-0.0449893,0x00000000,2025-12-14T15:31:16.591Z,2025-12-14T15:31:16.591Z
22,0x000a,-1.55556,0x00000000,2025-12-14T15:31:16.591Z,2025-12-14T15:31:16.591Z
21,0x000a,0.332729,0x00000000,2025-12-14T15:31:16.591Z,2025-12-14T15:31:16.591Z
7,0x0004,14376,0x00000000,2025-12-14T15:31:16.591Z,2025-12-14T15:31:16.591Z
36,0x000a,-0.0224947,0x00000000,2025-12-14T15:31:16.690Z,2025-12-14T15:31:16.690Z
35,0x000a,-1.57892,0x00000000,2025-12-14T15:31:16.690Z,2025-12-14T15:31:16.690Z
34,0x000a,0.166364,0x00000000,2025-12-14T15:31:16.690Z,2025-12-14T15:31:16.690Z
25,0x000a,5.04991,0x00000000,2025-12-14T15:31:16.690Z,2025-12-14T15:31:16.690Z
23,0x000a,-0.0224947,0x00000000,2025-12-14T15:31:16.690Z,2025-12-14T15:31:16.690Z
22,0x000a,-1.57892,0x00000000,2025-12-14T15:31:16.690Z,2025-12-14T15:31:16.690Z
21,0x000a,0.166364,0x00000000,2025-12-14T15:31:16.690Z,2025-12-14T15:31:16.690Z
7,0x0004,13962,0x00000000,2025-12-14T15:31:16.690Z,2025-12-14T15:31:16.690Z
38,0x000a,-1.4974,0x00000000,2025-12-14T15:31:16.789Z,2025-12-14T15:31:16.789Z
25,0x000a,4.89981,0x00000000,2025-12-14T15:31:16.789Z,2025-12-14T15:31:16.789Z
7,0x0004,13547,0x00000000,2025-12-14T15:31:16.789Z,2025-12-14T15:31:16.789Z
38,0x000a,-1.50101,0x00000000,2025-12-14T15:31:16.889Z,2025-12-14T15:31:16.889Z
36,0x000a,-0.0112473,0x00000000,2025-12-14T15:31:16.889Z,2025-12-14T15:31:16.889Z
35,0x000a,-1.53816,0x00000000,2025-12-14T15:31:16.889Z,2025-12-14T15:31:16.889Z
34,0x000a,0.0831822,0x00000000,2025-12-14T15:31:16.889Z,2025-12-14T15:31:16.889Z
25,0x000a,4.70992,0x00000000,2025-12-14T15:31:16.889Z,2025-12-14T15:31:16.889Z
23,0x000a,-0.0112473,0x00000000,2025-12-14T15:31:16.889Z,2025-12-14T15:31:16.889Z
22,0x000a,-1.53816,0x00000000,2025-12-14T15:31:16.889Z,2025-12-14T15:31:16.889Z
21,0x000a,0.0831822,0x00000000,2025-12-14T15:31:16.889Z,2025-12-14T15:31:16.889Z
7,0x0004,13022,0x00000000,2025-12-14T15:31:16.889Z,2025-12-14T15:31:16.889Z
38,0x000a,-3.39988,0x00000000,2025-12-14T15:31:16.989Z,2025-12-14T15:31:16.989Z
36,0x000a,-0.00562367,0x00000000,2025-12-14T15:31:16.989Z,2025-12-14T15:31:16.989Z
35,0x000a,-1.51959,0x00000000,2025-12-14T15:31:16.989Z,2025-12-14T15:31:16.989Z
34,0x000a,0.0415911,0x00000000,2025-12-14T15:31:16.989Z,2025-12-14T15:31:16.989Z
25,0x000a,4.55982,0x00000000,2025-12-14T15:31:16.989Z,2025-12-14T15:31:16.989Z
23,0x000a,-0.00562367,0x00000000,2025-12-14T15:31:16.989Z,2025-12-14T15:31:16.989Z
22,0x000a,-1.51959,0x00000000,2025-12-14T15:31:16.989Z,2025-12-14T15:31:16.989Z
21,0x000a,0.0415911,0x00000000,2025-12-14T15:31:16.989Z,2025-12-14T15:31:16.989Z
7,0x0004,12607,0x00000000,2025-12-14T15:31:16.989Z,2025-12-14T15:31:16.989Z
38,0x000a,-1.50101,0x00000000,2025-12-14T15:31:17.089Z,2025-12-14T15:31:17.089Z
36,0x000a,-0.00281183,0x00000000,2025-12-14T15:31:17.089Z,2025-12-14T15:31:17.089Z
35,0x000a,-2.45973,0x00000000,2025-12-14T15:31:17.089Z,2025-12-14T15:31:17.089Z
34,0x000a,0.0207955,0x00000000,2025-12-14T15:31:17.089Z,2025-12-14T15:31:17.089Z
25,0x000a,4.40972,0x00000000,2025-12-14T15:31:17.089Z,2025-12-14T15:31:17.089Z
23,0x000a,-0.00281183,0x00000000,2025-12-14T15:31:17.089Z,2025-12-14T15:31:17.089Z
22,0x000a,-2.45973,0x00000000,2025-12-14T15:31:17.089Z,2025-12-14T15:31:17.089Z
21,0x000a,0.0207955,0x00000000,2025-12-14T15:31:17.089Z,2025-12-14T15:31:17.089Z
7,0x0004,12192,0x00000000,2025-12-14T15:31:17.089Z,2025-12-14T15:31:17.089Z
38,0x000a,-1.59867,0x00000000,2025-12-14T15:31:17.188Z,2025-12-14T15:31:17.188Z
36,0x000a,-0.00140592,0x00000000,2025-12-14T15:31:17.188Z,2025-12-14T15:31:17.188Z
35,0x000a,-1.98037,0x00000000,2025-12-14T15:31:17.188Z,2025-12-14T15:31:17.188Z
34,0x000a,0.0103978,0x00000000,2025-12-14T15:31:17.188Z,2025-12-14T15:31:17.188Z
25,0x000a,4.24986,0x00000000,2025-12-14T15:31:17.188Z,2025-12-14T15:31:17.188Z
23,0x000a,-0.00140592,0x00000000,2025-12-14T15:31:17.188Z,2025-12-14T15:31:17.188Z
22,0x000a,-1.98037,0x00000000,2025-12-14T15:31:17.188Z,2025-12-14T15:31:17.188Z
21,0x000a,0.0103978,0x00000000,2025-12-14T15:31:17.188Z,2025-12-14T15:31:17.188Z
7,0x0004,11750,0x00000000,2025-12-14T15:31:17.188Z,2025-12-14T15:31:17.188Z
38,0x000a,-1.50101,0x00000000,2025-12-14T15:31:17.290Z,2025-12-14T15:31:17.290Z
36,0x000a,-0.000702958,0x00000000,2025-12-14T15:31:17.290Z,2025-12-14T15:31:17.290Z
35,0x000a,-1.78952,0x00000000,2025-12-14T15:31:17.290Z,2025-12-14T15:31:17.290Z
34,0x000a,0.00519889,0x00000000,2025-12-14T15:31:17.290Z,2025-12-14T15:31:17.290Z
25,0x000a,4.09975,0x00000000,2025-12-14T15:31:17.290Z,2025-12-14T15:31:17.290Z
23,0x000a,-0.000702958,0x00000000,2025-12-14T15:31:17.290Z,2025-12-14T15:31:17.290Z
22,0x000a,-1.78952,0x00000000,2025-12-14T15:31:17.290Z,2025-12-14T15:31:17.290Z
21,0x000a,0.00519889,0x00000000,2025-12-14T15:31:17.290Z,2025-12-14T15:31:17.290Z
16,0x0001,false,0x00000000,2025-12-14T15:31:17.290Z,2025-12-14T15:31:17.290Z
7,0x0004,11335,0x00000000,2025-12-14T15:31:17.290Z,2025-12-14T15:31:17.290Z
38,0x000a,-1.89887,0x00000000,2025-12-14T15:31:17.389Z,2025-12-14T15:31:17.389Z
36,0x000a,-0.000351479,0x00000000,2025-12-14T15:31:17.389Z,2025-12-14T15:31:17.389Z
35,0x000a,-1.64527,0x00000000,2025-12-14T15:31:17.389Z,2025-12-14T15:31:17.389Z
34,0x000a,0.00259944,0x00000000,2025-12-14T15:31:17.389Z,2025-12-14T15:31:17.389Z
25,0x000a,3.90987,0x00000000,2025-12-14T15:31:17.389Z,2025-12-14T15:31:17.389Z
23,0x000a,-0.000351479,0x00000000,2025-12-14T15:31:17.389Z,2025-12-14T15:31:17.389Z
22,0x000a,-1.64527,0x00000000,2025-12-14T15:31:17.389Z,2025-12-14T15:31:17.389Z
21,0x000a,0.00259944,0x00000000,2025-12-14T15:31:17.389Z,2025-12-14T15:31:17.389Z
7,0x0004,10810,0x00000000,2025-12-14T15:31:17.389Z,2025-12-14T15:31:17.389Z
36,0x000a,-0.00017574,0x00000000,2025-12-14T15:31:17.488Z,2025-12-14T15:31:17.488Z
35,0x000a,-1.77207,0x00000000,2025-12-14T15:31:17.488Z,2025-12-14T15:31:17.488Z
34,0x000a,0.00129972,0x00000000,2025-12-14T15:31:17.488Z,2025-12-14T15:31:17.488Z
25,0x000a,3.84983,0x00000000,2025-12-14T15:31:17.488Z,2025-12-14T15:31:17.488Z
23,0x000a,-0.00017574,0x00000000,2025-12-14T15:31:17.488Z,2025-12-14T15:31:17.488Z
22,0x000a,-1.77207,0x00000000,2025-12-14T15:31:17.488Z,2025-12-14T15:31:17.488Z
21,0x000a,0.00129972,0x00000000,2025-12-14T15:31:17.488Z,2025-12-14T15:31:17.488Z
7,0x0004,10644,0x00000000,2025-12-14T15:31:17.488Z,2025-12-14T15:31:17.488Z
38,0x000a,-0.600405,0x00000000,2025-12-14T15:31:17.590Z,2025-12-14T15:31:17.590Z
38,0x000a,0,0x00000000,2025-12-14T15:31:17.690Z,2025-12-14T15:31:17.690Z
36,0x000a,-8.78698e-05,0x00000000,2025-12-14T15:31:17.690Z,2025-12-14T15:31:17.690Z
35,0x000a,-1.18624,0x00000000,2025-12-14T15:31:17.690Z,2025-12-14T15:31:17.690Z
34,0x000a,0.000649861,0x00000000,2025-12-14T15:31:17.690Z,2025-12-14T15:31:17.690Z
23,0x000a,-8.78698e-05,0x00000000,2025-12-14T15:31:17.690Z,2025-12-14T15:31:17.690Z
22,0x000a,-1.18624,0x00000000,2025-12-14T15:31:17.690Z,2025-12-14T15:31:17.690Z
21,0x000a,0.000649861,0x00000000,2025-12-14T15:31:17.690Z,2025-12-14T15:31:17.690Z
42,0x0001,false,0x00000000,2025-12-14T15:31:17.791Z,2025-12-14T15:31:17.791Z
40,0x0001,false,0x00000000,2025-12-14T15:31:17.791Z,2025-12-14T15:31:17.791Z
36,0x000a,-4.39349e-05,0x00000000,2025-12-14T15:31:17.791Z,2025-12-14T15:31:17.791Z
36,0x000a,-2.19674e-05,0x00000000,2025-12-14T15:31:17.889Z,2025-12-14T15:31:17.889Z
35,0x000a,-0.593118,0x00000000,2025-12-14T15:31:17.791Z,2025-12-14T15:31:17.791Z
35,0x000a,-0.296559,0x00000000,2025-12-14T15:31:17.889Z,2025-12-14T15:31:17.889Z
34,0x000a,0.00032493,0x00000000,2025-12-14T15:31:17.791Z,2025-12-14T15:31:17.791Z
34,0x000a,0.000162465,0x00000000,2025-12-14T15:31:17.889Z,2025-12-14T15:31:17.889Z
23,0x000a,-4.39349e-05,0x00000000,2025-12-14T15:31:17.791Z,2025-12-14T15:31:17.791Z
23,0x000a,-2.19674e-05,0x00000000,2025-12-14T15:31:17.889Z,2025-12-14T15:31:17.889Z
22,0x000a,-0.593118,0x00000000,2025-12-14T15:31:17.791Z,2025-12-14T15:31:17.791Z
22,0x000a,-0.296559,0x00000000,2025-12-14T15:31:17.889Z,2025-12-14T15:31:17.889Z
21,0x000a,0.00032493,0x00000000,2025-12-14T15:31:17.791Z,2025-12-14T15:31:17.791Z
21,0x000a,0.000162465,0x00000000,2025-12-14T15:31:17.889Z,2025-12-14T15:31:17.889Z
18,0x0001,true,0x00000000,2025-12-14T15:31:17.791Z,2025-12-14T15:31:17.791Z
16,0x0001,true,0x00000000,2025-12-14T15:31:17.791Z,2025-12-14T15:31:17.791Z
14,0x0001,true,0x00000000,2025-12-14T15:31:17.791Z,2025-12-14T15:31:17.791Z
4,0x000a,1,0x00000000,2025-12-14T15:31:17.791Z,2025-12-14T15:31:17.791Z
3,0x000a,1,0x00000000,2025-12-14T15:31:17.791Z,2025-12-14T15:31:17.791Z
2,0x000a,2,0x00000000,2025-12-14T15:31:17.791Z,2025-12-14T15:31:17.791Z
36,0x000a,-1.09837e-05,0x00000000,2025-12-14T15:31:17.989Z,2025-12-14T15:31:17.989Z
35,0x000a,-0.14828,0x00000000,2025-12-14T15:31:17.989Z,2025-12-14T15:31:17.989Z
34,0x000a,8.12326e-05,0x00000000,2025-12-14T15:31:17.989Z,2025-12-14T15:31:17.989Z
26,0x000a,4.04984,0x00000000,2025-12-14T15:31:17.989Z,2025-12-14T15:31:17.989Z
25,0x000a,3.78979,0x00000000,2025-12-14T15:31:17.989Z,2025-12-14T15:31:17.989Z
24,0x000a,4.62999,0x00000000,2025-12-14T15:31:17.989Z,2025-12-14T15:31:17.989Z
23,0x000a,-1.09837e-05,0x00000000,2025-12-14T15:31:17.989Z,2025-12-14T15:31:17.989Z
22,0x000a,-0.14828,0x00000000,2025-12-14T15:31:17.989Z,2025-12-14T15:31:17.989Z
21,0x000a,8.12326e-05,0x00000000,2025-12-14T15:31:17.989Z,2025-12-14T15:31:17.989Z
8,0x0004,11197,0x00000000,2025-12-14T15:31:17.989Z,2025-12-14T15:31:17.989Z
7,0x0004,10478,0x00000000,2025-12-14T15:31:17.989Z,2025-12-14T15:31:17.989Z
6,0x0004,12801,0x00000000,2025-12-14T15:31:17.989Z,2025-12-14T15:31:17.989Z
39,0x000a,-2.40162,0x00000000,2025-12-14T15:31:18.090Z,2025-12-14T15:31:18.090Z
38,0x000a,-2.10142,0x00000000,2025-12-14T15:31:18.090Z,2025-12-14T15:31:18.090Z
37,0x000a,-3.80136,0x00000000,2025-12-14T15:31:18.090Z,2025-12-14T15:31:18.090Z
36,0x000a,-5.49186e-06,0x00000000,2025-12-14T15:31:18.090Z,2025-12-14T15:31:18.090Z
35,0x000a,-0.0741398,0x00000000,2025-12-14T15:31:18.090Z,2025-12-14T15:31:18.090Z
34,0x000a,4.06163e-05,0x00000000,2025-12-14T15:31:18.090Z,2025-12-14T15:31:18.090Z
26,0x000a,3.8397,0x00000000,2025-12-14T15:31:18.090Z,2025-12-14T15:31:18.090Z
25,0x000a,3.63968,0x00000000,2025-12-14T15:31:18.090Z,2025-12-14T15:31:18.090Z
24,0x000a,4.35981,0x00000000,2025-12-14T15:31:18.090Z,2025-12-14T15:31:18.090Z
23,0x000a,-5.49186e-06,0x00000000,2025-12-14T15:31:18.090Z,2025-12-14T15:31:18.090Z
22,0x000a,-0.0741398,0x00000000,2025-12-14T15:31:18.090Z,2025-12-14T15:31:18.090Z
21,0x000a,4.06163e-05,0x00000000,2025-12-14T15:31:18.090Z,2025-12-14T15:31:18.090Z
8,0x0004,10616,0x00000000,2025-12-14T15:31:18.090Z,2025-12-14T15:31:18.090Z
7,0x0004,10063,0x00000000,2025-12-14T15:31:18.090Z,2025-12-14T15:31:18.090Z
6,0x0004,12054,0x00000000,2025-12-14T15:31:18.090Z,2025-12-14T15:31:18.090Z
39,0x000a,-2.60055,0x00000000,2025-12-14T15:31:18.190Z,2025-12-14T15:31:18.190Z
38,0x000a,-1.89887,0x00000000,2025-12-14T15:31:18.190Z,2025-12-14T15:31:18.190Z
37,0x000a,-3.39988,0x00000000,2025-12-14T15:31:18.190Z,2025-12-14T15:31:18.190Z
36,0x000a,-1.20081,0x00000000,2025-12-14T15:31:18.190Z,2025-12-14T15:31:18.190Z
35,0x000a,-1.08778,0x00000000,2025-12-14T15:31:18.190Z,2025-12-14T15:31:18.190Z
34,0x000a,-1.90066,0x00000000,2025-12-14T15:31:18.190Z,2025-12-14T15:31:18.190Z
26,0x000a,3.57964,0x00000000,2025-12-14T15:31:18.190Z,2025-12-14T15:31:18.190Z
25,0x000a,3.4498,0x00000000,2025-12-14T15:31:18.190Z,2025-12-14T15:31:18.190Z
24,0x000a,4.01982,0x00000000,2025-12-14T15:31:18.190Z,2025-12-14T15:31:18.190Z
23,0x000a,-1.20081,0x00000000,2025-12-14T15:31:18.190Z,2025-12-14T15:31:18.190Z
22,0x000a,-1.08778,0x00000000,2025-12-14T15:31:18.190Z,2025-12-14T15:31:18.190Z
21,0x000a,-1.90066,0x00000000,2025-12-14T15:31:18.190Z,2025-12-14T15:31:18.190Z
8,0x0004,9897,0x00000000,2025-12-14T15:31:18.190Z,2025-12-14T15:31:18.190Z
7,0x0004,9538,0x00000000,2025-12-14T15:31:18.190Z,2025-12-14T15:31:18.190Z
6,0x0004,11114,0x00000000,2025-12-14T15:31:18.190Z,2025-12-14T15:31:18.190Z
36,0x000a,-1.90068,0x00000000,2025-12-14T15:31:18.289Z,2025-12-14T15:31:18.289Z
35,0x000a,-1.49332,0x00000000,2025-12-14T15:31:18.289Z,2025-12-14T15:31:18.289Z
34,0x000a,-2.65027,0x00000000,2025-12-14T15:31:18.289Z,2025-12-14T15:31:18.289Z
26,0x000a,3.36986,0x00000000,2025-12-14T15:31:18.289Z,2025-12-14T15:31:18.289Z
25,0x000a,3.2997,0x00000000,2025-12-14T15:31:18.289Z,2025-12-14T15:31:18.289Z
24,0x000a,3.75,0x00000000,2025-12-14T15:31:18.289Z,2025-12-14T15:31:18.289Z
23,0x000a,-1.90068,0x00000000,2025-12-14T15:31:18.289Z,2025-12-14T15:31:18.289Z
22,0x000a,-1.49332,0x00000000,2025-12-14T15:31:18.289Z,2025-12-14T15:31:18.289Z
21,0x000a,-2.65027,0x00000000,2025-12-14T15:31:18.289Z,2025-12-14T15:31:18.289Z
8,0x0004,9317,0x00000000,2025-12-14T15:31:18.289Z,2025-12-14T15:31:18.289Z
7,0x0004,9123,0x00000000,2025-12-14T15:31:18.289Z,2025-12-14T15:31:18.289Z
6,0x0004,10368,0x00000000,2025-12-14T15:31:18.289Z,2025-12-14T15:31:18.289Z
39,0x000a,-2.0978,0x00000000,2025-12-14T15:31:18.387Z,2025-12-14T15:31:18.387Z
38,0x000a,-1.50101,0x00000000,2025-12-14T15:31:18.387Z,2025-12-14T15:31:18.387Z
37,0x000a,-2.69821,0x00000000,2025-12-14T15:31:18.387Z,2025-12-14T15:31:18.387Z
26,0x000a,3.14996,0x00000000,2025-12-14T15:31:18.387Z,2025-12-14T15:31:18.387Z
25,0x000a,3.14996,0x00000000,2025-12-14T15:31:18.387Z,2025-12-14T15:31:18.387Z
24,0x000a,3.46969,0x00000000,2025-12-14T15:31:18.387Z,2025-12-14T15:31:18.387Z
8,0x0004,8709,0x00000000,2025-12-14T15:31:18.387Z,2025-12-14T15:31:18.387Z
7,0x0004,8709,0x00000000,2025-12-14T15:31:18.387Z,2025-12-14T15:31:18.387Z
6,0x0004,9593,0x00000000,2025-12-14T15:31:18.387Z,2025-12-14T15:31:18.387Z
39,0x000a,-2.19908,0x00000000,2025-12-14T15:31:18.489Z,2025-12-14T15:31:18.489Z
38,0x000a,-1.4974,0x00000000,2025-12-14T15:31:18.489Z,2025-12-14T15:31:18.489Z
37,0x000a,-2.8031,0x00000000,2025-12-14T15:31:18.489Z,2025-12-14T15:31:18.489Z
36,0x000a,-1.99924,0x00000000,2025-12-14T15:31:18.489Z,2025-12-14T15:31:18.489Z
35,0x000a,-1.49717,0x00000000,2025-12-14T15:31:18.489Z,2025-12-14T15:31:18.489Z
34,0x000a,-2.67424,0x00000000,2025-12-14T15:31:18.489Z,2025-12-14T15:31:18.489Z
26,0x000a,2.89967,0x00000000,2025-12-14T15:31:18.489Z,2025-12-14T15:31:18.489Z
25,0x000a,2.95971,0x00000000,2025-12-14T15:31:18.489Z,2025-12-14T15:31:18.489Z
24,0x000a,3.13983,0x00000000,2025-12-14T15:31:18.489Z,2025-12-14T15:31:18.489Z
23,0x000a,-1.99924,0x00000000,2025-12-14T15:31:18.489Z,2025-12-14T15:31:18.489Z
22,0x000a,-1.49717,0x00000000,2025-12-14T15:31:18.489Z,2025-12-14T15:31:18.489Z
21,0x000a,-2.67424,0x00000000,2025-12-14T15:31:18.489Z,2025-12-14T15:31:18.489Z
8,0x0004,8017,0x00000000,2025-12-14T15:31:18.489Z,2025-12-14T15:31:18.489Z
7,0x0004,8183,0x00000000,2025-12-14T15:31:18.489Z,2025-12-14T15:31:18.489Z
6,0x0004,8681,0x00000000,2025-12-14T15:31:18.489Z,2025-12-14T15:31:18.489Z
39,0x000a,-2.50289,0x00000000,2025-12-14T15:31:18.588Z,2025-12-14T15:31:18.588Z
38,0x000a,-1.90249,0x00000000,2025-12-14T15:31:18.588Z,2025-12-14T15:31:18.588Z
37,0x000a,-3.29861,0x00000000,2025-12-14T15:31:18.588Z,2025-12-14T15:31:18.588Z
36,0x000a,-2.09916,0x00000000,2025-12-14T15:31:18.588Z,2025-12-14T15:31:18.588Z
35,0x000a,-1.49728,0x00000000,2025-12-14T15:31:18.588Z,2025-12-14T15:31:18.588Z
34,0x000a,-2.73867,0x00000000,2025-12-14T15:31:18.588Z,2025-12-14T15:31:18.588Z
26,0x000a,2.67976,0x00000000,2025-12-14T15:31:18.588Z,2025-12-14T15:31:18.588Z
25,0x000a,2.80997,0x00000000,2025-12-14T15:31:18.588Z,2025-12-14T15:31:18.588Z
24,0x000a,2.86965,0x00000000,2025-12-14T15:31:18.588Z,2025-12-14T15:31:18.588Z
23,0x000a,-2.09916,0x00000000,2025-12-14T15:31:18.588Z,2025-12-14T15:31:18.588Z
22,0x000a,-1.49728,0x00000000,2025-12-14T15:31:18.588Z,2025-12-14T15:31:18.588Z
21,0x000a,-2.73867,0x00000000,2025-12-14T15:31:18.588Z,2025-12-14T15:31:18.588Z
8,0x0004,7409,0x00000000,2025-12-14T15:31:18.588Z,2025-12-14T15:31:18.588Z
7,0x0004,7769,0x00000000,2025-12-14T15:31:18.588Z,2025-12-14T15:31:18.588Z
6,0x0004,7934,0x00000000,2025-12-14T15:31:18.588Z,2025-12-14T15:31:18.588Z
39,0x000a,-2.19908,0x00000000,2025-12-14T15:31:18.688Z,2025-12-14T15:31:18.688Z
38,0x000a,-1.4974,0x00000000,2025-12-14T15:31:18.688Z,2025-12-14T15:31:18.688Z
37,0x000a,-2.70182,0x00000000,2025-12-14T15:31:18.688Z,2025-12-14T15:31:18.688Z
36,0x000a,-2.30102,0x00000000,2025-12-14T15:31:18.688Z,2025-12-14T15:31:18.688Z
35,0x000a,-1.69989,0x00000000,2025-12-14T15:31:18.688Z,2025-12-14T15:31:18.688Z
34,0x000a,-3.01864,0x00000000,2025-12-14T15:31:18.688Z,2025-12-14T15:31:18.688Z
26,0x000a,2.46998,0x00000000,2025-12-14T15:31:18.688Z,2025-12-14T15:31:18.688Z
25,0x000a,2.65987,0x00000000,2025-12-14T15:31:18.688Z,2025-12-14T15:31:18.688Z
24,0x000a,2.5897,0x00000000,2025-12-14T15:31:18.688Z,2025-12-14T15:31:18.688Z
23,0x000a,-2.30102,0x00000000,2025-12-14T15:31:18.688Z,2025-12-14T15:31:18.688Z
22,0x000a,-1.69989,0x00000000,2025-12-14T15:31:18.688Z,2025-12-14T15:31:18.688Z
21,0x000a,-3.01864,0x00000000,2025-12-14T15:31:18.688Z,2025-12-14T15:31:18.688Z
8,0x0004,6829,0x00000000,2025-12-14T15:31:18.688Z,2025-12-14T15:31:18.688Z
7,0x0004,7354,0x00000000,2025-12-14T15:31:18.688Z,2025-12-14T15:31:18.688Z
6,0x0004,7160,0x00000000,2025-12-14T15:31:18.688Z,2025-12-14T15:31:18.688Z
39,0x000a,-2.0978,0x00000000,2025-12-14T15:31:18.788Z,2025-12-14T15:31:18.788Z
38,0x000a,-1.50101,0x00000000,2025-12-14T15:31:18.788Z,2025-12-14T15:31:18.788Z
37,0x000a,-2.79948,0x00000000,2025-12-14T15:31:18.788Z,2025-12-14T15:31:18.788Z
36,0x000a,-2.25005,0x00000000,2025-12-14T15:31:18.788Z,2025-12-14T15:31:18.788Z
35,0x000a,-1.59864,0x00000000,2025-12-14T15:31:18.788Z,2025-12-14T15:31:18.788Z
34,0x000a,-2.86023,0x00000000,2025-12-14T15:31:18.788Z,2025-12-14T15:31:18.788Z
23,0x000a,-2.25005,0x00000000,2025-12-14T15:31:18.788Z,2025-12-14T15:31:18.788Z
22,0x000a,-1.59864,0x00000000,2025-12-14T15:31:18.788Z,2025-12-14T15:31:18.788Z
21,0x000a,-2.86023,0x00000000,2025-12-14T15:31:18.788Z,2025-12-14T15:31:18.788Z
39,0x000a,-2.10142,0x00000000,2025-12-14T15:31:18.888Z,2025-12-14T15:31:18.888Z
38,0x000a,-1.59867,0x00000000,2025-12-14T15:31:18.888Z,2025-12-14T15:31:18.888Z
36,0x000a,-2.17392,0x00000000,2025-12-14T15:31:18.888Z,2025-12-14T15:31:18.888Z
35,0x000a,-1.54983,0x00000000,2025-12-14T15:31:18.888Z,2025-12-14T15:31:18.888Z
34,0x000a,-2.82986,0x00000000,2025-12-14T15:31:18.888Z,2025-12-14T15:31:18.888Z
26,0x000a,2.25984,0x00000000,2025-12-14T15:31:18.888Z,2025-12-14T15:31:18.888Z
25,0x000a,2.5,0x00000000,2025-12-14T15:31:18.888Z,2025-12-14T15:31:18.888Z
24,0x000a,2.30975,0x00000000,2025-12-14T15:31:18.888Z,2025-12-14T15:31:18.888Z
23,0x000a,-2.17392,0x00000000,2025-12-14T15:31:18.888Z,2025-12-14T15:31:18.888Z
22,0x000a,-1.54983,0x00000000,2025-12-14T15:31:18.888Z,2025-12-14T15:31:18.888Z
21,0x000a,-2.82986,0x00000000,2025-12-14T15:31:18.888Z,2025-12-14T15:31:18.888Z
8,0x0004,6248,0x00000000,2025-12-14T15:31:18.888Z,2025-12-14T15:31:18.888Z
7,0x0004,6912,0x00000000,2025-12-14T15:31:18.888Z,2025-12-14T15:31:18.888Z
6,0x0004,6386,0x00000000,2025-12-14T15:31:18.888Z,2025-12-14T15:31:18.888Z
39,0x000a,-2.10142,0x00000000,2025-12-14T15:31:18.989Z,2025-12-14T15:31:18.989Z
38,0x000a,-1.50101,0x00000000,2025-12-14T15:31:18.989Z,2025-12-14T15:31:18.989Z
37,0x000a,-2.6982,0x00000000,2025-12-14T15:31:18.989Z,2025-12-14T15:31:18.989Z
36,0x000a,-2.13767,0x00000000,2025-12-14T15:31:18.989Z,2025-12-14T15:31:18.989Z
35,0x000a,-1.57425,0x00000000,2025-12-14T15:31:18.989Z,2025-12-14T15:31:18.989Z
34,0x000a,-2.81467,0x00000000,2025-12-14T15:31:18.989Z,2025-12-14T15:31:18.989Z
26,0x000a,2.0497,0x00000000,2025-12-14T15:31:18.989Z,2025-12-14T15:31:18.989Z
25,0x000a,2.3499,0x00000000,2025-12-14T15:31:18.989Z,2025-12-14T15:31:18.989Z
24,0x000a,2.03993,0x00000000,2025-12-14T15:31:18.989Z,2025-12-14T15:31:18.989Z
23,0x000a,-2.13767,0x00000000,2025-12-14T15:31:18.989Z,2025-12-14T15:31:18.989Z
22,0x000a,-1.57425,0x00000000,2025-12-14T15:31:18.989Z,2025-12-14T15:31:18.989Z
21,0x000a,-2.81467,0x00000000,2025-12-14T15:31:18.989Z,2025-12-14T15:31:18.989Z
14,0x0001,false,0x00000000,2025-12-14T15:31:18.989Z,2025-12-14T15:31:18.989Z
8,0x0004,5667,0x00000000,2025-12-14T15:31:18.989Z,2025-12-14T15:31:18.989Z
7,0x0004,6497,0x00000000,2025-12-14T15:31:18.989Z,2025-12-14T15:31:18.989Z
6,0x0004,5640,0x00000000,2025-12-14T15:31:18.989Z,2025-12-14T15:31:18.989Z
36,0x000a,-2.11954,0x00000000,2025-12-14T15:31:19.090Z,2025-12-14T15:31:19.090Z
35,0x000a,-1.53763,0x00000000,2025-12-14T15:31:19.090Z,2025-12-14T15:31:19.090Z
34,0x000a,-2.75644,0x00000000,2025-12-14T15:31:19.090Z,2025-12-14T15:31:19.090Z
26,0x000a,1.82979,0x00000000,2025-12-14T15:31:19.090Z,2025-12-14T15:31:19.090Z
25,0x000a,2.1998,0x00000000,2025-12-14T15:31:19.090Z,2025-12-14T15:31:19.090Z
24,0x000a,1.75998,0x00000000,2025-12-14T15:31:19.090Z,2025-12-14T15:31:19.090Z
23,0x000a,-2.11954,0x00000000,2025-12-14T15:31:19.090Z,2025-12-14T15:31:19.090Z
22,0x000a,-1.53763,0x00000000,2025-12-14T15:31:19.090Z,2025-12-14T15:31:19.090Z
21,0x000a,-2.75644,0x00000000,2025-12-14T15:31:19.090Z,2025-12-14T15:31:19.090Z
8,0x0004,5059,0x00000000,2025-12-14T15:31:19.090Z,2025-12-14T15:31:19.090Z
7,0x0004,6082,0x00000000,2025-12-14T15:31:19.090Z,2025-12-14T15:31:19.090Z
6,0x0004,4866,0x00000000,2025-12-14T15:31:19.090Z,2025-12-14T15:31:19.090Z
39,0x000a,-2.19908,0x00000000,2025-12-14T15:31:19.190Z,2025-12-14T15:31:19.190Z
38,0x000a,-1.50101,0x00000000,2025-12-14T15:31:19.190Z,2025-12-14T15:31:19.190Z
37,0x000a,-2.79948,0x00000000,2025-12-14T15:31:19.190Z,2025-12-14T15:31:19.190Z
26,0x000a,1.57986,0x00000000,2025-12-14T15:31:19.190Z,2025-12-14T15:31:19.190Z
25,0x000a,2.00991,0x00000000,2025-12-14T15:31:19.190Z,2025-12-14T15:31:19.190Z
24,0x000a,1.59975,0x00000000,2025-12-14T15:31:19.190Z,2025-12-14T15:31:19.190Z
13,0x0001,true,0x00000000,2025-12-14T15:31:19.190Z,2025-12-14T15:31:19.190Z
8,0x0004,4368,0x00000000,2025-12-14T15:31:19.190Z,2025-12-14T15:31:19.190Z
7,0x0004,5557,0x00000000,2025-12-14T15:31:19.190Z,2025-12-14T15:31:19.190Z
6,0x0004,4423,0x00000000,2025-12-14T15:31:19.190Z,2025-12-14T15:31:19.190Z
39,0x000a,-4.69835,0x00000000,2025-12-14T15:31:19.288Z,2025-12-14T15:31:19.288Z
38,0x000a,-3.39988,0x00000000,2025-12-14T15:31:19.288Z,2025-12-14T15:31:19.288Z
37,0x000a,-1.60229,0x00000000,2025-12-14T15:31:19.288Z,2025-12-14T15:31:19.288Z
36,0x000a,-2.15931,0x00000000,2025-12-14T15:31:19.288Z,2025-12-14T15:31:19.288Z
35,0x000a,-1.51932,0x00000000,2025-12-14T15:31:19.288Z,2025-12-14T15:31:19.288Z
34,0x000a,-2.77796,0x00000000,2025-12-14T15:31:19.288Z,2025-12-14T15:31:19.288Z
26,0x000a,1.35995,0x00000000,2025-12-14T15:31:19.288Z,2025-12-14T15:31:19.288Z
25,0x000a,1.85981,0x00000000,2025-12-14T15:31:19.288Z,2025-12-14T15:31:19.288Z
23,0x000a,-2.15931,0x00000000,2025-12-14T15:31:19.288Z,2025-12-14T15:31:19.288Z
22,0x000a,-1.51932,0x00000000,2025-12-14T15:31:19.288Z,2025-12-14T15:31:19.288Z
21,0x000a,-2.77796,0x00000000,2025-12-14T15:31:19.288Z,2025-12-14T15:31:19.288Z
8,0x0004,3760,0x00000000,2025-12-14T15:31:19.288Z,2025-12-14T15:31:19.288Z
7,0x0004,5142,0x00000000,2025-12-14T15:31:19.288Z,2025-12-14T15:31:19.288Z
39,0x000a,-2.10142,0x00000000,2025-12-14T15:31:19.390Z,2025-12-14T15:31:19.390Z
38,0x000a,-1.50101,0x00000000,2025-12-14T15:31:19.390Z,2025-12-14T15:31:19.390Z
37,0x000a,1.60229,0x00000000,2025-12-14T15:31:19.390Z,2025-12-14T15:31:19.390Z
36,0x000a,-3.42883,0x00000000,2025-12-14T15:31:19.390Z,2025-12-14T15:31:19.390Z
35,0x000a,-2.4596,0x00000000,2025-12-14T15:31:19.390Z,2025-12-14T15:31:19.390Z
34,0x000a,-2.19012,0x00000000,2025-12-14T15:31:19.390Z,2025-12-14T15:31:19.390Z
26,0x000a,1.14981,0x00000000,2025-12-14T15:31:19.390Z,2025-12-14T15:31:19.390Z
25,0x000a,1.70971,0x00000000,2025-12-14T15:31:19.390Z,2025-12-14T15:31:19.390Z
24,0x000a,1.75998,0x00000000,2025-12-14T15:31:19.390Z,2025-12-14T15:31:19.390Z
23,0x000a,-3.42883,0x00000000,2025-12-14T15:31:19.390Z,2025-12-14T15:31:19.390Z
22,0x000a,-2.4596,0x00000000,2025-12-14T15:31:19.390Z,2025-12-14T15:31:19.390Z
21,0x000a,-2.19012,0x00000000,2025-12-14T15:31:19.390Z,2025-12-14T15:31:19.390Z
18,0x0001,false,0x00000000,2025-12-14T15:31:19.390Z,2025-12-14T15:31:19.390Z
13,0x0001,false,0x00000000,2025-12-14T15:31:19.390Z,2025-12-14T15:31:19.390Z
8,0x0004,3179,0x00000000,2025-12-14T15:31:19.390Z,2025-12-14T15:31:19.390Z
7,0x0004,4727,0x00000000,2025-12-14T15:31:19.390Z,2025-12-14T15:31:19.390Z
6,0x0004,4866,0x00000000,2025-12-14T15:31:19.390Z,2025-12-14T15:31:19.390Z
39,0x000a,-2.10142,0x00000000,2025-12-14T15:31:19.490Z,2025-12-14T15:31:19.490Z
38,0x000a,-1.59867,0x00000000,2025-12-14T15:31:19.490Z,2025-12-14T15:31:19.490Z
37,0x000a,2.79948,0x00000000,2025-12-14T15:31:19.490Z,2025-12-14T15:31:19.490Z
36,0x000a,-2.76512,0x00000000,2025-12-14T15:31:19.490Z,2025-12-14T15:31:19.490Z
35,0x000a,-1.98031,0x00000000,2025-12-14T15:31:19.490Z,2025-12-14T15:31:19.490Z
34,0x000a,-0.293918,0x00000000,2025-12-14T15:31:19.490Z,2025-12-14T15:31:19.490Z
26,0x000a,0.93967,0x00000000,2025-12-14T15:31:19.490Z,2025-12-14T15:31:19.490Z
25,0x000a,1.54984,0x00000000,2025-12-14T15:31:19.490Z,2025-12-14T15:31:19.490Z
24,0x000a,2.03993,0x00000000,2025-12-14T15:31:19.490Z,2025-12-14T15:31:19.490Z
23,0x000a,-2.76512,0x00000000,2025-12-14T15:31:19.490Z,2025-12-14T15:31:19.490Z
22,0x000a,-1.98031,0x00000000,2025-12-14T15:31:19.490Z,2025-12-14T15:31:19.490Z
21,0x000a,-0.293918,0x00000000,2025-12-14T15:31:19.490Z,2025-12-14T15:31:19.490Z
8,0x0004,2598,0x00000000,2025-12-14T15:31:19.490Z,2025-12-14T15:31:19.490Z
7,0x0004,4285,0x00000000,2025-12-14T15:31:19.490Z,2025-12-14T15:31:19.490Z
6,0x0004,5640,0x00000000,2025-12-14T15:31:19.490Z,2025-12-14T15:31:19.490Z
39,0x000a,-0.896991,0x00000000,2025-12-14T15:31:19.590Z,2025-12-14T15:31:19.590Z
38,0x000a,-1.50101,0x00000000,2025-12-14T15:31:19.590Z,2025-12-14T15:31:19.590Z
37,0x000a,1.09954,0x00000000,2025-12-14T15:31:19.590Z,2025-12-14T15:31:19.590Z
36,0x000a,-2.43327,0x00000000,2025-12-14T15:31:19.590Z,2025-12-14T15:31:19.590Z
35,0x000a,-1.78949,0x00000000,2025-12-14T15:31:19.590Z,2025-12-14T15:31:19.590Z
34,0x000a,1.25278,0x00000000,2025-12-14T15:31:19.590Z,2025-12-14T15:31:19.590Z
26,0x000a,0.849971,0x00000000,2025-12-14T15:31:19.590Z,2025-12-14T15:31:19.590Z
25,0x000a,1.39974,0x00000000,2025-12-14T15:31:19.590Z,2025-12-14T15:31:19.590Z
24,0x000a,2.14988,0x00000000,2025-12-14T15:31:19.590Z,2025-12-14T15:31:19.590Z
23,0x000a,-2.43327,0x00000000,2025-12-14T15:31:19.590Z,2025-12-14T15:31:19.590Z
22,0x000a,-1.78949,0x00000000,2025-12-14T15:31:19.590Z,2025-12-14T15:31:19.590Z
21,0x000a,1.25278,0x00000000,2025-12-14T15:31:19.590Z,2025-12-14T15:31:19.590Z
8,0x0004,2350,0x00000000,2025-12-14T15:31:19.590Z,2025-12-14T15:31:19.590Z
7,0x0004,3870,0x00000000,2025-12-14T15:31:19.590Z,2025-12-14T15:31:19.590Z
6,0x0004,5944,0x00000000,2025-12-14T15:31:19.590Z,2025-12-14T15:31:19.590Z
39,0x000a,0,0x00000000,2025-12-14T15:31:19.689Z,2025-12-14T15:31:19.689Z
38,0x000a,-1.4974,0x00000000,2025-12-14T15:31:19.689Z,2025-12-14T15:31:19.689Z
38,0x000a,-1.90249,0x00000000,2025-12-14T15:31:19.791Z,2025-12-14T15:31:19.791Z
37,0x000a,0,0x00000000,2025-12-14T15:31:19.689Z,2025-12-14T15:31:19.689Z
36,0x000a,-1.66513,0x00000000,2025-12-14T15:31:19.689Z,2025-12-14T15:31:19.689Z
36,0x000a,-0.832565,0x00000000,2025-12-14T15:31:19.791Z,2025-12-14T15:31:19.791Z
35,0x000a,-1.64525,0x00000000,2025-12-14T15:31:19.689Z,2025-12-14T15:31:19.689Z
35,0x000a,-1.57132,0x00000000,2025-12-14T15:31:19.791Z,2025-12-14T15:31:19.791Z
34,0x000a,1.17616,0x00000000,2025-12-14T15:31:19.689Z,2025-12-14T15:31:19.689Z
34,0x000a,0.588079,0x00000000,2025-12-14T15:31:19.791Z,2025-12-14T15:31:19.791Z
25,0x000a,1.25,0x00000000,2025-12-14T15:31:19.689Z,2025-12-14T15:31:19.689Z
25,0x000a,1.05975,0x00000000,2025-12-14T15:31:19.791Z,2025-12-14T15:31:19.791Z
23,0x000a,-1.66513,0x00000000,2025-12-14T15:31:19.689Z,2025-12-14T15:31:19.689Z
23,0x000a,-0.832565,0x00000000,2025-12-14T15:31:19.791Z,2025-12-14T15:31:19.791Z
22,0x000a,-1.64525,0x00000000,2025-12-14T15:31:19.689Z,2025-12-14T15:31:19.689Z
22,0x000a,-1.57132,0x00000000,2025-12-14T15:31:19.791Z,2025-12-14T15:31:19.791Z
21,0x000a,1.17616,0x00000000,2025-12-14T15:31:19.689Z,2025-12-14T15:31:19.689Z
21,0x000a,0.588079,0x00000000,2025-12-14T15:31:19.791Z,2025-12-14T15:31:19.791Z
16,0x0001,false,0x00000000,2025-12-14T15:31:19.689Z,2025-12-14T15:31:19.689Z
7,0x0004,3456,0x00000000,2025-12-14T15:31:19.689Z,2025-12-14T15:31:19.689Z
7,0x0004,2930,0x00000000,2025-12-14T15:31:19.791Z,2025-12-14T15:31:19.791Z
42,0x0001,true,0x00000000,2025-12-14T15:31:19.888Z,2025-12-14T15:31:19.888Z
40,0x0001,true,0x00000000,2025-12-14T15:31:19.888Z,2025-12-14T15:31:19.888Z
36,0x000a,-0.416283,0x00000000,2025-12-14T15:31:19.888Z,2025-12-14T15:31:19.888Z
35,0x000a,-1.73691,0x00000000,2025-12-14T15:31:19.888Z,2025-12-14T15:31:19.888Z
34,0x000a,0.29404,0x00000000,2025-12-14T15:31:19.888Z,2025-12-14T15:31:19.888Z
25,0x000a,0.999711,0x00000000,2025-12-14T15:31:19.888Z,2025-12-14T15:31:19.888Z
23,0x000a,-0.416283,0x00000000,2025-12-14T15:31:19.888Z,2025-12-14T15:31:19.888Z
22,0x000a,-1.73691,0x00000000,2025-12-14T15:31:19.888Z,2025-12-14T15:31:19.888Z
21,0x000a,0.29404,0x00000000,2025-12-14T15:31:19.888Z,2025-12-14T15:31:19.888Z
7,0x0004,2764,0x00000000,2025-12-14T15:31:19.888Z,2025-12-14T15:31:19.888Z
38,0x000a,-0.600405,0x00000000,2025-12-14T15:31:19.988Z,2025-12-14T15:31:19.988Z
38,0x000a,0,0x00000000,2025-12-14T15:31:20.088Z,2025-12-14T15:31:20.088Z
36,0x000a,-0.208141,0x00000000,2025-12-14T15:31:20.088Z,2025-12-14T15:31:20.088Z
35,0x000a,-1.16866,0x00000000,2025-12-14T15:31:20.088Z,2025-12-14T15:31:20.088Z
34,0x000a,0.14702,0x00000000,2025-12-14T15:31:20.088Z,2025-12-14T15:31:20.088Z
23,0x000a,-0.208141,0x00000000,2025-12-14T15:31:20.088Z,2025-12-14T15:31:20.088Z
22,0x000a,-1.16866,0x00000000,2025-12-14T15:31:20.088Z,2025-12-14T15:31:20.088Z
21,0x000a,0.14702,0x00000000,2025-12-14T15:31:20.088Z,2025-12-14T15:31:20.088Z
42,0x0001,false,0x00000000,2025-12-14T15:31:20.189Z,2025-12-14T15:31:20.189Z
40,0x0001,false,0x00000000,2025-12-14T15:31:20.189Z,2025-12-14T15:31:20.189Z
36,0x000a,-0.104071,0x00000000,2025-12-14T15:31:20.189Z,2025-12-14T15:31:20.189Z
35,0x000a,-0.584328,0x00000000,2025-12-14T15:31:20.189Z,2025-12-14T15:31:20.189Z
34,0x000a,0.0735099,0x00000000,2025-12-14T15:31:20.189Z,2025-12-14T15:31:20.189Z
23,0x000a,-0.104071,0x00000000,2025-12-14T15:31:20.189Z,2025-12-14T15:31:20.189Z
22,0x000a,-0.584328,0x00000000,2025-12-14T15:31:20.189Z,2025-12-14T15:31:20.189Z
21,0x000a,0.0735099,0x00000000,2025-12-14T15:31:20.189Z,2025-12-14T15:31:20.189Z
17,0x0001,true,0x00000000,2025-12-14T15:31:20.189Z,2025-12-14T15:31:20.189Z
15,0x0001,true,0x00000000,2025-12-14T15:31:20.189Z,2025-12-14T15:31:20.189Z
13,0x0001,true,0x00000000,2025-12-14T15:31:20.189Z,2025-12-14T15:31:20.189Z
4,0x000a,6.5,0x00000000,2025-12-14T15:31:20.189Z,2025-12-14T15:31:20.189Z
3,0x000a,8.2,0x00000000,2025-12-14T15:31:20.189Z,2025-12-14T15:31:20.189Z
2,0x000a,7.5,0x00000000,2025-12-14T15:31:20.189Z,2025-12-14T15:31:20.189Z
36,0x000a,-0.0520353,0x00000000,2025-12-14T15:31:20.289Z,2025-12-14T15:31:20.289Z
35,0x000a,-0.292164,0x00000000,2025-12-14T15:31:20.289Z,2025-12-14T15:31:20.289Z
34,0x000a,0.036755,0x00000000,2025-12-14T15:31:20.289Z,2025-12-14T15:31:20.289Z
23,0x000a,-0.0520353,0x00000000,2025-12-14T15:31:20.289Z,2025-12-14T15:31:20.289Z
22,0x000a,-0.292164,0x00000000,2025-12-14T15:31:20.289Z,2025-12-14T15:31:20.289Z
21,0x000a,0.036755,0x00000000,2025-12-14T15:31:20.289Z,2025-12-14T15:31:20.289Z
39,0x000a,0.799335,0x00000000,2025-12-14T15:31:20.389Z,2025-12-14T15:31:20.389Z
38,0x000a,0.900608,0x00000000,2025-12-14T15:31:20.389Z,2025-12-14T15:31:20.389Z
37,0x000a,1.59867,0x00000000,2025-12-14T15:31:20.389Z,2025-12-14T15:31:20.389Z
36,0x000a,-0.0260177,0x00000000,2025-12-14T15:31:20.389Z,2025-12-14T15:31:20.389Z
35,0x000a,-0.146082,0x00000000,2025-12-14T15:31:20.389Z,2025-12-14T15:31:20.389Z
34,0x000a,0.0183775,0x00000000,2025-12-14T15:31:20.389Z,2025-12-14T15:31:20.389Z
26,0x000a,0.929905,0x00000000,2025-12-14T15:31:20.389Z,2025-12-14T15:31:20.389Z
25,0x000a,1.08977,0x00000000,2025-12-14T15:31:20.389Z,2025-12-14T15:31:20.389Z
24,0x000a,2.30975,0x00000000,2025-12-14T15:31:20.389Z,2025-12-14T15:31:20.389Z
23,0x000a,-0.0260177,0x00000000,2025-12-14T15:31:20.389Z,2025-12-14T15:31:20.389Z
22,0x000a,-0.146082,0x00000000,2025-12-14T15:31:20.389Z,2025-12-14T15:31:20.389Z
21,0x000a,0.0183775,0x00000000,2025-12-14T15:31:20.389Z,2025-12-14T15:31:20.389Z
8,0x0004,2571,0x00000000,2025-12-14T15:31:20.389Z,2025-12-14T15:31:20.389Z
7,0x0004,3013,0x00000000,2025-12-14T15:31:20.389Z,2025-12-14T15:31:20.389Z
6,0x0004,6386,0x00000000,2025-12-14T15:31:20.389Z,2025-12-14T15:31:20.389Z
39,0x000a,2.0978,0x00000000,2025-12-14T15:31:20.490Z,2025-12-14T15:31:20.490Z
38,0x000a,1.60229,0x00000000,2025-12-14T15:31:20.490Z,2025-12-14T15:31:20.490Z
37,0x000a,2.79948,0x00000000,2025-12-14T15:31:20.490Z,2025-12-14T15:31:20.490Z
36,0x000a,0.386658,0x00000000,2025-12-14T15:31:20.490Z,2025-12-14T15:31:20.490Z
35,0x000a,0.377263,0x00000000,2025-12-14T15:31:20.490Z,2025-12-14T15:31:20.490Z
34,0x000a,0.808523,0x00000000,2025-12-14T15:31:20.490Z,2025-12-14T15:31:20.490Z
26,0x000a,1.13968,0x00000000,2025-12-14T15:31:20.490Z,2025-12-14T15:31:20.490Z
25,0x000a,1.25,0x00000000,2025-12-14T15:31:20.490Z,2025-12-14T15:31:20.490Z
24,0x000a,2.5897,0x00000000,2025-12-14T15:31:20.490Z,2025-12-14T15:31:20.490Z
23,0x000a,0.386658,0x00000000,2025-12-14T15:31:20.490Z,2025-12-14T15:31:20.490Z
22,0x000a,0.377263,0x00000000,2025-12-14T15:31:20.490Z,2025-12-14T15:31:20.490Z
21,0x000a,0.808523,0x00000000,2025-12-14T15:31:20.490Z,2025-12-14T15:31:20.490Z
8,0x0004,3151,0x00000000,2025-12-14T15:31:20.490Z,2025-12-14T15:31:20.490Z
7,0x0004,3456,0x00000000,2025-12-14T15:31:20.490Z,2025-12-14T15:31:20.490Z
6,0x0004,7160,0x00000000,2025-12-14T15:31:20.490Z,2025-12-14T15:31:20.490Z
39,0x000a,2.10142,0x00000000,2025-12-14T15:31:20.590Z,2025-12-14T15:31:20.590Z
38,0x000a,1.4974,0x00000000,2025-12-14T15:31:20.590Z,2025-12-14T15:31:20.590Z
36,0x000a,1.24223,0x00000000,2025-12-14T15:31:20.590Z,2025-12-14T15:31:20.590Z
35,0x000a,0.989774,0x00000000,2025-12-14T15:31:20.590Z,2025-12-14T15:31:20.590Z
34,0x000a,1.804,0x00000000,2025-12-14T15:31:20.590Z,2025-12-14T15:31:20.590Z
26,0x000a,1.34983,0x00000000,2025-12-14T15:31:20.590Z,2025-12-14T15:31:20.590Z
25,0x000a,1.39974,0x00000000,2025-12-14T15:31:20.590Z,2025-12-14T15:31:20.590Z
24,0x000a,2.86965,0x00000000,2025-12-14T15:31:20.590Z,2025-12-14T15:31:20.590Z
23,0x000a,1.24223,0x00000000,2025-12-14T15:31:20.590Z,2025-12-14T15:31:20.590Z
22,0x000a,0.989774,0x00000000,2025-12-14T15:31:20.590Z,2025-12-14T15:31:20.590Z
21,0x000a,1.804,0x00000000,2025-12-14T15:31:20.590Z,2025-12-14T15:31:20.590Z
8,0x0004,3732,0x00000000,2025-12-14T15:31:20.590Z,2025-12-14T15:31:20.590Z
7,0x0004,3870,0x00000000,2025-12-14T15:31:20.590Z,2025-12-14T15:31:20.590Z
6,0x0004,7934,0x00000000,2025-12-14T15:31:20.590Z,2025-12-14T15:31:20.590Z
38,0x000a,1.50101,0x00000000,2025-12-14T15:31:20.690Z,2025-12-14T15:31:20.690Z
37,0x000a,2.70182,0x00000000,2025-12-14T15:31:20.690Z,2025-12-14T15:31:20.690Z
36,0x000a,1.67182,0x00000000,2025-12-14T15:31:20.690Z,2025-12-14T15:31:20.690Z
35,0x000a,1.24358,0x00000000,2025-12-14T15:31:20.690Z,2025-12-14T15:31:20.690Z
34,0x000a,2.30174,0x00000000,2025-12-14T15:31:20.690Z,2025-12-14T15:31:20.690Z
26,0x000a,1.55997,0x00000000,2025-12-14T15:31:20.690Z,2025-12-14T15:31:20.690Z
25,0x000a,1.54984,0x00000000,2025-12-14T15:31:20.690Z,2025-12-14T15:31:20.690Z
24,0x000a,3.13983,0x00000000,2025-12-14T15:31:20.690Z,2025-12-14T15:31:20.690Z
23,0x000a,1.67182,0x00000000,2025-12-14T15:31:20.690Z,2025-12-14T15:31:20.690Z
22,0x000a,1.24358,0x00000000,2025-12-14T15:31:20.690Z,2025-12-14T15:31:20.690Z
21,0x000a,2.30174,0x00000000,2025-12-14T15:31:20.690Z,2025-12-14T15:31:20.690Z
8,0x0004,4313,0x00000000,2025-12-14T15:31:20.690Z,2025-12-14T15:31:20.690Z
7,0x0004,4285,0x00000000,2025-12-14T15:31:20.690Z,2025-12-14T15:31:20.690Z
6,0x0004,8681,0x00000000,2025-12-14T15:31:20.690Z,2025-12-14T15:31:20.690Z
26,0x000a,1.77988,0x00000000,2025-12-14T15:31:20.790Z,2025-12-14T15:31:20.790Z
25,0x000a,1.70971,0x00000000,2025-12-14T15:31:20.790Z,2025-12-14T15:31:20.790Z
24,0x000a,3.41978,0x00000000,2025-12-14T15:31:20.790Z,2025-12-14T15:31:20.790Z
23,0x000a,1.88662,0x00000000,2025-12-14T15:31:20.790Z,2025-12-14T15:31:20.790Z
22,0x000a,1.3723,0x00000000,2025-12-14T15:31:20.790Z,2025-12-14T15:31:20.790Z
21,0x000a,2.50178,0x00000000,2025-12-14T15:31:20.790Z,2025-12-14T15:31:20.790Z
8,0x0004,4921,0x00000000,2025-12-14T15:31:20.790Z,2025-12-14T15:31:20.790Z
7,0x0004,4727,0x00000000,2025-12-14T15:31:20.790Z,2025-12-14T15:31:20.790Z
6,0x0004,9455,0x00000000,2025-12-14T15:31:20.790Z,2025-12-14T15:31:20.790Z
39,0x000a,2.19907,0x00000000,2025-12-14T15:31:20.888Z,2025-12-14T15:31:20.888Z
38,0x000a,1.59867,0x00000000,2025-12-14T15:31:20.888Z,2025-12-14T15:31:20.888Z
37,0x000a,2.79948,0x00000000,2025-12-14T15:31:20.888Z,2025-12-14T15:31:20.888Z
36,0x000a,1.88662,0x00000000,2025-12-14T15:31:20.888Z,2025-12-14T15:31:20.888Z
35,0x000a,1.3723,0x00000000,2025-12-14T15:31:20.888Z,2025-12-14T15:31:20.888Z
34,0x000a,2.50178,0x00000000,2025-12-14T15:31:20.888Z,2025-12-14T15:31:20.888Z
26,0x000a,1.98966,0x00000000,2025-12-14T15:31:20.888Z,2025-12-14T15:31:20.888Z
25,0x000a,1.85981,0x00000000,2025-12-14T15:31:20.888Z,2025-12-14T15:31:20.888Z
24,0x000a,3.68996,0x00000000,2025-12-14T15:31:20.888Z,2025-12-14T15:31:20.888Z
8,0x0004,5501,0x00000000,2025-12-14T15:31:20.888Z,2025-12-14T15:31:20.888Z
7,0x0004,5142,0x00000000,2025-12-14T15:31:20.888Z,2025-12-14T15:31:20.888Z
6,0x0004,10202,0x00000000,2025-12-14T15:31:20.888Z,2025-12-14T15:31:20.888Z
39,0x000a,2.0978,0x00000000,2025-12-14T15:31:20.988Z,2025-12-14T15:31:20.988Z
38,0x000a,1.50101,0x00000000,2025-12-14T15:31:20.988Z,2025-12-14T15:31:20.988Z
37,0x000a,2.70182,0x00000000,2025-12-14T15:31:20.988Z,2025-12-14T15:31:20.988Z
36,0x000a,2.04285,0x00000000,2025-12-14T15:31:20.988Z,2025-12-14T15:31:20.988Z
35,0x000a,1.48548,0x00000000,2025-12-14T15:31:20.988Z,2025-12-14T15:31:20.988Z
34,0x000a,2.65063,0x00000000,2025-12-14T15:31:20.988Z,2025-12-14T15:31:20.988Z
26,0x000a,2.1998,0x00000000,2025-12-14T15:31:20.988Z,2025-12-14T15:31:20.988Z
25,0x000a,2.00991,0x00000000,2025-12-14T15:31:20.988Z,2025-12-14T15:31:20.988Z
24,0x000a,3.96991,0x00000000,2025-12-14T15:31:20.988Z,2025-12-14T15:31:20.988Z
23,0x000a,2.04285,0x00000000,2025-12-14T15:31:20.988Z,2025-12-14T15:31:20.988Z
22,0x000a,1.48548,0x00000000,2025-12-14T15:31:20.988Z,2025-12-14T15:31:20.988Z
21,0x000a,2.65063,0x00000000,2025-12-14T15:31:20.988Z,2025-12-14T15:31:20.988Z
8,0x0004,6082,0x00000000,2025-12-14T15:31:20.988Z,2025-12-14T15:31:20.988Z
7,0x0004,5557,0x00000000,2025-12-14T15:31:20.988Z,2025-12-14T15:31:20.988Z
6,0x0004,10976,0x00000000,2025-12-14T15:31:20.988Z,2025-12-14T15:31:20.988Z
39,0x000a,2.10142,0x00000000,2025-12-14T15:31:21.089Z,2025-12-14T15:31:21.089Z
37,0x000a,2.79948,0x00000000,2025-12-14T15:31:21.089Z,2025-12-14T15:31:21.089Z
36,0x000a,2.07032,0x00000000,2025-12-14T15:31:21.089Z,2025-12-14T15:31:21.089Z
35,0x000a,1.49325,0x00000000,2025-12-14T15:31:21.089Z,2025-12-14T15:31:21.089Z
34,0x000a,2.67623,0x00000000,2025-12-14T15:31:21.089Z,2025-12-14T15:31:21.089Z
26,0x000a,2.45985,0x00000000,2025-12-14T15:31:21.089Z,2025-12-14T15:31:21.089Z
25,0x000a,2.1998,0x00000000,2025-12-14T15:31:21.089Z,2025-12-14T15:31:21.089Z
24,0x000a,4.29977,0x00000000,2025-12-14T15:31:21.089Z,2025-12-14T15:31:21.089Z
23,0x000a,2.07032,0x00000000,2025-12-14T15:31:21.089Z,2025-12-14T15:31:21.089Z
22,0x000a,1.49325,0x00000000,2025-12-14T15:31:21.089Z,2025-12-14T15:31:21.089Z
21,0x000a,2.67623,0x00000000,2025-12-14T15:31:21.089Z,2025-12-14T15:31:21.089Z
8,0x0004,6801,0x00000000,2025-12-14T15:31:21.089Z,2025-12-14T15:31:21.089Z
7,0x0004,6082,0x00000000,2025-12-14T15:31:21.089Z,2025-12-14T15:31:21.089Z
6,0x0004,11888,0x00000000,2025-12-14T15:31:21.089Z,2025-12-14T15:31:21.089Z
39,0x000a,2.60055,0x00000000,2025-12-14T15:31:21.188Z,2025-12-14T15:31:21.188Z
38,0x000a,1.89887,0x00000000,2025-12-14T15:31:21.188Z,2025-12-14T15:31:21.188Z
37,0x000a,3.29861,0x00000000,2025-12-14T15:31:21.188Z,2025-12-14T15:31:21.188Z
36,0x000a,2.08587,0x00000000,2025-12-14T15:31:21.188Z,2025-12-14T15:31:21.188Z
35,0x000a,1.49713,0x00000000,2025-12-14T15:31:21.188Z,2025-12-14T15:31:21.188Z
34,0x000a,2.73785,0x00000000,2025-12-14T15:31:21.188Z,2025-12-14T15:31:21.188Z
26,0x000a,2.66999,0x00000000,2025-12-14T15:31:21.188Z,2025-12-14T15:31:21.188Z
25,0x000a,2.3499,0x00000000,2025-12-14T15:31:21.188Z,2025-12-14T15:31:21.188Z
24,0x000a,4.57972,0x00000000,2025-12-14T15:31:21.188Z,2025-12-14T15:31:21.188Z
23,0x000a,2.08587,0x00000000,2025-12-14T15:31:21.188Z,2025-12-14T15:31:21.188Z
22,0x000a,1.49713,0x00000000,2025-12-14T15:31:21.188Z,2025-12-14T15:31:21.188Z
21,0x000a,2.73785,0x00000000,2025-12-14T15:31:21.188Z,2025-12-14T15:31:21.188Z
8,0x0004,7382,0x00000000,2025-12-14T15:31:21.188Z,2025-12-14T15:31:21.188Z
7,0x0004,6497,0x00000000,2025-12-14T15:31:21.188Z,2025-12-14T15:31:21.188Z
6,0x0004,12662,0x00000000,2025-12-14T15:31:21.188Z,2025-12-14T15:31:21.188Z
39,0x000a,2.10142,0x00000000,2025-12-14T15:31:21.289Z,2025-12-14T15:31:21.289Z
38,0x000a,1.50101,0x00000000,2025-12-14T15:31:21.289Z,2025-12-14T15:31:21.289Z
37,0x000a,2.79948,0x00000000,2025-12-14T15:31:21.289Z,2025-12-14T15:31:21.289Z
36,0x000a,2.34321,0x00000000,2025-12-14T15:31:21.289Z,2025-12-14T15:31:21.289Z
35,0x000a,1.698,0x00000000,2025-12-14T15:31:21.289Z,2025-12-14T15:31:21.289Z
34,0x000a,3.01823,0x00000000,2025-12-14T15:31:21.289Z,2025-12-14T15:31:21.289Z
26,0x000a,2.8899,0x00000000,2025-12-14T15:31:21.289Z,2025-12-14T15:31:21.289Z
25,0x000a,2.5,0x00000000,2025-12-14T15:31:21.289Z,2025-12-14T15:31:21.289Z
24,0x000a,4.8499,0x00000000,2025-12-14T15:31:21.289Z,2025-12-14T15:31:21.289Z
23,0x000a,2.34321,0x00000000,2025-12-14T15:31:21.289Z,2025-12-14T15:31:21.289Z
22,0x000a,1.698,0x00000000,2025-12-14T15:31:21.289Z,2025-12-14T15:31:21.289Z
21,0x000a,3.01823,0x00000000,2025-12-14T15:31:21.289Z,2025-12-14T15:31:21.289Z
8,0x0004,7990,0x00000000,2025-12-14T15:31:21.289Z,2025-12-14T15:31:21.289Z
7,0x0004,6912,0x00000000,2025-12-14T15:31:21.289Z,2025-12-14T15:31:21.289Z
6,0x0004,13409,0x00000000,2025-12-14T15:31:21.289Z,2025-12-14T15:31:21.289Z
39,0x000a,2.19908,0x00000000,2025-12-14T15:31:21.390Z,2025-12-14T15:31:21.390Z
38,0x000a,1.50101,0x00000000,2025-12-14T15:31:21.390Z,2025-12-14T15:31:21.390Z
37,0x000a,2.70183,0x00000000,2025-12-14T15:31:21.390Z,2025-12-14T15:31:21.390Z
36,0x000a,2.22231,0x00000000,2025-12-14T15:31:21.390Z,2025-12-14T15:31:21.390Z
35,0x000a,1.59951,0x00000000,2025-12-14T15:31:21.390Z,2025-12-14T15:31:21.390Z
34,0x000a,2.90885,0x00000000,2025-12-14T15:31:21.390Z,2025-12-14T15:31:21.390Z
26,0x000a,3.09968,0x00000000,2025-12-14T15:31:21.390Z,2025-12-14T15:31:21.390Z
25,0x000a,2.65987,0x00000000,2025-12-14T15:31:21.390Z,2025-12-14T15:31:21.390Z
24,0x000a,5.12985,0x00000000,2025-12-14T15:31:21.390Z,2025-12-14T15:31:21.390Z
23,0x000a,2.22231,0x00000000,2025-12-14T15:31:21.390Z,2025-12-14T15:31:21.390Z
22,0x000a,1.59951,0x00000000,2025-12-14T15:31:21.390Z,2025-12-14T15:31:21.390Z
21,0x000a,2.90885,0x00000000,2025-12-14T15:31:21.390Z,2025-12-14T15:31:21.390Z
8,0x0004,8570,0x00000000,2025-12-14T15:31:21.390Z,2025-12-14T15:31:21.390Z
7,0x0004,7354,0x00000000,2025-12-14T15:31:21.390Z,2025-12-14T15:31:21.390Z
6,0x0004,14183,0x00000000,2025-12-14T15:31:21.390Z,2025-12-14T15:31:21.390Z
39,0x000a,4.19922,0x00000000,2025-12-14T15:31:21.490Z,2025-12-14T15:31:21.490Z
38,0x000a,3.09968,0x00000000,2025-12-14T15:31:21.490Z,2025-12-14T15:31:21.490Z
37,0x000a,5.49768,0x00000000,2025-12-14T15:31:21.490Z,2025-12-14T15:31:21.490Z
36,0x000a,2.21069,0x00000000,2025-12-14T15:31:21.490Z,2025-12-14T15:31:21.490Z
35,0x000a,1.55026,0x00000000,2025-12-14T15:31:21.490Z,2025-12-14T15:31:21.490Z
34,0x000a,2.80534,0x00000000,2025-12-14T15:31:21.490Z,2025-12-14T15:31:21.490Z
26,0x000a,3.30982,0x00000000,2025-12-14T15:31:21.490Z,2025-12-14T15:31:21.490Z
25,0x000a,2.80997,0x00000000,2025-12-14T15:31:21.490Z,2025-12-14T15:31:21.490Z
24,0x000a,5.39967,0x00000000,2025-12-14T15:31:21.490Z,2025-12-14T15:31:21.490Z
23,0x000a,2.21069,0x00000000,2025-12-14T15:31:21.490Z,2025-12-14T15:31:21.490Z
22,0x000a,1.55026,0x00000000,2025-12-14T15:31:21.490Z,2025-12-14T15:31:21.490Z
21,0x000a,2.80534,0x00000000,2025-12-14T15:31:21.490Z,2025-12-14T15:31:21.490Z
8,0x0004,9151,0x00000000,2025-12-14T15:31:21.490Z,2025-12-14T15:31:21.490Z
7,0x0004,7769,0x00000000,2025-12-14T15:31:21.490Z,2025-12-14T15:31:21.490Z
6,0x0004,14929,0x00000000,2025-12-14T15:31:21.490Z,2025-12-14T15:31:21.490Z
36,0x000a,3.20496,0x00000000,2025-12-14T15:31:21.587Z,2025-12-14T15:31:21.587Z
35,0x000a,2.32497,0x00000000,2025-12-14T15:31:21.587Z,2025-12-14T15:31:21.587Z
34,0x000a,4.15151,0x00000000,2025-12-14T15:31:21.587Z,2025-12-14T15:31:21.587Z
26,0x000a,3.52973,0x00000000,2025-12-14T15:31:21.587Z,2025-12-14T15:31:21.587Z
25,0x000a,2.95971,0x00000000,2025-12-14T15:31:21.587Z,2025-12-14T15:31:21.587Z
24,0x000a,5.67998,0x00000000,2025-12-14T15:31:21.587Z,2025-12-14T15:31:21.587Z
23,0x000a,3.20496,0x00000000,2025-12-14T15:31:21.587Z,2025-12-14T15:31:21.587Z
22,0x000a,2.32497,0x00000000,2025-12-14T15:31:21.587Z,2025-12-14T15:31:21.587Z
21,0x000a,4.15151,0x00000000,2025-12-14T15:31:21.587Z,2025-12-14T15:31:21.587Z
8,0x0004,9759,0x00000000,2025-12-14T15:31:21.587Z,2025-12-14T15:31:21.587Z
7,0x0004,8183,0x00000000,2025-12-14T15:31:21.587Z,2025-12-14T15:31:21.587Z
6,0x0004,15704,0x00000000,2025-12-14T15:31:21.587Z,2025-12-14T15:31:21.587Z
39,0x000a,2.19907,0x00000000,2025-12-14T15:31:21.690Z,2025-12-14T15:31:21.690Z
39,0x000a,2.49928,0x00000000,2025-12-14T15:31:21.788Z,2025-12-14T15:31:21.788Z
38,0x000a,1.4974,0x00000000,2025-12-14T15:31:21.690Z,2025-12-14T15:31:21.690Z
38,0x000a,1.90249,0x00000000,2025-12-14T15:31:21.788Z,2025-12-14T15:31:21.788Z
37,0x000a,2.8031,0x00000000,2025-12-14T15:31:21.690Z,2025-12-14T15:31:21.690Z
37,0x000a,3.29861,0x00000000,2025-12-14T15:31:21.788Z,2025-12-14T15:31:21.788Z
36,0x000a,2.70201,0x00000000,2025-12-14T15:31:21.788Z,2025-12-14T15:31:21.788Z
35,0x000a,1.91118,0x00000000,2025-12-14T15:31:21.788Z,2025-12-14T15:31:21.788Z
34,0x000a,3.4773,0x00000000,2025-12-14T15:31:21.788Z,2025-12-14T15:31:21.788Z
26,0x000a,3.77966,0x00000000,2025-12-14T15:31:21.690Z,2025-12-14T15:31:21.690Z
25,0x000a,3.14996,0x00000000,2025-12-14T15:31:21.690Z,2025-12-14T15:31:21.690Z
24,0x000a,6.00984,0x00000000,2025-12-14T15:31:21.690Z,2025-12-14T15:31:21.690Z
23,0x000a,2.70201,0x00000000,2025-12-14T15:31:21.788Z,2025-12-14T15:31:21.788Z
22,0x000a,1.91118,0x00000000,2025-12-14T15:31:21.788Z,2025-12-14T15:31:21.788Z
21,0x000a,3.4773,0x00000000,2025-12-14T15:31:21.788Z,2025-12-14T15:31:21.788Z
8,0x0004,10450,0x00000000,2025-12-14T15:31:21.690Z,2025-12-14T15:31:21.690Z
8,0x0004,11031,0x00000000,2025-12-14T15:31:21.788Z,2025-12-14T15:31:21.788Z
7,0x0004,8709,0x00000000,2025-12-14T15:31:21.690Z,2025-12-14T15:31:21.690Z
7,0x0004,9123,0x00000000,2025-12-14T15:31:21.788Z,2025-12-14T15:31:21.788Z
6,0x0004,16616,0x00000000,2025-12-14T15:31:21.690Z,2025-12-14T15:31:21.690Z
6,0x0004,17390,0x00000000,2025-12-14T15:31:21.788Z,2025-12-14T15:31:21.788Z
39,0x000a,2.10142,0x00000000,2025-12-14T15:31:21.889Z,2025-12-14T15:31:21.889Z
38,0x000a,1.4974,0x00000000,2025-12-14T15:31:21.889Z,2025-12-14T15:31:21.889Z
37,0x000a,2.79948,0x00000000,2025-12-14T15:31:21.889Z,2025-12-14T15:31:21.889Z
36,0x000a,2.60065,0x00000000,2025-12-14T15:31:21.889Z,2025-12-14T15:31:21.889Z
35,0x000a,1.90684,0x00000000,2025-12-14T15:31:21.889Z,2025-12-14T15:31:21.889Z
34,0x000a,3.38796,0x00000000,2025-12-14T15:31:21.889Z,2025-12-14T15:31:21.889Z
26,0x000a,3.9898,0x00000000,2025-12-14T15:31:21.889Z,2025-12-14T15:31:21.889Z
25,0x000a,3.2997,0x00000000,2025-12-14T15:31:21.889Z,2025-12-14T15:31:21.889Z
24,0x000a,6.28979,0x00000000,2025-12-14T15:31:21.889Z,2025-12-14T15:31:21.889Z
23,0x000a,2.60065,0x00000000,2025-12-14T15:31:21.889Z,2025-12-14T15:31:21.889Z
22,0x000a,1.90684,0x00000000,2025-12-14T15:31:21.889Z,2025-12-14T15:31:21.889Z
21,0x000a,3.38796,0x00000000,2025-12-14T15:31:21.889Z,2025-12-14T15:31:21.889Z
39,0x000a,2.19908,0x00000000,2025-12-14T15:31:21.989Z,2025-12-14T15:31:21.989Z
38,0x000a,1.50101,0x00000000,2025-12-14T15:31:21.989Z,2025-12-14T15:31:21.989Z
37,0x000a,2.70182,0x00000000,2025-12-14T15:31:21.989Z,2025-12-14T15:31:21.989Z
36,0x000a,2.35103,0x00000000,2025-12-14T15:31:21.989Z,2025-12-14T15:31:21.989Z
35,0x000a,1.70212,0x00000000,2025-12-14T15:31:21.989Z,2025-12-14T15:31:21.989Z
34,0x000a,3.09372,0x00000000,2025-12-14T15:31:21.989Z,2025-12-14T15:31:21.989Z
26,0x000a,4.20971,0x00000000,2025-12-14T15:31:21.989Z,2025-12-14T15:31:21.989Z
25,0x000a,3.4498,0x00000000,2025-12-14T15:31:21.989Z,2025-12-14T15:31:21.989Z
24,0x000a,6.55997,0x00000000,2025-12-14T15:31:21.989Z,2025-12-14T15:31:21.989Z
23,0x000a,2.35103,0x00000000,2025-12-14T15:31:21.989Z,2025-12-14T15:31:21.989Z
22,0x000a,1.70212,0x00000000,2025-12-14T15:31:21.989Z,2025-12-14T15:31:21.989Z
21,0x000a,3.09372,0x00000000,2025-12-14T15:31:21.989Z,2025-12-14T15:31:21.989Z
8,0x0004,11639,0x00000000,2025-12-14T15:31:21.989Z,2025-12-14T15:31:21.989Z
7,0x0004,9538,0x00000000,2025-12-14T15:31:21.989Z,2025-12-14T15:31:21.989Z
6,0x0004,18137,0x00000000,2025-12-14T15:31:21.989Z,2025-12-14T15:31:21.989Z
39,0x000a,2.10142,0x00000000,2025-12-14T15:31:22.090Z,2025-12-14T15:31:22.090Z
38,0x000a,1.59867,0x00000000,2025-12-14T15:31:22.090Z,2025-12-14T15:31:22.090Z
37,0x000a,2.79948,0x00000000,2025-12-14T15:31:22.090Z,2025-12-14T15:31:22.090Z
36,0x000a,2.27505,0x00000000,2025-12-14T15:31:22.090Z,2025-12-14T15:31:22.090Z
35,0x000a,1.60156,0x00000000,2025-12-14T15:31:22.090Z,2025-12-14T15:31:22.090Z
34,0x000a,2.89777,0x00000000,2025-12-14T15:31:22.090Z,2025-12-14T15:31:22.090Z
26,0x000a,4.41985,0x00000000,2025-12-14T15:31:22.090Z,2025-12-14T15:31:22.090Z
25,0x000a,3.60966,0x00000000,2025-12-14T15:31:22.090Z,2025-12-14T15:31:22.090Z
24,0x000a,6.83992,0x00000000,2025-12-14T15:31:22.090Z,2025-12-14T15:31:22.090Z
23,0x000a,2.27505,0x00000000,2025-12-14T15:31:22.090Z,2025-12-14T15:31:22.090Z
22,0x000a,1.60156,0x00000000,2025-12-14T15:31:22.090Z,2025-12-14T15:31:22.090Z
21,0x000a,2.89777,0x00000000,2025-12-14T15:31:22.090Z,2025-12-14T15:31:22.090Z
8,0x0004,12220,0x00000000,2025-12-14T15:31:22.090Z,2025-12-14T15:31:22.090Z
7,0x0004,9980,0x00000000,2025-12-14T15:31:22.090Z,2025-12-14T15:31:22.090Z
6,0x0004,18911,0x00000000,2025-12-14T15:31:22.090Z,2025-12-14T15:31:22.090Z
38,0x000a,1.50101,0x00000000,2025-12-14T15:31:22.189Z,2025-12-14T15:31:22.189Z
37,0x000a,2.69821,0x00000000,2025-12-14T15:31:22.189Z,2025-12-14T15:31:22.189Z
36,0x000a,2.18823,0x00000000,2025-12-14T15:31:22.189Z,2025-12-14T15:31:22.189Z
35,0x000a,1.60012,0x00000000,2025-12-14T15:31:22.189Z,2025-12-14T15:31:22.189Z
34,0x000a,2.84862,0x00000000,2025-12-14T15:31:22.189Z,2025-12-14T15:31:22.189Z
26,0x000a,4.62999,0x00000000,2025-12-14T15:31:22.189Z,2025-12-14T15:31:22.189Z
25,0x000a,3.75977,0x00000000,2025-12-14T15:31:22.189Z,2025-12-14T15:31:22.189Z
24,0x000a,7.10974,0x00000000,2025-12-14T15:31:22.189Z,2025-12-14T15:31:22.189Z
23,0x000a,2.18823,0x00000000,2025-12-14T15:31:22.189Z,2025-12-14T15:31:22.189Z
22,0x000a,1.60012,0x00000000,2025-12-14T15:31:22.189Z,2025-12-14T15:31:22.189Z
21,0x000a,2.84862,0x00000000,2025-12-14T15:31:22.189Z,2025-12-14T15:31:22.189Z
8,0x0004,12801,0x00000000,2025-12-14T15:31:22.189Z,2025-12-14T15:31:22.189Z
7,0x0004,10395,0x00000000,2025-12-14T15:31:22.189Z,2025-12-14T15:31:22.189Z
6,0x0004,19657,0x00000000,2025-12-14T15:31:22.189Z,2025-12-14T15:31:22.189Z
39,0x000a,2.19908,0x00000000,2025-12-14T15:31:22.288Z,2025-12-14T15:31:22.288Z
38,0x000a,1.50101,0x00000000,2025-12-14T15:31:22.288Z,2025-12-14T15:31:22.288Z
37,0x000a,2.79948,0x00000000,2025-12-14T15:31:22.288Z,2025-12-14T15:31:22.288Z
36,0x000a,2.14483,0x00000000,2025-12-14T15:31:22.288Z,2025-12-14T15:31:22.288Z
35,0x000a,1.55057,0x00000000,2025-12-14T15:31:22.288Z,2025-12-14T15:31:22.288Z
34,0x000a,2.77342,0x00000000,2025-12-14T15:31:22.288Z,2025-12-14T15:31:22.288Z
26,0x000a,4.8499,0x00000000,2025-12-14T15:31:22.288Z,2025-12-14T15:31:22.288Z
25,0x000a,3.90987,0x00000000,2025-12-14T15:31:22.288Z,2025-12-14T15:31:22.288Z
24,0x000a,7.38968,0x00000000,2025-12-14T15:31:22.288Z,2025-12-14T15:31:22.288Z
23,0x000a,2.14483,0x00000000,2025-12-14T15:31:22.288Z,2025-12-14T15:31:22.288Z
22,0x000a,1.55057,0x00000000,2025-12-14T15:31:22.288Z,2025-12-14T15:31:22.288Z
21,0x000a,2.77342,0x00000000,2025-12-14T15:31:22.288Z,2025-12-14T15:31:22.288Z
13,0x0001,false,0x00000000,2025-12-14T15:31:22.288Z,2025-12-14T15:31:22.288Z
8,0x0004,13409,0x00000000,2025-12-14T15:31:22.288Z,2025-12-14T15:31:22.288Z
7,0x0004,10810,0x00000000,2025-12-14T15:31:22.288Z,2025-12-14T15:31:22.288Z
6,0x0004,20431,0x00000000,2025-12-14T15:31:22.288Z,2025-12-14T15:31:22.288Z
39,0x000a,2.0978,0x00000000,2025-12-14T15:31:22.390Z,2025-12-14T15:31:22.390Z
38,0x000a,1.59867,0x00000000,2025-12-14T15:31:22.390Z,2025-12-14T15:31:22.390Z
37,0x000a,2.80309,0x00000000,2025-12-14T15:31:22.390Z,2025-12-14T15:31:22.390Z
36,0x000a,2.17195,0x00000000,2025-12-14T15:31:22.390Z,2025-12-14T15:31:22.390Z
35,0x000a,1.52579,0x00000000,2025-12-14T15:31:22.390Z,2025-12-14T15:31:22.390Z
34,0x000a,2.78645,0x00000000,2025-12-14T15:31:22.390Z,2025-12-14T15:31:22.390Z
26,0x000a,5.05968,0x00000000,2025-12-14T15:31:22.390Z,2025-12-14T15:31:22.390Z
25,0x000a,4.06973,0x00000000,2025-12-14T15:31:22.390Z,2025-12-14T15:31:22.390Z
24,0x000a,7.66999,0x00000000,2025-12-14T15:31:22.390Z,2025-12-14T15:31:22.390Z
23,0x000a,2.17195,0x00000000,2025-12-14T15:31:22.390Z,2025-12-14T15:31:22.390Z
22,0x000a,1.52579,0x00000000,2025-12-14T15:31:22.390Z,2025-12-14T15:31:22.390Z
21,0x000a,2.78645,0x00000000,2025-12-14T15:31:22.390Z,2025-12-14T15:31:22.390Z
8,0x0004,13989,0x00000000,2025-12-14T15:31:22.390Z,2025-12-14T15:31:22.390Z
7,0x0004,11252,0x00000000,2025-12-14T15:31:22.390Z,2025-12-14T15:31:22.390Z
6,0x0004,21206,0x00000000,2025-12-14T15:31:22.390Z,2025-12-14T15:31:22.390Z
36,0x000a,2.13487,0x00000000,2025-12-14T15:31:22.490Z,2025-12-14T15:31:22.490Z
35,0x000a,1.56223,0x00000000,2025-12-14T15:31:22.490Z,2025-12-14T15:31:22.490Z
34,0x000a,2.79477,0x00000000,2025-12-14T15:31:22.490Z,2025-12-14T15:31:22.490Z
26,0x000a,5.31973,0x00000000,2025-12-14T15:31:22.490Z,2025-12-14T15:31:22.490Z
25,0x000a,4.24986,0x00000000,2025-12-14T15:31:22.490Z,2025-12-14T15:31:22.490Z
24,0x000a,7.82986,0x00000000,2025-12-14T15:31:22.490Z,2025-12-14T15:31:22.490Z
23,0x000a,2.13487,0x00000000,2025-12-14T15:31:22.490Z,2025-12-14T15:31:22.490Z
22,0x000a,1.56223,0x00000000,2025-12-14T15:31:22.490Z,2025-12-14T15:31:22.490Z
21,0x000a,2.79477,0x00000000,2025-12-14T15:31:22.490Z,2025-12-14T15:31:22.490Z
14,0x0001,true,0x00000000,2025-12-14T15:31:22.490Z,2025-12-14T15:31:22.490Z
8,0x0004,14708,0x00000000,2025-12-14T15:31:22.490Z,2025-12-14T15:31:22.490Z
7,0x0004,11750,0x00000000,2025-12-14T15:31:22.490Z,2025-12-14T15:31:22.490Z
6,0x0004,21648,0x00000000,2025-12-14T15:31:22.490Z,2025-12-14T15:31:22.490Z
39,0x000a,2.60055,0x00000000,2025-12-14T15:31:22.588Z,2025-12-14T15:31:22.588Z
38,0x000a,1.80121,0x00000000,2025-12-14T15:31:22.588Z,2025-12-14T15:31:22.588Z
37,0x000a,1.59867,0x00000000,2025-12-14T15:31:22.588Z,2025-12-14T15:31:22.588Z
26,0x000a,5.52988,0x00000000,2025-12-14T15:31:22.588Z,2025-12-14T15:31:22.588Z
25,0x000a,4.40972,0x00000000,2025-12-14T15:31:22.588Z,2025-12-14T15:31:22.588Z
8,0x0004,15289,0x00000000,2025-12-14T15:31:22.588Z,2025-12-14T15:31:22.588Z
7,0x0004,12192,0x00000000,2025-12-14T15:31:22.588Z,2025-12-14T15:31:22.588Z
39,0x000a,4.19922,0x00000000,2025-12-14T15:31:22.689Z,2025-12-14T15:31:22.689Z
38,0x000a,3.09968,0x00000000,2025-12-14T15:31:22.689Z,2025-12-14T15:31:22.689Z
37,0x000a,-1.59867,0x00000000,2025-12-14T15:31:22.689Z,2025-12-14T15:31:22.689Z
36,0x000a,2.36771,0x00000000,2025-12-14T15:31:22.689Z,2025-12-14T15:31:22.689Z
35,0x000a,1.68172,0x00000000,2025-12-14T15:31:22.689Z,2025-12-14T15:31:22.689Z
34,0x000a,2.19672,0x00000000,2025-12-14T15:31:22.689Z,2025-12-14T15:31:22.689Z
26,0x000a,5.73966,0x00000000,2025-12-14T15:31:22.689Z,2025-12-14T15:31:22.689Z
25,0x000a,4.55982,0x00000000,2025-12-14T15:31:22.689Z,2025-12-14T15:31:22.689Z
24,0x000a,7.66999,0x00000000,2025-12-14T15:31:22.689Z,2025-12-14T15:31:22.689Z
23,0x000a,2.36771,0x00000000,2025-12-14T15:31:22.689Z,2025-12-14T15:31:22.689Z
22,0x000a,1.68172,0x00000000,2025-12-14T15:31:22.689Z,2025-12-14T15:31:22.689Z
21,0x000a,2.19672,0x00000000,2025-12-14T15:31:22.689Z,2025-12-14T15:31:22.689Z
14,0x0001,false,0x00000000,2025-12-14T15:31:22.689Z,2025-12-14T15:31:22.689Z
8,0x0004,15869,0x00000000,2025-12-14T15:31:22.689Z,2025-12-14T15:31:22.689Z
7,0x0004,12607,0x00000000,2025-12-14T15:31:22.689Z,2025-12-14T15:31:22.689Z
6,0x0004,21206,0x00000000,2025-12-14T15:31:22.689Z,2025-12-14T15:31:22.689Z
39,0x000a,2.20269,0x00000000,2025-12-14T15:31:22.791Z,2025-12-14T15:31:22.791Z
38,0x000a,1.50101,0x00000000,2025-12-14T15:31:22.791Z,2025-12-14T15:31:22.791Z
37,0x000a,-2.80309,0x00000000,2025-12-14T15:31:22.791Z,2025-12-14T15:31:22.791Z
36,0x000a,3.28347,0x00000000,2025-12-14T15:31:22.791Z,2025-12-14T15:31:22.791Z
35,0x000a,2.3907,0x00000000,2025-12-14T15:31:22.791Z,2025-12-14T15:31:22.791Z
34,0x000a,0.299024,0x00000000,2025-12-14T15:31:22.791Z,2025-12-14T15:31:22.791Z
26,0x000a,5.95992,0x00000000,2025-12-14T15:31:22.791Z,2025-12-14T15:31:22.791Z
25,0x000a,4.70992,0x00000000,2025-12-14T15:31:22.791Z,2025-12-14T15:31:22.791Z
24,0x000a,7.38968,0x00000000,2025-12-14T15:31:22.791Z,2025-12-14T15:31:22.791Z
23,0x000a,3.28347,0x00000000,2025-12-14T15:31:22.791Z,2025-12-14T15:31:22.791Z
22,0x000a,2.3907,0x00000000,2025-12-14T15:31:22.791Z,2025-12-14T15:31:22.791Z
21,0x000a,0.299024,0x00000000,2025-12-14T15:31:22.791Z,2025-12-14T15:31:22.791Z
8,0x0004,16478,0x00000000,2025-12-14T15:31:22.791Z,2025-12-14T15:31:22.791Z
7,0x0004,13022,0x00000000,2025-12-14T15:31:22.791Z,2025-12-14T15:31:22.791Z
6,0x0004,20431,0x00000000,2025-12-14T15:31:22.791Z,2025-12-14T15:31:22.791Z
39,0x000a,2.0978,0x00000000,2025-12-14T15:31:22.890Z,2025-12-14T15:31:22.890Z
38,0x000a,1.59867,0x00000000,2025-12-14T15:31:22.890Z,2025-12-14T15:31:22.890Z
37,0x000a,-1.09954,0x00000000,2025-12-14T15:31:22.890Z,2025-12-14T15:31:22.890Z
36,0x000a,2.74308,0x00000000,2025-12-14T15:31:22.890Z,2025-12-14T15:31:22.890Z
35,0x000a,1.94586,0x00000000,2025-12-14T15:31:22.890Z,2025-12-14T15:31:22.890Z
34,0x000a,-1.25203,0x00000000,2025-12-14T15:31:22.890Z,2025-12-14T15:31:22.890Z
26,0x000a,6.1697,0x00000000,2025-12-14T15:31:22.890Z,2025-12-14T15:31:22.890Z
25,0x000a,4.86979,0x00000000,2025-12-14T15:31:22.890Z,2025-12-14T15:31:22.890Z
24,0x000a,7.27973,0x00000000,2025-12-14T15:31:22.890Z,2025-12-14T15:31:22.890Z
23,0x000a,2.74308,0x00000000,2025-12-14T15:31:22.890Z,2025-12-14T15:31:22.890Z
22,0x000a,1.94586,0x00000000,2025-12-14T15:31:22.890Z,2025-12-14T15:31:22.890Z
21,0x000a,-1.25203,0x00000000,2025-12-14T15:31:22.890Z,2025-12-14T15:31:22.890Z
8,0x0004,17058,0x00000000,2025-12-14T15:31:22.890Z,2025-12-14T15:31:22.890Z
7,0x0004,13464,0x00000000,2025-12-14T15:31:22.890Z,2025-12-14T15:31:22.890Z
6,0x0004,20127,0x00000000,2025-12-14T15:31:22.890Z,2025-12-14T15:31:22.890Z
39,0x000a,2.10142,0x00000000,2025-12-14T15:31:22.989Z,2025-12-14T15:31:22.989Z
38,0x000a,1.50101,0x00000000,2025-12-14T15:31:22.989Z,2025-12-14T15:31:22.989Z
37,0x000a,0,0x00000000,2025-12-14T15:31:22.989Z,2025-12-14T15:31:22.989Z
36,0x000a,2.42044,0x00000000,2025-12-14T15:31:22.989Z,2025-12-14T15:31:22.989Z
35,0x000a,1.77226,0x00000000,2025-12-14T15:31:22.989Z,2025-12-14T15:31:22.989Z
34,0x000a,-1.17579,0x00000000,2025-12-14T15:31:22.989Z,2025-12-14T15:31:22.989Z
26,0x000a,6.37985,0x00000000,2025-12-14T15:31:22.989Z,2025-12-14T15:31:22.989Z
25,0x000a,5.01989,0x00000000,2025-12-14T15:31:22.989Z,2025-12-14T15:31:22.989Z
23,0x000a,2.42044,0x00000000,2025-12-14T15:31:22.989Z,2025-12-14T15:31:22.989Z
22,0x000a,1.77226,0x00000000,2025-12-14T15:31:22.989Z,2025-12-14T15:31:22.989Z
21,0x000a,-1.17579,0x00000000,2025-12-14T15:31:22.989Z,2025-12-14T15:31:22.989Z
17,0x0001,false,0x00000000,2025-12-14T15:31:22.989Z,2025-12-14T15:31:22.989Z
8,0x0004,17639,0x00000000,2025-12-14T15:31:22.989Z,2025-12-14T15:31:22.989Z
7,0x0004,13879,0x00000000,2025-12-14T15:31:22.989Z,2025-12-14T15:31:22.989Z
38,0x000a,1.50102,0x00000000,2025-12-14T15:31:23.088Z,2025-12-14T15:31:23.088Z
36,0x000a,2.26093,0x00000000,2025-12-14T15:31:23.088Z,2025-12-14T15:31:23.088Z
35,0x000a,1.63664,0x00000000,2025-12-14T15:31:23.088Z,2025-12-14T15:31:23.088Z
34,0x000a,-0.587893,0x00000000,2025-12-14T15:31:23.088Z,2025-12-14T15:31:23.088Z
26,0x000a,6.58999,0x00000000,2025-12-14T15:31:23.088Z,2025-12-14T15:31:23.088Z
25,0x000a,5.16999,0x00000000,2025-12-14T15:31:23.088Z,2025-12-14T15:31:23.088Z
23,0x000a,2.26093,0x00000000,2025-12-14T15:31:23.088Z,2025-12-14T15:31:23.088Z
22,0x000a,1.63664,0x00000000,2025-12-14T15:31:23.088Z,2025-12-14T15:31:23.088Z
21,0x000a,-0.587893,0x00000000,2025-12-14T15:31:23.088Z,2025-12-14T15:31:23.088Z
8,0x0004,18220,0x00000000,2025-12-14T15:31:23.088Z,2025-12-14T15:31:23.088Z
7,0x0004,14294,0x00000000,2025-12-14T15:31:23.088Z,2025-12-14T15:31:23.088Z
40,0x0001,true,0x00000000,2025-12-14T15:31:23.189Z,2025-12-14T15:31:23.189Z
39,0x000a,1.29847,0x00000000,2025-12-14T15:31:23.189Z,2025-12-14T15:31:23.189Z
38,0x000a,1.59867,0x00000000,2025-12-14T15:31:23.189Z,2025-12-14T15:31:23.189Z
36,0x000a,2.18117,0x00000000,2025-12-14T15:31:23.189Z,2025-12-14T15:31:23.189Z
35,0x000a,1.56883,0x00000000,2025-12-14T15:31:23.189Z,2025-12-14T15:31:23.189Z
34,0x000a,-0.293947,0x00000000,2025-12-14T15:31:23.189Z,2025-12-14T15:31:23.189Z
26,0x000a,6.71983,0x00000000,2025-12-14T15:31:23.189Z,2025-12-14T15:31:23.189Z
25,0x000a,5.32986,0x00000000,2025-12-14T15:31:23.189Z,2025-12-14T15:31:23.189Z
23,0x000a,2.18117,0x00000000,2025-12-14T15:31:23.189Z,2025-12-14T15:31:23.189Z
22,0x000a,1.56883,0x00000000,2025-12-14T15:31:23.189Z,2025-12-14T15:31:23.189Z
21,0x000a,-0.293947,0x00000000,2025-12-14T15:31:23.189Z,2025-12-14T15:31:23.189Z
8,0x0004,18579,0x00000000,2025-12-14T15:31:23.189Z,2025-12-14T15:31:23.189Z
7,0x0004,14736,0x00000000,2025-12-14T15:31:23.189Z,2025-12-14T15:31:23.189Z
36,0x000a,1.73982,0x00000000,2025-12-14T15:31:23.288Z,2025-12-14T15:31:23.288Z
35,0x000a,1.58375,0x00000000,2025-12-14T15:31:23.288Z,2025-12-14T15:31:23.288Z
34,0x000a,-0.146973,0x00000000,2025-12-14T15:31:23.288Z,2025-12-14T15:31:23.288Z
25,0x000a,5.50998,0x00000000,2025-12-14T15:31:23.288Z,2025-12-14T15:31:23.288Z
23,0x000a,1.73982,0x00000000,2025-12-14T15:31:23.288Z,2025-12-14T15:31:23.288Z
22,0x000a,1.58375,0x00000000,2025-12-14T15:31:23.288Z,2025-12-14T15:31:23.288Z
21,0x000a,-0.146973,0x00000000,2025-12-14T15:31:23.288Z,2025-12-14T15:31:23.288Z
7,0x0004,15234,0x00000000,2025-12-14T15:31:23.288Z,2025-12-14T15:31:23.288Z
39,0x000a,0,0x00000000,2025-12-14T15:31:23.389Z,2025-12-14T15:31:23.389Z
38,0x000a,1.80121,0x00000000,2025-12-14T15:31:23.389Z,2025-12-14T15:31:23.389Z
25,0x000a,5.65972,0x00000000,2025-12-14T15:31:23.389Z,2025-12-14T15:31:23.389Z
7,0x0004,15648,0x00000000,2025-12-14T15:31:23.389Z,2025-12-14T15:31:23.389Z
42,0x0001,true,0x00000000,2025-12-14T15:31:23.489Z,2025-12-14T15:31:23.489Z
38,0x000a,1.4974,0x00000000,2025-12-14T15:31:23.489Z,2025-12-14T15:31:23.489Z
36,0x000a,0.86991,0x00000000,2025-12-14T15:31:23.489Z,2025-12-14T15:31:23.489Z
35,0x000a,1.69248,0x00000000,2025-12-14T15:31:23.489Z,2025-12-14T15:31:23.489Z
34,0x000a,-0.0734866,0x00000000,2025-12-14T15:31:23.489Z,2025-12-14T15:31:23.489Z
25,0x000a,5.81995,0x00000000,2025-12-14T15:31:23.489Z,2025-12-14T15:31:23.489Z
23,0x000a,0.86991,0x00000000,2025-12-14T15:31:23.489Z,2025-12-14T15:31:23.489Z
22,0x000a,1.69248,0x00000000,2025-12-14T15:31:23.489Z,2025-12-14T15:31:23.489Z
21,0x000a,-0.0734866,0x00000000,2025-12-14T15:31:23.489Z,2025-12-14T15:31:23.489Z
7,0x0004,16091,0x00000000,2025-12-14T15:31:23.489Z,2025-12-14T15:31:23.489Z
38,0x000a,1.60228,0x00000000,2025-12-14T15:31:23.589Z,2025-12-14T15:31:23.589Z
36,0x000a,0.434955,0x00000000,2025-12-14T15:31:23.589Z,2025-12-14T15:31:23.589Z
35,0x000a,1.59494,0x00000000,2025-12-14T15:31:23.589Z,2025-12-14T15:31:23.589Z
34,0x000a,-0.0367433,0x00000000,2025-12-14T15:31:23.589Z,2025-12-14T15:31:23.589Z
25,0x000a,5.96969,0x00000000,2025-12-14T15:31:23.589Z,2025-12-14T15:31:23.589Z
23,0x000a,0.434955,0x00000000,2025-12-14T15:31:23.589Z,2025-12-14T15:31:23.589Z
22,0x000a,1.59494,0x00000000,2025-12-14T15:31:23.589Z,2025-12-14T15:31:23.589Z
21,0x000a,-0.0367433,0x00000000,2025-12-14T15:31:23.589Z,2025-12-14T15:31:23.589Z
7,0x0004,16505,0x00000000,2025-12-14T15:31:23.589Z,2025-12-14T15:31:23.589Z
38,0x000a,1.4974,0x00000000,2025-12-14T15:31:23.690Z,2025-12-14T15:31:23.690Z
36,0x000a,0.217477,0x00000000,2025-12-14T15:31:23.690Z,2025-12-14T15:31:23.690Z
35,0x000a,1.59861,0x00000000,2025-12-14T15:31:23.690Z,2025-12-14T15:31:23.690Z
34,0x000a,-0.0183717,0x00000000,2025-12-14T15:31:23.690Z,2025-12-14T15:31:23.690Z
25,0x000a,6.11979,0x00000000,2025-12-14T15:31:23.690Z,2025-12-14T15:31:23.690Z
23,0x000a,0.217477,0x00000000,2025-12-14T15:31:23.690Z,2025-12-14T15:31:23.690Z
22,0x000a,1.59861,0x00000000,2025-12-14T15:31:23.690Z,2025-12-14T15:31:23.690Z
21,0x000a,-0.0183717,0x00000000,2025-12-14T15:31:23.690Z,2025-12-14T15:31:23.690Z
7,0x0004,16920,0x00000000,2025-12-14T15:31:23.690Z,2025-12-14T15:31:23.690Z
38,0x000a,3.09968,0x00000000,2025-12-14T15:31:23.790Z,2025-12-14T15:31:23.790Z
38,0x000a,1.80122,0x00000000,2025-12-14T15:31:23.888Z,2025-12-14T15:31:23.888Z
36,0x000a,0.108739,0x00000000,2025-12-14T15:31:23.790Z,2025-12-14T15:31:23.790Z
36,0x000a,0.0543693,0x00000000,2025-12-14T15:31:23.888Z,2025-12-14T15:31:23.888Z
35,0x000a,1.548,0x00000000,2025-12-14T15:31:23.790Z,2025-12-14T15:31:23.790Z
35,0x000a,2.32384,0x00000000,2025-12-14T15:31:23.888Z,2025-12-14T15:31:23.888Z
34,0x000a,-0.00918583,0x00000000,2025-12-14T15:31:23.790Z,2025-12-14T15:31:23.790Z
34,0x000a,-0.00459292,0x00000000,2025-12-14T15:31:23.888Z,2025-12-14T15:31:23.888Z
25,0x000a,6.27966,0x00000000,2025-12-14T15:31:23.790Z,2025-12-14T15:31:23.790Z
25,0x000a,6.45978,0x00000000,2025-12-14T15:31:23.888Z,2025-12-14T15:31:23.888Z
23,0x000a,0.108739,0x00000000,2025-12-14T15:31:23.790Z,2025-12-14T15:31:23.790Z
23,0x000a,0.0543693,0x00000000,2025-12-14T15:31:23.888Z,2025-12-14T15:31:23.888Z
22,0x000a,1.548,0x00000000,2025-12-14T15:31:23.790Z,2025-12-14T15:31:23.790Z
22,0x000a,2.32384,0x00000000,2025-12-14T15:31:23.888Z,2025-12-14T15:31:23.888Z
21,0x000a,-0.00918583,0x00000000,2025-12-14T15:31:23.790Z,2025-12-14T15:31:23.790Z
21,0x000a,-0.00459292,0x00000000,2025-12-14T15:31:23.888Z,2025-12-14T15:31:23.888Z
7,0x0004,17362,0x00000000,2025-12-14T15:31:23.790Z,2025-12-14T15:31:23.790Z
7,0x0004,17860,0x00000000,2025-12-14T15:31:23.888Z,2025-12-14T15:31:23.888Z
38,0x000a,1.50101,0x00000000,2025-12-14T15:31:23.989Z,2025-12-14T15:31:23.989Z
36,0x000a,0.0271847,0x00000000,2025-12-14T15:31:23.989Z,2025-12-14T15:31:23.989Z
35,0x000a,2.06253,0x00000000,2025-12-14T15:31:23.989Z,2025-12-14T15:31:23.989Z
34,0x000a,-0.00229646,0x00000000,2025-12-14T15:31:23.989Z,2025-12-14T15:31:23.989Z
25,0x000a,6.60988,0x00000000,2025-12-14T15:31:23.989Z,2025-12-14T15:31:23.989Z
23,0x000a,0.0271847,0x00000000,2025-12-14T15:31:23.989Z,2025-12-14T15:31:23.989Z
22,0x000a,2.06253,0x00000000,2025-12-14T15:31:23.989Z,2025-12-14T15:31:23.989Z
21,0x000a,-0.00229646,0x00000000,2025-12-14T15:31:23.989Z,2025-12-14T15:31:23.989Z
7,0x0004,18275,0x00000000,2025-12-14T15:31:23.989Z,2025-12-14T15:31:23.989Z
38,0x000a,1.59867,0x00000000,2025-12-14T15:31:24.088Z,2025-12-14T15:31:24.088Z
36,0x000a,0.0135923,0x00000000,2025-12-14T15:31:24.088Z,2025-12-14T15:31:24.088Z
35,0x000a,1.78177,0x00000000,2025-12-14T15:31:24.088Z,2025-12-14T15:31:24.088Z
34,0x000a,-0.00114823,0x00000000,2025-12-14T15:31:24.088Z,2025-12-14T15:31:24.088Z
25,0x000a,6.76975,0x00000000,2025-12-14T15:31:24.088Z,2025-12-14T15:31:24.088Z
23,0x000a,0.0135923,0x00000000,2025-12-14T15:31:24.088Z,2025-12-14T15:31:24.088Z
22,0x000a,1.78177,0x00000000,2025-12-14T15:31:24.088Z,2025-12-14T15:31:24.088Z
21,0x000a,-0.00114823,0x00000000,2025-12-14T15:31:24.088Z,2025-12-14T15:31:24.088Z
7,0x0004,18717,0x00000000,2025-12-14T15:31:24.088Z,2025-12-14T15:31:24.088Z
36,0x000a,0.00679617,0x00000000,2025-12-14T15:31:24.189Z,2025-12-14T15:31:24.189Z
35,0x000a,1.69022,0x00000000,2025-12-14T15:31:24.189Z,2025-12-14T15:31:24.189Z
34,0x000a,-0.000574114,0x00000000,2025-12-14T15:31:24.189Z,2025-12-14T15:31:24.189Z
25,0x000a,6.91985,0x00000000,2025-12-14T15:31:24.189Z,2025-12-14T15:31:24.189Z
23,0x000a,0.00679617,0x00000000,2025-12-14T15:31:24.189Z,2025-12-14T15:31:24.189Z
22,0x000a,1.69022,0x00000000,2025-12-14T15:31:24.189Z,2025-12-14T15:31:24.189Z
21,0x000a,-0.000574114,0x00000000,2025-12-14T15:31:24.189Z,2025-12-14T15:31:24.189Z
7,0x0004,19132,0x00000000,2025-12-14T15:31:24.189Z,2025-12-14T15:31:24.189Z
38,0x000a,1.50101,0x00000000,2025-12-14T15:31:24.290Z,2025-12-14T15:31:24.290Z
25,0x000a,7.06995,0x00000000,2025-12-14T15:31:24.290Z,2025-12-14T15:31:24.290Z
7,0x0004,19547,0x00000000,2025-12-14T15:31:24.290Z,2025-12-14T15:31:24.290Z
36,0x000a,0.00339808,0x00000000,2025-12-14T15:31:24.388Z,2025-12-14T15:31:24.388Z
35,0x000a,1.59562,0x00000000,2025-12-14T15:31:24.388Z,2025-12-14T15:31:24.388Z
34,0x000a,-0.000287057,0x00000000,2025-12-14T15:31:24.388Z,2025-12-14T15:31:24.388Z
25,0x000a,7.22982,0x00000000,2025-12-14T15:31:24.388Z,2025-12-14T15:31:24.388Z
23,0x000a,0.00339808,0x00000000,2025-12-14T15:31:24.388Z,2025-12-14T15:31:24.388Z
22,0x000a,1.59562,0x00000000,2025-12-14T15:31:24.388Z,2025-12-14T15:31:24.388Z
21,0x000a,-0.000287057,0x00000000,2025-12-14T15:31:24.388Z,2025-12-14T15:31:24.388Z
7,0x0004,19989,0x00000000,2025-12-14T15:31:24.388Z,2025-12-14T15:31:24.388Z
38,0x000a,1.59867,0x00000000,2025-12-14T15:31:24.487Z,2025-12-14T15:31:24.487Z
36,0x000a,0.00169904,0x00000000,2025-12-14T15:31:24.487Z,2025-12-14T15:31:24.487Z
35,0x000a,1.54831,0x00000000,2025-12-14T15:31:24.487Z,2025-12-14T15:31:24.487Z
34,0x000a,-0.000143529,0x00000000,2025-12-14T15:31:24.487Z,2025-12-14T15:31:24.487Z
25,0x000a,7.37992,0x00000000,2025-12-14T15:31:24.487Z,2025-12-14T15:31:24.487Z
23,0x000a,0.00169904,0x00000000,2025-12-14T15:31:24.487Z,2025-12-14T15:31:24.487Z
22,0x000a,1.54831,0x00000000,2025-12-14T15:31:24.487Z,2025-12-14T15:31:24.487Z
21,0x000a,-0.000143529,0x00000000,2025-12-14T15:31:24.487Z,2025-12-14T15:31:24.487Z
7,0x0004,20404,0x00000000,2025-12-14T15:31:24.487Z,2025-12-14T15:31:24.487Z
38,0x000a,1.50102,0x00000000,2025-12-14T15:31:24.588Z,2025-12-14T15:31:24.588Z
36,0x000a,0.000849521,0x00000000,2025-12-14T15:31:24.588Z,2025-12-14T15:31:24.588Z
35,0x000a,1.57349,0x00000000,2025-12-14T15:31:24.588Z,2025-12-14T15:31:24.588Z
34,0x000a,-7.17643e-05,0x00000000,2025-12-14T15:31:24.588Z,2025-12-14T15:31:24.588Z
25,0x000a,7.55968,0x00000000,2025-12-14T15:31:24.588Z,2025-12-14T15:31:24.588Z
23,0x000a,0.000849521,0x00000000,2025-12-14T15:31:24.588Z,2025-12-14T15:31:24.588Z
22,0x000a,1.57349,0x00000000,2025-12-14T15:31:24.588Z,2025-12-14T15:31:24.588Z
21,0x000a,-7.17643e-05,0x00000000,2025-12-14T15:31:24.588Z,2025-12-14T15:31:24.588Z
7,0x0004,20901,0x00000000,2025-12-14T15:31:24.588Z,2025-12-14T15:31:24.588Z
38,0x000a,1.7976,0x00000000,2025-12-14T15:31:24.689Z,2025-12-14T15:31:24.689Z
36,0x000a,0.000424761,0x00000000,2025-12-14T15:31:24.689Z,2025-12-14T15:31:24.689Z
35,0x000a,1.53725,0x00000000,2025-12-14T15:31:24.689Z,2025-12-14T15:31:24.689Z
34,0x000a,-3.58821e-05,0x00000000,2025-12-14T15:31:24.689Z,2025-12-14T15:31:24.689Z
25,0x000a,7.71991,0x00000000,2025-12-14T15:31:24.689Z,2025-12-14T15:31:24.689Z
23,0x000a,0.000424761,0x00000000,2025-12-14T15:31:24.689Z,2025-12-14T15:31:24.689Z
22,0x000a,1.53725,0x00000000,2025-12-14T15:31:24.689Z,2025-12-14T15:31:24.689Z
21,0x000a,-3.58821e-05,0x00000000,2025-12-14T15:31:24.689Z,2025-12-14T15:31:24.689Z
7,0x0004,21344,0x00000000,2025-12-14T15:31:24.689Z,2025-12-14T15:31:24.689Z
38,0x000a,1.60229,0x00000000,2025-12-14T15:31:24.788Z,2025-12-14T15:31:24.788Z
36,0x000a,0.00021238,0x00000000,2025-12-14T15:31:24.788Z,2025-12-14T15:31:24.788Z
35,0x000a,1.66742,0x00000000,2025-12-14T15:31:24.788Z,2025-12-14T15:31:24.788Z
34,0x000a,-1.79411e-05,0x00000000,2025-12-14T15:31:24.788Z,2025-12-14T15:31:24.788Z
25,0x000a,7.86965,0x00000000,2025-12-14T15:31:24.788Z,2025-12-14T15:31:24.788Z
23,0x000a,0.00021238,0x00000000,2025-12-14T15:31:24.788Z,2025-12-14T15:31:24.788Z
22,0x000a,1.66742,0x00000000,2025-12-14T15:31:24.788Z,2025-12-14T15:31:24.788Z
21,0x000a,-1.79411e-05,0x00000000,2025-12-14T15:31:24.788Z,2025-12-14T15:31:24.788Z
7,0x0004,21758,0x00000000,2025-12-14T15:31:24.788Z,2025-12-14T15:31:24.788Z
38,0x000a,2.9984,0x00000000,2025-12-14T15:31:24.888Z,2025-12-14T15:31:24.888Z
36,0x000a,0.00010619,0x00000000,2025-12-14T15:31:24.888Z,2025-12-14T15:31:24.888Z
35,0x000a,1.63486,0x00000000,2025-12-14T15:31:24.888Z,2025-12-14T15:31:24.888Z
34,0x000a,-8.97054e-06,0x00000000,2025-12-14T15:31:24.888Z,2025-12-14T15:31:24.888Z
25,0x000a,8.01975,0x00000000,2025-12-14T15:31:24.888Z,2025-12-14T15:31:24.888Z
23,0x000a,0.00010619,0x00000000,2025-12-14T15:31:24.888Z,2025-12-14T15:31:24.888Z
22,0x000a,1.63486,0x00000000,2025-12-14T15:31:24.888Z,2025-12-14T15:31:24.888Z
21,0x000a,-8.97054e-06,0x00000000,2025-12-14T15:31:24.888Z,2025-12-14T15:31:24.888Z
15,0x0001,false,0x00000000,2025-12-14T15:31:24.888Z,2025-12-14T15:31:24.888Z
7,0x0004,22173,0x00000000,2025-12-14T15:31:24.888Z,2025-12-14T15:31:24.888Z
38,0x000a,1.60229,0x00000000,2025-12-14T15:31:24.992Z,2025-12-14T15:31:24.992Z
36,0x000a,5.30951e-05,0x00000000,2025-12-14T15:31:24.992Z,2025-12-14T15:31:24.992Z
35,0x000a,2.31663,0x00000000,2025-12-14T15:31:24.992Z,2025-12-14T15:31:24.992Z
34,0x000a,-4.48527e-06,0x00000000,2025-12-14T15:31:24.992Z,2025-12-14T15:31:24.992Z
25,0x000a,8.17998,0x00000000,2025-12-14T15:31:24.992Z,2025-12-14T15:31:24.992Z
23,0x000a,5.30951e-05,0x00000000,2025-12-14T15:31:24.992Z,2025-12-14T15:31:24.992Z
22,0x000a,2.31663,0x00000000,2025-12-14T15:31:24.992Z,2025-12-14T15:31:24.992Z
21,0x000a,-4.48527e-06,0x00000000,2025-12-14T15:31:24.992Z,2025-12-14T15:31:24.992Z
7,0x0004,22616,0x00000000,2025-12-14T15:31:24.992Z,2025-12-14T15:31:24.992Z
25,0x000a,8.26968,0x00000000,2025-12-14T15:31:25.088Z,2025-12-14T15:31:25.088Z
7,0x0004,22864,0x00000000,2025-12-14T15:31:25.088Z,2025-12-14T15:31:25.088Z
38,0x000a,0.896997,0x00000000,2025-12-14T15:31:25.190Z,2025-12-14T15:31:25.190Z
36,0x000a,2.65475e-05,0x00000000,2025-12-14T15:31:25.190Z,2025-12-14T15:31:25.190Z
35,0x000a,1.95946,0x00000000,2025-12-14T15:31:25.190Z,2025-12-14T15:31:25.190Z
34,0x000a,-2.24263e-06,0x00000000,2025-12-14T15:31:25.190Z,2025-12-14T15:31:25.190Z
23,0x000a,2.65475e-05,0x00000000,2025-12-14T15:31:25.190Z,2025-12-14T15:31:25.190Z
22,0x000a,1.95946,0x00000000,2025-12-14T15:31:25.190Z,2025-12-14T15:31:25.190Z
21,0x000a,-2.24263e-06,0x00000000,2025-12-14T15:31:25.190Z,2025-12-14T15:31:25.190Z
38,0x000a,0,0x00000000,2025-12-14T15:31:25.291Z,2025-12-14T15:31:25.291Z
36,0x000a,1.32738e-05,0x00000000,2025-12-14T15:31:25.291Z,2025-12-14T15:31:25.291Z
35,0x000a,1.42823,0x00000000,2025-12-14T15:31:25.291Z,2025-12-14T15:31:25.291Z
34,0x000a,-1.12132e-06,0x00000000,2025-12-14T15:31:25.291Z,2025-12-14T15:31:25.291Z
23,0x000a,1.32738e-05,0x00000000,2025-12-14T15:31:25.291Z,2025-12-14T15:31:25.291Z
22,0x000a,1.42823,0x00000000,2025-12-14T15:31:25.291Z,2025-12-14T15:31:25.291Z
21,0x000a,-1.12132e-06,0x00000000,2025-12-14T15:31:25.291Z,2025-12-14T15:31:25.291Z
41,0x0001,true,0x00000000,2025-12-14T15:31:25.390Z,2025-12-14T15:31:25.390Z
36,0x000a,6.63688e-06,0x00000000,2025-12-14T15:31:25.390Z,2025-12-14T15:31:25.390Z
35,0x000a,0.714114,0x00000000,2025-12-14T15:31:25.390Z,2025-12-14T15:31:25.390Z
34,0x000a,-5.60659e-07,0x00000000,2025-12-14T15:31:25.390Z,2025-12-14T15:31:25.390Z
27,0x0001,true,0x00000000,2025-12-14T15:31:25.390Z,2025-12-14T15:31:25.390Z
23,0x000a,6.63688e-06,0x00000000,2025-12-14T15:31:25.390Z,2025-12-14T15:31:25.390Z
22,0x000a,0.714114,0x00000000,2025-12-14T15:31:25.390Z,2025-12-14T15:31:25.390Z
21,0x000a,-5.60659e-07,0x00000000,2025-12-14T15:31:25.390Z,2025-12-14T15:31:25.390Z
4,0x000a,4.2,0x00000000,2025-12-14T15:31:25.390Z,2025-12-14T15:31:25.390Z
3,0x000a,3.8,0x00000000,2025-12-14T15:31:25.390Z,2025-12-14T15:31:25.390Z
2,0x000a,4.5,0x00000000,2025-12-14T15:31:25.390Z,2025-12-14T15:31:25.390Z
42,0x0001,false,0x00000000,2025-12-14T15:31:25.489Z,2025-12-14T15:31:25.489Z
41,0x0001,false,0x00000000,2025-12-14T15:31:25.489Z,2025-12-14T15:31:25.489Z
40,0x0001,false,0x00000000,2025-12-14T15:31:25.489Z,2025-12-14T15:31:25.489Z
36,0x000a,3.31844e-06,0x00000000,2025-12-14T15:31:25.489Z,2025-12-14T15:31:25.489Z
35,0x000a,0.357057,0x00000000,2025-12-14T15:31:25.489Z,2025-12-14T15:31:25.489Z
34,0x000a,-2.80329e-07,0x00000000,2025-12-14T15:31:25.489Z,2025-12-14T15:31:25.489Z
27,0x0001,false,0x00000000,2025-12-14T15:31:25.489Z,2025-12-14T15:31:25.489Z
23,0x000a,3.31844e-06,0x00000000,2025-12-14T15:31:25.489Z,2025-12-14T15:31:25.489Z
22,0x000a,0.357057,0x00000000,2025-12-14T15:31:25.489Z,2025-12-14T15:31:25.489Z
21,0x000a,-2.80329e-07,0x00000000,2025-12-14T15:31:25.489Z,2025-12-14T15:31:25.489Z
18,0x0001,true,0x00000000,2025-12-14T15:31:25.489Z,2025-12-14T15:31:25.489Z
16,0x0001,true,0x00000000,2025-12-14T15:31:25.489Z,2025-12-14T15:31:25.489Z
14,0x0001,true,0x00000000,2025-12-14T15:31:25.489Z,2025-12-14T15:31:25.489Z
36,0x000a,1.65922e-06,0x00000000,2025-12-14T15:31:25.591Z,2025-12-14T15:31:25.591Z
35,0x000a,0.178529,0x00000000,2025-12-14T15:31:25.591Z,2025-12-14T15:31:25.591Z
34,0x000a,-1.40165e-07,0x00000000,2025-12-14T15:31:25.591Z,2025-12-14T15:31:25.591Z
23,0x000a,1.65922e-06,0x00000000,2025-12-14T15:31:25.591Z,2025-12-14T15:31:25.591Z
22,0x000a,0.178529,0x00000000,2025-12-14T15:31:25.591Z,2025-12-14T15:31:25.591Z
21,0x000a,-1.40165e-07,0x00000000,2025-12-14T15:31:25.591Z,2025-12-14T15:31:25.591Z
39,0x000a,-0.701675,0x00000000,2025-12-14T15:31:25.688Z,2025-12-14T15:31:25.688Z
38,0x000a,-0.896997,0x00000000,2025-12-14T15:31:25.688Z,2025-12-14T15:31:25.688Z
37,0x000a,-1.69994,0x00000000,2025-12-14T15:31:25.688Z,2025-12-14T15:31:25.688Z
36,0x000a,8.2961e-07,0x00000000,2025-12-14T15:31:25.688Z,2025-12-14T15:31:25.688Z
35,0x000a,0.0892643,0x00000000,2025-12-14T15:31:25.688Z,2025-12-14T15:31:25.688Z
34,0x000a,-7.00823e-08,0x00000000,2025-12-14T15:31:25.688Z,2025-12-14T15:31:25.688Z
26,0x000a,6.64967,0x00000000,2025-12-14T15:31:25.688Z,2025-12-14T15:31:25.688Z
25,0x000a,8.17998,0x00000000,2025-12-14T15:31:25.688Z,2025-12-14T15:31:25.688Z
24,0x000a,7.10974,0x00000000,2025-12-14T15:31:25.688Z,2025-12-14T15:31:25.688Z
23,0x000a,8.2961e-07,0x00000000,2025-12-14T15:31:25.688Z,2025-12-14T15:31:25.688Z
22,0x000a,0.0892643,0x00000000,2025-12-14T15:31:25.688Z,2025-12-14T15:31:25.688Z
21,0x000a,-7.00823e-08,0x00000000,2025-12-14T15:31:25.688Z,2025-12-14T15:31:25.688Z
8,0x0004,18385,0x00000000,2025-12-14T15:31:25.688Z,2025-12-14T15:31:25.688Z
7,0x0004,22616,0x00000000,2025-12-14T15:31:25.688Z,2025-12-14T15:31:25.688Z
6,0x0004,19657,0x00000000,2025-12-14T15:31:25.688Z,2025-12-14T15:31:25.688Z
39,0x000a,-2.59694,0x00000000,2025-12-14T15:31:25.789Z,2025-12-14T15:31:25.789Z
38,0x000a,-1.90248,0x00000000,2025-12-14T15:31:25.789Z,2025-12-14T15:31:25.789Z
37,0x000a,-3.29861,0x00000000,2025-12-14T15:31:25.789Z,2025-12-14T15:31:25.789Z
36,0x000a,-0.350837,0x00000000,2025-12-14T15:31:25.789Z,2025-12-14T15:31:25.789Z
35,0x000a,-0.403867,0x00000000,2025-12-14T15:31:25.789Z,2025-12-14T15:31:25.789Z
34,0x000a,-0.849972,0x00000000,2025-12-14T15:31:25.789Z,2025-12-14T15:31:25.789Z
26,0x000a,6.38997,0x00000000,2025-12-14T15:31:25.789Z,2025-12-14T15:31:25.789Z
25,0x000a,7.98973,0x00000000,2025-12-14T15:31:25.789Z,2025-12-14T15:31:25.789Z
24,0x000a,6.77988,0x00000000,2025-12-14T15:31:25.789Z,2025-12-14T15:31:25.789Z
23,0x000a,-0.350837,0x00000000,2025-12-14T15:31:25.789Z,2025-12-14T15:31:25.789Z
22,0x000a,-0.403867,0x00000000,2025-12-14T15:31:25.789Z,2025-12-14T15:31:25.789Z
21,0x000a,-0.849972,0x00000000,2025-12-14T15:31:25.789Z,2025-12-14T15:31:25.789Z
8,0x0004,17667,0x00000000,2025-12-14T15:31:25.789Z,2025-12-14T15:31:25.789Z
7,0x0004,22090,0x00000000,2025-12-14T15:31:25.789Z,2025-12-14T15:31:25.789Z
6,0x0004,18745,0x00000000,2025-12-14T15:31:25.789Z,2025-12-14T15:31:25.789Z
26,0x000a,6.17983,0x00000000,2025-12-14T15:31:25.888Z,2025-12-14T15:31:25.888Z
25,0x000a,7.83999,0x00000000,2025-12-14T15:31:25.888Z,2025-12-14T15:31:25.888Z
24,0x000a,6.50969,0x00000000,2025-12-14T15:31:25.888Z,2025-12-14T15:31:25.888Z
8,0x0004,17086,0x00000000,2025-12-14T15:31:25.888Z,2025-12-14T15:31:25.888Z
7,0x0004,21676,0x00000000,2025-12-14T15:31:25.888Z,2025-12-14T15:31:25.888Z
6,0x0004,17998,0x00000000,2025-12-14T15:31:25.888Z,2025-12-14T15:31:25.888Z
39,0x000a,-2.10142,0x00000000,2025-12-14T15:31:25.990Z,2025-12-14T15:31:25.990Z
39,0x000a,-4.30049,0x00000000,2025-12-14T15:31:26.088Z,2025-12-14T15:31:26.088Z
38,0x000a,-1.4974,0x00000000,2025-12-14T15:31:25.990Z,2025-12-14T15:31:25.990Z
38,0x000a,-3.1033,0x00000000,2025-12-14T15:31:26.088Z,2025-12-14T15:31:26.088Z
37,0x000a,-2.70182,0x00000000,2025-12-14T15:31:25.990Z,2025-12-14T15:31:25.990Z
37,0x000a,-5.49768,0x00000000,2025-12-14T15:31:26.088Z,2025-12-14T15:31:26.088Z
36,0x000a,-1.47389,0x00000000,2025-12-14T15:31:25.990Z,2025-12-14T15:31:25.990Z
36,0x000a,-1.78765,0x00000000,2025-12-14T15:31:26.088Z,2025-12-14T15:31:26.088Z
35,0x000a,-1.15318,0x00000000,2025-12-14T15:31:25.990Z,2025-12-14T15:31:25.990Z
35,0x000a,-1.32529,0x00000000,2025-12-14T15:31:26.088Z,2025-12-14T15:31:26.088Z
34,0x000a,-2.07429,0x00000000,2025-12-14T15:31:25.990Z,2025-12-14T15:31:25.990Z
34,0x000a,-2.38806,0x00000000,2025-12-14T15:31:26.088Z,2025-12-14T15:31:26.088Z
26,0x000a,5.96969,0x00000000,2025-12-14T15:31:25.990Z,2025-12-14T15:31:25.990Z
26,0x000a,5.74978,0x00000000,2025-12-14T15:31:26.088Z,2025-12-14T15:31:26.088Z
25,0x000a,7.68989,0x00000000,2025-12-14T15:31:25.990Z,2025-12-14T15:31:25.990Z
25,0x000a,7.52966,0x00000000,2025-12-14T15:31:26.088Z,2025-12-14T15:31:26.088Z
24,0x000a,6.22975,0x00000000,2025-12-14T15:31:25.990Z,2025-12-14T15:31:25.990Z
24,0x000a,5.95992,0x00000000,2025-12-14T15:31:26.088Z,2025-12-14T15:31:26.088Z
23,0x000a,-1.47389,0x00000000,2025-12-14T15:31:25.990Z,2025-12-14T15:31:25.990Z
23,0x000a,-1.78765,0x00000000,2025-12-14T15:31:26.088Z,2025-12-14T15:31:26.088Z
22,0x000a,-1.15318,0x00000000,2025-12-14T15:31:25.990Z,2025-12-14T15:31:25.990Z
22,0x000a,-1.32529,0x00000000,2025-12-14T15:31:26.088Z,2025-12-14T15:31:26.088Z
21,0x000a,-2.07429,0x00000000,2025-12-14T15:31:25.990Z,2025-12-14T15:31:25.990Z
21,0x000a,-2.38806,0x00000000,2025-12-14T15:31:26.088Z,2025-12-14T15:31:26.088Z
8,0x0004,16505,0x00000000,2025-12-14T15:31:25.990Z,2025-12-14T15:31:25.990Z
8,0x0004,15897,0x00000000,2025-12-14T15:31:26.088Z,2025-12-14T15:31:26.088Z
7,0x0004,21261,0x00000000,2025-12-14T15:31:25.990Z,2025-12-14T15:31:25.990Z
7,0x0004,20818,0x00000000,2025-12-14T15:31:26.088Z,2025-12-14T15:31:26.088Z
6,0x0004,17224,0x00000000,2025-12-14T15:31:25.990Z,2025-12-14T15:31:25.990Z
6,0x0004,16478,0x00000000,2025-12-14T15:31:26.088Z,2025-12-14T15:31:26.088Z
39,0x000a,-2.10142,0x00000000,2025-12-14T15:31:26.188Z,2025-12-14T15:31:26.188Z
38,0x000a,-1.49739,0x00000000,2025-12-14T15:31:26.188Z,2025-12-14T15:31:26.188Z
37,0x000a,-2.79948,0x00000000,2025-12-14T15:31:26.188Z,2025-12-14T15:31:26.188Z
36,0x000a,-3.04407,0x00000000,2025-12-14T15:31:26.188Z,2025-12-14T15:31:26.188Z
35,0x000a,-2.21429,0x00000000,2025-12-14T15:31:26.188Z,2025-12-14T15:31:26.188Z
34,0x000a,-3.94287,0x00000000,2025-12-14T15:31:26.188Z,2025-12-14T15:31:26.188Z
26,0x000a,5.53964,0x00000000,2025-12-14T15:31:26.188Z,2025-12-14T15:31:26.188Z
25,0x000a,7.37992,0x00000000,2025-12-14T15:31:26.188Z,2025-12-14T15:31:26.188Z
24,0x000a,5.67998,0x00000000,2025-12-14T15:31:26.188Z,2025-12-14T15:31:26.188Z
23,0x000a,-3.04407,0x00000000,2025-12-14T15:31:26.188Z,2025-12-14T15:31:26.188Z
22,0x000a,-2.21429,0x00000000,2025-12-14T15:31:26.188Z,2025-12-14T15:31:26.188Z
21,0x000a,-3.94287,0x00000000,2025-12-14T15:31:26.188Z,2025-12-14T15:31:26.188Z
8,0x0004,15316,0x00000000,2025-12-14T15:31:26.188Z,2025-12-14T15:31:26.188Z
7,0x0004,20404,0x00000000,2025-12-14T15:31:26.188Z,2025-12-14T15:31:26.188Z
6,0x0004,15704,0x00000000,2025-12-14T15:31:26.188Z,2025-12-14T15:31:26.188Z
39,0x000a,-2.0978,0x00000000,2025-12-14T15:31:26.290Z,2025-12-14T15:31:26.290Z
38,0x000a,-1.50102,0x00000000,2025-12-14T15:31:26.290Z,2025-12-14T15:31:26.290Z
37,0x000a,-2.8031,0x00000000,2025-12-14T15:31:26.290Z,2025-12-14T15:31:26.290Z
36,0x000a,-2.57275,0x00000000,2025-12-14T15:31:26.290Z,2025-12-14T15:31:26.290Z
35,0x000a,-1.85584,0x00000000,2025-12-14T15:31:26.290Z,2025-12-14T15:31:26.290Z
34,0x000a,-3.37117,0x00000000,2025-12-14T15:31:26.290Z,2025-12-14T15:31:26.290Z
26,0x000a,5.32986,0x00000000,2025-12-14T15:31:26.290Z,2025-12-14T15:31:26.290Z
25,0x000a,7.22982,0x00000000,2025-12-14T15:31:26.290Z,2025-12-14T15:31:26.290Z
24,0x000a,5.39967,0x00000000,2025-12-14T15:31:26.290Z,2025-12-14T15:31:26.290Z
23,0x000a,-2.57275,0x00000000,2025-12-14T15:31:26.290Z,2025-12-14T15:31:26.290Z
22,0x000a,-1.85584,0x00000000,2025-12-14T15:31:26.290Z,2025-12-14T15:31:26.290Z
21,0x000a,-3.37117,0x00000000,2025-12-14T15:31:26.290Z,2025-12-14T15:31:26.290Z
8,0x0004,14736,0x00000000,2025-12-14T15:31:26.290Z,2025-12-14T15:31:26.290Z
7,0x0004,19989,0x00000000,2025-12-14T15:31:26.290Z,2025-12-14T15:31:26.290Z
6,0x0004,14929,0x00000000,2025-12-14T15:31:26.290Z,2025-12-14T15:31:26.290Z
39,0x000a,-2.19908,0x00000000,2025-12-14T15:31:26.390Z,2025-12-14T15:31:26.390Z
38,0x000a,-1.59867,0x00000000,2025-12-14T15:31:26.390Z,2025-12-14T15:31:26.390Z
37,0x000a,-2.69821,0x00000000,2025-12-14T15:31:26.390Z,2025-12-14T15:31:26.390Z
36,0x000a,-2.33527,0x00000000,2025-12-14T15:31:26.390Z,2025-12-14T15:31:26.390Z
35,0x000a,-1.67843,0x00000000,2025-12-14T15:31:26.390Z,2025-12-14T15:31:26.390Z
34,0x000a,-3.08714,0x00000000,2025-12-14T15:31:26.390Z,2025-12-14T15:31:26.390Z
26,0x000a,5.10995,0x00000000,2025-12-14T15:31:26.390Z,2025-12-14T15:31:26.390Z
25,0x000a,7.06995,0x00000000,2025-12-14T15:31:26.390Z,2025-12-14T15:31:26.390Z
24,0x000a,5.12985,0x00000000,2025-12-14T15:31:26.390Z,2025-12-14T15:31:26.390Z
23,0x000a,-2.33527,0x00000000,2025-12-14T15:31:26.390Z,2025-12-14T15:31:26.390Z
22,0x000a,-1.67843,0x00000000,2025-12-14T15:31:26.390Z,2025-12-14T15:31:26.390Z
21,0x000a,-3.08714,0x00000000,2025-12-14T15:31:26.390Z,2025-12-14T15:31:26.390Z
8,0x0004,14128,0x00000000,2025-12-14T15:31:26.390Z,2025-12-14T15:31:26.390Z
7,0x0004,19547,0x00000000,2025-12-14T15:31:26.390Z,2025-12-14T15:31:26.390Z
6,0x0004,14183,0x00000000,2025-12-14T15:31:26.390Z,2025-12-14T15:31:26.390Z
39,0x000a,-2.50289,0x00000000,2025-12-14T15:31:26.489Z,2025-12-14T15:31:26.489Z
38,0x000a,-1.80121,0x00000000,2025-12-14T15:31:26.489Z,2025-12-14T15:31:26.489Z
37,0x000a,-3.29861,0x00000000,2025-12-14T15:31:26.489Z,2025-12-14T15:31:26.489Z
36,0x000a,-2.26717,0x00000000,2025-12-14T15:31:26.489Z,2025-12-14T15:31:26.489Z
35,0x000a,-1.63855,0x00000000,2025-12-14T15:31:26.489Z,2025-12-14T15:31:26.489Z
34,0x000a,-2.89267,0x00000000,2025-12-14T15:31:26.489Z,2025-12-14T15:31:26.489Z
26,0x000a,4.85966,0x00000000,2025-12-14T15:31:26.489Z,2025-12-14T15:31:26.489Z
25,0x000a,6.88983,0x00000000,2025-12-14T15:31:26.489Z,2025-12-14T15:31:26.489Z
24,0x000a,4.79999,0x00000000,2025-12-14T15:31:26.489Z,2025-12-14T15:31:26.489Z
23,0x000a,-2.26717,0x00000000,2025-12-14T15:31:26.489Z,2025-12-14T15:31:26.489Z
22,0x000a,-1.63855,0x00000000,2025-12-14T15:31:26.489Z,2025-12-14T15:31:26.489Z
21,0x000a,-2.89267,0x00000000,2025-12-14T15:31:26.489Z,2025-12-14T15:31:26.489Z
14,0x0001,false,0x00000000,2025-12-14T15:31:26.489Z,2025-12-14T15:31:26.489Z
8,0x0004,13436,0x00000000,2025-12-14T15:31:26.489Z,2025-12-14T15:31:26.489Z
7,0x0004,19049,0x00000000,2025-12-14T15:31:26.489Z,2025-12-14T15:31:26.489Z
6,0x0004,13271,0x00000000,2025-12-14T15:31:26.489Z,2025-12-14T15:31:26.489Z
39,0x000a,-2.0978,0x00000000,2025-12-14T15:31:26.589Z,2025-12-14T15:31:26.589Z
38,0x000a,-1.50101,0x00000000,2025-12-14T15:31:26.589Z,2025-12-14T15:31:26.589Z
37,0x000a,-2.8031,0x00000000,2025-12-14T15:31:26.589Z,2025-12-14T15:31:26.589Z
36,0x000a,-2.38503,0x00000000,2025-12-14T15:31:26.589Z,2025-12-14T15:31:26.589Z
35,0x000a,-1.71988,0x00000000,2025-12-14T15:31:26.589Z,2025-12-14T15:31:26.589Z
34,0x000a,-3.09564,0x00000000,2025-12-14T15:31:26.589Z,2025-12-14T15:31:26.589Z
26,0x000a,4.64988,0x00000000,2025-12-14T15:31:26.589Z,2025-12-14T15:31:26.589Z
25,0x000a,6.73973,0x00000000,2025-12-14T15:31:26.589Z,2025-12-14T15:31:26.589Z
24,0x000a,4.51968,0x00000000,2025-12-14T15:31:26.589Z,2025-12-14T15:31:26.589Z
23,0x000a,-2.38503,0x00000000,2025-12-14T15:31:26.589Z,2025-12-14T15:31:26.589Z
22,0x000a,-1.71988,0x00000000,2025-12-14T15:31:26.589Z,2025-12-14T15:31:26.589Z
21,0x000a,-3.09564,0x00000000,2025-12-14T15:31:26.589Z,2025-12-14T15:31:26.589Z
8,0x0004,12856,0x00000000,2025-12-14T15:31:26.589Z,2025-12-14T15:31:26.589Z
7,0x0004,18634,0x00000000,2025-12-14T15:31:26.589Z,2025-12-14T15:31:26.589Z
6,0x0004,12496,0x00000000,2025-12-14T15:31:26.589Z,2025-12-14T15:31:26.589Z
36,0x000a,-2.24142,0x00000000,2025-12-14T15:31:26.690Z,2025-12-14T15:31:26.690Z
35,0x000a,-1.61045,0x00000000,2025-12-14T15:31:26.690Z,2025-12-14T15:31:26.690Z
34,0x000a,-2.94937,0x00000000,2025-12-14T15:31:26.690Z,2025-12-14T15:31:26.690Z
26,0x000a,4.42998,0x00000000,2025-12-14T15:31:26.690Z,2025-12-14T15:31:26.690Z
25,0x000a,6.57986,0x00000000,2025-12-14T15:31:26.690Z,2025-12-14T15:31:26.690Z
24,0x000a,4.40972,0x00000000,2025-12-14T15:31:26.690Z,2025-12-14T15:31:26.690Z
23,0x000a,-2.24142,0x00000000,2025-12-14T15:31:26.690Z,2025-12-14T15:31:26.690Z
22,0x000a,-1.61045,0x00000000,2025-12-14T15:31:26.690Z,2025-12-14T15:31:26.690Z
21,0x000a,-2.94937,0x00000000,2025-12-14T15:31:26.690Z,2025-12-14T15:31:26.690Z
18,0x0001,false,0x00000000,2025-12-14T15:31:26.690Z,2025-12-14T15:31:26.690Z
8,0x0004,12248,0x00000000,2025-12-14T15:31:26.690Z,2025-12-14T15:31:26.690Z
7,0x0004,18192,0x00000000,2025-12-14T15:31:26.690Z,2025-12-14T15:31:26.690Z
6,0x0004,12192,0x00000000,2025-12-14T15:31:26.690Z,2025-12-14T15:31:26.690Z
39,0x000a,-2.19907,0x00000000,2025-12-14T15:31:26.788Z,2025-12-14T15:31:26.788Z
38,0x000a,-1.59867,0x00000000,2025-12-14T15:31:26.788Z,2025-12-14T15:31:26.788Z
37,0x000a,-1.09953,0x00000000,2025-12-14T15:31:26.788Z,2025-12-14T15:31:26.788Z
26,0x000a,4.21983,0x00000000,2025-12-14T15:31:26.788Z,2025-12-14T15:31:26.788Z
25,0x000a,6.42976,0x00000000,2025-12-14T15:31:26.788Z,2025-12-14T15:31:26.788Z
8,0x0004,11667,0x00000000,2025-12-14T15:31:26.788Z,2025-12-14T15:31:26.788Z
7,0x0004,17777,0x00000000,2025-12-14T15:31:26.788Z,2025-12-14T15:31:26.788Z
39,0x000a,-2.10142,0x00000000,2025-12-14T15:31:26.889Z,2025-12-14T15:31:26.889Z
38,0x000a,-1.50102,0x00000000,2025-12-14T15:31:26.889Z,2025-12-14T15:31:26.889Z
37,0x000a,0,0x00000000,2025-12-14T15:31:26.889Z,2025-12-14T15:31:26.889Z
36,0x000a,-2.22024,0x00000000,2025-12-14T15:31:26.889Z,2025-12-14T15:31:26.889Z
35,0x000a,-1.60456,0x00000000,2025-12-14T15:31:26.889Z,2025-12-14T15:31:26.889Z
34,0x000a,-2.02445,0x00000000,2025-12-14T15:31:26.889Z,2025-12-14T15:31:26.889Z
26,0x000a,4.08999,0x00000000,2025-12-14T15:31:26.889Z,2025-12-14T15:31:26.889Z
25,0x000a,6.27966,0x00000000,2025-12-14T15:31:26.889Z,2025-12-14T15:31:26.889Z
23,0x000a,-2.22024,0x00000000,2025-12-14T15:31:26.889Z,2025-12-14T15:31:26.889Z
22,0x000a,-1.60456,0x00000000,2025-12-14T15:31:26.889Z,2025-12-14T15:31:26.889Z
21,0x000a,-2.02445,0x00000000,2025-12-14T15:31:26.889Z,2025-12-14T15:31:26.889Z
8,0x0004,11308,0x00000000,2025-12-14T15:31:26.889Z,2025-12-14T15:31:26.889Z
7,0x0004,17362,0x00000000,2025-12-14T15:31:26.889Z,2025-12-14T15:31:26.889Z
40,0x0001,true,0x00000000,2025-12-14T15:31:26.989Z,2025-12-14T15:31:26.989Z
39,0x000a,-1.29847,0x00000000,2025-12-14T15:31:26.989Z,2025-12-14T15:31:26.989Z
38,0x000a,-1.50101,0x00000000,2025-12-14T15:31:26.989Z,2025-12-14T15:31:26.989Z
36,0x000a,-2.16083,0x00000000,2025-12-14T15:31:26.989Z,2025-12-14T15:31:26.989Z
35,0x000a,-1.55279,0x00000000,2025-12-14T15:31:26.989Z,2025-12-14T15:31:26.989Z
34,0x000a,-1.01223,0x00000000,2025-12-14T15:31:26.989Z,2025-12-14T15:31:26.989Z
25,0x000a,6.08977,0x00000000,2025-12-14T15:31:26.989Z,2025-12-14T15:31:26.989Z
23,0x000a,-2.16083,0x00000000,2025-12-14T15:31:26.989Z,2025-12-14T15:31:26.989Z
22,0x000a,-1.55279,0x00000000,2025-12-14T15:31:26.989Z,2025-12-14T15:31:26.989Z
21,0x000a,-1.01223,0x00000000,2025-12-14T15:31:26.989Z,2025-12-14T15:31:26.989Z
7,0x0004,16837,0x00000000,2025-12-14T15:31:26.989Z,2025-12-14T15:31:26.989Z
39,0x000a,0,0x00000000,2025-12-14T15:31:27.089Z,2025-12-14T15:31:27.089Z
38,0x000a,-1.89887,0x00000000,2025-12-14T15:31:27.089Z,2025-12-14T15:31:27.089Z
36,0x000a,-1.72965,0x00000000,2025-12-14T15:31:27.089Z,2025-12-14T15:31:27.089Z
35,0x000a,-1.5269,0x00000000,2025-12-14T15:31:27.089Z,2025-12-14T15:31:27.089Z
34,0x000a,-0.506113,0x00000000,2025-12-14T15:31:27.089Z,2025-12-14T15:31:27.089Z
25,0x000a,5.93967,0x00000000,2025-12-14T15:31:27.089Z,2025-12-14T15:31:27.089Z
23,0x000a,-1.72965,0x00000000,2025-12-14T15:31:27.089Z,2025-12-14T15:31:27.089Z
22,0x000a,-1.5269,0x00000000,2025-12-14T15:31:27.089Z,2025-12-14T15:31:27.089Z
21,0x000a,-0.506113,0x00000000,2025-12-14T15:31:27.089Z,2025-12-14T15:31:27.089Z
7,0x0004,16422,0x00000000,2025-12-14T15:31:27.089Z,2025-12-14T15:31:27.089Z
42,0x0001,true,0x00000000,2025-12-14T15:31:27.189Z,2025-12-14T15:31:27.189Z
38,0x000a,-2.99841,0x00000000,2025-12-14T15:31:27.189Z,2025-12-14T15:31:27.189Z
36,0x000a,-0.864825,0x00000000,2025-12-14T15:31:27.189Z,2025-12-14T15:31:27.189Z
35,0x000a,-1.71288,0x00000000,2025-12-14T15:31:27.189Z,2025-12-14T15:31:27.189Z
34,0x000a,-0.253056,0x00000000,2025-12-14T15:31:27.189Z,2025-12-14T15:31:27.189Z
25,0x000a,5.78993,0x00000000,2025-12-14T15:31:27.189Z,2025-12-14T15:31:27.189Z
23,0x000a,-0.864825,0x00000000,2025-12-14T15:31:27.189Z,2025-12-14T15:31:27.189Z
22,0x000a,-1.71288,0x00000000,2025-12-14T15:31:27.189Z,2025-12-14T15:31:27.189Z
21,0x000a,-0.253056,0x00000000,2025-12-14T15:31:27.189Z,2025-12-14T15:31:27.189Z
7,0x0004,16008,0x00000000,2025-12-14T15:31:27.189Z,2025-12-14T15:31:27.189Z
38,0x000a,-1.60228,0x00000000,2025-12-14T15:31:27.289Z,2025-12-14T15:31:27.289Z
36,0x000a,-0.432412,0x00000000,2025-12-14T15:31:27.289Z,2025-12-14T15:31:27.289Z
35,0x000a,-2.35565,0x00000000,2025-12-14T15:31:27.289Z,2025-12-14T15:31:27.289Z
34,0x000a,-0.126528,0x00000000,2025-12-14T15:31:27.289Z,2025-12-14T15:31:27.289Z
25,0x000a,5.6297,0x00000000,2025-12-14T15:31:27.289Z,2025-12-14T15:31:27.289Z
23,0x000a,-0.432412,0x00000000,2025-12-14T15:31:27.289Z,2025-12-14T15:31:27.289Z
22,0x000a,-2.35565,0x00000000,2025-12-14T15:31:27.289Z,2025-12-14T15:31:27.289Z
21,0x000a,-0.126528,0x00000000,2025-12-14T15:31:27.289Z,2025-12-14T15:31:27.289Z
7,0x0004,15565,0x00000000,2025-12-14T15:31:27.289Z,2025-12-14T15:31:27.289Z
38,0x000a,-1.4974,0x00000000,2025-12-14T15:31:27.390Z,2025-12-14T15:31:27.390Z
36,0x000a,-0.216206,0x00000000,2025-12-14T15:31:27.390Z,2025-12-14T15:31:27.390Z
35,0x000a,-1.97896,0x00000000,2025-12-14T15:31:27.390Z,2025-12-14T15:31:27.390Z
34,0x000a,-0.0632641,0x00000000,2025-12-14T15:31:27.390Z,2025-12-14T15:31:27.390Z
25,0x000a,5.47996,0x00000000,2025-12-14T15:31:27.390Z,2025-12-14T15:31:27.390Z
23,0x000a,-0.216206,0x00000000,2025-12-14T15:31:27.390Z,2025-12-14T15:31:27.390Z
22,0x000a,-1.97896,0x00000000,2025-12-14T15:31:27.390Z,2025-12-14T15:31:27.390Z
21,0x000a,-0.0632641,0x00000000,2025-12-14T15:31:27.390Z,2025-12-14T15:31:27.390Z
7,0x0004,15151,0x00000000,2025-12-14T15:31:27.390Z,2025-12-14T15:31:27.390Z
36,0x000a,-0.108103,0x00000000,2025-12-14T15:31:27.489Z,2025-12-14T15:31:27.489Z
35,0x000a,-1.73818,0x00000000,2025-12-14T15:31:27.489Z,2025-12-14T15:31:27.489Z
34,0x000a,-0.0316321,0x00000000,2025-12-14T15:31:27.489Z,2025-12-14T15:31:27.489Z
25,0x000a,5.28971,0x00000000,2025-12-14T15:31:27.489Z,2025-12-14T15:31:27.489Z
23,0x000a,-0.108103,0x00000000,2025-12-14T15:31:27.489Z,2025-12-14T15:31:27.489Z
22,0x000a,-1.73818,0x00000000,2025-12-14T15:31:27.489Z,2025-12-14T15:31:27.489Z
21,0x000a,-0.0316321,0x00000000,2025-12-14T15:31:27.489Z,2025-12-14T15:31:27.489Z
7,0x0004,14625,0x00000000,2025-12-14T15:31:27.489Z,2025-12-14T15:31:27.489Z
38,0x000a,-1.90249,0x00000000,2025-12-14T15:31:27.588Z,2025-12-14T15:31:27.588Z
38,0x000a,-1.4974,0x00000000,2025-12-14T15:31:27.688Z,2025-12-14T15:31:27.688Z
36,0x000a,-0.0540515,0x00000000,2025-12-14T15:31:27.688Z,2025-12-14T15:31:27.688Z
35,0x000a,-1.82034,0x00000000,2025-12-14T15:31:27.688Z,2025-12-14T15:31:27.688Z
34,0x000a,-0.015816,0x00000000,2025-12-14T15:31:27.688Z,2025-12-14T15:31:27.688Z
25,0x000a,5.13997,0x00000000,2025-12-14T15:31:27.588Z,2025-12-14T15:31:27.588Z
25,0x000a,4.98987,0x00000000,2025-12-14T15:31:27.688Z,2025-12-14T15:31:27.688Z
23,0x000a,-0.0540515,0x00000000,2025-12-14T15:31:27.688Z,2025-12-14T15:31:27.688Z
22,0x000a,-1.82034,0x00000000,2025-12-14T15:31:27.688Z,2025-12-14T15:31:27.688Z
21,0x000a,-0.015816,0x00000000,2025-12-14T15:31:27.688Z,2025-12-14T15:31:27.688Z
7,0x0004,14211,0x00000000,2025-12-14T15:31:27.588Z,2025-12-14T15:31:27.588Z
7,0x0004,13796,0x00000000,2025-12-14T15:31:27.688Z,2025-12-14T15:31:27.688Z
38,0x000a,-1.50101,0x00000000,2025-12-14T15:31:27.789Z,2025-12-14T15:31:27.789Z
36,0x000a,-0.0270258,0x00000000,2025-12-14T15:31:27.789Z,2025-12-14T15:31:27.789Z
35,0x000a,-1.65887,0x00000000,2025-12-14T15:31:27.789Z,2025-12-14T15:31:27.789Z
34,0x000a,-0.00790801,0x00000000,2025-12-14T15:31:27.789Z,2025-12-14T15:31:27.789Z
25,0x000a,4.82964,0x00000000,2025-12-14T15:31:27.789Z,2025-12-14T15:31:27.789Z
23,0x000a,-0.0270258,0x00000000,2025-12-14T15:31:27.789Z,2025-12-14T15:31:27.789Z
22,0x000a,-1.65887,0x00000000,2025-12-14T15:31:27.789Z,2025-12-14T15:31:27.789Z
21,0x000a,-0.00790801,0x00000000,2025-12-14T15:31:27.789Z,2025-12-14T15:31:27.789Z
7,0x0004,13353,0x00000000,2025-12-14T15:31:27.789Z,2025-12-14T15:31:27.789Z
38,0x000a,-1.60228,0x00000000,2025-12-14T15:31:27.890Z,2025-12-14T15:31:27.890Z
36,0x000a,-0.0135129,0x00000000,2025-12-14T15:31:27.890Z,2025-12-14T15:31:27.890Z
35,0x000a,-1.57994,0x00000000,2025-12-14T15:31:27.890Z,2025-12-14T15:31:27.890Z
34,0x000a,-0.00395401,0x00000000,2025-12-14T15:31:27.890Z,2025-12-14T15:31:27.890Z
25,0x000a,4.6799,0x00000000,2025-12-14T15:31:27.890Z,2025-12-14T15:31:27.890Z
23,0x000a,-0.0135129,0x00000000,2025-12-14T15:31:27.890Z,2025-12-14T15:31:27.890Z
22,0x000a,-1.57994,0x00000000,2025-12-14T15:31:27.890Z,2025-12-14T15:31:27.890Z
21,0x000a,-0.00395401,0x00000000,2025-12-14T15:31:27.890Z,2025-12-14T15:31:27.890Z
7,0x0004,12939,0x00000000,2025-12-14T15:31:27.890Z,2025-12-14T15:31:27.890Z
38,0x000a,-1.4974,0x00000000,2025-12-14T15:31:27.989Z,2025-12-14T15:31:27.989Z
36,0x000a,-0.00675644,0x00000000,2025-12-14T15:31:27.989Z,2025-12-14T15:31:27.989Z
35,0x000a,-1.59111,0x00000000,2025-12-14T15:31:27.989Z,2025-12-14T15:31:27.989Z
34,0x000a,-0.001977,0x00000000,2025-12-14T15:31:27.989Z,2025-12-14T15:31:27.989Z
25,0x000a,4.49978,0x00000000,2025-12-14T15:31:27.989Z,2025-12-14T15:31:27.989Z
23,0x000a,-0.00675644,0x00000000,2025-12-14T15:31:27.989Z,2025-12-14T15:31:27.989Z
22,0x000a,-1.59111,0x00000000,2025-12-14T15:31:27.989Z,2025-12-14T15:31:27.989Z
21,0x000a,-0.001977,0x00000000,2025-12-14T15:31:27.989Z,2025-12-14T15:31:27.989Z
7,0x0004,12441,0x00000000,2025-12-14T15:31:27.989Z,2025-12-14T15:31:27.989Z
38,0x000a,-1.80121,0x00000000,2025-12-14T15:31:28.092Z,2025-12-14T15:31:28.092Z
36,0x000a,-0.00337822,0x00000000,2025-12-14T15:31:28.092Z,2025-12-14T15:31:28.092Z
35,0x000a,-1.54425,0x00000000,2025-12-14T15:31:28.092Z,2025-12-14T15:31:28.092Z
34,0x000a,-0.000988502,0x00000000,2025-12-14T15:31:28.092Z,2025-12-14T15:31:28.092Z
25,0x000a,4.33992,0x00000000,2025-12-14T15:31:28.092Z,2025-12-14T15:31:28.092Z
23,0x000a,-0.00337822,0x00000000,2025-12-14T15:31:28.092Z,2025-12-14T15:31:28.092Z
22,0x000a,-1.54425,0x00000000,2025-12-14T15:31:28.092Z,2025-12-14T15:31:28.092Z
21,0x000a,-0.000988502,0x00000000,2025-12-14T15:31:28.092Z,2025-12-14T15:31:28.092Z
7,0x0004,11999,0x00000000,2025-12-14T15:31:28.092Z,2025-12-14T15:31:28.092Z
38,0x000a,-1.59867,0x00000000,2025-12-14T15:31:28.190Z,2025-12-14T15:31:28.190Z
36,0x000a,-0.00168911,0x00000000,2025-12-14T15:31:28.190Z,2025-12-14T15:31:28.190Z
35,0x000a,-1.67273,0x00000000,2025-12-14T15:31:28.190Z,2025-12-14T15:31:28.190Z
34,0x000a,-0.000494251,0x00000000,2025-12-14T15:31:28.190Z,2025-12-14T15:31:28.190Z
25,0x000a,4.18981,0x00000000,2025-12-14T15:31:28.190Z,2025-12-14T15:31:28.190Z
23,0x000a,-0.00168911,0x00000000,2025-12-14T15:31:28.190Z,2025-12-14T15:31:28.190Z
22,0x000a,-1.67273,0x00000000,2025-12-14T15:31:28.190Z,2025-12-14T15:31:28.190Z
21,0x000a,-0.000494251,0x00000000,2025-12-14T15:31:28.190Z,2025-12-14T15:31:28.190Z
7,0x0004,11584,0x00000000,2025-12-14T15:31:28.190Z,2025-12-14T15:31:28.190Z
38,0x000a,-3.00203,0x00000000,2025-12-14T15:31:28.290Z,2025-12-14T15:31:28.290Z
36,0x000a,-0.000844555,0x00000000,2025-12-14T15:31:28.290Z,2025-12-14T15:31:28.290Z
35,0x000a,-1.6357,0x00000000,2025-12-14T15:31:28.290Z,2025-12-14T15:31:28.290Z
34,0x000a,-0.000247125,0x00000000,2025-12-14T15:31:28.290Z,2025-12-14T15:31:28.290Z
25,0x000a,4.03971,0x00000000,2025-12-14T15:31:28.290Z,2025-12-14T15:31:28.290Z
23,0x000a,-0.000844555,0x00000000,2025-12-14T15:31:28.290Z,2025-12-14T15:31:28.290Z
22,0x000a,-1.6357,0x00000000,2025-12-14T15:31:28.290Z,2025-12-14T15:31:28.290Z
21,0x000a,-0.000247125,0x00000000,2025-12-14T15:31:28.290Z,2025-12-14T15:31:28.290Z
16,0x0001,false,0x00000000,2025-12-14T15:31:28.290Z,2025-12-14T15:31:28.290Z
7,0x0004,11169,0x00000000,2025-12-14T15:31:28.290Z,2025-12-14T15:31:28.290Z
36,0x000a,-0.000422278,0x00000000,2025-12-14T15:31:28.388Z,2025-12-14T15:31:28.388Z
35,0x000a,-2.31886,0x00000000,2025-12-14T15:31:28.388Z,2025-12-14T15:31:28.388Z
34,0x000a,-0.000123563,0x00000000,2025-12-14T15:31:28.388Z,2025-12-14T15:31:28.388Z
25,0x000a,3.87985,0x00000000,2025-12-14T15:31:28.388Z,2025-12-14T15:31:28.388Z
23,0x000a,-0.000422278,0x00000000,2025-12-14T15:31:28.388Z,2025-12-14T15:31:28.388Z
22,0x000a,-2.31886,0x00000000,2025-12-14T15:31:28.388Z,2025-12-14T15:31:28.388Z
21,0x000a,-0.000123563,0x00000000,2025-12-14T15:31:28.388Z,2025-12-14T15:31:28.388Z
7,0x0004,10727,0x00000000,2025-12-14T15:31:28.388Z,2025-12-14T15:31:28.388Z
38,0x000a,-1.59867,0x00000000,2025-12-14T15:31:28.490Z,2025-12-14T15:31:28.490Z
7,0x0004,10561,0x00000000,2025-12-14T15:31:28.490Z,2025-12-14T15:31:28.490Z
38,0x000a,-0.600405,0x00000000,2025-12-14T15:31:28.590Z,2025-12-14T15:31:28.590Z
36,0x000a,-0.000211139,0x00000000,2025-12-14T15:31:28.590Z,2025-12-14T15:31:28.590Z
35,0x000a,-1.95877,0x00000000,2025-12-14T15:31:28.590Z,2025-12-14T15:31:28.590Z
34,0x000a,-6.17814e-05,0x00000000,2025-12-14T15:31:28.590Z,2025-12-14T15:31:28.590Z
25,0x000a,3.81981,0x00000000,2025-12-14T15:31:28.590Z,2025-12-14T15:31:28.590Z
23,0x000a,-0.000211139,0x00000000,2025-12-14T15:31:28.590Z,2025-12-14T15:31:28.590Z
22,0x000a,-1.95877,0x00000000,2025-12-14T15:31:28.590Z,2025-12-14T15:31:28.590Z
21,0x000a,-6.17814e-05,0x00000000,2025-12-14T15:31:28.590Z,2025-12-14T15:31:28.590Z
38,0x000a,0,0x00000000,2025-12-14T15:31:28.689Z,2025-12-14T15:31:28.689Z
36,0x000a,-0.000105569,0x00000000,2025-12-14T15:31:28.689Z,2025-12-14T15:31:28.689Z
35,0x000a,-1.27959,0x00000000,2025-12-14T15:31:28.689Z,2025-12-14T15:31:28.689Z
34,0x000a,-3.08907e-05,0x00000000,2025-12-14T15:31:28.689Z,2025-12-14T15:31:28.689Z
23,0x000a,-0.000105569,0x00000000,2025-12-14T15:31:28.689Z,2025-12-14T15:31:28.689Z
22,0x000a,-1.27959,0x00000000,2025-12-14T15:31:28.689Z,2025-12-14T15:31:28.689Z
21,0x000a,-3.08907e-05,0x00000000,2025-12-14T15:31:28.689Z,2025-12-14T15:31:28.689Z
41,0x0001,true,0x00000000,2025-12-14T15:31:28.789Z,2025-12-14T15:31:28.789Z
36,0x000a,-5.27847e-05,0x00000000,2025-12-14T15:31:28.789Z,2025-12-14T15:31:28.789Z
35,0x000a,-0.639793,0x00000000,2025-12-14T15:31:28.789Z,2025-12-14T15:31:28.789Z
34,0x000a,-1.54453e-05,0x00000000,2025-12-14T15:31:28.789Z,2025-12-14T15:31:28.789Z
27,0x0001,true,0x00000000,2025-12-14T15:31:28.789Z,2025-12-14T15:31:28.789Z
23,0x000a,-5.27847e-05,0x00000000,2025-12-14T15:31:28.789Z,2025-12-14T15:31:28.789Z
22,0x000a,-0.639793,0x00000000,2025-12-14T15:31:28.789Z,2025-12-14T15:31:28.789Z
21,0x000a,-1.54453e-05,0x00000000,2025-12-14T15:31:28.789Z,2025-12-14T15:31:28.789Z
4,0x000a,1,0x00000000,2025-12-14T15:31:28.789Z,2025-12-14T15:31:28.789Z
3,0x000a,1,0x00000000,2025-12-14T15:31:28.789Z,2025-12-14T15:31:28.789Z
2,0x000a,2,0x00000000,2025-12-14T15:31:28.789Z,2025-12-14T15:31:28.789Z
42,0x0001,false,0x00000000,2025-12-14T15:31:28.890Z,2025-12-14T15:31:28.890Z
41,0x0001,false,0x00000000,2025-12-14T15:31:28.890Z,2025-12-14T15:31:28.890Z
40,0x0001,false,0x00000000,2025-12-14T15:31:28.890Z,2025-12-14T15:31:28.890Z
36,0x000a,-2.63924e-05,0x00000000,2025-12-14T15:31:28.890Z,2025-12-14T15:31:28.890Z
35,0x000a,-0.319896,0x00000000,2025-12-14T15:31:28.890Z,2025-12-14T15:31:28.890Z
34,0x000a,-7.72267e-06,0x00000000,2025-12-14T15:31:28.890Z,2025-12-14T15:31:28.890Z
27,0x0001,false,0x00000000,2025-12-14T15:31:28.890Z,2025-12-14T15:31:28.890Z
23,0x000a,-2.63924e-05,0x00000000,2025-12-14T15:31:28.890Z,2025-12-14T15:31:28.890Z
22,0x000a,-0.319896,0x00000000,2025-12-14T15:31:28.890Z,2025-12-14T15:31:28.890Z
21,0x000a,-7.72267e-06,0x00000000,2025-12-14T15:31:28.890Z,2025-12-14T15:31:28.890Z
18,0x0001,true,0x00000000,2025-12-14T15:31:28.890Z,2025-12-14T15:31:28.890Z
16,0x0001,true,0x00000000,2025-12-14T15:31:28.890Z,2025-12-14T15:31:28.890Z
14,0x0001,true,0x00000000,2025-12-14T15:31:28.890Z,2025-12-14T15:31:28.890Z
36,0x000a,-1.31962e-05,0x00000000,2025-12-14T15:31:28.988Z,2025-12-14T15:31:28.988Z
35,0x000a,-0.159948,0x00000000,2025-12-14T15:31:28.988Z,2025-12-14T15:31:28.988Z
34,0x000a,-3.86133e-06,0x00000000,2025-12-14T15:31:28.988Z,2025-12-14T15:31:28.988Z
23,0x000a,-1.31962e-05,0x00000000,2025-12-14T15:31:28.988Z,2025-12-14T15:31:28.988Z
22,0x000a,-0.159948,0x00000000,2025-12-14T15:31:28.988Z,2025-12-14T15:31:28.988Z
21,0x000a,-3.86133e-06,0x00000000,2025-12-14T15:31:28.988Z,2025-12-14T15:31:28.988Z
39,0x000a,-0.701675,0x00000000,2025-12-14T15:31:29.089Z,2025-12-14T15:31:29.089Z
38,0x000a,-0.900607,0x00000000,2025-12-14T15:31:29.089Z,2025-12-14T15:31:29.089Z
37,0x000a,-1.69994,0x00000000,2025-12-14T15:31:29.089Z,2025-12-14T15:31:29.089Z
36,0x000a,-6.59809e-06,0x00000000,2025-12-14T15:31:29.089Z,2025-12-14T15:31:29.089Z
35,0x000a,-0.0799741,0x00000000,2025-12-14T15:31:29.089Z,2025-12-14T15:31:29.089Z
34,0x000a,-1.93067e-06,0x00000000,2025-12-14T15:31:29.089Z,2025-12-14T15:31:29.089Z
26,0x000a,4.01982,0x00000000,2025-12-14T15:31:29.089Z,2025-12-14T15:31:29.089Z
25,0x000a,3.72975,0x00000000,2025-12-14T15:31:29.089Z,2025-12-14T15:31:29.089Z
24,0x000a,4.23973,0x00000000,2025-12-14T15:31:29.089Z,2025-12-14T15:31:29.089Z
23,0x000a,-6.59809e-06,0x00000000,2025-12-14T15:31:29.089Z,2025-12-14T15:31:29.089Z
22,0x000a,-0.0799741,0x00000000,2025-12-14T15:31:29.089Z,2025-12-14T15:31:29.089Z
21,0x000a,-1.93067e-06,0x00000000,2025-12-14T15:31:29.089Z,2025-12-14T15:31:29.089Z
8,0x0004,11114,0x00000000,2025-12-14T15:31:29.089Z,2025-12-14T15:31:29.089Z
7,0x0004,10312,0x00000000,2025-12-14T15:31:29.089Z,2025-12-14T15:31:29.089Z
6,0x0004,11722,0x00000000,2025-12-14T15:31:29.089Z,2025-12-14T15:31:29.089Z
36,0x000a,-0.350841,0x00000000,2025-12-14T15:31:29.190Z,2025-12-14T15:31:29.190Z
35,0x000a,-0.490291,0x00000000,2025-12-14T15:31:29.190Z,2025-12-14T15:31:29.190Z
34,0x000a,-0.849973,0x00000000,2025-12-14T15:31:29.190Z,2025-12-14T15:31:29.190Z
26,0x000a,3.79991,0x00000000,2025-12-14T15:31:29.190Z,2025-12-14T15:31:29.190Z
25,0x000a,3.57964,0x00000000,2025-12-14T15:31:29.190Z,2025-12-14T15:31:29.190Z
24,0x000a,3.96991,0x00000000,2025-12-14T15:31:29.190Z,2025-12-14T15:31:29.190Z
23,0x000a,-0.350841,0x00000000,2025-12-14T15:31:29.190Z,2025-12-14T15:31:29.190Z
22,0x000a,-0.490291,0x00000000,2025-12-14T15:31:29.190Z,2025-12-14T15:31:29.190Z
21,0x000a,-0.849973,0x00000000,2025-12-14T15:31:29.190Z,2025-12-14T15:31:29.190Z
8,0x0004,10506,0x00000000,2025-12-14T15:31:29.190Z,2025-12-14T15:31:29.190Z
7,0x0004,9897,0x00000000,2025-12-14T15:31:29.190Z,2025-12-14T15:31:29.190Z
6,0x0004,10976,0x00000000,2025-12-14T15:31:29.190Z,2025-12-14T15:31:29.190Z
39,0x000a,-2.19908,0x00000000,2025-12-14T15:31:29.290Z,2025-12-14T15:31:29.290Z
38,0x000a,-1.50101,0x00000000,2025-12-14T15:31:29.290Z,2025-12-14T15:31:29.290Z
37,0x000a,-2.69821,0x00000000,2025-12-14T15:31:29.290Z,2025-12-14T15:31:29.290Z
26,0x000a,3.58977,0x00000000,2025-12-14T15:31:29.290Z,2025-12-14T15:31:29.290Z
25,0x000a,3.41978,0x00000000,2025-12-14T15:31:29.290Z,2025-12-14T15:31:29.290Z
24,0x000a,3.68996,0x00000000,2025-12-14T15:31:29.290Z,2025-12-14T15:31:29.290Z
8,0x0004,9925,0x00000000,2025-12-14T15:31:29.290Z,2025-12-14T15:31:29.290Z
7,0x0004,9455,0x00000000,2025-12-14T15:31:29.290Z,2025-12-14T15:31:29.290Z
6,0x0004,10202,0x00000000,2025-12-14T15:31:29.290Z,2025-12-14T15:31:29.290Z
39,0x000a,-2.10142,0x00000000,2025-12-14T15:31:29.389Z,2025-12-14T15:31:29.389Z
38,0x000a,-1.59867,0x00000000,2025-12-14T15:31:29.389Z,2025-12-14T15:31:29.389Z
37,0x000a,-2.79948,0x00000000,2025-12-14T15:31:29.389Z,2025-12-14T15:31:29.389Z
36,0x000a,-1.27496,0x00000000,2025-12-14T15:31:29.389Z,2025-12-14T15:31:29.389Z
35,0x000a,-0.995652,0x00000000,2025-12-14T15:31:29.389Z,2025-12-14T15:31:29.389Z
34,0x000a,-1.77409,0x00000000,2025-12-14T15:31:29.389Z,2025-12-14T15:31:29.389Z
26,0x000a,3.37999,0x00000000,2025-12-14T15:31:29.389Z,2025-12-14T15:31:29.389Z
25,0x000a,3.26968,0x00000000,2025-12-14T15:31:29.389Z,2025-12-14T15:31:29.389Z
24,0x000a,3.41978,0x00000000,2025-12-14T15:31:29.389Z,2025-12-14T15:31:29.389Z
23,0x000a,-1.27496,0x00000000,2025-12-14T15:31:29.389Z,2025-12-14T15:31:29.389Z
22,0x000a,-0.995652,0x00000000,2025-12-14T15:31:29.389Z,2025-12-14T15:31:29.389Z
21,0x000a,-1.77409,0x00000000,2025-12-14T15:31:29.389Z,2025-12-14T15:31:29.389Z
8,0x0004,9345,0x00000000,2025-12-14T15:31:29.389Z,2025-12-14T15:31:29.389Z
7,0x0004,9040,0x00000000,2025-12-14T15:31:29.389Z,2025-12-14T15:31:29.389Z
6,0x0004,9455,0x00000000,2025-12-14T15:31:29.389Z,2025-12-14T15:31:29.389Z
39,0x000a,-4.19922,0x00000000,2025-12-14T15:31:29.490Z,2025-12-14T15:31:29.490Z
39,0x000a,-2.19907,0x00000000,2025-12-14T15:31:29.587Z,2025-12-14T15:31:29.587Z
38,0x000a,-2.99841,0x00000000,2025-12-14T15:31:29.490Z,2025-12-14T15:31:29.490Z
38,0x000a,-1.60228,0x00000000,2025-12-14T15:31:29.587Z,2025-12-14T15:31:29.587Z
37,0x000a,-5.5013,0x00000000,2025-12-14T15:31:29.490Z,2025-12-14T15:31:29.490Z
37,0x000a,-2.70182,0x00000000,2025-12-14T15:31:29.587Z,2025-12-14T15:31:29.587Z
36,0x000a,-1.68819,0x00000000,2025-12-14T15:31:29.490Z,2025-12-14T15:31:29.490Z
36,0x000a,-2.9437,0x00000000,2025-12-14T15:31:29.587Z,2025-12-14T15:31:29.587Z
35,0x000a,-1.29716,0x00000000,2025-12-14T15:31:29.490Z,2025-12-14T15:31:29.490Z
35,0x000a,-2.14778,0x00000000,2025-12-14T15:31:29.587Z,2025-12-14T15:31:29.587Z
34,0x000a,-2.28678,0x00000000,2025-12-14T15:31:29.490Z,2025-12-14T15:31:29.490Z
34,0x000a,-3.89404,0x00000000,2025-12-14T15:31:29.587Z,2025-12-14T15:31:29.587Z
26,0x000a,3.16985,0x00000000,2025-12-14T15:31:29.490Z,2025-12-14T15:31:29.490Z
26,0x000a,2.94994,0x00000000,2025-12-14T15:31:29.587Z,2025-12-14T15:31:29.587Z
25,0x000a,3.11994,0x00000000,2025-12-14T15:31:29.490Z,2025-12-14T15:31:29.490Z
25,0x000a,2.95971,0x00000000,2025-12-14T15:31:29.587Z,2025-12-14T15:31:29.587Z
24,0x000a,3.13983,0x00000000,2025-12-14T15:31:29.490Z,2025-12-14T15:31:29.490Z
24,0x000a,2.86965,0x00000000,2025-12-14T15:31:29.587Z,2025-12-14T15:31:29.587Z
23,0x000a,-1.68819,0x00000000,2025-12-14T15:31:29.490Z,2025-12-14T15:31:29.490Z
23,0x000a,-2.9437,0x00000000,2025-12-14T15:31:29.587Z,2025-12-14T15:31:29.587Z
22,0x000a,-1.29716,0x00000000,2025-12-14T15:31:29.490Z,2025-12-14T15:31:29.490Z
22,0x000a,-2.14778,0x00000000,2025-12-14T15:31:29.587Z,2025-12-14T15:31:29.587Z
21,0x000a,-2.28678,0x00000000,2025-12-14T15:31:29.490Z,2025-12-14T15:31:29.490Z
21,0x000a,-3.89404,0x00000000,2025-12-14T15:31:29.587Z,2025-12-14T15:31:29.587Z
8,0x0004,8764,0x00000000,2025-12-14T15:31:29.490Z,2025-12-14T15:31:29.490Z
8,0x0004,8156,0x00000000,2025-12-14T15:31:29.587Z,2025-12-14T15:31:29.587Z
7,0x0004,8626,0x00000000,2025-12-14T15:31:29.490Z,2025-12-14T15:31:29.490Z
7,0x0004,8183,0x00000000,2025-12-14T15:31:29.587Z,2025-12-14T15:31:29.587Z
6,0x0004,8681,0x00000000,2025-12-14T15:31:29.490Z,2025-12-14T15:31:29.490Z
6,0x0004,7934,0x00000000,2025-12-14T15:31:29.587Z,2025-12-14T15:31:29.587Z
39,0x000a,-2.50289,0x00000000,2025-12-14T15:31:29.689Z,2025-12-14T15:31:29.689Z
38,0x000a,-1.7976,0x00000000,2025-12-14T15:31:29.689Z,2025-12-14T15:31:29.689Z
37,0x000a,-3.39988,0x00000000,2025-12-14T15:31:29.689Z,2025-12-14T15:31:29.689Z
36,0x000a,-2.57139,0x00000000,2025-12-14T15:31:29.689Z,2025-12-14T15:31:29.689Z
35,0x000a,-1.87503,0x00000000,2025-12-14T15:31:29.689Z,2025-12-14T15:31:29.689Z
34,0x000a,-3.29793,0x00000000,2025-12-14T15:31:29.689Z,2025-12-14T15:31:29.689Z
26,0x000a,2.69965,0x00000000,2025-12-14T15:31:29.689Z,2025-12-14T15:31:29.689Z
25,0x000a,2.77995,0x00000000,2025-12-14T15:31:29.689Z,2025-12-14T15:31:29.689Z
24,0x000a,2.52966,0x00000000,2025-12-14T15:31:29.689Z,2025-12-14T15:31:29.689Z
23,0x000a,-2.57139,0x00000000,2025-12-14T15:31:29.689Z,2025-12-14T15:31:29.689Z
22,0x000a,-1.87503,0x00000000,2025-12-14T15:31:29.689Z,2025-12-14T15:31:29.689Z
21,0x000a,-3.29793,0x00000000,2025-12-14T15:31:29.689Z,2025-12-14T15:31:29.689Z
8,0x0004,7464,0x00000000,2025-12-14T15:31:29.689Z,2025-12-14T15:31:29.689Z
7,0x0004,7686,0x00000000,2025-12-14T15:31:29.689Z,2025-12-14T15:31:29.689Z
6,0x0004,6994,0x00000000,2025-12-14T15:31:29.689Z,2025-12-14T15:31:29.689Z
39,0x000a,-2.19907,0x00000000,2025-12-14T15:31:29.791Z,2025-12-14T15:31:29.791Z
38,0x000a,-1.50101,0x00000000,2025-12-14T15:31:29.791Z,2025-12-14T15:31:29.791Z
37,0x000a,-2.69821,0x00000000,2025-12-14T15:31:29.791Z,2025-12-14T15:31:29.791Z
36,0x000a,-2.53714,0x00000000,2025-12-14T15:31:29.791Z,2025-12-14T15:31:29.791Z
35,0x000a,-1.83632,0x00000000,2025-12-14T15:31:29.791Z,2025-12-14T15:31:29.791Z
34,0x000a,-3.34891,0x00000000,2025-12-14T15:31:29.791Z,2025-12-14T15:31:29.791Z
26,0x000a,2.47975,0x00000000,2025-12-14T15:31:29.791Z,2025-12-14T15:31:29.791Z
25,0x000a,2.62985,0x00000000,2025-12-14T15:31:29.791Z,2025-12-14T15:31:29.791Z
24,0x000a,2.25984,0x00000000,2025-12-14T15:31:29.791Z,2025-12-14T15:31:29.791Z
23,0x000a,-2.53714,0x00000000,2025-12-14T15:31:29.791Z,2025-12-14T15:31:29.791Z
22,0x000a,-1.83632,0x00000000,2025-12-14T15:31:29.791Z,2025-12-14T15:31:29.791Z
21,0x000a,-3.34891,0x00000000,2025-12-14T15:31:29.791Z,2025-12-14T15:31:29.791Z
14,0x0001,false,0x00000000,2025-12-14T15:31:29.791Z,2025-12-14T15:31:29.791Z
8,0x0004,6856,0x00000000,2025-12-14T15:31:29.791Z,2025-12-14T15:31:29.791Z
7,0x0004,7271,0x00000000,2025-12-14T15:31:29.791Z,2025-12-14T15:31:29.791Z
6,0x0004,6248,0x00000000,2025-12-14T15:31:29.791Z,2025-12-14T15:31:29.791Z
39,0x000a,-2.0978,0x00000000,2025-12-14T15:31:29.890Z,2025-12-14T15:31:29.890Z
38,0x000a,-1.59867,0x00000000,2025-12-14T15:31:29.890Z,2025-12-14T15:31:29.890Z
37,0x000a,-2.79948,0x00000000,2025-12-14T15:31:29.890Z,2025-12-14T15:31:29.890Z
36,0x000a,-2.36811,0x00000000,2025-12-14T15:31:29.890Z,2025-12-14T15:31:29.890Z
35,0x000a,-1.66866,0x00000000,2025-12-14T15:31:29.890Z,2025-12-14T15:31:29.890Z
34,0x000a,-3.02356,0x00000000,2025-12-14T15:31:29.890Z,2025-12-14T15:31:29.890Z
26,0x000a,2.26997,0x00000000,2025-12-14T15:31:29.890Z,2025-12-14T15:31:29.890Z
25,0x000a,2.46998,0x00000000,2025-12-14T15:31:29.890Z,2025-12-14T15:31:29.890Z
24,0x000a,1.97989,0x00000000,2025-12-14T15:31:29.890Z,2025-12-14T15:31:29.890Z
23,0x000a,-2.36811,0x00000000,2025-12-14T15:31:29.890Z,2025-12-14T15:31:29.890Z
22,0x000a,-1.66866,0x00000000,2025-12-14T15:31:29.890Z,2025-12-14T15:31:29.890Z
21,0x000a,-3.02356,0x00000000,2025-12-14T15:31:29.890Z,2025-12-14T15:31:29.890Z
8,0x0004,6276,0x00000000,2025-12-14T15:31:29.890Z,2025-12-14T15:31:29.890Z
7,0x0004,6829,0x00000000,2025-12-14T15:31:29.890Z,2025-12-14T15:31:29.890Z
6,0x0004,5474,0x00000000,2025-12-14T15:31:29.890Z,2025-12-14T15:31:29.890Z
36,0x000a,-2.23295,0x00000000,2025-12-14T15:31:29.989Z,2025-12-14T15:31:29.989Z
35,0x000a,-1.63367,0x00000000,2025-12-14T15:31:29.989Z,2025-12-14T15:31:29.989Z
34,0x000a,-2.91152,0x00000000,2025-12-14T15:31:29.989Z,2025-12-14T15:31:29.989Z
26,0x000a,2.05982,0x00000000,2025-12-14T15:31:29.989Z,2025-12-14T15:31:29.989Z
25,0x000a,2.31988,0x00000000,2025-12-14T15:31:29.989Z,2025-12-14T15:31:29.989Z
24,0x000a,1.86994,0x00000000,2025-12-14T15:31:29.989Z,2025-12-14T15:31:29.989Z
23,0x000a,-2.23295,0x00000000,2025-12-14T15:31:29.989Z,2025-12-14T15:31:29.989Z
22,0x000a,-1.63367,0x00000000,2025-12-14T15:31:29.989Z,2025-12-14T15:31:29.989Z
21,0x000a,-2.91152,0x00000000,2025-12-14T15:31:29.989Z,2025-12-14T15:31:29.989Z
8,0x0004,5695,0x00000000,2025-12-14T15:31:29.989Z,2025-12-14T15:31:29.989Z
7,0x0004,6414,0x00000000,2025-12-14T15:31:29.989Z,2025-12-14T15:31:29.989Z
6,0x0004,5170,0x00000000,2025-12-14T15:31:29.989Z,2025-12-14T15:31:29.989Z
39,0x000a,-2.10142,0x00000000,2025-12-14T15:31:30.088Z,2025-12-14T15:31:30.088Z
38,0x000a,-1.50101,0x00000000,2025-12-14T15:31:30.088Z,2025-12-14T15:31:30.088Z
37,0x000a,-1.09954,0x00000000,2025-12-14T15:31:30.088Z,2025-12-14T15:31:30.088Z
26,0x000a,1.83992,0x00000000,2025-12-14T15:31:30.088Z,2025-12-14T15:31:30.088Z
25,0x000a,2.16978,0x00000000,2025-12-14T15:31:30.088Z,2025-12-14T15:31:30.088Z
8,0x0004,5087,0x00000000,2025-12-14T15:31:30.088Z,2025-12-14T15:31:30.088Z
7,0x0004,5999,0x00000000,2025-12-14T15:31:30.088Z,2025-12-14T15:31:30.088Z
39,0x000a,-2.19907,0x00000000,2025-12-14T15:31:30.187Z,2025-12-14T15:31:30.187Z
38,0x000a,-1.50101,0x00000000,2025-12-14T15:31:30.187Z,2025-12-14T15:31:30.187Z
37,0x000a,0,0x00000000,2025-12-14T15:31:30.187Z,2025-12-14T15:31:30.187Z
36,0x000a,-2.16719,0x00000000,2025-12-14T15:31:30.187Z,2025-12-14T15:31:30.187Z
35,0x000a,-1.56734,0x00000000,2025-12-14T15:31:30.187Z,2025-12-14T15:31:30.187Z
34,0x000a,-2.00553,0x00000000,2025-12-14T15:31:30.187Z,2025-12-14T15:31:30.187Z
26,0x000a,1.58999,0x00000000,2025-12-14T15:31:30.187Z,2025-12-14T15:31:30.187Z
25,0x000a,1.97989,0x00000000,2025-12-14T15:31:30.187Z,2025-12-14T15:31:30.187Z
23,0x000a,-2.16719,0x00000000,2025-12-14T15:31:30.187Z,2025-12-14T15:31:30.187Z
22,0x000a,-1.56734,0x00000000,2025-12-14T15:31:30.187Z,2025-12-14T15:31:30.187Z
21,0x000a,-2.00553,0x00000000,2025-12-14T15:31:30.187Z,2025-12-14T15:31:30.187Z
8,0x0004,4396,0x00000000,2025-12-14T15:31:30.187Z,2025-12-14T15:31:30.187Z
7,0x0004,5474,0x00000000,2025-12-14T15:31:30.187Z,2025-12-14T15:31:30.187Z
40,0x0001,true,0x00000000,2025-12-14T15:31:30.287Z,2025-12-14T15:31:30.287Z
39,0x000a,-2.49928,0x00000000,2025-12-14T15:31:30.287Z,2025-12-14T15:31:30.287Z
38,0x000a,-1.89887,0x00000000,2025-12-14T15:31:30.287Z,2025-12-14T15:31:30.287Z
36,0x000a,-2.18313,0x00000000,2025-12-14T15:31:30.287Z,2025-12-14T15:31:30.287Z
35,0x000a,-1.53418,0x00000000,2025-12-14T15:31:30.287Z,2025-12-14T15:31:30.287Z
34,0x000a,-1.00276,0x00000000,2025-12-14T15:31:30.287Z,2025-12-14T15:31:30.287Z
26,0x000a,1.37985,0x00000000,2025-12-14T15:31:30.287Z,2025-12-14T15:31:30.287Z
25,0x000a,1.82979,0x00000000,2025-12-14T15:31:30.287Z,2025-12-14T15:31:30.287Z
23,0x000a,-2.18313,0x00000000,2025-12-14T15:31:30.287Z,2025-12-14T15:31:30.287Z
22,0x000a,-1.53418,0x00000000,2025-12-14T15:31:30.287Z,2025-12-14T15:31:30.287Z
21,0x000a,-1.00276,0x00000000,2025-12-14T15:31:30.287Z,2025-12-14T15:31:30.287Z
8,0x0004,3815,0x00000000,2025-12-14T15:31:30.287Z,2025-12-14T15:31:30.287Z
7,0x0004,5059,0x00000000,2025-12-14T15:31:30.287Z,2025-12-14T15:31:30.287Z
39,0x000a,-2.10142,0x00000000,2025-12-14T15:31:30.388Z,2025-12-14T15:31:30.388Z
38,0x000a,-1.50101,0x00000000,2025-12-14T15:31:30.388Z,2025-12-14T15:31:30.388Z
36,0x000a,-2.3412,0x00000000,2025-12-14T15:31:30.388Z,2025-12-14T15:31:30.388Z
35,0x000a,-1.71652,0x00000000,2025-12-14T15:31:30.388Z,2025-12-14T15:31:30.388Z
34,0x000a,-0.501382,0x00000000,2025-12-14T15:31:30.388Z,2025-12-14T15:31:30.388Z
26,0x000a,1.15994,0x00000000,2025-12-14T15:31:30.388Z,2025-12-14T15:31:30.388Z
25,0x000a,1.67969,0x00000000,2025-12-14T15:31:30.388Z,2025-12-14T15:31:30.388Z
23,0x000a,-2.3412,0x00000000,2025-12-14T15:31:30.388Z,2025-12-14T15:31:30.388Z
22,0x000a,-1.71652,0x00000000,2025-12-14T15:31:30.388Z,2025-12-14T15:31:30.388Z
21,0x000a,-0.501382,0x00000000,2025-12-14T15:31:30.388Z,2025-12-14T15:31:30.388Z
18,0x0001,false,0x00000000,2025-12-14T15:31:30.388Z,2025-12-14T15:31:30.388Z
8,0x0004,3207,0x00000000,2025-12-14T15:31:30.388Z,2025-12-14T15:31:30.388Z
7,0x0004,4644,0x00000000,2025-12-14T15:31:30.388Z,2025-12-14T15:31:30.388Z
39,0x000a,-2.19907,0x00000000,2025-12-14T15:31:30.490Z,2025-12-14T15:31:30.490Z
38,0x000a,-1.50101,0x00000000,2025-12-14T15:31:30.490Z,2025-12-14T15:31:30.490Z
36,0x000a,-2.22131,0x00000000,2025-12-14T15:31:30.490Z,2025-12-14T15:31:30.490Z
35,0x000a,-1.60877,0x00000000,2025-12-14T15:31:30.490Z,2025-12-14T15:31:30.490Z
34,0x000a,-0.250691,0x00000000,2025-12-14T15:31:30.490Z,2025-12-14T15:31:30.490Z
26,0x000a,0.949797,0x00000000,2025-12-14T15:31:30.490Z,2025-12-14T15:31:30.490Z
25,0x000a,1.51982,0x00000000,2025-12-14T15:31:30.490Z,2025-12-14T15:31:30.490Z
23,0x000a,-2.22131,0x00000000,2025-12-14T15:31:30.490Z,2025-12-14T15:31:30.490Z
22,0x000a,-1.60877,0x00000000,2025-12-14T15:31:30.490Z,2025-12-14T15:31:30.490Z
21,0x000a,-0.250691,0x00000000,2025-12-14T15:31:30.490Z,2025-12-14T15:31:30.490Z
8,0x0004,2626,0x00000000,2025-12-14T15:31:30.490Z,2025-12-14T15:31:30.490Z
7,0x0004,4202,0x00000000,2025-12-14T15:31:30.490Z,2025-12-14T15:31:30.490Z
39,0x000a,-3.00202,0x00000000,2025-12-14T15:31:30.592Z,2025-12-14T15:31:30.592Z
38,0x000a,-3.09968,0x00000000,2025-12-14T15:31:30.592Z,2025-12-14T15:31:30.592Z
36,0x000a,-2.21019,0x00000000,2025-12-14T15:31:30.592Z,2025-12-14T15:31:30.592Z
35,0x000a,-1.55489,0x00000000,2025-12-14T15:31:30.592Z,2025-12-14T15:31:30.592Z
34,0x000a,-0.125345,0x00000000,2025-12-14T15:31:30.592Z,2025-12-14T15:31:30.592Z
26,0x000a,0.859737,0x00000000,2025-12-14T15:31:30.592Z,2025-12-14T15:31:30.592Z
25,0x000a,1.36972,0x00000000,2025-12-14T15:31:30.592Z,2025-12-14T15:31:30.592Z
23,0x000a,-2.21019,0x00000000,2025-12-14T15:31:30.592Z,2025-12-14T15:31:30.592Z
22,0x000a,-1.55489,0x00000000,2025-12-14T15:31:30.592Z,2025-12-14T15:31:30.592Z
21,0x000a,-0.125345,0x00000000,2025-12-14T15:31:30.592Z,2025-12-14T15:31:30.592Z
8,0x0004,2377,0x00000000,2025-12-14T15:31:30.592Z,2025-12-14T15:31:30.592Z
7,0x0004,3787,0x00000000,2025-12-14T15:31:30.592Z,2025-12-14T15:31:30.592Z
39,0x000a,0,0x00000000,2025-12-14T15:31:30.689Z,2025-12-14T15:31:30.689Z
38,0x000a,-1.4974,0x00000000,2025-12-14T15:31:30.689Z,2025-12-14T15:31:30.689Z
36,0x000a,-2.60611,0x00000000,2025-12-14T15:31:30.689Z,2025-12-14T15:31:30.689Z
35,0x000a,-2.32729,0x00000000,2025-12-14T15:31:30.689Z,2025-12-14T15:31:30.689Z
34,0x000a,-0.0626727,0x00000000,2025-12-14T15:31:30.689Z,2025-12-14T15:31:30.689Z
25,0x000a,1.21998,0x00000000,2025-12-14T15:31:30.689Z,2025-12-14T15:31:30.689Z
23,0x000a,-2.60611,0x00000000,2025-12-14T15:31:30.689Z,2025-12-14T15:31:30.689Z
22,0x000a,-2.32729,0x00000000,2025-12-14T15:31:30.689Z,2025-12-14T15:31:30.689Z
21,0x000a,-0.0626727,0x00000000,2025-12-14T15:31:30.689Z,2025-12-14T15:31:30.689Z
16,0x0001,false,0x00000000,2025-12-14T15:31:30.689Z,2025-12-14T15:31:30.689Z
7,0x0004,3373,0x00000000,2025-12-14T15:31:30.689Z,2025-12-14T15:31:30.689Z
38,0x000a,-1.90249,0x00000000,2025-12-14T15:31:30.788Z,2025-12-14T15:31:30.788Z
36,0x000a,-1.30305,0x00000000,2025-12-14T15:31:30.788Z,2025-12-14T15:31:30.788Z
35,0x000a,-1.91234,0x00000000,2025-12-14T15:31:30.788Z,2025-12-14T15:31:30.788Z
34,0x000a,-0.0313364,0x00000000,2025-12-14T15:31:30.788Z,2025-12-14T15:31:30.788Z
25,0x000a,1.02973,0x00000000,2025-12-14T15:31:30.788Z,2025-12-14T15:31:30.788Z
23,0x000a,-1.30305,0x00000000,2025-12-14T15:31:30.788Z,2025-12-14T15:31:30.788Z
22,0x000a,-1.91234,0x00000000,2025-12-14T15:31:30.788Z,2025-12-14T15:31:30.788Z
21,0x000a,-0.0313364,0x00000000,2025-12-14T15:31:30.788Z,2025-12-14T15:31:30.788Z
7,0x0004,2847,0x00000000,2025-12-14T15:31:30.788Z,2025-12-14T15:31:30.788Z
42,0x0001,true,0x00000000,2025-12-14T15:31:30.889Z,2025-12-14T15:31:30.889Z
25,0x000a,0.96969,0x00000000,2025-12-14T15:31:30.889Z,2025-12-14T15:31:30.889Z
7,0x0004,2681,0x00000000,2025-12-14T15:31:30.889Z,2025-12-14T15:31:30.889Z
38,0x000a,-0.600405,0x00000000,2025-12-14T15:31:30.989Z,2025-12-14T15:31:30.989Z
36,0x000a,-0.651527,0x00000000,2025-12-14T15:31:30.989Z,2025-12-14T15:31:30.989Z
35,0x000a,-1.90741,0x00000000,2025-12-14T15:31:30.989Z,2025-12-14T15:31:30.989Z
34,0x000a,-0.0156682,0x00000000,2025-12-14T15:31:30.989Z,2025-12-14T15:31:30.989Z
23,0x000a,-0.651527,0x00000000,2025-12-14T15:31:30.989Z,2025-12-14T15:31:30.989Z
22,0x000a,-1.90741,0x00000000,2025-12-14T15:31:30.989Z,2025-12-14T15:31:30.989Z
21,0x000a,-0.0156682,0x00000000,2025-12-14T15:31:30.989Z,2025-12-14T15:31:30.989Z
38,0x000a,0,0x00000000,2025-12-14T15:31:31.088Z,2025-12-14T15:31:31.088Z
36,0x000a,-0.325764,0x00000000,2025-12-14T15:31:31.088Z,2025-12-14T15:31:31.088Z
35,0x000a,-1.25391,0x00000000,2025-12-14T15:31:31.088Z,2025-12-14T15:31:31.088Z
34,0x000a,-0.00783409,0x00000000,2025-12-14T15:31:31.088Z,2025-12-14T15:31:31.088Z
23,0x000a,-0.325764,0x00000000,2025-12-14T15:31:31.088Z,2025-12-14T15:31:31.088Z
22,0x000a,-1.25391,0x00000000,2025-12-14T15:31:31.088Z,2025-12-14T15:31:31.088Z
21,0x000a,-0.00783409,0x00000000,2025-12-14T15:31:31.088Z,2025-12-14T15:31:31.088Z
42,0x0001,false,0x00000000,2025-12-14T15:31:31.190Z,2025-12-14T15:31:31.190Z
40,0x0001,false,0x00000000,2025-12-14T15:31:31.190Z,2025-12-14T15:31:31.190Z
36,0x000a,-0.162882,0x00000000,2025-12-14T15:31:31.190Z,2025-12-14T15:31:31.190Z
36,0x000a,-0.0814409,0x00000000,2025-12-14T15:31:31.290Z,2025-12-14T15:31:31.290Z
35,0x000a,-0.626955,0x00000000,2025-12-14T15:31:31.190Z,2025-12-14T15:31:31.190Z
35,0x000a,-0.313477,0x00000000,2025-12-14T15:31:31.290Z,2025-12-14T15:31:31.290Z
34,0x000a,-0.00391705,0x00000000,2025-12-14T15:31:31.190Z,2025-12-14T15:31:31.190Z
34,0x000a,-0.00195852,0x00000000,2025-12-14T15:31:31.290Z,2025-12-14T15:31:31.290Z
23,0x000a,-0.162882,0x00000000,2025-12-14T15:31:31.190Z,2025-12-14T15:31:31.190Z
23,0x000a,-0.0814409,0x00000000,2025-12-14T15:31:31.290Z,2025-12-14T15:31:31.290Z
22,0x000a,-0.626955,0x00000000,2025-12-14T15:31:31.190Z,2025-12-14T15:31:31.190Z
22,0x000a,-0.313477,0x00000000,2025-12-14T15:31:31.290Z,2025-12-14T15:31:31.290Z
21,0x000a,-0.00391705,0x00000000,2025-12-14T15:31:31.190Z,2025-12-14T15:31:31.190Z
21,0x000a,-0.00195852,0x00000000,2025-12-14T15:31:31.290Z,2025-12-14T15:31:31.290Z
17,0x0001,true,0x00000000,2025-12-14T15:31:31.190Z,2025-12-14T15:31:31.190Z
15,0x0001,true,0x00000000,2025-12-14T15:31:31.190Z,2025-12-14T15:31:31.190Z
13,0x0001,true,0x00000000,2025-12-14T15:31:31.190Z,2025-12-14T15:31:31.190Z
4,0x000a,6.5,0x00000000,2025-12-14T15:31:31.190Z,2025-12-14T15:31:31.190Z
3,0x000a,8.2,0x00000000,2025-12-14T15:31:31.190Z,2025-12-14T15:31:31.190Z
2,0x000a,7.5,0x00000000,2025-12-14T15:31:31.190Z,2025-12-14T15:31:31.190Z
36,0x000a,-0.0407204,0x00000000,2025-12-14T15:31:31.388Z,2025-12-14T15:31:31.388Z
35,0x000a,-0.156739,0x00000000,2025-12-14T15:31:31.388Z,2025-12-14T15:31:31.388Z
34,0x000a,-0.000979261,0x00000000,2025-12-14T15:31:31.388Z,2025-12-14T15:31:31.388Z
26,0x000a,0.93967,0x00000000,2025-12-14T15:31:31.388Z,2025-12-14T15:31:31.388Z
25,0x000a,1.05975,0x00000000,2025-12-14T15:31:31.388Z,2025-12-14T15:31:31.388Z
24,0x000a,2.03993,0x00000000,2025-12-14T15:31:31.388Z,2025-12-14T15:31:31.388Z
23,0x000a,-0.0407204,0x00000000,2025-12-14T15:31:31.388Z,2025-12-14T15:31:31.388Z
22,0x000a,-0.156739,0x00000000,2025-12-14T15:31:31.388Z,2025-12-14T15:31:31.388Z
21,0x000a,-0.000979261,0x00000000,2025-12-14T15:31:31.388Z,2025-12-14T15:31:31.388Z
8,0x0004,2598,0x00000000,2025-12-14T15:31:31.388Z,2025-12-14T15:31:31.388Z
7,0x0004,2930,0x00000000,2025-12-14T15:31:31.388Z,2025-12-14T15:31:31.388Z
6,0x0004,5640,0x00000000,2025-12-14T15:31:31.388Z,2025-12-14T15:31:31.388Z
39,0x000a,0.799335,0x00000000,2025-12-14T15:31:31.489Z,2025-12-14T15:31:31.489Z
38,0x000a,0.900608,0x00000000,2025-12-14T15:31:31.489Z,2025-12-14T15:31:31.489Z
37,0x000a,1.69994,0x00000000,2025-12-14T15:31:31.489Z,2025-12-14T15:31:31.489Z
36,0x000a,-0.0203602,0x00000000,2025-12-14T15:31:31.489Z,2025-12-14T15:31:31.489Z
35,0x000a,-0.0783694,0x00000000,2025-12-14T15:31:31.489Z,2025-12-14T15:31:31.489Z
34,0x000a,-0.000489631,0x00000000,2025-12-14T15:31:31.489Z,2025-12-14T15:31:31.489Z
23,0x000a,-0.0203602,0x00000000,2025-12-14T15:31:31.489Z,2025-12-14T15:31:31.489Z
22,0x000a,-0.0783694,0x00000000,2025-12-14T15:31:31.489Z,2025-12-14T15:31:31.489Z
21,0x000a,-0.000489631,0x00000000,2025-12-14T15:31:31.489Z,2025-12-14T15:31:31.489Z
39,0x000a,2.10142,0x00000000,2025-12-14T15:31:31.588Z,2025-12-14T15:31:31.588Z
38,0x000a,1.60229,0x00000000,2025-12-14T15:31:31.588Z,2025-12-14T15:31:31.588Z
37,0x000a,2.6982,0x00000000,2025-12-14T15:31:31.588Z,2025-12-14T15:31:31.588Z
36,0x000a,0.389487,0x00000000,2025-12-14T15:31:31.588Z,2025-12-14T15:31:31.588Z
35,0x000a,0.411119,0x00000000,2025-12-14T15:31:31.588Z,2025-12-14T15:31:31.588Z
34,0x000a,0.849726,0x00000000,2025-12-14T15:31:31.588Z,2025-12-14T15:31:31.588Z
26,0x000a,1.14981,0x00000000,2025-12-14T15:31:31.588Z,2025-12-14T15:31:31.588Z
25,0x000a,1.21998,0x00000000,2025-12-14T15:31:31.588Z,2025-12-14T15:31:31.588Z
24,0x000a,2.30975,0x00000000,2025-12-14T15:31:31.588Z,2025-12-14T15:31:31.588Z
23,0x000a,0.389487,0x00000000,2025-12-14T15:31:31.588Z,2025-12-14T15:31:31.588Z
22,0x000a,0.411119,0x00000000,2025-12-14T15:31:31.588Z,2025-12-14T15:31:31.588Z
21,0x000a,0.849726,0x00000000,2025-12-14T15:31:31.588Z,2025-12-14T15:31:31.588Z
8,0x0004,3179,0x00000000,2025-12-14T15:31:31.588Z,2025-12-14T15:31:31.588Z
7,0x0004,3373,0x00000000,2025-12-14T15:31:31.588Z,2025-12-14T15:31:31.588Z
6,0x0004,6386,0x00000000,2025-12-14T15:31:31.588Z,2025-12-14T15:31:31.588Z
36,0x000a,1.24545,0x00000000,2025-12-14T15:31:31.690Z,2025-12-14T15:31:31.690Z
35,0x000a,1.0067,0x00000000,2025-12-14T15:31:31.690Z,2025-12-14T15:31:31.690Z
34,0x000a,1.77397,0x00000000,2025-12-14T15:31:31.690Z,2025-12-14T15:31:31.690Z
26,0x000a,1.35995,0x00000000,2025-12-14T15:31:31.690Z,2025-12-14T15:31:31.690Z
25,0x000a,1.36972,0x00000000,2025-12-14T15:31:31.690Z,2025-12-14T15:31:31.690Z
24,0x000a,2.5897,0x00000000,2025-12-14T15:31:31.690Z,2025-12-14T15:31:31.690Z
23,0x000a,1.24545,0x00000000,2025-12-14T15:31:31.690Z,2025-12-14T15:31:31.690Z
22,0x000a,1.0067,0x00000000,2025-12-14T15:31:31.690Z,2025-12-14T15:31:31.690Z
21,0x000a,1.77397,0x00000000,2025-12-14T15:31:31.690Z,2025-12-14T15:31:31.690Z
8,0x0004,3760,0x00000000,2025-12-14T15:31:31.690Z,2025-12-14T15:31:31.690Z
7,0x0004,3787,0x00000000,2025-12-14T15:31:31.690Z,2025-12-14T15:31:31.690Z
6,0x0004,7160,0x00000000,2025-12-14T15:31:31.690Z,2025-12-14T15:31:31.690Z
39,0x000a,4.30049,0x00000000,2025-12-14T15:31:31.788Z,2025-12-14T15:31:31.788Z
38,0x000a,2.99841,0x00000000,2025-12-14T15:31:31.788Z,2025-12-14T15:31:31.788Z
37,0x000a,5.59896,0x00000000,2025-12-14T15:31:31.788Z,2025-12-14T15:31:31.788Z
26,0x000a,1.57986,0x00000000,2025-12-14T15:31:31.788Z,2025-12-14T15:31:31.788Z
25,0x000a,1.51982,0x00000000,2025-12-14T15:31:31.788Z,2025-12-14T15:31:31.788Z
24,0x000a,2.86965,0x00000000,2025-12-14T15:31:31.788Z,2025-12-14T15:31:31.788Z
8,0x0004,4368,0x00000000,2025-12-14T15:31:31.788Z,2025-12-14T15:31:31.788Z
7,0x0004,4202,0x00000000,2025-12-14T15:31:31.788Z,2025-12-14T15:31:31.788Z
6,0x0004,7934,0x00000000,2025-12-14T15:31:31.788Z,2025-12-14T15:31:31.788Z
39,0x000a,2.0978,0x00000000,2025-12-14T15:31:31.888Z,2025-12-14T15:31:31.888Z
38,0x000a,1.59867,0x00000000,2025-12-14T15:31:31.888Z,2025-12-14T15:31:31.888Z
37,0x000a,2.70182,0x00000000,2025-12-14T15:31:31.888Z,2025-12-14T15:31:31.888Z
36,0x000a,2.77297,0x00000000,2025-12-14T15:31:31.888Z,2025-12-14T15:31:31.888Z
35,0x000a,2.00256,0x00000000,2025-12-14T15:31:31.888Z,2025-12-14T15:31:31.888Z
34,0x000a,3.68646,0x00000000,2025-12-14T15:31:31.888Z,2025-12-14T15:31:31.888Z
26,0x000a,1.78964,0x00000000,2025-12-14T15:31:31.888Z,2025-12-14T15:31:31.888Z
25,0x000a,1.67969,0x00000000,2025-12-14T15:31:31.888Z,2025-12-14T15:31:31.888Z
24,0x000a,3.13983,0x00000000,2025-12-14T15:31:31.888Z,2025-12-14T15:31:31.888Z
23,0x000a,2.77297,0x00000000,2025-12-14T15:31:31.888Z,2025-12-14T15:31:31.888Z
22,0x000a,2.00256,0x00000000,2025-12-14T15:31:31.888Z,2025-12-14T15:31:31.888Z
21,0x000a,3.68646,0x00000000,2025-12-14T15:31:31.888Z,2025-12-14T15:31:31.888Z
8,0x0004,4948,0x00000000,2025-12-14T15:31:31.888Z,2025-12-14T15:31:31.888Z
7,0x0004,4644,0x00000000,2025-12-14T15:31:31.888Z,2025-12-14T15:31:31.888Z
6,0x0004,8681,0x00000000,2025-12-14T15:31:31.888Z,2025-12-14T15:31:31.888Z
39,0x000a,2.60055,0x00000000,2025-12-14T15:31:31.990Z,2025-12-14T15:31:31.990Z
38,0x000a,1.80122,0x00000000,2025-12-14T15:31:31.990Z,2025-12-14T15:31:31.990Z
37,0x000a,3.29861,0x00000000,2025-12-14T15:31:31.990Z,2025-12-14T15:31:31.990Z
36,0x000a,2.43539,0x00000000,2025-12-14T15:31:31.990Z,2025-12-14T15:31:31.990Z
35,0x000a,1.80061,0x00000000,2025-12-14T15:31:31.990Z,2025-12-14T15:31:31.990Z
34,0x000a,3.19414,0x00000000,2025-12-14T15:31:31.990Z,2025-12-14T15:31:31.990Z
26,0x000a,2.0497,0x00000000,2025-12-14T15:31:31.990Z,2025-12-14T15:31:31.990Z
25,0x000a,1.85981,0x00000000,2025-12-14T15:31:31.990Z,2025-12-14T15:31:31.990Z
24,0x000a,3.46969,0x00000000,2025-12-14T15:31:31.990Z,2025-12-14T15:31:31.990Z
23,0x000a,2.43539,0x00000000,2025-12-14T15:31:31.990Z,2025-12-14T15:31:31.990Z
22,0x000a,1.80061,0x00000000,2025-12-14T15:31:31.990Z,2025-12-14T15:31:31.990Z
21,0x000a,3.19414,0x00000000,2025-12-14T15:31:31.990Z,2025-12-14T15:31:31.990Z
8,0x0004,5667,0x00000000,2025-12-14T15:31:31.990Z,2025-12-14T15:31:31.990Z
7,0x0004,5142,0x00000000,2025-12-14T15:31:31.990Z,2025-12-14T15:31:31.990Z
6,0x0004,9593,0x00000000,2025-12-14T15:31:31.990Z,2025-12-14T15:31:31.990Z
39,0x000a,2.10142,0x00000000,2025-12-14T15:31:32.088Z,2025-12-14T15:31:32.088Z
38,0x000a,1.50101,0x00000000,2025-12-14T15:31:32.088Z,2025-12-14T15:31:32.088Z
37,0x000a,2.8031,0x00000000,2025-12-14T15:31:32.088Z,2025-12-14T15:31:32.088Z
36,0x000a,2.51797,0x00000000,2025-12-14T15:31:32.088Z,2025-12-14T15:31:32.088Z
35,0x000a,1.80091,0x00000000,2025-12-14T15:31:32.088Z,2025-12-14T15:31:32.088Z
34,0x000a,3.24638,0x00000000,2025-12-14T15:31:32.088Z,2025-12-14T15:31:32.088Z
26,0x000a,2.25984,0x00000000,2025-12-14T15:31:32.088Z,2025-12-14T15:31:32.088Z
25,0x000a,2.00991,0x00000000,2025-12-14T15:31:32.088Z,2025-12-14T15:31:32.088Z
24,0x000a,3.75,0x00000000,2025-12-14T15:31:32.088Z,2025-12-14T15:31:32.088Z
23,0x000a,2.51797,0x00000000,2025-12-14T15:31:32.088Z,2025-12-14T15:31:32.088Z
22,0x000a,1.80091,0x00000000,2025-12-14T15:31:32.088Z,2025-12-14T15:31:32.088Z
21,0x000a,3.24638,0x00000000,2025-12-14T15:31:32.088Z,2025-12-14T15:31:32.088Z
8,0x0004,6248,0x00000000,2025-12-14T15:31:32.088Z,2025-12-14T15:31:32.088Z
7,0x0004,5557,0x00000000,2025-12-14T15:31:32.088Z,2025-12-14T15:31:32.088Z
6,0x0004,10368,0x00000000,2025-12-14T15:31:32.088Z,2025-12-14T15:31:32.088Z
39,0x000a,2.10142,0x00000000,2025-12-14T15:31:32.190Z,2025-12-14T15:31:32.190Z
38,0x000a,1.59867,0x00000000,2025-12-14T15:31:32.190Z,2025-12-14T15:31:32.190Z
37,0x000a,2.69821,0x00000000,2025-12-14T15:31:32.190Z,2025-12-14T15:31:32.190Z
36,0x000a,2.30969,0x00000000,2025-12-14T15:31:32.190Z,2025-12-14T15:31:32.190Z
35,0x000a,1.65096,0x00000000,2025-12-14T15:31:32.190Z,2025-12-14T15:31:32.190Z
34,0x000a,3.02474,0x00000000,2025-12-14T15:31:32.190Z,2025-12-14T15:31:32.190Z
26,0x000a,2.46998,0x00000000,2025-12-14T15:31:32.190Z,2025-12-14T15:31:32.190Z
25,0x000a,2.16978,0x00000000,2025-12-14T15:31:32.190Z,2025-12-14T15:31:32.190Z
24,0x000a,4.01982,0x00000000,2025-12-14T15:31:32.190Z,2025-12-14T15:31:32.190Z
23,0x000a,2.30969,0x00000000,2025-12-14T15:31:32.190Z,2025-12-14T15:31:32.190Z
22,0x000a,1.65096,0x00000000,2025-12-14T15:31:32.190Z,2025-12-14T15:31:32.190Z
21,0x000a,3.02474,0x00000000,2025-12-14T15:31:32.190Z,2025-12-14T15:31:32.190Z
8,0x0004,6829,0x00000000,2025-12-14T15:31:32.190Z,2025-12-14T15:31:32.190Z
7,0x0004,5999,0x00000000,2025-12-14T15:31:32.190Z,2025-12-14T15:31:32.190Z
6,0x0004,11114,0x00000000,2025-12-14T15:31:32.190Z,2025-12-14T15:31:32.190Z
39,0x000a,2.0978,0x00000000,2025-12-14T15:31:32.292Z,2025-12-14T15:31:32.292Z
38,0x000a,1.50101,0x00000000,2025-12-14T15:31:32.292Z,2025-12-14T15:31:32.292Z
37,0x000a,2.79948,0x00000000,2025-12-14T15:31:32.292Z,2025-12-14T15:31:32.292Z
36,0x000a,2.20556,0x00000000,2025-12-14T15:31:32.292Z,2025-12-14T15:31:32.292Z
35,0x000a,1.62482,0x00000000,2025-12-14T15:31:32.292Z,2025-12-14T15:31:32.292Z
34,0x000a,2.86147,0x00000000,2025-12-14T15:31:32.292Z,2025-12-14T15:31:32.292Z
26,0x000a,2.67976,0x00000000,2025-12-14T15:31:32.292Z,2025-12-14T15:31:32.292Z
25,0x000a,2.31988,0x00000000,2025-12-14T15:31:32.292Z,2025-12-14T15:31:32.292Z
24,0x000a,4.29977,0x00000000,2025-12-14T15:31:32.292Z,2025-12-14T15:31:32.292Z
23,0x000a,2.20556,0x00000000,2025-12-14T15:31:32.292Z,2025-12-14T15:31:32.292Z
22,0x000a,1.62482,0x00000000,2025-12-14T15:31:32.292Z,2025-12-14T15:31:32.292Z
21,0x000a,2.86147,0x00000000,2025-12-14T15:31:32.292Z,2025-12-14T15:31:32.292Z
8,0x0004,7409,0x00000000,2025-12-14T15:31:32.292Z,2025-12-14T15:31:32.292Z
7,0x0004,6414,0x00000000,2025-12-14T15:31:32.292Z,2025-12-14T15:31:32.292Z
6,0x0004,11888,0x00000000,2025-12-14T15:31:32.292Z,2025-12-14T15:31:32.292Z
39,0x000a,2.19908,0x00000000,2025-12-14T15:31:32.389Z,2025-12-14T15:31:32.389Z
38,0x000a,1.50101,0x00000000,2025-12-14T15:31:32.389Z,2025-12-14T15:31:32.389Z
36,0x000a,2.15168,0x00000000,2025-12-14T15:31:32.389Z,2025-12-14T15:31:32.389Z
35,0x000a,1.56291,0x00000000,2025-12-14T15:31:32.389Z,2025-12-14T15:31:32.389Z
34,0x000a,2.83047,0x00000000,2025-12-14T15:31:32.389Z,2025-12-14T15:31:32.389Z
26,0x000a,2.89967,0x00000000,2025-12-14T15:31:32.389Z,2025-12-14T15:31:32.389Z
25,0x000a,2.46998,0x00000000,2025-12-14T15:31:32.389Z,2025-12-14T15:31:32.389Z
24,0x000a,4.57972,0x00000000,2025-12-14T15:31:32.389Z,2025-12-14T15:31:32.389Z
23,0x000a,2.15168,0x00000000,2025-12-14T15:31:32.389Z,2025-12-14T15:31:32.389Z
22,0x000a,1.56291,0x00000000,2025-12-14T15:31:32.389Z,2025-12-14T15:31:32.389Z
21,0x000a,2.83047,0x00000000,2025-12-14T15:31:32.389Z,2025-12-14T15:31:32.389Z
8,0x0004,8017,0x00000000,2025-12-14T15:31:32.389Z,2025-12-14T15:31:32.389Z
7,0x0004,6829,0x00000000,2025-12-14T15:31:32.389Z,2025-12-14T15:31:32.389Z
6,0x0004,12662,0x00000000,2025-12-14T15:31:32.389Z,2025-12-14T15:31:32.389Z
36,0x000a,2.17538,0x00000000,2025-12-14T15:31:32.487Z,2025-12-14T15:31:32.487Z
35,0x000a,1.53196,0x00000000,2025-12-14T15:31:32.487Z,2025-12-14T15:31:32.487Z
34,0x000a,2.81498,0x00000000,2025-12-14T15:31:32.487Z,2025-12-14T15:31:32.487Z
26,0x000a,3.14996,0x00000000,2025-12-14T15:31:32.487Z,2025-12-14T15:31:32.487Z
25,0x000a,2.65987,0x00000000,2025-12-14T15:31:32.487Z,2025-12-14T15:31:32.487Z
24,0x000a,4.90994,0x00000000,2025-12-14T15:31:32.487Z,2025-12-14T15:31:32.487Z
23,0x000a,2.17538,0x00000000,2025-12-14T15:31:32.487Z,2025-12-14T15:31:32.487Z
22,0x000a,1.53196,0x00000000,2025-12-14T15:31:32.487Z,2025-12-14T15:31:32.487Z
21,0x000a,2.81498,0x00000000,2025-12-14T15:31:32.487Z,2025-12-14T15:31:32.487Z
8,0x0004,8709,0x00000000,2025-12-14T15:31:32.487Z,2025-12-14T15:31:32.487Z
7,0x0004,7354,0x00000000,2025-12-14T15:31:32.487Z,2025-12-14T15:31:32.487Z
6,0x0004,13575,0x00000000,2025-12-14T15:31:32.487Z,2025-12-14T15:31:32.487Z
39,0x000a,2.50289,0x00000000,2025-12-14T15:31:32.588Z,2025-12-14T15:31:32.588Z
38,0x000a,1.89887,0x00000000,2025-12-14T15:31:32.588Z,2025-12-14T15:31:32.588Z
37,0x000a,3.30223,0x00000000,2025-12-14T15:31:32.588Z,2025-12-14T15:31:32.588Z
26,0x000a,3.36986,0x00000000,2025-12-14T15:31:32.588Z,2025-12-14T15:31:32.588Z
25,0x000a,2.80997,0x00000000,2025-12-14T15:31:32.588Z,2025-12-14T15:31:32.588Z
24,0x000a,5.17976,0x00000000,2025-12-14T15:31:32.588Z,2025-12-14T15:31:32.588Z
8,0x0004,9317,0x00000000,2025-12-14T15:31:32.588Z,2025-12-14T15:31:32.588Z
7,0x0004,7769,0x00000000,2025-12-14T15:31:32.588Z,2025-12-14T15:31:32.588Z
6,0x0004,14321,0x00000000,2025-12-14T15:31:32.588Z,2025-12-14T15:31:32.588Z
39,0x000a,2.19908,0x00000000,2025-12-14T15:31:32.687Z,2025-12-14T15:31:32.687Z
38,0x000a,1.50101,0x00000000,2025-12-14T15:31:32.687Z,2025-12-14T15:31:32.687Z
37,0x000a,2.69821,0x00000000,2025-12-14T15:31:32.687Z,2025-12-14T15:31:32.687Z
36,0x000a,2.33913,0x00000000,2025-12-14T15:31:32.687Z,2025-12-14T15:31:32.687Z
35,0x000a,1.71542,0x00000000,2025-12-14T15:31:32.687Z,2025-12-14T15:31:32.687Z
34,0x000a,3.0586,0x00000000,2025-12-14T15:31:32.687Z,2025-12-14T15:31:32.687Z
26,0x000a,3.57964,0x00000000,2025-12-14T15:31:32.687Z,2025-12-14T15:31:32.687Z
25,0x000a,2.95971,0x00000000,2025-12-14T15:31:32.687Z,2025-12-14T15:31:32.687Z
24,0x000a,5.45971,0x00000000,2025-12-14T15:31:32.687Z,2025-12-14T15:31:32.687Z
23,0x000a,2.33913,0x00000000,2025-12-14T15:31:32.687Z,2025-12-14T15:31:32.687Z
22,0x000a,1.71542,0x00000000,2025-12-14T15:31:32.687Z,2025-12-14T15:31:32.687Z
21,0x000a,3.0586,0x00000000,2025-12-14T15:31:32.687Z,2025-12-14T15:31:32.687Z
8,0x0004,9897,0x00000000,2025-12-14T15:31:32.687Z,2025-12-14T15:31:32.687Z
7,0x0004,8183,0x00000000,2025-12-14T15:31:32.687Z,2025-12-14T15:31:32.687Z
6,0x0004,15095,0x00000000,2025-12-14T15:31:32.687Z,2025-12-14T15:31:32.687Z
39,0x000a,2.0978,0x00000000,2025-12-14T15:31:32.789Z,2025-12-14T15:31:32.789Z
38,0x000a,1.4974,0x00000000,2025-12-14T15:31:32.789Z,2025-12-14T15:31:32.789Z
37,0x000a,2.79948,0x00000000,2025-12-14T15:31:32.789Z,2025-12-14T15:31:32.789Z
36,0x000a,2.2691,0x00000000,2025-12-14T15:31:32.789Z,2025-12-14T15:31:32.789Z
35,0x000a,1.60822,0x00000000,2025-12-14T15:31:32.789Z,2025-12-14T15:31:32.789Z
34,0x000a,2.87841,0x00000000,2025-12-14T15:31:32.789Z,2025-12-14T15:31:32.789Z
26,0x000a,3.78979,0x00000000,2025-12-14T15:31:32.789Z,2025-12-14T15:31:32.789Z
25,0x000a,3.11994,0x00000000,2025-12-14T15:31:32.789Z,2025-12-14T15:31:32.789Z
24,0x000a,5.72989,0x00000000,2025-12-14T15:31:32.789Z,2025-12-14T15:31:32.789Z
23,0x000a,2.2691,0x00000000,2025-12-14T15:31:32.789Z,2025-12-14T15:31:32.789Z
22,0x000a,1.60822,0x00000000,2025-12-14T15:31:32.789Z,2025-12-14T15:31:32.789Z
21,0x000a,2.87841,0x00000000,2025-12-14T15:31:32.789Z,2025-12-14T15:31:32.789Z
8,0x0004,10478,0x00000000,2025-12-14T15:31:32.789Z,2025-12-14T15:31:32.789Z
7,0x0004,8626,0x00000000,2025-12-14T15:31:32.789Z,2025-12-14T15:31:32.789Z
6,0x0004,15842,0x00000000,2025-12-14T15:31:32.789Z,2025-12-14T15:31:32.789Z
39,0x000a,4.30049,0x00000000,2025-12-14T15:31:32.889Z,2025-12-14T15:31:32.889Z
38,0x000a,3.09968,0x00000000,2025-12-14T15:31:32.889Z,2025-12-14T15:31:32.889Z
37,0x000a,5.5013,0x00000000,2025-12-14T15:31:32.889Z,2025-12-14T15:31:32.889Z
36,0x000a,2.18345,0x00000000,2025-12-14T15:31:32.889Z,2025-12-14T15:31:32.889Z
35,0x000a,1.55281,0x00000000,2025-12-14T15:31:32.889Z,2025-12-14T15:31:32.889Z
34,0x000a,2.83894,0x00000000,2025-12-14T15:31:32.889Z,2025-12-14T15:31:32.889Z
26,0x000a,4.00969,0x00000000,2025-12-14T15:31:32.889Z,2025-12-14T15:31:32.889Z
25,0x000a,3.26968,0x00000000,2025-12-14T15:31:32.889Z,2025-12-14T15:31:32.889Z
24,0x000a,6.00984,0x00000000,2025-12-14T15:31:32.889Z,2025-12-14T15:31:32.889Z
23,0x000a,2.18345,0x00000000,2025-12-14T15:31:32.889Z,2025-12-14T15:31:32.889Z
22,0x000a,1.55281,0x00000000,2025-12-14T15:31:32.889Z,2025-12-14T15:31:32.889Z
21,0x000a,2.83894,0x00000000,2025-12-14T15:31:32.889Z,2025-12-14T15:31:32.889Z
8,0x0004,11086,0x00000000,2025-12-14T15:31:32.889Z,2025-12-14T15:31:32.889Z
7,0x0004,9040,0x00000000,2025-12-14T15:31:32.889Z,2025-12-14T15:31:32.889Z
6,0x0004,16616,0x00000000,2025-12-14T15:31:32.889Z,2025-12-14T15:31:32.889Z
39,0x000a,2.10142,0x00000000,2025-12-14T15:31:32.990Z,2025-12-14T15:31:32.990Z
39,0x000a,2.10142,0x00000000,2025-12-14T15:31:33.090Z,2025-12-14T15:31:33.090Z
38,0x000a,1.50101,0x00000000,2025-12-14T15:31:32.990Z,2025-12-14T15:31:32.990Z
38,0x000a,1.59867,0x00000000,2025-12-14T15:31:33.090Z,2025-12-14T15:31:33.090Z
37,0x000a,2.79948,0x00000000,2025-12-14T15:31:32.990Z,2025-12-14T15:31:32.990Z
37,0x000a,2.70182,0x00000000,2025-12-14T15:31:33.090Z,2025-12-14T15:31:33.090Z
36,0x000a,3.24197,0x00000000,2025-12-14T15:31:32.990Z,2025-12-14T15:31:32.990Z
36,0x000a,2.67169,0x00000000,2025-12-14T15:31:33.090Z,2025-12-14T15:31:33.090Z
35,0x000a,2.32624,0x00000000,2025-12-14T15:31:32.990Z,2025-12-14T15:31:32.990Z
35,0x000a,1.91363,0x00000000,2025-12-14T15:31:33.090Z,2025-12-14T15:31:33.090Z
34,0x000a,4.17012,0x00000000,2025-12-14T15:31:32.990Z,2025-12-14T15:31:32.990Z
34,0x000a,3.4848,0x00000000,2025-12-14T15:31:33.090Z,2025-12-14T15:31:33.090Z
26,0x000a,4.21983,0x00000000,2025-12-14T15:31:32.990Z,2025-12-14T15:31:32.990Z
26,0x000a,4.42998,0x00000000,2025-12-14T15:31:33.090Z,2025-12-14T15:31:33.090Z
25,0x000a,3.41978,0x00000000,2025-12-14T15:31:32.990Z,2025-12-14T15:31:32.990Z
25,0x000a,3.57964,0x00000000,2025-12-14T15:31:33.090Z,2025-12-14T15:31:33.090Z
24,0x000a,6.28979,0x00000000,2025-12-14T15:31:32.990Z,2025-12-14T15:31:32.990Z
24,0x000a,6.55997,0x00000000,2025-12-14T15:31:33.090Z,2025-12-14T15:31:33.090Z
23,0x000a,3.24197,0x00000000,2025-12-14T15:31:32.990Z,2025-12-14T15:31:32.990Z
23,0x000a,2.67169,0x00000000,2025-12-14T15:31:33.090Z,2025-12-14T15:31:33.090Z
22,0x000a,2.32624,0x00000000,2025-12-14T15:31:32.990Z,2025-12-14T15:31:32.990Z
22,0x000a,1.91363,0x00000000,2025-12-14T15:31:33.090Z,2025-12-14T15:31:33.090Z
21,0x000a,4.17012,0x00000000,2025-12-14T15:31:32.990Z,2025-12-14T15:31:32.990Z
21,0x000a,3.4848,0x00000000,2025-12-14T15:31:33.090Z,2025-12-14T15:31:33.090Z
8,0x0004,11667,0x00000000,2025-12-14T15:31:32.990Z,2025-12-14T15:31:32.990Z
8,0x0004,12248,0x00000000,2025-12-14T15:31:33.090Z,2025-12-14T15:31:33.090Z
7,0x0004,9455,0x00000000,2025-12-14T15:31:32.990Z,2025-12-14T15:31:32.990Z
7,0x0004,9897,0x00000000,2025-12-14T15:31:33.090Z,2025-12-14T15:31:33.090Z
6,0x0004,17390,0x00000000,2025-12-14T15:31:32.990Z,2025-12-14T15:31:32.990Z
6,0x0004,18137,0x00000000,2025-12-14T15:31:33.090Z,2025-12-14T15:31:33.090Z
39,0x000a,2.59693,0x00000000,2025-12-14T15:31:33.188Z,2025-12-14T15:31:33.188Z
38,0x000a,1.80122,0x00000000,2025-12-14T15:31:33.188Z,2025-12-14T15:31:33.188Z
37,0x000a,3.29861,0x00000000,2025-12-14T15:31:33.188Z,2025-12-14T15:31:33.188Z
36,0x000a,2.38656,0x00000000,2025-12-14T15:31:33.188Z,2025-12-14T15:31:33.188Z
35,0x000a,1.75615,0x00000000,2025-12-14T15:31:33.188Z,2025-12-14T15:31:33.188Z
34,0x000a,3.09331,0x00000000,2025-12-14T15:31:33.188Z,2025-12-14T15:31:33.188Z
26,0x000a,4.68967,0x00000000,2025-12-14T15:31:33.188Z,2025-12-14T15:31:33.188Z
25,0x000a,3.75977,0x00000000,2025-12-14T15:31:33.188Z,2025-12-14T15:31:33.188Z
24,0x000a,6.88983,0x00000000,2025-12-14T15:31:33.188Z,2025-12-14T15:31:33.188Z
23,0x000a,2.38656,0x00000000,2025-12-14T15:31:33.188Z,2025-12-14T15:31:33.188Z
22,0x000a,1.75615,0x00000000,2025-12-14T15:31:33.188Z,2025-12-14T15:31:33.188Z
21,0x000a,3.09331,0x00000000,2025-12-14T15:31:33.188Z,2025-12-14T15:31:33.188Z
8,0x0004,12966,0x00000000,2025-12-14T15:31:33.188Z,2025-12-14T15:31:33.188Z
7,0x0004,10395,0x00000000,2025-12-14T15:31:33.188Z,2025-12-14T15:31:33.188Z
6,0x0004,19049,0x00000000,2025-12-14T15:31:33.188Z,2025-12-14T15:31:33.188Z
39,0x000a,2.10142,0x00000000,2025-12-14T15:31:33.288Z,2025-12-14T15:31:33.288Z
38,0x000a,1.50101,0x00000000,2025-12-14T15:31:33.288Z,2025-12-14T15:31:33.288Z
37,0x000a,2.79948,0x00000000,2025-12-14T15:31:33.288Z,2025-12-14T15:31:33.288Z
36,0x000a,2.49174,0x00000000,2025-12-14T15:31:33.288Z,2025-12-14T15:31:33.288Z
35,0x000a,1.77868,0x00000000,2025-12-14T15:31:33.288Z,2025-12-14T15:31:33.288Z
34,0x000a,3.19596,0x00000000,2025-12-14T15:31:33.288Z,2025-12-14T15:31:33.288Z
26,0x000a,4.89981,0x00000000,2025-12-14T15:31:33.288Z,2025-12-14T15:31:33.288Z
25,0x000a,3.90987,0x00000000,2025-12-14T15:31:33.288Z,2025-12-14T15:31:33.288Z
24,0x000a,7.16978,0x00000000,2025-12-14T15:31:33.288Z,2025-12-14T15:31:33.288Z
23,0x000a,2.49174,0x00000000,2025-12-14T15:31:33.288Z,2025-12-14T15:31:33.288Z
22,0x000a,1.77868,0x00000000,2025-12-14T15:31:33.288Z,2025-12-14T15:31:33.288Z
21,0x000a,3.19596,0x00000000,2025-12-14T15:31:33.288Z,2025-12-14T15:31:33.288Z
8,0x0004,13547,0x00000000,2025-12-14T15:31:33.288Z,2025-12-14T15:31:33.288Z
7,0x0004,10810,0x00000000,2025-12-14T15:31:33.288Z,2025-12-14T15:31:33.288Z
6,0x0004,19823,0x00000000,2025-12-14T15:31:33.288Z,2025-12-14T15:31:33.288Z
26,0x000a,5.10995,0x00000000,2025-12-14T15:31:33.388Z,2025-12-14T15:31:33.388Z
25,0x000a,4.06973,0x00000000,2025-12-14T15:31:33.388Z,2025-12-14T15:31:33.388Z
24,0x000a,7.43996,0x00000000,2025-12-14T15:31:33.388Z,2025-12-14T15:31:33.388Z
13,0x0001,false,0x00000000,2025-12-14T15:31:33.388Z,2025-12-14T15:31:33.388Z
8,0x0004,14128,0x00000000,2025-12-14T15:31:33.388Z,2025-12-14T15:31:33.388Z
7,0x0004,11252,0x00000000,2025-12-14T15:31:33.388Z,2025-12-14T15:31:33.388Z
6,0x0004,20570,0x00000000,2025-12-14T15:31:33.388Z,2025-12-14T15:31:33.388Z
38,0x000a,1.59867,0x00000000,2025-12-14T15:31:33.489Z,2025-12-14T15:31:33.489Z
37,0x000a,2.70183,0x00000000,2025-12-14T15:31:33.489Z,2025-12-14T15:31:33.489Z
36,0x000a,2.29658,0x00000000,2025-12-14T15:31:33.489Z,2025-12-14T15:31:33.489Z
35,0x000a,1.63985,0x00000000,2025-12-14T15:31:33.489Z,2025-12-14T15:31:33.489Z
34,0x000a,2.99772,0x00000000,2025-12-14T15:31:33.489Z,2025-12-14T15:31:33.489Z
26,0x000a,5.32986,0x00000000,2025-12-14T15:31:33.489Z,2025-12-14T15:31:33.489Z
25,0x000a,4.21983,0x00000000,2025-12-14T15:31:33.489Z,2025-12-14T15:31:33.489Z
24,0x000a,7.71991,0x00000000,2025-12-14T15:31:33.489Z,2025-12-14T15:31:33.489Z
23,0x000a,2.29658,0x00000000,2025-12-14T15:31:33.489Z,2025-12-14T15:31:33.489Z
22,0x000a,1.63985,0x00000000,2025-12-14T15:31:33.489Z,2025-12-14T15:31:33.489Z
21,0x000a,2.99772,0x00000000,2025-12-14T15:31:33.489Z,2025-12-14T15:31:33.489Z
8,0x0004,14736,0x00000000,2025-12-14T15:31:33.489Z,2025-12-14T15:31:33.489Z
7,0x0004,11667,0x00000000,2025-12-14T15:31:33.489Z,2025-12-14T15:31:33.489Z
6,0x0004,21344,0x00000000,2025-12-14T15:31:33.489Z,2025-12-14T15:31:33.489Z
39,0x000a,2.19908,0x00000000,2025-12-14T15:31:33.587Z,2025-12-14T15:31:33.587Z
38,0x000a,1.50101,0x00000000,2025-12-14T15:31:33.587Z,2025-12-14T15:31:33.587Z
37,0x000a,2.79948,0x00000000,2025-12-14T15:31:33.587Z,2025-12-14T15:31:33.587Z
36,0x000a,2.199,0x00000000,2025-12-14T15:31:33.587Z,2025-12-14T15:31:33.587Z
35,0x000a,1.61926,0x00000000,2025-12-14T15:31:33.587Z,2025-12-14T15:31:33.587Z
34,0x000a,2.84977,0x00000000,2025-12-14T15:31:33.587Z,2025-12-14T15:31:33.587Z
26,0x000a,5.53964,0x00000000,2025-12-14T15:31:33.587Z,2025-12-14T15:31:33.587Z
25,0x000a,4.36994,0x00000000,2025-12-14T15:31:33.587Z,2025-12-14T15:31:33.587Z
24,0x000a,7.82986,0x00000000,2025-12-14T15:31:33.587Z,2025-12-14T15:31:33.587Z
23,0x000a,2.199,0x00000000,2025-12-14T15:31:33.587Z,2025-12-14T15:31:33.587Z
22,0x000a,1.61926,0x00000000,2025-12-14T15:31:33.587Z,2025-12-14T15:31:33.587Z
21,0x000a,2.84977,0x00000000,2025-12-14T15:31:33.587Z,2025-12-14T15:31:33.587Z
14,0x0001,true,0x00000000,2025-12-14T15:31:33.587Z,2025-12-14T15:31:33.587Z
8,0x0004,15316,0x00000000,2025-12-14T15:31:33.587Z,2025-12-14T15:31:33.587Z
7,0x0004,12082,0x00000000,2025-12-14T15:31:33.587Z,2025-12-14T15:31:33.587Z
6,0x0004,21648,0x00000000,2025-12-14T15:31:33.587Z,2025-12-14T15:31:33.587Z
39,0x000a,2.0978,0x00000000,2025-12-14T15:31:33.689Z,2025-12-14T15:31:33.689Z
38,0x000a,1.50102,0x00000000,2025-12-14T15:31:33.689Z,2025-12-14T15:31:33.689Z
37,0x000a,1.09954,0x00000000,2025-12-14T15:31:33.689Z,2025-12-14T15:31:33.689Z
36,0x000a,2.19904,0x00000000,2025-12-14T15:31:33.689Z,2025-12-14T15:31:33.689Z
35,0x000a,1.56013,0x00000000,2025-12-14T15:31:33.689Z,2025-12-14T15:31:33.689Z
34,0x000a,2.82463,0x00000000,2025-12-14T15:31:33.689Z,2025-12-14T15:31:33.689Z
26,0x000a,5.74978,0x00000000,2025-12-14T15:31:33.689Z,2025-12-14T15:31:33.689Z
25,0x000a,4.5298,0x00000000,2025-12-14T15:31:33.689Z,2025-12-14T15:31:33.689Z
23,0x000a,2.19904,0x00000000,2025-12-14T15:31:33.689Z,2025-12-14T15:31:33.689Z
22,0x000a,1.56013,0x00000000,2025-12-14T15:31:33.689Z,2025-12-14T15:31:33.689Z
21,0x000a,2.82463,0x00000000,2025-12-14T15:31:33.689Z,2025-12-14T15:31:33.689Z
8,0x0004,15897,0x00000000,2025-12-14T15:31:33.689Z,2025-12-14T15:31:33.689Z
7,0x0004,12524,0x00000000,2025-12-14T15:31:33.689Z,2025-12-14T15:31:33.689Z
39,0x000a,2.10142,0x00000000,2025-12-14T15:31:33.790Z,2025-12-14T15:31:33.790Z
38,0x000a,1.59867,0x00000000,2025-12-14T15:31:33.790Z,2025-12-14T15:31:33.790Z
37,0x000a,0,0x00000000,2025-12-14T15:31:33.790Z,2025-12-14T15:31:33.790Z
36,0x000a,2.14842,0x00000000,2025-12-14T15:31:33.790Z,2025-12-14T15:31:33.790Z
35,0x000a,1.53058,0x00000000,2025-12-14T15:31:33.790Z,2025-12-14T15:31:33.790Z
34,0x000a,1.96208,0x00000000,2025-12-14T15:31:33.790Z,2025-12-14T15:31:33.790Z
26,0x000a,6.00984,0x00000000,2025-12-14T15:31:33.790Z,2025-12-14T15:31:33.790Z
25,0x000a,4.70992,0x00000000,2025-12-14T15:31:33.790Z,2025-12-14T15:31:33.790Z
24,0x000a,7.66999,0x00000000,2025-12-14T15:31:33.790Z,2025-12-14T15:31:33.790Z
23,0x000a,2.14842,0x00000000,2025-12-14T15:31:33.790Z,2025-12-14T15:31:33.790Z
22,0x000a,1.53058,0x00000000,2025-12-14T15:31:33.790Z,2025-12-14T15:31:33.790Z
21,0x000a,1.96208,0x00000000,2025-12-14T15:31:33.790Z,2025-12-14T15:31:33.790Z
14,0x0001,false,0x00000000,2025-12-14T15:31:33.790Z,2025-12-14T15:31:33.790Z
8,0x0004,16616,0x00000000,2025-12-14T15:31:33.790Z,2025-12-14T15:31:33.790Z
7,0x0004,13022,0x00000000,2025-12-14T15:31:33.790Z,2025-12-14T15:31:33.790Z
6,0x0004,21206,0x00000000,2025-12-14T15:31:33.790Z,2025-12-14T15:31:33.790Z
39,0x000a,2.60055,0x00000000,2025-12-14T15:31:33.888Z,2025-12-14T15:31:33.888Z
38,0x000a,1.80121,0x00000000,2025-12-14T15:31:33.888Z,2025-12-14T15:31:33.888Z
37,0x000a,-1.59867,0x00000000,2025-12-14T15:31:33.888Z,2025-12-14T15:31:33.888Z
36,0x000a,2.12492,0x00000000,2025-12-14T15:31:33.888Z,2025-12-14T15:31:33.888Z
35,0x000a,1.56462,0x00000000,2025-12-14T15:31:33.888Z,2025-12-14T15:31:33.888Z
34,0x000a,0.981041,0x00000000,2025-12-14T15:31:33.888Z,2025-12-14T15:31:33.888Z
26,0x000a,6.21998,0x00000000,2025-12-14T15:31:33.888Z,2025-12-14T15:31:33.888Z
25,0x000a,4.86979,0x00000000,2025-12-14T15:31:33.888Z,2025-12-14T15:31:33.888Z
24,0x000a,7.38968,0x00000000,2025-12-14T15:31:33.888Z,2025-12-14T15:31:33.888Z
23,0x000a,2.12492,0x00000000,2025-12-14T15:31:33.888Z,2025-12-14T15:31:33.888Z
22,0x000a,1.56462,0x00000000,2025-12-14T15:31:33.888Z,2025-12-14T15:31:33.888Z
21,0x000a,0.981041,0x00000000,2025-12-14T15:31:33.888Z,2025-12-14T15:31:33.888Z
17,0x0001,false,0x00000000,2025-12-14T15:31:33.888Z,2025-12-14T15:31:33.888Z
8,0x0004,17197,0x00000000,2025-12-14T15:31:33.888Z,2025-12-14T15:31:33.888Z
7,0x0004,13464,0x00000000,2025-12-14T15:31:33.888Z,2025-12-14T15:31:33.888Z
6,0x0004,20431,0x00000000,2025-12-14T15:31:33.888Z,2025-12-14T15:31:33.888Z
39,0x000a,4.30049,0x00000000,2025-12-14T15:31:33.990Z,2025-12-14T15:31:33.990Z
38,0x000a,3.09968,0x00000000,2025-12-14T15:31:33.990Z,2025-12-14T15:31:33.990Z
37,0x000a,-3.90263,0x00000000,2025-12-14T15:31:33.990Z,2025-12-14T15:31:33.990Z
36,0x000a,2.36273,0x00000000,2025-12-14T15:31:33.990Z,2025-12-14T15:31:33.990Z
35,0x000a,1.68292,0x00000000,2025-12-14T15:31:33.990Z,2025-12-14T15:31:33.990Z
34,0x000a,-0.308816,0x00000000,2025-12-14T15:31:33.990Z,2025-12-14T15:31:33.990Z
26,0x000a,6.43989,0x00000000,2025-12-14T15:31:33.990Z,2025-12-14T15:31:33.990Z
25,0x000a,5.01989,0x00000000,2025-12-14T15:31:33.990Z,2025-12-14T15:31:33.990Z
24,0x000a,7.27973,0x00000000,2025-12-14T15:31:33.990Z,2025-12-14T15:31:33.990Z
23,0x000a,2.36273,0x00000000,2025-12-14T15:31:33.990Z,2025-12-14T15:31:33.990Z
22,0x000a,1.68292,0x00000000,2025-12-14T15:31:33.990Z,2025-12-14T15:31:33.990Z
21,0x000a,-0.308816,0x00000000,2025-12-14T15:31:33.990Z,2025-12-14T15:31:33.990Z
8,0x0004,17805,0x00000000,2025-12-14T15:31:33.990Z,2025-12-14T15:31:33.990Z
7,0x0004,13879,0x00000000,2025-12-14T15:31:33.990Z,2025-12-14T15:31:33.990Z
6,0x0004,20127,0x00000000,2025-12-14T15:31:33.990Z,2025-12-14T15:31:33.990Z
39,0x000a,0.799336,0x00000000,2025-12-14T15:31:34.090Z,2025-12-14T15:31:34.090Z
38,0x000a,1.50102,0x00000000,2025-12-14T15:31:34.090Z,2025-12-14T15:31:34.090Z
37,0x000a,0,0x00000000,2025-12-14T15:31:34.090Z,2025-12-14T15:31:34.090Z
36,0x000a,3.33161,0x00000000,2025-12-14T15:31:34.090Z,2025-12-14T15:31:34.090Z
35,0x000a,2.3913,0x00000000,2025-12-14T15:31:34.090Z,2025-12-14T15:31:34.090Z
34,0x000a,-2.10572,0x00000000,2025-12-14T15:31:34.090Z,2025-12-14T15:31:34.090Z
26,0x000a,6.51982,0x00000000,2025-12-14T15:31:34.090Z,2025-12-14T15:31:34.090Z
25,0x000a,5.16999,0x00000000,2025-12-14T15:31:34.090Z,2025-12-14T15:31:34.090Z
23,0x000a,3.33161,0x00000000,2025-12-14T15:31:34.090Z,2025-12-14T15:31:34.090Z
22,0x000a,2.3913,0x00000000,2025-12-14T15:31:34.090Z,2025-12-14T15:31:34.090Z
21,0x000a,-2.10572,0x00000000,2025-12-14T15:31:34.090Z,2025-12-14T15:31:34.090Z
8,0x0004,18026,0x00000000,2025-12-14T15:31:34.090Z,2025-12-14T15:31:34.090Z
7,0x0004,14294,0x00000000,2025-12-14T15:31:34.090Z,2025-12-14T15:31:34.090Z
36,0x000a,2.06547,0x00000000,2025-12-14T15:31:34.188Z,2025-12-14T15:31:34.188Z
35,0x000a,1.94616,0x00000000,2025-12-14T15:31:34.188Z,2025-12-14T15:31:34.188Z
34,0x000a,-1.05286,0x00000000,2025-12-14T15:31:34.188Z,2025-12-14T15:31:34.188Z
25,0x000a,5.32986,0x00000000,2025-12-14T15:31:34.188Z,2025-12-14T15:31:34.188Z
23,0x000a,2.06547,0x00000000,2025-12-14T15:31:34.188Z,2025-12-14T15:31:34.188Z
22,0x000a,1.94616,0x00000000,2025-12-14T15:31:34.188Z,2025-12-14T15:31:34.188Z
21,0x000a,-1.05286,0x00000000,2025-12-14T15:31:34.188Z,2025-12-14T15:31:34.188Z
7,0x0004,14736,0x00000000,2025-12-14T15:31:34.188Z,2025-12-14T15:31:34.188Z
40,0x0001,true,0x00000000,2025-12-14T15:31:34.290Z,2025-12-14T15:31:34.290Z
39,0x000a,0,0x00000000,2025-12-14T15:31:34.290Z,2025-12-14T15:31:34.290Z
38,0x000a,1.59867,0x00000000,2025-12-14T15:31:34.290Z,2025-12-14T15:31:34.290Z
25,0x000a,5.50998,0x00000000,2025-12-14T15:31:34.290Z,2025-12-14T15:31:34.290Z
7,0x0004,15234,0x00000000,2025-12-14T15:31:34.290Z,2025-12-14T15:31:34.290Z
42,0x0001,true,0x00000000,2025-12-14T15:31:34.387Z,2025-12-14T15:31:34.387Z
38,0x000a,1.80121,0x00000000,2025-12-14T15:31:34.387Z,2025-12-14T15:31:34.387Z
36,0x000a,1.03274,0x00000000,2025-12-14T15:31:34.387Z,2025-12-14T15:31:34.387Z
35,0x000a,1.77241,0x00000000,2025-12-14T15:31:34.387Z,2025-12-14T15:31:34.387Z
34,0x000a,-0.526431,0x00000000,2025-12-14T15:31:34.387Z,2025-12-14T15:31:34.387Z
25,0x000a,5.65972,0x00000000,2025-12-14T15:31:34.387Z,2025-12-14T15:31:34.387Z
23,0x000a,1.03274,0x00000000,2025-12-14T15:31:34.387Z,2025-12-14T15:31:34.387Z
22,0x000a,1.77241,0x00000000,2025-12-14T15:31:34.387Z,2025-12-14T15:31:34.387Z
21,0x000a,-0.526431,0x00000000,2025-12-14T15:31:34.387Z,2025-12-14T15:31:34.387Z
7,0x0004,15648,0x00000000,2025-12-14T15:31:34.387Z,2025-12-14T15:31:34.387Z
38,0x000a,1.4974,0x00000000,2025-12-14T15:31:34.488Z,2025-12-14T15:31:34.488Z
36,0x000a,0.516369,0x00000000,2025-12-14T15:31:34.488Z,2025-12-14T15:31:34.488Z
35,0x000a,1.78681,0x00000000,2025-12-14T15:31:34.488Z,2025-12-14T15:31:34.488Z
34,0x000a,-0.263215,0x00000000,2025-12-14T15:31:34.488Z,2025-12-14T15:31:34.488Z
25,0x000a,5.81995,0x00000000,2025-12-14T15:31:34.488Z,2025-12-14T15:31:34.488Z
23,0x000a,0.516369,0x00000000,2025-12-14T15:31:34.488Z,2025-12-14T15:31:34.488Z
22,0x000a,1.78681,0x00000000,2025-12-14T15:31:34.488Z,2025-12-14T15:31:34.488Z
21,0x000a,-0.263215,0x00000000,2025-12-14T15:31:34.488Z,2025-12-14T15:31:34.488Z
7,0x0004,16091,0x00000000,2025-12-14T15:31:34.488Z,2025-12-14T15:31:34.488Z
38,0x000a,1.60228,0x00000000,2025-12-14T15:31:34.590Z,2025-12-14T15:31:34.590Z
36,0x000a,0.258184,0x00000000,2025-12-14T15:31:34.590Z,2025-12-14T15:31:34.590Z
35,0x000a,1.64211,0x00000000,2025-12-14T15:31:34.590Z,2025-12-14T15:31:34.590Z
34,0x000a,-0.131608,0x00000000,2025-12-14T15:31:34.590Z,2025-12-14T15:31:34.590Z
25,0x000a,5.96969,0x00000000,2025-12-14T15:31:34.590Z,2025-12-14T15:31:34.590Z
23,0x000a,0.258184,0x00000000,2025-12-14T15:31:34.590Z,2025-12-14T15:31:34.590Z
22,0x000a,1.64211,0x00000000,2025-12-14T15:31:34.590Z,2025-12-14T15:31:34.590Z
21,0x000a,-0.131608,0x00000000,2025-12-14T15:31:34.590Z,2025-12-14T15:31:34.590Z
7,0x0004,16505,0x00000000,2025-12-14T15:31:34.590Z,2025-12-14T15:31:34.590Z
38,0x000a,1.4974,0x00000000,2025-12-14T15:31:34.690Z,2025-12-14T15:31:34.690Z
38,0x000a,1.50101,0x00000000,2025-12-14T15:31:34.789Z,2025-12-14T15:31:34.789Z
36,0x000a,0.129092,0x00000000,2025-12-14T15:31:34.690Z,2025-12-14T15:31:34.690Z
36,0x000a,0.0645461,0x00000000,2025-12-14T15:31:34.789Z,2025-12-14T15:31:34.789Z
35,0x000a,1.62219,0x00000000,2025-12-14T15:31:34.690Z,2025-12-14T15:31:34.690Z
35,0x000a,1.5598,0x00000000,2025-12-14T15:31:34.789Z,2025-12-14T15:31:34.789Z
34,0x000a,-0.0658039,0x00000000,2025-12-14T15:31:34.690Z,2025-12-14T15:31:34.690Z
34,0x000a,-0.0329019,0x00000000,2025-12-14T15:31:34.789Z,2025-12-14T15:31:34.789Z
25,0x000a,6.11979,0x00000000,2025-12-14T15:31:34.789Z,2025-12-14T15:31:34.789Z
23,0x000a,0.129092,0x00000000,2025-12-14T15:31:34.690Z,2025-12-14T15:31:34.690Z
23,0x000a,0.0645461,0x00000000,2025-12-14T15:31:34.789Z,2025-12-14T15:31:34.789Z
22,0x000a,1.62219,0x00000000,2025-12-14T15:31:34.690Z,2025-12-14T15:31:34.690Z
22,0x000a,1.5598,0x00000000,2025-12-14T15:31:34.789Z,2025-12-14T15:31:34.789Z
21,0x000a,-0.0658039,0x00000000,2025-12-14T15:31:34.690Z,2025-12-14T15:31:34.690Z
21,0x000a,-0.0329019,0x00000000,2025-12-14T15:31:34.789Z,2025-12-14T15:31:34.789Z
7,0x0004,16920,0x00000000,2025-12-14T15:31:34.789Z,2025-12-14T15:31:34.789Z
38,0x000a,1.59867,0x00000000,2025-12-14T15:31:34.891Z,2025-12-14T15:31:34.891Z
36,0x000a,0.032273,0x00000000,2025-12-14T15:31:34.891Z,2025-12-14T15:31:34.891Z
35,0x000a,1.5304,0x00000000,2025-12-14T15:31:34.891Z,2025-12-14T15:31:34.891Z
34,0x000a,-0.016451,0x00000000,2025-12-14T15:31:34.891Z,2025-12-14T15:31:34.891Z
25,0x000a,6.27966,0x00000000,2025-12-14T15:31:34.891Z,2025-12-14T15:31:34.891Z
23,0x000a,0.032273,0x00000000,2025-12-14T15:31:34.891Z,2025-12-14T15:31:34.891Z
22,0x000a,1.5304,0x00000000,2025-12-14T15:31:34.891Z,2025-12-14T15:31:34.891Z
21,0x000a,-0.016451,0x00000000,2025-12-14T15:31:34.891Z,2025-12-14T15:31:34.891Z
7,0x0004,17362,0x00000000,2025-12-14T15:31:34.891Z,2025-12-14T15:31:34.891Z
36,0x000a,0.0161365,0x00000000,2025-12-14T15:31:34.989Z,2025-12-14T15:31:34.989Z
35,0x000a,1.56454,0x00000000,2025-12-14T15:31:34.989Z,2025-12-14T15:31:34.989Z
34,0x000a,-0.00822548,0x00000000,2025-12-14T15:31:34.989Z,2025-12-14T15:31:34.989Z
25,0x000a,6.42976,0x00000000,2025-12-14T15:31:34.989Z,2025-12-14T15:31:34.989Z
23,0x000a,0.0161365,0x00000000,2025-12-14T15:31:34.989Z,2025-12-14T15:31:34.989Z
22,0x000a,1.56454,0x00000000,2025-12-14T15:31:34.989Z,2025-12-14T15:31:34.989Z
21,0x000a,-0.00822548,0x00000000,2025-12-14T15:31:34.989Z,2025-12-14T15:31:34.989Z
7,0x0004,17777,0x00000000,2025-12-14T15:31:34.989Z,2025-12-14T15:31:34.989Z
38,0x000a,1.50101,0x00000000,2025-12-14T15:31:35.088Z,2025-12-14T15:31:35.088Z
25,0x000a,6.60988,0x00000000,2025-12-14T15:31:35.088Z,2025-12-14T15:31:35.088Z
7,0x0004,18275,0x00000000,2025-12-14T15:31:35.088Z,2025-12-14T15:31:35.088Z
38,0x000a,3.39989,0x00000000,2025-12-14T15:31:35.190Z,2025-12-14T15:31:35.190Z
36,0x000a,0.00806826,0x00000000,2025-12-14T15:31:35.190Z,2025-12-14T15:31:35.190Z
35,0x000a,1.53277,0x00000000,2025-12-14T15:31:35.190Z,2025-12-14T15:31:35.190Z
34,0x000a,-0.00411274,0x00000000,2025-12-14T15:31:35.190Z,2025-12-14T15:31:35.190Z
25,0x000a,6.76975,0x00000000,2025-12-14T15:31:35.190Z,2025-12-14T15:31:35.190Z
23,0x000a,0.00806826,0x00000000,2025-12-14T15:31:35.190Z,2025-12-14T15:31:35.190Z
22,0x000a,1.53277,0x00000000,2025-12-14T15:31:35.190Z,2025-12-14T15:31:35.190Z
21,0x000a,-0.00411274,0x00000000,2025-12-14T15:31:35.190Z,2025-12-14T15:31:35.190Z
7,0x0004,18717,0x00000000,2025-12-14T15:31:35.190Z,2025-12-14T15:31:35.190Z
38,0x000a,1.50101,0x00000000,2025-12-14T15:31:35.290Z,2025-12-14T15:31:35.290Z
36,0x000a,0.00403413,0x00000000,2025-12-14T15:31:35.290Z,2025-12-14T15:31:35.290Z
35,0x000a,2.46633,0x00000000,2025-12-14T15:31:35.290Z,2025-12-14T15:31:35.290Z
34,0x000a,-0.00205637,0x00000000,2025-12-14T15:31:35.290Z,2025-12-14T15:31:35.290Z
25,0x000a,6.91985,0x00000000,2025-12-14T15:31:35.290Z,2025-12-14T15:31:35.290Z
23,0x000a,0.00403413,0x00000000,2025-12-14T15:31:35.290Z,2025-12-14T15:31:35.290Z
22,0x000a,2.46633,0x00000000,2025-12-14T15:31:35.290Z,2025-12-14T15:31:35.290Z
21,0x000a,-0.00205637,0x00000000,2025-12-14T15:31:35.290Z,2025-12-14T15:31:35.290Z
7,0x0004,19132,0x00000000,2025-12-14T15:31:35.290Z,2025-12-14T15:31:35.290Z
36,0x000a,0.00201707,0x00000000,2025-12-14T15:31:35.388Z,2025-12-14T15:31:35.388Z
35,0x000a,1.98367,0x00000000,2025-12-14T15:31:35.388Z,2025-12-14T15:31:35.388Z
34,0x000a,-0.00102819,0x00000000,2025-12-14T15:31:35.388Z,2025-12-14T15:31:35.388Z
25,0x000a,7.06995,0x00000000,2025-12-14T15:31:35.388Z,2025-12-14T15:31:35.388Z
23,0x000a,0.00201707,0x00000000,2025-12-14T15:31:35.388Z,2025-12-14T15:31:35.388Z
22,0x000a,1.98367,0x00000000,2025-12-14T15:31:35.388Z,2025-12-14T15:31:35.388Z
21,0x000a,-0.00102819,0x00000000,2025-12-14T15:31:35.388Z,2025-12-14T15:31:35.388Z
7,0x0004,19547,0x00000000,2025-12-14T15:31:35.388Z,2025-12-14T15:31:35.388Z
38,0x000a,1.59867,0x00000000,2025-12-14T15:31:35.490Z,2025-12-14T15:31:35.490Z
36,0x000a,0.00100853,0x00000000,2025-12-14T15:31:35.490Z,2025-12-14T15:31:35.490Z
35,0x000a,1.74234,0x00000000,2025-12-14T15:31:35.490Z,2025-12-14T15:31:35.490Z
34,0x000a,-0.000514093,0x00000000,2025-12-14T15:31:35.490Z,2025-12-14T15:31:35.490Z
25,0x000a,7.22982,0x00000000,2025-12-14T15:31:35.490Z,2025-12-14T15:31:35.490Z
23,0x000a,0.00100853,0x00000000,2025-12-14T15:31:35.490Z,2025-12-14T15:31:35.490Z
22,0x000a,1.74234,0x00000000,2025-12-14T15:31:35.490Z,2025-12-14T15:31:35.490Z
21,0x000a,-0.000514093,0x00000000,2025-12-14T15:31:35.490Z,2025-12-14T15:31:35.490Z
7,0x0004,19989,0x00000000,2025-12-14T15:31:35.490Z,2025-12-14T15:31:35.490Z
38,0x000a,1.80122,0x00000000,2025-12-14T15:31:35.590Z,2025-12-14T15:31:35.590Z
36,0x000a,0.000504266,0x00000000,2025-12-14T15:31:35.590Z,2025-12-14T15:31:35.590Z
35,0x000a,1.6705,0x00000000,2025-12-14T15:31:35.590Z,2025-12-14T15:31:35.590Z
34,0x000a,-0.000257046,0x00000000,2025-12-14T15:31:35.590Z,2025-12-14T15:31:35.590Z
25,0x000a,7.40994,0x00000000,2025-12-14T15:31:35.590Z,2025-12-14T15:31:35.590Z
23,0x000a,0.000504266,0x00000000,2025-12-14T15:31:35.590Z,2025-12-14T15:31:35.590Z
22,0x000a,1.6705,0x00000000,2025-12-14T15:31:35.590Z,2025-12-14T15:31:35.590Z
21,0x000a,-0.000257046,0x00000000,2025-12-14T15:31:35.590Z,2025-12-14T15:31:35.590Z
7,0x0004,20487,0x00000000,2025-12-14T15:31:35.590Z,2025-12-14T15:31:35.590Z
38,0x000a,1.19719,0x00000000,2025-12-14T15:31:35.688Z,2025-12-14T15:31:35.688Z
36,0x000a,0.000252133,0x00000000,2025-12-14T15:31:35.688Z,2025-12-14T15:31:35.688Z
35,0x000a,1.73586,0x00000000,2025-12-14T15:31:35.688Z,2025-12-14T15:31:35.688Z
34,0x000a,-0.000128523,0x00000000,2025-12-14T15:31:35.688Z,2025-12-14T15:31:35.688Z
25,0x000a,7.52966,0x00000000,2025-12-14T15:31:35.688Z,2025-12-14T15:31:35.688Z
23,0x000a,0.000252133,0x00000000,2025-12-14T15:31:35.688Z,2025-12-14T15:31:35.688Z
22,0x000a,1.73586,0x00000000,2025-12-14T15:31:35.688Z,2025-12-14T15:31:35.688Z
21,0x000a,-0.000128523,0x00000000,2025-12-14T15:31:35.688Z,2025-12-14T15:31:35.688Z
7,0x0004,20818,0x00000000,2025-12-14T15:31:35.688Z,2025-12-14T15:31:35.688Z
38,0x000a,1.90249,0x00000000,2025-12-14T15:31:35.790Z,2025-12-14T15:31:35.790Z
36,0x000a,0.000126067,0x00000000,2025-12-14T15:31:35.790Z,2025-12-14T15:31:35.790Z
35,0x000a,1.46653,0x00000000,2025-12-14T15:31:35.790Z,2025-12-14T15:31:35.790Z
34,0x000a,-6.42616e-05,0x00000000,2025-12-14T15:31:35.790Z,2025-12-14T15:31:35.790Z
25,0x000a,7.71991,0x00000000,2025-12-14T15:31:35.790Z,2025-12-14T15:31:35.790Z
23,0x000a,0.000126067,0x00000000,2025-12-14T15:31:35.790Z,2025-12-14T15:31:35.790Z
22,0x000a,1.46653,0x00000000,2025-12-14T15:31:35.790Z,2025-12-14T15:31:35.790Z
21,0x000a,-6.42616e-05,0x00000000,2025-12-14T15:31:35.790Z,2025-12-14T15:31:35.790Z
7,0x0004,21344,0x00000000,2025-12-14T15:31:35.790Z,2025-12-14T15:31:35.790Z
36,0x000a,6.30333e-05,0x00000000,2025-12-14T15:31:35.890Z,2025-12-14T15:31:35.890Z
35,0x000a,1.68451,0x00000000,2025-12-14T15:31:35.890Z,2025-12-14T15:31:35.890Z
34,0x000a,-3.21308e-05,0x00000000,2025-12-14T15:31:35.890Z,2025-12-14T15:31:35.890Z
25,0x000a,7.86965,0x00000000,2025-12-14T15:31:35.890Z,2025-12-14T15:31:35.890Z
23,0x000a,6.30333e-05,0x00000000,2025-12-14T15:31:35.890Z,2025-12-14T15:31:35.890Z
22,0x000a,1.68451,0x00000000,2025-12-14T15:31:35.890Z,2025-12-14T15:31:35.890Z
21,0x000a,-3.21308e-05,0x00000000,2025-12-14T15:31:35.890Z,2025-12-14T15:31:35.890Z
7,0x0004,21758,0x00000000,2025-12-14T15:31:35.890Z,2025-12-14T15:31:35.890Z
38,0x000a,1.4974,0x00000000,2025-12-14T15:31:35.990Z,2025-12-14T15:31:35.990Z
25,0x000a,8.01975,0x00000000,2025-12-14T15:31:35.990Z,2025-12-14T15:31:35.990Z
15,0x0001,false,0x00000000,2025-12-14T15:31:35.990Z,2025-12-14T15:31:35.990Z
7,0x0004,22173,0x00000000,2025-12-14T15:31:35.990Z,2025-12-14T15:31:35.990Z
38,0x000a,1.50101,0x00000000,2025-12-14T15:31:36.090Z,2025-12-14T15:31:36.090Z
36,0x000a,3.15166e-05,0x00000000,2025-12-14T15:31:36.090Z,2025-12-14T15:31:36.090Z
35,0x000a,1.59095,0x00000000,2025-12-14T15:31:36.090Z,2025-12-14T15:31:36.090Z
34,0x000a,-1.60654e-05,0x00000000,2025-12-14T15:31:36.090Z,2025-12-14T15:31:36.090Z
25,0x000a,8.17998,0x00000000,2025-12-14T15:31:36.090Z,2025-12-14T15:31:36.090Z
23,0x000a,3.15166e-05,0x00000000,2025-12-14T15:31:36.090Z,2025-12-14T15:31:36.090Z
22,0x000a,1.59095,0x00000000,2025-12-14T15:31:36.090Z,2025-12-14T15:31:36.090Z
21,0x000a,-1.60654e-05,0x00000000,2025-12-14T15:31:36.090Z,2025-12-14T15:31:36.090Z
7,0x0004,22616,0x00000000,2025-12-14T15:31:36.090Z,2025-12-14T15:31:36.090Z
38,0x000a,1.60229,0x00000000,2025-12-14T15:31:36.188Z,2025-12-14T15:31:36.188Z
36,0x000a,1.57583e-05,0x00000000,2025-12-14T15:31:36.188Z,2025-12-14T15:31:36.188Z
35,0x000a,1.54598,0x00000000,2025-12-14T15:31:36.188Z,2025-12-14T15:31:36.188Z
34,0x000a,-8.0327e-06,0x00000000,2025-12-14T15:31:36.188Z,2025-12-14T15:31:36.188Z
25,0x000a,8.26968,0x00000000,2025-12-14T15:31:36.188Z,2025-12-14T15:31:36.188Z
23,0x000a,1.57583e-05,0x00000000,2025-12-14T15:31:36.188Z,2025-12-14T15:31:36.188Z
22,0x000a,1.54598,0x00000000,2025-12-14T15:31:36.188Z,2025-12-14T15:31:36.188Z
21,0x000a,-8.0327e-06,0x00000000,2025-12-14T15:31:36.188Z,2025-12-14T15:31:36.188Z
7,0x0004,22864,0x00000000,2025-12-14T15:31:36.188Z,2025-12-14T15:31:36.188Z
38,0x000a,0.896997,0x00000000,2025-12-14T15:31:36.290Z,2025-12-14T15:31:36.290Z
38,0x000a,0,0x00000000,2025-12-14T15:31:36.389Z,2025-12-14T15:31:36.389Z
36,0x000a,7.87916e-06,0x00000000,2025-12-14T15:31:36.290Z,2025-12-14T15:31:36.290Z
36,0x000a,3.93958e-06,0x00000000,2025-12-14T15:31:36.389Z,2025-12-14T15:31:36.389Z
35,0x000a,1.57413,0x00000000,2025-12-14T15:31:36.290Z,2025-12-14T15:31:36.290Z
35,0x000a,1.23557,0x00000000,2025-12-14T15:31:36.389Z,2025-12-14T15:31:36.389Z
34,0x000a,-4.01635e-06,0x00000000,2025-12-14T15:31:36.290Z,2025-12-14T15:31:36.290Z
34,0x000a,-2.00817e-06,0x00000000,2025-12-14T15:31:36.389Z,2025-12-14T15:31:36.389Z
23,0x000a,7.87916e-06,0x00000000,2025-12-14T15:31:36.290Z,2025-12-14T15:31:36.290Z
23,0x000a,3.93958e-06,0x00000000,2025-12-14T15:31:36.389Z,2025-12-14T15:31:36.389Z
22,0x000a,1.57413,0x00000000,2025-12-14T15:31:36.290Z,2025-12-14T15:31:36.290Z
22,0x000a,1.23557,0x00000000,2025-12-14T15:31:36.389Z,2025-12-14T15:31:36.389Z
21,0x000a,-4.01635e-06,0x00000000,2025-12-14T15:31:36.290Z,2025-12-14T15:31:36.290Z
21,0x000a,-2.00817e-06,0x00000000,2025-12-14T15:31:36.389Z,2025-12-14T15:31:36.389Z
42,0x0001,false,0x00000000,2025-12-14T15:31:36.490Z,2025-12-14T15:31:36.490Z
40,0x0001,false,0x00000000,2025-12-14T15:31:36.490Z,2025-12-14T15:31:36.490Z
36,0x000a,1.96979e-06,0x00000000,2025-12-14T15:31:36.490Z,2025-12-14T15:31:36.490Z
35,0x000a,0.617783,0x00000000,2025-12-14T15:31:36.490Z,2025-12-14T15:31:36.490Z
34,0x000a,-1.00409e-06,0x00000000,2025-12-14T15:31:36.490Z,2025-12-14T15:31:36.490Z
23,0x000a,1.96979e-06,0x00000000,2025-12-14T15:31:36.490Z,2025-12-14T15:31:36.490Z
22,0x000a,0.617783,0x00000000,2025-12-14T15:31:36.490Z,2025-12-14T15:31:36.490Z
21,0x000a,-1.00409e-06,0x00000000,2025-12-14T15:31:36.490Z,2025-12-14T15:31:36.490Z
18,0x0001,true,0x00000000,2025-12-14T15:31:36.490Z,2025-12-14T15:31:36.490Z
16,0x0001,true,0x00000000,2025-12-14T15:31:36.490Z,2025-12-14T15:31:36.490Z
14,0x0001,true,0x00000000,2025-12-14T15:31:36.490Z,2025-12-14T15:31:36.490Z
4,0x000a,4.2,0x00000000,2025-12-14T15:31:36.490Z,2025-12-14T15:31:36.490Z
3,0x000a,3.8,0x00000000,2025-12-14T15:31:36.490Z,2025-12-14T15:31:36.490Z
2,0x000a,4.5,0x00000000,2025-12-14T15:31:36.490Z,2025-12-14T15:31:36.490Z
36,0x000a,9.84895e-07,0x00000000,2025-12-14T15:31:36.588Z,2025-12-14T15:31:36.588Z
35,0x000a,0.308891,0x00000000,2025-12-14T15:31:36.588Z,2025-12-14T15:31:36.588Z
34,0x000a,-5.02044e-07,0x00000000,2025-12-14T15:31:36.588Z,2025-12-14T15:31:36.588Z
23,0x000a,9.84895e-07,0x00000000,2025-12-14T15:31:36.588Z,2025-12-14T15:31:36.588Z
22,0x000a,0.308891,0x00000000,2025-12-14T15:31:36.588Z,2025-12-14T15:31:36.588Z
21,0x000a,-5.02044e-07,0x00000000,2025-12-14T15:31:36.588Z,2025-12-14T15:31:36.588Z
36,0x000a,4.92448e-07,0x00000000,2025-12-14T15:31:36.689Z,2025-12-14T15:31:36.689Z
35,0x000a,0.154446,0x00000000,2025-12-14T15:31:36.689Z,2025-12-14T15:31:36.689Z
34,0x000a,-2.51022e-07,0x00000000,2025-12-14T15:31:36.689Z,2025-12-14T15:31:36.689Z
26,0x000a,6.44965,0x00000000,2025-12-14T15:31:36.689Z,2025-12-14T15:31:36.689Z
25,0x000a,8.17998,0x00000000,2025-12-14T15:31:36.689Z,2025-12-14T15:31:36.689Z
24,0x000a,7.10974,0x00000000,2025-12-14T15:31:36.689Z,2025-12-14T15:31:36.689Z
23,0x000a,4.92448e-07,0x00000000,2025-12-14T15:31:36.689Z,2025-12-14T15:31:36.689Z
22,0x000a,0.154446,0x00000000,2025-12-14T15:31:36.689Z,2025-12-14T15:31:36.689Z
21,0x000a,-2.51022e-07,0x00000000,2025-12-14T15:31:36.689Z,2025-12-14T15:31:36.689Z
8,0x0004,17832,0x00000000,2025-12-14T15:31:36.689Z,2025-12-14T15:31:36.689Z
7,0x0004,22616,0x00000000,2025-12-14T15:31:36.689Z,2025-12-14T15:31:36.689Z
6,0x0004,19657,0x00000000,2025-12-14T15:31:36.689Z,2025-12-14T15:31:36.689Z
39,0x000a,-0.70168,0x00000000,2025-12-14T15:31:36.789Z,2025-12-14T15:31:36.789Z
38,0x000a,-0.896997,0x00000000,2025-12-14T15:31:36.789Z,2025-12-14T15:31:36.789Z
37,0x000a,-1.69994,0x00000000,2025-12-14T15:31:36.789Z,2025-12-14T15:31:36.789Z
26,0x000a,6.22975,0x00000000,2025-12-14T15:31:36.789Z,2025-12-14T15:31:36.789Z
25,0x000a,8.01975,0x00000000,2025-12-14T15:31:36.789Z,2025-12-14T15:31:36.789Z
24,0x000a,6.83992,0x00000000,2025-12-14T15:31:36.789Z,2025-12-14T15:31:36.789Z
8,0x0004,17224,0x00000000,2025-12-14T15:31:36.789Z,2025-12-14T15:31:36.789Z
7,0x0004,22173,0x00000000,2025-12-14T15:31:36.789Z,2025-12-14T15:31:36.789Z
6,0x0004,18911,0x00000000,2025-12-14T15:31:36.789Z,2025-12-14T15:31:36.789Z
39,0x000a,-2.19907,0x00000000,2025-12-14T15:31:36.888Z,2025-12-14T15:31:36.888Z
38,0x000a,-1.60229,0x00000000,2025-12-14T15:31:36.888Z,2025-12-14T15:31:36.888Z
37,0x000a,-2.69821,0x00000000,2025-12-14T15:31:36.888Z,2025-12-14T15:31:36.888Z
36,0x000a,-0.35084,0x00000000,2025-12-14T15:31:36.888Z,2025-12-14T15:31:36.888Z
35,0x000a,-0.371276,0x00000000,2025-12-14T15:31:36.888Z,2025-12-14T15:31:36.888Z
34,0x000a,-0.849972,0x00000000,2025-12-14T15:31:36.888Z,2025-12-14T15:31:36.888Z
26,0x000a,6.01997,0x00000000,2025-12-14T15:31:36.888Z,2025-12-14T15:31:36.888Z
25,0x000a,7.86965,0x00000000,2025-12-14T15:31:36.888Z,2025-12-14T15:31:36.888Z
24,0x000a,6.55997,0x00000000,2025-12-14T15:31:36.888Z,2025-12-14T15:31:36.888Z
23,0x000a,-0.35084,0x00000000,2025-12-14T15:31:36.888Z,2025-12-14T15:31:36.888Z
22,0x000a,-0.371276,0x00000000,2025-12-14T15:31:36.888Z,2025-12-14T15:31:36.888Z
21,0x000a,-0.849972,0x00000000,2025-12-14T15:31:36.888Z,2025-12-14T15:31:36.888Z
8,0x0004,16644,0x00000000,2025-12-14T15:31:36.888Z,2025-12-14T15:31:36.888Z
7,0x0004,21758,0x00000000,2025-12-14T15:31:36.888Z,2025-12-14T15:31:36.888Z
6,0x0004,18137,0x00000000,2025-12-14T15:31:36.888Z,2025-12-14T15:31:36.888Z
39,0x000a,-2.0978,0x00000000,2025-12-14T15:31:36.988Z,2025-12-14T15:31:36.988Z
38,0x000a,-1.50101,0x00000000,2025-12-14T15:31:36.988Z,2025-12-14T15:31:36.988Z
37,0x000a,-2.79948,0x00000000,2025-12-14T15:31:36.988Z,2025-12-14T15:31:36.988Z
36,0x000a,-1.27496,0x00000000,2025-12-14T15:31:36.988Z,2025-12-14T15:31:36.988Z
35,0x000a,-0.986782,0x00000000,2025-12-14T15:31:36.988Z,2025-12-14T15:31:36.988Z
34,0x000a,-1.77409,0x00000000,2025-12-14T15:31:36.988Z,2025-12-14T15:31:36.988Z
26,0x000a,5.76968,0x00000000,2025-12-14T15:31:36.988Z,2025-12-14T15:31:36.988Z
25,0x000a,7.68989,0x00000000,2025-12-14T15:31:36.988Z,2025-12-14T15:31:36.988Z
24,0x000a,6.22975,0x00000000,2025-12-14T15:31:36.988Z,2025-12-14T15:31:36.988Z
23,0x000a,-1.27496,0x00000000,2025-12-14T15:31:36.988Z,2025-12-14T15:31:36.988Z
22,0x000a,-0.986782,0x00000000,2025-12-14T15:31:36.988Z,2025-12-14T15:31:36.988Z
21,0x000a,-1.77409,0x00000000,2025-12-14T15:31:36.988Z,2025-12-14T15:31:36.988Z
8,0x0004,15952,0x00000000,2025-12-14T15:31:36.988Z,2025-12-14T15:31:36.988Z
7,0x0004,21261,0x00000000,2025-12-14T15:31:36.988Z,2025-12-14T15:31:36.988Z
6,0x0004,17224,0x00000000,2025-12-14T15:31:36.988Z,2025-12-14T15:31:36.988Z
39,0x000a,-2.50289,0x00000000,2025-12-14T15:31:37.090Z,2025-12-14T15:31:37.090Z
38,0x000a,-1.7976,0x00000000,2025-12-14T15:31:37.090Z,2025-12-14T15:31:37.090Z
37,0x000a,-3.30223,0x00000000,2025-12-14T15:31:37.090Z,2025-12-14T15:31:37.090Z
36,0x000a,-1.68638,0x00000000,2025-12-14T15:31:37.090Z,2025-12-14T15:31:37.090Z
35,0x000a,-1.24389,0x00000000,2025-12-14T15:31:37.090Z,2025-12-14T15:31:37.090Z
34,0x000a,-2.28678,0x00000000,2025-12-14T15:31:37.090Z,2025-12-14T15:31:37.090Z
26,0x000a,5.54977,0x00000000,2025-12-14T15:31:37.090Z,2025-12-14T15:31:37.090Z
25,0x000a,7.52966,0x00000000,2025-12-14T15:31:37.090Z,2025-12-14T15:31:37.090Z
24,0x000a,5.95992,0x00000000,2025-12-14T15:31:37.090Z,2025-12-14T15:31:37.090Z
23,0x000a,-1.68638,0x00000000,2025-12-14T15:31:37.090Z,2025-12-14T15:31:37.090Z
22,0x000a,-1.24389,0x00000000,2025-12-14T15:31:37.090Z,2025-12-14T15:31:37.090Z
21,0x000a,-2.28678,0x00000000,2025-12-14T15:31:37.090Z,2025-12-14T15:31:37.090Z
8,0x0004,15344,0x00000000,2025-12-14T15:31:37.090Z,2025-12-14T15:31:37.090Z
7,0x0004,20818,0x00000000,2025-12-14T15:31:37.090Z,2025-12-14T15:31:37.090Z
6,0x0004,16478,0x00000000,2025-12-14T15:31:37.090Z,2025-12-14T15:31:37.090Z
39,0x000a,-2.19907,0x00000000,2025-12-14T15:31:37.189Z,2025-12-14T15:31:37.189Z
38,0x000a,-1.60229,0x00000000,2025-12-14T15:31:37.189Z,2025-12-14T15:31:37.189Z
37,0x000a,-2.69821,0x00000000,2025-12-14T15:31:37.189Z,2025-12-14T15:31:37.189Z
36,0x000a,-2.09464,0x00000000,2025-12-14T15:31:37.189Z,2025-12-14T15:31:37.189Z
35,0x000a,-1.52075,0x00000000,2025-12-14T15:31:37.189Z,2025-12-14T15:31:37.189Z
34,0x000a,-2.7945,0x00000000,2025-12-14T15:31:37.189Z,2025-12-14T15:31:37.189Z
26,0x000a,5.33999,0x00000000,2025-12-14T15:31:37.189Z,2025-12-14T15:31:37.189Z
25,0x000a,7.37992,0x00000000,2025-12-14T15:31:37.189Z,2025-12-14T15:31:37.189Z
24,0x000a,5.67998,0x00000000,2025-12-14T15:31:37.189Z,2025-12-14T15:31:37.189Z
23,0x000a,-2.09464,0x00000000,2025-12-14T15:31:37.189Z,2025-12-14T15:31:37.189Z
22,0x000a,-1.52075,0x00000000,2025-12-14T15:31:37.189Z,2025-12-14T15:31:37.189Z
21,0x000a,-2.7945,0x00000000,2025-12-14T15:31:37.189Z,2025-12-14T15:31:37.189Z
8,0x0004,14764,0x00000000,2025-12-14T15:31:37.189Z,2025-12-14T15:31:37.189Z
7,0x0004,20404,0x00000000,2025-12-14T15:31:37.189Z,2025-12-14T15:31:37.189Z
6,0x0004,15704,0x00000000,2025-12-14T15:31:37.189Z,2025-12-14T15:31:37.189Z
39,0x000a,-2.0978,0x00000000,2025-12-14T15:31:37.290Z,2025-12-14T15:31:37.290Z
38,0x000a,-1.49739,0x00000000,2025-12-14T15:31:37.290Z,2025-12-14T15:31:37.290Z
37,0x000a,-2.79948,0x00000000,2025-12-14T15:31:37.290Z,2025-12-14T15:31:37.290Z
36,0x000a,-2.14685,0x00000000,2025-12-14T15:31:37.290Z,2025-12-14T15:31:37.290Z
35,0x000a,-1.56152,0x00000000,2025-12-14T15:31:37.290Z,2025-12-14T15:31:37.290Z
34,0x000a,-2.74636,0x00000000,2025-12-14T15:31:37.290Z,2025-12-14T15:31:37.290Z
26,0x000a,5.12985,0x00000000,2025-12-14T15:31:37.290Z,2025-12-14T15:31:37.290Z
25,0x000a,7.22982,0x00000000,2025-12-14T15:31:37.290Z,2025-12-14T15:31:37.290Z
24,0x000a,5.39967,0x00000000,2025-12-14T15:31:37.290Z,2025-12-14T15:31:37.290Z
23,0x000a,-2.14685,0x00000000,2025-12-14T15:31:37.290Z,2025-12-14T15:31:37.290Z
22,0x000a,-1.56152,0x00000000,2025-12-14T15:31:37.290Z,2025-12-14T15:31:37.290Z
21,0x000a,-2.74636,0x00000000,2025-12-14T15:31:37.290Z,2025-12-14T15:31:37.290Z
8,0x0004,14183,0x00000000,2025-12-14T15:31:37.290Z,2025-12-14T15:31:37.290Z
7,0x0004,19989,0x00000000,2025-12-14T15:31:37.290Z,2025-12-14T15:31:37.290Z
6,0x0004,14929,0x00000000,2025-12-14T15:31:37.290Z,2025-12-14T15:31:37.290Z
39,0x000a,-4.30049,0x00000000,2025-12-14T15:31:37.389Z,2025-12-14T15:31:37.389Z
38,0x000a,-3.09968,0x00000000,2025-12-14T15:31:37.389Z,2025-12-14T15:31:37.389Z
37,0x000a,-5.5013,0x00000000,2025-12-14T15:31:37.389Z,2025-12-14T15:31:37.389Z
36,0x000a,-2.12233,0x00000000,2025-12-14T15:31:37.389Z,2025-12-14T15:31:37.389Z
35,0x000a,-1.52945,0x00000000,2025-12-14T15:31:37.389Z,2025-12-14T15:31:37.389Z
34,0x000a,-2.77292,0x00000000,2025-12-14T15:31:37.389Z,2025-12-14T15:31:37.389Z
26,0x000a,4.90994,0x00000000,2025-12-14T15:31:37.389Z,2025-12-14T15:31:37.389Z
25,0x000a,7.06995,0x00000000,2025-12-14T15:31:37.389Z,2025-12-14T15:31:37.389Z
24,0x000a,5.12985,0x00000000,2025-12-14T15:31:37.389Z,2025-12-14T15:31:37.389Z
23,0x000a,-2.12233,0x00000000,2025-12-14T15:31:37.389Z,2025-12-14T15:31:37.389Z
22,0x000a,-1.52945,0x00000000,2025-12-14T15:31:37.389Z,2025-12-14T15:31:37.389Z
21,0x000a,-2.77292,0x00000000,2025-12-14T15:31:37.389Z,2025-12-14T15:31:37.389Z
8,0x0004,13575,0x00000000,2025-12-14T15:31:37.389Z,2025-12-14T15:31:37.389Z
7,0x0004,19547,0x00000000,2025-12-14T15:31:37.389Z,2025-12-14T15:31:37.389Z
6,0x0004,14183,0x00000000,2025-12-14T15:31:37.389Z,2025-12-14T15:31:37.389Z
39,0x000a,-2.10142,0x00000000,2025-12-14T15:31:37.490Z,2025-12-14T15:31:37.490Z
38,0x000a,-1.50101,0x00000000,2025-12-14T15:31:37.490Z,2025-12-14T15:31:37.490Z
37,0x000a,-2.79948,0x00000000,2025-12-14T15:31:37.490Z,2025-12-14T15:31:37.490Z
36,0x000a,-3.21141,0x00000000,2025-12-14T15:31:37.490Z,2025-12-14T15:31:37.490Z
35,0x000a,-2.31457,0x00000000,2025-12-14T15:31:37.490Z,2025-12-14T15:31:37.490Z
34,0x000a,-4.13711,0x00000000,2025-12-14T15:31:37.490Z,2025-12-14T15:31:37.490Z
26,0x000a,4.6998,0x00000000,2025-12-14T15:31:37.490Z,2025-12-14T15:31:37.490Z
25,0x000a,6.91985,0x00000000,2025-12-14T15:31:37.490Z,2025-12-14T15:31:37.490Z
24,0x000a,4.8499,0x00000000,2025-12-14T15:31:37.490Z,2025-12-14T15:31:37.490Z
23,0x000a,-3.21141,0x00000000,2025-12-14T15:31:37.490Z,2025-12-14T15:31:37.490Z
22,0x000a,-2.31457,0x00000000,2025-12-14T15:31:37.490Z,2025-12-14T15:31:37.490Z
21,0x000a,-4.13711,0x00000000,2025-12-14T15:31:37.490Z,2025-12-14T15:31:37.490Z
8,0x0004,12994,0x00000000,2025-12-14T15:31:37.490Z,2025-12-14T15:31:37.490Z
7,0x0004,19132,0x00000000,2025-12-14T15:31:37.490Z,2025-12-14T15:31:37.490Z
6,0x0004,13409,0x00000000,2025-12-14T15:31:37.490Z,2025-12-14T15:31:37.490Z
36,0x000a,-2.65642,0x00000000,2025-12-14T15:31:37.589Z,2025-12-14T15:31:37.589Z
35,0x000a,-1.90779,0x00000000,2025-12-14T15:31:37.589Z,2025-12-14T15:31:37.589Z
34,0x000a,-3.46829,0x00000000,2025-12-14T15:31:37.589Z,2025-12-14T15:31:37.589Z
26,0x000a,4.48966,0x00000000,2025-12-14T15:31:37.589Z,2025-12-14T15:31:37.589Z
25,0x000a,6.76975,0x00000000,2025-12-14T15:31:37.589Z,2025-12-14T15:31:37.589Z
24,0x000a,4.57972,0x00000000,2025-12-14T15:31:37.589Z,2025-12-14T15:31:37.589Z
23,0x000a,-2.65642,0x00000000,2025-12-14T15:31:37.589Z,2025-12-14T15:31:37.589Z
22,0x000a,-1.90779,0x00000000,2025-12-14T15:31:37.589Z,2025-12-14T15:31:37.589Z
21,0x000a,-3.46829,0x00000000,2025-12-14T15:31:37.589Z,2025-12-14T15:31:37.589Z
18,0x0001,false,0x00000000,2025-12-14T15:31:37.589Z,2025-12-14T15:31:37.589Z
14,0x0001,false,0x00000000,2025-12-14T15:31:37.589Z,2025-12-14T15:31:37.589Z
8,0x0004,12413,0x00000000,2025-12-14T15:31:37.589Z,2025-12-14T15:31:37.589Z
7,0x0004,18717,0x00000000,2025-12-14T15:31:37.589Z,2025-12-14T15:31:37.589Z
6,0x0004,12662,0x00000000,2025-12-14T15:31:37.589Z,2025-12-14T15:31:37.589Z
39,0x000a,-2.10142,0x00000000,2025-12-14T15:31:37.689Z,2025-12-14T15:31:37.689Z
37,0x000a,-2.70183,0x00000000,2025-12-14T15:31:37.689Z,2025-12-14T15:31:37.689Z
26,0x000a,4.26975,0x00000000,2025-12-14T15:31:37.689Z,2025-12-14T15:31:37.689Z
25,0x000a,6.60988,0x00000000,2025-12-14T15:31:37.689Z,2025-12-14T15:31:37.689Z
24,0x000a,4.29977,0x00000000,2025-12-14T15:31:37.689Z,2025-12-14T15:31:37.689Z
8,0x0004,11805,0x00000000,2025-12-14T15:31:37.689Z,2025-12-14T15:31:37.689Z
7,0x0004,18275,0x00000000,2025-12-14T15:31:37.689Z,2025-12-14T15:31:37.689Z
6,0x0004,11888,0x00000000,2025-12-14T15:31:37.689Z,2025-12-14T15:31:37.689Z
39,0x000a,-2.19907,0x00000000,2025-12-14T15:31:37.789Z,2025-12-14T15:31:37.789Z
38,0x000a,-1.59867,0x00000000,2025-12-14T15:31:37.789Z,2025-12-14T15:31:37.789Z
37,0x000a,-2.79948,0x00000000,2025-12-14T15:31:37.789Z,2025-12-14T15:31:37.789Z
36,0x000a,-2.37892,0x00000000,2025-12-14T15:31:37.789Z,2025-12-14T15:31:37.789Z
35,0x000a,-1.7044,0x00000000,2025-12-14T15:31:37.789Z,2025-12-14T15:31:37.789Z
34,0x000a,-3.08506,0x00000000,2025-12-14T15:31:37.789Z,2025-12-14T15:31:37.789Z
26,0x000a,4.14967,0x00000000,2025-12-14T15:31:37.789Z,2025-12-14T15:31:37.789Z
25,0x000a,6.42976,0x00000000,2025-12-14T15:31:37.789Z,2025-12-14T15:31:37.789Z
24,0x000a,4.12977,0x00000000,2025-12-14T15:31:37.789Z,2025-12-14T15:31:37.789Z
23,0x000a,-2.37892,0x00000000,2025-12-14T15:31:37.789Z,2025-12-14T15:31:37.789Z
22,0x000a,-1.7044,0x00000000,2025-12-14T15:31:37.789Z,2025-12-14T15:31:37.789Z
21,0x000a,-3.08506,0x00000000,2025-12-14T15:31:37.789Z,2025-12-14T15:31:37.789Z
13,0x0001,true,0x00000000,2025-12-14T15:31:37.789Z,2025-12-14T15:31:37.789Z
8,0x0004,11473,0x00000000,2025-12-14T15:31:37.789Z,2025-12-14T15:31:37.789Z
7,0x0004,17777,0x00000000,2025-12-14T15:31:37.789Z,2025-12-14T15:31:37.789Z
6,0x0004,11418,0x00000000,2025-12-14T15:31:37.789Z,2025-12-14T15:31:37.789Z
39,0x000a,-1.20081,0x00000000,2025-12-14T15:31:37.892Z,2025-12-14T15:31:37.892Z
39,0x000a,0,0x00000000,2025-12-14T15:31:37.990Z,2025-12-14T15:31:37.990Z
38,0x000a,-1.80122,0x00000000,2025-12-14T15:31:37.892Z,2025-12-14T15:31:37.892Z
38,0x000a,-1.50101,0x00000000,2025-12-14T15:31:37.990Z,2025-12-14T15:31:37.990Z
37,0x000a,-1.69994,0x00000000,2025-12-14T15:31:37.892Z,2025-12-14T15:31:37.892Z
37,0x000a,0,0x00000000,2025-12-14T15:31:37.990Z,2025-12-14T15:31:37.990Z
36,0x000a,-2.28899,0x00000000,2025-12-14T15:31:37.892Z,2025-12-14T15:31:37.892Z
36,0x000a,-1.7449,0x00000000,2025-12-14T15:31:37.990Z,2025-12-14T15:31:37.990Z
35,0x000a,-1.65153,0x00000000,2025-12-14T15:31:37.892Z,2025-12-14T15:31:37.892Z
35,0x000a,-1.72638,0x00000000,2025-12-14T15:31:37.990Z,2025-12-14T15:31:37.990Z
34,0x000a,-2.94227,0x00000000,2025-12-14T15:31:37.892Z,2025-12-14T15:31:37.892Z
34,0x000a,-2.32111,0x00000000,2025-12-14T15:31:37.990Z,2025-12-14T15:31:37.990Z
25,0x000a,6.27966,0x00000000,2025-12-14T15:31:37.892Z,2025-12-14T15:31:37.892Z
25,0x000a,6.11979,0x00000000,2025-12-14T15:31:37.990Z,2025-12-14T15:31:37.990Z
24,0x000a,4.29977,0x00000000,2025-12-14T15:31:37.990Z,2025-12-14T15:31:37.990Z
23,0x000a,-2.28899,0x00000000,2025-12-14T15:31:37.892Z,2025-12-14T15:31:37.892Z
23,0x000a,-1.7449,0x00000000,2025-12-14T15:31:37.990Z,2025-12-14T15:31:37.990Z
22,0x000a,-1.65153,0x00000000,2025-12-14T15:31:37.892Z,2025-12-14T15:31:37.892Z
22,0x000a,-1.72638,0x00000000,2025-12-14T15:31:37.990Z,2025-12-14T15:31:37.990Z
21,0x000a,-2.94227,0x00000000,2025-12-14T15:31:37.892Z,2025-12-14T15:31:37.892Z
21,0x000a,-2.32111,0x00000000,2025-12-14T15:31:37.990Z,2025-12-14T15:31:37.990Z
13,0x0001,false,0x00000000,2025-12-14T15:31:37.990Z,2025-12-14T15:31:37.990Z
7,0x0004,17362,0x00000000,2025-12-14T15:31:37.892Z,2025-12-14T15:31:37.892Z
7,0x0004,16920,0x00000000,2025-12-14T15:31:37.990Z,2025-12-14T15:31:37.990Z
6,0x0004,11888,0x00000000,2025-12-14T15:31:37.990Z,2025-12-14T15:31:37.990Z
42,0x0001,true,0x00000000,2025-12-14T15:31:38.089Z,2025-12-14T15:31:38.089Z
38,0x000a,-1.59867,0x00000000,2025-12-14T15:31:38.089Z,2025-12-14T15:31:38.089Z
37,0x000a,1.69994,0x00000000,2025-12-14T15:31:38.089Z,2025-12-14T15:31:38.089Z
36,0x000a,-0.872451,0x00000000,2025-12-14T15:31:38.089Z,2025-12-14T15:31:38.089Z
35,0x000a,-1.61369,0x00000000,2025-12-14T15:31:38.089Z,2025-12-14T15:31:38.089Z
34,0x000a,-1.16055,0x00000000,2025-12-14T15:31:38.089Z,2025-12-14T15:31:38.089Z
23,0x000a,-0.872451,0x00000000,2025-12-14T15:31:38.089Z,2025-12-14T15:31:38.089Z
22,0x000a,-1.61369,0x00000000,2025-12-14T15:31:38.089Z,2025-12-14T15:31:38.089Z
21,0x000a,-1.16055,0x00000000,2025-12-14T15:31:38.089Z,2025-12-14T15:31:38.089Z
38,0x000a,-1.50101,0x00000000,2025-12-14T15:31:38.190Z,2025-12-14T15:31:38.190Z
37,0x000a,2.79948,0x00000000,2025-12-14T15:31:38.190Z,2025-12-14T15:31:38.190Z
36,0x000a,-0.436225,0x00000000,2025-12-14T15:31:38.190Z,2025-12-14T15:31:38.190Z
35,0x000a,-1.60618,0x00000000,2025-12-14T15:31:38.190Z,2025-12-14T15:31:38.190Z
34,0x000a,0.269695,0x00000000,2025-12-14T15:31:38.190Z,2025-12-14T15:31:38.190Z
25,0x000a,5.96969,0x00000000,2025-12-14T15:31:38.190Z,2025-12-14T15:31:38.190Z
24,0x000a,4.57972,0x00000000,2025-12-14T15:31:38.190Z,2025-12-14T15:31:38.190Z
23,0x000a,-0.436225,0x00000000,2025-12-14T15:31:38.190Z,2025-12-14T15:31:38.190Z
22,0x000a,-1.60618,0x00000000,2025-12-14T15:31:38.190Z,2025-12-14T15:31:38.190Z
21,0x000a,0.269695,0x00000000,2025-12-14T15:31:38.190Z,2025-12-14T15:31:38.190Z
7,0x0004,16505,0x00000000,2025-12-14T15:31:38.190Z,2025-12-14T15:31:38.190Z
6,0x0004,12662,0x00000000,2025-12-14T15:31:38.190Z,2025-12-14T15:31:38.190Z
38,0x000a,-1.4974,0x00000000,2025-12-14T15:31:38.288Z,2025-12-14T15:31:38.288Z
37,0x000a,1.60229,0x00000000,2025-12-14T15:31:38.288Z,2025-12-14T15:31:38.288Z
36,0x000a,-0.218113,0x00000000,2025-12-14T15:31:38.288Z,2025-12-14T15:31:38.288Z
35,0x000a,-1.5536,0x00000000,2025-12-14T15:31:38.288Z,2025-12-14T15:31:38.288Z
34,0x000a,1.53459,0x00000000,2025-12-14T15:31:38.288Z,2025-12-14T15:31:38.288Z
25,0x000a,5.81995,0x00000000,2025-12-14T15:31:38.288Z,2025-12-14T15:31:38.288Z
24,0x000a,4.73994,0x00000000,2025-12-14T15:31:38.288Z,2025-12-14T15:31:38.288Z
23,0x000a,-0.218113,0x00000000,2025-12-14T15:31:38.288Z,2025-12-14T15:31:38.288Z
22,0x000a,-1.5536,0x00000000,2025-12-14T15:31:38.288Z,2025-12-14T15:31:38.288Z
21,0x000a,1.53459,0x00000000,2025-12-14T15:31:38.288Z,2025-12-14T15:31:38.288Z
7,0x0004,16091,0x00000000,2025-12-14T15:31:38.288Z,2025-12-14T15:31:38.288Z
6,0x0004,13105,0x00000000,2025-12-14T15:31:38.288Z,2025-12-14T15:31:38.288Z
36,0x000a,-0.109056,0x00000000,2025-12-14T15:31:38.388Z,2025-12-14T15:31:38.388Z
35,0x000a,-1.5255,0x00000000,2025-12-14T15:31:38.388Z,2025-12-14T15:31:38.388Z
34,0x000a,1.56844,0x00000000,2025-12-14T15:31:38.388Z,2025-12-14T15:31:38.388Z
25,0x000a,5.6297,0x00000000,2025-12-14T15:31:38.388Z,2025-12-14T15:31:38.388Z
23,0x000a,-0.109056,0x00000000,2025-12-14T15:31:38.388Z,2025-12-14T15:31:38.388Z
22,0x000a,-1.5255,0x00000000,2025-12-14T15:31:38.388Z,2025-12-14T15:31:38.388Z
21,0x000a,1.56844,0x00000000,2025-12-14T15:31:38.388Z,2025-12-14T15:31:38.388Z
7,0x0004,15565,0x00000000,2025-12-14T15:31:38.388Z,2025-12-14T15:31:38.388Z
38,0x000a,-1.90248,0x00000000,2025-12-14T15:31:38.490Z,2025-12-14T15:31:38.490Z
37,0x000a,0,0x00000000,2025-12-14T15:31:38.490Z,2025-12-14T15:31:38.490Z
25,0x000a,5.47996,0x00000000,2025-12-14T15:31:38.490Z,2025-12-14T15:31:38.490Z
7,0x0004,15151,0x00000000,2025-12-14T15:31:38.490Z,2025-12-14T15:31:38.490Z
40,0x0001,true,0x00000000,2025-12-14T15:31:38.590Z,2025-12-14T15:31:38.590Z
38,0x000a,-2.99841,0x00000000,2025-12-14T15:31:38.590Z,2025-12-14T15:31:38.590Z
36,0x000a,-0.0545282,0x00000000,2025-12-14T15:31:38.590Z,2025-12-14T15:31:38.590Z
35,0x000a,-1.71399,0x00000000,2025-12-14T15:31:38.590Z,2025-12-14T15:31:38.590Z
34,0x000a,0.784218,0x00000000,2025-12-14T15:31:38.590Z,2025-12-14T15:31:38.590Z
25,0x000a,5.32986,0x00000000,2025-12-14T15:31:38.590Z,2025-12-14T15:31:38.590Z
23,0x000a,-0.0545282,0x00000000,2025-12-14T15:31:38.590Z,2025-12-14T15:31:38.590Z
22,0x000a,-1.71399,0x00000000,2025-12-14T15:31:38.590Z,2025-12-14T15:31:38.590Z
21,0x000a,0.784218,0x00000000,2025-12-14T15:31:38.590Z,2025-12-14T15:31:38.590Z
7,0x0004,14736,0x00000000,2025-12-14T15:31:38.590Z,2025-12-14T15:31:38.590Z
38,0x000a,-1.59867,0x00000000,2025-12-14T15:31:38.689Z,2025-12-14T15:31:38.689Z
36,0x000a,-0.0272641,0x00000000,2025-12-14T15:31:38.689Z,2025-12-14T15:31:38.689Z
35,0x000a,-2.3562,0x00000000,2025-12-14T15:31:38.689Z,2025-12-14T15:31:38.689Z
34,0x000a,0.392109,0x00000000,2025-12-14T15:31:38.689Z,2025-12-14T15:31:38.689Z
25,0x000a,5.16999,0x00000000,2025-12-14T15:31:38.689Z,2025-12-14T15:31:38.689Z
23,0x000a,-0.0272641,0x00000000,2025-12-14T15:31:38.689Z,2025-12-14T15:31:38.689Z
22,0x000a,-2.3562,0x00000000,2025-12-14T15:31:38.689Z,2025-12-14T15:31:38.689Z
21,0x000a,0.392109,0x00000000,2025-12-14T15:31:38.689Z,2025-12-14T15:31:38.689Z
7,0x0004,14294,0x00000000,2025-12-14T15:31:38.689Z,2025-12-14T15:31:38.689Z
38,0x000a,-1.50102,0x00000000,2025-12-14T15:31:38.789Z,2025-12-14T15:31:38.789Z
36,0x000a,-0.013632,0x00000000,2025-12-14T15:31:38.789Z,2025-12-14T15:31:38.789Z
35,0x000a,-1.97743,0x00000000,2025-12-14T15:31:38.789Z,2025-12-14T15:31:38.789Z
34,0x000a,0.196055,0x00000000,2025-12-14T15:31:38.789Z,2025-12-14T15:31:38.789Z
25,0x000a,5.01989,0x00000000,2025-12-14T15:31:38.789Z,2025-12-14T15:31:38.789Z
23,0x000a,-0.013632,0x00000000,2025-12-14T15:31:38.789Z,2025-12-14T15:31:38.789Z
22,0x000a,-1.97743,0x00000000,2025-12-14T15:31:38.789Z,2025-12-14T15:31:38.789Z
21,0x000a,0.196055,0x00000000,2025-12-14T15:31:38.789Z,2025-12-14T15:31:38.789Z
7,0x0004,13879,0x00000000,2025-12-14T15:31:38.789Z,2025-12-14T15:31:38.789Z
38,0x000a,-1.50101,0x00000000,2025-12-14T15:31:38.890Z,2025-12-14T15:31:38.890Z
36,0x000a,-0.00681602,0x00000000,2025-12-14T15:31:38.890Z,2025-12-14T15:31:38.890Z
35,0x000a,-1.73923,0x00000000,2025-12-14T15:31:38.890Z,2025-12-14T15:31:38.890Z
34,0x000a,0.0980273,0x00000000,2025-12-14T15:31:38.890Z,2025-12-14T15:31:38.890Z
25,0x000a,4.86979,0x00000000,2025-12-14T15:31:38.890Z,2025-12-14T15:31:38.890Z
23,0x000a,-0.00681602,0x00000000,2025-12-14T15:31:38.890Z,2025-12-14T15:31:38.890Z
22,0x000a,-1.73923,0x00000000,2025-12-14T15:31:38.890Z,2025-12-14T15:31:38.890Z
21,0x000a,0.0980273,0x00000000,2025-12-14T15:31:38.890Z,2025-12-14T15:31:38.890Z
7,0x0004,13464,0x00000000,2025-12-14T15:31:38.890Z,2025-12-14T15:31:38.890Z
38,0x000a,-1.89887,0x00000000,2025-12-14T15:31:38.988Z,2025-12-14T15:31:38.988Z
36,0x000a,-0.00340801,0x00000000,2025-12-14T15:31:38.988Z,2025-12-14T15:31:38.988Z
35,0x000a,-1.62012,0x00000000,2025-12-14T15:31:38.988Z,2025-12-14T15:31:38.988Z
34,0x000a,0.0490137,0x00000000,2025-12-14T15:31:38.988Z,2025-12-14T15:31:38.988Z
25,0x000a,4.6799,0x00000000,2025-12-14T15:31:38.988Z,2025-12-14T15:31:38.988Z
23,0x000a,-0.00340801,0x00000000,2025-12-14T15:31:38.988Z,2025-12-14T15:31:38.988Z
22,0x000a,-1.62012,0x00000000,2025-12-14T15:31:38.988Z,2025-12-14T15:31:38.988Z
21,0x000a,0.0490137,0x00000000,2025-12-14T15:31:38.988Z,2025-12-14T15:31:38.988Z
7,0x0004,12939,0x00000000,2025-12-14T15:31:38.988Z,2025-12-14T15:31:38.988Z
38,0x000a,-1.50101,0x00000000,2025-12-14T15:31:39.090Z,2025-12-14T15:31:39.090Z
36,0x000a,-0.00170401,0x00000000,2025-12-14T15:31:39.090Z,2025-12-14T15:31:39.090Z
35,0x000a,-1.75949,0x00000000,2025-12-14T15:31:39.090Z,2025-12-14T15:31:39.090Z
34,0x000a,0.0245068,0x00000000,2025-12-14T15:31:39.090Z,2025-12-14T15:31:39.090Z
25,0x000a,4.5298,0x00000000,2025-12-14T15:31:39.090Z,2025-12-14T15:31:39.090Z
23,0x000a,-0.00170401,0x00000000,2025-12-14T15:31:39.090Z,2025-12-14T15:31:39.090Z
22,0x000a,-1.75949,0x00000000,2025-12-14T15:31:39.090Z,2025-12-14T15:31:39.090Z
21,0x000a,0.0245068,0x00000000,2025-12-14T15:31:39.090Z,2025-12-14T15:31:39.090Z
7,0x0004,12524,0x00000000,2025-12-14T15:31:39.090Z,2025-12-14T15:31:39.090Z
38,0x000a,-1.59867,0x00000000,2025-12-14T15:31:39.189Z,2025-12-14T15:31:39.189Z
36,0x000a,-0.000852003,0x00000000,2025-12-14T15:31:39.189Z,2025-12-14T15:31:39.189Z
35,0x000a,-1.63025,0x00000000,2025-12-14T15:31:39.189Z,2025-12-14T15:31:39.189Z
34,0x000a,0.0122534,0x00000000,2025-12-14T15:31:39.189Z,2025-12-14T15:31:39.189Z
25,0x000a,4.36994,0x00000000,2025-12-14T15:31:39.189Z,2025-12-14T15:31:39.189Z
23,0x000a,-0.000852003,0x00000000,2025-12-14T15:31:39.189Z,2025-12-14T15:31:39.189Z
22,0x000a,-1.63025,0x00000000,2025-12-14T15:31:39.189Z,2025-12-14T15:31:39.189Z
21,0x000a,0.0122534,0x00000000,2025-12-14T15:31:39.189Z,2025-12-14T15:31:39.189Z
7,0x0004,12082,0x00000000,2025-12-14T15:31:39.189Z,2025-12-14T15:31:39.189Z
38,0x000a,-1.50102,0x00000000,2025-12-14T15:31:39.388Z,2025-12-14T15:31:39.388Z
36,0x000a,-0.000426001,0x00000000,2025-12-14T15:31:39.388Z,2025-12-14T15:31:39.388Z
35,0x000a,-1.61446,0x00000000,2025-12-14T15:31:39.388Z,2025-12-14T15:31:39.388Z
34,0x000a,0.00612671,0x00000000,2025-12-14T15:31:39.388Z,2025-12-14T15:31:39.388Z
25,0x000a,4.21983,0x00000000,2025-12-14T15:31:39.289Z,2025-12-14T15:31:39.289Z
25,0x000a,4.06973,0x00000000,2025-12-14T15:31:39.388Z,2025-12-14T15:31:39.388Z
23,0x000a,-0.000426001,0x00000000,2025-12-14T15:31:39.388Z,2025-12-14T15:31:39.388Z
22,0x000a,-1.61446,0x00000000,2025-12-14T15:31:39.388Z,2025-12-14T15:31:39.388Z
21,0x000a,0.00612671,0x00000000,2025-12-14T15:31:39.388Z,2025-12-14T15:31:39.388Z
16,0x0001,false,0x00000000,2025-12-14T15:31:39.388Z,2025-12-14T15:31:39.388Z
7,0x0004,11667,0x00000000,2025-12-14T15:31:39.289Z,2025-12-14T15:31:39.289Z
7,0x0004,11252,0x00000000,2025-12-14T15:31:39.388Z,2025-12-14T15:31:39.388Z
38,0x000a,-1.50101,0x00000000,2025-12-14T15:31:39.487Z,2025-12-14T15:31:39.487Z
36,0x000a,-0.000213001,0x00000000,2025-12-14T15:31:39.487Z,2025-12-14T15:31:39.487Z
35,0x000a,-1.55774,0x00000000,2025-12-14T15:31:39.487Z,2025-12-14T15:31:39.487Z
34,0x000a,0.00306335,0x00000000,2025-12-14T15:31:39.487Z,2025-12-14T15:31:39.487Z
25,0x000a,3.90987,0x00000000,2025-12-14T15:31:39.487Z,2025-12-14T15:31:39.487Z
23,0x000a,-0.000213001,0x00000000,2025-12-14T15:31:39.487Z,2025-12-14T15:31:39.487Z
22,0x000a,-1.55774,0x00000000,2025-12-14T15:31:39.487Z,2025-12-14T15:31:39.487Z
21,0x000a,0.00306335,0x00000000,2025-12-14T15:31:39.487Z,2025-12-14T15:31:39.487Z
7,0x0004,10810,0x00000000,2025-12-14T15:31:39.487Z,2025-12-14T15:31:39.487Z
38,0x000a,-1.59867,0x00000000,2025-12-14T15:31:39.588Z,2025-12-14T15:31:39.588Z
36,0x000a,-0.0001065,0x00000000,2025-12-14T15:31:39.588Z,2025-12-14T15:31:39.588Z
35,0x000a,-1.52938,0x00000000,2025-12-14T15:31:39.588Z,2025-12-14T15:31:39.588Z
34,0x000a,0.00153168,0x00000000,2025-12-14T15:31:39.588Z,2025-12-14T15:31:39.588Z
25,0x000a,3.81981,0x00000000,2025-12-14T15:31:39.588Z,2025-12-14T15:31:39.588Z
23,0x000a,-0.0001065,0x00000000,2025-12-14T15:31:39.588Z,2025-12-14T15:31:39.588Z
22,0x000a,-1.52938,0x00000000,2025-12-14T15:31:39.588Z,2025-12-14T15:31:39.588Z
21,0x000a,0.00153168,0x00000000,2025-12-14T15:31:39.588Z,2025-12-14T15:31:39.588Z
7,0x0004,10561,0x00000000,2025-12-14T15:31:39.588Z,2025-12-14T15:31:39.588Z
38,0x000a,-0.900607,0x00000000,2025-12-14T15:31:39.689Z,2025-12-14T15:31:39.689Z
36,0x000a,-5.32502e-05,0x00000000,2025-12-14T15:31:39.689Z,2025-12-14T15:31:39.689Z
35,0x000a,-1.56402,0x00000000,2025-12-14T15:31:39.689Z,2025-12-14T15:31:39.689Z
34,0x000a,0.000765838,0x00000000,2025-12-14T15:31:39.689Z,2025-12-14T15:31:39.689Z
23,0x000a,-5.32502e-05,0x00000000,2025-12-14T15:31:39.689Z,2025-12-14T15:31:39.689Z
22,0x000a,-1.56402,0x00000000,2025-12-14T15:31:39.689Z,2025-12-14T15:31:39.689Z
21,0x000a,0.000765838,0x00000000,2025-12-14T15:31:39.689Z,2025-12-14T15:31:39.689Z
38,0x000a,0,0x00000000,2025-12-14T15:31:39.790Z,2025-12-14T15:31:39.790Z
36,0x000a,-2.66251e-05,0x00000000,2025-12-14T15:31:39.790Z,2025-12-14T15:31:39.790Z
35,0x000a,-1.23231,0x00000000,2025-12-14T15:31:39.790Z,2025-12-14T15:31:39.790Z
34,0x000a,0.000382919,0x00000000,2025-12-14T15:31:39.790Z,2025-12-14T15:31:39.790Z
23,0x000a,-2.66251e-05,0x00000000,2025-12-14T15:31:39.790Z,2025-12-14T15:31:39.790Z
22,0x000a,-1.23231,0x00000000,2025-12-14T15:31:39.790Z,2025-12-14T15:31:39.790Z
21,0x000a,0.000382919,0x00000000,2025-12-14T15:31:39.790Z,2025-12-14T15:31:39.790Z
42,0x0001,false,0x00000000,2025-12-14T15:31:39.887Z,2025-12-14T15:31:39.887Z
40,0x0001,false,0x00000000,2025-12-14T15:31:39.887Z,2025-12-14T15:31:39.887Z
36,0x000a,-1.33125e-05,0x00000000,2025-12-14T15:31:39.887Z,2025-12-14T15:31:39.887Z
35,0x000a,-0.616157,0x00000000,2025-12-14T15:31:39.887Z,2025-12-14T15:31:39.887Z
34,0x000a,0.00019146,0x00000000,2025-12-14T15:31:39.887Z,2025-12-14T15:31:39.887Z
23,0x000a,-1.33125e-05,0x00000000,2025-12-14T15:31:39.887Z,2025-12-14T15:31:39.887Z
22,0x000a,-0.616157,0x00000000,2025-12-14T15:31:39.887Z,2025-12-14T15:31:39.887Z
21,0x000a,0.00019146,0x00000000,2025-12-14T15:31:39.887Z,2025-12-14T15:31:39.887Z
18,0x0001,true,0x00000000,2025-12-14T15:31:39.887Z,2025-12-14T15:31:39.887Z
16,0x0001,true,0x00000000,2025-12-14T15:31:39.887Z,2025-12-14T15:31:39.887Z
14,0x0001,true,0x00000000,2025-12-14T15:31:39.887Z,2025-12-14T15:31:39.887Z
4,0x000a,1,0x00000000,2025-12-14T15:31:39.887Z,2025-12-14T15:31:39.887Z
3,0x000a,1,0x00000000,2025-12-14T15:31:39.887Z,2025-12-14T15:31:39.887Z
2,0x000a,2,0x00000000,2025-12-14T15:31:39.887Z,2025-12-14T15:31:39.887Z
36,0x000a,-6.65627e-06,0x00000000,2025-12-14T15:31:39.988Z,2025-12-14T15:31:39.988Z
35,0x000a,-0.308079,0x00000000,2025-12-14T15:31:39.988Z,2025-12-14T15:31:39.988Z
34,0x000a,9.57298e-05,0x00000000,2025-12-14T15:31:39.988Z,2025-12-14T15:31:39.988Z
23,0x000a,-6.65627e-06,0x00000000,2025-12-14T15:31:39.988Z,2025-12-14T15:31:39.988Z
22,0x000a,-0.308079,0x00000000,2025-12-14T15:31:39.988Z,2025-12-14T15:31:39.988Z
21,0x000a,9.57298e-05,0x00000000,2025-12-14T15:31:39.988Z,2025-12-14T15:31:39.988Z
36,0x000a,-3.32814e-06,0x00000000,2025-12-14T15:31:40.089Z,2025-12-14T15:31:40.089Z
35,0x000a,-0.154039,0x00000000,2025-12-14T15:31:40.089Z,2025-12-14T15:31:40.089Z
34,0x000a,4.78649e-05,0x00000000,2025-12-14T15:31:40.089Z,2025-12-14T15:31:40.089Z
26,0x000a,4.10988,0x00000000,2025-12-14T15:31:40.089Z,2025-12-14T15:31:40.089Z
25,0x000a,3.75977,0x00000000,2025-12-14T15:31:40.089Z,2025-12-14T15:31:40.089Z
24,0x000a,4.62999,0x00000000,2025-12-14T15:31:40.089Z,2025-12-14T15:31:40.089Z
23,0x000a,-3.32814e-06,0x00000000,2025-12-14T15:31:40.089Z,2025-12-14T15:31:40.089Z
22,0x000a,-0.154039,0x00000000,2025-12-14T15:31:40.089Z,2025-12-14T15:31:40.089Z
21,0x000a,4.78649e-05,0x00000000,2025-12-14T15:31:40.089Z,2025-12-14T15:31:40.089Z
8,0x0004,11363,0x00000000,2025-12-14T15:31:40.089Z,2025-12-14T15:31:40.089Z
7,0x0004,10395,0x00000000,2025-12-14T15:31:40.089Z,2025-12-14T15:31:40.089Z
6,0x0004,12801,0x00000000,2025-12-14T15:31:40.089Z,2025-12-14T15:31:40.089Z
39,0x000a,-0.397859,0x00000000,2025-12-14T15:31:40.190Z,2025-12-14T15:31:40.190Z
38,0x000a,-0.600405,0x00000000,2025-12-14T15:31:40.190Z,2025-12-14T15:31:40.190Z
37,0x000a,-1.09954,0x00000000,2025-12-14T15:31:40.190Z,2025-12-14T15:31:40.190Z
26,0x000a,3.85995,0x00000000,2025-12-14T15:31:40.190Z,2025-12-14T15:31:40.190Z
25,0x000a,3.57964,0x00000000,2025-12-14T15:31:40.190Z,2025-12-14T15:31:40.190Z
24,0x000a,4.29977,0x00000000,2025-12-14T15:31:40.190Z,2025-12-14T15:31:40.190Z
8,0x0004,10672,0x00000000,2025-12-14T15:31:40.190Z,2025-12-14T15:31:40.190Z
7,0x0004,9897,0x00000000,2025-12-14T15:31:40.190Z,2025-12-14T15:31:40.190Z
6,0x0004,11888,0x00000000,2025-12-14T15:31:40.190Z,2025-12-14T15:31:40.190Z
39,0x000a,-2.49928,0x00000000,2025-12-14T15:31:40.287Z,2025-12-14T15:31:40.287Z
38,0x000a,-1.80122,0x00000000,2025-12-14T15:31:40.287Z,2025-12-14T15:31:40.287Z
37,0x000a,-3.30223,0x00000000,2025-12-14T15:31:40.287Z,2025-12-14T15:31:40.287Z
36,0x000a,-0.198931,0x00000000,2025-12-14T15:31:40.287Z,2025-12-14T15:31:40.287Z
35,0x000a,-0.377222,0x00000000,2025-12-14T15:31:40.287Z,2025-12-14T15:31:40.287Z
34,0x000a,-0.549745,0x00000000,2025-12-14T15:31:40.287Z,2025-12-14T15:31:40.287Z
26,0x000a,3.64981,0x00000000,2025-12-14T15:31:40.287Z,2025-12-14T15:31:40.287Z
25,0x000a,3.41978,0x00000000,2025-12-14T15:31:40.287Z,2025-12-14T15:31:40.287Z
24,0x000a,4.01982,0x00000000,2025-12-14T15:31:40.287Z,2025-12-14T15:31:40.287Z
23,0x000a,-0.198931,0x00000000,2025-12-14T15:31:40.287Z,2025-12-14T15:31:40.287Z
22,0x000a,-0.377222,0x00000000,2025-12-14T15:31:40.287Z,2025-12-14T15:31:40.287Z
21,0x000a,-0.549745,0x00000000,2025-12-14T15:31:40.287Z,2025-12-14T15:31:40.287Z
8,0x0004,10091,0x00000000,2025-12-14T15:31:40.287Z,2025-12-14T15:31:40.287Z
7,0x0004,9455,0x00000000,2025-12-14T15:31:40.287Z,2025-12-14T15:31:40.287Z
6,0x0004,11114,0x00000000,2025-12-14T15:31:40.287Z,2025-12-14T15:31:40.287Z
39,0x000a,-2.10142,0x00000000,2025-12-14T15:31:40.389Z,2025-12-14T15:31:40.389Z
38,0x000a,-1.59867,0x00000000,2025-12-14T15:31:40.389Z,2025-12-14T15:31:40.389Z
37,0x000a,-2.79948,0x00000000,2025-12-14T15:31:40.389Z,2025-12-14T15:31:40.389Z
36,0x000a,-1.3491,0x00000000,2025-12-14T15:31:40.389Z,2025-12-14T15:31:40.389Z
35,0x000a,-1.08922,0x00000000,2025-12-14T15:31:40.389Z,2025-12-14T15:31:40.389Z
34,0x000a,-1.92599,0x00000000,2025-12-14T15:31:40.389Z,2025-12-14T15:31:40.389Z
26,0x000a,3.4299,0x00000000,2025-12-14T15:31:40.389Z,2025-12-14T15:31:40.389Z
25,0x000a,3.26968,0x00000000,2025-12-14T15:31:40.389Z,2025-12-14T15:31:40.389Z
24,0x000a,3.75,0x00000000,2025-12-14T15:31:40.389Z,2025-12-14T15:31:40.389Z
23,0x000a,-1.3491,0x00000000,2025-12-14T15:31:40.389Z,2025-12-14T15:31:40.389Z
22,0x000a,-1.08922,0x00000000,2025-12-14T15:31:40.389Z,2025-12-14T15:31:40.389Z
21,0x000a,-1.92599,0x00000000,2025-12-14T15:31:40.389Z,2025-12-14T15:31:40.389Z
8,0x0004,9483,0x00000000,2025-12-14T15:31:40.389Z,2025-12-14T15:31:40.389Z
7,0x0004,9040,0x00000000,2025-12-14T15:31:40.389Z,2025-12-14T15:31:40.389Z
6,0x0004,10368,0x00000000,2025-12-14T15:31:40.389Z,2025-12-14T15:31:40.389Z
39,0x000a,-2.19907,0x00000000,2025-12-14T15:31:40.490Z,2025-12-14T15:31:40.490Z
38,0x000a,-1.50101,0x00000000,2025-12-14T15:31:40.490Z,2025-12-14T15:31:40.490Z
37,0x000a,-2.69821,0x00000000,2025-12-14T15:31:40.490Z,2025-12-14T15:31:40.490Z
36,0x000a,-1.72526,0x00000000,2025-12-14T15:31:40.490Z,2025-12-14T15:31:40.490Z
35,0x000a,-1.34394,0x00000000,2025-12-14T15:31:40.490Z,2025-12-14T15:31:40.490Z
34,0x000a,-2.36273,0x00000000,2025-12-14T15:31:40.490Z,2025-12-14T15:31:40.490Z
26,0x000a,3.21976,0x00000000,2025-12-14T15:31:40.490Z,2025-12-14T15:31:40.490Z
25,0x000a,3.11994,0x00000000,2025-12-14T15:31:40.490Z,2025-12-14T15:31:40.490Z
24,0x000a,3.46969,0x00000000,2025-12-14T15:31:40.490Z,2025-12-14T15:31:40.490Z
23,0x000a,-1.72526,0x00000000,2025-12-14T15:31:40.490Z,2025-12-14T15:31:40.490Z
22,0x000a,-1.34394,0x00000000,2025-12-14T15:31:40.490Z,2025-12-14T15:31:40.490Z
21,0x000a,-2.36273,0x00000000,2025-12-14T15:31:40.490Z,2025-12-14T15:31:40.490Z
8,0x0004,8902,0x00000000,2025-12-14T15:31:40.490Z,2025-12-14T15:31:40.490Z
7,0x0004,8626,0x00000000,2025-12-14T15:31:40.490Z,2025-12-14T15:31:40.490Z
6,0x0004,9593,0x00000000,2025-12-14T15:31:40.490Z,2025-12-14T15:31:40.490Z
39,0x000a,-2.10142,0x00000000,2025-12-14T15:31:40.590Z,2025-12-14T15:31:40.590Z
38,0x000a,-1.4974,0x00000000,2025-12-14T15:31:40.590Z,2025-12-14T15:31:40.590Z
37,0x000a,-2.8031,0x00000000,2025-12-14T15:31:40.590Z,2025-12-14T15:31:40.590Z
36,0x000a,-1.96217,0x00000000,2025-12-14T15:31:40.590Z,2025-12-14T15:31:40.590Z
35,0x000a,-1.42248,0x00000000,2025-12-14T15:31:40.590Z,2025-12-14T15:31:40.590Z
34,0x000a,-2.53047,0x00000000,2025-12-14T15:31:40.590Z,2025-12-14T15:31:40.590Z
26,0x000a,3.00998,0x00000000,2025-12-14T15:31:40.590Z,2025-12-14T15:31:40.590Z
25,0x000a,2.95971,0x00000000,2025-12-14T15:31:40.590Z,2025-12-14T15:31:40.590Z
24,0x000a,3.19987,0x00000000,2025-12-14T15:31:40.590Z,2025-12-14T15:31:40.590Z
23,0x000a,-1.96217,0x00000000,2025-12-14T15:31:40.590Z,2025-12-14T15:31:40.590Z
22,0x000a,-1.42248,0x00000000,2025-12-14T15:31:40.590Z,2025-12-14T15:31:40.590Z
21,0x000a,-2.53047,0x00000000,2025-12-14T15:31:40.590Z,2025-12-14T15:31:40.590Z
8,0x0004,8322,0x00000000,2025-12-14T15:31:40.590Z,2025-12-14T15:31:40.590Z
7,0x0004,8183,0x00000000,2025-12-14T15:31:40.590Z,2025-12-14T15:31:40.590Z
6,0x0004,8847,0x00000000,2025-12-14T15:31:40.590Z,2025-12-14T15:31:40.590Z
39,0x000a,-2.0978,0x00000000,2025-12-14T15:31:40.688Z,2025-12-14T15:31:40.688Z
38,0x000a,-1.60228,0x00000000,2025-12-14T15:31:40.688Z,2025-12-14T15:31:40.688Z
37,0x000a,-2.69821,0x00000000,2025-12-14T15:31:40.688Z,2025-12-14T15:31:40.688Z
36,0x000a,-2.03179,0x00000000,2025-12-14T15:31:40.688Z,2025-12-14T15:31:40.688Z
35,0x000a,-1.45994,0x00000000,2025-12-14T15:31:40.688Z,2025-12-14T15:31:40.688Z
34,0x000a,-2.66678,0x00000000,2025-12-14T15:31:40.688Z,2025-12-14T15:31:40.688Z
26,0x000a,2.74993,0x00000000,2025-12-14T15:31:40.688Z,2025-12-14T15:31:40.688Z
25,0x000a,2.77995,0x00000000,2025-12-14T15:31:40.688Z,2025-12-14T15:31:40.688Z
24,0x000a,2.86965,0x00000000,2025-12-14T15:31:40.688Z,2025-12-14T15:31:40.688Z
23,0x000a,-2.03179,0x00000000,2025-12-14T15:31:40.688Z,2025-12-14T15:31:40.688Z
22,0x000a,-1.45994,0x00000000,2025-12-14T15:31:40.688Z,2025-12-14T15:31:40.688Z
21,0x000a,-2.66678,0x00000000,2025-12-14T15:31:40.688Z,2025-12-14T15:31:40.688Z
8,0x0004,7603,0x00000000,2025-12-14T15:31:40.688Z,2025-12-14T15:31:40.688Z
7,0x0004,7686,0x00000000,2025-12-14T15:31:40.688Z,2025-12-14T15:31:40.688Z
6,0x0004,7934,0x00000000,2025-12-14T15:31:40.688Z,2025-12-14T15:31:40.688Z
39,0x000a,-4.70197,0x00000000,2025-12-14T15:31:40.788Z,2025-12-14T15:31:40.788Z
38,0x000a,-3.29861,0x00000000,2025-12-14T15:31:40.788Z,2025-12-14T15:31:40.788Z
37,0x000a,-6.10171,0x00000000,2025-12-14T15:31:40.788Z,2025-12-14T15:31:40.788Z
36,0x000a,-2.0648,0x00000000,2025-12-14T15:31:40.788Z,2025-12-14T15:31:40.788Z
35,0x000a,-1.53111,0x00000000,2025-12-14T15:31:40.788Z,2025-12-14T15:31:40.788Z
34,0x000a,-2.6825,0x00000000,2025-12-14T15:31:40.788Z,2025-12-14T15:31:40.788Z
26,0x000a,2.53979,0x00000000,2025-12-14T15:31:40.788Z,2025-12-14T15:31:40.788Z
25,0x000a,2.62985,0x00000000,2025-12-14T15:31:40.788Z,2025-12-14T15:31:40.788Z
24,0x000a,2.5897,0x00000000,2025-12-14T15:31:40.788Z,2025-12-14T15:31:40.788Z
23,0x000a,-2.0648,0x00000000,2025-12-14T15:31:40.788Z,2025-12-14T15:31:40.788Z
22,0x000a,-1.53111,0x00000000,2025-12-14T15:31:40.788Z,2025-12-14T15:31:40.788Z
21,0x000a,-2.6825,0x00000000,2025-12-14T15:31:40.788Z,2025-12-14T15:31:40.788Z
8,0x0004,7022,0x00000000,2025-12-14T15:31:40.788Z,2025-12-14T15:31:40.788Z
7,0x0004,7271,0x00000000,2025-12-14T15:31:40.788Z,2025-12-14T15:31:40.788Z
6,0x0004,7160,0x00000000,2025-12-14T15:31:40.788Z,2025-12-14T15:31:40.788Z
36,0x000a,-3.38338,0x00000000,2025-12-14T15:31:40.889Z,2025-12-14T15:31:40.889Z
35,0x000a,-2.41486,0x00000000,2025-12-14T15:31:40.889Z,2025-12-14T15:31:40.889Z
34,0x000a,-4.3921,0x00000000,2025-12-14T15:31:40.889Z,2025-12-14T15:31:40.889Z
26,0x000a,2.31988,0x00000000,2025-12-14T15:31:40.889Z,2025-12-14T15:31:40.889Z
25,0x000a,2.46998,0x00000000,2025-12-14T15:31:40.889Z,2025-12-14T15:31:40.889Z
24,0x000a,2.30975,0x00000000,2025-12-14T15:31:40.889Z,2025-12-14T15:31:40.889Z
23,0x000a,-3.38338,0x00000000,2025-12-14T15:31:40.889Z,2025-12-14T15:31:40.889Z
22,0x000a,-2.41486,0x00000000,2025-12-14T15:31:40.889Z,2025-12-14T15:31:40.889Z
21,0x000a,-4.3921,0x00000000,2025-12-14T15:31:40.889Z,2025-12-14T15:31:40.889Z
8,0x0004,6414,0x00000000,2025-12-14T15:31:40.889Z,2025-12-14T15:31:40.889Z
7,0x0004,6829,0x00000000,2025-12-14T15:31:40.889Z,2025-12-14T15:31:40.889Z
6,0x0004,6386,0x00000000,2025-12-14T15:31:40.889Z,2025-12-14T15:31:40.889Z
39,0x000a,-2.19908,0x00000000,2025-12-14T15:31:40.988Z,2025-12-14T15:31:40.988Z
38,0x000a,-1.59867,0x00000000,2025-12-14T15:31:40.988Z,2025-12-14T15:31:40.988Z
37,0x000a,-2.79948,0x00000000,2025-12-14T15:31:40.988Z,2025-12-14T15:31:40.988Z
39,0x000a,-2.10142,0x00000000,2025-12-14T15:31:41.090Z,2025-12-14T15:31:41.090Z
39,0x000a,-2.0978,0x00000000,2025-12-14T15:31:41.188Z,2025-12-14T15:31:41.188Z
38,0x000a,-1.50101,0x00000000,2025-12-14T15:31:41.090Z,2025-12-14T15:31:41.090Z
38,0x000a,-1.50101,0x00000000,2025-12-14T15:31:41.188Z,2025-12-14T15:31:41.188Z
37,0x000a,-2.6982,0x00000000,2025-12-14T15:31:41.090Z,2025-12-14T15:31:41.090Z
37,0x000a,-2.79948,0x00000000,2025-12-14T15:31:41.188Z,2025-12-14T15:31:41.188Z
36,0x000a,-2.79123,0x00000000,2025-12-14T15:31:41.090Z,2025-12-14T15:31:41.090Z
36,0x000a,-2.44632,0x00000000,2025-12-14T15:31:41.188Z,2025-12-14T15:31:41.188Z
35,0x000a,-2.00676,0x00000000,2025-12-14T15:31:41.090Z,2025-12-14T15:31:41.090Z
35,0x000a,-1.75389,0x00000000,2025-12-14T15:31:41.188Z,2025-12-14T15:31:41.188Z
34,0x000a,-3.59579,0x00000000,2025-12-14T15:31:41.090Z,2025-12-14T15:31:41.090Z
34,0x000a,-3.147,0x00000000,2025-12-14T15:31:41.188Z,2025-12-14T15:31:41.188Z
26,0x000a,2.10974,0x00000000,2025-12-14T15:31:41.090Z,2025-12-14T15:31:41.090Z
26,0x000a,1.89996,0x00000000,2025-12-14T15:31:41.188Z,2025-12-14T15:31:41.188Z
25,0x000a,2.31988,0x00000000,2025-12-14T15:31:41.090Z,2025-12-14T15:31:41.090Z
25,0x000a,2.16978,0x00000000,2025-12-14T15:31:41.188Z,2025-12-14T15:31:41.188Z
24,0x000a,2.03993,0x00000000,2025-12-14T15:31:41.090Z,2025-12-14T15:31:41.090Z
24,0x000a,1.75998,0x00000000,2025-12-14T15:31:41.188Z,2025-12-14T15:31:41.188Z
23,0x000a,-2.79123,0x00000000,2025-12-14T15:31:41.090Z,2025-12-14T15:31:41.090Z
23,0x000a,-2.44632,0x00000000,2025-12-14T15:31:41.188Z,2025-12-14T15:31:41.188Z
22,0x000a,-2.00676,0x00000000,2025-12-14T15:31:41.090Z,2025-12-14T15:31:41.090Z
22,0x000a,-1.75389,0x00000000,2025-12-14T15:31:41.188Z,2025-12-14T15:31:41.188Z
21,0x000a,-3.59579,0x00000000,2025-12-14T15:31:41.090Z,2025-12-14T15:31:41.090Z
21,0x000a,-3.147,0x00000000,2025-12-14T15:31:41.188Z,2025-12-14T15:31:41.188Z
14,0x0001,false,0x00000000,2025-12-14T15:31:41.090Z,2025-12-14T15:31:41.090Z
8,0x0004,5833,0x00000000,2025-12-14T15:31:41.090Z,2025-12-14T15:31:41.090Z
8,0x0004,5253,0x00000000,2025-12-14T15:31:41.188Z,2025-12-14T15:31:41.188Z
7,0x0004,6414,0x00000000,2025-12-14T15:31:41.090Z,2025-12-14T15:31:41.090Z
7,0x0004,5999,0x00000000,2025-12-14T15:31:41.188Z,2025-12-14T15:31:41.188Z
6,0x0004,5640,0x00000000,2025-12-14T15:31:41.090Z,2025-12-14T15:31:41.090Z
6,0x0004,4866,0x00000000,2025-12-14T15:31:41.188Z,2025-12-14T15:31:41.188Z
39,0x000a,-2.10142,0x00000000,2025-12-14T15:31:41.290Z,2025-12-14T15:31:41.290Z
38,0x000a,-1.59867,0x00000000,2025-12-14T15:31:41.290Z,2025-12-14T15:31:41.290Z
37,0x000a,-1.60229,0x00000000,2025-12-14T15:31:41.290Z,2025-12-14T15:31:41.290Z
36,0x000a,-2.27206,0x00000000,2025-12-14T15:31:41.290Z,2025-12-14T15:31:41.290Z
35,0x000a,-1.62745,0x00000000,2025-12-14T15:31:41.290Z,2025-12-14T15:31:41.290Z
34,0x000a,-2.97324,0x00000000,2025-12-14T15:31:41.290Z,2025-12-14T15:31:41.290Z
26,0x000a,1.68981,0x00000000,2025-12-14T15:31:41.290Z,2025-12-14T15:31:41.290Z
25,0x000a,2.00991,0x00000000,2025-12-14T15:31:41.290Z,2025-12-14T15:31:41.290Z
24,0x000a,1.59975,0x00000000,2025-12-14T15:31:41.290Z,2025-12-14T15:31:41.290Z
23,0x000a,-2.27206,0x00000000,2025-12-14T15:31:41.290Z,2025-12-14T15:31:41.290Z
22,0x000a,-1.62745,0x00000000,2025-12-14T15:31:41.290Z,2025-12-14T15:31:41.290Z
21,0x000a,-2.97324,0x00000000,2025-12-14T15:31:41.290Z,2025-12-14T15:31:41.290Z
13,0x0001,true,0x00000000,2025-12-14T15:31:41.290Z,2025-12-14T15:31:41.290Z
8,0x0004,4672,0x00000000,2025-12-14T15:31:41.290Z,2025-12-14T15:31:41.290Z
7,0x0004,5557,0x00000000,2025-12-14T15:31:41.290Z,2025-12-14T15:31:41.290Z
6,0x0004,4423,0x00000000,2025-12-14T15:31:41.290Z,2025-12-14T15:31:41.290Z
39,0x000a,-2.19907,0x00000000,2025-12-14T15:31:41.389Z,2025-12-14T15:31:41.389Z
38,0x000a,-1.50101,0x00000000,2025-12-14T15:31:41.389Z,2025-12-14T15:31:41.389Z
37,0x000a,0,0x00000000,2025-12-14T15:31:41.389Z,2025-12-14T15:31:41.389Z
36,0x000a,-2.18674,0x00000000,2025-12-14T15:31:41.389Z,2025-12-14T15:31:41.389Z
35,0x000a,-1.61306,0x00000000,2025-12-14T15:31:41.389Z,2025-12-14T15:31:41.389Z
34,0x000a,-2.28776,0x00000000,2025-12-14T15:31:41.389Z,2025-12-14T15:31:41.389Z
26,0x000a,1.46991,0x00000000,2025-12-14T15:31:41.389Z,2025-12-14T15:31:41.389Z
25,0x000a,1.85981,0x00000000,2025-12-14T15:31:41.389Z,2025-12-14T15:31:41.389Z
23,0x000a,-2.18674,0x00000000,2025-12-14T15:31:41.389Z,2025-12-14T15:31:41.389Z
22,0x000a,-1.61306,0x00000000,2025-12-14T15:31:41.389Z,2025-12-14T15:31:41.389Z
21,0x000a,-2.28776,0x00000000,2025-12-14T15:31:41.389Z,2025-12-14T15:31:41.389Z
8,0x0004,4064,0x00000000,2025-12-14T15:31:41.389Z,2025-12-14T15:31:41.389Z
7,0x0004,5142,0x00000000,2025-12-14T15:31:41.389Z,2025-12-14T15:31:41.389Z
39,0x000a,-2.49928,0x00000000,2025-12-14T15:31:41.488Z,2025-12-14T15:31:41.488Z
38,0x000a,-1.80122,0x00000000,2025-12-14T15:31:41.488Z,2025-12-14T15:31:41.488Z
37,0x000a,1.60229,0x00000000,2025-12-14T15:31:41.488Z,2025-12-14T15:31:41.488Z
36,0x000a,-2.19291,0x00000000,2025-12-14T15:31:41.488Z,2025-12-14T15:31:41.488Z
35,0x000a,-1.55704,0x00000000,2025-12-14T15:31:41.488Z,2025-12-14T15:31:41.488Z
34,0x000a,-1.14388,0x00000000,2025-12-14T15:31:41.488Z,2025-12-14T15:31:41.488Z
26,0x000a,1.21998,0x00000000,2025-12-14T15:31:41.488Z,2025-12-14T15:31:41.488Z
25,0x000a,1.67969,0x00000000,2025-12-14T15:31:41.488Z,2025-12-14T15:31:41.488Z
24,0x000a,1.75998,0x00000000,2025-12-14T15:31:41.488Z,2025-12-14T15:31:41.488Z
23,0x000a,-2.19291,0x00000000,2025-12-14T15:31:41.488Z,2025-12-14T15:31:41.488Z
22,0x000a,-1.55704,0x00000000,2025-12-14T15:31:41.488Z,2025-12-14T15:31:41.488Z
21,0x000a,-1.14388,0x00000000,2025-12-14T15:31:41.488Z,2025-12-14T15:31:41.488Z
18,0x0001,false,0x00000000,2025-12-14T15:31:41.488Z,2025-12-14T15:31:41.488Z
13,0x0001,false,0x00000000,2025-12-14T15:31:41.488Z,2025-12-14T15:31:41.488Z
8,0x0004,3373,0x00000000,2025-12-14T15:31:41.488Z,2025-12-14T15:31:41.488Z
7,0x0004,4644,0x00000000,2025-12-14T15:31:41.488Z,2025-12-14T15:31:41.488Z
6,0x0004,4866,0x00000000,2025-12-14T15:31:41.488Z,2025-12-14T15:31:41.488Z
39,0x000a,-2.20269,0x00000000,2025-12-14T15:31:41.589Z,2025-12-14T15:31:41.589Z
38,0x000a,-1.59867,0x00000000,2025-12-14T15:31:41.589Z,2025-12-14T15:31:41.589Z
37,0x000a,2.79948,0x00000000,2025-12-14T15:31:41.589Z,2025-12-14T15:31:41.589Z
36,0x000a,-2.34609,0x00000000,2025-12-14T15:31:41.589Z,2025-12-14T15:31:41.589Z
35,0x000a,-1.67913,0x00000000,2025-12-14T15:31:41.589Z,2025-12-14T15:31:41.589Z
34,0x000a,0.229202,0x00000000,2025-12-14T15:31:41.589Z,2025-12-14T15:31:41.589Z
26,0x000a,0.999711,0x00000000,2025-12-14T15:31:41.589Z,2025-12-14T15:31:41.589Z
25,0x000a,1.51982,0x00000000,2025-12-14T15:31:41.589Z,2025-12-14T15:31:41.589Z
24,0x000a,2.03993,0x00000000,2025-12-14T15:31:41.589Z,2025-12-14T15:31:41.589Z
23,0x000a,-2.34609,0x00000000,2025-12-14T15:31:41.589Z,2025-12-14T15:31:41.589Z
22,0x000a,-1.67913,0x00000000,2025-12-14T15:31:41.589Z,2025-12-14T15:31:41.589Z
21,0x000a,0.229202,0x00000000,2025-12-14T15:31:41.589Z,2025-12-14T15:31:41.589Z
8,0x0004,2764,0x00000000,2025-12-14T15:31:41.589Z,2025-12-14T15:31:41.589Z
7,0x0004,4202,0x00000000,2025-12-14T15:31:41.589Z,2025-12-14T15:31:41.589Z
6,0x0004,5640,0x00000000,2025-12-14T15:31:41.589Z,2025-12-14T15:31:41.589Z
36,0x000a,-2.27439,0x00000000,2025-12-14T15:31:41.687Z,2025-12-14T15:31:41.687Z
35,0x000a,-1.6389,0x00000000,2025-12-14T15:31:41.687Z,2025-12-14T15:31:41.687Z
34,0x000a,1.51434,0x00000000,2025-12-14T15:31:41.687Z,2025-12-14T15:31:41.687Z
26,0x000a,0.919777,0x00000000,2025-12-14T15:31:41.687Z,2025-12-14T15:31:41.687Z
25,0x000a,1.36972,0x00000000,2025-12-14T15:31:41.687Z,2025-12-14T15:31:41.687Z
24,0x000a,2.14988,0x00000000,2025-12-14T15:31:41.687Z,2025-12-14T15:31:41.687Z
23,0x000a,-2.27439,0x00000000,2025-12-14T15:31:41.687Z,2025-12-14T15:31:41.687Z
22,0x000a,-1.6389,0x00000000,2025-12-14T15:31:41.687Z,2025-12-14T15:31:41.687Z
21,0x000a,1.51434,0x00000000,2025-12-14T15:31:41.687Z,2025-12-14T15:31:41.687Z
8,0x0004,2543,0x00000000,2025-12-14T15:31:41.687Z,2025-12-14T15:31:41.687Z
7,0x0004,3787,0x00000000,2025-12-14T15:31:41.687Z,2025-12-14T15:31:41.687Z
6,0x0004,5944,0x00000000,2025-12-14T15:31:41.687Z,2025-12-14T15:31:41.687Z
39,0x000a,-0.799335,0x00000000,2025-12-14T15:31:41.789Z,2025-12-14T15:31:41.789Z
38,0x000a,-1.50101,0x00000000,2025-12-14T15:31:41.789Z,2025-12-14T15:31:41.789Z
37,0x000a,1.09954,0x00000000,2025-12-14T15:31:41.789Z,2025-12-14T15:31:41.789Z
25,0x000a,1.21998,0x00000000,2025-12-14T15:31:41.789Z,2025-12-14T15:31:41.789Z
16,0x0001,false,0x00000000,2025-12-14T15:31:41.789Z,2025-12-14T15:31:41.789Z
7,0x0004,3373,0x00000000,2025-12-14T15:31:41.789Z,2025-12-14T15:31:41.789Z
39,0x000a,0,0x00000000,2025-12-14T15:31:41.890Z,2025-12-14T15:31:41.890Z
38,0x000a,-1.4974,0x00000000,2025-12-14T15:31:41.890Z,2025-12-14T15:31:41.890Z
37,0x000a,0,0x00000000,2025-12-14T15:31:41.890Z,2025-12-14T15:31:41.890Z
36,0x000a,-1.53686,0x00000000,2025-12-14T15:31:41.890Z,2025-12-14T15:31:41.890Z
35,0x000a,-1.56996,0x00000000,2025-12-14T15:31:41.890Z,2025-12-14T15:31:41.890Z
34,0x000a,1.30694,0x00000000,2025-12-14T15:31:41.890Z,2025-12-14T15:31:41.890Z
25,0x000a,1.05975,0x00000000,2025-12-14T15:31:41.890Z,2025-12-14T15:31:41.890Z
23,0x000a,-1.53686,0x00000000,2025-12-14T15:31:41.890Z,2025-12-14T15:31:41.890Z
22,0x000a,-1.56996,0x00000000,2025-12-14T15:31:41.890Z,2025-12-14T15:31:41.890Z
21,0x000a,1.30694,0x00000000,2025-12-14T15:31:41.890Z,2025-12-14T15:31:41.890Z
7,0x0004,2930,0x00000000,2025-12-14T15:31:41.890Z,2025-12-14T15:31:41.890Z
42,0x0001,true,0x00000000,2025-12-14T15:31:41.989Z,2025-12-14T15:31:41.989Z
40,0x0001,true,0x00000000,2025-12-14T15:31:41.989Z,2025-12-14T15:31:41.989Z
38,0x000a,-2.50289,0x00000000,2025-12-14T15:31:41.989Z,2025-12-14T15:31:41.989Z
36,0x000a,-0.768432,0x00000000,2025-12-14T15:31:41.989Z,2025-12-14T15:31:41.989Z
35,0x000a,-1.53368,0x00000000,2025-12-14T15:31:41.989Z,2025-12-14T15:31:41.989Z
34,0x000a,0.653469,0x00000000,2025-12-14T15:31:41.989Z,2025-12-14T15:31:41.989Z
25,0x000a,0.96969,0x00000000,2025-12-14T15:31:41.989Z,2025-12-14T15:31:41.989Z
23,0x000a,-0.768432,0x00000000,2025-12-14T15:31:41.989Z,2025-12-14T15:31:41.989Z
22,0x000a,-1.53368,0x00000000,2025-12-14T15:31:41.989Z,2025-12-14T15:31:41.989Z
21,0x000a,0.653469,0x00000000,2025-12-14T15:31:41.989Z,2025-12-14T15:31:41.989Z
7,0x0004,2681,0x00000000,2025-12-14T15:31:41.989Z,2025-12-14T15:31:41.989Z
38,0x000a,0,0x00000000,2025-12-14T15:31:42.091Z,2025-12-14T15:31:42.091Z
36,0x000a,-0.384216,0x00000000,2025-12-14T15:31:42.091Z,2025-12-14T15:31:42.091Z
35,0x000a,-2.01828,0x00000000,2025-12-14T15:31:42.091Z,2025-12-14T15:31:42.091Z
34,0x000a,0.326735,0x00000000,2025-12-14T15:31:42.091Z,2025-12-14T15:31:42.091Z
23,0x000a,-0.384216,0x00000000,2025-12-14T15:31:42.091Z,2025-12-14T15:31:42.091Z
22,0x000a,-2.01828,0x00000000,2025-12-14T15:31:42.091Z,2025-12-14T15:31:42.091Z
21,0x000a,0.326735,0x00000000,2025-12-14T15:31:42.091Z,2025-12-14T15:31:42.091Z
36,0x000a,-0.192108,0x00000000,2025-12-14T15:31:42.189Z,2025-12-14T15:31:42.189Z
35,0x000a,-1.00914,0x00000000,2025-12-14T15:31:42.189Z,2025-12-14T15:31:42.189Z
34,0x000a,0.163367,0x00000000,2025-12-14T15:31:42.189Z,2025-12-14T15:31:42.189Z
23,0x000a,-0.192108,0x00000000,2025-12-14T15:31:42.189Z,2025-12-14T15:31:42.189Z
22,0x000a,-1.00914,0x00000000,2025-12-14T15:31:42.189Z,2025-12-14T15:31:42.189Z
21,0x000a,0.163367,0x00000000,2025-12-14T15:31:42.189Z,2025-12-14T15:31:42.189Z
42,0x0001,false,0x00000000,2025-12-14T15:31:42.288Z,2025-12-14T15:31:42.288Z
40,0x0001,false,0x00000000,2025-12-14T15:31:42.288Z,2025-12-14T15:31:42.288Z
36,0x000a,-0.0960539,0x00000000,2025-12-14T15:31:42.288Z,2025-12-14T15:31:42.288Z
35,0x000a,-0.504571,0x00000000,2025-12-14T15:31:42.288Z,2025-12-14T15:31:42.288Z
34,0x000a,0.0816837,0x00000000,2025-12-14T15:31:42.288Z,2025-12-14T15:31:42.288Z
23,0x000a,-0.0960539,0x00000000,2025-12-14T15:31:42.288Z,2025-12-14T15:31:42.288Z
22,0x000a,-0.504571,0x00000000,2025-12-14T15:31:42.288Z,2025-12-14T15:31:42.288Z
21,0x000a,0.0816837,0x00000000,2025-12-14T15:31:42.288Z,2025-12-14T15:31:42.288Z
17,0x0001,true,0x00000000,2025-12-14T15:31:42.288Z,2025-12-14T15:31:42.288Z
15,0x0001,true,0x00000000,2025-12-14T15:31:42.288Z,2025-12-14T15:31:42.288Z
13,0x0001,true,0x00000000,2025-12-14T15:31:42.288Z,2025-12-14T15:31:42.288Z
4,0x000a,6.5,0x00000000,2025-12-14T15:31:42.288Z,2025-12-14T15:31:42.288Z
3,0x000a,8.2,0x00000000,2025-12-14T15:31:42.288Z,2025-12-14T15:31:42.288Z
2,0x000a,7.5,0x00000000,2025-12-14T15:31:42.288Z,2025-12-14T15:31:42.288Z
36,0x000a,-0.048027,0x00000000,2025-12-14T15:31:42.389Z,2025-12-14T15:31:42.389Z
35,0x000a,-0.252286,0x00000000,2025-12-14T15:31:42.389Z,2025-12-14T15:31:42.389Z
34,0x000a,0.0408418,0x00000000,2025-12-14T15:31:42.389Z,2025-12-14T15:31:42.389Z
23,0x000a,-0.048027,0x00000000,2025-12-14T15:31:42.389Z,2025-12-14T15:31:42.389Z
22,0x000a,-0.252286,0x00000000,2025-12-14T15:31:42.389Z,2025-12-14T15:31:42.389Z
21,0x000a,0.0408418,0x00000000,2025-12-14T15:31:42.389Z,2025-12-14T15:31:42.389Z
39,0x000a,0.300203,0x00000000,2025-12-14T15:31:42.489Z,2025-12-14T15:31:42.489Z
38,0x000a,0.600405,0x00000000,2025-12-14T15:31:42.489Z,2025-12-14T15:31:42.489Z
37,0x000a,1.09954,0x00000000,2025-12-14T15:31:42.489Z,2025-12-14T15:31:42.489Z
36,0x000a,-0.0240135,0x00000000,2025-12-14T15:31:42.489Z,2025-12-14T15:31:42.489Z
35,0x000a,-0.126143,0x00000000,2025-12-14T15:31:42.489Z,2025-12-14T15:31:42.489Z
34,0x000a,0.0204209,0x00000000,2025-12-14T15:31:42.489Z,2025-12-14T15:31:42.489Z
26,0x000a,0.949797,0x00000000,2025-12-14T15:31:42.489Z,2025-12-14T15:31:42.489Z
25,0x000a,1.02973,0x00000000,2025-12-14T15:31:42.489Z,2025-12-14T15:31:42.489Z
24,0x000a,2.25984,0x00000000,2025-12-14T15:31:42.489Z,2025-12-14T15:31:42.489Z
23,0x000a,-0.0240135,0x00000000,2025-12-14T15:31:42.489Z,2025-12-14T15:31:42.489Z
22,0x000a,-0.126143,0x00000000,2025-12-14T15:31:42.489Z,2025-12-14T15:31:42.489Z
21,0x000a,0.0204209,0x00000000,2025-12-14T15:31:42.489Z,2025-12-14T15:31:42.489Z
8,0x0004,2626,0x00000000,2025-12-14T15:31:42.489Z,2025-12-14T15:31:42.489Z
7,0x0004,2847,0x00000000,2025-12-14T15:31:42.489Z,2025-12-14T15:31:42.489Z
6,0x0004,6248,0x00000000,2025-12-14T15:31:42.489Z,2025-12-14T15:31:42.489Z
36,0x000a,0.138095,0x00000000,2025-12-14T15:31:42.589Z,2025-12-14T15:31:42.589Z
35,0x000a,0.237131,0x00000000,2025-12-14T15:31:42.589Z,2025-12-14T15:31:42.589Z
34,0x000a,0.559979,0x00000000,2025-12-14T15:31:42.589Z,2025-12-14T15:31:42.589Z
26,0x000a,1.15994,0x00000000,2025-12-14T15:31:42.589Z,2025-12-14T15:31:42.589Z
25,0x000a,1.17983,0x00000000,2025-12-14T15:31:42.589Z,2025-12-14T15:31:42.589Z
24,0x000a,2.52966,0x00000000,2025-12-14T15:31:42.589Z,2025-12-14T15:31:42.589Z
23,0x000a,0.138095,0x00000000,2025-12-14T15:31:42.589Z,2025-12-14T15:31:42.589Z
22,0x000a,0.237131,0x00000000,2025-12-14T15:31:42.589Z,2025-12-14T15:31:42.589Z
21,0x000a,0.559979,0x00000000,2025-12-14T15:31:42.589Z,2025-12-14T15:31:42.589Z
8,0x0004,3207,0x00000000,2025-12-14T15:31:42.589Z,2025-12-14T15:31:42.589Z
7,0x0004,3262,0x00000000,2025-12-14T15:31:42.589Z,2025-12-14T15:31:42.589Z
6,0x0004,6994,0x00000000,2025-12-14T15:31:42.589Z,2025-12-14T15:31:42.589Z
39,0x000a,2.10142,0x00000000,2025-12-14T15:31:42.689Z,2025-12-14T15:31:42.689Z
38,0x000a,1.50101,0x00000000,2025-12-14T15:31:42.689Z,2025-12-14T15:31:42.689Z
37,0x000a,2.69821,0x00000000,2025-12-14T15:31:42.689Z,2025-12-14T15:31:42.689Z
26,0x000a,1.41999,0x00000000,2025-12-14T15:31:42.689Z,2025-12-14T15:31:42.689Z
25,0x000a,1.36972,0x00000000,2025-12-14T15:31:42.689Z,2025-12-14T15:31:42.689Z
24,0x000a,2.86965,0x00000000,2025-12-14T15:31:42.689Z,2025-12-14T15:31:42.689Z
8,0x0004,3926,0x00000000,2025-12-14T15:31:42.689Z,2025-12-14T15:31:42.689Z
7,0x0004,3787,0x00000000,2025-12-14T15:31:42.689Z,2025-12-14T15:31:42.689Z
6,0x0004,7934,0x00000000,2025-12-14T15:31:42.689Z,2025-12-14T15:31:42.689Z
39,0x000a,2.60055,0x00000000,2025-12-14T15:31:42.790Z,2025-12-14T15:31:42.790Z
38,0x000a,1.89887,0x00000000,2025-12-14T15:31:42.790Z,2025-12-14T15:31:42.790Z
37,0x000a,3.39988,0x00000000,2025-12-14T15:31:42.790Z,2025-12-14T15:31:42.790Z
36,0x000a,1.11976,0x00000000,2025-12-14T15:31:42.790Z,2025-12-14T15:31:42.790Z
35,0x000a,0.869072,0x00000000,2025-12-14T15:31:42.790Z,2025-12-14T15:31:42.790Z
34,0x000a,1.62909,0x00000000,2025-12-14T15:31:42.790Z,2025-12-14T15:31:42.790Z
26,0x000a,1.62977,0x00000000,2025-12-14T15:31:42.790Z,2025-12-14T15:31:42.790Z
25,0x000a,1.51982,0x00000000,2025-12-14T15:31:42.790Z,2025-12-14T15:31:42.790Z
24,0x000a,3.13983,0x00000000,2025-12-14T15:31:42.790Z,2025-12-14T15:31:42.790Z
23,0x000a,1.11976,0x00000000,2025-12-14T15:31:42.790Z,2025-12-14T15:31:42.790Z
22,0x000a,0.869072,0x00000000,2025-12-14T15:31:42.790Z,2025-12-14T15:31:42.790Z
21,0x000a,1.62909,0x00000000,2025-12-14T15:31:42.790Z,2025-12-14T15:31:42.790Z
8,0x0004,4506,0x00000000,2025-12-14T15:31:42.790Z,2025-12-14T15:31:42.790Z
7,0x0004,4202,0x00000000,2025-12-14T15:31:42.790Z,2025-12-14T15:31:42.790Z
6,0x0004,8681,0x00000000,2025-12-14T15:31:42.790Z,2025-12-14T15:31:42.790Z
39,0x000a,2.0978,0x00000000,2025-12-14T15:31:42.888Z,2025-12-14T15:31:42.888Z
39,0x000a,2.10142,0x00000000,2025-12-14T15:31:42.990Z,2025-12-14T15:31:42.990Z
38,0x000a,1.50101,0x00000000,2025-12-14T15:31:42.888Z,2025-12-14T15:31:42.888Z
38,0x000a,1.59867,0x00000000,2025-12-14T15:31:42.990Z,2025-12-14T15:31:42.990Z
37,0x000a,2.70182,0x00000000,2025-12-14T15:31:42.888Z,2025-12-14T15:31:42.888Z
37,0x000a,2.79948,0x00000000,2025-12-14T15:31:42.990Z,2025-12-14T15:31:42.990Z
36,0x000a,1.86015,0x00000000,2025-12-14T15:31:42.888Z,2025-12-14T15:31:42.888Z
36,0x000a,1.97898,0x00000000,2025-12-14T15:31:42.990Z,2025-12-14T15:31:42.990Z
35,0x000a,1.38397,0x00000000,2025-12-14T15:31:42.888Z,2025-12-14T15:31:42.888Z
35,0x000a,1.44249,0x00000000,2025-12-14T15:31:42.990Z,2025-12-14T15:31:42.990Z
34,0x000a,2.51449,0x00000000,2025-12-14T15:31:42.888Z,2025-12-14T15:31:42.888Z
34,0x000a,2.60816,0x00000000,2025-12-14T15:31:42.990Z,2025-12-14T15:31:42.990Z
26,0x000a,1.83992,0x00000000,2025-12-14T15:31:42.888Z,2025-12-14T15:31:42.888Z
26,0x000a,2.05982,0x00000000,2025-12-14T15:31:42.990Z,2025-12-14T15:31:42.990Z
25,0x000a,1.67969,0x00000000,2025-12-14T15:31:42.888Z,2025-12-14T15:31:42.888Z
25,0x000a,1.82979,0x00000000,2025-12-14T15:31:42.990Z,2025-12-14T15:31:42.990Z
24,0x000a,3.41978,0x00000000,2025-12-14T15:31:42.888Z,2025-12-14T15:31:42.888Z
24,0x000a,3.68996,0x00000000,2025-12-14T15:31:42.990Z,2025-12-14T15:31:42.990Z
23,0x000a,1.86015,0x00000000,2025-12-14T15:31:42.888Z,2025-12-14T15:31:42.888Z
23,0x000a,1.97898,0x00000000,2025-12-14T15:31:42.990Z,2025-12-14T15:31:42.990Z
22,0x000a,1.38397,0x00000000,2025-12-14T15:31:42.888Z,2025-12-14T15:31:42.888Z
22,0x000a,1.44249,0x00000000,2025-12-14T15:31:42.990Z,2025-12-14T15:31:42.990Z
21,0x000a,2.51449,0x00000000,2025-12-14T15:31:42.888Z,2025-12-14T15:31:42.888Z
21,0x000a,2.60816,0x00000000,2025-12-14T15:31:42.990Z,2025-12-14T15:31:42.990Z
8,0x0004,5087,0x00000000,2025-12-14T15:31:42.888Z,2025-12-14T15:31:42.888Z
8,0x0004,5695,0x00000000,2025-12-14T15:31:42.990Z,2025-12-14T15:31:42.990Z
7,0x0004,4644,0x00000000,2025-12-14T15:31:42.888Z,2025-12-14T15:31:42.888Z
7,0x0004,5059,0x00000000,2025-12-14T15:31:42.990Z,2025-12-14T15:31:42.990Z
6,0x0004,9455,0x00000000,2025-12-14T15:31:42.888Z,2025-12-14T15:31:42.888Z
6,0x0004,10202,0x00000000,2025-12-14T15:31:42.990Z,2025-12-14T15:31:42.990Z
39,0x000a,4.30049,0x00000000,2025-12-14T15:31:43.088Z,2025-12-14T15:31:43.088Z
38,0x000a,3.00202,0x00000000,2025-12-14T15:31:43.088Z,2025-12-14T15:31:43.088Z
37,0x000a,5.5013,0x00000000,2025-12-14T15:31:43.088Z,2025-12-14T15:31:43.088Z
36,0x000a,2.0402,0x00000000,2025-12-14T15:31:43.088Z,2025-12-14T15:31:43.088Z
35,0x000a,1.52058,0x00000000,2025-12-14T15:31:43.088Z,2025-12-14T15:31:43.088Z
34,0x000a,2.70382,0x00000000,2025-12-14T15:31:43.088Z,2025-12-14T15:31:43.088Z
26,0x000a,2.26997,0x00000000,2025-12-14T15:31:43.088Z,2025-12-14T15:31:43.088Z
25,0x000a,1.97989,0x00000000,2025-12-14T15:31:43.088Z,2025-12-14T15:31:43.088Z
24,0x000a,3.96991,0x00000000,2025-12-14T15:31:43.088Z,2025-12-14T15:31:43.088Z
23,0x000a,2.0402,0x00000000,2025-12-14T15:31:43.088Z,2025-12-14T15:31:43.088Z
22,0x000a,1.52058,0x00000000,2025-12-14T15:31:43.088Z,2025-12-14T15:31:43.088Z
21,0x000a,2.70382,0x00000000,2025-12-14T15:31:43.088Z,2025-12-14T15:31:43.088Z
8,0x0004,6276,0x00000000,2025-12-14T15:31:43.088Z,2025-12-14T15:31:43.088Z
7,0x0004,5474,0x00000000,2025-12-14T15:31:43.088Z,2025-12-14T15:31:43.088Z
6,0x0004,10976,0x00000000,2025-12-14T15:31:43.088Z,2025-12-14T15:31:43.088Z
39,0x000a,2.59693,0x00000000,2025-12-14T15:31:43.190Z,2025-12-14T15:31:43.190Z
38,0x000a,1.89887,0x00000000,2025-12-14T15:31:43.190Z,2025-12-14T15:31:43.190Z
37,0x000a,3.29861,0x00000000,2025-12-14T15:31:43.190Z,2025-12-14T15:31:43.190Z
36,0x000a,3.17034,0x00000000,2025-12-14T15:31:43.190Z,2025-12-14T15:31:43.190Z
35,0x000a,2.2613,0x00000000,2025-12-14T15:31:43.190Z,2025-12-14T15:31:43.190Z
34,0x000a,4.10256,0x00000000,2025-12-14T15:31:43.190Z,2025-12-14T15:31:43.190Z
26,0x000a,2.52966,0x00000000,2025-12-14T15:31:43.190Z,2025-12-14T15:31:43.190Z
25,0x000a,2.16978,0x00000000,2025-12-14T15:31:43.190Z,2025-12-14T15:31:43.190Z
24,0x000a,4.29977,0x00000000,2025-12-14T15:31:43.190Z,2025-12-14T15:31:43.190Z
23,0x000a,3.17034,0x00000000,2025-12-14T15:31:43.190Z,2025-12-14T15:31:43.190Z
22,0x000a,2.2613,0x00000000,2025-12-14T15:31:43.190Z,2025-12-14T15:31:43.190Z
21,0x000a,4.10256,0x00000000,2025-12-14T15:31:43.190Z,2025-12-14T15:31:43.190Z
8,0x0004,6994,0x00000000,2025-12-14T15:31:43.190Z,2025-12-14T15:31:43.190Z
7,0x0004,5999,0x00000000,2025-12-14T15:31:43.190Z,2025-12-14T15:31:43.190Z
6,0x0004,11888,0x00000000,2025-12-14T15:31:43.190Z,2025-12-14T15:31:43.190Z
39,0x000a,2.10142,0x00000000,2025-12-14T15:31:43.288Z,2025-12-14T15:31:43.288Z
38,0x000a,1.50101,0x00000000,2025-12-14T15:31:43.288Z,2025-12-14T15:31:43.288Z
37,0x000a,2.79948,0x00000000,2025-12-14T15:31:43.288Z,2025-12-14T15:31:43.288Z
36,0x000a,2.88364,0x00000000,2025-12-14T15:31:43.288Z,2025-12-14T15:31:43.288Z
35,0x000a,2.08009,0x00000000,2025-12-14T15:31:43.288Z,2025-12-14T15:31:43.288Z
34,0x000a,3.70059,0x00000000,2025-12-14T15:31:43.288Z,2025-12-14T15:31:43.288Z
26,0x000a,2.7398,0x00000000,2025-12-14T15:31:43.288Z,2025-12-14T15:31:43.288Z
25,0x000a,2.31988,0x00000000,2025-12-14T15:31:43.288Z,2025-12-14T15:31:43.288Z
24,0x000a,4.57972,0x00000000,2025-12-14T15:31:43.288Z,2025-12-14T15:31:43.288Z
23,0x000a,2.88364,0x00000000,2025-12-14T15:31:43.288Z,2025-12-14T15:31:43.288Z
22,0x000a,2.08009,0x00000000,2025-12-14T15:31:43.288Z,2025-12-14T15:31:43.288Z
21,0x000a,3.70059,0x00000000,2025-12-14T15:31:43.288Z,2025-12-14T15:31:43.288Z
8,0x0004,7575,0x00000000,2025-12-14T15:31:43.288Z,2025-12-14T15:31:43.288Z
7,0x0004,6414,0x00000000,2025-12-14T15:31:43.288Z,2025-12-14T15:31:43.288Z
6,0x0004,12662,0x00000000,2025-12-14T15:31:43.288Z,2025-12-14T15:31:43.288Z
36,0x000a,2.49253,0x00000000,2025-12-14T15:31:43.390Z,2025-12-14T15:31:43.390Z
35,0x000a,1.79055,0x00000000,2025-12-14T15:31:43.390Z,2025-12-14T15:31:43.390Z
34,0x000a,3.25003,0x00000000,2025-12-14T15:31:43.390Z,2025-12-14T15:31:43.390Z
26,0x000a,2.94994,0x00000000,2025-12-14T15:31:43.390Z,2025-12-14T15:31:43.390Z
25,0x000a,2.46998,0x00000000,2025-12-14T15:31:43.390Z,2025-12-14T15:31:43.390Z
24,0x000a,4.8499,0x00000000,2025-12-14T15:31:43.390Z,2025-12-14T15:31:43.390Z
23,0x000a,2.49253,0x00000000,2025-12-14T15:31:43.390Z,2025-12-14T15:31:43.390Z
22,0x000a,1.79055,0x00000000,2025-12-14T15:31:43.390Z,2025-12-14T15:31:43.390Z
21,0x000a,3.25003,0x00000000,2025-12-14T15:31:43.390Z,2025-12-14T15:31:43.390Z
8,0x0004,8156,0x00000000,2025-12-14T15:31:43.390Z,2025-12-14T15:31:43.390Z
7,0x0004,6829,0x00000000,2025-12-14T15:31:43.390Z,2025-12-14T15:31:43.390Z
6,0x0004,13409,0x00000000,2025-12-14T15:31:43.390Z,2025-12-14T15:31:43.390Z
39,0x000a,2.10142,0x00000000,2025-12-14T15:31:43.490Z,2025-12-14T15:31:43.490Z
38,0x000a,1.50101,0x00000000,2025-12-14T15:31:43.490Z,2025-12-14T15:31:43.490Z
37,0x000a,2.70183,0x00000000,2025-12-14T15:31:43.490Z,2025-12-14T15:31:43.490Z
26,0x000a,3.16985,0x00000000,2025-12-14T15:31:43.490Z,2025-12-14T15:31:43.490Z
25,0x000a,2.62985,0x00000000,2025-12-14T15:31:43.490Z,2025-12-14T15:31:43.490Z
24,0x000a,5.12985,0x00000000,2025-12-14T15:31:43.490Z,2025-12-14T15:31:43.490Z
8,0x0004,8764,0x00000000,2025-12-14T15:31:43.490Z,2025-12-14T15:31:43.490Z
7,0x0004,7271,0x00000000,2025-12-14T15:31:43.490Z,2025-12-14T15:31:43.490Z
6,0x0004,14183,0x00000000,2025-12-14T15:31:43.490Z,2025-12-14T15:31:43.490Z
39,0x000a,2.19907,0x00000000,2025-12-14T15:31:43.588Z,2025-12-14T15:31:43.588Z
38,0x000a,1.59867,0x00000000,2025-12-14T15:31:43.588Z,2025-12-14T15:31:43.588Z
37,0x000a,2.79948,0x00000000,2025-12-14T15:31:43.588Z,2025-12-14T15:31:43.588Z
36,0x000a,2.29697,0x00000000,2025-12-14T15:31:43.588Z,2025-12-14T15:31:43.588Z
35,0x000a,1.64578,0x00000000,2025-12-14T15:31:43.588Z,2025-12-14T15:31:43.588Z
34,0x000a,2.97593,0x00000000,2025-12-14T15:31:43.588Z,2025-12-14T15:31:43.588Z
26,0x000a,3.37999,0x00000000,2025-12-14T15:31:43.588Z,2025-12-14T15:31:43.588Z
25,0x000a,2.77995,0x00000000,2025-12-14T15:31:43.588Z,2025-12-14T15:31:43.588Z
24,0x000a,5.39967,0x00000000,2025-12-14T15:31:43.588Z,2025-12-14T15:31:43.588Z
23,0x000a,2.29697,0x00000000,2025-12-14T15:31:43.588Z,2025-12-14T15:31:43.588Z
22,0x000a,1.64578,0x00000000,2025-12-14T15:31:43.588Z,2025-12-14T15:31:43.588Z
21,0x000a,2.97593,0x00000000,2025-12-14T15:31:43.588Z,2025-12-14T15:31:43.588Z
8,0x0004,9345,0x00000000,2025-12-14T15:31:43.588Z,2025-12-14T15:31:43.588Z
7,0x0004,7686,0x00000000,2025-12-14T15:31:43.588Z,2025-12-14T15:31:43.588Z
6,0x0004,14929,0x00000000,2025-12-14T15:31:43.588Z,2025-12-14T15:31:43.588Z
39,0x000a,2.10142,0x00000000,2025-12-14T15:31:43.690Z,2025-12-14T15:31:43.690Z
38,0x000a,1.50101,0x00000000,2025-12-14T15:31:43.690Z,2025-12-14T15:31:43.690Z
37,0x000a,2.69821,0x00000000,2025-12-14T15:31:43.690Z,2025-12-14T15:31:43.690Z
36,0x000a,2.24802,0x00000000,2025-12-14T15:31:43.690Z,2025-12-14T15:31:43.690Z
35,0x000a,1.62223,0x00000000,2025-12-14T15:31:43.690Z,2025-12-14T15:31:43.690Z
34,0x000a,2.8877,0x00000000,2025-12-14T15:31:43.690Z,2025-12-14T15:31:43.690Z
26,0x000a,3.58977,0x00000000,2025-12-14T15:31:43.690Z,2025-12-14T15:31:43.690Z
25,0x000a,2.92969,0x00000000,2025-12-14T15:31:43.690Z,2025-12-14T15:31:43.690Z
24,0x000a,5.67998,0x00000000,2025-12-14T15:31:43.690Z,2025-12-14T15:31:43.690Z
23,0x000a,2.24802,0x00000000,2025-12-14T15:31:43.690Z,2025-12-14T15:31:43.690Z
22,0x000a,1.62223,0x00000000,2025-12-14T15:31:43.690Z,2025-12-14T15:31:43.690Z
21,0x000a,2.8877,0x00000000,2025-12-14T15:31:43.690Z,2025-12-14T15:31:43.690Z
8,0x0004,9925,0x00000000,2025-12-14T15:31:43.690Z,2025-12-14T15:31:43.690Z
7,0x0004,8100,0x00000000,2025-12-14T15:31:43.690Z,2025-12-14T15:31:43.690Z
6,0x0004,15704,0x00000000,2025-12-14T15:31:43.690Z,2025-12-14T15:31:43.690Z
39,0x000a,2.0978,0x00000000,2025-12-14T15:31:43.790Z,2025-12-14T15:31:43.790Z
38,0x000a,1.4974,0x00000000,2025-12-14T15:31:43.790Z,2025-12-14T15:31:43.790Z
37,0x000a,2.8031,0x00000000,2025-12-14T15:31:43.790Z,2025-12-14T15:31:43.790Z
36,0x000a,2.17472,0x00000000,2025-12-14T15:31:43.790Z,2025-12-14T15:31:43.790Z
35,0x000a,1.56162,0x00000000,2025-12-14T15:31:43.790Z,2025-12-14T15:31:43.790Z
34,0x000a,2.79295,0x00000000,2025-12-14T15:31:43.790Z,2025-12-14T15:31:43.790Z
26,0x000a,3.84983,0x00000000,2025-12-14T15:31:43.790Z,2025-12-14T15:31:43.790Z
25,0x000a,3.11994,0x00000000,2025-12-14T15:31:43.790Z,2025-12-14T15:31:43.790Z
24,0x000a,6.00984,0x00000000,2025-12-14T15:31:43.790Z,2025-12-14T15:31:43.790Z
23,0x000a,2.17472,0x00000000,2025-12-14T15:31:43.790Z,2025-12-14T15:31:43.790Z
22,0x000a,1.56162,0x00000000,2025-12-14T15:31:43.790Z,2025-12-14T15:31:43.790Z
21,0x000a,2.79295,0x00000000,2025-12-14T15:31:43.790Z,2025-12-14T15:31:43.790Z
8,0x0004,10644,0x00000000,2025-12-14T15:31:43.790Z,2025-12-14T15:31:43.790Z
7,0x0004,8626,0x00000000,2025-12-14T15:31:43.790Z,2025-12-14T15:31:43.790Z
6,0x0004,16616,0x00000000,2025-12-14T15:31:43.790Z,2025-12-14T15:31:43.790Z
39,0x000a,2.60055,0x00000000,2025-12-14T15:31:43.890Z,2025-12-14T15:31:43.890Z
38,0x000a,1.90249,0x00000000,2025-12-14T15:31:43.890Z,2025-12-14T15:31:43.890Z
37,0x000a,3.29861,0x00000000,2025-12-14T15:31:43.890Z,2025-12-14T15:31:43.890Z
36,0x000a,2.13626,0x00000000,2025-12-14T15:31:43.890Z,2025-12-14T15:31:43.890Z
35,0x000a,1.52951,0x00000000,2025-12-14T15:31:43.890Z,2025-12-14T15:31:43.890Z
34,0x000a,2.79803,0x00000000,2025-12-14T15:31:43.890Z,2025-12-14T15:31:43.890Z
26,0x000a,4.05997,0x00000000,2025-12-14T15:31:43.890Z,2025-12-14T15:31:43.890Z
25,0x000a,3.26968,0x00000000,2025-12-14T15:31:43.890Z,2025-12-14T15:31:43.890Z
24,0x000a,6.28979,0x00000000,2025-12-14T15:31:43.890Z,2025-12-14T15:31:43.890Z
23,0x000a,2.13626,0x00000000,2025-12-14T15:31:43.890Z,2025-12-14T15:31:43.890Z
22,0x000a,1.52951,0x00000000,2025-12-14T15:31:43.890Z,2025-12-14T15:31:43.890Z
21,0x000a,2.79803,0x00000000,2025-12-14T15:31:43.890Z,2025-12-14T15:31:43.890Z
8,0x0004,11225,0x00000000,2025-12-14T15:31:43.890Z,2025-12-14T15:31:43.890Z
7,0x0004,9040,0x00000000,2025-12-14T15:31:43.890Z,2025-12-14T15:31:43.890Z
6,0x0004,17390,0x00000000,2025-12-14T15:31:43.890Z,2025-12-14T15:31:43.890Z
39,0x000a,2.10142,0x00000000,2025-12-14T15:31:43.988Z,2025-12-14T15:31:43.988Z
38,0x000a,1.4974,0x00000000,2025-12-14T15:31:43.988Z,2025-12-14T15:31:43.988Z
37,0x000a,2.79948,0x00000000,2025-12-14T15:31:43.988Z,2025-12-14T15:31:43.988Z
36,0x000a,2.36841,0x00000000,2025-12-14T15:31:43.988Z,2025-12-14T15:31:43.988Z
35,0x000a,1.716,0x00000000,2025-12-14T15:31:43.988Z,2025-12-14T15:31:43.988Z
34,0x000a,3.04832,0x00000000,2025-12-14T15:31:43.988Z,2025-12-14T15:31:43.988Z
26,0x000a,4.26975,0x00000000,2025-12-14T15:31:43.988Z,2025-12-14T15:31:43.988Z
25,0x000a,3.41978,0x00000000,2025-12-14T15:31:43.988Z,2025-12-14T15:31:43.988Z
24,0x000a,6.55997,0x00000000,2025-12-14T15:31:43.988Z,2025-12-14T15:31:43.988Z
23,0x000a,2.36841,0x00000000,2025-12-14T15:31:43.988Z,2025-12-14T15:31:43.988Z
22,0x000a,1.716,0x00000000,2025-12-14T15:31:43.988Z,2025-12-14T15:31:43.988Z
21,0x000a,3.04832,0x00000000,2025-12-14T15:31:43.988Z,2025-12-14T15:31:43.988Z
8,0x0004,11805,0x00000000,2025-12-14T15:31:43.988Z,2025-12-14T15:31:43.988Z
7,0x0004,9455,0x00000000,2025-12-14T15:31:43.988Z,2025-12-14T15:31:43.988Z
6,0x0004,18137,0x00000000,2025-12-14T15:31:43.988Z,2025-12-14T15:31:43.988Z
39,0x000a,2.0978,0x00000000,2025-12-14T15:31:44.089Z,2025-12-14T15:31:44.089Z
38,0x000a,1.50101,0x00000000,2025-12-14T15:31:44.089Z,2025-12-14T15:31:44.089Z
37,0x000a,2.70182,0x00000000,2025-12-14T15:31:44.089Z,2025-12-14T15:31:44.089Z
36,0x000a,2.23491,0x00000000,2025-12-14T15:31:44.089Z,2025-12-14T15:31:44.089Z
35,0x000a,1.6067,0x00000000,2025-12-14T15:31:44.089Z,2025-12-14T15:31:44.089Z
34,0x000a,2.9239,0x00000000,2025-12-14T15:31:44.089Z,2025-12-14T15:31:44.089Z
23,0x000a,2.23491,0x00000000,2025-12-14T15:31:44.089Z,2025-12-14T15:31:44.089Z
22,0x000a,1.6067,0x00000000,2025-12-14T15:31:44.089Z,2025-12-14T15:31:44.089Z
21,0x000a,2.9239,0x00000000,2025-12-14T15:31:44.089Z,2025-12-14T15:31:44.089Z
36,0x000a,2.16636,0x00000000,2025-12-14T15:31:44.189Z,2025-12-14T15:31:44.189Z
35,0x000a,1.55385,0x00000000,2025-12-14T15:31:44.189Z,2025-12-14T15:31:44.189Z
34,0x000a,2.81286,0x00000000,2025-12-14T15:31:44.189Z,2025-12-14T15:31:44.189Z
26,0x000a,4.48966,0x00000000,2025-12-14T15:31:44.189Z,2025-12-14T15:31:44.189Z
25,0x000a,3.57964,0x00000000,2025-12-14T15:31:44.189Z,2025-12-14T15:31:44.189Z
24,0x000a,6.83992,0x00000000,2025-12-14T15:31:44.189Z,2025-12-14T15:31:44.189Z
23,0x000a,2.16636,0x00000000,2025-12-14T15:31:44.189Z,2025-12-14T15:31:44.189Z
22,0x000a,1.55385,0x00000000,2025-12-14T15:31:44.189Z,2025-12-14T15:31:44.189Z
21,0x000a,2.81286,0x00000000,2025-12-14T15:31:44.189Z,2025-12-14T15:31:44.189Z
8,0x0004,12413,0x00000000,2025-12-14T15:31:44.189Z,2025-12-14T15:31:44.189Z
7,0x0004,9897,0x00000000,2025-12-14T15:31:44.189Z,2025-12-14T15:31:44.189Z
6,0x0004,18911,0x00000000,2025-12-14T15:31:44.189Z,2025-12-14T15:31:44.189Z
39,0x000a,4.30049,0x00000000,2025-12-14T15:31:44.290Z,2025-12-14T15:31:44.290Z
38,0x000a,3.09968,0x00000000,2025-12-14T15:31:44.290Z,2025-12-14T15:31:44.290Z
37,0x000a,5.49768,0x00000000,2025-12-14T15:31:44.290Z,2025-12-14T15:31:44.290Z
26,0x000a,4.6998,0x00000000,2025-12-14T15:31:44.290Z,2025-12-14T15:31:44.290Z
25,0x000a,3.72975,0x00000000,2025-12-14T15:31:44.290Z,2025-12-14T15:31:44.290Z
24,0x000a,7.10974,0x00000000,2025-12-14T15:31:44.290Z,2025-12-14T15:31:44.290Z
8,0x0004,12994,0x00000000,2025-12-14T15:31:44.290Z,2025-12-14T15:31:44.290Z
7,0x0004,10312,0x00000000,2025-12-14T15:31:44.290Z,2025-12-14T15:31:44.290Z
6,0x0004,19657,0x00000000,2025-12-14T15:31:44.290Z,2025-12-14T15:31:44.290Z
39,0x000a,2.10142,0x00000000,2025-12-14T15:31:44.388Z,2025-12-14T15:31:44.388Z
38,0x000a,1.50101,0x00000000,2025-12-14T15:31:44.388Z,2025-12-14T15:31:44.388Z
37,0x000a,2.79948,0x00000000,2025-12-14T15:31:44.388Z,2025-12-14T15:31:44.388Z
36,0x000a,3.23342,0x00000000,2025-12-14T15:31:44.388Z,2025-12-14T15:31:44.388Z
35,0x000a,2.32677,0x00000000,2025-12-14T15:31:44.388Z,2025-12-14T15:31:44.388Z
34,0x000a,4.15527,0x00000000,2025-12-14T15:31:44.388Z,2025-12-14T15:31:44.388Z
26,0x000a,4.90994,0x00000000,2025-12-14T15:31:44.388Z,2025-12-14T15:31:44.388Z
25,0x000a,3.87985,0x00000000,2025-12-14T15:31:44.388Z,2025-12-14T15:31:44.388Z
24,0x000a,7.38968,0x00000000,2025-12-14T15:31:44.388Z,2025-12-14T15:31:44.388Z
23,0x000a,3.23342,0x00000000,2025-12-14T15:31:44.388Z,2025-12-14T15:31:44.388Z
22,0x000a,2.32677,0x00000000,2025-12-14T15:31:44.388Z,2025-12-14T15:31:44.388Z
21,0x000a,4.15527,0x00000000,2025-12-14T15:31:44.388Z,2025-12-14T15:31:44.388Z
13,0x0001,false,0x00000000,2025-12-14T15:31:44.388Z,2025-12-14T15:31:44.388Z
8,0x0004,13575,0x00000000,2025-12-14T15:31:44.388Z,2025-12-14T15:31:44.388Z
7,0x0004,10727,0x00000000,2025-12-14T15:31:44.388Z,2025-12-14T15:31:44.388Z
6,0x0004,20431,0x00000000,2025-12-14T15:31:44.388Z,2025-12-14T15:31:44.388Z
39,0x000a,2.60055,0x00000000,2025-12-14T15:31:44.490Z,2025-12-14T15:31:44.490Z
39,0x000a,2.0978,0x00000000,2025-12-14T15:31:44.587Z,2025-12-14T15:31:44.587Z
38,0x000a,1.89887,0x00000000,2025-12-14T15:31:44.490Z,2025-12-14T15:31:44.490Z
38,0x000a,1.50101,0x00000000,2025-12-14T15:31:44.587Z,2025-12-14T15:31:44.587Z
37,0x000a,3.30223,0x00000000,2025-12-14T15:31:44.490Z,2025-12-14T15:31:44.490Z
37,0x000a,1.09954,0x00000000,2025-12-14T15:31:44.587Z,2025-12-14T15:31:44.587Z
36,0x000a,2.66742,0x00000000,2025-12-14T15:31:44.490Z,2025-12-14T15:31:44.490Z
36,0x000a,2.63399,0x00000000,2025-12-14T15:31:44.587Z,2025-12-14T15:31:44.587Z
35,0x000a,1.91389,0x00000000,2025-12-14T15:31:44.490Z,2025-12-14T15:31:44.490Z
35,0x000a,1.90638,0x00000000,2025-12-14T15:31:44.587Z,2025-12-14T15:31:44.587Z
34,0x000a,3.47738,0x00000000,2025-12-14T15:31:44.490Z,2025-12-14T15:31:44.490Z
34,0x000a,3.3898,0x00000000,2025-12-14T15:31:44.587Z,2025-12-14T15:31:44.587Z
26,0x000a,5.16999,0x00000000,2025-12-14T15:31:44.490Z,2025-12-14T15:31:44.490Z
26,0x000a,5.37977,0x00000000,2025-12-14T15:31:44.587Z,2025-12-14T15:31:44.587Z
25,0x000a,4.06973,0x00000000,2025-12-14T15:31:44.490Z,2025-12-14T15:31:44.490Z
25,0x000a,4.21983,0x00000000,2025-12-14T15:31:44.587Z,2025-12-14T15:31:44.587Z
24,0x000a,7.71991,0x00000000,2025-12-14T15:31:44.490Z,2025-12-14T15:31:44.490Z
24,0x000a,7.82986,0x00000000,2025-12-14T15:31:44.587Z,2025-12-14T15:31:44.587Z
23,0x000a,2.66742,0x00000000,2025-12-14T15:31:44.490Z,2025-12-14T15:31:44.490Z
23,0x000a,2.63399,0x00000000,2025-12-14T15:31:44.587Z,2025-12-14T15:31:44.587Z
22,0x000a,1.91389,0x00000000,2025-12-14T15:31:44.490Z,2025-12-14T15:31:44.490Z
22,0x000a,1.90638,0x00000000,2025-12-14T15:31:44.587Z,2025-12-14T15:31:44.587Z
21,0x000a,3.47738,0x00000000,2025-12-14T15:31:44.490Z,2025-12-14T15:31:44.490Z
21,0x000a,3.3898,0x00000000,2025-12-14T15:31:44.587Z,2025-12-14T15:31:44.587Z
14,0x0001,true,0x00000000,2025-12-14T15:31:44.587Z,2025-12-14T15:31:44.587Z
8,0x0004,14294,0x00000000,2025-12-14T15:31:44.490Z,2025-12-14T15:31:44.490Z
8,0x0004,14874,0x00000000,2025-12-14T15:31:44.587Z,2025-12-14T15:31:44.587Z
7,0x0004,11252,0x00000000,2025-12-14T15:31:44.490Z,2025-12-14T15:31:44.490Z
7,0x0004,11667,0x00000000,2025-12-14T15:31:44.587Z,2025-12-14T15:31:44.587Z
6,0x0004,21344,0x00000000,2025-12-14T15:31:44.490Z,2025-12-14T15:31:44.490Z
6,0x0004,21648,0x00000000,2025-12-14T15:31:44.587Z,2025-12-14T15:31:44.587Z
39,0x000a,2.10142,0x00000000,2025-12-14T15:31:44.688Z,2025-12-14T15:31:44.688Z
38,0x000a,1.50102,0x00000000,2025-12-14T15:31:44.688Z,2025-12-14T15:31:44.688Z
37,0x000a,0,0x00000000,2025-12-14T15:31:44.688Z,2025-12-14T15:31:44.688Z
36,0x000a,2.36589,0x00000000,2025-12-14T15:31:44.688Z,2025-12-14T15:31:44.688Z
35,0x000a,1.7037,0x00000000,2025-12-14T15:31:44.688Z,2025-12-14T15:31:44.688Z
34,0x000a,2.24467,0x00000000,2025-12-14T15:31:44.688Z,2025-12-14T15:31:44.688Z
26,0x000a,5.58992,0x00000000,2025-12-14T15:31:44.688Z,2025-12-14T15:31:44.688Z
25,0x000a,4.36994,0x00000000,2025-12-14T15:31:44.688Z,2025-12-14T15:31:44.688Z
23,0x000a,2.36589,0x00000000,2025-12-14T15:31:44.688Z,2025-12-14T15:31:44.688Z
22,0x000a,1.7037,0x00000000,2025-12-14T15:31:44.688Z,2025-12-14T15:31:44.688Z
21,0x000a,2.24467,0x00000000,2025-12-14T15:31:44.688Z,2025-12-14T15:31:44.688Z
8,0x0004,15455,0x00000000,2025-12-14T15:31:44.688Z,2025-12-14T15:31:44.688Z
7,0x0004,12082,0x00000000,2025-12-14T15:31:44.688Z,2025-12-14T15:31:44.688Z
39,0x000a,2.19908,0x00000000,2025-12-14T15:31:44.789Z,2025-12-14T15:31:44.789Z
38,0x000a,1.59867,0x00000000,2025-12-14T15:31:44.789Z,2025-12-14T15:31:44.789Z
37,0x000a,-1.09954,0x00000000,2025-12-14T15:31:44.789Z,2025-12-14T15:31:44.789Z
36,0x000a,2.23365,0x00000000,2025-12-14T15:31:44.789Z,2025-12-14T15:31:44.789Z
35,0x000a,1.60236,0x00000000,2025-12-14T15:31:44.789Z,2025-12-14T15:31:44.789Z
34,0x000a,1.12234,0x00000000,2025-12-14T15:31:44.789Z,2025-12-14T15:31:44.789Z
26,0x000a,5.80982,0x00000000,2025-12-14T15:31:44.789Z,2025-12-14T15:31:44.789Z
25,0x000a,4.5298,0x00000000,2025-12-14T15:31:44.789Z,2025-12-14T15:31:44.789Z
24,0x000a,7.71991,0x00000000,2025-12-14T15:31:44.789Z,2025-12-14T15:31:44.789Z
23,0x000a,2.23365,0x00000000,2025-12-14T15:31:44.789Z,2025-12-14T15:31:44.789Z
22,0x000a,1.60236,0x00000000,2025-12-14T15:31:44.789Z,2025-12-14T15:31:44.789Z
21,0x000a,1.12234,0x00000000,2025-12-14T15:31:44.789Z,2025-12-14T15:31:44.789Z
14,0x0001,false,0x00000000,2025-12-14T15:31:44.789Z,2025-12-14T15:31:44.789Z
8,0x0004,16063,0x00000000,2025-12-14T15:31:44.789Z,2025-12-14T15:31:44.789Z
7,0x0004,12524,0x00000000,2025-12-14T15:31:44.789Z,2025-12-14T15:31:44.789Z
6,0x0004,21344,0x00000000,2025-12-14T15:31:44.789Z,2025-12-14T15:31:44.789Z
39,0x000a,2.10142,0x00000000,2025-12-14T15:31:44.888Z,2025-12-14T15:31:44.888Z
38,0x000a,1.50101,0x00000000,2025-12-14T15:31:44.888Z,2025-12-14T15:31:44.888Z
37,0x000a,-2.79948,0x00000000,2025-12-14T15:31:44.888Z,2025-12-14T15:31:44.888Z
36,0x000a,2.21637,0x00000000,2025-12-14T15:31:44.888Z,2025-12-14T15:31:44.888Z
35,0x000a,1.60051,0x00000000,2025-12-14T15:31:44.888Z,2025-12-14T15:31:44.888Z
34,0x000a,0.0113982,0x00000000,2025-12-14T15:31:44.888Z,2025-12-14T15:31:44.888Z
26,0x000a,6.01997,0x00000000,2025-12-14T15:31:44.888Z,2025-12-14T15:31:44.888Z
25,0x000a,4.6799,0x00000000,2025-12-14T15:31:44.888Z,2025-12-14T15:31:44.888Z
24,0x000a,7.43996,0x00000000,2025-12-14T15:31:44.888Z,2025-12-14T15:31:44.888Z
23,0x000a,2.21637,0x00000000,2025-12-14T15:31:44.888Z,2025-12-14T15:31:44.888Z
22,0x000a,1.60051,0x00000000,2025-12-14T15:31:44.888Z,2025-12-14T15:31:44.888Z
21,0x000a,0.0113982,0x00000000,2025-12-14T15:31:44.888Z,2025-12-14T15:31:44.888Z
8,0x0004,16644,0x00000000,2025-12-14T15:31:44.888Z,2025-12-14T15:31:44.888Z
7,0x0004,12939,0x00000000,2025-12-14T15:31:44.888Z,2025-12-14T15:31:44.888Z
6,0x0004,20570,0x00000000,2025-12-14T15:31:44.888Z,2025-12-14T15:31:44.888Z
36,0x000a,2.15889,0x00000000,2025-12-14T15:31:44.990Z,2025-12-14T15:31:44.990Z
35,0x000a,1.55076,0x00000000,2025-12-14T15:31:44.990Z,2025-12-14T15:31:44.990Z
34,0x000a,-1.39404,0x00000000,2025-12-14T15:31:44.990Z,2025-12-14T15:31:44.990Z
26,0x000a,6.27966,0x00000000,2025-12-14T15:31:44.990Z,2025-12-14T15:31:44.990Z
25,0x000a,4.86979,0x00000000,2025-12-14T15:31:44.990Z,2025-12-14T15:31:44.990Z
24,0x000a,7.27973,0x00000000,2025-12-14T15:31:44.990Z,2025-12-14T15:31:44.990Z
23,0x000a,2.15889,0x00000000,2025-12-14T15:31:44.990Z,2025-12-14T15:31:44.990Z
22,0x000a,1.55076,0x00000000,2025-12-14T15:31:44.990Z,2025-12-14T15:31:44.990Z
21,0x000a,-1.39404,0x00000000,2025-12-14T15:31:44.990Z,2025-12-14T15:31:44.990Z
17,0x0001,false,0x00000000,2025-12-14T15:31:44.990Z,2025-12-14T15:31:44.990Z
8,0x0004,17362,0x00000000,2025-12-14T15:31:44.990Z,2025-12-14T15:31:44.990Z
7,0x0004,13464,0x00000000,2025-12-14T15:31:44.990Z,2025-12-14T15:31:44.990Z
6,0x0004,20127,0x00000000,2025-12-14T15:31:44.990Z,2025-12-14T15:31:44.990Z
39,0x000a,2.59693,0x00000000,2025-12-14T15:31:45.090Z,2025-12-14T15:31:45.090Z
38,0x000a,1.89887,0x00000000,2025-12-14T15:31:45.090Z,2025-12-14T15:31:45.090Z
37,0x000a,-1.60229,0x00000000,2025-12-14T15:31:45.090Z,2025-12-14T15:31:45.090Z
26,0x000a,6.4898,0x00000000,2025-12-14T15:31:45.090Z,2025-12-14T15:31:45.090Z
25,0x000a,5.01989,0x00000000,2025-12-14T15:31:45.090Z,2025-12-14T15:31:45.090Z
8,0x0004,17943,0x00000000,2025-12-14T15:31:45.090Z,2025-12-14T15:31:45.090Z
7,0x0004,13879,0x00000000,2025-12-14T15:31:45.090Z,2025-12-14T15:31:45.090Z
39,0x000a,2.10142,0x00000000,2025-12-14T15:31:45.189Z,2025-12-14T15:31:45.189Z
38,0x000a,1.50101,0x00000000,2025-12-14T15:31:45.189Z,2025-12-14T15:31:45.189Z
37,0x000a,0,0x00000000,2025-12-14T15:31:45.189Z,2025-12-14T15:31:45.189Z
36,0x000a,2.37791,0x00000000,2025-12-14T15:31:45.189Z,2025-12-14T15:31:45.189Z
35,0x000a,1.72482,0x00000000,2025-12-14T15:31:45.189Z,2025-12-14T15:31:45.189Z
34,0x000a,-1.49816,0x00000000,2025-12-14T15:31:45.189Z,2025-12-14T15:31:45.189Z
26,0x000a,6.57986,0x00000000,2025-12-14T15:31:45.189Z,2025-12-14T15:31:45.189Z
25,0x000a,5.16999,0x00000000,2025-12-14T15:31:45.189Z,2025-12-14T15:31:45.189Z
23,0x000a,2.37791,0x00000000,2025-12-14T15:31:45.189Z,2025-12-14T15:31:45.189Z
22,0x000a,1.72482,0x00000000,2025-12-14T15:31:45.189Z,2025-12-14T15:31:45.189Z
21,0x000a,-1.49816,0x00000000,2025-12-14T15:31:45.189Z,2025-12-14T15:31:45.189Z
8,0x0004,18192,0x00000000,2025-12-14T15:31:45.189Z,2025-12-14T15:31:45.189Z
7,0x0004,14294,0x00000000,2025-12-14T15:31:45.189Z,2025-12-14T15:31:45.189Z
40,0x0001,true,0x00000000,2025-12-14T15:31:45.290Z,2025-12-14T15:31:45.290Z
39,0x000a,0.900607,0x00000000,2025-12-14T15:31:45.290Z,2025-12-14T15:31:45.290Z
38,0x000a,1.50102,0x00000000,2025-12-14T15:31:45.290Z,2025-12-14T15:31:45.290Z
36,0x000a,2.23967,0x00000000,2025-12-14T15:31:45.290Z,2025-12-14T15:31:45.290Z
35,0x000a,1.61291,0x00000000,2025-12-14T15:31:45.290Z,2025-12-14T15:31:45.290Z
34,0x000a,-0.749082,0x00000000,2025-12-14T15:31:45.290Z,2025-12-14T15:31:45.290Z
25,0x000a,5.32986,0x00000000,2025-12-14T15:31:45.290Z,2025-12-14T15:31:45.290Z
23,0x000a,2.23967,0x00000000,2025-12-14T15:31:45.290Z,2025-12-14T15:31:45.290Z
22,0x000a,1.61291,0x00000000,2025-12-14T15:31:45.290Z,2025-12-14T15:31:45.290Z
21,0x000a,-0.749082,0x00000000,2025-12-14T15:31:45.290Z,2025-12-14T15:31:45.290Z
7,0x0004,14736,0x00000000,2025-12-14T15:31:45.290Z,2025-12-14T15:31:45.290Z
39,0x000a,0,0x00000000,2025-12-14T15:31:45.389Z,2025-12-14T15:31:45.389Z
38,0x000a,3.09968,0x00000000,2025-12-14T15:31:45.389Z,2025-12-14T15:31:45.389Z
36,0x000a,1.57014,0x00000000,2025-12-14T15:31:45.389Z,2025-12-14T15:31:45.389Z
35,0x000a,1.55697,0x00000000,2025-12-14T15:31:45.389Z,2025-12-14T15:31:45.389Z
34,0x000a,-0.374541,0x00000000,2025-12-14T15:31:45.389Z,2025-12-14T15:31:45.389Z
25,0x000a,5.47996,0x00000000,2025-12-14T15:31:45.389Z,2025-12-14T15:31:45.389Z
23,0x000a,1.57014,0x00000000,2025-12-14T15:31:45.389Z,2025-12-14T15:31:45.389Z
22,0x000a,1.55697,0x00000000,2025-12-14T15:31:45.389Z,2025-12-14T15:31:45.389Z
21,0x000a,-0.374541,0x00000000,2025-12-14T15:31:45.389Z,2025-12-14T15:31:45.389Z
7,0x0004,15151,0x00000000,2025-12-14T15:31:45.389Z,2025-12-14T15:31:45.389Z
42,0x0001,true,0x00000000,2025-12-14T15:31:45.489Z,2025-12-14T15:31:45.489Z
38,0x000a,1.7976,0x00000000,2025-12-14T15:31:45.489Z,2025-12-14T15:31:45.489Z
36,0x000a,0.785068,0x00000000,2025-12-14T15:31:45.489Z,2025-12-14T15:31:45.489Z
35,0x000a,2.32832,0x00000000,2025-12-14T15:31:45.489Z,2025-12-14T15:31:45.489Z
34,0x000a,-0.18727,0x00000000,2025-12-14T15:31:45.489Z,2025-12-14T15:31:45.489Z
25,0x000a,5.65972,0x00000000,2025-12-14T15:31:45.489Z,2025-12-14T15:31:45.489Z
23,0x000a,0.785068,0x00000000,2025-12-14T15:31:45.489Z,2025-12-14T15:31:45.489Z
22,0x000a,2.32832,0x00000000,2025-12-14T15:31:45.489Z,2025-12-14T15:31:45.489Z
21,0x000a,-0.18727,0x00000000,2025-12-14T15:31:45.489Z,2025-12-14T15:31:45.489Z
7,0x0004,15648,0x00000000,2025-12-14T15:31:45.489Z,2025-12-14T15:31:45.489Z
38,0x000a,1.60228,0x00000000,2025-12-14T15:31:45.589Z,2025-12-14T15:31:45.589Z
36,0x000a,0.392534,0x00000000,2025-12-14T15:31:45.589Z,2025-12-14T15:31:45.589Z
35,0x000a,2.06296,0x00000000,2025-12-14T15:31:45.589Z,2025-12-14T15:31:45.589Z
34,0x000a,-0.0936352,0x00000000,2025-12-14T15:31:45.589Z,2025-12-14T15:31:45.589Z
25,0x000a,5.81995,0x00000000,2025-12-14T15:31:45.589Z,2025-12-14T15:31:45.589Z
23,0x000a,0.392534,0x00000000,2025-12-14T15:31:45.589Z,2025-12-14T15:31:45.589Z
22,0x000a,2.06296,0x00000000,2025-12-14T15:31:45.589Z,2025-12-14T15:31:45.589Z
21,0x000a,-0.0936352,0x00000000,2025-12-14T15:31:45.589Z,2025-12-14T15:31:45.589Z
7,0x0004,16091,0x00000000,2025-12-14T15:31:45.589Z,2025-12-14T15:31:45.589Z
38,0x000a,1.4974,0x00000000,2025-12-14T15:31:45.690Z,2025-12-14T15:31:45.690Z
36,0x000a,0.196267,0x00000000,2025-12-14T15:31:45.690Z,2025-12-14T15:31:45.690Z
35,0x000a,1.83262,0x00000000,2025-12-14T15:31:45.690Z,2025-12-14T15:31:45.690Z
34,0x000a,-0.0468176,0x00000000,2025-12-14T15:31:45.690Z,2025-12-14T15:31:45.690Z
25,0x000a,5.96969,0x00000000,2025-12-14T15:31:45.690Z,2025-12-14T15:31:45.690Z
23,0x000a,0.196267,0x00000000,2025-12-14T15:31:45.690Z,2025-12-14T15:31:45.690Z
22,0x000a,1.83262,0x00000000,2025-12-14T15:31:45.690Z,2025-12-14T15:31:45.690Z
21,0x000a,-0.0468176,0x00000000,2025-12-14T15:31:45.690Z,2025-12-14T15:31:45.690Z
7,0x0004,16505,0x00000000,2025-12-14T15:31:45.690Z,2025-12-14T15:31:45.690Z
36,0x000a,0.0981335,0x00000000,2025-12-14T15:31:45.789Z,2025-12-14T15:31:45.789Z
35,0x000a,1.66501,0x00000000,2025-12-14T15:31:45.789Z,2025-12-14T15:31:45.789Z
34,0x000a,-0.0234088,0x00000000,2025-12-14T15:31:45.789Z,2025-12-14T15:31:45.789Z
25,0x000a,6.11979,0x00000000,2025-12-14T15:31:45.789Z,2025-12-14T15:31:45.789Z
23,0x000a,0.0981335,0x00000000,2025-12-14T15:31:45.789Z,2025-12-14T15:31:45.789Z
22,0x000a,1.66501,0x00000000,2025-12-14T15:31:45.789Z,2025-12-14T15:31:45.789Z
21,0x000a,-0.0234088,0x00000000,2025-12-14T15:31:45.789Z,2025-12-14T15:31:45.789Z
7,0x0004,16920,0x00000000,2025-12-14T15:31:45.789Z,2025-12-14T15:31:45.789Z
38,0x000a,1.50101,0x00000000,2025-12-14T15:31:45.890Z,2025-12-14T15:31:45.890Z
25,0x000a,6.27966,0x00000000,2025-12-14T15:31:45.890Z,2025-12-14T15:31:45.890Z
7,0x0004,17362,0x00000000,2025-12-14T15:31:45.890Z,2025-12-14T15:31:45.890Z
38,0x000a,1.59867,0x00000000,2025-12-14T15:31:45.990Z,2025-12-14T15:31:45.990Z
36,0x000a,0.0490668,0x00000000,2025-12-14T15:31:45.990Z,2025-12-14T15:31:45.990Z
35,0x000a,1.58301,0x00000000,2025-12-14T15:31:45.990Z,2025-12-14T15:31:45.990Z
34,0x000a,-0.0117044,0x00000000,2025-12-14T15:31:45.990Z,2025-12-14T15:31:45.990Z
25,0x000a,6.45978,0x00000000,2025-12-14T15:31:45.990Z,2025-12-14T15:31:45.990Z
23,0x000a,0.0490668,0x00000000,2025-12-14T15:31:45.990Z,2025-12-14T15:31:45.990Z
22,0x000a,1.58301,0x00000000,2025-12-14T15:31:45.990Z,2025-12-14T15:31:45.990Z
21,0x000a,-0.0117044,0x00000000,2025-12-14T15:31:45.990Z,2025-12-14T15:31:45.990Z
7,0x0004,17860,0x00000000,2025-12-14T15:31:45.990Z,2025-12-14T15:31:45.990Z
38,0x000a,1.80122,0x00000000,2025-12-14T15:31:46.089Z,2025-12-14T15:31:46.089Z
36,0x000a,0.0245334,0x00000000,2025-12-14T15:31:46.089Z,2025-12-14T15:31:46.089Z
35,0x000a,1.59084,0x00000000,2025-12-14T15:31:46.089Z,2025-12-14T15:31:46.089Z
34,0x000a,-0.0058522,0x00000000,2025-12-14T15:31:46.089Z,2025-12-14T15:31:46.089Z
25,0x000a,6.60988,0x00000000,2025-12-14T15:31:46.089Z,2025-12-14T15:31:46.089Z
23,0x000a,0.0245334,0x00000000,2025-12-14T15:31:46.089Z,2025-12-14T15:31:46.089Z
22,0x000a,1.59084,0x00000000,2025-12-14T15:31:46.089Z,2025-12-14T15:31:46.089Z
21,0x000a,-0.0058522,0x00000000,2025-12-14T15:31:46.089Z,2025-12-14T15:31:46.089Z
7,0x0004,18275,0x00000000,2025-12-14T15:31:46.089Z,2025-12-14T15:31:46.089Z
38,0x000a,1.50101,0x00000000,2025-12-14T15:31:46.189Z,2025-12-14T15:31:46.189Z
36,0x000a,0.0122667,0x00000000,2025-12-14T15:31:46.189Z,2025-12-14T15:31:46.189Z
35,0x000a,1.69603,0x00000000,2025-12-14T15:31:46.189Z,2025-12-14T15:31:46.189Z
34,0x000a,-0.0029261,0x00000000,2025-12-14T15:31:46.189Z,2025-12-14T15:31:46.189Z
25,0x000a,6.76975,0x00000000,2025-12-14T15:31:46.189Z,2025-12-14T15:31:46.189Z
23,0x000a,0.0122667,0x00000000,2025-12-14T15:31:46.189Z,2025-12-14T15:31:46.189Z
22,0x000a,1.69603,0x00000000,2025-12-14T15:31:46.189Z,2025-12-14T15:31:46.189Z
21,0x000a,-0.0029261,0x00000000,2025-12-14T15:31:46.189Z,2025-12-14T15:31:46.189Z
7,0x0004,18717,0x00000000,2025-12-14T15:31:46.189Z,2025-12-14T15:31:46.189Z
38,0x000a,1.59867,0x00000000,2025-12-14T15:31:46.288Z,2025-12-14T15:31:46.288Z
36,0x000a,0.00613335,0x00000000,2025-12-14T15:31:46.288Z,2025-12-14T15:31:46.288Z
35,0x000a,1.59852,0x00000000,2025-12-14T15:31:46.288Z,2025-12-14T15:31:46.288Z
34,0x000a,-0.00146305,0x00000000,2025-12-14T15:31:46.288Z,2025-12-14T15:31:46.288Z
25,0x000a,6.91985,0x00000000,2025-12-14T15:31:46.288Z,2025-12-14T15:31:46.288Z
23,0x000a,0.00613335,0x00000000,2025-12-14T15:31:46.288Z,2025-12-14T15:31:46.288Z
22,0x000a,1.59852,0x00000000,2025-12-14T15:31:46.288Z,2025-12-14T15:31:46.288Z
21,0x000a,-0.00146305,0x00000000,2025-12-14T15:31:46.288Z,2025-12-14T15:31:46.288Z
7,0x0004,19132,0x00000000,2025-12-14T15:31:46.288Z,2025-12-14T15:31:46.288Z
38,0x000a,1.50101,0x00000000,2025-12-14T15:31:46.390Z,2025-12-14T15:31:46.390Z
36,0x000a,0.00306667,0x00000000,2025-12-14T15:31:46.390Z,2025-12-14T15:31:46.390Z
35,0x000a,1.59859,0x00000000,2025-12-14T15:31:46.390Z,2025-12-14T15:31:46.390Z
34,0x000a,-0.000731525,0x00000000,2025-12-14T15:31:46.390Z,2025-12-14T15:31:46.390Z
25,0x000a,7.06995,0x00000000,2025-12-14T15:31:46.390Z,2025-12-14T15:31:46.390Z
23,0x000a,0.00306667,0x00000000,2025-12-14T15:31:46.390Z,2025-12-14T15:31:46.390Z
22,0x000a,1.59859,0x00000000,2025-12-14T15:31:46.390Z,2025-12-14T15:31:46.390Z
21,0x000a,-0.000731525,0x00000000,2025-12-14T15:31:46.390Z,2025-12-14T15:31:46.390Z
7,0x0004,19547,0x00000000,2025-12-14T15:31:46.390Z,2025-12-14T15:31:46.390Z
38,0x000a,3.09968,0x00000000,2025-12-14T15:31:46.487Z,2025-12-14T15:31:46.487Z
38,0x000a,1.50102,0x00000000,2025-12-14T15:31:46.590Z,2025-12-14T15:31:46.590Z
36,0x000a,0.00153334,0x00000000,2025-12-14T15:31:46.487Z,2025-12-14T15:31:46.487Z
36,0x000a,0.000766668,0x00000000,2025-12-14T15:31:46.590Z,2025-12-14T15:31:46.590Z
35,0x000a,1.5498,0x00000000,2025-12-14T15:31:46.487Z,2025-12-14T15:31:46.487Z
35,0x000a,2.32474,0x00000000,2025-12-14T15:31:46.590Z,2025-12-14T15:31:46.590Z
34,0x000a,-0.000365763,0x00000000,2025-12-14T15:31:46.487Z,2025-12-14T15:31:46.487Z
34,0x000a,-0.000182881,0x00000000,2025-12-14T15:31:46.590Z,2025-12-14T15:31:46.590Z
25,0x000a,7.22982,0x00000000,2025-12-14T15:31:46.487Z,2025-12-14T15:31:46.487Z
25,0x000a,7.37992,0x00000000,2025-12-14T15:31:46.590Z,2025-12-14T15:31:46.590Z
23,0x000a,0.00153334,0x00000000,2025-12-14T15:31:46.487Z,2025-12-14T15:31:46.487Z
23,0x000a,0.000766668,0x00000000,2025-12-14T15:31:46.590Z,2025-12-14T15:31:46.590Z
22,0x000a,1.5498,0x00000000,2025-12-14T15:31:46.487Z,2025-12-14T15:31:46.487Z
22,0x000a,2.32474,0x00000000,2025-12-14T15:31:46.590Z,2025-12-14T15:31:46.590Z
21,0x000a,-0.000365763,0x00000000,2025-12-14T15:31:46.487Z,2025-12-14T15:31:46.487Z
21,0x000a,-0.000182881,0x00000000,2025-12-14T15:31:46.590Z,2025-12-14T15:31:46.590Z
7,0x0004,19989,0x00000000,2025-12-14T15:31:46.487Z,2025-12-14T15:31:46.487Z
7,0x0004,20404,0x00000000,2025-12-14T15:31:46.590Z,2025-12-14T15:31:46.590Z
25,0x000a,7.55968,0x00000000,2025-12-14T15:31:46.690Z,2025-12-14T15:31:46.690Z
7,0x0004,20901,0x00000000,2025-12-14T15:31:46.690Z,2025-12-14T15:31:46.690Z
38,0x000a,1.7976,0x00000000,2025-12-14T15:31:46.789Z,2025-12-14T15:31:46.789Z
36,0x000a,0.000383334,0x00000000,2025-12-14T15:31:46.789Z,2025-12-14T15:31:46.789Z
35,0x000a,1.91288,0x00000000,2025-12-14T15:31:46.789Z,2025-12-14T15:31:46.789Z
34,0x000a,-9.14406e-05,0x00000000,2025-12-14T15:31:46.789Z,2025-12-14T15:31:46.789Z
25,0x000a,7.71991,0x00000000,2025-12-14T15:31:46.789Z,2025-12-14T15:31:46.789Z
23,0x000a,0.000383334,0x00000000,2025-12-14T15:31:46.789Z,2025-12-14T15:31:46.789Z
22,0x000a,1.91288,0x00000000,2025-12-14T15:31:46.789Z,2025-12-14T15:31:46.789Z
21,0x000a,-9.14406e-05,0x00000000,2025-12-14T15:31:46.789Z,2025-12-14T15:31:46.789Z
7,0x0004,21344,0x00000000,2025-12-14T15:31:46.789Z,2025-12-14T15:31:46.789Z
38,0x000a,1.60229,0x00000000,2025-12-14T15:31:46.889Z,2025-12-14T15:31:46.889Z
36,0x000a,0.000191667,0x00000000,2025-12-14T15:31:46.889Z,2025-12-14T15:31:46.889Z
35,0x000a,1.85524,0x00000000,2025-12-14T15:31:46.889Z,2025-12-14T15:31:46.889Z
34,0x000a,-4.57203e-05,0x00000000,2025-12-14T15:31:46.889Z,2025-12-14T15:31:46.889Z
23,0x000a,0.000191667,0x00000000,2025-12-14T15:31:46.889Z,2025-12-14T15:31:46.889Z
22,0x000a,1.85524,0x00000000,2025-12-14T15:31:46.889Z,2025-12-14T15:31:46.889Z
21,0x000a,-4.57203e-05,0x00000000,2025-12-14T15:31:46.889Z,2025-12-14T15:31:46.889Z
38,0x000a,1.4974,0x00000000,2025-12-14T15:31:46.988Z,2025-12-14T15:31:46.988Z
36,0x000a,9.58335e-05,0x00000000,2025-12-14T15:31:46.988Z,2025-12-14T15:31:46.988Z
35,0x000a,1.72876,0x00000000,2025-12-14T15:31:46.988Z,2025-12-14T15:31:46.988Z
34,0x000a,-2.28602e-05,0x00000000,2025-12-14T15:31:46.988Z,2025-12-14T15:31:46.988Z
25,0x000a,7.86965,0x00000000,2025-12-14T15:31:46.988Z,2025-12-14T15:31:46.988Z
23,0x000a,9.58335e-05,0x00000000,2025-12-14T15:31:46.988Z,2025-12-14T15:31:46.988Z
22,0x000a,1.72876,0x00000000,2025-12-14T15:31:46.988Z,2025-12-14T15:31:46.988Z
21,0x000a,-2.28602e-05,0x00000000,2025-12-14T15:31:46.988Z,2025-12-14T15:31:46.988Z
7,0x0004,21758,0x00000000,2025-12-14T15:31:46.988Z,2025-12-14T15:31:46.988Z
38,0x000a,1.50101,0x00000000,2025-12-14T15:31:47.089Z,2025-12-14T15:31:47.089Z
36,0x000a,4.79168e-05,0x00000000,2025-12-14T15:31:47.089Z,2025-12-14T15:31:47.089Z
35,0x000a,1.61308,0x00000000,2025-12-14T15:31:47.089Z,2025-12-14T15:31:47.089Z
34,0x000a,-1.14301e-05,0x00000000,2025-12-14T15:31:47.089Z,2025-12-14T15:31:47.089Z
25,0x000a,8.01975,0x00000000,2025-12-14T15:31:47.089Z,2025-12-14T15:31:47.089Z
23,0x000a,4.79168e-05,0x00000000,2025-12-14T15:31:47.089Z,2025-12-14T15:31:47.089Z
22,0x000a,1.61308,0x00000000,2025-12-14T15:31:47.089Z,2025-12-14T15:31:47.089Z
21,0x000a,-1.14301e-05,0x00000000,2025-12-14T15:31:47.089Z,2025-12-14T15:31:47.089Z
15,0x0001,false,0x00000000,2025-12-14T15:31:47.089Z,2025-12-14T15:31:47.089Z
7,0x0004,22173,0x00000000,2025-12-14T15:31:47.089Z,2025-12-14T15:31:47.089Z
38,0x000a,1.60229,0x00000000,2025-12-14T15:31:47.189Z,2025-12-14T15:31:47.189Z
36,0x000a,2.39584e-05,0x00000000,2025-12-14T15:31:47.189Z,2025-12-14T15:31:47.189Z
35,0x000a,1.55704,0x00000000,2025-12-14T15:31:47.189Z,2025-12-14T15:31:47.189Z
34,0x000a,-5.71504e-06,0x00000000,2025-12-14T15:31:47.189Z,2025-12-14T15:31:47.189Z
25,0x000a,8.17998,0x00000000,2025-12-14T15:31:47.189Z,2025-12-14T15:31:47.189Z
23,0x000a,2.39584e-05,0x00000000,2025-12-14T15:31:47.189Z,2025-12-14T15:31:47.189Z
22,0x000a,1.55704,0x00000000,2025-12-14T15:31:47.189Z,2025-12-14T15:31:47.189Z
21,0x000a,-5.71504e-06,0x00000000,2025-12-14T15:31:47.189Z,2025-12-14T15:31:47.189Z
7,0x0004,22616,0x00000000,2025-12-14T15:31:47.189Z,2025-12-14T15:31:47.189Z
38,0x000a,0.896997,0x00000000,2025-12-14T15:31:47.290Z,2025-12-14T15:31:47.290Z
36,0x000a,1.19792e-05,0x00000000,2025-12-14T15:31:47.290Z,2025-12-14T15:31:47.290Z
35,0x000a,1.57967,0x00000000,2025-12-14T15:31:47.290Z,2025-12-14T15:31:47.290Z
34,0x000a,-2.85752e-06,0x00000000,2025-12-14T15:31:47.290Z,2025-12-14T15:31:47.290Z
25,0x000a,8.26968,0x00000000,2025-12-14T15:31:47.290Z,2025-12-14T15:31:47.290Z
23,0x000a,1.19792e-05,0x00000000,2025-12-14T15:31:47.290Z,2025-12-14T15:31:47.290Z
22,0x000a,1.57967,0x00000000,2025-12-14T15:31:47.290Z,2025-12-14T15:31:47.290Z
21,0x000a,-2.85752e-06,0x00000000,2025-12-14T15:31:47.290Z,2025-12-14T15:31:47.290Z
7,0x0004,22864,0x00000000,2025-12-14T15:31:47.290Z,2025-12-14T15:31:47.290Z
38,0x000a,0,0x00000000,2025-12-14T15:31:47.390Z,2025-12-14T15:31:47.390Z
36,0x000a,5.9896e-06,0x00000000,2025-12-14T15:31:47.390Z,2025-12-14T15:31:47.390Z
35,0x000a,1.23833,0x00000000,2025-12-14T15:31:47.390Z,2025-12-14T15:31:47.390Z
34,0x000a,-1.42876e-06,0x00000000,2025-12-14T15:31:47.390Z,2025-12-14T15:31:47.390Z
23,0x000a,5.9896e-06,0x00000000,2025-12-14T15:31:47.390Z,2025-12-14T15:31:47.390Z
22,0x000a,1.23833,0x00000000,2025-12-14T15:31:47.390Z,2025-12-14T15:31:47.390Z
21,0x000a,-1.42876e-06,0x00000000,2025-12-14T15:31:47.390Z,2025-12-14T15:31:47.390Z
36,0x000a,2.9948e-06,0x00000000,2025-12-14T15:31:47.490Z,2025-12-14T15:31:47.490Z
35,0x000a,0.619166,0x00000000,2025-12-14T15:31:47.490Z,2025-12-14T15:31:47.490Z
34,0x000a,-7.1438e-07,0x00000000,2025-12-14T15:31:47.490Z,2025-12-14T15:31:47.490Z
23,0x000a,2.9948e-06,0x00000000,2025-12-14T15:31:47.490Z,2025-12-14T15:31:47.490Z
22,0x000a,0.619166,0x00000000,2025-12-14T15:31:47.490Z,2025-12-14T15:31:47.490Z
21,0x000a,-7.1438e-07,0x00000000,2025-12-14T15:31:47.490Z,2025-12-14T15:31:47.490Z
42,0x0001,false,0x00000000,2025-12-14T15:31:47.588Z,2025-12-14T15:31:47.588Z
40,0x0001,false,0x00000000,2025-12-14T15:31:47.588Z,2025-12-14T15:31:47.588Z
18,0x0001,true,0x00000000,2025-12-14T15:31:47.588Z,2025-12-14T15:31:47.588Z
16,0x0001,true,0x00000000,2025-12-14T15:31:47.588Z,2025-12-14T15:31:47.588Z
14,0x0001,true,0x00000000,2025-12-14T15:31:47.588Z,2025-12-14T15:31:47.588Z
4,0x000a,4.2,0x00000000,2025-12-14T15:31:47.588Z,2025-12-14T15:31:47.588Z
3,0x000a,3.8,0x00000000,2025-12-14T15:31:47.588Z,2025-12-14T15:31:47.588Z
2,0x000a,4.5,0x00000000,2025-12-14T15:31:47.588Z,2025-12-14T15:31:47.588Z
36,0x000a,1.4974e-06,0x00000000,2025-12-14T15:31:47.688Z,2025-12-14T15:31:47.688Z
35,0x000a,0.309583,0x00000000,2025-12-14T15:31:47.688Z,2025-12-14T15:31:47.688Z
34,0x000a,-3.5719e-07,0x00000000,2025-12-14T15:31:47.688Z,2025-12-14T15:31:47.688Z
23,0x000a,1.4974e-06,0x00000000,2025-12-14T15:31:47.688Z,2025-12-14T15:31:47.688Z
22,0x000a,0.309583,0x00000000,2025-12-14T15:31:47.688Z,2025-12-14T15:31:47.688Z
21,0x000a,-3.5719e-07,0x00000000,2025-12-14T15:31:47.688Z,2025-12-14T15:31:47.688Z
39,0x000a,-0.799336,0x00000000,2025-12-14T15:31:47.788Z,2025-12-14T15:31:47.788Z
38,0x000a,-0.896997,0x00000000,2025-12-14T15:31:47.788Z,2025-12-14T15:31:47.788Z
37,0x000a,-1.69994,0x00000000,2025-12-14T15:31:47.788Z,2025-12-14T15:31:47.788Z
36,0x000a,7.487e-07,0x00000000,2025-12-14T15:31:47.788Z,2025-12-14T15:31:47.788Z
35,0x000a,0.154791,0x00000000,2025-12-14T15:31:47.788Z,2025-12-14T15:31:47.788Z
34,0x000a,-1.78595e-07,0x00000000,2025-12-14T15:31:47.788Z,2025-12-14T15:31:47.788Z
26,0x000a,6.49993,0x00000000,2025-12-14T15:31:47.788Z,2025-12-14T15:31:47.788Z
25,0x000a,8.17998,0x00000000,2025-12-14T15:31:47.788Z,2025-12-14T15:31:47.788Z
24,0x000a,7.10974,0x00000000,2025-12-14T15:31:47.788Z,2025-12-14T15:31:47.788Z
23,0x000a,7.487e-07,0x00000000,2025-12-14T15:31:47.788Z,2025-12-14T15:31:47.788Z
22,0x000a,0.154791,0x00000000,2025-12-14T15:31:47.788Z,2025-12-14T15:31:47.788Z
21,0x000a,-1.78595e-07,0x00000000,2025-12-14T15:31:47.788Z,2025-12-14T15:31:47.788Z
8,0x0004,17971,0x00000000,2025-12-14T15:31:47.788Z,2025-12-14T15:31:47.788Z
7,0x0004,22616,0x00000000,2025-12-14T15:31:47.788Z,2025-12-14T15:31:47.788Z
6,0x0004,19657,0x00000000,2025-12-14T15:31:47.788Z,2025-12-14T15:31:47.788Z
39,0x000a,-2.10142,0x00000000,2025-12-14T15:31:47.888Z,2025-12-14T15:31:47.888Z
38,0x000a,-1.60229,0x00000000,2025-12-14T15:31:47.888Z,2025-12-14T15:31:47.888Z
37,0x000a,-2.69821,0x00000000,2025-12-14T15:31:47.888Z,2025-12-14T15:31:47.888Z
36,0x000a,-0.399668,0x00000000,2025-12-14T15:31:47.888Z,2025-12-14T15:31:47.888Z
35,0x000a,-0.371103,0x00000000,2025-12-14T15:31:47.888Z,2025-12-14T15:31:47.888Z
34,0x000a,-0.849972,0x00000000,2025-12-14T15:31:47.888Z,2025-12-14T15:31:47.888Z
26,0x000a,6.28979,0x00000000,2025-12-14T15:31:47.888Z,2025-12-14T15:31:47.888Z
25,0x000a,8.01975,0x00000000,2025-12-14T15:31:47.888Z,2025-12-14T15:31:47.888Z
24,0x000a,6.83992,0x00000000,2025-12-14T15:31:47.888Z,2025-12-14T15:31:47.888Z
23,0x000a,-0.399668,0x00000000,2025-12-14T15:31:47.888Z,2025-12-14T15:31:47.888Z
22,0x000a,-0.371103,0x00000000,2025-12-14T15:31:47.888Z,2025-12-14T15:31:47.888Z
21,0x000a,-0.849972,0x00000000,2025-12-14T15:31:47.888Z,2025-12-14T15:31:47.888Z
8,0x0004,17390,0x00000000,2025-12-14T15:31:47.888Z,2025-12-14T15:31:47.888Z
7,0x0004,22173,0x00000000,2025-12-14T15:31:47.888Z,2025-12-14T15:31:47.888Z
6,0x0004,18911,0x00000000,2025-12-14T15:31:47.888Z,2025-12-14T15:31:47.888Z
38,0x000a,-1.50101,0x00000000,2025-12-14T15:31:47.989Z,2025-12-14T15:31:47.989Z
37,0x000a,-2.79948,0x00000000,2025-12-14T15:31:47.989Z,2025-12-14T15:31:47.989Z
36,0x000a,-1.25054,0x00000000,2025-12-14T15:31:47.989Z,2025-12-14T15:31:47.989Z
35,0x000a,-0.986695,0x00000000,2025-12-14T15:31:47.989Z,2025-12-14T15:31:47.989Z
34,0x000a,-1.77409,0x00000000,2025-12-14T15:31:47.989Z,2025-12-14T15:31:47.989Z
26,0x000a,6.07964,0x00000000,2025-12-14T15:31:47.989Z,2025-12-14T15:31:47.989Z
25,0x000a,7.86965,0x00000000,2025-12-14T15:31:47.989Z,2025-12-14T15:31:47.989Z
24,0x000a,6.55997,0x00000000,2025-12-14T15:31:47.989Z,2025-12-14T15:31:47.989Z
23,0x000a,-1.25054,0x00000000,2025-12-14T15:31:47.989Z,2025-12-14T15:31:47.989Z
22,0x000a,-0.986695,0x00000000,2025-12-14T15:31:47.989Z,2025-12-14T15:31:47.989Z
21,0x000a,-1.77409,0x00000000,2025-12-14T15:31:47.989Z,2025-12-14T15:31:47.989Z
8,0x0004,16809,0x00000000,2025-12-14T15:31:47.989Z,2025-12-14T15:31:47.989Z
7,0x0004,21758,0x00000000,2025-12-14T15:31:47.989Z,2025-12-14T15:31:47.989Z
6,0x0004,18137,0x00000000,2025-12-14T15:31:47.989Z,2025-12-14T15:31:47.989Z
39,0x000a,-2.59694,0x00000000,2025-12-14T15:31:48.089Z,2025-12-14T15:31:48.089Z
38,0x000a,-1.7976,0x00000000,2025-12-14T15:31:48.089Z,2025-12-14T15:31:48.089Z
37,0x000a,-3.30223,0x00000000,2025-12-14T15:31:48.089Z,2025-12-14T15:31:48.089Z
36,0x000a,-1.67598,0x00000000,2025-12-14T15:31:48.089Z,2025-12-14T15:31:48.089Z
35,0x000a,-1.24385,0x00000000,2025-12-14T15:31:48.089Z,2025-12-14T15:31:48.089Z
34,0x000a,-2.28678,0x00000000,2025-12-14T15:31:48.089Z,2025-12-14T15:31:48.089Z
26,0x000a,5.81995,0x00000000,2025-12-14T15:31:48.089Z,2025-12-14T15:31:48.089Z
25,0x000a,7.68989,0x00000000,2025-12-14T15:31:48.089Z,2025-12-14T15:31:48.089Z
24,0x000a,6.22975,0x00000000,2025-12-14T15:31:48.089Z,2025-12-14T15:31:48.089Z
23,0x000a,-1.67598,0x00000000,2025-12-14T15:31:48.089Z,2025-12-14T15:31:48.089Z
22,0x000a,-1.24385,0x00000000,2025-12-14T15:31:48.089Z,2025-12-14T15:31:48.089Z
21,0x000a,-2.28678,0x00000000,2025-12-14T15:31:48.089Z,2025-12-14T15:31:48.089Z
8,0x0004,16091,0x00000000,2025-12-14T15:31:48.089Z,2025-12-14T15:31:48.089Z
7,0x0004,21261,0x00000000,2025-12-14T15:31:48.089Z,2025-12-14T15:31:48.089Z
6,0x0004,17224,0x00000000,2025-12-14T15:31:48.089Z,2025-12-14T15:31:48.089Z
39,0x000a,-2.10142,0x00000000,2025-12-14T15:31:48.190Z,2025-12-14T15:31:48.190Z
38,0x000a,-1.60229,0x00000000,2025-12-14T15:31:48.190Z,2025-12-14T15:31:48.190Z
37,0x000a,-2.69821,0x00000000,2025-12-14T15:31:48.190Z,2025-12-14T15:31:48.190Z
36,0x000a,-2.13646,0x00000000,2025-12-14T15:31:48.190Z,2025-12-14T15:31:48.190Z
36,0x000a,-2.11894,0x00000000,2025-12-14T15:31:48.288Z,2025-12-14T15:31:48.288Z
35,0x000a,-1.52073,0x00000000,2025-12-14T15:31:48.190Z,2025-12-14T15:31:48.190Z
35,0x000a,-1.56151,0x00000000,2025-12-14T15:31:48.288Z,2025-12-14T15:31:48.288Z
34,0x000a,-2.7945,0x00000000,2025-12-14T15:31:48.190Z,2025-12-14T15:31:48.190Z
34,0x000a,-2.74636,0x00000000,2025-12-14T15:31:48.288Z,2025-12-14T15:31:48.288Z
26,0x000a,5.60981,0x00000000,2025-12-14T15:31:48.190Z,2025-12-14T15:31:48.190Z
26,0x000a,5.3899,0x00000000,2025-12-14T15:31:48.288Z,2025-12-14T15:31:48.288Z
25,0x000a,7.52966,0x00000000,2025-12-14T15:31:48.190Z,2025-12-14T15:31:48.190Z
25,0x000a,7.37992,0x00000000,2025-12-14T15:31:48.288Z,2025-12-14T15:31:48.288Z
24,0x000a,5.95992,0x00000000,2025-12-14T15:31:48.190Z,2025-12-14T15:31:48.190Z
24,0x000a,5.67998,0x00000000,2025-12-14T15:31:48.288Z,2025-12-14T15:31:48.288Z
23,0x000a,-2.13646,0x00000000,2025-12-14T15:31:48.190Z,2025-12-14T15:31:48.190Z
23,0x000a,-2.11894,0x00000000,2025-12-14T15:31:48.288Z,2025-12-14T15:31:48.288Z
22,0x000a,-1.52073,0x00000000,2025-12-14T15:31:48.190Z,2025-12-14T15:31:48.190Z
22,0x000a,-1.56151,0x00000000,2025-12-14T15:31:48.288Z,2025-12-14T15:31:48.288Z
21,0x000a,-2.7945,0x00000000,2025-12-14T15:31:48.190Z,2025-12-14T15:31:48.190Z
21,0x000a,-2.74636,0x00000000,2025-12-14T15:31:48.288Z,2025-12-14T15:31:48.288Z
8,0x0004,15510,0x00000000,2025-12-14T15:31:48.190Z,2025-12-14T15:31:48.190Z
8,0x0004,14902,0x00000000,2025-12-14T15:31:48.288Z,2025-12-14T15:31:48.288Z
7,0x0004,20818,0x00000000,2025-12-14T15:31:48.190Z,2025-12-14T15:31:48.190Z
7,0x0004,20404,0x00000000,2025-12-14T15:31:48.288Z,2025-12-14T15:31:48.288Z
6,0x0004,16478,0x00000000,2025-12-14T15:31:48.190Z,2025-12-14T15:31:48.190Z
6,0x0004,15704,0x00000000,2025-12-14T15:31:48.288Z,2025-12-14T15:31:48.288Z
39,0x000a,-2.19907,0x00000000,2025-12-14T15:31:48.390Z,2025-12-14T15:31:48.390Z
38,0x000a,-1.49739,0x00000000,2025-12-14T15:31:48.390Z,2025-12-14T15:31:48.390Z
37,0x000a,-2.79948,0x00000000,2025-12-14T15:31:48.390Z,2025-12-14T15:31:48.390Z
26,0x000a,5.17976,0x00000000,2025-12-14T15:31:48.390Z,2025-12-14T15:31:48.390Z
25,0x000a,7.22982,0x00000000,2025-12-14T15:31:48.390Z,2025-12-14T15:31:48.390Z
24,0x000a,5.39967,0x00000000,2025-12-14T15:31:48.390Z,2025-12-14T15:31:48.390Z
8,0x0004,14321,0x00000000,2025-12-14T15:31:48.390Z,2025-12-14T15:31:48.390Z
7,0x0004,19989,0x00000000,2025-12-14T15:31:48.390Z,2025-12-14T15:31:48.390Z
6,0x0004,14929,0x00000000,2025-12-14T15:31:48.390Z,2025-12-14T15:31:48.390Z
39,0x000a,-2.10142,0x00000000,2025-12-14T15:31:48.487Z,2025-12-14T15:31:48.487Z
38,0x000a,-1.50102,0x00000000,2025-12-14T15:31:48.487Z,2025-12-14T15:31:48.487Z
37,0x000a,-2.8031,0x00000000,2025-12-14T15:31:48.487Z,2025-12-14T15:31:48.487Z
36,0x000a,-2.15901,0x00000000,2025-12-14T15:31:48.487Z,2025-12-14T15:31:48.487Z
35,0x000a,-1.52945,0x00000000,2025-12-14T15:31:48.487Z,2025-12-14T15:31:48.487Z
34,0x000a,-2.77292,0x00000000,2025-12-14T15:31:48.487Z,2025-12-14T15:31:48.487Z
26,0x000a,4.96998,0x00000000,2025-12-14T15:31:48.487Z,2025-12-14T15:31:48.487Z
25,0x000a,7.06995,0x00000000,2025-12-14T15:31:48.487Z,2025-12-14T15:31:48.487Z
24,0x000a,5.12985,0x00000000,2025-12-14T15:31:48.487Z,2025-12-14T15:31:48.487Z
23,0x000a,-2.15901,0x00000000,2025-12-14T15:31:48.487Z,2025-12-14T15:31:48.487Z
22,0x000a,-1.52945,0x00000000,2025-12-14T15:31:48.487Z,2025-12-14T15:31:48.487Z
21,0x000a,-2.77292,0x00000000,2025-12-14T15:31:48.487Z,2025-12-14T15:31:48.487Z
8,0x0004,13741,0x00000000,2025-12-14T15:31:48.487Z,2025-12-14T15:31:48.487Z
7,0x0004,19547,0x00000000,2025-12-14T15:31:48.487Z,2025-12-14T15:31:48.487Z
6,0x0004,14183,0x00000000,2025-12-14T15:31:48.487Z,2025-12-14T15:31:48.487Z
39,0x000a,-2.0978,0x00000000,2025-12-14T15:31:48.589Z,2025-12-14T15:31:48.589Z
38,0x000a,-1.59867,0x00000000,2025-12-14T15:31:48.589Z,2025-12-14T15:31:48.589Z
37,0x000a,-2.69821,0x00000000,2025-12-14T15:31:48.589Z,2025-12-14T15:31:48.589Z
36,0x000a,-2.13021,0x00000000,2025-12-14T15:31:48.589Z,2025-12-14T15:31:48.589Z
35,0x000a,-1.51523,0x00000000,2025-12-14T15:31:48.589Z,2025-12-14T15:31:48.589Z
34,0x000a,-2.78801,0x00000000,2025-12-14T15:31:48.589Z,2025-12-14T15:31:48.589Z
26,0x000a,4.70992,0x00000000,2025-12-14T15:31:48.589Z,2025-12-14T15:31:48.589Z
25,0x000a,6.88983,0x00000000,2025-12-14T15:31:48.589Z,2025-12-14T15:31:48.589Z
24,0x000a,4.79999,0x00000000,2025-12-14T15:31:48.589Z,2025-12-14T15:31:48.589Z
23,0x000a,-2.13021,0x00000000,2025-12-14T15:31:48.589Z,2025-12-14T15:31:48.589Z
22,0x000a,-1.51523,0x00000000,2025-12-14T15:31:48.589Z,2025-12-14T15:31:48.589Z
21,0x000a,-2.78801,0x00000000,2025-12-14T15:31:48.589Z,2025-12-14T15:31:48.589Z
14,0x0001,false,0x00000000,2025-12-14T15:31:48.589Z,2025-12-14T15:31:48.589Z
8,0x0004,13022,0x00000000,2025-12-14T15:31:48.589Z,2025-12-14T15:31:48.589Z
7,0x0004,19049,0x00000000,2025-12-14T15:31:48.589Z,2025-12-14T15:31:48.589Z
6,0x0004,13271,0x00000000,2025-12-14T15:31:48.589Z,2025-12-14T15:31:48.589Z
39,0x000a,-2.60055,0x00000000,2025-12-14T15:31:48.689Z,2025-12-14T15:31:48.689Z
38,0x000a,-1.80121,0x00000000,2025-12-14T15:31:48.689Z,2025-12-14T15:31:48.689Z
37,0x000a,-3.29861,0x00000000,2025-12-14T15:31:48.689Z,2025-12-14T15:31:48.689Z
36,0x000a,-2.11401,0x00000000,2025-12-14T15:31:48.689Z,2025-12-14T15:31:48.689Z
35,0x000a,-1.55695,0x00000000,2025-12-14T15:31:48.689Z,2025-12-14T15:31:48.689Z
34,0x000a,-2.74311,0x00000000,2025-12-14T15:31:48.689Z,2025-12-14T15:31:48.689Z
26,0x000a,4.49978,0x00000000,2025-12-14T15:31:48.689Z,2025-12-14T15:31:48.689Z
25,0x000a,6.73973,0x00000000,2025-12-14T15:31:48.689Z,2025-12-14T15:31:48.689Z
24,0x000a,4.51968,0x00000000,2025-12-14T15:31:48.689Z,2025-12-14T15:31:48.689Z
23,0x000a,-2.11401,0x00000000,2025-12-14T15:31:48.689Z,2025-12-14T15:31:48.689Z
22,0x000a,-1.55695,0x00000000,2025-12-14T15:31:48.689Z,2025-12-14T15:31:48.689Z
21,0x000a,-2.74311,0x00000000,2025-12-14T15:31:48.689Z,2025-12-14T15:31:48.689Z
18,0x0001,false,0x00000000,2025-12-14T15:31:48.689Z,2025-12-14T15:31:48.689Z
8,0x0004,12441,0x00000000,2025-12-14T15:31:48.689Z,2025-12-14T15:31:48.689Z
7,0x0004,18634,0x00000000,2025-12-14T15:31:48.689Z,2025-12-14T15:31:48.689Z
6,0x0004,12496,0x00000000,2025-12-14T15:31:48.689Z,2025-12-14T15:31:48.689Z
39,0x000a,-4.20284,0x00000000,2025-12-14T15:31:48.788Z,2025-12-14T15:31:48.788Z
38,0x000a,-3.09968,0x00000000,2025-12-14T15:31:48.788Z,2025-12-14T15:31:48.788Z
37,0x000a,-3.90263,0x00000000,2025-12-14T15:31:48.788Z,2025-12-14T15:31:48.788Z
36,0x000a,-2.35728,0x00000000,2025-12-14T15:31:48.788Z,2025-12-14T15:31:48.788Z
35,0x000a,-1.67908,0x00000000,2025-12-14T15:31:48.788Z,2025-12-14T15:31:48.788Z
34,0x000a,-3.02086,0x00000000,2025-12-14T15:31:48.788Z,2025-12-14T15:31:48.788Z
26,0x000a,4.28964,0x00000000,2025-12-14T15:31:48.788Z,2025-12-14T15:31:48.788Z
25,0x000a,6.57986,0x00000000,2025-12-14T15:31:48.788Z,2025-12-14T15:31:48.788Z
24,0x000a,4.40972,0x00000000,2025-12-14T15:31:48.788Z,2025-12-14T15:31:48.788Z
23,0x000a,-2.35728,0x00000000,2025-12-14T15:31:48.788Z,2025-12-14T15:31:48.788Z
22,0x000a,-1.67908,0x00000000,2025-12-14T15:31:48.788Z,2025-12-14T15:31:48.788Z
21,0x000a,-3.02086,0x00000000,2025-12-14T15:31:48.788Z,2025-12-14T15:31:48.788Z
8,0x0004,11860,0x00000000,2025-12-14T15:31:48.788Z,2025-12-14T15:31:48.788Z
7,0x0004,18192,0x00000000,2025-12-14T15:31:48.788Z,2025-12-14T15:31:48.788Z
6,0x0004,12192,0x00000000,2025-12-14T15:31:48.788Z,2025-12-14T15:31:48.788Z
39,0x000a,-0.896988,0x00000000,2025-12-14T15:31:48.889Z,2025-12-14T15:31:48.889Z
38,0x000a,-1.50102,0x00000000,2025-12-14T15:31:48.889Z,2025-12-14T15:31:48.889Z
37,0x000a,0,0x00000000,2025-12-14T15:31:48.889Z,2025-12-14T15:31:48.889Z
36,0x000a,-3.28006,0x00000000,2025-12-14T15:31:48.889Z,2025-12-14T15:31:48.889Z
35,0x000a,-2.38938,0x00000000,2025-12-14T15:31:48.889Z,2025-12-14T15:31:48.889Z
34,0x000a,-3.46175,0x00000000,2025-12-14T15:31:48.889Z,2025-12-14T15:31:48.889Z
26,0x000a,4.19994,0x00000000,2025-12-14T15:31:48.889Z,2025-12-14T15:31:48.889Z
25,0x000a,6.42976,0x00000000,2025-12-14T15:31:48.889Z,2025-12-14T15:31:48.889Z
23,0x000a,-3.28006,0x00000000,2025-12-14T15:31:48.889Z,2025-12-14T15:31:48.889Z
22,0x000a,-2.38938,0x00000000,2025-12-14T15:31:48.889Z,2025-12-14T15:31:48.889Z
21,0x000a,-3.46175,0x00000000,2025-12-14T15:31:48.889Z,2025-12-14T15:31:48.889Z
8,0x0004,11612,0x00000000,2025-12-14T15:31:48.889Z,2025-12-14T15:31:48.889Z
7,0x0004,17777,0x00000000,2025-12-14T15:31:48.889Z,2025-12-14T15:31:48.889Z
39,0x000a,0,0x00000000,2025-12-14T15:31:48.990Z,2025-12-14T15:31:48.990Z
38,0x000a,-1.50101,0x00000000,2025-12-14T15:31:48.990Z,2025-12-14T15:31:48.990Z
36,0x000a,-2.08852,0x00000000,2025-12-14T15:31:48.990Z,2025-12-14T15:31:48.990Z
35,0x000a,-1.9452,0x00000000,2025-12-14T15:31:48.990Z,2025-12-14T15:31:48.990Z
34,0x000a,-1.73087,0x00000000,2025-12-14T15:31:48.990Z,2025-12-14T15:31:48.990Z
25,0x000a,6.27966,0x00000000,2025-12-14T15:31:48.990Z,2025-12-14T15:31:48.990Z
23,0x000a,-2.08852,0x00000000,2025-12-14T15:31:48.990Z,2025-12-14T15:31:48.990Z
22,0x000a,-1.9452,0x00000000,2025-12-14T15:31:48.990Z,2025-12-14T15:31:48.990Z
21,0x000a,-1.73087,0x00000000,2025-12-14T15:31:48.990Z,2025-12-14T15:31:48.990Z
7,0x0004,17362,0x00000000,2025-12-14T15:31:48.990Z,2025-12-14T15:31:48.990Z
40,0x0001,true,0x00000000,2025-12-14T15:31:49.090Z,2025-12-14T15:31:49.090Z
38,0x000a,-1.59867,0x00000000,2025-12-14T15:31:49.090Z,2025-12-14T15:31:49.090Z
36,0x000a,-1.04426,0x00000000,2025-12-14T15:31:49.090Z,2025-12-14T15:31:49.090Z
35,0x000a,-1.72311,0x00000000,2025-12-14T15:31:49.090Z,2025-12-14T15:31:49.090Z
34,0x000a,-0.865436,0x00000000,2025-12-14T15:31:49.090Z,2025-12-14T15:31:49.090Z
25,0x000a,6.11979,0x00000000,2025-12-14T15:31:49.090Z,2025-12-14T15:31:49.090Z
23,0x000a,-1.04426,0x00000000,2025-12-14T15:31:49.090Z,2025-12-14T15:31:49.090Z
22,0x000a,-1.72311,0x00000000,2025-12-14T15:31:49.090Z,2025-12-14T15:31:49.090Z
21,0x000a,-0.865436,0x00000000,2025-12-14T15:31:49.090Z,2025-12-14T15:31:49.090Z
7,0x0004,16920,0x00000000,2025-12-14T15:31:49.090Z,2025-12-14T15:31:49.090Z
42,0x0001,true,0x00000000,2025-12-14T15:31:49.188Z,2025-12-14T15:31:49.188Z
25,0x000a,5.96969,0x00000000,2025-12-14T15:31:49.188Z,2025-12-14T15:31:49.188Z
7,0x0004,16505,0x00000000,2025-12-14T15:31:49.188Z,2025-12-14T15:31:49.188Z
38,0x000a,-1.50101,0x00000000,2025-12-14T15:31:49.288Z,2025-12-14T15:31:49.288Z
36,0x000a,-0.522131,0x00000000,2025-12-14T15:31:49.288Z,2025-12-14T15:31:49.288Z
35,0x000a,-1.66089,0x00000000,2025-12-14T15:31:49.288Z,2025-12-14T15:31:49.288Z
34,0x000a,-0.432718,0x00000000,2025-12-14T15:31:49.288Z,2025-12-14T15:31:49.288Z
25,0x000a,5.81995,0x00000000,2025-12-14T15:31:49.288Z,2025-12-14T15:31:49.288Z
23,0x000a,-0.522131,0x00000000,2025-12-14T15:31:49.288Z,2025-12-14T15:31:49.288Z
22,0x000a,-1.66089,0x00000000,2025-12-14T15:31:49.288Z,2025-12-14T15:31:49.288Z
21,0x000a,-0.432718,0x00000000,2025-12-14T15:31:49.288Z,2025-12-14T15:31:49.288Z
7,0x0004,16091,0x00000000,2025-12-14T15:31:49.288Z,2025-12-14T15:31:49.288Z
38,0x000a,-1.4974,0x00000000,2025-12-14T15:31:49.391Z,2025-12-14T15:31:49.391Z
36,0x000a,-0.261065,0x00000000,2025-12-14T15:31:49.391Z,2025-12-14T15:31:49.391Z
35,0x000a,-1.58095,0x00000000,2025-12-14T15:31:49.391Z,2025-12-14T15:31:49.391Z
34,0x000a,-0.216359,0x00000000,2025-12-14T15:31:49.391Z,2025-12-14T15:31:49.391Z
25,0x000a,5.6297,0x00000000,2025-12-14T15:31:49.391Z,2025-12-14T15:31:49.391Z
23,0x000a,-0.261065,0x00000000,2025-12-14T15:31:49.391Z,2025-12-14T15:31:49.391Z
22,0x000a,-1.58095,0x00000000,2025-12-14T15:31:49.391Z,2025-12-14T15:31:49.391Z
21,0x000a,-0.216359,0x00000000,2025-12-14T15:31:49.391Z,2025-12-14T15:31:49.391Z
7,0x0004,15565,0x00000000,2025-12-14T15:31:49.391Z,2025-12-14T15:31:49.391Z
38,0x000a,-1.90248,0x00000000,2025-12-14T15:31:49.490Z,2025-12-14T15:31:49.490Z
36,0x000a,-0.130533,0x00000000,2025-12-14T15:31:49.490Z,2025-12-14T15:31:49.490Z
35,0x000a,-1.53917,0x00000000,2025-12-14T15:31:49.490Z,2025-12-14T15:31:49.490Z
34,0x000a,-0.10818,0x00000000,2025-12-14T15:31:49.490Z,2025-12-14T15:31:49.490Z
25,0x000a,5.47996,0x00000000,2025-12-14T15:31:49.490Z,2025-12-14T15:31:49.490Z
23,0x000a,-0.130533,0x00000000,2025-12-14T15:31:49.490Z,2025-12-14T15:31:49.490Z
22,0x000a,-1.53917,0x00000000,2025-12-14T15:31:49.490Z,2025-12-14T15:31:49.490Z
21,0x000a,-0.10818,0x00000000,2025-12-14T15:31:49.490Z,2025-12-14T15:31:49.490Z
7,0x0004,15151,0x00000000,2025-12-14T15:31:49.490Z,2025-12-14T15:31:49.490Z
38,0x000a,-1.4974,0x00000000,2025-12-14T15:31:49.587Z,2025-12-14T15:31:49.587Z
36,0x000a,-0.0652663,0x00000000,2025-12-14T15:31:49.587Z,2025-12-14T15:31:49.587Z
35,0x000a,-1.72083,0x00000000,2025-12-14T15:31:49.587Z,2025-12-14T15:31:49.587Z
34,0x000a,-0.0540898,0x00000000,2025-12-14T15:31:49.587Z,2025-12-14T15:31:49.587Z
25,0x000a,5.32986,0x00000000,2025-12-14T15:31:49.587Z,2025-12-14T15:31:49.587Z
23,0x000a,-0.0652663,0x00000000,2025-12-14T15:31:49.587Z,2025-12-14T15:31:49.587Z
22,0x000a,-1.72083,0x00000000,2025-12-14T15:31:49.587Z,2025-12-14T15:31:49.587Z
21,0x000a,-0.0540898,0x00000000,2025-12-14T15:31:49.587Z,2025-12-14T15:31:49.587Z
7,0x0004,14736,0x00000000,2025-12-14T15:31:49.587Z,2025-12-14T15:31:49.587Z
38,0x000a,-1.50101,0x00000000,2025-12-14T15:31:49.690Z,2025-12-14T15:31:49.690Z
36,0x000a,-0.0326332,0x00000000,2025-12-14T15:31:49.690Z,2025-12-14T15:31:49.690Z
35,0x000a,-1.60911,0x00000000,2025-12-14T15:31:49.690Z,2025-12-14T15:31:49.690Z
34,0x000a,-0.0270449,0x00000000,2025-12-14T15:31:49.690Z,2025-12-14T15:31:49.690Z
25,0x000a,5.16999,0x00000000,2025-12-14T15:31:49.690Z,2025-12-14T15:31:49.690Z
23,0x000a,-0.0326332,0x00000000,2025-12-14T15:31:49.690Z,2025-12-14T15:31:49.690Z
22,0x000a,-1.60911,0x00000000,2025-12-14T15:31:49.690Z,2025-12-14T15:31:49.690Z
21,0x000a,-0.0270449,0x00000000,2025-12-14T15:31:49.690Z,2025-12-14T15:31:49.690Z
7,0x0004,14294,0x00000000,2025-12-14T15:31:49.690Z,2025-12-14T15:31:49.690Z
38,0x000a,-1.59867,0x00000000,2025-12-14T15:31:49.790Z,2025-12-14T15:31:49.790Z
36,0x000a,-0.0163166,0x00000000,2025-12-14T15:31:49.790Z,2025-12-14T15:31:49.790Z
35,0x000a,-1.55506,0x00000000,2025-12-14T15:31:49.790Z,2025-12-14T15:31:49.790Z
34,0x000a,-0.0135224,0x00000000,2025-12-14T15:31:49.790Z,2025-12-14T15:31:49.790Z
25,0x000a,5.01989,0x00000000,2025-12-14T15:31:49.790Z,2025-12-14T15:31:49.790Z
23,0x000a,-0.0163166,0x00000000,2025-12-14T15:31:49.790Z,2025-12-14T15:31:49.790Z
22,0x000a,-1.55506,0x00000000,2025-12-14T15:31:49.790Z,2025-12-14T15:31:49.790Z
21,0x000a,-0.0135224,0x00000000,2025-12-14T15:31:49.790Z,2025-12-14T15:31:49.790Z
7,0x0004,13879,0x00000000,2025-12-14T15:31:49.790Z,2025-12-14T15:31:49.790Z
38,0x000a,-3.00203,0x00000000,2025-12-14T15:31:49.889Z,2025-12-14T15:31:49.889Z
36,0x000a,-0.00815829,0x00000000,2025-12-14T15:31:49.889Z,2025-12-14T15:31:49.889Z
35,0x000a,-1.57687,0x00000000,2025-12-14T15:31:49.889Z,2025-12-14T15:31:49.889Z
34,0x000a,-0.00676122,0x00000000,2025-12-14T15:31:49.889Z,2025-12-14T15:31:49.889Z
25,0x000a,4.86979,0x00000000,2025-12-14T15:31:49.889Z,2025-12-14T15:31:49.889Z
23,0x000a,-0.00815829,0x00000000,2025-12-14T15:31:49.889Z,2025-12-14T15:31:49.889Z
22,0x000a,-1.57687,0x00000000,2025-12-14T15:31:49.889Z,2025-12-14T15:31:49.889Z
21,0x000a,-0.00676122,0x00000000,2025-12-14T15:31:49.889Z,2025-12-14T15:31:49.889Z
7,0x0004,13464,0x00000000,2025-12-14T15:31:49.889Z,2025-12-14T15:31:49.889Z
36,0x000a,-0.00407915,0x00000000,2025-12-14T15:31:49.989Z,2025-12-14T15:31:49.989Z
35,0x000a,-2.28945,0x00000000,2025-12-14T15:31:49.989Z,2025-12-14T15:31:49.989Z
34,0x000a,-0.00338061,0x00000000,2025-12-14T15:31:49.989Z,2025-12-14T15:31:49.989Z
25,0x000a,4.6799,0x00000000,2025-12-14T15:31:49.989Z,2025-12-14T15:31:49.989Z
23,0x000a,-0.00407915,0x00000000,2025-12-14T15:31:49.989Z,2025-12-14T15:31:49.989Z
22,0x000a,-2.28945,0x00000000,2025-12-14T15:31:49.989Z,2025-12-14T15:31:49.989Z
21,0x000a,-0.00338061,0x00000000,2025-12-14T15:31:49.989Z,2025-12-14T15:31:49.989Z
7,0x0004,12939,0x00000000,2025-12-14T15:31:49.989Z,2025-12-14T15:31:49.989Z
38,0x000a,-1.89887,0x00000000,2025-12-14T15:31:50.091Z,2025-12-14T15:31:50.091Z
38,0x000a,-1.50101,0x00000000,2025-12-14T15:31:50.190Z,2025-12-14T15:31:50.190Z
36,0x000a,-0.00203957,0x00000000,2025-12-14T15:31:50.190Z,2025-12-14T15:31:50.190Z
35,0x000a,-2.09416,0x00000000,2025-12-14T15:31:50.190Z,2025-12-14T15:31:50.190Z
34,0x000a,-0.00169031,0x00000000,2025-12-14T15:31:50.190Z,2025-12-14T15:31:50.190Z
25,0x000a,4.5298,0x00000000,2025-12-14T15:31:50.091Z,2025-12-14T15:31:50.091Z
23,0x000a,-0.00203957,0x00000000,2025-12-14T15:31:50.190Z,2025-12-14T15:31:50.190Z
22,0x000a,-2.09416,0x00000000,2025-12-14T15:31:50.190Z,2025-12-14T15:31:50.190Z
21,0x000a,-0.00169031,0x00000000,2025-12-14T15:31:50.190Z,2025-12-14T15:31:50.190Z
7,0x0004,12524,0x00000000,2025-12-14T15:31:50.091Z,2025-12-14T15:31:50.091Z
7,0x0004,12082,0x00000000,2025-12-14T15:31:50.190Z,2025-12-14T15:31:50.190Z
38,0x000a,-1.59867,0x00000000,2025-12-14T15:31:50.288Z,2025-12-14T15:31:50.288Z
36,0x000a,-0.00101979,0x00000000,2025-12-14T15:31:50.288Z,2025-12-14T15:31:50.288Z
35,0x000a,-1.79759,0x00000000,2025-12-14T15:31:50.288Z,2025-12-14T15:31:50.288Z
34,0x000a,-0.000845153,0x00000000,2025-12-14T15:31:50.288Z,2025-12-14T15:31:50.288Z
25,0x000a,4.36994,0x00000000,2025-12-14T15:31:50.288Z,2025-12-14T15:31:50.288Z
23,0x000a,-0.00101979,0x00000000,2025-12-14T15:31:50.288Z,2025-12-14T15:31:50.288Z
22,0x000a,-1.79759,0x00000000,2025-12-14T15:31:50.288Z,2025-12-14T15:31:50.288Z
21,0x000a,-0.000845153,0x00000000,2025-12-14T15:31:50.288Z,2025-12-14T15:31:50.288Z
38,0x000a,-1.50102,0x00000000,2025-12-14T15:31:50.388Z,2025-12-14T15:31:50.388Z
36,0x000a,-0.000509893,0x00000000,2025-12-14T15:31:50.388Z,2025-12-14T15:31:50.388Z
35,0x000a,-1.69813,0x00000000,2025-12-14T15:31:50.388Z,2025-12-14T15:31:50.388Z
34,0x000a,-0.000422576,0x00000000,2025-12-14T15:31:50.388Z,2025-12-14T15:31:50.388Z
25,0x000a,4.21983,0x00000000,2025-12-14T15:31:50.388Z,2025-12-14T15:31:50.388Z
23,0x000a,-0.000509893,0x00000000,2025-12-14T15:31:50.388Z,2025-12-14T15:31:50.388Z
22,0x000a,-1.69813,0x00000000,2025-12-14T15:31:50.388Z,2025-12-14T15:31:50.388Z
21,0x000a,-0.000422576,0x00000000,2025-12-14T15:31:50.388Z,2025-12-14T15:31:50.388Z
7,0x0004,11667,0x00000000,2025-12-14T15:31:50.388Z,2025-12-14T15:31:50.388Z
38,0x000a,-1.50101,0x00000000,2025-12-14T15:31:50.489Z,2025-12-14T15:31:50.489Z
36,0x000a,-0.000254947,0x00000000,2025-12-14T15:31:50.489Z,2025-12-14T15:31:50.489Z
35,0x000a,-1.59957,0x00000000,2025-12-14T15:31:50.489Z,2025-12-14T15:31:50.489Z
34,0x000a,-0.000211288,0x00000000,2025-12-14T15:31:50.489Z,2025-12-14T15:31:50.489Z
25,0x000a,4.06973,0x00000000,2025-12-14T15:31:50.489Z,2025-12-14T15:31:50.489Z
23,0x000a,-0.000254947,0x00000000,2025-12-14T15:31:50.489Z,2025-12-14T15:31:50.489Z
22,0x000a,-1.59957,0x00000000,2025-12-14T15:31:50.489Z,2025-12-14T15:31:50.489Z
21,0x000a,-0.000211288,0x00000000,2025-12-14T15:31:50.489Z,2025-12-14T15:31:50.489Z
16,0x0001,false,0x00000000,2025-12-14T15:31:50.489Z,2025-12-14T15:31:50.489Z
7,0x0004,11252,0x00000000,2025-12-14T15:31:50.489Z,2025-12-14T15:31:50.489Z
38,0x000a,-1.89887,0x00000000,2025-12-14T15:31:50.588Z,2025-12-14T15:31:50.588Z
36,0x000a,-0.000127473,0x00000000,2025-12-14T15:31:50.588Z,2025-12-14T15:31:50.588Z
35,0x000a,-1.55029,0x00000000,2025-12-14T15:31:50.588Z,2025-12-14T15:31:50.588Z
34,0x000a,-0.000105644,0x00000000,2025-12-14T15:31:50.588Z,2025-12-14T15:31:50.588Z
25,0x000a,3.87985,0x00000000,2025-12-14T15:31:50.588Z,2025-12-14T15:31:50.588Z
23,0x000a,-0.000127473,0x00000000,2025-12-14T15:31:50.588Z,2025-12-14T15:31:50.588Z
22,0x000a,-1.55029,0x00000000,2025-12-14T15:31:50.588Z,2025-12-14T15:31:50.588Z
21,0x000a,-0.000105644,0x00000000,2025-12-14T15:31:50.588Z,2025-12-14T15:31:50.588Z
7,0x0004,10727,0x00000000,2025-12-14T15:31:50.588Z,2025-12-14T15:31:50.588Z
38,0x000a,-0.600405,0x00000000,2025-12-14T15:31:50.690Z,2025-12-14T15:31:50.690Z
36,0x000a,-6.37367e-05,0x00000000,2025-12-14T15:31:50.690Z,2025-12-14T15:31:50.690Z
35,0x000a,-1.72458,0x00000000,2025-12-14T15:31:50.690Z,2025-12-14T15:31:50.690Z
34,0x000a,-5.2822e-05,0x00000000,2025-12-14T15:31:50.690Z,2025-12-14T15:31:50.690Z
25,0x000a,3.81981,0x00000000,2025-12-14T15:31:50.690Z,2025-12-14T15:31:50.690Z
23,0x000a,-6.37367e-05,0x00000000,2025-12-14T15:31:50.690Z,2025-12-14T15:31:50.690Z
22,0x000a,-1.72458,0x00000000,2025-12-14T15:31:50.690Z,2025-12-14T15:31:50.690Z
21,0x000a,-5.2822e-05,0x00000000,2025-12-14T15:31:50.690Z,2025-12-14T15:31:50.690Z
7,0x0004,10561,0x00000000,2025-12-14T15:31:50.690Z,2025-12-14T15:31:50.690Z
36,0x000a,-3.18683e-05,0x00000000,2025-12-14T15:31:50.790Z,2025-12-14T15:31:50.790Z
35,0x000a,-1.16249,0x00000000,2025-12-14T15:31:50.790Z,2025-12-14T15:31:50.790Z
34,0x000a,-2.6411e-05,0x00000000,2025-12-14T15:31:50.790Z,2025-12-14T15:31:50.790Z
23,0x000a,-3.18683e-05,0x00000000,2025-12-14T15:31:50.790Z,2025-12-14T15:31:50.790Z
22,0x000a,-1.16249,0x00000000,2025-12-14T15:31:50.790Z,2025-12-14T15:31:50.790Z
21,0x000a,-2.6411e-05,0x00000000,2025-12-14T15:31:50.790Z,2025-12-14T15:31:50.790Z
38,0x000a,0,0x00000000,2025-12-14T15:31:50.889Z,2025-12-14T15:31:50.889Z
42,0x0001,false,0x00000000,2025-12-14T15:31:50.990Z,2025-12-14T15:31:50.990Z
40,0x0001,false,0x00000000,2025-12-14T15:31:50.990Z,2025-12-14T15:31:50.990Z
36,0x000a,-1.59342e-05,0x00000000,2025-12-14T15:31:50.990Z,2025-12-14T15:31:50.990Z
35,0x000a,-0.581246,0x00000000,2025-12-14T15:31:50.990Z,2025-12-14T15:31:50.990Z
34,0x000a,-1.32055e-05,0x00000000,2025-12-14T15:31:50.990Z,2025-12-14T15:31:50.990Z
23,0x000a,-1.59342e-05,0x00000000,2025-12-14T15:31:50.990Z,2025-12-14T15:31:50.990Z
22,0x000a,-0.581246,0x00000000,2025-12-14T15:31:50.990Z,2025-12-14T15:31:50.990Z
21,0x000a,-1.32055e-05,0x00000000,2025-12-14T15:31:50.990Z,2025-12-14T15:31:50.990Z
18,0x0001,true,0x00000000,2025-12-14T15:31:50.990Z,2025-12-14T15:31:50.990Z
16,0x0001,true,0x00000000,2025-12-14T15:31:50.990Z,2025-12-14T15:31:50.990Z
14,0x0001,true,0x00000000,2025-12-14T15:31:50.990Z,2025-12-14T15:31:50.990Z
4,0x000a,1,0x00000000,2025-12-14T15:31:50.990Z,2025-12-14T15:31:50.990Z
3,0x000a,1,0x00000000,2025-12-14T15:31:50.990Z,2025-12-14T15:31:50.990Z
2,0x000a,2,0x00000000,2025-12-14T15:31:50.990Z,2025-12-14T15:31:50.990Z
36,0x000a,-7.96708e-06,0x00000000,2025-12-14T15:31:51.088Z,2025-12-14T15:31:51.088Z
35,0x000a,-0.290623,0x00000000,2025-12-14T15:31:51.088Z,2025-12-14T15:31:51.088Z
34,0x000a,-6.60275e-06,0x00000000,2025-12-14T15:31:51.088Z,2025-12-14T15:31:51.088Z
23,0x000a,-7.96708e-06,0x00000000,2025-12-14T15:31:51.088Z,2025-12-14T15:31:51.088Z
22,0x000a,-0.290623,0x00000000,2025-12-14T15:31:51.088Z,2025-12-14T15:31:51.088Z
21,0x000a,-6.60275e-06,0x00000000,2025-12-14T15:31:51.088Z,2025-12-14T15:31:51.088Z
39,0x000a,-0.300202,0x00000000,2025-12-14T15:31:51.190Z,2025-12-14T15:31:51.190Z
38,0x000a,-0.600405,0x00000000,2025-12-14T15:31:51.190Z,2025-12-14T15:31:51.190Z
37,0x000a,-1.09954,0x00000000,2025-12-14T15:31:51.190Z,2025-12-14T15:31:51.190Z
36,0x000a,-3.98354e-06,0x00000000,2025-12-14T15:31:51.190Z,2025-12-14T15:31:51.190Z
35,0x000a,-0.145312,0x00000000,2025-12-14T15:31:51.190Z,2025-12-14T15:31:51.190Z
34,0x000a,-3.30138e-06,0x00000000,2025-12-14T15:31:51.190Z,2025-12-14T15:31:51.190Z
26,0x000a,4.16992,0x00000000,2025-12-14T15:31:51.190Z,2025-12-14T15:31:51.190Z
25,0x000a,3.75977,0x00000000,2025-12-14T15:31:51.190Z,2025-12-14T15:31:51.190Z
24,0x000a,4.29977,0x00000000,2025-12-14T15:31:51.190Z,2025-12-14T15:31:51.190Z
23,0x000a,-3.98354e-06,0x00000000,2025-12-14T15:31:51.190Z,2025-12-14T15:31:51.190Z
22,0x000a,-0.145312,0x00000000,2025-12-14T15:31:51.190Z,2025-12-14T15:31:51.190Z
21,0x000a,-3.30138e-06,0x00000000,2025-12-14T15:31:51.190Z,2025-12-14T15:31:51.190Z
8,0x0004,11529,0x00000000,2025-12-14T15:31:51.190Z,2025-12-14T15:31:51.190Z
7,0x0004,10395,0x00000000,2025-12-14T15:31:51.190Z,2025-12-14T15:31:51.190Z
6,0x0004,11888,0x00000000,2025-12-14T15:31:51.190Z,2025-12-14T15:31:51.190Z
39,0x000a,-2.60055,0x00000000,2025-12-14T15:31:51.288Z,2025-12-14T15:31:51.288Z
38,0x000a,-1.80122,0x00000000,2025-12-14T15:31:51.288Z,2025-12-14T15:31:51.288Z
37,0x000a,-3.29861,0x00000000,2025-12-14T15:31:51.288Z,2025-12-14T15:31:51.288Z
36,0x000a,-0.150103,0x00000000,2025-12-14T15:31:51.288Z,2025-12-14T15:31:51.288Z
35,0x000a,-0.372858,0x00000000,2025-12-14T15:31:51.288Z,2025-12-14T15:31:51.288Z
34,0x000a,-0.549771,0x00000000,2025-12-14T15:31:51.288Z,2025-12-14T15:31:51.288Z
26,0x000a,3.90987,0x00000000,2025-12-14T15:31:51.288Z,2025-12-14T15:31:51.288Z
25,0x000a,3.57964,0x00000000,2025-12-14T15:31:51.288Z,2025-12-14T15:31:51.288Z
24,0x000a,3.96991,0x00000000,2025-12-14T15:31:51.288Z,2025-12-14T15:31:51.288Z
23,0x000a,-0.150103,0x00000000,2025-12-14T15:31:51.288Z,2025-12-14T15:31:51.288Z
22,0x000a,-0.372858,0x00000000,2025-12-14T15:31:51.288Z,2025-12-14T15:31:51.288Z
21,0x000a,-0.549771,0x00000000,2025-12-14T15:31:51.288Z,2025-12-14T15:31:51.288Z
8,0x0004,10810,0x00000000,2025-12-14T15:31:51.288Z,2025-12-14T15:31:51.288Z
7,0x0004,9897,0x00000000,2025-12-14T15:31:51.288Z,2025-12-14T15:31:51.288Z
6,0x0004,10976,0x00000000,2025-12-14T15:31:51.288Z,2025-12-14T15:31:51.288Z
39,0x000a,-2.10142,0x00000000,2025-12-14T15:31:51.387Z,2025-12-14T15:31:51.387Z
38,0x000a,-1.59867,0x00000000,2025-12-14T15:31:51.387Z,2025-12-14T15:31:51.387Z
37,0x000a,-2.79948,0x00000000,2025-12-14T15:31:51.387Z,2025-12-14T15:31:51.387Z
36,0x000a,-1.37533,0x00000000,2025-12-14T15:31:51.387Z,2025-12-14T15:31:51.387Z
35,0x000a,-1.08704,0x00000000,2025-12-14T15:31:51.387Z,2025-12-14T15:31:51.387Z
34,0x000a,-1.92419,0x00000000,2025-12-14T15:31:51.387Z,2025-12-14T15:31:51.387Z
26,0x000a,3.69973,0x00000000,2025-12-14T15:31:51.387Z,2025-12-14T15:31:51.387Z
25,0x000a,3.41978,0x00000000,2025-12-14T15:31:51.387Z,2025-12-14T15:31:51.387Z
24,0x000a,3.68996,0x00000000,2025-12-14T15:31:51.387Z,2025-12-14T15:31:51.387Z
23,0x000a,-1.37533,0x00000000,2025-12-14T15:31:51.387Z,2025-12-14T15:31:51.387Z
22,0x000a,-1.08704,0x00000000,2025-12-14T15:31:51.387Z,2025-12-14T15:31:51.387Z
21,0x000a,-1.92419,0x00000000,2025-12-14T15:31:51.387Z,2025-12-14T15:31:51.387Z
8,0x0004,10229,0x00000000,2025-12-14T15:31:51.387Z,2025-12-14T15:31:51.387Z
7,0x0004,9455,0x00000000,2025-12-14T15:31:51.387Z,2025-12-14T15:31:51.387Z
6,0x0004,10202,0x00000000,2025-12-14T15:31:51.387Z,2025-12-14T15:31:51.387Z
39,0x000a,-2.0978,0x00000000,2025-12-14T15:31:51.490Z,2025-12-14T15:31:51.490Z
38,0x000a,-1.50101,0x00000000,2025-12-14T15:31:51.490Z,2025-12-14T15:31:51.490Z
37,0x000a,-2.70182,0x00000000,2025-12-14T15:31:51.490Z,2025-12-14T15:31:51.490Z
36,0x000a,-1.73837,0x00000000,2025-12-14T15:31:51.490Z,2025-12-14T15:31:51.490Z
35,0x000a,-1.34285,0x00000000,2025-12-14T15:31:51.490Z,2025-12-14T15:31:51.490Z
34,0x000a,-2.36183,0x00000000,2025-12-14T15:31:51.490Z,2025-12-14T15:31:51.490Z
26,0x000a,3.48994,0x00000000,2025-12-14T15:31:51.490Z,2025-12-14T15:31:51.490Z
25,0x000a,3.26968,0x00000000,2025-12-14T15:31:51.490Z,2025-12-14T15:31:51.490Z
24,0x000a,3.41978,0x00000000,2025-12-14T15:31:51.490Z,2025-12-14T15:31:51.490Z
23,0x000a,-1.73837,0x00000000,2025-12-14T15:31:51.490Z,2025-12-14T15:31:51.490Z
22,0x000a,-1.34285,0x00000000,2025-12-14T15:31:51.490Z,2025-12-14T15:31:51.490Z
21,0x000a,-2.36183,0x00000000,2025-12-14T15:31:51.490Z,2025-12-14T15:31:51.490Z
8,0x0004,9649,0x00000000,2025-12-14T15:31:51.490Z,2025-12-14T15:31:51.490Z
7,0x0004,9040,0x00000000,2025-12-14T15:31:51.490Z,2025-12-14T15:31:51.490Z
6,0x0004,9455,0x00000000,2025-12-14T15:31:51.490Z,2025-12-14T15:31:51.490Z
39,0x000a,-2.20269,0x00000000,2025-12-14T15:31:51.590Z,2025-12-14T15:31:51.590Z
38,0x000a,-1.4974,0x00000000,2025-12-14T15:31:51.590Z,2025-12-14T15:31:51.590Z
37,0x000a,-2.79948,0x00000000,2025-12-14T15:31:51.590Z,2025-12-14T15:31:51.590Z
36,0x000a,-1.91809,0x00000000,2025-12-14T15:31:51.590Z,2025-12-14T15:31:51.590Z
35,0x000a,-1.42193,0x00000000,2025-12-14T15:31:51.590Z,2025-12-14T15:31:51.590Z
34,0x000a,-2.53183,0x00000000,2025-12-14T15:31:51.590Z,2025-12-14T15:31:51.590Z
26,0x000a,3.26968,0x00000000,2025-12-14T15:31:51.590Z,2025-12-14T15:31:51.590Z
25,0x000a,3.11994,0x00000000,2025-12-14T15:31:51.590Z,2025-12-14T15:31:51.590Z
24,0x000a,3.13983,0x00000000,2025-12-14T15:31:51.590Z,2025-12-14T15:31:51.590Z
23,0x000a,-1.91809,0x00000000,2025-12-14T15:31:51.590Z,2025-12-14T15:31:51.590Z
22,0x000a,-1.42193,0x00000000,2025-12-14T15:31:51.590Z,2025-12-14T15:31:51.590Z
21,0x000a,-2.53183,0x00000000,2025-12-14T15:31:51.590Z,2025-12-14T15:31:51.590Z
8,0x0004,9040,0x00000000,2025-12-14T15:31:51.590Z,2025-12-14T15:31:51.590Z
7,0x0004,8626,0x00000000,2025-12-14T15:31:51.590Z,2025-12-14T15:31:51.590Z
6,0x0004,8681,0x00000000,2025-12-14T15:31:51.590Z,2025-12-14T15:31:51.590Z
26,0x000a,3.0599,0x00000000,2025-12-14T15:31:51.689Z,2025-12-14T15:31:51.689Z
25,0x000a,2.95971,0x00000000,2025-12-14T15:31:51.689Z,2025-12-14T15:31:51.689Z
24,0x000a,2.86965,0x00000000,2025-12-14T15:31:51.689Z,2025-12-14T15:31:51.689Z
8,0x0004,8460,0x00000000,2025-12-14T15:31:51.689Z,2025-12-14T15:31:51.689Z
7,0x0004,8183,0x00000000,2025-12-14T15:31:51.689Z,2025-12-14T15:31:51.689Z
6,0x0004,7934,0x00000000,2025-12-14T15:31:51.689Z,2025-12-14T15:31:51.689Z
39,0x000a,-2.0978,0x00000000,2025-12-14T15:31:51.790Z,2025-12-14T15:31:51.790Z
38,0x000a,-1.60228,0x00000000,2025-12-14T15:31:51.790Z,2025-12-14T15:31:51.790Z
37,0x000a,-2.70182,0x00000000,2025-12-14T15:31:51.790Z,2025-12-14T15:31:51.790Z
36,0x000a,-2.06039,0x00000000,2025-12-14T15:31:51.790Z,2025-12-14T15:31:51.790Z
35,0x000a,-1.45966,0x00000000,2025-12-14T15:31:51.790Z,2025-12-14T15:31:51.790Z
34,0x000a,-2.66565,0x00000000,2025-12-14T15:31:51.790Z,2025-12-14T15:31:51.790Z
26,0x000a,2.80997,0x00000000,2025-12-14T15:31:51.790Z,2025-12-14T15:31:51.790Z
25,0x000a,2.77995,0x00000000,2025-12-14T15:31:51.790Z,2025-12-14T15:31:51.790Z
24,0x000a,2.52966,0x00000000,2025-12-14T15:31:51.790Z,2025-12-14T15:31:51.790Z
23,0x000a,-2.06039,0x00000000,2025-12-14T15:31:51.790Z,2025-12-14T15:31:51.790Z
22,0x000a,-1.45966,0x00000000,2025-12-14T15:31:51.790Z,2025-12-14T15:31:51.790Z
21,0x000a,-2.66565,0x00000000,2025-12-14T15:31:51.790Z,2025-12-14T15:31:51.790Z
8,0x0004,7769,0x00000000,2025-12-14T15:31:51.790Z,2025-12-14T15:31:51.790Z
7,0x0004,7686,0x00000000,2025-12-14T15:31:51.790Z,2025-12-14T15:31:51.790Z
6,0x0004,6994,0x00000000,2025-12-14T15:31:51.790Z,2025-12-14T15:31:51.790Z
39,0x000a,-2.49928,0x00000000,2025-12-14T15:31:51.888Z,2025-12-14T15:31:51.888Z
38,0x000a,-1.7976,0x00000000,2025-12-14T15:31:51.888Z,2025-12-14T15:31:51.888Z
37,0x000a,-3.39988,0x00000000,2025-12-14T15:31:51.888Z,2025-12-14T15:31:51.888Z
36,0x000a,-2.0791,0x00000000,2025-12-14T15:31:51.888Z,2025-12-14T15:31:51.888Z
35,0x000a,-1.53097,0x00000000,2025-12-14T15:31:51.888Z,2025-12-14T15:31:51.888Z
34,0x000a,-2.68374,0x00000000,2025-12-14T15:31:51.888Z,2025-12-14T15:31:51.888Z
26,0x000a,2.5897,0x00000000,2025-12-14T15:31:51.888Z,2025-12-14T15:31:51.888Z
25,0x000a,2.62985,0x00000000,2025-12-14T15:31:51.888Z,2025-12-14T15:31:51.888Z
24,0x000a,2.25984,0x00000000,2025-12-14T15:31:51.888Z,2025-12-14T15:31:51.888Z
23,0x000a,-2.0791,0x00000000,2025-12-14T15:31:51.888Z,2025-12-14T15:31:51.888Z
22,0x000a,-1.53097,0x00000000,2025-12-14T15:31:51.888Z,2025-12-14T15:31:51.888Z
21,0x000a,-2.68374,0x00000000,2025-12-14T15:31:51.888Z,2025-12-14T15:31:51.888Z
14,0x0001,false,0x00000000,2025-12-14T15:31:51.888Z,2025-12-14T15:31:51.888Z
8,0x0004,7160,0x00000000,2025-12-14T15:31:51.888Z,2025-12-14T15:31:51.888Z
7,0x0004,7271,0x00000000,2025-12-14T15:31:51.888Z,2025-12-14T15:31:51.888Z
6,0x0004,6248,0x00000000,2025-12-14T15:31:51.888Z,2025-12-14T15:31:51.888Z
39,0x000a,-2.20269,0x00000000,2025-12-14T15:31:51.990Z,2025-12-14T15:31:51.990Z
38,0x000a,-1.50101,0x00000000,2025-12-14T15:31:51.990Z,2025-12-14T15:31:51.990Z
37,0x000a,-2.69821,0x00000000,2025-12-14T15:31:51.990Z,2025-12-14T15:31:51.990Z
36,0x000a,-2.28919,0x00000000,2025-12-14T15:31:51.990Z,2025-12-14T15:31:51.990Z
35,0x000a,-1.66429,0x00000000,2025-12-14T15:31:51.990Z,2025-12-14T15:31:51.990Z
34,0x000a,-3.04181,0x00000000,2025-12-14T15:31:51.990Z,2025-12-14T15:31:51.990Z
26,0x000a,2.37992,0x00000000,2025-12-14T15:31:51.990Z,2025-12-14T15:31:51.990Z
25,0x000a,2.46998,0x00000000,2025-12-14T15:31:51.990Z,2025-12-14T15:31:51.990Z
24,0x000a,1.97989,0x00000000,2025-12-14T15:31:51.990Z,2025-12-14T15:31:51.990Z
23,0x000a,-2.28919,0x00000000,2025-12-14T15:31:51.990Z,2025-12-14T15:31:51.990Z
22,0x000a,-1.66429,0x00000000,2025-12-14T15:31:51.990Z,2025-12-14T15:31:51.990Z
21,0x000a,-3.04181,0x00000000,2025-12-14T15:31:51.990Z,2025-12-14T15:31:51.990Z
8,0x0004,6580,0x00000000,2025-12-14T15:31:51.990Z,2025-12-14T15:31:51.990Z
7,0x0004,6829,0x00000000,2025-12-14T15:31:51.990Z,2025-12-14T15:31:51.990Z
6,0x0004,5474,0x00000000,2025-12-14T15:31:51.990Z,2025-12-14T15:31:51.990Z
39,0x000a,-2.0978,0x00000000,2025-12-14T15:31:52.090Z,2025-12-14T15:31:52.090Z
38,0x000a,-1.59867,0x00000000,2025-12-14T15:31:52.090Z,2025-12-14T15:31:52.090Z
37,0x000a,-2.79948,0x00000000,2025-12-14T15:31:52.090Z,2025-12-14T15:31:52.090Z
36,0x000a,-2.24594,0x00000000,2025-12-14T15:31:52.090Z,2025-12-14T15:31:52.090Z
35,0x000a,-1.58265,0x00000000,2025-12-14T15:31:52.090Z,2025-12-14T15:31:52.090Z
34,0x000a,-2.87001,0x00000000,2025-12-14T15:31:52.090Z,2025-12-14T15:31:52.090Z
26,0x000a,2.16978,0x00000000,2025-12-14T15:31:52.090Z,2025-12-14T15:31:52.090Z
25,0x000a,2.31988,0x00000000,2025-12-14T15:31:52.090Z,2025-12-14T15:31:52.090Z
24,0x000a,1.86994,0x00000000,2025-12-14T15:31:52.090Z,2025-12-14T15:31:52.090Z
23,0x000a,-2.24594,0x00000000,2025-12-14T15:31:52.090Z,2025-12-14T15:31:52.090Z
22,0x000a,-1.58265,0x00000000,2025-12-14T15:31:52.090Z,2025-12-14T15:31:52.090Z
21,0x000a,-2.87001,0x00000000,2025-12-14T15:31:52.090Z,2025-12-14T15:31:52.090Z
8,0x0004,5999,0x00000000,2025-12-14T15:31:52.090Z,2025-12-14T15:31:52.090Z
7,0x0004,6414,0x00000000,2025-12-14T15:31:52.090Z,2025-12-14T15:31:52.090Z
6,0x0004,5170,0x00000000,2025-12-14T15:31:52.090Z,2025-12-14T15:31:52.090Z
39,0x000a,-4.70197,0x00000000,2025-12-14T15:31:52.189Z,2025-12-14T15:31:52.189Z
38,0x000a,-3.30223,0x00000000,2025-12-14T15:31:52.189Z,2025-12-14T15:31:52.189Z
37,0x000a,-1.09954,0x00000000,2025-12-14T15:31:52.189Z,2025-12-14T15:31:52.189Z
36,0x000a,-2.17187,0x00000000,2025-12-14T15:31:52.189Z,2025-12-14T15:31:52.189Z
35,0x000a,-1.59066,0x00000000,2025-12-14T15:31:52.189Z,2025-12-14T15:31:52.189Z
34,0x000a,-2.83474,0x00000000,2025-12-14T15:31:52.189Z,2025-12-14T15:31:52.189Z
26,0x000a,1.90972,0x00000000,2025-12-14T15:31:52.189Z,2025-12-14T15:31:52.189Z
25,0x000a,2.13976,0x00000000,2025-12-14T15:31:52.189Z,2025-12-14T15:31:52.189Z
23,0x000a,-2.17187,0x00000000,2025-12-14T15:31:52.189Z,2025-12-14T15:31:52.189Z
22,0x000a,-1.59066,0x00000000,2025-12-14T15:31:52.189Z,2025-12-14T15:31:52.189Z
21,0x000a,-2.83474,0x00000000,2025-12-14T15:31:52.189Z,2025-12-14T15:31:52.189Z
8,0x0004,5280,0x00000000,2025-12-14T15:31:52.189Z,2025-12-14T15:31:52.189Z
7,0x0004,5916,0x00000000,2025-12-14T15:31:52.189Z,2025-12-14T15:31:52.189Z
40,0x0001,true,0x00000000,2025-12-14T15:31:52.390Z,2025-12-14T15:31:52.390Z
39,0x000a,-2.0978,0x00000000,2025-12-14T15:31:52.289Z,2025-12-14T15:31:52.289Z
39,0x000a,-2.20269,0x00000000,2025-12-14T15:31:52.390Z,2025-12-14T15:31:52.390Z
38,0x000a,-1.59867,0x00000000,2025-12-14T15:31:52.289Z,2025-12-14T15:31:52.289Z
38,0x000a,-1.50101,0x00000000,2025-12-14T15:31:52.390Z,2025-12-14T15:31:52.390Z
37,0x000a,0,0x00000000,2025-12-14T15:31:52.289Z,2025-12-14T15:31:52.289Z
36,0x000a,-3.43692,0x00000000,2025-12-14T15:31:52.289Z,2025-12-14T15:31:52.289Z
36,0x000a,-2.76736,0x00000000,2025-12-14T15:31:52.390Z,2025-12-14T15:31:52.390Z
35,0x000a,-2.44644,0x00000000,2025-12-14T15:31:52.289Z,2025-12-14T15:31:52.289Z
35,0x000a,-2.02256,0x00000000,2025-12-14T15:31:52.390Z,2025-12-14T15:31:52.390Z
34,0x000a,-1.96714,0x00000000,2025-12-14T15:31:52.289Z,2025-12-14T15:31:52.289Z
34,0x000a,-0.98357,0x00000000,2025-12-14T15:31:52.390Z,2025-12-14T15:31:52.390Z
26,0x000a,1.69994,0x00000000,2025-12-14T15:31:52.289Z,2025-12-14T15:31:52.289Z
26,0x000a,1.47967,0x00000000,2025-12-14T15:31:52.390Z,2025-12-14T15:31:52.390Z
25,0x000a,1.97989,0x00000000,2025-12-14T15:31:52.289Z,2025-12-14T15:31:52.289Z
25,0x000a,1.82979,0x00000000,2025-12-14T15:31:52.390Z,2025-12-14T15:31:52.390Z
23,0x000a,-3.43692,0x00000000,2025-12-14T15:31:52.289Z,2025-12-14T15:31:52.289Z
23,0x000a,-2.76736,0x00000000,2025-12-14T15:31:52.390Z,2025-12-14T15:31:52.390Z
22,0x000a,-2.44644,0x00000000,2025-12-14T15:31:52.289Z,2025-12-14T15:31:52.289Z
22,0x000a,-2.02256,0x00000000,2025-12-14T15:31:52.390Z,2025-12-14T15:31:52.390Z
21,0x000a,-1.96714,0x00000000,2025-12-14T15:31:52.289Z,2025-12-14T15:31:52.289Z
21,0x000a,-0.98357,0x00000000,2025-12-14T15:31:52.390Z,2025-12-14T15:31:52.390Z
8,0x0004,4700,0x00000000,2025-12-14T15:31:52.289Z,2025-12-14T15:31:52.289Z
8,0x0004,4091,0x00000000,2025-12-14T15:31:52.390Z,2025-12-14T15:31:52.390Z
7,0x0004,5474,0x00000000,2025-12-14T15:31:52.289Z,2025-12-14T15:31:52.289Z
7,0x0004,5059,0x00000000,2025-12-14T15:31:52.390Z,2025-12-14T15:31:52.390Z
26,0x000a,1.26989,0x00000000,2025-12-14T15:31:52.488Z,2025-12-14T15:31:52.488Z
25,0x000a,1.67969,0x00000000,2025-12-14T15:31:52.488Z,2025-12-14T15:31:52.488Z
18,0x0001,false,0x00000000,2025-12-14T15:31:52.488Z,2025-12-14T15:31:52.488Z
8,0x0004,3511,0x00000000,2025-12-14T15:31:52.488Z,2025-12-14T15:31:52.488Z
7,0x0004,4644,0x00000000,2025-12-14T15:31:52.488Z,2025-12-14T15:31:52.488Z
39,0x000a,-2.0978,0x00000000,2025-12-14T15:31:52.588Z,2025-12-14T15:31:52.588Z
38,0x000a,-1.50101,0x00000000,2025-12-14T15:31:52.588Z,2025-12-14T15:31:52.588Z
36,0x000a,-2.48503,0x00000000,2025-12-14T15:31:52.588Z,2025-12-14T15:31:52.588Z
35,0x000a,-1.76178,0x00000000,2025-12-14T15:31:52.588Z,2025-12-14T15:31:52.588Z
34,0x000a,-0.491785,0x00000000,2025-12-14T15:31:52.588Z,2025-12-14T15:31:52.588Z
26,0x000a,1.05975,0x00000000,2025-12-14T15:31:52.588Z,2025-12-14T15:31:52.588Z
25,0x000a,1.51982,0x00000000,2025-12-14T15:31:52.588Z,2025-12-14T15:31:52.588Z
23,0x000a,-2.48503,0x00000000,2025-12-14T15:31:52.588Z,2025-12-14T15:31:52.588Z
22,0x000a,-1.76178,0x00000000,2025-12-14T15:31:52.588Z,2025-12-14T15:31:52.588Z
21,0x000a,-0.491785,0x00000000,2025-12-14T15:31:52.588Z,2025-12-14T15:31:52.588Z
8,0x0004,2930,0x00000000,2025-12-14T15:31:52.588Z,2025-12-14T15:31:52.588Z
7,0x0004,4202,0x00000000,2025-12-14T15:31:52.588Z,2025-12-14T15:31:52.588Z
39,0x000a,-2.10142,0x00000000,2025-12-14T15:31:52.688Z,2025-12-14T15:31:52.688Z
38,0x000a,-1.59867,0x00000000,2025-12-14T15:31:52.688Z,2025-12-14T15:31:52.688Z
36,0x000a,-2.29141,0x00000000,2025-12-14T15:31:52.688Z,2025-12-14T15:31:52.688Z
35,0x000a,-1.6314,0x00000000,2025-12-14T15:31:52.688Z,2025-12-14T15:31:52.688Z
34,0x000a,-0.245893,0x00000000,2025-12-14T15:31:52.688Z,2025-12-14T15:31:52.688Z
26,0x000a,0.96969,0x00000000,2025-12-14T15:31:52.688Z,2025-12-14T15:31:52.688Z
25,0x000a,1.36972,0x00000000,2025-12-14T15:31:52.688Z,2025-12-14T15:31:52.688Z
23,0x000a,-2.29141,0x00000000,2025-12-14T15:31:52.688Z,2025-12-14T15:31:52.688Z
22,0x000a,-1.6314,0x00000000,2025-12-14T15:31:52.688Z,2025-12-14T15:31:52.688Z
21,0x000a,-0.245893,0x00000000,2025-12-14T15:31:52.688Z,2025-12-14T15:31:52.688Z
8,0x0004,2681,0x00000000,2025-12-14T15:31:52.688Z,2025-12-14T15:31:52.688Z
7,0x0004,3787,0x00000000,2025-12-14T15:31:52.688Z,2025-12-14T15:31:52.688Z
39,0x000a,-0.900608,0x00000000,2025-12-14T15:31:52.790Z,2025-12-14T15:31:52.790Z
38,0x000a,-1.50101,0x00000000,2025-12-14T15:31:52.790Z,2025-12-14T15:31:52.790Z
36,0x000a,-2.19642,0x00000000,2025-12-14T15:31:52.790Z,2025-12-14T15:31:52.790Z
35,0x000a,-1.61503,0x00000000,2025-12-14T15:31:52.790Z,2025-12-14T15:31:52.790Z
34,0x000a,-0.122946,0x00000000,2025-12-14T15:31:52.790Z,2025-12-14T15:31:52.790Z
25,0x000a,1.21998,0x00000000,2025-12-14T15:31:52.790Z,2025-12-14T15:31:52.790Z
23,0x000a,-2.19642,0x00000000,2025-12-14T15:31:52.790Z,2025-12-14T15:31:52.790Z
22,0x000a,-1.61503,0x00000000,2025-12-14T15:31:52.790Z,2025-12-14T15:31:52.790Z
21,0x000a,-0.122946,0x00000000,2025-12-14T15:31:52.790Z,2025-12-14T15:31:52.790Z
16,0x0001,false,0x00000000,2025-12-14T15:31:52.790Z,2025-12-14T15:31:52.790Z
7,0x0004,3373,0x00000000,2025-12-14T15:31:52.790Z,2025-12-14T15:31:52.790Z
39,0x000a,0,0x00000000,2025-12-14T15:31:52.889Z,2025-12-14T15:31:52.889Z
38,0x000a,-1.4974,0x00000000,2025-12-14T15:31:52.889Z,2025-12-14T15:31:52.889Z
36,0x000a,-1.54851,0x00000000,2025-12-14T15:31:52.889Z,2025-12-14T15:31:52.889Z
35,0x000a,-1.55802,0x00000000,2025-12-14T15:31:52.889Z,2025-12-14T15:31:52.889Z
34,0x000a,-0.0614731,0x00000000,2025-12-14T15:31:52.889Z,2025-12-14T15:31:52.889Z
25,0x000a,1.02973,0x00000000,2025-12-14T15:31:52.889Z,2025-12-14T15:31:52.889Z
23,0x000a,-1.54851,0x00000000,2025-12-14T15:31:52.889Z,2025-12-14T15:31:52.889Z
22,0x000a,-1.55802,0x00000000,2025-12-14T15:31:52.889Z,2025-12-14T15:31:52.889Z
21,0x000a,-0.0614731,0x00000000,2025-12-14T15:31:52.889Z,2025-12-14T15:31:52.889Z
7,0x0004,2847,0x00000000,2025-12-14T15:31:52.889Z,2025-12-14T15:31:52.889Z
42,0x0001,true,0x00000000,2025-12-14T15:31:52.990Z,2025-12-14T15:31:52.990Z
38,0x000a,-1.90249,0x00000000,2025-12-14T15:31:52.990Z,2025-12-14T15:31:52.990Z
36,0x000a,-0.774256,0x00000000,2025-12-14T15:31:52.990Z,2025-12-14T15:31:52.990Z
35,0x000a,-1.52771,0x00000000,2025-12-14T15:31:52.990Z,2025-12-14T15:31:52.990Z
34,0x000a,-0.0307366,0x00000000,2025-12-14T15:31:52.990Z,2025-12-14T15:31:52.990Z
25,0x000a,0.96969,0x00000000,2025-12-14T15:31:52.990Z,2025-12-14T15:31:52.990Z
23,0x000a,-0.774256,0x00000000,2025-12-14T15:31:52.990Z,2025-12-14T15:31:52.990Z
22,0x000a,-1.52771,0x00000000,2025-12-14T15:31:52.990Z,2025-12-14T15:31:52.990Z
21,0x000a,-0.0307366,0x00000000,2025-12-14T15:31:52.990Z,2025-12-14T15:31:52.990Z
7,0x0004,2681,0x00000000,2025-12-14T15:31:52.990Z,2025-12-14T15:31:52.990Z
38,0x000a,-0.600405,0x00000000,2025-12-14T15:31:53.088Z,2025-12-14T15:31:53.088Z
36,0x000a,-0.387128,0x00000000,2025-12-14T15:31:53.088Z,2025-12-14T15:31:53.088Z
35,0x000a,-1.7151,0x00000000,2025-12-14T15:31:53.088Z,2025-12-14T15:31:53.088Z
34,0x000a,-0.0153683,0x00000000,2025-12-14T15:31:53.088Z,2025-12-14T15:31:53.088Z
23,0x000a,-0.387128,0x00000000,2025-12-14T15:31:53.088Z,2025-12-14T15:31:53.088Z
22,0x000a,-1.7151,0x00000000,2025-12-14T15:31:53.088Z,2025-12-14T15:31:53.088Z
21,0x000a,-0.0153683,0x00000000,2025-12-14T15:31:53.088Z,2025-12-14T15:31:53.088Z
38,0x000a,0,0x00000000,2025-12-14T15:31:53.189Z,2025-12-14T15:31:53.189Z
36,0x000a,-0.193564,0x00000000,2025-12-14T15:31:53.189Z,2025-12-14T15:31:53.189Z
35,0x000a,-1.15775,0x00000000,2025-12-14T15:31:53.189Z,2025-12-14T15:31:53.189Z
34,0x000a,-0.00768414,0x00000000,2025-12-14T15:31:53.189Z,2025-12-14T15:31:53.189Z
23,0x000a,-0.193564,0x00000000,2025-12-14T15:31:53.189Z,2025-12-14T15:31:53.189Z
22,0x000a,-1.15775,0x00000000,2025-12-14T15:31:53.189Z,2025-12-14T15:31:53.189Z
21,0x000a,-0.00768414,0x00000000,2025-12-14T15:31:53.189Z,2025-12-14T15:31:53.189Z
41,0x0001,true,0x00000000,2025-12-14T15:31:53.289Z,2025-12-14T15:31:53.289Z
36,0x000a,-0.096782,0x00000000,2025-12-14T15:31:53.289Z,2025-12-14T15:31:53.289Z
35,0x000a,-0.578876,0x00000000,2025-12-14T15:31:53.289Z,2025-12-14T15:31:53.289Z
34,0x000a,-0.00384207,0x00000000,2025-12-14T15:31:53.289Z,2025-12-14T15:31:53.289Z
27,0x0001,true,0x00000000,2025-12-14T15:31:53.289Z,2025-12-14T15:31:53.289Z
23,0x000a,-0.096782,0x00000000,2025-12-14T15:31:53.289Z,2025-12-14T15:31:53.289Z
22,0x000a,-0.578876,0x00000000,2025-12-14T15:31:53.289Z,2025-12-14T15:31:53.289Z
21,0x000a,-0.00384207,0x00000000,2025-12-14T15:31:53.289Z,2025-12-14T15:31:53.289Z
4,0x000a,6.5,0x00000000,2025-12-14T15:31:53.289Z,2025-12-14T15:31:53.289Z
3,0x000a,8.2,0x00000000,2025-12-14T15:31:53.289Z,2025-12-14T15:31:53.289Z
2,0x000a,7.5,0x00000000,2025-12-14T15:31:53.289Z,2025-12-14T15:31:53.289Z
42,0x0001,false,0x00000000,2025-12-14T15:31:53.390Z,2025-12-14T15:31:53.390Z
41,0x0001,false,0x00000000,2025-12-14T15:31:53.390Z,2025-12-14T15:31:53.390Z
40,0x0001,false,0x00000000,2025-12-14T15:31:53.390Z,2025-12-14T15:31:53.390Z
27,0x0001,false,0x00000000,2025-12-14T15:31:53.390Z,2025-12-14T15:31:53.390Z
17,0x0001,true,0x00000000,2025-12-14T15:31:53.390Z,2025-12-14T15:31:53.390Z
15,0x0001,true,0x00000000,2025-12-14T15:31:53.390Z,2025-12-14T15:31:53.390Z
13,0x0001,true,0x00000000,2025-12-14T15:31:53.390Z,2025-12-14T15:31:53.390Z
36,0x000a,-0.048391,0x00000000,2025-12-14T15:31:53.492Z,2025-12-14T15:31:53.492Z
35,0x000a,-0.289438,0x00000000,2025-12-14T15:31:53.492Z,2025-12-14T15:31:53.492Z
34,0x000a,-0.00192104,0x00000000,2025-12-14T15:31:53.492Z,2025-12-14T15:31:53.492Z
23,0x000a,-0.048391,0x00000000,2025-12-14T15:31:53.492Z,2025-12-14T15:31:53.492Z
22,0x000a,-0.289438,0x00000000,2025-12-14T15:31:53.492Z,2025-12-14T15:31:53.492Z
21,0x000a,-0.00192104,0x00000000,2025-12-14T15:31:53.492Z,2025-12-14T15:31:53.492Z
39,0x000a,0.802951,0x00000000,2025-12-14T15:31:53.588Z,2025-12-14T15:31:53.588Z
38,0x000a,0.900608,0x00000000,2025-12-14T15:31:53.588Z,2025-12-14T15:31:53.588Z
37,0x000a,1.69994,0x00000000,2025-12-14T15:31:53.588Z,2025-12-14T15:31:53.588Z
36,0x000a,-0.0241955,0x00000000,2025-12-14T15:31:53.588Z,2025-12-14T15:31:53.588Z
35,0x000a,-0.144719,0x00000000,2025-12-14T15:31:53.588Z,2025-12-14T15:31:53.588Z
34,0x000a,-0.000960518,0x00000000,2025-12-14T15:31:53.588Z,2025-12-14T15:31:53.588Z
26,0x000a,1.04999,0x00000000,2025-12-14T15:31:53.588Z,2025-12-14T15:31:53.588Z
25,0x000a,1.05975,0x00000000,2025-12-14T15:31:53.588Z,2025-12-14T15:31:53.588Z
24,0x000a,2.03993,0x00000000,2025-12-14T15:31:53.588Z,2025-12-14T15:31:53.588Z
23,0x000a,-0.0241955,0x00000000,2025-12-14T15:31:53.588Z,2025-12-14T15:31:53.588Z
22,0x000a,-0.144719,0x00000000,2025-12-14T15:31:53.588Z,2025-12-14T15:31:53.588Z
21,0x000a,-0.000960518,0x00000000,2025-12-14T15:31:53.588Z,2025-12-14T15:31:53.588Z
8,0x0004,2903,0x00000000,2025-12-14T15:31:53.588Z,2025-12-14T15:31:53.588Z
7,0x0004,2930,0x00000000,2025-12-14T15:31:53.588Z,2025-12-14T15:31:53.588Z
6,0x0004,5640,0x00000000,2025-12-14T15:31:53.588Z,2025-12-14T15:31:53.588Z
39,0x000a,2.0978,0x00000000,2025-12-14T15:31:53.689Z,2025-12-14T15:31:53.689Z
38,0x000a,1.60229,0x00000000,2025-12-14T15:31:53.689Z,2025-12-14T15:31:53.689Z
37,0x000a,2.6982,0x00000000,2025-12-14T15:31:53.689Z,2025-12-14T15:31:53.689Z
36,0x000a,0.389378,0x00000000,2025-12-14T15:31:53.689Z,2025-12-14T15:31:53.689Z
35,0x000a,0.377944,0x00000000,2025-12-14T15:31:53.689Z,2025-12-14T15:31:53.689Z
34,0x000a,0.849491,0x00000000,2025-12-14T15:31:53.689Z,2025-12-14T15:31:53.689Z
26,0x000a,1.25977,0x00000000,2025-12-14T15:31:53.689Z,2025-12-14T15:31:53.689Z
25,0x000a,1.21998,0x00000000,2025-12-14T15:31:53.689Z,2025-12-14T15:31:53.689Z
24,0x000a,2.30975,0x00000000,2025-12-14T15:31:53.689Z,2025-12-14T15:31:53.689Z
23,0x000a,0.389378,0x00000000,2025-12-14T15:31:53.689Z,2025-12-14T15:31:53.689Z
22,0x000a,0.377944,0x00000000,2025-12-14T15:31:53.689Z,2025-12-14T15:31:53.689Z
21,0x000a,0.849491,0x00000000,2025-12-14T15:31:53.689Z,2025-12-14T15:31:53.689Z
8,0x0004,3483,0x00000000,2025-12-14T15:31:53.689Z,2025-12-14T15:31:53.689Z
7,0x0004,3373,0x00000000,2025-12-14T15:31:53.689Z,2025-12-14T15:31:53.689Z
6,0x0004,6386,0x00000000,2025-12-14T15:31:53.689Z,2025-12-14T15:31:53.689Z
39,0x000a,2.10142,0x00000000,2025-12-14T15:31:53.790Z,2025-12-14T15:31:53.790Z
39,0x000a,2.19907,0x00000000,2025-12-14T15:31:53.889Z,2025-12-14T15:31:53.889Z
38,0x000a,1.4974,0x00000000,2025-12-14T15:31:53.790Z,2025-12-14T15:31:53.790Z
38,0x000a,1.50101,0x00000000,2025-12-14T15:31:53.889Z,2025-12-14T15:31:53.889Z
37,0x000a,2.79948,0x00000000,2025-12-14T15:31:53.790Z,2025-12-14T15:31:53.790Z
36,0x000a,1.24359,0x00000000,2025-12-14T15:31:53.790Z,2025-12-14T15:31:53.790Z
36,0x000a,1.6725,0x00000000,2025-12-14T15:31:53.889Z,2025-12-14T15:31:53.889Z
35,0x000a,0.990115,0x00000000,2025-12-14T15:31:53.790Z,2025-12-14T15:31:53.790Z
35,0x000a,1.24376,0x00000000,2025-12-14T15:31:53.889Z,2025-12-14T15:31:53.889Z
34,0x000a,1.77385,0x00000000,2025-12-14T15:31:53.790Z,2025-12-14T15:31:53.790Z
34,0x000a,2.28666,0x00000000,2025-12-14T15:31:53.889Z,2025-12-14T15:31:53.889Z
26,0x000a,1.46991,0x00000000,2025-12-14T15:31:53.790Z,2025-12-14T15:31:53.790Z
26,0x000a,1.68981,0x00000000,2025-12-14T15:31:53.889Z,2025-12-14T15:31:53.889Z
25,0x000a,1.36972,0x00000000,2025-12-14T15:31:53.790Z,2025-12-14T15:31:53.790Z
25,0x000a,1.51982,0x00000000,2025-12-14T15:31:53.889Z,2025-12-14T15:31:53.889Z
24,0x000a,2.5897,0x00000000,2025-12-14T15:31:53.790Z,2025-12-14T15:31:53.790Z
24,0x000a,2.86965,0x00000000,2025-12-14T15:31:53.889Z,2025-12-14T15:31:53.889Z
23,0x000a,1.24359,0x00000000,2025-12-14T15:31:53.790Z,2025-12-14T15:31:53.790Z
23,0x000a,1.6725,0x00000000,2025-12-14T15:31:53.889Z,2025-12-14T15:31:53.889Z
22,0x000a,0.990115,0x00000000,2025-12-14T15:31:53.790Z,2025-12-14T15:31:53.790Z
22,0x000a,1.24376,0x00000000,2025-12-14T15:31:53.889Z,2025-12-14T15:31:53.889Z
21,0x000a,1.77385,0x00000000,2025-12-14T15:31:53.790Z,2025-12-14T15:31:53.790Z
21,0x000a,2.28666,0x00000000,2025-12-14T15:31:53.889Z,2025-12-14T15:31:53.889Z
8,0x0004,4064,0x00000000,2025-12-14T15:31:53.790Z,2025-12-14T15:31:53.790Z
8,0x0004,4672,0x00000000,2025-12-14T15:31:53.889Z,2025-12-14T15:31:53.889Z
7,0x0004,3787,0x00000000,2025-12-14T15:31:53.790Z,2025-12-14T15:31:53.790Z
7,0x0004,4202,0x00000000,2025-12-14T15:31:53.889Z,2025-12-14T15:31:53.889Z
6,0x0004,7160,0x00000000,2025-12-14T15:31:53.790Z,2025-12-14T15:31:53.790Z
6,0x0004,7934,0x00000000,2025-12-14T15:31:53.889Z,2025-12-14T15:31:53.889Z
39,0x000a,2.10142,0x00000000,2025-12-14T15:31:53.988Z,2025-12-14T15:31:53.988Z
38,0x000a,1.59867,0x00000000,2025-12-14T15:31:53.988Z,2025-12-14T15:31:53.988Z
37,0x000a,2.70182,0x00000000,2025-12-14T15:31:53.988Z,2025-12-14T15:31:53.988Z
36,0x000a,1.93579,0x00000000,2025-12-14T15:31:53.988Z,2025-12-14T15:31:53.988Z
35,0x000a,1.37238,0x00000000,2025-12-14T15:31:53.988Z,2025-12-14T15:31:53.988Z
34,0x000a,2.54307,0x00000000,2025-12-14T15:31:53.988Z,2025-12-14T15:31:53.988Z
26,0x000a,1.89996,0x00000000,2025-12-14T15:31:53.988Z,2025-12-14T15:31:53.988Z
25,0x000a,1.67969,0x00000000,2025-12-14T15:31:53.988Z,2025-12-14T15:31:53.988Z
24,0x000a,3.13983,0x00000000,2025-12-14T15:31:53.988Z,2025-12-14T15:31:53.988Z
23,0x000a,1.93579,0x00000000,2025-12-14T15:31:53.988Z,2025-12-14T15:31:53.988Z
22,0x000a,1.37238,0x00000000,2025-12-14T15:31:53.988Z,2025-12-14T15:31:53.988Z
21,0x000a,2.54307,0x00000000,2025-12-14T15:31:53.988Z,2025-12-14T15:31:53.988Z
8,0x0004,5253,0x00000000,2025-12-14T15:31:53.988Z,2025-12-14T15:31:53.988Z
7,0x0004,4644,0x00000000,2025-12-14T15:31:53.988Z,2025-12-14T15:31:53.988Z
6,0x0004,8681,0x00000000,2025-12-14T15:31:53.988Z,2025-12-14T15:31:53.988Z
39,0x000a,2.0978,0x00000000,2025-12-14T15:31:54.090Z,2025-12-14T15:31:54.090Z
38,0x000a,1.50101,0x00000000,2025-12-14T15:31:54.090Z,2025-12-14T15:31:54.090Z
37,0x000a,2.79948,0x00000000,2025-12-14T15:31:54.090Z,2025-12-14T15:31:54.090Z
36,0x000a,2.0186,0x00000000,2025-12-14T15:31:54.090Z,2025-12-14T15:31:54.090Z
35,0x000a,1.48553,0x00000000,2025-12-14T15:31:54.090Z,2025-12-14T15:31:54.090Z
34,0x000a,2.62245,0x00000000,2025-12-14T15:31:54.090Z,2025-12-14T15:31:54.090Z
26,0x000a,2.10974,0x00000000,2025-12-14T15:31:54.090Z,2025-12-14T15:31:54.090Z
25,0x000a,1.82979,0x00000000,2025-12-14T15:31:54.090Z,2025-12-14T15:31:54.090Z
24,0x000a,3.41978,0x00000000,2025-12-14T15:31:54.090Z,2025-12-14T15:31:54.090Z
23,0x000a,2.0186,0x00000000,2025-12-14T15:31:54.090Z,2025-12-14T15:31:54.090Z
22,0x000a,1.48553,0x00000000,2025-12-14T15:31:54.090Z,2025-12-14T15:31:54.090Z
21,0x000a,2.62245,0x00000000,2025-12-14T15:31:54.090Z,2025-12-14T15:31:54.090Z
8,0x0004,5833,0x00000000,2025-12-14T15:31:54.090Z,2025-12-14T15:31:54.090Z
7,0x0004,5059,0x00000000,2025-12-14T15:31:54.090Z,2025-12-14T15:31:54.090Z
6,0x0004,9455,0x00000000,2025-12-14T15:31:54.090Z,2025-12-14T15:31:54.090Z
26,0x000a,2.36979,0x00000000,2025-12-14T15:31:54.188Z,2025-12-14T15:31:54.188Z
25,0x000a,2.00991,0x00000000,2025-12-14T15:31:54.188Z,2025-12-14T15:31:54.188Z
24,0x000a,3.75,0x00000000,2025-12-14T15:31:54.188Z,2025-12-14T15:31:54.188Z
8,0x0004,6552,0x00000000,2025-12-14T15:31:54.188Z,2025-12-14T15:31:54.188Z
7,0x0004,5557,0x00000000,2025-12-14T15:31:54.188Z,2025-12-14T15:31:54.188Z
6,0x0004,10368,0x00000000,2025-12-14T15:31:54.188Z,2025-12-14T15:31:54.188Z
39,0x000a,2.60055,0x00000000,2025-12-14T15:31:54.288Z,2025-12-14T15:31:54.288Z
38,0x000a,1.80122,0x00000000,2025-12-14T15:31:54.288Z,2025-12-14T15:31:54.288Z
37,0x000a,3.30223,0x00000000,2025-12-14T15:31:54.288Z,2025-12-14T15:31:54.288Z
36,0x000a,2.0582,0x00000000,2025-12-14T15:31:54.288Z,2025-12-14T15:31:54.288Z
35,0x000a,1.49327,0x00000000,2025-12-14T15:31:54.288Z,2025-12-14T15:31:54.288Z
34,0x000a,2.71096,0x00000000,2025-12-14T15:31:54.288Z,2025-12-14T15:31:54.288Z
26,0x000a,2.57993,0x00000000,2025-12-14T15:31:54.288Z,2025-12-14T15:31:54.288Z
25,0x000a,2.16978,0x00000000,2025-12-14T15:31:54.288Z,2025-12-14T15:31:54.288Z
24,0x000a,4.01982,0x00000000,2025-12-14T15:31:54.288Z,2025-12-14T15:31:54.288Z
23,0x000a,2.0582,0x00000000,2025-12-14T15:31:54.288Z,2025-12-14T15:31:54.288Z
22,0x000a,1.49327,0x00000000,2025-12-14T15:31:54.288Z,2025-12-14T15:31:54.288Z
21,0x000a,2.71096,0x00000000,2025-12-14T15:31:54.288Z,2025-12-14T15:31:54.288Z
8,0x0004,7133,0x00000000,2025-12-14T15:31:54.288Z,2025-12-14T15:31:54.288Z
7,0x0004,5999,0x00000000,2025-12-14T15:31:54.288Z,2025-12-14T15:31:54.288Z
6,0x0004,11114,0x00000000,2025-12-14T15:31:54.288Z,2025-12-14T15:31:54.288Z
39,0x000a,2.10142,0x00000000,2025-12-14T15:31:54.390Z,2025-12-14T15:31:54.390Z
38,0x000a,1.59867,0x00000000,2025-12-14T15:31:54.390Z,2025-12-14T15:31:54.390Z
37,0x000a,2.69821,0x00000000,2025-12-14T15:31:54.390Z,2025-12-14T15:31:54.390Z
36,0x000a,2.32938,0x00000000,2025-12-14T15:31:54.390Z,2025-12-14T15:31:54.390Z
35,0x000a,1.64724,0x00000000,2025-12-14T15:31:54.390Z,2025-12-14T15:31:54.390Z
34,0x000a,3.0066,0x00000000,2025-12-14T15:31:54.390Z,2025-12-14T15:31:54.390Z
26,0x000a,2.78971,0x00000000,2025-12-14T15:31:54.390Z,2025-12-14T15:31:54.390Z
25,0x000a,2.31988,0x00000000,2025-12-14T15:31:54.390Z,2025-12-14T15:31:54.390Z
24,0x000a,4.29977,0x00000000,2025-12-14T15:31:54.390Z,2025-12-14T15:31:54.390Z
23,0x000a,2.32938,0x00000000,2025-12-14T15:31:54.390Z,2025-12-14T15:31:54.390Z
22,0x000a,1.64724,0x00000000,2025-12-14T15:31:54.390Z,2025-12-14T15:31:54.390Z
21,0x000a,3.0066,0x00000000,2025-12-14T15:31:54.390Z,2025-12-14T15:31:54.390Z
8,0x0004,7713,0x00000000,2025-12-14T15:31:54.390Z,2025-12-14T15:31:54.390Z
7,0x0004,6414,0x00000000,2025-12-14T15:31:54.390Z,2025-12-14T15:31:54.390Z
6,0x0004,11888,0x00000000,2025-12-14T15:31:54.390Z,2025-12-14T15:31:54.390Z
39,0x000a,4.30049,0x00000000,2025-12-14T15:31:54.488Z,2025-12-14T15:31:54.488Z
38,0x000a,3.00203,0x00000000,2025-12-14T15:31:54.488Z,2025-12-14T15:31:54.488Z
37,0x000a,5.59896,0x00000000,2025-12-14T15:31:54.488Z,2025-12-14T15:31:54.488Z
36,0x000a,2.2154,0x00000000,2025-12-14T15:31:54.488Z,2025-12-14T15:31:54.488Z
35,0x000a,1.62296,0x00000000,2025-12-14T15:31:54.488Z,2025-12-14T15:31:54.488Z
34,0x000a,2.8524,0x00000000,2025-12-14T15:31:54.488Z,2025-12-14T15:31:54.488Z
26,0x000a,3.00998,0x00000000,2025-12-14T15:31:54.488Z,2025-12-14T15:31:54.488Z
25,0x000a,2.46998,0x00000000,2025-12-14T15:31:54.488Z,2025-12-14T15:31:54.488Z
24,0x000a,4.57972,0x00000000,2025-12-14T15:31:54.488Z,2025-12-14T15:31:54.488Z
23,0x000a,2.2154,0x00000000,2025-12-14T15:31:54.488Z,2025-12-14T15:31:54.488Z
22,0x000a,1.62296,0x00000000,2025-12-14T15:31:54.488Z,2025-12-14T15:31:54.488Z
21,0x000a,2.8524,0x00000000,2025-12-14T15:31:54.488Z,2025-12-14T15:31:54.488Z
8,0x0004,8322,0x00000000,2025-12-14T15:31:54.488Z,2025-12-14T15:31:54.488Z
7,0x0004,6829,0x00000000,2025-12-14T15:31:54.488Z,2025-12-14T15:31:54.488Z
6,0x0004,12662,0x00000000,2025-12-14T15:31:54.488Z,2025-12-14T15:31:54.488Z
39,0x000a,2.0978,0x00000000,2025-12-14T15:31:54.590Z,2025-12-14T15:31:54.590Z
38,0x000a,1.59867,0x00000000,2025-12-14T15:31:54.590Z,2025-12-14T15:31:54.590Z
37,0x000a,2.70183,0x00000000,2025-12-14T15:31:54.590Z,2025-12-14T15:31:54.590Z
36,0x000a,3.25794,0x00000000,2025-12-14T15:31:54.590Z,2025-12-14T15:31:54.590Z
35,0x000a,2.31249,0x00000000,2025-12-14T15:31:54.590Z,2025-12-14T15:31:54.590Z
34,0x000a,4.22568,0x00000000,2025-12-14T15:31:54.590Z,2025-12-14T15:31:54.590Z
26,0x000a,3.21976,0x00000000,2025-12-14T15:31:54.590Z,2025-12-14T15:31:54.590Z
25,0x000a,2.62985,0x00000000,2025-12-14T15:31:54.590Z,2025-12-14T15:31:54.590Z
24,0x000a,4.8499,0x00000000,2025-12-14T15:31:54.590Z,2025-12-14T15:31:54.590Z
23,0x000a,3.25794,0x00000000,2025-12-14T15:31:54.590Z,2025-12-14T15:31:54.590Z
22,0x000a,2.31249,0x00000000,2025-12-14T15:31:54.590Z,2025-12-14T15:31:54.590Z
21,0x000a,4.22568,0x00000000,2025-12-14T15:31:54.590Z,2025-12-14T15:31:54.590Z
8,0x0004,8902,0x00000000,2025-12-14T15:31:54.590Z,2025-12-14T15:31:54.590Z
7,0x0004,7271,0x00000000,2025-12-14T15:31:54.590Z,2025-12-14T15:31:54.590Z
6,0x0004,13409,0x00000000,2025-12-14T15:31:54.590Z,2025-12-14T15:31:54.590Z
39,0x000a,2.10142,0x00000000,2025-12-14T15:31:54.689Z,2025-12-14T15:31:54.689Z
38,0x000a,1.50101,0x00000000,2025-12-14T15:31:54.689Z,2025-12-14T15:31:54.689Z
37,0x000a,2.79948,0x00000000,2025-12-14T15:31:54.689Z,2025-12-14T15:31:54.689Z
36,0x000a,2.67787,0x00000000,2025-12-14T15:31:54.689Z,2025-12-14T15:31:54.689Z
35,0x000a,1.95558,0x00000000,2025-12-14T15:31:54.689Z,2025-12-14T15:31:54.689Z
34,0x000a,3.46375,0x00000000,2025-12-14T15:31:54.689Z,2025-12-14T15:31:54.689Z
26,0x000a,3.4299,0x00000000,2025-12-14T15:31:54.689Z,2025-12-14T15:31:54.689Z
25,0x000a,2.77995,0x00000000,2025-12-14T15:31:54.689Z,2025-12-14T15:31:54.689Z
24,0x000a,5.12985,0x00000000,2025-12-14T15:31:54.689Z,2025-12-14T15:31:54.689Z
23,0x000a,2.67787,0x00000000,2025-12-14T15:31:54.689Z,2025-12-14T15:31:54.689Z
22,0x000a,1.95558,0x00000000,2025-12-14T15:31:54.689Z,2025-12-14T15:31:54.689Z
21,0x000a,3.46375,0x00000000,2025-12-14T15:31:54.689Z,2025-12-14T15:31:54.689Z
8,0x0004,9483,0x00000000,2025-12-14T15:31:54.689Z,2025-12-14T15:31:54.689Z
7,0x0004,7686,0x00000000,2025-12-14T15:31:54.689Z,2025-12-14T15:31:54.689Z
6,0x0004,14183,0x00000000,2025-12-14T15:31:54.689Z,2025-12-14T15:31:54.689Z
39,0x000a,2.19907,0x00000000,2025-12-14T15:31:54.789Z,2025-12-14T15:31:54.789Z
38,0x000a,1.4974,0x00000000,2025-12-14T15:31:54.789Z,2025-12-14T15:31:54.789Z
37,0x000a,2.69821,0x00000000,2025-12-14T15:31:54.789Z,2025-12-14T15:31:54.789Z
36,0x000a,2.38965,0x00000000,2025-12-14T15:31:54.789Z,2025-12-14T15:31:54.789Z
35,0x000a,1.7283,0x00000000,2025-12-14T15:31:54.789Z,2025-12-14T15:31:54.789Z
34,0x000a,3.13161,0x00000000,2025-12-14T15:31:54.789Z,2025-12-14T15:31:54.789Z
26,0x000a,3.64981,0x00000000,2025-12-14T15:31:54.789Z,2025-12-14T15:31:54.789Z
25,0x000a,2.92969,0x00000000,2025-12-14T15:31:54.789Z,2025-12-14T15:31:54.789Z
24,0x000a,5.39967,0x00000000,2025-12-14T15:31:54.789Z,2025-12-14T15:31:54.789Z
23,0x000a,2.38965,0x00000000,2025-12-14T15:31:54.789Z,2025-12-14T15:31:54.789Z
22,0x000a,1.7283,0x00000000,2025-12-14T15:31:54.789Z,2025-12-14T15:31:54.789Z
21,0x000a,3.13161,0x00000000,2025-12-14T15:31:54.789Z,2025-12-14T15:31:54.789Z
8,0x0004,10091,0x00000000,2025-12-14T15:31:54.789Z,2025-12-14T15:31:54.789Z
7,0x0004,8100,0x00000000,2025-12-14T15:31:54.789Z,2025-12-14T15:31:54.789Z
6,0x0004,14929,0x00000000,2025-12-14T15:31:54.789Z,2025-12-14T15:31:54.789Z
39,0x000a,2.10142,0x00000000,2025-12-14T15:31:54.889Z,2025-12-14T15:31:54.889Z
38,0x000a,1.60228,0x00000000,2025-12-14T15:31:54.889Z,2025-12-14T15:31:54.889Z
37,0x000a,2.8031,0x00000000,2025-12-14T15:31:54.889Z,2025-12-14T15:31:54.889Z
36,0x000a,2.29436,0x00000000,2025-12-14T15:31:54.889Z,2025-12-14T15:31:54.889Z
35,0x000a,1.61285,0x00000000,2025-12-14T15:31:54.889Z,2025-12-14T15:31:54.889Z
34,0x000a,2.91491,0x00000000,2025-12-14T15:31:54.889Z,2025-12-14T15:31:54.889Z
26,0x000a,3.85995,0x00000000,2025-12-14T15:31:54.889Z,2025-12-14T15:31:54.889Z
25,0x000a,3.08992,0x00000000,2025-12-14T15:31:54.889Z,2025-12-14T15:31:54.889Z
24,0x000a,5.67998,0x00000000,2025-12-14T15:31:54.889Z,2025-12-14T15:31:54.889Z
23,0x000a,2.29436,0x00000000,2025-12-14T15:31:54.889Z,2025-12-14T15:31:54.889Z
22,0x000a,1.61285,0x00000000,2025-12-14T15:31:54.889Z,2025-12-14T15:31:54.889Z
21,0x000a,2.91491,0x00000000,2025-12-14T15:31:54.889Z,2025-12-14T15:31:54.889Z
8,0x0004,10672,0x00000000,2025-12-14T15:31:54.889Z,2025-12-14T15:31:54.889Z
7,0x0004,8543,0x00000000,2025-12-14T15:31:54.889Z,2025-12-14T15:31:54.889Z
6,0x0004,15704,0x00000000,2025-12-14T15:31:54.889Z,2025-12-14T15:31:54.889Z
36,0x000a,2.19789,0x00000000,2025-12-14T15:31:54.988Z,2025-12-14T15:31:54.988Z
35,0x000a,1.60757,0x00000000,2025-12-14T15:31:54.988Z,2025-12-14T15:31:54.988Z
34,0x000a,2.859,0x00000000,2025-12-14T15:31:54.988Z,2025-12-14T15:31:54.988Z
26,0x000a,4.10988,0x00000000,2025-12-14T15:31:54.988Z,2025-12-14T15:31:54.988Z
25,0x000a,3.26968,0x00000000,2025-12-14T15:31:54.988Z,2025-12-14T15:31:54.988Z
24,0x000a,6.00984,0x00000000,2025-12-14T15:31:54.988Z,2025-12-14T15:31:54.988Z
23,0x000a,2.19789,0x00000000,2025-12-14T15:31:54.988Z,2025-12-14T15:31:54.988Z
22,0x000a,1.60757,0x00000000,2025-12-14T15:31:54.988Z,2025-12-14T15:31:54.988Z
21,0x000a,2.859,0x00000000,2025-12-14T15:31:54.988Z,2025-12-14T15:31:54.988Z
8,0x0004,11363,0x00000000,2025-12-14T15:31:54.988Z,2025-12-14T15:31:54.988Z
7,0x0004,9040,0x00000000,2025-12-14T15:31:54.988Z,2025-12-14T15:31:54.988Z
6,0x0004,16616,0x00000000,2025-12-14T15:31:54.988Z,2025-12-14T15:31:54.988Z
39,0x000a,2.49928,0x00000000,2025-12-14T15:31:55.090Z,2025-12-14T15:31:55.090Z
38,0x000a,1.7976,0x00000000,2025-12-14T15:31:55.090Z,2025-12-14T15:31:55.090Z
37,0x000a,3.29861,0x00000000,2025-12-14T15:31:55.090Z,2025-12-14T15:31:55.090Z
26,0x000a,4.32979,0x00000000,2025-12-14T15:31:55.090Z,2025-12-14T15:31:55.090Z
25,0x000a,3.41978,0x00000000,2025-12-14T15:31:55.090Z,2025-12-14T15:31:55.090Z
24,0x000a,6.28979,0x00000000,2025-12-14T15:31:55.090Z,2025-12-14T15:31:55.090Z
8,0x0004,11971,0x00000000,2025-12-14T15:31:55.090Z,2025-12-14T15:31:55.090Z
7,0x0004,9455,0x00000000,2025-12-14T15:31:55.090Z,2025-12-14T15:31:55.090Z
6,0x0004,17390,0x00000000,2025-12-14T15:31:55.090Z,2025-12-14T15:31:55.090Z
39,0x000a,2.19907,0x00000000,2025-12-14T15:31:55.188Z,2025-12-14T15:31:55.188Z
38,0x000a,1.50101,0x00000000,2025-12-14T15:31:55.188Z,2025-12-14T15:31:55.188Z
37,0x000a,2.79948,0x00000000,2025-12-14T15:31:55.188Z,2025-12-14T15:31:55.188Z
36,0x000a,2.34858,0x00000000,2025-12-14T15:31:55.188Z,2025-12-14T15:31:55.188Z
35,0x000a,1.70258,0x00000000,2025-12-14T15:31:55.188Z,2025-12-14T15:31:55.188Z
34,0x000a,3.07881,0x00000000,2025-12-14T15:31:55.188Z,2025-12-14T15:31:55.188Z
26,0x000a,4.53993,0x00000000,2025-12-14T15:31:55.188Z,2025-12-14T15:31:55.188Z
25,0x000a,3.57964,0x00000000,2025-12-14T15:31:55.188Z,2025-12-14T15:31:55.188Z
24,0x000a,6.55997,0x00000000,2025-12-14T15:31:55.188Z,2025-12-14T15:31:55.188Z
23,0x000a,2.34858,0x00000000,2025-12-14T15:31:55.188Z,2025-12-14T15:31:55.188Z
22,0x000a,1.70258,0x00000000,2025-12-14T15:31:55.188Z,2025-12-14T15:31:55.188Z
21,0x000a,3.07881,0x00000000,2025-12-14T15:31:55.188Z,2025-12-14T15:31:55.188Z
8,0x0004,12552,0x00000000,2025-12-14T15:31:55.188Z,2025-12-14T15:31:55.188Z
7,0x0004,9897,0x00000000,2025-12-14T15:31:55.188Z,2025-12-14T15:31:55.188Z
6,0x0004,18137,0x00000000,2025-12-14T15:31:55.188Z,2025-12-14T15:31:55.188Z
39,0x000a,2.10142,0x00000000,2025-12-14T15:31:55.290Z,2025-12-14T15:31:55.290Z
39,0x000a,2.0978,0x00000000,2025-12-14T15:31:55.388Z,2025-12-14T15:31:55.388Z
38,0x000a,1.59867,0x00000000,2025-12-14T15:31:55.290Z,2025-12-14T15:31:55.290Z
38,0x000a,1.50101,0x00000000,2025-12-14T15:31:55.388Z,2025-12-14T15:31:55.388Z
37,0x000a,2.70182,0x00000000,2025-12-14T15:31:55.290Z,2025-12-14T15:31:55.290Z
37,0x000a,2.79948,0x00000000,2025-12-14T15:31:55.388Z,2025-12-14T15:31:55.388Z
36,0x000a,2.27383,0x00000000,2025-12-14T15:31:55.290Z,2025-12-14T15:31:55.290Z
36,0x000a,2.18762,0x00000000,2025-12-14T15:31:55.388Z,2025-12-14T15:31:55.388Z
35,0x000a,1.6018,0x00000000,2025-12-14T15:31:55.290Z,2025-12-14T15:31:55.290Z
35,0x000a,1.60023,0x00000000,2025-12-14T15:31:55.388Z,2025-12-14T15:31:55.388Z
34,0x000a,2.93914,0x00000000,2025-12-14T15:31:55.290Z,2025-12-14T15:31:55.290Z
34,0x000a,2.82048,0x00000000,2025-12-14T15:31:55.388Z,2025-12-14T15:31:55.388Z
26,0x000a,4.74971,0x00000000,2025-12-14T15:31:55.290Z,2025-12-14T15:31:55.290Z
26,0x000a,5.00977,0x00000000,2025-12-14T15:31:55.388Z,2025-12-14T15:31:55.388Z
25,0x000a,3.72975,0x00000000,2025-12-14T15:31:55.290Z,2025-12-14T15:31:55.290Z
25,0x000a,3.90987,0x00000000,2025-12-14T15:31:55.388Z,2025-12-14T15:31:55.388Z
24,0x000a,6.83992,0x00000000,2025-12-14T15:31:55.290Z,2025-12-14T15:31:55.290Z
24,0x000a,7.16978,0x00000000,2025-12-14T15:31:55.388Z,2025-12-14T15:31:55.388Z
23,0x000a,2.27383,0x00000000,2025-12-14T15:31:55.290Z,2025-12-14T15:31:55.290Z
23,0x000a,2.18762,0x00000000,2025-12-14T15:31:55.388Z,2025-12-14T15:31:55.388Z
22,0x000a,1.6018,0x00000000,2025-12-14T15:31:55.290Z,2025-12-14T15:31:55.290Z
22,0x000a,1.60023,0x00000000,2025-12-14T15:31:55.388Z,2025-12-14T15:31:55.388Z
21,0x000a,2.93914,0x00000000,2025-12-14T15:31:55.290Z,2025-12-14T15:31:55.290Z
21,0x000a,2.82048,0x00000000,2025-12-14T15:31:55.388Z,2025-12-14T15:31:55.388Z
8,0x0004,13132,0x00000000,2025-12-14T15:31:55.290Z,2025-12-14T15:31:55.290Z
8,0x0004,13851,0x00000000,2025-12-14T15:31:55.388Z,2025-12-14T15:31:55.388Z
7,0x0004,10312,0x00000000,2025-12-14T15:31:55.290Z,2025-12-14T15:31:55.290Z
7,0x0004,10810,0x00000000,2025-12-14T15:31:55.388Z,2025-12-14T15:31:55.388Z
6,0x0004,18911,0x00000000,2025-12-14T15:31:55.290Z,2025-12-14T15:31:55.290Z
6,0x0004,19823,0x00000000,2025-12-14T15:31:55.388Z,2025-12-14T15:31:55.388Z
39,0x000a,2.60055,0x00000000,2025-12-14T15:31:55.489Z,2025-12-14T15:31:55.489Z
38,0x000a,1.80121,0x00000000,2025-12-14T15:31:55.489Z,2025-12-14T15:31:55.489Z
37,0x000a,3.29861,0x00000000,2025-12-14T15:31:55.489Z,2025-12-14T15:31:55.489Z
36,0x000a,2.14271,0x00000000,2025-12-14T15:31:55.489Z,2025-12-14T15:31:55.489Z
35,0x000a,1.55062,0x00000000,2025-12-14T15:31:55.489Z,2025-12-14T15:31:55.489Z
34,0x000a,2.80998,0x00000000,2025-12-14T15:31:55.489Z,2025-12-14T15:31:55.489Z
26,0x000a,5.21991,0x00000000,2025-12-14T15:31:55.489Z,2025-12-14T15:31:55.489Z
25,0x000a,4.06973,0x00000000,2025-12-14T15:31:55.489Z,2025-12-14T15:31:55.489Z
24,0x000a,7.43996,0x00000000,2025-12-14T15:31:55.489Z,2025-12-14T15:31:55.489Z
23,0x000a,2.14271,0x00000000,2025-12-14T15:31:55.489Z,2025-12-14T15:31:55.489Z
22,0x000a,1.55062,0x00000000,2025-12-14T15:31:55.489Z,2025-12-14T15:31:55.489Z
21,0x000a,2.80998,0x00000000,2025-12-14T15:31:55.489Z,2025-12-14T15:31:55.489Z
13,0x0001,false,0x00000000,2025-12-14T15:31:55.489Z,2025-12-14T15:31:55.489Z
8,0x0004,14432,0x00000000,2025-12-14T15:31:55.489Z,2025-12-14T15:31:55.489Z
7,0x0004,11252,0x00000000,2025-12-14T15:31:55.489Z,2025-12-14T15:31:55.489Z
6,0x0004,20570,0x00000000,2025-12-14T15:31:55.489Z,2025-12-14T15:31:55.489Z
39,0x000a,4.30049,0x00000000,2025-12-14T15:31:55.589Z,2025-12-14T15:31:55.589Z
38,0x000a,3.09968,0x00000000,2025-12-14T15:31:55.589Z,2025-12-14T15:31:55.589Z
37,0x000a,5.5013,0x00000000,2025-12-14T15:31:55.589Z,2025-12-14T15:31:55.589Z
36,0x000a,2.37163,0x00000000,2025-12-14T15:31:55.589Z,2025-12-14T15:31:55.589Z
35,0x000a,1.67592,0x00000000,2025-12-14T15:31:55.589Z,2025-12-14T15:31:55.589Z
34,0x000a,3.0543,0x00000000,2025-12-14T15:31:55.589Z,2025-12-14T15:31:55.589Z
26,0x000a,5.43981,0x00000000,2025-12-14T15:31:55.589Z,2025-12-14T15:31:55.589Z
25,0x000a,4.21983,0x00000000,2025-12-14T15:31:55.589Z,2025-12-14T15:31:55.589Z
24,0x000a,7.71991,0x00000000,2025-12-14T15:31:55.589Z,2025-12-14T15:31:55.589Z
23,0x000a,2.37163,0x00000000,2025-12-14T15:31:55.589Z,2025-12-14T15:31:55.589Z
22,0x000a,1.67592,0x00000000,2025-12-14T15:31:55.589Z,2025-12-14T15:31:55.589Z
21,0x000a,3.0543,0x00000000,2025-12-14T15:31:55.589Z,2025-12-14T15:31:55.589Z
8,0x0004,15040,0x00000000,2025-12-14T15:31:55.589Z,2025-12-14T15:31:55.589Z
7,0x0004,11667,0x00000000,2025-12-14T15:31:55.589Z,2025-12-14T15:31:55.589Z
6,0x0004,21344,0x00000000,2025-12-14T15:31:55.589Z,2025-12-14T15:31:55.589Z
39,0x000a,2.10142,0x00000000,2025-12-14T15:31:55.688Z,2025-12-14T15:31:55.688Z
38,0x000a,1.50102,0x00000000,2025-12-14T15:31:55.688Z,2025-12-14T15:31:55.688Z
37,0x000a,1.09954,0x00000000,2025-12-14T15:31:55.688Z,2025-12-14T15:31:55.688Z
36,0x000a,3.33606,0x00000000,2025-12-14T15:31:55.688Z,2025-12-14T15:31:55.688Z
35,0x000a,2.3878,0x00000000,2025-12-14T15:31:55.688Z,2025-12-14T15:31:55.688Z
34,0x000a,4.2778,0x00000000,2025-12-14T15:31:55.688Z,2025-12-14T15:31:55.688Z
26,0x000a,5.64996,0x00000000,2025-12-14T15:31:55.688Z,2025-12-14T15:31:55.688Z
25,0x000a,4.36994,0x00000000,2025-12-14T15:31:55.688Z,2025-12-14T15:31:55.688Z
24,0x000a,7.82986,0x00000000,2025-12-14T15:31:55.688Z,2025-12-14T15:31:55.688Z
23,0x000a,3.33606,0x00000000,2025-12-14T15:31:55.688Z,2025-12-14T15:31:55.688Z
22,0x000a,2.3878,0x00000000,2025-12-14T15:31:55.688Z,2025-12-14T15:31:55.688Z
21,0x000a,4.2778,0x00000000,2025-12-14T15:31:55.688Z,2025-12-14T15:31:55.688Z
14,0x0001,true,0x00000000,2025-12-14T15:31:55.688Z,2025-12-14T15:31:55.688Z
8,0x0004,15621,0x00000000,2025-12-14T15:31:55.688Z,2025-12-14T15:31:55.688Z
7,0x0004,12082,0x00000000,2025-12-14T15:31:55.688Z,2025-12-14T15:31:55.688Z
6,0x0004,21648,0x00000000,2025-12-14T15:31:55.688Z,2025-12-14T15:31:55.688Z
36,0x000a,2.71874,0x00000000,2025-12-14T15:31:55.790Z,2025-12-14T15:31:55.790Z
35,0x000a,1.94441,0x00000000,2025-12-14T15:31:55.790Z,2025-12-14T15:31:55.790Z
34,0x000a,2.68867,0x00000000,2025-12-14T15:31:55.790Z,2025-12-14T15:31:55.790Z
26,0x000a,5.85974,0x00000000,2025-12-14T15:31:55.790Z,2025-12-14T15:31:55.790Z
25,0x000a,4.5298,0x00000000,2025-12-14T15:31:55.790Z,2025-12-14T15:31:55.790Z
23,0x000a,2.71874,0x00000000,2025-12-14T15:31:55.790Z,2025-12-14T15:31:55.790Z
22,0x000a,1.94441,0x00000000,2025-12-14T15:31:55.790Z,2025-12-14T15:31:55.790Z
21,0x000a,2.68867,0x00000000,2025-12-14T15:31:55.790Z,2025-12-14T15:31:55.790Z
8,0x0004,16201,0x00000000,2025-12-14T15:31:55.790Z,2025-12-14T15:31:55.790Z
7,0x0004,12524,0x00000000,2025-12-14T15:31:55.790Z,2025-12-14T15:31:55.790Z
39,0x000a,2.0978,0x00000000,2025-12-14T15:31:55.889Z,2025-12-14T15:31:55.889Z
38,0x000a,1.59867,0x00000000,2025-12-14T15:31:55.889Z,2025-12-14T15:31:55.889Z
37,0x000a,0,0x00000000,2025-12-14T15:31:55.889Z,2025-12-14T15:31:55.889Z
26,0x000a,6.07964,0x00000000,2025-12-14T15:31:55.889Z,2025-12-14T15:31:55.889Z
25,0x000a,4.6799,0x00000000,2025-12-14T15:31:55.889Z,2025-12-14T15:31:55.889Z
24,0x000a,7.71991,0x00000000,2025-12-14T15:31:55.889Z,2025-12-14T15:31:55.889Z
14,0x0001,false,0x00000000,2025-12-14T15:31:55.889Z,2025-12-14T15:31:55.889Z
8,0x0004,16809,0x00000000,2025-12-14T15:31:55.889Z,2025-12-14T15:31:55.889Z
7,0x0004,12939,0x00000000,2025-12-14T15:31:55.889Z,2025-12-14T15:31:55.889Z
6,0x0004,21344,0x00000000,2025-12-14T15:31:55.889Z,2025-12-14T15:31:55.889Z
39,0x000a,2.19908,0x00000000,2025-12-14T15:31:55.990Z,2025-12-14T15:31:55.990Z
38,0x000a,1.50101,0x00000000,2025-12-14T15:31:55.990Z,2025-12-14T15:31:55.990Z
37,0x000a,-1.09954,0x00000000,2025-12-14T15:31:55.990Z,2025-12-14T15:31:55.990Z
36,0x000a,2.40827,0x00000000,2025-12-14T15:31:55.990Z,2025-12-14T15:31:55.990Z
35,0x000a,1.77154,0x00000000,2025-12-14T15:31:55.990Z,2025-12-14T15:31:55.990Z
34,0x000a,1.34433,0x00000000,2025-12-14T15:31:55.990Z,2025-12-14T15:31:55.990Z
26,0x000a,6.28979,0x00000000,2025-12-14T15:31:55.990Z,2025-12-14T15:31:55.990Z
25,0x000a,4.82964,0x00000000,2025-12-14T15:31:55.990Z,2025-12-14T15:31:55.990Z
24,0x000a,7.43996,0x00000000,2025-12-14T15:31:55.990Z,2025-12-14T15:31:55.990Z
23,0x000a,2.40827,0x00000000,2025-12-14T15:31:55.990Z,2025-12-14T15:31:55.990Z
22,0x000a,1.77154,0x00000000,2025-12-14T15:31:55.990Z,2025-12-14T15:31:55.990Z
21,0x000a,1.34433,0x00000000,2025-12-14T15:31:55.990Z,2025-12-14T15:31:55.990Z
17,0x0001,false,0x00000000,2025-12-14T15:31:55.990Z,2025-12-14T15:31:55.990Z
8,0x0004,17390,0x00000000,2025-12-14T15:31:55.990Z,2025-12-14T15:31:55.990Z
7,0x0004,13353,0x00000000,2025-12-14T15:31:55.990Z,2025-12-14T15:31:55.990Z
6,0x0004,20570,0x00000000,2025-12-14T15:31:55.990Z,2025-12-14T15:31:55.990Z
39,0x000a,2.10142,0x00000000,2025-12-14T15:31:56.089Z,2025-12-14T15:31:56.089Z
38,0x000a,1.4974,0x00000000,2025-12-14T15:31:56.089Z,2025-12-14T15:31:56.089Z
37,0x000a,-2.79948,0x00000000,2025-12-14T15:31:56.089Z,2025-12-14T15:31:56.089Z
36,0x000a,2.30367,0x00000000,2025-12-14T15:31:56.089Z,2025-12-14T15:31:56.089Z
35,0x000a,1.63627,0x00000000,2025-12-14T15:31:56.089Z,2025-12-14T15:31:56.089Z
34,0x000a,0.122398,0x00000000,2025-12-14T15:31:56.089Z,2025-12-14T15:31:56.089Z
26,0x000a,6.53971,0x00000000,2025-12-14T15:31:56.089Z,2025-12-14T15:31:56.089Z
25,0x000a,5.01989,0x00000000,2025-12-14T15:31:56.089Z,2025-12-14T15:31:56.089Z
24,0x000a,7.27973,0x00000000,2025-12-14T15:31:56.089Z,2025-12-14T15:31:56.089Z
23,0x000a,2.30367,0x00000000,2025-12-14T15:31:56.089Z,2025-12-14T15:31:56.089Z
22,0x000a,1.63627,0x00000000,2025-12-14T15:31:56.089Z,2025-12-14T15:31:56.089Z
21,0x000a,0.122398,0x00000000,2025-12-14T15:31:56.089Z,2025-12-14T15:31:56.089Z
8,0x0004,18081,0x00000000,2025-12-14T15:31:56.089Z,2025-12-14T15:31:56.089Z
7,0x0004,13879,0x00000000,2025-12-14T15:31:56.089Z,2025-12-14T15:31:56.089Z
6,0x0004,20127,0x00000000,2025-12-14T15:31:56.089Z,2025-12-14T15:31:56.089Z
39,0x000a,2.49928,0x00000000,2025-12-14T15:31:56.188Z,2025-12-14T15:31:56.188Z
38,0x000a,1.90248,0x00000000,2025-12-14T15:31:56.188Z,2025-12-14T15:31:56.188Z
37,0x000a,-1.60229,0x00000000,2025-12-14T15:31:56.188Z,2025-12-14T15:31:56.188Z
36,0x000a,2.20254,0x00000000,2025-12-14T15:31:56.188Z,2025-12-14T15:31:56.188Z
35,0x000a,1.56684,0x00000000,2025-12-14T15:31:56.188Z,2025-12-14T15:31:56.188Z
34,0x000a,-1.33854,0x00000000,2025-12-14T15:31:56.188Z,2025-12-14T15:31:56.188Z
23,0x000a,2.20254,0x00000000,2025-12-14T15:31:56.188Z,2025-12-14T15:31:56.188Z
22,0x000a,1.56684,0x00000000,2025-12-14T15:31:56.188Z,2025-12-14T15:31:56.188Z
21,0x000a,-1.33854,0x00000000,2025-12-14T15:31:56.188Z,2025-12-14T15:31:56.188Z
39,0x000a,0.900607,0x00000000,2025-12-14T15:31:56.289Z,2025-12-14T15:31:56.289Z
38,0x000a,1.50102,0x00000000,2025-12-14T15:31:56.289Z,2025-12-14T15:31:56.289Z
37,0x000a,0,0x00000000,2025-12-14T15:31:56.289Z,2025-12-14T15:31:56.289Z
36,0x000a,2.35091,0x00000000,2025-12-14T15:31:56.289Z,2025-12-14T15:31:56.289Z
35,0x000a,1.73466,0x00000000,2025-12-14T15:31:56.289Z,2025-12-14T15:31:56.289Z
34,0x000a,-1.47041,0x00000000,2025-12-14T15:31:56.289Z,2025-12-14T15:31:56.289Z
26,0x000a,6.62977,0x00000000,2025-12-14T15:31:56.289Z,2025-12-14T15:31:56.289Z
25,0x000a,5.16999,0x00000000,2025-12-14T15:31:56.289Z,2025-12-14T15:31:56.289Z
23,0x000a,2.35091,0x00000000,2025-12-14T15:31:56.289Z,2025-12-14T15:31:56.289Z
22,0x000a,1.73466,0x00000000,2025-12-14T15:31:56.289Z,2025-12-14T15:31:56.289Z
21,0x000a,-1.47041,0x00000000,2025-12-14T15:31:56.289Z,2025-12-14T15:31:56.289Z
8,0x0004,18330,0x00000000,2025-12-14T15:31:56.289Z,2025-12-14T15:31:56.289Z
7,0x0004,14294,0x00000000,2025-12-14T15:31:56.289Z,2025-12-14T15:31:56.289Z
40,0x0001,true,0x00000000,2025-12-14T15:31:56.390Z,2025-12-14T15:31:56.390Z
39,0x000a,0,0x00000000,2025-12-14T15:31:56.390Z,2025-12-14T15:31:56.390Z
38,0x000a,1.59867,0x00000000,2025-12-14T15:31:56.390Z,2025-12-14T15:31:56.390Z
36,0x000a,1.62576,0x00000000,2025-12-14T15:31:56.390Z,2025-12-14T15:31:56.390Z
35,0x000a,1.61784,0x00000000,2025-12-14T15:31:56.390Z,2025-12-14T15:31:56.390Z
34,0x000a,-0.735207,0x00000000,2025-12-14T15:31:56.390Z,2025-12-14T15:31:56.390Z
25,0x000a,5.32986,0x00000000,2025-12-14T15:31:56.390Z,2025-12-14T15:31:56.390Z
23,0x000a,1.62576,0x00000000,2025-12-14T15:31:56.390Z,2025-12-14T15:31:56.390Z
22,0x000a,1.61784,0x00000000,2025-12-14T15:31:56.390Z,2025-12-14T15:31:56.390Z
21,0x000a,-0.735207,0x00000000,2025-12-14T15:31:56.390Z,2025-12-14T15:31:56.390Z
7,0x0004,14736,0x00000000,2025-12-14T15:31:56.390Z,2025-12-14T15:31:56.390Z
42,0x0001,true,0x00000000,2025-12-14T15:31:56.490Z,2025-12-14T15:31:56.490Z
38,0x000a,1.50101,0x00000000,2025-12-14T15:31:56.490Z,2025-12-14T15:31:56.490Z
36,0x000a,0.812879,0x00000000,2025-12-14T15:31:56.490Z,2025-12-14T15:31:56.490Z
35,0x000a,1.60825,0x00000000,2025-12-14T15:31:56.490Z,2025-12-14T15:31:56.490Z
34,0x000a,-0.367603,0x00000000,2025-12-14T15:31:56.490Z,2025-12-14T15:31:56.490Z
25,0x000a,5.47996,0x00000000,2025-12-14T15:31:56.490Z,2025-12-14T15:31:56.490Z
23,0x000a,0.812879,0x00000000,2025-12-14T15:31:56.490Z,2025-12-14T15:31:56.490Z
22,0x000a,1.60825,0x00000000,2025-12-14T15:31:56.490Z,2025-12-14T15:31:56.490Z
21,0x000a,-0.367603,0x00000000,2025-12-14T15:31:56.490Z,2025-12-14T15:31:56.490Z
7,0x0004,15151,0x00000000,2025-12-14T15:31:56.490Z,2025-12-14T15:31:56.490Z
36,0x000a,0.40644,0x00000000,2025-12-14T15:31:56.590Z,2025-12-14T15:31:56.590Z
35,0x000a,1.55463,0x00000000,2025-12-14T15:31:56.590Z,2025-12-14T15:31:56.590Z
34,0x000a,-0.183802,0x00000000,2025-12-14T15:31:56.590Z,2025-12-14T15:31:56.590Z
25,0x000a,5.6297,0x00000000,2025-12-14T15:31:56.590Z,2025-12-14T15:31:56.590Z
23,0x000a,0.40644,0x00000000,2025-12-14T15:31:56.590Z,2025-12-14T15:31:56.590Z
22,0x000a,1.55463,0x00000000,2025-12-14T15:31:56.590Z,2025-12-14T15:31:56.590Z
21,0x000a,-0.183802,0x00000000,2025-12-14T15:31:56.590Z,2025-12-14T15:31:56.590Z
7,0x0004,15565,0x00000000,2025-12-14T15:31:56.590Z,2025-12-14T15:31:56.590Z
38,0x000a,1.4974,0x00000000,2025-12-14T15:31:56.688Z,2025-12-14T15:31:56.688Z
25,0x000a,5.81995,0x00000000,2025-12-14T15:31:56.688Z,2025-12-14T15:31:56.688Z
7,0x0004,16091,0x00000000,2025-12-14T15:31:56.688Z,2025-12-14T15:31:56.688Z
38,0x000a,3.39988,0x00000000,2025-12-14T15:31:56.789Z,2025-12-14T15:31:56.789Z
36,0x000a,0.20322,0x00000000,2025-12-14T15:31:56.789Z,2025-12-14T15:31:56.789Z
35,0x000a,1.52602,0x00000000,2025-12-14T15:31:56.789Z,2025-12-14T15:31:56.789Z
34,0x000a,-0.0919008,0x00000000,2025-12-14T15:31:56.789Z,2025-12-14T15:31:56.789Z
25,0x000a,5.96969,0x00000000,2025-12-14T15:31:56.789Z,2025-12-14T15:31:56.789Z
23,0x000a,0.20322,0x00000000,2025-12-14T15:31:56.789Z,2025-12-14T15:31:56.789Z
22,0x000a,1.52602,0x00000000,2025-12-14T15:31:56.789Z,2025-12-14T15:31:56.789Z
21,0x000a,-0.0919008,0x00000000,2025-12-14T15:31:56.789Z,2025-12-14T15:31:56.789Z
7,0x0004,16505,0x00000000,2025-12-14T15:31:56.789Z,2025-12-14T15:31:56.789Z
38,0x000a,1.50101,0x00000000,2025-12-14T15:31:56.889Z,2025-12-14T15:31:56.889Z
36,0x000a,0.10161,0x00000000,2025-12-14T15:31:56.889Z,2025-12-14T15:31:56.889Z
35,0x000a,2.46295,0x00000000,2025-12-14T15:31:56.889Z,2025-12-14T15:31:56.889Z
34,0x000a,-0.0459504,0x00000000,2025-12-14T15:31:56.889Z,2025-12-14T15:31:56.889Z
25,0x000a,6.11979,0x00000000,2025-12-14T15:31:56.889Z,2025-12-14T15:31:56.889Z
23,0x000a,0.10161,0x00000000,2025-12-14T15:31:56.889Z,2025-12-14T15:31:56.889Z
22,0x000a,2.46295,0x00000000,2025-12-14T15:31:56.889Z,2025-12-14T15:31:56.889Z
21,0x000a,-0.0459504,0x00000000,2025-12-14T15:31:56.889Z,2025-12-14T15:31:56.889Z
7,0x0004,16920,0x00000000,2025-12-14T15:31:56.889Z,2025-12-14T15:31:56.889Z
38,0x000a,1.59867,0x00000000,2025-12-14T15:31:56.990Z,2025-12-14T15:31:56.990Z
36,0x000a,0.050805,0x00000000,2025-12-14T15:31:56.990Z,2025-12-14T15:31:56.990Z
35,0x000a,1.98198,0x00000000,2025-12-14T15:31:56.990Z,2025-12-14T15:31:56.990Z
34,0x000a,-0.0229752,0x00000000,2025-12-14T15:31:56.990Z,2025-12-14T15:31:56.990Z
25,0x000a,6.27966,0x00000000,2025-12-14T15:31:56.990Z,2025-12-14T15:31:56.990Z
23,0x000a,0.050805,0x00000000,2025-12-14T15:31:56.990Z,2025-12-14T15:31:56.990Z
22,0x000a,1.98198,0x00000000,2025-12-14T15:31:56.990Z,2025-12-14T15:31:56.990Z
21,0x000a,-0.0229752,0x00000000,2025-12-14T15:31:56.990Z,2025-12-14T15:31:56.990Z
7,0x0004,17362,0x00000000,2025-12-14T15:31:56.990Z,2025-12-14T15:31:56.990Z
38,0x000a,1.50101,0x00000000,2025-12-14T15:31:57.090Z,2025-12-14T15:31:57.090Z
38,0x000a,1.50102,0x00000000,2025-12-14T15:31:57.190Z,2025-12-14T15:31:57.190Z
36,0x000a,0.0254025,0x00000000,2025-12-14T15:31:57.090Z,2025-12-14T15:31:57.090Z
36,0x000a,0.0127012,0x00000000,2025-12-14T15:31:57.190Z,2025-12-14T15:31:57.190Z
35,0x000a,1.79032,0x00000000,2025-12-14T15:31:57.090Z,2025-12-14T15:31:57.090Z
35,0x000a,1.64567,0x00000000,2025-12-14T15:31:57.190Z,2025-12-14T15:31:57.190Z
34,0x000a,-0.0114876,0x00000000,2025-12-14T15:31:57.090Z,2025-12-14T15:31:57.090Z
34,0x000a,-0.0057438,0x00000000,2025-12-14T15:31:57.190Z,2025-12-14T15:31:57.190Z
25,0x000a,6.42976,0x00000000,2025-12-14T15:31:57.090Z,2025-12-14T15:31:57.090Z
25,0x000a,6.57986,0x00000000,2025-12-14T15:31:57.190Z,2025-12-14T15:31:57.190Z
23,0x000a,0.0254025,0x00000000,2025-12-14T15:31:57.090Z,2025-12-14T15:31:57.090Z
23,0x000a,0.0127012,0x00000000,2025-12-14T15:31:57.190Z,2025-12-14T15:31:57.190Z
22,0x000a,1.79032,0x00000000,2025-12-14T15:31:57.090Z,2025-12-14T15:31:57.090Z
22,0x000a,1.64567,0x00000000,2025-12-14T15:31:57.190Z,2025-12-14T15:31:57.190Z
21,0x000a,-0.0114876,0x00000000,2025-12-14T15:31:57.090Z,2025-12-14T15:31:57.090Z
21,0x000a,-0.0057438,0x00000000,2025-12-14T15:31:57.190Z,2025-12-14T15:31:57.190Z
7,0x0004,17777,0x00000000,2025-12-14T15:31:57.090Z,2025-12-14T15:31:57.090Z
7,0x0004,18192,0x00000000,2025-12-14T15:31:57.190Z,2025-12-14T15:31:57.190Z
38,0x000a,1.59867,0x00000000,2025-12-14T15:31:57.290Z,2025-12-14T15:31:57.290Z
36,0x000a,0.00635062,0x00000000,2025-12-14T15:31:57.290Z,2025-12-14T15:31:57.290Z
35,0x000a,1.57334,0x00000000,2025-12-14T15:31:57.290Z,2025-12-14T15:31:57.290Z
34,0x000a,-0.0028719,0x00000000,2025-12-14T15:31:57.290Z,2025-12-14T15:31:57.290Z
25,0x000a,6.73973,0x00000000,2025-12-14T15:31:57.290Z,2025-12-14T15:31:57.290Z
23,0x000a,0.00635062,0x00000000,2025-12-14T15:31:57.290Z,2025-12-14T15:31:57.290Z
22,0x000a,1.57334,0x00000000,2025-12-14T15:31:57.290Z,2025-12-14T15:31:57.290Z
21,0x000a,-0.0028719,0x00000000,2025-12-14T15:31:57.290Z,2025-12-14T15:31:57.290Z
7,0x0004,18634,0x00000000,2025-12-14T15:31:57.290Z,2025-12-14T15:31:57.290Z
36,0x000a,0.00317531,0x00000000,2025-12-14T15:31:57.388Z,2025-12-14T15:31:57.388Z
35,0x000a,1.58601,0x00000000,2025-12-14T15:31:57.388Z,2025-12-14T15:31:57.388Z
34,0x000a,-0.00143595,0x00000000,2025-12-14T15:31:57.388Z,2025-12-14T15:31:57.388Z
25,0x000a,6.91985,0x00000000,2025-12-14T15:31:57.388Z,2025-12-14T15:31:57.388Z
23,0x000a,0.00317531,0x00000000,2025-12-14T15:31:57.388Z,2025-12-14T15:31:57.388Z
22,0x000a,1.58601,0x00000000,2025-12-14T15:31:57.388Z,2025-12-14T15:31:57.388Z
21,0x000a,-0.00143595,0x00000000,2025-12-14T15:31:57.388Z,2025-12-14T15:31:57.388Z
7,0x0004,19132,0x00000000,2025-12-14T15:31:57.388Z,2025-12-14T15:31:57.388Z
38,0x000a,1.80121,0x00000000,2025-12-14T15:31:57.489Z,2025-12-14T15:31:57.489Z
25,0x000a,7.06995,0x00000000,2025-12-14T15:31:57.489Z,2025-12-14T15:31:57.489Z
7,0x0004,19547,0x00000000,2025-12-14T15:31:57.489Z,2025-12-14T15:31:57.489Z
38,0x000a,1.50101,0x00000000,2025-12-14T15:31:57.589Z,2025-12-14T15:31:57.589Z
36,0x000a,0.00158765,0x00000000,2025-12-14T15:31:57.589Z,2025-12-14T15:31:57.589Z
35,0x000a,1.69361,0x00000000,2025-12-14T15:31:57.589Z,2025-12-14T15:31:57.589Z
34,0x000a,-0.000717975,0x00000000,2025-12-14T15:31:57.589Z,2025-12-14T15:31:57.589Z
25,0x000a,7.22982,0x00000000,2025-12-14T15:31:57.589Z,2025-12-14T15:31:57.589Z
23,0x000a,0.00158765,0x00000000,2025-12-14T15:31:57.589Z,2025-12-14T15:31:57.589Z
22,0x000a,1.69361,0x00000000,2025-12-14T15:31:57.589Z,2025-12-14T15:31:57.589Z
21,0x000a,-0.000717975,0x00000000,2025-12-14T15:31:57.589Z,2025-12-14T15:31:57.589Z
7,0x0004,19989,0x00000000,2025-12-14T15:31:57.589Z,2025-12-14T15:31:57.589Z
38,0x000a,1.59867,0x00000000,2025-12-14T15:31:57.689Z,2025-12-14T15:31:57.689Z
36,0x000a,0.000793827,0x00000000,2025-12-14T15:31:57.689Z,2025-12-14T15:31:57.689Z
35,0x000a,1.59731,0x00000000,2025-12-14T15:31:57.689Z,2025-12-14T15:31:57.689Z
34,0x000a,-0.000358988,0x00000000,2025-12-14T15:31:57.689Z,2025-12-14T15:31:57.689Z
25,0x000a,7.37992,0x00000000,2025-12-14T15:31:57.689Z,2025-12-14T15:31:57.689Z
23,0x000a,0.000793827,0x00000000,2025-12-14T15:31:57.689Z,2025-12-14T15:31:57.689Z
22,0x000a,1.59731,0x00000000,2025-12-14T15:31:57.689Z,2025-12-14T15:31:57.689Z
21,0x000a,-0.000358988,0x00000000,2025-12-14T15:31:57.689Z,2025-12-14T15:31:57.689Z
7,0x0004,20404,0x00000000,2025-12-14T15:31:57.689Z,2025-12-14T15:31:57.689Z
38,0x000a,1.50102,0x00000000,2025-12-14T15:31:57.789Z,2025-12-14T15:31:57.789Z
36,0x000a,0.000396914,0x00000000,2025-12-14T15:31:57.789Z,2025-12-14T15:31:57.789Z
35,0x000a,1.59799,0x00000000,2025-12-14T15:31:57.789Z,2025-12-14T15:31:57.789Z
34,0x000a,-0.000179494,0x00000000,2025-12-14T15:31:57.789Z,2025-12-14T15:31:57.789Z
25,0x000a,7.52966,0x00000000,2025-12-14T15:31:57.789Z,2025-12-14T15:31:57.789Z
23,0x000a,0.000396914,0x00000000,2025-12-14T15:31:57.789Z,2025-12-14T15:31:57.789Z
22,0x000a,1.59799,0x00000000,2025-12-14T15:31:57.789Z,2025-12-14T15:31:57.789Z
21,0x000a,-0.000179494,0x00000000,2025-12-14T15:31:57.789Z,2025-12-14T15:31:57.789Z
7,0x0004,20818,0x00000000,2025-12-14T15:31:57.789Z,2025-12-14T15:31:57.789Z
38,0x000a,3.39988,0x00000000,2025-12-14T15:31:57.890Z,2025-12-14T15:31:57.890Z
36,0x000a,0.000198457,0x00000000,2025-12-14T15:31:57.890Z,2025-12-14T15:31:57.890Z
35,0x000a,1.5495,0x00000000,2025-12-14T15:31:57.890Z,2025-12-14T15:31:57.890Z
34,0x000a,-8.97469e-05,0x00000000,2025-12-14T15:31:57.890Z,2025-12-14T15:31:57.890Z
25,0x000a,7.71991,0x00000000,2025-12-14T15:31:57.890Z,2025-12-14T15:31:57.890Z
23,0x000a,0.000198457,0x00000000,2025-12-14T15:31:57.890Z,2025-12-14T15:31:57.890Z
22,0x000a,1.5495,0x00000000,2025-12-14T15:31:57.890Z,2025-12-14T15:31:57.890Z
21,0x000a,-8.97469e-05,0x00000000,2025-12-14T15:31:57.890Z,2025-12-14T15:31:57.890Z
7,0x0004,21344,0x00000000,2025-12-14T15:31:57.890Z,2025-12-14T15:31:57.890Z
38,0x000a,1.4974,0x00000000,2025-12-14T15:31:57.988Z,2025-12-14T15:31:57.988Z
36,0x000a,9.92284e-05,0x00000000,2025-12-14T15:31:57.988Z,2025-12-14T15:31:57.988Z
35,0x000a,2.47469,0x00000000,2025-12-14T15:31:57.988Z,2025-12-14T15:31:57.988Z
34,0x000a,-4.48735e-05,0x00000000,2025-12-14T15:31:57.988Z,2025-12-14T15:31:57.988Z
25,0x000a,7.86965,0x00000000,2025-12-14T15:31:57.988Z,2025-12-14T15:31:57.988Z
23,0x000a,9.92284e-05,0x00000000,2025-12-14T15:31:57.988Z,2025-12-14T15:31:57.988Z
22,0x000a,2.47469,0x00000000,2025-12-14T15:31:57.988Z,2025-12-14T15:31:57.988Z
21,0x000a,-4.48735e-05,0x00000000,2025-12-14T15:31:57.988Z,2025-12-14T15:31:57.988Z
7,0x0004,21758,0x00000000,2025-12-14T15:31:57.988Z,2025-12-14T15:31:57.988Z
38,0x000a,1.50101,0x00000000,2025-12-14T15:31:58.091Z,2025-12-14T15:31:58.091Z
36,0x000a,4.96142e-05,0x00000000,2025-12-14T15:31:58.091Z,2025-12-14T15:31:58.091Z
35,0x000a,1.98605,0x00000000,2025-12-14T15:31:58.091Z,2025-12-14T15:31:58.091Z
34,0x000a,-2.24367e-05,0x00000000,2025-12-14T15:31:58.091Z,2025-12-14T15:31:58.091Z
25,0x000a,8.01975,0x00000000,2025-12-14T15:31:58.091Z,2025-12-14T15:31:58.091Z
23,0x000a,4.96142e-05,0x00000000,2025-12-14T15:31:58.091Z,2025-12-14T15:31:58.091Z
22,0x000a,1.98605,0x00000000,2025-12-14T15:31:58.091Z,2025-12-14T15:31:58.091Z
21,0x000a,-2.24367e-05,0x00000000,2025-12-14T15:31:58.091Z,2025-12-14T15:31:58.091Z
15,0x0001,false,0x00000000,2025-12-14T15:31:58.091Z,2025-12-14T15:31:58.091Z
7,0x0004,22173,0x00000000,2025-12-14T15:31:58.091Z,2025-12-14T15:31:58.091Z
38,0x000a,1.60229,0x00000000,2025-12-14T15:31:58.189Z,2025-12-14T15:31:58.189Z
36,0x000a,2.48071e-05,0x00000000,2025-12-14T15:31:58.189Z,2025-12-14T15:31:58.189Z
35,0x000a,1.74353,0x00000000,2025-12-14T15:31:58.189Z,2025-12-14T15:31:58.189Z
34,0x000a,-1.12184e-05,0x00000000,2025-12-14T15:31:58.189Z,2025-12-14T15:31:58.189Z
25,0x000a,8.17998,0x00000000,2025-12-14T15:31:58.189Z,2025-12-14T15:31:58.189Z
23,0x000a,2.48071e-05,0x00000000,2025-12-14T15:31:58.189Z,2025-12-14T15:31:58.189Z
22,0x000a,1.74353,0x00000000,2025-12-14T15:31:58.189Z,2025-12-14T15:31:58.189Z
21,0x000a,-1.12184e-05,0x00000000,2025-12-14T15:31:58.189Z,2025-12-14T15:31:58.189Z
7,0x0004,22616,0x00000000,2025-12-14T15:31:58.189Z,2025-12-14T15:31:58.189Z
36,0x000a,1.24036e-05,0x00000000,2025-12-14T15:31:58.289Z,2025-12-14T15:31:58.289Z
35,0x000a,1.67291,0x00000000,2025-12-14T15:31:58.289Z,2025-12-14T15:31:58.289Z
34,0x000a,-5.60918e-06,0x00000000,2025-12-14T15:31:58.289Z,2025-12-14T15:31:58.289Z
25,0x000a,8.23966,0x00000000,2025-12-14T15:31:58.289Z,2025-12-14T15:31:58.289Z
23,0x000a,1.24036e-05,0x00000000,2025-12-14T15:31:58.289Z,2025-12-14T15:31:58.289Z
22,0x000a,1.67291,0x00000000,2025-12-14T15:31:58.289Z,2025-12-14T15:31:58.289Z
21,0x000a,-5.60918e-06,0x00000000,2025-12-14T15:31:58.289Z,2025-12-14T15:31:58.289Z
7,0x0004,22781,0x00000000,2025-12-14T15:31:58.289Z,2025-12-14T15:31:58.289Z
38,0x000a,0.59679,0x00000000,2025-12-14T15:31:58.390Z,2025-12-14T15:31:58.390Z
38,0x000a,0,0x00000000,2025-12-14T15:31:58.489Z,2025-12-14T15:31:58.489Z
36,0x000a,6.20178e-06,0x00000000,2025-12-14T15:31:58.489Z,2025-12-14T15:31:58.489Z
35,0x000a,1.13485,0x00000000,2025-12-14T15:31:58.489Z,2025-12-14T15:31:58.489Z
34,0x000a,-2.80459e-06,0x00000000,2025-12-14T15:31:58.489Z,2025-12-14T15:31:58.489Z
23,0x000a,6.20178e-06,0x00000000,2025-12-14T15:31:58.489Z,2025-12-14T15:31:58.489Z
22,0x000a,1.13485,0x00000000,2025-12-14T15:31:58.489Z,2025-12-14T15:31:58.489Z
21,0x000a,-2.80459e-06,0x00000000,2025-12-14T15:31:58.489Z,2025-12-14T15:31:58.489Z
42,0x0001,false,0x00000000,2025-12-14T15:31:58.589Z,2025-12-14T15:31:58.589Z
40,0x0001,false,0x00000000,2025-12-14T15:31:58.589Z,2025-12-14T15:31:58.589Z
36,0x000a,3.10089e-06,0x00000000,2025-12-14T15:31:58.589Z,2025-12-14T15:31:58.589Z
35,0x000a,0.567424,0x00000000,2025-12-14T15:31:58.589Z,2025-12-14T15:31:58.589Z
34,0x000a,-1.4023e-06,0x00000000,2025-12-14T15:31:58.589Z,2025-12-14T15:31:58.589Z
23,0x000a,3.10089e-06,0x00000000,2025-12-14T15:31:58.589Z,2025-12-14T15:31:58.589Z
22,0x000a,0.567424,0x00000000,2025-12-14T15:31:58.589Z,2025-12-14T15:31:58.589Z
21,0x000a,-1.4023e-06,0x00000000,2025-12-14T15:31:58.589Z,2025-12-14T15:31:58.589Z
18,0x0001,true,0x00000000,2025-12-14T15:31:58.589Z,2025-12-14T15:31:58.589Z
16,0x0001,true,0x00000000,2025-12-14T15:31:58.589Z,2025-12-14T15:31:58.589Z
14,0x0001,true,0x00000000,2025-12-14T15:31:58.589Z,2025-12-14T15:31:58.589Z
4,0x000a,4.2,0x00000000,2025-12-14T15:31:58.589Z,2025-12-14T15:31:58.589Z
3,0x000a,3.8,0x00000000,2025-12-14T15:31:58.589Z,2025-12-14T15:31:58.589Z
2,0x000a,4.5,0x00000000,2025-12-14T15:31:58.589Z,2025-12-14T15:31:58.589Z
36,0x000a,1.55044e-06,0x00000000,2025-12-14T15:31:58.688Z,2025-12-14T15:31:58.688Z
35,0x000a,0.283712,0x00000000,2025-12-14T15:31:58.688Z,2025-12-14T15:31:58.688Z
34,0x000a,-7.01148e-07,0x00000000,2025-12-14T15:31:58.688Z,2025-12-14T15:31:58.688Z
23,0x000a,1.55044e-06,0x00000000,2025-12-14T15:31:58.688Z,2025-12-14T15:31:58.688Z
22,0x000a,0.283712,0x00000000,2025-12-14T15:31:58.688Z,2025-12-14T15:31:58.688Z
21,0x000a,-7.01148e-07,0x00000000,2025-12-14T15:31:58.688Z,2025-12-14T15:31:58.688Z
39,0x000a,-0.698061,0x00000000,2025-12-14T15:31:58.888Z,2025-12-14T15:31:58.888Z
38,0x000a,-0.896988,0x00000000,2025-12-14T15:31:58.888Z,2025-12-14T15:31:58.888Z
37,0x000a,-1.69994,0x00000000,2025-12-14T15:31:58.888Z,2025-12-14T15:31:58.888Z
36,0x000a,7.75222e-07,0x00000000,2025-12-14T15:31:58.792Z,2025-12-14T15:31:58.792Z
36,0x000a,3.87611e-07,0x00000000,2025-12-14T15:31:58.888Z,2025-12-14T15:31:58.888Z
35,0x000a,0.141856,0x00000000,2025-12-14T15:31:58.792Z,2025-12-14T15:31:58.792Z
35,0x000a,0.070928,0x00000000,2025-12-14T15:31:58.888Z,2025-12-14T15:31:58.888Z
34,0x000a,-3.50574e-07,0x00000000,2025-12-14T15:31:58.792Z,2025-12-14T15:31:58.792Z
34,0x000a,-1.75287e-07,0x00000000,2025-12-14T15:31:58.888Z,2025-12-14T15:31:58.888Z
26,0x000a,6.55997,0x00000000,2025-12-14T15:31:58.792Z,2025-12-14T15:31:58.792Z
26,0x000a,6.3397,0x00000000,2025-12-14T15:31:58.888Z,2025-12-14T15:31:58.888Z
25,0x000a,8.14996,0x00000000,2025-12-14T15:31:58.792Z,2025-12-14T15:31:58.792Z
25,0x000a,7.98973,0x00000000,2025-12-14T15:31:58.888Z,2025-12-14T15:31:58.888Z
24,0x000a,7.10974,0x00000000,2025-12-14T15:31:58.792Z,2025-12-14T15:31:58.792Z
24,0x000a,6.83992,0x00000000,2025-12-14T15:31:58.888Z,2025-12-14T15:31:58.888Z
23,0x000a,7.75222e-07,0x00000000,2025-12-14T15:31:58.792Z,2025-12-14T15:31:58.792Z
23,0x000a,3.87611e-07,0x00000000,2025-12-14T15:31:58.888Z,2025-12-14T15:31:58.888Z
22,0x000a,0.141856,0x00000000,2025-12-14T15:31:58.792Z,2025-12-14T15:31:58.792Z
22,0x000a,0.070928,0x00000000,2025-12-14T15:31:58.888Z,2025-12-14T15:31:58.888Z
21,0x000a,-3.50574e-07,0x00000000,2025-12-14T15:31:58.792Z,2025-12-14T15:31:58.792Z
21,0x000a,-1.75287e-07,0x00000000,2025-12-14T15:31:58.888Z,2025-12-14T15:31:58.888Z
8,0x0004,18137,0x00000000,2025-12-14T15:31:58.792Z,2025-12-14T15:31:58.792Z
8,0x0004,17528,0x00000000,2025-12-14T15:31:58.888Z,2025-12-14T15:31:58.888Z
7,0x0004,22533,0x00000000,2025-12-14T15:31:58.792Z,2025-12-14T15:31:58.792Z
7,0x0004,22090,0x00000000,2025-12-14T15:31:58.888Z,2025-12-14T15:31:58.888Z
6,0x0004,19657,0x00000000,2025-12-14T15:31:58.792Z,2025-12-14T15:31:58.792Z
6,0x0004,18911,0x00000000,2025-12-14T15:31:58.888Z,2025-12-14T15:31:58.888Z
39,0x000a,-4.70197,0x00000000,2025-12-14T15:31:58.990Z,2025-12-14T15:31:58.990Z
38,0x000a,-3.39989,0x00000000,2025-12-14T15:31:58.990Z,2025-12-14T15:31:58.990Z
37,0x000a,-6.00043,0x00000000,2025-12-14T15:31:58.990Z,2025-12-14T15:31:58.990Z
36,0x000a,-0.34903,0x00000000,2025-12-14T15:31:58.990Z,2025-12-14T15:31:58.990Z
35,0x000a,-0.41303,0x00000000,2025-12-14T15:31:58.990Z,2025-12-14T15:31:58.990Z
34,0x000a,-0.849972,0x00000000,2025-12-14T15:31:58.990Z,2025-12-14T15:31:58.990Z
26,0x000a,6.08977,0x00000000,2025-12-14T15:31:58.990Z,2025-12-14T15:31:58.990Z
25,0x000a,7.80997,0x00000000,2025-12-14T15:31:58.990Z,2025-12-14T15:31:58.990Z
24,0x000a,6.50969,0x00000000,2025-12-14T15:31:58.990Z,2025-12-14T15:31:58.990Z
23,0x000a,-0.34903,0x00000000,2025-12-14T15:31:58.990Z,2025-12-14T15:31:58.990Z
22,0x000a,-0.41303,0x00000000,2025-12-14T15:31:58.990Z,2025-12-14T15:31:58.990Z
21,0x000a,-0.849972,0x00000000,2025-12-14T15:31:58.990Z,2025-12-14T15:31:58.990Z
8,0x0004,16837,0x00000000,2025-12-14T15:31:58.990Z,2025-12-14T15:31:58.990Z
7,0x0004,21593,0x00000000,2025-12-14T15:31:58.990Z,2025-12-14T15:31:58.990Z
6,0x0004,17998,0x00000000,2025-12-14T15:31:58.990Z,2025-12-14T15:31:58.990Z
36,0x000a,-2.5255,0x00000000,2025-12-14T15:31:59.088Z,2025-12-14T15:31:59.088Z
35,0x000a,-1.90646,0x00000000,2025-12-14T15:31:59.088Z,2025-12-14T15:31:59.088Z
34,0x000a,-3.4252,0x00000000,2025-12-14T15:31:59.088Z,2025-12-14T15:31:59.088Z
26,0x000a,5.86986,0x00000000,2025-12-14T15:31:59.088Z,2025-12-14T15:31:59.088Z
25,0x000a,7.65987,0x00000000,2025-12-14T15:31:59.088Z,2025-12-14T15:31:59.088Z
24,0x000a,6.22975,0x00000000,2025-12-14T15:31:59.088Z,2025-12-14T15:31:59.088Z
23,0x000a,-2.5255,0x00000000,2025-12-14T15:31:59.088Z,2025-12-14T15:31:59.088Z
22,0x000a,-1.90646,0x00000000,2025-12-14T15:31:59.088Z,2025-12-14T15:31:59.088Z
21,0x000a,-3.4252,0x00000000,2025-12-14T15:31:59.088Z,2025-12-14T15:31:59.088Z
8,0x0004,16229,0x00000000,2025-12-14T15:31:59.088Z,2025-12-14T15:31:59.088Z
7,0x0004,21178,0x00000000,2025-12-14T15:31:59.088Z,2025-12-14T15:31:59.088Z
6,0x0004,17224,0x00000000,2025-12-14T15:31:59.088Z,2025-12-14T15:31:59.088Z
39,0x000a,-2.19907,0x00000000,2025-12-14T15:31:59.190Z,2025-12-14T15:31:59.190Z
38,0x000a,-1.50101,0x00000000,2025-12-14T15:31:59.190Z,2025-12-14T15:31:59.190Z
37,0x000a,-2.79948,0x00000000,2025-12-14T15:31:59.190Z,2025-12-14T15:31:59.190Z
26,0x000a,5.65972,0x00000000,2025-12-14T15:31:59.190Z,2025-12-14T15:31:59.190Z
25,0x000a,7.5,0x00000000,2025-12-14T15:31:59.190Z,2025-12-14T15:31:59.190Z
24,0x000a,5.95992,0x00000000,2025-12-14T15:31:59.190Z,2025-12-14T15:31:59.190Z
8,0x0004,15648,0x00000000,2025-12-14T15:31:59.190Z,2025-12-14T15:31:59.190Z
7,0x0004,20736,0x00000000,2025-12-14T15:31:59.190Z,2025-12-14T15:31:59.190Z
6,0x0004,16478,0x00000000,2025-12-14T15:31:59.190Z,2025-12-14T15:31:59.190Z
39,0x000a,-2.10142,0x00000000,2025-12-14T15:31:59.288Z,2025-12-14T15:31:59.288Z
38,0x000a,-1.59867,0x00000000,2025-12-14T15:31:59.288Z,2025-12-14T15:31:59.288Z
37,0x000a,-2.69821,0x00000000,2025-12-14T15:31:59.288Z,2025-12-14T15:31:59.288Z
36,0x000a,-2.36229,0x00000000,2025-12-14T15:31:59.288Z,2025-12-14T15:31:59.288Z
35,0x000a,-1.70374,0x00000000,2025-12-14T15:31:59.288Z,2025-12-14T15:31:59.288Z
34,0x000a,-3.11234,0x00000000,2025-12-14T15:31:59.288Z,2025-12-14T15:31:59.288Z
23,0x000a,-2.36229,0x00000000,2025-12-14T15:31:59.288Z,2025-12-14T15:31:59.288Z
22,0x000a,-1.70374,0x00000000,2025-12-14T15:31:59.288Z,2025-12-14T15:31:59.288Z
21,0x000a,-3.11234,0x00000000,2025-12-14T15:31:59.288Z,2025-12-14T15:31:59.288Z
39,0x000a,-2.0978,0x00000000,2025-12-14T15:31:59.389Z,2025-12-14T15:31:59.389Z
38,0x000a,-1.50101,0x00000000,2025-12-14T15:31:59.389Z,2025-12-14T15:31:59.389Z
37,0x000a,-2.79948,0x00000000,2025-12-14T15:31:59.389Z,2025-12-14T15:31:59.389Z
36,0x000a,-2.23185,0x00000000,2025-12-14T15:31:59.389Z,2025-12-14T15:31:59.389Z
35,0x000a,-1.6512,0x00000000,2025-12-14T15:31:59.389Z,2025-12-14T15:31:59.389Z
34,0x000a,-2.90527,0x00000000,2025-12-14T15:31:59.389Z,2025-12-14T15:31:59.389Z
26,0x000a,5.44994,0x00000000,2025-12-14T15:31:59.389Z,2025-12-14T15:31:59.389Z
25,0x000a,7.3499,0x00000000,2025-12-14T15:31:59.389Z,2025-12-14T15:31:59.389Z
24,0x000a,5.67998,0x00000000,2025-12-14T15:31:59.389Z,2025-12-14T15:31:59.389Z
23,0x000a,-2.23185,0x00000000,2025-12-14T15:31:59.389Z,2025-12-14T15:31:59.389Z
22,0x000a,-1.6512,0x00000000,2025-12-14T15:31:59.389Z,2025-12-14T15:31:59.389Z
21,0x000a,-2.90527,0x00000000,2025-12-14T15:31:59.389Z,2025-12-14T15:31:59.389Z
8,0x0004,15068,0x00000000,2025-12-14T15:31:59.389Z,2025-12-14T15:31:59.389Z
7,0x0004,20321,0x00000000,2025-12-14T15:31:59.389Z,2025-12-14T15:31:59.389Z
6,0x0004,15704,0x00000000,2025-12-14T15:31:59.389Z,2025-12-14T15:31:59.389Z
39,0x000a,-2.20269,0x00000000,2025-12-14T15:31:59.489Z,2025-12-14T15:31:59.489Z
38,0x000a,-1.50102,0x00000000,2025-12-14T15:31:59.489Z,2025-12-14T15:31:59.489Z
37,0x000a,-2.8031,0x00000000,2025-12-14T15:31:59.489Z,2025-12-14T15:31:59.489Z
36,0x000a,-2.16483,0x00000000,2025-12-14T15:31:59.489Z,2025-12-14T15:31:59.489Z
35,0x000a,-1.57611,0x00000000,2025-12-14T15:31:59.489Z,2025-12-14T15:31:59.489Z
34,0x000a,-2.85238,0x00000000,2025-12-14T15:31:59.489Z,2025-12-14T15:31:59.489Z
26,0x000a,5.22967,0x00000000,2025-12-14T15:31:59.489Z,2025-12-14T15:31:59.489Z
25,0x000a,7.1998,0x00000000,2025-12-14T15:31:59.489Z,2025-12-14T15:31:59.489Z
24,0x000a,5.39967,0x00000000,2025-12-14T15:31:59.489Z,2025-12-14T15:31:59.489Z
23,0x000a,-2.16483,0x00000000,2025-12-14T15:31:59.489Z,2025-12-14T15:31:59.489Z
22,0x000a,-1.57611,0x00000000,2025-12-14T15:31:59.489Z,2025-12-14T15:31:59.489Z
21,0x000a,-2.85238,0x00000000,2025-12-14T15:31:59.489Z,2025-12-14T15:31:59.489Z
8,0x0004,14459,0x00000000,2025-12-14T15:31:59.489Z,2025-12-14T15:31:59.489Z
7,0x0004,19906,0x00000000,2025-12-14T15:31:59.489Z,2025-12-14T15:31:59.489Z
6,0x0004,14929,0x00000000,2025-12-14T15:31:59.489Z,2025-12-14T15:31:59.489Z
39,0x000a,-2.0978,0x00000000,2025-12-14T15:31:59.589Z,2025-12-14T15:31:59.589Z
38,0x000a,-1.59867,0x00000000,2025-12-14T15:31:59.589Z,2025-12-14T15:31:59.589Z
37,0x000a,-2.69821,0x00000000,2025-12-14T15:31:59.589Z,2025-12-14T15:31:59.589Z
36,0x000a,-2.18376,0x00000000,2025-12-14T15:31:59.589Z,2025-12-14T15:31:59.589Z
35,0x000a,-1.53856,0x00000000,2025-12-14T15:31:59.589Z,2025-12-14T15:31:59.589Z
34,0x000a,-2.82774,0x00000000,2025-12-14T15:31:59.589Z,2025-12-14T15:31:59.589Z
26,0x000a,5.01989,0x00000000,2025-12-14T15:31:59.589Z,2025-12-14T15:31:59.589Z
25,0x000a,7.03993,0x00000000,2025-12-14T15:31:59.589Z,2025-12-14T15:31:59.589Z
24,0x000a,5.12985,0x00000000,2025-12-14T15:31:59.589Z,2025-12-14T15:31:59.589Z
23,0x000a,-2.18376,0x00000000,2025-12-14T15:31:59.589Z,2025-12-14T15:31:59.589Z
22,0x000a,-1.53856,0x00000000,2025-12-14T15:31:59.589Z,2025-12-14T15:31:59.589Z
21,0x000a,-2.82774,0x00000000,2025-12-14T15:31:59.589Z,2025-12-14T15:31:59.589Z
8,0x0004,13879,0x00000000,2025-12-14T15:31:59.589Z,2025-12-14T15:31:59.589Z
7,0x0004,19464,0x00000000,2025-12-14T15:31:59.589Z,2025-12-14T15:31:59.589Z
6,0x0004,14183,0x00000000,2025-12-14T15:31:59.589Z,2025-12-14T15:31:59.589Z
39,0x000a,-2.49928,0x00000000,2025-12-14T15:31:59.690Z,2025-12-14T15:31:59.690Z
38,0x000a,-1.80121,0x00000000,2025-12-14T15:31:59.690Z,2025-12-14T15:31:59.690Z
37,0x000a,-3.29861,0x00000000,2025-12-14T15:31:59.690Z,2025-12-14T15:31:59.690Z
36,0x000a,-2.14078,0x00000000,2025-12-14T15:31:59.690Z,2025-12-14T15:31:59.690Z
35,0x000a,-1.56861,0x00000000,2025-12-14T15:31:59.690Z,2025-12-14T15:31:59.690Z
34,0x000a,-2.76297,0x00000000,2025-12-14T15:31:59.690Z,2025-12-14T15:31:59.690Z
26,0x000a,4.76997,0x00000000,2025-12-14T15:31:59.690Z,2025-12-14T15:31:59.690Z
25,0x000a,6.85981,0x00000000,2025-12-14T15:31:59.690Z,2025-12-14T15:31:59.690Z
24,0x000a,4.79999,0x00000000,2025-12-14T15:31:59.690Z,2025-12-14T15:31:59.690Z
23,0x000a,-2.14078,0x00000000,2025-12-14T15:31:59.690Z,2025-12-14T15:31:59.690Z
22,0x000a,-1.56861,0x00000000,2025-12-14T15:31:59.690Z,2025-12-14T15:31:59.690Z
21,0x000a,-2.76297,0x00000000,2025-12-14T15:31:59.690Z,2025-12-14T15:31:59.690Z
14,0x0001,false,0x00000000,2025-12-14T15:31:59.690Z,2025-12-14T15:31:59.690Z
8,0x0004,13188,0x00000000,2025-12-14T15:31:59.690Z,2025-12-14T15:31:59.690Z
7,0x0004,18966,0x00000000,2025-12-14T15:31:59.690Z,2025-12-14T15:31:59.690Z
6,0x0004,13271,0x00000000,2025-12-14T15:31:59.690Z,2025-12-14T15:31:59.690Z
39,0x000a,-2.20269,0x00000000,2025-12-14T15:31:59.790Z,2025-12-14T15:31:59.790Z
38,0x000a,-1.50101,0x00000000,2025-12-14T15:31:59.790Z,2025-12-14T15:31:59.790Z
37,0x000a,-2.8031,0x00000000,2025-12-14T15:31:59.790Z,2025-12-14T15:31:59.790Z
36,0x000a,-2.32003,0x00000000,2025-12-14T15:31:59.790Z,2025-12-14T15:31:59.790Z
35,0x000a,-1.68491,0x00000000,2025-12-14T15:31:59.790Z,2025-12-14T15:31:59.790Z
34,0x000a,-3.03079,0x00000000,2025-12-14T15:31:59.790Z,2025-12-14T15:31:59.790Z
26,0x000a,4.5497,0x00000000,2025-12-14T15:31:59.790Z,2025-12-14T15:31:59.790Z
25,0x000a,6.70971,0x00000000,2025-12-14T15:31:59.790Z,2025-12-14T15:31:59.790Z
24,0x000a,4.51968,0x00000000,2025-12-14T15:31:59.790Z,2025-12-14T15:31:59.790Z
23,0x000a,-2.32003,0x00000000,2025-12-14T15:31:59.790Z,2025-12-14T15:31:59.790Z
22,0x000a,-1.68491,0x00000000,2025-12-14T15:31:59.790Z,2025-12-14T15:31:59.790Z
21,0x000a,-3.03079,0x00000000,2025-12-14T15:31:59.790Z,2025-12-14T15:31:59.790Z
8,0x0004,12579,0x00000000,2025-12-14T15:31:59.790Z,2025-12-14T15:31:59.790Z
7,0x0004,18551,0x00000000,2025-12-14T15:31:59.790Z,2025-12-14T15:31:59.790Z
6,0x0004,12496,0x00000000,2025-12-14T15:31:59.790Z,2025-12-14T15:31:59.790Z
36,0x000a,-2.26136,0x00000000,2025-12-14T15:31:59.889Z,2025-12-14T15:31:59.889Z
35,0x000a,-1.59296,0x00000000,2025-12-14T15:31:59.889Z,2025-12-14T15:31:59.889Z
34,0x000a,-2.91694,0x00000000,2025-12-14T15:31:59.889Z,2025-12-14T15:31:59.889Z
26,0x000a,4.33992,0x00000000,2025-12-14T15:31:59.889Z,2025-12-14T15:31:59.889Z
25,0x000a,6.54984,0x00000000,2025-12-14T15:31:59.889Z,2025-12-14T15:31:59.889Z
24,0x000a,4.40972,0x00000000,2025-12-14T15:31:59.889Z,2025-12-14T15:31:59.889Z
23,0x000a,-2.26136,0x00000000,2025-12-14T15:31:59.889Z,2025-12-14T15:31:59.889Z
22,0x000a,-1.59296,0x00000000,2025-12-14T15:31:59.889Z,2025-12-14T15:31:59.889Z
21,0x000a,-2.91694,0x00000000,2025-12-14T15:31:59.889Z,2025-12-14T15:31:59.889Z
18,0x0001,false,0x00000000,2025-12-14T15:31:59.889Z,2025-12-14T15:31:59.889Z
8,0x0004,11999,0x00000000,2025-12-14T15:31:59.889Z,2025-12-14T15:31:59.889Z
7,0x0004,18109,0x00000000,2025-12-14T15:31:59.889Z,2025-12-14T15:31:59.889Z
6,0x0004,12192,0x00000000,2025-12-14T15:31:59.889Z,2025-12-14T15:31:59.889Z
39,0x000a,-2.0978,0x00000000,2025-12-14T15:31:59.990Z,2025-12-14T15:31:59.990Z
38,0x000a,-1.59867,0x00000000,2025-12-14T15:31:59.990Z,2025-12-14T15:31:59.990Z
37,0x000a,-1.09953,0x00000000,2025-12-14T15:31:59.990Z,2025-12-14T15:31:59.990Z
26,0x000a,4.12977,0x00000000,2025-12-14T15:31:59.990Z,2025-12-14T15:31:59.990Z
25,0x000a,6.39974,0x00000000,2025-12-14T15:31:59.990Z,2025-12-14T15:31:59.990Z
8,0x0004,11418,0x00000000,2025-12-14T15:31:59.990Z,2025-12-14T15:31:59.990Z
7,0x0004,17694,0x00000000,2025-12-14T15:31:59.990Z,2025-12-14T15:31:59.990Z
39,0x000a,-2.10142,0x00000000,2025-12-14T15:32:00.089Z,2025-12-14T15:32:00.089Z
38,0x000a,-1.50102,0x00000000,2025-12-14T15:32:00.089Z,2025-12-14T15:32:00.089Z
37,0x000a,0,0x00000000,2025-12-14T15:32:00.089Z,2025-12-14T15:32:00.089Z
36,0x000a,-2.17958,0x00000000,2025-12-14T15:32:00.089Z,2025-12-14T15:32:00.089Z
35,0x000a,-1.59582,0x00000000,2025-12-14T15:32:00.089Z,2025-12-14T15:32:00.089Z
34,0x000a,-2.00824,0x00000000,2025-12-14T15:32:00.089Z,2025-12-14T15:32:00.089Z
26,0x000a,3.99993,0x00000000,2025-12-14T15:32:00.089Z,2025-12-14T15:32:00.089Z
25,0x000a,6.25,0x00000000,2025-12-14T15:32:00.089Z,2025-12-14T15:32:00.089Z
23,0x000a,-2.17958,0x00000000,2025-12-14T15:32:00.089Z,2025-12-14T15:32:00.089Z
22,0x000a,-1.59582,0x00000000,2025-12-14T15:32:00.089Z,2025-12-14T15:32:00.089Z
21,0x000a,-2.00824,0x00000000,2025-12-14T15:32:00.089Z,2025-12-14T15:32:00.089Z
8,0x0004,11059,0x00000000,2025-12-14T15:32:00.089Z,2025-12-14T15:32:00.089Z
7,0x0004,17280,0x00000000,2025-12-14T15:32:00.089Z,2025-12-14T15:32:00.089Z
40,0x0001,true,0x00000000,2025-12-14T15:32:00.189Z,2025-12-14T15:32:00.189Z
39,0x000a,-1.29847,0x00000000,2025-12-14T15:32:00.189Z,2025-12-14T15:32:00.189Z
38,0x000a,-3.39988,0x00000000,2025-12-14T15:32:00.189Z,2025-12-14T15:32:00.189Z
36,0x000a,-2.1405,0x00000000,2025-12-14T15:32:00.189Z,2025-12-14T15:32:00.189Z
35,0x000a,-1.54842,0x00000000,2025-12-14T15:32:00.189Z,2025-12-14T15:32:00.189Z
34,0x000a,-1.00412,0x00000000,2025-12-14T15:32:00.189Z,2025-12-14T15:32:00.189Z
25,0x000a,6.05975,0x00000000,2025-12-14T15:32:00.189Z,2025-12-14T15:32:00.189Z
23,0x000a,-2.1405,0x00000000,2025-12-14T15:32:00.189Z,2025-12-14T15:32:00.189Z
22,0x000a,-1.54842,0x00000000,2025-12-14T15:32:00.189Z,2025-12-14T15:32:00.189Z
21,0x000a,-1.00412,0x00000000,2025-12-14T15:32:00.189Z,2025-12-14T15:32:00.189Z
7,0x0004,16754,0x00000000,2025-12-14T15:32:00.189Z,2025-12-14T15:32:00.189Z
39,0x000a,0,0x00000000,2025-12-14T15:32:00.289Z,2025-12-14T15:32:00.289Z
38,0x000a,-1.50101,0x00000000,2025-12-14T15:32:00.289Z,2025-12-14T15:32:00.289Z
36,0x000a,-1.71948,0x00000000,2025-12-14T15:32:00.289Z,2025-12-14T15:32:00.289Z
35,0x000a,-2.47415,0x00000000,2025-12-14T15:32:00.289Z,2025-12-14T15:32:00.289Z
34,0x000a,-0.50206,0x00000000,2025-12-14T15:32:00.289Z,2025-12-14T15:32:00.289Z
25,0x000a,5.90965,0x00000000,2025-12-14T15:32:00.289Z,2025-12-14T15:32:00.289Z
23,0x000a,-1.71948,0x00000000,2025-12-14T15:32:00.289Z,2025-12-14T15:32:00.289Z
22,0x000a,-2.47415,0x00000000,2025-12-14T15:32:00.289Z,2025-12-14T15:32:00.289Z
21,0x000a,-0.50206,0x00000000,2025-12-14T15:32:00.289Z,2025-12-14T15:32:00.289Z
7,0x0004,16339,0x00000000,2025-12-14T15:32:00.289Z,2025-12-14T15:32:00.289Z
42,0x0001,true,0x00000000,2025-12-14T15:32:00.387Z,2025-12-14T15:32:00.387Z
38,0x000a,-1.59867,0x00000000,2025-12-14T15:32:00.387Z,2025-12-14T15:32:00.387Z
36,0x000a,-0.859741,0x00000000,2025-12-14T15:32:00.387Z,2025-12-14T15:32:00.387Z
35,0x000a,-1.98758,0x00000000,2025-12-14T15:32:00.387Z,2025-12-14T15:32:00.387Z
34,0x000a,-0.25103,0x00000000,2025-12-14T15:32:00.387Z,2025-12-14T15:32:00.387Z
25,0x000a,5.74978,0x00000000,2025-12-14T15:32:00.387Z,2025-12-14T15:32:00.387Z
23,0x000a,-0.859741,0x00000000,2025-12-14T15:32:00.387Z,2025-12-14T15:32:00.387Z
22,0x000a,-1.98758,0x00000000,2025-12-14T15:32:00.387Z,2025-12-14T15:32:00.387Z
21,0x000a,-0.25103,0x00000000,2025-12-14T15:32:00.387Z,2025-12-14T15:32:00.387Z
7,0x0004,15897,0x00000000,2025-12-14T15:32:00.387Z,2025-12-14T15:32:00.387Z
38,0x000a,-1.50102,0x00000000,2025-12-14T15:32:00.488Z,2025-12-14T15:32:00.488Z
36,0x000a,-0.429871,0x00000000,2025-12-14T15:32:00.488Z,2025-12-14T15:32:00.488Z
35,0x000a,-1.79312,0x00000000,2025-12-14T15:32:00.488Z,2025-12-14T15:32:00.488Z
34,0x000a,-0.125515,0x00000000,2025-12-14T15:32:00.488Z,2025-12-14T15:32:00.488Z
25,0x000a,5.59968,0x00000000,2025-12-14T15:32:00.488Z,2025-12-14T15:32:00.488Z
23,0x000a,-0.429871,0x00000000,2025-12-14T15:32:00.488Z,2025-12-14T15:32:00.488Z
22,0x000a,-1.79312,0x00000000,2025-12-14T15:32:00.488Z,2025-12-14T15:32:00.488Z
21,0x000a,-0.125515,0x00000000,2025-12-14T15:32:00.488Z,2025-12-14T15:32:00.488Z
7,0x0004,15482,0x00000000,2025-12-14T15:32:00.488Z,2025-12-14T15:32:00.488Z
38,0x000a,-1.49739,0x00000000,2025-12-14T15:32:00.590Z,2025-12-14T15:32:00.590Z
36,0x000a,-0.214935,0x00000000,2025-12-14T15:32:00.590Z,2025-12-14T15:32:00.590Z
35,0x000a,-1.64707,0x00000000,2025-12-14T15:32:00.590Z,2025-12-14T15:32:00.590Z
34,0x000a,-0.0627575,0x00000000,2025-12-14T15:32:00.590Z,2025-12-14T15:32:00.590Z
25,0x000a,5.44994,0x00000000,2025-12-14T15:32:00.590Z,2025-12-14T15:32:00.590Z
23,0x000a,-0.214935,0x00000000,2025-12-14T15:32:00.590Z,2025-12-14T15:32:00.590Z
22,0x000a,-1.64707,0x00000000,2025-12-14T15:32:00.590Z,2025-12-14T15:32:00.590Z
21,0x000a,-0.0627575,0x00000000,2025-12-14T15:32:00.590Z,2025-12-14T15:32:00.590Z
7,0x0004,15068,0x00000000,2025-12-14T15:32:00.590Z,2025-12-14T15:32:00.590Z
38,0x000a,-1.60229,0x00000000,2025-12-14T15:32:00.688Z,2025-12-14T15:32:00.688Z
36,0x000a,-0.107468,0x00000000,2025-12-14T15:32:00.688Z,2025-12-14T15:32:00.688Z
35,0x000a,-1.57223,0x00000000,2025-12-14T15:32:00.688Z,2025-12-14T15:32:00.688Z
34,0x000a,-0.0313787,0x00000000,2025-12-14T15:32:00.688Z,2025-12-14T15:32:00.688Z
25,0x000a,5.28971,0x00000000,2025-12-14T15:32:00.688Z,2025-12-14T15:32:00.688Z
23,0x000a,-0.107468,0x00000000,2025-12-14T15:32:00.688Z,2025-12-14T15:32:00.688Z
22,0x000a,-1.57223,0x00000000,2025-12-14T15:32:00.688Z,2025-12-14T15:32:00.688Z
21,0x000a,-0.0313787,0x00000000,2025-12-14T15:32:00.688Z,2025-12-14T15:32:00.688Z
7,0x0004,14625,0x00000000,2025-12-14T15:32:00.688Z,2025-12-14T15:32:00.688Z
38,0x000a,-1.4974,0x00000000,2025-12-14T15:32:00.887Z,2025-12-14T15:32:00.887Z
36,0x000a,-0.0537338,0x00000000,2025-12-14T15:32:00.788Z,2025-12-14T15:32:00.788Z
35,0x000a,-1.58726,0x00000000,2025-12-14T15:32:00.788Z,2025-12-14T15:32:00.788Z
34,0x000a,-0.0156894,0x00000000,2025-12-14T15:32:00.788Z,2025-12-14T15:32:00.788Z
25,0x000a,5.13997,0x00000000,2025-12-14T15:32:00.788Z,2025-12-14T15:32:00.788Z
25,0x000a,4.98987,0x00000000,2025-12-14T15:32:00.887Z,2025-12-14T15:32:00.887Z
23,0x000a,-0.0537338,0x00000000,2025-12-14T15:32:00.788Z,2025-12-14T15:32:00.788Z
22,0x000a,-1.58726,0x00000000,2025-12-14T15:32:00.788Z,2025-12-14T15:32:00.788Z
21,0x000a,-0.0156894,0x00000000,2025-12-14T15:32:00.788Z,2025-12-14T15:32:00.788Z
7,0x0004,14211,0x00000000,2025-12-14T15:32:00.788Z,2025-12-14T15:32:00.788Z
7,0x0004,13796,0x00000000,2025-12-14T15:32:00.887Z,2025-12-14T15:32:00.887Z
38,0x000a,-1.50101,0x00000000,2025-12-14T15:32:00.988Z,2025-12-14T15:32:00.988Z
36,0x000a,-0.0268669,0x00000000,2025-12-14T15:32:00.988Z,2025-12-14T15:32:00.988Z
35,0x000a,-1.54233,0x00000000,2025-12-14T15:32:00.988Z,2025-12-14T15:32:00.988Z
34,0x000a,-0.00784468,0x00000000,2025-12-14T15:32:00.988Z,2025-12-14T15:32:00.988Z
25,0x000a,4.79999,0x00000000,2025-12-14T15:32:00.988Z,2025-12-14T15:32:00.988Z
23,0x000a,-0.0268669,0x00000000,2025-12-14T15:32:00.988Z,2025-12-14T15:32:00.988Z
22,0x000a,-1.54233,0x00000000,2025-12-14T15:32:00.988Z,2025-12-14T15:32:00.988Z
21,0x000a,-0.00784468,0x00000000,2025-12-14T15:32:00.988Z,2025-12-14T15:32:00.988Z
7,0x0004,13271,0x00000000,2025-12-14T15:32:00.988Z,2025-12-14T15:32:00.988Z
38,0x000a,-1.89887,0x00000000,2025-12-14T15:32:01.089Z,2025-12-14T15:32:01.089Z
36,0x000a,-0.0134335,0x00000000,2025-12-14T15:32:01.089Z,2025-12-14T15:32:01.089Z
35,0x000a,-1.52167,0x00000000,2025-12-14T15:32:01.089Z,2025-12-14T15:32:01.089Z
34,0x000a,-0.00392234,0x00000000,2025-12-14T15:32:01.089Z,2025-12-14T15:32:01.089Z
25,0x000a,4.64988,0x00000000,2025-12-14T15:32:01.089Z,2025-12-14T15:32:01.089Z
23,0x000a,-0.0134335,0x00000000,2025-12-14T15:32:01.089Z,2025-12-14T15:32:01.089Z
22,0x000a,-1.52167,0x00000000,2025-12-14T15:32:01.089Z,2025-12-14T15:32:01.089Z
21,0x000a,-0.00392234,0x00000000,2025-12-14T15:32:01.089Z,2025-12-14T15:32:01.089Z
7,0x0004,12856,0x00000000,2025-12-14T15:32:01.089Z,2025-12-14T15:32:01.089Z
38,0x000a,-1.50101,0x00000000,2025-12-14T15:32:01.190Z,2025-12-14T15:32:01.190Z
36,0x000a,-0.00671673,0x00000000,2025-12-14T15:32:01.190Z,2025-12-14T15:32:01.190Z
35,0x000a,-1.71027,0x00000000,2025-12-14T15:32:01.190Z,2025-12-14T15:32:01.190Z
34,0x000a,-0.00196117,0x00000000,2025-12-14T15:32:01.190Z,2025-12-14T15:32:01.190Z
25,0x000a,4.49978,0x00000000,2025-12-14T15:32:01.190Z,2025-12-14T15:32:01.190Z
23,0x000a,-0.00671673,0x00000000,2025-12-14T15:32:01.190Z,2025-12-14T15:32:01.190Z
22,0x000a,-1.71027,0x00000000,2025-12-14T15:32:01.190Z,2025-12-14T15:32:01.190Z
21,0x000a,-0.00196117,0x00000000,2025-12-14T15:32:01.190Z,2025-12-14T15:32:01.190Z
7,0x0004,12441,0x00000000,2025-12-14T15:32:01.190Z,2025-12-14T15:32:01.190Z
38,0x000a,-3.09968,0x00000000,2025-12-14T15:32:01.290Z,2025-12-14T15:32:01.290Z
36,0x000a,-0.00335837,0x00000000,2025-12-14T15:32:01.290Z,2025-12-14T15:32:01.290Z
35,0x000a,-1.60564,0x00000000,2025-12-14T15:32:01.290Z,2025-12-14T15:32:01.290Z
34,0x000a,-0.000980585,0x00000000,2025-12-14T15:32:01.290Z,2025-12-14T15:32:01.290Z
25,0x000a,4.33992,0x00000000,2025-12-14T15:32:01.290Z,2025-12-14T15:32:01.290Z
23,0x000a,-0.00335837,0x00000000,2025-12-14T15:32:01.290Z,2025-12-14T15:32:01.290Z
22,0x000a,-1.60564,0x00000000,2025-12-14T15:32:01.290Z,2025-12-14T15:32:01.290Z
21,0x000a,-0.000980585,0x00000000,2025-12-14T15:32:01.290Z,2025-12-14T15:32:01.290Z
7,0x0004,11999,0x00000000,2025-12-14T15:32:01.290Z,2025-12-14T15:32:01.290Z
38,0x000a,-1.50102,0x00000000,2025-12-14T15:32:01.389Z,2025-12-14T15:32:01.389Z
36,0x000a,-0.00167918,0x00000000,2025-12-14T15:32:01.389Z,2025-12-14T15:32:01.389Z
35,0x000a,-2.35266,0x00000000,2025-12-14T15:32:01.389Z,2025-12-14T15:32:01.389Z
34,0x000a,-0.000490293,0x00000000,2025-12-14T15:32:01.389Z,2025-12-14T15:32:01.389Z
25,0x000a,4.18981,0x00000000,2025-12-14T15:32:01.389Z,2025-12-14T15:32:01.389Z
23,0x000a,-0.00167918,0x00000000,2025-12-14T15:32:01.389Z,2025-12-14T15:32:01.389Z
22,0x000a,-2.35266,0x00000000,2025-12-14T15:32:01.389Z,2025-12-14T15:32:01.389Z
21,0x000a,-0.000490293,0x00000000,2025-12-14T15:32:01.389Z,2025-12-14T15:32:01.389Z
7,0x0004,11584,0x00000000,2025-12-14T15:32:01.389Z,2025-12-14T15:32:01.389Z
38,0x000a,-1.50101,0x00000000,2025-12-14T15:32:01.489Z,2025-12-14T15:32:01.489Z
36,0x000a,-0.000839591,0x00000000,2025-12-14T15:32:01.489Z,2025-12-14T15:32:01.489Z
35,0x000a,-1.92684,0x00000000,2025-12-14T15:32:01.489Z,2025-12-14T15:32:01.489Z
34,0x000a,-0.000245146,0x00000000,2025-12-14T15:32:01.489Z,2025-12-14T15:32:01.489Z
25,0x000a,4.03971,0x00000000,2025-12-14T15:32:01.489Z,2025-12-14T15:32:01.489Z
23,0x000a,-0.000839591,0x00000000,2025-12-14T15:32:01.489Z,2025-12-14T15:32:01.489Z
22,0x000a,-1.92684,0x00000000,2025-12-14T15:32:01.489Z,2025-12-14T15:32:01.489Z
21,0x000a,-0.000245146,0x00000000,2025-12-14T15:32:01.489Z,2025-12-14T15:32:01.489Z
16,0x0001,false,0x00000000,2025-12-14T15:32:01.489Z,2025-12-14T15:32:01.489Z
7,0x0004,11169,0x00000000,2025-12-14T15:32:01.489Z,2025-12-14T15:32:01.489Z
36,0x000a,-0.000419796,0x00000000,2025-12-14T15:32:01.589Z,2025-12-14T15:32:01.589Z
35,0x000a,-1.71393,0x00000000,2025-12-14T15:32:01.589Z,2025-12-14T15:32:01.589Z
34,0x000a,-0.000122573,0x00000000,2025-12-14T15:32:01.589Z,2025-12-14T15:32:01.589Z
25,0x000a,3.87985,0x00000000,2025-12-14T15:32:01.589Z,2025-12-14T15:32:01.589Z
23,0x000a,-0.000419796,0x00000000,2025-12-14T15:32:01.589Z,2025-12-14T15:32:01.589Z
22,0x000a,-1.71393,0x00000000,2025-12-14T15:32:01.589Z,2025-12-14T15:32:01.589Z
21,0x000a,-0.000122573,0x00000000,2025-12-14T15:32:01.589Z,2025-12-14T15:32:01.589Z
7,0x0004,10727,0x00000000,2025-12-14T15:32:01.589Z,2025-12-14T15:32:01.589Z
38,0x000a,-1.59867,0x00000000,2025-12-14T15:32:01.688Z,2025-12-14T15:32:01.688Z
25,0x000a,3.78979,0x00000000,2025-12-14T15:32:01.688Z,2025-12-14T15:32:01.688Z
7,0x0004,10478,0x00000000,2025-12-14T15:32:01.688Z,2025-12-14T15:32:01.688Z
38,0x000a,-0.900607,0x00000000,2025-12-14T15:32:01.788Z,2025-12-14T15:32:01.788Z
36,0x000a,-0.000209898,0x00000000,2025-12-14T15:32:01.788Z,2025-12-14T15:32:01.788Z
35,0x000a,-1.6563,0x00000000,2025-12-14T15:32:01.788Z,2025-12-14T15:32:01.788Z
34,0x000a,-6.12866e-05,0x00000000,2025-12-14T15:32:01.788Z,2025-12-14T15:32:01.788Z
23,0x000a,-0.000209898,0x00000000,2025-12-14T15:32:01.788Z,2025-12-14T15:32:01.788Z
22,0x000a,-1.6563,0x00000000,2025-12-14T15:32:01.788Z,2025-12-14T15:32:01.788Z
21,0x000a,-6.12866e-05,0x00000000,2025-12-14T15:32:01.788Z,2025-12-14T15:32:01.788Z
38,0x000a,0,0x00000000,2025-12-14T15:32:01.889Z,2025-12-14T15:32:01.889Z
36,0x000a,-0.000104949,0x00000000,2025-12-14T15:32:01.889Z,2025-12-14T15:32:01.889Z
35,0x000a,-1.27845,0x00000000,2025-12-14T15:32:01.889Z,2025-12-14T15:32:01.889Z
34,0x000a,-3.06433e-05,0x00000000,2025-12-14T15:32:01.889Z,2025-12-14T15:32:01.889Z
23,0x000a,-0.000104949,0x00000000,2025-12-14T15:32:01.889Z,2025-12-14T15:32:01.889Z
22,0x000a,-1.27845,0x00000000,2025-12-14T15:32:01.889Z,2025-12-14T15:32:01.889Z
21,0x000a,-3.06433e-05,0x00000000,2025-12-14T15:32:01.889Z,2025-12-14T15:32:01.889Z
42,0x0001,false,0x00000000,2025-12-14T15:32:01.987Z,2025-12-14T15:32:01.987Z
40,0x0001,false,0x00000000,2025-12-14T15:32:01.987Z,2025-12-14T15:32:01.987Z
36,0x000a,-5.24745e-05,0x00000000,2025-12-14T15:32:01.987Z,2025-12-14T15:32:01.987Z
35,0x000a,-0.639226,0x00000000,2025-12-14T15:32:01.987Z,2025-12-14T15:32:01.987Z
34,0x000a,-1.53216e-05,0x00000000,2025-12-14T15:32:01.987Z,2025-12-14T15:32:01.987Z
23,0x000a,-5.24745e-05,0x00000000,2025-12-14T15:32:01.987Z,2025-12-14T15:32:01.987Z
22,0x000a,-0.639226,0x00000000,2025-12-14T15:32:01.987Z,2025-12-14T15:32:01.987Z
21,0x000a,-1.53216e-05,0x00000000,2025-12-14T15:32:01.987Z,2025-12-14T15:32:01.987Z
18,0x0001,true,0x00000000,2025-12-14T15:32:01.987Z,2025-12-14T15:32:01.987Z
16,0x0001,true,0x00000000,2025-12-14T15:32:01.987Z,2025-12-14T15:32:01.987Z
14,0x0001,true,0x00000000,2025-12-14T15:32:01.987Z,2025-12-14T15:32:01.987Z
4,0x000a,1,0x00000000,2025-12-14T15:32:01.987Z,2025-12-14T15:32:01.987Z
3,0x000a,1,0x00000000,2025-12-14T15:32:01.987Z,2025-12-14T15:32:01.987Z
2,0x000a,2,0x00000000,2025-12-14T15:32:01.987Z,2025-12-14T15:32:01.987Z
36,0x000a,-2.62372e-05,0x00000000,2025-12-14T15:32:02.088Z,2025-12-14T15:32:02.088Z
35,0x000a,-0.319613,0x00000000,2025-12-14T15:32:02.088Z,2025-12-14T15:32:02.088Z
34,0x000a,-7.66082e-06,0x00000000,2025-12-14T15:32:02.088Z,2025-12-14T15:32:02.088Z
23,0x000a,-2.62372e-05,0x00000000,2025-12-14T15:32:02.088Z,2025-12-14T15:32:02.088Z
22,0x000a,-0.319613,0x00000000,2025-12-14T15:32:02.088Z,2025-12-14T15:32:02.088Z
21,0x000a,-7.66082e-06,0x00000000,2025-12-14T15:32:02.088Z,2025-12-14T15:32:02.088Z
36,0x000a,-1.31186e-05,0x00000000,2025-12-14T15:32:02.188Z,2025-12-14T15:32:02.188Z
35,0x000a,-0.159806,0x00000000,2025-12-14T15:32:02.188Z,2025-12-14T15:32:02.188Z
34,0x000a,-3.83041e-06,0x00000000,2025-12-14T15:32:02.188Z,2025-12-14T15:32:02.188Z
23,0x000a,-1.31186e-05,0x00000000,2025-12-14T15:32:02.188Z,2025-12-14T15:32:02.188Z
22,0x000a,-0.159806,0x00000000,2025-12-14T15:32:02.188Z,2025-12-14T15:32:02.188Z
21,0x000a,-3.83041e-06,0x00000000,2025-12-14T15:32:02.188Z,2025-12-14T15:32:02.188Z
39,0x000a,-0.300202,0x00000000,2025-12-14T15:32:02.290Z,2025-12-14T15:32:02.290Z
38,0x000a,-0.600405,0x00000000,2025-12-14T15:32:02.290Z,2025-12-14T15:32:02.290Z
37,0x000a,-1.09954,0x00000000,2025-12-14T15:32:02.290Z,2025-12-14T15:32:02.290Z
36,0x000a,-6.55931e-06,0x00000000,2025-12-14T15:32:02.290Z,2025-12-14T15:32:02.290Z
35,0x000a,-0.0799032,0x00000000,2025-12-14T15:32:02.290Z,2025-12-14T15:32:02.290Z
34,0x000a,-1.91521e-06,0x00000000,2025-12-14T15:32:02.290Z,2025-12-14T15:32:02.290Z
26,0x000a,3.96991,0x00000000,2025-12-14T15:32:02.290Z,2025-12-14T15:32:02.290Z
25,0x000a,3.72975,0x00000000,2025-12-14T15:32:02.290Z,2025-12-14T15:32:02.290Z
24,0x000a,4.29977,0x00000000,2025-12-14T15:32:02.290Z,2025-12-14T15:32:02.290Z
23,0x000a,-6.55931e-06,0x00000000,2025-12-14T15:32:02.290Z,2025-12-14T15:32:02.290Z
22,0x000a,-0.0799032,0x00000000,2025-12-14T15:32:02.290Z,2025-12-14T15:32:02.290Z
21,0x000a,-1.91521e-06,0x00000000,2025-12-14T15:32:02.290Z,2025-12-14T15:32:02.290Z
8,0x0004,10976,0x00000000,2025-12-14T15:32:02.290Z,2025-12-14T15:32:02.290Z
7,0x0004,10312,0x00000000,2025-12-14T15:32:02.290Z,2025-12-14T15:32:02.290Z
6,0x0004,11888,0x00000000,2025-12-14T15:32:02.290Z,2025-12-14T15:32:02.290Z
39,0x000a,-4.70197,0x00000000,2025-12-14T15:32:02.490Z,2025-12-14T15:32:02.490Z
38,0x000a,-3.39988,0x00000000,2025-12-14T15:32:02.490Z,2025-12-14T15:32:02.490Z
37,0x000a,-6.09809,0x00000000,2025-12-14T15:32:02.490Z,2025-12-14T15:32:02.490Z
36,0x000a,-0.150104,0x00000000,2025-12-14T15:32:02.388Z,2025-12-14T15:32:02.388Z
35,0x000a,-0.340154,0x00000000,2025-12-14T15:32:02.388Z,2025-12-14T15:32:02.388Z
34,0x000a,-0.54977,0x00000000,2025-12-14T15:32:02.388Z,2025-12-14T15:32:02.388Z
26,0x000a,3.75,0x00000000,2025-12-14T15:32:02.388Z,2025-12-14T15:32:02.388Z
26,0x000a,3.49971,0x00000000,2025-12-14T15:32:02.490Z,2025-12-14T15:32:02.490Z
25,0x000a,3.57964,0x00000000,2025-12-14T15:32:02.388Z,2025-12-14T15:32:02.388Z
25,0x000a,3.38976,0x00000000,2025-12-14T15:32:02.490Z,2025-12-14T15:32:02.490Z
24,0x000a,4.01982,0x00000000,2025-12-14T15:32:02.388Z,2025-12-14T15:32:02.388Z
24,0x000a,3.68996,0x00000000,2025-12-14T15:32:02.490Z,2025-12-14T15:32:02.490Z
23,0x000a,-0.150104,0x00000000,2025-12-14T15:32:02.388Z,2025-12-14T15:32:02.388Z
22,0x000a,-0.340154,0x00000000,2025-12-14T15:32:02.388Z,2025-12-14T15:32:02.388Z
21,0x000a,-0.54977,0x00000000,2025-12-14T15:32:02.388Z,2025-12-14T15:32:02.388Z
8,0x0004,10368,0x00000000,2025-12-14T15:32:02.388Z,2025-12-14T15:32:02.388Z
8,0x0004,9676,0x00000000,2025-12-14T15:32:02.490Z,2025-12-14T15:32:02.490Z
7,0x0004,9897,0x00000000,2025-12-14T15:32:02.388Z,2025-12-14T15:32:02.388Z
7,0x0004,9372,0x00000000,2025-12-14T15:32:02.490Z,2025-12-14T15:32:02.490Z
6,0x0004,11114,0x00000000,2025-12-14T15:32:02.388Z,2025-12-14T15:32:02.388Z
6,0x0004,10202,0x00000000,2025-12-14T15:32:02.490Z,2025-12-14T15:32:02.490Z
39,0x000a,-2.0978,0x00000000,2025-12-14T15:32:02.588Z,2025-12-14T15:32:02.588Z
38,0x000a,-1.50101,0x00000000,2025-12-14T15:32:02.588Z,2025-12-14T15:32:02.588Z
37,0x000a,-2.70182,0x00000000,2025-12-14T15:32:02.588Z,2025-12-14T15:32:02.588Z
36,0x000a,-2.42604,0x00000000,2025-12-14T15:32:02.588Z,2025-12-14T15:32:02.588Z
35,0x000a,-1.87002,0x00000000,2025-12-14T15:32:02.588Z,2025-12-14T15:32:02.588Z
34,0x000a,-3.32393,0x00000000,2025-12-14T15:32:02.588Z,2025-12-14T15:32:02.588Z
26,0x000a,3.28993,0x00000000,2025-12-14T15:32:02.588Z,2025-12-14T15:32:02.588Z
25,0x000a,3.23966,0x00000000,2025-12-14T15:32:02.588Z,2025-12-14T15:32:02.588Z
24,0x000a,3.41978,0x00000000,2025-12-14T15:32:02.588Z,2025-12-14T15:32:02.588Z
23,0x000a,-2.42604,0x00000000,2025-12-14T15:32:02.588Z,2025-12-14T15:32:02.588Z
22,0x000a,-1.87002,0x00000000,2025-12-14T15:32:02.588Z,2025-12-14T15:32:02.588Z
21,0x000a,-3.32393,0x00000000,2025-12-14T15:32:02.588Z,2025-12-14T15:32:02.588Z
8,0x0004,9096,0x00000000,2025-12-14T15:32:02.588Z,2025-12-14T15:32:02.588Z
7,0x0004,8957,0x00000000,2025-12-14T15:32:02.588Z,2025-12-14T15:32:02.588Z
6,0x0004,9455,0x00000000,2025-12-14T15:32:02.588Z,2025-12-14T15:32:02.588Z
39,0x000a,-2.20269,0x00000000,2025-12-14T15:32:02.688Z,2025-12-14T15:32:02.688Z
38,0x000a,-1.4974,0x00000000,2025-12-14T15:32:02.688Z,2025-12-14T15:32:02.688Z
37,0x000a,-2.79948,0x00000000,2025-12-14T15:32:02.688Z,2025-12-14T15:32:02.688Z
36,0x000a,-2.26192,0x00000000,2025-12-14T15:32:02.688Z,2025-12-14T15:32:02.688Z
35,0x000a,-1.68552,0x00000000,2025-12-14T15:32:02.688Z,2025-12-14T15:32:02.688Z
34,0x000a,-3.01288,0x00000000,2025-12-14T15:32:02.688Z,2025-12-14T15:32:02.688Z
26,0x000a,3.06966,0x00000000,2025-12-14T15:32:02.688Z,2025-12-14T15:32:02.688Z
25,0x000a,3.08992,0x00000000,2025-12-14T15:32:02.688Z,2025-12-14T15:32:02.688Z
24,0x000a,3.13983,0x00000000,2025-12-14T15:32:02.688Z,2025-12-14T15:32:02.688Z
23,0x000a,-2.26192,0x00000000,2025-12-14T15:32:02.688Z,2025-12-14T15:32:02.688Z
22,0x000a,-1.68552,0x00000000,2025-12-14T15:32:02.688Z,2025-12-14T15:32:02.688Z
21,0x000a,-3.01288,0x00000000,2025-12-14T15:32:02.688Z,2025-12-14T15:32:02.688Z
8,0x0004,8487,0x00000000,2025-12-14T15:32:02.688Z,2025-12-14T15:32:02.688Z
7,0x0004,8543,0x00000000,2025-12-14T15:32:02.688Z,2025-12-14T15:32:02.688Z
6,0x0004,8681,0x00000000,2025-12-14T15:32:02.688Z,2025-12-14T15:32:02.688Z
39,0x000a,-2.0978,0x00000000,2025-12-14T15:32:02.790Z,2025-12-14T15:32:02.790Z
38,0x000a,-1.60228,0x00000000,2025-12-14T15:32:02.790Z,2025-12-14T15:32:02.790Z
37,0x000a,-2.70182,0x00000000,2025-12-14T15:32:02.790Z,2025-12-14T15:32:02.790Z
36,0x000a,-2.23231,0x00000000,2025-12-14T15:32:02.790Z,2025-12-14T15:32:02.790Z
35,0x000a,-1.59146,0x00000000,2025-12-14T15:32:02.790Z,2025-12-14T15:32:02.790Z
34,0x000a,-2.90618,0x00000000,2025-12-14T15:32:02.790Z,2025-12-14T15:32:02.790Z
26,0x000a,2.85988,0x00000000,2025-12-14T15:32:02.790Z,2025-12-14T15:32:02.790Z
25,0x000a,2.92969,0x00000000,2025-12-14T15:32:02.790Z,2025-12-14T15:32:02.790Z
24,0x000a,2.86965,0x00000000,2025-12-14T15:32:02.790Z,2025-12-14T15:32:02.790Z
23,0x000a,-2.23231,0x00000000,2025-12-14T15:32:02.790Z,2025-12-14T15:32:02.790Z
22,0x000a,-1.59146,0x00000000,2025-12-14T15:32:02.790Z,2025-12-14T15:32:02.790Z
21,0x000a,-2.90618,0x00000000,2025-12-14T15:32:02.790Z,2025-12-14T15:32:02.790Z
8,0x0004,7907,0x00000000,2025-12-14T15:32:02.790Z,2025-12-14T15:32:02.790Z
7,0x0004,8100,0x00000000,2025-12-14T15:32:02.790Z,2025-12-14T15:32:02.790Z
6,0x0004,7934,0x00000000,2025-12-14T15:32:02.790Z,2025-12-14T15:32:02.790Z
39,0x000a,-2.10142,0x00000000,2025-12-14T15:32:02.890Z,2025-12-14T15:32:02.890Z
38,0x000a,-1.4974,0x00000000,2025-12-14T15:32:02.890Z,2025-12-14T15:32:02.890Z
37,0x000a,-2.79948,0x00000000,2025-12-14T15:32:02.890Z,2025-12-14T15:32:02.890Z
36,0x000a,-2.16505,0x00000000,2025-12-14T15:32:02.890Z,2025-12-14T15:32:02.890Z
35,0x000a,-1.59687,0x00000000,2025-12-14T15:32:02.890Z,2025-12-14T15:32:02.890Z
34,0x000a,-2.804,0x00000000,2025-12-14T15:32:02.890Z,2025-12-14T15:32:02.890Z
26,0x000a,2.64974,0x00000000,2025-12-14T15:32:02.890Z,2025-12-14T15:32:02.890Z
25,0x000a,2.77995,0x00000000,2025-12-14T15:32:02.890Z,2025-12-14T15:32:02.890Z
24,0x000a,2.5897,0x00000000,2025-12-14T15:32:02.890Z,2025-12-14T15:32:02.890Z
23,0x000a,-2.16505,0x00000000,2025-12-14T15:32:02.890Z,2025-12-14T15:32:02.890Z
22,0x000a,-1.59687,0x00000000,2025-12-14T15:32:02.890Z,2025-12-14T15:32:02.890Z
21,0x000a,-2.804,0x00000000,2025-12-14T15:32:02.890Z,2025-12-14T15:32:02.890Z
8,0x0004,7326,0x00000000,2025-12-14T15:32:02.890Z,2025-12-14T15:32:02.890Z
7,0x0004,7686,0x00000000,2025-12-14T15:32:02.890Z,2025-12-14T15:32:02.890Z
6,0x0004,7160,0x00000000,2025-12-14T15:32:02.890Z,2025-12-14T15:32:02.890Z
39,0x000a,-2.19907,0x00000000,2025-12-14T15:32:02.989Z,2025-12-14T15:32:02.989Z
38,0x000a,-1.50101,0x00000000,2025-12-14T15:32:02.989Z,2025-12-14T15:32:02.989Z
36,0x000a,-2.13324,0x00000000,2025-12-14T15:32:02.989Z,2025-12-14T15:32:02.989Z
35,0x000a,-1.54713,0x00000000,2025-12-14T15:32:02.989Z,2025-12-14T15:32:02.989Z
34,0x000a,-2.80174,0x00000000,2025-12-14T15:32:02.989Z,2025-12-14T15:32:02.989Z
26,0x000a,2.42983,0x00000000,2025-12-14T15:32:02.989Z,2025-12-14T15:32:02.989Z
25,0x000a,2.62985,0x00000000,2025-12-14T15:32:02.989Z,2025-12-14T15:32:02.989Z
24,0x000a,2.30975,0x00000000,2025-12-14T15:32:02.989Z,2025-12-14T15:32:02.989Z
23,0x000a,-2.13324,0x00000000,2025-12-14T15:32:02.989Z,2025-12-14T15:32:02.989Z
22,0x000a,-1.54713,0x00000000,2025-12-14T15:32:02.989Z,2025-12-14T15:32:02.989Z
21,0x000a,-2.80174,0x00000000,2025-12-14T15:32:02.989Z,2025-12-14T15:32:02.989Z
8,0x0004,6718,0x00000000,2025-12-14T15:32:02.989Z,2025-12-14T15:32:02.989Z
7,0x0004,7271,0x00000000,2025-12-14T15:32:02.989Z,2025-12-14T15:32:02.989Z
6,0x0004,6386,0x00000000,2025-12-14T15:32:02.989Z,2025-12-14T15:32:02.989Z
39,0x000a,-2.10142,0x00000000,2025-12-14T15:32:03.089Z,2025-12-14T15:32:03.089Z
38,0x000a,-1.59867,0x00000000,2025-12-14T15:32:03.089Z,2025-12-14T15:32:03.089Z
37,0x000a,-2.6982,0x00000000,2025-12-14T15:32:03.089Z,2025-12-14T15:32:03.089Z
36,0x000a,-2.16615,0x00000000,2025-12-14T15:32:03.089Z,2025-12-14T15:32:03.089Z
35,0x000a,-1.52407,0x00000000,2025-12-14T15:32:03.089Z,2025-12-14T15:32:03.089Z
34,0x000a,-2.80061,0x00000000,2025-12-14T15:32:03.089Z,2025-12-14T15:32:03.089Z
26,0x000a,2.21969,0x00000000,2025-12-14T15:32:03.089Z,2025-12-14T15:32:03.089Z
25,0x000a,2.46998,0x00000000,2025-12-14T15:32:03.089Z,2025-12-14T15:32:03.089Z
24,0x000a,2.03993,0x00000000,2025-12-14T15:32:03.089Z,2025-12-14T15:32:03.089Z
23,0x000a,-2.16615,0x00000000,2025-12-14T15:32:03.089Z,2025-12-14T15:32:03.089Z
22,0x000a,-1.52407,0x00000000,2025-12-14T15:32:03.089Z,2025-12-14T15:32:03.089Z
21,0x000a,-2.80061,0x00000000,2025-12-14T15:32:03.089Z,2025-12-14T15:32:03.089Z
14,0x0001,false,0x00000000,2025-12-14T15:32:03.089Z,2025-12-14T15:32:03.089Z
8,0x0004,6137,0x00000000,2025-12-14T15:32:03.089Z,2025-12-14T15:32:03.089Z
7,0x0004,6829,0x00000000,2025-12-14T15:32:03.089Z,2025-12-14T15:32:03.089Z
6,0x0004,5640,0x00000000,2025-12-14T15:32:03.089Z,2025-12-14T15:32:03.089Z
39,0x000a,-2.59693,0x00000000,2025-12-14T15:32:03.189Z,2025-12-14T15:32:03.189Z
38,0x000a,-1.80122,0x00000000,2025-12-14T15:32:03.189Z,2025-12-14T15:32:03.189Z
37,0x000a,-3.30223,0x00000000,2025-12-14T15:32:03.189Z,2025-12-14T15:32:03.189Z
36,0x000a,-2.13379,0x00000000,2025-12-14T15:32:03.189Z,2025-12-14T15:32:03.189Z
35,0x000a,-1.56137,0x00000000,2025-12-14T15:32:03.189Z,2025-12-14T15:32:03.189Z
34,0x000a,-2.74941,0x00000000,2025-12-14T15:32:03.189Z,2025-12-14T15:32:03.189Z
26,0x000a,1.96,0x00000000,2025-12-14T15:32:03.189Z,2025-12-14T15:32:03.189Z
25,0x000a,2.28986,0x00000000,2025-12-14T15:32:03.189Z,2025-12-14T15:32:03.189Z
24,0x000a,1.70971,0x00000000,2025-12-14T15:32:03.189Z,2025-12-14T15:32:03.189Z
23,0x000a,-2.13379,0x00000000,2025-12-14T15:32:03.189Z,2025-12-14T15:32:03.189Z
22,0x000a,-1.56137,0x00000000,2025-12-14T15:32:03.189Z,2025-12-14T15:32:03.189Z
21,0x000a,-2.74941,0x00000000,2025-12-14T15:32:03.189Z,2025-12-14T15:32:03.189Z
8,0x0004,5419,0x00000000,2025-12-14T15:32:03.189Z,2025-12-14T15:32:03.189Z
7,0x0004,6331,0x00000000,2025-12-14T15:32:03.189Z,2025-12-14T15:32:03.189Z
6,0x0004,4727,0x00000000,2025-12-14T15:32:03.189Z,2025-12-14T15:32:03.189Z
26,0x000a,1.74986,0x00000000,2025-12-14T15:32:03.287Z,2025-12-14T15:32:03.287Z
25,0x000a,2.13976,0x00000000,2025-12-14T15:32:03.287Z,2025-12-14T15:32:03.287Z
24,0x000a,1.59975,0x00000000,2025-12-14T15:32:03.287Z,2025-12-14T15:32:03.287Z
13,0x0001,true,0x00000000,2025-12-14T15:32:03.287Z,2025-12-14T15:32:03.287Z
8,0x0004,4838,0x00000000,2025-12-14T15:32:03.287Z,2025-12-14T15:32:03.287Z
7,0x0004,5916,0x00000000,2025-12-14T15:32:03.287Z,2025-12-14T15:32:03.287Z
6,0x0004,4423,0x00000000,2025-12-14T15:32:03.287Z,2025-12-14T15:32:03.287Z
39,0x000a,-2.10142,0x00000000,2025-12-14T15:32:03.389Z,2025-12-14T15:32:03.389Z
38,0x000a,-1.50101,0x00000000,2025-12-14T15:32:03.389Z,2025-12-14T15:32:03.389Z
37,0x000a,-1.09954,0x00000000,2025-12-14T15:32:03.389Z,2025-12-14T15:32:03.389Z
36,0x000a,-2.36536,0x00000000,2025-12-14T15:32:03.389Z,2025-12-14T15:32:03.389Z
35,0x000a,-1.68129,0x00000000,2025-12-14T15:32:03.389Z,2025-12-14T15:32:03.389Z
34,0x000a,-3.02582,0x00000000,2025-12-14T15:32:03.389Z,2025-12-14T15:32:03.389Z
26,0x000a,1.53971,0x00000000,2025-12-14T15:32:03.389Z,2025-12-14T15:32:03.389Z
25,0x000a,1.97989,0x00000000,2025-12-14T15:32:03.389Z,2025-12-14T15:32:03.389Z
23,0x000a,-2.36536,0x00000000,2025-12-14T15:32:03.389Z,2025-12-14T15:32:03.389Z
22,0x000a,-1.68129,0x00000000,2025-12-14T15:32:03.389Z,2025-12-14T15:32:03.389Z
21,0x000a,-3.02582,0x00000000,2025-12-14T15:32:03.389Z,2025-12-14T15:32:03.389Z
8,0x0004,4257,0x00000000,2025-12-14T15:32:03.389Z,2025-12-14T15:32:03.389Z
7,0x0004,5474,0x00000000,2025-12-14T15:32:03.389Z,2025-12-14T15:32:03.389Z
38,0x000a,-1.59867,0x00000000,2025-12-14T15:32:03.488Z,2025-12-14T15:32:03.488Z
37,0x000a,0,0x00000000,2025-12-14T15:32:03.488Z,2025-12-14T15:32:03.488Z
36,0x000a,-2.23339,0x00000000,2025-12-14T15:32:03.488Z,2025-12-14T15:32:03.488Z
35,0x000a,-1.59115,0x00000000,2025-12-14T15:32:03.488Z,2025-12-14T15:32:03.488Z
34,0x000a,-2.06268,0x00000000,2025-12-14T15:32:03.488Z,2025-12-14T15:32:03.488Z
26,0x000a,1.32993,0x00000000,2025-12-14T15:32:03.488Z,2025-12-14T15:32:03.488Z
25,0x000a,1.82979,0x00000000,2025-12-14T15:32:03.488Z,2025-12-14T15:32:03.488Z
24,0x000a,1.75998,0x00000000,2025-12-14T15:32:03.488Z,2025-12-14T15:32:03.488Z
23,0x000a,-2.23339,0x00000000,2025-12-14T15:32:03.488Z,2025-12-14T15:32:03.488Z
22,0x000a,-1.59115,0x00000000,2025-12-14T15:32:03.488Z,2025-12-14T15:32:03.488Z
21,0x000a,-2.06268,0x00000000,2025-12-14T15:32:03.488Z,2025-12-14T15:32:03.488Z
13,0x0001,false,0x00000000,2025-12-14T15:32:03.488Z,2025-12-14T15:32:03.488Z
8,0x0004,3677,0x00000000,2025-12-14T15:32:03.488Z,2025-12-14T15:32:03.488Z
7,0x0004,5059,0x00000000,2025-12-14T15:32:03.488Z,2025-12-14T15:32:03.488Z
6,0x0004,4866,0x00000000,2025-12-14T15:32:03.488Z,2025-12-14T15:32:03.488Z
39,0x000a,-4.69835,0x00000000,2025-12-14T15:32:03.589Z,2025-12-14T15:32:03.589Z
39,0x000a,-2.10142,0x00000000,2025-12-14T15:32:03.688Z,2025-12-14T15:32:03.688Z
38,0x000a,-3.39988,0x00000000,2025-12-14T15:32:03.589Z,2025-12-14T15:32:03.589Z
38,0x000a,-1.50101,0x00000000,2025-12-14T15:32:03.688Z,2025-12-14T15:32:03.688Z
37,0x000a,4.9009,0x00000000,2025-12-14T15:32:03.589Z,2025-12-14T15:32:03.589Z
37,0x000a,1.09954,0x00000000,2025-12-14T15:32:03.688Z,2025-12-14T15:32:03.688Z
36,0x000a,-2.1674,0x00000000,2025-12-14T15:32:03.589Z,2025-12-14T15:32:03.589Z
36,0x000a,-3.43288,0x00000000,2025-12-14T15:32:03.688Z,2025-12-14T15:32:03.688Z
35,0x000a,-1.59491,0x00000000,2025-12-14T15:32:03.589Z,2025-12-14T15:32:03.589Z
35,0x000a,-2.4974,0x00000000,2025-12-14T15:32:03.688Z,2025-12-14T15:32:03.688Z
34,0x000a,-1.03134,0x00000000,2025-12-14T15:32:03.589Z,2025-12-14T15:32:03.589Z
34,0x000a,1.93478,0x00000000,2025-12-14T15:32:03.688Z,2025-12-14T15:32:03.688Z
26,0x000a,1.06988,0x00000000,2025-12-14T15:32:03.589Z,2025-12-14T15:32:03.589Z
26,0x000a,0.859737,0x00000000,2025-12-14T15:32:03.688Z,2025-12-14T15:32:03.688Z
25,0x000a,1.6399,0x00000000,2025-12-14T15:32:03.589Z,2025-12-14T15:32:03.589Z
25,0x000a,1.4898,0x00000000,2025-12-14T15:32:03.688Z,2025-12-14T15:32:03.688Z
24,0x000a,2.08984,0x00000000,2025-12-14T15:32:03.589Z,2025-12-14T15:32:03.589Z
24,0x000a,2.1998,0x00000000,2025-12-14T15:32:03.688Z,2025-12-14T15:32:03.688Z
23,0x000a,-2.1674,0x00000000,2025-12-14T15:32:03.589Z,2025-12-14T15:32:03.589Z
23,0x000a,-3.43288,0x00000000,2025-12-14T15:32:03.688Z,2025-12-14T15:32:03.688Z
22,0x000a,-1.59491,0x00000000,2025-12-14T15:32:03.589Z,2025-12-14T15:32:03.589Z
22,0x000a,-2.4974,0x00000000,2025-12-14T15:32:03.688Z,2025-12-14T15:32:03.688Z
21,0x000a,-1.03134,0x00000000,2025-12-14T15:32:03.589Z,2025-12-14T15:32:03.589Z
21,0x000a,1.93478,0x00000000,2025-12-14T15:32:03.688Z,2025-12-14T15:32:03.688Z
18,0x0001,false,0x00000000,2025-12-14T15:32:03.589Z,2025-12-14T15:32:03.589Z
8,0x0004,2958,0x00000000,2025-12-14T15:32:03.589Z,2025-12-14T15:32:03.589Z
8,0x0004,2377,0x00000000,2025-12-14T15:32:03.688Z,2025-12-14T15:32:03.688Z
7,0x0004,4534,0x00000000,2025-12-14T15:32:03.589Z,2025-12-14T15:32:03.589Z
7,0x0004,4119,0x00000000,2025-12-14T15:32:03.688Z,2025-12-14T15:32:03.688Z
6,0x0004,5778,0x00000000,2025-12-14T15:32:03.589Z,2025-12-14T15:32:03.589Z
6,0x0004,6082,0x00000000,2025-12-14T15:32:03.688Z,2025-12-14T15:32:03.688Z
39,0x000a,-0.900608,0x00000000,2025-12-14T15:32:03.788Z,2025-12-14T15:32:03.788Z
37,0x000a,0,0x00000000,2025-12-14T15:32:03.788Z,2025-12-14T15:32:03.788Z
36,0x000a,-2.76715,0x00000000,2025-12-14T15:32:03.788Z,2025-12-14T15:32:03.788Z
35,0x000a,-1.99921,0x00000000,2025-12-14T15:32:03.788Z,2025-12-14T15:32:03.788Z
34,0x000a,1.51716,0x00000000,2025-12-14T15:32:03.788Z,2025-12-14T15:32:03.788Z
26,0x000a,0.769676,0x00000000,2025-12-14T15:32:03.788Z,2025-12-14T15:32:03.788Z
25,0x000a,1.3397,0x00000000,2025-12-14T15:32:03.788Z,2025-12-14T15:32:03.788Z
23,0x000a,-2.76715,0x00000000,2025-12-14T15:32:03.788Z,2025-12-14T15:32:03.788Z
22,0x000a,-1.99921,0x00000000,2025-12-14T15:32:03.788Z,2025-12-14T15:32:03.788Z
21,0x000a,1.51716,0x00000000,2025-12-14T15:32:03.788Z,2025-12-14T15:32:03.788Z
8,0x0004,2128,0x00000000,2025-12-14T15:32:03.788Z,2025-12-14T15:32:03.788Z
7,0x0004,3704,0x00000000,2025-12-14T15:32:03.788Z,2025-12-14T15:32:03.788Z
39,0x000a,0,0x00000000,2025-12-14T15:32:03.889Z,2025-12-14T15:32:03.889Z
38,0x000a,-1.59867,0x00000000,2025-12-14T15:32:03.889Z,2025-12-14T15:32:03.889Z
36,0x000a,-1.83388,0x00000000,2025-12-14T15:32:03.889Z,2025-12-14T15:32:03.889Z
35,0x000a,-1.75011,0x00000000,2025-12-14T15:32:03.889Z,2025-12-14T15:32:03.889Z
34,0x000a,0.758579,0x00000000,2025-12-14T15:32:03.889Z,2025-12-14T15:32:03.889Z
25,0x000a,1.17983,0x00000000,2025-12-14T15:32:03.889Z,2025-12-14T15:32:03.889Z
23,0x000a,-1.83388,0x00000000,2025-12-14T15:32:03.889Z,2025-12-14T15:32:03.889Z
22,0x000a,-1.75011,0x00000000,2025-12-14T15:32:03.889Z,2025-12-14T15:32:03.889Z
