PrimaryKey,DataType,Value,StatusCode,SourceTimeStamp,ServerTimeStamp
23,0x000a,-2.779,0x00000000,2025-12-14T15:09:51.692Z,2025-12-14T15:09:51.692Z
22,0x000a,-2.32458,0x00000000,2025-12-14T15:09:51.692Z,2025-12-14T15:09:51.692Z
21,0x000a,-0.00214589,0x00000000,2025-12-14T15:09:51.692Z,2025-12-14T15:09:51.692Z
7,0x0004,13906,0x00000000,2025-12-14T15:09:51.692Z,2025-12-14T15:09:51.692Z
7,0x0004,13741,0x00000000,2025-12-14T15:09:51.793Z,2025-12-14T15:09:51.793Z
42,0x0001,true,0x00000000,2025-12-14T15:09:51.891Z,2025-12-14T15:09:51.891Z
38,0x000a,-0.596786,0x00000000,2025-12-14T15:09:51.891Z,2025-12-14T15:09:51.891Z
36,0x000a,-1.3895,0x00000000,2025-12-14T15:09:51.891Z,2025-12-14T15:09:51.891Z
35,0x000a,-2.0629,0x00000000,2025-12-14T15:09:51.891Z,2025-12-14T15:09:51.891Z
34,0x000a,-0.00107295,0x00000000,2025-12-14T15:09:51.891Z,2025-12-14T15:09:51.891Z
23,0x000a,-1.3895,0x00000000,2025-12-14T15:09:51.891Z,2025-12-14T15:09:51.891Z
22,0x000a,-2.0629,0x00000000,2025-12-14T15:09:51.891Z,2025-12-14T15:09:51.891Z
21,0x000a,-0.00107295,0x00000000,2025-12-14T15:09:51.891Z,2025-12-14T15:09:51.891Z
38,0x000a,0,0x00000000,2025-12-14T15:09:51.992Z,2025-12-14T15:09:51.992Z
36,0x000a,-0.69475,0x00000000,2025-12-14T15:09:51.992Z,2025-12-14T15:09:51.992Z
35,0x000a,-1.32984,0x00000000,2025-12-14T15:09:51.992Z,2025-12-14T15:09:51.992Z
34,0x000a,-0.000536473,0x00000000,2025-12-14T15:09:51.992Z,2025-12-14T15:09:51.992Z
23,0x000a,-0.69475,0x00000000,2025-12-14T15:09:51.992Z,2025-12-14T15:09:51.992Z
22,0x000a,-1.32984,0x00000000,2025-12-14T15:09:51.992Z,2025-12-14T15:09:51.992Z
21,0x000a,-0.000536473,0x00000000,2025-12-14T15:09:51.992Z,2025-12-14T15:09:51.992Z
36,0x000a,-0.347375,0x00000000,2025-12-14T15:09:52.090Z,2025-12-14T15:09:52.090Z
35,0x000a,-0.664921,0x00000000,2025-12-14T15:09:52.090Z,2025-12-14T15:09:52.090Z
34,0x000a,-0.000268236,0x00000000,2025-12-14T15:09:52.090Z,2025-12-14T15:09:52.090Z
23,0x000a,-0.347375,0x00000000,2025-12-14T15:09:52.090Z,2025-12-14T15:09:52.090Z
22,0x000a,-0.664921,0x00000000,2025-12-14T15:09:52.090Z,2025-12-14T15:09:52.090Z
21,0x000a,-0.000268236,0x00000000,2025-12-14T15:09:52.090Z,2025-12-14T15:09:52.090Z
42,0x0001,false,0x00000000,2025-12-14T15:09:52.192Z,2025-12-14T15:09:52.192Z
40,0x0001,false,0x00000000,2025-12-14T15:09:52.192Z,2025-12-14T15:09:52.192Z
36,0x000a,-0.173687,0x00000000,2025-12-14T15:09:52.192Z,2025-12-14T15:09:52.192Z
35,0x000a,-0.332461,0x00000000,2025-12-14T15:09:52.192Z,2025-12-14T15:09:52.192Z
34,0x000a,-0.000134118,0x00000000,2025-12-14T15:09:52.192Z,2025-12-14T15:09:52.192Z
23,0x000a,-0.173687,0x00000000,2025-12-14T15:09:52.192Z,2025-12-14T15:09:52.192Z
22,0x000a,-0.332461,0x00000000,2025-12-14T15:09:52.192Z,2025-12-14T15:09:52.192Z
21,0x000a,-0.000134118,0x00000000,2025-12-14T15:09:52.192Z,2025-12-14T15:09:52.192Z
18,0x0001,true,0x00000000,2025-12-14T15:09:52.192Z,2025-12-14T15:09:52.192Z
16,0x0001,true,0x00000000,2025-12-14T15:09:52.192Z,2025-12-14T15:09:52.192Z
14,0x0001,true,0x00000000,2025-12-14T15:09:52.192Z,2025-12-14T15:09:52.192Z
4,0x000a,0,0x00000000,2025-12-14T15:09:52.192Z,2025-12-14T15:09:52.192Z
3,0x000a,0,0x00000000,2025-12-14T15:09:52.192Z,2025-12-14T15:09:52.192Z
2,0x000a,0,0x00000000,2025-12-14T15:09:52.192Z,2025-12-14T15:09:52.192Z
36,0x000a,-0.0868437,0x00000000,2025-12-14T15:09:52.289Z,2025-12-14T15:09:52.289Z
35,0x000a,-0.16623,0x00000000,2025-12-14T15:09:52.289Z,2025-12-14T15:09:52.289Z
34,0x000a,-6.70591e-05,0x00000000,2025-12-14T15:09:52.289Z,2025-12-14T15:09:52.289Z
23,0x000a,-0.0868437,0x00000000,2025-12-14T15:09:52.289Z,2025-12-14T15:09:52.289Z
22,0x000a,-0.16623,0x00000000,2025-12-14T15:09:52.289Z,2025-12-14T15:09:52.289Z
21,0x000a,-6.70591e-05,0x00000000,2025-12-14T15:09:52.289Z,2025-12-14T15:09:52.289Z
39,0x000a,-0.300202,0x00000000,2025-12-14T15:09:52.390Z,2025-12-14T15:09:52.390Z
38,0x000a,-0.101275,0x00000000,2025-12-14T15:09:52.390Z,2025-12-14T15:09:52.390Z
37,0x000a,-1.09954,0x00000000,2025-12-14T15:09:52.390Z,2025-12-14T15:09:52.390Z
36,0x000a,-0.0434218,0x00000000,2025-12-14T15:09:52.390Z,2025-12-14T15:09:52.390Z
35,0x000a,-0.0831152,0x00000000,2025-12-14T15:09:52.390Z,2025-12-14T15:09:52.390Z
34,0x000a,-3.35295e-05,0x00000000,2025-12-14T15:09:52.390Z,2025-12-14T15:09:52.390Z
26,0x000a,4.76997,0x00000000,2025-12-14T15:09:52.390Z,2025-12-14T15:09:52.390Z
25,0x000a,4.95985,0x00000000,2025-12-14T15:09:52.390Z,2025-12-14T15:09:52.390Z
24,0x000a,4.74971,0x00000000,2025-12-14T15:09:52.390Z,2025-12-14T15:09:52.390Z
23,0x000a,-0.0434218,0x00000000,2025-12-14T15:09:52.390Z,2025-12-14T15:09:52.390Z
22,0x000a,-0.0831152,0x00000000,2025-12-14T15:09:52.390Z,2025-12-14T15:09:52.390Z
21,0x000a,-3.35295e-05,0x00000000,2025-12-14T15:09:52.390Z,2025-12-14T15:09:52.390Z
8,0x0004,13188,0x00000000,2025-12-14T15:09:52.390Z,2025-12-14T15:09:52.390Z
7,0x0004,13713,0x00000000,2025-12-14T15:09:52.390Z,2025-12-14T15:09:52.390Z
6,0x0004,13132,0x00000000,2025-12-14T15:09:52.390Z,2025-12-14T15:09:52.390Z
39,0x000a,-2.60055,0x00000000,2025-12-14T15:09:52.491Z,2025-12-14T15:09:52.491Z
38,0x000a,0,0x00000000,2025-12-14T15:09:52.491Z,2025-12-14T15:09:52.491Z
37,0x000a,-3.29861,0x00000000,2025-12-14T15:09:52.491Z,2025-12-14T15:09:52.491Z
36,0x000a,-0.171812,0x00000000,2025-12-14T15:09:52.491Z,2025-12-14T15:09:52.491Z
35,0x000a,-0.0921953,0x00000000,2025-12-14T15:09:52.491Z,2025-12-14T15:09:52.491Z
34,0x000a,-0.549786,0x00000000,2025-12-14T15:09:52.491Z,2025-12-14T15:09:52.491Z
26,0x000a,4.50991,0x00000000,2025-12-14T15:09:52.491Z,2025-12-14T15:09:52.491Z
24,0x000a,4.41985,0x00000000,2025-12-14T15:09:52.491Z,2025-12-14T15:09:52.491Z
23,0x000a,-0.171812,0x00000000,2025-12-14T15:09:52.491Z,2025-12-14T15:09:52.491Z
22,0x000a,-0.0921953,0x00000000,2025-12-14T15:09:52.491Z,2025-12-14T15:09:52.491Z
21,0x000a,-0.549786,0x00000000,2025-12-14T15:09:52.491Z,2025-12-14T15:09:52.491Z
8,0x0004,12469,0x00000000,2025-12-14T15:09:52.491Z,2025-12-14T15:09:52.491Z
6,0x0004,12220,0x00000000,2025-12-14T15:09:52.491Z,2025-12-14T15:09:52.491Z
26,0x000a,4.29977,0x00000000,2025-12-14T15:09:52.589Z,2025-12-14T15:09:52.589Z
24,0x000a,4.1399,0x00000000,2025-12-14T15:09:52.589Z,2025-12-14T15:09:52.589Z
8,0x0004,11888,0x00000000,2025-12-14T15:09:52.589Z,2025-12-14T15:09:52.589Z
6,0x0004,11446,0x00000000,2025-12-14T15:09:52.589Z,2025-12-14T15:09:52.589Z
39,0x000a,-2.10142,0x00000000,2025-12-14T15:09:52.692Z,2025-12-14T15:09:52.692Z
37,0x000a,-2.79948,0x00000000,2025-12-14T15:09:52.692Z,2025-12-14T15:09:52.692Z
36,0x000a,-1.38618,0x00000000,2025-12-14T15:09:52.692Z,2025-12-14T15:09:52.692Z
35,0x000a,-0.0460977,0x00000000,2025-12-14T15:09:52.692Z,2025-12-14T15:09:52.692Z
34,0x000a,-1.9242,0x00000000,2025-12-14T15:09:52.692Z,2025-12-14T15:09:52.692Z
26,0x000a,4.08999,0x00000000,2025-12-14T15:09:52.692Z,2025-12-14T15:09:52.692Z
25,0x000a,4.94973,0x00000000,2025-12-14T15:09:52.692Z,2025-12-14T15:09:52.692Z
24,0x000a,3.86972,0x00000000,2025-12-14T15:09:52.692Z,2025-12-14T15:09:52.692Z
23,0x000a,-1.38618,0x00000000,2025-12-14T15:09:52.692Z,2025-12-14T15:09:52.692Z
22,0x000a,-0.0460977,0x00000000,2025-12-14T15:09:52.692Z,2025-12-14T15:09:52.692Z
21,0x000a,-1.9242,0x00000000,2025-12-14T15:09:52.692Z,2025-12-14T15:09:52.692Z
8,0x0004,11308,0x00000000,2025-12-14T15:09:52.692Z,2025-12-14T15:09:52.692Z
7,0x0004,13685,0x00000000,2025-12-14T15:09:52.692Z,2025-12-14T15:09:52.692Z
6,0x0004,10699,0x00000000,2025-12-14T15:09:52.692Z,2025-12-14T15:09:52.692Z
39,0x000a,-4.30049,0x00000000,2025-12-14T15:09:52.791Z,2025-12-14T15:09:52.791Z
38,0x000a,-0.101271,0x00000000,2025-12-14T15:09:52.791Z,2025-12-14T15:09:52.791Z
37,0x000a,-5.5013,0x00000000,2025-12-14T15:09:52.791Z,2025-12-14T15:09:52.791Z
36,0x000a,-1.7438,0x00000000,2025-12-14T15:09:52.791Z,2025-12-14T15:09:52.791Z
35,0x000a,-0.0230488,0x00000000,2025-12-14T15:09:52.791Z,2025-12-14T15:09:52.791Z
34,0x000a,-2.36184,0x00000000,2025-12-14T15:09:52.791Z,2025-12-14T15:09:52.791Z
26,0x000a,3.86972,0x00000000,2025-12-14T15:09:52.791Z,2025-12-14T15:09:52.791Z
24,0x000a,3.58977,0x00000000,2025-12-14T15:09:52.791Z,2025-12-14T15:09:52.791Z
23,0x000a,-1.7438,0x00000000,2025-12-14T15:09:52.791Z,2025-12-14T15:09:52.791Z
22,0x000a,-0.0230488,0x00000000,2025-12-14T15:09:52.791Z,2025-12-14T15:09:52.791Z
21,0x000a,-2.36184,0x00000000,2025-12-14T15:09:52.791Z,2025-12-14T15:09:52.791Z
8,0x0004,10699,0x00000000,2025-12-14T15:09:52.791Z,2025-12-14T15:09:52.791Z
6,0x0004,9925,0x00000000,2025-12-14T15:09:52.791Z,2025-12-14T15:09:52.791Z
39,0x000a,-2.0978,0x00000000,2025-12-14T15:09:52.891Z,2025-12-14T15:09:52.891Z
38,0x000a,0,0x00000000,2025-12-14T15:09:52.891Z,2025-12-14T15:09:52.891Z
37,0x000a,-2.79948,0x00000000,2025-12-14T15:09:52.891Z,2025-12-14T15:09:52.891Z
36,0x000a,-3.02215,0x00000000,2025-12-14T15:09:52.891Z,2025-12-14T15:09:52.891Z
35,0x000a,-0.0621598,0x00000000,2025-12-14T15:09:52.891Z,2025-12-14T15:09:52.891Z
34,0x000a,-3.93157,0x00000000,2025-12-14T15:09:52.891Z,2025-12-14T15:09:52.891Z
26,0x000a,3.65994,0x00000000,2025-12-14T15:09:52.891Z,2025-12-14T15:09:52.891Z
24,0x000a,3.30982,0x00000000,2025-12-14T15:09:52.891Z,2025-12-14T15:09:52.891Z
23,0x000a,-3.02215,0x00000000,2025-12-14T15:09:52.891Z,2025-12-14T15:09:52.891Z
22,0x000a,-0.0621598,0x00000000,2025-12-14T15:09:52.891Z,2025-12-14T15:09:52.891Z
21,0x000a,-3.93157,0x00000000,2025-12-14T15:09:52.891Z,2025-12-14T15:09:52.891Z
8,0x0004,10119,0x00000000,2025-12-14T15:09:52.891Z,2025-12-14T15:09:52.891Z
6,0x0004,9151,0x00000000,2025-12-14T15:09:52.891Z,2025-12-14T15:09:52.891Z
39,0x000a,-2.10142,0x00000000,2025-12-14T15:09:52.992Z,2025-12-14T15:09:52.992Z
38,0x000a,-0.0976562,0x00000000,2025-12-14T15:09:52.992Z,2025-12-14T15:09:52.992Z
37,0x000a,-2.70182,0x00000000,2025-12-14T15:09:52.992Z,2025-12-14T15:09:52.992Z
36,0x000a,-2.55997,0x00000000,2025-12-14T15:09:52.992Z,2025-12-14T15:09:52.992Z
35,0x000a,-0.0310799,0x00000000,2025-12-14T15:09:52.992Z,2025-12-14T15:09:52.992Z
34,0x000a,-3.36552,0x00000000,2025-12-14T15:09:52.992Z,2025-12-14T15:09:52.992Z
26,0x000a,3.4498,0x00000000,2025-12-14T15:09:52.992Z,2025-12-14T15:09:52.992Z
25,0x000a,4.93996,0x00000000,2025-12-14T15:09:52.992Z,2025-12-14T15:09:52.992Z
24,0x000a,3.03964,0x00000000,2025-12-14T15:09:52.992Z,2025-12-14T15:09:52.992Z
23,0x000a,-2.55997,0x00000000,2025-12-14T15:09:52.992Z,2025-12-14T15:09:52.992Z
22,0x000a,-0.0310799,0x00000000,2025-12-14T15:09:52.992Z,2025-12-14T15:09:52.992Z
21,0x000a,-3.36552,0x00000000,2025-12-14T15:09:52.992Z,2025-12-14T15:09:52.992Z
8,0x0004,9538,0x00000000,2025-12-14T15:09:52.992Z,2025-12-14T15:09:52.992Z
7,0x0004,13658,0x00000000,2025-12-14T15:09:52.992Z,2025-12-14T15:09:52.992Z
6,0x0004,8404,0x00000000,2025-12-14T15:09:52.992Z,2025-12-14T15:09:52.992Z
39,0x000a,-2.19907,0x00000000,2025-12-14T15:09:53.091Z,2025-12-14T15:09:53.091Z
39,0x000a,-2.10142,0x00000000,2025-12-14T15:09:53.192Z,2025-12-14T15:09:53.192Z
38,0x000a,0,0x00000000,2025-12-14T15:09:53.091Z,2025-12-14T15:09:53.091Z
37,0x000a,-2.79948,0x00000000,2025-12-14T15:09:53.091Z,2025-12-14T15:09:53.091Z
37,0x000a,-2.6982,0x00000000,2025-12-14T15:09:53.192Z,2025-12-14T15:09:53.192Z
36,0x000a,-2.3307,0x00000000,2025-12-14T15:09:53.091Z,2025-12-14T15:09:53.091Z
36,0x000a,-2.26488,0x00000000,2025-12-14T15:09:53.192Z,2025-12-14T15:09:53.192Z
35,0x000a,-0.0643681,0x00000000,2025-12-14T15:09:53.091Z,2025-12-14T15:09:53.091Z
35,0x000a,-0.032184,0x00000000,2025-12-14T15:09:53.192Z,2025-12-14T15:09:53.192Z
34,0x000a,-3.03367,0x00000000,2025-12-14T15:09:53.091Z,2025-12-14T15:09:53.091Z
34,0x000a,-2.91658,0x00000000,2025-12-14T15:09:53.192Z,2025-12-14T15:09:53.192Z
26,0x000a,3.22989,0x00000000,2025-12-14T15:09:53.091Z,2025-12-14T15:09:53.091Z
26,0x000a,3.01975,0x00000000,2025-12-14T15:09:53.192Z,2025-12-14T15:09:53.192Z
39,0x000a,-2.60055,0x00000000,2025-12-14T15:09:53.291Z,2025-12-14T15:09:53.291Z
38,0x000a,-0.101275,0x00000000,2025-12-14T15:09:53.291Z,2025-12-14T15:09:53.291Z
37,0x000a,-3.39988,0x00000000,2025-12-14T15:09:53.291Z,2025-12-14T15:09:53.291Z
36,0x000a,-2.18315,0x00000000,2025-12-14T15:09:53.291Z,2025-12-14T15:09:53.291Z
35,0x000a,-0.016092,0x00000000,2025-12-14T15:09:53.291Z,2025-12-14T15:09:53.291Z
34,0x000a,-2.80739,0x00000000,2025-12-14T15:09:53.291Z,2025-12-14T15:09:53.291Z
26,0x000a,2.75969,0x00000000,2025-12-14T15:09:53.291Z,2025-12-14T15:09:53.291Z
25,0x000a,4.92983,0x00000000,2025-12-14T15:09:53.291Z,2025-12-14T15:09:53.291Z
24,0x000a,2.75969,0x00000000,2025-12-14T15:09:53.091Z,2025-12-14T15:09:53.091Z
24,0x000a,2.48987,0x00000000,2025-12-14T15:09:53.192Z,2025-12-14T15:09:53.192Z
24,0x000a,2.14988,0x00000000,2025-12-14T15:09:53.291Z,2025-12-14T15:09:53.291Z
23,0x000a,-2.3307,0x00000000,2025-12-14T15:09:53.091Z,2025-12-14T15:09:53.091Z
23,0x000a,-2.26488,0x00000000,2025-12-14T15:09:53.192Z,2025-12-14T15:09:53.192Z
23,0x000a,-2.18315,0x00000000,2025-12-14T15:09:53.291Z,2025-12-14T15:09:53.291Z
22,0x000a,-0.0643681,0x00000000,2025-12-14T15:09:53.091Z,2025-12-14T15:09:53.091Z
22,0x000a,-0.032184,0x00000000,2025-12-14T15:09:53.192Z,2025-12-14T15:09:53.192Z
22,0x000a,-0.016092,0x00000000,2025-12-14T15:09:53.291Z,2025-12-14T15:09:53.291Z
21,0x000a,-3.03367,0x00000000,2025-12-14T15:09:53.091Z,2025-12-14T15:09:53.091Z
21,0x000a,-2.91658,0x00000000,2025-12-14T15:09:53.192Z,2025-12-14T15:09:53.192Z
21,0x000a,-2.80739,0x00000000,2025-12-14T15:09:53.291Z,2025-12-14T15:09:53.291Z
8,0x0004,8930,0x00000000,2025-12-14T15:09:53.091Z,2025-12-14T15:09:53.091Z
8,0x0004,8349,0x00000000,2025-12-14T15:09:53.192Z,2025-12-14T15:09:53.192Z
8,0x0004,7630,0x00000000,2025-12-14T15:09:53.291Z,2025-12-14T15:09:53.291Z
7,0x0004,13630,0x00000000,2025-12-14T15:09:53.291Z,2025-12-14T15:09:53.291Z
6,0x0004,7630,0x00000000,2025-12-14T15:09:53.091Z,2025-12-14T15:09:53.091Z
6,0x0004,6884,0x00000000,2025-12-14T15:09:53.192Z,2025-12-14T15:09:53.192Z
6,0x0004,5944,0x00000000,2025-12-14T15:09:53.291Z,2025-12-14T15:09:53.291Z
36,0x000a,-2.39185,0x00000000,2025-12-14T15:09:53.390Z,2025-12-14T15:09:53.390Z
35,0x000a,-0.0586837,0x00000000,2025-12-14T15:09:53.390Z,2025-12-14T15:09:53.390Z
34,0x000a,-3.10364,0x00000000,2025-12-14T15:09:53.390Z,2025-12-14T15:09:53.390Z
26,0x000a,2.54991,0x00000000,2025-12-14T15:09:53.390Z,2025-12-14T15:09:53.390Z
24,0x000a,1.8797,0x00000000,2025-12-14T15:09:53.390Z,2025-12-14T15:09:53.390Z
23,0x000a,-2.39185,0x00000000,2025-12-14T15:09:53.390Z,2025-12-14T15:09:53.390Z
22,0x000a,-0.0586837,0x00000000,2025-12-14T15:09:53.390Z,2025-12-14T15:09:53.390Z
21,0x000a,-3.10364,0x00000000,2025-12-14T15:09:53.390Z,2025-12-14T15:09:53.390Z
8,0x0004,7050,0x00000000,2025-12-14T15:09:53.390Z,2025-12-14T15:09:53.390Z
6,0x0004,5197,0x00000000,2025-12-14T15:09:53.390Z,2025-12-14T15:09:53.390Z
39,0x000a,-2.0978,0x00000000,2025-12-14T15:09:53.492Z,2025-12-14T15:09:53.492Z
38,0x000a,0,0x00000000,2025-12-14T15:09:53.492Z,2025-12-14T15:09:53.492Z
37,0x000a,-2.70182,0x00000000,2025-12-14T15:09:53.492Z,2025-12-14T15:09:53.492Z
26,0x000a,2.33977,0x00000000,2025-12-14T15:09:53.492Z,2025-12-14T15:09:53.492Z
25,0x000a,4.9197,0x00000000,2025-12-14T15:09:53.492Z,2025-12-14T15:09:53.492Z
24,0x000a,1.59975,0x00000000,2025-12-14T15:09:53.492Z,2025-12-14T15:09:53.492Z
8,0x0004,6469,0x00000000,2025-12-14T15:09:53.492Z,2025-12-14T15:09:53.492Z
7,0x0004,13602,0x00000000,2025-12-14T15:09:53.492Z,2025-12-14T15:09:53.492Z
6,0x0004,4423,0x00000000,2025-12-14T15:09:53.492Z,2025-12-14T15:09:53.492Z
39,0x000a,-2.10142,0x00000000,2025-12-14T15:09:53.591Z,2025-12-14T15:09:53.591Z
38,0x000a,-0.101271,0x00000000,2025-12-14T15:09:53.591Z,2025-12-14T15:09:53.591Z
37,0x000a,-2.79948,0x00000000,2025-12-14T15:09:53.591Z,2025-12-14T15:09:53.591Z
36,0x000a,-2.24483,0x00000000,2025-12-14T15:09:53.591Z,2025-12-14T15:09:53.591Z
35,0x000a,-0.0293419,0x00000000,2025-12-14T15:09:53.591Z,2025-12-14T15:09:53.591Z
34,0x000a,-2.90273,0x00000000,2025-12-14T15:09:53.591Z,2025-12-14T15:09:53.591Z
26,0x000a,2.12999,0x00000000,2025-12-14T15:09:53.591Z,2025-12-14T15:09:53.591Z
24,0x000a,1.32993,0x00000000,2025-12-14T15:09:53.591Z,2025-12-14T15:09:53.591Z
23,0x000a,-2.24483,0x00000000,2025-12-14T15:09:53.591Z,2025-12-14T15:09:53.591Z
22,0x000a,-0.0293419,0x00000000,2025-12-14T15:09:53.591Z,2025-12-14T15:09:53.591Z
21,0x000a,-2.90273,0x00000000,2025-12-14T15:09:53.591Z,2025-12-14T15:09:53.591Z
8,0x0004,5889,0x00000000,2025-12-14T15:09:53.591Z,2025-12-14T15:09:53.591Z
6,0x0004,3677,0x00000000,2025-12-14T15:09:53.591Z,2025-12-14T15:09:53.591Z
39,0x000a,-2.0978,0x00000000,2025-12-14T15:09:53.691Z,2025-12-14T15:09:53.691Z
38,0x000a,0,0x00000000,2025-12-14T15:09:53.691Z,2025-12-14T15:09:53.691Z
37,0x000a,-2.69821,0x00000000,2025-12-14T15:09:53.691Z,2025-12-14T15:09:53.691Z
36,0x000a,-2.17312,0x00000000,2025-12-14T15:09:53.691Z,2025-12-14T15:09:53.691Z
35,0x000a,-0.0653063,0x00000000,2025-12-14T15:09:53.691Z,2025-12-14T15:09:53.691Z
34,0x000a,-2.8511,0x00000000,2025-12-14T15:09:53.691Z,2025-12-14T15:09:53.691Z
26,0x000a,1.90972,0x00000000,2025-12-14T15:09:53.691Z,2025-12-14T15:09:53.691Z
24,0x000a,1.04999,0x00000000,2025-12-14T15:09:53.691Z,2025-12-14T15:09:53.691Z
23,0x000a,-2.17312,0x00000000,2025-12-14T15:09:53.691Z,2025-12-14T15:09:53.691Z
22,0x000a,-0.0653063,0x00000000,2025-12-14T15:09:53.691Z,2025-12-14T15:09:53.691Z
21,0x000a,-2.8511,0x00000000,2025-12-14T15:09:53.691Z,2025-12-14T15:09:53.691Z
8,0x0004,5280,0x00000000,2025-12-14T15:09:53.691Z,2025-12-14T15:09:53.691Z
6,0x0004,2903,0x00000000,2025-12-14T15:09:53.691Z,2025-12-14T15:09:53.691Z
39,0x000a,-2.20269,0x00000000,2025-12-14T15:09:53.793Z,2025-12-14T15:09:53.793Z
37,0x000a,-2.79948,0x00000000,2025-12-14T15:09:53.793Z,2025-12-14T15:09:53.793Z
36,0x000a,-2.13546,0x00000000,2025-12-14T15:09:53.793Z,2025-12-14T15:09:53.793Z
35,0x000a,-0.0326531,0x00000000,2025-12-14T15:09:53.793Z,2025-12-14T15:09:53.793Z
34,0x000a,-2.77466,0x00000000,2025-12-14T15:09:53.793Z,2025-12-14T15:09:53.793Z
26,0x000a,1.65979,0x00000000,2025-12-14T15:09:53.793Z,2025-12-14T15:09:53.793Z
25,0x000a,4.90994,0x00000000,2025-12-14T15:09:53.793Z,2025-12-14T15:09:53.793Z
24,0x000a,0.719763,0x00000000,2025-12-14T15:09:53.793Z,2025-12-14T15:09:53.793Z
23,0x000a,-2.13546,0x00000000,2025-12-14T15:09:53.793Z,2025-12-14T15:09:53.793Z
22,0x000a,-0.0326531,0x00000000,2025-12-14T15:09:53.793Z,2025-12-14T15:09:53.793Z
21,0x000a,-2.77466,0x00000000,2025-12-14T15:09:53.793Z,2025-12-14T15:09:53.793Z
8,0x0004,4589,0x00000000,2025-12-14T15:09:53.793Z,2025-12-14T15:09:53.793Z
7,0x0004,13575,0x00000000,2025-12-14T15:09:53.793Z,2025-12-14T15:09:53.793Z
6,0x0004,1990,0x00000000,2025-12-14T15:09:53.793Z,2025-12-14T15:09:53.793Z
39,0x000a,-4.69835,0x00000000,2025-12-14T15:09:53.890Z,2025-12-14T15:09:53.890Z
38,0x000a,-0.0976562,0x00000000,2025-12-14T15:09:53.890Z,2025-12-14T15:09:53.890Z
37,0x000a,-6.10171,0x00000000,2025-12-14T15:09:53.890Z,2025-12-14T15:09:53.890Z
36,0x000a,-2.16908,0x00000000,2025-12-14T15:09:53.890Z,2025-12-14T15:09:53.890Z
35,0x000a,-0.0163266,0x00000000,2025-12-14T15:09:53.890Z,2025-12-14T15:09:53.890Z
34,0x000a,-2.78707,0x00000000,2025-12-14T15:09:53.890Z,2025-12-14T15:09:53.890Z
26,0x000a,1.43989,0x00000000,2025-12-14T15:09:53.890Z,2025-12-14T15:09:53.890Z
24,0x000a,0.439815,0x00000000,2025-12-14T15:09:53.890Z,2025-12-14T15:09:53.890Z
23,0x000a,-2.16908,0x00000000,2025-12-14T15:09:53.890Z,2025-12-14T15:09:53.890Z
22,0x000a,-0.0163266,0x00000000,2025-12-14T15:09:53.890Z,2025-12-14T15:09:53.890Z
21,0x000a,-2.78707,0x00000000,2025-12-14T15:09:53.890Z,2025-12-14T15:09:53.890Z
8,0x0004,3981,0x00000000,2025-12-14T15:09:53.890Z,2025-12-14T15:09:53.890Z
6,0x0004,1216,0x00000000,2025-12-14T15:09:53.890Z,2025-12-14T15:09:53.890Z
39,0x000a,-2.10142,0x00000000,2025-12-14T15:09:53.993Z,2025-12-14T15:09:53.993Z
38,0x000a,0,0x00000000,2025-12-14T15:09:53.993Z,2025-12-14T15:09:53.993Z
37,0x000a,-2.69821,0x00000000,2025-12-14T15:09:53.993Z,2025-12-14T15:09:53.993Z
36,0x000a,-3.43371,0x00000000,2025-12-14T15:09:53.993Z,2025-12-14T15:09:53.993Z
35,0x000a,-0.0569914,0x00000000,2025-12-14T15:09:53.993Z,2025-12-14T15:09:53.993Z
34,0x000a,-4.44439,0x00000000,2025-12-14T15:09:53.993Z,2025-12-14T15:09:53.993Z
26,0x000a,1.22975,0x00000000,2025-12-14T15:09:53.993Z,2025-12-14T15:09:53.993Z
24,0x000a,0.169994,0x00000000,2025-12-14T15:09:53.993Z,2025-12-14T15:09:53.993Z
23,0x000a,-3.43371,0x00000000,2025-12-14T15:09:53.993Z,2025-12-14T15:09:53.993Z
22,0x000a,-0.0569914,0x00000000,2025-12-14T15:09:53.993Z,2025-12-14T15:09:53.993Z
21,0x000a,-4.44439,0x00000000,2025-12-14T15:09:53.993Z,2025-12-14T15:09:53.993Z
14,0x0001,false,0x00000000,2025-12-14T15:09:53.993Z,2025-12-14T15:09:53.993Z
8,0x0004,3400,0x00000000,2025-12-14T15:09:53.993Z,2025-12-14T15:09:53.993Z
6,0x0004,470,0x00000000,2025-12-14T15:09:53.993Z,2025-12-14T15:09:53.993Z
39,0x000a,-2.0978,0x00000000,2025-12-14T15:09:54.092Z,2025-12-14T15:09:54.092Z
38,0x000a,-0.101275,0x00000000,2025-12-14T15:09:54.092Z,2025-12-14T15:09:54.092Z
37,0x000a,-1.69994,0x00000000,2025-12-14T15:09:54.092Z,2025-12-14T15:09:54.092Z
36,0x000a,-2.76757,0x00000000,2025-12-14T15:09:54.092Z,2025-12-14T15:09:54.092Z
35,0x000a,-0.0284957,0x00000000,2025-12-14T15:09:54.092Z,2025-12-14T15:09:54.092Z
34,0x000a,-3.5713,0x00000000,2025-12-14T15:09:54.092Z,2025-12-14T15:09:54.092Z
29,0x0004,0,0x00000000,2025-12-14T15:09:54.092Z,2025-12-14T15:09:54.092Z
26,0x000a,1.01997,0x00000000,2025-12-14T15:09:54.092Z,2025-12-14T15:09:54.092Z
25,0x000a,4.89981,0x00000000,2025-12-14T15:09:54.092Z,2025-12-14T15:09:54.092Z
24,0x000a,0,0x00000000,2025-12-14T15:09:54.092Z,2025-12-14T15:09:54.092Z
23,0x000a,-2.76757,0x00000000,2025-12-14T15:09:54.092Z,2025-12-14T15:09:54.092Z
22,0x000a,-0.0284957,0x00000000,2025-12-14T15:09:54.092Z,2025-12-14T15:09:54.092Z
21,0x000a,-3.5713,0x00000000,2025-12-14T15:09:54.092Z,2025-12-14T15:09:54.092Z
8,0x0004,2820,0x00000000,2025-12-14T15:09:54.092Z,2025-12-14T15:09:54.092Z
7,0x0004,13547,0x00000000,2025-12-14T15:09:54.092Z,2025-12-14T15:09:54.092Z
6,0x0004,0,0x00000000,2025-12-14T15:09:54.092Z,2025-12-14T15:09:54.092Z
36,0x000a,-2.43268,0x00000000,2025-12-14T15:09:54.190Z,2025-12-14T15:09:54.190Z
35,0x000a,-0.0648856,0x00000000,2025-12-14T15:09:54.190Z,2025-12-14T15:09:54.190Z
34,0x000a,-2.63562,0x00000000,2025-12-14T15:09:54.190Z,2025-12-14T15:09:54.190Z
26,0x000a,0.799696,0x00000000,2025-12-14T15:09:54.190Z,2025-12-14T15:09:54.190Z
25,0x000a,4.86979,0x00000000,2025-12-14T15:09:54.190Z,2025-12-14T15:09:54.190Z
23,0x000a,-2.43268,0x00000000,2025-12-14T15:09:54.190Z,2025-12-14T15:09:54.190Z
22,0x000a,-0.0648856,0x00000000,2025-12-14T15:09:54.190Z,2025-12-14T15:09:54.190Z
21,0x000a,-2.63562,0x00000000,2025-12-14T15:09:54.190Z,2025-12-14T15:09:54.190Z
8,0x0004,2211,0x00000000,2025-12-14T15:09:54.190Z,2025-12-14T15:09:54.190Z
7,0x0004,13464,0x00000000,2025-12-14T15:09:54.190Z,2025-12-14T15:09:54.190Z
39,0x000a,-2.20269,0x00000000,2025-12-14T15:09:54.290Z,2025-12-14T15:09:54.290Z
38,0x000a,-0.300202,0x00000000,2025-12-14T15:09:54.290Z,2025-12-14T15:09:54.290Z
37,0x000a,0,0x00000000,2025-12-14T15:09:54.290Z,2025-12-14T15:09:54.290Z
26,0x000a,0.589916,0x00000000,2025-12-14T15:09:54.290Z,2025-12-14T15:09:54.290Z
25,0x000a,4.70992,0x00000000,2025-12-14T15:09:54.290Z,2025-12-14T15:09:54.290Z
8,0x0004,1631,0x00000000,2025-12-14T15:09:54.290Z,2025-12-14T15:09:54.290Z
7,0x0004,13022,0x00000000,2025-12-14T15:09:54.290Z,2025-12-14T15:09:54.290Z
39,0x000a,-2.0978,0x00000000,2025-12-14T15:09:54.390Z,2025-12-14T15:09:54.390Z
38,0x000a,-1.59867,0x00000000,2025-12-14T15:09:54.390Z,2025-12-14T15:09:54.390Z
36,0x000a,-2.31769,0x00000000,2025-12-14T15:09:54.390Z,2025-12-14T15:09:54.390Z
35,0x000a,-0.182544,0x00000000,2025-12-14T15:09:54.390Z,2025-12-14T15:09:54.390Z
34,0x000a,-1.31781,0x00000000,2025-12-14T15:09:54.390Z,2025-12-14T15:09:54.390Z
26,0x000a,0.329861,0x00000000,2025-12-14T15:09:54.390Z,2025-12-14T15:09:54.390Z
25,0x000a,4.5298,0x00000000,2025-12-14T15:09:54.390Z,2025-12-14T15:09:54.390Z
23,0x000a,-2.31769,0x00000000,2025-12-14T15:09:54.390Z,2025-12-14T15:09:54.390Z
22,0x000a,-0.182544,0x00000000,2025-12-14T15:09:54.390Z,2025-12-14T15:09:54.390Z
21,0x000a,-1.31781,0x00000000,2025-12-14T15:09:54.390Z,2025-12-14T15:09:54.390Z
8,0x0004,912,0x00000000,2025-12-14T15:09:54.390Z,2025-12-14T15:09:54.390Z
7,0x0004,12524,0x00000000,2025-12-14T15:09:54.390Z,2025-12-14T15:09:54.390Z
40,0x0001,true,0x00000000,2025-12-14T15:09:54.491Z,2025-12-14T15:09:54.491Z
39,0x000a,-2.60055,0x00000000,2025-12-14T15:09:54.491Z,2025-12-14T15:09:54.491Z
38,0x000a,-1.80121,0x00000000,2025-12-14T15:09:54.491Z,2025-12-14T15:09:54.491Z
36,0x000a,-2.20774,0x00000000,2025-12-14T15:09:54.491Z,2025-12-14T15:09:54.491Z
35,0x000a,-0.890606,0x00000000,2025-12-14T15:09:54.491Z,2025-12-14T15:09:54.491Z
34,0x000a,-0.658905,0x00000000,2025-12-14T15:09:54.491Z,2025-12-14T15:09:54.491Z
26,0x000a,0.119719,0x00000000,2025-12-14T15:09:54.491Z,2025-12-14T15:09:54.491Z
25,0x000a,4.3797,0x00000000,2025-12-14T15:09:54.491Z,2025-12-14T15:09:54.491Z
23,0x000a,-2.20774,0x00000000,2025-12-14T15:09:54.491Z,2025-12-14T15:09:54.491Z
22,0x000a,-0.890606,0x00000000,2025-12-14T15:09:54.491Z,2025-12-14T15:09:54.491Z
21,0x000a,-0.658905,0x00000000,2025-12-14T15:09:54.491Z,2025-12-14T15:09:54.491Z
18,0x0001,false,0x00000000,2025-12-14T15:09:54.491Z,2025-12-14T15:09:54.491Z
8,0x0004,331,0x00000000,2025-12-14T15:09:54.491Z,2025-12-14T15:09:54.491Z
7,0x0004,12109,0x00000000,2025-12-14T15:09:54.491Z,2025-12-14T15:09:54.491Z
39,0x000a,-2.10142,0x00000000,2025-12-14T15:09:54.590Z,2025-12-14T15:09:54.590Z
38,0x000a,-1.50101,0x00000000,2025-12-14T15:09:54.590Z,2025-12-14T15:09:54.590Z
36,0x000a,-2.40415,0x00000000,2025-12-14T15:09:54.590Z,2025-12-14T15:09:54.590Z
35,0x000a,-1.34591,0x00000000,2025-12-14T15:09:54.590Z,2025-12-14T15:09:54.590Z
34,0x000a,-0.329452,0x00000000,2025-12-14T15:09:54.590Z,2025-12-14T15:09:54.590Z
26,0x000a,0,0x00000000,2025-12-14T15:09:54.590Z,2025-12-14T15:09:54.590Z
25,0x000a,4.21983,0x00000000,2025-12-14T15:09:54.590Z,2025-12-14T15:09:54.590Z
23,0x000a,-2.40415,0x00000000,2025-12-14T15:09:54.590Z,2025-12-14T15:09:54.590Z
22,0x000a,-1.34591,0x00000000,2025-12-14T15:09:54.590Z,2025-12-14T15:09:54.590Z
21,0x000a,-0.329452,0x00000000,2025-12-14T15:09:54.590Z,2025-12-14T15:09:54.590Z
8,0x0004,0,0x00000000,2025-12-14T15:09:54.590Z,2025-12-14T15:09:54.590Z
7,0x0004,11667,0x00000000,2025-12-14T15:09:54.590Z,2025-12-14T15:09:54.590Z
39,0x000a,-1.19719,0x00000000,2025-12-14T15:09:54.690Z,2025-12-14T15:09:54.690Z
39,0x000a,0,0x00000000,2025-12-14T15:09:54.790Z,2025-12-14T15:09:54.790Z
38,0x000a,-1.59867,0x00000000,2025-12-14T15:09:54.690Z,2025-12-14T15:09:54.690Z
38,0x000a,-1.50101,0x00000000,2025-12-14T15:09:54.790Z,2025-12-14T15:09:54.790Z
36,0x000a,-2.25278,0x00000000,2025-12-14T15:09:54.690Z,2025-12-14T15:09:54.690Z
36,0x000a,-1.72499,0x00000000,2025-12-14T15:09:54.790Z,2025-12-14T15:09:54.790Z
35,0x000a,-1.42346,0x00000000,2025-12-14T15:09:54.690Z,2025-12-14T15:09:54.690Z
35,0x000a,-1.51107,0x00000000,2025-12-14T15:09:54.790Z,2025-12-14T15:09:54.790Z
34,0x000a,-0.164726,0x00000000,2025-12-14T15:09:54.690Z,2025-12-14T15:09:54.690Z
34,0x000a,-0.0823631,0x00000000,2025-12-14T15:09:54.790Z,2025-12-14T15:09:54.790Z
25,0x000a,4.06973,0x00000000,2025-12-14T15:09:54.690Z,2025-12-14T15:09:54.690Z
23,0x000a,-2.25278,0x00000000,2025-12-14T15:09:54.690Z,2025-12-14T15:09:54.690Z
23,0x000a,-1.72499,0x00000000,2025-12-14T15:09:54.790Z,2025-12-14T15:09:54.790Z
22,0x000a,-1.42346,0x00000000,2025-12-14T15:09:54.690Z,2025-12-14T15:09:54.690Z
22,0x000a,-1.51107,0x00000000,2025-12-14T15:09:54.790Z,2025-12-14T15:09:54.790Z
21,0x000a,-0.164726,0x00000000,2025-12-14T15:09:54.690Z,2025-12-14T15:09:54.690Z
21,0x000a,-0.0823631,0x00000000,2025-12-14T15:09:54.790Z,2025-12-14T15:09:54.790Z
7,0x0004,11252,0x00000000,2025-12-14T15:09:54.690Z,2025-12-14T15:09:54.690Z
7,0x0004,10755,0x00000000,2025-12-14T15:09:54.790Z,2025-12-14T15:09:54.790Z
38,0x000a,-1.7976,0x00000000,2025-12-14T15:09:54.890Z,2025-12-14T15:09:54.890Z
36,0x000a,-0.862494,0x00000000,2025-12-14T15:09:54.890Z,2025-12-14T15:09:54.890Z
35,0x000a,-1.50604,0x00000000,2025-12-14T15:09:54.890Z,2025-12-14T15:09:54.890Z
34,0x000a,-0.0411816,0x00000000,2025-12-14T15:09:54.890Z,2025-12-14T15:09:54.890Z
25,0x000a,3.88997,0x00000000,2025-12-14T15:09:54.890Z,2025-12-14T15:09:54.890Z
23,0x000a,-0.862494,0x00000000,2025-12-14T15:09:54.890Z,2025-12-14T15:09:54.890Z
22,0x000a,-1.50604,0x00000000,2025-12-14T15:09:54.890Z,2025-12-14T15:09:54.890Z
21,0x000a,-0.0411816,0x00000000,2025-12-14T15:09:54.890Z,2025-12-14T15:09:54.890Z
42,0x0001,true,0x00000000,2025-12-14T15:09:54.993Z,2025-12-14T15:09:54.993Z
36,0x000a,-0.431247,0x00000000,2025-12-14T15:09:54.993Z,2025-12-14T15:09:54.993Z
35,0x000a,-1.65182,0x00000000,2025-12-14T15:09:54.993Z,2025-12-14T15:09:54.993Z
34,0x000a,-0.0205908,0x00000000,2025-12-14T15:09:54.993Z,2025-12-14T15:09:54.993Z
25,0x000a,3.72975,0x00000000,2025-12-14T15:09:54.993Z,2025-12-14T15:09:54.993Z
23,0x000a,-0.431247,0x00000000,2025-12-14T15:09:54.993Z,2025-12-14T15:09:54.993Z
22,0x000a,-1.65182,0x00000000,2025-12-14T15:09:54.993Z,2025-12-14T15:09:54.993Z
21,0x000a,-0.0205908,0x00000000,2025-12-14T15:09:54.993Z,2025-12-14T15:09:54.993Z
7,0x0004,10312,0x00000000,2025-12-14T15:09:54.993Z,2025-12-14T15:09:54.993Z
38,0x000a,-3.1033,0x00000000,2025-12-14T15:09:55.091Z,2025-12-14T15:09:55.091Z
25,0x000a,3.57964,0x00000000,2025-12-14T15:09:55.091Z,2025-12-14T15:09:55.091Z
7,0x0004,9897,0x00000000,2025-12-14T15:09:55.091Z,2025-12-14T15:09:55.091Z
38,0x000a,-1.4974,0x00000000,2025-12-14T15:09:55.189Z,2025-12-14T15:09:55.189Z
36,0x000a,-0.215623,0x00000000,2025-12-14T15:09:55.189Z,2025-12-14T15:09:55.189Z
35,0x000a,-2.37756,0x00000000,2025-12-14T15:09:55.189Z,2025-12-14T15:09:55.189Z
34,0x000a,-0.0102954,0x00000000,2025-12-14T15:09:55.189Z,2025-12-14T15:09:55.189Z
25,0x000a,3.4299,0x00000000,2025-12-14T15:09:55.189Z,2025-12-14T15:09:55.189Z
23,0x000a,-0.215623,0x00000000,2025-12-14T15:09:55.189Z,2025-12-14T15:09:55.189Z
22,0x000a,-2.37756,0x00000000,2025-12-14T15:09:55.189Z,2025-12-14T15:09:55.189Z
21,0x000a,-0.0102954,0x00000000,2025-12-14T15:09:55.189Z,2025-12-14T15:09:55.189Z
7,0x0004,9483,0x00000000,2025-12-14T15:09:55.189Z,2025-12-14T15:09:55.189Z
38,0x000a,-1.60228,0x00000000,2025-12-14T15:09:55.291Z,2025-12-14T15:09:55.291Z
36,0x000a,-0.107812,0x00000000,2025-12-14T15:09:55.291Z,2025-12-14T15:09:55.291Z
35,0x000a,-1.93748,0x00000000,2025-12-14T15:09:55.291Z,2025-12-14T15:09:55.291Z
34,0x000a,-0.00514769,0x00000000,2025-12-14T15:09:55.291Z,2025-12-14T15:09:55.291Z
25,0x000a,3.26968,0x00000000,2025-12-14T15:09:55.291Z,2025-12-14T15:09:55.291Z
23,0x000a,-0.107812,0x00000000,2025-12-14T15:09:55.291Z,2025-12-14T15:09:55.291Z
22,0x000a,-1.93748,0x00000000,2025-12-14T15:09:55.291Z,2025-12-14T15:09:55.291Z
21,0x000a,-0.00514769,0x00000000,2025-12-14T15:09:55.291Z,2025-12-14T15:09:55.291Z
7,0x0004,9040,0x00000000,2025-12-14T15:09:55.291Z,2025-12-14T15:09:55.291Z
38,0x000a,-1.4974,0x00000000,2025-12-14T15:09:55.392Z,2025-12-14T15:09:55.392Z
36,0x000a,-0.0539059,0x00000000,2025-12-14T15:09:55.392Z,2025-12-14T15:09:55.392Z
35,0x000a,-1.76988,0x00000000,2025-12-14T15:09:55.392Z,2025-12-14T15:09:55.392Z
34,0x000a,-0.00257385,0x00000000,2025-12-14T15:09:55.392Z,2025-12-14T15:09:55.392Z
25,0x000a,3.11994,0x00000000,2025-12-14T15:09:55.392Z,2025-12-14T15:09:55.392Z
23,0x000a,-0.0539059,0x00000000,2025-12-14T15:09:55.392Z,2025-12-14T15:09:55.392Z
22,0x000a,-1.76988,0x00000000,2025-12-14T15:09:55.392Z,2025-12-14T15:09:55.392Z
21,0x000a,-0.00257385,0x00000000,2025-12-14T15:09:55.392Z,2025-12-14T15:09:55.392Z
7,0x0004,8626,0x00000000,2025-12-14T15:09:55.392Z,2025-12-14T15:09:55.392Z
38,0x000a,-1.80121,0x00000000,2025-12-14T15:09:55.491Z,2025-12-14T15:09:55.491Z
36,0x000a,-0.0269529,0x00000000,2025-12-14T15:09:55.491Z,2025-12-14T15:09:55.491Z
35,0x000a,-1.63364,0x00000000,2025-12-14T15:09:55.491Z,2025-12-14T15:09:55.491Z
34,0x000a,-0.00128692,0x00000000,2025-12-14T15:09:55.491Z,2025-12-14T15:09:55.491Z
25,0x000a,2.93981,0x00000000,2025-12-14T15:09:55.491Z,2025-12-14T15:09:55.491Z
23,0x000a,-0.0269529,0x00000000,2025-12-14T15:09:55.491Z,2025-12-14T15:09:55.491Z
22,0x000a,-1.63364,0x00000000,2025-12-14T15:09:55.491Z,2025-12-14T15:09:55.491Z
21,0x000a,-0.00128692,0x00000000,2025-12-14T15:09:55.491Z,2025-12-14T15:09:55.491Z
7,0x0004,8128,0x00000000,2025-12-14T15:09:55.491Z,2025-12-14T15:09:55.491Z
38,0x000a,-1.59867,0x00000000,2025-12-14T15:09:55.590Z,2025-12-14T15:09:55.590Z
36,0x000a,-0.0134765,0x00000000,2025-12-14T15:09:55.590Z,2025-12-14T15:09:55.590Z
35,0x000a,-1.71743,0x00000000,2025-12-14T15:09:55.590Z,2025-12-14T15:09:55.590Z
34,0x000a,-0.000643462,0x00000000,2025-12-14T15:09:55.590Z,2025-12-14T15:09:55.590Z
25,0x000a,2.77995,0x00000000,2025-12-14T15:09:55.590Z,2025-12-14T15:09:55.590Z
23,0x000a,-0.0134765,0x00000000,2025-12-14T15:09:55.590Z,2025-12-14T15:09:55.590Z
22,0x000a,-1.71743,0x00000000,2025-12-14T15:09:55.590Z,2025-12-14T15:09:55.590Z
21,0x000a,-0.000643462,0x00000000,2025-12-14T15:09:55.590Z,2025-12-14T15:09:55.590Z
7,0x0004,7686,0x00000000,2025-12-14T15:09:55.590Z,2025-12-14T15:09:55.590Z
38,0x000a,-1.50101,0x00000000,2025-12-14T15:09:55.690Z,2025-12-14T15:09:55.690Z
36,0x000a,-0.00673823,0x00000000,2025-12-14T15:09:55.690Z,2025-12-14T15:09:55.690Z
35,0x000a,-1.65805,0x00000000,2025-12-14T15:09:55.690Z,2025-12-14T15:09:55.690Z
34,0x000a,-0.000321731,0x00000000,2025-12-14T15:09:55.690Z,2025-12-14T15:09:55.690Z
25,0x000a,2.62985,0x00000000,2025-12-14T15:09:55.690Z,2025-12-14T15:09:55.690Z
23,0x000a,-0.00673823,0x00000000,2025-12-14T15:09:55.690Z,2025-12-14T15:09:55.690Z
22,0x000a,-1.65805,0x00000000,2025-12-14T15:09:55.690Z,2025-12-14T15:09:55.690Z
21,0x000a,-0.000321731,0x00000000,2025-12-14T15:09:55.690Z,2025-12-14T15:09:55.690Z
7,0x0004,7271,0x00000000,2025-12-14T15:09:55.690Z,2025-12-14T15:09:55.690Z
36,0x000a,-0.00336912,0x00000000,2025-12-14T15:09:55.791Z,2025-12-14T15:09:55.791Z
35,0x000a,-1.57953,0x00000000,2025-12-14T15:09:55.791Z,2025-12-14T15:09:55.791Z
34,0x000a,-0.000160865,0x00000000,2025-12-14T15:09:55.791Z,2025-12-14T15:09:55.791Z
25,0x000a,2.47975,0x00000000,2025-12-14T15:09:55.791Z,2025-12-14T15:09:55.791Z
23,0x000a,-0.00336912,0x00000000,2025-12-14T15:09:55.791Z,2025-12-14T15:09:55.791Z
22,0x000a,-1.57953,0x00000000,2025-12-14T15:09:55.791Z,2025-12-14T15:09:55.791Z
21,0x000a,-0.000160865,0x00000000,2025-12-14T15:09:55.791Z,2025-12-14T15:09:55.791Z
7,0x0004,6856,0x00000000,2025-12-14T15:09:55.791Z,2025-12-14T15:09:55.791Z
25,0x000a,2.31988,0x00000000,2025-12-14T15:09:55.890Z,2025-12-14T15:09:55.890Z
7,0x0004,6414,0x00000000,2025-12-14T15:09:55.890Z,2025-12-14T15:09:55.890Z
38,0x000a,-1.59867,0x00000000,2025-12-14T15:09:55.990Z,2025-12-14T15:09:55.990Z
36,0x000a,-0.00168456,0x00000000,2025-12-14T15:09:55.990Z,2025-12-14T15:09:55.990Z
35,0x000a,-1.54027,0x00000000,2025-12-14T15:09:55.990Z,2025-12-14T15:09:55.990Z
34,0x000a,-8.04327e-05,0x00000000,2025-12-14T15:09:55.990Z,2025-12-14T15:09:55.990Z
25,0x000a,2.16978,0x00000000,2025-12-14T15:09:55.990Z,2025-12-14T15:09:55.990Z
23,0x000a,-0.00168456,0x00000000,2025-12-14T15:09:55.990Z,2025-12-14T15:09:55.990Z
22,0x000a,-1.54027,0x00000000,2025-12-14T15:09:55.990Z,2025-12-14T15:09:55.990Z
21,0x000a,-8.04327e-05,0x00000000,2025-12-14T15:09:55.990Z,2025-12-14T15:09:55.990Z
7,0x0004,5999,0x00000000,2025-12-14T15:09:55.990Z,2025-12-14T15:09:55.990Z
38,0x000a,-1.50101,0x00000000,2025-12-14T15:09:56.092Z,2025-12-14T15:09:56.092Z
36,0x000a,-0.000842279,0x00000000,2025-12-14T15:09:56.092Z,2025-12-14T15:09:56.092Z
35,0x000a,-1.56947,0x00000000,2025-12-14T15:09:56.092Z,2025-12-14T15:09:56.092Z
34,0x000a,-4.02164e-05,0x00000000,2025-12-14T15:09:56.092Z,2025-12-14T15:09:56.092Z
25,0x000a,2.01968,0x00000000,2025-12-14T15:09:56.092Z,2025-12-14T15:09:56.092Z
23,0x000a,-0.000842279,0x00000000,2025-12-14T15:09:56.092Z,2025-12-14T15:09:56.092Z
22,0x000a,-1.56947,0x00000000,2025-12-14T15:09:56.092Z,2025-12-14T15:09:56.092Z
21,0x000a,-4.02164e-05,0x00000000,2025-12-14T15:09:56.092Z,2025-12-14T15:09:56.092Z
7,0x0004,5584,0x00000000,2025-12-14T15:09:56.092Z,2025-12-14T15:09:56.092Z
38,0x000a,-3.09968,0x00000000,2025-12-14T15:09:56.191Z,2025-12-14T15:09:56.191Z
36,0x000a,-0.00042114,0x00000000,2025-12-14T15:09:56.191Z,2025-12-14T15:09:56.191Z
35,0x000a,-1.53524,0x00000000,2025-12-14T15:09:56.191Z,2025-12-14T15:09:56.191Z
34,0x000a,-2.01082e-05,0x00000000,2025-12-14T15:09:56.191Z,2025-12-14T15:09:56.191Z
25,0x000a,1.85981,0x00000000,2025-12-14T15:09:56.191Z,2025-12-14T15:09:56.191Z
23,0x000a,-0.00042114,0x00000000,2025-12-14T15:09:56.191Z,2025-12-14T15:09:56.191Z
22,0x000a,-1.53524,0x00000000,2025-12-14T15:09:56.191Z,2025-12-14T15:09:56.191Z
21,0x000a,-2.01082e-05,0x00000000,2025-12-14T15:09:56.191Z,2025-12-14T15:09:56.191Z
7,0x0004,5142,0x00000000,2025-12-14T15:09:56.191Z,2025-12-14T15:09:56.191Z
38,0x000a,-1.50101,0x00000000,2025-12-14T15:09:56.290Z,2025-12-14T15:09:56.290Z
36,0x000a,-0.00021057,0x00000000,2025-12-14T15:09:56.290Z,2025-12-14T15:09:56.290Z
35,0x000a,-2.31746,0x00000000,2025-12-14T15:09:56.290Z,2025-12-14T15:09:56.290Z
34,0x000a,-1.00541e-05,0x00000000,2025-12-14T15:09:56.290Z,2025-12-14T15:09:56.290Z
25,0x000a,1.70971,0x00000000,2025-12-14T15:09:56.290Z,2025-12-14T15:09:56.290Z
23,0x000a,-0.00021057,0x00000000,2025-12-14T15:09:56.290Z,2025-12-14T15:09:56.290Z
22,0x000a,-2.31746,0x00000000,2025-12-14T15:09:56.290Z,2025-12-14T15:09:56.290Z
21,0x000a,-1.00541e-05,0x00000000,2025-12-14T15:09:56.290Z,2025-12-14T15:09:56.290Z
7,0x0004,4727,0x00000000,2025-12-14T15:09:56.290Z,2025-12-14T15:09:56.290Z
38,0x000a,-1.89887,0x00000000,2025-12-14T15:09:56.389Z,2025-12-14T15:09:56.389Z
36,0x000a,-0.000105285,0x00000000,2025-12-14T15:09:56.389Z,2025-12-14T15:09:56.389Z
35,0x000a,-1.90924,0x00000000,2025-12-14T15:09:56.389Z,2025-12-14T15:09:56.389Z
34,0x000a,-5.02705e-06,0x00000000,2025-12-14T15:09:56.389Z,2025-12-14T15:09:56.389Z
25,0x000a,1.51982,0x00000000,2025-12-14T15:09:56.389Z,2025-12-14T15:09:56.389Z
23,0x000a,-0.000105285,0x00000000,2025-12-14T15:09:56.389Z,2025-12-14T15:09:56.389Z
22,0x000a,-1.90924,0x00000000,2025-12-14T15:09:56.389Z,2025-12-14T15:09:56.389Z
21,0x000a,-5.02705e-06,0x00000000,2025-12-14T15:09:56.389Z,2025-12-14T15:09:56.389Z
7,0x0004,4202,0x00000000,2025-12-14T15:09:56.389Z,2025-12-14T15:09:56.389Z
38,0x000a,-1.50101,0x00000000,2025-12-14T15:09:56.491Z,2025-12-14T15:09:56.491Z
38,0x000a,-1.4974,0x00000000,2025-12-14T15:09:56.592Z,2025-12-14T15:09:56.592Z
36,0x000a,-5.26424e-05,0x00000000,2025-12-14T15:09:56.491Z,2025-12-14T15:09:56.491Z
36,0x000a,-2.63212e-05,0x00000000,2025-12-14T15:09:56.592Z,2025-12-14T15:09:56.592Z
35,0x000a,-1.90405,0x00000000,2025-12-14T15:09:56.491Z,2025-12-14T15:09:56.491Z
35,0x000a,-1.70253,0x00000000,2025-12-14T15:09:56.592Z,2025-12-14T15:09:56.592Z
34,0x000a,-2.51352e-06,0x00000000,2025-12-14T15:09:56.491Z,2025-12-14T15:09:56.491Z
34,0x000a,-1.25676e-06,0x00000000,2025-12-14T15:09:56.592Z,2025-12-14T15:09:56.592Z
25,0x000a,1.36972,0x00000000,2025-12-14T15:09:56.491Z,2025-12-14T15:09:56.491Z
25,0x000a,1.21998,0x00000000,2025-12-14T15:09:56.592Z,2025-12-14T15:09:56.592Z
23,0x000a,-5.26424e-05,0x00000000,2025-12-14T15:09:56.491Z,2025-12-14T15:09:56.491Z
23,0x000a,-2.63212e-05,0x00000000,2025-12-14T15:09:56.592Z,2025-12-14T15:09:56.592Z
22,0x000a,-1.90405,0x00000000,2025-12-14T15:09:56.491Z,2025-12-14T15:09:56.491Z
22,0x000a,-1.70253,0x00000000,2025-12-14T15:09:56.592Z,2025-12-14T15:09:56.592Z
21,0x000a,-2.51352e-06,0x00000000,2025-12-14T15:09:56.491Z,2025-12-14T15:09:56.491Z
21,0x000a,-1.25676e-06,0x00000000,2025-12-14T15:09:56.592Z,2025-12-14T15:09:56.592Z
7,0x0004,3787,0x00000000,2025-12-14T15:09:56.491Z,2025-12-14T15:09:56.491Z
7,0x0004,3373,0x00000000,2025-12-14T15:09:56.592Z,2025-12-14T15:09:56.592Z
36,0x000a,-1.31606e-05,0x00000000,2025-12-14T15:09:56.690Z,2025-12-14T15:09:56.690Z
35,0x000a,-1.59996,0x00000000,2025-12-14T15:09:56.690Z,2025-12-14T15:09:56.690Z
34,0x000a,-6.28381e-07,0x00000000,2025-12-14T15:09:56.690Z,2025-12-14T15:09:56.690Z
25,0x000a,1.05975,0x00000000,2025-12-14T15:09:56.690Z,2025-12-14T15:09:56.690Z
23,0x000a,-1.31606e-05,0x00000000,2025-12-14T15:09:56.690Z,2025-12-14T15:09:56.690Z
22,0x000a,-1.59996,0x00000000,2025-12-14T15:09:56.690Z,2025-12-14T15:09:56.690Z
21,0x000a,-6.28381e-07,0x00000000,2025-12-14T15:09:56.690Z,2025-12-14T15:09:56.690Z
7,0x0004,2930,0x00000000,2025-12-14T15:09:56.690Z,2025-12-14T15:09:56.690Z
38,0x000a,-1.60229,0x00000000,2025-12-14T15:09:56.790Z,2025-12-14T15:09:56.790Z
25,0x000a,0.879991,0x00000000,2025-12-14T15:09:56.790Z,2025-12-14T15:09:56.790Z
7,0x0004,2433,0x00000000,2025-12-14T15:09:56.790Z,2025-12-14T15:09:56.790Z
38,0x000a,-1.7976,0x00000000,2025-12-14T15:09:56.891Z,2025-12-14T15:09:56.891Z
36,0x000a,-6.58031e-06,0x00000000,2025-12-14T15:09:56.891Z,2025-12-14T15:09:56.891Z
35,0x000a,-1.60113,0x00000000,2025-12-14T15:09:56.891Z,2025-12-14T15:09:56.891Z
34,0x000a,-3.1419e-07,0x00000000,2025-12-14T15:09:56.891Z,2025-12-14T15:09:56.891Z
25,0x000a,0.72989,0x00000000,2025-12-14T15:09:56.891Z,2025-12-14T15:09:56.891Z
23,0x000a,-6.58031e-06,0x00000000,2025-12-14T15:09:56.891Z,2025-12-14T15:09:56.891Z
22,0x000a,-1.60113,0x00000000,2025-12-14T15:09:56.891Z,2025-12-14T15:09:56.891Z
21,0x000a,-3.1419e-07,0x00000000,2025-12-14T15:09:56.891Z,2025-12-14T15:09:56.891Z
7,0x0004,2018,0x00000000,2025-12-14T15:09:56.891Z,2025-12-14T15:09:56.891Z
38,0x000a,-1.50101,0x00000000,2025-12-14T15:09:56.991Z,2025-12-14T15:09:56.991Z
36,0x000a,-3.29015e-06,0x00000000,2025-12-14T15:09:56.991Z,2025-12-14T15:09:56.991Z
35,0x000a,-1.69936,0x00000000,2025-12-14T15:09:56.991Z,2025-12-14T15:09:56.991Z
34,0x000a,-1.57095e-07,0x00000000,2025-12-14T15:09:56.991Z,2025-12-14T15:09:56.991Z
25,0x000a,0.569661,0x00000000,2025-12-14T15:09:56.991Z,2025-12-14T15:09:56.991Z
23,0x000a,-3.29015e-06,0x00000000,2025-12-14T15:09:56.991Z,2025-12-14T15:09:56.991Z
22,0x000a,-1.69936,0x00000000,2025-12-14T15:09:56.991Z,2025-12-14T15:09:56.991Z
21,0x000a,-1.57095e-07,0x00000000,2025-12-14T15:09:56.991Z,2025-12-14T15:09:56.991Z
7,0x0004,1575,0x00000000,2025-12-14T15:09:56.991Z,2025-12-14T15:09:56.991Z
38,0x000a,-1.60229,0x00000000,2025-12-14T15:09:57.090Z,2025-12-14T15:09:57.090Z
36,0x000a,-1.64508e-06,0x00000000,2025-12-14T15:09:57.090Z,2025-12-14T15:09:57.090Z
35,0x000a,-1.60019,0x00000000,2025-12-14T15:09:57.090Z,2025-12-14T15:09:57.090Z
34,0x000a,-7.85476e-08,0x00000000,2025-12-14T15:09:57.090Z,2025-12-14T15:09:57.090Z
25,0x000a,0.419922,0x00000000,2025-12-14T15:09:57.090Z,2025-12-14T15:09:57.090Z
23,0x000a,-1.64508e-06,0x00000000,2025-12-14T15:09:57.090Z,2025-12-14T15:09:57.090Z
22,0x000a,-1.60019,0x00000000,2025-12-14T15:09:57.090Z,2025-12-14T15:09:57.090Z
21,0x000a,-7.85476e-08,0x00000000,2025-12-14T15:09:57.090Z,2025-12-14T15:09:57.090Z
7,0x0004,1161,0x00000000,2025-12-14T15:09:57.090Z,2025-12-14T15:09:57.090Z
38,0x000a,-1.4974,0x00000000,2025-12-14T15:09:57.192Z,2025-12-14T15:09:57.192Z
36,0x000a,-8.22538e-07,0x00000000,2025-12-14T15:09:57.192Z,2025-12-14T15:09:57.192Z
35,0x000a,-1.60124,0x00000000,2025-12-14T15:09:57.192Z,2025-12-14T15:09:57.192Z
34,0x000a,-3.92738e-08,0x00000000,2025-12-14T15:09:57.192Z,2025-12-14T15:09:57.192Z
25,0x000a,0.269821,0x00000000,2025-12-14T15:09:57.192Z,2025-12-14T15:09:57.192Z
23,0x000a,-8.22538e-07,0x00000000,2025-12-14T15:09:57.192Z,2025-12-14T15:09:57.192Z
22,0x000a,-1.60124,0x00000000,2025-12-14T15:09:57.192Z,2025-12-14T15:09:57.192Z
21,0x000a,-3.92738e-08,0x00000000,2025-12-14T15:09:57.192Z,2025-12-14T15:09:57.192Z
16,0x0001,false,0x00000000,2025-12-14T15:09:57.192Z,2025-12-14T15:09:57.192Z
7,0x0004,746,0x00000000,2025-12-14T15:09:57.192Z,2025-12-14T15:09:57.192Z
38,0x000a,-3.09968,0x00000000,2025-12-14T15:09:57.292Z,2025-12-14T15:09:57.292Z
36,0x000a,-4.11269e-07,0x00000000,2025-12-14T15:09:57.292Z,2025-12-14T15:09:57.292Z
35,0x000a,-1.54932,0x00000000,2025-12-14T15:09:57.292Z,2025-12-14T15:09:57.292Z
34,0x000a,-1.96369e-08,0x00000000,2025-12-14T15:09:57.292Z,2025-12-14T15:09:57.292Z
25,0x000a,0.109954,0x00000000,2025-12-14T15:09:57.292Z,2025-12-14T15:09:57.292Z
23,0x000a,-4.11269e-07,0x00000000,2025-12-14T15:09:57.292Z,2025-12-14T15:09:57.292Z
22,0x000a,-1.54932,0x00000000,2025-12-14T15:09:57.292Z,2025-12-14T15:09:57.292Z
21,0x000a,-1.96369e-08,0x00000000,2025-12-14T15:09:57.292Z,2025-12-14T15:09:57.292Z
7,0x0004,304,0x00000000,2025-12-14T15:09:57.292Z,2025-12-14T15:09:57.292Z
38,0x000a,-0.900608,0x00000000,2025-12-14T15:09:57.392Z,2025-12-14T15:09:57.392Z
36,0x000a,-2.05635e-07,0x00000000,2025-12-14T15:09:57.392Z,2025-12-14T15:09:57.392Z
35,0x000a,-2.3245,0x00000000,2025-12-14T15:09:57.392Z,2025-12-14T15:09:57.392Z
34,0x000a,-9.81845e-09,0x00000000,2025-12-14T15:09:57.392Z,2025-12-14T15:09:57.392Z
25,0x000a,0.0198929,0x00000000,2025-12-14T15:09:57.392Z,2025-12-14T15:09:57.392Z
23,0x000a,-2.05635e-07,0x00000000,2025-12-14T15:09:57.392Z,2025-12-14T15:09:57.392Z
22,0x000a,-2.3245,0x00000000,2025-12-14T15:09:57.392Z,2025-12-14T15:09:57.392Z
21,0x000a,-9.81845e-09,0x00000000,2025-12-14T15:09:57.392Z,2025-12-14T15:09:57.392Z
7,0x0004,55,0x00000000,2025-12-14T15:09:57.392Z,2025-12-14T15:09:57.392Z
38,0x000a,0,0x00000000,2025-12-14T15:09:57.490Z,2025-12-14T15:09:57.490Z
36,0x000a,-1.02817e-07,0x00000000,2025-12-14T15:09:57.490Z,2025-12-14T15:09:57.490Z
35,0x000a,-1.61255,0x00000000,2025-12-14T15:09:57.490Z,2025-12-14T15:09:57.490Z
34,0x000a,-4.90922e-09,0x00000000,2025-12-14T15:09:57.490Z,2025-12-14T15:09:57.490Z
23,0x000a,-1.02817e-07,0x00000000,2025-12-14T15:09:57.490Z,2025-12-14T15:09:57.490Z
22,0x000a,-1.61255,0x00000000,2025-12-14T15:09:57.490Z,2025-12-14T15:09:57.490Z
21,0x000a,-4.90922e-09,0x00000000,2025-12-14T15:09:57.490Z,2025-12-14T15:09:57.490Z
36,0x000a,-5.14086e-08,0x00000000,2025-12-14T15:09:57.592Z,2025-12-14T15:09:57.592Z
35,0x000a,-0.806277,0x00000000,2025-12-14T15:09:57.592Z,2025-12-14T15:09:57.592Z
34,0x000a,-2.45461e-09,0x00000000,2025-12-14T15:09:57.592Z,2025-12-14T15:09:57.592Z
23,0x000a,-5.14086e-08,0x00000000,2025-12-14T15:09:57.592Z,2025-12-14T15:09:57.592Z
22,0x000a,-0.806277,0x00000000,2025-12-14T15:09:57.592Z,2025-12-14T15:09:57.592Z
21,0x000a,-2.45461e-09,0x00000000,2025-12-14T15:09:57.592Z,2025-12-14T15:09:57.592Z
42,0x0001,false,0x00000000,2025-12-14T15:09:57.692Z,2025-12-14T15:09:57.692Z
40,0x0001,false,0x00000000,2025-12-14T15:09:57.692Z,2025-12-14T15:09:57.692Z
17,0x0001,true,0x00000000,2025-12-14T15:09:57.692Z,2025-12-14T15:09:57.692Z
15,0x0001,true,0x00000000,2025-12-14T15:09:57.692Z,2025-12-14T15:09:57.692Z
13,0x0001,true,0x00000000,2025-12-14T15:09:57.692Z,2025-12-14T15:09:57.692Z
4,0x000a,10,0x00000000,2025-12-14T15:09:57.692Z,2025-12-14T15:09:57.692Z
3,0x000a,9,0x00000000,2025-12-14T15:09:57.692Z,2025-12-14T15:09:57.692Z
2,0x000a,8,0x00000000,2025-12-14T15:09:57.692Z,2025-12-14T15:09:57.692Z
36,0x000a,-2.57043e-08,0x00000000,2025-12-14T15:09:57.790Z,2025-12-14T15:09:57.790Z
35,0x000a,-0.403138,0x00000000,2025-12-14T15:09:57.790Z,2025-12-14T15:09:57.790Z
34,0x000a,-1.22731e-09,0x00000000,2025-12-14T15:09:57.790Z,2025-12-14T15:09:57.790Z
23,0x000a,-2.57043e-08,0x00000000,2025-12-14T15:09:57.790Z,2025-12-14T15:09:57.790Z
22,0x000a,-0.403138,0x00000000,2025-12-14T15:09:57.790Z,2025-12-14T15:09:57.790Z
21,0x000a,-1.22731e-09,0x00000000,2025-12-14T15:09:57.790Z,2025-12-14T15:09:57.790Z
36,0x000a,-1.28522e-08,0x00000000,2025-12-14T15:09:57.892Z,2025-12-14T15:09:57.892Z
35,0x000a,-0.201569,0x00000000,2025-12-14T15:09:57.892Z,2025-12-14T15:09:57.892Z
34,0x000a,-6.13653e-10,0x00000000,2025-12-14T15:09:57.892Z,2025-12-14T15:09:57.892Z
26,0x000a,0.0698061,0x00000000,2025-12-14T15:09:57.892Z,2025-12-14T15:09:57.892Z
25,0x000a,0.109954,0x00000000,2025-12-14T15:09:57.892Z,2025-12-14T15:09:57.892Z
24,0x000a,0.159867,0x00000000,2025-12-14T15:09:57.892Z,2025-12-14T15:09:57.892Z
23,0x000a,-1.28522e-08,0x00000000,2025-12-14T15:09:57.892Z,2025-12-14T15:09:57.892Z
22,0x000a,-0.201569,0x00000000,2025-12-14T15:09:57.892Z,2025-12-14T15:09:57.892Z
21,0x000a,-6.13653e-10,0x00000000,2025-12-14T15:09:57.892Z,2025-12-14T15:09:57.892Z
8,0x0004,193,0x00000000,2025-12-14T15:09:57.892Z,2025-12-14T15:09:57.892Z
7,0x0004,304,0x00000000,2025-12-14T15:09:57.892Z,2025-12-14T15:09:57.892Z
6,0x0004,442,0x00000000,2025-12-14T15:09:57.892Z,2025-12-14T15:09:57.892Z
39,0x000a,0.698061,0x00000000,2025-12-14T15:09:57.991Z,2025-12-14T15:09:57.991Z
38,0x000a,0.900608,0x00000000,2025-12-14T15:09:57.991Z,2025-12-14T15:09:57.991Z
37,0x000a,1.59867,0x00000000,2025-12-14T15:09:57.991Z,2025-12-14T15:09:57.991Z
36,0x000a,-6.42608e-09,0x00000000,2025-12-14T15:09:57.991Z,2025-12-14T15:09:57.991Z
35,0x000a,-0.100785,0x00000000,2025-12-14T15:09:57.991Z,2025-12-14T15:09:57.991Z
34,0x000a,-3.06826e-10,0x00000000,2025-12-14T15:09:57.991Z,2025-12-14T15:09:57.991Z
26,0x000a,0.279948,0x00000000,2025-12-14T15:09:57.991Z,2025-12-14T15:09:57.991Z
25,0x000a,0.269821,0x00000000,2025-12-14T15:09:57.991Z,2025-12-14T15:09:57.991Z
24,0x000a,0.439815,0x00000000,2025-12-14T15:09:57.991Z,2025-12-14T15:09:57.991Z
23,0x000a,-6.42608e-09,0x00000000,2025-12-14T15:09:57.991Z,2025-12-14T15:09:57.991Z
22,0x000a,-0.100785,0x00000000,2025-12-14T15:09:57.991Z,2025-12-14T15:09:57.991Z
21,0x000a,-3.06826e-10,0x00000000,2025-12-14T15:09:57.991Z,2025-12-14T15:09:57.991Z
8,0x0004,774,0x00000000,2025-12-14T15:09:57.991Z,2025-12-14T15:09:57.991Z
7,0x0004,746,0x00000000,2025-12-14T15:09:57.991Z,2025-12-14T15:09:57.991Z
6,0x0004,1216,0x00000000,2025-12-14T15:09:57.991Z,2025-12-14T15:09:57.991Z
39,0x000a,2.10142,0x00000000,2025-12-14T15:09:58.089Z,2025-12-14T15:09:58.089Z
38,0x000a,1.59867,0x00000000,2025-12-14T15:09:58.089Z,2025-12-14T15:09:58.089Z
37,0x000a,2.79948,0x00000000,2025-12-14T15:09:58.089Z,2025-12-14T15:09:58.089Z
36,0x000a,0.349031,0x00000000,2025-12-14T15:09:58.089Z,2025-12-14T15:09:58.089Z
35,0x000a,0.399912,0x00000000,2025-12-14T15:09:58.089Z,2025-12-14T15:09:58.089Z
34,0x000a,0.799335,0x00000000,2025-12-14T15:09:58.089Z,2025-12-14T15:09:58.089Z
26,0x000a,0.489728,0x00000000,2025-12-14T15:09:58.089Z,2025-12-14T15:09:58.089Z
25,0x000a,0.419922,0x00000000,2025-12-14T15:09:58.089Z,2025-12-14T15:09:58.089Z
24,0x000a,0.709997,0x00000000,2025-12-14T15:09:58.089Z,2025-12-14T15:09:58.089Z
23,0x000a,0.349031,0x00000000,2025-12-14T15:09:58.089Z,2025-12-14T15:09:58.089Z
22,0x000a,0.399912,0x00000000,2025-12-14T15:09:58.089Z,2025-12-14T15:09:58.089Z
21,0x000a,0.799335,0x00000000,2025-12-14T15:09:58.089Z,2025-12-14T15:09:58.089Z
8,0x0004,1354,0x00000000,2025-12-14T15:09:58.089Z,2025-12-14T15:09:58.089Z
7,0x0004,1161,0x00000000,2025-12-14T15:09:58.089Z,2025-12-14T15:09:58.089Z
6,0x0004,1963,0x00000000,2025-12-14T15:09:58.089Z,2025-12-14T15:09:58.089Z
39,0x000a,2.0978,0x00000000,2025-12-14T15:09:58.190Z,2025-12-14T15:09:58.190Z
38,0x000a,1.50101,0x00000000,2025-12-14T15:09:58.190Z,2025-12-14T15:09:58.190Z
37,0x000a,2.70182,0x00000000,2025-12-14T15:09:58.190Z,2025-12-14T15:09:58.190Z
36,0x000a,1.22522,0x00000000,2025-12-14T15:09:58.190Z,2025-12-14T15:09:58.190Z
35,0x000a,0.99929,0x00000000,2025-12-14T15:09:58.190Z,2025-12-14T15:09:58.190Z
34,0x000a,1.79941,0x00000000,2025-12-14T15:09:58.190Z,2025-12-14T15:09:58.190Z
26,0x000a,0.709997,0x00000000,2025-12-14T15:09:58.190Z,2025-12-14T15:09:58.190Z
25,0x000a,0.569661,0x00000000,2025-12-14T15:09:58.190Z,2025-12-14T15:09:58.190Z
24,0x000a,0.989945,0x00000000,2025-12-14T15:09:58.190Z,2025-12-14T15:09:58.190Z
23,0x000a,1.22522,0x00000000,2025-12-14T15:09:58.190Z,2025-12-14T15:09:58.190Z
22,0x000a,0.99929,0x00000000,2025-12-14T15:09:58.190Z,2025-12-14T15:09:58.190Z
21,0x000a,1.79941,0x00000000,2025-12-14T15:09:58.190Z,2025-12-14T15:09:58.190Z
8,0x0004,1963,0x00000000,2025-12-14T15:09:58.190Z,2025-12-14T15:09:58.190Z
7,0x0004,1575,0x00000000,2025-12-14T15:09:58.190Z,2025-12-14T15:09:58.190Z
6,0x0004,2737,0x00000000,2025-12-14T15:09:58.190Z,2025-12-14T15:09:58.190Z
39,0x000a,2.20269,0x00000000,2025-12-14T15:09:58.291Z,2025-12-14T15:09:58.291Z
38,0x000a,1.4974,0x00000000,2025-12-14T15:09:58.291Z,2025-12-14T15:09:58.291Z
37,0x000a,2.79948,0x00000000,2025-12-14T15:09:58.291Z,2025-12-14T15:09:58.291Z
36,0x000a,1.66151,0x00000000,2025-12-14T15:09:58.291Z,2025-12-14T15:09:58.291Z
35,0x000a,1.25015,0x00000000,2025-12-14T15:09:58.291Z,2025-12-14T15:09:58.291Z
34,0x000a,2.25062,0x00000000,2025-12-14T15:09:58.291Z,2025-12-14T15:09:58.291Z
26,0x000a,0.919777,0x00000000,2025-12-14T15:09:58.291Z,2025-12-14T15:09:58.291Z
25,0x000a,0.72989,0x00000000,2025-12-14T15:09:58.291Z,2025-12-14T15:09:58.291Z
24,0x000a,1.26989,0x00000000,2025-12-14T15:09:58.291Z,2025-12-14T15:09:58.291Z
23,0x000a,1.66151,0x00000000,2025-12-14T15:09:58.291Z,2025-12-14T15:09:58.291Z
22,0x000a,1.25015,0x00000000,2025-12-14T15:09:58.291Z,2025-12-14T15:09:58.291Z
21,0x000a,2.25062,0x00000000,2025-12-14T15:09:58.291Z,2025-12-14T15:09:58.291Z
8,0x0004,2543,0x00000000,2025-12-14T15:09:58.291Z,2025-12-14T15:09:58.291Z
7,0x0004,2018,0x00000000,2025-12-14T15:09:58.291Z,2025-12-14T15:09:58.291Z
6,0x0004,3511,0x00000000,2025-12-14T15:09:58.291Z,2025-12-14T15:09:58.291Z
36,0x000a,1.9321,0x00000000,2025-12-14T15:09:58.392Z,2025-12-14T15:09:58.392Z
35,0x000a,1.37377,0x00000000,2025-12-14T15:09:58.392Z,2025-12-14T15:09:58.392Z
34,0x000a,2.52505,0x00000000,2025-12-14T15:09:58.392Z,2025-12-14T15:09:58.392Z
23,0x000a,1.9321,0x00000000,2025-12-14T15:09:58.392Z,2025-12-14T15:09:58.392Z
22,0x000a,1.37377,0x00000000,2025-12-14T15:09:58.392Z,2025-12-14T15:09:58.392Z
21,0x000a,2.52505,0x00000000,2025-12-14T15:09:58.392Z,2025-12-14T15:09:58.392Z
39,0x000a,4.19922,0x00000000,2025-12-14T15:09:58.491Z,2025-12-14T15:09:58.491Z
38,0x000a,3.1033,0x00000000,2025-12-14T15:09:58.491Z,2025-12-14T15:09:58.491Z
37,0x000a,5.49768,0x00000000,2025-12-14T15:09:58.491Z,2025-12-14T15:09:58.491Z
26,0x000a,1.12992,0x00000000,2025-12-14T15:09:58.491Z,2025-12-14T15:09:58.491Z
25,0x000a,0.879991,0x00000000,2025-12-14T15:09:58.491Z,2025-12-14T15:09:58.491Z
24,0x000a,1.53971,0x00000000,2025-12-14T15:09:58.491Z,2025-12-14T15:09:58.491Z
8,0x0004,3124,0x00000000,2025-12-14T15:09:58.491Z,2025-12-14T15:09:58.491Z
7,0x0004,2433,0x00000000,2025-12-14T15:09:58.491Z,2025-12-14T15:09:58.491Z
6,0x0004,4257,0x00000000,2025-12-14T15:09:58.491Z,2025-12-14T15:09:58.491Z
39,0x000a,2.19907,0x00000000,2025-12-14T15:09:58.592Z,2025-12-14T15:09:58.592Z
39,0x000a,2.10142,0x00000000,2025-12-14T15:09:58.690Z,2025-12-14T15:09:58.690Z
38,0x000a,1.4974,0x00000000,2025-12-14T15:09:58.592Z,2025-12-14T15:09:58.592Z
38,0x000a,1.60229,0x00000000,2025-12-14T15:09:58.690Z,2025-12-14T15:09:58.690Z
37,0x000a,2.79948,0x00000000,2025-12-14T15:09:58.592Z,2025-12-14T15:09:58.592Z
37,0x000a,2.70182,0x00000000,2025-12-14T15:09:58.690Z,2025-12-14T15:09:58.690Z
36,0x000a,3.06566,0x00000000,2025-12-14T15:09:58.592Z,2025-12-14T15:09:58.592Z
36,0x000a,2.63237,0x00000000,2025-12-14T15:09:58.690Z,2025-12-14T15:09:58.690Z
35,0x000a,2.23854,0x00000000,2025-12-14T15:09:58.592Z,2025-12-14T15:09:58.592Z
35,0x000a,1.86797,0x00000000,2025-12-14T15:09:58.690Z,2025-12-14T15:09:58.690Z
34,0x000a,4.01137,0x00000000,2025-12-14T15:09:58.592Z,2025-12-14T15:09:58.592Z
34,0x000a,3.40542,0x00000000,2025-12-14T15:09:58.690Z,2025-12-14T15:09:58.690Z
26,0x000a,1.34983,0x00000000,2025-12-14T15:09:58.592Z,2025-12-14T15:09:58.592Z
26,0x000a,1.55997,0x00000000,2025-12-14T15:09:58.690Z,2025-12-14T15:09:58.690Z
25,0x000a,1.02973,0x00000000,2025-12-14T15:09:58.592Z,2025-12-14T15:09:58.592Z
25,0x000a,1.18996,0x00000000,2025-12-14T15:09:58.690Z,2025-12-14T15:09:58.690Z
24,0x000a,1.81966,0x00000000,2025-12-14T15:09:58.592Z,2025-12-14T15:09:58.592Z
24,0x000a,2.08984,0x00000000,2025-12-14T15:09:58.690Z,2025-12-14T15:09:58.690Z
23,0x000a,3.06566,0x00000000,2025-12-14T15:09:58.592Z,2025-12-14T15:09:58.592Z
23,0x000a,2.63237,0x00000000,2025-12-14T15:09:58.690Z,2025-12-14T15:09:58.690Z
22,0x000a,2.23854,0x00000000,2025-12-14T15:09:58.592Z,2025-12-14T15:09:58.592Z
22,0x000a,1.86797,0x00000000,2025-12-14T15:09:58.690Z,2025-12-14T15:09:58.690Z
21,0x000a,4.01137,0x00000000,2025-12-14T15:09:58.592Z,2025-12-14T15:09:58.592Z
21,0x000a,3.40542,0x00000000,2025-12-14T15:09:58.690Z,2025-12-14T15:09:58.690Z
8,0x0004,3732,0x00000000,2025-12-14T15:09:58.592Z,2025-12-14T15:09:58.592Z
8,0x0004,4313,0x00000000,2025-12-14T15:09:58.690Z,2025-12-14T15:09:58.690Z
7,0x0004,2847,0x00000000,2025-12-14T15:09:58.592Z,2025-12-14T15:09:58.592Z
7,0x0004,3290,0x00000000,2025-12-14T15:09:58.690Z,2025-12-14T15:09:58.690Z
6,0x0004,5031,0x00000000,2025-12-14T15:09:58.592Z,2025-12-14T15:09:58.592Z
6,0x0004,5778,0x00000000,2025-12-14T15:09:58.690Z,2025-12-14T15:09:58.690Z
39,0x000a,2.59693,0x00000000,2025-12-14T15:09:58.791Z,2025-12-14T15:09:58.791Z
38,0x000a,1.7976,0x00000000,2025-12-14T15:09:58.791Z,2025-12-14T15:09:58.791Z
37,0x000a,3.29861,0x00000000,2025-12-14T15:09:58.791Z,2025-12-14T15:09:58.791Z
36,0x000a,2.36689,0x00000000,2025-12-14T15:09:58.791Z,2025-12-14T15:09:58.791Z
35,0x000a,1.73513,0x00000000,2025-12-14T15:09:58.791Z,2025-12-14T15:09:58.791Z
34,0x000a,3.05362,0x00000000,2025-12-14T15:09:58.791Z,2025-12-14T15:09:58.791Z
26,0x000a,1.81966,0x00000000,2025-12-14T15:09:58.791Z,2025-12-14T15:09:58.791Z
25,0x000a,1.36972,0x00000000,2025-12-14T15:09:58.791Z,2025-12-14T15:09:58.791Z
24,0x000a,2.4197,0x00000000,2025-12-14T15:09:58.791Z,2025-12-14T15:09:58.791Z
23,0x000a,2.36689,0x00000000,2025-12-14T15:09:58.791Z,2025-12-14T15:09:58.791Z
22,0x000a,1.73513,0x00000000,2025-12-14T15:09:58.791Z,2025-12-14T15:09:58.791Z
21,0x000a,3.05362,0x00000000,2025-12-14T15:09:58.791Z,2025-12-14T15:09:58.791Z
8,0x0004,5031,0x00000000,2025-12-14T15:09:58.791Z,2025-12-14T15:09:58.791Z
7,0x0004,3787,0x00000000,2025-12-14T15:09:58.791Z,2025-12-14T15:09:58.791Z
6,0x0004,6690,0x00000000,2025-12-14T15:09:58.791Z,2025-12-14T15:09:58.791Z
39,0x000a,2.10142,0x00000000,2025-12-14T15:09:58.889Z,2025-12-14T15:09:58.889Z
38,0x000a,1.50101,0x00000000,2025-12-14T15:09:58.889Z,2025-12-14T15:09:58.889Z
37,0x000a,2.79948,0x00000000,2025-12-14T15:09:58.889Z,2025-12-14T15:09:58.889Z
36,0x000a,2.48191,0x00000000,2025-12-14T15:09:58.889Z,2025-12-14T15:09:58.889Z
35,0x000a,1.76636,0x00000000,2025-12-14T15:09:58.889Z,2025-12-14T15:09:58.889Z
34,0x000a,3.17612,0x00000000,2025-12-14T15:09:58.889Z,2025-12-14T15:09:58.889Z
26,0x000a,2.0298,0x00000000,2025-12-14T15:09:58.889Z,2025-12-14T15:09:58.889Z
25,0x000a,1.51982,0x00000000,2025-12-14T15:09:58.889Z,2025-12-14T15:09:58.889Z
24,0x000a,2.69965,0x00000000,2025-12-14T15:09:58.889Z,2025-12-14T15:09:58.889Z
23,0x000a,2.48191,0x00000000,2025-12-14T15:09:58.889Z,2025-12-14T15:09:58.889Z
22,0x000a,1.76636,0x00000000,2025-12-14T15:09:58.889Z,2025-12-14T15:09:58.889Z
21,0x000a,3.17612,0x00000000,2025-12-14T15:09:58.889Z,2025-12-14T15:09:58.889Z
8,0x0004,5612,0x00000000,2025-12-14T15:09:58.889Z,2025-12-14T15:09:58.889Z
7,0x0004,4202,0x00000000,2025-12-14T15:09:58.889Z,2025-12-14T15:09:58.889Z
6,0x0004,7464,0x00000000,2025-12-14T15:09:58.889Z,2025-12-14T15:09:58.889Z
39,0x000a,2.10142,0x00000000,2025-12-14T15:09:58.991Z,2025-12-14T15:09:58.991Z
38,0x000a,1.59867,0x00000000,2025-12-14T15:09:58.991Z,2025-12-14T15:09:58.991Z
37,0x000a,2.8031,0x00000000,2025-12-14T15:09:58.991Z,2025-12-14T15:09:58.991Z
36,0x000a,2.29167,0x00000000,2025-12-14T15:09:58.991Z,2025-12-14T15:09:58.991Z
35,0x000a,1.63369,0x00000000,2025-12-14T15:09:58.991Z,2025-12-14T15:09:58.991Z
34,0x000a,2.9878,0x00000000,2025-12-14T15:09:58.991Z,2025-12-14T15:09:58.991Z
26,0x000a,2.23994,0x00000000,2025-12-14T15:09:58.991Z,2025-12-14T15:09:58.991Z
25,0x000a,1.67969,0x00000000,2025-12-14T15:09:58.991Z,2025-12-14T15:09:58.991Z
24,0x000a,2.97996,0x00000000,2025-12-14T15:09:58.991Z,2025-12-14T15:09:58.991Z
23,0x000a,2.29167,0x00000000,2025-12-14T15:09:58.991Z,2025-12-14T15:09:58.991Z
22,0x000a,1.63369,0x00000000,2025-12-14T15:09:58.991Z,2025-12-14T15:09:58.991Z
21,0x000a,2.9878,0x00000000,2025-12-14T15:09:58.991Z,2025-12-14T15:09:58.991Z
8,0x0004,6193,0x00000000,2025-12-14T15:09:58.991Z,2025-12-14T15:09:58.991Z
7,0x0004,4644,0x00000000,2025-12-14T15:09:58.991Z,2025-12-14T15:09:58.991Z
6,0x0004,8239,0x00000000,2025-12-14T15:09:58.991Z,2025-12-14T15:09:58.991Z
39,0x000a,2.0978,0x00000000,2025-12-14T15:09:59.091Z,2025-12-14T15:09:59.091Z
38,0x000a,1.50101,0x00000000,2025-12-14T15:09:59.091Z,2025-12-14T15:09:59.091Z
37,0x000a,2.69821,0x00000000,2025-12-14T15:09:59.091Z,2025-12-14T15:09:59.091Z
36,0x000a,2.19654,0x00000000,2025-12-14T15:09:59.091Z,2025-12-14T15:09:59.091Z
35,0x000a,1.61618,0x00000000,2025-12-14T15:09:59.091Z,2025-12-14T15:09:59.091Z
34,0x000a,2.89545,0x00000000,2025-12-14T15:09:59.091Z,2025-12-14T15:09:59.091Z
26,0x000a,2.44973,0x00000000,2025-12-14T15:09:59.091Z,2025-12-14T15:09:59.091Z
25,0x000a,1.82979,0x00000000,2025-12-14T15:09:59.091Z,2025-12-14T15:09:59.091Z
24,0x000a,3.24978,0x00000000,2025-12-14T15:09:59.091Z,2025-12-14T15:09:59.091Z
23,0x000a,2.19654,0x00000000,2025-12-14T15:09:59.091Z,2025-12-14T15:09:59.091Z
22,0x000a,1.61618,0x00000000,2025-12-14T15:09:59.091Z,2025-12-14T15:09:59.091Z
21,0x000a,2.89545,0x00000000,2025-12-14T15:09:59.091Z,2025-12-14T15:09:59.091Z
8,0x0004,6773,0x00000000,2025-12-14T15:09:59.091Z,2025-12-14T15:09:59.091Z
7,0x0004,5059,0x00000000,2025-12-14T15:09:59.091Z,2025-12-14T15:09:59.091Z
6,0x0004,8985,0x00000000,2025-12-14T15:09:59.091Z,2025-12-14T15:09:59.091Z
39,0x000a,2.20269,0x00000000,2025-12-14T15:09:59.192Z,2025-12-14T15:09:59.192Z
38,0x000a,1.50101,0x00000000,2025-12-14T15:09:59.192Z,2025-12-14T15:09:59.192Z
37,0x000a,2.79948,0x00000000,2025-12-14T15:09:59.192Z,2025-12-14T15:09:59.192Z
36,0x000a,2.14717,0x00000000,2025-12-14T15:09:59.192Z,2025-12-14T15:09:59.192Z
35,0x000a,1.5586,0x00000000,2025-12-14T15:09:59.192Z,2025-12-14T15:09:59.192Z
34,0x000a,2.79683,0x00000000,2025-12-14T15:09:59.192Z,2025-12-14T15:09:59.192Z
26,0x000a,2.66999,0x00000000,2025-12-14T15:09:59.192Z,2025-12-14T15:09:59.192Z
25,0x000a,1.97989,0x00000000,2025-12-14T15:09:59.192Z,2025-12-14T15:09:59.192Z
24,0x000a,3.52973,0x00000000,2025-12-14T15:09:59.192Z,2025-12-14T15:09:59.192Z
23,0x000a,2.14717,0x00000000,2025-12-14T15:09:59.192Z,2025-12-14T15:09:59.192Z
22,0x000a,1.5586,0x00000000,2025-12-14T15:09:59.192Z,2025-12-14T15:09:59.192Z
21,0x000a,2.79683,0x00000000,2025-12-14T15:09:59.192Z,2025-12-14T15:09:59.192Z
8,0x0004,7382,0x00000000,2025-12-14T15:09:59.192Z,2025-12-14T15:09:59.192Z
7,0x0004,5474,0x00000000,2025-12-14T15:09:59.192Z,2025-12-14T15:09:59.192Z
6,0x0004,9759,0x00000000,2025-12-14T15:09:59.192Z,2025-12-14T15:09:59.192Z
36,0x000a,2.17493,0x00000000,2025-12-14T15:09:59.290Z,2025-12-14T15:09:59.290Z
35,0x000a,1.5298,0x00000000,2025-12-14T15:09:59.290Z,2025-12-14T15:09:59.290Z
34,0x000a,2.79815,0x00000000,2025-12-14T15:09:59.290Z,2025-12-14T15:09:59.290Z
26,0x000a,2.87977,0x00000000,2025-12-14T15:09:59.290Z,2025-12-14T15:09:59.290Z
25,0x000a,2.13976,0x00000000,2025-12-14T15:09:59.290Z,2025-12-14T15:09:59.290Z
24,0x000a,3.79991,0x00000000,2025-12-14T15:09:59.290Z,2025-12-14T15:09:59.290Z
23,0x000a,2.17493,0x00000000,2025-12-14T15:09:59.290Z,2025-12-14T15:09:59.290Z
22,0x000a,1.5298,0x00000000,2025-12-14T15:09:59.290Z,2025-12-14T15:09:59.290Z
21,0x000a,2.79815,0x00000000,2025-12-14T15:09:59.290Z,2025-12-14T15:09:59.290Z
8,0x0004,7962,0x00000000,2025-12-14T15:09:59.290Z,2025-12-14T15:09:59.290Z
7,0x0004,5916,0x00000000,2025-12-14T15:09:59.290Z,2025-12-14T15:09:59.290Z
6,0x0004,10506,0x00000000,2025-12-14T15:09:59.290Z,2025-12-14T15:09:59.290Z
39,0x000a,2.0978,0x00000000,2025-12-14T15:09:59.390Z,2025-12-14T15:09:59.390Z
38,0x000a,1.59867,0x00000000,2025-12-14T15:09:59.390Z,2025-12-14T15:09:59.390Z
37,0x000a,2.70182,0x00000000,2025-12-14T15:09:59.390Z,2025-12-14T15:09:59.390Z
26,0x000a,3.08992,0x00000000,2025-12-14T15:09:59.390Z,2025-12-14T15:09:59.390Z
25,0x000a,2.28986,0x00000000,2025-12-14T15:09:59.390Z,2025-12-14T15:09:59.390Z
24,0x000a,4.07986,0x00000000,2025-12-14T15:09:59.390Z,2025-12-14T15:09:59.390Z
8,0x0004,8543,0x00000000,2025-12-14T15:09:59.390Z,2025-12-14T15:09:59.390Z
7,0x0004,6331,0x00000000,2025-12-14T15:09:59.390Z,2025-12-14T15:09:59.390Z
6,0x0004,11280,0x00000000,2025-12-14T15:09:59.390Z,2025-12-14T15:09:59.390Z
39,0x000a,2.10142,0x00000000,2025-12-14T15:09:59.490Z,2025-12-14T15:09:59.490Z
38,0x000a,1.50101,0x00000000,2025-12-14T15:09:59.490Z,2025-12-14T15:09:59.490Z
37,0x000a,2.79948,0x00000000,2025-12-14T15:09:59.490Z,2025-12-14T15:09:59.490Z
36,0x000a,2.13637,0x00000000,2025-12-14T15:09:59.490Z,2025-12-14T15:09:59.490Z
35,0x000a,1.56424,0x00000000,2025-12-14T15:09:59.490Z,2025-12-14T15:09:59.490Z
34,0x000a,2.74999,0x00000000,2025-12-14T15:09:59.490Z,2025-12-14T15:09:59.490Z
26,0x000a,3.34997,0x00000000,2025-12-14T15:09:59.490Z,2025-12-14T15:09:59.490Z
25,0x000a,2.47975,0x00000000,2025-12-14T15:09:59.490Z,2025-12-14T15:09:59.490Z
24,0x000a,4.40972,0x00000000,2025-12-14T15:09:59.490Z,2025-12-14T15:09:59.490Z
23,0x000a,2.13637,0x00000000,2025-12-14T15:09:59.490Z,2025-12-14T15:09:59.490Z
22,0x000a,1.56424,0x00000000,2025-12-14T15:09:59.490Z,2025-12-14T15:09:59.490Z
21,0x000a,2.74999,0x00000000,2025-12-14T15:09:59.490Z,2025-12-14T15:09:59.490Z
8,0x0004,9262,0x00000000,2025-12-14T15:09:59.490Z,2025-12-14T15:09:59.490Z
7,0x0004,6856,0x00000000,2025-12-14T15:09:59.490Z,2025-12-14T15:09:59.490Z
6,0x0004,12192,0x00000000,2025-12-14T15:09:59.490Z,2025-12-14T15:09:59.490Z
39,0x000a,4.69835,0x00000000,2025-12-14T15:09:59.592Z,2025-12-14T15:09:59.592Z
38,0x000a,3.39988,0x00000000,2025-12-14T15:09:59.592Z,2025-12-14T15:09:59.592Z
37,0x000a,6.09809,0x00000000,2025-12-14T15:09:59.592Z,2025-12-14T15:09:59.592Z
36,0x000a,2.11889,0x00000000,2025-12-14T15:09:59.592Z,2025-12-14T15:09:59.592Z
35,0x000a,1.53262,0x00000000,2025-12-14T15:09:59.592Z,2025-12-14T15:09:59.592Z
34,0x000a,2.77473,0x00000000,2025-12-14T15:09:59.592Z,2025-12-14T15:09:59.592Z
26,0x000a,3.55975,0x00000000,2025-12-14T15:09:59.592Z,2025-12-14T15:09:59.592Z
25,0x000a,2.62985,0x00000000,2025-12-14T15:09:59.592Z,2025-12-14T15:09:59.592Z
24,0x000a,4.68967,0x00000000,2025-12-14T15:09:59.592Z,2025-12-14T15:09:59.592Z
23,0x000a,2.11889,0x00000000,2025-12-14T15:09:59.592Z,2025-12-14T15:09:59.592Z
22,0x000a,1.53262,0x00000000,2025-12-14T15:09:59.592Z,2025-12-14T15:09:59.592Z
21,0x000a,2.77473,0x00000000,2025-12-14T15:09:59.592Z,2025-12-14T15:09:59.592Z
8,0x0004,9842,0x00000000,2025-12-14T15:09:59.592Z,2025-12-14T15:09:59.592Z
7,0x0004,7271,0x00000000,2025-12-14T15:09:59.592Z,2025-12-14T15:09:59.592Z
6,0x0004,12966,0x00000000,2025-12-14T15:09:59.592Z,2025-12-14T15:09:59.592Z
39,0x000a,2.19908,0x00000000,2025-12-14T15:09:59.691Z,2025-12-14T15:09:59.691Z
38,0x000a,1.50101,0x00000000,2025-12-14T15:09:59.691Z,2025-12-14T15:09:59.691Z
37,0x000a,2.70182,0x00000000,2025-12-14T15:09:59.691Z,2025-12-14T15:09:59.691Z
36,0x000a,3.40862,0x00000000,2025-12-14T15:09:59.691Z,2025-12-14T15:09:59.691Z
35,0x000a,2.46625,0x00000000,2025-12-14T15:09:59.691Z,2025-12-14T15:09:59.691Z
34,0x000a,4.43641,0x00000000,2025-12-14T15:09:59.691Z,2025-12-14T15:09:59.691Z
28,0x0004,27000,0x00000000,2025-12-14T15:09:59.691Z,2025-12-14T15:09:59.691Z
26,0x000a,3.77966,0x00000000,2025-12-14T15:09:59.691Z,2025-12-14T15:09:59.691Z
25,0x000a,2.77995,0x00000000,2025-12-14T15:09:59.691Z,2025-12-14T15:09:59.691Z
24,0x000a,4.95985,0x00000000,2025-12-14T15:09:59.691Z,2025-12-14T15:09:59.691Z
23,0x000a,3.40862,0x00000000,2025-12-14T15:09:59.691Z,2025-12-14T15:09:59.691Z
22,0x000a,2.46625,0x00000000,2025-12-14T15:09:59.691Z,2025-12-14T15:09:59.691Z
21,0x000a,4.43641,0x00000000,2025-12-14T15:09:59.691Z,2025-12-14T15:09:59.691Z
8,0x0004,10450,0x00000000,2025-12-14T15:09:59.691Z,2025-12-14T15:09:59.691Z
7,0x0004,7686,0x00000000,2025-12-14T15:09:59.691Z,2025-12-14T15:09:59.691Z
6,0x0004,13713,0x00000000,2025-12-14T15:09:59.691Z,2025-12-14T15:09:59.691Z
39,0x000a,2.10142,0x00000000,2025-12-14T15:09:59.791Z,2025-12-14T15:09:59.791Z
38,0x000a,1.59867,0x00000000,2025-12-14T15:09:59.791Z,2025-12-14T15:09:59.791Z
37,0x000a,1.69994,0x00000000,2025-12-14T15:09:59.791Z,2025-12-14T15:09:59.791Z
36,0x000a,2.80385,0x00000000,2025-12-14T15:09:59.791Z,2025-12-14T15:09:59.791Z
35,0x000a,1.98363,0x00000000,2025-12-14T15:09:59.791Z,2025-12-14T15:09:59.791Z
34,0x000a,3.56912,0x00000000,2025-12-14T15:09:59.791Z,2025-12-14T15:09:59.791Z
28,0x0004,0,0x00000000,2025-12-14T15:09:59.791Z,2025-12-14T15:09:59.791Z
26,0x000a,3.9898,0x00000000,2025-12-14T15:09:59.791Z,2025-12-14T15:09:59.791Z
25,0x000a,2.93981,0x00000000,2025-12-14T15:09:59.791Z,2025-12-14T15:09:59.791Z
24,0x000a,5.12985,0x00000000,2025-12-14T15:09:59.791Z,2025-12-14T15:09:59.791Z
23,0x000a,2.80385,0x00000000,2025-12-14T15:09:59.791Z,2025-12-14T15:09:59.791Z
22,0x000a,1.98363,0x00000000,2025-12-14T15:09:59.791Z,2025-12-14T15:09:59.791Z
21,0x000a,3.56912,0x00000000,2025-12-14T15:09:59.791Z,2025-12-14T15:09:59.791Z
8,0x0004,11031,0x00000000,2025-12-14T15:09:59.791Z,2025-12-14T15:09:59.791Z
7,0x0004,8128,0x00000000,2025-12-14T15:09:59.791Z,2025-12-14T15:09:59.791Z
6,0x0004,14183,0x00000000,2025-12-14T15:09:59.791Z,2025-12-14T15:09:59.791Z
39,0x000a,2.10142,0x00000000,2025-12-14T15:09:59.890Z,2025-12-14T15:09:59.890Z
38,0x000a,1.50101,0x00000000,2025-12-14T15:09:59.890Z,2025-12-14T15:09:59.890Z
37,0x000a,0.600405,0x00000000,2025-12-14T15:09:59.890Z,2025-12-14T15:09:59.890Z
36,0x000a,2.45263,0x00000000,2025-12-14T15:09:59.890Z,2025-12-14T15:09:59.890Z
35,0x000a,1.79115,0x00000000,2025-12-14T15:09:59.890Z,2025-12-14T15:09:59.890Z
34,0x000a,2.63453,0x00000000,2025-12-14T15:09:59.890Z,2025-12-14T15:09:59.890Z
26,0x000a,4.19994,0x00000000,2025-12-14T15:09:59.890Z,2025-12-14T15:09:59.890Z
25,0x000a,3.08992,0x00000000,2025-12-14T15:09:59.890Z,2025-12-14T15:09:59.890Z
24,0x000a,5.18989,0x00000000,2025-12-14T15:09:59.890Z,2025-12-14T15:09:59.890Z
23,0x000a,2.45263,0x00000000,2025-12-14T15:09:59.890Z,2025-12-14T15:09:59.890Z
22,0x000a,1.79115,0x00000000,2025-12-14T15:09:59.890Z,2025-12-14T15:09:59.890Z
21,0x000a,2.63453,0x00000000,2025-12-14T15:09:59.890Z,2025-12-14T15:09:59.890Z
8,0x0004,11612,0x00000000,2025-12-14T15:09:59.890Z,2025-12-14T15:09:59.890Z
7,0x0004,8543,0x00000000,2025-12-14T15:09:59.890Z,2025-12-14T15:09:59.890Z
6,0x0004,14349,0x00000000,2025-12-14T15:09:59.890Z,2025-12-14T15:09:59.890Z
39,0x000a,2.19907,0x00000000,2025-12-14T15:09:59.992Z,2025-12-14T15:09:59.992Z
38,0x000a,1.4974,0x00000000,2025-12-14T15:09:59.992Z,2025-12-14T15:09:59.992Z
37,0x000a,2.79948,0x00000000,2025-12-14T15:09:59.992Z,2025-12-14T15:09:59.992Z
36,0x000a,2.27703,0x00000000,2025-12-14T15:09:59.992Z,2025-12-14T15:09:59.992Z
35,0x000a,1.64608,0x00000000,2025-12-14T15:09:59.992Z,2025-12-14T15:09:59.992Z
34,0x000a,1.61747,0x00000000,2025-12-14T15:09:59.992Z,2025-12-14T15:09:59.992Z
26,0x000a,4.41985,0x00000000,2025-12-14T15:09:59.992Z,2025-12-14T15:09:59.992Z
25,0x000a,3.23966,0x00000000,2025-12-14T15:09:59.992Z,2025-12-14T15:09:59.992Z
24,0x000a,5.46983,0x00000000,2025-12-14T15:09:59.992Z,2025-12-14T15:09:59.992Z
23,0x000a,2.27703,0x00000000,2025-12-14T15:09:59.992Z,2025-12-14T15:09:59.992Z
22,0x000a,1.64608,0x00000000,2025-12-14T15:09:59.992Z,2025-12-14T15:09:59.992Z
21,0x000a,1.61747,0x00000000,2025-12-14T15:09:59.992Z,2025-12-14T15:09:59.992Z
8,0x0004,12220,0x00000000,2025-12-14T15:09:59.992Z,2025-12-14T15:09:59.992Z
7,0x0004,8957,0x00000000,2025-12-14T15:09:59.992Z,2025-12-14T15:09:59.992Z
6,0x0004,15123,0x00000000,2025-12-14T15:09:59.992Z,2025-12-14T15:09:59.992Z
36,0x000a,2.23805,0x00000000,2025-12-14T15:10:00.090Z,2025-12-14T15:10:00.090Z
35,0x000a,1.57174,0x00000000,2025-12-14T15:10:00.090Z,2025-12-14T15:10:00.090Z
34,0x000a,2.20847,0x00000000,2025-12-14T15:10:00.090Z,2025-12-14T15:10:00.090Z
26,0x000a,4.62999,0x00000000,2025-12-14T15:10:00.090Z,2025-12-14T15:10:00.090Z
25,0x000a,3.39988,0x00000000,2025-12-14T15:10:00.090Z,2025-12-14T15:10:00.090Z
24,0x000a,5.73966,0x00000000,2025-12-14T15:10:00.090Z,2025-12-14T15:10:00.090Z
23,0x000a,2.23805,0x00000000,2025-12-14T15:10:00.090Z,2025-12-14T15:10:00.090Z
22,0x000a,1.57174,0x00000000,2025-12-14T15:10:00.090Z,2025-12-14T15:10:00.090Z
21,0x000a,2.20847,0x00000000,2025-12-14T15:10:00.090Z,2025-12-14T15:10:00.090Z
8,0x0004,12801,0x00000000,2025-12-14T15:10:00.090Z,2025-12-14T15:10:00.090Z
7,0x0004,9400,0x00000000,2025-12-14T15:10:00.090Z,2025-12-14T15:10:00.090Z
6,0x0004,15869,0x00000000,2025-12-14T15:10:00.090Z,2025-12-14T15:10:00.090Z
39,0x000a,2.10142,0x00000000,2025-12-14T15:10:00.191Z,2025-12-14T15:10:00.191Z
38,0x000a,1.60228,0x00000000,2025-12-14T15:10:00.191Z,2025-12-14T15:10:00.191Z
37,0x000a,2.69821,0x00000000,2025-12-14T15:10:00.191Z,2025-12-14T15:10:00.191Z
26,0x000a,4.83977,0x00000000,2025-12-14T15:10:00.191Z,2025-12-14T15:10:00.191Z
25,0x000a,3.54999,0x00000000,2025-12-14T15:10:00.191Z,2025-12-14T15:10:00.191Z
24,0x000a,6.01997,0x00000000,2025-12-14T15:10:00.191Z,2025-12-14T15:10:00.191Z
8,0x0004,13381,0x00000000,2025-12-14T15:10:00.191Z,2025-12-14T15:10:00.191Z
7,0x0004,9815,0x00000000,2025-12-14T15:10:00.191Z,2025-12-14T15:10:00.191Z
6,0x0004,16644,0x00000000,2025-12-14T15:10:00.191Z,2025-12-14T15:10:00.191Z
39,0x000a,2.0978,0x00000000,2025-12-14T15:10:00.292Z,2025-12-14T15:10:00.292Z
38,0x000a,1.50101,0x00000000,2025-12-14T15:10:00.292Z,2025-12-14T15:10:00.292Z
37,0x000a,2.8031,0x00000000,2025-12-14T15:10:00.292Z,2025-12-14T15:10:00.292Z
36,0x000a,2.16973,0x00000000,2025-12-14T15:10:00.292Z,2025-12-14T15:10:00.292Z
35,0x000a,1.58701,0x00000000,2025-12-14T15:10:00.292Z,2025-12-14T15:10:00.292Z
34,0x000a,2.45334,0x00000000,2025-12-14T15:10:00.292Z,2025-12-14T15:10:00.292Z
30,0x0004,27000,0x00000000,2025-12-14T15:10:00.292Z,2025-12-14T15:10:00.292Z
26,0x000a,5.09983,0x00000000,2025-12-14T15:10:00.292Z,2025-12-14T15:10:00.292Z
25,0x000a,3.72975,0x00000000,2025-12-14T15:10:00.292Z,2025-12-14T15:10:00.292Z
24,0x000a,6.34983,0x00000000,2025-12-14T15:10:00.292Z,2025-12-14T15:10:00.292Z
23,0x000a,2.16973,0x00000000,2025-12-14T15:10:00.292Z,2025-12-14T15:10:00.292Z
22,0x000a,1.58701,0x00000000,2025-12-14T15:10:00.292Z,2025-12-14T15:10:00.292Z
21,0x000a,2.45334,0x00000000,2025-12-14T15:10:00.292Z,2025-12-14T15:10:00.292Z
8,0x0004,14100,0x00000000,2025-12-14T15:10:00.292Z,2025-12-14T15:10:00.292Z
7,0x0004,10312,0x00000000,2025-12-14T15:10:00.292Z,2025-12-14T15:10:00.292Z
6,0x0004,17556,0x00000000,2025-12-14T15:10:00.292Z,2025-12-14T15:10:00.292Z
39,0x000a,2.60055,0x00000000,2025-12-14T15:10:00.392Z,2025-12-14T15:10:00.392Z
39,0x000a,1.80121,0x00000000,2025-12-14T15:10:00.489Z,2025-12-14T15:10:00.489Z
38,0x000a,1.7976,0x00000000,2025-12-14T15:10:00.392Z,2025-12-14T15:10:00.392Z
38,0x000a,1.60228,0x00000000,2025-12-14T15:10:00.489Z,2025-12-14T15:10:00.489Z
37,0x000a,3.29861,0x00000000,2025-12-14T15:10:00.392Z,2025-12-14T15:10:00.392Z
37,0x000a,2.69821,0x00000000,2025-12-14T15:10:00.489Z,2025-12-14T15:10:00.489Z
36,0x000a,2.13377,0x00000000,2025-12-14T15:10:00.392Z,2025-12-14T15:10:00.392Z
36,0x000a,2.36716,0x00000000,2025-12-14T15:10:00.489Z,2025-12-14T15:10:00.489Z
35,0x000a,1.54401,0x00000000,2025-12-14T15:10:00.392Z,2025-12-14T15:10:00.392Z
35,0x000a,1.67081,0x00000000,2025-12-14T15:10:00.489Z,2025-12-14T15:10:00.489Z
34,0x000a,2.62822,0x00000000,2025-12-14T15:10:00.392Z,2025-12-14T15:10:00.392Z
34,0x000a,2.96341,0x00000000,2025-12-14T15:10:00.489Z,2025-12-14T15:10:00.489Z
30,0x0004,0,0x00000000,2025-12-14T15:10:00.392Z,2025-12-14T15:10:00.392Z
26,0x000a,5.27995,0x00000000,2025-12-14T15:10:00.392Z,2025-12-14T15:10:00.392Z
26,0x000a,5.31973,0x00000000,2025-12-14T15:10:00.489Z,2025-12-14T15:10:00.489Z
25,0x000a,3.88997,0x00000000,2025-12-14T15:10:00.392Z,2025-12-14T15:10:00.392Z
25,0x000a,4.03971,0x00000000,2025-12-14T15:10:00.489Z,2025-12-14T15:10:00.489Z
24,0x000a,6.61965,0x00000000,2025-12-14T15:10:00.392Z,2025-12-14T15:10:00.392Z
24,0x000a,6.89996,0x00000000,2025-12-14T15:10:00.489Z,2025-12-14T15:10:00.489Z
23,0x000a,2.13377,0x00000000,2025-12-14T15:10:00.392Z,2025-12-14T15:10:00.392Z
23,0x000a,2.36716,0x00000000,2025-12-14T15:10:00.489Z,2025-12-14T15:10:00.489Z
22,0x000a,1.54401,0x00000000,2025-12-14T15:10:00.392Z,2025-12-14T15:10:00.392Z
22,0x000a,1.67081,0x00000000,2025-12-14T15:10:00.489Z,2025-12-14T15:10:00.489Z
21,0x000a,2.62822,0x00000000,2025-12-14T15:10:00.392Z,2025-12-14T15:10:00.392Z
21,0x000a,2.96341,0x00000000,2025-12-14T15:10:00.489Z,2025-12-14T15:10:00.489Z
8,0x0004,14598,0x00000000,2025-12-14T15:10:00.392Z,2025-12-14T15:10:00.392Z
8,0x0004,14708,0x00000000,2025-12-14T15:10:00.489Z,2025-12-14T15:10:00.489Z
7,0x0004,10755,0x00000000,2025-12-14T15:10:00.392Z,2025-12-14T15:10:00.392Z
7,0x0004,11169,0x00000000,2025-12-14T15:10:00.489Z,2025-12-14T15:10:00.489Z
6,0x0004,18302,0x00000000,2025-12-14T15:10:00.392Z,2025-12-14T15:10:00.392Z
6,0x0004,19077,0x00000000,2025-12-14T15:10:00.489Z,2025-12-14T15:10:00.489Z
39,0x000a,0.397859,0x00000000,2025-12-14T15:10:00.591Z,2025-12-14T15:10:00.591Z
38,0x000a,1.4974,0x00000000,2025-12-14T15:10:00.591Z,2025-12-14T15:10:00.591Z
37,0x000a,2.8031,0x00000000,2025-12-14T15:10:00.591Z,2025-12-14T15:10:00.591Z
36,0x000a,2.08419,0x00000000,2025-12-14T15:10:00.591Z,2025-12-14T15:10:00.591Z
35,0x000a,1.63655,0x00000000,2025-12-14T15:10:00.591Z,2025-12-14T15:10:00.591Z
34,0x000a,2.83081,0x00000000,2025-12-14T15:10:00.591Z,2025-12-14T15:10:00.591Z
26,0x000a,5.52988,0x00000000,2025-12-14T15:10:00.591Z,2025-12-14T15:10:00.591Z
25,0x000a,4.18981,0x00000000,2025-12-14T15:10:00.591Z,2025-12-14T15:10:00.591Z
24,0x000a,7.1799,0x00000000,2025-12-14T15:10:00.591Z,2025-12-14T15:10:00.591Z
23,0x000a,2.08419,0x00000000,2025-12-14T15:10:00.591Z,2025-12-14T15:10:00.591Z
22,0x000a,1.63655,0x00000000,2025-12-14T15:10:00.591Z,2025-12-14T15:10:00.591Z
21,0x000a,2.83081,0x00000000,2025-12-14T15:10:00.591Z,2025-12-14T15:10:00.591Z
8,0x0004,15289,0x00000000,2025-12-14T15:10:00.591Z,2025-12-14T15:10:00.591Z
7,0x0004,11584,0x00000000,2025-12-14T15:10:00.591Z,2025-12-14T15:10:00.591Z
6,0x0004,19851,0x00000000,2025-12-14T15:10:00.591Z,2025-12-14T15:10:00.591Z
39,0x000a,4.19922,0x00000000,2025-12-14T15:10:00.691Z,2025-12-14T15:10:00.691Z
38,0x000a,3.09968,0x00000000,2025-12-14T15:10:00.691Z,2025-12-14T15:10:00.691Z
37,0x000a,5.49768,0x00000000,2025-12-14T15:10:00.691Z,2025-12-14T15:10:00.691Z
36,0x000a,1.24102,0x00000000,2025-12-14T15:10:00.691Z,2025-12-14T15:10:00.691Z
35,0x000a,1.56697,0x00000000,2025-12-14T15:10:00.691Z,2025-12-14T15:10:00.691Z
34,0x000a,2.81695,0x00000000,2025-12-14T15:10:00.691Z,2025-12-14T15:10:00.691Z
26,0x000a,5.73966,0x00000000,2025-12-14T15:10:00.691Z,2025-12-14T15:10:00.691Z
25,0x000a,4.34968,0x00000000,2025-12-14T15:10:00.691Z,2025-12-14T15:10:00.691Z
24,0x000a,7.44973,0x00000000,2025-12-14T15:10:00.691Z,2025-12-14T15:10:00.691Z
23,0x000a,1.24102,0x00000000,2025-12-14T15:10:00.691Z,2025-12-14T15:10:00.691Z
22,0x000a,1.56697,0x00000000,2025-12-14T15:10:00.691Z,2025-12-14T15:10:00.691Z
21,0x000a,2.81695,0x00000000,2025-12-14T15:10:00.691Z,2025-12-14T15:10:00.691Z
8,0x0004,15869,0x00000000,2025-12-14T15:10:00.691Z,2025-12-14T15:10:00.691Z
7,0x0004,12026,0x00000000,2025-12-14T15:10:00.691Z,2025-12-14T15:10:00.691Z
6,0x0004,20597,0x00000000,2025-12-14T15:10:00.691Z,2025-12-14T15:10:00.691Z
39,0x000a,2.10142,0x00000000,2025-12-14T15:10:00.792Z,2025-12-14T15:10:00.792Z
38,0x000a,1.50101,0x00000000,2025-12-14T15:10:00.792Z,2025-12-14T15:10:00.792Z
37,0x000a,2.79948,0x00000000,2025-12-14T15:10:00.792Z,2025-12-14T15:10:00.792Z
36,0x000a,2.72012,0x00000000,2025-12-14T15:10:00.792Z,2025-12-14T15:10:00.792Z
35,0x000a,2.33333,0x00000000,2025-12-14T15:10:00.792Z,2025-12-14T15:10:00.792Z
34,0x000a,4.15732,0x00000000,2025-12-14T15:10:00.792Z,2025-12-14T15:10:00.792Z
26,0x000a,5.9498,0x00000000,2025-12-14T15:10:00.792Z,2025-12-14T15:10:00.792Z
25,0x000a,4.49978,0x00000000,2025-12-14T15:10:00.792Z,2025-12-14T15:10:00.792Z
24,0x000a,7.72967,0x00000000,2025-12-14T15:10:00.792Z,2025-12-14T15:10:00.792Z
23,0x000a,2.72012,0x00000000,2025-12-14T15:10:00.792Z,2025-12-14T15:10:00.792Z
22,0x000a,2.33333,0x00000000,2025-12-14T15:10:00.792Z,2025-12-14T15:10:00.792Z
21,0x000a,4.15732,0x00000000,2025-12-14T15:10:00.792Z,2025-12-14T15:10:00.792Z
13,0x0001,false,0x00000000,2025-12-14T15:10:00.792Z,2025-12-14T15:10:00.792Z
8,0x0004,16450,0x00000000,2025-12-14T15:10:00.792Z,2025-12-14T15:10:00.792Z
7,0x0004,12441,0x00000000,2025-12-14T15:10:00.792Z,2025-12-14T15:10:00.792Z
6,0x0004,21371,0x00000000,2025-12-14T15:10:00.792Z,2025-12-14T15:10:00.792Z
39,0x000a,2.19908,0x00000000,2025-12-14T15:10:00.891Z,2025-12-14T15:10:00.891Z
37,0x000a,2.70182,0x00000000,2025-12-14T15:10:00.891Z,2025-12-14T15:10:00.891Z
36,0x000a,2.41077,0x00000000,2025-12-14T15:10:00.891Z,2025-12-14T15:10:00.891Z
35,0x000a,1.91717,0x00000000,2025-12-14T15:10:00.891Z,2025-12-14T15:10:00.891Z
34,0x000a,3.4784,0x00000000,2025-12-14T15:10:00.891Z,2025-12-14T15:10:00.891Z
26,0x000a,6.1697,0x00000000,2025-12-14T15:10:00.891Z,2025-12-14T15:10:00.891Z
25,0x000a,4.64988,0x00000000,2025-12-14T15:10:00.891Z,2025-12-14T15:10:00.891Z
24,0x000a,7.99986,0x00000000,2025-12-14T15:10:00.891Z,2025-12-14T15:10:00.891Z
23,0x000a,2.41077,0x00000000,2025-12-14T15:10:00.891Z,2025-12-14T15:10:00.891Z
22,0x000a,1.91717,0x00000000,2025-12-14T15:10:00.891Z,2025-12-14T15:10:00.891Z
21,0x000a,3.4784,0x00000000,2025-12-14T15:10:00.891Z,2025-12-14T15:10:00.891Z
8,0x0004,17058,0x00000000,2025-12-14T15:10:00.891Z,2025-12-14T15:10:00.891Z
7,0x0004,12856,0x00000000,2025-12-14T15:10:00.891Z,2025-12-14T15:10:00.891Z
6,0x0004,22118,0x00000000,2025-12-14T15:10:00.891Z,2025-12-14T15:10:00.891Z
36,0x000a,2.30492,0x00000000,2025-12-14T15:10:00.992Z,2025-12-14T15:10:00.992Z
35,0x000a,1.70909,0x00000000,2025-12-14T15:10:00.992Z,2025-12-14T15:10:00.992Z
34,0x000a,3.09011,0x00000000,2025-12-14T15:10:00.992Z,2025-12-14T15:10:00.992Z
26,0x000a,6.41999,0x00000000,2025-12-14T15:10:00.992Z,2025-12-14T15:10:00.992Z
25,0x000a,4.83977,0x00000000,2025-12-14T15:10:00.992Z,2025-12-14T15:10:00.992Z
24,0x000a,8.16985,0x00000000,2025-12-14T15:10:00.992Z,2025-12-14T15:10:00.992Z
23,0x000a,2.30492,0x00000000,2025-12-14T15:10:00.992Z,2025-12-14T15:10:00.992Z
22,0x000a,1.70909,0x00000000,2025-12-14T15:10:00.992Z,2025-12-14T15:10:00.992Z
21,0x000a,3.09011,0x00000000,2025-12-14T15:10:00.992Z,2025-12-14T15:10:00.992Z
8,0x0004,17750,0x00000000,2025-12-14T15:10:00.992Z,2025-12-14T15:10:00.992Z
7,0x0004,13381,0x00000000,2025-12-14T15:10:00.992Z,2025-12-14T15:10:00.992Z
6,0x0004,22588,0x00000000,2025-12-14T15:10:00.992Z,2025-12-14T15:10:00.992Z
39,0x000a,2.50289,0x00000000,2025-12-14T15:10:01.092Z,2025-12-14T15:10:01.092Z
38,0x000a,1.89887,0x00000000,2025-12-14T15:10:01.092Z,2025-12-14T15:10:01.092Z
37,0x000a,1.69994,0x00000000,2025-12-14T15:10:01.092Z,2025-12-14T15:10:01.092Z
29,0x0004,27000,0x00000000,2025-12-14T15:10:01.092Z,2025-12-14T15:10:01.092Z
26,0x000a,6.6399,0x00000000,2025-12-14T15:10:01.092Z,2025-12-14T15:10:01.092Z
25,0x000a,4.98987,0x00000000,2025-12-14T15:10:01.092Z,2025-12-14T15:10:01.092Z
8,0x0004,18358,0x00000000,2025-12-14T15:10:01.092Z,2025-12-14T15:10:01.092Z
7,0x0004,13796,0x00000000,2025-12-14T15:10:01.092Z,2025-12-14T15:10:01.092Z
39,0x000a,2.19908,0x00000000,2025-12-14T15:10:01.191Z,2025-12-14T15:10:01.191Z
38,0x000a,1.50101,0x00000000,2025-12-14T15:10:01.191Z,2025-12-14T15:10:01.191Z
37,0x000a,0,0x00000000,2025-12-14T15:10:01.191Z,2025-12-14T15:10:01.191Z
36,0x000a,2.40391,0x00000000,2025-12-14T15:10:01.191Z,2025-12-14T15:10:01.191Z
35,0x000a,1.80398,0x00000000,2025-12-14T15:10:01.191Z,2025-12-14T15:10:01.191Z
34,0x000a,2.39503,0x00000000,2025-12-14T15:10:01.191Z,2025-12-14T15:10:01.191Z
29,0x0004,0,0x00000000,2025-12-14T15:10:01.191Z,2025-12-14T15:10:01.191Z
26,0x000a,6.84968,0x00000000,2025-12-14T15:10:01.191Z,2025-12-14T15:10:01.191Z
25,0x000a,5.10995,0x00000000,2025-12-14T15:10:01.191Z,2025-12-14T15:10:01.191Z
23,0x000a,2.40391,0x00000000,2025-12-14T15:10:01.191Z,2025-12-14T15:10:01.191Z
22,0x000a,1.80398,0x00000000,2025-12-14T15:10:01.191Z,2025-12-14T15:10:01.191Z
21,0x000a,2.39503,0x00000000,2025-12-14T15:10:01.191Z,2025-12-14T15:10:01.191Z
8,0x0004,18938,0x00000000,2025-12-14T15:10:01.191Z,2025-12-14T15:10:01.191Z
7,0x0004,14128,0x00000000,2025-12-14T15:10:01.191Z,2025-12-14T15:10:01.191Z
40,0x0001,true,0x00000000,2025-12-14T15:10:01.289Z,2025-12-14T15:10:01.289Z
39,0x000a,2.0978,0x00000000,2025-12-14T15:10:01.289Z,2025-12-14T15:10:01.289Z
38,0x000a,1.20081,0x00000000,2025-12-14T15:10:01.289Z,2025-12-14T15:10:01.289Z
36,0x000a,2.30149,0x00000000,2025-12-14T15:10:01.289Z,2025-12-14T15:10:01.289Z
35,0x000a,1.6525,0x00000000,2025-12-14T15:10:01.289Z,2025-12-14T15:10:01.289Z
34,0x000a,1.19751,0x00000000,2025-12-14T15:10:01.289Z,2025-12-14T15:10:01.289Z
26,0x000a,7.05982,0x00000000,2025-12-14T15:10:01.289Z,2025-12-14T15:10:01.289Z
25,0x000a,5.14974,0x00000000,2025-12-14T15:10:01.289Z,2025-12-14T15:10:01.289Z
23,0x000a,2.30149,0x00000000,2025-12-14T15:10:01.289Z,2025-12-14T15:10:01.289Z
22,0x000a,1.6525,0x00000000,2025-12-14T15:10:01.289Z,2025-12-14T15:10:01.289Z
21,0x000a,1.19751,0x00000000,2025-12-14T15:10:01.289Z,2025-12-14T15:10:01.289Z
8,0x0004,19519,0x00000000,2025-12-14T15:10:01.289Z,2025-12-14T15:10:01.289Z
7,0x0004,14238,0x00000000,2025-12-14T15:10:01.289Z,2025-12-14T15:10:01.289Z
39,0x000a,2.10142,0x00000000,2025-12-14T15:10:01.393Z,2025-12-14T15:10:01.393Z
38,0x000a,0.397859,0x00000000,2025-12-14T15:10:01.393Z,2025-12-14T15:10:01.393Z
36,0x000a,2.19964,0x00000000,2025-12-14T15:10:01.393Z,2025-12-14T15:10:01.393Z
35,0x000a,1.42665,0x00000000,2025-12-14T15:10:01.393Z,2025-12-14T15:10:01.393Z
34,0x000a,0.598757,0x00000000,2025-12-14T15:10:01.393Z,2025-12-14T15:10:01.393Z
26,0x000a,7.27973,0x00000000,2025-12-14T15:10:01.393Z,2025-12-14T15:10:01.393Z
25,0x000a,5.29984,0x00000000,2025-12-14T15:10:01.393Z,2025-12-14T15:10:01.393Z
23,0x000a,2.19964,0x00000000,2025-12-14T15:10:01.393Z,2025-12-14T15:10:01.393Z
22,0x000a,1.42665,0x00000000,2025-12-14T15:10:01.393Z,2025-12-14T15:10:01.393Z
21,0x000a,0.598757,0x00000000,2025-12-14T15:10:01.393Z,2025-12-14T15:10:01.393Z
8,0x0004,20127,0x00000000,2025-12-14T15:10:01.393Z,2025-12-14T15:10:01.393Z
7,0x0004,14653,0x00000000,2025-12-14T15:10:01.393Z,2025-12-14T15:10:01.393Z
39,0x000a,2.19907,0x00000000,2025-12-14T15:10:01.490Z,2025-12-14T15:10:01.490Z
38,0x000a,1.50102,0x00000000,2025-12-14T15:10:01.490Z,2025-12-14T15:10:01.490Z
36,0x000a,2.15053,0x00000000,2025-12-14T15:10:01.490Z,2025-12-14T15:10:01.490Z
35,0x000a,0.912256,0x00000000,2025-12-14T15:10:01.490Z,2025-12-14T15:10:01.490Z
34,0x000a,0.299378,0x00000000,2025-12-14T15:10:01.490Z,2025-12-14T15:10:01.490Z
26,0x000a,7.48987,0x00000000,2025-12-14T15:10:01.490Z,2025-12-14T15:10:01.490Z
25,0x000a,5.44994,0x00000000,2025-12-14T15:10:01.490Z,2025-12-14T15:10:01.490Z
23,0x000a,2.15053,0x00000000,2025-12-14T15:10:01.490Z,2025-12-14T15:10:01.490Z
22,0x000a,0.912256,0x00000000,2025-12-14T15:10:01.490Z,2025-12-14T15:10:01.490Z
21,0x000a,0.299378,0x00000000,2025-12-14T15:10:01.490Z,2025-12-14T15:10:01.490Z
8,0x0004,20708,0x00000000,2025-12-14T15:10:01.490Z,2025-12-14T15:10:01.490Z
7,0x0004,15068,0x00000000,2025-12-14T15:10:01.490Z,2025-12-14T15:10:01.490Z
39,0x000a,2.10142,0x00000000,2025-12-14T15:10:01.591Z,2025-12-14T15:10:01.591Z
38,0x000a,1.50101,0x00000000,2025-12-14T15:10:01.591Z,2025-12-14T15:10:01.591Z
36,0x000a,2.1748,0x00000000,2025-12-14T15:10:01.591Z,2025-12-14T15:10:01.591Z
35,0x000a,1.20664,0x00000000,2025-12-14T15:10:01.591Z,2025-12-14T15:10:01.591Z
34,0x000a,0.149689,0x00000000,2025-12-14T15:10:01.591Z,2025-12-14T15:10:01.591Z
26,0x000a,7.74993,0x00000000,2025-12-14T15:10:01.591Z,2025-12-14T15:10:01.591Z
25,0x000a,5.63983,0x00000000,2025-12-14T15:10:01.591Z,2025-12-14T15:10:01.591Z
23,0x000a,2.1748,0x00000000,2025-12-14T15:10:01.591Z,2025-12-14T15:10:01.591Z
22,0x000a,1.20664,0x00000000,2025-12-14T15:10:01.591Z,2025-12-14T15:10:01.591Z
21,0x000a,0.149689,0x00000000,2025-12-14T15:10:01.591Z,2025-12-14T15:10:01.591Z
8,0x0004,21427,0x00000000,2025-12-14T15:10:01.591Z,2025-12-14T15:10:01.591Z
7,0x0004,15593,0x00000000,2025-12-14T15:10:01.591Z,2025-12-14T15:10:01.591Z
39,0x000a,2.60055,0x00000000,2025-12-14T15:10:01.691Z,2025-12-14T15:10:01.691Z
38,0x000a,1.89887,0x00000000,2025-12-14T15:10:01.691Z,2025-12-14T15:10:01.691Z
36,0x000a,2.13811,0x00000000,2025-12-14T15:10:01.691Z,2025-12-14T15:10:01.691Z
35,0x000a,1.35382,0x00000000,2025-12-14T15:10:01.691Z,2025-12-14T15:10:01.691Z
34,0x000a,0.0748446,0x00000000,2025-12-14T15:10:01.691Z,2025-12-14T15:10:01.691Z
26,0x000a,7.95971,0x00000000,2025-12-14T15:10:01.691Z,2025-12-14T15:10:01.691Z
25,0x000a,5.78993,0x00000000,2025-12-14T15:10:01.691Z,2025-12-14T15:10:01.691Z
23,0x000a,2.13811,0x00000000,2025-12-14T15:10:01.691Z,2025-12-14T15:10:01.691Z
22,0x000a,1.35382,0x00000000,2025-12-14T15:10:01.691Z,2025-12-14T15:10:01.691Z
21,0x000a,0.0748446,0x00000000,2025-12-14T15:10:01.691Z,2025-12-14T15:10:01.691Z
8,0x0004,22007,0x00000000,2025-12-14T15:10:01.691Z,2025-12-14T15:10:01.691Z
7,0x0004,16008,0x00000000,2025-12-14T15:10:01.691Z,2025-12-14T15:10:01.691Z
36,0x000a,2.36933,0x00000000,2025-12-14T15:10:01.791Z,2025-12-14T15:10:01.791Z
35,0x000a,1.62635,0x00000000,2025-12-14T15:10:01.791Z,2025-12-14T15:10:01.791Z
34,0x000a,0.0374223,0x00000000,2025-12-14T15:10:01.791Z,2025-12-14T15:10:01.791Z
23,0x000a,2.36933,0x00000000,2025-12-14T15:10:01.791Z,2025-12-14T15:10:01.791Z
22,0x000a,1.62635,0x00000000,2025-12-14T15:10:01.791Z,2025-12-14T15:10:01.791Z
21,0x000a,0.0374223,0x00000000,2025-12-14T15:10:01.791Z,2025-12-14T15:10:01.791Z
39,0x000a,4.19922,0x00000000,2025-12-14T15:10:01.890Z,2025-12-14T15:10:01.890Z
38,0x000a,3.09968,0x00000000,2025-12-14T15:10:01.890Z,2025-12-14T15:10:01.890Z
26,0x000a,8.16985,0x00000000,2025-12-14T15:10:01.890Z,2025-12-14T15:10:01.890Z
25,0x000a,5.9498,0x00000000,2025-12-14T15:10:01.890Z,2025-12-14T15:10:01.890Z
8,0x0004,22588,0x00000000,2025-12-14T15:10:01.890Z,2025-12-14T15:10:01.890Z
7,0x0004,16450,0x00000000,2025-12-14T15:10:01.890Z,2025-12-14T15:10:01.890Z
39,0x000a,2.10142,0x00000000,2025-12-14T15:10:01.990Z,2025-12-14T15:10:01.990Z
38,0x000a,1.50102,0x00000000,2025-12-14T15:10:01.990Z,2025-12-14T15:10:01.990Z
36,0x000a,3.28427,0x00000000,2025-12-14T15:10:01.990Z,2025-12-14T15:10:01.990Z
35,0x000a,2.36301,0x00000000,2025-12-14T15:10:01.990Z,2025-12-14T15:10:01.990Z
34,0x000a,0.0187111,0x00000000,2025-12-14T15:10:01.990Z,2025-12-14T15:10:01.990Z
26,0x000a,8.37999,0x00000000,2025-12-14T15:10:01.990Z,2025-12-14T15:10:01.990Z
25,0x000a,6.0999,0x00000000,2025-12-14T15:10:01.990Z,2025-12-14T15:10:01.990Z
23,0x000a,3.28427,0x00000000,2025-12-14T15:10:01.990Z,2025-12-14T15:10:01.990Z
22,0x000a,2.36301,0x00000000,2025-12-14T15:10:01.990Z,2025-12-14T15:10:01.990Z
21,0x000a,0.0187111,0x00000000,2025-12-14T15:10:01.990Z,2025-12-14T15:10:01.990Z
8,0x0004,23169,0x00000000,2025-12-14T15:10:01.990Z,2025-12-14T15:10:01.990Z
7,0x0004,16865,0x00000000,2025-12-14T15:10:01.990Z,2025-12-14T15:10:01.990Z
39,0x000a,2.19907,0x00000000,2025-12-14T15:10:02.090Z,2025-12-14T15:10:02.090Z
38,0x000a,1.50101,0x00000000,2025-12-14T15:10:02.090Z,2025-12-14T15:10:02.090Z
36,0x000a,2.69285,0x00000000,2025-12-14T15:10:02.090Z,2025-12-14T15:10:02.090Z
35,0x000a,1.93202,0x00000000,2025-12-14T15:10:02.090Z,2025-12-14T15:10:02.090Z
34,0x000a,0.00935557,0x00000000,2025-12-14T15:10:02.090Z,2025-12-14T15:10:02.090Z
26,0x000a,8.5999,0x00000000,2025-12-14T15:10:02.090Z,2025-12-14T15:10:02.090Z
25,0x000a,6.25,0x00000000,2025-12-14T15:10:02.090Z,2025-12-14T15:10:02.090Z
23,0x000a,2.69285,0x00000000,2025-12-14T15:10:02.090Z,2025-12-14T15:10:02.090Z
22,0x000a,1.93202,0x00000000,2025-12-14T15:10:02.090Z,2025-12-14T15:10:02.090Z
21,0x000a,0.00935557,0x00000000,2025-12-14T15:10:02.090Z,2025-12-14T15:10:02.090Z
8,0x0004,23777,0x00000000,2025-12-14T15:10:02.090Z,2025-12-14T15:10:02.090Z
7,0x0004,17280,0x00000000,2025-12-14T15:10:02.090Z,2025-12-14T15:10:02.090Z
39,0x000a,2.49928,0x00000000,2025-12-14T15:10:02.190Z,2025-12-14T15:10:02.190Z
38,0x000a,1.89887,0x00000000,2025-12-14T15:10:02.190Z,2025-12-14T15:10:02.190Z
36,0x000a,2.44596,0x00000000,2025-12-14T15:10:02.190Z,2025-12-14T15:10:02.190Z
35,0x000a,1.71651,0x00000000,2025-12-14T15:10:02.190Z,2025-12-14T15:10:02.190Z
34,0x000a,0.00467779,0x00000000,2025-12-14T15:10:02.190Z,2025-12-14T15:10:02.190Z
26,0x000a,8.84983,0x00000000,2025-12-14T15:10:02.190Z,2025-12-14T15:10:02.190Z
25,0x000a,6.43989,0x00000000,2025-12-14T15:10:02.190Z,2025-12-14T15:10:02.190Z
23,0x000a,2.44596,0x00000000,2025-12-14T15:10:02.190Z,2025-12-14T15:10:02.190Z
22,0x000a,1.71651,0x00000000,2025-12-14T15:10:02.190Z,2025-12-14T15:10:02.190Z
21,0x000a,0.00467779,0x00000000,2025-12-14T15:10:02.190Z,2025-12-14T15:10:02.190Z
8,0x0004,24468,0x00000000,2025-12-14T15:10:02.190Z,2025-12-14T15:10:02.190Z
7,0x0004,17805,0x00000000,2025-12-14T15:10:02.190Z,2025-12-14T15:10:02.190Z
39,0x000a,2.19908,0x00000000,2025-12-14T15:10:02.290Z,2025-12-14T15:10:02.290Z
39,0x000a,2.10142,0x00000000,2025-12-14T15:10:02.391Z,2025-12-14T15:10:02.391Z
38,0x000a,1.50101,0x00000000,2025-12-14T15:10:02.290Z,2025-12-14T15:10:02.290Z
38,0x000a,1.4974,0x00000000,2025-12-14T15:10:02.391Z,2025-12-14T15:10:02.391Z
36,0x000a,2.47262,0x00000000,2025-12-14T15:10:02.290Z,2025-12-14T15:10:02.290Z
36,0x000a,2.33585,0x00000000,2025-12-14T15:10:02.391Z,2025-12-14T15:10:02.391Z
35,0x000a,1.80769,0x00000000,2025-12-14T15:10:02.290Z,2025-12-14T15:10:02.290Z
35,0x000a,1.65435,0x00000000,2025-12-14T15:10:02.391Z,2025-12-14T15:10:02.391Z
34,0x000a,0.00233889,0x00000000,2025-12-14T15:10:02.290Z,2025-12-14T15:10:02.290Z
34,0x000a,0.00116945,0x00000000,2025-12-14T15:10:02.391Z,2025-12-14T15:10:02.391Z
26,0x000a,9.06973,0x00000000,2025-12-14T15:10:02.290Z,2025-12-14T15:10:02.290Z
26,0x000a,9.27988,0x00000000,2025-12-14T15:10:02.391Z,2025-12-14T15:10:02.391Z
25,0x000a,6.58999,0x00000000,2025-12-14T15:10:02.290Z,2025-12-14T15:10:02.290Z
25,0x000a,6.73973,0x00000000,2025-12-14T15:10:02.391Z,2025-12-14T15:10:02.391Z
23,0x000a,2.47262,0x00000000,2025-12-14T15:10:02.290Z,2025-12-14T15:10:02.290Z
23,0x000a,2.33585,0x00000000,2025-12-14T15:10:02.391Z,2025-12-14T15:10:02.391Z
22,0x000a,1.80769,0x00000000,2025-12-14T15:10:02.290Z,2025-12-14T15:10:02.290Z
22,0x000a,1.65435,0x00000000,2025-12-14T15:10:02.391Z,2025-12-14T15:10:02.391Z
21,0x000a,0.00233889,0x00000000,2025-12-14T15:10:02.290Z,2025-12-14T15:10:02.290Z
21,0x000a,0.00116945,0x00000000,2025-12-14T15:10:02.391Z,2025-12-14T15:10:02.391Z
8,0x0004,25076,0x00000000,2025-12-14T15:10:02.290Z,2025-12-14T15:10:02.290Z
8,0x0004,25657,0x00000000,2025-12-14T15:10:02.391Z,2025-12-14T15:10:02.391Z
7,0x0004,18220,0x00000000,2025-12-14T15:10:02.290Z,2025-12-14T15:10:02.290Z
7,0x0004,18634,0x00000000,2025-12-14T15:10:02.391Z,2025-12-14T15:10:02.391Z
39,0x000a,2.0978,0x00000000,2025-12-14T15:10:02.490Z,2025-12-14T15:10:02.490Z
38,0x000a,1.60229,0x00000000,2025-12-14T15:10:02.490Z,2025-12-14T15:10:02.490Z
36,0x000a,2.21863,0x00000000,2025-12-14T15:10:02.490Z,2025-12-14T15:10:02.490Z
35,0x000a,1.57587,0x00000000,2025-12-14T15:10:02.490Z,2025-12-14T15:10:02.490Z
34,0x000a,0.000584723,0x00000000,2025-12-14T15:10:02.490Z,2025-12-14T15:10:02.490Z
26,0x000a,9.48966,0x00000000,2025-12-14T15:10:02.490Z,2025-12-14T15:10:02.490Z
25,0x000a,6.89996,0x00000000,2025-12-14T15:10:02.490Z,2025-12-14T15:10:02.490Z
23,0x000a,2.21863,0x00000000,2025-12-14T15:10:02.490Z,2025-12-14T15:10:02.490Z
22,0x000a,1.57587,0x00000000,2025-12-14T15:10:02.490Z,2025-12-14T15:10:02.490Z
21,0x000a,0.000584723,0x00000000,2025-12-14T15:10:02.490Z,2025-12-14T15:10:02.490Z
8,0x0004,26237,0x00000000,2025-12-14T15:10:02.490Z,2025-12-14T15:10:02.490Z
7,0x0004,19077,0x00000000,2025-12-14T15:10:02.490Z,2025-12-14T15:10:02.490Z
39,0x000a,2.20269,0x00000000,2025-12-14T15:10:02.590Z,2025-12-14T15:10:02.590Z
38,0x000a,1.49739,0x00000000,2025-12-14T15:10:02.590Z,2025-12-14T15:10:02.590Z
36,0x000a,2.15822,0x00000000,2025-12-14T15:10:02.590Z,2025-12-14T15:10:02.590Z
35,0x000a,1.58908,0x00000000,2025-12-14T15:10:02.590Z,2025-12-14T15:10:02.590Z
34,0x000a,0.000292362,0x00000000,2025-12-14T15:10:02.590Z,2025-12-14T15:10:02.590Z
26,0x000a,9.70992,0x00000000,2025-12-14T15:10:02.590Z,2025-12-14T15:10:02.590Z
25,0x000a,7.0497,0x00000000,2025-12-14T15:10:02.590Z,2025-12-14T15:10:02.590Z
23,0x000a,2.15822,0x00000000,2025-12-14T15:10:02.590Z,2025-12-14T15:10:02.590Z
22,0x000a,1.58908,0x00000000,2025-12-14T15:10:02.590Z,2025-12-14T15:10:02.590Z
21,0x000a,0.000292362,0x00000000,2025-12-14T15:10:02.590Z,2025-12-14T15:10:02.590Z
17,0x0001,false,0x00000000,2025-12-14T15:10:02.590Z,2025-12-14T15:10:02.590Z
8,0x0004,26846,0x00000000,2025-12-14T15:10:02.590Z,2025-12-14T15:10:02.590Z
7,0x0004,19491,0x00000000,2025-12-14T15:10:02.590Z,2025-12-14T15:10:02.590Z
36,0x000a,2.18045,0x00000000,2025-12-14T15:10:02.690Z,2025-12-14T15:10:02.690Z
35,0x000a,1.54324,0x00000000,2025-12-14T15:10:02.690Z,2025-12-14T15:10:02.690Z
34,0x000a,0.000146181,0x00000000,2025-12-14T15:10:02.690Z,2025-12-14T15:10:02.690Z
26,0x000a,9.9197,0x00000000,2025-12-14T15:10:02.690Z,2025-12-14T15:10:02.690Z
25,0x000a,7.1998,0x00000000,2025-12-14T15:10:02.690Z,2025-12-14T15:10:02.690Z
23,0x000a,2.18045,0x00000000,2025-12-14T15:10:02.690Z,2025-12-14T15:10:02.690Z
22,0x000a,1.54324,0x00000000,2025-12-14T15:10:02.690Z,2025-12-14T15:10:02.690Z
21,0x000a,0.000146181,0x00000000,2025-12-14T15:10:02.690Z,2025-12-14T15:10:02.690Z
8,0x0004,27426,0x00000000,2025-12-14T15:10:02.690Z,2025-12-14T15:10:02.690Z
7,0x0004,19906,0x00000000,2025-12-14T15:10:02.690Z,2025-12-14T15:10:02.690Z
39,0x000a,2.0978,0x00000000,2025-12-14T15:10:02.793Z,2025-12-14T15:10:02.793Z
38,0x000a,1.50101,0x00000000,2025-12-14T15:10:02.793Z,2025-12-14T15:10:02.793Z
26,0x000a,10,0x00000000,2025-12-14T15:10:02.793Z,2025-12-14T15:10:02.793Z
25,0x000a,7.35966,0x00000000,2025-12-14T15:10:02.793Z,2025-12-14T15:10:02.793Z
8,0x0004,27648,0x00000000,2025-12-14T15:10:02.793Z,2025-12-14T15:10:02.793Z
7,0x0004,20348,0x00000000,2025-12-14T15:10:02.793Z,2025-12-14T15:10:02.793Z
39,0x000a,0.802956,0x00000000,2025-12-14T15:10:02.891Z,2025-12-14T15:10:02.891Z
38,0x000a,1.59867,0x00000000,2025-12-14T15:10:02.891Z,2025-12-14T15:10:02.891Z
36,0x000a,2.13913,0x00000000,2025-12-14T15:10:02.891Z,2025-12-14T15:10:02.891Z
35,0x000a,1.52212,0x00000000,2025-12-14T15:10:02.891Z,2025-12-14T15:10:02.891Z
34,0x000a,7.30904e-05,0x00000000,2025-12-14T15:10:02.891Z,2025-12-14T15:10:02.891Z
25,0x000a,7.50977,0x00000000,2025-12-14T15:10:02.891Z,2025-12-14T15:10:02.891Z
23,0x000a,2.13913,0x00000000,2025-12-14T15:10:02.891Z,2025-12-14T15:10:02.891Z
22,0x000a,1.52212,0x00000000,2025-12-14T15:10:02.891Z,2025-12-14T15:10:02.891Z
21,0x000a,7.30904e-05,0x00000000,2025-12-14T15:10:02.891Z,2025-12-14T15:10:02.891Z
7,0x0004,20763,0x00000000,2025-12-14T15:10:02.891Z,2025-12-14T15:10:02.891Z
39,0x000a,0,0x00000000,2025-12-14T15:10:02.992Z,2025-12-14T15:10:02.992Z
38,0x000a,3.30223,0x00000000,2025-12-14T15:10:02.992Z,2025-12-14T15:10:02.992Z
36,0x000a,1.47104,0x00000000,2025-12-14T15:10:02.992Z,2025-12-14T15:10:02.992Z
35,0x000a,1.5604,0x00000000,2025-12-14T15:10:02.992Z,2025-12-14T15:10:02.992Z
34,0x000a,3.65452e-05,0x00000000,2025-12-14T15:10:02.992Z,2025-12-14T15:10:02.992Z
25,0x000a,7.68989,0x00000000,2025-12-14T15:10:02.992Z,2025-12-14T15:10:02.992Z
23,0x000a,1.47104,0x00000000,2025-12-14T15:10:02.992Z,2025-12-14T15:10:02.992Z
22,0x000a,1.5604,0x00000000,2025-12-14T15:10:02.992Z,2025-12-14T15:10:02.992Z
21,0x000a,3.65452e-05,0x00000000,2025-12-14T15:10:02.992Z,2025-12-14T15:10:02.992Z
7,0x0004,21261,0x00000000,2025-12-14T15:10:02.992Z,2025-12-14T15:10:02.992Z
42,0x0001,true,0x00000000,2025-12-14T15:10:03.090Z,2025-12-14T15:10:03.090Z
38,0x000a,1.59867,0x00000000,2025-12-14T15:10:03.090Z,2025-12-14T15:10:03.090Z
36,0x000a,0.73552,0x00000000,2025-12-14T15:10:03.090Z,2025-12-14T15:10:03.090Z
35,0x000a,2.43131,0x00000000,2025-12-14T15:10:03.090Z,2025-12-14T15:10:03.090Z
34,0x000a,1.82726e-05,0x00000000,2025-12-14T15:10:03.090Z,2025-12-14T15:10:03.090Z
25,0x000a,7.84975,0x00000000,2025-12-14T15:10:03.090Z,2025-12-14T15:10:03.090Z
23,0x000a,0.73552,0x00000000,2025-12-14T15:10:03.090Z,2025-12-14T15:10:03.090Z
22,0x000a,2.43131,0x00000000,2025-12-14T15:10:03.090Z,2025-12-14T15:10:03.090Z
21,0x000a,1.82726e-05,0x00000000,2025-12-14T15:10:03.090Z,2025-12-14T15:10:03.090Z
7,0x0004,21703,0x00000000,2025-12-14T15:10:03.090Z,2025-12-14T15:10:03.090Z
38,0x000a,1.50101,0x00000000,2025-12-14T15:10:03.193Z,2025-12-14T15:10:03.193Z
36,0x000a,0.36776,0x00000000,2025-12-14T15:10:03.193Z,2025-12-14T15:10:03.193Z
35,0x000a,2.01499,0x00000000,2025-12-14T15:10:03.193Z,2025-12-14T15:10:03.193Z
34,0x000a,9.1363e-06,0x00000000,2025-12-14T15:10:03.193Z,2025-12-14T15:10:03.193Z
25,0x000a,7.99986,0x00000000,2025-12-14T15:10:03.193Z,2025-12-14T15:10:03.193Z
23,0x000a,0.36776,0x00000000,2025-12-14T15:10:03.193Z,2025-12-14T15:10:03.193Z
22,0x000a,2.01499,0x00000000,2025-12-14T15:10:03.193Z,2025-12-14T15:10:03.193Z
21,0x000a,9.1363e-06,0x00000000,2025-12-14T15:10:03.193Z,2025-12-14T15:10:03.193Z
7,0x0004,22118,0x00000000,2025-12-14T15:10:03.193Z,2025-12-14T15:10:03.193Z
38,0x000a,1.50102,0x00000000,2025-12-14T15:10:03.294Z,2025-12-14T15:10:03.294Z
36,0x000a,0.18388,0x00000000,2025-12-14T15:10:03.294Z,2025-12-14T15:10:03.294Z
35,0x000a,1.758,0x00000000,2025-12-14T15:10:03.294Z,2025-12-14T15:10:03.294Z
34,0x000a,4.56815e-06,0x00000000,2025-12-14T15:10:03.294Z,2025-12-14T15:10:03.294Z
25,0x000a,8.14996,0x00000000,2025-12-14T15:10:03.294Z,2025-12-14T15:10:03.294Z
23,0x000a,0.18388,0x00000000,2025-12-14T15:10:03.294Z,2025-12-14T15:10:03.294Z
22,0x000a,1.758,0x00000000,2025-12-14T15:10:03.294Z,2025-12-14T15:10:03.294Z
21,0x000a,4.56815e-06,0x00000000,2025-12-14T15:10:03.294Z,2025-12-14T15:10:03.294Z
7,0x0004,22533,0x00000000,2025-12-14T15:10:03.294Z,2025-12-14T15:10:03.294Z
38,0x000a,1.59866,0x00000000,2025-12-14T15:10:03.392Z,2025-12-14T15:10:03.392Z
36,0x000a,0.09194,0x00000000,2025-12-14T15:10:03.392Z,2025-12-14T15:10:03.392Z
35,0x000a,1.62951,0x00000000,2025-12-14T15:10:03.392Z,2025-12-14T15:10:03.392Z
34,0x000a,2.28408e-06,0x00000000,2025-12-14T15:10:03.392Z,2025-12-14T15:10:03.392Z
25,0x000a,8.30982,0x00000000,2025-12-14T15:10:03.392Z,2025-12-14T15:10:03.392Z
23,0x000a,0.09194,0x00000000,2025-12-14T15:10:03.392Z,2025-12-14T15:10:03.392Z
22,0x000a,1.62951,0x00000000,2025-12-14T15:10:03.392Z,2025-12-14T15:10:03.392Z
21,0x000a,2.28408e-06,0x00000000,2025-12-14T15:10:03.392Z,2025-12-14T15:10:03.392Z
7,0x0004,22975,0x00000000,2025-12-14T15:10:03.392Z,2025-12-14T15:10:03.392Z
36,0x000a,0.04597,0x00000000,2025-12-14T15:10:03.491Z,2025-12-14T15:10:03.491Z
35,0x000a,1.61409,0x00000000,2025-12-14T15:10:03.491Z,2025-12-14T15:10:03.491Z
34,0x000a,1.14204e-06,0x00000000,2025-12-14T15:10:03.491Z,2025-12-14T15:10:03.491Z
25,0x000a,8.45992,0x00000000,2025-12-14T15:10:03.491Z,2025-12-14T15:10:03.491Z
23,0x000a,0.04597,0x00000000,2025-12-14T15:10:03.491Z,2025-12-14T15:10:03.491Z
22,0x000a,1.61409,0x00000000,2025-12-14T15:10:03.491Z,2025-12-14T15:10:03.491Z
21,0x000a,1.14204e-06,0x00000000,2025-12-14T15:10:03.491Z,2025-12-14T15:10:03.491Z
7,0x0004,23390,0x00000000,2025-12-14T15:10:03.491Z,2025-12-14T15:10:03.491Z
38,0x000a,1.50102,0x00000000,2025-12-14T15:10:03.593Z,2025-12-14T15:10:03.593Z
25,0x000a,8.60966,0x00000000,2025-12-14T15:10:03.593Z,2025-12-14T15:10:03.593Z
7,0x0004,23804,0x00000000,2025-12-14T15:10:03.593Z,2025-12-14T15:10:03.593Z
38,0x000a,1.49739,0x00000000,2025-12-14T15:10:03.691Z,2025-12-14T15:10:03.691Z
36,0x000a,0.022985,0x00000000,2025-12-14T15:10:03.691Z,2025-12-14T15:10:03.691Z
35,0x000a,1.55755,0x00000000,2025-12-14T15:10:03.691Z,2025-12-14T15:10:03.691Z
34,0x000a,5.71019e-07,0x00000000,2025-12-14T15:10:03.691Z,2025-12-14T15:10:03.691Z
25,0x000a,8.79991,0x00000000,2025-12-14T15:10:03.691Z,2025-12-14T15:10:03.691Z
23,0x000a,0.022985,0x00000000,2025-12-14T15:10:03.691Z,2025-12-14T15:10:03.691Z
22,0x000a,1.55755,0x00000000,2025-12-14T15:10:03.691Z,2025-12-14T15:10:03.691Z
21,0x000a,5.71019e-07,0x00000000,2025-12-14T15:10:03.691Z,2025-12-14T15:10:03.691Z
15,0x0001,false,0x00000000,2025-12-14T15:10:03.691Z,2025-12-14T15:10:03.691Z
7,0x0004,24330,0x00000000,2025-12-14T15:10:03.691Z,2025-12-14T15:10:03.691Z
38,0x000a,1.90249,0x00000000,2025-12-14T15:10:03.790Z,2025-12-14T15:10:03.790Z
36,0x000a,0.0114925,0x00000000,2025-12-14T15:10:03.790Z,2025-12-14T15:10:03.790Z
35,0x000a,1.52747,0x00000000,2025-12-14T15:10:03.790Z,2025-12-14T15:10:03.790Z
34,0x000a,2.85509e-07,0x00000000,2025-12-14T15:10:03.790Z,2025-12-14T15:10:03.790Z
25,0x000a,8.94965,0x00000000,2025-12-14T15:10:03.790Z,2025-12-14T15:10:03.790Z
23,0x000a,0.0114925,0x00000000,2025-12-14T15:10:03.790Z,2025-12-14T15:10:03.790Z
22,0x000a,1.52747,0x00000000,2025-12-14T15:10:03.790Z,2025-12-14T15:10:03.790Z
21,0x000a,2.85509e-07,0x00000000,2025-12-14T15:10:03.790Z,2025-12-14T15:10:03.790Z
7,0x0004,24744,0x00000000,2025-12-14T15:10:03.790Z,2025-12-14T15:10:03.790Z
38,0x000a,1.49739,0x00000000,2025-12-14T15:10:03.891Z,2025-12-14T15:10:03.891Z
36,0x000a,0.00574625,0x00000000,2025-12-14T15:10:03.891Z,2025-12-14T15:10:03.891Z
35,0x000a,1.71498,0x00000000,2025-12-14T15:10:03.891Z,2025-12-14T15:10:03.891Z
34,0x000a,1.42755e-07,0x00000000,2025-12-14T15:10:03.891Z,2025-12-14T15:10:03.891Z
25,0x000a,9.00969,0x00000000,2025-12-14T15:10:03.891Z,2025-12-14T15:10:03.891Z
23,0x000a,0.00574625,0x00000000,2025-12-14T15:10:03.891Z,2025-12-14T15:10:03.891Z
22,0x000a,1.71498,0x00000000,2025-12-14T15:10:03.891Z,2025-12-14T15:10:03.891Z
21,0x000a,1.42755e-07,0x00000000,2025-12-14T15:10:03.891Z,2025-12-14T15:10:03.891Z
7,0x0004,24910,0x00000000,2025-12-14T15:10:03.891Z,2025-12-14T15:10:03.891Z
38,0x000a,0.600405,0x00000000,2025-12-14T15:10:03.992Z,2025-12-14T15:10:03.992Z
36,0x000a,0.00287313,0x00000000,2025-12-14T15:10:03.992Z,2025-12-14T15:10:03.992Z
35,0x000a,1.60619,0x00000000,2025-12-14T15:10:03.992Z,2025-12-14T15:10:03.992Z
34,0x000a,7.13774e-08,0x00000000,2025-12-14T15:10:03.992Z,2025-12-14T15:10:03.992Z
23,0x000a,0.00287313,0x00000000,2025-12-14T15:10:03.992Z,2025-12-14T15:10:03.992Z
22,0x000a,1.60619,0x00000000,2025-12-14T15:10:03.992Z,2025-12-14T15:10:03.992Z
21,0x000a,7.13774e-08,0x00000000,2025-12-14T15:10:03.992Z,2025-12-14T15:10:03.992Z
38,0x000a,0,0x00000000,2025-12-14T15:10:04.092Z,2025-12-14T15:10:04.092Z
36,0x000a,0.00143656,0x00000000,2025-12-14T15:10:04.092Z,2025-12-14T15:10:04.092Z
35,0x000a,1.1033,0x00000000,2025-12-14T15:10:04.092Z,2025-12-14T15:10:04.092Z
34,0x000a,3.56887e-08,0x00000000,2025-12-14T15:10:04.092Z,2025-12-14T15:10:04.092Z
23,0x000a,0.00143656,0x00000000,2025-12-14T15:10:04.092Z,2025-12-14T15:10:04.092Z
22,0x000a,1.1033,0x00000000,2025-12-14T15:10:04.092Z,2025-12-14T15:10:04.092Z
21,0x000a,3.56887e-08,0x00000000,2025-12-14T15:10:04.092Z,2025-12-14T15:10:04.092Z
42,0x0001,false,0x00000000,2025-12-14T15:10:04.192Z,2025-12-14T15:10:04.192Z
40,0x0001,false,0x00000000,2025-12-14T15:10:04.192Z,2025-12-14T15:10:04.192Z
36,0x000a,0.000718282,0x00000000,2025-12-14T15:10:04.192Z,2025-12-14T15:10:04.192Z
35,0x000a,0.551648,0x00000000,2025-12-14T15:10:04.192Z,2025-12-14T15:10:04.192Z
34,0x000a,1.78443e-08,0x00000000,2025-12-14T15:10:04.192Z,2025-12-14T15:10:04.192Z
23,0x000a,0.000718282,0x00000000,2025-12-14T15:10:04.192Z,2025-12-14T15:10:04.192Z
22,0x000a,0.551648,0x00000000,2025-12-14T15:10:04.192Z,2025-12-14T15:10:04.192Z
21,0x000a,1.78443e-08,0x00000000,2025-12-14T15:10:04.192Z,2025-12-14T15:10:04.192Z
18,0x0001,true,0x00000000,2025-12-14T15:10:04.192Z,2025-12-14T15:10:04.192Z
16,0x0001,true,0x00000000,2025-12-14T15:10:04.192Z,2025-12-14T15:10:04.192Z
14,0x0001,true,0x00000000,2025-12-14T15:10:04.192Z,2025-12-14T15:10:04.192Z
4,0x000a,5,0x00000000,2025-12-14T15:10:04.192Z,2025-12-14T15:10:04.192Z
3,0x000a,5,0x00000000,2025-12-14T15:10:04.192Z,2025-12-14T15:10:04.192Z
2,0x000a,5,0x00000000,2025-12-14T15:10:04.192Z,2025-12-14T15:10:04.192Z
36,0x000a,0.000359141,0x00000000,2025-12-14T15:10:04.292Z,2025-12-14T15:10:04.292Z
35,0x000a,0.275824,0x00000000,2025-12-14T15:10:04.292Z,2025-12-14T15:10:04.292Z
34,0x000a,8.92217e-09,0x00000000,2025-12-14T15:10:04.292Z,2025-12-14T15:10:04.292Z
23,0x000a,0.000359141,0x00000000,2025-12-14T15:10:04.292Z,2025-12-14T15:10:04.292Z
22,0x000a,0.275824,0x00000000,2025-12-14T15:10:04.292Z,2025-12-14T15:10:04.292Z
21,0x000a,8.92217e-09,0x00000000,2025-12-14T15:10:04.292Z,2025-12-14T15:10:04.292Z
39,0x000a,-0.300207,0x00000000,2025-12-14T15:10:04.489Z,2025-12-14T15:10:04.489Z
38,0x000a,-0.896988,0x00000000,2025-12-14T15:10:04.489Z,2025-12-14T15:10:04.489Z
37,0x000a,-1.69994,0x00000000,2025-12-14T15:10:04.489Z,2025-12-14T15:10:04.489Z
36,0x000a,0.00017957,0x00000000,2025-12-14T15:10:04.489Z,2025-12-14T15:10:04.489Z
35,0x000a,0.137912,0x00000000,2025-12-14T15:10:04.489Z,2025-12-14T15:10:04.489Z
34,0x000a,4.46108e-09,0x00000000,2025-12-14T15:10:04.489Z,2025-12-14T15:10:04.489Z
26,0x000a,9.96998,0x00000000,2025-12-14T15:10:04.390Z,2025-12-14T15:10:04.390Z
26,0x000a,9.75984,0x00000000,2025-12-14T15:10:04.489Z,2025-12-14T15:10:04.489Z
25,0x000a,8.91999,0x00000000,2025-12-14T15:10:04.390Z,2025-12-14T15:10:04.390Z
25,0x000a,8.76989,0x00000000,2025-12-14T15:10:04.489Z,2025-12-14T15:10:04.489Z
24,0x000a,7.99986,0x00000000,2025-12-14T15:10:04.390Z,2025-12-14T15:10:04.390Z
24,0x000a,7.72967,0x00000000,2025-12-14T15:10:04.489Z,2025-12-14T15:10:04.489Z
23,0x000a,0.00017957,0x00000000,2025-12-14T15:10:04.489Z,2025-12-14T15:10:04.489Z
22,0x000a,0.137912,0x00000000,2025-12-14T15:10:04.489Z,2025-12-14T15:10:04.489Z
21,0x000a,4.46108e-09,0x00000000,2025-12-14T15:10:04.489Z,2025-12-14T15:10:04.489Z
8,0x0004,27565,0x00000000,2025-12-14T15:10:04.390Z,2025-12-14T15:10:04.390Z
8,0x0004,26984,0x00000000,2025-12-14T15:10:04.489Z,2025-12-14T15:10:04.489Z
7,0x0004,24662,0x00000000,2025-12-14T15:10:04.390Z,2025-12-14T15:10:04.390Z
7,0x0004,24247,0x00000000,2025-12-14T15:10:04.489Z,2025-12-14T15:10:04.489Z
6,0x0004,22118,0x00000000,2025-12-14T15:10:04.390Z,2025-12-14T15:10:04.390Z
6,0x0004,21371,0x00000000,2025-12-14T15:10:04.489Z,2025-12-14T15:10:04.489Z
39,0x000a,-2.10141,0x00000000,2025-12-14T15:10:04.593Z,2025-12-14T15:10:04.593Z
38,0x000a,-1.50102,0x00000000,2025-12-14T15:10:04.593Z,2025-12-14T15:10:04.593Z
37,0x000a,-2.70182,0x00000000,2025-12-14T15:10:04.593Z,2025-12-14T15:10:04.593Z
36,0x000a,-0.150014,0x00000000,2025-12-14T15:10:04.593Z,2025-12-14T15:10:04.593Z
35,0x000a,-0.379538,0x00000000,2025-12-14T15:10:04.593Z,2025-12-14T15:10:04.593Z
34,0x000a,-0.849972,0x00000000,2025-12-14T15:10:04.593Z,2025-12-14T15:10:04.593Z
26,0x000a,9.5497,0x00000000,2025-12-14T15:10:04.593Z,2025-12-14T15:10:04.593Z
25,0x000a,8.60966,0x00000000,2025-12-14T15:10:04.593Z,2025-12-14T15:10:04.593Z
24,0x000a,7.44973,0x00000000,2025-12-14T15:10:04.593Z,2025-12-14T15:10:04.593Z
23,0x000a,-0.150014,0x00000000,2025-12-14T15:10:04.593Z,2025-12-14T15:10:04.593Z
22,0x000a,-0.379538,0x00000000,2025-12-14T15:10:04.593Z,2025-12-14T15:10:04.593Z
21,0x000a,-0.849972,0x00000000,2025-12-14T15:10:04.593Z,2025-12-14T15:10:04.593Z
8,0x0004,26403,0x00000000,2025-12-14T15:10:04.593Z,2025-12-14T15:10:04.593Z
7,0x0004,23804,0x00000000,2025-12-14T15:10:04.593Z,2025-12-14T15:10:04.593Z
6,0x0004,20597,0x00000000,2025-12-14T15:10:04.593Z,2025-12-14T15:10:04.593Z
39,0x000a,-2.10142,0x00000000,2025-12-14T15:10:04.691Z,2025-12-14T15:10:04.691Z
38,0x000a,-1.60229,0x00000000,2025-12-14T15:10:04.691Z,2025-12-14T15:10:04.691Z
37,0x000a,-2.79948,0x00000000,2025-12-14T15:10:04.691Z,2025-12-14T15:10:04.691Z
36,0x000a,-1.12571,0x00000000,2025-12-14T15:10:04.691Z,2025-12-14T15:10:04.691Z
35,0x000a,-0.940277,0x00000000,2025-12-14T15:10:04.691Z,2025-12-14T15:10:04.691Z
34,0x000a,-1.7759,0x00000000,2025-12-14T15:10:04.691Z,2025-12-14T15:10:04.691Z
26,0x000a,9.32979,0x00000000,2025-12-14T15:10:04.691Z,2025-12-14T15:10:04.691Z
25,0x000a,8.45992,0x00000000,2025-12-14T15:10:04.691Z,2025-12-14T15:10:04.691Z
24,0x000a,7.1799,0x00000000,2025-12-14T15:10:04.691Z,2025-12-14T15:10:04.691Z
23,0x000a,-1.12571,0x00000000,2025-12-14T15:10:04.691Z,2025-12-14T15:10:04.691Z
22,0x000a,-0.940277,0x00000000,2025-12-14T15:10:04.691Z,2025-12-14T15:10:04.691Z
21,0x000a,-1.7759,0x00000000,2025-12-14T15:10:04.691Z,2025-12-14T15:10:04.691Z
8,0x0004,25795,0x00000000,2025-12-14T15:10:04.691Z,2025-12-14T15:10:04.691Z
7,0x0004,23390,0x00000000,2025-12-14T15:10:04.691Z,2025-12-14T15:10:04.691Z
6,0x0004,19851,0x00000000,2025-12-14T15:10:04.691Z,2025-12-14T15:10:04.691Z
39,0x000a,-2.19908,0x00000000,2025-12-14T15:10:04.791Z,2025-12-14T15:10:04.791Z
38,0x000a,-1.49739,0x00000000,2025-12-14T15:10:04.791Z,2025-12-14T15:10:04.791Z
37,0x000a,-2.69821,0x00000000,2025-12-14T15:10:04.791Z,2025-12-14T15:10:04.791Z
36,0x000a,-1.61357,0x00000000,2025-12-14T15:10:04.791Z,2025-12-14T15:10:04.791Z
35,0x000a,-1.27128,0x00000000,2025-12-14T15:10:04.791Z,2025-12-14T15:10:04.791Z
34,0x000a,-2.28769,0x00000000,2025-12-14T15:10:04.791Z,2025-12-14T15:10:04.791Z
26,0x000a,9.07986,0x00000000,2025-12-14T15:10:04.791Z,2025-12-14T15:10:04.791Z
25,0x000a,8.2798,0x00000000,2025-12-14T15:10:04.791Z,2025-12-14T15:10:04.791Z
24,0x000a,6.84968,0x00000000,2025-12-14T15:10:04.791Z,2025-12-14T15:10:04.791Z
23,0x000a,-1.61357,0x00000000,2025-12-14T15:10:04.791Z,2025-12-14T15:10:04.791Z
22,0x000a,-1.27128,0x00000000,2025-12-14T15:10:04.791Z,2025-12-14T15:10:04.791Z
21,0x000a,-2.28769,0x00000000,2025-12-14T15:10:04.791Z,2025-12-14T15:10:04.791Z
8,0x0004,25104,0x00000000,2025-12-14T15:10:04.791Z,2025-12-14T15:10:04.791Z
7,0x0004,22892,0x00000000,2025-12-14T15:10:04.791Z,2025-12-14T15:10:04.791Z
6,0x0004,18938,0x00000000,2025-12-14T15:10:04.791Z,2025-12-14T15:10:04.791Z
39,0x000a,-2.49928,0x00000000,2025-12-14T15:10:04.892Z,2025-12-14T15:10:04.892Z
38,0x000a,-1.80121,0x00000000,2025-12-14T15:10:04.892Z,2025-12-14T15:10:04.892Z
37,0x000a,-3.30223,0x00000000,2025-12-14T15:10:04.892Z,2025-12-14T15:10:04.892Z
36,0x000a,-1.90632,0x00000000,2025-12-14T15:10:04.892Z,2025-12-14T15:10:04.892Z
35,0x000a,-1.38434,0x00000000,2025-12-14T15:10:04.892Z,2025-12-14T15:10:04.892Z
34,0x000a,-2.49295,0x00000000,2025-12-14T15:10:04.892Z,2025-12-14T15:10:04.892Z
23,0x000a,-1.90632,0x00000000,2025-12-14T15:10:04.892Z,2025-12-14T15:10:04.892Z
22,0x000a,-1.38434,0x00000000,2025-12-14T15:10:04.892Z,2025-12-14T15:10:04.892Z
21,0x000a,-2.49295,0x00000000,2025-12-14T15:10:04.892Z,2025-12-14T15:10:04.892Z
39,0x000a,-2.10141,0x00000000,2025-12-14T15:10:04.990Z,2025-12-14T15:10:04.990Z
38,0x000a,-1.59867,0x00000000,2025-12-14T15:10:04.990Z,2025-12-14T15:10:04.990Z
37,0x000a,-2.79948,0x00000000,2025-12-14T15:10:04.990Z,2025-12-14T15:10:04.990Z
36,0x000a,-2.2028,0x00000000,2025-12-14T15:10:04.990Z,2025-12-14T15:10:04.990Z
35,0x000a,-1.59278,0x00000000,2025-12-14T15:10:04.990Z,2025-12-14T15:10:04.990Z
34,0x000a,-2.89759,0x00000000,2025-12-14T15:10:04.990Z,2025-12-14T15:10:04.990Z
26,0x000a,8.86972,0x00000000,2025-12-14T15:10:04.990Z,2025-12-14T15:10:04.990Z
25,0x000a,8.11994,0x00000000,2025-12-14T15:10:04.990Z,2025-12-14T15:10:04.990Z
24,0x000a,6.56973,0x00000000,2025-12-14T15:10:04.990Z,2025-12-14T15:10:04.990Z
23,0x000a,-2.2028,0x00000000,2025-12-14T15:10:04.990Z,2025-12-14T15:10:04.990Z
22,0x000a,-1.59278,0x00000000,2025-12-14T15:10:04.990Z,2025-12-14T15:10:04.990Z
21,0x000a,-2.89759,0x00000000,2025-12-14T15:10:04.990Z,2025-12-14T15:10:04.990Z
8,0x0004,24523,0x00000000,2025-12-14T15:10:04.990Z,2025-12-14T15:10:04.990Z
7,0x0004,22450,0x00000000,2025-12-14T15:10:04.990Z,2025-12-14T15:10:04.990Z
6,0x0004,18164,0x00000000,2025-12-14T15:10:04.990Z,2025-12-14T15:10:04.990Z
39,0x000a,-2.19908,0x00000000,2025-12-14T15:10:05.092Z,2025-12-14T15:10:05.092Z
38,0x000a,-1.50101,0x00000000,2025-12-14T15:10:05.092Z,2025-12-14T15:10:05.092Z
36,0x000a,-2.15211,0x00000000,2025-12-14T15:10:05.092Z,2025-12-14T15:10:05.092Z
35,0x000a,-1.59572,0x00000000,2025-12-14T15:10:05.092Z,2025-12-14T15:10:05.092Z
34,0x000a,-2.84853,0x00000000,2025-12-14T15:10:05.092Z,2025-12-14T15:10:05.092Z
26,0x000a,8.64981,0x00000000,2025-12-14T15:10:05.092Z,2025-12-14T15:10:05.092Z
25,0x000a,7.96983,0x00000000,2025-12-14T15:10:05.092Z,2025-12-14T15:10:05.092Z
24,0x000a,6.28979,0x00000000,2025-12-14T15:10:05.092Z,2025-12-14T15:10:05.092Z
23,0x000a,-2.15211,0x00000000,2025-12-14T15:10:05.092Z,2025-12-14T15:10:05.092Z
22,0x000a,-1.59572,0x00000000,2025-12-14T15:10:05.092Z,2025-12-14T15:10:05.092Z
21,0x000a,-2.84853,0x00000000,2025-12-14T15:10:05.092Z,2025-12-14T15:10:05.092Z
8,0x0004,23915,0x00000000,2025-12-14T15:10:05.092Z,2025-12-14T15:10:05.092Z
7,0x0004,22035,0x00000000,2025-12-14T15:10:05.092Z,2025-12-14T15:10:05.092Z
6,0x0004,17390,0x00000000,2025-12-14T15:10:05.092Z,2025-12-14T15:10:05.092Z
26,0x000a,8.43967,0x00000000,2025-12-14T15:10:05.192Z,2025-12-14T15:10:05.192Z
25,0x000a,7.81973,0x00000000,2025-12-14T15:10:05.192Z,2025-12-14T15:10:05.192Z
24,0x000a,6.01997,0x00000000,2025-12-14T15:10:05.192Z,2025-12-14T15:10:05.192Z
8,0x0004,23334,0x00000000,2025-12-14T15:10:05.192Z,2025-12-14T15:10:05.192Z
7,0x0004,21620,0x00000000,2025-12-14T15:10:05.192Z,2025-12-14T15:10:05.192Z
6,0x0004,16644,0x00000000,2025-12-14T15:10:05.192Z,2025-12-14T15:10:05.192Z
39,0x000a,-4.19922,0x00000000,2025-12-14T15:10:05.289Z,2025-12-14T15:10:05.289Z
38,0x000a,-3.09968,0x00000000,2025-12-14T15:10:05.289Z,2025-12-14T15:10:05.289Z
37,0x000a,-5.5013,0x00000000,2025-12-14T15:10:05.289Z,2025-12-14T15:10:05.289Z
36,0x000a,-2.17559,0x00000000,2025-12-14T15:10:05.289Z,2025-12-14T15:10:05.289Z
35,0x000a,-1.54837,0x00000000,2025-12-14T15:10:05.289Z,2025-12-14T15:10:05.289Z
34,0x000a,-2.82401,0x00000000,2025-12-14T15:10:05.289Z,2025-12-14T15:10:05.289Z
26,0x000a,8.22989,0x00000000,2025-12-14T15:10:05.289Z,2025-12-14T15:10:05.289Z
25,0x000a,7.65987,0x00000000,2025-12-14T15:10:05.289Z,2025-12-14T15:10:05.289Z
24,0x000a,5.73966,0x00000000,2025-12-14T15:10:05.289Z,2025-12-14T15:10:05.289Z
23,0x000a,-2.17559,0x00000000,2025-12-14T15:10:05.289Z,2025-12-14T15:10:05.289Z
22,0x000a,-1.54837,0x00000000,2025-12-14T15:10:05.289Z,2025-12-14T15:10:05.289Z
21,0x000a,-2.82401,0x00000000,2025-12-14T15:10:05.289Z,2025-12-14T15:10:05.289Z
8,0x0004,22754,0x00000000,2025-12-14T15:10:05.289Z,2025-12-14T15:10:05.289Z
7,0x0004,21178,0x00000000,2025-12-14T15:10:05.289Z,2025-12-14T15:10:05.289Z
6,0x0004,15869,0x00000000,2025-12-14T15:10:05.289Z,2025-12-14T15:10:05.289Z
39,0x000a,-2.19908,0x00000000,2025-12-14T15:10:05.393Z,2025-12-14T15:10:05.393Z
38,0x000a,-1.50101,0x00000000,2025-12-14T15:10:05.393Z,2025-12-14T15:10:05.393Z
37,0x000a,-2.69821,0x00000000,2025-12-14T15:10:05.393Z,2025-12-14T15:10:05.393Z
36,0x000a,-3.18741,0x00000000,2025-12-14T15:10:05.393Z,2025-12-14T15:10:05.393Z
35,0x000a,-2.32402,0x00000000,2025-12-14T15:10:05.393Z,2025-12-14T15:10:05.393Z
34,0x000a,-4.16265,0x00000000,2025-12-14T15:10:05.393Z,2025-12-14T15:10:05.393Z
26,0x000a,8.00998,0x00000000,2025-12-14T15:10:05.393Z,2025-12-14T15:10:05.393Z
25,0x000a,7.50977,0x00000000,2025-12-14T15:10:05.393Z,2025-12-14T15:10:05.393Z
24,0x000a,5.46983,0x00000000,2025-12-14T15:10:05.393Z,2025-12-14T15:10:05.393Z
23,0x000a,-3.18741,0x00000000,2025-12-14T15:10:05.393Z,2025-12-14T15:10:05.393Z
22,0x000a,-2.32402,0x00000000,2025-12-14T15:10:05.393Z,2025-12-14T15:10:05.393Z
21,0x000a,-4.16265,0x00000000,2025-12-14T15:10:05.393Z,2025-12-14T15:10:05.393Z
8,0x0004,22146,0x00000000,2025-12-14T15:10:05.393Z,2025-12-14T15:10:05.393Z
7,0x0004,20763,0x00000000,2025-12-14T15:10:05.393Z,2025-12-14T15:10:05.393Z
6,0x0004,15123,0x00000000,2025-12-14T15:10:05.393Z,2025-12-14T15:10:05.393Z
39,0x000a,-2.10141,0x00000000,2025-12-14T15:10:05.490Z,2025-12-14T15:10:05.490Z
37,0x000a,-2.79948,0x00000000,2025-12-14T15:10:05.490Z,2025-12-14T15:10:05.490Z
36,0x000a,-2.69324,0x00000000,2025-12-14T15:10:05.490Z,2025-12-14T15:10:05.490Z
35,0x000a,-1.91252,0x00000000,2025-12-14T15:10:05.490Z,2025-12-14T15:10:05.490Z
34,0x000a,-3.43043,0x00000000,2025-12-14T15:10:05.490Z,2025-12-14T15:10:05.490Z
26,0x000a,7.79984,0x00000000,2025-12-14T15:10:05.490Z,2025-12-14T15:10:05.490Z
25,0x000a,7.35966,0x00000000,2025-12-14T15:10:05.490Z,2025-12-14T15:10:05.490Z
24,0x000a,5.18989,0x00000000,2025-12-14T15:10:05.490Z,2025-12-14T15:10:05.490Z
23,0x000a,-2.69324,0x00000000,2025-12-14T15:10:05.490Z,2025-12-14T15:10:05.490Z
22,0x000a,-1.91252,0x00000000,2025-12-14T15:10:05.490Z,2025-12-14T15:10:05.490Z
21,0x000a,-3.43043,0x00000000,2025-12-14T15:10:05.490Z,2025-12-14T15:10:05.490Z
14,0x0001,false,0x00000000,2025-12-14T15:10:05.490Z,2025-12-14T15:10:05.490Z
8,0x0004,21565,0x00000000,2025-12-14T15:10:05.490Z,2025-12-14T15:10:05.490Z
7,0x0004,20348,0x00000000,2025-12-14T15:10:05.490Z,2025-12-14T15:10:05.490Z
6,0x0004,14349,0x00000000,2025-12-14T15:10:05.490Z,2025-12-14T15:10:05.490Z
39,0x000a,-2.60055,0x00000000,2025-12-14T15:10:05.591Z,2025-12-14T15:10:05.591Z
38,0x000a,-1.89888,0x00000000,2025-12-14T15:10:05.591Z,2025-12-14T15:10:05.591Z
37,0x000a,-3.30223,0x00000000,2025-12-14T15:10:05.591Z,2025-12-14T15:10:05.591Z
36,0x000a,-2.39733,0x00000000,2025-12-14T15:10:05.591Z,2025-12-14T15:10:05.591Z
35,0x000a,-1.70676,0x00000000,2025-12-14T15:10:05.591Z,2025-12-14T15:10:05.591Z
34,0x000a,-3.11495,0x00000000,2025-12-14T15:10:05.591Z,2025-12-14T15:10:05.591Z
26,0x000a,7.53979,0x00000000,2025-12-14T15:10:05.591Z,2025-12-14T15:10:05.591Z
25,0x000a,7.16978,0x00000000,2025-12-14T15:10:05.591Z,2025-12-14T15:10:05.591Z
24,0x000a,4.85966,0x00000000,2025-12-14T15:10:05.591Z,2025-12-14T15:10:05.591Z
23,0x000a,-2.39733,0x00000000,2025-12-14T15:10:05.591Z,2025-12-14T15:10:05.591Z
22,0x000a,-1.70676,0x00000000,2025-12-14T15:10:05.591Z,2025-12-14T15:10:05.591Z
21,0x000a,-3.11495,0x00000000,2025-12-14T15:10:05.591Z,2025-12-14T15:10:05.591Z
8,0x0004,20846,0x00000000,2025-12-14T15:10:05.591Z,2025-12-14T15:10:05.591Z
7,0x0004,19823,0x00000000,2025-12-14T15:10:05.591Z,2025-12-14T15:10:05.591Z
6,0x0004,13436,0x00000000,2025-12-14T15:10:05.591Z,2025-12-14T15:10:05.591Z
39,0x000a,-2.10142,0x00000000,2025-12-14T15:10:05.690Z,2025-12-14T15:10:05.690Z
38,0x000a,-1.50101,0x00000000,2025-12-14T15:10:05.690Z,2025-12-14T15:10:05.690Z
37,0x000a,-1.09954,0x00000000,2025-12-14T15:10:05.690Z,2025-12-14T15:10:05.690Z
36,0x000a,-2.49894,0x00000000,2025-12-14T15:10:05.690Z,2025-12-14T15:10:05.690Z
35,0x000a,-1.80282,0x00000000,2025-12-14T15:10:05.690Z,2025-12-14T15:10:05.690Z
34,0x000a,-3.20859,0x00000000,2025-12-14T15:10:05.690Z,2025-12-14T15:10:05.690Z
26,0x000a,7.32964,0x00000000,2025-12-14T15:10:05.690Z,2025-12-14T15:10:05.690Z
25,0x000a,7.01968,0x00000000,2025-12-14T15:10:05.690Z,2025-12-14T15:10:05.690Z
24,0x000a,4.74971,0x00000000,2025-12-14T15:10:05.690Z,2025-12-14T15:10:05.690Z
23,0x000a,-2.49894,0x00000000,2025-12-14T15:10:05.690Z,2025-12-14T15:10:05.690Z
22,0x000a,-1.80282,0x00000000,2025-12-14T15:10:05.690Z,2025-12-14T15:10:05.690Z
21,0x000a,-3.20859,0x00000000,2025-12-14T15:10:05.690Z,2025-12-14T15:10:05.690Z
8,0x0004,20265,0x00000000,2025-12-14T15:10:05.690Z,2025-12-14T15:10:05.690Z
7,0x0004,19408,0x00000000,2025-12-14T15:10:05.690Z,2025-12-14T15:10:05.690Z
6,0x0004,13132,0x00000000,2025-12-14T15:10:05.690Z,2025-12-14T15:10:05.690Z
39,0x000a,-2.0978,0x00000000,2025-12-14T15:10:05.791Z,2025-12-14T15:10:05.791Z
38,0x000a,-1.4974,0x00000000,2025-12-14T15:10:05.791Z,2025-12-14T15:10:05.791Z
37,0x000a,0,0x00000000,2025-12-14T15:10:05.791Z,2025-12-14T15:10:05.791Z
36,0x000a,-2.30018,0x00000000,2025-12-14T15:10:05.791Z,2025-12-14T15:10:05.791Z
35,0x000a,-1.65192,0x00000000,2025-12-14T15:10:05.791Z,2025-12-14T15:10:05.791Z
34,0x000a,-2.15406,0x00000000,2025-12-14T15:10:05.791Z,2025-12-14T15:10:05.791Z
26,0x000a,7.11986,0x00000000,2025-12-14T15:10:05.791Z,2025-12-14T15:10:05.791Z
25,0x000a,6.86994,0x00000000,2025-12-14T15:10:05.791Z,2025-12-14T15:10:05.791Z
23,0x000a,-2.30018,0x00000000,2025-12-14T15:10:05.791Z,2025-12-14T15:10:05.791Z
22,0x000a,-1.65192,0x00000000,2025-12-14T15:10:05.791Z,2025-12-14T15:10:05.791Z
21,0x000a,-2.15406,0x00000000,2025-12-14T15:10:05.791Z,2025-12-14T15:10:05.791Z
8,0x0004,19685,0x00000000,2025-12-14T15:10:05.791Z,2025-12-14T15:10:05.791Z
7,0x0004,18994,0x00000000,2025-12-14T15:10:05.791Z,2025-12-14T15:10:05.791Z
39,0x000a,-2.19907,0x00000000,2025-12-14T15:10:05.892Z,2025-12-14T15:10:05.892Z
38,0x000a,-1.60228,0x00000000,2025-12-14T15:10:05.892Z,2025-12-14T15:10:05.892Z
36,0x000a,-2.19899,0x00000000,2025-12-14T15:10:05.892Z,2025-12-14T15:10:05.892Z
35,0x000a,-1.57466,0x00000000,2025-12-14T15:10:05.892Z,2025-12-14T15:10:05.892Z
34,0x000a,-1.07703,0x00000000,2025-12-14T15:10:05.892Z,2025-12-14T15:10:05.892Z
26,0x000a,6.89996,0x00000000,2025-12-14T15:10:05.892Z,2025-12-14T15:10:05.892Z
25,0x000a,6.70971,0x00000000,2025-12-14T15:10:05.892Z,2025-12-14T15:10:05.892Z
23,0x000a,-2.19899,0x00000000,2025-12-14T15:10:05.892Z,2025-12-14T15:10:05.892Z
22,0x000a,-1.57466,0x00000000,2025-12-14T15:10:05.892Z,2025-12-14T15:10:05.892Z
21,0x000a,-1.07703,0x00000000,2025-12-14T15:10:05.892Z,2025-12-14T15:10:05.892Z
8,0x0004,19077,0x00000000,2025-12-14T15:10:05.892Z,2025-12-14T15:10:05.892Z
7,0x0004,18551,0x00000000,2025-12-14T15:10:05.892Z,2025-12-14T15:10:05.892Z
40,0x0001,true,0x00000000,2025-12-14T15:10:05.991Z,2025-12-14T15:10:05.991Z
36,0x000a,-2.19903,0x00000000,2025-12-14T15:10:05.991Z,2025-12-14T15:10:05.991Z
35,0x000a,-1.58847,0x00000000,2025-12-14T15:10:05.991Z,2025-12-14T15:10:05.991Z
34,0x000a,-0.538516,0x00000000,2025-12-14T15:10:05.991Z,2025-12-14T15:10:05.991Z
26,0x000a,6.68981,0x00000000,2025-12-14T15:10:05.991Z,2025-12-14T15:10:05.991Z
25,0x000a,6.55997,0x00000000,2025-12-14T15:10:05.991Z,2025-12-14T15:10:05.991Z
23,0x000a,-2.19903,0x00000000,2025-12-14T15:10:05.991Z,2025-12-14T15:10:05.991Z
22,0x000a,-1.58847,0x00000000,2025-12-14T15:10:05.991Z,2025-12-14T15:10:05.991Z
21,0x000a,-0.538516,0x00000000,2025-12-14T15:10:05.991Z,2025-12-14T15:10:05.991Z
8,0x0004,18496,0x00000000,2025-12-14T15:10:05.991Z,2025-12-14T15:10:05.991Z
7,0x0004,18137,0x00000000,2025-12-14T15:10:05.991Z,2025-12-14T15:10:05.991Z
39,0x000a,-2.10142,0x00000000,2025-12-14T15:10:06.091Z,2025-12-14T15:10:06.091Z
39,0x000a,-2.10142,0x00000000,2025-12-14T15:10:06.191Z,2025-12-14T15:10:06.191Z
38,0x000a,-1.4974,0x00000000,2025-12-14T15:10:06.091Z,2025-12-14T15:10:06.091Z
38,0x000a,-1.50101,0x00000000,2025-12-14T15:10:06.191Z,2025-12-14T15:10:06.191Z
36,0x000a,-2.15023,0x00000000,2025-12-14T15:10:06.191Z,2025-12-14T15:10:06.191Z
35,0x000a,-1.54293,0x00000000,2025-12-14T15:10:06.191Z,2025-12-14T15:10:06.191Z
34,0x000a,-0.269258,0x00000000,2025-12-14T15:10:06.191Z,2025-12-14T15:10:06.191Z
26,0x000a,6.47967,0x00000000,2025-12-14T15:10:06.091Z,2025-12-14T15:10:06.091Z
26,0x000a,6.21998,0x00000000,2025-12-14T15:10:06.191Z,2025-12-14T15:10:06.191Z
25,0x000a,6.40987,0x00000000,2025-12-14T15:10:06.091Z,2025-12-14T15:10:06.091Z
25,0x000a,6.21998,0x00000000,2025-12-14T15:10:06.191Z,2025-12-14T15:10:06.191Z
23,0x000a,-2.15023,0x00000000,2025-12-14T15:10:06.191Z,2025-12-14T15:10:06.191Z
22,0x000a,-1.54293,0x00000000,2025-12-14T15:10:06.191Z,2025-12-14T15:10:06.191Z
21,0x000a,-0.269258,0x00000000,2025-12-14T15:10:06.191Z,2025-12-14T15:10:06.191Z
8,0x0004,17915,0x00000000,2025-12-14T15:10:06.091Z,2025-12-14T15:10:06.091Z
8,0x0004,17197,0x00000000,2025-12-14T15:10:06.191Z,2025-12-14T15:10:06.191Z
7,0x0004,17722,0x00000000,2025-12-14T15:10:06.091Z,2025-12-14T15:10:06.091Z
7,0x0004,17197,0x00000000,2025-12-14T15:10:06.191Z,2025-12-14T15:10:06.191Z
39,0x000a,-2.59693,0x00000000,2025-12-14T15:10:06.291Z,2025-12-14T15:10:06.291Z
38,0x000a,-1.89887,0x00000000,2025-12-14T15:10:06.291Z,2025-12-14T15:10:06.291Z
36,0x000a,-2.12582,0x00000000,2025-12-14T15:10:06.291Z,2025-12-14T15:10:06.291Z
35,0x000a,-1.52197,0x00000000,2025-12-14T15:10:06.291Z,2025-12-14T15:10:06.291Z
34,0x000a,-0.134629,0x00000000,2025-12-14T15:10:06.291Z,2025-12-14T15:10:06.291Z
26,0x000a,6.00984,0x00000000,2025-12-14T15:10:06.291Z,2025-12-14T15:10:06.291Z
25,0x000a,6.06988,0x00000000,2025-12-14T15:10:06.291Z,2025-12-14T15:10:06.291Z
23,0x000a,-2.12582,0x00000000,2025-12-14T15:10:06.291Z,2025-12-14T15:10:06.291Z
22,0x000a,-1.52197,0x00000000,2025-12-14T15:10:06.291Z,2025-12-14T15:10:06.291Z
21,0x000a,-0.134629,0x00000000,2025-12-14T15:10:06.291Z,2025-12-14T15:10:06.291Z
8,0x0004,16616,0x00000000,2025-12-14T15:10:06.291Z,2025-12-14T15:10:06.291Z
7,0x0004,16782,0x00000000,2025-12-14T15:10:06.291Z,2025-12-14T15:10:06.291Z
39,0x000a,-4.20284,0x00000000,2025-12-14T15:10:06.391Z,2025-12-14T15:10:06.391Z
38,0x000a,-3.1033,0x00000000,2025-12-14T15:10:06.391Z,2025-12-14T15:10:06.391Z
36,0x000a,-2.36138,0x00000000,2025-12-14T15:10:06.391Z,2025-12-14T15:10:06.391Z
35,0x000a,-1.71042,0x00000000,2025-12-14T15:10:06.391Z,2025-12-14T15:10:06.391Z
34,0x000a,-0.0673145,0x00000000,2025-12-14T15:10:06.391Z,2025-12-14T15:10:06.391Z
26,0x000a,5.7997,0x00000000,2025-12-14T15:10:06.391Z,2025-12-14T15:10:06.391Z
25,0x000a,5.90965,0x00000000,2025-12-14T15:10:06.391Z,2025-12-14T15:10:06.391Z
23,0x000a,-2.36138,0x00000000,2025-12-14T15:10:06.391Z,2025-12-14T15:10:06.391Z
22,0x000a,-1.71042,0x00000000,2025-12-14T15:10:06.391Z,2025-12-14T15:10:06.391Z
21,0x000a,-0.0673145,0x00000000,2025-12-14T15:10:06.391Z,2025-12-14T15:10:06.391Z
8,0x0004,16035,0x00000000,2025-12-14T15:10:06.391Z,2025-12-14T15:10:06.391Z
7,0x0004,16339,0x00000000,2025-12-14T15:10:06.391Z,2025-12-14T15:10:06.391Z
39,0x000a,-2.19907,0x00000000,2025-12-14T15:10:06.493Z,2025-12-14T15:10:06.493Z
38,0x000a,-1.4974,0x00000000,2025-12-14T15:10:06.493Z,2025-12-14T15:10:06.493Z
36,0x000a,-3.28211,0x00000000,2025-12-14T15:10:06.493Z,2025-12-14T15:10:06.493Z
35,0x000a,-2.40686,0x00000000,2025-12-14T15:10:06.493Z,2025-12-14T15:10:06.493Z
34,0x000a,-0.0336573,0x00000000,2025-12-14T15:10:06.493Z,2025-12-14T15:10:06.493Z
26,0x000a,5.57979,0x00000000,2025-12-14T15:10:06.493Z,2025-12-14T15:10:06.493Z
25,0x000a,5.75991,0x00000000,2025-12-14T15:10:06.493Z,2025-12-14T15:10:06.493Z
23,0x000a,-3.28211,0x00000000,2025-12-14T15:10:06.493Z,2025-12-14T15:10:06.493Z
22,0x000a,-2.40686,0x00000000,2025-12-14T15:10:06.493Z,2025-12-14T15:10:06.493Z
21,0x000a,-0.0336573,0x00000000,2025-12-14T15:10:06.493Z,2025-12-14T15:10:06.493Z
8,0x0004,15427,0x00000000,2025-12-14T15:10:06.493Z,2025-12-14T15:10:06.493Z
7,0x0004,15925,0x00000000,2025-12-14T15:10:06.493Z,2025-12-14T15:10:06.493Z
39,0x000a,-2.10142,0x00000000,2025-12-14T15:10:06.594Z,2025-12-14T15:10:06.594Z
38,0x000a,-1.50101,0x00000000,2025-12-14T15:10:06.594Z,2025-12-14T15:10:06.594Z
36,0x000a,-2.74059,0x00000000,2025-12-14T15:10:06.594Z,2025-12-14T15:10:06.594Z
35,0x000a,-1.95213,0x00000000,2025-12-14T15:10:06.594Z,2025-12-14T15:10:06.594Z
34,0x000a,-0.0168286,0x00000000,2025-12-14T15:10:06.594Z,2025-12-14T15:10:06.594Z
26,0x000a,5.36965,0x00000000,2025-12-14T15:10:06.594Z,2025-12-14T15:10:06.594Z
25,0x000a,5.60981,0x00000000,2025-12-14T15:10:06.594Z,2025-12-14T15:10:06.594Z
23,0x000a,-2.74059,0x00000000,2025-12-14T15:10:06.594Z,2025-12-14T15:10:06.594Z
22,0x000a,-1.95213,0x00000000,2025-12-14T15:10:06.594Z,2025-12-14T15:10:06.594Z
21,0x000a,-0.0168286,0x00000000,2025-12-14T15:10:06.594Z,2025-12-14T15:10:06.594Z
8,0x0004,14846,0x00000000,2025-12-14T15:10:06.594Z,2025-12-14T15:10:06.594Z
7,0x0004,15510,0x00000000,2025-12-14T15:10:06.594Z,2025-12-14T15:10:06.594Z
39,0x000a,-2.59694,0x00000000,2025-12-14T15:10:06.692Z,2025-12-14T15:10:06.692Z
38,0x000a,-1.89887,0x00000000,2025-12-14T15:10:06.692Z,2025-12-14T15:10:06.692Z
36,0x000a,-2.421,0x00000000,2025-12-14T15:10:06.692Z,2025-12-14T15:10:06.692Z
35,0x000a,-1.72657,0x00000000,2025-12-14T15:10:06.692Z,2025-12-14T15:10:06.692Z
34,0x000a,-0.00841431,0x00000000,2025-12-14T15:10:06.692Z,2025-12-14T15:10:06.692Z
26,0x000a,5.10995,0x00000000,2025-12-14T15:10:06.692Z,2025-12-14T15:10:06.692Z
25,0x000a,5.41992,0x00000000,2025-12-14T15:10:06.692Z,2025-12-14T15:10:06.692Z
23,0x000a,-2.421,0x00000000,2025-12-14T15:10:06.692Z,2025-12-14T15:10:06.692Z
22,0x000a,-1.72657,0x00000000,2025-12-14T15:10:06.692Z,2025-12-14T15:10:06.692Z
21,0x000a,-0.00841431,0x00000000,2025-12-14T15:10:06.692Z,2025-12-14T15:10:06.692Z
18,0x0001,false,0x00000000,2025-12-14T15:10:06.692Z,2025-12-14T15:10:06.692Z
8,0x0004,14128,0x00000000,2025-12-14T15:10:06.692Z,2025-12-14T15:10:06.692Z
7,0x0004,14985,0x00000000,2025-12-14T15:10:06.692Z,2025-12-14T15:10:06.692Z
36,0x000a,-2.50897,0x00000000,2025-12-14T15:10:06.791Z,2025-12-14T15:10:06.791Z
35,0x000a,-1.81272,0x00000000,2025-12-14T15:10:06.791Z,2025-12-14T15:10:06.791Z
34,0x000a,-0.00420716,0x00000000,2025-12-14T15:10:06.791Z,2025-12-14T15:10:06.791Z
26,0x000a,4.89981,0x00000000,2025-12-14T15:10:06.791Z,2025-12-14T15:10:06.791Z
25,0x000a,5.26982,0x00000000,2025-12-14T15:10:06.791Z,2025-12-14T15:10:06.791Z
23,0x000a,-2.50897,0x00000000,2025-12-14T15:10:06.791Z,2025-12-14T15:10:06.791Z
22,0x000a,-1.81272,0x00000000,2025-12-14T15:10:06.791Z,2025-12-14T15:10:06.791Z
21,0x000a,-0.00420716,0x00000000,2025-12-14T15:10:06.791Z,2025-12-14T15:10:06.791Z
16,0x0001,false,0x00000000,2025-12-14T15:10:06.791Z,2025-12-14T15:10:06.791Z
8,0x0004,13547,0x00000000,2025-12-14T15:10:06.791Z,2025-12-14T15:10:06.791Z
7,0x0004,14570,0x00000000,2025-12-14T15:10:06.791Z,2025-12-14T15:10:06.791Z
39,0x000a,-2.10142,0x00000000,2025-12-14T15:10:06.892Z,2025-12-14T15:10:06.892Z
38,0x000a,-1.50101,0x00000000,2025-12-14T15:10:06.892Z,2025-12-14T15:10:06.892Z
26,0x000a,4.81988,0x00000000,2025-12-14T15:10:06.892Z,2025-12-14T15:10:06.892Z
25,0x000a,5.11972,0x00000000,2025-12-14T15:10:06.892Z,2025-12-14T15:10:06.892Z
8,0x0004,13326,0x00000000,2025-12-14T15:10:06.892Z,2025-12-14T15:10:06.892Z
7,0x0004,14155,0x00000000,2025-12-14T15:10:06.892Z,2025-12-14T15:10:06.892Z
39,0x000a,-0.799332,0x00000000,2025-12-14T15:10:06.990Z,2025-12-14T15:10:06.990Z
38,0x000a,-1.50102,0x00000000,2025-12-14T15:10:06.990Z,2025-12-14T15:10:06.990Z
36,0x000a,-2.30519,0x00000000,2025-12-14T15:10:06.990Z,2025-12-14T15:10:06.990Z
35,0x000a,-1.65687,0x00000000,2025-12-14T15:10:06.990Z,2025-12-14T15:10:06.990Z
34,0x000a,-0.00210358,0x00000000,2025-12-14T15:10:06.990Z,2025-12-14T15:10:06.990Z
29,0x0004,27000,0x00000000,2025-12-14T15:10:06.990Z,2025-12-14T15:10:06.990Z
25,0x000a,5.05968,0x00000000,2025-12-14T15:10:06.990Z,2025-12-14T15:10:06.990Z
23,0x000a,-2.30519,0x00000000,2025-12-14T15:10:06.990Z,2025-12-14T15:10:06.990Z
22,0x000a,-1.65687,0x00000000,2025-12-14T15:10:06.990Z,2025-12-14T15:10:06.990Z
21,0x000a,-0.00210358,0x00000000,2025-12-14T15:10:06.990Z,2025-12-14T15:10:06.990Z
7,0x0004,13989,0x00000000,2025-12-14T15:10:06.990Z,2025-12-14T15:10:06.990Z
39,0x000a,0,0x00000000,2025-12-14T15:10:07.093Z,2025-12-14T15:10:07.093Z
38,0x000a,-0.600405,0x00000000,2025-12-14T15:10:07.093Z,2025-12-14T15:10:07.093Z
36,0x000a,-1.55226,0x00000000,2025-12-14T15:10:07.093Z,2025-12-14T15:10:07.093Z
35,0x000a,-1.57894,0x00000000,2025-12-14T15:10:07.093Z,2025-12-14T15:10:07.093Z
34,0x000a,-0.00105179,0x00000000,2025-12-14T15:10:07.093Z,2025-12-14T15:10:07.093Z
23,0x000a,-1.55226,0x00000000,2025-12-14T15:10:07.093Z,2025-12-14T15:10:07.093Z
22,0x000a,-1.57894,0x00000000,2025-12-14T15:10:07.093Z,2025-12-14T15:10:07.093Z
21,0x000a,-0.00105179,0x00000000,2025-12-14T15:10:07.093Z,2025-12-14T15:10:07.093Z
42,0x0001,true,0x00000000,2025-12-14T15:10:07.189Z,2025-12-14T15:10:07.189Z
38,0x000a,0,0x00000000,2025-12-14T15:10:07.189Z,2025-12-14T15:10:07.189Z
36,0x000a,-0.776131,0x00000000,2025-12-14T15:10:07.189Z,2025-12-14T15:10:07.189Z
35,0x000a,-1.08967,0x00000000,2025-12-14T15:10:07.189Z,2025-12-14T15:10:07.189Z
34,0x000a,-0.000525895,0x00000000,2025-12-14T15:10:07.189Z,2025-12-14T15:10:07.189Z
23,0x000a,-0.776131,0x00000000,2025-12-14T15:10:07.189Z,2025-12-14T15:10:07.189Z
22,0x000a,-1.08967,0x00000000,2025-12-14T15:10:07.189Z,2025-12-14T15:10:07.189Z
21,0x000a,-0.000525895,0x00000000,2025-12-14T15:10:07.189Z,2025-12-14T15:10:07.189Z
42,0x0001,false,0x00000000,2025-12-14T15:10:07.291Z,2025-12-14T15:10:07.291Z
40,0x0001,false,0x00000000,2025-12-14T15:10:07.291Z,2025-12-14T15:10:07.291Z
36,0x000a,-0.388066,0x00000000,2025-12-14T15:10:07.291Z,2025-12-14T15:10:07.291Z
35,0x000a,-0.544837,0x00000000,2025-12-14T15:10:07.291Z,2025-12-14T15:10:07.291Z
34,0x000a,-0.000262947,0x00000000,2025-12-14T15:10:07.291Z,2025-12-14T15:10:07.291Z
23,0x000a,-0.388066,0x00000000,2025-12-14T15:10:07.291Z,2025-12-14T15:10:07.291Z
22,0x000a,-0.544837,0x00000000,2025-12-14T15:10:07.291Z,2025-12-14T15:10:07.291Z
21,0x000a,-0.000262947,0x00000000,2025-12-14T15:10:07.291Z,2025-12-14T15:10:07.291Z
18,0x0001,true,0x00000000,2025-12-14T15:10:07.291Z,2025-12-14T15:10:07.291Z
16,0x0001,true,0x00000000,2025-12-14T15:10:07.291Z,2025-12-14T15:10:07.291Z
14,0x0001,true,0x00000000,2025-12-14T15:10:07.291Z,2025-12-14T15:10:07.291Z
4,0x000a,0,0x00000000,2025-12-14T15:10:07.291Z,2025-12-14T15:10:07.291Z
3,0x000a,0,0x00000000,2025-12-14T15:10:07.291Z,2025-12-14T15:10:07.291Z
2,0x000a,0,0x00000000,2025-12-14T15:10:07.291Z,2025-12-14T15:10:07.291Z
36,0x000a,-0.194033,0x00000000,2025-12-14T15:10:07.391Z,2025-12-14T15:10:07.391Z
35,0x000a,-0.272418,0x00000000,2025-12-14T15:10:07.391Z,2025-12-14T15:10:07.391Z
34,0x000a,-0.000131474,0x00000000,2025-12-14T15:10:07.391Z,2025-12-14T15:10:07.391Z
23,0x000a,-0.194033,0x00000000,2025-12-14T15:10:07.391Z,2025-12-14T15:10:07.391Z
22,0x000a,-0.272418,0x00000000,2025-12-14T15:10:07.391Z,2025-12-14T15:10:07.391Z
21,0x000a,-0.000131474,0x00000000,2025-12-14T15:10:07.391Z,2025-12-14T15:10:07.391Z
39,0x000a,-0.401478,0x00000000,2025-12-14T15:10:07.490Z,2025-12-14T15:10:07.490Z
38,0x000a,-0.0976562,0x00000000,2025-12-14T15:10:07.490Z,2025-12-14T15:10:07.490Z
37,0x000a,-1.09954,0x00000000,2025-12-14T15:10:07.490Z,2025-12-14T15:10:07.490Z
36,0x000a,-0.0970164,0x00000000,2025-12-14T15:10:07.490Z,2025-12-14T15:10:07.490Z
35,0x000a,-0.136209,0x00000000,2025-12-14T15:10:07.490Z,2025-12-14T15:10:07.490Z
34,0x000a,-6.57368e-05,0x00000000,2025-12-14T15:10:07.490Z,2025-12-14T15:10:07.490Z
26,0x000a,4.77973,0x00000000,2025-12-14T15:10:07.490Z,2025-12-14T15:10:07.490Z
25,0x000a,5.04991,0x00000000,2025-12-14T15:10:07.490Z,2025-12-14T15:10:07.490Z
24,0x000a,4.63976,0x00000000,2025-12-14T15:10:07.490Z,2025-12-14T15:10:07.490Z
23,0x000a,-0.0970164,0x00000000,2025-12-14T15:10:07.490Z,2025-12-14T15:10:07.490Z
22,0x000a,-0.136209,0x00000000,2025-12-14T15:10:07.490Z,2025-12-14T15:10:07.490Z
21,0x000a,-6.57368e-05,0x00000000,2025-12-14T15:10:07.490Z,2025-12-14T15:10:07.490Z
8,0x0004,13215,0x00000000,2025-12-14T15:10:07.490Z,2025-12-14T15:10:07.490Z
7,0x0004,13962,0x00000000,2025-12-14T15:10:07.490Z,2025-12-14T15:10:07.490Z
6,0x0004,12828,0x00000000,2025-12-14T15:10:07.490Z,2025-12-14T15:10:07.490Z
36,0x000a,-0.249247,0x00000000,2025-12-14T15:10:07.591Z,2025-12-14T15:10:07.591Z
35,0x000a,-0.116933,0x00000000,2025-12-14T15:10:07.591Z,2025-12-14T15:10:07.591Z
34,0x000a,-0.549802,0x00000000,2025-12-14T15:10:07.591Z,2025-12-14T15:10:07.591Z
26,0x000a,4.56995,0x00000000,2025-12-14T15:10:07.591Z,2025-12-14T15:10:07.591Z
24,0x000a,4.35981,0x00000000,2025-12-14T15:10:07.591Z,2025-12-14T15:10:07.591Z
23,0x000a,-0.249247,0x00000000,2025-12-14T15:10:07.591Z,2025-12-14T15:10:07.591Z
22,0x000a,-0.116933,0x00000000,2025-12-14T15:10:07.591Z,2025-12-14T15:10:07.591Z
21,0x000a,-0.549802,0x00000000,2025-12-14T15:10:07.591Z,2025-12-14T15:10:07.591Z
8,0x0004,12635,0x00000000,2025-12-14T15:10:07.591Z,2025-12-14T15:10:07.591Z
6,0x0004,12054,0x00000000,2025-12-14T15:10:07.591Z,2025-12-14T15:10:07.591Z
39,0x000a,-2.0978,0x00000000,2025-12-14T15:10:07.690Z,2025-12-14T15:10:07.690Z
38,0x000a,0,0x00000000,2025-12-14T15:10:07.690Z,2025-12-14T15:10:07.690Z
37,0x000a,-2.79948,0x00000000,2025-12-14T15:10:07.690Z,2025-12-14T15:10:07.690Z
26,0x000a,4.35981,0x00000000,2025-12-14T15:10:07.690Z,2025-12-14T15:10:07.690Z
24,0x000a,4.08999,0x00000000,2025-12-14T15:10:07.690Z,2025-12-14T15:10:07.690Z
8,0x0004,12054,0x00000000,2025-12-14T15:10:07.690Z,2025-12-14T15:10:07.690Z
6,0x0004,11308,0x00000000,2025-12-14T15:10:07.690Z,2025-12-14T15:10:07.690Z
39,0x000a,-2.10142,0x00000000,2025-12-14T15:10:07.791Z,2025-12-14T15:10:07.791Z
37,0x000a,-2.69821,0x00000000,2025-12-14T15:10:07.791Z,2025-12-14T15:10:07.791Z
36,0x000a,-1.17352,0x00000000,2025-12-14T15:10:07.791Z,2025-12-14T15:10:07.791Z
35,0x000a,-0.0584663,0x00000000,2025-12-14T15:10:07.791Z,2025-12-14T15:10:07.791Z
34,0x000a,-1.67464,0x00000000,2025-12-14T15:10:07.791Z,2025-12-14T15:10:07.791Z
26,0x000a,4.09975,0x00000000,2025-12-14T15:10:07.791Z,2025-12-14T15:10:07.791Z
25,0x000a,5.03979,0x00000000,2025-12-14T15:10:07.791Z,2025-12-14T15:10:07.791Z
24,0x000a,3.75977,0x00000000,2025-12-14T15:10:07.791Z,2025-12-14T15:10:07.791Z
23,0x000a,-1.17352,0x00000000,2025-12-14T15:10:07.791Z,2025-12-14T15:10:07.791Z
22,0x000a,-0.0584663,0x00000000,2025-12-14T15:10:07.791Z,2025-12-14T15:10:07.791Z
21,0x000a,-1.67464,0x00000000,2025-12-14T15:10:07.791Z,2025-12-14T15:10:07.791Z
8,0x0004,11335,0x00000000,2025-12-14T15:10:07.791Z,2025-12-14T15:10:07.791Z
7,0x0004,13934,0x00000000,2025-12-14T15:10:07.791Z,2025-12-14T15:10:07.791Z
6,0x0004,10395,0x00000000,2025-12-14T15:10:07.791Z,2025-12-14T15:10:07.791Z
39,0x000a,-2.60055,0x00000000,2025-12-14T15:10:07.890Z,2025-12-14T15:10:07.890Z
38,0x000a,-0.101271,0x00000000,2025-12-14T15:10:07.890Z,2025-12-14T15:10:07.890Z
37,0x000a,-3.30223,0x00000000,2025-12-14T15:10:07.890Z,2025-12-14T15:10:07.890Z
36,0x000a,-1.63747,0x00000000,2025-12-14T15:10:07.890Z,2025-12-14T15:10:07.890Z
35,0x000a,-0.0292332,0x00000000,2025-12-14T15:10:07.890Z,2025-12-14T15:10:07.890Z
34,0x000a,-2.18642,0x00000000,2025-12-14T15:10:07.890Z,2025-12-14T15:10:07.890Z
23,0x000a,-1.63747,0x00000000,2025-12-14T15:10:07.890Z,2025-12-14T15:10:07.890Z
22,0x000a,-0.0292332,0x00000000,2025-12-14T15:10:07.890Z,2025-12-14T15:10:07.890Z
21,0x000a,-2.18642,0x00000000,2025-12-14T15:10:07.890Z,2025-12-14T15:10:07.890Z
39,0x000a,-2.0978,0x00000000,2025-12-14T15:10:07.991Z,2025-12-14T15:10:07.991Z
39,0x000a,-2.10142,0x00000000,2025-12-14T15:10:08.091Z,2025-12-14T15:10:08.091Z
38,0x000a,0,0x00000000,2025-12-14T15:10:07.991Z,2025-12-14T15:10:07.991Z
37,0x000a,-2.79948,0x00000000,2025-12-14T15:10:07.991Z,2025-12-14T15:10:07.991Z
36,0x000a,-2.11901,0x00000000,2025-12-14T15:10:07.991Z,2025-12-14T15:10:07.991Z
36,0x000a,-2.10841,0x00000000,2025-12-14T15:10:08.091Z,2025-12-14T15:10:08.091Z
35,0x000a,-0.0652519,0x00000000,2025-12-14T15:10:07.991Z,2025-12-14T15:10:07.991Z
35,0x000a,-0.032626,0x00000000,2025-12-14T15:10:08.091Z,2025-12-14T15:10:08.091Z
34,0x000a,-2.74432,0x00000000,2025-12-14T15:10:07.991Z,2025-12-14T15:10:07.991Z
34,0x000a,-2.7719,0x00000000,2025-12-14T15:10:08.091Z,2025-12-14T15:10:08.091Z
26,0x000a,3.88997,0x00000000,2025-12-14T15:10:07.991Z,2025-12-14T15:10:07.991Z
26,0x000a,3.67983,0x00000000,2025-12-14T15:10:08.091Z,2025-12-14T15:10:08.091Z
24,0x000a,3.47982,0x00000000,2025-12-14T15:10:07.991Z,2025-12-14T15:10:07.991Z
24,0x000a,3.19987,0x00000000,2025-12-14T15:10:08.091Z,2025-12-14T15:10:08.091Z
23,0x000a,-2.11901,0x00000000,2025-12-14T15:10:07.991Z,2025-12-14T15:10:07.991Z
23,0x000a,-2.10841,0x00000000,2025-12-14T15:10:08.091Z,2025-12-14T15:10:08.091Z
22,0x000a,-0.0652519,0x00000000,2025-12-14T15:10:07.991Z,2025-12-14T15:10:07.991Z
22,0x000a,-0.032626,0x00000000,2025-12-14T15:10:08.091Z,2025-12-14T15:10:08.091Z
21,0x000a,-2.74432,0x00000000,2025-12-14T15:10:07.991Z,2025-12-14T15:10:07.991Z
21,0x000a,-2.7719,0x00000000,2025-12-14T15:10:08.091Z,2025-12-14T15:10:08.091Z
8,0x0004,10755,0x00000000,2025-12-14T15:10:07.991Z,2025-12-14T15:10:07.991Z
8,0x0004,10174,0x00000000,2025-12-14T15:10:08.091Z,2025-12-14T15:10:08.091Z
6,0x0004,9621,0x00000000,2025-12-14T15:10:07.991Z,2025-12-14T15:10:07.991Z
6,0x0004,8847,0x00000000,2025-12-14T15:10:08.091Z,2025-12-14T15:10:08.091Z
39,0x000a,-2.19908,0x00000000,2025-12-14T15:10:08.190Z,2025-12-14T15:10:08.190Z
38,0x000a,-0.101275,0x00000000,2025-12-14T15:10:08.190Z,2025-12-14T15:10:08.190Z
37,0x000a,-2.70182,0x00000000,2025-12-14T15:10:08.190Z,2025-12-14T15:10:08.190Z
36,0x000a,-2.10491,0x00000000,2025-12-14T15:10:08.190Z,2025-12-14T15:10:08.190Z
35,0x000a,-0.016313,0x00000000,2025-12-14T15:10:08.190Z,2025-12-14T15:10:08.190Z
34,0x000a,-2.78569,0x00000000,2025-12-14T15:10:08.190Z,2025-12-14T15:10:08.190Z
26,0x000a,3.45992,0x00000000,2025-12-14T15:10:08.190Z,2025-12-14T15:10:08.190Z
25,0x000a,5.02966,0x00000000,2025-12-14T15:10:08.190Z,2025-12-14T15:10:08.190Z
24,0x000a,2.92969,0x00000000,2025-12-14T15:10:08.190Z,2025-12-14T15:10:08.190Z
23,0x000a,-2.10491,0x00000000,2025-12-14T15:10:08.190Z,2025-12-14T15:10:08.190Z
22,0x000a,-0.016313,0x00000000,2025-12-14T15:10:08.190Z,2025-12-14T15:10:08.190Z
21,0x000a,-2.78569,0x00000000,2025-12-14T15:10:08.190Z,2025-12-14T15:10:08.190Z
8,0x0004,9566,0x00000000,2025-12-14T15:10:08.190Z,2025-12-14T15:10:08.190Z
7,0x0004,13906,0x00000000,2025-12-14T15:10:08.190Z,2025-12-14T15:10:08.190Z
6,0x0004,8100,0x00000000,2025-12-14T15:10:08.190Z,2025-12-14T15:10:08.190Z
39,0x000a,-2.10142,0x00000000,2025-12-14T15:10:08.290Z,2025-12-14T15:10:08.290Z
38,0x000a,0,0x00000000,2025-12-14T15:10:08.290Z,2025-12-14T15:10:08.290Z
37,0x000a,-2.79948,0x00000000,2025-12-14T15:10:08.290Z,2025-12-14T15:10:08.290Z
36,0x000a,-2.15199,0x00000000,2025-12-14T15:10:08.290Z,2025-12-14T15:10:08.290Z
35,0x000a,-0.0587942,0x00000000,2025-12-14T15:10:08.290Z,2025-12-14T15:10:08.290Z
34,0x000a,-2.74376,0x00000000,2025-12-14T15:10:08.290Z,2025-12-14T15:10:08.290Z
26,0x000a,3.24978,0x00000000,2025-12-14T15:10:08.290Z,2025-12-14T15:10:08.290Z
24,0x000a,2.64974,0x00000000,2025-12-14T15:10:08.290Z,2025-12-14T15:10:08.290Z
23,0x000a,-2.15199,0x00000000,2025-12-14T15:10:08.290Z,2025-12-14T15:10:08.290Z
22,0x000a,-0.0587942,0x00000000,2025-12-14T15:10:08.290Z,2025-12-14T15:10:08.290Z
21,0x000a,-2.74376,0x00000000,2025-12-14T15:10:08.290Z,2025-12-14T15:10:08.290Z
8,0x0004,8985,0x00000000,2025-12-14T15:10:08.290Z,2025-12-14T15:10:08.290Z
6,0x0004,7326,0x00000000,2025-12-14T15:10:08.290Z,2025-12-14T15:10:08.290Z
36,0x000a,-2.1267,0x00000000,2025-12-14T15:10:08.390Z,2025-12-14T15:10:08.390Z
35,0x000a,-0.0293971,0x00000000,2025-12-14T15:10:08.390Z,2025-12-14T15:10:08.390Z
34,0x000a,-2.77162,0x00000000,2025-12-14T15:10:08.390Z,2025-12-14T15:10:08.390Z
26,0x000a,3.03964,0x00000000,2025-12-14T15:10:08.390Z,2025-12-14T15:10:08.390Z
25,0x000a,5.01989,0x00000000,2025-12-14T15:10:08.390Z,2025-12-14T15:10:08.390Z
24,0x000a,2.37992,0x00000000,2025-12-14T15:10:08.390Z,2025-12-14T15:10:08.390Z
23,0x000a,-2.1267,0x00000000,2025-12-14T15:10:08.390Z,2025-12-14T15:10:08.390Z
22,0x000a,-0.0293971,0x00000000,2025-12-14T15:10:08.390Z,2025-12-14T15:10:08.390Z
21,0x000a,-2.77162,0x00000000,2025-12-14T15:10:08.390Z,2025-12-14T15:10:08.390Z
8,0x0004,8404,0x00000000,2025-12-14T15:10:08.390Z,2025-12-14T15:10:08.390Z
7,0x0004,13879,0x00000000,2025-12-14T15:10:08.390Z,2025-12-14T15:10:08.390Z
6,0x0004,6580,0x00000000,2025-12-14T15:10:08.390Z,2025-12-14T15:10:08.390Z
39,0x000a,-2.10142,0x00000000,2025-12-14T15:10:08.490Z,2025-12-14T15:10:08.490Z
38,0x000a,-0.0976562,0x00000000,2025-12-14T15:10:08.490Z,2025-12-14T15:10:08.490Z
37,0x000a,-2.6982,0x00000000,2025-12-14T15:10:08.490Z,2025-12-14T15:10:08.490Z
26,0x000a,2.81973,0x00000000,2025-12-14T15:10:08.490Z,2025-12-14T15:10:08.490Z
24,0x000a,2.09997,0x00000000,2025-12-14T15:10:08.490Z,2025-12-14T15:10:08.490Z
8,0x0004,7796,0x00000000,2025-12-14T15:10:08.490Z,2025-12-14T15:10:08.490Z
6,0x0004,5806,0x00000000,2025-12-14T15:10:08.490Z,2025-12-14T15:10:08.490Z
39,0x000a,-2.19907,0x00000000,2025-12-14T15:10:08.592Z,2025-12-14T15:10:08.592Z
38,0x000a,0,0x00000000,2025-12-14T15:10:08.592Z,2025-12-14T15:10:08.592Z
37,0x000a,-2.79948,0x00000000,2025-12-14T15:10:08.592Z,2025-12-14T15:10:08.592Z
36,0x000a,-2.11406,0x00000000,2025-12-14T15:10:08.592Z,2025-12-14T15:10:08.592Z
35,0x000a,-0.0635267,0x00000000,2025-12-14T15:10:08.592Z,2025-12-14T15:10:08.592Z
34,0x000a,-2.73491,0x00000000,2025-12-14T15:10:08.592Z,2025-12-14T15:10:08.592Z
26,0x000a,2.60995,0x00000000,2025-12-14T15:10:08.592Z,2025-12-14T15:10:08.592Z
24,0x000a,1.81966,0x00000000,2025-12-14T15:10:08.592Z,2025-12-14T15:10:08.592Z
23,0x000a,-2.11406,0x00000000,2025-12-14T15:10:08.592Z,2025-12-14T15:10:08.592Z
22,0x000a,-0.0635267,0x00000000,2025-12-14T15:10:08.592Z,2025-12-14T15:10:08.592Z
21,0x000a,-2.73491,0x00000000,2025-12-14T15:10:08.592Z,2025-12-14T15:10:08.592Z
8,0x0004,7216,0x00000000,2025-12-14T15:10:08.592Z,2025-12-14T15:10:08.592Z
6,0x0004,5031,0x00000000,2025-12-14T15:10:08.592Z,2025-12-14T15:10:08.592Z
39,0x000a,-4.6007,0x00000000,2025-12-14T15:10:08.691Z,2025-12-14T15:10:08.691Z
38,0x000a,-0.101271,0x00000000,2025-12-14T15:10:08.691Z,2025-12-14T15:10:08.691Z
37,0x000a,-6.10171,0x00000000,2025-12-14T15:10:08.691Z,2025-12-14T15:10:08.691Z
36,0x000a,-2.15657,0x00000000,2025-12-14T15:10:08.691Z,2025-12-14T15:10:08.691Z
35,0x000a,-0.0317633,0x00000000,2025-12-14T15:10:08.691Z,2025-12-14T15:10:08.691Z
34,0x000a,-2.7672,0x00000000,2025-12-14T15:10:08.691Z,2025-12-14T15:10:08.691Z
26,0x000a,2.35966,0x00000000,2025-12-14T15:10:08.691Z,2025-12-14T15:10:08.691Z
25,0x000a,5.00977,0x00000000,2025-12-14T15:10:08.691Z,2025-12-14T15:10:08.691Z
24,0x000a,1.4898,0x00000000,2025-12-14T15:10:08.691Z,2025-12-14T15:10:08.691Z
23,0x000a,-2.15657,0x00000000,2025-12-14T15:10:08.691Z,2025-12-14T15:10:08.691Z
22,0x000a,-0.0317633,0x00000000,2025-12-14T15:10:08.691Z,2025-12-14T15:10:08.691Z
21,0x000a,-2.7672,0x00000000,2025-12-14T15:10:08.691Z,2025-12-14T15:10:08.691Z
8,0x0004,6524,0x00000000,2025-12-14T15:10:08.691Z,2025-12-14T15:10:08.691Z
7,0x0004,13851,0x00000000,2025-12-14T15:10:08.691Z,2025-12-14T15:10:08.691Z
6,0x0004,4119,0x00000000,2025-12-14T15:10:08.691Z,2025-12-14T15:10:08.691Z
39,0x000a,-2.19907,0x00000000,2025-12-14T15:10:08.791Z,2025-12-14T15:10:08.791Z
38,0x000a,0,0x00000000,2025-12-14T15:10:08.791Z,2025-12-14T15:10:08.791Z
37,0x000a,-2.69821,0x00000000,2025-12-14T15:10:08.791Z,2025-12-14T15:10:08.791Z
36,0x000a,-3.37863,0x00000000,2025-12-14T15:10:08.791Z,2025-12-14T15:10:08.791Z
35,0x000a,-0.066517,0x00000000,2025-12-14T15:10:08.791Z,2025-12-14T15:10:08.791Z
34,0x000a,-4.43445,0x00000000,2025-12-14T15:10:08.791Z,2025-12-14T15:10:08.791Z
26,0x000a,2.13976,0x00000000,2025-12-14T15:10:08.791Z,2025-12-14T15:10:08.791Z
24,0x000a,1.21998,0x00000000,2025-12-14T15:10:08.791Z,2025-12-14T15:10:08.791Z
23,0x000a,-3.37863,0x00000000,2025-12-14T15:10:08.791Z,2025-12-14T15:10:08.791Z
22,0x000a,-0.066517,0x00000000,2025-12-14T15:10:08.791Z,2025-12-14T15:10:08.791Z
21,0x000a,-4.43445,0x00000000,2025-12-14T15:10:08.791Z,2025-12-14T15:10:08.791Z
8,0x0004,5916,0x00000000,2025-12-14T15:10:08.791Z,2025-12-14T15:10:08.791Z
6,0x0004,3373,0x00000000,2025-12-14T15:10:08.791Z,2025-12-14T15:10:08.791Z
39,0x000a,-2.0978,0x00000000,2025-12-14T15:10:08.891Z,2025-12-14T15:10:08.891Z
37,0x000a,-2.8031,0x00000000,2025-12-14T15:10:08.891Z,2025-12-14T15:10:08.891Z
36,0x000a,-2.78885,0x00000000,2025-12-14T15:10:08.891Z,2025-12-14T15:10:08.891Z
35,0x000a,-0.0332585,0x00000000,2025-12-14T15:10:08.891Z,2025-12-14T15:10:08.891Z
34,0x000a,-3.56633,0x00000000,2025-12-14T15:10:08.891Z,2025-12-14T15:10:08.891Z
26,0x000a,1.92998,0x00000000,2025-12-14T15:10:08.891Z,2025-12-14T15:10:08.891Z
24,0x000a,0.93967,0x00000000,2025-12-14T15:10:08.891Z,2025-12-14T15:10:08.891Z
23,0x000a,-2.78885,0x00000000,2025-12-14T15:10:08.891Z,2025-12-14T15:10:08.891Z
22,0x000a,-0.0332585,0x00000000,2025-12-14T15:10:08.891Z,2025-12-14T15:10:08.891Z
21,0x000a,-3.56633,0x00000000,2025-12-14T15:10:08.891Z,2025-12-14T15:10:08.891Z
8,0x0004,5336,0x00000000,2025-12-14T15:10:08.891Z,2025-12-14T15:10:08.891Z
6,0x0004,2598,0x00000000,2025-12-14T15:10:08.891Z,2025-12-14T15:10:08.891Z
39,0x000a,-2.10142,0x00000000,2025-12-14T15:10:08.991Z,2025-12-14T15:10:08.991Z
38,0x000a,-0.0976562,0x00000000,2025-12-14T15:10:08.991Z,2025-12-14T15:10:08.991Z
37,0x000a,-2.69821,0x00000000,2025-12-14T15:10:08.991Z,2025-12-14T15:10:08.991Z
36,0x000a,-2.44333,0x00000000,2025-12-14T15:10:08.991Z,2025-12-14T15:10:08.991Z
35,0x000a,-0.0166293,0x00000000,2025-12-14T15:10:08.991Z,2025-12-14T15:10:08.991Z
34,0x000a,-3.18471,0x00000000,2025-12-14T15:10:08.991Z,2025-12-14T15:10:08.991Z
26,0x000a,1.71984,0x00000000,2025-12-14T15:10:08.991Z,2025-12-14T15:10:08.991Z
25,0x000a,5,0x00000000,2025-12-14T15:10:08.991Z,2025-12-14T15:10:08.991Z
24,0x000a,0.66985,0x00000000,2025-12-14T15:10:08.991Z,2025-12-14T15:10:08.991Z
23,0x000a,-2.44333,0x00000000,2025-12-14T15:10:08.991Z,2025-12-14T15:10:08.991Z
22,0x000a,-0.0166293,0x00000000,2025-12-14T15:10:08.991Z,2025-12-14T15:10:08.991Z
21,0x000a,-3.18471,0x00000000,2025-12-14T15:10:08.991Z,2025-12-14T15:10:08.991Z
8,0x0004,4755,0x00000000,2025-12-14T15:10:08.991Z,2025-12-14T15:10:08.991Z
7,0x0004,13824,0x00000000,2025-12-14T15:10:08.991Z,2025-12-14T15:10:08.991Z
6,0x0004,1852,0x00000000,2025-12-14T15:10:08.991Z,2025-12-14T15:10:08.991Z
39,0x000a,-2.60055,0x00000000,2025-12-14T15:10:09.092Z,2025-12-14T15:10:09.092Z
38,0x000a,0,0x00000000,2025-12-14T15:10:09.092Z,2025-12-14T15:10:09.092Z
37,0x000a,-3.29861,0x00000000,2025-12-14T15:10:09.092Z,2025-12-14T15:10:09.092Z
36,0x000a,-2.27237,0x00000000,2025-12-14T15:10:09.092Z,2025-12-14T15:10:09.092Z
35,0x000a,-0.0571427,0x00000000,2025-12-14T15:10:09.092Z,2025-12-14T15:10:09.092Z
34,0x000a,-2.94146,0x00000000,2025-12-14T15:10:09.092Z,2025-12-14T15:10:09.092Z
26,0x000a,1.45978,0x00000000,2025-12-14T15:10:09.092Z,2025-12-14T15:10:09.092Z
24,0x000a,0.339988,0x00000000,2025-12-14T15:10:09.092Z,2025-12-14T15:10:09.092Z
23,0x000a,-2.27237,0x00000000,2025-12-14T15:10:09.092Z,2025-12-14T15:10:09.092Z
22,0x000a,-0.0571427,0x00000000,2025-12-14T15:10:09.092Z,2025-12-14T15:10:09.092Z
21,0x000a,-2.94146,0x00000000,2025-12-14T15:10:09.092Z,2025-12-14T15:10:09.092Z
8,0x0004,4036,0x00000000,2025-12-14T15:10:09.092Z,2025-12-14T15:10:09.092Z
6,0x0004,940,0x00000000,2025-12-14T15:10:09.092Z,2025-12-14T15:10:09.092Z
39,0x000a,-2.0978,0x00000000,2025-12-14T15:10:09.190Z,2025-12-14T15:10:09.190Z
38,0x000a,-0.101275,0x00000000,2025-12-14T15:10:09.190Z,2025-12-14T15:10:09.190Z
37,0x000a,-2.8031,0x00000000,2025-12-14T15:10:09.190Z,2025-12-14T15:10:09.190Z
36,0x000a,-2.43646,0x00000000,2025-12-14T15:10:09.190Z,2025-12-14T15:10:09.190Z
35,0x000a,-0.0285714,0x00000000,2025-12-14T15:10:09.190Z,2025-12-14T15:10:09.190Z
34,0x000a,-3.12004,0x00000000,2025-12-14T15:10:09.190Z,2025-12-14T15:10:09.190Z
26,0x000a,1.25,0x00000000,2025-12-14T15:10:09.190Z,2025-12-14T15:10:09.190Z
25,0x000a,4.98987,0x00000000,2025-12-14T15:10:09.190Z,2025-12-14T15:10:09.190Z
24,0x000a,0.0596788,0x00000000,2025-12-14T15:10:09.190Z,2025-12-14T15:10:09.190Z
23,0x000a,-2.43646,0x00000000,2025-12-14T15:10:09.190Z,2025-12-14T15:10:09.190Z
22,0x000a,-0.0285714,0x00000000,2025-12-14T15:10:09.190Z,2025-12-14T15:10:09.190Z
21,0x000a,-3.12004,0x00000000,2025-12-14T15:10:09.190Z,2025-12-14T15:10:09.190Z
14,0x0001,false,0x00000000,2025-12-14T15:10:09.190Z,2025-12-14T15:10:09.190Z
8,0x0004,3456,0x00000000,2025-12-14T15:10:09.190Z,2025-12-14T15:10:09.190Z
7,0x0004,13796,0x00000000,2025-12-14T15:10:09.190Z,2025-12-14T15:10:09.190Z
6,0x0004,165,0x00000000,2025-12-14T15:10:09.190Z,2025-12-14T15:10:09.190Z
36,0x000a,-2.26713,0x00000000,2025-12-14T15:10:09.292Z,2025-12-14T15:10:09.292Z
35,0x000a,-0.0649234,0x00000000,2025-12-14T15:10:09.292Z,2025-12-14T15:10:09.292Z
34,0x000a,-2.96157,0x00000000,2025-12-14T15:10:09.292Z,2025-12-14T15:10:09.292Z
26,0x000a,1.02973,0x00000000,2025-12-14T15:10:09.292Z,2025-12-14T15:10:09.292Z
24,0x000a,0,0x00000000,2025-12-14T15:10:09.292Z,2025-12-14T15:10:09.292Z
23,0x000a,-2.26713,0x00000000,2025-12-14T15:10:09.292Z,2025-12-14T15:10:09.292Z
22,0x000a,-0.0649234,0x00000000,2025-12-14T15:10:09.292Z,2025-12-14T15:10:09.292Z
21,0x000a,-2.96157,0x00000000,2025-12-14T15:10:09.292Z,2025-12-14T15:10:09.292Z
8,0x0004,2847,0x00000000,2025-12-14T15:10:09.292Z,2025-12-14T15:10:09.292Z
6,0x0004,0,0x00000000,2025-12-14T15:10:09.292Z,2025-12-14T15:10:09.292Z
39,0x000a,-2.20269,0x00000000,2025-12-14T15:10:09.391Z,2025-12-14T15:10:09.391Z
38,0x000a,0,0x00000000,2025-12-14T15:10:09.391Z,2025-12-14T15:10:09.391Z
37,0x000a,-0.596788,0x00000000,2025-12-14T15:10:09.391Z,2025-12-14T15:10:09.391Z
26,0x000a,0.819951,0x00000000,2025-12-14T15:10:09.391Z,2025-12-14T15:10:09.391Z
8,0x0004,2267,0x00000000,2025-12-14T15:10:09.391Z,2025-12-14T15:10:09.391Z
39,0x000a,-2.0978,0x00000000,2025-12-14T15:10:09.491Z,2025-12-14T15:10:09.491Z
37,0x000a,0,0x00000000,2025-12-14T15:10:09.491Z,2025-12-14T15:10:09.491Z
36,0x000a,-2.23491,0x00000000,2025-12-14T15:10:09.491Z,2025-12-14T15:10:09.491Z
35,0x000a,-0.0324617,0x00000000,2025-12-14T15:10:09.491Z,2025-12-14T15:10:09.491Z
34,0x000a,-1.77918,0x00000000,2025-12-14T15:10:09.491Z,2025-12-14T15:10:09.491Z
26,0x000a,0.609809,0x00000000,2025-12-14T15:10:09.491Z,2025-12-14T15:10:09.491Z
25,0x000a,4.97975,0x00000000,2025-12-14T15:10:09.491Z,2025-12-14T15:10:09.491Z
23,0x000a,-2.23491,0x00000000,2025-12-14T15:10:09.491Z,2025-12-14T15:10:09.491Z
22,0x000a,-0.0324617,0x00000000,2025-12-14T15:10:09.491Z,2025-12-14T15:10:09.491Z
21,0x000a,-1.77918,0x00000000,2025-12-14T15:10:09.491Z,2025-12-14T15:10:09.491Z
8,0x0004,1686,0x00000000,2025-12-14T15:10:09.491Z,2025-12-14T15:10:09.491Z
7,0x0004,13768,0x00000000,2025-12-14T15:10:09.491Z,2025-12-14T15:10:09.491Z
39,0x000a,-2.10142,0x00000000,2025-12-14T15:10:09.591Z,2025-12-14T15:10:09.591Z
38,0x000a,-0.101271,0x00000000,2025-12-14T15:10:09.591Z,2025-12-14T15:10:09.591Z
36,0x000a,-2.16636,0x00000000,2025-12-14T15:10:09.591Z,2025-12-14T15:10:09.591Z
35,0x000a,-0.0162309,0x00000000,2025-12-14T15:10:09.591Z,2025-12-14T15:10:09.591Z
34,0x000a,-0.889588,0x00000000,2025-12-14T15:10:09.591Z,2025-12-14T15:10:09.591Z
26,0x000a,0.349754,0x00000000,2025-12-14T15:10:09.591Z,2025-12-14T15:10:09.591Z
23,0x000a,-2.16636,0x00000000,2025-12-14T15:10:09.591Z,2025-12-14T15:10:09.591Z
22,0x000a,-0.0162309,0x00000000,2025-12-14T15:10:09.591Z,2025-12-14T15:10:09.591Z
21,0x000a,-0.889588,0x00000000,2025-12-14T15:10:09.591Z,2025-12-14T15:10:09.591Z
8,0x0004,967,0x00000000,2025-12-14T15:10:09.591Z,2025-12-14T15:10:09.591Z
40,0x0001,true,0x00000000,2025-12-14T15:10:09.690Z,2025-12-14T15:10:09.690Z
39,0x000a,-2.60055,0x00000000,2025-12-14T15:10:09.690Z,2025-12-14T15:10:09.690Z
39,0x000a,-3.39988,0x00000000,2025-12-14T15:10:09.790Z,2025-12-14T15:10:09.790Z
38,0x000a,0,0x00000000,2025-12-14T15:10:09.690Z,2025-12-14T15:10:09.690Z
38,0x000a,-0.0976562,0x00000000,2025-12-14T15:10:09.790Z,2025-12-14T15:10:09.790Z
36,0x000a,-2.13389,0x00000000,2025-12-14T15:10:09.690Z,2025-12-14T15:10:09.690Z
36,0x000a,-2.36722,0x00000000,2025-12-14T15:10:09.790Z,2025-12-14T15:10:09.790Z
35,0x000a,-0.0587508,0x00000000,2025-12-14T15:10:09.690Z,2025-12-14T15:10:09.690Z
35,0x000a,-0.0293754,0x00000000,2025-12-14T15:10:09.790Z,2025-12-14T15:10:09.790Z
34,0x000a,-0.444794,0x00000000,2025-12-14T15:10:09.690Z,2025-12-14T15:10:09.690Z
34,0x000a,-0.222397,0x00000000,2025-12-14T15:10:09.790Z,2025-12-14T15:10:09.790Z
26,0x000a,0.139974,0x00000000,2025-12-14T15:10:09.690Z,2025-12-14T15:10:09.690Z
26,0x000a,0.00976562,0x00000000,2025-12-14T15:10:09.790Z,2025-12-14T15:10:09.790Z
25,0x000a,4.96998,0x00000000,2025-12-14T15:10:09.790Z,2025-12-14T15:10:09.790Z
23,0x000a,-2.13389,0x00000000,2025-12-14T15:10:09.690Z,2025-12-14T15:10:09.690Z
23,0x000a,-2.36722,0x00000000,2025-12-14T15:10:09.790Z,2025-12-14T15:10:09.790Z
22,0x000a,-0.0587508,0x00000000,2025-12-14T15:10:09.690Z,2025-12-14T15:10:09.690Z
22,0x000a,-0.0293754,0x00000000,2025-12-14T15:10:09.790Z,2025-12-14T15:10:09.790Z
21,0x000a,-0.444794,0x00000000,2025-12-14T15:10:09.690Z,2025-12-14T15:10:09.690Z
21,0x000a,-0.222397,0x00000000,2025-12-14T15:10:09.790Z,2025-12-14T15:10:09.790Z
18,0x0001,false,0x00000000,2025-12-14T15:10:09.690Z,2025-12-14T15:10:09.690Z
8,0x0004,387,0x00000000,2025-12-14T15:10:09.690Z,2025-12-14T15:10:09.690Z
8,0x0004,27,0x00000000,2025-12-14T15:10:09.790Z,2025-12-14T15:10:09.790Z
7,0x0004,13741,0x00000000,2025-12-14T15:10:09.790Z,2025-12-14T15:10:09.790Z
39,0x000a,0,0x00000000,2025-12-14T15:10:09.890Z,2025-12-14T15:10:09.890Z
38,0x000a,0,0x00000000,2025-12-14T15:10:09.890Z,2025-12-14T15:10:09.890Z
36,0x000a,-2.88355,0x00000000,2025-12-14T15:10:09.890Z,2025-12-14T15:10:09.890Z
35,0x000a,-0.0635158,0x00000000,2025-12-14T15:10:09.890Z,2025-12-14T15:10:09.890Z
34,0x000a,-0.111199,0x00000000,2025-12-14T15:10:09.890Z,2025-12-14T15:10:09.890Z
23,0x000a,-2.88355,0x00000000,2025-12-14T15:10:09.890Z,2025-12-14T15:10:09.890Z
22,0x000a,-0.0635158,0x00000000,2025-12-14T15:10:09.890Z,2025-12-14T15:10:09.890Z
21,0x000a,-0.111199,0x00000000,2025-12-14T15:10:09.890Z,2025-12-14T15:10:09.890Z
36,0x000a,-1.44178,0x00000000,2025-12-14T15:10:09.992Z,2025-12-14T15:10:09.992Z
35,0x000a,-0.0317579,0x00000000,2025-12-14T15:10:09.992Z,2025-12-14T15:10:09.992Z
34,0x000a,-0.0555993,0x00000000,2025-12-14T15:10:09.992Z,2025-12-14T15:10:09.992Z
23,0x000a,-1.44178,0x00000000,2025-12-14T15:10:09.992Z,2025-12-14T15:10:09.992Z
22,0x000a,-0.0317579,0x00000000,2025-12-14T15:10:09.992Z,2025-12-14T15:10:09.992Z
21,0x000a,-0.0555993,0x00000000,2025-12-14T15:10:09.992Z,2025-12-14T15:10:09.992Z
36,0x000a,-0.720888,0x00000000,2025-12-14T15:10:10.090Z,2025-12-14T15:10:10.090Z
35,0x000a,-0.015879,0x00000000,2025-12-14T15:10:10.090Z,2025-12-14T15:10:10.090Z
34,0x000a,-0.0277996,0x00000000,2025-12-14T15:10:10.090Z,2025-12-14T15:10:10.090Z
25,0x000a,4.95985,0x00000000,2025-12-14T15:10:10.090Z,2025-12-14T15:10:10.090Z
23,0x000a,-0.720888,0x00000000,2025-12-14T15:10:10.090Z,2025-12-14T15:10:10.090Z
22,0x000a,-0.015879,0x00000000,2025-12-14T15:10:10.090Z,2025-12-14T15:10:10.090Z
21,0x000a,-0.0277996,0x00000000,2025-12-14T15:10:10.090Z,2025-12-14T15:10:10.090Z
7,0x0004,13713,0x00000000,2025-12-14T15:10:10.090Z,2025-12-14T15:10:10.090Z
42,0x0001,true,0x00000000,2025-12-14T15:10:10.193Z,2025-12-14T15:10:10.193Z
38,0x000a,-0.101275,0x00000000,2025-12-14T15:10:10.193Z,2025-12-14T15:10:10.193Z
38,0x000a,0,0x00000000,2025-12-14T15:10:10.291Z,2025-12-14T15:10:10.291Z
36,0x000a,-0.360444,0x00000000,2025-12-14T15:10:10.291Z,2025-12-14T15:10:10.291Z
35,0x000a,-0.0585772,0x00000000,2025-12-14T15:10:10.291Z,2025-12-14T15:10:10.291Z
34,0x000a,-0.0138998,0x00000000,2025-12-14T15:10:10.291Z,2025-12-14T15:10:10.291Z
25,0x000a,4.94973,0x00000000,2025-12-14T15:10:10.291Z,2025-12-14T15:10:10.291Z
23,0x000a,-0.360444,0x00000000,2025-12-14T15:10:10.291Z,2025-12-14T15:10:10.291Z
22,0x000a,-0.0585772,0x00000000,2025-12-14T15:10:10.291Z,2025-12-14T15:10:10.291Z
21,0x000a,-0.0138998,0x00000000,2025-12-14T15:10:10.291Z,2025-12-14T15:10:10.291Z
7,0x0004,13685,0x00000000,2025-12-14T15:10:10.291Z,2025-12-14T15:10:10.291Z
38,0x000a,-0.101271,0x00000000,2025-12-14T15:10:10.389Z,2025-12-14T15:10:10.389Z
36,0x000a,-0.180222,0x00000000,2025-12-14T15:10:10.389Z,2025-12-14T15:10:10.389Z
35,0x000a,-0.0292886,0x00000000,2025-12-14T15:10:10.389Z,2025-12-14T15:10:10.389Z
34,0x000a,-0.00694991,0x00000000,2025-12-14T15:10:10.389Z,2025-12-14T15:10:10.389Z
23,0x000a,-0.180222,0x00000000,2025-12-14T15:10:10.389Z,2025-12-14T15:10:10.389Z
22,0x000a,-0.0292886,0x00000000,2025-12-14T15:10:10.389Z,2025-12-14T15:10:10.389Z
21,0x000a,-0.00694991,0x00000000,2025-12-14T15:10:10.389Z,2025-12-14T15:10:10.389Z
38,0x000a,0,0x00000000,2025-12-14T15:10:10.490Z,2025-12-14T15:10:10.490Z
36,0x000a,-0.090111,0x00000000,2025-12-14T15:10:10.490Z,2025-12-14T15:10:10.490Z
35,0x000a,-0.0652796,0x00000000,2025-12-14T15:10:10.490Z,2025-12-14T15:10:10.490Z
34,0x000a,-0.00347495,0x00000000,2025-12-14T15:10:10.490Z,2025-12-14T15:10:10.490Z
23,0x000a,-0.090111,0x00000000,2025-12-14T15:10:10.490Z,2025-12-14T15:10:10.490Z
22,0x000a,-0.0652796,0x00000000,2025-12-14T15:10:10.490Z,2025-12-14T15:10:10.490Z
21,0x000a,-0.00347495,0x00000000,2025-12-14T15:10:10.490Z,2025-12-14T15:10:10.490Z
36,0x000a,-0.0450555,0x00000000,2025-12-14T15:10:10.591Z,2025-12-14T15:10:10.591Z
35,0x000a,-0.0326398,0x00000000,2025-12-14T15:10:10.591Z,2025-12-14T15:10:10.591Z
34,0x000a,-0.00173748,0x00000000,2025-12-14T15:10:10.591Z,2025-12-14T15:10:10.591Z
25,0x000a,4.93996,0x00000000,2025-12-14T15:10:10.591Z,2025-12-14T15:10:10.591Z
23,0x000a,-0.0450555,0x00000000,2025-12-14T15:10:10.591Z,2025-12-14T15:10:10.591Z
22,0x000a,-0.0326398,0x00000000,2025-12-14T15:10:10.591Z,2025-12-14T15:10:10.591Z
21,0x000a,-0.00173748,0x00000000,2025-12-14T15:10:10.591Z,2025-12-14T15:10:10.591Z
7,0x0004,13658,0x00000000,2025-12-14T15:10:10.591Z,2025-12-14T15:10:10.591Z
38,0x000a,-0.0976562,0x00000000,2025-12-14T15:10:10.690Z,2025-12-14T15:10:10.690Z
36,0x000a,-0.0225277,0x00000000,2025-12-14T15:10:10.690Z,2025-12-14T15:10:10.690Z
35,0x000a,-0.0163199,0x00000000,2025-12-14T15:10:10.690Z,2025-12-14T15:10:10.690Z
34,0x000a,-0.000868739,0x00000000,2025-12-14T15:10:10.690Z,2025-12-14T15:10:10.690Z
23,0x000a,-0.0225277,0x00000000,2025-12-14T15:10:10.690Z,2025-12-14T15:10:10.690Z
22,0x000a,-0.0163199,0x00000000,2025-12-14T15:10:10.690Z,2025-12-14T15:10:10.690Z
21,0x000a,-0.000868739,0x00000000,2025-12-14T15:10:10.690Z,2025-12-14T15:10:10.690Z
38,0x000a,0,0x00000000,2025-12-14T15:10:10.791Z,2025-12-14T15:10:10.791Z
36,0x000a,-0.0112639,0x00000000,2025-12-14T15:10:10.791Z,2025-12-14T15:10:10.791Z
35,0x000a,-0.0569881,0x00000000,2025-12-14T15:10:10.791Z,2025-12-14T15:10:10.791Z
34,0x000a,-0.000434369,0x00000000,2025-12-14T15:10:10.791Z,2025-12-14T15:10:10.791Z
23,0x000a,-0.0112639,0x00000000,2025-12-14T15:10:10.791Z,2025-12-14T15:10:10.791Z
22,0x000a,-0.0569881,0x00000000,2025-12-14T15:10:10.791Z,2025-12-14T15:10:10.791Z
21,0x000a,-0.000434369,0x00000000,2025-12-14T15:10:10.791Z,2025-12-14T15:10:10.791Z
38,0x000a,-0.101275,0x00000000,2025-12-14T15:10:10.893Z,2025-12-14T15:10:10.893Z
36,0x000a,-0.00563194,0x00000000,2025-12-14T15:10:10.893Z,2025-12-14T15:10:10.893Z
35,0x000a,-0.028494,0x00000000,2025-12-14T15:10:10.893Z,2025-12-14T15:10:10.893Z
34,0x000a,-0.000217185,0x00000000,2025-12-14T15:10:10.893Z,2025-12-14T15:10:10.893Z
25,0x000a,4.92983,0x00000000,2025-12-14T15:10:10.893Z,2025-12-14T15:10:10.893Z
23,0x000a,-0.00563194,0x00000000,2025-12-14T15:10:10.893Z,2025-12-14T15:10:10.893Z
22,0x000a,-0.028494,0x00000000,2025-12-14T15:10:10.893Z,2025-12-14T15:10:10.893Z
21,0x000a,-0.000217185,0x00000000,2025-12-14T15:10:10.893Z,2025-12-14T15:10:10.893Z
7,0x0004,13630,0x00000000,2025-12-14T15:10:10.893Z,2025-12-14T15:10:10.893Z
36,0x000a,-0.00281597,0x00000000,2025-12-14T15:10:10.990Z,2025-12-14T15:10:10.990Z
35,0x000a,-0.0648847,0x00000000,2025-12-14T15:10:10.990Z,2025-12-14T15:10:10.990Z
34,0x000a,-0.000108592,0x00000000,2025-12-14T15:10:10.990Z,2025-12-14T15:10:10.990Z
23,0x000a,-0.00281597,0x00000000,2025-12-14T15:10:10.990Z,2025-12-14T15:10:10.990Z
22,0x000a,-0.0648847,0x00000000,2025-12-14T15:10:10.990Z,2025-12-14T15:10:10.990Z
21,0x000a,-0.000108592,0x00000000,2025-12-14T15:10:10.990Z,2025-12-14T15:10:10.990Z
38,0x000a,0,0x00000000,2025-12-14T15:10:11.090Z,2025-12-14T15:10:11.090Z
25,0x000a,4.9197,0x00000000,2025-12-14T15:10:11.090Z,2025-12-14T15:10:11.090Z
7,0x0004,13602,0x00000000,2025-12-14T15:10:11.090Z,2025-12-14T15:10:11.090Z
38,0x000a,-0.101271,0x00000000,2025-12-14T15:10:11.192Z,2025-12-14T15:10:11.192Z
36,0x000a,-0.00140798,0x00000000,2025-12-14T15:10:11.192Z,2025-12-14T15:10:11.192Z
35,0x000a,-0.0324424,0x00000000,2025-12-14T15:10:11.192Z,2025-12-14T15:10:11.192Z
34,0x000a,-5.42962e-05,0x00000000,2025-12-14T15:10:11.192Z,2025-12-14T15:10:11.192Z
23,0x000a,-0.00140798,0x00000000,2025-12-14T15:10:11.192Z,2025-12-14T15:10:11.192Z
22,0x000a,-0.0324424,0x00000000,2025-12-14T15:10:11.192Z,2025-12-14T15:10:11.192Z
21,0x000a,-5.42962e-05,0x00000000,2025-12-14T15:10:11.192Z,2025-12-14T15:10:11.192Z
38,0x000a,0,0x00000000,2025-12-14T15:10:11.292Z,2025-12-14T15:10:11.292Z
36,0x000a,-0.000703992,0x00000000,2025-12-14T15:10:11.292Z,2025-12-14T15:10:11.292Z
35,0x000a,-0.0668565,0x00000000,2025-12-14T15:10:11.292Z,2025-12-14T15:10:11.292Z
34,0x000a,-2.71481e-05,0x00000000,2025-12-14T15:10:11.292Z,2025-12-14T15:10:11.292Z
23,0x000a,-0.000703992,0x00000000,2025-12-14T15:10:11.292Z,2025-12-14T15:10:11.292Z
22,0x000a,-0.0668565,0x00000000,2025-12-14T15:10:11.292Z,2025-12-14T15:10:11.292Z
21,0x000a,-2.71481e-05,0x00000000,2025-12-14T15:10:11.292Z,2025-12-14T15:10:11.292Z
38,0x000a,-0.0976562,0x00000000,2025-12-14T15:10:11.492Z,2025-12-14T15:10:11.492Z
36,0x000a,-0.000351996,0x00000000,2025-12-14T15:10:11.392Z,2025-12-14T15:10:11.392Z
36,0x000a,-0.000175998,0x00000000,2025-12-14T15:10:11.492Z,2025-12-14T15:10:11.492Z
35,0x000a,-0.0334283,0x00000000,2025-12-14T15:10:11.392Z,2025-12-14T15:10:11.392Z
35,0x000a,-0.0167141,0x00000000,2025-12-14T15:10:11.492Z,2025-12-14T15:10:11.492Z
34,0x000a,-1.3574e-05,0x00000000,2025-12-14T15:10:11.392Z,2025-12-14T15:10:11.392Z
34,0x000a,-6.78702e-06,0x00000000,2025-12-14T15:10:11.492Z,2025-12-14T15:10:11.492Z
25,0x000a,4.90994,0x00000000,2025-12-14T15:10:11.492Z,2025-12-14T15:10:11.492Z
23,0x000a,-0.000351996,0x00000000,2025-12-14T15:10:11.392Z,2025-12-14T15:10:11.392Z
23,0x000a,-0.000175998,0x00000000,2025-12-14T15:10:11.492Z,2025-12-14T15:10:11.492Z
22,0x000a,-0.0334283,0x00000000,2025-12-14T15:10:11.392Z,2025-12-14T15:10:11.392Z
22,0x000a,-0.0167141,0x00000000,2025-12-14T15:10:11.492Z,2025-12-14T15:10:11.492Z
21,0x000a,-1.3574e-05,0x00000000,2025-12-14T15:10:11.392Z,2025-12-14T15:10:11.392Z
21,0x000a,-6.78702e-06,0x00000000,2025-12-14T15:10:11.492Z,2025-12-14T15:10:11.492Z
7,0x0004,13575,0x00000000,2025-12-14T15:10:11.492Z,2025-12-14T15:10:11.492Z
38,0x000a,0,0x00000000,2025-12-14T15:10:11.593Z,2025-12-14T15:10:11.593Z
36,0x000a,-8.7999e-05,0x00000000,2025-12-14T15:10:11.593Z,2025-12-14T15:10:11.593Z
35,0x000a,-0.0571852,0x00000000,2025-12-14T15:10:11.593Z,2025-12-14T15:10:11.593Z
34,0x000a,-3.39351e-06,0x00000000,2025-12-14T15:10:11.593Z,2025-12-14T15:10:11.593Z
23,0x000a,-8.7999e-05,0x00000000,2025-12-14T15:10:11.593Z,2025-12-14T15:10:11.593Z
22,0x000a,-0.0571852,0x00000000,2025-12-14T15:10:11.593Z,2025-12-14T15:10:11.593Z
21,0x000a,-3.39351e-06,0x00000000,2025-12-14T15:10:11.593Z,2025-12-14T15:10:11.593Z
36,0x000a,-4.39995e-05,0x00000000,2025-12-14T15:10:11.692Z,2025-12-14T15:10:11.692Z
35,0x000a,-0.0285926,0x00000000,2025-12-14T15:10:11.692Z,2025-12-14T15:10:11.692Z
34,0x000a,-1.69676e-06,0x00000000,2025-12-14T15:10:11.692Z,2025-12-14T15:10:11.692Z
23,0x000a,-4.39995e-05,0x00000000,2025-12-14T15:10:11.692Z,2025-12-14T15:10:11.692Z
22,0x000a,-0.0285926,0x00000000,2025-12-14T15:10:11.692Z,2025-12-14T15:10:11.692Z
21,0x000a,-1.69676e-06,0x00000000,2025-12-14T15:10:11.692Z,2025-12-14T15:10:11.692Z
36,0x000a,-2.19998e-05,0x00000000,2025-12-14T15:10:11.792Z,2025-12-14T15:10:11.792Z
35,0x000a,-0.0142963,0x00000000,2025-12-14T15:10:11.792Z,2025-12-14T15:10:11.792Z
34,0x000a,-8.48378e-07,0x00000000,2025-12-14T15:10:11.792Z,2025-12-14T15:10:11.792Z
29,0x0004,0,0x00000000,2025-12-14T15:10:11.792Z,2025-12-14T15:10:11.792Z
25,0x000a,4.89981,0x00000000,2025-12-14T15:10:11.792Z,2025-12-14T15:10:11.792Z
23,0x000a,-2.19998e-05,0x00000000,2025-12-14T15:10:11.792Z,2025-12-14T15:10:11.792Z
22,0x000a,-0.0142963,0x00000000,2025-12-14T15:10:11.792Z,2025-12-14T15:10:11.792Z
21,0x000a,-8.48378e-07,0x00000000,2025-12-14T15:10:11.792Z,2025-12-14T15:10:11.792Z
7,0x0004,13547,0x00000000,2025-12-14T15:10:11.792Z,2025-12-14T15:10:11.792Z
38,0x000a,-0.101275,0x00000000,2025-12-14T15:10:11.890Z,2025-12-14T15:10:11.890Z
25,0x000a,4.83977,0x00000000,2025-12-14T15:10:11.890Z,2025-12-14T15:10:11.890Z
7,0x0004,13381,0x00000000,2025-12-14T15:10:11.890Z,2025-12-14T15:10:11.890Z
38,0x000a,-0.600405,0x00000000,2025-12-14T15:10:11.993Z,2025-12-14T15:10:11.993Z
36,0x000a,-1.09999e-05,0x00000000,2025-12-14T15:10:11.993Z,2025-12-14T15:10:11.993Z
35,0x000a,-0.0577859,0x00000000,2025-12-14T15:10:11.993Z,2025-12-14T15:10:11.993Z
34,0x000a,-4.24189e-07,0x00000000,2025-12-14T15:10:11.993Z,2025-12-14T15:10:11.993Z
25,0x000a,4.68967,0x00000000,2025-12-14T15:10:11.993Z,2025-12-14T15:10:11.993Z
23,0x000a,-1.09999e-05,0x00000000,2025-12-14T15:10:11.993Z,2025-12-14T15:10:11.993Z
22,0x000a,-0.0577859,0x00000000,2025-12-14T15:10:11.993Z,2025-12-14T15:10:11.993Z
21,0x000a,-4.24189e-07,0x00000000,2025-12-14T15:10:11.993Z,2025-12-14T15:10:11.993Z
7,0x0004,12966,0x00000000,2025-12-14T15:10:11.993Z,2025-12-14T15:10:11.993Z
38,0x000a,-3.09968,0x00000000,2025-12-14T15:10:12.092Z,2025-12-14T15:10:12.092Z
36,0x000a,-5.49994e-06,0x00000000,2025-12-14T15:10:12.092Z,2025-12-14T15:10:12.092Z
35,0x000a,-0.329095,0x00000000,2025-12-14T15:10:12.092Z,2025-12-14T15:10:12.092Z
34,0x000a,-2.12094e-07,0x00000000,2025-12-14T15:10:12.092Z,2025-12-14T15:10:12.092Z
25,0x000a,4.5298,0x00000000,2025-12-14T15:10:12.092Z,2025-12-14T15:10:12.092Z
23,0x000a,-5.49994e-06,0x00000000,2025-12-14T15:10:12.092Z,2025-12-14T15:10:12.092Z
22,0x000a,-0.329095,0x00000000,2025-12-14T15:10:12.092Z,2025-12-14T15:10:12.092Z
21,0x000a,-2.12094e-07,0x00000000,2025-12-14T15:10:12.092Z,2025-12-14T15:10:12.092Z
7,0x0004,12524,0x00000000,2025-12-14T15:10:12.092Z,2025-12-14T15:10:12.092Z
38,0x000a,-1.50101,0x00000000,2025-12-14T15:10:12.191Z,2025-12-14T15:10:12.191Z
36,0x000a,-2.74997e-06,0x00000000,2025-12-14T15:10:12.191Z,2025-12-14T15:10:12.191Z
35,0x000a,-1.71439,0x00000000,2025-12-14T15:10:12.191Z,2025-12-14T15:10:12.191Z
34,0x000a,-1.06047e-07,0x00000000,2025-12-14T15:10:12.191Z,2025-12-14T15:10:12.191Z
25,0x000a,4.3797,0x00000000,2025-12-14T15:10:12.191Z,2025-12-14T15:10:12.191Z
23,0x000a,-2.74997e-06,0x00000000,2025-12-14T15:10:12.191Z,2025-12-14T15:10:12.191Z
22,0x000a,-1.71439,0x00000000,2025-12-14T15:10:12.191Z,2025-12-14T15:10:12.191Z
21,0x000a,-1.06047e-07,0x00000000,2025-12-14T15:10:12.191Z,2025-12-14T15:10:12.191Z
7,0x0004,12109,0x00000000,2025-12-14T15:10:12.191Z,2025-12-14T15:10:12.191Z
38,0x000a,-1.89888,0x00000000,2025-12-14T15:10:12.290Z,2025-12-14T15:10:12.290Z
36,0x000a,-1.37498e-06,0x00000000,2025-12-14T15:10:12.290Z,2025-12-14T15:10:12.290Z
35,0x000a,-1.6077,0x00000000,2025-12-14T15:10:12.290Z,2025-12-14T15:10:12.290Z
34,0x000a,-5.30236e-08,0x00000000,2025-12-14T15:10:12.290Z,2025-12-14T15:10:12.290Z
25,0x000a,4.18981,0x00000000,2025-12-14T15:10:12.290Z,2025-12-14T15:10:12.290Z
23,0x000a,-1.37498e-06,0x00000000,2025-12-14T15:10:12.290Z,2025-12-14T15:10:12.290Z
22,0x000a,-1.6077,0x00000000,2025-12-14T15:10:12.290Z,2025-12-14T15:10:12.290Z
21,0x000a,-5.30236e-08,0x00000000,2025-12-14T15:10:12.290Z,2025-12-14T15:10:12.290Z
7,0x0004,11584,0x00000000,2025-12-14T15:10:12.290Z,2025-12-14T15:10:12.290Z
38,0x000a,-1.50101,0x00000000,2025-12-14T15:10:12.392Z,2025-12-14T15:10:12.392Z
36,0x000a,-6.87492e-07,0x00000000,2025-12-14T15:10:12.392Z,2025-12-14T15:10:12.392Z
35,0x000a,-1.75329,0x00000000,2025-12-14T15:10:12.392Z,2025-12-14T15:10:12.392Z
34,0x000a,-2.65118e-08,0x00000000,2025-12-14T15:10:12.392Z,2025-12-14T15:10:12.392Z
25,0x000a,4.03971,0x00000000,2025-12-14T15:10:12.392Z,2025-12-14T15:10:12.392Z
23,0x000a,-6.87492e-07,0x00000000,2025-12-14T15:10:12.392Z,2025-12-14T15:10:12.392Z
22,0x000a,-1.75329,0x00000000,2025-12-14T15:10:12.392Z,2025-12-14T15:10:12.392Z
21,0x000a,-2.65118e-08,0x00000000,2025-12-14T15:10:12.392Z,2025-12-14T15:10:12.392Z
7,0x0004,11169,0x00000000,2025-12-14T15:10:12.392Z,2025-12-14T15:10:12.392Z
38,0x000a,-1.4974,0x00000000,2025-12-14T15:10:12.492Z,2025-12-14T15:10:12.492Z
36,0x000a,-3.43746e-07,0x00000000,2025-12-14T15:10:12.492Z,2025-12-14T15:10:12.492Z
35,0x000a,-1.62715,0x00000000,2025-12-14T15:10:12.492Z,2025-12-14T15:10:12.492Z
34,0x000a,-1.32559e-08,0x00000000,2025-12-14T15:10:12.492Z,2025-12-14T15:10:12.492Z
25,0x000a,3.88997,0x00000000,2025-12-14T15:10:12.492Z,2025-12-14T15:10:12.492Z
23,0x000a,-3.43746e-07,0x00000000,2025-12-14T15:10:12.492Z,2025-12-14T15:10:12.492Z
22,0x000a,-1.62715,0x00000000,2025-12-14T15:10:12.492Z,2025-12-14T15:10:12.492Z
21,0x000a,-1.32559e-08,0x00000000,2025-12-14T15:10:12.492Z,2025-12-14T15:10:12.492Z
7,0x0004,10755,0x00000000,2025-12-14T15:10:12.492Z,2025-12-14T15:10:12.492Z
38,0x000a,-1.60228,0x00000000,2025-12-14T15:10:12.591Z,2025-12-14T15:10:12.591Z
36,0x000a,-1.71873e-07,0x00000000,2025-12-14T15:10:12.591Z,2025-12-14T15:10:12.591Z
35,0x000a,-1.56227,0x00000000,2025-12-14T15:10:12.591Z,2025-12-14T15:10:12.591Z
34,0x000a,-6.62795e-09,0x00000000,2025-12-14T15:10:12.591Z,2025-12-14T15:10:12.591Z
25,0x000a,3.72975,0x00000000,2025-12-14T15:10:12.591Z,2025-12-14T15:10:12.591Z
23,0x000a,-1.71873e-07,0x00000000,2025-12-14T15:10:12.591Z,2025-12-14T15:10:12.591Z
22,0x000a,-1.56227,0x00000000,2025-12-14T15:10:12.591Z,2025-12-14T15:10:12.591Z
21,0x000a,-6.62795e-09,0x00000000,2025-12-14T15:10:12.591Z,2025-12-14T15:10:12.591Z
7,0x0004,10312,0x00000000,2025-12-14T15:10:12.591Z,2025-12-14T15:10:12.591Z
25,0x000a,3.57964,0x00000000,2025-12-14T15:10:12.689Z,2025-12-14T15:10:12.689Z
7,0x0004,9897,0x00000000,2025-12-14T15:10:12.689Z,2025-12-14T15:10:12.689Z
38,0x000a,-1.50101,0x00000000,2025-12-14T15:10:12.792Z,2025-12-14T15:10:12.792Z
36,0x000a,-8.59365e-08,0x00000000,2025-12-14T15:10:12.792Z,2025-12-14T15:10:12.792Z
35,0x000a,-1.58228,0x00000000,2025-12-14T15:10:12.792Z,2025-12-14T15:10:12.792Z
34,0x000a,-3.31398e-09,0x00000000,2025-12-14T15:10:12.792Z,2025-12-14T15:10:12.792Z
25,0x000a,3.4299,0x00000000,2025-12-14T15:10:12.792Z,2025-12-14T15:10:12.792Z
23,0x000a,-8.59365e-08,0x00000000,2025-12-14T15:10:12.792Z,2025-12-14T15:10:12.792Z
22,0x000a,-1.58228,0x00000000,2025-12-14T15:10:12.792Z,2025-12-14T15:10:12.792Z
21,0x000a,-3.31398e-09,0x00000000,2025-12-14T15:10:12.792Z,2025-12-14T15:10:12.792Z
7,0x0004,9483,0x00000000,2025-12-14T15:10:12.792Z,2025-12-14T15:10:12.792Z
38,0x000a,-1.4974,0x00000000,2025-12-14T15:10:12.891Z,2025-12-14T15:10:12.891Z
36,0x000a,-4.29683e-08,0x00000000,2025-12-14T15:10:12.891Z,2025-12-14T15:10:12.891Z
35,0x000a,-1.54165,0x00000000,2025-12-14T15:10:12.891Z,2025-12-14T15:10:12.891Z
34,0x000a,-1.65699e-09,0x00000000,2025-12-14T15:10:12.891Z,2025-12-14T15:10:12.891Z
25,0x000a,3.26968,0x00000000,2025-12-14T15:10:12.891Z,2025-12-14T15:10:12.891Z
23,0x000a,-4.29683e-08,0x00000000,2025-12-14T15:10:12.891Z,2025-12-14T15:10:12.891Z
22,0x000a,-1.54165,0x00000000,2025-12-14T15:10:12.891Z,2025-12-14T15:10:12.891Z
21,0x000a,-1.65699e-09,0x00000000,2025-12-14T15:10:12.891Z,2025-12-14T15:10:12.891Z
7,0x0004,9040,0x00000000,2025-12-14T15:10:12.891Z,2025-12-14T15:10:12.891Z
38,0x000a,-1.60228,0x00000000,2025-12-14T15:10:12.991Z,2025-12-14T15:10:12.991Z
38,0x000a,-1.7976,0x00000000,2025-12-14T15:10:13.093Z,2025-12-14T15:10:13.093Z
36,0x000a,-2.14841e-08,0x00000000,2025-12-14T15:10:12.991Z,2025-12-14T15:10:12.991Z
36,0x000a,-1.07421e-08,0x00000000,2025-12-14T15:10:13.093Z,2025-12-14T15:10:13.093Z
35,0x000a,-1.51952,0x00000000,2025-12-14T15:10:12.991Z,2025-12-14T15:10:12.991Z
35,0x000a,-1.5609,0x00000000,2025-12-14T15:10:13.093Z,2025-12-14T15:10:13.093Z
34,0x000a,-8.28494e-10,0x00000000,2025-12-14T15:10:12.991Z,2025-12-14T15:10:12.991Z
34,0x000a,-4.14247e-10,0x00000000,2025-12-14T15:10:13.093Z,2025-12-14T15:10:13.093Z
25,0x000a,3.08992,0x00000000,2025-12-14T15:10:12.991Z,2025-12-14T15:10:12.991Z
25,0x000a,2.93981,0x00000000,2025-12-14T15:10:13.093Z,2025-12-14T15:10:13.093Z
23,0x000a,-2.14841e-08,0x00000000,2025-12-14T15:10:12.991Z,2025-12-14T15:10:12.991Z
23,0x000a,-1.07421e-08,0x00000000,2025-12-14T15:10:13.093Z,2025-12-14T15:10:13.093Z
22,0x000a,-1.51952,0x00000000,2025-12-14T15:10:12.991Z,2025-12-14T15:10:12.991Z
22,0x000a,-1.5609,0x00000000,2025-12-14T15:10:13.093Z,2025-12-14T15:10:13.093Z
21,0x000a,-8.28494e-10,0x00000000,2025-12-14T15:10:12.991Z,2025-12-14T15:10:12.991Z
21,0x000a,-4.14247e-10,0x00000000,2025-12-14T15:10:13.093Z,2025-12-14T15:10:13.093Z
7,0x0004,8543,0x00000000,2025-12-14T15:10:12.991Z,2025-12-14T15:10:12.991Z
7,0x0004,8128,0x00000000,2025-12-14T15:10:13.093Z,2025-12-14T15:10:13.093Z
38,0x000a,-3.09968,0x00000000,2025-12-14T15:10:13.192Z,2025-12-14T15:10:13.192Z
36,0x000a,-5.37103e-09,0x00000000,2025-12-14T15:10:13.192Z,2025-12-14T15:10:13.192Z
35,0x000a,-1.67925,0x00000000,2025-12-14T15:10:13.192Z,2025-12-14T15:10:13.192Z
34,0x000a,-2.07123e-10,0x00000000,2025-12-14T15:10:13.192Z,2025-12-14T15:10:13.192Z
25,0x000a,2.77995,0x00000000,2025-12-14T15:10:13.192Z,2025-12-14T15:10:13.192Z
23,0x000a,-5.37103e-09,0x00000000,2025-12-14T15:10:13.192Z,2025-12-14T15:10:13.192Z
22,0x000a,-1.67925,0x00000000,2025-12-14T15:10:13.192Z,2025-12-14T15:10:13.192Z
21,0x000a,-2.07123e-10,0x00000000,2025-12-14T15:10:13.192Z,2025-12-14T15:10:13.192Z
7,0x0004,7686,0x00000000,2025-12-14T15:10:13.192Z,2025-12-14T15:10:13.192Z
38,0x000a,-1.50101,0x00000000,2025-12-14T15:10:13.290Z,2025-12-14T15:10:13.290Z
36,0x000a,-2.68552e-09,0x00000000,2025-12-14T15:10:13.290Z,2025-12-14T15:10:13.290Z
35,0x000a,-2.38947,0x00000000,2025-12-14T15:10:13.290Z,2025-12-14T15:10:13.290Z
34,0x000a,-1.03562e-10,0x00000000,2025-12-14T15:10:13.290Z,2025-12-14T15:10:13.290Z
25,0x000a,2.62985,0x00000000,2025-12-14T15:10:13.290Z,2025-12-14T15:10:13.290Z
23,0x000a,-2.68552e-09,0x00000000,2025-12-14T15:10:13.290Z,2025-12-14T15:10:13.290Z
22,0x000a,-2.38947,0x00000000,2025-12-14T15:10:13.290Z,2025-12-14T15:10:13.290Z
21,0x000a,-1.03562e-10,0x00000000,2025-12-14T15:10:13.290Z,2025-12-14T15:10:13.290Z
7,0x0004,7271,0x00000000,2025-12-14T15:10:13.290Z,2025-12-14T15:10:13.290Z
36,0x000a,-1.34276e-09,0x00000000,2025-12-14T15:10:13.390Z,2025-12-14T15:10:13.390Z
35,0x000a,-1.94524,0x00000000,2025-12-14T15:10:13.390Z,2025-12-14T15:10:13.390Z
34,0x000a,-5.17809e-11,0x00000000,2025-12-14T15:10:13.390Z,2025-12-14T15:10:13.390Z
25,0x000a,2.47975,0x00000000,2025-12-14T15:10:13.390Z,2025-12-14T15:10:13.390Z
23,0x000a,-1.34276e-09,0x00000000,2025-12-14T15:10:13.390Z,2025-12-14T15:10:13.390Z
22,0x000a,-1.94524,0x00000000,2025-12-14T15:10:13.390Z,2025-12-14T15:10:13.390Z
21,0x000a,-5.17809e-11,0x00000000,2025-12-14T15:10:13.390Z,2025-12-14T15:10:13.390Z
7,0x0004,6856,0x00000000,2025-12-14T15:10:13.390Z,2025-12-14T15:10:13.390Z
36,0x000a,-6.71379e-10,0x00000000,2025-12-14T15:10:13.492Z,2025-12-14T15:10:13.492Z
35,0x000a,-1.72313,0x00000000,2025-12-14T15:10:13.492Z,2025-12-14T15:10:13.492Z
34,0x000a,-2.58904e-11,0x00000000,2025-12-14T15:10:13.492Z,2025-12-14T15:10:13.492Z
25,0x000a,2.31988,0x00000000,2025-12-14T15:10:13.492Z,2025-12-14T15:10:13.492Z
23,0x000a,-6.71379e-10,0x00000000,2025-12-14T15:10:13.492Z,2025-12-14T15:10:13.492Z
22,0x000a,-1.72313,0x00000000,2025-12-14T15:10:13.492Z,2025-12-14T15:10:13.492Z
21,0x000a,-2.58904e-11,0x00000000,2025-12-14T15:10:13.492Z,2025-12-14T15:10:13.492Z
7,0x0004,6414,0x00000000,2025-12-14T15:10:13.492Z,2025-12-14T15:10:13.492Z
38,0x000a,-1.59867,0x00000000,2025-12-14T15:10:13.591Z,2025-12-14T15:10:13.591Z
25,0x000a,2.13976,0x00000000,2025-12-14T15:10:13.591Z,2025-12-14T15:10:13.591Z
7,0x0004,5916,0x00000000,2025-12-14T15:10:13.591Z,2025-12-14T15:10:13.591Z
38,0x000a,-1.80121,0x00000000,2025-12-14T15:10:13.692Z,2025-12-14T15:10:13.692Z
36,0x000a,-3.3569e-10,0x00000000,2025-12-14T15:10:13.692Z,2025-12-14T15:10:13.692Z
35,0x000a,-1.6609,0x00000000,2025-12-14T15:10:13.692Z,2025-12-14T15:10:13.692Z
34,0x000a,-1.29452e-11,0x00000000,2025-12-14T15:10:13.692Z,2025-12-14T15:10:13.692Z
25,0x000a,1.98966,0x00000000,2025-12-14T15:10:13.692Z,2025-12-14T15:10:13.692Z
23,0x000a,-3.3569e-10,0x00000000,2025-12-14T15:10:13.692Z,2025-12-14T15:10:13.692Z
22,0x000a,-1.6609,0x00000000,2025-12-14T15:10:13.692Z,2025-12-14T15:10:13.692Z
21,0x000a,-1.29452e-11,0x00000000,2025-12-14T15:10:13.692Z,2025-12-14T15:10:13.692Z
7,0x0004,5501,0x00000000,2025-12-14T15:10:13.692Z,2025-12-14T15:10:13.692Z
38,0x000a,-1.50101,0x00000000,2025-12-14T15:10:13.790Z,2025-12-14T15:10:13.790Z
36,0x000a,-1.67845e-10,0x00000000,2025-12-14T15:10:13.790Z,2025-12-14T15:10:13.790Z
35,0x000a,-1.73106,0x00000000,2025-12-14T15:10:13.790Z,2025-12-14T15:10:13.790Z
34,0x000a,-6.47261e-12,0x00000000,2025-12-14T15:10:13.790Z,2025-12-14T15:10:13.790Z
25,0x000a,1.82979,0x00000000,2025-12-14T15:10:13.790Z,2025-12-14T15:10:13.790Z
23,0x000a,-1.67845e-10,0x00000000,2025-12-14T15:10:13.790Z,2025-12-14T15:10:13.790Z
22,0x000a,-1.73106,0x00000000,2025-12-14T15:10:13.790Z,2025-12-14T15:10:13.790Z
21,0x000a,-6.47261e-12,0x00000000,2025-12-14T15:10:13.790Z,2025-12-14T15:10:13.790Z
7,0x0004,5059,0x00000000,2025-12-14T15:10:13.790Z,2025-12-14T15:10:13.790Z
38,0x000a,-1.59867,0x00000000,2025-12-14T15:10:13.890Z,2025-12-14T15:10:13.890Z
36,0x000a,-8.39224e-11,0x00000000,2025-12-14T15:10:13.890Z,2025-12-14T15:10:13.890Z
35,0x000a,-1.61603,0x00000000,2025-12-14T15:10:13.890Z,2025-12-14T15:10:13.890Z
34,0x000a,-3.2363e-12,0x00000000,2025-12-14T15:10:13.890Z,2025-12-14T15:10:13.890Z
25,0x000a,1.67969,0x00000000,2025-12-14T15:10:13.890Z,2025-12-14T15:10:13.890Z
23,0x000a,-8.39224e-11,0x00000000,2025-12-14T15:10:13.890Z,2025-12-14T15:10:13.890Z
22,0x000a,-1.61603,0x00000000,2025-12-14T15:10:13.890Z,2025-12-14T15:10:13.890Z
21,0x000a,-3.2363e-12,0x00000000,2025-12-14T15:10:13.890Z,2025-12-14T15:10:13.890Z
7,0x0004,4644,0x00000000,2025-12-14T15:10:13.890Z,2025-12-14T15:10:13.890Z
38,0x000a,-1.50101,0x00000000,2025-12-14T15:10:13.991Z,2025-12-14T15:10:13.991Z
36,0x000a,-4.19612e-11,0x00000000,2025-12-14T15:10:13.991Z,2025-12-14T15:10:13.991Z
35,0x000a,-1.60735,0x00000000,2025-12-14T15:10:13.991Z,2025-12-14T15:10:13.991Z
34,0x000a,-1.61815e-12,0x00000000,2025-12-14T15:10:13.991Z,2025-12-14T15:10:13.991Z
25,0x000a,1.52995,0x00000000,2025-12-14T15:10:13.991Z,2025-12-14T15:10:13.991Z
23,0x000a,-4.19612e-11,0x00000000,2025-12-14T15:10:13.991Z,2025-12-14T15:10:13.991Z
22,0x000a,-1.60735,0x00000000,2025-12-14T15:10:13.991Z,2025-12-14T15:10:13.991Z
21,0x000a,-1.61815e-12,0x00000000,2025-12-14T15:10:13.991Z,2025-12-14T15:10:13.991Z
7,0x0004,4230,0x00000000,2025-12-14T15:10:13.991Z,2025-12-14T15:10:13.991Z
38,0x000a,-1.4974,0x00000000,2025-12-14T15:10:14.092Z,2025-12-14T15:10:14.092Z
36,0x000a,-2.09806e-11,0x00000000,2025-12-14T15:10:14.092Z,2025-12-14T15:10:14.092Z
35,0x000a,-1.55418,0x00000000,2025-12-14T15:10:14.092Z,2025-12-14T15:10:14.092Z
34,0x000a,-8.09076e-13,0x00000000,2025-12-14T15:10:14.092Z,2025-12-14T15:10:14.092Z
25,0x000a,1.36972,0x00000000,2025-12-14T15:10:14.092Z,2025-12-14T15:10:14.092Z
23,0x000a,-2.09806e-11,0x00000000,2025-12-14T15:10:14.092Z,2025-12-14T15:10:14.092Z
22,0x000a,-1.55418,0x00000000,2025-12-14T15:10:14.092Z,2025-12-14T15:10:14.092Z
21,0x000a,-8.09076e-13,0x00000000,2025-12-14T15:10:14.092Z,2025-12-14T15:10:14.092Z
7,0x0004,3787,0x00000000,2025-12-14T15:10:14.092Z,2025-12-14T15:10:14.092Z
38,0x000a,-1.60229,0x00000000,2025-12-14T15:10:14.191Z,2025-12-14T15:10:14.191Z
36,0x000a,-1.04903e-11,0x00000000,2025-12-14T15:10:14.191Z,2025-12-14T15:10:14.191Z
35,0x000a,-1.52579,0x00000000,2025-12-14T15:10:14.191Z,2025-12-14T15:10:14.191Z
34,0x000a,-4.04538e-13,0x00000000,2025-12-14T15:10:14.191Z,2025-12-14T15:10:14.191Z
25,0x000a,1.21998,0x00000000,2025-12-14T15:10:14.191Z,2025-12-14T15:10:14.191Z
23,0x000a,-1.04903e-11,0x00000000,2025-12-14T15:10:14.191Z,2025-12-14T15:10:14.191Z
22,0x000a,-1.52579,0x00000000,2025-12-14T15:10:14.191Z,2025-12-14T15:10:14.191Z
21,0x000a,-4.04538e-13,0x00000000,2025-12-14T15:10:14.191Z,2025-12-14T15:10:14.191Z
7,0x0004,3373,0x00000000,2025-12-14T15:10:14.191Z,2025-12-14T15:10:14.191Z
38,0x000a,-2.99841,0x00000000,2025-12-14T15:10:14.291Z,2025-12-14T15:10:14.291Z
36,0x000a,-5.24515e-12,0x00000000,2025-12-14T15:10:14.291Z,2025-12-14T15:10:14.291Z
35,0x000a,-1.56404,0x00000000,2025-12-14T15:10:14.291Z,2025-12-14T15:10:14.291Z
34,0x000a,-2.02269e-13,0x00000000,2025-12-14T15:10:14.291Z,2025-12-14T15:10:14.291Z
25,0x000a,1.06988,0x00000000,2025-12-14T15:10:14.291Z,2025-12-14T15:10:14.291Z
23,0x000a,-5.24515e-12,0x00000000,2025-12-14T15:10:14.291Z,2025-12-14T15:10:14.291Z
22,0x000a,-1.56404,0x00000000,2025-12-14T15:10:14.291Z,2025-12-14T15:10:14.291Z
21,0x000a,-2.02269e-13,0x00000000,2025-12-14T15:10:14.291Z,2025-12-14T15:10:14.291Z
7,0x0004,2958,0x00000000,2025-12-14T15:10:14.291Z,2025-12-14T15:10:14.291Z
38,0x000a,-1.89887,0x00000000,2025-12-14T15:10:14.492Z,2025-12-14T15:10:14.492Z
36,0x000a,-2.62257e-12,0x00000000,2025-12-14T15:10:14.492Z,2025-12-14T15:10:14.492Z
35,0x000a,-2.28122,0x00000000,2025-12-14T15:10:14.492Z,2025-12-14T15:10:14.492Z
34,0x000a,-1.01134e-13,0x00000000,2025-12-14T15:10:14.492Z,2025-12-14T15:10:14.492Z
25,0x000a,0.879991,0x00000000,2025-12-14T15:10:14.492Z,2025-12-14T15:10:14.492Z
23,0x000a,-2.62257e-12,0x00000000,2025-12-14T15:10:14.492Z,2025-12-14T15:10:14.492Z
22,0x000a,-2.28122,0x00000000,2025-12-14T15:10:14.492Z,2025-12-14T15:10:14.492Z
21,0x000a,-1.01134e-13,0x00000000,2025-12-14T15:10:14.492Z,2025-12-14T15:10:14.492Z
7,0x0004,2433,0x00000000,2025-12-14T15:10:14.492Z,2025-12-14T15:10:14.492Z
38,0x000a,-1.50101,0x00000000,2025-12-14T15:10:14.591Z,2025-12-14T15:10:14.591Z
36,0x000a,-1.31129e-12,0x00000000,2025-12-14T15:10:14.591Z,2025-12-14T15:10:14.591Z
35,0x000a,-2.09005,0x00000000,2025-12-14T15:10:14.591Z,2025-12-14T15:10:14.591Z
34,0x000a,-5.05672e-14,0x00000000,2025-12-14T15:10:14.591Z,2025-12-14T15:10:14.591Z
25,0x000a,0.72989,0x00000000,2025-12-14T15:10:14.591Z,2025-12-14T15:10:14.591Z
23,0x000a,-1.31129e-12,0x00000000,2025-12-14T15:10:14.591Z,2025-12-14T15:10:14.591Z
22,0x000a,-2.09005,0x00000000,2025-12-14T15:10:14.591Z,2025-12-14T15:10:14.591Z
21,0x000a,-5.05672e-14,0x00000000,2025-12-14T15:10:14.591Z,2025-12-14T15:10:14.591Z
7,0x0004,2018,0x00000000,2025-12-14T15:10:14.591Z,2025-12-14T15:10:14.591Z
38,0x000a,-1.60229,0x00000000,2025-12-14T15:10:14.690Z,2025-12-14T15:10:14.690Z
36,0x000a,-6.55644e-13,0x00000000,2025-12-14T15:10:14.690Z,2025-12-14T15:10:14.690Z
35,0x000a,-1.79553,0x00000000,2025-12-14T15:10:14.690Z,2025-12-14T15:10:14.690Z
34,0x000a,-2.52836e-14,0x00000000,2025-12-14T15:10:14.690Z,2025-12-14T15:10:14.690Z
25,0x000a,0.569661,0x00000000,2025-12-14T15:10:14.690Z,2025-12-14T15:10:14.690Z
23,0x000a,-6.55644e-13,0x00000000,2025-12-14T15:10:14.690Z,2025-12-14T15:10:14.690Z
22,0x000a,-1.79553,0x00000000,2025-12-14T15:10:14.690Z,2025-12-14T15:10:14.690Z
21,0x000a,-2.52836e-14,0x00000000,2025-12-14T15:10:14.690Z,2025-12-14T15:10:14.690Z
7,0x0004,1575,0x00000000,2025-12-14T15:10:14.690Z,2025-12-14T15:10:14.690Z
38,0x000a,-1.4974,0x00000000,2025-12-14T15:10:14.791Z,2025-12-14T15:10:14.791Z
36,0x000a,-3.27822e-13,0x00000000,2025-12-14T15:10:14.791Z,2025-12-14T15:10:14.791Z
35,0x000a,-1.69891,0x00000000,2025-12-14T15:10:14.791Z,2025-12-14T15:10:14.791Z
34,0x000a,-1.26418e-14,0x00000000,2025-12-14T15:10:14.791Z,2025-12-14T15:10:14.791Z
25,0x000a,0.419922,0x00000000,2025-12-14T15:10:14.791Z,2025-12-14T15:10:14.791Z
23,0x000a,-3.27822e-13,0x00000000,2025-12-14T15:10:14.791Z,2025-12-14T15:10:14.791Z
22,0x000a,-1.69891,0x00000000,2025-12-14T15:10:14.791Z,2025-12-14T15:10:14.791Z
21,0x000a,-1.26418e-14,0x00000000,2025-12-14T15:10:14.791Z,2025-12-14T15:10:14.791Z
7,0x0004,1161,0x00000000,2025-12-14T15:10:14.791Z,2025-12-14T15:10:14.791Z
38,0x000a,-1.50101,0x00000000,2025-12-14T15:10:14.891Z,2025-12-14T15:10:14.891Z
38,0x000a,-1.59867,0x00000000,2025-12-14T15:10:14.990Z,2025-12-14T15:10:14.990Z
36,0x000a,-1.63911e-13,0x00000000,2025-12-14T15:10:14.891Z,2025-12-14T15:10:14.891Z
36,0x000a,-8.19555e-14,0x00000000,2025-12-14T15:10:14.990Z,2025-12-14T15:10:14.990Z
35,0x000a,-1.59815,0x00000000,2025-12-14T15:10:14.891Z,2025-12-14T15:10:14.891Z
35,0x000a,-1.54958,0x00000000,2025-12-14T15:10:14.990Z,2025-12-14T15:10:14.990Z
34,0x000a,-6.32091e-15,0x00000000,2025-12-14T15:10:14.891Z,2025-12-14T15:10:14.891Z
34,0x000a,-3.16045e-15,0x00000000,2025-12-14T15:10:14.990Z,2025-12-14T15:10:14.990Z
25,0x000a,0.269821,0x00000000,2025-12-14T15:10:14.891Z,2025-12-14T15:10:14.891Z
25,0x000a,0.109954,0x00000000,2025-12-14T15:10:14.990Z,2025-12-14T15:10:14.990Z
23,0x000a,-1.63911e-13,0x00000000,2025-12-14T15:10:14.891Z,2025-12-14T15:10:14.891Z
23,0x000a,-8.19555e-14,0x00000000,2025-12-14T15:10:14.990Z,2025-12-14T15:10:14.990Z
22,0x000a,-1.59815,0x00000000,2025-12-14T15:10:14.891Z,2025-12-14T15:10:14.891Z
22,0x000a,-1.54958,0x00000000,2025-12-14T15:10:14.990Z,2025-12-14T15:10:14.990Z
21,0x000a,-6.32091e-15,0x00000000,2025-12-14T15:10:14.891Z,2025-12-14T15:10:14.891Z
21,0x000a,-3.16045e-15,0x00000000,2025-12-14T15:10:14.990Z,2025-12-14T15:10:14.990Z
16,0x0001,false,0x00000000,2025-12-14T15:10:14.891Z,2025-12-14T15:10:14.891Z
7,0x0004,746,0x00000000,2025-12-14T15:10:14.891Z,2025-12-14T15:10:14.891Z
7,0x0004,304,0x00000000,2025-12-14T15:10:14.990Z,2025-12-14T15:10:14.990Z
38,0x000a,-0.900608,0x00000000,2025-12-14T15:10:15.091Z,2025-12-14T15:10:15.091Z
36,0x000a,-4.09777e-14,0x00000000,2025-12-14T15:10:15.091Z,2025-12-14T15:10:15.091Z
35,0x000a,-1.57413,0x00000000,2025-12-14T15:10:15.091Z,2025-12-14T15:10:15.091Z
34,0x000a,-1.58023e-15,0x00000000,2025-12-14T15:10:15.091Z,2025-12-14T15:10:15.091Z
25,0x000a,0.0198929,0x00000000,2025-12-14T15:10:15.091Z,2025-12-14T15:10:15.091Z
23,0x000a,-4.09777e-14,0x00000000,2025-12-14T15:10:15.091Z,2025-12-14T15:10:15.091Z
22,0x000a,-1.57413,0x00000000,2025-12-14T15:10:15.091Z,2025-12-14T15:10:15.091Z
21,0x000a,-1.58023e-15,0x00000000,2025-12-14T15:10:15.091Z,2025-12-14T15:10:15.091Z
7,0x0004,55,0x00000000,2025-12-14T15:10:15.091Z,2025-12-14T15:10:15.091Z
38,0x000a,0,0x00000000,2025-12-14T15:10:15.292Z,2025-12-14T15:10:15.292Z
36,0x000a,-2.04889e-14,0x00000000,2025-12-14T15:10:15.292Z,2025-12-14T15:10:15.292Z
35,0x000a,-1.23737,0x00000000,2025-12-14T15:10:15.292Z,2025-12-14T15:10:15.292Z
34,0x000a,-7.90113e-16,0x00000000,2025-12-14T15:10:15.292Z,2025-12-14T15:10:15.292Z
23,0x000a,-2.04889e-14,0x00000000,2025-12-14T15:10:15.292Z,2025-12-14T15:10:15.292Z
22,0x000a,-1.23737,0x00000000,2025-12-14T15:10:15.292Z,2025-12-14T15:10:15.292Z
21,0x000a,-7.90113e-16,0x00000000,2025-12-14T15:10:15.292Z,2025-12-14T15:10:15.292Z
42,0x0001,false,0x00000000,2025-12-14T15:10:15.391Z,2025-12-14T15:10:15.391Z
40,0x0001,false,0x00000000,2025-12-14T15:10:15.391Z,2025-12-14T15:10:15.391Z
36,0x000a,-1.02444e-14,0x00000000,2025-12-14T15:10:15.391Z,2025-12-14T15:10:15.391Z
35,0x000a,-0.618683,0x00000000,2025-12-14T15:10:15.391Z,2025-12-14T15:10:15.391Z
34,0x000a,-3.95057e-16,0x00000000,2025-12-14T15:10:15.391Z,2025-12-14T15:10:15.391Z
23,0x000a,-1.02444e-14,0x00000000,2025-12-14T15:10:15.391Z,2025-12-14T15:10:15.391Z
22,0x000a,-0.618683,0x00000000,2025-12-14T15:10:15.391Z,2025-12-14T15:10:15.391Z
21,0x000a,-3.95057e-16,0x00000000,2025-12-14T15:10:15.391Z,2025-12-14T15:10:15.391Z
17,0x0001,true,0x00000000,2025-12-14T15:10:15.391Z,2025-12-14T15:10:15.391Z
15,0x0001,true,0x00000000,2025-12-14T15:10:15.391Z,2025-12-14T15:10:15.391Z
13,0x0001,true,0x00000000,2025-12-14T15:10:15.391Z,2025-12-14T15:10:15.391Z
4,0x000a,10,0x00000000,2025-12-14T15:10:15.391Z,2025-12-14T15:10:15.391Z
3,0x000a,9,0x00000000,2025-12-14T15:10:15.391Z,2025-12-14T15:10:15.391Z
2,0x000a,8,0x00000000,2025-12-14T15:10:15.391Z,2025-12-14T15:10:15.391Z
36,0x000a,-5.12222e-15,0x00000000,2025-12-14T15:10:15.490Z,2025-12-14T15:10:15.490Z
35,0x000a,-0.309342,0x00000000,2025-12-14T15:10:15.490Z,2025-12-14T15:10:15.490Z
34,0x000a,-1.97528e-16,0x00000000,2025-12-14T15:10:15.490Z,2025-12-14T15:10:15.490Z
23,0x000a,-5.12222e-15,0x00000000,2025-12-14T15:10:15.490Z,2025-12-14T15:10:15.490Z
22,0x000a,-0.309342,0x00000000,2025-12-14T15:10:15.490Z,2025-12-14T15:10:15.490Z
21,0x000a,-1.97528e-16,0x00000000,2025-12-14T15:10:15.490Z,2025-12-14T15:10:15.490Z
39,0x000a,0.701678,0x00000000,2025-12-14T15:10:15.591Z,2025-12-14T15:10:15.591Z
38,0x000a,0.900608,0x00000000,2025-12-14T15:10:15.591Z,2025-12-14T15:10:15.591Z
37,0x000a,1.59867,0x00000000,2025-12-14T15:10:15.591Z,2025-12-14T15:10:15.591Z
36,0x000a,-2.56111e-15,0x00000000,2025-12-14T15:10:15.591Z,2025-12-14T15:10:15.591Z
35,0x000a,-0.154671,0x00000000,2025-12-14T15:10:15.591Z,2025-12-14T15:10:15.591Z
34,0x000a,-9.87642e-17,0x00000000,2025-12-14T15:10:15.591Z,2025-12-14T15:10:15.591Z
26,0x000a,0.0799334,0x00000000,2025-12-14T15:10:15.591Z,2025-12-14T15:10:15.591Z
25,0x000a,0.109954,0x00000000,2025-12-14T15:10:15.591Z,2025-12-14T15:10:15.591Z
24,0x000a,0.159867,0x00000000,2025-12-14T15:10:15.591Z,2025-12-14T15:10:15.591Z
23,0x000a,-2.56111e-15,0x00000000,2025-12-14T15:10:15.591Z,2025-12-14T15:10:15.591Z
22,0x000a,-0.154671,0x00000000,2025-12-14T15:10:15.591Z,2025-12-14T15:10:15.591Z
21,0x000a,-9.87642e-17,0x00000000,2025-12-14T15:10:15.591Z,2025-12-14T15:10:15.591Z
8,0x0004,221,0x00000000,2025-12-14T15:10:15.591Z,2025-12-14T15:10:15.591Z
7,0x0004,304,0x00000000,2025-12-14T15:10:15.591Z,2025-12-14T15:10:15.591Z
6,0x0004,442,0x00000000,2025-12-14T15:10:15.591Z,2025-12-14T15:10:15.591Z
39,0x000a,2.60055,0x00000000,2025-12-14T15:10:15.692Z,2025-12-14T15:10:15.692Z
38,0x000a,1.89887,0x00000000,2025-12-14T15:10:15.692Z,2025-12-14T15:10:15.692Z
37,0x000a,3.29861,0x00000000,2025-12-14T15:10:15.692Z,2025-12-14T15:10:15.692Z
36,0x000a,0.350839,0x00000000,2025-12-14T15:10:15.692Z,2025-12-14T15:10:15.692Z
35,0x000a,0.372968,0x00000000,2025-12-14T15:10:15.692Z,2025-12-14T15:10:15.692Z
34,0x000a,0.799335,0x00000000,2025-12-14T15:10:15.692Z,2025-12-14T15:10:15.692Z
26,0x000a,0.339988,0x00000000,2025-12-14T15:10:15.692Z,2025-12-14T15:10:15.692Z
25,0x000a,0.299841,0x00000000,2025-12-14T15:10:15.692Z,2025-12-14T15:10:15.692Z
24,0x000a,0.489728,0x00000000,2025-12-14T15:10:15.692Z,2025-12-14T15:10:15.692Z
23,0x000a,0.350839,0x00000000,2025-12-14T15:10:15.692Z,2025-12-14T15:10:15.692Z
22,0x000a,0.372968,0x00000000,2025-12-14T15:10:15.692Z,2025-12-14T15:10:15.692Z
21,0x000a,0.799335,0x00000000,2025-12-14T15:10:15.692Z,2025-12-14T15:10:15.692Z
8,0x0004,940,0x00000000,2025-12-14T15:10:15.692Z,2025-12-14T15:10:15.692Z
7,0x0004,829,0x00000000,2025-12-14T15:10:15.692Z,2025-12-14T15:10:15.692Z
6,0x0004,1354,0x00000000,2025-12-14T15:10:15.692Z,2025-12-14T15:10:15.692Z
39,0x000a,1.69994,0x00000000,2025-12-14T15:10:15.792Z,2025-12-14T15:10:15.792Z
38,0x000a,1.20081,0x00000000,2025-12-14T15:10:15.792Z,2025-12-14T15:10:15.792Z
37,0x000a,2.20269,0x00000000,2025-12-14T15:10:15.792Z,2025-12-14T15:10:15.792Z
36,0x000a,1.47569,0x00000000,2025-12-14T15:10:15.792Z,2025-12-14T15:10:15.792Z
35,0x000a,1.13592,0x00000000,2025-12-14T15:10:15.792Z,2025-12-14T15:10:15.792Z
34,0x000a,2.04897,0x00000000,2025-12-14T15:10:15.792Z,2025-12-14T15:10:15.792Z
26,0x000a,0.509983,0x00000000,2025-12-14T15:10:15.792Z,2025-12-14T15:10:15.792Z
25,0x000a,0.419922,0x00000000,2025-12-14T15:10:15.792Z,2025-12-14T15:10:15.792Z
24,0x000a,0.709997,0x00000000,2025-12-14T15:10:15.792Z,2025-12-14T15:10:15.792Z
23,0x000a,1.47569,0x00000000,2025-12-14T15:10:15.792Z,2025-12-14T15:10:15.792Z
22,0x000a,1.13592,0x00000000,2025-12-14T15:10:15.792Z,2025-12-14T15:10:15.792Z
21,0x000a,2.04897,0x00000000,2025-12-14T15:10:15.792Z,2025-12-14T15:10:15.792Z
8,0x0004,1410,0x00000000,2025-12-14T15:10:15.792Z,2025-12-14T15:10:15.792Z
7,0x0004,1161,0x00000000,2025-12-14T15:10:15.792Z,2025-12-14T15:10:15.792Z
6,0x0004,1963,0x00000000,2025-12-14T15:10:15.792Z,2025-12-14T15:10:15.792Z
39,0x000a,2.59693,0x00000000,2025-12-14T15:10:15.891Z,2025-12-14T15:10:15.891Z
38,0x000a,1.89887,0x00000000,2025-12-14T15:10:15.891Z,2025-12-14T15:10:15.891Z
37,0x000a,3.29861,0x00000000,2025-12-14T15:10:15.891Z,2025-12-14T15:10:15.891Z
36,0x000a,1.58782,0x00000000,2025-12-14T15:10:15.891Z,2025-12-14T15:10:15.891Z
35,0x000a,1.16837,0x00000000,2025-12-14T15:10:15.891Z,2025-12-14T15:10:15.891Z
34,0x000a,2.12583,0x00000000,2025-12-14T15:10:15.891Z,2025-12-14T15:10:15.891Z
26,0x000a,0.769676,0x00000000,2025-12-14T15:10:15.891Z,2025-12-14T15:10:15.891Z
25,0x000a,0.609809,0x00000000,2025-12-14T15:10:15.891Z,2025-12-14T15:10:15.891Z
24,0x000a,1.03986,0x00000000,2025-12-14T15:10:15.891Z,2025-12-14T15:10:15.891Z
23,0x000a,1.58782,0x00000000,2025-12-14T15:10:15.891Z,2025-12-14T15:10:15.891Z
22,0x000a,1.16837,0x00000000,2025-12-14T15:10:15.891Z,2025-12-14T15:10:15.891Z
21,0x000a,2.12583,0x00000000,2025-12-14T15:10:15.891Z,2025-12-14T15:10:15.891Z
8,0x0004,2128,0x00000000,2025-12-14T15:10:15.891Z,2025-12-14T15:10:15.891Z
7,0x0004,1686,0x00000000,2025-12-14T15:10:15.891Z,2025-12-14T15:10:15.891Z
6,0x0004,2875,0x00000000,2025-12-14T15:10:15.891Z,2025-12-14T15:10:15.891Z
36,0x000a,2.09238,0x00000000,2025-12-14T15:10:15.993Z,2025-12-14T15:10:15.993Z
35,0x000a,1.53362,0x00000000,2025-12-14T15:10:15.993Z,2025-12-14T15:10:15.993Z
34,0x000a,2.71222,0x00000000,2025-12-14T15:10:15.993Z,2025-12-14T15:10:15.993Z
26,0x000a,0.979818,0x00000000,2025-12-14T15:10:15.993Z,2025-12-14T15:10:15.993Z
25,0x000a,0.75991,0x00000000,2025-12-14T15:10:15.993Z,2025-12-14T15:10:15.993Z
24,0x000a,1.31981,0x00000000,2025-12-14T15:10:15.993Z,2025-12-14T15:10:15.993Z
23,0x000a,2.09238,0x00000000,2025-12-14T15:10:15.993Z,2025-12-14T15:10:15.993Z
22,0x000a,1.53362,0x00000000,2025-12-14T15:10:15.993Z,2025-12-14T15:10:15.993Z
21,0x000a,2.71222,0x00000000,2025-12-14T15:10:15.993Z,2025-12-14T15:10:15.993Z
8,0x0004,2709,0x00000000,2025-12-14T15:10:15.993Z,2025-12-14T15:10:15.993Z
7,0x0004,2101,0x00000000,2025-12-14T15:10:15.993Z,2025-12-14T15:10:15.993Z
6,0x0004,3649,0x00000000,2025-12-14T15:10:15.993Z,2025-12-14T15:10:15.993Z
39,0x000a,2.10142,0x00000000,2025-12-14T15:10:16.091Z,2025-12-14T15:10:16.091Z
38,0x000a,1.50101,0x00000000,2025-12-14T15:10:16.091Z,2025-12-14T15:10:16.091Z
37,0x000a,2.79948,0x00000000,2025-12-14T15:10:16.091Z,2025-12-14T15:10:16.091Z
26,0x000a,1.18996,0x00000000,2025-12-14T15:10:16.091Z,2025-12-14T15:10:16.091Z
25,0x000a,0.90965,0x00000000,2025-12-14T15:10:16.091Z,2025-12-14T15:10:16.091Z
24,0x000a,1.59975,0x00000000,2025-12-14T15:10:16.091Z,2025-12-14T15:10:16.091Z
8,0x0004,3290,0x00000000,2025-12-14T15:10:16.091Z,2025-12-14T15:10:16.091Z
7,0x0004,2515,0x00000000,2025-12-14T15:10:16.091Z,2025-12-14T15:10:16.091Z
6,0x0004,4423,0x00000000,2025-12-14T15:10:16.091Z,2025-12-14T15:10:16.091Z
39,0x000a,2.10142,0x00000000,2025-12-14T15:10:16.191Z,2025-12-14T15:10:16.191Z
38,0x000a,1.4974,0x00000000,2025-12-14T15:10:16.191Z,2025-12-14T15:10:16.191Z
36,0x000a,2.0969,0x00000000,2025-12-14T15:10:16.191Z,2025-12-14T15:10:16.191Z
35,0x000a,1.51732,0x00000000,2025-12-14T15:10:16.191Z,2025-12-14T15:10:16.191Z
34,0x000a,2.75585,0x00000000,2025-12-14T15:10:16.191Z,2025-12-14T15:10:16.191Z
26,0x000a,1.40987,0x00000000,2025-12-14T15:10:16.191Z,2025-12-14T15:10:16.191Z
25,0x000a,1.06988,0x00000000,2025-12-14T15:10:16.191Z,2025-12-14T15:10:16.191Z
24,0x000a,1.86994,0x00000000,2025-12-14T15:10:16.191Z,2025-12-14T15:10:16.191Z
23,0x000a,2.0969,0x00000000,2025-12-14T15:10:16.191Z,2025-12-14T15:10:16.191Z
22,0x000a,1.51732,0x00000000,2025-12-14T15:10:16.191Z,2025-12-14T15:10:16.191Z
21,0x000a,2.75585,0x00000000,2025-12-14T15:10:16.191Z,2025-12-14T15:10:16.191Z
8,0x0004,3898,0x00000000,2025-12-14T15:10:16.191Z,2025-12-14T15:10:16.191Z
7,0x0004,2958,0x00000000,2025-12-14T15:10:16.191Z,2025-12-14T15:10:16.191Z
6,0x0004,5170,0x00000000,2025-12-14T15:10:16.191Z,2025-12-14T15:10:16.191Z
39,0x000a,2.19907,0x00000000,2025-12-14T15:10:16.292Z,2025-12-14T15:10:16.292Z
38,0x000a,1.60229,0x00000000,2025-12-14T15:10:16.292Z,2025-12-14T15:10:16.292Z
37,0x000a,2.70182,0x00000000,2025-12-14T15:10:16.292Z,2025-12-14T15:10:16.292Z
36,0x000a,2.09916,0x00000000,2025-12-14T15:10:16.292Z,2025-12-14T15:10:16.292Z
35,0x000a,1.50736,0x00000000,2025-12-14T15:10:16.292Z,2025-12-14T15:10:16.292Z
34,0x000a,2.77766,0x00000000,2025-12-14T15:10:16.292Z,2025-12-14T15:10:16.292Z
26,0x000a,1.61965,0x00000000,2025-12-14T15:10:16.292Z,2025-12-14T15:10:16.292Z
25,0x000a,1.21998,0x00000000,2025-12-14T15:10:16.292Z,2025-12-14T15:10:16.292Z
24,0x000a,2.14988,0x00000000,2025-12-14T15:10:16.292Z,2025-12-14T15:10:16.292Z
23,0x000a,2.09916,0x00000000,2025-12-14T15:10:16.292Z,2025-12-14T15:10:16.292Z
22,0x000a,1.50736,0x00000000,2025-12-14T15:10:16.292Z,2025-12-14T15:10:16.292Z
21,0x000a,2.77766,0x00000000,2025-12-14T15:10:16.292Z,2025-12-14T15:10:16.292Z
8,0x0004,4478,0x00000000,2025-12-14T15:10:16.292Z,2025-12-14T15:10:16.292Z
7,0x0004,3373,0x00000000,2025-12-14T15:10:16.292Z,2025-12-14T15:10:16.292Z
6,0x0004,5944,0x00000000,2025-12-14T15:10:16.292Z,2025-12-14T15:10:16.292Z
39,0x000a,2.0978,0x00000000,2025-12-14T15:10:16.392Z,2025-12-14T15:10:16.392Z
39,0x000a,2.50289,0x00000000,2025-12-14T15:10:16.490Z,2025-12-14T15:10:16.490Z
38,0x000a,1.50101,0x00000000,2025-12-14T15:10:16.392Z,2025-12-14T15:10:16.392Z
38,0x000a,1.7976,0x00000000,2025-12-14T15:10:16.490Z,2025-12-14T15:10:16.490Z
37,0x000a,2.79948,0x00000000,2025-12-14T15:10:16.392Z,2025-12-14T15:10:16.392Z
37,0x000a,3.29861,0x00000000,2025-12-14T15:10:16.490Z,2025-12-14T15:10:16.490Z
36,0x000a,2.14912,0x00000000,2025-12-14T15:10:16.392Z,2025-12-14T15:10:16.392Z
36,0x000a,2.12346,0x00000000,2025-12-14T15:10:16.490Z,2025-12-14T15:10:16.490Z
35,0x000a,1.55482,0x00000000,2025-12-14T15:10:16.392Z,2025-12-14T15:10:16.392Z
35,0x000a,1.52792,0x00000000,2025-12-14T15:10:16.490Z,2025-12-14T15:10:16.490Z
34,0x000a,2.73974,0x00000000,2025-12-14T15:10:16.392Z,2025-12-14T15:10:16.392Z
34,0x000a,2.76961,0x00000000,2025-12-14T15:10:16.490Z,2025-12-14T15:10:16.490Z
26,0x000a,1.86994,0x00000000,2025-12-14T15:10:16.392Z,2025-12-14T15:10:16.392Z
26,0x000a,2.08984,0x00000000,2025-12-14T15:10:16.490Z,2025-12-14T15:10:16.490Z
25,0x000a,1.39974,0x00000000,2025-12-14T15:10:16.392Z,2025-12-14T15:10:16.392Z
25,0x000a,1.55997,0x00000000,2025-12-14T15:10:16.490Z,2025-12-14T15:10:16.490Z
24,0x000a,2.47975,0x00000000,2025-12-14T15:10:16.392Z,2025-12-14T15:10:16.392Z
24,0x000a,2.75969,0x00000000,2025-12-14T15:10:16.490Z,2025-12-14T15:10:16.490Z
23,0x000a,2.14912,0x00000000,2025-12-14T15:10:16.392Z,2025-12-14T15:10:16.392Z
23,0x000a,2.12346,0x00000000,2025-12-14T15:10:16.490Z,2025-12-14T15:10:16.490Z
22,0x000a,1.55482,0x00000000,2025-12-14T15:10:16.392Z,2025-12-14T15:10:16.392Z
22,0x000a,1.52792,0x00000000,2025-12-14T15:10:16.490Z,2025-12-14T15:10:16.490Z
21,0x000a,2.73974,0x00000000,2025-12-14T15:10:16.392Z,2025-12-14T15:10:16.392Z
21,0x000a,2.76961,0x00000000,2025-12-14T15:10:16.490Z,2025-12-14T15:10:16.490Z
8,0x0004,5170,0x00000000,2025-12-14T15:10:16.392Z,2025-12-14T15:10:16.392Z
8,0x0004,5778,0x00000000,2025-12-14T15:10:16.490Z,2025-12-14T15:10:16.490Z
7,0x0004,3870,0x00000000,2025-12-14T15:10:16.392Z,2025-12-14T15:10:16.392Z
7,0x0004,4313,0x00000000,2025-12-14T15:10:16.490Z,2025-12-14T15:10:16.490Z
6,0x0004,6856,0x00000000,2025-12-14T15:10:16.392Z,2025-12-14T15:10:16.392Z
6,0x0004,7630,0x00000000,2025-12-14T15:10:16.490Z,2025-12-14T15:10:16.490Z
39,0x000a,4.30049,0x00000000,2025-12-14T15:10:16.592Z,2025-12-14T15:10:16.592Z
38,0x000a,3.09968,0x00000000,2025-12-14T15:10:16.592Z,2025-12-14T15:10:16.592Z
37,0x000a,5.5013,0x00000000,2025-12-14T15:10:16.592Z,2025-12-14T15:10:16.592Z
36,0x000a,2.31318,0x00000000,2025-12-14T15:10:16.592Z,2025-12-14T15:10:16.592Z
35,0x000a,1.66276,0x00000000,2025-12-14T15:10:16.592Z,2025-12-14T15:10:16.592Z
34,0x000a,3.03411,0x00000000,2025-12-14T15:10:16.592Z,2025-12-14T15:10:16.592Z
26,0x000a,2.29999,0x00000000,2025-12-14T15:10:16.592Z,2025-12-14T15:10:16.592Z
25,0x000a,1.70971,0x00000000,2025-12-14T15:10:16.592Z,2025-12-14T15:10:16.592Z
24,0x000a,3.02988,0x00000000,2025-12-14T15:10:16.592Z,2025-12-14T15:10:16.592Z
23,0x000a,2.31318,0x00000000,2025-12-14T15:10:16.592Z,2025-12-14T15:10:16.592Z
22,0x000a,1.66276,0x00000000,2025-12-14T15:10:16.592Z,2025-12-14T15:10:16.592Z
21,0x000a,3.03411,0x00000000,2025-12-14T15:10:16.592Z,2025-12-14T15:10:16.592Z
8,0x0004,6359,0x00000000,2025-12-14T15:10:16.592Z,2025-12-14T15:10:16.592Z
7,0x0004,4727,0x00000000,2025-12-14T15:10:16.592Z,2025-12-14T15:10:16.592Z
6,0x0004,8377,0x00000000,2025-12-14T15:10:16.592Z,2025-12-14T15:10:16.592Z
39,0x000a,2.0978,0x00000000,2025-12-14T15:10:16.689Z,2025-12-14T15:10:16.689Z
38,0x000a,1.50101,0x00000000,2025-12-14T15:10:16.689Z,2025-12-14T15:10:16.689Z
37,0x000a,2.79948,0x00000000,2025-12-14T15:10:16.689Z,2025-12-14T15:10:16.689Z
36,0x000a,3.30683,0x00000000,2025-12-14T15:10:16.689Z,2025-12-14T15:10:16.689Z
35,0x000a,2.38122,0x00000000,2025-12-14T15:10:16.689Z,2025-12-14T15:10:16.689Z
34,0x000a,4.26771,0x00000000,2025-12-14T15:10:16.689Z,2025-12-14T15:10:16.689Z
26,0x000a,2.50977,0x00000000,2025-12-14T15:10:16.689Z,2025-12-14T15:10:16.689Z
25,0x000a,1.85981,0x00000000,2025-12-14T15:10:16.689Z,2025-12-14T15:10:16.689Z
24,0x000a,3.30982,0x00000000,2025-12-14T15:10:16.689Z,2025-12-14T15:10:16.689Z
23,0x000a,3.30683,0x00000000,2025-12-14T15:10:16.689Z,2025-12-14T15:10:16.689Z
22,0x000a,2.38122,0x00000000,2025-12-14T15:10:16.689Z,2025-12-14T15:10:16.689Z
21,0x000a,4.26771,0x00000000,2025-12-14T15:10:16.689Z,2025-12-14T15:10:16.689Z
8,0x0004,6939,0x00000000,2025-12-14T15:10:16.689Z,2025-12-14T15:10:16.689Z
7,0x0004,5142,0x00000000,2025-12-14T15:10:16.689Z,2025-12-14T15:10:16.689Z
6,0x0004,9151,0x00000000,2025-12-14T15:10:16.689Z,2025-12-14T15:10:16.689Z
36,0x000a,2.70232,0x00000000,2025-12-14T15:10:16.790Z,2025-12-14T15:10:16.790Z
35,0x000a,1.94112,0x00000000,2025-12-14T15:10:16.790Z,2025-12-14T15:10:16.790Z
34,0x000a,3.53359,0x00000000,2025-12-14T15:10:16.790Z,2025-12-14T15:10:16.790Z
26,0x000a,2.72967,0x00000000,2025-12-14T15:10:16.790Z,2025-12-14T15:10:16.790Z
25,0x000a,2.01968,0x00000000,2025-12-14T15:10:16.790Z,2025-12-14T15:10:16.790Z
24,0x000a,3.57964,0x00000000,2025-12-14T15:10:16.790Z,2025-12-14T15:10:16.790Z
23,0x000a,2.70232,0x00000000,2025-12-14T15:10:16.790Z,2025-12-14T15:10:16.790Z
22,0x000a,1.94112,0x00000000,2025-12-14T15:10:16.790Z,2025-12-14T15:10:16.790Z
21,0x000a,3.53359,0x00000000,2025-12-14T15:10:16.790Z,2025-12-14T15:10:16.790Z
8,0x0004,7547,0x00000000,2025-12-14T15:10:16.790Z,2025-12-14T15:10:16.790Z
7,0x0004,5584,0x00000000,2025-12-14T15:10:16.790Z,2025-12-14T15:10:16.790Z
6,0x0004,9897,0x00000000,2025-12-14T15:10:16.790Z,2025-12-14T15:10:16.790Z
39,0x000a,2.19907,0x00000000,2025-12-14T15:10:16.893Z,2025-12-14T15:10:16.893Z
38,0x000a,1.59867,0x00000000,2025-12-14T15:10:16.893Z,2025-12-14T15:10:16.893Z
37,0x000a,2.6982,0x00000000,2025-12-14T15:10:16.893Z,2025-12-14T15:10:16.893Z
26,0x000a,2.93981,0x00000000,2025-12-14T15:10:16.893Z,2025-12-14T15:10:16.893Z
25,0x000a,2.16978,0x00000000,2025-12-14T15:10:16.893Z,2025-12-14T15:10:16.893Z
24,0x000a,3.85995,0x00000000,2025-12-14T15:10:16.893Z,2025-12-14T15:10:16.893Z
8,0x0004,8128,0x00000000,2025-12-14T15:10:16.893Z,2025-12-14T15:10:16.893Z
7,0x0004,5999,0x00000000,2025-12-14T15:10:16.893Z,2025-12-14T15:10:16.893Z
6,0x0004,10672,0x00000000,2025-12-14T15:10:16.893Z,2025-12-14T15:10:16.893Z
39,0x000a,2.10142,0x00000000,2025-12-14T15:10:16.991Z,2025-12-14T15:10:16.991Z
38,0x000a,1.50101,0x00000000,2025-12-14T15:10:16.991Z,2025-12-14T15:10:16.991Z
37,0x000a,2.8031,0x00000000,2025-12-14T15:10:16.991Z,2025-12-14T15:10:16.991Z
36,0x000a,2.4507,0x00000000,2025-12-14T15:10:16.991Z,2025-12-14T15:10:16.991Z
35,0x000a,1.76989,0x00000000,2025-12-14T15:10:16.991Z,2025-12-14T15:10:16.991Z
34,0x000a,3.1159,0x00000000,2025-12-14T15:10:16.991Z,2025-12-14T15:10:16.991Z
26,0x000a,3.19987,0x00000000,2025-12-14T15:10:16.991Z,2025-12-14T15:10:16.991Z
25,0x000a,2.3499,0x00000000,2025-12-14T15:10:16.991Z,2025-12-14T15:10:16.991Z
24,0x000a,4.18981,0x00000000,2025-12-14T15:10:16.991Z,2025-12-14T15:10:16.991Z
23,0x000a,2.4507,0x00000000,2025-12-14T15:10:16.991Z,2025-12-14T15:10:16.991Z
22,0x000a,1.76989,0x00000000,2025-12-14T15:10:16.991Z,2025-12-14T15:10:16.991Z
21,0x000a,3.1159,0x00000000,2025-12-14T15:10:16.991Z,2025-12-14T15:10:16.991Z
8,0x0004,8847,0x00000000,2025-12-14T15:10:16.991Z,2025-12-14T15:10:16.991Z
7,0x0004,6497,0x00000000,2025-12-14T15:10:16.991Z,2025-12-14T15:10:16.991Z
6,0x0004,11584,0x00000000,2025-12-14T15:10:16.991Z,2025-12-14T15:10:16.991Z
39,0x000a,2.60055,0x00000000,2025-12-14T15:10:17.089Z,2025-12-14T15:10:17.089Z
38,0x000a,1.80121,0x00000000,2025-12-14T15:10:17.089Z,2025-12-14T15:10:17.089Z
37,0x000a,3.29861,0x00000000,2025-12-14T15:10:17.089Z,2025-12-14T15:10:17.089Z
36,0x000a,2.27606,0x00000000,2025-12-14T15:10:17.089Z,2025-12-14T15:10:17.089Z
35,0x000a,1.63545,0x00000000,2025-12-14T15:10:17.089Z,2025-12-14T15:10:17.089Z
34,0x000a,2.9595,0x00000000,2025-12-14T15:10:17.089Z,2025-12-14T15:10:17.089Z
26,0x000a,3.40965,0x00000000,2025-12-14T15:10:17.089Z,2025-12-14T15:10:17.089Z
25,0x000a,2.50977,0x00000000,2025-12-14T15:10:17.089Z,2025-12-14T15:10:17.089Z
24,0x000a,4.46976,0x00000000,2025-12-14T15:10:17.089Z,2025-12-14T15:10:17.089Z
23,0x000a,2.27606,0x00000000,2025-12-14T15:10:17.089Z,2025-12-14T15:10:17.089Z
22,0x000a,1.63545,0x00000000,2025-12-14T15:10:17.089Z,2025-12-14T15:10:17.089Z
21,0x000a,2.9595,0x00000000,2025-12-14T15:10:17.089Z,2025-12-14T15:10:17.089Z
8,0x0004,9427,0x00000000,2025-12-14T15:10:17.089Z,2025-12-14T15:10:17.089Z
7,0x0004,6939,0x00000000,2025-12-14T15:10:17.089Z,2025-12-14T15:10:17.089Z
6,0x0004,12358,0x00000000,2025-12-14T15:10:17.089Z,2025-12-14T15:10:17.089Z
39,0x000a,2.0978,0x00000000,2025-12-14T15:10:17.191Z,2025-12-14T15:10:17.191Z
38,0x000a,1.59867,0x00000000,2025-12-14T15:10:17.191Z,2025-12-14T15:10:17.191Z
37,0x000a,2.79948,0x00000000,2025-12-14T15:10:17.191Z,2025-12-14T15:10:17.191Z
36,0x000a,2.4383,0x00000000,2025-12-14T15:10:17.191Z,2025-12-14T15:10:17.191Z
35,0x000a,1.71833,0x00000000,2025-12-14T15:10:17.191Z,2025-12-14T15:10:17.191Z
34,0x000a,3.12905,0x00000000,2025-12-14T15:10:17.191Z,2025-12-14T15:10:17.191Z
26,0x000a,3.61979,0x00000000,2025-12-14T15:10:17.191Z,2025-12-14T15:10:17.191Z
25,0x000a,2.65987,0x00000000,2025-12-14T15:10:17.191Z,2025-12-14T15:10:17.191Z
24,0x000a,4.73994,0x00000000,2025-12-14T15:10:17.191Z,2025-12-14T15:10:17.191Z
23,0x000a,2.4383,0x00000000,2025-12-14T15:10:17.191Z,2025-12-14T15:10:17.191Z
22,0x000a,1.71833,0x00000000,2025-12-14T15:10:17.191Z,2025-12-14T15:10:17.191Z
21,0x000a,3.12905,0x00000000,2025-12-14T15:10:17.191Z,2025-12-14T15:10:17.191Z
8,0x0004,10008,0x00000000,2025-12-14T15:10:17.191Z,2025-12-14T15:10:17.191Z
7,0x0004,7354,0x00000000,2025-12-14T15:10:17.191Z,2025-12-14T15:10:17.191Z
6,0x0004,13105,0x00000000,2025-12-14T15:10:17.191Z,2025-12-14T15:10:17.191Z
39,0x000a,2.10142,0x00000000,2025-12-14T15:10:17.292Z,2025-12-14T15:10:17.292Z
38,0x000a,1.50101,0x00000000,2025-12-14T15:10:17.292Z,2025-12-14T15:10:17.292Z
37,0x000a,2.70182,0x00000000,2025-12-14T15:10:17.292Z,2025-12-14T15:10:17.292Z
36,0x000a,2.26805,0x00000000,2025-12-14T15:10:17.292Z,2025-12-14T15:10:17.292Z
35,0x000a,1.6585,0x00000000,2025-12-14T15:10:17.292Z,2025-12-14T15:10:17.292Z
34,0x000a,2.96427,0x00000000,2025-12-14T15:10:17.292Z,2025-12-14T15:10:17.292Z
23,0x000a,2.26805,0x00000000,2025-12-14T15:10:17.292Z,2025-12-14T15:10:17.292Z
22,0x000a,1.6585,0x00000000,2025-12-14T15:10:17.292Z,2025-12-14T15:10:17.292Z
21,0x000a,2.96427,0x00000000,2025-12-14T15:10:17.292Z,2025-12-14T15:10:17.292Z
39,0x000a,2.19908,0x00000000,2025-12-14T15:10:17.390Z,2025-12-14T15:10:17.390Z
38,0x000a,1.50101,0x00000000,2025-12-14T15:10:17.390Z,2025-12-14T15:10:17.390Z
37,0x000a,2.79948,0x00000000,2025-12-14T15:10:17.390Z,2025-12-14T15:10:17.390Z
36,0x000a,2.18473,0x00000000,2025-12-14T15:10:17.390Z,2025-12-14T15:10:17.390Z
35,0x000a,1.57976,0x00000000,2025-12-14T15:10:17.390Z,2025-12-14T15:10:17.390Z
34,0x000a,2.83304,0x00000000,2025-12-14T15:10:17.390Z,2025-12-14T15:10:17.390Z
28,0x0004,27000,0x00000000,2025-12-14T15:10:17.390Z,2025-12-14T15:10:17.390Z
26,0x000a,3.8397,0x00000000,2025-12-14T15:10:17.390Z,2025-12-14T15:10:17.390Z
25,0x000a,2.80997,0x00000000,2025-12-14T15:10:17.390Z,2025-12-14T15:10:17.390Z
24,0x000a,5.01989,0x00000000,2025-12-14T15:10:17.390Z,2025-12-14T15:10:17.390Z
23,0x000a,2.18473,0x00000000,2025-12-14T15:10:17.390Z,2025-12-14T15:10:17.390Z
22,0x000a,1.57976,0x00000000,2025-12-14T15:10:17.390Z,2025-12-14T15:10:17.390Z
21,0x000a,2.83304,0x00000000,2025-12-14T15:10:17.390Z,2025-12-14T15:10:17.390Z
8,0x0004,10616,0x00000000,2025-12-14T15:10:17.390Z,2025-12-14T15:10:17.390Z
7,0x0004,7769,0x00000000,2025-12-14T15:10:17.390Z,2025-12-14T15:10:17.390Z
6,0x0004,13879,0x00000000,2025-12-14T15:10:17.390Z,2025-12-14T15:10:17.390Z
39,0x000a,2.10142,0x00000000,2025-12-14T15:10:17.492Z,2025-12-14T15:10:17.492Z
38,0x000a,1.59867,0x00000000,2025-12-14T15:10:17.492Z,2025-12-14T15:10:17.492Z
37,0x000a,2.19908,0x00000000,2025-12-14T15:10:17.492Z,2025-12-14T15:10:17.492Z
36,0x000a,2.19191,0x00000000,2025-12-14T15:10:17.492Z,2025-12-14T15:10:17.492Z
35,0x000a,1.54039,0x00000000,2025-12-14T15:10:17.492Z,2025-12-14T15:10:17.492Z
34,0x000a,2.81626,0x00000000,2025-12-14T15:10:17.492Z,2025-12-14T15:10:17.492Z
28,0x0004,0,0x00000000,2025-12-14T15:10:17.492Z,2025-12-14T15:10:17.492Z
26,0x000a,4.04984,0x00000000,2025-12-14T15:10:17.492Z,2025-12-14T15:10:17.492Z
25,0x000a,2.96984,0x00000000,2025-12-14T15:10:17.492Z,2025-12-14T15:10:17.492Z
24,0x000a,5.2398,0x00000000,2025-12-14T15:10:17.492Z,2025-12-14T15:10:17.492Z
23,0x000a,2.19191,0x00000000,2025-12-14T15:10:17.492Z,2025-12-14T15:10:17.492Z
22,0x000a,1.54039,0x00000000,2025-12-14T15:10:17.492Z,2025-12-14T15:10:17.492Z
21,0x000a,2.81626,0x00000000,2025-12-14T15:10:17.492Z,2025-12-14T15:10:17.492Z
8,0x0004,11197,0x00000000,2025-12-14T15:10:17.492Z,2025-12-14T15:10:17.492Z
7,0x0004,8211,0x00000000,2025-12-14T15:10:17.492Z,2025-12-14T15:10:17.492Z
6,0x0004,14487,0x00000000,2025-12-14T15:10:17.492Z,2025-12-14T15:10:17.492Z
36,0x000a,2.14666,0x00000000,2025-12-14T15:10:17.591Z,2025-12-14T15:10:17.591Z
35,0x000a,1.56953,0x00000000,2025-12-14T15:10:17.591Z,2025-12-14T15:10:17.591Z
34,0x000a,2.50767,0x00000000,2025-12-14T15:10:17.591Z,2025-12-14T15:10:17.591Z
26,0x000a,4.29977,0x00000000,2025-12-14T15:10:17.591Z,2025-12-14T15:10:17.591Z
25,0x000a,3.14996,0x00000000,2025-12-14T15:10:17.591Z,2025-12-14T15:10:17.591Z
24,0x000a,5.40979,0x00000000,2025-12-14T15:10:17.591Z,2025-12-14T15:10:17.591Z
23,0x000a,2.14666,0x00000000,2025-12-14T15:10:17.591Z,2025-12-14T15:10:17.591Z
22,0x000a,1.56953,0x00000000,2025-12-14T15:10:17.591Z,2025-12-14T15:10:17.591Z
21,0x000a,2.50767,0x00000000,2025-12-14T15:10:17.591Z,2025-12-14T15:10:17.591Z
8,0x0004,11888,0x00000000,2025-12-14T15:10:17.591Z,2025-12-14T15:10:17.591Z
7,0x0004,8709,0x00000000,2025-12-14T15:10:17.591Z,2025-12-14T15:10:17.591Z
6,0x0004,14957,0x00000000,2025-12-14T15:10:17.591Z,2025-12-14T15:10:17.591Z
39,0x000a,2.49928,0x00000000,2025-12-14T15:10:17.690Z,2025-12-14T15:10:17.690Z
38,0x000a,1.80121,0x00000000,2025-12-14T15:10:17.690Z,2025-12-14T15:10:17.690Z
37,0x000a,1.69994,0x00000000,2025-12-14T15:10:17.690Z,2025-12-14T15:10:17.690Z
26,0x000a,4.51968,0x00000000,2025-12-14T15:10:17.690Z,2025-12-14T15:10:17.690Z
25,0x000a,3.2997,0x00000000,2025-12-14T15:10:17.690Z,2025-12-14T15:10:17.690Z
24,0x000a,5.67998,0x00000000,2025-12-14T15:10:17.690Z,2025-12-14T15:10:17.690Z
8,0x0004,12496,0x00000000,2025-12-14T15:10:17.690Z,2025-12-14T15:10:17.690Z
7,0x0004,9123,0x00000000,2025-12-14T15:10:17.690Z,2025-12-14T15:10:17.690Z
6,0x0004,15704,0x00000000,2025-12-14T15:10:17.690Z,2025-12-14T15:10:17.690Z
39,0x000a,4.30049,0x00000000,2025-12-14T15:10:17.792Z,2025-12-14T15:10:17.792Z
38,0x000a,3.09968,0x00000000,2025-12-14T15:10:17.792Z,2025-12-14T15:10:17.792Z
37,0x000a,5.5013,0x00000000,2025-12-14T15:10:17.792Z,2025-12-14T15:10:17.792Z
36,0x000a,2.32297,0x00000000,2025-12-14T15:10:17.792Z,2025-12-14T15:10:17.792Z
35,0x000a,1.68537,0x00000000,2025-12-14T15:10:17.792Z,2025-12-14T15:10:17.792Z
34,0x000a,2.1038,0x00000000,2025-12-14T15:10:17.792Z,2025-12-14T15:10:17.792Z
26,0x000a,4.72982,0x00000000,2025-12-14T15:10:17.792Z,2025-12-14T15:10:17.792Z
25,0x000a,3.45992,0x00000000,2025-12-14T15:10:17.792Z,2025-12-14T15:10:17.792Z
24,0x000a,5.95992,0x00000000,2025-12-14T15:10:17.792Z,2025-12-14T15:10:17.792Z
23,0x000a,2.32297,0x00000000,2025-12-14T15:10:17.792Z,2025-12-14T15:10:17.792Z
22,0x000a,1.68537,0x00000000,2025-12-14T15:10:17.792Z,2025-12-14T15:10:17.792Z
21,0x000a,2.1038,0x00000000,2025-12-14T15:10:17.792Z,2025-12-14T15:10:17.792Z
8,0x0004,13077,0x00000000,2025-12-14T15:10:17.792Z,2025-12-14T15:10:17.792Z
7,0x0004,9566,0x00000000,2025-12-14T15:10:17.792Z,2025-12-14T15:10:17.792Z
6,0x0004,16478,0x00000000,2025-12-14T15:10:17.792Z,2025-12-14T15:10:17.792Z
39,0x000a,2.10142,0x00000000,2025-12-14T15:10:17.892Z,2025-12-14T15:10:17.892Z
38,0x000a,1.4974,0x00000000,2025-12-14T15:10:17.892Z,2025-12-14T15:10:17.892Z
37,0x000a,2.79948,0x00000000,2025-12-14T15:10:17.892Z,2025-12-14T15:10:17.892Z
36,0x000a,3.31173,0x00000000,2025-12-14T15:10:17.892Z,2025-12-14T15:10:17.892Z
35,0x000a,2.39253,0x00000000,2025-12-14T15:10:17.892Z,2025-12-14T15:10:17.892Z
34,0x000a,3.80255,0x00000000,2025-12-14T15:10:17.892Z,2025-12-14T15:10:17.892Z
30,0x0004,27000,0x00000000,2025-12-14T15:10:17.892Z,2025-12-14T15:10:17.892Z
26,0x000a,4.93996,0x00000000,2025-12-14T15:10:17.892Z,2025-12-14T15:10:17.892Z
25,0x000a,3.60966,0x00000000,2025-12-14T15:10:17.892Z,2025-12-14T15:10:17.892Z
24,0x000a,6.23987,0x00000000,2025-12-14T15:10:17.892Z,2025-12-14T15:10:17.892Z
23,0x000a,3.31173,0x00000000,2025-12-14T15:10:17.892Z,2025-12-14T15:10:17.892Z
22,0x000a,2.39253,0x00000000,2025-12-14T15:10:17.892Z,2025-12-14T15:10:17.892Z
21,0x000a,3.80255,0x00000000,2025-12-14T15:10:17.892Z,2025-12-14T15:10:17.892Z
8,0x0004,13658,0x00000000,2025-12-14T15:10:17.892Z,2025-12-14T15:10:17.892Z
7,0x0004,9980,0x00000000,2025-12-14T15:10:17.892Z,2025-12-14T15:10:17.892Z
6,0x0004,17252,0x00000000,2025-12-14T15:10:17.892Z,2025-12-14T15:10:17.892Z
39,0x000a,1.7976,0x00000000,2025-12-14T15:10:17.991Z,2025-12-14T15:10:17.991Z
39,0x000a,0.401478,0x00000000,2025-12-14T15:10:18.090Z,2025-12-14T15:10:18.090Z
38,0x000a,1.50101,0x00000000,2025-12-14T15:10:17.991Z,2025-12-14T15:10:17.991Z
38,0x000a,1.60228,0x00000000,2025-12-14T15:10:18.090Z,2025-12-14T15:10:18.090Z
37,0x000a,2.69821,0x00000000,2025-12-14T15:10:17.991Z,2025-12-14T15:10:17.991Z
37,0x000a,2.79948,0x00000000,2025-12-14T15:10:18.090Z,2025-12-14T15:10:18.090Z
36,0x000a,2.70658,0x00000000,2025-12-14T15:10:17.991Z,2025-12-14T15:10:17.991Z
36,0x000a,2.25209,0x00000000,2025-12-14T15:10:18.090Z,2025-12-14T15:10:18.090Z
35,0x000a,1.94496,0x00000000,2025-12-14T15:10:17.991Z,2025-12-14T15:10:17.991Z
35,0x000a,1.72299,0x00000000,2025-12-14T15:10:18.090Z,2025-12-14T15:10:18.090Z
34,0x000a,3.30102,0x00000000,2025-12-14T15:10:17.991Z,2025-12-14T15:10:17.991Z
34,0x000a,2.99961,0x00000000,2025-12-14T15:10:18.090Z,2025-12-14T15:10:18.090Z
30,0x0004,0,0x00000000,2025-12-14T15:10:17.991Z,2025-12-14T15:10:17.991Z
26,0x000a,5.11972,0x00000000,2025-12-14T15:10:17.991Z,2025-12-14T15:10:17.991Z
26,0x000a,5.15987,0x00000000,2025-12-14T15:10:18.090Z,2025-12-14T15:10:18.090Z
25,0x000a,3.75977,0x00000000,2025-12-14T15:10:17.991Z,2025-12-14T15:10:17.991Z
25,0x000a,3.91999,0x00000000,2025-12-14T15:10:18.090Z,2025-12-14T15:10:18.090Z
24,0x000a,6.50969,0x00000000,2025-12-14T15:10:17.991Z,2025-12-14T15:10:17.991Z
24,0x000a,6.78964,0x00000000,2025-12-14T15:10:18.090Z,2025-12-14T15:10:18.090Z
23,0x000a,2.70658,0x00000000,2025-12-14T15:10:17.991Z,2025-12-14T15:10:17.991Z
23,0x000a,2.25209,0x00000000,2025-12-14T15:10:18.090Z,2025-12-14T15:10:18.090Z
22,0x000a,1.94496,0x00000000,2025-12-14T15:10:17.991Z,2025-12-14T15:10:17.991Z
22,0x000a,1.72299,0x00000000,2025-12-14T15:10:18.090Z,2025-12-14T15:10:18.090Z
21,0x000a,3.30102,0x00000000,2025-12-14T15:10:17.991Z,2025-12-14T15:10:17.991Z
21,0x000a,2.99961,0x00000000,2025-12-14T15:10:18.090Z,2025-12-14T15:10:18.090Z
8,0x0004,14155,0x00000000,2025-12-14T15:10:17.991Z,2025-12-14T15:10:17.991Z
8,0x0004,14266,0x00000000,2025-12-14T15:10:18.090Z,2025-12-14T15:10:18.090Z
7,0x0004,10395,0x00000000,2025-12-14T15:10:17.991Z,2025-12-14T15:10:17.991Z
7,0x0004,10838,0x00000000,2025-12-14T15:10:18.090Z,2025-12-14T15:10:18.090Z
6,0x0004,17998,0x00000000,2025-12-14T15:10:17.991Z,2025-12-14T15:10:17.991Z
6,0x0004,18772,0x00000000,2025-12-14T15:10:18.090Z,2025-12-14T15:10:18.090Z
39,0x000a,2.19907,0x00000000,2025-12-14T15:10:18.190Z,2025-12-14T15:10:18.190Z
38,0x000a,1.4974,0x00000000,2025-12-14T15:10:18.190Z,2025-12-14T15:10:18.190Z
37,0x000a,2.70183,0x00000000,2025-12-14T15:10:18.190Z,2025-12-14T15:10:18.190Z
36,0x000a,1.32678,0x00000000,2025-12-14T15:10:18.190Z,2025-12-14T15:10:18.190Z
35,0x000a,1.66264,0x00000000,2025-12-14T15:10:18.190Z,2025-12-14T15:10:18.190Z
34,0x000a,2.89954,0x00000000,2025-12-14T15:10:18.190Z,2025-12-14T15:10:18.190Z
26,0x000a,5.37977,0x00000000,2025-12-14T15:10:18.190Z,2025-12-14T15:10:18.190Z
25,0x000a,4.06973,0x00000000,2025-12-14T15:10:18.190Z,2025-12-14T15:10:18.190Z
24,0x000a,7.05982,0x00000000,2025-12-14T15:10:18.190Z,2025-12-14T15:10:18.190Z
23,0x000a,1.32678,0x00000000,2025-12-14T15:10:18.190Z,2025-12-14T15:10:18.190Z
22,0x000a,1.66264,0x00000000,2025-12-14T15:10:18.190Z,2025-12-14T15:10:18.190Z
21,0x000a,2.89954,0x00000000,2025-12-14T15:10:18.190Z,2025-12-14T15:10:18.190Z
8,0x0004,14874,0x00000000,2025-12-14T15:10:18.190Z,2025-12-14T15:10:18.190Z
7,0x0004,11252,0x00000000,2025-12-14T15:10:18.190Z,2025-12-14T15:10:18.190Z
6,0x0004,19519,0x00000000,2025-12-14T15:10:18.190Z,2025-12-14T15:10:18.190Z
39,0x000a,2.10142,0x00000000,2025-12-14T15:10:18.292Z,2025-12-14T15:10:18.292Z
38,0x000a,1.60229,0x00000000,2025-12-14T15:10:18.292Z,2025-12-14T15:10:18.292Z
37,0x000a,2.79948,0x00000000,2025-12-14T15:10:18.292Z,2025-12-14T15:10:18.292Z
36,0x000a,1.76293,0x00000000,2025-12-14T15:10:18.292Z,2025-12-14T15:10:18.292Z
35,0x000a,1.58002,0x00000000,2025-12-14T15:10:18.292Z,2025-12-14T15:10:18.292Z
34,0x000a,2.80069,0x00000000,2025-12-14T15:10:18.292Z,2025-12-14T15:10:18.292Z
26,0x000a,5.58992,0x00000000,2025-12-14T15:10:18.292Z,2025-12-14T15:10:18.292Z
25,0x000a,4.22996,0x00000000,2025-12-14T15:10:18.292Z,2025-12-14T15:10:18.292Z
24,0x000a,7.33977,0x00000000,2025-12-14T15:10:18.292Z,2025-12-14T15:10:18.292Z
23,0x000a,1.76293,0x00000000,2025-12-14T15:10:18.292Z,2025-12-14T15:10:18.292Z
22,0x000a,1.58002,0x00000000,2025-12-14T15:10:18.292Z,2025-12-14T15:10:18.292Z
21,0x000a,2.80069,0x00000000,2025-12-14T15:10:18.292Z,2025-12-14T15:10:18.292Z
8,0x0004,15455,0x00000000,2025-12-14T15:10:18.292Z,2025-12-14T15:10:18.292Z
7,0x0004,11695,0x00000000,2025-12-14T15:10:18.292Z,2025-12-14T15:10:18.292Z
6,0x0004,20293,0x00000000,2025-12-14T15:10:18.292Z,2025-12-14T15:10:18.292Z
36,0x000a,1.93217,0x00000000,2025-12-14T15:10:18.391Z,2025-12-14T15:10:18.391Z
35,0x000a,1.59115,0x00000000,2025-12-14T15:10:18.391Z,2025-12-14T15:10:18.391Z
34,0x000a,2.80008,0x00000000,2025-12-14T15:10:18.391Z,2025-12-14T15:10:18.391Z
26,0x000a,5.7997,0x00000000,2025-12-14T15:10:18.391Z,2025-12-14T15:10:18.391Z
25,0x000a,4.3797,0x00000000,2025-12-14T15:10:18.391Z,2025-12-14T15:10:18.391Z
24,0x000a,7.61972,0x00000000,2025-12-14T15:10:18.391Z,2025-12-14T15:10:18.391Z
23,0x000a,1.93217,0x00000000,2025-12-14T15:10:18.391Z,2025-12-14T15:10:18.391Z
22,0x000a,1.59115,0x00000000,2025-12-14T15:10:18.391Z,2025-12-14T15:10:18.391Z
21,0x000a,2.80008,0x00000000,2025-12-14T15:10:18.391Z,2025-12-14T15:10:18.391Z
8,0x0004,16035,0x00000000,2025-12-14T15:10:18.391Z,2025-12-14T15:10:18.391Z
7,0x0004,12109,0x00000000,2025-12-14T15:10:18.391Z,2025-12-14T15:10:18.391Z
6,0x0004,21067,0x00000000,2025-12-14T15:10:18.391Z,2025-12-14T15:10:18.391Z
39,0x000a,2.0978,0x00000000,2025-12-14T15:10:18.490Z,2025-12-14T15:10:18.490Z
38,0x000a,1.4974,0x00000000,2025-12-14T15:10:18.490Z,2025-12-14T15:10:18.490Z
26,0x000a,6.00984,0x00000000,2025-12-14T15:10:18.490Z,2025-12-14T15:10:18.490Z
25,0x000a,4.5298,0x00000000,2025-12-14T15:10:18.490Z,2025-12-14T15:10:18.490Z
24,0x000a,7.8899,0x00000000,2025-12-14T15:10:18.490Z,2025-12-14T15:10:18.490Z
13,0x0001,false,0x00000000,2025-12-14T15:10:18.490Z,2025-12-14T15:10:18.490Z
8,0x0004,16616,0x00000000,2025-12-14T15:10:18.490Z,2025-12-14T15:10:18.490Z
7,0x0004,12524,0x00000000,2025-12-14T15:10:18.490Z,2025-12-14T15:10:18.490Z
6,0x0004,21814,0x00000000,2025-12-14T15:10:18.490Z,2025-12-14T15:10:18.490Z
39,0x000a,2.10142,0x00000000,2025-12-14T15:10:18.590Z,2025-12-14T15:10:18.590Z
38,0x000a,1.50101,0x00000000,2025-12-14T15:10:18.590Z,2025-12-14T15:10:18.590Z
37,0x000a,2.70183,0x00000000,2025-12-14T15:10:18.590Z,2025-12-14T15:10:18.590Z
36,0x000a,2.01499,0x00000000,2025-12-14T15:10:18.590Z,2025-12-14T15:10:18.590Z
35,0x000a,1.54427,0x00000000,2025-12-14T15:10:18.590Z,2025-12-14T15:10:18.590Z
34,0x000a,2.79978,0x00000000,2025-12-14T15:10:18.590Z,2025-12-14T15:10:18.590Z
26,0x000a,6.26989,0x00000000,2025-12-14T15:10:18.590Z,2025-12-14T15:10:18.590Z
25,0x000a,4.71969,0x00000000,2025-12-14T15:10:18.590Z,2025-12-14T15:10:18.590Z
24,0x000a,8.21976,0x00000000,2025-12-14T15:10:18.590Z,2025-12-14T15:10:18.590Z
23,0x000a,2.01499,0x00000000,2025-12-14T15:10:18.590Z,2025-12-14T15:10:18.590Z
22,0x000a,1.54427,0x00000000,2025-12-14T15:10:18.590Z,2025-12-14T15:10:18.590Z
21,0x000a,2.79978,0x00000000,2025-12-14T15:10:18.590Z,2025-12-14T15:10:18.590Z
8,0x0004,17335,0x00000000,2025-12-14T15:10:18.590Z,2025-12-14T15:10:18.590Z
7,0x0004,13049,0x00000000,2025-12-14T15:10:18.590Z,2025-12-14T15:10:18.590Z
6,0x0004,22726,0x00000000,2025-12-14T15:10:18.590Z,2025-12-14T15:10:18.590Z
39,0x000a,2.60055,0x00000000,2025-12-14T15:10:18.691Z,2025-12-14T15:10:18.691Z
38,0x000a,1.89887,0x00000000,2025-12-14T15:10:18.691Z,2025-12-14T15:10:18.691Z
37,0x000a,3.29861,0x00000000,2025-12-14T15:10:18.691Z,2025-12-14T15:10:18.691Z
36,0x000a,2.0582,0x00000000,2025-12-14T15:10:18.691Z,2025-12-14T15:10:18.691Z
35,0x000a,1.52264,0x00000000,2025-12-14T15:10:18.691Z,2025-12-14T15:10:18.691Z
34,0x000a,2.7508,0x00000000,2025-12-14T15:10:18.691Z,2025-12-14T15:10:18.691Z
26,0x000a,6.47967,0x00000000,2025-12-14T15:10:18.691Z,2025-12-14T15:10:18.691Z
25,0x000a,4.86979,0x00000000,2025-12-14T15:10:18.691Z,2025-12-14T15:10:18.691Z
24,0x000a,8.38976,0x00000000,2025-12-14T15:10:18.691Z,2025-12-14T15:10:18.691Z
23,0x000a,2.0582,0x00000000,2025-12-14T15:10:18.691Z,2025-12-14T15:10:18.691Z
22,0x000a,1.52264,0x00000000,2025-12-14T15:10:18.691Z,2025-12-14T15:10:18.691Z
21,0x000a,2.7508,0x00000000,2025-12-14T15:10:18.691Z,2025-12-14T15:10:18.691Z
14,0x0001,true,0x00000000,2025-12-14T15:10:18.691Z,2025-12-14T15:10:18.691Z
8,0x0004,17915,0x00000000,2025-12-14T15:10:18.691Z,2025-12-14T15:10:18.691Z
7,0x0004,13464,0x00000000,2025-12-14T15:10:18.691Z,2025-12-14T15:10:18.691Z
6,0x0004,23196,0x00000000,2025-12-14T15:10:18.691Z,2025-12-14T15:10:18.691Z
39,0x000a,2.0978,0x00000000,2025-12-14T15:10:18.790Z,2025-12-14T15:10:18.790Z
38,0x000a,1.50101,0x00000000,2025-12-14T15:10:18.790Z,2025-12-14T15:10:18.790Z
37,0x000a,1.69994,0x00000000,2025-12-14T15:10:18.790Z,2025-12-14T15:10:18.790Z
36,0x000a,2.32938,0x00000000,2025-12-14T15:10:18.790Z,2025-12-14T15:10:18.790Z
35,0x000a,1.71076,0x00000000,2025-12-14T15:10:18.790Z,2025-12-14T15:10:18.790Z
34,0x000a,3.02471,0x00000000,2025-12-14T15:10:18.790Z,2025-12-14T15:10:18.790Z
29,0x0004,27000,0x00000000,2025-12-14T15:10:18.790Z,2025-12-14T15:10:18.790Z
26,0x000a,6.69994,0x00000000,2025-12-14T15:10:18.790Z,2025-12-14T15:10:18.790Z
25,0x000a,5.01989,0x00000000,2025-12-14T15:10:18.790Z,2025-12-14T15:10:18.790Z
23,0x000a,2.32938,0x00000000,2025-12-14T15:10:18.790Z,2025-12-14T15:10:18.790Z
22,0x000a,1.71076,0x00000000,2025-12-14T15:10:18.790Z,2025-12-14T15:10:18.790Z
21,0x000a,3.02471,0x00000000,2025-12-14T15:10:18.790Z,2025-12-14T15:10:18.790Z
8,0x0004,18524,0x00000000,2025-12-14T15:10:18.790Z,2025-12-14T15:10:18.790Z
7,0x0004,13879,0x00000000,2025-12-14T15:10:18.790Z,2025-12-14T15:10:18.790Z
39,0x000a,4.30049,0x00000000,2025-12-14T15:10:18.890Z,2025-12-14T15:10:18.890Z
38,0x000a,2.79948,0x00000000,2025-12-14T15:10:18.890Z,2025-12-14T15:10:18.890Z
37,0x000a,-1.09954,0x00000000,2025-12-14T15:10:18.890Z,2025-12-14T15:10:18.890Z
36,0x000a,2.21359,0x00000000,2025-12-14T15:10:18.890Z,2025-12-14T15:10:18.890Z
35,0x000a,1.60588,0x00000000,2025-12-14T15:10:18.890Z,2025-12-14T15:10:18.890Z
34,0x000a,2.36233,0x00000000,2025-12-14T15:10:18.890Z,2025-12-14T15:10:18.890Z
29,0x0004,0,0x00000000,2025-12-14T15:10:18.890Z,2025-12-14T15:10:18.890Z
26,0x000a,6.90972,0x00000000,2025-12-14T15:10:18.890Z,2025-12-14T15:10:18.890Z
25,0x000a,5.14974,0x00000000,2025-12-14T15:10:18.890Z,2025-12-14T15:10:18.890Z
24,0x000a,8.2798,0x00000000,2025-12-14T15:10:18.890Z,2025-12-14T15:10:18.890Z
23,0x000a,2.21359,0x00000000,2025-12-14T15:10:18.890Z,2025-12-14T15:10:18.890Z
22,0x000a,1.60588,0x00000000,2025-12-14T15:10:18.890Z,2025-12-14T15:10:18.890Z
21,0x000a,2.36233,0x00000000,2025-12-14T15:10:18.890Z,2025-12-14T15:10:18.890Z
14,0x0001,false,0x00000000,2025-12-14T15:10:18.890Z,2025-12-14T15:10:18.890Z
8,0x0004,19104,0x00000000,2025-12-14T15:10:18.890Z,2025-12-14T15:10:18.890Z
7,0x0004,14238,0x00000000,2025-12-14T15:10:18.890Z,2025-12-14T15:10:18.890Z
6,0x0004,22892,0x00000000,2025-12-14T15:10:18.890Z,2025-12-14T15:10:18.890Z
39,0x000a,2.10142,0x00000000,2025-12-14T15:10:18.992Z,2025-12-14T15:10:18.992Z
38,0x000a,0.300207,0x00000000,2025-12-14T15:10:18.992Z,2025-12-14T15:10:18.992Z
37,0x000a,-2.79948,0x00000000,2025-12-14T15:10:18.992Z,2025-12-14T15:10:18.992Z
36,0x000a,3.25704,0x00000000,2025-12-14T15:10:18.992Z,2025-12-14T15:10:18.992Z
35,0x000a,2.20268,0x00000000,2025-12-14T15:10:18.992Z,2025-12-14T15:10:18.992Z
34,0x000a,0.631393,0x00000000,2025-12-14T15:10:18.992Z,2025-12-14T15:10:18.992Z
26,0x000a,7.11986,0x00000000,2025-12-14T15:10:18.992Z,2025-12-14T15:10:18.992Z
25,0x000a,5.17976,0x00000000,2025-12-14T15:10:18.992Z,2025-12-14T15:10:18.992Z
24,0x000a,7.99986,0x00000000,2025-12-14T15:10:18.992Z,2025-12-14T15:10:18.992Z
23,0x000a,3.25704,0x00000000,2025-12-14T15:10:18.992Z,2025-12-14T15:10:18.992Z
22,0x000a,2.20268,0x00000000,2025-12-14T15:10:18.992Z,2025-12-14T15:10:18.992Z
21,0x000a,0.631393,0x00000000,2025-12-14T15:10:18.992Z,2025-12-14T15:10:18.992Z
8,0x0004,19685,0x00000000,2025-12-14T15:10:18.992Z,2025-12-14T15:10:18.992Z
7,0x0004,14321,0x00000000,2025-12-14T15:10:18.992Z,2025-12-14T15:10:18.992Z
6,0x0004,22118,0x00000000,2025-12-14T15:10:18.992Z,2025-12-14T15:10:18.992Z
39,0x000a,2.60055,0x00000000,2025-12-14T15:10:19.090Z,2025-12-14T15:10:19.090Z
38,0x000a,1.80121,0x00000000,2025-12-14T15:10:19.090Z,2025-12-14T15:10:19.090Z
37,0x000a,-1.59867,0x00000000,2025-12-14T15:10:19.090Z,2025-12-14T15:10:19.090Z
36,0x000a,2.67923,0x00000000,2025-12-14T15:10:19.090Z,2025-12-14T15:10:19.090Z
35,0x000a,1.25144,0x00000000,2025-12-14T15:10:19.090Z,2025-12-14T15:10:19.090Z
34,0x000a,-1.08404,0x00000000,2025-12-14T15:10:19.090Z,2025-12-14T15:10:19.090Z
26,0x000a,7.37992,0x00000000,2025-12-14T15:10:19.090Z,2025-12-14T15:10:19.090Z
25,0x000a,5.35988,0x00000000,2025-12-14T15:10:19.090Z,2025-12-14T15:10:19.090Z
24,0x000a,7.83999,0x00000000,2025-12-14T15:10:19.090Z,2025-12-14T15:10:19.090Z
23,0x000a,2.67923,0x00000000,2025-12-14T15:10:19.090Z,2025-12-14T15:10:19.090Z
22,0x000a,1.25144,0x00000000,2025-12-14T15:10:19.090Z,2025-12-14T15:10:19.090Z
21,0x000a,-1.08404,0x00000000,2025-12-14T15:10:19.090Z,2025-12-14T15:10:19.090Z
8,0x0004,20404,0x00000000,2025-12-14T15:10:19.090Z,2025-12-14T15:10:19.090Z
7,0x0004,14819,0x00000000,2025-12-14T15:10:19.090Z,2025-12-14T15:10:19.090Z
6,0x0004,21676,0x00000000,2025-12-14T15:10:19.090Z,2025-12-14T15:10:19.090Z
36,0x000a,2.63989,0x00000000,2025-12-14T15:10:19.190Z,2025-12-14T15:10:19.190Z
35,0x000a,1.52633,0x00000000,2025-12-14T15:10:19.190Z,2025-12-14T15:10:19.190Z
34,0x000a,-1.34136,0x00000000,2025-12-14T15:10:19.190Z,2025-12-14T15:10:19.190Z
26,0x000a,7.5897,0x00000000,2025-12-14T15:10:19.190Z,2025-12-14T15:10:19.190Z
25,0x000a,5.51975,0x00000000,2025-12-14T15:10:19.190Z,2025-12-14T15:10:19.190Z
23,0x000a,2.63989,0x00000000,2025-12-14T15:10:19.190Z,2025-12-14T15:10:19.190Z
22,0x000a,1.52633,0x00000000,2025-12-14T15:10:19.190Z,2025-12-14T15:10:19.190Z
21,0x000a,-1.34136,0x00000000,2025-12-14T15:10:19.190Z,2025-12-14T15:10:19.190Z
8,0x0004,20984,0x00000000,2025-12-14T15:10:19.190Z,2025-12-14T15:10:19.190Z
7,0x0004,15261,0x00000000,2025-12-14T15:10:19.190Z,2025-12-14T15:10:19.190Z
39,0x000a,2.0978,0x00000000,2025-12-14T15:10:19.290Z,2025-12-14T15:10:19.290Z
38,0x000a,1.59867,0x00000000,2025-12-14T15:10:19.290Z,2025-12-14T15:10:19.290Z
37,0x000a,0,0x00000000,2025-12-14T15:10:19.290Z,2025-12-14T15:10:19.290Z
26,0x000a,7.79984,0x00000000,2025-12-14T15:10:19.290Z,2025-12-14T15:10:19.290Z
25,0x000a,5.66985,0x00000000,2025-12-14T15:10:19.290Z,2025-12-14T15:10:19.290Z
8,0x0004,21565,0x00000000,2025-12-14T15:10:19.290Z,2025-12-14T15:10:19.290Z
7,0x0004,15676,0x00000000,2025-12-14T15:10:19.290Z,2025-12-14T15:10:19.290Z
40,0x0001,true,0x00000000,2025-12-14T15:10:19.390Z,2025-12-14T15:10:19.390Z
39,0x000a,2.10142,0x00000000,2025-12-14T15:10:19.390Z,2025-12-14T15:10:19.390Z
38,0x000a,1.50101,0x00000000,2025-12-14T15:10:19.390Z,2025-12-14T15:10:19.390Z
36,0x000a,2.36884,0x00000000,2025-12-14T15:10:19.390Z,2025-12-14T15:10:19.390Z
35,0x000a,1.5625,0x00000000,2025-12-14T15:10:19.390Z,2025-12-14T15:10:19.390Z
34,0x000a,-0.670678,0x00000000,2025-12-14T15:10:19.390Z,2025-12-14T15:10:19.390Z
26,0x000a,8.0599,0x00000000,2025-12-14T15:10:19.390Z,2025-12-14T15:10:19.390Z
25,0x000a,5.84997,0x00000000,2025-12-14T15:10:19.390Z,2025-12-14T15:10:19.390Z
23,0x000a,2.36884,0x00000000,2025-12-14T15:10:19.390Z,2025-12-14T15:10:19.390Z
22,0x000a,1.5625,0x00000000,2025-12-14T15:10:19.390Z,2025-12-14T15:10:19.390Z
21,0x000a,-0.670678,0x00000000,2025-12-14T15:10:19.390Z,2025-12-14T15:10:19.390Z
8,0x0004,22284,0x00000000,2025-12-14T15:10:19.390Z,2025-12-14T15:10:19.390Z
7,0x0004,16174,0x00000000,2025-12-14T15:10:19.390Z,2025-12-14T15:10:19.390Z
39,0x000a,2.60055,0x00000000,2025-12-14T15:10:19.490Z,2025-12-14T15:10:19.490Z
38,0x000a,1.80121,0x00000000,2025-12-14T15:10:19.490Z,2025-12-14T15:10:19.490Z
36,0x000a,2.23513,0x00000000,2025-12-14T15:10:19.490Z,2025-12-14T15:10:19.490Z
35,0x000a,1.53176,0x00000000,2025-12-14T15:10:19.490Z,2025-12-14T15:10:19.490Z
34,0x000a,-0.335339,0x00000000,2025-12-14T15:10:19.490Z,2025-12-14T15:10:19.490Z
26,0x000a,8.22989,0x00000000,2025-12-14T15:10:19.490Z,2025-12-14T15:10:19.490Z
25,0x000a,5.97982,0x00000000,2025-12-14T15:10:19.490Z,2025-12-14T15:10:19.490Z
23,0x000a,2.23513,0x00000000,2025-12-14T15:10:19.490Z,2025-12-14T15:10:19.490Z
22,0x000a,1.53176,0x00000000,2025-12-14T15:10:19.490Z,2025-12-14T15:10:19.490Z
21,0x000a,-0.335339,0x00000000,2025-12-14T15:10:19.490Z,2025-12-14T15:10:19.490Z
8,0x0004,22754,0x00000000,2025-12-14T15:10:19.490Z,2025-12-14T15:10:19.490Z
7,0x0004,16533,0x00000000,2025-12-14T15:10:19.490Z,2025-12-14T15:10:19.490Z
39,0x000a,1.69994,0x00000000,2025-12-14T15:10:19.593Z,2025-12-14T15:10:19.593Z
38,0x000a,1.29847,0x00000000,2025-12-14T15:10:19.593Z,2025-12-14T15:10:19.593Z
36,0x000a,2.41784,0x00000000,2025-12-14T15:10:19.593Z,2025-12-14T15:10:19.593Z
35,0x000a,1.66648,0x00000000,2025-12-14T15:10:19.593Z,2025-12-14T15:10:19.593Z
34,0x000a,-0.16767,0x00000000,2025-12-14T15:10:19.593Z,2025-12-14T15:10:19.593Z
26,0x000a,8.48994,0x00000000,2025-12-14T15:10:19.593Z,2025-12-14T15:10:19.593Z
25,0x000a,6.15994,0x00000000,2025-12-14T15:10:19.593Z,2025-12-14T15:10:19.593Z
23,0x000a,2.41784,0x00000000,2025-12-14T15:10:19.593Z,2025-12-14T15:10:19.593Z
22,0x000a,1.66648,0x00000000,2025-12-14T15:10:19.593Z,2025-12-14T15:10:19.593Z
21,0x000a,-0.16767,0x00000000,2025-12-14T15:10:19.593Z,2025-12-14T15:10:19.593Z
8,0x0004,23473,0x00000000,2025-12-14T15:10:19.593Z,2025-12-14T15:10:19.593Z
7,0x0004,17031,0x00000000,2025-12-14T15:10:19.593Z,2025-12-14T15:10:19.593Z
39,0x000a,2.60055,0x00000000,2025-12-14T15:10:19.689Z,2025-12-14T15:10:19.689Z
38,0x000a,1.80122,0x00000000,2025-12-14T15:10:19.689Z,2025-12-14T15:10:19.689Z
36,0x000a,2.05889,0x00000000,2025-12-14T15:10:19.689Z,2025-12-14T15:10:19.689Z
35,0x000a,1.48248,0x00000000,2025-12-14T15:10:19.689Z,2025-12-14T15:10:19.689Z
34,0x000a,-0.0838348,0x00000000,2025-12-14T15:10:19.689Z,2025-12-14T15:10:19.689Z
26,0x000a,8.69973,0x00000000,2025-12-14T15:10:19.689Z,2025-12-14T15:10:19.689Z
25,0x000a,6.30968,0x00000000,2025-12-14T15:10:19.689Z,2025-12-14T15:10:19.689Z
23,0x000a,2.05889,0x00000000,2025-12-14T15:10:19.689Z,2025-12-14T15:10:19.689Z
22,0x000a,1.48248,0x00000000,2025-12-14T15:10:19.689Z,2025-12-14T15:10:19.689Z
21,0x000a,-0.0838348,0x00000000,2025-12-14T15:10:19.689Z,2025-12-14T15:10:19.689Z
8,0x0004,24053,0x00000000,2025-12-14T15:10:19.689Z,2025-12-14T15:10:19.689Z
7,0x0004,17445,0x00000000,2025-12-14T15:10:19.689Z,2025-12-14T15:10:19.689Z
39,0x000a,2.09781,0x00000000,2025-12-14T15:10:19.792Z,2025-12-14T15:10:19.792Z
39,0x000a,2.10141,0x00000000,2025-12-14T15:10:19.891Z,2025-12-14T15:10:19.891Z
38,0x000a,1.49739,0x00000000,2025-12-14T15:10:19.792Z,2025-12-14T15:10:19.792Z
38,0x000a,1.60229,0x00000000,2025-12-14T15:10:19.891Z,2025-12-14T15:10:19.891Z
36,0x000a,2.32972,0x00000000,2025-12-14T15:10:19.792Z,2025-12-14T15:10:19.792Z
36,0x000a,2.21376,0x00000000,2025-12-14T15:10:19.891Z,2025-12-14T15:10:19.891Z
35,0x000a,1.64185,0x00000000,2025-12-14T15:10:19.792Z,2025-12-14T15:10:19.792Z
35,0x000a,1.56962,0x00000000,2025-12-14T15:10:19.891Z,2025-12-14T15:10:19.891Z
34,0x000a,-0.0419174,0x00000000,2025-12-14T15:10:19.792Z,2025-12-14T15:10:19.792Z
34,0x000a,-0.0209587,0x00000000,2025-12-14T15:10:19.891Z,2025-12-14T15:10:19.891Z
26,0x000a,8.90987,0x00000000,2025-12-14T15:10:19.792Z,2025-12-14T15:10:19.792Z
26,0x000a,9.12977,0x00000000,2025-12-14T15:10:19.891Z,2025-12-14T15:10:19.891Z
25,0x000a,6.46991,0x00000000,2025-12-14T15:10:19.792Z,2025-12-14T15:10:19.792Z
25,0x000a,6.61965,0x00000000,2025-12-14T15:10:19.891Z,2025-12-14T15:10:19.891Z
23,0x000a,2.32972,0x00000000,2025-12-14T15:10:19.792Z,2025-12-14T15:10:19.792Z
23,0x000a,2.21376,0x00000000,2025-12-14T15:10:19.891Z,2025-12-14T15:10:19.891Z
22,0x000a,1.64185,0x00000000,2025-12-14T15:10:19.792Z,2025-12-14T15:10:19.792Z
22,0x000a,1.56962,0x00000000,2025-12-14T15:10:19.891Z,2025-12-14T15:10:19.891Z
21,0x000a,-0.0419174,0x00000000,2025-12-14T15:10:19.792Z,2025-12-14T15:10:19.792Z
21,0x000a,-0.0209587,0x00000000,2025-12-14T15:10:19.891Z,2025-12-14T15:10:19.891Z
8,0x0004,24634,0x00000000,2025-12-14T15:10:19.792Z,2025-12-14T15:10:19.792Z
8,0x0004,25242,0x00000000,2025-12-14T15:10:19.891Z,2025-12-14T15:10:19.891Z
7,0x0004,17888,0x00000000,2025-12-14T15:10:19.792Z,2025-12-14T15:10:19.792Z
7,0x0004,18302,0x00000000,2025-12-14T15:10:19.891Z,2025-12-14T15:10:19.891Z
39,0x000a,4.69835,0x00000000,2025-12-14T15:10:19.991Z,2025-12-14T15:10:19.991Z
38,0x000a,3.39988,0x00000000,2025-12-14T15:10:19.991Z,2025-12-14T15:10:19.991Z
36,0x000a,2.15759,0x00000000,2025-12-14T15:10:19.991Z,2025-12-14T15:10:19.991Z
35,0x000a,1.58595,0x00000000,2025-12-14T15:10:19.991Z,2025-12-14T15:10:19.991Z
34,0x000a,-0.0104793,0x00000000,2025-12-14T15:10:19.991Z,2025-12-14T15:10:19.991Z
26,0x000a,9.3797,0x00000000,2025-12-14T15:10:19.991Z,2025-12-14T15:10:19.991Z
25,0x000a,6.8099,0x00000000,2025-12-14T15:10:19.991Z,2025-12-14T15:10:19.991Z
23,0x000a,2.15759,0x00000000,2025-12-14T15:10:19.991Z,2025-12-14T15:10:19.991Z
22,0x000a,1.58595,0x00000000,2025-12-14T15:10:19.991Z,2025-12-14T15:10:19.991Z
21,0x000a,-0.0104793,0x00000000,2025-12-14T15:10:19.991Z,2025-12-14T15:10:19.991Z
8,0x0004,25933,0x00000000,2025-12-14T15:10:19.991Z,2025-12-14T15:10:19.991Z
7,0x0004,18828,0x00000000,2025-12-14T15:10:19.991Z,2025-12-14T15:10:19.991Z
36,0x000a,3.42797,0x00000000,2025-12-14T15:10:20.090Z,2025-12-14T15:10:20.090Z
35,0x000a,2.49292,0x00000000,2025-12-14T15:10:20.090Z,2025-12-14T15:10:20.090Z
34,0x000a,-0.00523967,0x00000000,2025-12-14T15:10:20.090Z,2025-12-14T15:10:20.090Z
26,0x000a,9.58984,0x00000000,2025-12-14T15:10:20.090Z,2025-12-14T15:10:20.090Z
25,0x000a,6.96,0x00000000,2025-12-14T15:10:20.090Z,2025-12-14T15:10:20.090Z
23,0x000a,3.42797,0x00000000,2025-12-14T15:10:20.090Z,2025-12-14T15:10:20.090Z
22,0x000a,2.49292,0x00000000,2025-12-14T15:10:20.090Z,2025-12-14T15:10:20.090Z
21,0x000a,-0.00523967,0x00000000,2025-12-14T15:10:20.090Z,2025-12-14T15:10:20.090Z
8,0x0004,26514,0x00000000,2025-12-14T15:10:20.090Z,2025-12-14T15:10:20.090Z
7,0x0004,19243,0x00000000,2025-12-14T15:10:20.090Z,2025-12-14T15:10:20.090Z
39,0x000a,2.10142,0x00000000,2025-12-14T15:10:20.190Z,2025-12-14T15:10:20.190Z
38,0x000a,1.50102,0x00000000,2025-12-14T15:10:20.190Z,2025-12-14T15:10:20.190Z
26,0x000a,9.80975,0x00000000,2025-12-14T15:10:20.190Z,2025-12-14T15:10:20.190Z
25,0x000a,7.10974,0x00000000,2025-12-14T15:10:20.190Z,2025-12-14T15:10:20.190Z
17,0x0001,false,0x00000000,2025-12-14T15:10:20.190Z,2025-12-14T15:10:20.190Z
8,0x0004,27122,0x00000000,2025-12-14T15:10:20.190Z,2025-12-14T15:10:20.190Z
7,0x0004,19657,0x00000000,2025-12-14T15:10:20.190Z,2025-12-14T15:10:20.190Z
39,0x000a,2.19907,0x00000000,2025-12-14T15:10:20.289Z,2025-12-14T15:10:20.289Z
38,0x000a,1.49739,0x00000000,2025-12-14T15:10:20.289Z,2025-12-14T15:10:20.289Z
36,0x000a,2.7647,0x00000000,2025-12-14T15:10:20.289Z,2025-12-14T15:10:20.289Z
35,0x000a,1.99697,0x00000000,2025-12-14T15:10:20.289Z,2025-12-14T15:10:20.289Z
34,0x000a,-0.00261984,0x00000000,2025-12-14T15:10:20.289Z,2025-12-14T15:10:20.289Z
23,0x000a,2.7647,0x00000000,2025-12-14T15:10:20.289Z,2025-12-14T15:10:20.289Z
22,0x000a,1.99697,0x00000000,2025-12-14T15:10:20.289Z,2025-12-14T15:10:20.289Z
21,0x000a,-0.00261984,0x00000000,2025-12-14T15:10:20.289Z,2025-12-14T15:10:20.289Z
39,0x000a,1.90249,0x00000000,2025-12-14T15:10:20.391Z,2025-12-14T15:10:20.391Z
38,0x000a,1.60229,0x00000000,2025-12-14T15:10:20.391Z,2025-12-14T15:10:20.391Z
36,0x000a,2.48188,0x00000000,2025-12-14T15:10:20.391Z,2025-12-14T15:10:20.391Z
35,0x000a,1.74718,0x00000000,2025-12-14T15:10:20.391Z,2025-12-14T15:10:20.391Z
34,0x000a,-0.00130992,0x00000000,2025-12-14T15:10:20.391Z,2025-12-14T15:10:20.391Z
26,0x000a,10,0x00000000,2025-12-14T15:10:20.391Z,2025-12-14T15:10:20.391Z
25,0x000a,7.26997,0x00000000,2025-12-14T15:10:20.391Z,2025-12-14T15:10:20.391Z
23,0x000a,2.48188,0x00000000,2025-12-14T15:10:20.391Z,2025-12-14T15:10:20.391Z
22,0x000a,1.74718,0x00000000,2025-12-14T15:10:20.391Z,2025-12-14T15:10:20.391Z
21,0x000a,-0.00130992,0x00000000,2025-12-14T15:10:20.391Z,2025-12-14T15:10:20.391Z
8,0x0004,27648,0x00000000,2025-12-14T15:10:20.391Z,2025-12-14T15:10:20.391Z
7,0x0004,20100,0x00000000,2025-12-14T15:10:20.391Z,2025-12-14T15:10:20.391Z
39,0x000a,0,0x00000000,2025-12-14T15:10:20.492Z,2025-12-14T15:10:20.492Z
38,0x000a,1.4974,0x00000000,2025-12-14T15:10:20.492Z,2025-12-14T15:10:20.492Z
36,0x000a,2.19219,0x00000000,2025-12-14T15:10:20.492Z,2025-12-14T15:10:20.492Z
35,0x000a,1.67473,0x00000000,2025-12-14T15:10:20.492Z,2025-12-14T15:10:20.492Z
34,0x000a,-0.000654959,0x00000000,2025-12-14T15:10:20.492Z,2025-12-14T15:10:20.492Z
25,0x000a,7.4197,0x00000000,2025-12-14T15:10:20.492Z,2025-12-14T15:10:20.492Z
23,0x000a,2.19219,0x00000000,2025-12-14T15:10:20.492Z,2025-12-14T15:10:20.492Z
22,0x000a,1.67473,0x00000000,2025-12-14T15:10:20.492Z,2025-12-14T15:10:20.492Z
21,0x000a,-0.000654959,0x00000000,2025-12-14T15:10:20.492Z,2025-12-14T15:10:20.492Z
7,0x0004,20514,0x00000000,2025-12-14T15:10:20.492Z,2025-12-14T15:10:20.492Z
38,0x000a,1.50101,0x00000000,2025-12-14T15:10:20.592Z,2025-12-14T15:10:20.592Z
36,0x000a,1.09609,0x00000000,2025-12-14T15:10:20.592Z,2025-12-14T15:10:20.592Z
35,0x000a,1.58607,0x00000000,2025-12-14T15:10:20.592Z,2025-12-14T15:10:20.592Z
34,0x000a,-0.00032748,0x00000000,2025-12-14T15:10:20.592Z,2025-12-14T15:10:20.592Z
25,0x000a,7.56981,0x00000000,2025-12-14T15:10:20.592Z,2025-12-14T15:10:20.592Z
23,0x000a,1.09609,0x00000000,2025-12-14T15:10:20.592Z,2025-12-14T15:10:20.592Z
22,0x000a,1.58607,0x00000000,2025-12-14T15:10:20.592Z,2025-12-14T15:10:20.592Z
21,0x000a,-0.00032748,0x00000000,2025-12-14T15:10:20.592Z,2025-12-14T15:10:20.592Z
7,0x0004,20929,0x00000000,2025-12-14T15:10:20.592Z,2025-12-14T15:10:20.592Z
38,0x000a,1.59867,0x00000000,2025-12-14T15:10:20.690Z,2025-12-14T15:10:20.690Z
36,0x000a,0.548047,0x00000000,2025-12-14T15:10:20.690Z,2025-12-14T15:10:20.690Z
35,0x000a,1.54354,0x00000000,2025-12-14T15:10:20.690Z,2025-12-14T15:10:20.690Z
34,0x000a,-0.00016374,0x00000000,2025-12-14T15:10:20.690Z,2025-12-14T15:10:20.690Z
25,0x000a,7.72967,0x00000000,2025-12-14T15:10:20.690Z,2025-12-14T15:10:20.690Z
23,0x000a,0.548047,0x00000000,2025-12-14T15:10:20.690Z,2025-12-14T15:10:20.690Z
22,0x000a,1.54354,0x00000000,2025-12-14T15:10:20.690Z,2025-12-14T15:10:20.690Z
21,0x000a,-0.00016374,0x00000000,2025-12-14T15:10:20.690Z,2025-12-14T15:10:20.690Z
7,0x0004,21371,0x00000000,2025-12-14T15:10:20.690Z,2025-12-14T15:10:20.690Z
42,0x0001,true,0x00000000,2025-12-14T15:10:20.791Z,2025-12-14T15:10:20.791Z
38,0x000a,1.80121,0x00000000,2025-12-14T15:10:20.791Z,2025-12-14T15:10:20.791Z
36,0x000a,0.274024,0x00000000,2025-12-14T15:10:20.791Z,2025-12-14T15:10:20.791Z
35,0x000a,1.5711,0x00000000,2025-12-14T15:10:20.791Z,2025-12-14T15:10:20.791Z
34,0x000a,-8.18699e-05,0x00000000,2025-12-14T15:10:20.791Z,2025-12-14T15:10:20.791Z
25,0x000a,7.90979,0x00000000,2025-12-14T15:10:20.791Z,2025-12-14T15:10:20.791Z
23,0x000a,0.274024,0x00000000,2025-12-14T15:10:20.791Z,2025-12-14T15:10:20.791Z
22,0x000a,1.5711,0x00000000,2025-12-14T15:10:20.791Z,2025-12-14T15:10:20.791Z
21,0x000a,-8.18699e-05,0x00000000,2025-12-14T15:10:20.791Z,2025-12-14T15:10:20.791Z
7,0x0004,21869,0x00000000,2025-12-14T15:10:20.791Z,2025-12-14T15:10:20.791Z
36,0x000a,0.137012,0x00000000,2025-12-14T15:10:20.889Z,2025-12-14T15:10:20.889Z
35,0x000a,1.68616,0x00000000,2025-12-14T15:10:20.889Z,2025-12-14T15:10:20.889Z
34,0x000a,-4.09349e-05,0x00000000,2025-12-14T15:10:20.889Z,2025-12-14T15:10:20.889Z
25,0x000a,8.0599,0x00000000,2025-12-14T15:10:20.889Z,2025-12-14T15:10:20.889Z
23,0x000a,0.137012,0x00000000,2025-12-14T15:10:20.889Z,2025-12-14T15:10:20.889Z
22,0x000a,1.68616,0x00000000,2025-12-14T15:10:20.889Z,2025-12-14T15:10:20.889Z
21,0x000a,-4.09349e-05,0x00000000,2025-12-14T15:10:20.889Z,2025-12-14T15:10:20.889Z
7,0x0004,22284,0x00000000,2025-12-14T15:10:20.889Z,2025-12-14T15:10:20.889Z
38,0x000a,1.50101,0x00000000,2025-12-14T15:10:20.990Z,2025-12-14T15:10:20.990Z
25,0x000a,8.21976,0x00000000,2025-12-14T15:10:20.990Z,2025-12-14T15:10:20.990Z
7,0x0004,22726,0x00000000,2025-12-14T15:10:20.990Z,2025-12-14T15:10:20.990Z
38,0x000a,1.59867,0x00000000,2025-12-14T15:10:21.091Z,2025-12-14T15:10:21.091Z
36,0x000a,0.0685059,0x00000000,2025-12-14T15:10:21.091Z,2025-12-14T15:10:21.091Z
35,0x000a,1.59359,0x00000000,2025-12-14T15:10:21.091Z,2025-12-14T15:10:21.091Z
34,0x000a,-2.04675e-05,0x00000000,2025-12-14T15:10:21.091Z,2025-12-14T15:10:21.091Z
25,0x000a,8.39988,0x00000000,2025-12-14T15:10:21.091Z,2025-12-14T15:10:21.091Z
23,0x000a,0.0685059,0x00000000,2025-12-14T15:10:21.091Z,2025-12-14T15:10:21.091Z
22,0x000a,1.59359,0x00000000,2025-12-14T15:10:21.091Z,2025-12-14T15:10:21.091Z
21,0x000a,-2.04675e-05,0x00000000,2025-12-14T15:10:21.091Z,2025-12-14T15:10:21.091Z
7,0x0004,23224,0x00000000,2025-12-14T15:10:21.091Z,2025-12-14T15:10:21.091Z
38,0x000a,3.00202,0x00000000,2025-12-14T15:10:21.189Z,2025-12-14T15:10:21.189Z
36,0x000a,0.0342529,0x00000000,2025-12-14T15:10:21.189Z,2025-12-14T15:10:21.189Z
35,0x000a,1.59613,0x00000000,2025-12-14T15:10:21.189Z,2025-12-14T15:10:21.189Z
34,0x000a,-1.02337e-05,0x00000000,2025-12-14T15:10:21.189Z,2025-12-14T15:10:21.189Z
25,0x000a,8.51997,0x00000000,2025-12-14T15:10:21.189Z,2025-12-14T15:10:21.189Z
23,0x000a,0.0342529,0x00000000,2025-12-14T15:10:21.189Z,2025-12-14T15:10:21.189Z
22,0x000a,1.59613,0x00000000,2025-12-14T15:10:21.189Z,2025-12-14T15:10:21.189Z
21,0x000a,-1.02337e-05,0x00000000,2025-12-14T15:10:21.189Z,2025-12-14T15:10:21.189Z
7,0x0004,23556,0x00000000,2025-12-14T15:10:21.189Z,2025-12-14T15:10:21.189Z
38,0x000a,1.59867,0x00000000,2025-12-14T15:10:21.290Z,2025-12-14T15:10:21.290Z
36,0x000a,0.0171265,0x00000000,2025-12-14T15:10:21.290Z,2025-12-14T15:10:21.290Z
35,0x000a,2.29908,0x00000000,2025-12-14T15:10:21.290Z,2025-12-14T15:10:21.290Z
34,0x000a,-5.11687e-06,0x00000000,2025-12-14T15:10:21.290Z,2025-12-14T15:10:21.290Z
25,0x000a,8.67983,0x00000000,2025-12-14T15:10:21.290Z,2025-12-14T15:10:21.290Z
23,0x000a,0.0171265,0x00000000,2025-12-14T15:10:21.290Z,2025-12-14T15:10:21.290Z
22,0x000a,2.29908,0x00000000,2025-12-14T15:10:21.290Z,2025-12-14T15:10:21.290Z
21,0x000a,-5.11687e-06,0x00000000,2025-12-14T15:10:21.290Z,2025-12-14T15:10:21.290Z
7,0x0004,23998,0x00000000,2025-12-14T15:10:21.290Z,2025-12-14T15:10:21.290Z
38,0x000a,1.80121,0x00000000,2025-12-14T15:10:21.392Z,2025-12-14T15:10:21.392Z
38,0x000a,1.49739,0x00000000,2025-12-14T15:10:21.489Z,2025-12-14T15:10:21.489Z
36,0x000a,0.00856324,0x00000000,2025-12-14T15:10:21.392Z,2025-12-14T15:10:21.392Z
36,0x000a,0.00428162,0x00000000,2025-12-14T15:10:21.489Z,2025-12-14T15:10:21.489Z
35,0x000a,1.94887,0x00000000,2025-12-14T15:10:21.392Z,2025-12-14T15:10:21.392Z
35,0x000a,1.87504,0x00000000,2025-12-14T15:10:21.489Z,2025-12-14T15:10:21.489Z
34,0x000a,-2.55843e-06,0x00000000,2025-12-14T15:10:21.392Z,2025-12-14T15:10:21.392Z
34,0x000a,-1.27922e-06,0x00000000,2025-12-14T15:10:21.489Z,2025-12-14T15:10:21.489Z
25,0x000a,8.85995,0x00000000,2025-12-14T15:10:21.392Z,2025-12-14T15:10:21.392Z
25,0x000a,9.00969,0x00000000,2025-12-14T15:10:21.489Z,2025-12-14T15:10:21.489Z
23,0x000a,0.00856324,0x00000000,2025-12-14T15:10:21.392Z,2025-12-14T15:10:21.392Z
23,0x000a,0.00428162,0x00000000,2025-12-14T15:10:21.489Z,2025-12-14T15:10:21.489Z
22,0x000a,1.94887,0x00000000,2025-12-14T15:10:21.392Z,2025-12-14T15:10:21.392Z
22,0x000a,1.87504,0x00000000,2025-12-14T15:10:21.489Z,2025-12-14T15:10:21.489Z
21,0x000a,-2.55843e-06,0x00000000,2025-12-14T15:10:21.392Z,2025-12-14T15:10:21.392Z
21,0x000a,-1.27922e-06,0x00000000,2025-12-14T15:10:21.489Z,2025-12-14T15:10:21.489Z
15,0x0001,false,0x00000000,2025-12-14T15:10:21.392Z,2025-12-14T15:10:21.392Z
7,0x0004,24496,0x00000000,2025-12-14T15:10:21.392Z,2025-12-14T15:10:21.392Z
7,0x0004,24910,0x00000000,2025-12-14T15:10:21.489Z,2025-12-14T15:10:21.489Z
38,0x000a,0.701675,0x00000000,2025-12-14T15:10:21.590Z,2025-12-14T15:10:21.590Z
36,0x000a,0.00214081,0x00000000,2025-12-14T15:10:21.590Z,2025-12-14T15:10:21.590Z
35,0x000a,1.68622,0x00000000,2025-12-14T15:10:21.590Z,2025-12-14T15:10:21.590Z
34,0x000a,-6.39609e-07,0x00000000,2025-12-14T15:10:21.590Z,2025-12-14T15:10:21.590Z
25,0x000a,9.07986,0x00000000,2025-12-14T15:10:21.590Z,2025-12-14T15:10:21.590Z
23,0x000a,0.00214081,0x00000000,2025-12-14T15:10:21.590Z,2025-12-14T15:10:21.590Z
22,0x000a,1.68622,0x00000000,2025-12-14T15:10:21.590Z,2025-12-14T15:10:21.590Z
21,0x000a,-6.39609e-07,0x00000000,2025-12-14T15:10:21.590Z,2025-12-14T15:10:21.590Z
7,0x0004,25104,0x00000000,2025-12-14T15:10:21.590Z,2025-12-14T15:10:21.590Z
38,0x000a,0,0x00000000,2025-12-14T15:10:21.690Z,2025-12-14T15:10:21.690Z
36,0x000a,0.0010704,0x00000000,2025-12-14T15:10:21.690Z,2025-12-14T15:10:21.690Z
35,0x000a,1.19395,0x00000000,2025-12-14T15:10:21.690Z,2025-12-14T15:10:21.690Z
34,0x000a,-3.19804e-07,0x00000000,2025-12-14T15:10:21.690Z,2025-12-14T15:10:21.690Z
23,0x000a,0.0010704,0x00000000,2025-12-14T15:10:21.690Z,2025-12-14T15:10:21.690Z
22,0x000a,1.19395,0x00000000,2025-12-14T15:10:21.690Z,2025-12-14T15:10:21.690Z
21,0x000a,-3.19804e-07,0x00000000,2025-12-14T15:10:21.690Z,2025-12-14T15:10:21.690Z
36,0x000a,0.000535202,0x00000000,2025-12-14T15:10:21.790Z,2025-12-14T15:10:21.790Z
35,0x000a,0.596973,0x00000000,2025-12-14T15:10:21.790Z,2025-12-14T15:10:21.790Z
34,0x000a,-1.59902e-07,0x00000000,2025-12-14T15:10:21.790Z,2025-12-14T15:10:21.790Z
23,0x000a,0.000535202,0x00000000,2025-12-14T15:10:21.790Z,2025-12-14T15:10:21.790Z
22,0x000a,0.596973,0x00000000,2025-12-14T15:10:21.790Z,2025-12-14T15:10:21.790Z
21,0x000a,-1.59902e-07,0x00000000,2025-12-14T15:10:21.790Z,2025-12-14T15:10:21.790Z
42,0x0001,false,0x00000000,2025-12-14T15:10:21.891Z,2025-12-14T15:10:21.891Z
40,0x0001,false,0x00000000,2025-12-14T15:10:21.891Z,2025-12-14T15:10:21.891Z
18,0x0001,true,0x00000000,2025-12-14T15:10:21.891Z,2025-12-14T15:10:21.891Z
16,0x0001,true,0x00000000,2025-12-14T15:10:21.891Z,2025-12-14T15:10:21.891Z
14,0x0001,true,0x00000000,2025-12-14T15:10:21.891Z,2025-12-14T15:10:21.891Z
4,0x000a,5,0x00000000,2025-12-14T15:10:21.891Z,2025-12-14T15:10:21.891Z
3,0x000a,5,0x00000000,2025-12-14T15:10:21.891Z,2025-12-14T15:10:21.891Z
2,0x000a,5,0x00000000,2025-12-14T15:10:21.891Z,2025-12-14T15:10:21.891Z
36,0x000a,0.000267601,0x00000000,2025-12-14T15:10:21.990Z,2025-12-14T15:10:21.990Z
35,0x000a,0.298487,0x00000000,2025-12-14T15:10:21.990Z,2025-12-14T15:10:21.990Z
34,0x000a,-7.99511e-08,0x00000000,2025-12-14T15:10:21.990Z,2025-12-14T15:10:21.990Z
23,0x000a,0.000267601,0x00000000,2025-12-14T15:10:21.990Z,2025-12-14T15:10:21.990Z
22,0x000a,0.298487,0x00000000,2025-12-14T15:10:21.990Z,2025-12-14T15:10:21.990Z
21,0x000a,-7.99511e-08,0x00000000,2025-12-14T15:10:21.990Z,2025-12-14T15:10:21.990Z
36,0x000a,0.000133801,0x00000000,2025-12-14T15:10:22.090Z,2025-12-14T15:10:22.090Z
35,0x000a,0.149243,0x00000000,2025-12-14T15:10:22.090Z,2025-12-14T15:10:22.090Z
34,0x000a,-3.99755e-08,0x00000000,2025-12-14T15:10:22.090Z,2025-12-14T15:10:22.090Z
26,0x000a,9.98987,0x00000000,2025-12-14T15:10:22.090Z,2025-12-14T15:10:22.090Z
25,0x000a,9.00969,0x00000000,2025-12-14T15:10:22.090Z,2025-12-14T15:10:22.090Z
24,0x000a,7.72967,0x00000000,2025-12-14T15:10:22.090Z,2025-12-14T15:10:22.090Z
23,0x000a,0.000133801,0x00000000,2025-12-14T15:10:22.090Z,2025-12-14T15:10:22.090Z
22,0x000a,0.149243,0x00000000,2025-12-14T15:10:22.090Z,2025-12-14T15:10:22.090Z
21,0x000a,-3.99755e-08,0x00000000,2025-12-14T15:10:22.090Z,2025-12-14T15:10:22.090Z
8,0x0004,27620,0x00000000,2025-12-14T15:10:22.090Z,2025-12-14T15:10:22.090Z
7,0x0004,24910,0x00000000,2025-12-14T15:10:22.090Z,2025-12-14T15:10:22.090Z
6,0x0004,21371,0x00000000,2025-12-14T15:10:22.090Z,2025-12-14T15:10:22.090Z
39,0x000a,-0.101271,0x00000000,2025-12-14T15:10:22.193Z,2025-12-14T15:10:22.193Z
38,0x000a,-0.701675,0x00000000,2025-12-14T15:10:22.193Z,2025-12-14T15:10:22.193Z
37,0x000a,-1.10315,0x00000000,2025-12-14T15:10:22.193Z,2025-12-14T15:10:22.193Z
36,0x000a,6.69003e-05,0x00000000,2025-12-14T15:10:22.193Z,2025-12-14T15:10:22.193Z
35,0x000a,0.0746217,0x00000000,2025-12-14T15:10:22.193Z,2025-12-14T15:10:22.193Z
34,0x000a,-1.99878e-08,0x00000000,2025-12-14T15:10:22.193Z,2025-12-14T15:10:22.193Z
26,0x000a,9.77973,0x00000000,2025-12-14T15:10:22.193Z,2025-12-14T15:10:22.193Z
25,0x000a,8.85995,0x00000000,2025-12-14T15:10:22.193Z,2025-12-14T15:10:22.193Z
24,0x000a,7.44973,0x00000000,2025-12-14T15:10:22.193Z,2025-12-14T15:10:22.193Z
23,0x000a,6.69003e-05,0x00000000,2025-12-14T15:10:22.193Z,2025-12-14T15:10:22.193Z
22,0x000a,0.0746217,0x00000000,2025-12-14T15:10:22.193Z,2025-12-14T15:10:22.193Z
21,0x000a,-1.99878e-08,0x00000000,2025-12-14T15:10:22.193Z,2025-12-14T15:10:22.193Z
8,0x0004,27039,0x00000000,2025-12-14T15:10:22.193Z,2025-12-14T15:10:22.193Z
7,0x0004,24496,0x00000000,2025-12-14T15:10:22.193Z,2025-12-14T15:10:22.193Z
6,0x0004,20597,0x00000000,2025-12-14T15:10:22.193Z,2025-12-14T15:10:22.193Z
39,0x000a,-4.3005,0x00000000,2025-12-14T15:10:22.290Z,2025-12-14T15:10:22.290Z
38,0x000a,-2.99841,0x00000000,2025-12-14T15:10:22.290Z,2025-12-14T15:10:22.290Z
37,0x000a,-5.59896,0x00000000,2025-12-14T15:10:22.290Z,2025-12-14T15:10:22.290Z
36,0x000a,-0.0506019,0x00000000,2025-12-14T15:10:22.290Z,2025-12-14T15:10:22.290Z
35,0x000a,-0.313527,0x00000000,2025-12-14T15:10:22.290Z,2025-12-14T15:10:22.290Z
34,0x000a,-0.551577,0x00000000,2025-12-14T15:10:22.290Z,2025-12-14T15:10:22.290Z
26,0x000a,9.55982,0x00000000,2025-12-14T15:10:22.290Z,2025-12-14T15:10:22.290Z
25,0x000a,8.70985,0x00000000,2025-12-14T15:10:22.290Z,2025-12-14T15:10:22.290Z
24,0x000a,7.16978,0x00000000,2025-12-14T15:10:22.290Z,2025-12-14T15:10:22.290Z
23,0x000a,-0.0506019,0x00000000,2025-12-14T15:10:22.290Z,2025-12-14T15:10:22.290Z
22,0x000a,-0.313527,0x00000000,2025-12-14T15:10:22.290Z,2025-12-14T15:10:22.290Z
21,0x000a,-0.551577,0x00000000,2025-12-14T15:10:22.290Z,2025-12-14T15:10:22.290Z
8,0x0004,26431,0x00000000,2025-12-14T15:10:22.290Z,2025-12-14T15:10:22.290Z
7,0x0004,24081,0x00000000,2025-12-14T15:10:22.290Z,2025-12-14T15:10:22.290Z
6,0x0004,19823,0x00000000,2025-12-14T15:10:22.290Z,2025-12-14T15:10:22.290Z
39,0x000a,-2.49928,0x00000000,2025-12-14T15:10:22.392Z,2025-12-14T15:10:22.392Z
38,0x000a,-1.89887,0x00000000,2025-12-14T15:10:22.392Z,2025-12-14T15:10:22.392Z
37,0x000a,-3.29861,0x00000000,2025-12-14T15:10:22.392Z,2025-12-14T15:10:22.392Z
36,0x000a,-2.17555,0x00000000,2025-12-14T15:10:22.392Z,2025-12-14T15:10:22.392Z
35,0x000a,-1.65597,0x00000000,2025-12-14T15:10:22.392Z,2025-12-14T15:10:22.392Z
34,0x000a,-3.07527,0x00000000,2025-12-14T15:10:22.392Z,2025-12-14T15:10:22.392Z
26,0x000a,9.3099,0x00000000,2025-12-14T15:10:22.392Z,2025-12-14T15:10:22.392Z
25,0x000a,8.51997,0x00000000,2025-12-14T15:10:22.392Z,2025-12-14T15:10:22.392Z
24,0x000a,6.83992,0x00000000,2025-12-14T15:10:22.392Z,2025-12-14T15:10:22.392Z
23,0x000a,-2.17555,0x00000000,2025-12-14T15:10:22.392Z,2025-12-14T15:10:22.392Z
22,0x000a,-1.65597,0x00000000,2025-12-14T15:10:22.392Z,2025-12-14T15:10:22.392Z
21,0x000a,-3.07527,0x00000000,2025-12-14T15:10:22.392Z,2025-12-14T15:10:22.392Z
8,0x0004,25740,0x00000000,2025-12-14T15:10:22.392Z,2025-12-14T15:10:22.392Z
7,0x0004,23556,0x00000000,2025-12-14T15:10:22.392Z,2025-12-14T15:10:22.392Z
6,0x0004,18911,0x00000000,2025-12-14T15:10:22.392Z,2025-12-14T15:10:22.392Z
39,0x000a,-2.10141,0x00000000,2025-12-14T15:10:22.490Z,2025-12-14T15:10:22.490Z
38,0x000a,-1.50102,0x00000000,2025-12-14T15:10:22.490Z,2025-12-14T15:10:22.490Z
37,0x000a,-2.70182,0x00000000,2025-12-14T15:10:22.490Z,2025-12-14T15:10:22.490Z
36,0x000a,-2.33741,0x00000000,2025-12-14T15:10:22.490Z,2025-12-14T15:10:22.490Z
35,0x000a,-1.77742,0x00000000,2025-12-14T15:10:22.490Z,2025-12-14T15:10:22.490Z
34,0x000a,-3.18694,0x00000000,2025-12-14T15:10:22.490Z,2025-12-14T15:10:22.490Z
26,0x000a,9.09975,0x00000000,2025-12-14T15:10:22.490Z,2025-12-14T15:10:22.490Z
25,0x000a,8.36986,0x00000000,2025-12-14T15:10:22.490Z,2025-12-14T15:10:22.490Z
24,0x000a,6.56973,0x00000000,2025-12-14T15:10:22.490Z,2025-12-14T15:10:22.490Z
23,0x000a,-2.33741,0x00000000,2025-12-14T15:10:22.490Z,2025-12-14T15:10:22.490Z
22,0x000a,-1.77742,0x00000000,2025-12-14T15:10:22.490Z,2025-12-14T15:10:22.490Z
21,0x000a,-3.18694,0x00000000,2025-12-14T15:10:22.490Z,2025-12-14T15:10:22.490Z
8,0x0004,25159,0x00000000,2025-12-14T15:10:22.490Z,2025-12-14T15:10:22.490Z
7,0x0004,23141,0x00000000,2025-12-14T15:10:22.490Z,2025-12-14T15:10:22.490Z
6,0x0004,18164,0x00000000,2025-12-14T15:10:22.490Z,2025-12-14T15:10:22.490Z
39,0x000a,-2.19908,0x00000000,2025-12-14T15:10:22.591Z,2025-12-14T15:10:22.591Z
38,0x000a,-1.50101,0x00000000,2025-12-14T15:10:22.591Z,2025-12-14T15:10:22.591Z
37,0x000a,-2.79948,0x00000000,2025-12-14T15:10:22.591Z,2025-12-14T15:10:22.591Z
36,0x000a,-2.21941,0x00000000,2025-12-14T15:10:22.591Z,2025-12-14T15:10:22.591Z
35,0x000a,-1.63922,0x00000000,2025-12-14T15:10:22.591Z,2025-12-14T15:10:22.591Z
34,0x000a,-2.94438,0x00000000,2025-12-14T15:10:22.591Z,2025-12-14T15:10:22.591Z
26,0x000a,8.87985,0x00000000,2025-12-14T15:10:22.591Z,2025-12-14T15:10:22.591Z
25,0x000a,8.21976,0x00000000,2025-12-14T15:10:22.591Z,2025-12-14T15:10:22.591Z
24,0x000a,6.28979,0x00000000,2025-12-14T15:10:22.591Z,2025-12-14T15:10:22.591Z
23,0x000a,-2.21941,0x00000000,2025-12-14T15:10:22.591Z,2025-12-14T15:10:22.591Z
22,0x000a,-1.63922,0x00000000,2025-12-14T15:10:22.591Z,2025-12-14T15:10:22.591Z
21,0x000a,-2.94438,0x00000000,2025-12-14T15:10:22.591Z,2025-12-14T15:10:22.591Z
8,0x0004,24551,0x00000000,2025-12-14T15:10:22.591Z,2025-12-14T15:10:22.591Z
7,0x0004,22726,0x00000000,2025-12-14T15:10:22.591Z,2025-12-14T15:10:22.591Z
6,0x0004,17390,0x00000000,2025-12-14T15:10:22.591Z,2025-12-14T15:10:22.591Z
36,0x000a,-2.20924,0x00000000,2025-12-14T15:10:22.690Z,2025-12-14T15:10:22.690Z
35,0x000a,-1.57011,0x00000000,2025-12-14T15:10:22.690Z,2025-12-14T15:10:22.690Z
34,0x000a,-2.87193,0x00000000,2025-12-14T15:10:22.690Z,2025-12-14T15:10:22.690Z
26,0x000a,8.6697,0x00000000,2025-12-14T15:10:22.690Z,2025-12-14T15:10:22.690Z
25,0x000a,8.0599,0x00000000,2025-12-14T15:10:22.690Z,2025-12-14T15:10:22.690Z
24,0x000a,6.01997,0x00000000,2025-12-14T15:10:22.690Z,2025-12-14T15:10:22.690Z
23,0x000a,-2.20924,0x00000000,2025-12-14T15:10:22.690Z,2025-12-14T15:10:22.690Z
22,0x000a,-1.57011,0x00000000,2025-12-14T15:10:22.690Z,2025-12-14T15:10:22.690Z
21,0x000a,-2.87193,0x00000000,2025-12-14T15:10:22.690Z,2025-12-14T15:10:22.690Z
8,0x0004,23970,0x00000000,2025-12-14T15:10:22.690Z,2025-12-14T15:10:22.690Z
7,0x0004,22284,0x00000000,2025-12-14T15:10:22.690Z,2025-12-14T15:10:22.690Z
6,0x0004,16644,0x00000000,2025-12-14T15:10:22.690Z,2025-12-14T15:10:22.690Z
39,0x000a,-2.10142,0x00000000,2025-12-14T15:10:22.790Z,2025-12-14T15:10:22.790Z
38,0x000a,-1.59867,0x00000000,2025-12-14T15:10:22.790Z,2025-12-14T15:10:22.790Z
37,0x000a,-2.69821,0x00000000,2025-12-14T15:10:22.790Z,2025-12-14T15:10:22.790Z
26,0x000a,8.45992,0x00000000,2025-12-14T15:10:22.790Z,2025-12-14T15:10:22.790Z
25,0x000a,7.90979,0x00000000,2025-12-14T15:10:22.790Z,2025-12-14T15:10:22.790Z
24,0x000a,5.73966,0x00000000,2025-12-14T15:10:22.790Z,2025-12-14T15:10:22.790Z
8,0x0004,23390,0x00000000,2025-12-14T15:10:22.790Z,2025-12-14T15:10:22.790Z
7,0x0004,21869,0x00000000,2025-12-14T15:10:22.790Z,2025-12-14T15:10:22.790Z
6,0x0004,15869,0x00000000,2025-12-14T15:10:22.790Z,2025-12-14T15:10:22.790Z
39,0x000a,-2.0978,0x00000000,2025-12-14T15:10:22.891Z,2025-12-14T15:10:22.891Z
38,0x000a,-1.50101,0x00000000,2025-12-14T15:10:22.891Z,2025-12-14T15:10:22.891Z
37,0x000a,-2.8031,0x00000000,2025-12-14T15:10:22.891Z,2025-12-14T15:10:22.891Z
36,0x000a,-2.15533,0x00000000,2025-12-14T15:10:22.891Z,2025-12-14T15:10:22.891Z
35,0x000a,-1.58439,0x00000000,2025-12-14T15:10:22.891Z,2025-12-14T15:10:22.891Z
34,0x000a,-2.78507,0x00000000,2025-12-14T15:10:22.891Z,2025-12-14T15:10:22.891Z
26,0x000a,8.23966,0x00000000,2025-12-14T15:10:22.891Z,2025-12-14T15:10:22.891Z
25,0x000a,7.75969,0x00000000,2025-12-14T15:10:22.891Z,2025-12-14T15:10:22.891Z
24,0x000a,5.45971,0x00000000,2025-12-14T15:10:22.891Z,2025-12-14T15:10:22.891Z
23,0x000a,-2.15533,0x00000000,2025-12-14T15:10:22.891Z,2025-12-14T15:10:22.891Z
22,0x000a,-1.58439,0x00000000,2025-12-14T15:10:22.891Z,2025-12-14T15:10:22.891Z
21,0x000a,-2.78507,0x00000000,2025-12-14T15:10:22.891Z,2025-12-14T15:10:22.891Z
8,0x0004,22781,0x00000000,2025-12-14T15:10:22.891Z,2025-12-14T15:10:22.891Z
7,0x0004,21454,0x00000000,2025-12-14T15:10:22.891Z,2025-12-14T15:10:22.891Z
6,0x0004,15095,0x00000000,2025-12-14T15:10:22.891Z,2025-12-14T15:10:22.891Z
39,0x000a,-2.20269,0x00000000,2025-12-14T15:10:22.991Z,2025-12-14T15:10:22.991Z
37,0x000a,-2.79948,0x00000000,2025-12-14T15:10:22.991Z,2025-12-14T15:10:22.991Z
36,0x000a,-2.12657,0x00000000,2025-12-14T15:10:22.991Z,2025-12-14T15:10:22.991Z
35,0x000a,-1.5427,0x00000000,2025-12-14T15:10:22.991Z,2025-12-14T15:10:22.991Z
34,0x000a,-2.79408,0x00000000,2025-12-14T15:10:22.991Z,2025-12-14T15:10:22.991Z
26,0x000a,8.02988,0x00000000,2025-12-14T15:10:22.991Z,2025-12-14T15:10:22.991Z
25,0x000a,7.59983,0x00000000,2025-12-14T15:10:22.991Z,2025-12-14T15:10:22.991Z
24,0x000a,5.18989,0x00000000,2025-12-14T15:10:22.991Z,2025-12-14T15:10:22.991Z
23,0x000a,-2.12657,0x00000000,2025-12-14T15:10:22.991Z,2025-12-14T15:10:22.991Z
22,0x000a,-1.5427,0x00000000,2025-12-14T15:10:22.991Z,2025-12-14T15:10:22.991Z
21,0x000a,-2.79408,0x00000000,2025-12-14T15:10:22.991Z,2025-12-14T15:10:22.991Z
14,0x0001,false,0x00000000,2025-12-14T15:10:22.991Z,2025-12-14T15:10:22.991Z
8,0x0004,22201,0x00000000,2025-12-14T15:10:22.991Z,2025-12-14T15:10:22.991Z
7,0x0004,21012,0x00000000,2025-12-14T15:10:22.991Z,2025-12-14T15:10:22.991Z
6,0x0004,14349,0x00000000,2025-12-14T15:10:22.991Z,2025-12-14T15:10:22.991Z
39,0x000a,-2.0978,0x00000000,2025-12-14T15:10:23.090Z,2025-12-14T15:10:23.090Z
38,0x000a,-1.59867,0x00000000,2025-12-14T15:10:23.090Z,2025-12-14T15:10:23.090Z
37,0x000a,-2.69821,0x00000000,2025-12-14T15:10:23.090Z,2025-12-14T15:10:23.090Z
36,0x000a,-2.16463,0x00000000,2025-12-14T15:10:23.090Z,2025-12-14T15:10:23.090Z
35,0x000a,-1.52186,0x00000000,2025-12-14T15:10:23.090Z,2025-12-14T15:10:23.090Z
34,0x000a,-2.79678,0x00000000,2025-12-14T15:10:23.090Z,2025-12-14T15:10:23.090Z
28,0x0004,27000,0x00000000,2025-12-14T15:10:23.090Z,2025-12-14T15:10:23.090Z
26,0x000a,7.81973,0x00000000,2025-12-14T15:10:23.090Z,2025-12-14T15:10:23.090Z
25,0x000a,7.44973,0x00000000,2025-12-14T15:10:23.090Z,2025-12-14T15:10:23.090Z
24,0x000a,4.90994,0x00000000,2025-12-14T15:10:23.090Z,2025-12-14T15:10:23.090Z
23,0x000a,-2.16463,0x00000000,2025-12-14T15:10:23.090Z,2025-12-14T15:10:23.090Z
22,0x000a,-1.52186,0x00000000,2025-12-14T15:10:23.090Z,2025-12-14T15:10:23.090Z
21,0x000a,-2.79678,0x00000000,2025-12-14T15:10:23.090Z,2025-12-14T15:10:23.090Z
8,0x0004,21620,0x00000000,2025-12-14T15:10:23.090Z,2025-12-14T15:10:23.090Z
7,0x0004,20597,0x00000000,2025-12-14T15:10:23.090Z,2025-12-14T15:10:23.090Z
6,0x0004,13575,0x00000000,2025-12-14T15:10:23.090Z,2025-12-14T15:10:23.090Z
39,0x000a,-2.10142,0x00000000,2025-12-14T15:10:23.190Z,2025-12-14T15:10:23.190Z
39,0x000a,-2.60055,0x00000000,2025-12-14T15:10:23.290Z,2025-12-14T15:10:23.290Z
38,0x000a,-1.50101,0x00000000,2025-12-14T15:10:23.190Z,2025-12-14T15:10:23.190Z
38,0x000a,-1.7976,0x00000000,2025-12-14T15:10:23.290Z,2025-12-14T15:10:23.290Z
37,0x000a,-2.79948,0x00000000,2025-12-14T15:10:23.190Z,2025-12-14T15:10:23.190Z
37,0x000a,-1.60229,0x00000000,2025-12-14T15:10:23.290Z,2025-12-14T15:10:23.290Z
36,0x000a,-2.13121,0x00000000,2025-12-14T15:10:23.190Z,2025-12-14T15:10:23.190Z
36,0x000a,-2.11632,0x00000000,2025-12-14T15:10:23.290Z,2025-12-14T15:10:23.290Z
35,0x000a,-1.56026,0x00000000,2025-12-14T15:10:23.190Z,2025-12-14T15:10:23.190Z
35,0x000a,-1.53064,0x00000000,2025-12-14T15:10:23.290Z,2025-12-14T15:10:23.290Z
34,0x000a,-2.74749,0x00000000,2025-12-14T15:10:23.190Z,2025-12-14T15:10:23.190Z
34,0x000a,-2.77349,0x00000000,2025-12-14T15:10:23.290Z,2025-12-14T15:10:23.290Z
28,0x0004,0,0x00000000,2025-12-14T15:10:23.190Z,2025-12-14T15:10:23.190Z
26,0x000a,7.55968,0x00000000,2025-12-14T15:10:23.190Z,2025-12-14T15:10:23.190Z
26,0x000a,7.3499,0x00000000,2025-12-14T15:10:23.290Z,2025-12-14T15:10:23.290Z
25,0x000a,7.26997,0x00000000,2025-12-14T15:10:23.190Z,2025-12-14T15:10:23.190Z
25,0x000a,7.10974,0x00000000,2025-12-14T15:10:23.290Z,2025-12-14T15:10:23.290Z
24,0x000a,4.74971,0x00000000,2025-12-14T15:10:23.190Z,2025-12-14T15:10:23.190Z
23,0x000a,-2.13121,0x00000000,2025-12-14T15:10:23.190Z,2025-12-14T15:10:23.190Z
23,0x000a,-2.11632,0x00000000,2025-12-14T15:10:23.290Z,2025-12-14T15:10:23.290Z
22,0x000a,-1.56026,0x00000000,2025-12-14T15:10:23.190Z,2025-12-14T15:10:23.190Z
22,0x000a,-1.53064,0x00000000,2025-12-14T15:10:23.290Z,2025-12-14T15:10:23.290Z
21,0x000a,-2.74749,0x00000000,2025-12-14T15:10:23.190Z,2025-12-14T15:10:23.190Z
21,0x000a,-2.77349,0x00000000,2025-12-14T15:10:23.290Z,2025-12-14T15:10:23.290Z
8,0x0004,20901,0x00000000,2025-12-14T15:10:23.190Z,2025-12-14T15:10:23.190Z
8,0x0004,20321,0x00000000,2025-12-14T15:10:23.290Z,2025-12-14T15:10:23.290Z
7,0x0004,20100,0x00000000,2025-12-14T15:10:23.190Z,2025-12-14T15:10:23.190Z
7,0x0004,19657,0x00000000,2025-12-14T15:10:23.290Z,2025-12-14T15:10:23.290Z
6,0x0004,13132,0x00000000,2025-12-14T15:10:23.190Z,2025-12-14T15:10:23.190Z
39,0x000a,-4.29688,0x00000000,2025-12-14T15:10:23.389Z,2025-12-14T15:10:23.389Z
38,0x000a,-3.09968,0x00000000,2025-12-14T15:10:23.389Z,2025-12-14T15:10:23.389Z
37,0x000a,0,0x00000000,2025-12-14T15:10:23.389Z,2025-12-14T15:10:23.389Z
36,0x000a,-2.35843,0x00000000,2025-12-14T15:10:23.389Z,2025-12-14T15:10:23.389Z
35,0x000a,-1.66412,0x00000000,2025-12-14T15:10:23.389Z,2025-12-14T15:10:23.389Z
34,0x000a,-2.18789,0x00000000,2025-12-14T15:10:23.389Z,2025-12-14T15:10:23.389Z
26,0x000a,7.12999,0x00000000,2025-12-14T15:10:23.389Z,2025-12-14T15:10:23.389Z
25,0x000a,6.96,0x00000000,2025-12-14T15:10:23.389Z,2025-12-14T15:10:23.389Z
23,0x000a,-2.35843,0x00000000,2025-12-14T15:10:23.389Z,2025-12-14T15:10:23.389Z
22,0x000a,-1.66412,0x00000000,2025-12-14T15:10:23.389Z,2025-12-14T15:10:23.389Z
21,0x000a,-2.18789,0x00000000,2025-12-14T15:10:23.389Z,2025-12-14T15:10:23.389Z
8,0x0004,19713,0x00000000,2025-12-14T15:10:23.389Z,2025-12-14T15:10:23.389Z
7,0x0004,19243,0x00000000,2025-12-14T15:10:23.389Z,2025-12-14T15:10:23.389Z
40,0x0001,true,0x00000000,2025-12-14T15:10:23.491Z,2025-12-14T15:10:23.491Z
39,0x000a,-2.10142,0x00000000,2025-12-14T15:10:23.491Z,2025-12-14T15:10:23.491Z
38,0x000a,-1.50102,0x00000000,2025-12-14T15:10:23.491Z,2025-12-14T15:10:23.491Z
36,0x000a,-3.32765,0x00000000,2025-12-14T15:10:23.491Z,2025-12-14T15:10:23.491Z
35,0x000a,-2.3819,0x00000000,2025-12-14T15:10:23.491Z,2025-12-14T15:10:23.491Z
34,0x000a,-1.09394,0x00000000,2025-12-14T15:10:23.491Z,2025-12-14T15:10:23.491Z
26,0x000a,6.91985,0x00000000,2025-12-14T15:10:23.491Z,2025-12-14T15:10:23.491Z
25,0x000a,6.8099,0x00000000,2025-12-14T15:10:23.491Z,2025-12-14T15:10:23.491Z
23,0x000a,-3.32765,0x00000000,2025-12-14T15:10:23.491Z,2025-12-14T15:10:23.491Z
22,0x000a,-2.3819,0x00000000,2025-12-14T15:10:23.491Z,2025-12-14T15:10:23.491Z
21,0x000a,-1.09394,0x00000000,2025-12-14T15:10:23.491Z,2025-12-14T15:10:23.491Z
8,0x0004,19132,0x00000000,2025-12-14T15:10:23.491Z,2025-12-14T15:10:23.491Z
7,0x0004,18828,0x00000000,2025-12-14T15:10:23.491Z,2025-12-14T15:10:23.491Z
38,0x000a,-1.60228,0x00000000,2025-12-14T15:10:23.591Z,2025-12-14T15:10:23.591Z
36,0x000a,-2.71454,0x00000000,2025-12-14T15:10:23.591Z,2025-12-14T15:10:23.591Z
35,0x000a,-1.94146,0x00000000,2025-12-14T15:10:23.591Z,2025-12-14T15:10:23.591Z
34,0x000a,-0.546972,0x00000000,2025-12-14T15:10:23.591Z,2025-12-14T15:10:23.591Z
26,0x000a,6.70971,0x00000000,2025-12-14T15:10:23.591Z,2025-12-14T15:10:23.591Z
25,0x000a,6.64967,0x00000000,2025-12-14T15:10:23.591Z,2025-12-14T15:10:23.591Z
23,0x000a,-2.71454,0x00000000,2025-12-14T15:10:23.591Z,2025-12-14T15:10:23.591Z
22,0x000a,-1.94146,0x00000000,2025-12-14T15:10:23.591Z,2025-12-14T15:10:23.591Z
21,0x000a,-0.546972,0x00000000,2025-12-14T15:10:23.591Z,2025-12-14T15:10:23.591Z
8,0x0004,18551,0x00000000,2025-12-14T15:10:23.591Z,2025-12-14T15:10:23.591Z
7,0x0004,18385,0x00000000,2025-12-14T15:10:23.591Z,2025-12-14T15:10:23.591Z
26,0x000a,6.49993,0x00000000,2025-12-14T15:10:23.691Z,2025-12-14T15:10:23.691Z
25,0x000a,6.49993,0x00000000,2025-12-14T15:10:23.691Z,2025-12-14T15:10:23.691Z
8,0x0004,17971,0x00000000,2025-12-14T15:10:23.691Z,2025-12-14T15:10:23.691Z
7,0x0004,17971,0x00000000,2025-12-14T15:10:23.691Z,2025-12-14T15:10:23.691Z
39,0x000a,-2.0978,0x00000000,2025-12-14T15:10:23.790Z,2025-12-14T15:10:23.790Z
38,0x000a,-1.4974,0x00000000,2025-12-14T15:10:23.790Z,2025-12-14T15:10:23.790Z
36,0x000a,-2.40798,0x00000000,2025-12-14T15:10:23.790Z,2025-12-14T15:10:23.790Z
35,0x000a,-1.77187,0x00000000,2025-12-14T15:10:23.790Z,2025-12-14T15:10:23.790Z
34,0x000a,-0.273486,0x00000000,2025-12-14T15:10:23.790Z,2025-12-14T15:10:23.790Z
26,0x000a,6.27966,0x00000000,2025-12-14T15:10:23.790Z,2025-12-14T15:10:23.790Z
25,0x000a,6.34983,0x00000000,2025-12-14T15:10:23.790Z,2025-12-14T15:10:23.790Z
23,0x000a,-2.40798,0x00000000,2025-12-14T15:10:23.790Z,2025-12-14T15:10:23.790Z
22,0x000a,-1.77187,0x00000000,2025-12-14T15:10:23.790Z,2025-12-14T15:10:23.790Z
21,0x000a,-0.273486,0x00000000,2025-12-14T15:10:23.790Z,2025-12-14T15:10:23.790Z
8,0x0004,17362,0x00000000,2025-12-14T15:10:23.790Z,2025-12-14T15:10:23.790Z
7,0x0004,17556,0x00000000,2025-12-14T15:10:23.790Z,2025-12-14T15:10:23.790Z
39,0x000a,-2.20269,0x00000000,2025-12-14T15:10:23.890Z,2025-12-14T15:10:23.890Z
38,0x000a,-1.50101,0x00000000,2025-12-14T15:10:23.890Z,2025-12-14T15:10:23.890Z
36,0x000a,-2.25289,0x00000000,2025-12-14T15:10:23.890Z,2025-12-14T15:10:23.890Z
35,0x000a,-1.63463,0x00000000,2025-12-14T15:10:23.890Z,2025-12-14T15:10:23.890Z
34,0x000a,-0.136743,0x00000000,2025-12-14T15:10:23.890Z,2025-12-14T15:10:23.890Z
26,0x000a,6.06988,0x00000000,2025-12-14T15:10:23.890Z,2025-12-14T15:10:23.890Z
25,0x000a,6.18996,0x00000000,2025-12-14T15:10:23.890Z,2025-12-14T15:10:23.890Z
23,0x000a,-2.25289,0x00000000,2025-12-14T15:10:23.890Z,2025-12-14T15:10:23.890Z
22,0x000a,-1.63463,0x00000000,2025-12-14T15:10:23.890Z,2025-12-14T15:10:23.890Z
21,0x000a,-0.136743,0x00000000,2025-12-14T15:10:23.890Z,2025-12-14T15:10:23.890Z
8,0x0004,16782,0x00000000,2025-12-14T15:10:23.890Z,2025-12-14T15:10:23.890Z
7,0x0004,17114,0x00000000,2025-12-14T15:10:23.890Z,2025-12-14T15:10:23.890Z
39,0x000a,-2.0978,0x00000000,2025-12-14T15:10:23.990Z,2025-12-14T15:10:23.990Z
38,0x000a,-1.59867,0x00000000,2025-12-14T15:10:23.990Z,2025-12-14T15:10:23.990Z
36,0x000a,-2.22779,0x00000000,2025-12-14T15:10:23.990Z,2025-12-14T15:10:23.990Z
35,0x000a,-1.56782,0x00000000,2025-12-14T15:10:23.990Z,2025-12-14T15:10:23.990Z
34,0x000a,-0.0683715,0x00000000,2025-12-14T15:10:23.990Z,2025-12-14T15:10:23.990Z
26,0x000a,5.85974,0x00000000,2025-12-14T15:10:23.990Z,2025-12-14T15:10:23.990Z
25,0x000a,6.03986,0x00000000,2025-12-14T15:10:23.990Z,2025-12-14T15:10:23.990Z
23,0x000a,-2.22779,0x00000000,2025-12-14T15:10:23.990Z,2025-12-14T15:10:23.990Z
22,0x000a,-1.56782,0x00000000,2025-12-14T15:10:23.990Z,2025-12-14T15:10:23.990Z
21,0x000a,-0.0683715,0x00000000,2025-12-14T15:10:23.990Z,2025-12-14T15:10:23.990Z
8,0x0004,16201,0x00000000,2025-12-14T15:10:23.990Z,2025-12-14T15:10:23.990Z
7,0x0004,16699,0x00000000,2025-12-14T15:10:23.990Z,2025-12-14T15:10:23.990Z
39,0x000a,-2.10142,0x00000000,2025-12-14T15:10:24.092Z,2025-12-14T15:10:24.092Z
38,0x000a,-1.50101,0x00000000,2025-12-14T15:10:24.092Z,2025-12-14T15:10:24.092Z
36,0x000a,-2.16279,0x00000000,2025-12-14T15:10:24.092Z,2025-12-14T15:10:24.092Z
35,0x000a,-1.58325,0x00000000,2025-12-14T15:10:24.092Z,2025-12-14T15:10:24.092Z
34,0x000a,-0.0341857,0x00000000,2025-12-14T15:10:24.092Z,2025-12-14T15:10:24.092Z
26,0x000a,5.63983,0x00000000,2025-12-14T15:10:24.092Z,2025-12-14T15:10:24.092Z
25,0x000a,5.88976,0x00000000,2025-12-14T15:10:24.092Z,2025-12-14T15:10:24.092Z
23,0x000a,-2.16279,0x00000000,2025-12-14T15:10:24.092Z,2025-12-14T15:10:24.092Z
22,0x000a,-1.58325,0x00000000,2025-12-14T15:10:24.092Z,2025-12-14T15:10:24.092Z
21,0x000a,-0.0341857,0x00000000,2025-12-14T15:10:24.092Z,2025-12-14T15:10:24.092Z
8,0x0004,15593,0x00000000,2025-12-14T15:10:24.092Z,2025-12-14T15:10:24.092Z
7,0x0004,16284,0x00000000,2025-12-14T15:10:24.092Z,2025-12-14T15:10:24.092Z
39,0x000a,-2.19907,0x00000000,2025-12-14T15:10:24.191Z,2025-12-14T15:10:24.191Z
38,0x000a,-1.50102,0x00000000,2025-12-14T15:10:24.191Z,2025-12-14T15:10:24.191Z
36,0x000a,-2.13211,0x00000000,2025-12-14T15:10:24.191Z,2025-12-14T15:10:24.191Z
35,0x000a,-1.54213,0x00000000,2025-12-14T15:10:24.191Z,2025-12-14T15:10:24.191Z
34,0x000a,-0.0170929,0x00000000,2025-12-14T15:10:24.191Z,2025-12-14T15:10:24.191Z
26,0x000a,5.42969,0x00000000,2025-12-14T15:10:24.191Z,2025-12-14T15:10:24.191Z
25,0x000a,5.72989,0x00000000,2025-12-14T15:10:24.191Z,2025-12-14T15:10:24.191Z
23,0x000a,-2.13211,0x00000000,2025-12-14T15:10:24.191Z,2025-12-14T15:10:24.191Z
22,0x000a,-1.54213,0x00000000,2025-12-14T15:10:24.191Z,2025-12-14T15:10:24.191Z
21,0x000a,-0.0170929,0x00000000,2025-12-14T15:10:24.191Z,2025-12-14T15:10:24.191Z
8,0x0004,15012,0x00000000,2025-12-14T15:10:24.191Z,2025-12-14T15:10:24.191Z
7,0x0004,15842,0x00000000,2025-12-14T15:10:24.191Z,2025-12-14T15:10:24.191Z
39,0x000a,-2.10142,0x00000000,2025-12-14T15:10:24.291Z,2025-12-14T15:10:24.291Z
38,0x000a,-1.59867,0x00000000,2025-12-14T15:10:24.291Z,2025-12-14T15:10:24.291Z
36,0x000a,-2.16559,0x00000000,2025-12-14T15:10:24.291Z,2025-12-14T15:10:24.291Z
35,0x000a,-1.52157,0x00000000,2025-12-14T15:10:24.291Z,2025-12-14T15:10:24.291Z
34,0x000a,-0.00854643,0x00000000,2025-12-14T15:10:24.291Z,2025-12-14T15:10:24.291Z
26,0x000a,5.21991,0x00000000,2025-12-14T15:10:24.291Z,2025-12-14T15:10:24.291Z
25,0x000a,5.57979,0x00000000,2025-12-14T15:10:24.291Z,2025-12-14T15:10:24.291Z
23,0x000a,-2.16559,0x00000000,2025-12-14T15:10:24.291Z,2025-12-14T15:10:24.291Z
22,0x000a,-1.52157,0x00000000,2025-12-14T15:10:24.291Z,2025-12-14T15:10:24.291Z
21,0x000a,-0.00854643,0x00000000,2025-12-14T15:10:24.291Z,2025-12-14T15:10:24.291Z
18,0x0001,false,0x00000000,2025-12-14T15:10:24.291Z,2025-12-14T15:10:24.291Z
8,0x0004,14432,0x00000000,2025-12-14T15:10:24.291Z,2025-12-14T15:10:24.291Z
7,0x0004,15427,0x00000000,2025-12-14T15:10:24.291Z,2025-12-14T15:10:24.291Z
39,0x000a,-2.0978,0x00000000,2025-12-14T15:10:24.390Z,2025-12-14T15:10:24.390Z
38,0x000a,-1.50101,0x00000000,2025-12-14T15:10:24.390Z,2025-12-14T15:10:24.390Z
36,0x000a,-2.1335,0x00000000,2025-12-14T15:10:24.390Z,2025-12-14T15:10:24.390Z
35,0x000a,-1.56012,0x00000000,2025-12-14T15:10:24.390Z,2025-12-14T15:10:24.390Z
34,0x000a,-0.00427322,0x00000000,2025-12-14T15:10:24.390Z,2025-12-14T15:10:24.390Z
30,0x0004,27000,0x00000000,2025-12-14T15:10:24.390Z,2025-12-14T15:10:24.390Z
26,0x000a,4.95985,0x00000000,2025-12-14T15:10:24.390Z,2025-12-14T15:10:24.390Z
25,0x000a,5.3899,0x00000000,2025-12-14T15:10:24.390Z,2025-12-14T15:10:24.390Z
23,0x000a,-2.1335,0x00000000,2025-12-14T15:10:24.390Z,2025-12-14T15:10:24.390Z
22,0x000a,-1.56012,0x00000000,2025-12-14T15:10:24.390Z,2025-12-14T15:10:24.390Z
21,0x000a,-0.00427322,0x00000000,2025-12-14T15:10:24.390Z,2025-12-14T15:10:24.390Z
8,0x0004,13713,0x00000000,2025-12-14T15:10:24.390Z,2025-12-14T15:10:24.390Z
7,0x0004,14902,0x00000000,2025-12-14T15:10:24.390Z,2025-12-14T15:10:24.390Z
39,0x000a,-3.50116,0x00000000,2025-12-14T15:10:24.492Z,2025-12-14T15:10:24.492Z
38,0x000a,-3.39988,0x00000000,2025-12-14T15:10:24.492Z,2025-12-14T15:10:24.492Z
36,0x000a,-2.11565,0x00000000,2025-12-14T15:10:24.492Z,2025-12-14T15:10:24.492Z
35,0x000a,-1.53057,0x00000000,2025-12-14T15:10:24.492Z,2025-12-14T15:10:24.492Z
34,0x000a,-0.00213661,0x00000000,2025-12-14T15:10:24.492Z,2025-12-14T15:10:24.492Z
30,0x0004,0,0x00000000,2025-12-14T15:10:24.492Z,2025-12-14T15:10:24.492Z
26,0x000a,4.86979,0x00000000,2025-12-14T15:10:24.492Z,2025-12-14T15:10:24.492Z
25,0x000a,5.2398,0x00000000,2025-12-14T15:10:24.492Z,2025-12-14T15:10:24.492Z
23,0x000a,-2.11565,0x00000000,2025-12-14T15:10:24.492Z,2025-12-14T15:10:24.492Z
22,0x000a,-1.53057,0x00000000,2025-12-14T15:10:24.492Z,2025-12-14T15:10:24.492Z
21,0x000a,-0.00213661,0x00000000,2025-12-14T15:10:24.492Z,2025-12-14T15:10:24.492Z
16,0x0001,false,0x00000000,2025-12-14T15:10:24.492Z,2025-12-14T15:10:24.492Z
8,0x0004,13464,0x00000000,2025-12-14T15:10:24.492Z,2025-12-14T15:10:24.492Z
7,0x0004,14487,0x00000000,2025-12-14T15:10:24.492Z,2025-12-14T15:10:24.492Z
36,0x000a,-2.80841,0x00000000,2025-12-14T15:10:24.591Z,2025-12-14T15:10:24.591Z
35,0x000a,-2.46522,0x00000000,2025-12-14T15:10:24.591Z,2025-12-14T15:10:24.591Z
34,0x000a,-0.0010683,0x00000000,2025-12-14T15:10:24.591Z,2025-12-14T15:10:24.591Z
29,0x0004,27000,0x00000000,2025-12-14T15:10:24.591Z,2025-12-14T15:10:24.591Z
25,0x000a,5.0897,0x00000000,2025-12-14T15:10:24.591Z,2025-12-14T15:10:24.591Z
23,0x000a,-2.80841,0x00000000,2025-12-14T15:10:24.591Z,2025-12-14T15:10:24.591Z
22,0x000a,-2.46522,0x00000000,2025-12-14T15:10:24.591Z,2025-12-14T15:10:24.591Z
21,0x000a,-0.0010683,0x00000000,2025-12-14T15:10:24.591Z,2025-12-14T15:10:24.591Z
7,0x0004,14072,0x00000000,2025-12-14T15:10:24.591Z,2025-12-14T15:10:24.591Z
39,0x000a,0,0x00000000,2025-12-14T15:10:24.690Z,2025-12-14T15:10:24.690Z
38,0x000a,-1.50102,0x00000000,2025-12-14T15:10:24.690Z,2025-12-14T15:10:24.690Z
42,0x0001,true,0x00000000,2025-12-14T15:10:24.791Z,2025-12-14T15:10:24.791Z
38,0x000a,-0.600405,0x00000000,2025-12-14T15:10:24.791Z,2025-12-14T15:10:24.791Z
36,0x000a,-1.4042,0x00000000,2025-12-14T15:10:24.791Z,2025-12-14T15:10:24.791Z
35,0x000a,-1.98312,0x00000000,2025-12-14T15:10:24.791Z,2025-12-14T15:10:24.791Z
34,0x000a,-0.000534152,0x00000000,2025-12-14T15:10:24.791Z,2025-12-14T15:10:24.791Z
25,0x000a,5.02966,0x00000000,2025-12-14T15:10:24.791Z,2025-12-14T15:10:24.791Z
23,0x000a,-1.4042,0x00000000,2025-12-14T15:10:24.791Z,2025-12-14T15:10:24.791Z
22,0x000a,-1.98312,0x00000000,2025-12-14T15:10:24.791Z,2025-12-14T15:10:24.791Z
21,0x000a,-0.000534152,0x00000000,2025-12-14T15:10:24.791Z,2025-12-14T15:10:24.791Z
7,0x0004,13906,0x00000000,2025-12-14T15:10:24.791Z,2025-12-14T15:10:24.791Z
38,0x000a,0,0x00000000,2025-12-14T15:10:24.892Z,2025-12-14T15:10:24.892Z
36,0x000a,-0.702101,0x00000000,2025-12-14T15:10:24.892Z,2025-12-14T15:10:24.892Z
35,0x000a,-1.29176,0x00000000,2025-12-14T15:10:24.892Z,2025-12-14T15:10:24.892Z
34,0x000a,-0.000267076,0x00000000,2025-12-14T15:10:24.892Z,2025-12-14T15:10:24.892Z
23,0x000a,-0.702101,0x00000000,2025-12-14T15:10:24.892Z,2025-12-14T15:10:24.892Z
22,0x000a,-1.29176,0x00000000,2025-12-14T15:10:24.892Z,2025-12-14T15:10:24.892Z
21,0x000a,-0.000267076,0x00000000,2025-12-14T15:10:24.892Z,2025-12-14T15:10:24.892Z
41,0x0001,true,0x00000000,2025-12-14T15:10:24.991Z,2025-12-14T15:10:24.991Z
36,0x000a,-0.351051,0x00000000,2025-12-14T15:10:24.991Z,2025-12-14T15:10:24.991Z
35,0x000a,-0.645881,0x00000000,2025-12-14T15:10:24.991Z,2025-12-14T15:10:24.991Z
34,0x000a,-0.000133538,0x00000000,2025-12-14T15:10:24.991Z,2025-12-14T15:10:24.991Z
27,0x0001,true,0x00000000,2025-12-14T15:10:24.991Z,2025-12-14T15:10:24.991Z
23,0x000a,-0.351051,0x00000000,2025-12-14T15:10:24.991Z,2025-12-14T15:10:24.991Z
22,0x000a,-0.645881,0x00000000,2025-12-14T15:10:24.991Z,2025-12-14T15:10:24.991Z
21,0x000a,-0.000133538,0x00000000,2025-12-14T15:10:24.991Z,2025-12-14T15:10:24.991Z
4,0x000a,0,0x00000000,2025-12-14T15:10:24.991Z,2025-12-14T15:10:24.991Z
3,0x000a,0,0x00000000,2025-12-14T15:10:24.991Z,2025-12-14T15:10:24.991Z
2,0x000a,0,0x00000000,2025-12-14T15:10:24.991Z,2025-12-14T15:10:24.991Z
42,0x0001,false,0x00000000,2025-12-14T15:10:25.092Z,2025-12-14T15:10:25.092Z
41,0x0001,false,0x00000000,2025-12-14T15:10:25.092Z,2025-12-14T15:10:25.092Z
40,0x0001,false,0x00000000,2025-12-14T15:10:25.092Z,2025-12-14T15:10:25.092Z
36,0x000a,-0.175525,0x00000000,2025-12-14T15:10:25.092Z,2025-12-14T15:10:25.092Z
35,0x000a,-0.322941,0x00000000,2025-12-14T15:10:25.092Z,2025-12-14T15:10:25.092Z
34,0x000a,-6.6769e-05,0x00000000,2025-12-14T15:10:25.092Z,2025-12-14T15:10:25.092Z
27,0x0001,false,0x00000000,2025-12-14T15:10:25.092Z,2025-12-14T15:10:25.092Z
23,0x000a,-0.175525,0x00000000,2025-12-14T15:10:25.092Z,2025-12-14T15:10:25.092Z
22,0x000a,-0.322941,0x00000000,2025-12-14T15:10:25.092Z,2025-12-14T15:10:25.092Z
21,0x000a,-6.6769e-05,0x00000000,2025-12-14T15:10:25.092Z,2025-12-14T15:10:25.092Z
18,0x0001,true,0x00000000,2025-12-14T15:10:25.092Z,2025-12-14T15:10:25.092Z
16,0x0001,true,0x00000000,2025-12-14T15:10:25.092Z,2025-12-14T15:10:25.092Z
14,0x0001,true,0x00000000,2025-12-14T15:10:25.092Z,2025-12-14T15:10:25.092Z
39,0x000a,-0.698061,0x00000000,2025-12-14T15:10:25.290Z,2025-12-14T15:10:25.290Z
38,0x000a,-0.0976562,0x00000000,2025-12-14T15:10:25.290Z,2025-12-14T15:10:25.290Z
37,0x000a,-1.69994,0x00000000,2025-12-14T15:10:25.290Z,2025-12-14T15:10:25.290Z
36,0x000a,-0.0877627,0x00000000,2025-12-14T15:10:25.192Z,2025-12-14T15:10:25.192Z
36,0x000a,-0.0438813,0x00000000,2025-12-14T15:10:25.290Z,2025-12-14T15:10:25.290Z
35,0x000a,-0.16147,0x00000000,2025-12-14T15:10:25.192Z,2025-12-14T15:10:25.192Z
35,0x000a,-0.0807352,0x00000000,2025-12-14T15:10:25.290Z,2025-12-14T15:10:25.290Z
34,0x000a,-3.33845e-05,0x00000000,2025-12-14T15:10:25.192Z,2025-12-14T15:10:25.192Z
34,0x000a,-1.66922e-05,0x00000000,2025-12-14T15:10:25.290Z,2025-12-14T15:10:25.290Z
26,0x000a,4.79999,0x00000000,2025-12-14T15:10:25.290Z,2025-12-14T15:10:25.290Z
25,0x000a,5.01989,0x00000000,2025-12-14T15:10:25.290Z,2025-12-14T15:10:25.290Z
24,0x000a,4.57972,0x00000000,2025-12-14T15:10:25.290Z,2025-12-14T15:10:25.290Z
23,0x000a,-0.0877627,0x00000000,2025-12-14T15:10:25.192Z,2025-12-14T15:10:25.192Z
23,0x000a,-0.0438813,0x00000000,2025-12-14T15:10:25.290Z,2025-12-14T15:10:25.290Z
22,0x000a,-0.16147,0x00000000,2025-12-14T15:10:25.192Z,2025-12-14T15:10:25.192Z
22,0x000a,-0.0807352,0x00000000,2025-12-14T15:10:25.290Z,2025-12-14T15:10:25.290Z
21,0x000a,-3.33845e-05,0x00000000,2025-12-14T15:10:25.192Z,2025-12-14T15:10:25.192Z
21,0x000a,-1.66922e-05,0x00000000,2025-12-14T15:10:25.290Z,2025-12-14T15:10:25.290Z
8,0x0004,13271,0x00000000,2025-12-14T15:10:25.290Z,2025-12-14T15:10:25.290Z
7,0x0004,13879,0x00000000,2025-12-14T15:10:25.290Z,2025-12-14T15:10:25.290Z
6,0x0004,12662,0x00000000,2025-12-14T15:10:25.290Z,2025-12-14T15:10:25.290Z
39,0x000a,-2.10142,0x00000000,2025-12-14T15:10:25.392Z,2025-12-14T15:10:25.392Z
38,0x000a,0,0x00000000,2025-12-14T15:10:25.392Z,2025-12-14T15:10:25.392Z
37,0x000a,-2.6982,0x00000000,2025-12-14T15:10:25.392Z,2025-12-14T15:10:25.392Z
36,0x000a,-0.370971,0x00000000,2025-12-14T15:10:25.392Z,2025-12-14T15:10:25.392Z
35,0x000a,-0.0891957,0x00000000,2025-12-14T15:10:25.392Z,2025-12-14T15:10:25.392Z
34,0x000a,-0.84998,0x00000000,2025-12-14T15:10:25.392Z,2025-12-14T15:10:25.392Z
26,0x000a,4.58984,0x00000000,2025-12-14T15:10:25.392Z,2025-12-14T15:10:25.392Z
24,0x000a,4.3099,0x00000000,2025-12-14T15:10:25.392Z,2025-12-14T15:10:25.392Z
23,0x000a,-0.370971,0x00000000,2025-12-14T15:10:25.392Z,2025-12-14T15:10:25.392Z
22,0x000a,-0.0891957,0x00000000,2025-12-14T15:10:25.392Z,2025-12-14T15:10:25.392Z
21,0x000a,-0.84998,0x00000000,2025-12-14T15:10:25.392Z,2025-12-14T15:10:25.392Z
8,0x0004,12690,0x00000000,2025-12-14T15:10:25.392Z,2025-12-14T15:10:25.392Z
6,0x0004,11916,0x00000000,2025-12-14T15:10:25.392Z,2025-12-14T15:10:25.392Z
26,0x000a,4.3797,0x00000000,2025-12-14T15:10:25.491Z,2025-12-14T15:10:25.491Z
24,0x000a,4.02995,0x00000000,2025-12-14T15:10:25.491Z,2025-12-14T15:10:25.491Z
8,0x0004,12109,0x00000000,2025-12-14T15:10:25.491Z,2025-12-14T15:10:25.491Z
6,0x0004,11142,0x00000000,2025-12-14T15:10:25.491Z,2025-12-14T15:10:25.491Z
37,0x000a,-2.79948,0x00000000,2025-12-14T15:10:25.591Z,2025-12-14T15:10:25.591Z
36,0x000a,-1.23619,0x00000000,2025-12-14T15:10:25.591Z,2025-12-14T15:10:25.591Z
35,0x000a,-0.0445979,0x00000000,2025-12-14T15:10:25.591Z,2025-12-14T15:10:25.591Z
34,0x000a,-1.77409,0x00000000,2025-12-14T15:10:25.591Z,2025-12-14T15:10:25.591Z
26,0x000a,4.15979,0x00000000,2025-12-14T15:10:25.591Z,2025-12-14T15:10:25.591Z
25,0x000a,5.00977,0x00000000,2025-12-14T15:10:25.591Z,2025-12-14T15:10:25.591Z
24,0x000a,3.75,0x00000000,2025-12-14T15:10:25.591Z,2025-12-14T15:10:25.591Z
23,0x000a,-1.23619,0x00000000,2025-12-14T15:10:25.591Z,2025-12-14T15:10:25.591Z
22,0x000a,-0.0445979,0x00000000,2025-12-14T15:10:25.591Z,2025-12-14T15:10:25.591Z
21,0x000a,-1.77409,0x00000000,2025-12-14T15:10:25.591Z,2025-12-14T15:10:25.591Z
8,0x0004,11501,0x00000000,2025-12-14T15:10:25.591Z,2025-12-14T15:10:25.591Z
7,0x0004,13851,0x00000000,2025-12-14T15:10:25.591Z,2025-12-14T15:10:25.591Z
6,0x0004,10368,0x00000000,2025-12-14T15:10:25.591Z,2025-12-14T15:10:25.591Z
39,0x000a,-4.30049,0x00000000,2025-12-14T15:10:25.690Z,2025-12-14T15:10:25.690Z
38,0x000a,-0.101271,0x00000000,2025-12-14T15:10:25.690Z,2025-12-14T15:10:25.690Z
37,0x000a,-5.5013,0x00000000,2025-12-14T15:10:25.690Z,2025-12-14T15:10:25.690Z
36,0x000a,-1.66881,0x00000000,2025-12-14T15:10:25.690Z,2025-12-14T15:10:25.690Z
35,0x000a,-0.0222989,0x00000000,2025-12-14T15:10:25.690Z,2025-12-14T15:10:25.690Z
34,0x000a,-2.28679,0x00000000,2025-12-14T15:10:25.690Z,2025-12-14T15:10:25.690Z
26,0x000a,3.94965,0x00000000,2025-12-14T15:10:25.690Z,2025-12-14T15:10:25.690Z
24,0x000a,3.47982,0x00000000,2025-12-14T15:10:25.690Z,2025-12-14T15:10:25.690Z
23,0x000a,-1.66881,0x00000000,2025-12-14T15:10:25.690Z,2025-12-14T15:10:25.690Z
22,0x000a,-0.0222989,0x00000000,2025-12-14T15:10:25.690Z,2025-12-14T15:10:25.690Z
21,0x000a,-2.28679,0x00000000,2025-12-14T15:10:25.690Z,2025-12-14T15:10:25.690Z
8,0x0004,10920,0x00000000,2025-12-14T15:10:25.690Z,2025-12-14T15:10:25.690Z
6,0x0004,9621,0x00000000,2025-12-14T15:10:25.690Z,2025-12-14T15:10:25.690Z
39,0x000a,-2.0978,0x00000000,2025-12-14T15:10:25.791Z,2025-12-14T15:10:25.791Z
38,0x000a,0,0x00000000,2025-12-14T15:10:25.791Z,2025-12-14T15:10:25.791Z
37,0x000a,-2.79948,0x00000000,2025-12-14T15:10:25.791Z,2025-12-14T15:10:25.791Z
36,0x000a,-2.98465,0x00000000,2025-12-14T15:10:25.791Z,2025-12-14T15:10:25.791Z
35,0x000a,-0.0617848,0x00000000,2025-12-14T15:10:25.791Z,2025-12-14T15:10:25.791Z
34,0x000a,-3.89404,0x00000000,2025-12-14T15:10:25.791Z,2025-12-14T15:10:25.791Z
26,0x000a,3.73987,0x00000000,2025-12-14T15:10:25.791Z,2025-12-14T15:10:25.791Z
24,0x000a,3.19987,0x00000000,2025-12-14T15:10:25.791Z,2025-12-14T15:10:25.791Z
23,0x000a,-2.98465,0x00000000,2025-12-14T15:10:25.791Z,2025-12-14T15:10:25.791Z
22,0x000a,-0.0617848,0x00000000,2025-12-14T15:10:25.791Z,2025-12-14T15:10:25.791Z
21,0x000a,-3.89404,0x00000000,2025-12-14T15:10:25.791Z,2025-12-14T15:10:25.791Z
8,0x0004,10340,0x00000000,2025-12-14T15:10:25.791Z,2025-12-14T15:10:25.791Z
6,0x0004,8847,0x00000000,2025-12-14T15:10:25.791Z,2025-12-14T15:10:25.791Z
39,0x000a,-2.19908,0x00000000,2025-12-14T15:10:25.891Z,2025-12-14T15:10:25.891Z
38,0x000a,-0.0976562,0x00000000,2025-12-14T15:10:25.891Z,2025-12-14T15:10:25.891Z
37,0x000a,-2.70182,0x00000000,2025-12-14T15:10:25.891Z,2025-12-14T15:10:25.891Z
36,0x000a,-2.54122,0x00000000,2025-12-14T15:10:25.891Z,2025-12-14T15:10:25.891Z
35,0x000a,-0.0308924,0x00000000,2025-12-14T15:10:25.891Z,2025-12-14T15:10:25.891Z
34,0x000a,-3.34676,0x00000000,2025-12-14T15:10:25.891Z,2025-12-14T15:10:25.891Z
26,0x000a,3.51997,0x00000000,2025-12-14T15:10:25.891Z,2025-12-14T15:10:25.891Z
25,0x000a,5,0x00000000,2025-12-14T15:10:25.891Z,2025-12-14T15:10:25.891Z
24,0x000a,2.92969,0x00000000,2025-12-14T15:10:25.891Z,2025-12-14T15:10:25.891Z
23,0x000a,-2.54122,0x00000000,2025-12-14T15:10:25.891Z,2025-12-14T15:10:25.891Z
22,0x000a,-0.0308924,0x00000000,2025-12-14T15:10:25.891Z,2025-12-14T15:10:25.891Z
21,0x000a,-3.34676,0x00000000,2025-12-14T15:10:25.891Z,2025-12-14T15:10:25.891Z
8,0x0004,9732,0x00000000,2025-12-14T15:10:25.891Z,2025-12-14T15:10:25.891Z
7,0x0004,13824,0x00000000,2025-12-14T15:10:25.891Z,2025-12-14T15:10:25.891Z
6,0x0004,8100,0x00000000,2025-12-14T15:10:25.891Z,2025-12-14T15:10:25.891Z
39,0x000a,-2.50289,0x00000000,2025-12-14T15:10:25.990Z,2025-12-14T15:10:25.990Z
38,0x000a,0,0x00000000,2025-12-14T15:10:25.990Z,2025-12-14T15:10:25.990Z
37,0x000a,-3.39988,0x00000000,2025-12-14T15:10:25.990Z,2025-12-14T15:10:25.990Z
36,0x000a,-2.37015,0x00000000,2025-12-14T15:10:25.990Z,2025-12-14T15:10:25.990Z
35,0x000a,-0.0642743,0x00000000,2025-12-14T15:10:25.990Z,2025-12-14T15:10:25.990Z
34,0x000a,-3.02429,0x00000000,2025-12-14T15:10:25.990Z,2025-12-14T15:10:25.990Z
26,0x000a,3.26968,0x00000000,2025-12-14T15:10:25.990Z,2025-12-14T15:10:25.990Z
24,0x000a,2.5897,0x00000000,2025-12-14T15:10:25.990Z,2025-12-14T15:10:25.990Z
23,0x000a,-2.37015,0x00000000,2025-12-14T15:10:25.990Z,2025-12-14T15:10:25.990Z
22,0x000a,-0.0642743,0x00000000,2025-12-14T15:10:25.990Z,2025-12-14T15:10:25.990Z
21,0x000a,-3.02429,0x00000000,2025-12-14T15:10:25.990Z,2025-12-14T15:10:25.990Z
8,0x0004,9040,0x00000000,2025-12-14T15:10:25.990Z,2025-12-14T15:10:25.990Z
6,0x0004,7160,0x00000000,2025-12-14T15:10:25.990Z,2025-12-14T15:10:25.990Z
39,0x000a,-2.19908,0x00000000,2025-12-14T15:10:26.093Z,2025-12-14T15:10:26.093Z
38,0x000a,-0.101275,0x00000000,2025-12-14T15:10:26.093Z,2025-12-14T15:10:26.093Z
37,0x000a,-2.69821,0x00000000,2025-12-14T15:10:26.093Z,2025-12-14T15:10:26.093Z
36,0x000a,-2.43652,0x00000000,2025-12-14T15:10:26.093Z,2025-12-14T15:10:26.093Z
35,0x000a,-0.0321372,0x00000000,2025-12-14T15:10:26.093Z,2025-12-14T15:10:26.093Z
34,0x000a,-3.21209,0x00000000,2025-12-14T15:10:26.093Z,2025-12-14T15:10:26.093Z
26,0x000a,3.04977,0x00000000,2025-12-14T15:10:26.093Z,2025-12-14T15:10:26.093Z
25,0x000a,4.98987,0x00000000,2025-12-14T15:10:26.093Z,2025-12-14T15:10:26.093Z
24,0x000a,2.31988,0x00000000,2025-12-14T15:10:26.093Z,2025-12-14T15:10:26.093Z
23,0x000a,-2.43652,0x00000000,2025-12-14T15:10:26.093Z,2025-12-14T15:10:26.093Z
22,0x000a,-0.0321372,0x00000000,2025-12-14T15:10:26.093Z,2025-12-14T15:10:26.093Z
21,0x000a,-3.21209,0x00000000,2025-12-14T15:10:26.093Z,2025-12-14T15:10:26.093Z
8,0x0004,8432,0x00000000,2025-12-14T15:10:26.093Z,2025-12-14T15:10:26.093Z
7,0x0004,13796,0x00000000,2025-12-14T15:10:26.093Z,2025-12-14T15:10:26.093Z
6,0x0004,6414,0x00000000,2025-12-14T15:10:26.093Z,2025-12-14T15:10:26.093Z
39,0x000a,-2.0978,0x00000000,2025-12-14T15:10:26.192Z,2025-12-14T15:10:26.192Z
38,0x000a,0,0x00000000,2025-12-14T15:10:26.192Z,2025-12-14T15:10:26.192Z
37,0x000a,-2.79948,0x00000000,2025-12-14T15:10:26.192Z,2025-12-14T15:10:26.192Z
36,0x000a,-2.3178,0x00000000,2025-12-14T15:10:26.192Z,2025-12-14T15:10:26.192Z
35,0x000a,-0.0667063,0x00000000,2025-12-14T15:10:26.192Z,2025-12-14T15:10:26.192Z
34,0x000a,-2.95515,0x00000000,2025-12-14T15:10:26.192Z,2025-12-14T15:10:26.192Z
26,0x000a,2.83999,0x00000000,2025-12-14T15:10:26.192Z,2025-12-14T15:10:26.192Z
24,0x000a,2.03993,0x00000000,2025-12-14T15:10:26.192Z,2025-12-14T15:10:26.192Z
23,0x000a,-2.3178,0x00000000,2025-12-14T15:10:26.192Z,2025-12-14T15:10:26.192Z
22,0x000a,-0.0667063,0x00000000,2025-12-14T15:10:26.192Z,2025-12-14T15:10:26.192Z
21,0x000a,-2.95515,0x00000000,2025-12-14T15:10:26.192Z,2025-12-14T15:10:26.192Z
8,0x0004,7852,0x00000000,2025-12-14T15:10:26.192Z,2025-12-14T15:10:26.192Z
6,0x0004,5640,0x00000000,2025-12-14T15:10:26.192Z,2025-12-14T15:10:26.192Z
36,0x000a,-2.2078,0x00000000,2025-12-14T15:10:26.292Z,2025-12-14T15:10:26.292Z
35,0x000a,-0.0333531,0x00000000,2025-12-14T15:10:26.292Z,2025-12-14T15:10:26.292Z
34,0x000a,-2.87731,0x00000000,2025-12-14T15:10:26.292Z,2025-12-14T15:10:26.292Z
26,0x000a,2.62985,0x00000000,2025-12-14T15:10:26.292Z,2025-12-14T15:10:26.292Z
24,0x000a,1.76975,0x00000000,2025-12-14T15:10:26.292Z,2025-12-14T15:10:26.292Z
23,0x000a,-2.2078,0x00000000,2025-12-14T15:10:26.292Z,2025-12-14T15:10:26.292Z
22,0x000a,-0.0333531,0x00000000,2025-12-14T15:10:26.292Z,2025-12-14T15:10:26.292Z
21,0x000a,-2.87731,0x00000000,2025-12-14T15:10:26.292Z,2025-12-14T15:10:26.292Z
8,0x0004,7271,0x00000000,2025-12-14T15:10:26.292Z,2025-12-14T15:10:26.292Z
6,0x0004,4893,0x00000000,2025-12-14T15:10:26.292Z,2025-12-14T15:10:26.292Z
39,0x000a,-2.10142,0x00000000,2025-12-14T15:10:26.391Z,2025-12-14T15:10:26.391Z
37,0x000a,-2.70182,0x00000000,2025-12-14T15:10:26.391Z,2025-12-14T15:10:26.391Z
26,0x000a,2.4197,0x00000000,2025-12-14T15:10:26.391Z,2025-12-14T15:10:26.391Z
25,0x000a,4.97975,0x00000000,2025-12-14T15:10:26.391Z,2025-12-14T15:10:26.391Z
24,0x000a,1.4898,0x00000000,2025-12-14T15:10:26.391Z,2025-12-14T15:10:26.391Z
8,0x0004,6690,0x00000000,2025-12-14T15:10:26.391Z,2025-12-14T15:10:26.391Z
7,0x0004,13768,0x00000000,2025-12-14T15:10:26.391Z,2025-12-14T15:10:26.391Z
6,0x0004,4119,0x00000000,2025-12-14T15:10:26.391Z,2025-12-14T15:10:26.391Z
39,0x000a,-2.10142,0x00000000,2025-12-14T15:10:26.492Z,2025-12-14T15:10:26.492Z
38,0x000a,-0.101271,0x00000000,2025-12-14T15:10:26.492Z,2025-12-14T15:10:26.492Z
37,0x000a,-2.79948,0x00000000,2025-12-14T15:10:26.492Z,2025-12-14T15:10:26.492Z
36,0x000a,-2.15461,0x00000000,2025-12-14T15:10:26.492Z,2025-12-14T15:10:26.492Z
35,0x000a,-0.0166766,0x00000000,2025-12-14T15:10:26.492Z,2025-12-14T15:10:26.492Z
34,0x000a,-2.78957,0x00000000,2025-12-14T15:10:26.492Z,2025-12-14T15:10:26.492Z
26,0x000a,2.1998,0x00000000,2025-12-14T15:10:26.492Z,2025-12-14T15:10:26.492Z
24,0x000a,1.21998,0x00000000,2025-12-14T15:10:26.492Z,2025-12-14T15:10:26.492Z
23,0x000a,-2.15461,0x00000000,2025-12-14T15:10:26.492Z,2025-12-14T15:10:26.492Z
22,0x000a,-0.0166766,0x00000000,2025-12-14T15:10:26.492Z,2025-12-14T15:10:26.492Z
21,0x000a,-2.78957,0x00000000,2025-12-14T15:10:26.492Z,2025-12-14T15:10:26.492Z
8,0x0004,6082,0x00000000,2025-12-14T15:10:26.492Z,2025-12-14T15:10:26.492Z
6,0x0004,3373,0x00000000,2025-12-14T15:10:26.492Z,2025-12-14T15:10:26.492Z
39,0x000a,-2.19908,0x00000000,2025-12-14T15:10:26.590Z,2025-12-14T15:10:26.590Z
38,0x000a,0,0x00000000,2025-12-14T15:10:26.590Z,2025-12-14T15:10:26.590Z
37,0x000a,-2.69821,0x00000000,2025-12-14T15:10:26.590Z,2025-12-14T15:10:26.590Z
36,0x000a,-2.12801,0x00000000,2025-12-14T15:10:26.590Z,2025-12-14T15:10:26.590Z
35,0x000a,-0.0589736,0x00000000,2025-12-14T15:10:26.590Z,2025-12-14T15:10:26.590Z
34,0x000a,-2.79452,0x00000000,2025-12-14T15:10:26.590Z,2025-12-14T15:10:26.590Z
26,0x000a,1.98966,0x00000000,2025-12-14T15:10:26.590Z,2025-12-14T15:10:26.590Z
24,0x000a,0.93967,0x00000000,2025-12-14T15:10:26.590Z,2025-12-14T15:10:26.590Z
23,0x000a,-2.12801,0x00000000,2025-12-14T15:10:26.590Z,2025-12-14T15:10:26.590Z
22,0x000a,-0.0589736,0x00000000,2025-12-14T15:10:26.590Z,2025-12-14T15:10:26.590Z
21,0x000a,-2.79452,0x00000000,2025-12-14T15:10:26.590Z,2025-12-14T15:10:26.590Z
8,0x0004,5501,0x00000000,2025-12-14T15:10:26.590Z,2025-12-14T15:10:26.590Z
6,0x0004,2598,0x00000000,2025-12-14T15:10:26.590Z,2025-12-14T15:10:26.590Z
39,0x000a,-2.10142,0x00000000,2025-12-14T15:10:26.692Z,2025-12-14T15:10:26.692Z
37,0x000a,-2.8031,0x00000000,2025-12-14T15:10:26.692Z,2025-12-14T15:10:26.692Z
36,0x000a,-2.16354,0x00000000,2025-12-14T15:10:26.692Z,2025-12-14T15:10:26.692Z
35,0x000a,-0.0294868,0x00000000,2025-12-14T15:10:26.692Z,2025-12-14T15:10:26.692Z
34,0x000a,-2.74636,0x00000000,2025-12-14T15:10:26.692Z,2025-12-14T15:10:26.692Z
26,0x000a,1.77988,0x00000000,2025-12-14T15:10:26.692Z,2025-12-14T15:10:26.692Z
25,0x000a,4.96998,0x00000000,2025-12-14T15:10:26.692Z,2025-12-14T15:10:26.692Z
24,0x000a,0.659722,0x00000000,2025-12-14T15:10:26.692Z,2025-12-14T15:10:26.692Z
23,0x000a,-2.16354,0x00000000,2025-12-14T15:10:26.692Z,2025-12-14T15:10:26.692Z
22,0x000a,-0.0294868,0x00000000,2025-12-14T15:10:26.692Z,2025-12-14T15:10:26.692Z
21,0x000a,-2.74636,0x00000000,2025-12-14T15:10:26.692Z,2025-12-14T15:10:26.692Z
8,0x0004,4921,0x00000000,2025-12-14T15:10:26.692Z,2025-12-14T15:10:26.692Z
7,0x0004,13741,0x00000000,2025-12-14T15:10:26.692Z,2025-12-14T15:10:26.692Z
6,0x0004,1824,0x00000000,2025-12-14T15:10:26.692Z,2025-12-14T15:10:26.692Z
39,0x000a,-4.69835,0x00000000,2025-12-14T15:10:26.789Z,2025-12-14T15:10:26.789Z
39,0x000a,-2.10142,0x00000000,2025-12-14T15:10:26.891Z,2025-12-14T15:10:26.891Z
38,0x000a,-0.0976562,0x00000000,2025-12-14T15:10:26.789Z,2025-12-14T15:10:26.789Z
38,0x000a,0,0x00000000,2025-12-14T15:10:26.891Z,2025-12-14T15:10:26.891Z
37,0x000a,-6.09809,0x00000000,2025-12-14T15:10:26.789Z,2025-12-14T15:10:26.789Z
37,0x000a,-2.70182,0x00000000,2025-12-14T15:10:26.891Z,2025-12-14T15:10:26.891Z
36,0x000a,-2.13248,0x00000000,2025-12-14T15:10:26.789Z,2025-12-14T15:10:26.789Z
36,0x000a,-3.41542,0x00000000,2025-12-14T15:10:26.891Z,2025-12-14T15:10:26.891Z
35,0x000a,-0.0147434,0x00000000,2025-12-14T15:10:26.789Z,2025-12-14T15:10:26.789Z
35,0x000a,-0.0561998,0x00000000,2025-12-14T15:10:26.891Z,2025-12-14T15:10:26.891Z
34,0x000a,-2.77473,0x00000000,2025-12-14T15:10:26.789Z,2025-12-14T15:10:26.789Z
34,0x000a,-4.43641,0x00000000,2025-12-14T15:10:26.891Z,2025-12-14T15:10:26.891Z
26,0x000a,1.51982,0x00000000,2025-12-14T15:10:26.789Z,2025-12-14T15:10:26.789Z
26,0x000a,1.30968,0x00000000,2025-12-14T15:10:26.891Z,2025-12-14T15:10:26.891Z
24,0x000a,0.329861,0x00000000,2025-12-14T15:10:26.789Z,2025-12-14T15:10:26.789Z
24,0x000a,0.0596788,0x00000000,2025-12-14T15:10:26.891Z,2025-12-14T15:10:26.891Z
23,0x000a,-2.13248,0x00000000,2025-12-14T15:10:26.789Z,2025-12-14T15:10:26.789Z
23,0x000a,-3.41542,0x00000000,2025-12-14T15:10:26.891Z,2025-12-14T15:10:26.891Z
22,0x000a,-0.0147434,0x00000000,2025-12-14T15:10:26.789Z,2025-12-14T15:10:26.789Z
22,0x000a,-0.0561998,0x00000000,2025-12-14T15:10:26.891Z,2025-12-14T15:10:26.891Z
21,0x000a,-2.77473,0x00000000,2025-12-14T15:10:26.789Z,2025-12-14T15:10:26.789Z
21,0x000a,-4.43641,0x00000000,2025-12-14T15:10:26.891Z,2025-12-14T15:10:26.891Z
14,0x0001,false,0x00000000,2025-12-14T15:10:26.891Z,2025-12-14T15:10:26.891Z
8,0x0004,4202,0x00000000,2025-12-14T15:10:26.789Z,2025-12-14T15:10:26.789Z
8,0x0004,3621,0x00000000,2025-12-14T15:10:26.891Z,2025-12-14T15:10:26.891Z
6,0x0004,912,0x00000000,2025-12-14T15:10:26.789Z,2025-12-14T15:10:26.789Z
6,0x0004,165,0x00000000,2025-12-14T15:10:26.891Z,2025-12-14T15:10:26.891Z
39,0x000a,-2.19907,0x00000000,2025-12-14T15:10:26.993Z,2025-12-14T15:10:26.993Z
38,0x000a,-0.101275,0x00000000,2025-12-14T15:10:26.993Z,2025-12-14T15:10:26.993Z
37,0x000a,-0.596788,0x00000000,2025-12-14T15:10:26.993Z,2025-12-14T15:10:26.993Z
36,0x000a,-2.75842,0x00000000,2025-12-14T15:10:26.993Z,2025-12-14T15:10:26.993Z
35,0x000a,-0.0280999,0x00000000,2025-12-14T15:10:26.993Z,2025-12-14T15:10:26.993Z
34,0x000a,-3.56912,0x00000000,2025-12-14T15:10:26.993Z,2025-12-14T15:10:26.993Z
26,0x000a,1.08977,0x00000000,2025-12-14T15:10:26.993Z,2025-12-14T15:10:26.993Z
25,0x000a,4.95985,0x00000000,2025-12-14T15:10:26.993Z,2025-12-14T15:10:26.993Z
24,0x000a,0,0x00000000,2025-12-14T15:10:26.993Z,2025-12-14T15:10:26.993Z
23,0x000a,-2.75842,0x00000000,2025-12-14T15:10:26.993Z,2025-12-14T15:10:26.993Z
22,0x000a,-0.0280999,0x00000000,2025-12-14T15:10:26.993Z,2025-12-14T15:10:26.993Z
21,0x000a,-3.56912,0x00000000,2025-12-14T15:10:26.993Z,2025-12-14T15:10:26.993Z
8,0x0004,3013,0x00000000,2025-12-14T15:10:26.993Z,2025-12-14T15:10:26.993Z
7,0x0004,13713,0x00000000,2025-12-14T15:10:26.993Z,2025-12-14T15:10:26.993Z
6,0x0004,0,0x00000000,2025-12-14T15:10:26.993Z,2025-12-14T15:10:26.993Z
39,0x000a,-2.0978,0x00000000,2025-12-14T15:10:27.090Z,2025-12-14T15:10:27.090Z
38,0x000a,0,0x00000000,2025-12-14T15:10:27.090Z,2025-12-14T15:10:27.090Z
37,0x000a,0,0x00000000,2025-12-14T15:10:27.090Z,2025-12-14T15:10:27.090Z
36,0x000a,-2.47875,0x00000000,2025-12-14T15:10:27.090Z,2025-12-14T15:10:27.090Z
35,0x000a,-0.0646877,0x00000000,2025-12-14T15:10:27.090Z,2025-12-14T15:10:27.090Z
34,0x000a,-2.08295,0x00000000,2025-12-14T15:10:27.090Z,2025-12-14T15:10:27.090Z
26,0x000a,0.879991,0x00000000,2025-12-14T15:10:27.090Z,2025-12-14T15:10:27.090Z
23,0x000a,-2.47875,0x00000000,2025-12-14T15:10:27.090Z,2025-12-14T15:10:27.090Z
22,0x000a,-0.0646877,0x00000000,2025-12-14T15:10:27.090Z,2025-12-14T15:10:27.090Z
21,0x000a,-2.08295,0x00000000,2025-12-14T15:10:27.090Z,2025-12-14T15:10:27.090Z
8,0x0004,2433,0x00000000,2025-12-14T15:10:27.090Z,2025-12-14T15:10:27.090Z
26,0x000a,0.66985,0x00000000,2025-12-14T15:10:27.192Z,2025-12-14T15:10:27.192Z
25,0x000a,4.94973,0x00000000,2025-12-14T15:10:27.192Z,2025-12-14T15:10:27.192Z
8,0x0004,1852,0x00000000,2025-12-14T15:10:27.192Z,2025-12-14T15:10:27.192Z
7,0x0004,13685,0x00000000,2025-12-14T15:10:27.192Z,2025-12-14T15:10:27.192Z
39,0x000a,-2.10142,0x00000000,2025-12-14T15:10:27.292Z,2025-12-14T15:10:27.292Z
38,0x000a,-0.101271,0x00000000,2025-12-14T15:10:27.292Z,2025-12-14T15:10:27.292Z
36,0x000a,-2.28827,0x00000000,2025-12-14T15:10:27.292Z,2025-12-14T15:10:27.292Z
35,0x000a,-0.0323438,0x00000000,2025-12-14T15:10:27.292Z,2025-12-14T15:10:27.292Z
34,0x000a,-1.04148,0x00000000,2025-12-14T15:10:27.292Z,2025-12-14T15:10:27.292Z
26,0x000a,0.449942,0x00000000,2025-12-14T15:10:27.292Z,2025-12-14T15:10:27.292Z
23,0x000a,-2.28827,0x00000000,2025-12-14T15:10:27.292Z,2025-12-14T15:10:27.292Z
22,0x000a,-0.0323438,0x00000000,2025-12-14T15:10:27.292Z,2025-12-14T15:10:27.292Z
21,0x000a,-1.04148,0x00000000,2025-12-14T15:10:27.292Z,2025-12-14T15:10:27.292Z
8,0x0004,1244,0x00000000,2025-12-14T15:10:27.292Z,2025-12-14T15:10:27.292Z
40,0x0001,true,0x00000000,2025-12-14T15:10:27.393Z,2025-12-14T15:10:27.393Z
39,0x000a,-2.19907,0x00000000,2025-12-14T15:10:27.393Z,2025-12-14T15:10:27.393Z
38,0x000a,0,0x00000000,2025-12-14T15:10:27.393Z,2025-12-14T15:10:27.393Z
36,0x000a,-2.19485,0x00000000,2025-12-14T15:10:27.393Z,2025-12-14T15:10:27.393Z
35,0x000a,-0.0668073,0x00000000,2025-12-14T15:10:27.393Z,2025-12-14T15:10:27.393Z
34,0x000a,-0.520738,0x00000000,2025-12-14T15:10:27.393Z,2025-12-14T15:10:27.393Z
26,0x000a,0.199653,0x00000000,2025-12-14T15:10:27.393Z,2025-12-14T15:10:27.393Z
23,0x000a,-2.19485,0x00000000,2025-12-14T15:10:27.393Z,2025-12-14T15:10:27.393Z
22,0x000a,-0.0668073,0x00000000,2025-12-14T15:10:27.393Z,2025-12-14T15:10:27.393Z
21,0x000a,-0.520738,0x00000000,2025-12-14T15:10:27.393Z,2025-12-14T15:10:27.393Z
18,0x0001,false,0x00000000,2025-12-14T15:10:27.393Z,2025-12-14T15:10:27.393Z
8,0x0004,552,0x00000000,2025-12-14T15:10:27.393Z,2025-12-14T15:10:27.393Z
39,0x000a,-2.50289,0x00000000,2025-12-14T15:10:27.491Z,2025-12-14T15:10:27.491Z
36,0x000a,-2.19696,0x00000000,2025-12-14T15:10:27.491Z,2025-12-14T15:10:27.491Z
35,0x000a,-0.0334036,0x00000000,2025-12-14T15:10:27.491Z,2025-12-14T15:10:27.491Z
34,0x000a,-0.260369,0x00000000,2025-12-14T15:10:27.491Z,2025-12-14T15:10:27.491Z
26,0x000a,0,0x00000000,2025-12-14T15:10:27.491Z,2025-12-14T15:10:27.491Z
25,0x000a,4.93996,0x00000000,2025-12-14T15:10:27.491Z,2025-12-14T15:10:27.491Z
23,0x000a,-2.19696,0x00000000,2025-12-14T15:10:27.491Z,2025-12-14T15:10:27.491Z
22,0x000a,-0.0334036,0x00000000,2025-12-14T15:10:27.491Z,2025-12-14T15:10:27.491Z
21,0x000a,-0.260369,0x00000000,2025-12-14T15:10:27.491Z,2025-12-14T15:10:27.491Z
8,0x0004,0,0x00000000,2025-12-14T15:10:27.491Z,2025-12-14T15:10:27.491Z
7,0x0004,13658,0x00000000,2025-12-14T15:10:27.491Z,2025-12-14T15:10:27.491Z
39,0x000a,-1.99653,0x00000000,2025-12-14T15:10:27.592Z,2025-12-14T15:10:27.592Z
38,0x000a,-0.0976562,0x00000000,2025-12-14T15:10:27.592Z,2025-12-14T15:10:27.592Z
36,0x000a,-2.34993,0x00000000,2025-12-14T15:10:27.592Z,2025-12-14T15:10:27.592Z
35,0x000a,-0.0167018,0x00000000,2025-12-14T15:10:27.592Z,2025-12-14T15:10:27.592Z
34,0x000a,-0.130185,0x00000000,2025-12-14T15:10:27.592Z,2025-12-14T15:10:27.592Z
23,0x000a,-2.34993,0x00000000,2025-12-14T15:10:27.592Z,2025-12-14T15:10:27.592Z
22,0x000a,-0.0167018,0x00000000,2025-12-14T15:10:27.592Z,2025-12-14T15:10:27.592Z
21,0x000a,-0.130185,0x00000000,2025-12-14T15:10:27.592Z,2025-12-14T15:10:27.592Z
39,0x000a,0,0x00000000,2025-12-14T15:10:27.691Z,2025-12-14T15:10:27.691Z
38,0x000a,0,0x00000000,2025-12-14T15:10:27.691Z,2025-12-14T15:10:27.691Z
36,0x000a,-2.17323,0x00000000,2025-12-14T15:10:27.691Z,2025-12-14T15:10:27.691Z
35,0x000a,-0.057179,0x00000000,2025-12-14T15:10:27.691Z,2025-12-14T15:10:27.691Z
34,0x000a,-0.0650923,0x00000000,2025-12-14T15:10:27.691Z,2025-12-14T15:10:27.691Z
23,0x000a,-2.17323,0x00000000,2025-12-14T15:10:27.691Z,2025-12-14T15:10:27.691Z
22,0x000a,-0.057179,0x00000000,2025-12-14T15:10:27.691Z,2025-12-14T15:10:27.691Z
21,0x000a,-0.0650923,0x00000000,2025-12-14T15:10:27.691Z,2025-12-14T15:10:27.691Z
36,0x000a,-1.08661,0x00000000,2025-12-14T15:10:27.791Z,2025-12-14T15:10:27.791Z
35,0x000a,-0.0285895,0x00000000,2025-12-14T15:10:27.791Z,2025-12-14T15:10:27.791Z
34,0x000a,-0.0325461,0x00000000,2025-12-14T15:10:27.791Z,2025-12-14T15:10:27.791Z
25,0x000a,4.92983,0x00000000,2025-12-14T15:10:27.791Z,2025-12-14T15:10:27.791Z
23,0x000a,-1.08661,0x00000000,2025-12-14T15:10:27.791Z,2025-12-14T15:10:27.791Z
22,0x000a,-0.0285895,0x00000000,2025-12-14T15:10:27.791Z,2025-12-14T15:10:27.791Z
21,0x000a,-0.0325461,0x00000000,2025-12-14T15:10:27.791Z,2025-12-14T15:10:27.791Z
7,0x0004,13630,0x00000000,2025-12-14T15:10:27.791Z,2025-12-14T15:10:27.791Z
42,0x0001,true,0x00000000,2025-12-14T15:10:27.892Z,2025-12-14T15:10:27.892Z
38,0x000a,-0.101275,0x00000000,2025-12-14T15:10:27.892Z,2025-12-14T15:10:27.892Z
36,0x000a,-0.543307,0x00000000,2025-12-14T15:10:27.892Z,2025-12-14T15:10:27.892Z
35,0x000a,-0.0142948,0x00000000,2025-12-14T15:10:27.892Z,2025-12-14T15:10:27.892Z
34,0x000a,-0.0162731,0x00000000,2025-12-14T15:10:27.892Z,2025-12-14T15:10:27.892Z
23,0x000a,-0.543307,0x00000000,2025-12-14T15:10:27.892Z,2025-12-14T15:10:27.892Z
22,0x000a,-0.0142948,0x00000000,2025-12-14T15:10:27.892Z,2025-12-14T15:10:27.892Z
21,0x000a,-0.0162731,0x00000000,2025-12-14T15:10:27.892Z,2025-12-14T15:10:27.892Z
36,0x000a,-0.271653,0x00000000,2025-12-14T15:10:27.992Z,2025-12-14T15:10:27.992Z
35,0x000a,-0.0577851,0x00000000,2025-12-14T15:10:27.992Z,2025-12-14T15:10:27.992Z
34,0x000a,-0.00813653,0x00000000,2025-12-14T15:10:27.992Z,2025-12-14T15:10:27.992Z
25,0x000a,4.9197,0x00000000,2025-12-14T15:10:27.992Z,2025-12-14T15:10:27.992Z
23,0x000a,-0.271653,0x00000000,2025-12-14T15:10:27.992Z,2025-12-14T15:10:27.992Z
22,0x000a,-0.0577851,0x00000000,2025-12-14T15:10:27.992Z,2025-12-14T15:10:27.992Z
21,0x000a,-0.00813653,0x00000000,2025-12-14T15:10:27.992Z,2025-12-14T15:10:27.992Z
7,0x0004,13602,0x00000000,2025-12-14T15:10:27.992Z,2025-12-14T15:10:27.992Z
38,0x000a,-0.101271,0x00000000,2025-12-14T15:10:28.091Z,2025-12-14T15:10:28.091Z
38,0x000a,0,0x00000000,2025-12-14T15:10:28.191Z,2025-12-14T15:10:28.191Z
36,0x000a,-0.135827,0x00000000,2025-12-14T15:10:28.191Z,2025-12-14T15:10:28.191Z
35,0x000a,-0.0795279,0x00000000,2025-12-14T15:10:28.191Z,2025-12-14T15:10:28.191Z
34,0x000a,-0.00406827,0x00000000,2025-12-14T15:10:28.191Z,2025-12-14T15:10:28.191Z
23,0x000a,-0.135827,0x00000000,2025-12-14T15:10:28.191Z,2025-12-14T15:10:28.191Z
22,0x000a,-0.0795279,0x00000000,2025-12-14T15:10:28.191Z,2025-12-14T15:10:28.191Z
21,0x000a,-0.00406827,0x00000000,2025-12-14T15:10:28.191Z,2025-12-14T15:10:28.191Z
36,0x000a,-0.0679133,0x00000000,2025-12-14T15:10:28.291Z,2025-12-14T15:10:28.291Z
35,0x000a,-0.0397639,0x00000000,2025-12-14T15:10:28.291Z,2025-12-14T15:10:28.291Z
34,0x000a,-0.00203413,0x00000000,2025-12-14T15:10:28.291Z,2025-12-14T15:10:28.291Z
23,0x000a,-0.0679133,0x00000000,2025-12-14T15:10:28.291Z,2025-12-14T15:10:28.291Z
22,0x000a,-0.0397639,0x00000000,2025-12-14T15:10:28.291Z,2025-12-14T15:10:28.291Z
21,0x000a,-0.00203413,0x00000000,2025-12-14T15:10:28.291Z,2025-12-14T15:10:28.291Z
38,0x000a,-0.0976562,0x00000000,2025-12-14T15:10:28.392Z,2025-12-14T15:10:28.392Z
36,0x000a,-0.0339567,0x00000000,2025-12-14T15:10:28.392Z,2025-12-14T15:10:28.392Z
35,0x000a,-0.019882,0x00000000,2025-12-14T15:10:28.392Z,2025-12-14T15:10:28.392Z
34,0x000a,-0.00101707,0x00000000,2025-12-14T15:10:28.392Z,2025-12-14T15:10:28.392Z
25,0x000a,4.90994,0x00000000,2025-12-14T15:10:28.392Z,2025-12-14T15:10:28.392Z
23,0x000a,-0.0339567,0x00000000,2025-12-14T15:10:28.392Z,2025-12-14T15:10:28.392Z
22,0x000a,-0.019882,0x00000000,2025-12-14T15:10:28.392Z,2025-12-14T15:10:28.392Z
21,0x000a,-0.00101707,0x00000000,2025-12-14T15:10:28.392Z,2025-12-14T15:10:28.392Z
7,0x0004,13575,0x00000000,2025-12-14T15:10:28.392Z,2025-12-14T15:10:28.392Z
38,0x000a,0,0x00000000,2025-12-14T15:10:28.491Z,2025-12-14T15:10:28.491Z
36,0x000a,-0.0169783,0x00000000,2025-12-14T15:10:28.491Z,2025-12-14T15:10:28.491Z
35,0x000a,-0.0587691,0x00000000,2025-12-14T15:10:28.491Z,2025-12-14T15:10:28.491Z
34,0x000a,-0.000508533,0x00000000,2025-12-14T15:10:28.491Z,2025-12-14T15:10:28.491Z
23,0x000a,-0.0169783,0x00000000,2025-12-14T15:10:28.491Z,2025-12-14T15:10:28.491Z
22,0x000a,-0.0587691,0x00000000,2025-12-14T15:10:28.491Z,2025-12-14T15:10:28.491Z
21,0x000a,-0.000508533,0x00000000,2025-12-14T15:10:28.491Z,2025-12-14T15:10:28.491Z
36,0x000a,-0.00848917,0x00000000,2025-12-14T15:10:28.591Z,2025-12-14T15:10:28.591Z
35,0x000a,-0.0293846,0x00000000,2025-12-14T15:10:28.591Z,2025-12-14T15:10:28.591Z
34,0x000a,-0.000254267,0x00000000,2025-12-14T15:10:28.591Z,2025-12-14T15:10:28.591Z
23,0x000a,-0.00848917,0x00000000,2025-12-14T15:10:28.591Z,2025-12-14T15:10:28.591Z
22,0x000a,-0.0293846,0x00000000,2025-12-14T15:10:28.591Z,2025-12-14T15:10:28.591Z
21,0x000a,-0.000254267,0x00000000,2025-12-14T15:10:28.591Z,2025-12-14T15:10:28.591Z
38,0x000a,-0.101275,0x00000000,2025-12-14T15:10:28.690Z,2025-12-14T15:10:28.690Z
36,0x000a,-0.00424458,0x00000000,2025-12-14T15:10:28.690Z,2025-12-14T15:10:28.690Z
35,0x000a,-0.0146923,0x00000000,2025-12-14T15:10:28.690Z,2025-12-14T15:10:28.690Z
34,0x000a,-0.000127133,0x00000000,2025-12-14T15:10:28.690Z,2025-12-14T15:10:28.690Z
29,0x0004,0,0x00000000,2025-12-14T15:10:28.690Z,2025-12-14T15:10:28.690Z
25,0x000a,4.89981,0x00000000,2025-12-14T15:10:28.690Z,2025-12-14T15:10:28.690Z
23,0x000a,-0.00424458,0x00000000,2025-12-14T15:10:28.690Z,2025-12-14T15:10:28.690Z
22,0x000a,-0.0146923,0x00000000,2025-12-14T15:10:28.690Z,2025-12-14T15:10:28.690Z
21,0x000a,-0.000127133,0x00000000,2025-12-14T15:10:28.690Z,2025-12-14T15:10:28.690Z
7,0x0004,13547,0x00000000,2025-12-14T15:10:28.690Z,2025-12-14T15:10:28.690Z
38,0x000a,-0.600405,0x00000000,2025-12-14T15:10:28.891Z,2025-12-14T15:10:28.891Z
36,0x000a,-0.00212229,0x00000000,2025-12-14T15:10:28.790Z,2025-12-14T15:10:28.790Z
35,0x000a,-0.0579839,0x00000000,2025-12-14T15:10:28.790Z,2025-12-14T15:10:28.790Z
34,0x000a,-6.35667e-05,0x00000000,2025-12-14T15:10:28.790Z,2025-12-14T15:10:28.790Z
25,0x000a,4.83977,0x00000000,2025-12-14T15:10:28.790Z,2025-12-14T15:10:28.790Z
25,0x000a,4.6799,0x00000000,2025-12-14T15:10:28.891Z,2025-12-14T15:10:28.891Z
23,0x000a,-0.00212229,0x00000000,2025-12-14T15:10:28.790Z,2025-12-14T15:10:28.790Z
22,0x000a,-0.0579839,0x00000000,2025-12-14T15:10:28.790Z,2025-12-14T15:10:28.790Z
21,0x000a,-6.35667e-05,0x00000000,2025-12-14T15:10:28.790Z,2025-12-14T15:10:28.790Z
7,0x0004,13381,0x00000000,2025-12-14T15:10:28.790Z,2025-12-14T15:10:28.790Z
7,0x0004,12939,0x00000000,2025-12-14T15:10:28.891Z,2025-12-14T15:10:28.891Z
38,0x000a,-1.59867,0x00000000,2025-12-14T15:10:28.992Z,2025-12-14T15:10:28.992Z
36,0x000a,-0.00106115,0x00000000,2025-12-14T15:10:28.992Z,2025-12-14T15:10:28.992Z
35,0x000a,-0.329194,0x00000000,2025-12-14T15:10:28.992Z,2025-12-14T15:10:28.992Z
34,0x000a,-3.17833e-05,0x00000000,2025-12-14T15:10:28.992Z,2025-12-14T15:10:28.992Z
25,0x000a,4.5298,0x00000000,2025-12-14T15:10:28.992Z,2025-12-14T15:10:28.992Z
23,0x000a,-0.00106115,0x00000000,2025-12-14T15:10:28.992Z,2025-12-14T15:10:28.992Z
22,0x000a,-0.329194,0x00000000,2025-12-14T15:10:28.992Z,2025-12-14T15:10:28.992Z
21,0x000a,-3.17833e-05,0x00000000,2025-12-14T15:10:28.992Z,2025-12-14T15:10:28.992Z
7,0x0004,12524,0x00000000,2025-12-14T15:10:28.992Z,2025-12-14T15:10:28.992Z
38,0x000a,-3.30223,0x00000000,2025-12-14T15:10:29.091Z,2025-12-14T15:10:29.091Z
36,0x000a,-0.000530573,0x00000000,2025-12-14T15:10:29.091Z,2025-12-14T15:10:29.091Z
35,0x000a,-0.963931,0x00000000,2025-12-14T15:10:29.091Z,2025-12-14T15:10:29.091Z
34,0x000a,-1.58917e-05,0x00000000,2025-12-14T15:10:29.091Z,2025-12-14T15:10:29.091Z
25,0x000a,4.34968,0x00000000,2025-12-14T15:10:29.091Z,2025-12-14T15:10:29.091Z
23,0x000a,-0.000530573,0x00000000,2025-12-14T15:10:29.091Z,2025-12-14T15:10:29.091Z
22,0x000a,-0.963931,0x00000000,2025-12-14T15:10:29.091Z,2025-12-14T15:10:29.091Z
21,0x000a,-1.58917e-05,0x00000000,2025-12-14T15:10:29.091Z,2025-12-14T15:10:29.091Z
7,0x0004,12026,0x00000000,2025-12-14T15:10:29.091Z,2025-12-14T15:10:29.091Z
38,0x000a,-1.59867,0x00000000,2025-12-14T15:10:29.193Z,2025-12-14T15:10:29.193Z
36,0x000a,-0.000265287,0x00000000,2025-12-14T15:10:29.193Z,2025-12-14T15:10:29.193Z
35,0x000a,-2.13308,0x00000000,2025-12-14T15:10:29.193Z,2025-12-14T15:10:29.193Z
34,0x000a,-7.94583e-06,0x00000000,2025-12-14T15:10:29.193Z,2025-12-14T15:10:29.193Z
25,0x000a,4.18981,0x00000000,2025-12-14T15:10:29.193Z,2025-12-14T15:10:29.193Z
23,0x000a,-0.000265287,0x00000000,2025-12-14T15:10:29.193Z,2025-12-14T15:10:29.193Z
22,0x000a,-2.13308,0x00000000,2025-12-14T15:10:29.193Z,2025-12-14T15:10:29.193Z
21,0x000a,-7.94583e-06,0x00000000,2025-12-14T15:10:29.193Z,2025-12-14T15:10:29.193Z
7,0x0004,11584,0x00000000,2025-12-14T15:10:29.193Z,2025-12-14T15:10:29.193Z
38,0x000a,-1.50101,0x00000000,2025-12-14T15:10:29.290Z,2025-12-14T15:10:29.290Z
36,0x000a,-0.000132643,0x00000000,2025-12-14T15:10:29.290Z,2025-12-14T15:10:29.290Z
35,0x000a,-1.86588,0x00000000,2025-12-14T15:10:29.290Z,2025-12-14T15:10:29.290Z
34,0x000a,-3.97292e-06,0x00000000,2025-12-14T15:10:29.290Z,2025-12-14T15:10:29.290Z
25,0x000a,4.03971,0x00000000,2025-12-14T15:10:29.290Z,2025-12-14T15:10:29.290Z
23,0x000a,-0.000132643,0x00000000,2025-12-14T15:10:29.290Z,2025-12-14T15:10:29.290Z
22,0x000a,-1.86588,0x00000000,2025-12-14T15:10:29.290Z,2025-12-14T15:10:29.290Z
21,0x000a,-3.97292e-06,0x00000000,2025-12-14T15:10:29.290Z,2025-12-14T15:10:29.290Z
7,0x0004,11169,0x00000000,2025-12-14T15:10:29.290Z,2025-12-14T15:10:29.290Z
38,0x000a,-1.4974,0x00000000,2025-12-14T15:10:29.392Z,2025-12-14T15:10:29.392Z
36,0x000a,-6.63216e-05,0x00000000,2025-12-14T15:10:29.392Z,2025-12-14T15:10:29.392Z
35,0x000a,-1.68344,0x00000000,2025-12-14T15:10:29.392Z,2025-12-14T15:10:29.392Z
34,0x000a,-1.98646e-06,0x00000000,2025-12-14T15:10:29.392Z,2025-12-14T15:10:29.392Z
25,0x000a,3.88997,0x00000000,2025-12-14T15:10:29.392Z,2025-12-14T15:10:29.392Z
23,0x000a,-6.63216e-05,0x00000000,2025-12-14T15:10:29.392Z,2025-12-14T15:10:29.392Z
22,0x000a,-1.68344,0x00000000,2025-12-14T15:10:29.392Z,2025-12-14T15:10:29.392Z
21,0x000a,-1.98646e-06,0x00000000,2025-12-14T15:10:29.392Z,2025-12-14T15:10:29.392Z
7,0x0004,10755,0x00000000,2025-12-14T15:10:29.392Z,2025-12-14T15:10:29.392Z
38,0x000a,-1.60228,0x00000000,2025-12-14T15:10:29.492Z,2025-12-14T15:10:29.492Z
36,0x000a,-3.31608e-05,0x00000000,2025-12-14T15:10:29.492Z,2025-12-14T15:10:29.492Z
35,0x000a,-1.59042,0x00000000,2025-12-14T15:10:29.492Z,2025-12-14T15:10:29.492Z
34,0x000a,-9.93229e-07,0x00000000,2025-12-14T15:10:29.492Z,2025-12-14T15:10:29.492Z
25,0x000a,3.72975,0x00000000,2025-12-14T15:10:29.492Z,2025-12-14T15:10:29.492Z
23,0x000a,-3.31608e-05,0x00000000,2025-12-14T15:10:29.492Z,2025-12-14T15:10:29.492Z
22,0x000a,-1.59042,0x00000000,2025-12-14T15:10:29.492Z,2025-12-14T15:10:29.492Z
21,0x000a,-9.93229e-07,0x00000000,2025-12-14T15:10:29.492Z,2025-12-14T15:10:29.492Z
7,0x0004,10312,0x00000000,2025-12-14T15:10:29.492Z,2025-12-14T15:10:29.492Z
38,0x000a,-1.50101,0x00000000,2025-12-14T15:10:29.590Z,2025-12-14T15:10:29.590Z
36,0x000a,-1.65804e-05,0x00000000,2025-12-14T15:10:29.590Z,2025-12-14T15:10:29.590Z
35,0x000a,-1.59635,0x00000000,2025-12-14T15:10:29.590Z,2025-12-14T15:10:29.590Z
34,0x000a,-4.96615e-07,0x00000000,2025-12-14T15:10:29.590Z,2025-12-14T15:10:29.590Z
25,0x000a,3.57964,0x00000000,2025-12-14T15:10:29.590Z,2025-12-14T15:10:29.590Z
23,0x000a,-1.65804e-05,0x00000000,2025-12-14T15:10:29.590Z,2025-12-14T15:10:29.590Z
22,0x000a,-1.59635,0x00000000,2025-12-14T15:10:29.590Z,2025-12-14T15:10:29.590Z
21,0x000a,-4.96615e-07,0x00000000,2025-12-14T15:10:29.590Z,2025-12-14T15:10:29.590Z
7,0x0004,9897,0x00000000,2025-12-14T15:10:29.590Z,2025-12-14T15:10:29.590Z
36,0x000a,-8.2902e-06,0x00000000,2025-12-14T15:10:29.692Z,2025-12-14T15:10:29.692Z
35,0x000a,-1.54868,0x00000000,2025-12-14T15:10:29.692Z,2025-12-14T15:10:29.692Z
34,0x000a,-2.48307e-07,0x00000000,2025-12-14T15:10:29.692Z,2025-12-14T15:10:29.692Z
25,0x000a,3.4299,0x00000000,2025-12-14T15:10:29.692Z,2025-12-14T15:10:29.692Z
23,0x000a,-8.2902e-06,0x00000000,2025-12-14T15:10:29.692Z,2025-12-14T15:10:29.692Z
22,0x000a,-1.54868,0x00000000,2025-12-14T15:10:29.692Z,2025-12-14T15:10:29.692Z
21,0x000a,-2.48307e-07,0x00000000,2025-12-14T15:10:29.692Z,2025-12-14T15:10:29.692Z
7,0x0004,9483,0x00000000,2025-12-14T15:10:29.692Z,2025-12-14T15:10:29.692Z
38,0x000a,-1.4974,0x00000000,2025-12-14T15:10:29.790Z,2025-12-14T15:10:29.790Z
25,0x000a,3.23966,0x00000000,2025-12-14T15:10:29.790Z,2025-12-14T15:10:29.790Z
7,0x0004,8957,0x00000000,2025-12-14T15:10:29.790Z,2025-12-14T15:10:29.790Z
38,0x000a,-1.90249,0x00000000,2025-12-14T15:10:29.890Z,2025-12-14T15:10:29.890Z
36,0x000a,-4.1451e-06,0x00000000,2025-12-14T15:10:29.890Z,2025-12-14T15:10:29.890Z
35,0x000a,-1.52304,0x00000000,2025-12-14T15:10:29.890Z,2025-12-14T15:10:29.890Z
34,0x000a,-1.24154e-07,0x00000000,2025-12-14T15:10:29.890Z,2025-12-14T15:10:29.890Z
25,0x000a,3.08992,0x00000000,2025-12-14T15:10:29.890Z,2025-12-14T15:10:29.890Z
23,0x000a,-4.1451e-06,0x00000000,2025-12-14T15:10:29.890Z,2025-12-14T15:10:29.890Z
22,0x000a,-1.52304,0x00000000,2025-12-14T15:10:29.890Z,2025-12-14T15:10:29.890Z
21,0x000a,-1.24154e-07,0x00000000,2025-12-14T15:10:29.890Z,2025-12-14T15:10:29.890Z
7,0x0004,8543,0x00000000,2025-12-14T15:10:29.890Z,2025-12-14T15:10:29.890Z
38,0x000a,-1.4974,0x00000000,2025-12-14T15:10:29.992Z,2025-12-14T15:10:29.992Z
36,0x000a,-2.07255e-06,0x00000000,2025-12-14T15:10:29.992Z,2025-12-14T15:10:29.992Z
35,0x000a,-1.71276,0x00000000,2025-12-14T15:10:29.992Z,2025-12-14T15:10:29.992Z
34,0x000a,-6.20768e-08,0x00000000,2025-12-14T15:10:29.992Z,2025-12-14T15:10:29.992Z
25,0x000a,2.93981,0x00000000,2025-12-14T15:10:29.992Z,2025-12-14T15:10:29.992Z
23,0x000a,-2.07255e-06,0x00000000,2025-12-14T15:10:29.992Z,2025-12-14T15:10:29.992Z
22,0x000a,-1.71276,0x00000000,2025-12-14T15:10:29.992Z,2025-12-14T15:10:29.992Z
21,0x000a,-6.20768e-08,0x00000000,2025-12-14T15:10:29.992Z,2025-12-14T15:10:29.992Z
7,0x0004,8128,0x00000000,2025-12-14T15:10:29.992Z,2025-12-14T15:10:29.992Z
38,0x000a,-1.50101,0x00000000,2025-12-14T15:10:30.090Z,2025-12-14T15:10:30.090Z
36,0x000a,-1.03628e-06,0x00000000,2025-12-14T15:10:30.090Z,2025-12-14T15:10:30.090Z
35,0x000a,-1.60508,0x00000000,2025-12-14T15:10:30.090Z,2025-12-14T15:10:30.090Z
34,0x000a,-3.10384e-08,0x00000000,2025-12-14T15:10:30.090Z,2025-12-14T15:10:30.090Z
25,0x000a,2.77995,0x00000000,2025-12-14T15:10:30.090Z,2025-12-14T15:10:30.090Z
23,0x000a,-1.03628e-06,0x00000000,2025-12-14T15:10:30.090Z,2025-12-14T15:10:30.090Z
22,0x000a,-1.60508,0x00000000,2025-12-14T15:10:30.090Z,2025-12-14T15:10:30.090Z
21,0x000a,-3.10384e-08,0x00000000,2025-12-14T15:10:30.090Z,2025-12-14T15:10:30.090Z
7,0x0004,7686,0x00000000,2025-12-14T15:10:30.090Z,2025-12-14T15:10:30.090Z
38,0x000a,-3.09968,0x00000000,2025-12-14T15:10:30.192Z,2025-12-14T15:10:30.192Z
36,0x000a,-5.18138e-07,0x00000000,2025-12-14T15:10:30.192Z,2025-12-14T15:10:30.192Z
35,0x000a,-1.55305,0x00000000,2025-12-14T15:10:30.192Z,2025-12-14T15:10:30.192Z
34,0x000a,-1.55192e-08,0x00000000,2025-12-14T15:10:30.192Z,2025-12-14T15:10:30.192Z
25,0x000a,2.62985,0x00000000,2025-12-14T15:10:30.192Z,2025-12-14T15:10:30.192Z
23,0x000a,-5.18138e-07,0x00000000,2025-12-14T15:10:30.192Z,2025-12-14T15:10:30.192Z
22,0x000a,-1.55305,0x00000000,2025-12-14T15:10:30.192Z,2025-12-14T15:10:30.192Z
21,0x000a,-1.55192e-08,0x00000000,2025-12-14T15:10:30.192Z,2025-12-14T15:10:30.192Z
7,0x0004,7271,0x00000000,2025-12-14T15:10:30.192Z,2025-12-14T15:10:30.192Z
38,0x000a,-1.50101,0x00000000,2025-12-14T15:10:30.291Z,2025-12-14T15:10:30.291Z
36,0x000a,-2.59069e-07,0x00000000,2025-12-14T15:10:30.291Z,2025-12-14T15:10:30.291Z
35,0x000a,-2.32636,0x00000000,2025-12-14T15:10:30.291Z,2025-12-14T15:10:30.291Z
34,0x000a,-7.7596e-09,0x00000000,2025-12-14T15:10:30.291Z,2025-12-14T15:10:30.291Z
25,0x000a,2.47975,0x00000000,2025-12-14T15:10:30.291Z,2025-12-14T15:10:30.291Z
23,0x000a,-2.59069e-07,0x00000000,2025-12-14T15:10:30.291Z,2025-12-14T15:10:30.291Z
22,0x000a,-2.32636,0x00000000,2025-12-14T15:10:30.291Z,2025-12-14T15:10:30.291Z
21,0x000a,-7.7596e-09,0x00000000,2025-12-14T15:10:30.291Z,2025-12-14T15:10:30.291Z
7,0x0004,6856,0x00000000,2025-12-14T15:10:30.291Z,2025-12-14T15:10:30.291Z
38,0x000a,-1.89887,0x00000000,2025-12-14T15:10:30.391Z,2025-12-14T15:10:30.391Z
36,0x000a,-1.29534e-07,0x00000000,2025-12-14T15:10:30.391Z,2025-12-14T15:10:30.391Z
35,0x000a,-1.91369,0x00000000,2025-12-14T15:10:30.391Z,2025-12-14T15:10:30.391Z
34,0x000a,-3.8798e-09,0x00000000,2025-12-14T15:10:30.391Z,2025-12-14T15:10:30.391Z
25,0x000a,2.28986,0x00000000,2025-12-14T15:10:30.391Z,2025-12-14T15:10:30.391Z
23,0x000a,-1.29534e-07,0x00000000,2025-12-14T15:10:30.391Z,2025-12-14T15:10:30.391Z
22,0x000a,-1.91369,0x00000000,2025-12-14T15:10:30.391Z,2025-12-14T15:10:30.391Z
21,0x000a,-3.8798e-09,0x00000000,2025-12-14T15:10:30.391Z,2025-12-14T15:10:30.391Z
7,0x0004,6331,0x00000000,2025-12-14T15:10:30.391Z,2025-12-14T15:10:30.391Z
36,0x000a,-6.47672e-08,0x00000000,2025-12-14T15:10:30.491Z,2025-12-14T15:10:30.491Z
35,0x000a,-1.90628,0x00000000,2025-12-14T15:10:30.491Z,2025-12-14T15:10:30.491Z
34,0x000a,-1.9399e-09,0x00000000,2025-12-14T15:10:30.491Z,2025-12-14T15:10:30.491Z
25,0x000a,2.13976,0x00000000,2025-12-14T15:10:30.491Z,2025-12-14T15:10:30.491Z
23,0x000a,-6.47672e-08,0x00000000,2025-12-14T15:10:30.491Z,2025-12-14T15:10:30.491Z
22,0x000a,-1.90628,0x00000000,2025-12-14T15:10:30.491Z,2025-12-14T15:10:30.491Z
21,0x000a,-1.9399e-09,0x00000000,2025-12-14T15:10:30.491Z,2025-12-14T15:10:30.491Z
7,0x0004,5916,0x00000000,2025-12-14T15:10:30.491Z,2025-12-14T15:10:30.491Z
38,0x000a,-1.50101,0x00000000,2025-12-14T15:10:30.590Z,2025-12-14T15:10:30.590Z
25,0x000a,1.98966,0x00000000,2025-12-14T15:10:30.590Z,2025-12-14T15:10:30.590Z
7,0x0004,5501,0x00000000,2025-12-14T15:10:30.590Z,2025-12-14T15:10:30.590Z
38,0x000a,-1.50101,0x00000000,2025-12-14T15:10:30.691Z,2025-12-14T15:10:30.691Z
38,0x000a,-1.59867,0x00000000,2025-12-14T15:10:30.793Z,2025-12-14T15:10:30.793Z
36,0x000a,-3.23836e-08,0x00000000,2025-12-14T15:10:30.691Z,2025-12-14T15:10:30.691Z
36,0x000a,-1.61918e-08,0x00000000,2025-12-14T15:10:30.793Z,2025-12-14T15:10:30.793Z
35,0x000a,-1.70365,0x00000000,2025-12-14T15:10:30.691Z,2025-12-14T15:10:30.691Z
35,0x000a,-1.60233,0x00000000,2025-12-14T15:10:30.793Z,2025-12-14T15:10:30.793Z
34,0x000a,-9.6995e-10,0x00000000,2025-12-14T15:10:30.691Z,2025-12-14T15:10:30.691Z
34,0x000a,-4.84975e-10,0x00000000,2025-12-14T15:10:30.793Z,2025-12-14T15:10:30.793Z
25,0x000a,1.82979,0x00000000,2025-12-14T15:10:30.691Z,2025-12-14T15:10:30.691Z
25,0x000a,1.67969,0x00000000,2025-12-14T15:10:30.793Z,2025-12-14T15:10:30.793Z
23,0x000a,-3.23836e-08,0x00000000,2025-12-14T15:10:30.691Z,2025-12-14T15:10:30.691Z
23,0x000a,-1.61918e-08,0x00000000,2025-12-14T15:10:30.793Z,2025-12-14T15:10:30.793Z
22,0x000a,-1.70365,0x00000000,2025-12-14T15:10:30.691Z,2025-12-14T15:10:30.691Z
22,0x000a,-1.60233,0x00000000,2025-12-14T15:10:30.793Z,2025-12-14T15:10:30.793Z
21,0x000a,-9.6995e-10,0x00000000,2025-12-14T15:10:30.691Z,2025-12-14T15:10:30.691Z
21,0x000a,-4.84975e-10,0x00000000,2025-12-14T15:10:30.793Z,2025-12-14T15:10:30.793Z
7,0x0004,5059,0x00000000,2025-12-14T15:10:30.691Z,2025-12-14T15:10:30.691Z
7,0x0004,4644,0x00000000,2025-12-14T15:10:30.793Z,2025-12-14T15:10:30.793Z
38,0x000a,-1.50101,0x00000000,2025-12-14T15:10:30.892Z,2025-12-14T15:10:30.892Z
36,0x000a,-8.0959e-09,0x00000000,2025-12-14T15:10:30.892Z,2025-12-14T15:10:30.892Z
35,0x000a,-1.6005,0x00000000,2025-12-14T15:10:30.892Z,2025-12-14T15:10:30.892Z
34,0x000a,-2.42488e-10,0x00000000,2025-12-14T15:10:30.892Z,2025-12-14T15:10:30.892Z
25,0x000a,1.52995,0x00000000,2025-12-14T15:10:30.892Z,2025-12-14T15:10:30.892Z
23,0x000a,-8.0959e-09,0x00000000,2025-12-14T15:10:30.892Z,2025-12-14T15:10:30.892Z
22,0x000a,-1.6005,0x00000000,2025-12-14T15:10:30.892Z,2025-12-14T15:10:30.892Z
21,0x000a,-2.42488e-10,0x00000000,2025-12-14T15:10:30.892Z,2025-12-14T15:10:30.892Z
7,0x0004,4230,0x00000000,2025-12-14T15:10:30.892Z,2025-12-14T15:10:30.892Z
38,0x000a,-1.4974,0x00000000,2025-12-14T15:10:30.989Z,2025-12-14T15:10:30.989Z
36,0x000a,-4.04795e-09,0x00000000,2025-12-14T15:10:30.989Z,2025-12-14T15:10:30.989Z
35,0x000a,-1.55076,0x00000000,2025-12-14T15:10:30.989Z,2025-12-14T15:10:30.989Z
34,0x000a,-1.21244e-10,0x00000000,2025-12-14T15:10:30.989Z,2025-12-14T15:10:30.989Z
25,0x000a,1.36972,0x00000000,2025-12-14T15:10:30.989Z,2025-12-14T15:10:30.989Z
23,0x000a,-4.04795e-09,0x00000000,2025-12-14T15:10:30.989Z,2025-12-14T15:10:30.989Z
22,0x000a,-1.55076,0x00000000,2025-12-14T15:10:30.989Z,2025-12-14T15:10:30.989Z
21,0x000a,-1.21244e-10,0x00000000,2025-12-14T15:10:30.989Z,2025-12-14T15:10:30.989Z
7,0x0004,3787,0x00000000,2025-12-14T15:10:30.989Z,2025-12-14T15:10:30.989Z
38,0x000a,-1.60229,0x00000000,2025-12-14T15:10:31.092Z,2025-12-14T15:10:31.092Z
36,0x000a,-2.02398e-09,0x00000000,2025-12-14T15:10:31.092Z,2025-12-14T15:10:31.092Z
35,0x000a,-1.52408,0x00000000,2025-12-14T15:10:31.092Z,2025-12-14T15:10:31.092Z
34,0x000a,-6.06219e-11,0x00000000,2025-12-14T15:10:31.092Z,2025-12-14T15:10:31.092Z
25,0x000a,1.18996,0x00000000,2025-12-14T15:10:31.092Z,2025-12-14T15:10:31.092Z
23,0x000a,-2.02398e-09,0x00000000,2025-12-14T15:10:31.092Z,2025-12-14T15:10:31.092Z
22,0x000a,-1.52408,0x00000000,2025-12-14T15:10:31.092Z,2025-12-14T15:10:31.092Z
21,0x000a,-6.06219e-11,0x00000000,2025-12-14T15:10:31.092Z,2025-12-14T15:10:31.092Z
7,0x0004,3290,0x00000000,2025-12-14T15:10:31.092Z,2025-12-14T15:10:31.092Z
38,0x000a,-1.7976,0x00000000,2025-12-14T15:10:31.191Z,2025-12-14T15:10:31.191Z
36,0x000a,-1.01199e-09,0x00000000,2025-12-14T15:10:31.191Z,2025-12-14T15:10:31.191Z
35,0x000a,-1.56318,0x00000000,2025-12-14T15:10:31.191Z,2025-12-14T15:10:31.191Z
34,0x000a,-3.03109e-11,0x00000000,2025-12-14T15:10:31.191Z,2025-12-14T15:10:31.191Z
25,0x000a,1.02973,0x00000000,2025-12-14T15:10:31.191Z,2025-12-14T15:10:31.191Z
23,0x000a,-1.01199e-09,0x00000000,2025-12-14T15:10:31.191Z,2025-12-14T15:10:31.191Z
22,0x000a,-1.56318,0x00000000,2025-12-14T15:10:31.191Z,2025-12-14T15:10:31.191Z
21,0x000a,-3.03109e-11,0x00000000,2025-12-14T15:10:31.191Z,2025-12-14T15:10:31.191Z
7,0x0004,2847,0x00000000,2025-12-14T15:10:31.191Z,2025-12-14T15:10:31.191Z
36,0x000a,-5.05994e-10,0x00000000,2025-12-14T15:10:31.291Z,2025-12-14T15:10:31.291Z
35,0x000a,-1.68039,0x00000000,2025-12-14T15:10:31.291Z,2025-12-14T15:10:31.291Z
34,0x000a,-1.51555e-11,0x00000000,2025-12-14T15:10:31.291Z,2025-12-14T15:10:31.291Z
23,0x000a,-5.05994e-10,0x00000000,2025-12-14T15:10:31.291Z,2025-12-14T15:10:31.291Z
22,0x000a,-1.68039,0x00000000,2025-12-14T15:10:31.291Z,2025-12-14T15:10:31.291Z
21,0x000a,-1.51555e-11,0x00000000,2025-12-14T15:10:31.291Z,2025-12-14T15:10:31.291Z
7,0x0004,2433,0x00000000,2025-12-14T15:10:31.291Z,2025-12-14T15:10:31.291Z
38,0x000a,-3.09968,0x00000000,2025-12-14T15:10:31.391Z,2025-12-14T15:10:31.391Z
25,0x000a,0.879991,0x00000000,2025-12-14T15:10:31.391Z,2025-12-14T15:10:31.391Z
38,0x000a,-1.50101,0x00000000,2025-12-14T15:10:31.490Z,2025-12-14T15:10:31.490Z
36,0x000a,-2.52997e-10,0x00000000,2025-12-14T15:10:31.490Z,2025-12-14T15:10:31.490Z
35,0x000a,-2.39004,0x00000000,2025-12-14T15:10:31.490Z,2025-12-14T15:10:31.490Z
34,0x000a,-7.57774e-12,0x00000000,2025-12-14T15:10:31.490Z,2025-12-14T15:10:31.490Z
25,0x000a,0.72989,0x00000000,2025-12-14T15:10:31.490Z,2025-12-14T15:10:31.490Z
23,0x000a,-2.52997e-10,0x00000000,2025-12-14T15:10:31.490Z,2025-12-14T15:10:31.490Z
22,0x000a,-2.39004,0x00000000,2025-12-14T15:10:31.490Z,2025-12-14T15:10:31.490Z
21,0x000a,-7.57774e-12,0x00000000,2025-12-14T15:10:31.490Z,2025-12-14T15:10:31.490Z
7,0x0004,2018,0x00000000,2025-12-14T15:10:31.490Z,2025-12-14T15:10:31.490Z
38,0x000a,-1.90249,0x00000000,2025-12-14T15:10:31.592Z,2025-12-14T15:10:31.592Z
36,0x000a,-1.26498e-10,0x00000000,2025-12-14T15:10:31.592Z,2025-12-14T15:10:31.592Z
35,0x000a,-1.94552,0x00000000,2025-12-14T15:10:31.592Z,2025-12-14T15:10:31.592Z
34,0x000a,-3.78887e-12,0x00000000,2025-12-14T15:10:31.592Z,2025-12-14T15:10:31.592Z
25,0x000a,0.539641,0x00000000,2025-12-14T15:10:31.592Z,2025-12-14T15:10:31.592Z
23,0x000a,-1.26498e-10,0x00000000,2025-12-14T15:10:31.592Z,2025-12-14T15:10:31.592Z
22,0x000a,-1.94552,0x00000000,2025-12-14T15:10:31.592Z,2025-12-14T15:10:31.592Z
21,0x000a,-3.78887e-12,0x00000000,2025-12-14T15:10:31.592Z,2025-12-14T15:10:31.592Z
7,0x0004,1492,0x00000000,2025-12-14T15:10:31.592Z,2025-12-14T15:10:31.592Z
38,0x000a,-1.4974,0x00000000,2025-12-14T15:10:31.690Z,2025-12-14T15:10:31.690Z
36,0x000a,-6.32492e-11,0x00000000,2025-12-14T15:10:31.690Z,2025-12-14T15:10:31.690Z
35,0x000a,-1.92401,0x00000000,2025-12-14T15:10:31.690Z,2025-12-14T15:10:31.690Z
34,0x000a,-1.89443e-12,0x00000000,2025-12-14T15:10:31.690Z,2025-12-14T15:10:31.690Z
25,0x000a,0.389902,0x00000000,2025-12-14T15:10:31.690Z,2025-12-14T15:10:31.690Z
23,0x000a,-6.32492e-11,0x00000000,2025-12-14T15:10:31.690Z,2025-12-14T15:10:31.690Z
22,0x000a,-1.92401,0x00000000,2025-12-14T15:10:31.690Z,2025-12-14T15:10:31.690Z
21,0x000a,-1.89443e-12,0x00000000,2025-12-14T15:10:31.690Z,2025-12-14T15:10:31.690Z
7,0x0004,1078,0x00000000,2025-12-14T15:10:31.690Z,2025-12-14T15:10:31.690Z
38,0x000a,-1.50101,0x00000000,2025-12-14T15:10:31.792Z,2025-12-14T15:10:31.792Z
36,0x000a,-3.16246e-11,0x00000000,2025-12-14T15:10:31.792Z,2025-12-14T15:10:31.792Z
35,0x000a,-1.7107,0x00000000,2025-12-14T15:10:31.792Z,2025-12-14T15:10:31.792Z
34,0x000a,-9.47217e-13,0x00000000,2025-12-14T15:10:31.792Z,2025-12-14T15:10:31.792Z
25,0x000a,0.2398,0x00000000,2025-12-14T15:10:31.792Z,2025-12-14T15:10:31.792Z
23,0x000a,-3.16246e-11,0x00000000,2025-12-14T15:10:31.792Z,2025-12-14T15:10:31.792Z
22,0x000a,-1.7107,0x00000000,2025-12-14T15:10:31.792Z,2025-12-14T15:10:31.792Z
21,0x000a,-9.47217e-13,0x00000000,2025-12-14T15:10:31.792Z,2025-12-14T15:10:31.792Z
16,0x0001,false,0x00000000,2025-12-14T15:10:31.792Z,2025-12-14T15:10:31.792Z
7,0x0004,663,0x00000000,2025-12-14T15:10:31.792Z,2025-12-14T15:10:31.792Z
38,0x000a,-1.59867,0x00000000,2025-12-14T15:10:31.891Z,2025-12-14T15:10:31.891Z
36,0x000a,-1.58123e-11,0x00000000,2025-12-14T15:10:31.891Z,2025-12-14T15:10:31.891Z
35,0x000a,-1.60586,0x00000000,2025-12-14T15:10:31.891Z,2025-12-14T15:10:31.891Z
34,0x000a,-4.73609e-13,0x00000000,2025-12-14T15:10:31.891Z,2025-12-14T15:10:31.891Z
25,0x000a,0.0799334,0x00000000,2025-12-14T15:10:31.891Z,2025-12-14T15:10:31.891Z
23,0x000a,-1.58123e-11,0x00000000,2025-12-14T15:10:31.891Z,2025-12-14T15:10:31.891Z
22,0x000a,-1.60586,0x00000000,2025-12-14T15:10:31.891Z,2025-12-14T15:10:31.891Z
21,0x000a,-4.73609e-13,0x00000000,2025-12-14T15:10:31.891Z,2025-12-14T15:10:31.891Z
7,0x0004,221,0x00000000,2025-12-14T15:10:31.891Z,2025-12-14T15:10:31.891Z
38,0x000a,-0.799335,0x00000000,2025-12-14T15:10:31.992Z,2025-12-14T15:10:31.992Z
36,0x000a,-7.90615e-12,0x00000000,2025-12-14T15:10:31.992Z,2025-12-14T15:10:31.992Z
35,0x000a,-1.60226,0x00000000,2025-12-14T15:10:31.992Z,2025-12-14T15:10:31.992Z
34,0x000a,-2.36804e-13,0x00000000,2025-12-14T15:10:31.992Z,2025-12-14T15:10:31.992Z
25,0x000a,0,0x00000000,2025-12-14T15:10:31.992Z,2025-12-14T15:10:31.992Z
23,0x000a,-7.90615e-12,0x00000000,2025-12-14T15:10:31.992Z,2025-12-14T15:10:31.992Z
22,0x000a,-1.60226,0x00000000,2025-12-14T15:10:31.992Z,2025-12-14T15:10:31.992Z
21,0x000a,-2.36804e-13,0x00000000,2025-12-14T15:10:31.992Z,2025-12-14T15:10:31.992Z
7,0x0004,0,0x00000000,2025-12-14T15:10:31.992Z,2025-12-14T15:10:31.992Z
36,0x000a,-3.95308e-12,0x00000000,2025-12-14T15:10:32.090Z,2025-12-14T15:10:32.090Z
35,0x000a,-1.2008,0x00000000,2025-12-14T15:10:32.090Z,2025-12-14T15:10:32.090Z
34,0x000a,-1.18402e-13,0x00000000,2025-12-14T15:10:32.090Z,2025-12-14T15:10:32.090Z
23,0x000a,-3.95308e-12,0x00000000,2025-12-14T15:10:32.090Z,2025-12-14T15:10:32.090Z
22,0x000a,-1.2008,0x00000000,2025-12-14T15:10:32.090Z,2025-12-14T15:10:32.090Z
21,0x000a,-1.18402e-13,0x00000000,2025-12-14T15:10:32.090Z,2025-12-14T15:10:32.090Z
38,0x000a,0,0x00000000,2025-12-14T15:10:32.191Z,2025-12-14T15:10:32.191Z
42,0x0001,false,0x00000000,2025-12-14T15:10:32.292Z,2025-12-14T15:10:32.292Z
40,0x0001,false,0x00000000,2025-12-14T15:10:32.292Z,2025-12-14T15:10:32.292Z
36,0x000a,-1.97654e-12,0x00000000,2025-12-14T15:10:32.292Z,2025-12-14T15:10:32.292Z
35,0x000a,-0.600399,0x00000000,2025-12-14T15:10:32.292Z,2025-12-14T15:10:32.292Z
34,0x000a,-5.92011e-14,0x00000000,2025-12-14T15:10:32.292Z,2025-12-14T15:10:32.292Z
23,0x000a,-1.97654e-12,0x00000000,2025-12-14T15:10:32.292Z,2025-12-14T15:10:32.292Z
22,0x000a,-0.600399,0x00000000,2025-12-14T15:10:32.292Z,2025-12-14T15:10:32.292Z
21,0x000a,-5.92011e-14,0x00000000,2025-12-14T15:10:32.292Z,2025-12-14T15:10:32.292Z
17,0x0001,true,0x00000000,2025-12-14T15:10:32.292Z,2025-12-14T15:10:32.292Z
15,0x0001,true,0x00000000,2025-12-14T15:10:32.292Z,2025-12-14T15:10:32.292Z
13,0x0001,true,0x00000000,2025-12-14T15:10:32.292Z,2025-12-14T15:10:32.292Z
4,0x000a,10,0x00000000,2025-12-14T15:10:32.292Z,2025-12-14T15:10:32.292Z
3,0x000a,9,0x00000000,2025-12-14T15:10:32.292Z,2025-12-14T15:10:32.292Z
2,0x000a,8,0x00000000,2025-12-14T15:10:32.292Z,2025-12-14T15:10:32.292Z
39,0x000a,0.596788,0x00000000,2025-12-14T15:10:32.491Z,2025-12-14T15:10:32.491Z
38,0x000a,0.799335,0x00000000,2025-12-14T15:10:32.491Z,2025-12-14T15:10:32.491Z
37,0x000a,1.59867,0x00000000,2025-12-14T15:10:32.491Z,2025-12-14T15:10:32.491Z
36,0x000a,-9.88269e-13,0x00000000,2025-12-14T15:10:32.392Z,2025-12-14T15:10:32.392Z
36,0x000a,-4.94135e-13,0x00000000,2025-12-14T15:10:32.491Z,2025-12-14T15:10:32.491Z
35,0x000a,-0.3002,0x00000000,2025-12-14T15:10:32.392Z,2025-12-14T15:10:32.392Z
35,0x000a,-0.1501,0x00000000,2025-12-14T15:10:32.491Z,2025-12-14T15:10:32.491Z
34,0x000a,-2.96005e-14,0x00000000,2025-12-14T15:10:32.392Z,2025-12-14T15:10:32.392Z
34,0x000a,-1.48003e-14,0x00000000,2025-12-14T15:10:32.491Z,2025-12-14T15:10:32.491Z
26,0x000a,0.0596788,0x00000000,2025-12-14T15:10:32.491Z,2025-12-14T15:10:32.491Z
25,0x000a,0.0799334,0x00000000,2025-12-14T15:10:32.491Z,2025-12-14T15:10:32.491Z
24,0x000a,0.159867,0x00000000,2025-12-14T15:10:32.491Z,2025-12-14T15:10:32.491Z
23,0x000a,-9.88269e-13,0x00000000,2025-12-14T15:10:32.392Z,2025-12-14T15:10:32.392Z
23,0x000a,-4.94135e-13,0x00000000,2025-12-14T15:10:32.491Z,2025-12-14T15:10:32.491Z
22,0x000a,-0.3002,0x00000000,2025-12-14T15:10:32.392Z,2025-12-14T15:10:32.392Z
22,0x000a,-0.1501,0x00000000,2025-12-14T15:10:32.491Z,2025-12-14T15:10:32.491Z
21,0x000a,-2.96005e-14,0x00000000,2025-12-14T15:10:32.392Z,2025-12-14T15:10:32.392Z
21,0x000a,-1.48003e-14,0x00000000,2025-12-14T15:10:32.491Z,2025-12-14T15:10:32.491Z
8,0x0004,165,0x00000000,2025-12-14T15:10:32.491Z,2025-12-14T15:10:32.491Z
7,0x0004,221,0x00000000,2025-12-14T15:10:32.491Z,2025-12-14T15:10:32.491Z
6,0x0004,442,0x00000000,2025-12-14T15:10:32.491Z,2025-12-14T15:10:32.491Z
39,0x000a,2.10142,0x00000000,2025-12-14T15:10:32.592Z,2025-12-14T15:10:32.592Z
38,0x000a,1.59867,0x00000000,2025-12-14T15:10:32.592Z,2025-12-14T15:10:32.592Z
37,0x000a,2.79948,0x00000000,2025-12-14T15:10:32.592Z,2025-12-14T15:10:32.592Z
36,0x000a,0.298394,0x00000000,2025-12-14T15:10:32.592Z,2025-12-14T15:10:32.592Z
35,0x000a,0.324617,0x00000000,2025-12-14T15:10:32.592Z,2025-12-14T15:10:32.592Z
34,0x000a,0.799335,0x00000000,2025-12-14T15:10:32.592Z,2025-12-14T15:10:32.592Z
26,0x000a,0.269821,0x00000000,2025-12-14T15:10:32.592Z,2025-12-14T15:10:32.592Z
25,0x000a,0.2398,0x00000000,2025-12-14T15:10:32.592Z,2025-12-14T15:10:32.592Z
24,0x000a,0.439815,0x00000000,2025-12-14T15:10:32.592Z,2025-12-14T15:10:32.592Z
23,0x000a,0.298394,0x00000000,2025-12-14T15:10:32.592Z,2025-12-14T15:10:32.592Z
22,0x000a,0.324617,0x00000000,2025-12-14T15:10:32.592Z,2025-12-14T15:10:32.592Z
21,0x000a,0.799335,0x00000000,2025-12-14T15:10:32.592Z,2025-12-14T15:10:32.592Z
8,0x0004,746,0x00000000,2025-12-14T15:10:32.592Z,2025-12-14T15:10:32.592Z
7,0x0004,663,0x00000000,2025-12-14T15:10:32.592Z,2025-12-14T15:10:32.592Z
6,0x0004,1216,0x00000000,2025-12-14T15:10:32.592Z,2025-12-14T15:10:32.592Z
39,0x000a,2.19907,0x00000000,2025-12-14T15:10:32.692Z,2025-12-14T15:10:32.692Z
38,0x000a,1.50101,0x00000000,2025-12-14T15:10:32.692Z,2025-12-14T15:10:32.692Z
37,0x000a,2.70182,0x00000000,2025-12-14T15:10:32.692Z,2025-12-14T15:10:32.692Z
36,0x000a,1.19991,0x00000000,2025-12-14T15:10:32.692Z,2025-12-14T15:10:32.692Z
35,0x000a,0.961643,0x00000000,2025-12-14T15:10:32.692Z,2025-12-14T15:10:32.692Z
34,0x000a,1.79941,0x00000000,2025-12-14T15:10:32.692Z,2025-12-14T15:10:32.692Z
26,0x000a,0.489728,0x00000000,2025-12-14T15:10:32.692Z,2025-12-14T15:10:32.692Z
25,0x000a,0.389902,0x00000000,2025-12-14T15:10:32.692Z,2025-12-14T15:10:32.692Z
24,0x000a,0.709997,0x00000000,2025-12-14T15:10:32.692Z,2025-12-14T15:10:32.692Z
23,0x000a,1.19991,0x00000000,2025-12-14T15:10:32.692Z,2025-12-14T15:10:32.692Z
22,0x000a,0.961643,0x00000000,2025-12-14T15:10:32.692Z,2025-12-14T15:10:32.692Z
21,0x000a,1.79941,0x00000000,2025-12-14T15:10:32.692Z,2025-12-14T15:10:32.692Z
8,0x0004,1354,0x00000000,2025-12-14T15:10:32.692Z,2025-12-14T15:10:32.692Z
7,0x0004,1078,0x00000000,2025-12-14T15:10:32.692Z,2025-12-14T15:10:32.692Z
6,0x0004,1963,0x00000000,2025-12-14T15:10:32.692Z,2025-12-14T15:10:32.692Z
39,0x000a,2.49928,0x00000000,2025-12-14T15:10:32.790Z,2025-12-14T15:10:32.790Z
38,0x000a,1.7976,0x00000000,2025-12-14T15:10:32.790Z,2025-12-14T15:10:32.790Z
37,0x000a,3.29861,0x00000000,2025-12-14T15:10:32.790Z,2025-12-14T15:10:32.790Z
36,0x000a,1.69949,0x00000000,2025-12-14T15:10:32.790Z,2025-12-14T15:10:32.790Z
35,0x000a,1.23133,0x00000000,2025-12-14T15:10:32.790Z,2025-12-14T15:10:32.790Z
34,0x000a,2.25062,0x00000000,2025-12-14T15:10:32.790Z,2025-12-14T15:10:32.790Z
26,0x000a,0.739656,0x00000000,2025-12-14T15:10:32.790Z,2025-12-14T15:10:32.790Z
25,0x000a,0.569661,0x00000000,2025-12-14T15:10:32.790Z,2025-12-14T15:10:32.790Z
24,0x000a,1.03986,0x00000000,2025-12-14T15:10:32.790Z,2025-12-14T15:10:32.790Z
23,0x000a,1.69949,0x00000000,2025-12-14T15:10:32.790Z,2025-12-14T15:10:32.790Z
22,0x000a,1.23133,0x00000000,2025-12-14T15:10:32.790Z,2025-12-14T15:10:32.790Z
21,0x000a,2.25062,0x00000000,2025-12-14T15:10:32.790Z,2025-12-14T15:10:32.790Z
8,0x0004,2045,0x00000000,2025-12-14T15:10:32.790Z,2025-12-14T15:10:32.790Z
7,0x0004,1575,0x00000000,2025-12-14T15:10:32.790Z,2025-12-14T15:10:32.790Z
6,0x0004,2875,0x00000000,2025-12-14T15:10:32.790Z,2025-12-14T15:10:32.790Z
39,0x000a,1.69994,0x00000000,2025-12-14T15:10:32.891Z,2025-12-14T15:10:32.891Z
38,0x000a,1.30208,0x00000000,2025-12-14T15:10:32.891Z,2025-12-14T15:10:32.891Z
37,0x000a,2.30035,0x00000000,2025-12-14T15:10:32.891Z,2025-12-14T15:10:32.891Z
36,0x000a,2.09938,0x00000000,2025-12-14T15:10:32.891Z,2025-12-14T15:10:32.891Z
35,0x000a,1.51446,0x00000000,2025-12-14T15:10:32.891Z,2025-12-14T15:10:32.891Z
34,0x000a,2.77461,0x00000000,2025-12-14T15:10:32.891Z,2025-12-14T15:10:32.891Z
26,0x000a,0.90965,0x00000000,2025-12-14T15:10:32.891Z,2025-12-14T15:10:32.891Z
25,0x000a,0.69987,0x00000000,2025-12-14T15:10:32.891Z,2025-12-14T15:10:32.891Z
24,0x000a,1.26989,0x00000000,2025-12-14T15:10:32.891Z,2025-12-14T15:10:32.891Z
23,0x000a,2.09938,0x00000000,2025-12-14T15:10:32.891Z,2025-12-14T15:10:32.891Z
22,0x000a,1.51446,0x00000000,2025-12-14T15:10:32.891Z,2025-12-14T15:10:32.891Z
21,0x000a,2.77461,0x00000000,2025-12-14T15:10:32.891Z,2025-12-14T15:10:32.891Z
8,0x0004,2515,0x00000000,2025-12-14T15:10:32.891Z,2025-12-14T15:10:32.891Z
7,0x0004,1935,0x00000000,2025-12-14T15:10:32.891Z,2025-12-14T15:10:32.891Z
6,0x0004,3511,0x00000000,2025-12-14T15:10:32.891Z,2025-12-14T15:10:32.891Z
36,0x000a,1.89966,0x00000000,2025-12-14T15:10:32.993Z,2025-12-14T15:10:32.993Z
35,0x000a,1.40827,0x00000000,2025-12-14T15:10:32.993Z,2025-12-14T15:10:32.993Z
34,0x000a,2.53748,0x00000000,2025-12-14T15:10:32.993Z,2025-12-14T15:10:32.993Z
26,0x000a,1.1697,0x00000000,2025-12-14T15:10:32.993Z,2025-12-14T15:10:32.993Z
25,0x000a,0.879991,0x00000000,2025-12-14T15:10:32.993Z,2025-12-14T15:10:32.993Z
24,0x000a,1.59975,0x00000000,2025-12-14T15:10:32.993Z,2025-12-14T15:10:32.993Z
23,0x000a,1.89966,0x00000000,2025-12-14T15:10:32.993Z,2025-12-14T15:10:32.993Z
22,0x000a,1.40827,0x00000000,2025-12-14T15:10:32.993Z,2025-12-14T15:10:32.993Z
21,0x000a,2.53748,0x00000000,2025-12-14T15:10:32.993Z,2025-12-14T15:10:32.993Z
8,0x0004,3234,0x00000000,2025-12-14T15:10:32.993Z,2025-12-14T15:10:32.993Z
7,0x0004,2433,0x00000000,2025-12-14T15:10:32.993Z,2025-12-14T15:10:32.993Z
6,0x0004,4423,0x00000000,2025-12-14T15:10:32.993Z,2025-12-14T15:10:32.993Z
39,0x000a,2.60055,0x00000000,2025-12-14T15:10:33.094Z,2025-12-14T15:10:33.094Z
38,0x000a,1.80122,0x00000000,2025-12-14T15:10:33.094Z,2025-12-14T15:10:33.094Z
37,0x000a,3.29861,0x00000000,2025-12-14T15:10:33.094Z,2025-12-14T15:10:33.094Z
26,0x000a,1.37985,0x00000000,2025-12-14T15:10:33.094Z,2025-12-14T15:10:33.094Z
25,0x000a,1.02973,0x00000000,2025-12-14T15:10:33.094Z,2025-12-14T15:10:33.094Z
24,0x000a,1.86994,0x00000000,2025-12-14T15:10:33.094Z,2025-12-14T15:10:33.094Z
8,0x0004,3815,0x00000000,2025-12-14T15:10:33.094Z,2025-12-14T15:10:33.094Z
7,0x0004,2847,0x00000000,2025-12-14T15:10:33.094Z,2025-12-14T15:10:33.094Z
6,0x0004,5170,0x00000000,2025-12-14T15:10:33.094Z,2025-12-14T15:10:33.094Z
39,0x000a,2.10142,0x00000000,2025-12-14T15:10:33.192Z,2025-12-14T15:10:33.192Z
38,0x000a,1.4974,0x00000000,2025-12-14T15:10:33.192Z,2025-12-14T15:10:33.192Z
37,0x000a,2.70182,0x00000000,2025-12-14T15:10:33.192Z,2025-12-14T15:10:33.192Z
36,0x000a,2.25011,0x00000000,2025-12-14T15:10:33.192Z,2025-12-14T15:10:33.192Z
35,0x000a,1.60474,0x00000000,2025-12-14T15:10:33.192Z,2025-12-14T15:10:33.192Z
34,0x000a,2.91805,0x00000000,2025-12-14T15:10:33.192Z,2025-12-14T15:10:33.192Z
26,0x000a,1.58999,0x00000000,2025-12-14T15:10:33.192Z,2025-12-14T15:10:33.192Z
25,0x000a,1.18996,0x00000000,2025-12-14T15:10:33.192Z,2025-12-14T15:10:33.192Z
24,0x000a,2.14988,0x00000000,2025-12-14T15:10:33.192Z,2025-12-14T15:10:33.192Z
23,0x000a,2.25011,0x00000000,2025-12-14T15:10:33.192Z,2025-12-14T15:10:33.192Z
22,0x000a,1.60474,0x00000000,2025-12-14T15:10:33.192Z,2025-12-14T15:10:33.192Z
21,0x000a,2.91805,0x00000000,2025-12-14T15:10:33.192Z,2025-12-14T15:10:33.192Z
8,0x0004,4396,0x00000000,2025-12-14T15:10:33.192Z,2025-12-14T15:10:33.192Z
7,0x0004,3290,0x00000000,2025-12-14T15:10:33.192Z,2025-12-14T15:10:33.192Z
6,0x0004,5944,0x00000000,2025-12-14T15:10:33.192Z,2025-12-14T15:10:33.192Z
38,0x000a,1.60229,0x00000000,2025-12-14T15:10:33.290Z,2025-12-14T15:10:33.290Z
37,0x000a,2.79948,0x00000000,2025-12-14T15:10:33.290Z,2025-12-14T15:10:33.290Z
36,0x000a,2.17576,0x00000000,2025-12-14T15:10:33.290Z,2025-12-14T15:10:33.290Z
35,0x000a,1.55107,0x00000000,2025-12-14T15:10:33.290Z,2025-12-14T15:10:33.290Z
34,0x000a,2.80993,0x00000000,2025-12-14T15:10:33.290Z,2025-12-14T15:10:33.290Z
26,0x000a,1.8099,0x00000000,2025-12-14T15:10:33.290Z,2025-12-14T15:10:33.290Z
25,0x000a,1.3397,0x00000000,2025-12-14T15:10:33.290Z,2025-12-14T15:10:33.290Z
24,0x000a,2.4197,0x00000000,2025-12-14T15:10:33.290Z,2025-12-14T15:10:33.290Z
23,0x000a,2.17576,0x00000000,2025-12-14T15:10:33.290Z,2025-12-14T15:10:33.290Z
22,0x000a,1.55107,0x00000000,2025-12-14T15:10:33.290Z,2025-12-14T15:10:33.290Z
21,0x000a,2.80993,0x00000000,2025-12-14T15:10:33.290Z,2025-12-14T15:10:33.290Z
8,0x0004,5004,0x00000000,2025-12-14T15:10:33.290Z,2025-12-14T15:10:33.290Z
7,0x0004,3704,0x00000000,2025-12-14T15:10:33.290Z,2025-12-14T15:10:33.290Z
6,0x0004,6690,0x00000000,2025-12-14T15:10:33.290Z,2025-12-14T15:10:33.290Z
39,0x000a,2.19907,0x00000000,2025-12-14T15:10:33.390Z,2025-12-14T15:10:33.390Z
38,0x000a,1.4974,0x00000000,2025-12-14T15:10:33.390Z,2025-12-14T15:10:33.390Z
37,0x000a,2.69821,0x00000000,2025-12-14T15:10:33.390Z,2025-12-14T15:10:33.390Z
36,0x000a,2.13859,0x00000000,2025-12-14T15:10:33.390Z,2025-12-14T15:10:33.390Z
35,0x000a,1.57668,0x00000000,2025-12-14T15:10:33.390Z,2025-12-14T15:10:33.390Z
34,0x000a,2.80471,0x00000000,2025-12-14T15:10:33.390Z,2025-12-14T15:10:33.390Z
26,0x000a,2.01968,0x00000000,2025-12-14T15:10:33.390Z,2025-12-14T15:10:33.390Z
25,0x000a,1.4898,0x00000000,2025-12-14T15:10:33.390Z,2025-12-14T15:10:33.390Z
24,0x000a,2.69965,0x00000000,2025-12-14T15:10:33.390Z,2025-12-14T15:10:33.390Z
23,0x000a,2.13859,0x00000000,2025-12-14T15:10:33.390Z,2025-12-14T15:10:33.390Z
22,0x000a,1.57668,0x00000000,2025-12-14T15:10:33.390Z,2025-12-14T15:10:33.390Z
21,0x000a,2.80471,0x00000000,2025-12-14T15:10:33.390Z,2025-12-14T15:10:33.390Z
8,0x0004,5584,0x00000000,2025-12-14T15:10:33.390Z,2025-12-14T15:10:33.390Z
7,0x0004,4119,0x00000000,2025-12-14T15:10:33.390Z,2025-12-14T15:10:33.390Z
6,0x0004,7464,0x00000000,2025-12-14T15:10:33.390Z,2025-12-14T15:10:33.390Z
39,0x000a,2.0978,0x00000000,2025-12-14T15:10:33.490Z,2025-12-14T15:10:33.490Z
38,0x000a,1.50101,0x00000000,2025-12-14T15:10:33.490Z,2025-12-14T15:10:33.490Z
37,0x000a,2.79948,0x00000000,2025-12-14T15:10:33.490Z,2025-12-14T15:10:33.490Z
36,0x000a,2.16883,0x00000000,2025-12-14T15:10:33.490Z,2025-12-14T15:10:33.490Z
35,0x000a,1.53704,0x00000000,2025-12-14T15:10:33.490Z,2025-12-14T15:10:33.490Z
34,0x000a,2.75146,0x00000000,2025-12-14T15:10:33.490Z,2025-12-14T15:10:33.490Z
26,0x000a,2.22982,0x00000000,2025-12-14T15:10:33.490Z,2025-12-14T15:10:33.490Z
25,0x000a,1.64967,0x00000000,2025-12-14T15:10:33.490Z,2025-12-14T15:10:33.490Z
24,0x000a,2.97996,0x00000000,2025-12-14T15:10:33.490Z,2025-12-14T15:10:33.490Z
23,0x000a,2.16883,0x00000000,2025-12-14T15:10:33.490Z,2025-12-14T15:10:33.490Z
22,0x000a,1.53704,0x00000000,2025-12-14T15:10:33.490Z,2025-12-14T15:10:33.490Z
21,0x000a,2.75146,0x00000000,2025-12-14T15:10:33.490Z,2025-12-14T15:10:33.490Z
8,0x0004,6165,0x00000000,2025-12-14T15:10:33.490Z,2025-12-14T15:10:33.490Z
7,0x0004,4561,0x00000000,2025-12-14T15:10:33.490Z,2025-12-14T15:10:33.490Z
6,0x0004,8239,0x00000000,2025-12-14T15:10:33.490Z,2025-12-14T15:10:33.490Z
39,0x000a,4.30049,0x00000000,2025-12-14T15:10:33.592Z,2025-12-14T15:10:33.592Z
38,0x000a,3.09968,0x00000000,2025-12-14T15:10:33.592Z,2025-12-14T15:10:33.592Z
37,0x000a,5.5013,0x00000000,2025-12-14T15:10:33.592Z,2025-12-14T15:10:33.592Z
36,0x000a,2.13332,0x00000000,2025-12-14T15:10:33.592Z,2025-12-14T15:10:33.592Z
35,0x000a,1.51902,0x00000000,2025-12-14T15:10:33.592Z,2025-12-14T15:10:33.592Z
34,0x000a,2.77547,0x00000000,2025-12-14T15:10:33.592Z,2025-12-14T15:10:33.592Z
26,0x000a,2.44973,0x00000000,2025-12-14T15:10:33.592Z,2025-12-14T15:10:33.592Z
25,0x000a,1.79977,0x00000000,2025-12-14T15:10:33.592Z,2025-12-14T15:10:33.592Z
24,0x000a,3.24978,0x00000000,2025-12-14T15:10:33.592Z,2025-12-14T15:10:33.592Z
23,0x000a,2.13332,0x00000000,2025-12-14T15:10:33.592Z,2025-12-14T15:10:33.592Z
22,0x000a,1.51902,0x00000000,2025-12-14T15:10:33.592Z,2025-12-14T15:10:33.592Z
21,0x000a,2.77547,0x00000000,2025-12-14T15:10:33.592Z,2025-12-14T15:10:33.592Z
8,0x0004,6773,0x00000000,2025-12-14T15:10:33.592Z,2025-12-14T15:10:33.592Z
7,0x0004,4976,0x00000000,2025-12-14T15:10:33.592Z,2025-12-14T15:10:33.592Z
6,0x0004,8985,0x00000000,2025-12-14T15:10:33.592Z,2025-12-14T15:10:33.592Z
39,0x000a,2.49928,0x00000000,2025-12-14T15:10:33.692Z,2025-12-14T15:10:33.692Z
38,0x000a,1.89887,0x00000000,2025-12-14T15:10:33.692Z,2025-12-14T15:10:33.692Z
37,0x000a,3.29861,0x00000000,2025-12-14T15:10:33.692Z,2025-12-14T15:10:33.692Z
36,0x000a,3.2169,0x00000000,2025-12-14T15:10:33.692Z,2025-12-14T15:10:33.692Z
35,0x000a,2.30935,0x00000000,2025-12-14T15:10:33.692Z,2025-12-14T15:10:33.692Z
34,0x000a,4.13839,0x00000000,2025-12-14T15:10:33.692Z,2025-12-14T15:10:33.692Z
26,0x000a,2.69965,0x00000000,2025-12-14T15:10:33.692Z,2025-12-14T15:10:33.692Z
25,0x000a,1.98966,0x00000000,2025-12-14T15:10:33.692Z,2025-12-14T15:10:33.692Z
24,0x000a,3.57964,0x00000000,2025-12-14T15:10:33.692Z,2025-12-14T15:10:33.692Z
23,0x000a,3.2169,0x00000000,2025-12-14T15:10:33.692Z,2025-12-14T15:10:33.692Z
22,0x000a,2.30935,0x00000000,2025-12-14T15:10:33.692Z,2025-12-14T15:10:33.692Z
21,0x000a,4.13839,0x00000000,2025-12-14T15:10:33.692Z,2025-12-14T15:10:33.692Z
8,0x0004,7464,0x00000000,2025-12-14T15:10:33.692Z,2025-12-14T15:10:33.692Z
7,0x0004,5501,0x00000000,2025-12-14T15:10:33.692Z,2025-12-14T15:10:33.692Z
6,0x0004,9897,0x00000000,2025-12-14T15:10:33.692Z,2025-12-14T15:10:33.692Z
39,0x000a,2.20269,0x00000000,2025-12-14T15:10:33.790Z,2025-12-14T15:10:33.790Z
38,0x000a,1.50101,0x00000000,2025-12-14T15:10:33.790Z,2025-12-14T15:10:33.790Z
37,0x000a,2.8031,0x00000000,2025-12-14T15:10:33.790Z,2025-12-14T15:10:33.790Z
36,0x000a,2.85809,0x00000000,2025-12-14T15:10:33.790Z,2025-12-14T15:10:33.790Z
35,0x000a,2.10411,0x00000000,2025-12-14T15:10:33.790Z,2025-12-14T15:10:33.790Z
34,0x000a,3.7185,0x00000000,2025-12-14T15:10:33.790Z,2025-12-14T15:10:33.790Z
26,0x000a,2.91992,0x00000000,2025-12-14T15:10:33.790Z,2025-12-14T15:10:33.790Z
25,0x000a,2.13976,0x00000000,2025-12-14T15:10:33.790Z,2025-12-14T15:10:33.790Z
24,0x000a,3.85995,0x00000000,2025-12-14T15:10:33.790Z,2025-12-14T15:10:33.790Z
23,0x000a,2.85809,0x00000000,2025-12-14T15:10:33.790Z,2025-12-14T15:10:33.790Z
22,0x000a,2.10411,0x00000000,2025-12-14T15:10:33.790Z,2025-12-14T15:10:33.790Z
21,0x000a,3.7185,0x00000000,2025-12-14T15:10:33.790Z,2025-12-14T15:10:33.790Z
8,0x0004,8073,0x00000000,2025-12-14T15:10:33.790Z,2025-12-14T15:10:33.790Z
7,0x0004,5916,0x00000000,2025-12-14T15:10:33.790Z,2025-12-14T15:10:33.790Z
6,0x0004,10672,0x00000000,2025-12-14T15:10:33.790Z,2025-12-14T15:10:33.790Z
26,0x000a,3.1297,0x00000000,2025-12-14T15:10:33.891Z,2025-12-14T15:10:33.891Z
25,0x000a,2.28986,0x00000000,2025-12-14T15:10:33.891Z,2025-12-14T15:10:33.891Z
24,0x000a,4.12977,0x00000000,2025-12-14T15:10:33.891Z,2025-12-14T15:10:33.891Z
8,0x0004,8653,0x00000000,2025-12-14T15:10:33.891Z,2025-12-14T15:10:33.891Z
7,0x0004,6331,0x00000000,2025-12-14T15:10:33.891Z,2025-12-14T15:10:33.891Z
6,0x0004,11418,0x00000000,2025-12-14T15:10:33.891Z,2025-12-14T15:10:33.891Z
39,0x000a,2.0978,0x00000000,2025-12-14T15:10:33.991Z,2025-12-14T15:10:33.991Z
38,0x000a,1.50101,0x00000000,2025-12-14T15:10:33.991Z,2025-12-14T15:10:33.991Z
37,0x000a,2.6982,0x00000000,2025-12-14T15:10:33.991Z,2025-12-14T15:10:33.991Z
36,0x000a,2.53039,0x00000000,2025-12-14T15:10:33.991Z,2025-12-14T15:10:33.991Z
35,0x000a,1.80256,0x00000000,2025-12-14T15:10:33.991Z,2025-12-14T15:10:33.991Z
34,0x000a,3.2608,0x00000000,2025-12-14T15:10:33.991Z,2025-12-14T15:10:33.991Z
26,0x000a,3.33984,0x00000000,2025-12-14T15:10:33.991Z,2025-12-14T15:10:33.991Z
25,0x000a,2.44973,0x00000000,2025-12-14T15:10:33.991Z,2025-12-14T15:10:33.991Z
24,0x000a,4.40972,0x00000000,2025-12-14T15:10:33.991Z,2025-12-14T15:10:33.991Z
23,0x000a,2.53039,0x00000000,2025-12-14T15:10:33.991Z,2025-12-14T15:10:33.991Z
22,0x000a,1.80256,0x00000000,2025-12-14T15:10:33.991Z,2025-12-14T15:10:33.991Z
21,0x000a,3.2608,0x00000000,2025-12-14T15:10:33.991Z,2025-12-14T15:10:33.991Z
8,0x0004,9234,0x00000000,2025-12-14T15:10:33.991Z,2025-12-14T15:10:33.991Z
7,0x0004,6773,0x00000000,2025-12-14T15:10:33.991Z,2025-12-14T15:10:33.991Z
6,0x0004,12192,0x00000000,2025-12-14T15:10:33.991Z,2025-12-14T15:10:33.991Z
39,0x000a,2.10142,0x00000000,2025-12-14T15:10:34.091Z,2025-12-14T15:10:34.091Z
38,0x000a,1.59867,0x00000000,2025-12-14T15:10:34.091Z,2025-12-14T15:10:34.091Z
37,0x000a,2.79948,0x00000000,2025-12-14T15:10:34.091Z,2025-12-14T15:10:34.091Z
36,0x000a,2.3141,0x00000000,2025-12-14T15:10:34.091Z,2025-12-14T15:10:34.091Z
35,0x000a,1.65179,0x00000000,2025-12-14T15:10:34.091Z,2025-12-14T15:10:34.091Z
34,0x000a,2.9795,0x00000000,2025-12-14T15:10:34.091Z,2025-12-14T15:10:34.091Z
26,0x000a,3.54999,0x00000000,2025-12-14T15:10:34.091Z,2025-12-14T15:10:34.091Z
25,0x000a,2.59983,0x00000000,2025-12-14T15:10:34.091Z,2025-12-14T15:10:34.091Z
24,0x000a,4.68967,0x00000000,2025-12-14T15:10:34.091Z,2025-12-14T15:10:34.091Z
23,0x000a,2.3141,0x00000000,2025-12-14T15:10:34.091Z,2025-12-14T15:10:34.091Z
22,0x000a,1.65179,0x00000000,2025-12-14T15:10:34.091Z,2025-12-14T15:10:34.091Z
21,0x000a,2.9795,0x00000000,2025-12-14T15:10:34.091Z,2025-12-14T15:10:34.091Z
8,0x0004,9815,0x00000000,2025-12-14T15:10:34.091Z,2025-12-14T15:10:34.091Z
7,0x0004,7188,0x00000000,2025-12-14T15:10:34.091Z,2025-12-14T15:10:34.091Z
6,0x0004,12966,0x00000000,2025-12-14T15:10:34.091Z,2025-12-14T15:10:34.091Z
39,0x000a,2.10142,0x00000000,2025-12-14T15:10:34.190Z,2025-12-14T15:10:34.190Z
38,0x000a,1.50101,0x00000000,2025-12-14T15:10:34.190Z,2025-12-14T15:10:34.190Z
37,0x000a,2.79948,0x00000000,2025-12-14T15:10:34.190Z,2025-12-14T15:10:34.190Z
36,0x000a,2.20776,0x00000000,2025-12-14T15:10:34.190Z,2025-12-14T15:10:34.190Z
35,0x000a,1.62523,0x00000000,2025-12-14T15:10:34.190Z,2025-12-14T15:10:34.190Z
34,0x000a,2.88949,0x00000000,2025-12-14T15:10:34.190Z,2025-12-14T15:10:34.190Z
28,0x0004,27000,0x00000000,2025-12-14T15:10:34.190Z,2025-12-14T15:10:34.190Z
26,0x000a,3.80968,0x00000000,2025-12-14T15:10:34.190Z,2025-12-14T15:10:34.190Z
25,0x000a,2.77995,0x00000000,2025-12-14T15:10:34.190Z,2025-12-14T15:10:34.190Z
24,0x000a,5.01989,0x00000000,2025-12-14T15:10:34.190Z,2025-12-14T15:10:34.190Z
23,0x000a,2.20776,0x00000000,2025-12-14T15:10:34.190Z,2025-12-14T15:10:34.190Z
22,0x000a,1.62523,0x00000000,2025-12-14T15:10:34.190Z,2025-12-14T15:10:34.190Z
21,0x000a,2.88949,0x00000000,2025-12-14T15:10:34.190Z,2025-12-14T15:10:34.190Z
8,0x0004,10533,0x00000000,2025-12-14T15:10:34.190Z,2025-12-14T15:10:34.190Z
7,0x0004,7686,0x00000000,2025-12-14T15:10:34.190Z,2025-12-14T15:10:34.190Z
6,0x0004,13879,0x00000000,2025-12-14T15:10:34.190Z,2025-12-14T15:10:34.190Z
39,0x000a,2.59693,0x00000000,2025-12-14T15:10:34.293Z,2025-12-14T15:10:34.293Z
39,0x000a,2.10142,0x00000000,2025-12-14T15:10:34.392Z,2025-12-14T15:10:34.392Z
38,0x000a,1.80121,0x00000000,2025-12-14T15:10:34.293Z,2025-12-14T15:10:34.293Z
38,0x000a,1.59867,0x00000000,2025-12-14T15:10:34.392Z,2025-12-14T15:10:34.392Z
37,0x000a,3.30223,0x00000000,2025-12-14T15:10:34.293Z,2025-12-14T15:10:34.293Z
37,0x000a,1.69994,0x00000000,2025-12-14T15:10:34.392Z,2025-12-14T15:10:34.392Z
36,0x000a,2.15459,0x00000000,2025-12-14T15:10:34.293Z,2025-12-14T15:10:34.293Z
36,0x000a,2.37576,0x00000000,2025-12-14T15:10:34.392Z,2025-12-14T15:10:34.392Z
35,0x000a,1.56312,0x00000000,2025-12-14T15:10:34.293Z,2025-12-14T15:10:34.293Z
35,0x000a,1.68217,0x00000000,2025-12-14T15:10:34.392Z,2025-12-14T15:10:34.392Z
34,0x000a,2.84448,0x00000000,2025-12-14T15:10:34.293Z,2025-12-14T15:10:34.293Z
34,0x000a,3.07336,0x00000000,2025-12-14T15:10:34.392Z,2025-12-14T15:10:34.392Z
28,0x0004,0,0x00000000,2025-12-14T15:10:34.293Z,2025-12-14T15:10:34.293Z
26,0x000a,4.01982,0x00000000,2025-12-14T15:10:34.293Z,2025-12-14T15:10:34.293Z
26,0x000a,4.23973,0x00000000,2025-12-14T15:10:34.392Z,2025-12-14T15:10:34.392Z
25,0x000a,2.93981,0x00000000,2025-12-14T15:10:34.293Z,2025-12-14T15:10:34.293Z
25,0x000a,3.08992,0x00000000,2025-12-14T15:10:34.392Z,2025-12-14T15:10:34.392Z
24,0x000a,5.18989,0x00000000,2025-12-14T15:10:34.293Z,2025-12-14T15:10:34.293Z
24,0x000a,5.29984,0x00000000,2025-12-14T15:10:34.392Z,2025-12-14T15:10:34.392Z
23,0x000a,2.15459,0x00000000,2025-12-14T15:10:34.293Z,2025-12-14T15:10:34.293Z
23,0x000a,2.37576,0x00000000,2025-12-14T15:10:34.392Z,2025-12-14T15:10:34.392Z
22,0x000a,1.56312,0x00000000,2025-12-14T15:10:34.293Z,2025-12-14T15:10:34.293Z
22,0x000a,1.68217,0x00000000,2025-12-14T15:10:34.392Z,2025-12-14T15:10:34.392Z
21,0x000a,2.84448,0x00000000,2025-12-14T15:10:34.293Z,2025-12-14T15:10:34.293Z
21,0x000a,3.07336,0x00000000,2025-12-14T15:10:34.392Z,2025-12-14T15:10:34.392Z
8,0x0004,11114,0x00000000,2025-12-14T15:10:34.293Z,2025-12-14T15:10:34.293Z
8,0x0004,11722,0x00000000,2025-12-14T15:10:34.392Z,2025-12-14T15:10:34.392Z
7,0x0004,8128,0x00000000,2025-12-14T15:10:34.293Z,2025-12-14T15:10:34.293Z
7,0x0004,8543,0x00000000,2025-12-14T15:10:34.392Z,2025-12-14T15:10:34.392Z
6,0x0004,14349,0x00000000,2025-12-14T15:10:34.293Z,2025-12-14T15:10:34.293Z
6,0x0004,14653,0x00000000,2025-12-14T15:10:34.392Z,2025-12-14T15:10:34.392Z
39,0x000a,2.19907,0x00000000,2025-12-14T15:10:34.490Z,2025-12-14T15:10:34.490Z
38,0x000a,1.50101,0x00000000,2025-12-14T15:10:34.490Z,2025-12-14T15:10:34.490Z
37,0x000a,1.09954,0x00000000,2025-12-14T15:10:34.490Z,2025-12-14T15:10:34.490Z
36,0x000a,2.23859,0x00000000,2025-12-14T15:10:34.490Z,2025-12-14T15:10:34.490Z
35,0x000a,1.64042,0x00000000,2025-12-14T15:10:34.490Z,2025-12-14T15:10:34.490Z
34,0x000a,2.38665,0x00000000,2025-12-14T15:10:34.490Z,2025-12-14T15:10:34.490Z
23,0x000a,2.23859,0x00000000,2025-12-14T15:10:34.490Z,2025-12-14T15:10:34.490Z
22,0x000a,1.64042,0x00000000,2025-12-14T15:10:34.490Z,2025-12-14T15:10:34.490Z
21,0x000a,2.38665,0x00000000,2025-12-14T15:10:34.490Z,2025-12-14T15:10:34.490Z
39,0x000a,2.10142,0x00000000,2025-12-14T15:10:34.592Z,2025-12-14T15:10:34.592Z
38,0x000a,1.4974,0x00000000,2025-12-14T15:10:34.592Z,2025-12-14T15:10:34.592Z
37,0x000a,2.79948,0x00000000,2025-12-14T15:10:34.592Z,2025-12-14T15:10:34.592Z
36,0x000a,2.21883,0x00000000,2025-12-14T15:10:34.592Z,2025-12-14T15:10:34.592Z
35,0x000a,1.57072,0x00000000,2025-12-14T15:10:34.592Z,2025-12-14T15:10:34.592Z
34,0x000a,1.74309,0x00000000,2025-12-14T15:10:34.592Z,2025-12-14T15:10:34.592Z
26,0x000a,4.44987,0x00000000,2025-12-14T15:10:34.592Z,2025-12-14T15:10:34.592Z
25,0x000a,3.23966,0x00000000,2025-12-14T15:10:34.592Z,2025-12-14T15:10:34.592Z
24,0x000a,5.57979,0x00000000,2025-12-14T15:10:34.592Z,2025-12-14T15:10:34.592Z
23,0x000a,2.21883,0x00000000,2025-12-14T15:10:34.592Z,2025-12-14T15:10:34.592Z
22,0x000a,1.57072,0x00000000,2025-12-14T15:10:34.592Z,2025-12-14T15:10:34.592Z
21,0x000a,1.74309,0x00000000,2025-12-14T15:10:34.592Z,2025-12-14T15:10:34.592Z
8,0x0004,12303,0x00000000,2025-12-14T15:10:34.592Z,2025-12-14T15:10:34.592Z
7,0x0004,8957,0x00000000,2025-12-14T15:10:34.592Z,2025-12-14T15:10:34.592Z
6,0x0004,15427,0x00000000,2025-12-14T15:10:34.592Z,2025-12-14T15:10:34.592Z
36,0x000a,2.16012,0x00000000,2025-12-14T15:10:34.692Z,2025-12-14T15:10:34.692Z
35,0x000a,1.53406,0x00000000,2025-12-14T15:10:34.692Z,2025-12-14T15:10:34.692Z
34,0x000a,2.27129,0x00000000,2025-12-14T15:10:34.692Z,2025-12-14T15:10:34.692Z
26,0x000a,4.65965,0x00000000,2025-12-14T15:10:34.692Z,2025-12-14T15:10:34.692Z
25,0x000a,3.39988,0x00000000,2025-12-14T15:10:34.692Z,2025-12-14T15:10:34.692Z
24,0x000a,5.84997,0x00000000,2025-12-14T15:10:34.692Z,2025-12-14T15:10:34.692Z
23,0x000a,2.16012,0x00000000,2025-12-14T15:10:34.692Z,2025-12-14T15:10:34.692Z
22,0x000a,1.53406,0x00000000,2025-12-14T15:10:34.692Z,2025-12-14T15:10:34.692Z
21,0x000a,2.27129,0x00000000,2025-12-14T15:10:34.692Z,2025-12-14T15:10:34.692Z
8,0x0004,12883,0x00000000,2025-12-14T15:10:34.692Z,2025-12-14T15:10:34.692Z
7,0x0004,9400,0x00000000,2025-12-14T15:10:34.692Z,2025-12-14T15:10:34.692Z
6,0x0004,16174,0x00000000,2025-12-14T15:10:34.692Z,2025-12-14T15:10:34.692Z
39,0x000a,4.30049,0x00000000,2025-12-14T15:10:34.791Z,2025-12-14T15:10:34.791Z
38,0x000a,3.1033,0x00000000,2025-12-14T15:10:34.791Z,2025-12-14T15:10:34.791Z
37,0x000a,5.5013,0x00000000,2025-12-14T15:10:34.791Z,2025-12-14T15:10:34.791Z
26,0x000a,4.87992,0x00000000,2025-12-14T15:10:34.791Z,2025-12-14T15:10:34.791Z
25,0x000a,3.54999,0x00000000,2025-12-14T15:10:34.791Z,2025-12-14T15:10:34.791Z
24,0x000a,6.12992,0x00000000,2025-12-14T15:10:34.791Z,2025-12-14T15:10:34.791Z
8,0x0004,13492,0x00000000,2025-12-14T15:10:34.791Z,2025-12-14T15:10:34.791Z
7,0x0004,9815,0x00000000,2025-12-14T15:10:34.791Z,2025-12-14T15:10:34.791Z
6,0x0004,16948,0x00000000,2025-12-14T15:10:34.791Z,2025-12-14T15:10:34.791Z
39,0x000a,2.49928,0x00000000,2025-12-14T15:10:34.890Z,2025-12-14T15:10:34.890Z
38,0x000a,1.7976,0x00000000,2025-12-14T15:10:34.890Z,2025-12-14T15:10:34.890Z
37,0x000a,3.29861,0x00000000,2025-12-14T15:10:34.890Z,2025-12-14T15:10:34.890Z
36,0x000a,3.23031,0x00000000,2025-12-14T15:10:34.890Z,2025-12-14T15:10:34.890Z
35,0x000a,2.31868,0x00000000,2025-12-14T15:10:34.890Z,2025-12-14T15:10:34.890Z
34,0x000a,3.88629,0x00000000,2025-12-14T15:10:34.890Z,2025-12-14T15:10:34.890Z
26,0x000a,5.12985,0x00000000,2025-12-14T15:10:34.890Z,2025-12-14T15:10:34.890Z
25,0x000a,3.72975,0x00000000,2025-12-14T15:10:34.890Z,2025-12-14T15:10:34.890Z
24,0x000a,6.45978,0x00000000,2025-12-14T15:10:34.890Z,2025-12-14T15:10:34.890Z
23,0x000a,3.23031,0x00000000,2025-12-14T15:10:34.890Z,2025-12-14T15:10:34.890Z
22,0x000a,2.31868,0x00000000,2025-12-14T15:10:34.890Z,2025-12-14T15:10:34.890Z
21,0x000a,3.88629,0x00000000,2025-12-14T15:10:34.890Z,2025-12-14T15:10:34.890Z
8,0x0004,14183,0x00000000,2025-12-14T15:10:34.890Z,2025-12-14T15:10:34.890Z
7,0x0004,10312,0x00000000,2025-12-14T15:10:34.890Z,2025-12-14T15:10:34.890Z
6,0x0004,17860,0x00000000,2025-12-14T15:10:34.890Z,2025-12-14T15:10:34.890Z
39,0x000a,2.10142,0x00000000,2025-12-14T15:10:34.989Z,2025-12-14T15:10:34.989Z
38,0x000a,1.60228,0x00000000,2025-12-14T15:10:34.989Z,2025-12-14T15:10:34.989Z
37,0x000a,2.70182,0x00000000,2025-12-14T15:10:34.989Z,2025-12-14T15:10:34.989Z
36,0x000a,2.86479,0x00000000,2025-12-14T15:10:34.989Z,2025-12-14T15:10:34.989Z
35,0x000a,2.05814,0x00000000,2025-12-14T15:10:34.989Z,2025-12-14T15:10:34.989Z
34,0x000a,3.59245,0x00000000,2025-12-14T15:10:34.989Z,2025-12-14T15:10:34.989Z
26,0x000a,5.33999,0x00000000,2025-12-14T15:10:34.989Z,2025-12-14T15:10:34.989Z
25,0x000a,3.88997,0x00000000,2025-12-14T15:10:34.989Z,2025-12-14T15:10:34.989Z
24,0x000a,6.72996,0x00000000,2025-12-14T15:10:34.989Z,2025-12-14T15:10:34.989Z
23,0x000a,2.86479,0x00000000,2025-12-14T15:10:34.989Z,2025-12-14T15:10:34.989Z
22,0x000a,2.05814,0x00000000,2025-12-14T15:10:34.989Z,2025-12-14T15:10:34.989Z
21,0x000a,3.59245,0x00000000,2025-12-14T15:10:34.989Z,2025-12-14T15:10:34.989Z
8,0x0004,14764,0x00000000,2025-12-14T15:10:34.989Z,2025-12-14T15:10:34.989Z
7,0x0004,10755,0x00000000,2025-12-14T15:10:34.989Z,2025-12-14T15:10:34.989Z
6,0x0004,18607,0x00000000,2025-12-14T15:10:34.989Z,2025-12-14T15:10:34.989Z
39,0x000a,2.19907,0x00000000,2025-12-14T15:10:35.092Z,2025-12-14T15:10:35.092Z
38,0x000a,1.4974,0x00000000,2025-12-14T15:10:35.092Z,2025-12-14T15:10:35.092Z
37,0x000a,2.79948,0x00000000,2025-12-14T15:10:35.092Z,2025-12-14T15:10:35.092Z
36,0x000a,2.4831,0x00000000,2025-12-14T15:10:35.092Z,2025-12-14T15:10:35.092Z
35,0x000a,1.83021,0x00000000,2025-12-14T15:10:35.092Z,2025-12-14T15:10:35.092Z
34,0x000a,3.14714,0x00000000,2025-12-14T15:10:35.092Z,2025-12-14T15:10:35.092Z
26,0x000a,5.5599,0x00000000,2025-12-14T15:10:35.092Z,2025-12-14T15:10:35.092Z
25,0x000a,4.03971,0x00000000,2025-12-14T15:10:35.092Z,2025-12-14T15:10:35.092Z
24,0x000a,7.00991,0x00000000,2025-12-14T15:10:35.092Z,2025-12-14T15:10:35.092Z
23,0x000a,2.4831,0x00000000,2025-12-14T15:10:35.092Z,2025-12-14T15:10:35.092Z
22,0x000a,1.83021,0x00000000,2025-12-14T15:10:35.092Z,2025-12-14T15:10:35.092Z
21,0x000a,3.14714,0x00000000,2025-12-14T15:10:35.092Z,2025-12-14T15:10:35.092Z
8,0x0004,15372,0x00000000,2025-12-14T15:10:35.092Z,2025-12-14T15:10:35.092Z
7,0x0004,11169,0x00000000,2025-12-14T15:10:35.092Z,2025-12-14T15:10:35.092Z
6,0x0004,19381,0x00000000,2025-12-14T15:10:35.092Z,2025-12-14T15:10:35.092Z
39,0x000a,2.0978,0x00000000,2025-12-14T15:10:35.191Z,2025-12-14T15:10:35.191Z
38,0x000a,1.50101,0x00000000,2025-12-14T15:10:35.191Z,2025-12-14T15:10:35.191Z
36,0x000a,2.34109,0x00000000,2025-12-14T15:10:35.191Z,2025-12-14T15:10:35.191Z
35,0x000a,1.6638,0x00000000,2025-12-14T15:10:35.191Z,2025-12-14T15:10:35.191Z
34,0x000a,2.97331,0x00000000,2025-12-14T15:10:35.191Z,2025-12-14T15:10:35.191Z
26,0x000a,5.76968,0x00000000,2025-12-14T15:10:35.191Z,2025-12-14T15:10:35.191Z
25,0x000a,4.18981,0x00000000,2025-12-14T15:10:35.191Z,2025-12-14T15:10:35.191Z
24,0x000a,7.28986,0x00000000,2025-12-14T15:10:35.191Z,2025-12-14T15:10:35.191Z
23,0x000a,2.34109,0x00000000,2025-12-14T15:10:35.191Z,2025-12-14T15:10:35.191Z
22,0x000a,1.6638,0x00000000,2025-12-14T15:10:35.191Z,2025-12-14T15:10:35.191Z
21,0x000a,2.97331,0x00000000,2025-12-14T15:10:35.191Z,2025-12-14T15:10:35.191Z
8,0x0004,15952,0x00000000,2025-12-14T15:10:35.191Z,2025-12-14T15:10:35.191Z
7,0x0004,11584,0x00000000,2025-12-14T15:10:35.191Z,2025-12-14T15:10:35.191Z
6,0x0004,20155,0x00000000,2025-12-14T15:10:35.191Z,2025-12-14T15:10:35.191Z
39,0x000a,2.10142,0x00000000,2025-12-14T15:10:35.291Z,2025-12-14T15:10:35.291Z
38,0x000a,1.59867,0x00000000,2025-12-14T15:10:35.291Z,2025-12-14T15:10:35.291Z
37,0x000a,2.69821,0x00000000,2025-12-14T15:10:35.291Z,2025-12-14T15:10:35.291Z
36,0x000a,2.21945,0x00000000,2025-12-14T15:10:35.291Z,2025-12-14T15:10:35.291Z
35,0x000a,1.58241,0x00000000,2025-12-14T15:10:35.291Z,2025-12-14T15:10:35.291Z
34,0x000a,2.88639,0x00000000,2025-12-14T15:10:35.291Z,2025-12-14T15:10:35.291Z
26,0x000a,5.97982,0x00000000,2025-12-14T15:10:35.291Z,2025-12-14T15:10:35.291Z
25,0x000a,4.34968,0x00000000,2025-12-14T15:10:35.291Z,2025-12-14T15:10:35.291Z
24,0x000a,7.55968,0x00000000,2025-12-14T15:10:35.291Z,2025-12-14T15:10:35.291Z
23,0x000a,2.21945,0x00000000,2025-12-14T15:10:35.291Z,2025-12-14T15:10:35.291Z
22,0x000a,1.58241,0x00000000,2025-12-14T15:10:35.291Z,2025-12-14T15:10:35.291Z
21,0x000a,2.88639,0x00000000,2025-12-14T15:10:35.291Z,2025-12-14T15:10:35.291Z
8,0x0004,16533,0x00000000,2025-12-14T15:10:35.291Z,2025-12-14T15:10:35.291Z
7,0x0004,12026,0x00000000,2025-12-14T15:10:35.291Z,2025-12-14T15:10:35.291Z
6,0x0004,20901,0x00000000,2025-12-14T15:10:35.291Z,2025-12-14T15:10:35.291Z
39,0x000a,2.60055,0x00000000,2025-12-14T15:10:35.392Z,2025-12-14T15:10:35.392Z
38,0x000a,1.80121,0x00000000,2025-12-14T15:10:35.392Z,2025-12-14T15:10:35.392Z
37,0x000a,3.30223,0x00000000,2025-12-14T15:10:35.392Z,2025-12-14T15:10:35.392Z
36,0x000a,2.16043,0x00000000,2025-12-14T15:10:35.392Z,2025-12-14T15:10:35.392Z
35,0x000a,1.59054,0x00000000,2025-12-14T15:10:35.392Z,2025-12-14T15:10:35.392Z
34,0x000a,2.7923,0x00000000,2025-12-14T15:10:35.392Z,2025-12-14T15:10:35.392Z
26,0x000a,6.23987,0x00000000,2025-12-14T15:10:35.392Z,2025-12-14T15:10:35.392Z
25,0x000a,4.5298,0x00000000,2025-12-14T15:10:35.392Z,2025-12-14T15:10:35.392Z
24,0x000a,7.8899,0x00000000,2025-12-14T15:10:35.392Z,2025-12-14T15:10:35.392Z
23,0x000a,2.16043,0x00000000,2025-12-14T15:10:35.392Z,2025-12-14T15:10:35.392Z
22,0x000a,1.59054,0x00000000,2025-12-14T15:10:35.392Z,2025-12-14T15:10:35.392Z
21,0x000a,2.7923,0x00000000,2025-12-14T15:10:35.392Z,2025-12-14T15:10:35.392Z
13,0x0001,false,0x00000000,2025-12-14T15:10:35.392Z,2025-12-14T15:10:35.392Z
8,0x0004,17252,0x00000000,2025-12-14T15:10:35.392Z,2025-12-14T15:10:35.392Z
7,0x0004,12524,0x00000000,2025-12-14T15:10:35.392Z,2025-12-14T15:10:35.392Z
6,0x0004,21814,0x00000000,2025-12-14T15:10:35.392Z,2025-12-14T15:10:35.392Z
26,0x000a,6.44965,0x00000000,2025-12-14T15:10:35.490Z,2025-12-14T15:10:35.490Z
25,0x000a,4.6799,0x00000000,2025-12-14T15:10:35.490Z,2025-12-14T15:10:35.490Z
24,0x000a,8.16985,0x00000000,2025-12-14T15:10:35.490Z,2025-12-14T15:10:35.490Z
8,0x0004,17832,0x00000000,2025-12-14T15:10:35.490Z,2025-12-14T15:10:35.490Z
7,0x0004,12939,0x00000000,2025-12-14T15:10:35.490Z,2025-12-14T15:10:35.490Z
6,0x0004,22588,0x00000000,2025-12-14T15:10:35.490Z,2025-12-14T15:10:35.490Z
39,0x000a,2.0978,0x00000000,2025-12-14T15:10:35.592Z,2025-12-14T15:10:35.592Z
38,0x000a,1.50101,0x00000000,2025-12-14T15:10:35.592Z,2025-12-14T15:10:35.592Z
37,0x000a,2.79948,0x00000000,2025-12-14T15:10:35.592Z,2025-12-14T15:10:35.592Z
36,0x000a,2.38049,0x00000000,2025-12-14T15:10:35.592Z,2025-12-14T15:10:35.592Z
35,0x000a,1.69588,0x00000000,2025-12-14T15:10:35.592Z,2025-12-14T15:10:35.592Z
34,0x000a,3.04727,0x00000000,2025-12-14T15:10:35.592Z,2025-12-14T15:10:35.592Z
26,0x000a,6.66992,0x00000000,2025-12-14T15:10:35.592Z,2025-12-14T15:10:35.592Z
25,0x000a,4.83977,0x00000000,2025-12-14T15:10:35.592Z,2025-12-14T15:10:35.592Z
24,0x000a,8.2798,0x00000000,2025-12-14T15:10:35.592Z,2025-12-14T15:10:35.592Z
23,0x000a,2.38049,0x00000000,2025-12-14T15:10:35.592Z,2025-12-14T15:10:35.592Z
22,0x000a,1.69588,0x00000000,2025-12-14T15:10:35.592Z,2025-12-14T15:10:35.592Z
21,0x000a,3.04727,0x00000000,2025-12-14T15:10:35.592Z,2025-12-14T15:10:35.592Z
8,0x0004,18441,0x00000000,2025-12-14T15:10:35.592Z,2025-12-14T15:10:35.592Z
7,0x0004,13381,0x00000000,2025-12-14T15:10:35.592Z,2025-12-14T15:10:35.592Z
6,0x0004,22892,0x00000000,2025-12-14T15:10:35.592Z,2025-12-14T15:10:35.592Z
39,0x000a,2.20269,0x00000000,2025-12-14T15:10:35.690Z,2025-12-14T15:10:35.690Z
38,0x000a,1.59867,0x00000000,2025-12-14T15:10:35.690Z,2025-12-14T15:10:35.690Z
37,0x000a,1.09954,0x00000000,2025-12-14T15:10:35.690Z,2025-12-14T15:10:35.690Z
36,0x000a,2.23915,0x00000000,2025-12-14T15:10:35.690Z,2025-12-14T15:10:35.690Z
35,0x000a,1.59844,0x00000000,2025-12-14T15:10:35.690Z,2025-12-14T15:10:35.690Z
34,0x000a,2.92337,0x00000000,2025-12-14T15:10:35.690Z,2025-12-14T15:10:35.690Z
29,0x0004,27000,0x00000000,2025-12-14T15:10:35.690Z,2025-12-14T15:10:35.690Z
26,0x000a,6.8797,0x00000000,2025-12-14T15:10:35.690Z,2025-12-14T15:10:35.690Z
25,0x000a,4.98987,0x00000000,2025-12-14T15:10:35.690Z,2025-12-14T15:10:35.690Z
23,0x000a,2.23915,0x00000000,2025-12-14T15:10:35.690Z,2025-12-14T15:10:35.690Z
22,0x000a,1.59844,0x00000000,2025-12-14T15:10:35.690Z,2025-12-14T15:10:35.690Z
21,0x000a,2.92337,0x00000000,2025-12-14T15:10:35.690Z,2025-12-14T15:10:35.690Z
8,0x0004,19021,0x00000000,2025-12-14T15:10:35.690Z,2025-12-14T15:10:35.690Z
7,0x0004,13796,0x00000000,2025-12-14T15:10:35.690Z,2025-12-14T15:10:35.690Z
39,0x000a,2.0978,0x00000000,2025-12-14T15:10:35.791Z,2025-12-14T15:10:35.791Z
38,0x000a,1.50101,0x00000000,2025-12-14T15:10:35.791Z,2025-12-14T15:10:35.791Z
37,0x000a,0,0x00000000,2025-12-14T15:10:35.791Z,2025-12-14T15:10:35.791Z
36,0x000a,2.22092,0x00000000,2025-12-14T15:10:35.791Z,2025-12-14T15:10:35.791Z
35,0x000a,1.59856,0x00000000,2025-12-14T15:10:35.791Z,2025-12-14T15:10:35.791Z
34,0x000a,2.01146,0x00000000,2025-12-14T15:10:35.791Z,2025-12-14T15:10:35.791Z
29,0x0004,0,0x00000000,2025-12-14T15:10:35.791Z,2025-12-14T15:10:35.791Z
26,0x000a,7.08984,0x00000000,2025-12-14T15:10:35.791Z,2025-12-14T15:10:35.791Z
25,0x000a,5.11972,0x00000000,2025-12-14T15:10:35.791Z,2025-12-14T15:10:35.791Z
23,0x000a,2.22092,0x00000000,2025-12-14T15:10:35.791Z,2025-12-14T15:10:35.791Z
22,0x000a,1.59856,0x00000000,2025-12-14T15:10:35.791Z,2025-12-14T15:10:35.791Z
21,0x000a,2.01146,0x00000000,2025-12-14T15:10:35.791Z,2025-12-14T15:10:35.791Z
8,0x0004,19602,0x00000000,2025-12-14T15:10:35.791Z,2025-12-14T15:10:35.791Z
7,0x0004,14155,0x00000000,2025-12-14T15:10:35.791Z,2025-12-14T15:10:35.791Z
40,0x0001,true,0x00000000,2025-12-14T15:10:35.891Z,2025-12-14T15:10:35.891Z
39,0x000a,4.70197,0x00000000,2025-12-14T15:10:35.891Z,2025-12-14T15:10:35.891Z
38,0x000a,1.89888,0x00000000,2025-12-14T15:10:35.891Z,2025-12-14T15:10:35.891Z
36,0x000a,2.15936,0x00000000,2025-12-14T15:10:35.891Z,2025-12-14T15:10:35.891Z
35,0x000a,1.54978,0x00000000,2025-12-14T15:10:35.891Z,2025-12-14T15:10:35.891Z
34,0x000a,1.00573,0x00000000,2025-12-14T15:10:35.891Z,2025-12-14T15:10:35.891Z
26,0x000a,7.3499,0x00000000,2025-12-14T15:10:35.891Z,2025-12-14T15:10:35.891Z
25,0x000a,5.17976,0x00000000,2025-12-14T15:10:35.891Z,2025-12-14T15:10:35.891Z
23,0x000a,2.15936,0x00000000,2025-12-14T15:10:35.891Z,2025-12-14T15:10:35.891Z
22,0x000a,1.54978,0x00000000,2025-12-14T15:10:35.891Z,2025-12-14T15:10:35.891Z
21,0x000a,1.00573,0x00000000,2025-12-14T15:10:35.891Z,2025-12-14T15:10:35.891Z
8,0x0004,20321,0x00000000,2025-12-14T15:10:35.891Z,2025-12-14T15:10:35.891Z
7,0x0004,14321,0x00000000,2025-12-14T15:10:35.891Z,2025-12-14T15:10:35.891Z
39,0x000a,2.0978,0x00000000,2025-12-14T15:10:35.990Z,2025-12-14T15:10:35.990Z
38,0x000a,1.50101,0x00000000,2025-12-14T15:10:35.990Z,2025-12-14T15:10:35.990Z
36,0x000a,3.43067,0x00000000,2025-12-14T15:10:35.990Z,2025-12-14T15:10:35.990Z
35,0x000a,1.72433,0x00000000,2025-12-14T15:10:35.990Z,2025-12-14T15:10:35.990Z
34,0x000a,0.502864,0x00000000,2025-12-14T15:10:35.990Z,2025-12-14T15:10:35.990Z
26,0x000a,7.55968,0x00000000,2025-12-14T15:10:35.990Z,2025-12-14T15:10:35.990Z
25,0x000a,5.32986,0x00000000,2025-12-14T15:10:35.990Z,2025-12-14T15:10:35.990Z
23,0x000a,3.43067,0x00000000,2025-12-14T15:10:35.990Z,2025-12-14T15:10:35.990Z
22,0x000a,1.72433,0x00000000,2025-12-14T15:10:35.990Z,2025-12-14T15:10:35.990Z
21,0x000a,0.502864,0x00000000,2025-12-14T15:10:35.990Z,2025-12-14T15:10:35.990Z
8,0x0004,20901,0x00000000,2025-12-14T15:10:35.990Z,2025-12-14T15:10:35.990Z
7,0x0004,14736,0x00000000,2025-12-14T15:10:35.990Z,2025-12-14T15:10:35.990Z
39,0x000a,2.10142,0x00000000,2025-12-14T15:10:36.090Z,2025-12-14T15:10:36.090Z
39,0x000a,2.19907,0x00000000,2025-12-14T15:10:36.191Z,2025-12-14T15:10:36.191Z
38,0x000a,1.59867,0x00000000,2025-12-14T15:10:36.090Z,2025-12-14T15:10:36.090Z
38,0x000a,1.50101,0x00000000,2025-12-14T15:10:36.191Z,2025-12-14T15:10:36.191Z
36,0x000a,2.76423,0x00000000,2025-12-14T15:10:36.090Z,2025-12-14T15:10:36.090Z
36,0x000a,2.43283,0x00000000,2025-12-14T15:10:36.191Z,2025-12-14T15:10:36.191Z
35,0x000a,1.61267,0x00000000,2025-12-14T15:10:36.090Z,2025-12-14T15:10:36.090Z
35,0x000a,1.60567,0x00000000,2025-12-14T15:10:36.191Z,2025-12-14T15:10:36.191Z
34,0x000a,0.251432,0x00000000,2025-12-14T15:10:36.090Z,2025-12-14T15:10:36.090Z
34,0x000a,0.125716,0x00000000,2025-12-14T15:10:36.191Z,2025-12-14T15:10:36.191Z
26,0x000a,7.76982,0x00000000,2025-12-14T15:10:36.090Z,2025-12-14T15:10:36.090Z
26,0x000a,7.98973,0x00000000,2025-12-14T15:10:36.191Z,2025-12-14T15:10:36.191Z
25,0x000a,5.48973,0x00000000,2025-12-14T15:10:36.090Z,2025-12-14T15:10:36.090Z
25,0x000a,5.63983,0x00000000,2025-12-14T15:10:36.191Z,2025-12-14T15:10:36.191Z
23,0x000a,2.76423,0x00000000,2025-12-14T15:10:36.090Z,2025-12-14T15:10:36.090Z
23,0x000a,2.43283,0x00000000,2025-12-14T15:10:36.191Z,2025-12-14T15:10:36.191Z
22,0x000a,1.61267,0x00000000,2025-12-14T15:10:36.090Z,2025-12-14T15:10:36.090Z
22,0x000a,1.60567,0x00000000,2025-12-14T15:10:36.191Z,2025-12-14T15:10:36.191Z
21,0x000a,0.251432,0x00000000,2025-12-14T15:10:36.090Z,2025-12-14T15:10:36.090Z
21,0x000a,0.125716,0x00000000,2025-12-14T15:10:36.191Z,2025-12-14T15:10:36.191Z
8,0x0004,21482,0x00000000,2025-12-14T15:10:36.090Z,2025-12-14T15:10:36.090Z
8,0x0004,22090,0x00000000,2025-12-14T15:10:36.191Z,2025-12-14T15:10:36.191Z
7,0x0004,15178,0x00000000,2025-12-14T15:10:36.090Z,2025-12-14T15:10:36.090Z
7,0x0004,15593,0x00000000,2025-12-14T15:10:36.191Z,2025-12-14T15:10:36.191Z
36,0x000a,2.31595,0x00000000,2025-12-14T15:10:36.292Z,2025-12-14T15:10:36.292Z
35,0x000a,1.55334,0x00000000,2025-12-14T15:10:36.292Z,2025-12-14T15:10:36.292Z
34,0x000a,0.062858,0x00000000,2025-12-14T15:10:36.292Z,2025-12-14T15:10:36.292Z
26,0x000a,8.19987,0x00000000,2025-12-14T15:10:36.292Z,2025-12-14T15:10:36.292Z
25,0x000a,5.78993,0x00000000,2025-12-14T15:10:36.292Z,2025-12-14T15:10:36.292Z
23,0x000a,2.31595,0x00000000,2025-12-14T15:10:36.292Z,2025-12-14T15:10:36.292Z
22,0x000a,1.55334,0x00000000,2025-12-14T15:10:36.292Z,2025-12-14T15:10:36.292Z
21,0x000a,0.062858,0x00000000,2025-12-14T15:10:36.292Z,2025-12-14T15:10:36.292Z
8,0x0004,22671,0x00000000,2025-12-14T15:10:36.292Z,2025-12-14T15:10:36.292Z
7,0x0004,16008,0x00000000,2025-12-14T15:10:36.292Z,2025-12-14T15:10:36.292Z
39,0x000a,2.10142,0x00000000,2025-12-14T15:10:36.392Z,2025-12-14T15:10:36.392Z
26,0x000a,8.40965,0x00000000,2025-12-14T15:10:36.392Z,2025-12-14T15:10:36.392Z
25,0x000a,5.9498,0x00000000,2025-12-14T15:10:36.392Z,2025-12-14T15:10:36.392Z
8,0x0004,23251,0x00000000,2025-12-14T15:10:36.392Z,2025-12-14T15:10:36.392Z
7,0x0004,16450,0x00000000,2025-12-14T15:10:36.392Z,2025-12-14T15:10:36.392Z
39,0x000a,2.0978,0x00000000,2025-12-14T15:10:36.492Z,2025-12-14T15:10:36.492Z
38,0x000a,1.59867,0x00000000,2025-12-14T15:10:36.492Z,2025-12-14T15:10:36.492Z
36,0x000a,2.20869,0x00000000,2025-12-14T15:10:36.492Z,2025-12-14T15:10:36.492Z
35,0x000a,1.52718,0x00000000,2025-12-14T15:10:36.492Z,2025-12-14T15:10:36.492Z
34,0x000a,0.031429,0x00000000,2025-12-14T15:10:36.492Z,2025-12-14T15:10:36.492Z
26,0x000a,8.6697,0x00000000,2025-12-14T15:10:36.492Z,2025-12-14T15:10:36.492Z
25,0x000a,6.12992,0x00000000,2025-12-14T15:10:36.492Z,2025-12-14T15:10:36.492Z
23,0x000a,2.20869,0x00000000,2025-12-14T15:10:36.492Z,2025-12-14T15:10:36.492Z
22,0x000a,1.52718,0x00000000,2025-12-14T15:10:36.492Z,2025-12-14T15:10:36.492Z
21,0x000a,0.031429,0x00000000,2025-12-14T15:10:36.492Z,2025-12-14T15:10:36.492Z
8,0x0004,23970,0x00000000,2025-12-14T15:10:36.492Z,2025-12-14T15:10:36.492Z
7,0x0004,16948,0x00000000,2025-12-14T15:10:36.492Z,2025-12-14T15:10:36.492Z
39,0x000a,2.60055,0x00000000,2025-12-14T15:10:36.590Z,2025-12-14T15:10:36.590Z
38,0x000a,1.80122,0x00000000,2025-12-14T15:10:36.590Z,2025-12-14T15:10:36.590Z
36,0x000a,2.15324,0x00000000,2025-12-14T15:10:36.590Z,2025-12-14T15:10:36.590Z
35,0x000a,1.56292,0x00000000,2025-12-14T15:10:36.590Z,2025-12-14T15:10:36.590Z
34,0x000a,0.0157145,0x00000000,2025-12-14T15:10:36.590Z,2025-12-14T15:10:36.590Z
26,0x000a,8.87985,0x00000000,2025-12-14T15:10:36.590Z,2025-12-14T15:10:36.590Z
25,0x000a,6.27966,0x00000000,2025-12-14T15:10:36.590Z,2025-12-14T15:10:36.590Z
23,0x000a,2.15324,0x00000000,2025-12-14T15:10:36.590Z,2025-12-14T15:10:36.590Z
22,0x000a,1.56292,0x00000000,2025-12-14T15:10:36.590Z,2025-12-14T15:10:36.590Z
21,0x000a,0.0157145,0x00000000,2025-12-14T15:10:36.590Z,2025-12-14T15:10:36.590Z
8,0x0004,24551,0x00000000,2025-12-14T15:10:36.590Z,2025-12-14T15:10:36.590Z
7,0x0004,17362,0x00000000,2025-12-14T15:10:36.590Z,2025-12-14T15:10:36.590Z
39,0x000a,2.10142,0x00000000,2025-12-14T15:10:36.690Z,2025-12-14T15:10:36.690Z
38,0x000a,1.49739,0x00000000,2025-12-14T15:10:36.690Z,2025-12-14T15:10:36.690Z
36,0x000a,2.37689,0x00000000,2025-12-14T15:10:36.690Z,2025-12-14T15:10:36.690Z
35,0x000a,1.68207,0x00000000,2025-12-14T15:10:36.690Z,2025-12-14T15:10:36.690Z
34,0x000a,0.00785725,0x00000000,2025-12-14T15:10:36.690Z,2025-12-14T15:10:36.690Z
26,0x000a,9.09975,0x00000000,2025-12-14T15:10:36.690Z,2025-12-14T15:10:36.690Z
25,0x000a,6.43989,0x00000000,2025-12-14T15:10:36.690Z,2025-12-14T15:10:36.690Z
23,0x000a,2.37689,0x00000000,2025-12-14T15:10:36.690Z,2025-12-14T15:10:36.690Z
22,0x000a,1.68207,0x00000000,2025-12-14T15:10:36.690Z,2025-12-14T15:10:36.690Z
21,0x000a,0.00785725,0x00000000,2025-12-14T15:10:36.690Z,2025-12-14T15:10:36.690Z
8,0x0004,25159,0x00000000,2025-12-14T15:10:36.690Z,2025-12-14T15:10:36.690Z
7,0x0004,17805,0x00000000,2025-12-14T15:10:36.690Z,2025-12-14T15:10:36.690Z
39,0x000a,2.19908,0x00000000,2025-12-14T15:10:36.789Z,2025-12-14T15:10:36.789Z
38,0x000a,1.60229,0x00000000,2025-12-14T15:10:36.789Z,2025-12-14T15:10:36.789Z
36,0x000a,2.23916,0x00000000,2025-12-14T15:10:36.789Z,2025-12-14T15:10:36.789Z
35,0x000a,1.58973,0x00000000,2025-12-14T15:10:36.789Z,2025-12-14T15:10:36.789Z
34,0x000a,0.00392862,0x00000000,2025-12-14T15:10:36.789Z,2025-12-14T15:10:36.789Z
26,0x000a,9.3099,0x00000000,2025-12-14T15:10:36.789Z,2025-12-14T15:10:36.789Z
25,0x000a,6.58999,0x00000000,2025-12-14T15:10:36.789Z,2025-12-14T15:10:36.789Z
23,0x000a,2.23916,0x00000000,2025-12-14T15:10:36.789Z,2025-12-14T15:10:36.789Z
22,0x000a,1.58973,0x00000000,2025-12-14T15:10:36.789Z,2025-12-14T15:10:36.789Z
21,0x000a,0.00392862,0x00000000,2025-12-14T15:10:36.789Z,2025-12-14T15:10:36.789Z
8,0x0004,25740,0x00000000,2025-12-14T15:10:36.789Z,2025-12-14T15:10:36.789Z
7,0x0004,18220,0x00000000,2025-12-14T15:10:36.789Z,2025-12-14T15:10:36.789Z
39,0x000a,2.10141,0x00000000,2025-12-14T15:10:36.891Z,2025-12-14T15:10:36.891Z
38,0x000a,1.50101,0x00000000,2025-12-14T15:10:36.891Z,2025-12-14T15:10:36.891Z
36,0x000a,2.21912,0x00000000,2025-12-14T15:10:36.891Z,2025-12-14T15:10:36.891Z
35,0x000a,1.59601,0x00000000,2025-12-14T15:10:36.891Z,2025-12-14T15:10:36.891Z
34,0x000a,0.00196431,0x00000000,2025-12-14T15:10:36.891Z,2025-12-14T15:10:36.891Z
26,0x000a,9.51968,0x00000000,2025-12-14T15:10:36.891Z,2025-12-14T15:10:36.891Z
25,0x000a,6.73973,0x00000000,2025-12-14T15:10:36.891Z,2025-12-14T15:10:36.891Z
23,0x000a,2.21912,0x00000000,2025-12-14T15:10:36.891Z,2025-12-14T15:10:36.891Z
22,0x000a,1.59601,0x00000000,2025-12-14T15:10:36.891Z,2025-12-14T15:10:36.891Z
21,0x000a,0.00196431,0x00000000,2025-12-14T15:10:36.891Z,2025-12-14T15:10:36.891Z
8,0x0004,26320,0x00000000,2025-12-14T15:10:36.891Z,2025-12-14T15:10:36.891Z
7,0x0004,18634,0x00000000,2025-12-14T15:10:36.891Z,2025-12-14T15:10:36.891Z
39,0x000a,4.69835,0x00000000,2025-12-14T15:10:36.990Z,2025-12-14T15:10:36.990Z
38,0x000a,3.39989,0x00000000,2025-12-14T15:10:36.990Z,2025-12-14T15:10:36.990Z
36,0x000a,2.16026,0x00000000,2025-12-14T15:10:36.990Z,2025-12-14T15:10:36.990Z
35,0x000a,1.54851,0x00000000,2025-12-14T15:10:36.990Z,2025-12-14T15:10:36.990Z
34,0x000a,0.000982156,0x00000000,2025-12-14T15:10:36.990Z,2025-12-14T15:10:36.990Z
26,0x000a,9.77973,0x00000000,2025-12-14T15:10:36.990Z,2025-12-14T15:10:36.990Z
25,0x000a,6.92998,0x00000000,2025-12-14T15:10:36.990Z,2025-12-14T15:10:36.990Z
23,0x000a,2.16026,0x00000000,2025-12-14T15:10:36.990Z,2025-12-14T15:10:36.990Z
22,0x000a,1.54851,0x00000000,2025-12-14T15:10:36.990Z,2025-12-14T15:10:36.990Z
21,0x000a,0.000982156,0x00000000,2025-12-14T15:10:36.990Z,2025-12-14T15:10:36.990Z
17,0x0001,false,0x00000000,2025-12-14T15:10:36.990Z,2025-12-14T15:10:36.990Z
8,0x0004,27039,0x00000000,2025-12-14T15:10:36.990Z,2025-12-14T15:10:36.990Z
7,0x0004,19160,0x00000000,2025-12-14T15:10:36.990Z,2025-12-14T15:10:36.990Z
39,0x000a,2.10142,0x00000000,2025-12-14T15:10:37.191Z,2025-12-14T15:10:37.191Z
38,0x000a,1.49739,0x00000000,2025-12-14T15:10:37.191Z,2025-12-14T15:10:37.191Z
36,0x000a,3.42931,0x00000000,2025-12-14T15:10:37.191Z,2025-12-14T15:10:37.191Z
35,0x000a,2.4742,0x00000000,2025-12-14T15:10:37.191Z,2025-12-14T15:10:37.191Z
34,0x000a,0.000491078,0x00000000,2025-12-14T15:10:37.191Z,2025-12-14T15:10:37.191Z
26,0x000a,9.98987,0x00000000,2025-12-14T15:10:37.191Z,2025-12-14T15:10:37.191Z
25,0x000a,7.07972,0x00000000,2025-12-14T15:10:37.191Z,2025-12-14T15:10:37.191Z
23,0x000a,3.42931,0x00000000,2025-12-14T15:10:37.191Z,2025-12-14T15:10:37.191Z
22,0x000a,2.4742,0x00000000,2025-12-14T15:10:37.191Z,2025-12-14T15:10:37.191Z
21,0x000a,0.000491078,0x00000000,2025-12-14T15:10:37.191Z,2025-12-14T15:10:37.191Z
8,0x0004,27620,0x00000000,2025-12-14T15:10:37.191Z,2025-12-14T15:10:37.191Z
7,0x0004,19574,0x00000000,2025-12-14T15:10:37.191Z,2025-12-14T15:10:37.191Z
39,0x000a,0.101271,0x00000000,2025-12-14T15:10:37.289Z,2025-12-14T15:10:37.289Z
38,0x000a,1.50101,0x00000000,2025-12-14T15:10:37.289Z,2025-12-14T15:10:37.289Z
36,0x000a,2.76537,0x00000000,2025-12-14T15:10:37.289Z,2025-12-14T15:10:37.289Z
35,0x000a,1.9858,0x00000000,2025-12-14T15:10:37.289Z,2025-12-14T15:10:37.289Z
34,0x000a,0.000245539,0x00000000,2025-12-14T15:10:37.289Z,2025-12-14T15:10:37.289Z
26,0x000a,10,0x00000000,2025-12-14T15:10:37.289Z,2025-12-14T15:10:37.289Z
25,0x000a,7.22982,0x00000000,2025-12-14T15:10:37.289Z,2025-12-14T15:10:37.289Z
23,0x000a,2.76537,0x00000000,2025-12-14T15:10:37.289Z,2025-12-14T15:10:37.289Z
22,0x000a,1.9858,0x00000000,2025-12-14T15:10:37.289Z,2025-12-14T15:10:37.289Z
21,0x000a,0.000245539,0x00000000,2025-12-14T15:10:37.289Z,2025-12-14T15:10:37.289Z
8,0x0004,27648,0x00000000,2025-12-14T15:10:37.289Z,2025-12-14T15:10:37.289Z
7,0x0004,19989,0x00000000,2025-12-14T15:10:37.289Z,2025-12-14T15:10:37.289Z
39,0x000a,0,0x00000000,2025-12-14T15:10:37.390Z,2025-12-14T15:10:37.390Z
38,0x000a,1.59867,0x00000000,2025-12-14T15:10:37.390Z,2025-12-14T15:10:37.390Z
36,0x000a,1.43332,0x00000000,2025-12-14T15:10:37.390Z,2025-12-14T15:10:37.390Z
35,0x000a,1.7434,0x00000000,2025-12-14T15:10:37.390Z,2025-12-14T15:10:37.390Z
34,0x000a,0.000122769,0x00000000,2025-12-14T15:10:37.390Z,2025-12-14T15:10:37.390Z
25,0x000a,7.38968,0x00000000,2025-12-14T15:10:37.390Z,2025-12-14T15:10:37.390Z
23,0x000a,1.43332,0x00000000,2025-12-14T15:10:37.390Z,2025-12-14T15:10:37.390Z
22,0x000a,1.7434,0x00000000,2025-12-14T15:10:37.390Z,2025-12-14T15:10:37.390Z
21,0x000a,0.000122769,0x00000000,2025-12-14T15:10:37.390Z,2025-12-14T15:10:37.390Z
7,0x0004,20431,0x00000000,2025-12-14T15:10:37.390Z,2025-12-14T15:10:37.390Z
38,0x000a,1.50101,0x00000000,2025-12-14T15:10:37.491Z,2025-12-14T15:10:37.491Z
36,0x000a,0.716659,0x00000000,2025-12-14T15:10:37.491Z,2025-12-14T15:10:37.491Z
35,0x000a,1.67104,0x00000000,2025-12-14T15:10:37.491Z,2025-12-14T15:10:37.491Z
34,0x000a,6.13847e-05,0x00000000,2025-12-14T15:10:37.491Z,2025-12-14T15:10:37.491Z
25,0x000a,7.53979,0x00000000,2025-12-14T15:10:37.491Z,2025-12-14T15:10:37.491Z
23,0x000a,0.716659,0x00000000,2025-12-14T15:10:37.491Z,2025-12-14T15:10:37.491Z
22,0x000a,1.67104,0x00000000,2025-12-14T15:10:37.491Z,2025-12-14T15:10:37.491Z
21,0x000a,6.13847e-05,0x00000000,2025-12-14T15:10:37.491Z,2025-12-14T15:10:37.491Z
7,0x0004,20846,0x00000000,2025-12-14T15:10:37.491Z,2025-12-14T15:10:37.491Z
42,0x0001,true,0x00000000,2025-12-14T15:10:37.592Z,2025-12-14T15:10:37.592Z
36,0x000a,0.358329,0x00000000,2025-12-14T15:10:37.592Z,2025-12-14T15:10:37.592Z
35,0x000a,1.58603,0x00000000,2025-12-14T15:10:37.592Z,2025-12-14T15:10:37.592Z
34,0x000a,3.06924e-05,0x00000000,2025-12-14T15:10:37.592Z,2025-12-14T15:10:37.592Z
25,0x000a,7.68989,0x00000000,2025-12-14T15:10:37.592Z,2025-12-14T15:10:37.592Z
23,0x000a,0.358329,0x00000000,2025-12-14T15:10:37.592Z,2025-12-14T15:10:37.592Z
22,0x000a,1.58603,0x00000000,2025-12-14T15:10:37.592Z,2025-12-14T15:10:37.592Z
21,0x000a,3.06924e-05,0x00000000,2025-12-14T15:10:37.592Z,2025-12-14T15:10:37.592Z
7,0x0004,21261,0x00000000,2025-12-14T15:10:37.592Z,2025-12-14T15:10:37.592Z
38,0x000a,1.89887,0x00000000,2025-12-14T15:10:37.691Z,2025-12-14T15:10:37.691Z
38,0x000a,1.50102,0x00000000,2025-12-14T15:10:37.791Z,2025-12-14T15:10:37.791Z
36,0x000a,0.179165,0x00000000,2025-12-14T15:10:37.691Z,2025-12-14T15:10:37.691Z
36,0x000a,0.0895824,0x00000000,2025-12-14T15:10:37.791Z,2025-12-14T15:10:37.791Z
35,0x000a,1.54352,0x00000000,2025-12-14T15:10:37.691Z,2025-12-14T15:10:37.691Z
35,0x000a,1.72119,0x00000000,2025-12-14T15:10:37.791Z,2025-12-14T15:10:37.791Z
34,0x000a,1.53462e-05,0x00000000,2025-12-14T15:10:37.691Z,2025-12-14T15:10:37.691Z
34,0x000a,7.67309e-06,0x00000000,2025-12-14T15:10:37.791Z,2025-12-14T15:10:37.791Z
25,0x000a,7.87977,0x00000000,2025-12-14T15:10:37.691Z,2025-12-14T15:10:37.691Z
25,0x000a,8.02988,0x00000000,2025-12-14T15:10:37.791Z,2025-12-14T15:10:37.791Z
23,0x000a,0.179165,0x00000000,2025-12-14T15:10:37.691Z,2025-12-14T15:10:37.691Z
23,0x000a,0.0895824,0x00000000,2025-12-14T15:10:37.791Z,2025-12-14T15:10:37.791Z
22,0x000a,1.54352,0x00000000,2025-12-14T15:10:37.691Z,2025-12-14T15:10:37.691Z
22,0x000a,1.72119,0x00000000,2025-12-14T15:10:37.791Z,2025-12-14T15:10:37.791Z
21,0x000a,1.53462e-05,0x00000000,2025-12-14T15:10:37.691Z,2025-12-14T15:10:37.691Z
21,0x000a,7.67309e-06,0x00000000,2025-12-14T15:10:37.791Z,2025-12-14T15:10:37.791Z
7,0x0004,21786,0x00000000,2025-12-14T15:10:37.691Z,2025-12-14T15:10:37.691Z
7,0x0004,22201,0x00000000,2025-12-14T15:10:37.791Z,2025-12-14T15:10:37.791Z
36,0x000a,0.0447912,0x00000000,2025-12-14T15:10:37.891Z,2025-12-14T15:10:37.891Z
35,0x000a,1.61111,0x00000000,2025-12-14T15:10:37.891Z,2025-12-14T15:10:37.891Z
34,0x000a,3.83655e-06,0x00000000,2025-12-14T15:10:37.891Z,2025-12-14T15:10:37.891Z
25,0x000a,8.18974,0x00000000,2025-12-14T15:10:37.891Z,2025-12-14T15:10:37.891Z
23,0x000a,0.0447912,0x00000000,2025-12-14T15:10:37.891Z,2025-12-14T15:10:37.891Z
22,0x000a,1.61111,0x00000000,2025-12-14T15:10:37.891Z,2025-12-14T15:10:37.891Z
21,0x000a,3.83655e-06,0x00000000,2025-12-14T15:10:37.891Z,2025-12-14T15:10:37.891Z
7,0x0004,22643,0x00000000,2025-12-14T15:10:37.891Z,2025-12-14T15:10:37.891Z
38,0x000a,1.59866,0x00000000,2025-12-14T15:10:37.990Z,2025-12-14T15:10:37.990Z
25,0x000a,8.33984,0x00000000,2025-12-14T15:10:37.990Z,2025-12-14T15:10:37.990Z
7,0x0004,23058,0x00000000,2025-12-14T15:10:37.990Z,2025-12-14T15:10:37.990Z
38,0x000a,1.50102,0x00000000,2025-12-14T15:10:38.092Z,2025-12-14T15:10:38.092Z
36,0x000a,0.0223956,0x00000000,2025-12-14T15:10:38.092Z,2025-12-14T15:10:38.092Z
35,0x000a,1.60488,0x00000000,2025-12-14T15:10:38.092Z,2025-12-14T15:10:38.092Z
34,0x000a,1.91827e-06,0x00000000,2025-12-14T15:10:38.092Z,2025-12-14T15:10:38.092Z
25,0x000a,8.48994,0x00000000,2025-12-14T15:10:38.092Z,2025-12-14T15:10:38.092Z
23,0x000a,0.0223956,0x00000000,2025-12-14T15:10:38.092Z,2025-12-14T15:10:38.092Z
22,0x000a,1.60488,0x00000000,2025-12-14T15:10:38.092Z,2025-12-14T15:10:38.092Z
21,0x000a,1.91827e-06,0x00000000,2025-12-14T15:10:38.092Z,2025-12-14T15:10:38.092Z
7,0x0004,23473,0x00000000,2025-12-14T15:10:38.092Z,2025-12-14T15:10:38.092Z
38,0x000a,3.39989,0x00000000,2025-12-14T15:10:38.190Z,2025-12-14T15:10:38.190Z
36,0x000a,0.0111978,0x00000000,2025-12-14T15:10:38.190Z,2025-12-14T15:10:38.190Z
35,0x000a,1.55295,0x00000000,2025-12-14T15:10:38.190Z,2025-12-14T15:10:38.190Z
34,0x000a,9.59137e-07,0x00000000,2025-12-14T15:10:38.190Z,2025-12-14T15:10:38.190Z
25,0x000a,8.67983,0x00000000,2025-12-14T15:10:38.190Z,2025-12-14T15:10:38.190Z
23,0x000a,0.0111978,0x00000000,2025-12-14T15:10:38.190Z,2025-12-14T15:10:38.190Z
22,0x000a,1.55295,0x00000000,2025-12-14T15:10:38.190Z,2025-12-14T15:10:38.190Z
21,0x000a,9.59137e-07,0x00000000,2025-12-14T15:10:38.190Z,2025-12-14T15:10:38.190Z
7,0x0004,23998,0x00000000,2025-12-14T15:10:38.190Z,2025-12-14T15:10:38.190Z
38,0x000a,1.50101,0x00000000,2025-12-14T15:10:38.290Z,2025-12-14T15:10:38.290Z
36,0x000a,0.0055989,0x00000000,2025-12-14T15:10:38.290Z,2025-12-14T15:10:38.290Z
35,0x000a,2.47642,0x00000000,2025-12-14T15:10:38.290Z,2025-12-14T15:10:38.290Z
34,0x000a,4.79568e-07,0x00000000,2025-12-14T15:10:38.290Z,2025-12-14T15:10:38.290Z
25,0x000a,8.82993,0x00000000,2025-12-14T15:10:38.290Z,2025-12-14T15:10:38.290Z
23,0x000a,0.0055989,0x00000000,2025-12-14T15:10:38.290Z,2025-12-14T15:10:38.290Z
22,0x000a,2.47642,0x00000000,2025-12-14T15:10:38.290Z,2025-12-14T15:10:38.290Z
21,0x000a,4.79568e-07,0x00000000,2025-12-14T15:10:38.290Z,2025-12-14T15:10:38.290Z
15,0x0001,false,0x00000000,2025-12-14T15:10:38.290Z,2025-12-14T15:10:38.290Z
7,0x0004,24413,0x00000000,2025-12-14T15:10:38.290Z,2025-12-14T15:10:38.290Z
38,0x000a,1.49739,0x00000000,2025-12-14T15:10:38.390Z,2025-12-14T15:10:38.390Z
36,0x000a,0.00279945,0x00000000,2025-12-14T15:10:38.390Z,2025-12-14T15:10:38.390Z
35,0x000a,1.98871,0x00000000,2025-12-14T15:10:38.390Z,2025-12-14T15:10:38.390Z
34,0x000a,2.39784e-07,0x00000000,2025-12-14T15:10:38.390Z,2025-12-14T15:10:38.390Z
25,0x000a,8.97967,0x00000000,2025-12-14T15:10:38.390Z,2025-12-14T15:10:38.390Z
23,0x000a,0.00279945,0x00000000,2025-12-14T15:10:38.390Z,2025-12-14T15:10:38.390Z
22,0x000a,1.98871,0x00000000,2025-12-14T15:10:38.390Z,2025-12-14T15:10:38.390Z
21,0x000a,2.39784e-07,0x00000000,2025-12-14T15:10:38.390Z,2025-12-14T15:10:38.390Z
7,0x0004,24827,0x00000000,2025-12-14T15:10:38.390Z,2025-12-14T15:10:38.390Z
38,0x000a,0.600405,0x00000000,2025-12-14T15:10:38.490Z,2025-12-14T15:10:38.490Z
36,0x000a,0.00139972,0x00000000,2025-12-14T15:10:38.490Z,2025-12-14T15:10:38.490Z
35,0x000a,1.74305,0x00000000,2025-12-14T15:10:38.490Z,2025-12-14T15:10:38.490Z
34,0x000a,1.19892e-07,0x00000000,2025-12-14T15:10:38.490Z,2025-12-14T15:10:38.490Z
25,0x000a,9.03971,0x00000000,2025-12-14T15:10:38.490Z,2025-12-14T15:10:38.490Z
23,0x000a,0.00139972,0x00000000,2025-12-14T15:10:38.490Z,2025-12-14T15:10:38.490Z
22,0x000a,1.74305,0x00000000,2025-12-14T15:10:38.490Z,2025-12-14T15:10:38.490Z
21,0x000a,1.19892e-07,0x00000000,2025-12-14T15:10:38.490Z,2025-12-14T15:10:38.490Z
7,0x0004,24993,0x00000000,2025-12-14T15:10:38.490Z,2025-12-14T15:10:38.490Z
38,0x000a,0,0x00000000,2025-12-14T15:10:38.592Z,2025-12-14T15:10:38.592Z
36,0x000a,0.000699862,0x00000000,2025-12-14T15:10:38.592Z,2025-12-14T15:10:38.592Z
35,0x000a,1.17173,0x00000000,2025-12-14T15:10:38.592Z,2025-12-14T15:10:38.592Z
34,0x000a,5.9946e-08,0x00000000,2025-12-14T15:10:38.592Z,2025-12-14T15:10:38.592Z
23,0x000a,0.000699862,0x00000000,2025-12-14T15:10:38.592Z,2025-12-14T15:10:38.592Z
22,0x000a,1.17173,0x00000000,2025-12-14T15:10:38.592Z,2025-12-14T15:10:38.592Z
21,0x000a,5.9946e-08,0x00000000,2025-12-14T15:10:38.592Z,2025-12-14T15:10:38.592Z
36,0x000a,0.000349931,0x00000000,2025-12-14T15:10:38.691Z,2025-12-14T15:10:38.691Z
35,0x000a,0.585864,0x00000000,2025-12-14T15:10:38.691Z,2025-12-14T15:10:38.691Z
34,0x000a,2.9973e-08,0x00000000,2025-12-14T15:10:38.691Z,2025-12-14T15:10:38.691Z
23,0x000a,0.000349931,0x00000000,2025-12-14T15:10:38.691Z,2025-12-14T15:10:38.691Z
22,0x000a,0.585864,0x00000000,2025-12-14T15:10:38.691Z,2025-12-14T15:10:38.691Z
21,0x000a,2.9973e-08,0x00000000,2025-12-14T15:10:38.691Z,2025-12-14T15:10:38.691Z
42,0x0001,false,0x00000000,2025-12-14T15:10:38.791Z,2025-12-14T15:10:38.791Z
40,0x0001,false,0x00000000,2025-12-14T15:10:38.791Z,2025-12-14T15:10:38.791Z
18,0x0001,true,0x00000000,2025-12-14T15:10:38.791Z,2025-12-14T15:10:38.791Z
16,0x0001,true,0x00000000,2025-12-14T15:10:38.791Z,2025-12-14T15:10:38.791Z
14,0x0001,true,0x00000000,2025-12-14T15:10:38.791Z,2025-12-14T15:10:38.791Z
4,0x000a,5,0x00000000,2025-12-14T15:10:38.791Z,2025-12-14T15:10:38.791Z
3,0x000a,5,0x00000000,2025-12-14T15:10:38.791Z,2025-12-14T15:10:38.791Z
2,0x000a,5,0x00000000,2025-12-14T15:10:38.791Z,2025-12-14T15:10:38.791Z
36,0x000a,0.000174966,0x00000000,2025-12-14T15:10:38.892Z,2025-12-14T15:10:38.892Z
35,0x000a,0.292932,0x00000000,2025-12-14T15:10:38.892Z,2025-12-14T15:10:38.892Z
34,0x000a,1.49865e-08,0x00000000,2025-12-14T15:10:38.892Z,2025-12-14T15:10:38.892Z
23,0x000a,0.000174966,0x00000000,2025-12-14T15:10:38.892Z,2025-12-14T15:10:38.892Z
22,0x000a,0.292932,0x00000000,2025-12-14T15:10:38.892Z,2025-12-14T15:10:38.892Z
21,0x000a,1.49865e-08,0x00000000,2025-12-14T15:10:38.892Z,2025-12-14T15:10:38.892Z
36,0x000a,8.74828e-05,0x00000000,2025-12-14T15:10:38.990Z,2025-12-14T15:10:38.990Z
35,0x000a,0.146466,0x00000000,2025-12-14T15:10:38.990Z,2025-12-14T15:10:38.990Z
34,0x000a,7.49325e-09,0x00000000,2025-12-14T15:10:38.990Z,2025-12-14T15:10:38.990Z
26,0x000a,9.95985,0x00000000,2025-12-14T15:10:38.990Z,2025-12-14T15:10:38.990Z
25,0x000a,8.94965,0x00000000,2025-12-14T15:10:38.990Z,2025-12-14T15:10:38.990Z
24,0x000a,8.10981,0x00000000,2025-12-14T15:10:38.990Z,2025-12-14T15:10:38.990Z
23,0x000a,8.74828e-05,0x00000000,2025-12-14T15:10:38.990Z,2025-12-14T15:10:38.990Z
22,0x000a,0.146466,0x00000000,2025-12-14T15:10:38.990Z,2025-12-14T15:10:38.990Z
21,0x000a,7.49325e-09,0x00000000,2025-12-14T15:10:38.990Z,2025-12-14T15:10:38.990Z
8,0x0004,27537,0x00000000,2025-12-14T15:10:38.990Z,2025-12-14T15:10:38.990Z
7,0x0004,24744,0x00000000,2025-12-14T15:10:38.990Z,2025-12-14T15:10:38.990Z
6,0x0004,22422,0x00000000,2025-12-14T15:10:38.990Z,2025-12-14T15:10:38.990Z
39,0x000a,-0.401478,0x00000000,2025-12-14T15:10:39.091Z,2025-12-14T15:10:39.091Z
38,0x000a,-0.900602,0x00000000,2025-12-14T15:10:39.091Z,2025-12-14T15:10:39.091Z
37,0x000a,-1.69994,0x00000000,2025-12-14T15:10:39.091Z,2025-12-14T15:10:39.091Z
36,0x000a,4.37414e-05,0x00000000,2025-12-14T15:10:39.091Z,2025-12-14T15:10:39.091Z
35,0x000a,0.073233,0x00000000,2025-12-14T15:10:39.091Z,2025-12-14T15:10:39.091Z
34,0x000a,3.74663e-09,0x00000000,2025-12-14T15:10:39.091Z,2025-12-14T15:10:39.091Z
26,0x000a,9.74971,0x00000000,2025-12-14T15:10:39.091Z,2025-12-14T15:10:39.091Z
25,0x000a,8.79991,0x00000000,2025-12-14T15:10:39.091Z,2025-12-14T15:10:39.091Z
24,0x000a,7.83999,0x00000000,2025-12-14T15:10:39.091Z,2025-12-14T15:10:39.091Z
23,0x000a,4.37414e-05,0x00000000,2025-12-14T15:10:39.091Z,2025-12-14T15:10:39.091Z
22,0x000a,0.073233,0x00000000,2025-12-14T15:10:39.091Z,2025-12-14T15:10:39.091Z
21,0x000a,3.74663e-09,0x00000000,2025-12-14T15:10:39.091Z,2025-12-14T15:10:39.091Z
8,0x0004,26956,0x00000000,2025-12-14T15:10:39.091Z,2025-12-14T15:10:39.091Z
7,0x0004,24330,0x00000000,2025-12-14T15:10:39.091Z,2025-12-14T15:10:39.091Z
6,0x0004,21676,0x00000000,2025-12-14T15:10:39.091Z,2025-12-14T15:10:39.091Z
39,0x000a,-2.10142,0x00000000,2025-12-14T15:10:39.192Z,2025-12-14T15:10:39.192Z
38,0x000a,-1.49739,0x00000000,2025-12-14T15:10:39.192Z,2025-12-14T15:10:39.192Z
37,0x000a,-2.69821,0x00000000,2025-12-14T15:10:39.192Z,2025-12-14T15:10:39.192Z
36,0x000a,-0.200717,0x00000000,2025-12-14T15:10:39.192Z,2025-12-14T15:10:39.192Z
35,0x000a,-0.413685,0x00000000,2025-12-14T15:10:39.192Z,2025-12-14T15:10:39.192Z
34,0x000a,-0.849972,0x00000000,2025-12-14T15:10:39.192Z,2025-12-14T15:10:39.192Z
26,0x000a,9.5298,0x00000000,2025-12-14T15:10:39.192Z,2025-12-14T15:10:39.192Z
25,0x000a,8.64981,0x00000000,2025-12-14T15:10:39.192Z,2025-12-14T15:10:39.192Z
24,0x000a,7.55968,0x00000000,2025-12-14T15:10:39.192Z,2025-12-14T15:10:39.192Z
23,0x000a,-0.200717,0x00000000,2025-12-14T15:10:39.192Z,2025-12-14T15:10:39.192Z
22,0x000a,-0.413685,0x00000000,2025-12-14T15:10:39.192Z,2025-12-14T15:10:39.192Z
21,0x000a,-0.849972,0x00000000,2025-12-14T15:10:39.192Z,2025-12-14T15:10:39.192Z
8,0x0004,26348,0x00000000,2025-12-14T15:10:39.192Z,2025-12-14T15:10:39.192Z
7,0x0004,23915,0x00000000,2025-12-14T15:10:39.192Z,2025-12-14T15:10:39.192Z
6,0x0004,20901,0x00000000,2025-12-14T15:10:39.192Z,2025-12-14T15:10:39.192Z
39,0x000a,-4.69834,0x00000000,2025-12-14T15:10:39.290Z,2025-12-14T15:10:39.290Z
38,0x000a,-3.39989,0x00000000,2025-12-14T15:10:39.290Z,2025-12-14T15:10:39.290Z
37,0x000a,-6.10171,0x00000000,2025-12-14T15:10:39.290Z,2025-12-14T15:10:39.290Z
36,0x000a,-1.15107,0x00000000,2025-12-14T15:10:39.290Z,2025-12-14T15:10:39.290Z
35,0x000a,-0.955539,0x00000000,2025-12-14T15:10:39.290Z,2025-12-14T15:10:39.290Z
34,0x000a,-1.77409,0x00000000,2025-12-14T15:10:39.290Z,2025-12-14T15:10:39.290Z
26,0x000a,9.27988,0x00000000,2025-12-14T15:10:39.290Z,2025-12-14T15:10:39.290Z
25,0x000a,8.45992,0x00000000,2025-12-14T15:10:39.290Z,2025-12-14T15:10:39.290Z
24,0x000a,7.22982,0x00000000,2025-12-14T15:10:39.290Z,2025-12-14T15:10:39.290Z
23,0x000a,-1.15107,0x00000000,2025-12-14T15:10:39.290Z,2025-12-14T15:10:39.290Z
22,0x000a,-0.955539,0x00000000,2025-12-14T15:10:39.290Z,2025-12-14T15:10:39.290Z
21,0x000a,-1.77409,0x00000000,2025-12-14T15:10:39.290Z,2025-12-14T15:10:39.290Z
8,0x0004,25657,0x00000000,2025-12-14T15:10:39.290Z,2025-12-14T15:10:39.290Z
7,0x0004,23390,0x00000000,2025-12-14T15:10:39.290Z,2025-12-14T15:10:39.290Z
6,0x0004,19989,0x00000000,2025-12-14T15:10:39.290Z,2025-12-14T15:10:39.290Z
39,0x000a,-2.19908,0x00000000,2025-12-14T15:10:39.392Z,2025-12-14T15:10:39.392Z
38,0x000a,-1.50102,0x00000000,2025-12-14T15:10:39.392Z,2025-12-14T15:10:39.392Z
37,0x000a,-2.79948,0x00000000,2025-12-14T15:10:39.392Z,2025-12-14T15:10:39.392Z
36,0x000a,-2.92471,0x00000000,2025-12-14T15:10:39.392Z,2025-12-14T15:10:39.392Z
35,0x000a,-2.17771,0x00000000,2025-12-14T15:10:39.392Z,2025-12-14T15:10:39.392Z
34,0x000a,-3.9379,0x00000000,2025-12-14T15:10:39.392Z,2025-12-14T15:10:39.392Z
26,0x000a,9.05997,0x00000000,2025-12-14T15:10:39.392Z,2025-12-14T15:10:39.392Z
25,0x000a,8.30982,0x00000000,2025-12-14T15:10:39.392Z,2025-12-14T15:10:39.392Z
24,0x000a,6.94987,0x00000000,2025-12-14T15:10:39.392Z,2025-12-14T15:10:39.392Z
23,0x000a,-2.92471,0x00000000,2025-12-14T15:10:39.392Z,2025-12-14T15:10:39.392Z
22,0x000a,-2.17771,0x00000000,2025-12-14T15:10:39.392Z,2025-12-14T15:10:39.392Z
21,0x000a,-3.9379,0x00000000,2025-12-14T15:10:39.392Z,2025-12-14T15:10:39.392Z
8,0x0004,25049,0x00000000,2025-12-14T15:10:39.392Z,2025-12-14T15:10:39.392Z
7,0x0004,22975,0x00000000,2025-12-14T15:10:39.392Z,2025-12-14T15:10:39.392Z
6,0x0004,19215,0x00000000,2025-12-14T15:10:39.392Z,2025-12-14T15:10:39.392Z
36,0x000a,-2.56189,0x00000000,2025-12-14T15:10:39.491Z,2025-12-14T15:10:39.491Z
35,0x000a,-1.83936,0x00000000,2025-12-14T15:10:39.491Z,2025-12-14T15:10:39.491Z
34,0x000a,-3.36869,0x00000000,2025-12-14T15:10:39.491Z,2025-12-14T15:10:39.491Z
26,0x000a,8.84983,0x00000000,2025-12-14T15:10:39.491Z,2025-12-14T15:10:39.491Z
25,0x000a,8.14996,0x00000000,2025-12-14T15:10:39.491Z,2025-12-14T15:10:39.491Z
24,0x000a,6.67969,0x00000000,2025-12-14T15:10:39.491Z,2025-12-14T15:10:39.491Z
23,0x000a,-2.56189,0x00000000,2025-12-14T15:10:39.491Z,2025-12-14T15:10:39.491Z
22,0x000a,-1.83936,0x00000000,2025-12-14T15:10:39.491Z,2025-12-14T15:10:39.491Z
21,0x000a,-3.36869,0x00000000,2025-12-14T15:10:39.491Z,2025-12-14T15:10:39.491Z
8,0x0004,24468,0x00000000,2025-12-14T15:10:39.491Z,2025-12-14T15:10:39.491Z
7,0x0004,22533,0x00000000,2025-12-14T15:10:39.491Z,2025-12-14T15:10:39.491Z
6,0x0004,18468,0x00000000,2025-12-14T15:10:39.491Z,2025-12-14T15:10:39.491Z
39,0x000a,-2.10142,0x00000000,2025-12-14T15:10:39.590Z,2025-12-14T15:10:39.590Z
39,0x000a,-2.10141,0x00000000,2025-12-14T15:10:39.692Z,2025-12-14T15:10:39.692Z
38,0x000a,-1.59866,0x00000000,2025-12-14T15:10:39.590Z,2025-12-14T15:10:39.590Z
38,0x000a,-1.50102,0x00000000,2025-12-14T15:10:39.692Z,2025-12-14T15:10:39.692Z
37,0x000a,-2.70182,0x00000000,2025-12-14T15:10:39.590Z,2025-12-14T15:10:39.590Z
37,0x000a,-2.79948,0x00000000,2025-12-14T15:10:39.692Z,2025-12-14T15:10:39.692Z
36,0x000a,-2.33166,0x00000000,2025-12-14T15:10:39.692Z,2025-12-14T15:10:39.692Z
35,0x000a,-1.71901,0x00000000,2025-12-14T15:10:39.692Z,2025-12-14T15:10:39.692Z
34,0x000a,-3.03525,0x00000000,2025-12-14T15:10:39.692Z,2025-12-14T15:10:39.692Z
26,0x000a,8.63968,0x00000000,2025-12-14T15:10:39.590Z,2025-12-14T15:10:39.590Z
26,0x000a,8.4299,0x00000000,2025-12-14T15:10:39.692Z,2025-12-14T15:10:39.692Z
25,0x000a,7.99986,0x00000000,2025-12-14T15:10:39.590Z,2025-12-14T15:10:39.590Z
25,0x000a,7.84975,0x00000000,2025-12-14T15:10:39.692Z,2025-12-14T15:10:39.692Z
24,0x000a,6.39974,0x00000000,2025-12-14T15:10:39.590Z,2025-12-14T15:10:39.590Z
24,0x000a,6.12992,0x00000000,2025-12-14T15:10:39.692Z,2025-12-14T15:10:39.692Z
23,0x000a,-2.33166,0x00000000,2025-12-14T15:10:39.692Z,2025-12-14T15:10:39.692Z
22,0x000a,-1.71901,0x00000000,2025-12-14T15:10:39.692Z,2025-12-14T15:10:39.692Z
21,0x000a,-3.03525,0x00000000,2025-12-14T15:10:39.692Z,2025-12-14T15:10:39.692Z
8,0x0004,23887,0x00000000,2025-12-14T15:10:39.590Z,2025-12-14T15:10:39.590Z
8,0x0004,23307,0x00000000,2025-12-14T15:10:39.692Z,2025-12-14T15:10:39.692Z
7,0x0004,22118,0x00000000,2025-12-14T15:10:39.590Z,2025-12-14T15:10:39.590Z
7,0x0004,21703,0x00000000,2025-12-14T15:10:39.692Z,2025-12-14T15:10:39.692Z
6,0x0004,17694,0x00000000,2025-12-14T15:10:39.590Z,2025-12-14T15:10:39.590Z
6,0x0004,16948,0x00000000,2025-12-14T15:10:39.692Z,2025-12-14T15:10:39.692Z
39,0x000a,-2.09781,0x00000000,2025-12-14T15:10:39.790Z,2025-12-14T15:10:39.790Z
38,0x000a,-1.50101,0x00000000,2025-12-14T15:10:39.790Z,2025-12-14T15:10:39.790Z
37,0x000a,-2.6982,0x00000000,2025-12-14T15:10:39.790Z,2025-12-14T15:10:39.790Z
36,0x000a,-2.21653,0x00000000,2025-12-14T15:10:39.790Z,2025-12-14T15:10:39.790Z
35,0x000a,-1.61002,0x00000000,2025-12-14T15:10:39.790Z,2025-12-14T15:10:39.790Z
34,0x000a,-2.91737,0x00000000,2025-12-14T15:10:39.790Z,2025-12-14T15:10:39.790Z
26,0x000a,8.16985,0x00000000,2025-12-14T15:10:39.790Z,2025-12-14T15:10:39.790Z
25,0x000a,7.65987,0x00000000,2025-12-14T15:10:39.790Z,2025-12-14T15:10:39.790Z
24,0x000a,5.7997,0x00000000,2025-12-14T15:10:39.790Z,2025-12-14T15:10:39.790Z
23,0x000a,-2.21653,0x00000000,2025-12-14T15:10:39.790Z,2025-12-14T15:10:39.790Z
22,0x000a,-1.61002,0x00000000,2025-12-14T15:10:39.790Z,2025-12-14T15:10:39.790Z
21,0x000a,-2.91737,0x00000000,2025-12-14T15:10:39.790Z,2025-12-14T15:10:39.790Z
8,0x0004,22588,0x00000000,2025-12-14T15:10:39.790Z,2025-12-14T15:10:39.790Z
7,0x0004,21178,0x00000000,2025-12-14T15:10:39.790Z,2025-12-14T15:10:39.790Z
6,0x0004,16035,0x00000000,2025-12-14T15:10:39.790Z,2025-12-14T15:10:39.790Z
39,0x000a,-2.60055,0x00000000,2025-12-14T15:10:39.890Z,2025-12-14T15:10:39.890Z
38,0x000a,-1.89887,0x00000000,2025-12-14T15:10:39.890Z,2025-12-14T15:10:39.890Z
37,0x000a,-3.30223,0x00000000,2025-12-14T15:10:39.890Z,2025-12-14T15:10:39.890Z
36,0x000a,-2.15717,0x00000000,2025-12-14T15:10:39.890Z,2025-12-14T15:10:39.890Z
35,0x000a,-1.55551,0x00000000,2025-12-14T15:10:39.890Z,2025-12-14T15:10:39.890Z
34,0x000a,-2.80779,0x00000000,2025-12-14T15:10:39.890Z,2025-12-14T15:10:39.890Z
26,0x000a,7.95971,0x00000000,2025-12-14T15:10:39.890Z,2025-12-14T15:10:39.890Z
25,0x000a,7.50977,0x00000000,2025-12-14T15:10:39.890Z,2025-12-14T15:10:39.890Z
24,0x000a,5.51975,0x00000000,2025-12-14T15:10:39.890Z,2025-12-14T15:10:39.890Z
23,0x000a,-2.15717,0x00000000,2025-12-14T15:10:39.890Z,2025-12-14T15:10:39.890Z
22,0x000a,-1.55551,0x00000000,2025-12-14T15:10:39.890Z,2025-12-14T15:10:39.890Z
21,0x000a,-2.80779,0x00000000,2025-12-14T15:10:39.890Z,2025-12-14T15:10:39.890Z
8,0x0004,22007,0x00000000,2025-12-14T15:10:39.890Z,2025-12-14T15:10:39.890Z
7,0x0004,20763,0x00000000,2025-12-14T15:10:39.890Z,2025-12-14T15:10:39.890Z
6,0x0004,15261,0x00000000,2025-12-14T15:10:39.890Z,2025-12-14T15:10:39.890Z
39,0x000a,-2.10142,0x00000000,2025-12-14T15:10:39.991Z,2025-12-14T15:10:39.991Z
38,0x000a,-1.50101,0x00000000,2025-12-14T15:10:39.991Z,2025-12-14T15:10:39.991Z
37,0x000a,-2.79948,0x00000000,2025-12-14T15:10:39.991Z,2025-12-14T15:10:39.991Z
36,0x000a,-2.37886,0x00000000,2025-12-14T15:10:39.991Z,2025-12-14T15:10:39.991Z
35,0x000a,-1.72719,0x00000000,2025-12-14T15:10:39.991Z,2025-12-14T15:10:39.991Z
34,0x000a,-3.05501,0x00000000,2025-12-14T15:10:39.991Z,2025-12-14T15:10:39.991Z
26,0x000a,7.7398,0x00000000,2025-12-14T15:10:39.991Z,2025-12-14T15:10:39.991Z
25,0x000a,7.35966,0x00000000,2025-12-14T15:10:39.991Z,2025-12-14T15:10:39.991Z
24,0x000a,5.2398,0x00000000,2025-12-14T15:10:39.991Z,2025-12-14T15:10:39.991Z
23,0x000a,-2.37886,0x00000000,2025-12-14T15:10:39.991Z,2025-12-14T15:10:39.991Z
22,0x000a,-1.72719,0x00000000,2025-12-14T15:10:39.991Z,2025-12-14T15:10:39.991Z
21,0x000a,-3.05501,0x00000000,2025-12-14T15:10:39.991Z,2025-12-14T15:10:39.991Z
14,0x0001,false,0x00000000,2025-12-14T15:10:39.991Z,2025-12-14T15:10:39.991Z
8,0x0004,21399,0x00000000,2025-12-14T15:10:39.991Z,2025-12-14T15:10:39.991Z
7,0x0004,20348,0x00000000,2025-12-14T15:10:39.991Z,2025-12-14T15:10:39.991Z
6,0x0004,14487,0x00000000,2025-12-14T15:10:39.991Z,2025-12-14T15:10:39.991Z
39,0x000a,-2.19908,0x00000000,2025-12-14T15:10:40.091Z,2025-12-14T15:10:40.091Z
36,0x000a,-2.24014,0x00000000,2025-12-14T15:10:40.091Z,2025-12-14T15:10:40.091Z
35,0x000a,-1.6141,0x00000000,2025-12-14T15:10:40.091Z,2025-12-14T15:10:40.091Z
34,0x000a,-2.92724,0x00000000,2025-12-14T15:10:40.091Z,2025-12-14T15:10:40.091Z
28,0x0004,27000,0x00000000,2025-12-14T15:10:40.091Z,2025-12-14T15:10:40.091Z
26,0x000a,7.52966,0x00000000,2025-12-14T15:10:40.091Z,2025-12-14T15:10:40.091Z
25,0x000a,7.1998,0x00000000,2025-12-14T15:10:40.091Z,2025-12-14T15:10:40.091Z
24,0x000a,4.96998,0x00000000,2025-12-14T15:10:40.091Z,2025-12-14T15:10:40.091Z
23,0x000a,-2.24014,0x00000000,2025-12-14T15:10:40.091Z,2025-12-14T15:10:40.091Z
22,0x000a,-1.6141,0x00000000,2025-12-14T15:10:40.091Z,2025-12-14T15:10:40.091Z
21,0x000a,-2.92724,0x00000000,2025-12-14T15:10:40.091Z,2025-12-14T15:10:40.091Z
8,0x0004,20818,0x00000000,2025-12-14T15:10:40.091Z,2025-12-14T15:10:40.091Z
7,0x0004,19906,0x00000000,2025-12-14T15:10:40.091Z,2025-12-14T15:10:40.091Z
6,0x0004,13741,0x00000000,2025-12-14T15:10:40.091Z,2025-12-14T15:10:40.091Z
39,0x000a,-2.10142,0x00000000,2025-12-14T15:10:40.192Z,2025-12-14T15:10:40.192Z
38,0x000a,-1.59867,0x00000000,2025-12-14T15:10:40.192Z,2025-12-14T15:10:40.192Z
37,0x000a,-2.69821,0x00000000,2025-12-14T15:10:40.192Z,2025-12-14T15:10:40.192Z
36,0x000a,-2.21961,0x00000000,2025-12-14T15:10:40.192Z,2025-12-14T15:10:40.192Z
35,0x000a,-1.55756,0x00000000,2025-12-14T15:10:40.192Z,2025-12-14T15:10:40.192Z
34,0x000a,-2.86336,0x00000000,2025-12-14T15:10:40.192Z,2025-12-14T15:10:40.192Z
23,0x000a,-2.21961,0x00000000,2025-12-14T15:10:40.192Z,2025-12-14T15:10:40.192Z
22,0x000a,-1.55756,0x00000000,2025-12-14T15:10:40.192Z,2025-12-14T15:10:40.192Z
21,0x000a,-2.86336,0x00000000,2025-12-14T15:10:40.192Z,2025-12-14T15:10:40.192Z
8,0x0004,20238,0x00000000,2025-12-14T15:10:40.192Z,2025-12-14T15:10:40.192Z
7,0x0004,19491,0x00000000,2025-12-14T15:10:40.192Z,2025-12-14T15:10:40.192Z
6,0x0004,13436,0x00000000,2025-12-14T15:10:40.192Z,2025-12-14T15:10:40.192Z
39,0x000a,-2.0978,0x00000000,2025-12-14T15:10:40.292Z,2025-12-14T15:10:40.292Z
38,0x000a,-1.50101,0x00000000,2025-12-14T15:10:40.292Z,2025-12-14T15:10:40.292Z
37,0x000a,-1.10315,0x00000000,2025-12-14T15:10:40.292Z,2025-12-14T15:10:40.292Z
36,0x000a,-2.16051,0x00000000,2025-12-14T15:10:40.292Z,2025-12-14T15:10:40.292Z
35,0x000a,-1.57811,0x00000000,2025-12-14T15:10:40.292Z,2025-12-14T15:10:40.292Z
34,0x000a,-2.78078,0x00000000,2025-12-14T15:10:40.292Z,2025-12-14T15:10:40.292Z
28,0x0004,0,0x00000000,2025-12-14T15:10:40.292Z,2025-12-14T15:10:40.292Z
26,0x000a,7.31988,0x00000000,2025-12-14T15:10:40.292Z,2025-12-14T15:10:40.292Z
25,0x000a,7.0497,0x00000000,2025-12-14T15:10:40.292Z,2025-12-14T15:10:40.292Z
24,0x000a,4.85966,0x00000000,2025-12-14T15:10:40.292Z,2025-12-14T15:10:40.292Z
23,0x000a,-2.16051,0x00000000,2025-12-14T15:10:40.292Z,2025-12-14T15:10:40.292Z
22,0x000a,-1.57811,0x00000000,2025-12-14T15:10:40.292Z,2025-12-14T15:10:40.292Z
21,0x000a,-2.78078,0x00000000,2025-12-14T15:10:40.292Z,2025-12-14T15:10:40.292Z
36,0x000a,-2.12915,0x00000000,2025-12-14T15:10:40.390Z,2025-12-14T15:10:40.390Z
35,0x000a,-1.53956,0x00000000,2025-12-14T15:10:40.390Z,2025-12-14T15:10:40.390Z
34,0x000a,-1.94197,0x00000000,2025-12-14T15:10:40.390Z,2025-12-14T15:10:40.390Z
26,0x000a,7.09997,0x00000000,2025-12-14T15:10:40.390Z,2025-12-14T15:10:40.390Z
25,0x000a,6.89996,0x00000000,2025-12-14T15:10:40.390Z,2025-12-14T15:10:40.390Z
23,0x000a,-2.12915,0x00000000,2025-12-14T15:10:40.390Z,2025-12-14T15:10:40.390Z
22,0x000a,-1.53956,0x00000000,2025-12-14T15:10:40.390Z,2025-12-14T15:10:40.390Z
21,0x000a,-1.94197,0x00000000,2025-12-14T15:10:40.390Z,2025-12-14T15:10:40.390Z
8,0x0004,19630,0x00000000,2025-12-14T15:10:40.390Z,2025-12-14T15:10:40.390Z
7,0x0004,19077,0x00000000,2025-12-14T15:10:40.390Z,2025-12-14T15:10:40.390Z
39,0x000a,-4.70197,0x00000000,2025-12-14T15:10:40.491Z,2025-12-14T15:10:40.491Z
38,0x000a,-3.39988,0x00000000,2025-12-14T15:10:40.491Z,2025-12-14T15:10:40.491Z
37,0x000a,0,0x00000000,2025-12-14T15:10:40.491Z,2025-12-14T15:10:40.491Z
26,0x000a,6.84968,0x00000000,2025-12-14T15:10:40.491Z,2025-12-14T15:10:40.491Z
25,0x000a,6.70971,0x00000000,2025-12-14T15:10:40.491Z,2025-12-14T15:10:40.491Z
8,0x0004,18938,0x00000000,2025-12-14T15:10:40.491Z,2025-12-14T15:10:40.491Z
7,0x0004,18551,0x00000000,2025-12-14T15:10:40.491Z,2025-12-14T15:10:40.491Z
40,0x0001,true,0x00000000,2025-12-14T15:10:40.592Z,2025-12-14T15:10:40.592Z
39,0x000a,-2.19907,0x00000000,2025-12-14T15:10:40.592Z,2025-12-14T15:10:40.592Z
38,0x000a,-1.4974,0x00000000,2025-12-14T15:10:40.592Z,2025-12-14T15:10:40.592Z
36,0x000a,-3.41556,0x00000000,2025-12-14T15:10:40.592Z,2025-12-14T15:10:40.592Z
35,0x000a,-2.46972,0x00000000,2025-12-14T15:10:40.592Z,2025-12-14T15:10:40.592Z
34,0x000a,-0.970984,0x00000000,2025-12-14T15:10:40.592Z,2025-12-14T15:10:40.592Z
26,0x000a,6.62977,0x00000000,2025-12-14T15:10:40.592Z,2025-12-14T15:10:40.592Z
25,0x000a,6.55997,0x00000000,2025-12-14T15:10:40.592Z,2025-12-14T15:10:40.592Z
23,0x000a,-3.41556,0x00000000,2025-12-14T15:10:40.592Z,2025-12-14T15:10:40.592Z
22,0x000a,-2.46972,0x00000000,2025-12-14T15:10:40.592Z,2025-12-14T15:10:40.592Z
21,0x000a,-0.970984,0x00000000,2025-12-14T15:10:40.592Z,2025-12-14T15:10:40.592Z
8,0x0004,18330,0x00000000,2025-12-14T15:10:40.592Z,2025-12-14T15:10:40.592Z
7,0x0004,18137,0x00000000,2025-12-14T15:10:40.592Z,2025-12-14T15:10:40.592Z
39,0x000a,-2.0978,0x00000000,2025-12-14T15:10:40.691Z,2025-12-14T15:10:40.691Z
38,0x000a,-1.50101,0x00000000,2025-12-14T15:10:40.691Z,2025-12-14T15:10:40.691Z
36,0x000a,-2.80732,0x00000000,2025-12-14T15:10:40.691Z,2025-12-14T15:10:40.691Z
35,0x000a,-1.98356,0x00000000,2025-12-14T15:10:40.691Z,2025-12-14T15:10:40.691Z
34,0x000a,-0.485492,0x00000000,2025-12-14T15:10:40.691Z,2025-12-14T15:10:40.691Z
26,0x000a,6.41999,0x00000000,2025-12-14T15:10:40.691Z,2025-12-14T15:10:40.691Z
25,0x000a,6.40987,0x00000000,2025-12-14T15:10:40.691Z,2025-12-14T15:10:40.691Z
23,0x000a,-2.80732,0x00000000,2025-12-14T15:10:40.691Z,2025-12-14T15:10:40.691Z
22,0x000a,-1.98356,0x00000000,2025-12-14T15:10:40.691Z,2025-12-14T15:10:40.691Z
21,0x000a,-0.485492,0x00000000,2025-12-14T15:10:40.691Z,2025-12-14T15:10:40.691Z
8,0x0004,17750,0x00000000,2025-12-14T15:10:40.691Z,2025-12-14T15:10:40.691Z
7,0x0004,17722,0x00000000,2025-12-14T15:10:40.691Z,2025-12-14T15:10:40.691Z
39,0x000a,-2.10142,0x00000000,2025-12-14T15:10:40.790Z,2025-12-14T15:10:40.790Z
38,0x000a,-1.59867,0x00000000,2025-12-14T15:10:40.790Z,2025-12-14T15:10:40.790Z
36,0x000a,-2.45256,0x00000000,2025-12-14T15:10:40.790Z,2025-12-14T15:10:40.790Z
35,0x000a,-1.74229,0x00000000,2025-12-14T15:10:40.790Z,2025-12-14T15:10:40.790Z
34,0x000a,-0.242746,0x00000000,2025-12-14T15:10:40.790Z,2025-12-14T15:10:40.790Z
26,0x000a,6.20985,0x00000000,2025-12-14T15:10:40.790Z,2025-12-14T15:10:40.790Z
25,0x000a,6.25,0x00000000,2025-12-14T15:10:40.790Z,2025-12-14T15:10:40.790Z
23,0x000a,-2.45256,0x00000000,2025-12-14T15:10:40.790Z,2025-12-14T15:10:40.790Z
22,0x000a,-1.74229,0x00000000,2025-12-14T15:10:40.790Z,2025-12-14T15:10:40.790Z
21,0x000a,-0.242746,0x00000000,2025-12-14T15:10:40.790Z,2025-12-14T15:10:40.790Z
8,0x0004,17169,0x00000000,2025-12-14T15:10:40.790Z,2025-12-14T15:10:40.790Z
7,0x0004,17280,0x00000000,2025-12-14T15:10:40.790Z,2025-12-14T15:10:40.790Z
38,0x000a,-1.50101,0x00000000,2025-12-14T15:10:40.891Z,2025-12-14T15:10:40.891Z
36,0x000a,-2.27699,0x00000000,2025-12-14T15:10:40.891Z,2025-12-14T15:10:40.891Z
35,0x000a,-1.67048,0x00000000,2025-12-14T15:10:40.891Z,2025-12-14T15:10:40.891Z
34,0x000a,-0.121373,0x00000000,2025-12-14T15:10:40.891Z,2025-12-14T15:10:40.891Z
26,0x000a,5.99971,0x00000000,2025-12-14T15:10:40.891Z,2025-12-14T15:10:40.891Z
25,0x000a,6.0999,0x00000000,2025-12-14T15:10:40.891Z,2025-12-14T15:10:40.891Z
23,0x000a,-2.27699,0x00000000,2025-12-14T15:10:40.891Z,2025-12-14T15:10:40.891Z
22,0x000a,-1.67048,0x00000000,2025-12-14T15:10:40.891Z,2025-12-14T15:10:40.891Z
21,0x000a,-0.121373,0x00000000,2025-12-14T15:10:40.891Z,2025-12-14T15:10:40.891Z
8,0x0004,16588,0x00000000,2025-12-14T15:10:40.891Z,2025-12-14T15:10:40.891Z
7,0x0004,16865,0x00000000,2025-12-14T15:10:40.891Z,2025-12-14T15:10:40.891Z
39,0x000a,-2.60055,0x00000000,2025-12-14T15:10:40.993Z,2025-12-14T15:10:40.993Z
38,0x000a,-1.80122,0x00000000,2025-12-14T15:10:40.993Z,2025-12-14T15:10:40.993Z
36,0x000a,-2.1892,0x00000000,2025-12-14T15:10:40.993Z,2025-12-14T15:10:40.993Z
35,0x000a,-1.58574,0x00000000,2025-12-14T15:10:40.993Z,2025-12-14T15:10:40.993Z
34,0x000a,-0.0606865,0x00000000,2025-12-14T15:10:40.993Z,2025-12-14T15:10:40.993Z
26,0x000a,5.73966,0x00000000,2025-12-14T15:10:40.993Z,2025-12-14T15:10:40.993Z
25,0x000a,5.91978,0x00000000,2025-12-14T15:10:40.993Z,2025-12-14T15:10:40.993Z
23,0x000a,-2.1892,0x00000000,2025-12-14T15:10:40.993Z,2025-12-14T15:10:40.993Z
22,0x000a,-1.58574,0x00000000,2025-12-14T15:10:40.993Z,2025-12-14T15:10:40.993Z
21,0x000a,-0.0606865,0x00000000,2025-12-14T15:10:40.993Z,2025-12-14T15:10:40.993Z
8,0x0004,15869,0x00000000,2025-12-14T15:10:40.993Z,2025-12-14T15:10:40.993Z
7,0x0004,16367,0x00000000,2025-12-14T15:10:40.993Z,2025-12-14T15:10:40.993Z
39,0x000a,-2.0978,0x00000000,2025-12-14T15:10:41.090Z,2025-12-14T15:10:41.090Z
38,0x000a,-1.59867,0x00000000,2025-12-14T15:10:41.090Z,2025-12-14T15:10:41.090Z
36,0x000a,-2.39488,0x00000000,2025-12-14T15:10:41.090Z,2025-12-14T15:10:41.090Z
35,0x000a,-1.69348,0x00000000,2025-12-14T15:10:41.090Z,2025-12-14T15:10:41.090Z
34,0x000a,-0.0303433,0x00000000,2025-12-14T15:10:41.090Z,2025-12-14T15:10:41.090Z
26,0x000a,5.52988,0x00000000,2025-12-14T15:10:41.090Z,2025-12-14T15:10:41.090Z
25,0x000a,5.75991,0x00000000,2025-12-14T15:10:41.090Z,2025-12-14T15:10:41.090Z
23,0x000a,-2.39488,0x00000000,2025-12-14T15:10:41.090Z,2025-12-14T15:10:41.090Z
22,0x000a,-1.69348,0x00000000,2025-12-14T15:10:41.090Z,2025-12-14T15:10:41.090Z
21,0x000a,-0.0303433,0x00000000,2025-12-14T15:10:41.090Z,2025-12-14T15:10:41.090Z
8,0x0004,15289,0x00000000,2025-12-14T15:10:41.090Z,2025-12-14T15:10:41.090Z
7,0x0004,15925,0x00000000,2025-12-14T15:10:41.090Z,2025-12-14T15:10:41.090Z
39,0x000a,-2.19907,0x00000000,2025-12-14T15:10:41.290Z,2025-12-14T15:10:41.290Z
38,0x000a,-1.50101,0x00000000,2025-12-14T15:10:41.290Z,2025-12-14T15:10:41.290Z
36,0x000a,-2.24634,0x00000000,2025-12-14T15:10:41.192Z,2025-12-14T15:10:41.192Z
35,0x000a,-1.64607,0x00000000,2025-12-14T15:10:41.192Z,2025-12-14T15:10:41.192Z
34,0x000a,-0.0151716,0x00000000,2025-12-14T15:10:41.192Z,2025-12-14T15:10:41.192Z
30,0x0004,27000,0x00000000,2025-12-14T15:10:41.290Z,2025-12-14T15:10:41.290Z
26,0x000a,5.30997,0x00000000,2025-12-14T15:10:41.192Z,2025-12-14T15:10:41.192Z
26,0x000a,5.09983,0x00000000,2025-12-14T15:10:41.290Z,2025-12-14T15:10:41.290Z
25,0x000a,5.60981,0x00000000,2025-12-14T15:10:41.192Z,2025-12-14T15:10:41.192Z
25,0x000a,5.45971,0x00000000,2025-12-14T15:10:41.290Z,2025-12-14T15:10:41.290Z
23,0x000a,-2.24634,0x00000000,2025-12-14T15:10:41.192Z,2025-12-14T15:10:41.192Z
22,0x000a,-1.64607,0x00000000,2025-12-14T15:10:41.192Z,2025-12-14T15:10:41.192Z
21,0x000a,-0.0151716,0x00000000,2025-12-14T15:10:41.192Z,2025-12-14T15:10:41.192Z
18,0x0001,false,0x00000000,2025-12-14T15:10:41.290Z,2025-12-14T15:10:41.290Z
8,0x0004,14681,0x00000000,2025-12-14T15:10:41.192Z,2025-12-14T15:10:41.192Z
8,0x0004,14100,0x00000000,2025-12-14T15:10:41.290Z,2025-12-14T15:10:41.290Z
7,0x0004,15510,0x00000000,2025-12-14T15:10:41.192Z,2025-12-14T15:10:41.192Z
7,0x0004,15095,0x00000000,2025-12-14T15:10:41.290Z,2025-12-14T15:10:41.290Z
39,0x000a,-2.10142,0x00000000,2025-12-14T15:10:41.393Z,2025-12-14T15:10:41.393Z
36,0x000a,-2.22271,0x00000000,2025-12-14T15:10:41.393Z,2025-12-14T15:10:41.393Z
35,0x000a,-1.57354,0x00000000,2025-12-14T15:10:41.393Z,2025-12-14T15:10:41.393Z
34,0x000a,-0.00758581,0x00000000,2025-12-14T15:10:41.393Z,2025-12-14T15:10:41.393Z
26,0x000a,4.9197,0x00000000,2025-12-14T15:10:41.393Z,2025-12-14T15:10:41.393Z
25,0x000a,5.29984,0x00000000,2025-12-14T15:10:41.393Z,2025-12-14T15:10:41.393Z
23,0x000a,-2.22271,0x00000000,2025-12-14T15:10:41.393Z,2025-12-14T15:10:41.393Z
22,0x000a,-1.57354,0x00000000,2025-12-14T15:10:41.393Z,2025-12-14T15:10:41.393Z
21,0x000a,-0.00758581,0x00000000,2025-12-14T15:10:41.393Z,2025-12-14T15:10:41.393Z
16,0x0001,false,0x00000000,2025-12-14T15:10:41.393Z,2025-12-14T15:10:41.393Z
8,0x0004,13602,0x00000000,2025-12-14T15:10:41.393Z,2025-12-14T15:10:41.393Z
7,0x0004,14653,0x00000000,2025-12-14T15:10:41.393Z,2025-12-14T15:10:41.393Z
39,0x000a,-1.80121,0x00000000,2025-12-14T15:10:41.492Z,2025-12-14T15:10:41.492Z
38,0x000a,-1.59867,0x00000000,2025-12-14T15:10:41.492Z,2025-12-14T15:10:41.492Z
36,0x000a,-2.16206,0x00000000,2025-12-14T15:10:41.492Z,2025-12-14T15:10:41.492Z
35,0x000a,-1.53728,0x00000000,2025-12-14T15:10:41.492Z,2025-12-14T15:10:41.492Z
34,0x000a,-0.00379291,0x00000000,2025-12-14T15:10:41.492Z,2025-12-14T15:10:41.492Z
26,0x000a,4.90994,0x00000000,2025-12-14T15:10:41.492Z,2025-12-14T15:10:41.492Z
25,0x000a,5.14974,0x00000000,2025-12-14T15:10:41.492Z,2025-12-14T15:10:41.492Z
23,0x000a,-2.16206,0x00000000,2025-12-14T15:10:41.492Z,2025-12-14T15:10:41.492Z
22,0x000a,-1.53728,0x00000000,2025-12-14T15:10:41.492Z,2025-12-14T15:10:41.492Z
21,0x000a,-0.00379291,0x00000000,2025-12-14T15:10:41.492Z,2025-12-14T15:10:41.492Z
8,0x0004,13575,0x00000000,2025-12-14T15:10:41.492Z,2025-12-14T15:10:41.492Z
7,0x0004,14238,0x00000000,2025-12-14T15:10:41.492Z,2025-12-14T15:10:41.492Z
39,0x000a,-0.0976562,0x00000000,2025-12-14T15:10:41.591Z,2025-12-14T15:10:41.591Z
38,0x000a,-2.40162,0x00000000,2025-12-14T15:10:41.591Z,2025-12-14T15:10:41.591Z
36,0x000a,-1.98164,0x00000000,2025-12-14T15:10:41.591Z,2025-12-14T15:10:41.591Z
35,0x000a,-1.56797,0x00000000,2025-12-14T15:10:41.591Z,2025-12-14T15:10:41.591Z
34,0x000a,-0.00189645,0x00000000,2025-12-14T15:10:41.591Z,2025-12-14T15:10:41.591Z
29,0x0004,27000,0x00000000,2025-12-14T15:10:41.591Z,2025-12-14T15:10:41.591Z
25,0x000a,5.05968,0x00000000,2025-12-14T15:10:41.591Z,2025-12-14T15:10:41.591Z
23,0x000a,-1.98164,0x00000000,2025-12-14T15:10:41.591Z,2025-12-14T15:10:41.591Z
22,0x000a,-1.56797,0x00000000,2025-12-14T15:10:41.591Z,2025-12-14T15:10:41.591Z
21,0x000a,-0.00189645,0x00000000,2025-12-14T15:10:41.591Z,2025-12-14T15:10:41.591Z
7,0x0004,13989,0x00000000,2025-12-14T15:10:41.591Z,2025-12-14T15:10:41.591Z
39,0x000a,0,0x00000000,2025-12-14T15:10:41.691Z,2025-12-14T15:10:41.691Z
38,0x000a,0,0x00000000,2025-12-14T15:10:41.691Z,2025-12-14T15:10:41.691Z
36,0x000a,-1.03965,0x00000000,2025-12-14T15:10:41.691Z,2025-12-14T15:10:41.691Z
35,0x000a,-1.9848,0x00000000,2025-12-14T15:10:41.691Z,2025-12-14T15:10:41.691Z
34,0x000a,-0.000948227,0x00000000,2025-12-14T15:10:41.691Z,2025-12-14T15:10:41.691Z
23,0x000a,-1.03965,0x00000000,2025-12-14T15:10:41.691Z,2025-12-14T15:10:41.691Z
22,0x000a,-1.9848,0x00000000,2025-12-14T15:10:41.691Z,2025-12-14T15:10:41.691Z
21,0x000a,-0.000948227,0x00000000,2025-12-14T15:10:41.691Z,2025-12-14T15:10:41.691Z
42,0x0001,true,0x00000000,2025-12-14T15:10:41.789Z,2025-12-14T15:10:41.789Z
36,0x000a,-0.519823,0x00000000,2025-12-14T15:10:41.789Z,2025-12-14T15:10:41.789Z
35,0x000a,-0.992399,0x00000000,2025-12-14T15:10:41.789Z,2025-12-14T15:10:41.789Z
34,0x000a,-0.000474113,0x00000000,2025-12-14T15:10:41.789Z,2025-12-14T15:10:41.789Z
23,0x000a,-0.519823,0x00000000,2025-12-14T15:10:41.789Z,2025-12-14T15:10:41.789Z
22,0x000a,-0.992399,0x00000000,2025-12-14T15:10:41.789Z,2025-12-14T15:10:41.789Z
21,0x000a,-0.000474113,0x00000000,2025-12-14T15:10:41.789Z,2025-12-14T15:10:41.789Z
42,0x0001,false,0x00000000,2025-12-14T15:10:41.892Z,2025-12-14T15:10:41.892Z
40,0x0001,false,0x00000000,2025-12-14T15:10:41.892Z,2025-12-14T15:10:41.892Z
36,0x000a,-0.259912,0x00000000,2025-12-14T15:10:41.892Z,2025-12-14T15:10:41.892Z
35,0x000a,-0.4962,0x00000000,2025-12-14T15:10:41.892Z,2025-12-14T15:10:41.892Z
34,0x000a,-0.000237057,0x00000000,2025-12-14T15:10:41.892Z,2025-12-14T15:10:41.892Z
23,0x000a,-0.259912,0x00000000,2025-12-14T15:10:41.892Z,2025-12-14T15:10:41.892Z
22,0x000a,-0.4962,0x00000000,2025-12-14T15:10:41.892Z,2025-12-14T15:10:41.892Z
21,0x000a,-0.000237057,0x00000000,2025-12-14T15:10:41.892Z,2025-12-14T15:10:41.892Z
18,0x0001,true,0x00000000,2025-12-14T15:10:41.892Z,2025-12-14T15:10:41.892Z
16,0x0001,true,0x00000000,2025-12-14T15:10:41.892Z,2025-12-14T15:10:41.892Z
14,0x0001,true,0x00000000,2025-12-14T15:10:41.892Z,2025-12-14T15:10:41.892Z
4,0x000a,0,0x00000000,2025-12-14T15:10:41.892Z,2025-12-14T15:10:41.892Z
3,0x000a,0,0x00000000,2025-12-14T15:10:41.892Z,2025-12-14T15:10:41.892Z
2,0x000a,0,0x00000000,2025-12-14T15:10:41.892Z,2025-12-14T15:10:41.892Z
36,0x000a,-0.129956,0x00000000,2025-12-14T15:10:41.990Z,2025-12-14T15:10:41.990Z
35,0x000a,-0.2481,0x00000000,2025-12-14T15:10:41.990Z,2025-12-14T15:10:41.990Z
34,0x000a,-0.000118528,0x00000000,2025-12-14T15:10:41.990Z,2025-12-14T15:10:41.990Z
23,0x000a,-0.129956,0x00000000,2025-12-14T15:10:41.990Z,2025-12-14T15:10:41.990Z
22,0x000a,-0.2481,0x00000000,2025-12-14T15:10:41.990Z,2025-12-14T15:10:41.990Z
21,0x000a,-0.000118528,0x00000000,2025-12-14T15:10:41.990Z,2025-12-14T15:10:41.990Z
25,0x000a,5.04991,0x00000000,2025-12-14T15:10:42.091Z,2025-12-14T15:10:42.091Z
24,0x000a,4.68967,0x00000000,2025-12-14T15:10:42.091Z,2025-12-14T15:10:42.091Z
7,0x0004,13962,0x00000000,2025-12-14T15:10:42.091Z,2025-12-14T15:10:42.091Z
6,0x0004,12966,0x00000000,2025-12-14T15:10:42.091Z,2025-12-14T15:10:42.091Z
38,0x000a,-0.0976562,0x00000000,2025-12-14T15:10:42.192Z,2025-12-14T15:10:42.192Z
37,0x000a,-1.69994,0x00000000,2025-12-14T15:10:42.192Z,2025-12-14T15:10:42.192Z
36,0x000a,-0.0649779,0x00000000,2025-12-14T15:10:42.192Z,2025-12-14T15:10:42.192Z
35,0x000a,-0.12405,0x00000000,2025-12-14T15:10:42.192Z,2025-12-14T15:10:42.192Z
34,0x000a,-5.92642e-05,0x00000000,2025-12-14T15:10:42.192Z,2025-12-14T15:10:42.192Z
24,0x000a,4.41985,0x00000000,2025-12-14T15:10:42.192Z,2025-12-14T15:10:42.192Z
23,0x000a,-0.0649779,0x00000000,2025-12-14T15:10:42.192Z,2025-12-14T15:10:42.192Z
22,0x000a,-0.12405,0x00000000,2025-12-14T15:10:42.192Z,2025-12-14T15:10:42.192Z
21,0x000a,-5.92642e-05,0x00000000,2025-12-14T15:10:42.192Z,2025-12-14T15:10:42.192Z
6,0x0004,12220,0x00000000,2025-12-14T15:10:42.192Z,2025-12-14T15:10:42.192Z
38,0x000a,0,0x00000000,2025-12-14T15:10:42.291Z,2025-12-14T15:10:42.291Z
37,0x000a,-2.69821,0x00000000,2025-12-14T15:10:42.291Z,2025-12-14T15:10:42.291Z
36,0x000a,-0.032489,0x00000000,2025-12-14T15:10:42.291Z,2025-12-14T15:10:42.291Z
35,0x000a,-0.110853,0x00000000,2025-12-14T15:10:42.291Z,2025-12-14T15:10:42.291Z
34,0x000a,-0.850001,0x00000000,2025-12-14T15:10:42.291Z,2025-12-14T15:10:42.291Z
30,0x0004,0,0x00000000,2025-12-14T15:10:42.291Z,2025-12-14T15:10:42.291Z
26,0x000a,4.89981,0x00000000,2025-12-14T15:10:42.291Z,2025-12-14T15:10:42.291Z
24,0x000a,4.19994,0x00000000,2025-12-14T15:10:42.291Z,2025-12-14T15:10:42.291Z
23,0x000a,-0.032489,0x00000000,2025-12-14T15:10:42.291Z,2025-12-14T15:10:42.291Z
22,0x000a,-0.110853,0x00000000,2025-12-14T15:10:42.291Z,2025-12-14T15:10:42.291Z
21,0x000a,-0.850001,0x00000000,2025-12-14T15:10:42.291Z,2025-12-14T15:10:42.291Z
8,0x0004,13547,0x00000000,2025-12-14T15:10:42.291Z,2025-12-14T15:10:42.291Z
6,0x0004,11612,0x00000000,2025-12-14T15:10:42.291Z,2025-12-14T15:10:42.291Z
39,0x000a,-0.101275,0x00000000,2025-12-14T15:10:42.391Z,2025-12-14T15:10:42.391Z
37,0x000a,-2.19907,0x00000000,2025-12-14T15:10:42.391Z,2025-12-14T15:10:42.391Z
36,0x000a,-0.0162445,0x00000000,2025-12-14T15:10:42.391Z,2025-12-14T15:10:42.391Z
35,0x000a,-0.0554265,0x00000000,2025-12-14T15:10:42.391Z,2025-12-14T15:10:42.391Z
34,0x000a,-1.7741,0x00000000,2025-12-14T15:10:42.391Z,2025-12-14T15:10:42.391Z
26,0x000a,4.81988,0x00000000,2025-12-14T15:10:42.391Z,2025-12-14T15:10:42.391Z
25,0x000a,5.03979,0x00000000,2025-12-14T15:10:42.391Z,2025-12-14T15:10:42.391Z
24,0x000a,3.86972,0x00000000,2025-12-14T15:10:42.391Z,2025-12-14T15:10:42.391Z
23,0x000a,-0.0162445,0x00000000,2025-12-14T15:10:42.391Z,2025-12-14T15:10:42.391Z
22,0x000a,-0.0554265,0x00000000,2025-12-14T15:10:42.391Z,2025-12-14T15:10:42.391Z
21,0x000a,-1.7741,0x00000000,2025-12-14T15:10:42.391Z,2025-12-14T15:10:42.391Z
8,0x0004,13326,0x00000000,2025-12-14T15:10:42.391Z,2025-12-14T15:10:42.391Z
7,0x0004,13934,0x00000000,2025-12-14T15:10:42.391Z,2025-12-14T15:10:42.391Z
6,0x0004,10699,0x00000000,2025-12-14T15:10:42.391Z,2025-12-14T15:10:42.391Z
39,0x000a,-0.799332,0x00000000,2025-12-14T15:10:42.489Z,2025-12-14T15:10:42.489Z
38,0x000a,-0.101271,0x00000000,2025-12-14T15:10:42.489Z,2025-12-14T15:10:42.489Z
37,0x000a,-3.30223,0x00000000,2025-12-14T15:10:42.489Z,2025-12-14T15:10:42.489Z
36,0x000a,-0.05876,0x00000000,2025-12-14T15:10:42.489Z,2025-12-14T15:10:42.489Z
35,0x000a,-0.0277133,0x00000000,2025-12-14T15:10:42.489Z,2025-12-14T15:10:42.489Z
34,0x000a,-1.98659,0x00000000,2025-12-14T15:10:42.489Z,2025-12-14T15:10:42.489Z
26,0x000a,4.60974,0x00000000,2025-12-14T15:10:42.489Z,2025-12-14T15:10:42.489Z
24,0x000a,3.58977,0x00000000,2025-12-14T15:10:42.489Z,2025-12-14T15:10:42.489Z
23,0x000a,-0.05876,0x00000000,2025-12-14T15:10:42.489Z,2025-12-14T15:10:42.489Z
22,0x000a,-0.0277133,0x00000000,2025-12-14T15:10:42.489Z,2025-12-14T15:10:42.489Z
21,0x000a,-1.98659,0x00000000,2025-12-14T15:10:42.489Z,2025-12-14T15:10:42.489Z
8,0x0004,12745,0x00000000,2025-12-14T15:10:42.489Z,2025-12-14T15:10:42.489Z
6,0x0004,9925,0x00000000,2025-12-14T15:10:42.489Z,2025-12-14T15:10:42.489Z
39,0x000a,-2.10142,0x00000000,2025-12-14T15:10:42.591Z,2025-12-14T15:10:42.591Z
38,0x000a,0,0x00000000,2025-12-14T15:10:42.591Z,2025-12-14T15:10:42.591Z
37,0x000a,-2.79948,0x00000000,2025-12-14T15:10:42.591Z,2025-12-14T15:10:42.591Z
36,0x000a,-0.429046,0x00000000,2025-12-14T15:10:42.591Z,2025-12-14T15:10:42.591Z
35,0x000a,-0.064492,0x00000000,2025-12-14T15:10:42.591Z,2025-12-14T15:10:42.591Z
34,0x000a,-2.64441,0x00000000,2025-12-14T15:10:42.591Z,2025-12-14T15:10:42.591Z
26,0x000a,4.39996,0x00000000,2025-12-14T15:10:42.591Z,2025-12-14T15:10:42.591Z
24,0x000a,3.30982,0x00000000,2025-12-14T15:10:42.591Z,2025-12-14T15:10:42.591Z
23,0x000a,-0.429046,0x00000000,2025-12-14T15:10:42.591Z,2025-12-14T15:10:42.591Z
22,0x000a,-0.064492,0x00000000,2025-12-14T15:10:42.591Z,2025-12-14T15:10:42.591Z
21,0x000a,-2.64441,0x00000000,2025-12-14T15:10:42.591Z,2025-12-14T15:10:42.591Z
8,0x0004,12165,0x00000000,2025-12-14T15:10:42.591Z,2025-12-14T15:10:42.591Z
6,0x0004,9151,0x00000000,2025-12-14T15:10:42.591Z,2025-12-14T15:10:42.591Z
39,0x000a,-4.19922,0x00000000,2025-12-14T15:10:42.690Z,2025-12-14T15:10:42.690Z
38,0x000a,-0.101275,0x00000000,2025-12-14T15:10:42.690Z,2025-12-14T15:10:42.690Z
37,0x000a,-5.5013,0x00000000,2025-12-14T15:10:42.690Z,2025-12-14T15:10:42.690Z
36,0x000a,-1.26523,0x00000000,2025-12-14T15:10:42.690Z,2025-12-14T15:10:42.690Z
35,0x000a,-0.032246,0x00000000,2025-12-14T15:10:42.690Z,2025-12-14T15:10:42.690Z
34,0x000a,-2.72194,0x00000000,2025-12-14T15:10:42.690Z,2025-12-14T15:10:42.690Z
26,0x000a,4.18981,0x00000000,2025-12-14T15:10:42.690Z,2025-12-14T15:10:42.690Z
25,0x000a,5.02966,0x00000000,2025-12-14T15:10:42.690Z,2025-12-14T15:10:42.690Z
24,0x000a,3.03964,0x00000000,2025-12-14T15:10:42.690Z,2025-12-14T15:10:42.690Z
23,0x000a,-1.26523,0x00000000,2025-12-14T15:10:42.690Z,2025-12-14T15:10:42.690Z
22,0x000a,-0.032246,0x00000000,2025-12-14T15:10:42.690Z,2025-12-14T15:10:42.690Z
21,0x000a,-2.72194,0x00000000,2025-12-14T15:10:42.690Z,2025-12-14T15:10:42.690Z
8,0x0004,11584,0x00000000,2025-12-14T15:10:42.690Z,2025-12-14T15:10:42.690Z
7,0x0004,13906,0x00000000,2025-12-14T15:10:42.690Z,2025-12-14T15:10:42.690Z
6,0x0004,8404,0x00000000,2025-12-14T15:10:42.690Z,2025-12-14T15:10:42.690Z
39,0x000a,-2.19907,0x00000000,2025-12-14T15:10:42.793Z,2025-12-14T15:10:42.793Z
38,0x000a,0,0x00000000,2025-12-14T15:10:42.793Z,2025-12-14T15:10:42.793Z
37,0x000a,-2.79948,0x00000000,2025-12-14T15:10:42.793Z,2025-12-14T15:10:42.793Z
36,0x000a,-2.73223,0x00000000,2025-12-14T15:10:42.793Z,2025-12-14T15:10:42.793Z
35,0x000a,-0.0667607,0x00000000,2025-12-14T15:10:42.793Z,2025-12-14T15:10:42.793Z
34,0x000a,-4.11162,0x00000000,2025-12-14T15:10:42.793Z,2025-12-14T15:10:42.793Z
26,0x000a,3.96991,0x00000000,2025-12-14T15:10:42.793Z,2025-12-14T15:10:42.793Z
24,0x000a,2.75969,0x00000000,2025-12-14T15:10:42.793Z,2025-12-14T15:10:42.793Z
23,0x000a,-2.73223,0x00000000,2025-12-14T15:10:42.793Z,2025-12-14T15:10:42.793Z
22,0x000a,-0.0667607,0x00000000,2025-12-14T15:10:42.793Z,2025-12-14T15:10:42.793Z
21,0x000a,-4.11162,0x00000000,2025-12-14T15:10:42.793Z,2025-12-14T15:10:42.793Z
8,0x0004,10976,0x00000000,2025-12-14T15:10:42.793Z,2025-12-14T15:10:42.793Z
6,0x0004,7630,0x00000000,2025-12-14T15:10:42.793Z,2025-12-14T15:10:42.793Z
36,0x000a,-2.46565,0x00000000,2025-12-14T15:10:42.891Z,2025-12-14T15:10:42.891Z
35,0x000a,-0.0333804,0x00000000,2025-12-14T15:10:42.891Z,2025-12-14T15:10:42.891Z
34,0x000a,-3.45555,0x00000000,2025-12-14T15:10:42.891Z,2025-12-14T15:10:42.891Z
26,0x000a,3.75977,0x00000000,2025-12-14T15:10:42.891Z,2025-12-14T15:10:42.891Z
24,0x000a,2.48987,0x00000000,2025-12-14T15:10:42.891Z,2025-12-14T15:10:42.891Z
23,0x000a,-2.46565,0x00000000,2025-12-14T15:10:42.891Z,2025-12-14T15:10:42.891Z
22,0x000a,-0.0333804,0x00000000,2025-12-14T15:10:42.891Z,2025-12-14T15:10:42.891Z
21,0x000a,-3.45555,0x00000000,2025-12-14T15:10:42.891Z,2025-12-14T15:10:42.891Z
8,0x0004,10395,0x00000000,2025-12-14T15:10:42.891Z,2025-12-14T15:10:42.891Z
6,0x0004,6884,0x00000000,2025-12-14T15:10:42.891Z,2025-12-14T15:10:42.891Z
39,0x000a,-2.10142,0x00000000,2025-12-14T15:10:42.990Z,2025-12-14T15:10:42.990Z
37,0x000a,-2.6982,0x00000000,2025-12-14T15:10:42.990Z,2025-12-14T15:10:42.990Z
26,0x000a,3.49971,0x00000000,2025-12-14T15:10:42.990Z,2025-12-14T15:10:42.990Z
25,0x000a,5.01989,0x00000000,2025-12-14T15:10:42.990Z,2025-12-14T15:10:42.990Z
24,0x000a,2.14988,0x00000000,2025-12-14T15:10:42.990Z,2025-12-14T15:10:42.990Z
8,0x0004,9676,0x00000000,2025-12-14T15:10:42.990Z,2025-12-14T15:10:42.990Z
7,0x0004,13879,0x00000000,2025-12-14T15:10:42.990Z,2025-12-14T15:10:42.990Z
6,0x0004,5944,0x00000000,2025-12-14T15:10:42.990Z,2025-12-14T15:10:42.990Z
39,0x000a,-2.60055,0x00000000,2025-12-14T15:10:43.090Z,2025-12-14T15:10:43.090Z
39,0x000a,-2.0978,0x00000000,2025-12-14T15:10:43.191Z,2025-12-14T15:10:43.191Z
38,0x000a,-0.0976562,0x00000000,2025-12-14T15:10:43.090Z,2025-12-14T15:10:43.090Z
38,0x000a,0,0x00000000,2025-12-14T15:10:43.191Z,2025-12-14T15:10:43.191Z
37,0x000a,-3.39988,0x00000000,2025-12-14T15:10:43.090Z,2025-12-14T15:10:43.090Z
37,0x000a,-2.70182,0x00000000,2025-12-14T15:10:43.191Z,2025-12-14T15:10:43.191Z
36,0x000a,-2.28353,0x00000000,2025-12-14T15:10:43.090Z,2025-12-14T15:10:43.090Z
36,0x000a,-2.44204,0x00000000,2025-12-14T15:10:43.191Z,2025-12-14T15:10:43.191Z
35,0x000a,-0.0166902,0x00000000,2025-12-14T15:10:43.090Z,2025-12-14T15:10:43.090Z
35,0x000a,-0.0571732,0x00000000,2025-12-14T15:10:43.191Z,2025-12-14T15:10:43.191Z
34,0x000a,-3.07688,0x00000000,2025-12-14T15:10:43.090Z,2025-12-14T15:10:43.090Z
34,0x000a,-3.23838,0x00000000,2025-12-14T15:10:43.191Z,2025-12-14T15:10:43.191Z
26,0x000a,3.28993,0x00000000,2025-12-14T15:10:43.090Z,2025-12-14T15:10:43.090Z
26,0x000a,3.07979,0x00000000,2025-12-14T15:10:43.191Z,2025-12-14T15:10:43.191Z
25,0x000a,5.00977,0x00000000,2025-12-14T15:10:43.191Z,2025-12-14T15:10:43.191Z
24,0x000a,1.8797,0x00000000,2025-12-14T15:10:43.090Z,2025-12-14T15:10:43.090Z
24,0x000a,1.59975,0x00000000,2025-12-14T15:10:43.191Z,2025-12-14T15:10:43.191Z
23,0x000a,-2.28353,0x00000000,2025-12-14T15:10:43.090Z,2025-12-14T15:10:43.090Z
23,0x000a,-2.44204,0x00000000,2025-12-14T15:10:43.191Z,2025-12-14T15:10:43.191Z
22,0x000a,-0.0166902,0x00000000,2025-12-14T15:10:43.090Z,2025-12-14T15:10:43.090Z
22,0x000a,-0.0571732,0x00000000,2025-12-14T15:10:43.191Z,2025-12-14T15:10:43.191Z
21,0x000a,-3.07688,0x00000000,2025-12-14T15:10:43.090Z,2025-12-14T15:10:43.090Z
21,0x000a,-3.23838,0x00000000,2025-12-14T15:10:43.191Z,2025-12-14T15:10:43.191Z
8,0x0004,9096,0x00000000,2025-12-14T15:10:43.090Z,2025-12-14T15:10:43.090Z
8,0x0004,8515,0x00000000,2025-12-14T15:10:43.191Z,2025-12-14T15:10:43.191Z
7,0x0004,13851,0x00000000,2025-12-14T15:10:43.191Z,2025-12-14T15:10:43.191Z
6,0x0004,5197,0x00000000,2025-12-14T15:10:43.090Z,2025-12-14T15:10:43.090Z
6,0x0004,4423,0x00000000,2025-12-14T15:10:43.191Z,2025-12-14T15:10:43.191Z
39,0x000a,-2.10142,0x00000000,2025-12-14T15:10:43.292Z,2025-12-14T15:10:43.292Z
38,0x000a,-0.101271,0x00000000,2025-12-14T15:10:43.292Z,2025-12-14T15:10:43.292Z
37,0x000a,-2.79948,0x00000000,2025-12-14T15:10:43.292Z,2025-12-14T15:10:43.292Z
36,0x000a,-2.26992,0x00000000,2025-12-14T15:10:43.292Z,2025-12-14T15:10:43.292Z
35,0x000a,-0.0285866,0x00000000,2025-12-14T15:10:43.292Z,2025-12-14T15:10:43.292Z
34,0x000a,-2.9701,0x00000000,2025-12-14T15:10:43.292Z,2025-12-14T15:10:43.292Z
26,0x000a,2.85988,0x00000000,2025-12-14T15:10:43.292Z,2025-12-14T15:10:43.292Z
24,0x000a,1.32993,0x00000000,2025-12-14T15:10:43.292Z,2025-12-14T15:10:43.292Z
23,0x000a,-2.26992,0x00000000,2025-12-14T15:10:43.292Z,2025-12-14T15:10:43.292Z
22,0x000a,-0.0285866,0x00000000,2025-12-14T15:10:43.292Z,2025-12-14T15:10:43.292Z
21,0x000a,-2.9701,0x00000000,2025-12-14T15:10:43.292Z,2025-12-14T15:10:43.292Z
8,0x0004,7907,0x00000000,2025-12-14T15:10:43.292Z,2025-12-14T15:10:43.292Z
6,0x0004,3677,0x00000000,2025-12-14T15:10:43.292Z,2025-12-14T15:10:43.292Z
39,0x000a,-2.19907,0x00000000,2025-12-14T15:10:43.391Z,2025-12-14T15:10:43.391Z
38,0x000a,0,0x00000000,2025-12-14T15:10:43.391Z,2025-12-14T15:10:43.391Z
37,0x000a,-2.69821,0x00000000,2025-12-14T15:10:43.391Z,2025-12-14T15:10:43.391Z
36,0x000a,-2.18567,0x00000000,2025-12-14T15:10:43.391Z,2025-12-14T15:10:43.391Z
35,0x000a,-0.0649286,0x00000000,2025-12-14T15:10:43.391Z,2025-12-14T15:10:43.391Z
34,0x000a,-2.88479,0x00000000,2025-12-14T15:10:43.391Z,2025-12-14T15:10:43.391Z
23,0x000a,-2.18567,0x00000000,2025-12-14T15:10:43.391Z,2025-12-14T15:10:43.391Z
22,0x000a,-0.0649286,0x00000000,2025-12-14T15:10:43.391Z,2025-12-14T15:10:43.391Z
21,0x000a,-2.88479,0x00000000,2025-12-14T15:10:43.391Z,2025-12-14T15:10:43.391Z
8,0x0004,7326,0x00000000,2025-12-14T15:10:43.391Z,2025-12-14T15:10:43.391Z
6,0x0004,2903,0x00000000,2025-12-14T15:10:43.391Z,2025-12-14T15:10:43.391Z
39,0x000a,-2.10142,0x00000000,2025-12-14T15:10:43.491Z,2025-12-14T15:10:43.491Z
37,0x000a,-2.79948,0x00000000,2025-12-14T15:10:43.491Z,2025-12-14T15:10:43.491Z
36,0x000a,-2.19237,0x00000000,2025-12-14T15:10:43.491Z,2025-12-14T15:10:43.491Z
35,0x000a,-0.0324643,0x00000000,2025-12-14T15:10:43.491Z,2025-12-14T15:10:43.491Z
34,0x000a,-2.7915,0x00000000,2025-12-14T15:10:43.491Z,2025-12-14T15:10:43.491Z
26,0x000a,2.64974,0x00000000,2025-12-14T15:10:43.491Z,2025-12-14T15:10:43.491Z
24,0x000a,1.04999,0x00000000,2025-12-14T15:10:43.491Z,2025-12-14T15:10:43.491Z
23,0x000a,-2.19237,0x00000000,2025-12-14T15:10:43.491Z,2025-12-14T15:10:43.491Z
22,0x000a,-0.0324643,0x00000000,2025-12-14T15:10:43.491Z,2025-12-14T15:10:43.491Z
21,0x000a,-2.7915,0x00000000,2025-12-14T15:10:43.491Z,2025-12-14T15:10:43.491Z
39,0x000a,-2.0978,0x00000000,2025-12-14T15:10:43.592Z,2025-12-14T15:10:43.592Z
38,0x000a,-0.0976562,0x00000000,2025-12-14T15:10:43.592Z,2025-12-14T15:10:43.592Z
37,0x000a,-2.70182,0x00000000,2025-12-14T15:10:43.592Z,2025-12-14T15:10:43.592Z
36,0x000a,-2.1469,0x00000000,2025-12-14T15:10:43.592Z,2025-12-14T15:10:43.592Z
35,0x000a,-0.0162322,0x00000000,2025-12-14T15:10:43.592Z,2025-12-14T15:10:43.592Z
34,0x000a,-2.79549,0x00000000,2025-12-14T15:10:43.592Z,2025-12-14T15:10:43.592Z
26,0x000a,2.43996,0x00000000,2025-12-14T15:10:43.592Z,2025-12-14T15:10:43.592Z
25,0x000a,5,0x00000000,2025-12-14T15:10:43.592Z,2025-12-14T15:10:43.592Z
24,0x000a,0.779803,0x00000000,2025-12-14T15:10:43.592Z,2025-12-14T15:10:43.592Z
23,0x000a,-2.1469,0x00000000,2025-12-14T15:10:43.592Z,2025-12-14T15:10:43.592Z
22,0x000a,-0.0162322,0x00000000,2025-12-14T15:10:43.592Z,2025-12-14T15:10:43.592Z
21,0x000a,-2.79549,0x00000000,2025-12-14T15:10:43.592Z,2025-12-14T15:10:43.592Z
8,0x0004,6746,0x00000000,2025-12-14T15:10:43.592Z,2025-12-14T15:10:43.592Z
7,0x0004,13824,0x00000000,2025-12-14T15:10:43.592Z,2025-12-14T15:10:43.592Z
6,0x0004,2156,0x00000000,2025-12-14T15:10:43.592Z,2025-12-14T15:10:43.592Z
39,0x000a,-2.60055,0x00000000,2025-12-14T15:10:43.692Z,2025-12-14T15:10:43.692Z
38,0x000a,0,0x00000000,2025-12-14T15:10:43.692Z,2025-12-14T15:10:43.692Z
37,0x000a,-3.39988,0x00000000,2025-12-14T15:10:43.692Z,2025-12-14T15:10:43.692Z
36,0x000a,-2.12235,0x00000000,2025-12-14T15:10:43.692Z,2025-12-14T15:10:43.692Z
35,0x000a,-0.0569442,0x00000000,2025-12-14T15:10:43.692Z,2025-12-14T15:10:43.692Z
34,0x000a,-2.74866,0x00000000,2025-12-14T15:10:43.692Z,2025-12-14T15:10:43.692Z
26,0x000a,2.1799,0x00000000,2025-12-14T15:10:43.692Z,2025-12-14T15:10:43.692Z
24,0x000a,0.439815,0x00000000,2025-12-14T15:10:43.692Z,2025-12-14T15:10:43.692Z
23,0x000a,-2.12235,0x00000000,2025-12-14T15:10:43.692Z,2025-12-14T15:10:43.692Z
22,0x000a,-0.0569442,0x00000000,2025-12-14T15:10:43.692Z,2025-12-14T15:10:43.692Z
21,0x000a,-2.74866,0x00000000,2025-12-14T15:10:43.692Z,2025-12-14T15:10:43.692Z
8,0x0004,6027,0x00000000,2025-12-14T15:10:43.692Z,2025-12-14T15:10:43.692Z
6,0x0004,1216,0x00000000,2025-12-14T15:10:43.692Z,2025-12-14T15:10:43.692Z
26,0x000a,2.00991,0x00000000,2025-12-14T15:10:43.789Z,2025-12-14T15:10:43.789Z
24,0x000a,0.219907,0x00000000,2025-12-14T15:10:43.789Z,2025-12-14T15:10:43.789Z
14,0x0001,false,0x00000000,2025-12-14T15:10:43.789Z,2025-12-14T15:10:43.789Z
8,0x0004,5557,0x00000000,2025-12-14T15:10:43.789Z,2025-12-14T15:10:43.789Z
6,0x0004,608,0x00000000,2025-12-14T15:10:43.789Z,2025-12-14T15:10:43.789Z
39,0x000a,-3.80136,0x00000000,2025-12-14T15:10:43.893Z,2025-12-14T15:10:43.893Z
38,0x000a,-0.101275,0x00000000,2025-12-14T15:10:43.893Z,2025-12-14T15:10:43.893Z
37,0x000a,-4.39815,0x00000000,2025-12-14T15:10:43.893Z,2025-12-14T15:10:43.893Z
36,0x000a,-2.36145,0x00000000,2025-12-14T15:10:43.893Z,2025-12-14T15:10:43.893Z
35,0x000a,-0.0284721,0x00000000,2025-12-14T15:10:43.893Z,2025-12-14T15:10:43.893Z
34,0x000a,-3.07427,0x00000000,2025-12-14T15:10:43.893Z,2025-12-14T15:10:43.893Z
26,0x000a,1.79977,0x00000000,2025-12-14T15:10:43.893Z,2025-12-14T15:10:43.893Z
25,0x000a,4.98987,0x00000000,2025-12-14T15:10:43.893Z,2025-12-14T15:10:43.893Z
24,0x000a,0,0x00000000,2025-12-14T15:10:43.893Z,2025-12-14T15:10:43.893Z
23,0x000a,-2.36145,0x00000000,2025-12-14T15:10:43.893Z,2025-12-14T15:10:43.893Z
22,0x000a,-0.0284721,0x00000000,2025-12-14T15:10:43.893Z,2025-12-14T15:10:43.893Z
21,0x000a,-3.07427,0x00000000,2025-12-14T15:10:43.893Z,2025-12-14T15:10:43.893Z
8,0x0004,4976,0x00000000,2025-12-14T15:10:43.893Z,2025-12-14T15:10:43.893Z
7,0x0004,13796,0x00000000,2025-12-14T15:10:43.893Z,2025-12-14T15:10:43.893Z
6,0x0004,0,0x00000000,2025-12-14T15:10:43.893Z,2025-12-14T15:10:43.893Z
39,0x000a,-2.0978,0x00000000,2025-12-14T15:10:43.991Z,2025-12-14T15:10:43.991Z
38,0x000a,0,0x00000000,2025-12-14T15:10:43.991Z,2025-12-14T15:10:43.991Z
37,0x000a,0,0x00000000,2025-12-14T15:10:43.991Z,2025-12-14T15:10:43.991Z
36,0x000a,-3.0814,0x00000000,2025-12-14T15:10:43.991Z,2025-12-14T15:10:43.991Z
35,0x000a,-0.0648738,0x00000000,2025-12-14T15:10:43.991Z,2025-12-14T15:10:43.991Z
34,0x000a,-3.73621,0x00000000,2025-12-14T15:10:43.991Z,2025-12-14T15:10:43.991Z
26,0x000a,1.58999,0x00000000,2025-12-14T15:10:43.991Z,2025-12-14T15:10:43.991Z
23,0x000a,-3.0814,0x00000000,2025-12-14T15:10:43.991Z,2025-12-14T15:10:43.991Z
22,0x000a,-0.0648738,0x00000000,2025-12-14T15:10:43.991Z,2025-12-14T15:10:43.991Z
21,0x000a,-3.73621,0x00000000,2025-12-14T15:10:43.991Z,2025-12-14T15:10:43.991Z
8,0x0004,4396,0x00000000,2025-12-14T15:10:43.991Z,2025-12-14T15:10:43.991Z
39,0x000a,-2.60055,0x00000000,2025-12-14T15:10:44.093Z,2025-12-14T15:10:44.093Z
38,0x000a,-0.101271,0x00000000,2025-12-14T15:10:44.093Z,2025-12-14T15:10:44.093Z
36,0x000a,-2.5896,0x00000000,2025-12-14T15:10:44.093Z,2025-12-14T15:10:44.093Z
35,0x000a,-0.0324369,0x00000000,2025-12-14T15:10:44.093Z,2025-12-14T15:10:44.093Z
34,0x000a,-1.8681,0x00000000,2025-12-14T15:10:44.093Z,2025-12-14T15:10:44.093Z
26,0x000a,1.32993,0x00000000,2025-12-14T15:10:44.093Z,2025-12-14T15:10:44.093Z
25,0x000a,4.97975,0x00000000,2025-12-14T15:10:44.093Z,2025-12-14T15:10:44.093Z
23,0x000a,-2.5896,0x00000000,2025-12-14T15:10:44.093Z,2025-12-14T15:10:44.093Z
22,0x000a,-0.0324369,0x00000000,2025-12-14T15:10:44.093Z,2025-12-14T15:10:44.093Z
21,0x000a,-1.8681,0x00000000,2025-12-14T15:10:44.093Z,2025-12-14T15:10:44.093Z
8,0x0004,3677,0x00000000,2025-12-14T15:10:44.093Z,2025-12-14T15:10:44.093Z
7,0x0004,13768,0x00000000,2025-12-14T15:10:44.093Z,2025-12-14T15:10:44.093Z
39,0x000a,-2.10142,0x00000000,2025-12-14T15:10:44.190Z,2025-12-14T15:10:44.190Z
38,0x000a,0,0x00000000,2025-12-14T15:10:44.190Z,2025-12-14T15:10:44.190Z
36,0x000a,-2.59508,0x00000000,2025-12-14T15:10:44.190Z,2025-12-14T15:10:44.190Z
35,0x000a,-0.0668538,0x00000000,2025-12-14T15:10:44.190Z,2025-12-14T15:10:44.190Z
34,0x000a,-0.934052,0x00000000,2025-12-14T15:10:44.190Z,2025-12-14T15:10:44.190Z
26,0x000a,1.11979,0x00000000,2025-12-14T15:10:44.190Z,2025-12-14T15:10:44.190Z
23,0x000a,-2.59508,0x00000000,2025-12-14T15:10:44.190Z,2025-12-14T15:10:44.190Z
22,0x000a,-0.0668538,0x00000000,2025-12-14T15:10:44.190Z,2025-12-14T15:10:44.190Z
21,0x000a,-0.934052,0x00000000,2025-12-14T15:10:44.190Z,2025-12-14T15:10:44.190Z
8,0x0004,3096,0x00000000,2025-12-14T15:10:44.190Z,2025-12-14T15:10:44.190Z
40,0x0001,true,0x00000000,2025-12-14T15:10:44.290Z,2025-12-14T15:10:44.290Z
39,0x000a,-2.19907,0x00000000,2025-12-14T15:10:44.290Z,2025-12-14T15:10:44.290Z
36,0x000a,-2.34825,0x00000000,2025-12-14T15:10:44.290Z,2025-12-14T15:10:44.290Z
35,0x000a,-0.0334269,0x00000000,2025-12-14T15:10:44.290Z,2025-12-14T15:10:44.290Z
34,0x000a,-0.467026,0x00000000,2025-12-14T15:10:44.290Z,2025-12-14T15:10:44.290Z
26,0x000a,0.899884,0x00000000,2025-12-14T15:10:44.290Z,2025-12-14T15:10:44.290Z
23,0x000a,-2.34825,0x00000000,2025-12-14T15:10:44.290Z,2025-12-14T15:10:44.290Z
22,0x000a,-0.0334269,0x00000000,2025-12-14T15:10:44.290Z,2025-12-14T15:10:44.290Z
21,0x000a,-0.467026,0x00000000,2025-12-14T15:10:44.290Z,2025-12-14T15:10:44.290Z
8,0x0004,2488,0x00000000,2025-12-14T15:10:44.290Z,2025-12-14T15:10:44.290Z
39,0x000a,-2.10142,0x00000000,2025-12-14T15:10:44.393Z,2025-12-14T15:10:44.393Z
38,0x000a,-0.0976562,0x00000000,2025-12-14T15:10:44.393Z,2025-12-14T15:10:44.393Z
36,0x000a,-2.27366,0x00000000,2025-12-14T15:10:44.393Z,2025-12-14T15:10:44.393Z
35,0x000a,-0.0167134,0x00000000,2025-12-14T15:10:44.393Z,2025-12-14T15:10:44.393Z
34,0x000a,-0.233513,0x00000000,2025-12-14T15:10:44.393Z,2025-12-14T15:10:44.393Z
26,0x000a,0.689742,0x00000000,2025-12-14T15:10:44.393Z,2025-12-14T15:10:44.393Z
25,0x000a,4.96998,0x00000000,2025-12-14T15:10:44.393Z,2025-12-14T15:10:44.393Z
23,0x000a,-2.27366,0x00000000,2025-12-14T15:10:44.393Z,2025-12-14T15:10:44.393Z
22,0x000a,-0.0167134,0x00000000,2025-12-14T15:10:44.393Z,2025-12-14T15:10:44.393Z
21,0x000a,-0.233513,0x00000000,2025-12-14T15:10:44.393Z,2025-12-14T15:10:44.393Z
8,0x0004,1907,0x00000000,2025-12-14T15:10:44.393Z,2025-12-14T15:10:44.393Z
7,0x0004,13741,0x00000000,2025-12-14T15:10:44.393Z,2025-12-14T15:10:44.393Z
39,0x000a,-2.49928,0x00000000,2025-12-14T15:10:44.491Z,2025-12-14T15:10:44.491Z
38,0x000a,0,0x00000000,2025-12-14T15:10:44.491Z,2025-12-14T15:10:44.491Z
36,0x000a,-2.18754,0x00000000,2025-12-14T15:10:44.491Z,2025-12-14T15:10:44.491Z
35,0x000a,-0.0571848,0x00000000,2025-12-14T15:10:44.491Z,2025-12-14T15:10:44.491Z
34,0x000a,-0.116757,0x00000000,2025-12-14T15:10:44.491Z,2025-12-14T15:10:44.491Z
26,0x000a,0.439815,0x00000000,2025-12-14T15:10:44.491Z,2025-12-14T15:10:44.491Z
23,0x000a,-2.18754,0x00000000,2025-12-14T15:10:44.491Z,2025-12-14T15:10:44.491Z
22,0x000a,-0.0571848,0x00000000,2025-12-14T15:10:44.491Z,2025-12-14T15:10:44.491Z
21,0x000a,-0.116757,0x00000000,2025-12-14T15:10:44.491Z,2025-12-14T15:10:44.491Z
8,0x0004,1216,0x00000000,2025-12-14T15:10:44.491Z,2025-12-14T15:10:44.491Z
36,0x000a,-2.34341,0x00000000,2025-12-14T15:10:44.590Z,2025-12-14T15:10:44.590Z
35,0x000a,-0.0285924,0x00000000,2025-12-14T15:10:44.590Z,2025-12-14T15:10:44.590Z
34,0x000a,-0.0583783,0x00000000,2025-12-14T15:10:44.590Z,2025-12-14T15:10:44.590Z
26,0x000a,0.219907,0x00000000,2025-12-14T15:10:44.590Z,2025-12-14T15:10:44.590Z
23,0x000a,-2.34341,0x00000000,2025-12-14T15:10:44.590Z,2025-12-14T15:10:44.590Z
22,0x000a,-0.0285924,0x00000000,2025-12-14T15:10:44.590Z,2025-12-14T15:10:44.590Z
21,0x000a,-0.0583783,0x00000000,2025-12-14T15:10:44.590Z,2025-12-14T15:10:44.590Z
18,0x0001,false,0x00000000,2025-12-14T15:10:44.590Z,2025-12-14T15:10:44.590Z
8,0x0004,608,0x00000000,2025-12-14T15:10:44.590Z,2025-12-14T15:10:44.590Z
39,0x000a,-2.19907,0x00000000,2025-12-14T15:10:44.691Z,2025-12-14T15:10:44.691Z
26,0x000a,0.00976562,0x00000000,2025-12-14T15:10:44.691Z,2025-12-14T15:10:44.691Z
25,0x000a,4.95985,0x00000000,2025-12-14T15:10:44.691Z,2025-12-14T15:10:44.691Z
8,0x0004,27,0x00000000,2025-12-14T15:10:44.691Z,2025-12-14T15:10:44.691Z
7,0x0004,13713,0x00000000,2025-12-14T15:10:44.691Z,2025-12-14T15:10:44.691Z
39,0x000a,-2.10142,0x00000000,2025-12-14T15:10:44.793Z,2025-12-14T15:10:44.793Z
39,0x000a,0,0x00000000,2025-12-14T15:10:44.890Z,2025-12-14T15:10:44.890Z
38,0x000a,-0.101275,0x00000000,2025-12-14T15:10:44.793Z,2025-12-14T15:10:44.793Z
38,0x000a,0,0x00000000,2025-12-14T15:10:44.890Z,2025-12-14T15:10:44.890Z
36,0x000a,-2.27124,0x00000000,2025-12-14T15:10:44.793Z,2025-12-14T15:10:44.793Z
36,0x000a,-2.18633,0x00000000,2025-12-14T15:10:44.890Z,2025-12-14T15:10:44.890Z
35,0x000a,-0.0142962,0x00000000,2025-12-14T15:10:44.793Z,2025-12-14T15:10:44.793Z
35,0x000a,-0.0577858,0x00000000,2025-12-14T15:10:44.890Z,2025-12-14T15:10:44.890Z
34,0x000a,-0.0291891,0x00000000,2025-12-14T15:10:44.793Z,2025-12-14T15:10:44.793Z
34,0x000a,-0.0145946,0x00000000,2025-12-14T15:10:44.890Z,2025-12-14T15:10:44.890Z
23,0x000a,-2.27124,0x00000000,2025-12-14T15:10:44.793Z,2025-12-14T15:10:44.793Z
23,0x000a,-2.18633,0x00000000,2025-12-14T15:10:44.890Z,2025-12-14T15:10:44.890Z
22,0x000a,-0.0142962,0x00000000,2025-12-14T15:10:44.793Z,2025-12-14T15:10:44.793Z
22,0x000a,-0.0577858,0x00000000,2025-12-14T15:10:44.890Z,2025-12-14T15:10:44.890Z
21,0x000a,-0.0291891,0x00000000,2025-12-14T15:10:44.793Z,2025-12-14T15:10:44.793Z
21,0x000a,-0.0145946,0x00000000,2025-12-14T15:10:44.890Z,2025-12-14T15:10:44.890Z
38,0x000a,-0.101271,0x00000000,2025-12-14T15:10:44.991Z,2025-12-14T15:10:44.991Z
36,0x000a,-1.09316,0x00000000,2025-12-14T15:10:44.991Z,2025-12-14T15:10:44.991Z
35,0x000a,-0.0288929,0x00000000,2025-12-14T15:10:44.991Z,2025-12-14T15:10:44.991Z
34,0x000a,-0.00729728,0x00000000,2025-12-14T15:10:44.991Z,2025-12-14T15:10:44.991Z
25,0x000a,4.94973,0x00000000,2025-12-14T15:10:44.991Z,2025-12-14T15:10:44.991Z
23,0x000a,-1.09316,0x00000000,2025-12-14T15:10:44.991Z,2025-12-14T15:10:44.991Z
22,0x000a,-0.0288929,0x00000000,2025-12-14T15:10:44.991Z,2025-12-14T15:10:44.991Z
21,0x000a,-0.00729728,0x00000000,2025-12-14T15:10:44.991Z,2025-12-14T15:10:44.991Z
7,0x0004,13685,0x00000000,2025-12-14T15:10:44.991Z,2025-12-14T15:10:44.991Z
42,0x0001,true,0x00000000,2025-12-14T15:10:45.091Z,2025-12-14T15:10:45.091Z
38,0x000a,0,0x00000000,2025-12-14T15:10:45.091Z,2025-12-14T15:10:45.091Z
36,0x000a,-0.546582,0x00000000,2025-12-14T15:10:45.091Z,2025-12-14T15:10:45.091Z
35,0x000a,-0.0650818,0x00000000,2025-12-14T15:10:45.091Z,2025-12-14T15:10:45.091Z
34,0x000a,-0.00364864,0x00000000,2025-12-14T15:10:45.091Z,2025-12-14T15:10:45.091Z
23,0x000a,-0.546582,0x00000000,2025-12-14T15:10:45.091Z,2025-12-14T15:10:45.091Z
22,0x000a,-0.0650818,0x00000000,2025-12-14T15:10:45.091Z,2025-12-14T15:10:45.091Z
21,0x000a,-0.00364864,0x00000000,2025-12-14T15:10:45.091Z,2025-12-14T15:10:45.091Z
38,0x000a,-0.0976562,0x00000000,2025-12-14T15:10:45.190Z,2025-12-14T15:10:45.190Z
36,0x000a,-0.273291,0x00000000,2025-12-14T15:10:45.190Z,2025-12-14T15:10:45.190Z
35,0x000a,-0.0325409,0x00000000,2025-12-14T15:10:45.190Z,2025-12-14T15:10:45.190Z
34,0x000a,-0.00182432,0x00000000,2025-12-14T15:10:45.190Z,2025-12-14T15:10:45.190Z
25,0x000a,4.93996,0x00000000,2025-12-14T15:10:45.190Z,2025-12-14T15:10:45.190Z
23,0x000a,-0.273291,0x00000000,2025-12-14T15:10:45.190Z,2025-12-14T15:10:45.190Z
22,0x000a,-0.0325409,0x00000000,2025-12-14T15:10:45.190Z,2025-12-14T15:10:45.190Z
21,0x000a,-0.00182432,0x00000000,2025-12-14T15:10:45.190Z,2025-12-14T15:10:45.190Z
7,0x0004,13658,0x00000000,2025-12-14T15:10:45.190Z,2025-12-14T15:10:45.190Z
38,0x000a,0,0x00000000,2025-12-14T15:10:45.290Z,2025-12-14T15:10:45.290Z
36,0x000a,-0.136646,0x00000000,2025-12-14T15:10:45.290Z,2025-12-14T15:10:45.290Z
35,0x000a,-0.0650986,0x00000000,2025-12-14T15:10:45.290Z,2025-12-14T15:10:45.290Z
34,0x000a,-0.00091216,0x00000000,2025-12-14T15:10:45.290Z,2025-12-14T15:10:45.290Z
23,0x000a,-0.136646,0x00000000,2025-12-14T15:10:45.290Z,2025-12-14T15:10:45.290Z
22,0x000a,-0.0650986,0x00000000,2025-12-14T15:10:45.290Z,2025-12-14T15:10:45.290Z
21,0x000a,-0.00091216,0x00000000,2025-12-14T15:10:45.290Z,2025-12-14T15:10:45.290Z
36,0x000a,-0.0683228,0x00000000,2025-12-14T15:10:45.390Z,2025-12-14T15:10:45.390Z
35,0x000a,-0.0325493,0x00000000,2025-12-14T15:10:45.390Z,2025-12-14T15:10:45.390Z
34,0x000a,-0.00045608,0x00000000,2025-12-14T15:10:45.390Z,2025-12-14T15:10:45.390Z
23,0x000a,-0.0683228,0x00000000,2025-12-14T15:10:45.390Z,2025-12-14T15:10:45.390Z
22,0x000a,-0.0325493,0x00000000,2025-12-14T15:10:45.390Z,2025-12-14T15:10:45.390Z
21,0x000a,-0.00045608,0x00000000,2025-12-14T15:10:45.390Z,2025-12-14T15:10:45.390Z
25,0x000a,4.92983,0x00000000,2025-12-14T15:10:45.492Z,2025-12-14T15:10:45.492Z
7,0x0004,13630,0x00000000,2025-12-14T15:10:45.492Z,2025-12-14T15:10:45.492Z
38,0x000a,-0.101275,0x00000000,2025-12-14T15:10:45.591Z,2025-12-14T15:10:45.591Z
36,0x000a,-0.0341614,0x00000000,2025-12-14T15:10:45.591Z,2025-12-14T15:10:45.591Z
35,0x000a,-0.0162746,0x00000000,2025-12-14T15:10:45.591Z,2025-12-14T15:10:45.591Z
34,0x000a,-0.00022804,0x00000000,2025-12-14T15:10:45.591Z,2025-12-14T15:10:45.591Z
23,0x000a,-0.0341614,0x00000000,2025-12-14T15:10:45.591Z,2025-12-14T15:10:45.591Z
22,0x000a,-0.0162746,0x00000000,2025-12-14T15:10:45.591Z,2025-12-14T15:10:45.591Z
21,0x000a,-0.00022804,0x00000000,2025-12-14T15:10:45.591Z,2025-12-14T15:10:45.591Z
38,0x000a,0,0x00000000,2025-12-14T15:10:45.693Z,2025-12-14T15:10:45.693Z
36,0x000a,-0.0170807,0x00000000,2025-12-14T15:10:45.693Z,2025-12-14T15:10:45.693Z
35,0x000a,-0.058775,0x00000000,2025-12-14T15:10:45.693Z,2025-12-14T15:10:45.693Z
34,0x000a,-0.00011402,0x00000000,2025-12-14T15:10:45.693Z,2025-12-14T15:10:45.693Z
23,0x000a,-0.0170807,0x00000000,2025-12-14T15:10:45.693Z,2025-12-14T15:10:45.693Z
22,0x000a,-0.058775,0x00000000,2025-12-14T15:10:45.693Z,2025-12-14T15:10:45.693Z
21,0x000a,-0.00011402,0x00000000,2025-12-14T15:10:45.693Z,2025-12-14T15:10:45.693Z
36,0x000a,-0.00854035,0x00000000,2025-12-14T15:10:45.790Z,2025-12-14T15:10:45.790Z
35,0x000a,-0.0293875,0x00000000,2025-12-14T15:10:45.790Z,2025-12-14T15:10:45.790Z
34,0x000a,-5.701e-05,0x00000000,2025-12-14T15:10:45.790Z,2025-12-14T15:10:45.790Z
25,0x000a,4.9197,0x00000000,2025-12-14T15:10:45.790Z,2025-12-14T15:10:45.790Z
23,0x000a,-0.00854035,0x00000000,2025-12-14T15:10:45.790Z,2025-12-14T15:10:45.790Z
22,0x000a,-0.0293875,0x00000000,2025-12-14T15:10:45.790Z,2025-12-14T15:10:45.790Z
21,0x000a,-5.701e-05,0x00000000,2025-12-14T15:10:45.790Z,2025-12-14T15:10:45.790Z
7,0x0004,13602,0x00000000,2025-12-14T15:10:45.790Z,2025-12-14T15:10:45.790Z
38,0x000a,-0.101271,0x00000000,2025-12-14T15:10:45.893Z,2025-12-14T15:10:45.893Z
36,0x000a,-0.00427017,0x00000000,2025-12-14T15:10:45.893Z,2025-12-14T15:10:45.893Z
35,0x000a,-0.0146938,0x00000000,2025-12-14T15:10:45.893Z,2025-12-14T15:10:45.893Z
34,0x000a,-2.8505e-05,0x00000000,2025-12-14T15:10:45.893Z,2025-12-14T15:10:45.893Z
23,0x000a,-0.00427017,0x00000000,2025-12-14T15:10:45.893Z,2025-12-14T15:10:45.893Z
22,0x000a,-0.0146938,0x00000000,2025-12-14T15:10:45.893Z,2025-12-14T15:10:45.893Z
21,0x000a,-2.8505e-05,0x00000000,2025-12-14T15:10:45.893Z,2025-12-14T15:10:45.893Z
38,0x000a,0,0x00000000,2025-12-14T15:10:45.992Z,2025-12-14T15:10:45.992Z
36,0x000a,-0.00213509,0x00000000,2025-12-14T15:10:45.992Z,2025-12-14T15:10:45.992Z
35,0x000a,-0.0579822,0x00000000,2025-12-14T15:10:45.992Z,2025-12-14T15:10:45.992Z
34,0x000a,-1.42525e-05,0x00000000,2025-12-14T15:10:45.992Z,2025-12-14T15:10:45.992Z
25,0x000a,4.90994,0x00000000,2025-12-14T15:10:45.992Z,2025-12-14T15:10:45.992Z
23,0x000a,-0.00213509,0x00000000,2025-12-14T15:10:45.992Z,2025-12-14T15:10:45.992Z
22,0x000a,-0.0579822,0x00000000,2025-12-14T15:10:45.992Z,2025-12-14T15:10:45.992Z
21,0x000a,-1.42525e-05,0x00000000,2025-12-14T15:10:45.992Z,2025-12-14T15:10:45.992Z
7,0x0004,13575,0x00000000,2025-12-14T15:10:45.992Z,2025-12-14T15:10:45.992Z
38,0x000a,-0.0976562,0x00000000,2025-12-14T15:10:46.090Z,2025-12-14T15:10:46.090Z
36,0x000a,-0.00106754,0x00000000,2025-12-14T15:10:46.090Z,2025-12-14T15:10:46.090Z
35,0x000a,-0.0289911,0x00000000,2025-12-14T15:10:46.090Z,2025-12-14T15:10:46.090Z
34,0x000a,-7.12625e-06,0x00000000,2025-12-14T15:10:46.090Z,2025-12-14T15:10:46.090Z
23,0x000a,-0.00106754,0x00000000,2025-12-14T15:10:46.090Z,2025-12-14T15:10:46.090Z
22,0x000a,-0.0289911,0x00000000,2025-12-14T15:10:46.090Z,2025-12-14T15:10:46.090Z
21,0x000a,-7.12625e-06,0x00000000,2025-12-14T15:10:46.090Z,2025-12-14T15:10:46.090Z
36,0x000a,-0.000533772,0x00000000,2025-12-14T15:10:46.191Z,2025-12-14T15:10:46.191Z
35,0x000a,-0.0633237,0x00000000,2025-12-14T15:10:46.191Z,2025-12-14T15:10:46.191Z
34,0x000a,-3.56313e-06,0x00000000,2025-12-14T15:10:46.191Z,2025-12-14T15:10:46.191Z
23,0x000a,-0.000533772,0x00000000,2025-12-14T15:10:46.191Z,2025-12-14T15:10:46.191Z
22,0x000a,-0.0633237,0x00000000,2025-12-14T15:10:46.191Z,2025-12-14T15:10:46.191Z
21,0x000a,-3.56313e-06,0x00000000,2025-12-14T15:10:46.191Z,2025-12-14T15:10:46.191Z
38,0x000a,0,0x00000000,2025-12-14T15:10:46.292Z,2025-12-14T15:10:46.292Z
38,0x000a,-0.101275,0x00000000,2025-12-14T15:10:46.390Z,2025-12-14T15:10:46.390Z
36,0x000a,-0.000266886,0x00000000,2025-12-14T15:10:46.390Z,2025-12-14T15:10:46.390Z
35,0x000a,-0.0316618,0x00000000,2025-12-14T15:10:46.390Z,2025-12-14T15:10:46.390Z
34,0x000a,-1.78156e-06,0x00000000,2025-12-14T15:10:46.390Z,2025-12-14T15:10:46.390Z
29,0x0004,0,0x00000000,2025-12-14T15:10:46.390Z,2025-12-14T15:10:46.390Z
25,0x000a,4.89981,0x00000000,2025-12-14T15:10:46.390Z,2025-12-14T15:10:46.390Z
23,0x000a,-0.000266886,0x00000000,2025-12-14T15:10:46.390Z,2025-12-14T15:10:46.390Z
22,0x000a,-0.0316618,0x00000000,2025-12-14T15:10:46.390Z,2025-12-14T15:10:46.390Z
21,0x000a,-1.78156e-06,0x00000000,2025-12-14T15:10:46.390Z,2025-12-14T15:10:46.390Z
7,0x0004,13547,0x00000000,2025-12-14T15:10:46.390Z,2025-12-14T15:10:46.390Z
38,0x000a,-0.600405,0x00000000,2025-12-14T15:10:46.492Z,2025-12-14T15:10:46.492Z
36,0x000a,-0.000133443,0x00000000,2025-12-14T15:10:46.492Z,2025-12-14T15:10:46.492Z
35,0x000a,-0.0664686,0x00000000,2025-12-14T15:10:46.492Z,2025-12-14T15:10:46.492Z
34,0x000a,-8.90782e-07,0x00000000,2025-12-14T15:10:46.492Z,2025-12-14T15:10:46.492Z
25,0x000a,4.83977,0x00000000,2025-12-14T15:10:46.492Z,2025-12-14T15:10:46.492Z
23,0x000a,-0.000133443,0x00000000,2025-12-14T15:10:46.492Z,2025-12-14T15:10:46.492Z
22,0x000a,-0.0664686,0x00000000,2025-12-14T15:10:46.492Z,2025-12-14T15:10:46.492Z
21,0x000a,-8.90782e-07,0x00000000,2025-12-14T15:10:46.492Z,2025-12-14T15:10:46.492Z
7,0x0004,13381,0x00000000,2025-12-14T15:10:46.492Z,2025-12-14T15:10:46.492Z
38,0x000a,-1.50101,0x00000000,2025-12-14T15:10:46.589Z,2025-12-14T15:10:46.589Z
36,0x000a,-6.67215e-05,0x00000000,2025-12-14T15:10:46.589Z,2025-12-14T15:10:46.589Z
35,0x000a,-0.333437,0x00000000,2025-12-14T15:10:46.589Z,2025-12-14T15:10:46.589Z
34,0x000a,-4.45391e-07,0x00000000,2025-12-14T15:10:46.589Z,2025-12-14T15:10:46.589Z
25,0x000a,4.68967,0x00000000,2025-12-14T15:10:46.589Z,2025-12-14T15:10:46.589Z
23,0x000a,-6.67215e-05,0x00000000,2025-12-14T15:10:46.589Z,2025-12-14T15:10:46.589Z
22,0x000a,-0.333437,0x00000000,2025-12-14T15:10:46.589Z,2025-12-14T15:10:46.589Z
21,0x000a,-4.45391e-07,0x00000000,2025-12-14T15:10:46.589Z,2025-12-14T15:10:46.589Z
7,0x0004,12966,0x00000000,2025-12-14T15:10:46.589Z,2025-12-14T15:10:46.589Z
38,0x000a,-1.59867,0x00000000,2025-12-14T15:10:46.690Z,2025-12-14T15:10:46.690Z
36,0x000a,-3.33607e-05,0x00000000,2025-12-14T15:10:46.690Z,2025-12-14T15:10:46.690Z
35,0x000a,-0.917224,0x00000000,2025-12-14T15:10:46.690Z,2025-12-14T15:10:46.690Z
34,0x000a,-2.22695e-07,0x00000000,2025-12-14T15:10:46.690Z,2025-12-14T15:10:46.690Z
25,0x000a,4.5298,0x00000000,2025-12-14T15:10:46.690Z,2025-12-14T15:10:46.690Z
23,0x000a,-3.33607e-05,0x00000000,2025-12-14T15:10:46.690Z,2025-12-14T15:10:46.690Z
22,0x000a,-0.917224,0x00000000,2025-12-14T15:10:46.690Z,2025-12-14T15:10:46.690Z
21,0x000a,-2.22695e-07,0x00000000,2025-12-14T15:10:46.690Z,2025-12-14T15:10:46.690Z
7,0x0004,12524,0x00000000,2025-12-14T15:10:46.690Z,2025-12-14T15:10:46.690Z
38,0x000a,-1.50101,0x00000000,2025-12-14T15:10:46.792Z,2025-12-14T15:10:46.792Z
36,0x000a,-1.66804e-05,0x00000000,2025-12-14T15:10:46.792Z,2025-12-14T15:10:46.792Z
35,0x000a,-1.25795,0x00000000,2025-12-14T15:10:46.792Z,2025-12-14T15:10:46.792Z
34,0x000a,-1.11348e-07,0x00000000,2025-12-14T15:10:46.792Z,2025-12-14T15:10:46.792Z
25,0x000a,4.3797,0x00000000,2025-12-14T15:10:46.792Z,2025-12-14T15:10:46.792Z
23,0x000a,-1.66804e-05,0x00000000,2025-12-14T15:10:46.792Z,2025-12-14T15:10:46.792Z
22,0x000a,-1.25795,0x00000000,2025-12-14T15:10:46.792Z,2025-12-14T15:10:46.792Z
21,0x000a,-1.11348e-07,0x00000000,2025-12-14T15:10:46.792Z,2025-12-14T15:10:46.792Z
7,0x0004,12109,0x00000000,2025-12-14T15:10:46.792Z,2025-12-14T15:10:46.792Z
38,0x000a,-1.7976,0x00000000,2025-12-14T15:10:46.889Z,2025-12-14T15:10:46.889Z
36,0x000a,-8.34018e-06,0x00000000,2025-12-14T15:10:46.889Z,2025-12-14T15:10:46.889Z
35,0x000a,-1.37948,0x00000000,2025-12-14T15:10:46.889Z,2025-12-14T15:10:46.889Z
34,0x000a,-5.56739e-08,0x00000000,2025-12-14T15:10:46.889Z,2025-12-14T15:10:46.889Z
25,0x000a,4.19994,0x00000000,2025-12-14T15:10:46.889Z,2025-12-14T15:10:46.889Z
23,0x000a,-8.34018e-06,0x00000000,2025-12-14T15:10:46.889Z,2025-12-14T15:10:46.889Z
22,0x000a,-1.37948,0x00000000,2025-12-14T15:10:46.889Z,2025-12-14T15:10:46.889Z
21,0x000a,-5.56739e-08,0x00000000,2025-12-14T15:10:46.889Z,2025-12-14T15:10:46.889Z
7,0x0004,11612,0x00000000,2025-12-14T15:10:46.889Z,2025-12-14T15:10:46.889Z
36,0x000a,-4.17009e-06,0x00000000,2025-12-14T15:10:46.991Z,2025-12-14T15:10:46.991Z
35,0x000a,-1.58854,0x00000000,2025-12-14T15:10:46.991Z,2025-12-14T15:10:46.991Z
34,0x000a,-2.78369e-08,0x00000000,2025-12-14T15:10:46.991Z,2025-12-14T15:10:46.991Z
25,0x000a,4.03971,0x00000000,2025-12-14T15:10:46.991Z,2025-12-14T15:10:46.991Z
23,0x000a,-4.17009e-06,0x00000000,2025-12-14T15:10:46.991Z,2025-12-14T15:10:46.991Z
22,0x000a,-1.58854,0x00000000,2025-12-14T15:10:46.991Z,2025-12-14T15:10:46.991Z
21,0x000a,-2.78369e-08,0x00000000,2025-12-14T15:10:46.991Z,2025-12-14T15:10:46.991Z
7,0x0004,11169,0x00000000,2025-12-14T15:10:46.991Z,2025-12-14T15:10:46.991Z
38,0x000a,-1.60229,0x00000000,2025-12-14T15:10:47.092Z,2025-12-14T15:10:47.092Z
25,0x000a,3.88997,0x00000000,2025-12-14T15:10:47.092Z,2025-12-14T15:10:47.092Z
7,0x0004,10755,0x00000000,2025-12-14T15:10:47.092Z,2025-12-14T15:10:47.092Z
38,0x000a,-1.4974,0x00000000,2025-12-14T15:10:47.191Z,2025-12-14T15:10:47.191Z
36,0x000a,-2.08505e-06,0x00000000,2025-12-14T15:10:47.191Z,2025-12-14T15:10:47.191Z
35,0x000a,-1.59541,0x00000000,2025-12-14T15:10:47.191Z,2025-12-14T15:10:47.191Z
34,0x000a,-1.39185e-08,0x00000000,2025-12-14T15:10:47.191Z,2025-12-14T15:10:47.191Z
25,0x000a,3.73987,0x00000000,2025-12-14T15:10:47.191Z,2025-12-14T15:10:47.191Z
23,0x000a,-2.08505e-06,0x00000000,2025-12-14T15:10:47.191Z,2025-12-14T15:10:47.191Z
22,0x000a,-1.59541,0x00000000,2025-12-14T15:10:47.191Z,2025-12-14T15:10:47.191Z
21,0x000a,-1.39185e-08,0x00000000,2025-12-14T15:10:47.191Z,2025-12-14T15:10:47.191Z
7,0x0004,10340,0x00000000,2025-12-14T15:10:47.191Z,2025-12-14T15:10:47.191Z
38,0x000a,-3.1033,0x00000000,2025-12-14T15:10:47.290Z,2025-12-14T15:10:47.290Z
36,0x000a,-1.04252e-06,0x00000000,2025-12-14T15:10:47.290Z,2025-12-14T15:10:47.290Z
35,0x000a,-1.5464,0x00000000,2025-12-14T15:10:47.290Z,2025-12-14T15:10:47.290Z
34,0x000a,-6.95923e-09,0x00000000,2025-12-14T15:10:47.290Z,2025-12-14T15:10:47.290Z
25,0x000a,3.57964,0x00000000,2025-12-14T15:10:47.290Z,2025-12-14T15:10:47.290Z
23,0x000a,-1.04252e-06,0x00000000,2025-12-14T15:10:47.290Z,2025-12-14T15:10:47.290Z
22,0x000a,-1.5464,0x00000000,2025-12-14T15:10:47.290Z,2025-12-14T15:10:47.290Z
21,0x000a,-6.95923e-09,0x00000000,2025-12-14T15:10:47.290Z,2025-12-14T15:10:47.290Z
7,0x0004,9897,0x00000000,2025-12-14T15:10:47.290Z,2025-12-14T15:10:47.290Z
38,0x000a,-1.4974,0x00000000,2025-12-14T15:10:47.390Z,2025-12-14T15:10:47.390Z
36,0x000a,-5.21262e-07,0x00000000,2025-12-14T15:10:47.390Z,2025-12-14T15:10:47.390Z
35,0x000a,-2.32485,0x00000000,2025-12-14T15:10:47.390Z,2025-12-14T15:10:47.390Z
34,0x000a,-3.47962e-09,0x00000000,2025-12-14T15:10:47.390Z,2025-12-14T15:10:47.390Z
25,0x000a,3.4299,0x00000000,2025-12-14T15:10:47.390Z,2025-12-14T15:10:47.390Z
23,0x000a,-5.21262e-07,0x00000000,2025-12-14T15:10:47.390Z,2025-12-14T15:10:47.390Z
22,0x000a,-2.32485,0x00000000,2025-12-14T15:10:47.390Z,2025-12-14T15:10:47.390Z
21,0x000a,-3.47962e-09,0x00000000,2025-12-14T15:10:47.390Z,2025-12-14T15:10:47.390Z
7,0x0004,9483,0x00000000,2025-12-14T15:10:47.390Z,2025-12-14T15:10:47.390Z
38,0x000a,-1.90249,0x00000000,2025-12-14T15:10:47.492Z,2025-12-14T15:10:47.492Z
36,0x000a,-2.60631e-07,0x00000000,2025-12-14T15:10:47.492Z,2025-12-14T15:10:47.492Z
35,0x000a,-1.91112,0x00000000,2025-12-14T15:10:47.492Z,2025-12-14T15:10:47.492Z
34,0x000a,-1.73981e-09,0x00000000,2025-12-14T15:10:47.492Z,2025-12-14T15:10:47.492Z
25,0x000a,3.23966,0x00000000,2025-12-14T15:10:47.492Z,2025-12-14T15:10:47.492Z
23,0x000a,-2.60631e-07,0x00000000,2025-12-14T15:10:47.492Z,2025-12-14T15:10:47.492Z
22,0x000a,-1.91112,0x00000000,2025-12-14T15:10:47.492Z,2025-12-14T15:10:47.492Z
21,0x000a,-1.73981e-09,0x00000000,2025-12-14T15:10:47.492Z,2025-12-14T15:10:47.492Z
7,0x0004,8957,0x00000000,2025-12-14T15:10:47.492Z,2025-12-14T15:10:47.492Z
38,0x000a,-1.4974,0x00000000,2025-12-14T15:10:47.589Z,2025-12-14T15:10:47.589Z
36,0x000a,-1.30315e-07,0x00000000,2025-12-14T15:10:47.589Z,2025-12-14T15:10:47.589Z
35,0x000a,-1.90681,0x00000000,2025-12-14T15:10:47.589Z,2025-12-14T15:10:47.589Z
34,0x000a,-8.69904e-10,0x00000000,2025-12-14T15:10:47.589Z,2025-12-14T15:10:47.589Z
25,0x000a,3.08992,0x00000000,2025-12-14T15:10:47.589Z,2025-12-14T15:10:47.589Z
23,0x000a,-1.30315e-07,0x00000000,2025-12-14T15:10:47.589Z,2025-12-14T15:10:47.589Z
22,0x000a,-1.90681,0x00000000,2025-12-14T15:10:47.589Z,2025-12-14T15:10:47.589Z
21,0x000a,-8.69904e-10,0x00000000,2025-12-14T15:10:47.589Z,2025-12-14T15:10:47.589Z
7,0x0004,8543,0x00000000,2025-12-14T15:10:47.589Z,2025-12-14T15:10:47.589Z
38,0x000a,-1.50101,0x00000000,2025-12-14T15:10:47.690Z,2025-12-14T15:10:47.690Z
36,0x000a,-6.51577e-08,0x00000000,2025-12-14T15:10:47.690Z,2025-12-14T15:10:47.690Z
35,0x000a,-1.7021,0x00000000,2025-12-14T15:10:47.690Z,2025-12-14T15:10:47.690Z
34,0x000a,-4.34952e-10,0x00000000,2025-12-14T15:10:47.690Z,2025-12-14T15:10:47.690Z
25,0x000a,2.93981,0x00000000,2025-12-14T15:10:47.690Z,2025-12-14T15:10:47.690Z
23,0x000a,-6.51577e-08,0x00000000,2025-12-14T15:10:47.690Z,2025-12-14T15:10:47.690Z
22,0x000a,-1.7021,0x00000000,2025-12-14T15:10:47.690Z,2025-12-14T15:10:47.690Z
21,0x000a,-4.34952e-10,0x00000000,2025-12-14T15:10:47.690Z,2025-12-14T15:10:47.690Z
7,0x0004,8128,0x00000000,2025-12-14T15:10:47.690Z,2025-12-14T15:10:47.690Z
36,0x000a,-3.25788e-08,0x00000000,2025-12-14T15:10:47.790Z,2025-12-14T15:10:47.790Z
35,0x000a,-1.60156,0x00000000,2025-12-14T15:10:47.790Z,2025-12-14T15:10:47.790Z
34,0x000a,-2.17476e-10,0x00000000,2025-12-14T15:10:47.790Z,2025-12-14T15:10:47.790Z
25,0x000a,2.77995,0x00000000,2025-12-14T15:10:47.790Z,2025-12-14T15:10:47.790Z
23,0x000a,-3.25788e-08,0x00000000,2025-12-14T15:10:47.790Z,2025-12-14T15:10:47.790Z
22,0x000a,-1.60156,0x00000000,2025-12-14T15:10:47.790Z,2025-12-14T15:10:47.790Z
21,0x000a,-2.17476e-10,0x00000000,2025-12-14T15:10:47.790Z,2025-12-14T15:10:47.790Z
7,0x0004,7686,0x00000000,2025-12-14T15:10:47.790Z,2025-12-14T15:10:47.790Z
38,0x000a,-1.59867,0x00000000,2025-12-14T15:10:47.890Z,2025-12-14T15:10:47.890Z
25,0x000a,2.59983,0x00000000,2025-12-14T15:10:47.890Z,2025-12-14T15:10:47.890Z
7,0x0004,7188,0x00000000,2025-12-14T15:10:47.890Z,2025-12-14T15:10:47.890Z
38,0x000a,-1.80121,0x00000000,2025-12-14T15:10:47.992Z,2025-12-14T15:10:47.992Z
36,0x000a,-1.62894e-08,0x00000000,2025-12-14T15:10:47.992Z,2025-12-14T15:10:47.992Z
35,0x000a,-1.60011,0x00000000,2025-12-14T15:10:47.992Z,2025-12-14T15:10:47.992Z
34,0x000a,-1.08738e-10,0x00000000,2025-12-14T15:10:47.992Z,2025-12-14T15:10:47.992Z
25,0x000a,2.44973,0x00000000,2025-12-14T15:10:47.992Z,2025-12-14T15:10:47.992Z
23,0x000a,-1.62894e-08,0x00000000,2025-12-14T15:10:47.992Z,2025-12-14T15:10:47.992Z
22,0x000a,-1.60011,0x00000000,2025-12-14T15:10:47.992Z,2025-12-14T15:10:47.992Z
21,0x000a,-1.08738e-10,0x00000000,2025-12-14T15:10:47.992Z,2025-12-14T15:10:47.992Z
7,0x0004,6773,0x00000000,2025-12-14T15:10:47.992Z,2025-12-14T15:10:47.992Z
38,0x000a,-1.50101,0x00000000,2025-12-14T15:10:48.090Z,2025-12-14T15:10:48.090Z
38,0x000a,-1.59867,0x00000000,2025-12-14T15:10:48.191Z,2025-12-14T15:10:48.191Z
36,0x000a,-8.14471e-09,0x00000000,2025-12-14T15:10:48.090Z,2025-12-14T15:10:48.090Z
36,0x000a,-4.07236e-09,0x00000000,2025-12-14T15:10:48.191Z,2025-12-14T15:10:48.191Z
35,0x000a,-1.70066,0x00000000,2025-12-14T15:10:48.090Z,2025-12-14T15:10:48.090Z
35,0x000a,-1.60084,0x00000000,2025-12-14T15:10:48.191Z,2025-12-14T15:10:48.191Z
34,0x000a,-5.4369e-11,0x00000000,2025-12-14T15:10:48.090Z,2025-12-14T15:10:48.090Z
34,0x000a,-2.71845e-11,0x00000000,2025-12-14T15:10:48.191Z,2025-12-14T15:10:48.191Z
25,0x000a,2.28986,0x00000000,2025-12-14T15:10:48.090Z,2025-12-14T15:10:48.090Z
25,0x000a,2.13976,0x00000000,2025-12-14T15:10:48.191Z,2025-12-14T15:10:48.191Z
23,0x000a,-8.14471e-09,0x00000000,2025-12-14T15:10:48.090Z,2025-12-14T15:10:48.090Z
23,0x000a,-4.07236e-09,0x00000000,2025-12-14T15:10:48.191Z,2025-12-14T15:10:48.191Z
22,0x000a,-1.70066,0x00000000,2025-12-14T15:10:48.090Z,2025-12-14T15:10:48.090Z
22,0x000a,-1.60084,0x00000000,2025-12-14T15:10:48.191Z,2025-12-14T15:10:48.191Z
21,0x000a,-5.4369e-11,0x00000000,2025-12-14T15:10:48.090Z,2025-12-14T15:10:48.090Z
21,0x000a,-2.71845e-11,0x00000000,2025-12-14T15:10:48.191Z,2025-12-14T15:10:48.191Z
7,0x0004,6331,0x00000000,2025-12-14T15:10:48.090Z,2025-12-14T15:10:48.090Z
7,0x0004,5916,0x00000000,2025-12-14T15:10:48.191Z,2025-12-14T15:10:48.191Z
38,0x000a,-1.50101,0x00000000,2025-12-14T15:10:48.290Z,2025-12-14T15:10:48.290Z
36,0x000a,-2.03618e-09,0x00000000,2025-12-14T15:10:48.290Z,2025-12-14T15:10:48.290Z
35,0x000a,-1.59975,0x00000000,2025-12-14T15:10:48.290Z,2025-12-14T15:10:48.290Z
34,0x000a,-1.35922e-11,0x00000000,2025-12-14T15:10:48.290Z,2025-12-14T15:10:48.290Z
25,0x000a,1.96,0x00000000,2025-12-14T15:10:48.290Z,2025-12-14T15:10:48.290Z
23,0x000a,-2.03618e-09,0x00000000,2025-12-14T15:10:48.290Z,2025-12-14T15:10:48.290Z
22,0x000a,-1.59975,0x00000000,2025-12-14T15:10:48.290Z,2025-12-14T15:10:48.290Z
21,0x000a,-1.35922e-11,0x00000000,2025-12-14T15:10:48.290Z,2025-12-14T15:10:48.290Z
7,0x0004,5419,0x00000000,2025-12-14T15:10:48.290Z,2025-12-14T15:10:48.290Z
38,0x000a,-3.39988,0x00000000,2025-12-14T15:10:48.391Z,2025-12-14T15:10:48.391Z
36,0x000a,-1.01809e-09,0x00000000,2025-12-14T15:10:48.391Z,2025-12-14T15:10:48.391Z
35,0x000a,-1.55038,0x00000000,2025-12-14T15:10:48.391Z,2025-12-14T15:10:48.391Z
34,0x000a,-6.79612e-12,0x00000000,2025-12-14T15:10:48.391Z,2025-12-14T15:10:48.391Z
25,0x000a,1.79977,0x00000000,2025-12-14T15:10:48.391Z,2025-12-14T15:10:48.391Z
23,0x000a,-1.01809e-09,0x00000000,2025-12-14T15:10:48.391Z,2025-12-14T15:10:48.391Z
22,0x000a,-1.55038,0x00000000,2025-12-14T15:10:48.391Z,2025-12-14T15:10:48.391Z
21,0x000a,-6.79612e-12,0x00000000,2025-12-14T15:10:48.391Z,2025-12-14T15:10:48.391Z
7,0x0004,4976,0x00000000,2025-12-14T15:10:48.391Z,2025-12-14T15:10:48.391Z
38,0x000a,-1.50101,0x00000000,2025-12-14T15:10:48.490Z,2025-12-14T15:10:48.490Z
36,0x000a,-5.09044e-10,0x00000000,2025-12-14T15:10:48.490Z,2025-12-14T15:10:48.490Z
35,0x000a,-2.47513,0x00000000,2025-12-14T15:10:48.490Z,2025-12-14T15:10:48.490Z
34,0x000a,-3.39806e-12,0x00000000,2025-12-14T15:10:48.490Z,2025-12-14T15:10:48.490Z
25,0x000a,1.64967,0x00000000,2025-12-14T15:10:48.490Z,2025-12-14T15:10:48.490Z
23,0x000a,-5.09044e-10,0x00000000,2025-12-14T15:10:48.490Z,2025-12-14T15:10:48.490Z
22,0x000a,-2.47513,0x00000000,2025-12-14T15:10:48.490Z,2025-12-14T15:10:48.490Z
21,0x000a,-3.39806e-12,0x00000000,2025-12-14T15:10:48.490Z,2025-12-14T15:10:48.490Z
7,0x0004,4561,0x00000000,2025-12-14T15:10:48.490Z,2025-12-14T15:10:48.490Z
36,0x000a,-2.54522e-10,0x00000000,2025-12-14T15:10:48.592Z,2025-12-14T15:10:48.592Z
35,0x000a,-1.98807,0x00000000,2025-12-14T15:10:48.592Z,2025-12-14T15:10:48.592Z
34,0x000a,-1.69903e-12,0x00000000,2025-12-14T15:10:48.592Z,2025-12-14T15:10:48.592Z
25,0x000a,1.49993,0x00000000,2025-12-14T15:10:48.592Z,2025-12-14T15:10:48.592Z
23,0x000a,-2.54522e-10,0x00000000,2025-12-14T15:10:48.592Z,2025-12-14T15:10:48.592Z
22,0x000a,-1.98807,0x00000000,2025-12-14T15:10:48.592Z,2025-12-14T15:10:48.592Z
21,0x000a,-1.69903e-12,0x00000000,2025-12-14T15:10:48.592Z,2025-12-14T15:10:48.592Z
7,0x0004,4147,0x00000000,2025-12-14T15:10:48.592Z,2025-12-14T15:10:48.592Z
38,0x000a,-1.4974,0x00000000,2025-12-14T15:10:48.691Z,2025-12-14T15:10:48.691Z
25,0x000a,1.3397,0x00000000,2025-12-14T15:10:48.691Z,2025-12-14T15:10:48.691Z
7,0x0004,3704,0x00000000,2025-12-14T15:10:48.691Z,2025-12-14T15:10:48.691Z
38,0x000a,-1.60229,0x00000000,2025-12-14T15:10:48.791Z,2025-12-14T15:10:48.791Z
36,0x000a,-1.27261e-10,0x00000000,2025-12-14T15:10:48.791Z,2025-12-14T15:10:48.791Z
35,0x000a,-1.74273,0x00000000,2025-12-14T15:10:48.791Z,2025-12-14T15:10:48.791Z
34,0x000a,-8.49516e-13,0x00000000,2025-12-14T15:10:48.791Z,2025-12-14T15:10:48.791Z
25,0x000a,1.15994,0x00000000,2025-12-14T15:10:48.791Z,2025-12-14T15:10:48.791Z
23,0x000a,-1.27261e-10,0x00000000,2025-12-14T15:10:48.791Z,2025-12-14T15:10:48.791Z
22,0x000a,-1.74273,0x00000000,2025-12-14T15:10:48.791Z,2025-12-14T15:10:48.791Z
21,0x000a,-8.49516e-13,0x00000000,2025-12-14T15:10:48.791Z,2025-12-14T15:10:48.791Z
7,0x0004,3207,0x00000000,2025-12-14T15:10:48.791Z,2025-12-14T15:10:48.791Z
38,0x000a,-1.7976,0x00000000,2025-12-14T15:10:48.892Z,2025-12-14T15:10:48.892Z
36,0x000a,-6.36306e-11,0x00000000,2025-12-14T15:10:48.892Z,2025-12-14T15:10:48.892Z
35,0x000a,-1.67251,0x00000000,2025-12-14T15:10:48.892Z,2025-12-14T15:10:48.892Z
34,0x000a,-4.24758e-13,0x00000000,2025-12-14T15:10:48.892Z,2025-12-14T15:10:48.892Z
23,0x000a,-6.36306e-11,0x00000000,2025-12-14T15:10:48.892Z,2025-12-14T15:10:48.892Z
22,0x000a,-1.67251,0x00000000,2025-12-14T15:10:48.892Z,2025-12-14T15:10:48.892Z
21,0x000a,-4.24758e-13,0x00000000,2025-12-14T15:10:48.892Z,2025-12-14T15:10:48.892Z
38,0x000a,-1.50101,0x00000000,2025-12-14T15:10:48.990Z,2025-12-14T15:10:48.990Z
36,0x000a,-3.18153e-11,0x00000000,2025-12-14T15:10:48.990Z,2025-12-14T15:10:48.990Z
35,0x000a,-1.73505,0x00000000,2025-12-14T15:10:48.990Z,2025-12-14T15:10:48.990Z
34,0x000a,-2.12379e-13,0x00000000,2025-12-14T15:10:48.990Z,2025-12-14T15:10:48.990Z
25,0x000a,1.00984,0x00000000,2025-12-14T15:10:48.990Z,2025-12-14T15:10:48.990Z
23,0x000a,-3.18153e-11,0x00000000,2025-12-14T15:10:48.990Z,2025-12-14T15:10:48.990Z
22,0x000a,-1.73505,0x00000000,2025-12-14T15:10:48.990Z,2025-12-14T15:10:48.990Z
21,0x000a,-2.12379e-13,0x00000000,2025-12-14T15:10:48.990Z,2025-12-14T15:10:48.990Z
7,0x0004,2792,0x00000000,2025-12-14T15:10:48.990Z,2025-12-14T15:10:48.990Z
38,0x000a,-1.59867,0x00000000,2025-12-14T15:10:49.092Z,2025-12-14T15:10:49.092Z
36,0x000a,-1.59076e-11,0x00000000,2025-12-14T15:10:49.092Z,2025-12-14T15:10:49.092Z
35,0x000a,-1.61803,0x00000000,2025-12-14T15:10:49.092Z,2025-12-14T15:10:49.092Z
34,0x000a,-1.06189e-13,0x00000000,2025-12-14T15:10:49.092Z,2025-12-14T15:10:49.092Z
25,0x000a,0.849971,0x00000000,2025-12-14T15:10:49.092Z,2025-12-14T15:10:49.092Z
23,0x000a,-1.59076e-11,0x00000000,2025-12-14T15:10:49.092Z,2025-12-14T15:10:49.092Z
22,0x000a,-1.61803,0x00000000,2025-12-14T15:10:49.092Z,2025-12-14T15:10:49.092Z
21,0x000a,-1.06189e-13,0x00000000,2025-12-14T15:10:49.092Z,2025-12-14T15:10:49.092Z
7,0x0004,2350,0x00000000,2025-12-14T15:10:49.092Z,2025-12-14T15:10:49.092Z
38,0x000a,-1.50101,0x00000000,2025-12-14T15:10:49.190Z,2025-12-14T15:10:49.190Z
36,0x000a,-7.95382e-12,0x00000000,2025-12-14T15:10:49.190Z,2025-12-14T15:10:49.190Z
35,0x000a,-1.60835,0x00000000,2025-12-14T15:10:49.190Z,2025-12-14T15:10:49.190Z
34,0x000a,-5.30947e-14,0x00000000,2025-12-14T15:10:49.190Z,2025-12-14T15:10:49.190Z
25,0x000a,0.69987,0x00000000,2025-12-14T15:10:49.190Z,2025-12-14T15:10:49.190Z
23,0x000a,-7.95382e-12,0x00000000,2025-12-14T15:10:49.190Z,2025-12-14T15:10:49.190Z
22,0x000a,-1.60835,0x00000000,2025-12-14T15:10:49.190Z,2025-12-14T15:10:49.190Z
21,0x000a,-5.30947e-14,0x00000000,2025-12-14T15:10:49.190Z,2025-12-14T15:10:49.190Z
7,0x0004,1935,0x00000000,2025-12-14T15:10:49.190Z,2025-12-14T15:10:49.190Z
38,0x000a,-1.60229,0x00000000,2025-12-14T15:10:49.292Z,2025-12-14T15:10:49.292Z
36,0x000a,-3.97691e-12,0x00000000,2025-12-14T15:10:49.292Z,2025-12-14T15:10:49.292Z
35,0x000a,-1.55468,0x00000000,2025-12-14T15:10:49.292Z,2025-12-14T15:10:49.292Z
34,0x000a,-2.65474e-14,0x00000000,2025-12-14T15:10:49.292Z,2025-12-14T15:10:49.292Z
25,0x000a,0.539641,0x00000000,2025-12-14T15:10:49.292Z,2025-12-14T15:10:49.292Z
23,0x000a,-3.97691e-12,0x00000000,2025-12-14T15:10:49.292Z,2025-12-14T15:10:49.292Z
22,0x000a,-1.55468,0x00000000,2025-12-14T15:10:49.292Z,2025-12-14T15:10:49.292Z
21,0x000a,-2.65474e-14,0x00000000,2025-12-14T15:10:49.292Z,2025-12-14T15:10:49.292Z
7,0x0004,1492,0x00000000,2025-12-14T15:10:49.292Z,2025-12-14T15:10:49.292Z
25,0x000a,0.359881,0x00000000,2025-12-14T15:10:49.391Z,2025-12-14T15:10:49.391Z
7,0x0004,995,0x00000000,2025-12-14T15:10:49.391Z,2025-12-14T15:10:49.391Z
38,0x000a,-1.7976,0x00000000,2025-12-14T15:10:49.491Z,2025-12-14T15:10:49.491Z
36,0x000a,-1.98845e-12,0x00000000,2025-12-14T15:10:49.491Z,2025-12-14T15:10:49.491Z
35,0x000a,-1.57848,0x00000000,2025-12-14T15:10:49.491Z,2025-12-14T15:10:49.491Z
34,0x000a,-1.32737e-14,0x00000000,2025-12-14T15:10:49.491Z,2025-12-14T15:10:49.491Z
25,0x000a,0.20978,0x00000000,2025-12-14T15:10:49.491Z,2025-12-14T15:10:49.491Z
23,0x000a,-1.98845e-12,0x00000000,2025-12-14T15:10:49.491Z,2025-12-14T15:10:49.491Z
22,0x000a,-1.57848,0x00000000,2025-12-14T15:10:49.491Z,2025-12-14T15:10:49.491Z
21,0x000a,-1.32737e-14,0x00000000,2025-12-14T15:10:49.491Z,2025-12-14T15:10:49.491Z
16,0x0001,false,0x00000000,2025-12-14T15:10:49.491Z,2025-12-14T15:10:49.491Z
7,0x0004,580,0x00000000,2025-12-14T15:10:49.491Z,2025-12-14T15:10:49.491Z
38,0x000a,-3.09968,0x00000000,2025-12-14T15:10:49.590Z,2025-12-14T15:10:49.590Z
36,0x000a,-9.94227e-13,0x00000000,2025-12-14T15:10:49.590Z,2025-12-14T15:10:49.590Z
35,0x000a,-1.68804,0x00000000,2025-12-14T15:10:49.590Z,2025-12-14T15:10:49.590Z
34,0x000a,-6.63684e-15,0x00000000,2025-12-14T15:10:49.590Z,2025-12-14T15:10:49.590Z
25,0x000a,0.0499132,0x00000000,2025-12-14T15:10:49.590Z,2025-12-14T15:10:49.590Z
23,0x000a,-9.94227e-13,0x00000000,2025-12-14T15:10:49.590Z,2025-12-14T15:10:49.590Z
22,0x000a,-1.68804,0x00000000,2025-12-14T15:10:49.590Z,2025-12-14T15:10:49.590Z
21,0x000a,-6.63684e-15,0x00000000,2025-12-14T15:10:49.590Z,2025-12-14T15:10:49.590Z
7,0x0004,138,0x00000000,2025-12-14T15:10:49.590Z,2025-12-14T15:10:49.590Z
38,0x000a,-0.499132,0x00000000,2025-12-14T15:10:49.691Z,2025-12-14T15:10:49.691Z
36,0x000a,-4.97114e-13,0x00000000,2025-12-14T15:10:49.691Z,2025-12-14T15:10:49.691Z
35,0x000a,-2.39386,0x00000000,2025-12-14T15:10:49.691Z,2025-12-14T15:10:49.691Z
34,0x000a,-3.31842e-15,0x00000000,2025-12-14T15:10:49.691Z,2025-12-14T15:10:49.691Z
25,0x000a,0,0x00000000,2025-12-14T15:10:49.691Z,2025-12-14T15:10:49.691Z
23,0x000a,-4.97114e-13,0x00000000,2025-12-14T15:10:49.691Z,2025-12-14T15:10:49.691Z
22,0x000a,-2.39386,0x00000000,2025-12-14T15:10:49.691Z,2025-12-14T15:10:49.691Z
21,0x000a,-3.31842e-15,0x00000000,2025-12-14T15:10:49.691Z,2025-12-14T15:10:49.691Z
7,0x0004,0,0x00000000,2025-12-14T15:10:49.691Z,2025-12-14T15:10:49.691Z
38,0x000a,0,0x00000000,2025-12-14T15:10:49.790Z,2025-12-14T15:10:49.790Z
36,0x000a,-2.48557e-13,0x00000000,2025-12-14T15:10:49.790Z,2025-12-14T15:10:49.790Z
35,0x000a,-1.4465,0x00000000,2025-12-14T15:10:49.790Z,2025-12-14T15:10:49.790Z
34,0x000a,-1.65921e-15,0x00000000,2025-12-14T15:10:49.790Z,2025-12-14T15:10:49.790Z
23,0x000a,-2.48557e-13,0x00000000,2025-12-14T15:10:49.790Z,2025-12-14T15:10:49.790Z
22,0x000a,-1.4465,0x00000000,2025-12-14T15:10:49.790Z,2025-12-14T15:10:49.790Z
21,0x000a,-1.65921e-15,0x00000000,2025-12-14T15:10:49.790Z,2025-12-14T15:10:49.790Z
36,0x000a,-1.24278e-13,0x00000000,2025-12-14T15:10:49.891Z,2025-12-14T15:10:49.891Z
35,0x000a,-0.723248,0x00000000,2025-12-14T15:10:49.891Z,2025-12-14T15:10:49.891Z
34,0x000a,-8.29605e-16,0x00000000,2025-12-14T15:10:49.891Z,2025-12-14T15:10:49.891Z
23,0x000a,-1.24278e-13,0x00000000,2025-12-14T15:10:49.891Z,2025-12-14T15:10:49.891Z
22,0x000a,-0.723248,0x00000000,2025-12-14T15:10:49.891Z,2025-12-14T15:10:49.891Z
21,0x000a,-8.29605e-16,0x00000000,2025-12-14T15:10:49.891Z,2025-12-14T15:10:49.891Z
42,0x0001,false,0x00000000,2025-12-14T15:10:49.991Z,2025-12-14T15:10:49.991Z
40,0x0001,false,0x00000000,2025-12-14T15:10:49.991Z,2025-12-14T15:10:49.991Z
36,0x000a,-6.21392e-14,0x00000000,2025-12-14T15:10:49.991Z,2025-12-14T15:10:49.991Z
36,0x000a,-3.10696e-14,0x00000000,2025-12-14T15:10:50.090Z,2025-12-14T15:10:50.090Z
35,0x000a,-0.361624,0x00000000,2025-12-14T15:10:49.991Z,2025-12-14T15:10:49.991Z
35,0x000a,-0.180812,0x00000000,2025-12-14T15:10:50.090Z,2025-12-14T15:10:50.090Z
34,0x000a,-4.14803e-16,0x00000000,2025-12-14T15:10:49.991Z,2025-12-14T15:10:49.991Z
34,0x000a,-2.07401e-16,0x00000000,2025-12-14T15:10:50.090Z,2025-12-14T15:10:50.090Z
23,0x000a,-6.21392e-14,0x00000000,2025-12-14T15:10:49.991Z,2025-12-14T15:10:49.991Z
23,0x000a,-3.10696e-14,0x00000000,2025-12-14T15:10:50.090Z,2025-12-14T15:10:50.090Z
22,0x000a,-0.361624,0x00000000,2025-12-14T15:10:49.991Z,2025-12-14T15:10:49.991Z
22,0x000a,-0.180812,0x00000000,2025-12-14T15:10:50.090Z,2025-12-14T15:10:50.090Z
21,0x000a,-4.14803e-16,0x00000000,2025-12-14T15:10:49.991Z,2025-12-14T15:10:49.991Z
21,0x000a,-2.07401e-16,0x00000000,2025-12-14T15:10:50.090Z,2025-12-14T15:10:50.090Z
17,0x0001,true,0x00000000,2025-12-14T15:10:49.991Z,2025-12-14T15:10:49.991Z
15,0x0001,true,0x00000000,2025-12-14T15:10:49.991Z,2025-12-14T15:10:49.991Z
13,0x0001,true,0x00000000,2025-12-14T15:10:49.991Z,2025-12-14T15:10:49.991Z
4,0x000a,10,0x00000000,2025-12-14T15:10:49.991Z,2025-12-14T15:10:49.991Z
3,0x000a,9,0x00000000,2025-12-14T15:10:49.991Z,2025-12-14T15:10:49.991Z
2,0x000a,8,0x00000000,2025-12-14T15:10:49.991Z,2025-12-14T15:10:49.991Z
26,0x000a,0.0799334,0x00000000,2025-12-14T15:10:50.191Z,2025-12-14T15:10:50.191Z
25,0x000a,0.0698061,0x00000000,2025-12-14T15:10:50.191Z,2025-12-14T15:10:50.191Z
24,0x000a,0.159867,0x00000000,2025-12-14T15:10:50.191Z,2025-12-14T15:10:50.191Z
8,0x0004,221,0x00000000,2025-12-14T15:10:50.191Z,2025-12-14T15:10:50.191Z
7,0x0004,193,0x00000000,2025-12-14T15:10:50.191Z,2025-12-14T15:10:50.191Z
6,0x0004,442,0x00000000,2025-12-14T15:10:50.191Z,2025-12-14T15:10:50.191Z
39,0x000a,0.701678,0x00000000,2025-12-14T15:10:50.291Z,2025-12-14T15:10:50.291Z
38,0x000a,0.698061,0x00000000,2025-12-14T15:10:50.291Z,2025-12-14T15:10:50.291Z
37,0x000a,1.59867,0x00000000,2025-12-14T15:10:50.291Z,2025-12-14T15:10:50.291Z
36,0x000a,-1.55348e-14,0x00000000,2025-12-14T15:10:50.291Z,2025-12-14T15:10:50.291Z
35,0x000a,-0.090406,0x00000000,2025-12-14T15:10:50.291Z,2025-12-14T15:10:50.291Z
34,0x000a,-1.03701e-16,0x00000000,2025-12-14T15:10:50.291Z,2025-12-14T15:10:50.291Z
26,0x000a,0.299841,0x00000000,2025-12-14T15:10:50.291Z,2025-12-14T15:10:50.291Z
25,0x000a,0.229673,0x00000000,2025-12-14T15:10:50.291Z,2025-12-14T15:10:50.291Z
24,0x000a,0.439815,0x00000000,2025-12-14T15:10:50.291Z,2025-12-14T15:10:50.291Z
23,0x000a,-1.55348e-14,0x00000000,2025-12-14T15:10:50.291Z,2025-12-14T15:10:50.291Z
22,0x000a,-0.090406,0x00000000,2025-12-14T15:10:50.291Z,2025-12-14T15:10:50.291Z
21,0x000a,-1.03701e-16,0x00000000,2025-12-14T15:10:50.291Z,2025-12-14T15:10:50.291Z
8,0x0004,829,0x00000000,2025-12-14T15:10:50.291Z,2025-12-14T15:10:50.291Z
7,0x0004,635,0x00000000,2025-12-14T15:10:50.291Z,2025-12-14T15:10:50.291Z
6,0x0004,1216,0x00000000,2025-12-14T15:10:50.291Z,2025-12-14T15:10:50.291Z
39,0x000a,2.19907,0x00000000,2025-12-14T15:10:50.391Z,2025-12-14T15:10:50.391Z
38,0x000a,1.59867,0x00000000,2025-12-14T15:10:50.391Z,2025-12-14T15:10:50.391Z
37,0x000a,2.79948,0x00000000,2025-12-14T15:10:50.391Z,2025-12-14T15:10:50.391Z
36,0x000a,0.350839,0x00000000,2025-12-14T15:10:50.391Z,2025-12-14T15:10:50.391Z
35,0x000a,0.303828,0x00000000,2025-12-14T15:10:50.391Z,2025-12-14T15:10:50.391Z
34,0x000a,0.799335,0x00000000,2025-12-14T15:10:50.391Z,2025-12-14T15:10:50.391Z
26,0x000a,0.549769,0x00000000,2025-12-14T15:10:50.391Z,2025-12-14T15:10:50.391Z
25,0x000a,0.409795,0x00000000,2025-12-14T15:10:50.391Z,2025-12-14T15:10:50.391Z
24,0x000a,0.769676,0x00000000,2025-12-14T15:10:50.391Z,2025-12-14T15:10:50.391Z
23,0x000a,0.350839,0x00000000,2025-12-14T15:10:50.391Z,2025-12-14T15:10:50.391Z
22,0x000a,0.303828,0x00000000,2025-12-14T15:10:50.391Z,2025-12-14T15:10:50.391Z
21,0x000a,0.799335,0x00000000,2025-12-14T15:10:50.391Z,2025-12-14T15:10:50.391Z
8,0x0004,1520,0x00000000,2025-12-14T15:10:50.391Z,2025-12-14T15:10:50.391Z
7,0x0004,1133,0x00000000,2025-12-14T15:10:50.391Z,2025-12-14T15:10:50.391Z
6,0x0004,2128,0x00000000,2025-12-14T15:10:50.391Z,2025-12-14T15:10:50.391Z
39,0x000a,2.49928,0x00000000,2025-12-14T15:10:50.492Z,2025-12-14T15:10:50.492Z
38,0x000a,1.80122,0x00000000,2025-12-14T15:10:50.492Z,2025-12-14T15:10:50.492Z
37,0x000a,3.29861,0x00000000,2025-12-14T15:10:50.492Z,2025-12-14T15:10:50.492Z
36,0x000a,1.27496,0x00000000,2025-12-14T15:10:50.492Z,2025-12-14T15:10:50.492Z
35,0x000a,0.951248,0x00000000,2025-12-14T15:10:50.492Z,2025-12-14T15:10:50.492Z
34,0x000a,1.79941,0x00000000,2025-12-14T15:10:50.492Z,2025-12-14T15:10:50.492Z
26,0x000a,0.75991,0x00000000,2025-12-14T15:10:50.492Z,2025-12-14T15:10:50.492Z
25,0x000a,0.569661,0x00000000,2025-12-14T15:10:50.492Z,2025-12-14T15:10:50.492Z
24,0x000a,1.03986,0x00000000,2025-12-14T15:10:50.492Z,2025-12-14T15:10:50.492Z
23,0x000a,1.27496,0x00000000,2025-12-14T15:10:50.492Z,2025-12-14T15:10:50.492Z
22,0x000a,0.951248,0x00000000,2025-12-14T15:10:50.492Z,2025-12-14T15:10:50.492Z
21,0x000a,1.79941,0x00000000,2025-12-14T15:10:50.492Z,2025-12-14T15:10:50.492Z
8,0x0004,2101,0x00000000,2025-12-14T15:10:50.492Z,2025-12-14T15:10:50.492Z
7,0x0004,1575,0x00000000,2025-12-14T15:10:50.492Z,2025-12-14T15:10:50.492Z
6,0x0004,2875,0x00000000,2025-12-14T15:10:50.492Z,2025-12-14T15:10:50.492Z
39,0x000a,2.10142,0x00000000,2025-12-14T15:10:50.591Z,2025-12-14T15:10:50.591Z
38,0x000a,1.59867,0x00000000,2025-12-14T15:10:50.591Z,2025-12-14T15:10:50.591Z
37,0x000a,2.70182,0x00000000,2025-12-14T15:10:50.591Z,2025-12-14T15:10:50.591Z
36,0x000a,1.88712,0x00000000,2025-12-14T15:10:50.591Z,2025-12-14T15:10:50.591Z
35,0x000a,1.37623,0x00000000,2025-12-14T15:10:50.591Z,2025-12-14T15:10:50.591Z
34,0x000a,2.54901,0x00000000,2025-12-14T15:10:50.591Z,2025-12-14T15:10:50.591Z
26,0x000a,0.979818,0x00000000,2025-12-14T15:10:50.591Z,2025-12-14T15:10:50.591Z
25,0x000a,0.719763,0x00000000,2025-12-14T15:10:50.591Z,2025-12-14T15:10:50.591Z
24,0x000a,1.31981,0x00000000,2025-12-14T15:10:50.591Z,2025-12-14T15:10:50.591Z
23,0x000a,1.88712,0x00000000,2025-12-14T15:10:50.591Z,2025-12-14T15:10:50.591Z
22,0x000a,1.37623,0x00000000,2025-12-14T15:10:50.591Z,2025-12-14T15:10:50.591Z
21,0x000a,2.54901,0x00000000,2025-12-14T15:10:50.591Z,2025-12-14T15:10:50.591Z
8,0x0004,2709,0x00000000,2025-12-14T15:10:50.591Z,2025-12-14T15:10:50.591Z
7,0x0004,1990,0x00000000,2025-12-14T15:10:50.591Z,2025-12-14T15:10:50.591Z
6,0x0004,3649,0x00000000,2025-12-14T15:10:50.591Z,2025-12-14T15:10:50.591Z
39,0x000a,4.30049,0x00000000,2025-12-14T15:10:50.691Z,2025-12-14T15:10:50.691Z
38,0x000a,3.00203,0x00000000,2025-12-14T15:10:50.691Z,2025-12-14T15:10:50.691Z
37,0x000a,5.59896,0x00000000,2025-12-14T15:10:50.691Z,2025-12-14T15:10:50.691Z
36,0x000a,1.99427,0x00000000,2025-12-14T15:10:50.691Z,2025-12-14T15:10:50.691Z
35,0x000a,1.48745,0x00000000,2025-12-14T15:10:50.691Z,2025-12-14T15:10:50.691Z
34,0x000a,2.62542,0x00000000,2025-12-14T15:10:50.691Z,2025-12-14T15:10:50.691Z
26,0x000a,1.18996,0x00000000,2025-12-14T15:10:50.691Z,2025-12-14T15:10:50.691Z
25,0x000a,0.869864,0x00000000,2025-12-14T15:10:50.691Z,2025-12-14T15:10:50.691Z
24,0x000a,1.59975,0x00000000,2025-12-14T15:10:50.691Z,2025-12-14T15:10:50.691Z
23,0x000a,1.99427,0x00000000,2025-12-14T15:10:50.691Z,2025-12-14T15:10:50.691Z
22,0x000a,1.48745,0x00000000,2025-12-14T15:10:50.691Z,2025-12-14T15:10:50.691Z
21,0x000a,2.62542,0x00000000,2025-12-14T15:10:50.691Z,2025-12-14T15:10:50.691Z
8,0x0004,3290,0x00000000,2025-12-14T15:10:50.691Z,2025-12-14T15:10:50.691Z
7,0x0004,2405,0x00000000,2025-12-14T15:10:50.691Z,2025-12-14T15:10:50.691Z
6,0x0004,4423,0x00000000,2025-12-14T15:10:50.691Z,2025-12-14T15:10:50.691Z
39,0x000a,2.59693,0x00000000,2025-12-14T15:10:50.790Z,2025-12-14T15:10:50.790Z
38,0x000a,1.89887,0x00000000,2025-12-14T15:10:50.790Z,2025-12-14T15:10:50.790Z
37,0x000a,3.30223,0x00000000,2025-12-14T15:10:50.790Z,2025-12-14T15:10:50.790Z
36,0x000a,3.14738,0x00000000,2025-12-14T15:10:50.790Z,2025-12-14T15:10:50.790Z
35,0x000a,2.24474,0x00000000,2025-12-14T15:10:50.790Z,2025-12-14T15:10:50.790Z
34,0x000a,4.11219,0x00000000,2025-12-14T15:10:50.790Z,2025-12-14T15:10:50.790Z
26,0x000a,1.44965,0x00000000,2025-12-14T15:10:50.790Z,2025-12-14T15:10:50.790Z
25,0x000a,1.05975,0x00000000,2025-12-14T15:10:50.790Z,2025-12-14T15:10:50.790Z
24,0x000a,1.92998,0x00000000,2025-12-14T15:10:50.790Z,2025-12-14T15:10:50.790Z
23,0x000a,3.14738,0x00000000,2025-12-14T15:10:50.790Z,2025-12-14T15:10:50.790Z
22,0x000a,2.24474,0x00000000,2025-12-14T15:10:50.790Z,2025-12-14T15:10:50.790Z
21,0x000a,4.11219,0x00000000,2025-12-14T15:10:50.790Z,2025-12-14T15:10:50.790Z
8,0x0004,4008,0x00000000,2025-12-14T15:10:50.790Z,2025-12-14T15:10:50.790Z
7,0x0004,2930,0x00000000,2025-12-14T15:10:50.790Z,2025-12-14T15:10:50.790Z
6,0x0004,5336,0x00000000,2025-12-14T15:10:50.790Z,2025-12-14T15:10:50.790Z
39,0x000a,2.10142,0x00000000,2025-12-14T15:10:50.892Z,2025-12-14T15:10:50.892Z
38,0x000a,1.50101,0x00000000,2025-12-14T15:10:50.892Z,2025-12-14T15:10:50.892Z
37,0x000a,2.69821,0x00000000,2025-12-14T15:10:50.892Z,2025-12-14T15:10:50.892Z
36,0x000a,2.87216,0x00000000,2025-12-14T15:10:50.892Z,2025-12-14T15:10:50.892Z
35,0x000a,2.07181,0x00000000,2025-12-14T15:10:50.892Z,2025-12-14T15:10:50.892Z
34,0x000a,3.70721,0x00000000,2025-12-14T15:10:50.892Z,2025-12-14T15:10:50.892Z
26,0x000a,1.65979,0x00000000,2025-12-14T15:10:50.892Z,2025-12-14T15:10:50.892Z
25,0x000a,1.20985,0x00000000,2025-12-14T15:10:50.892Z,2025-12-14T15:10:50.892Z
24,0x000a,2.1998,0x00000000,2025-12-14T15:10:50.892Z,2025-12-14T15:10:50.892Z
23,0x000a,2.87216,0x00000000,2025-12-14T15:10:50.892Z,2025-12-14T15:10:50.892Z
22,0x000a,2.07181,0x00000000,2025-12-14T15:10:50.892Z,2025-12-14T15:10:50.892Z
21,0x000a,3.70721,0x00000000,2025-12-14T15:10:50.892Z,2025-12-14T15:10:50.892Z
8,0x0004,4589,0x00000000,2025-12-14T15:10:50.892Z,2025-12-14T15:10:50.892Z
7,0x0004,3345,0x00000000,2025-12-14T15:10:50.892Z,2025-12-14T15:10:50.892Z
6,0x0004,6082,0x00000000,2025-12-14T15:10:50.892Z,2025-12-14T15:10:50.892Z
26,0x000a,1.86994,0x00000000,2025-12-14T15:10:50.991Z,2025-12-14T15:10:50.991Z
25,0x000a,1.35995,0x00000000,2025-12-14T15:10:50.991Z,2025-12-14T15:10:50.991Z
24,0x000a,2.47975,0x00000000,2025-12-14T15:10:50.991Z,2025-12-14T15:10:50.991Z
8,0x0004,5170,0x00000000,2025-12-14T15:10:50.991Z,2025-12-14T15:10:50.991Z
7,0x0004,3760,0x00000000,2025-12-14T15:10:50.991Z,2025-12-14T15:10:50.991Z
6,0x0004,6856,0x00000000,2025-12-14T15:10:50.991Z,2025-12-14T15:10:50.991Z
38,0x000a,1.50101,0x00000000,2025-12-14T15:10:51.092Z,2025-12-14T15:10:51.092Z
37,0x000a,2.79948,0x00000000,2025-12-14T15:10:51.092Z,2025-12-14T15:10:51.092Z
36,0x000a,2.48679,0x00000000,2025-12-14T15:10:51.092Z,2025-12-14T15:10:51.092Z
35,0x000a,1.78641,0x00000000,2025-12-14T15:10:51.092Z,2025-12-14T15:10:51.092Z
34,0x000a,3.20271,0x00000000,2025-12-14T15:10:51.092Z,2025-12-14T15:10:51.092Z
26,0x000a,2.08984,0x00000000,2025-12-14T15:10:51.092Z,2025-12-14T15:10:51.092Z
25,0x000a,1.51982,0x00000000,2025-12-14T15:10:51.092Z,2025-12-14T15:10:51.092Z
24,0x000a,2.75969,0x00000000,2025-12-14T15:10:51.092Z,2025-12-14T15:10:51.092Z
23,0x000a,2.48679,0x00000000,2025-12-14T15:10:51.092Z,2025-12-14T15:10:51.092Z
22,0x000a,1.78641,0x00000000,2025-12-14T15:10:51.092Z,2025-12-14T15:10:51.092Z
21,0x000a,3.20271,0x00000000,2025-12-14T15:10:51.092Z,2025-12-14T15:10:51.092Z
8,0x0004,5778,0x00000000,2025-12-14T15:10:51.092Z,2025-12-14T15:10:51.092Z
7,0x0004,4202,0x00000000,2025-12-14T15:10:51.092Z,2025-12-14T15:10:51.092Z
6,0x0004,7630,0x00000000,2025-12-14T15:10:51.092Z,2025-12-14T15:10:51.092Z
39,0x000a,2.19907,0x00000000,2025-12-14T15:10:51.192Z,2025-12-14T15:10:51.192Z
38,0x000a,1.59867,0x00000000,2025-12-14T15:10:51.192Z,2025-12-14T15:10:51.192Z
37,0x000a,2.79948,0x00000000,2025-12-14T15:10:51.192Z,2025-12-14T15:10:51.192Z
36,0x000a,2.2941,0x00000000,2025-12-14T15:10:51.192Z,2025-12-14T15:10:51.192Z
35,0x000a,1.64371,0x00000000,2025-12-14T15:10:51.192Z,2025-12-14T15:10:51.192Z
34,0x000a,3.00109,0x00000000,2025-12-14T15:10:51.192Z,2025-12-14T15:10:51.192Z
26,0x000a,2.29999,0x00000000,2025-12-14T15:10:51.192Z,2025-12-14T15:10:51.192Z
25,0x000a,1.66992,0x00000000,2025-12-14T15:10:51.192Z,2025-12-14T15:10:51.192Z
24,0x000a,3.02988,0x00000000,2025-12-14T15:10:51.192Z,2025-12-14T15:10:51.192Z
23,0x000a,2.2941,0x00000000,2025-12-14T15:10:51.192Z,2025-12-14T15:10:51.192Z
22,0x000a,1.64371,0x00000000,2025-12-14T15:10:51.192Z,2025-12-14T15:10:51.192Z
21,0x000a,3.00109,0x00000000,2025-12-14T15:10:51.192Z,2025-12-14T15:10:51.192Z
8,0x0004,6359,0x00000000,2025-12-14T15:10:51.192Z,2025-12-14T15:10:51.192Z
7,0x0004,4617,0x00000000,2025-12-14T15:10:51.192Z,2025-12-14T15:10:51.192Z
6,0x0004,8377,0x00000000,2025-12-14T15:10:51.192Z,2025-12-14T15:10:51.192Z
39,0x000a,2.10142,0x00000000,2025-12-14T15:10:51.290Z,2025-12-14T15:10:51.290Z
38,0x000a,1.50101,0x00000000,2025-12-14T15:10:51.290Z,2025-12-14T15:10:51.290Z
37,0x000a,2.70182,0x00000000,2025-12-14T15:10:51.290Z,2025-12-14T15:10:51.290Z
36,0x000a,2.24659,0x00000000,2025-12-14T15:10:51.290Z,2025-12-14T15:10:51.290Z
35,0x000a,1.62119,0x00000000,2025-12-14T15:10:51.290Z,2025-12-14T15:10:51.290Z
34,0x000a,2.90029,0x00000000,2025-12-14T15:10:51.290Z,2025-12-14T15:10:51.290Z
26,0x000a,2.50977,0x00000000,2025-12-14T15:10:51.290Z,2025-12-14T15:10:51.290Z
25,0x000a,1.81966,0x00000000,2025-12-14T15:10:51.290Z,2025-12-14T15:10:51.290Z
24,0x000a,3.30982,0x00000000,2025-12-14T15:10:51.290Z,2025-12-14T15:10:51.290Z
23,0x000a,2.24659,0x00000000,2025-12-14T15:10:51.290Z,2025-12-14T15:10:51.290Z
22,0x000a,1.62119,0x00000000,2025-12-14T15:10:51.290Z,2025-12-14T15:10:51.290Z
21,0x000a,2.90029,0x00000000,2025-12-14T15:10:51.290Z,2025-12-14T15:10:51.290Z
8,0x0004,6939,0x00000000,2025-12-14T15:10:51.290Z,2025-12-14T15:10:51.290Z
7,0x0004,5031,0x00000000,2025-12-14T15:10:51.290Z,2025-12-14T15:10:51.290Z
6,0x0004,9151,0x00000000,2025-12-14T15:10:51.290Z,2025-12-14T15:10:51.290Z
39,0x000a,2.0978,0x00000000,2025-12-14T15:10:51.392Z,2025-12-14T15:10:51.392Z
38,0x000a,1.4974,0x00000000,2025-12-14T15:10:51.392Z,2025-12-14T15:10:51.392Z
37,0x000a,2.79948,0x00000000,2025-12-14T15:10:51.392Z,2025-12-14T15:10:51.392Z
36,0x000a,2.174,0x00000000,2025-12-14T15:10:51.392Z,2025-12-14T15:10:51.392Z
35,0x000a,1.5611,0x00000000,2025-12-14T15:10:51.392Z,2025-12-14T15:10:51.392Z
34,0x000a,2.80105,0x00000000,2025-12-14T15:10:51.392Z,2025-12-14T15:10:51.392Z
26,0x000a,2.72967,0x00000000,2025-12-14T15:10:51.392Z,2025-12-14T15:10:51.392Z
25,0x000a,1.97989,0x00000000,2025-12-14T15:10:51.392Z,2025-12-14T15:10:51.392Z
24,0x000a,3.57964,0x00000000,2025-12-14T15:10:51.392Z,2025-12-14T15:10:51.392Z
23,0x000a,2.174,0x00000000,2025-12-14T15:10:51.392Z,2025-12-14T15:10:51.392Z
22,0x000a,1.5611,0x00000000,2025-12-14T15:10:51.392Z,2025-12-14T15:10:51.392Z
21,0x000a,2.80105,0x00000000,2025-12-14T15:10:51.392Z,2025-12-14T15:10:51.392Z
8,0x0004,7547,0x00000000,2025-12-14T15:10:51.392Z,2025-12-14T15:10:51.392Z
7,0x0004,5474,0x00000000,2025-12-14T15:10:51.392Z,2025-12-14T15:10:51.392Z
6,0x0004,9897,0x00000000,2025-12-14T15:10:51.392Z,2025-12-14T15:10:51.392Z
39,0x000a,2.19907,0x00000000,2025-12-14T15:10:51.490Z,2025-12-14T15:10:51.490Z
38,0x000a,1.60229,0x00000000,2025-12-14T15:10:51.490Z,2025-12-14T15:10:51.490Z
37,0x000a,2.6982,0x00000000,2025-12-14T15:10:51.490Z,2025-12-14T15:10:51.490Z
36,0x000a,2.1359,0x00000000,2025-12-14T15:10:51.490Z,2025-12-14T15:10:51.490Z
35,0x000a,1.52925,0x00000000,2025-12-14T15:10:51.490Z,2025-12-14T15:10:51.490Z
34,0x000a,2.80027,0x00000000,2025-12-14T15:10:51.490Z,2025-12-14T15:10:51.490Z
26,0x000a,2.93981,0x00000000,2025-12-14T15:10:51.490Z,2025-12-14T15:10:51.490Z
25,0x000a,2.12999,0x00000000,2025-12-14T15:10:51.490Z,2025-12-14T15:10:51.490Z
24,0x000a,3.85995,0x00000000,2025-12-14T15:10:51.490Z,2025-12-14T15:10:51.490Z
23,0x000a,2.1359,0x00000000,2025-12-14T15:10:51.490Z,2025-12-14T15:10:51.490Z
22,0x000a,1.52925,0x00000000,2025-12-14T15:10:51.490Z,2025-12-14T15:10:51.490Z
21,0x000a,2.80027,0x00000000,2025-12-14T15:10:51.490Z,2025-12-14T15:10:51.490Z
8,0x0004,8128,0x00000000,2025-12-14T15:10:51.490Z,2025-12-14T15:10:51.490Z
7,0x0004,5889,0x00000000,2025-12-14T15:10:51.490Z,2025-12-14T15:10:51.490Z
6,0x0004,10672,0x00000000,2025-12-14T15:10:51.490Z,2025-12-14T15:10:51.490Z
39,0x000a,2.10142,0x00000000,2025-12-14T15:10:51.591Z,2025-12-14T15:10:51.591Z
38,0x000a,1.50101,0x00000000,2025-12-14T15:10:51.591Z,2025-12-14T15:10:51.591Z
37,0x000a,2.8031,0x00000000,2025-12-14T15:10:51.591Z,2025-12-14T15:10:51.591Z
36,0x000a,2.16749,0x00000000,2025-12-14T15:10:51.591Z,2025-12-14T15:10:51.591Z
35,0x000a,1.56577,0x00000000,2025-12-14T15:10:51.591Z,2025-12-14T15:10:51.591Z
34,0x000a,2.74924,0x00000000,2025-12-14T15:10:51.591Z,2025-12-14T15:10:51.591Z
26,0x000a,3.14996,0x00000000,2025-12-14T15:10:51.591Z,2025-12-14T15:10:51.591Z
25,0x000a,2.27973,0x00000000,2025-12-14T15:10:51.591Z,2025-12-14T15:10:51.591Z
24,0x000a,4.12977,0x00000000,2025-12-14T15:10:51.591Z,2025-12-14T15:10:51.591Z
23,0x000a,2.16749,0x00000000,2025-12-14T15:10:51.591Z,2025-12-14T15:10:51.591Z
22,0x000a,1.56577,0x00000000,2025-12-14T15:10:51.591Z,2025-12-14T15:10:51.591Z
21,0x000a,2.74924,0x00000000,2025-12-14T15:10:51.591Z,2025-12-14T15:10:51.591Z
8,0x0004,8709,0x00000000,2025-12-14T15:10:51.591Z,2025-12-14T15:10:51.591Z
7,0x0004,6303,0x00000000,2025-12-14T15:10:51.591Z,2025-12-14T15:10:51.591Z
6,0x0004,11418,0x00000000,2025-12-14T15:10:51.591Z,2025-12-14T15:10:51.591Z
39,0x000a,2.10142,0x00000000,2025-12-14T15:10:51.692Z,2025-12-14T15:10:51.692Z
39,0x000a,4.69835,0x00000000,2025-12-14T15:10:51.793Z,2025-12-14T15:10:51.793Z
38,0x000a,1.4974,0x00000000,2025-12-14T15:10:51.692Z,2025-12-14T15:10:51.692Z
38,0x000a,3.39988,0x00000000,2025-12-14T15:10:51.793Z,2025-12-14T15:10:51.793Z
37,0x000a,2.6982,0x00000000,2025-12-14T15:10:51.692Z,2025-12-14T15:10:51.692Z
37,0x000a,6.10171,0x00000000,2025-12-14T15:10:51.793Z,2025-12-14T15:10:51.793Z
36,0x000a,2.13445,0x00000000,2025-12-14T15:10:51.692Z,2025-12-14T15:10:51.692Z
36,0x000a,2.11793,0x00000000,2025-12-14T15:10:51.793Z,2025-12-14T15:10:51.793Z
35,0x000a,1.53339,0x00000000,2025-12-14T15:10:51.692Z,2025-12-14T15:10:51.692Z
35,0x000a,1.51539,0x00000000,2025-12-14T15:10:51.793Z,2025-12-14T15:10:51.793Z
34,0x000a,2.77617,0x00000000,2025-12-14T15:10:51.692Z,2025-12-14T15:10:51.692Z
34,0x000a,2.73719,0x00000000,2025-12-14T15:10:51.793Z,2025-12-14T15:10:51.793Z
26,0x000a,3.35974,0x00000000,2025-12-14T15:10:51.692Z,2025-12-14T15:10:51.692Z
26,0x000a,3.61979,0x00000000,2025-12-14T15:10:51.793Z,2025-12-14T15:10:51.793Z
25,0x000a,2.43996,0x00000000,2025-12-14T15:10:51.692Z,2025-12-14T15:10:51.692Z
25,0x000a,2.61972,0x00000000,2025-12-14T15:10:51.793Z,2025-12-14T15:10:51.793Z
24,0x000a,4.40972,0x00000000,2025-12-14T15:10:51.692Z,2025-12-14T15:10:51.692Z
24,0x000a,4.73994,0x00000000,2025-12-14T15:10:51.793Z,2025-12-14T15:10:51.793Z
23,0x000a,2.13445,0x00000000,2025-12-14T15:10:51.692Z,2025-12-14T15:10:51.692Z
23,0x000a,2.11793,0x00000000,2025-12-14T15:10:51.793Z,2025-12-14T15:10:51.793Z
22,0x000a,1.53339,0x00000000,2025-12-14T15:10:51.692Z,2025-12-14T15:10:51.692Z
22,0x000a,1.51539,0x00000000,2025-12-14T15:10:51.793Z,2025-12-14T15:10:51.793Z
21,0x000a,2.77617,0x00000000,2025-12-14T15:10:51.692Z,2025-12-14T15:10:51.692Z
21,0x000a,2.73719,0x00000000,2025-12-14T15:10:51.793Z,2025-12-14T15:10:51.793Z
8,0x0004,9289,0x00000000,2025-12-14T15:10:51.692Z,2025-12-14T15:10:51.692Z
8,0x0004,10008,0x00000000,2025-12-14T15:10:51.793Z,2025-12-14T15:10:51.793Z
7,0x0004,6746,0x00000000,2025-12-14T15:10:51.692Z,2025-12-14T15:10:51.692Z
7,0x0004,7243,0x00000000,2025-12-14T15:10:51.793Z,2025-12-14T15:10:51.793Z
6,0x0004,12192,0x00000000,2025-12-14T15:10:51.692Z,2025-12-14T15:10:51.692Z
6,0x0004,13105,0x00000000,2025-12-14T15:10:51.793Z,2025-12-14T15:10:51.793Z
36,0x000a,3.40814,0x00000000,2025-12-14T15:10:51.892Z,2025-12-14T15:10:51.892Z
35,0x000a,2.45764,0x00000000,2025-12-14T15:10:51.892Z,2025-12-14T15:10:51.892Z
34,0x000a,4.41945,0x00000000,2025-12-14T15:10:51.892Z,2025-12-14T15:10:51.892Z
28,0x0004,27000,0x00000000,2025-12-14T15:10:51.892Z,2025-12-14T15:10:51.892Z
26,0x000a,3.82993,0x00000000,2025-12-14T15:10:51.892Z,2025-12-14T15:10:51.892Z
25,0x000a,2.76982,0x00000000,2025-12-14T15:10:51.892Z,2025-12-14T15:10:51.892Z
24,0x000a,5.01989,0x00000000,2025-12-14T15:10:51.892Z,2025-12-14T15:10:51.892Z
23,0x000a,3.40814,0x00000000,2025-12-14T15:10:51.892Z,2025-12-14T15:10:51.892Z
22,0x000a,2.45764,0x00000000,2025-12-14T15:10:51.892Z,2025-12-14T15:10:51.892Z
21,0x000a,4.41945,0x00000000,2025-12-14T15:10:51.892Z,2025-12-14T15:10:51.892Z
8,0x0004,10589,0x00000000,2025-12-14T15:10:51.892Z,2025-12-14T15:10:51.892Z
7,0x0004,7658,0x00000000,2025-12-14T15:10:51.892Z,2025-12-14T15:10:51.892Z
6,0x0004,13879,0x00000000,2025-12-14T15:10:51.892Z,2025-12-14T15:10:51.892Z
39,0x000a,2.10142,0x00000000,2025-12-14T15:10:51.992Z,2025-12-14T15:10:51.992Z
38,0x000a,1.50101,0x00000000,2025-12-14T15:10:51.992Z,2025-12-14T15:10:51.992Z
37,0x000a,2.79948,0x00000000,2025-12-14T15:10:51.992Z,2025-12-14T15:10:51.992Z
39,0x000a,2.19908,0x00000000,2025-12-14T15:10:52.090Z,2025-12-14T15:10:52.090Z
38,0x000a,1.59867,0x00000000,2025-12-14T15:10:52.090Z,2025-12-14T15:10:52.090Z
37,0x000a,1.69994,0x00000000,2025-12-14T15:10:52.090Z,2025-12-14T15:10:52.090Z
36,0x000a,2.75478,0x00000000,2025-12-14T15:10:52.090Z,2025-12-14T15:10:52.090Z
35,0x000a,1.97933,0x00000000,2025-12-14T15:10:52.090Z,2025-12-14T15:10:52.090Z
34,0x000a,3.60946,0x00000000,2025-12-14T15:10:52.090Z,2025-12-14T15:10:52.090Z
28,0x0004,0,0x00000000,2025-12-14T15:10:52.090Z,2025-12-14T15:10:52.090Z
26,0x000a,4.04984,0x00000000,2025-12-14T15:10:52.090Z,2025-12-14T15:10:52.090Z
25,0x000a,2.92969,0x00000000,2025-12-14T15:10:52.090Z,2025-12-14T15:10:52.090Z
24,0x000a,5.18989,0x00000000,2025-12-14T15:10:52.090Z,2025-12-14T15:10:52.090Z
23,0x000a,2.75478,0x00000000,2025-12-14T15:10:52.090Z,2025-12-14T15:10:52.090Z
22,0x000a,1.97933,0x00000000,2025-12-14T15:10:52.090Z,2025-12-14T15:10:52.090Z
21,0x000a,3.60946,0x00000000,2025-12-14T15:10:52.090Z,2025-12-14T15:10:52.090Z
8,0x0004,11197,0x00000000,2025-12-14T15:10:52.090Z,2025-12-14T15:10:52.090Z
7,0x0004,8100,0x00000000,2025-12-14T15:10:52.090Z,2025-12-14T15:10:52.090Z
6,0x0004,14349,0x00000000,2025-12-14T15:10:52.090Z,2025-12-14T15:10:52.090Z
39,0x000a,2.10142,0x00000000,2025-12-14T15:10:52.190Z,2025-12-14T15:10:52.190Z
38,0x000a,1.50101,0x00000000,2025-12-14T15:10:52.190Z,2025-12-14T15:10:52.190Z
37,0x000a,1.09954,0x00000000,2025-12-14T15:10:52.190Z,2025-12-14T15:10:52.190Z
36,0x000a,2.47693,0x00000000,2025-12-14T15:10:52.190Z,2025-12-14T15:10:52.190Z
35,0x000a,1.789,0x00000000,2025-12-14T15:10:52.190Z,2025-12-14T15:10:52.190Z
34,0x000a,2.6547,0x00000000,2025-12-14T15:10:52.190Z,2025-12-14T15:10:52.190Z
26,0x000a,4.25998,0x00000000,2025-12-14T15:10:52.190Z,2025-12-14T15:10:52.190Z
25,0x000a,3.07979,0x00000000,2025-12-14T15:10:52.190Z,2025-12-14T15:10:52.190Z
24,0x000a,5.29984,0x00000000,2025-12-14T15:10:52.190Z,2025-12-14T15:10:52.190Z
23,0x000a,2.47693,0x00000000,2025-12-14T15:10:52.190Z,2025-12-14T15:10:52.190Z
22,0x000a,1.789,0x00000000,2025-12-14T15:10:52.190Z,2025-12-14T15:10:52.190Z
21,0x000a,2.6547,0x00000000,2025-12-14T15:10:52.190Z,2025-12-14T15:10:52.190Z
8,0x0004,11778,0x00000000,2025-12-14T15:10:52.190Z,2025-12-14T15:10:52.190Z
7,0x0004,8515,0x00000000,2025-12-14T15:10:52.190Z,2025-12-14T15:10:52.190Z
6,0x0004,14653,0x00000000,2025-12-14T15:10:52.190Z,2025-12-14T15:10:52.190Z
39,0x000a,2.0978,0x00000000,2025-12-14T15:10:52.292Z,2025-12-14T15:10:52.292Z
38,0x000a,1.50101,0x00000000,2025-12-14T15:10:52.292Z,2025-12-14T15:10:52.292Z
37,0x000a,2.79948,0x00000000,2025-12-14T15:10:52.292Z,2025-12-14T15:10:52.292Z
36,0x000a,2.28917,0x00000000,2025-12-14T15:10:52.292Z,2025-12-14T15:10:52.292Z
35,0x000a,1.645,0x00000000,2025-12-14T15:10:52.292Z,2025-12-14T15:10:52.292Z
34,0x000a,1.87712,0x00000000,2025-12-14T15:10:52.292Z,2025-12-14T15:10:52.292Z
26,0x000a,4.46976,0x00000000,2025-12-14T15:10:52.292Z,2025-12-14T15:10:52.292Z
25,0x000a,3.22989,0x00000000,2025-12-14T15:10:52.292Z,2025-12-14T15:10:52.292Z
24,0x000a,5.57979,0x00000000,2025-12-14T15:10:52.292Z,2025-12-14T15:10:52.292Z
23,0x000a,2.28917,0x00000000,2025-12-14T15:10:52.292Z,2025-12-14T15:10:52.292Z
22,0x000a,1.645,0x00000000,2025-12-14T15:10:52.292Z,2025-12-14T15:10:52.292Z
21,0x000a,1.87712,0x00000000,2025-12-14T15:10:52.292Z,2025-12-14T15:10:52.292Z
8,0x0004,12358,0x00000000,2025-12-14T15:10:52.292Z,2025-12-14T15:10:52.292Z
7,0x0004,8930,0x00000000,2025-12-14T15:10:52.292Z,2025-12-14T15:10:52.292Z
6,0x0004,15427,0x00000000,2025-12-14T15:10:52.292Z,2025-12-14T15:10:52.292Z
39,0x000a,2.19907,0x00000000,2025-12-14T15:10:52.390Z,2025-12-14T15:10:52.390Z
38,0x000a,1.59867,0x00000000,2025-12-14T15:10:52.390Z,2025-12-14T15:10:52.390Z
37,0x000a,2.70182,0x00000000,2025-12-14T15:10:52.390Z,2025-12-14T15:10:52.390Z
36,0x000a,2.19349,0x00000000,2025-12-14T15:10:52.390Z,2025-12-14T15:10:52.390Z
35,0x000a,1.57301,0x00000000,2025-12-14T15:10:52.390Z,2025-12-14T15:10:52.390Z
34,0x000a,2.3383,0x00000000,2025-12-14T15:10:52.390Z,2025-12-14T15:10:52.390Z
26,0x000a,4.68967,0x00000000,2025-12-14T15:10:52.390Z,2025-12-14T15:10:52.390Z
25,0x000a,3.38976,0x00000000,2025-12-14T15:10:52.390Z,2025-12-14T15:10:52.390Z
24,0x000a,5.84997,0x00000000,2025-12-14T15:10:52.390Z,2025-12-14T15:10:52.390Z
23,0x000a,2.19349,0x00000000,2025-12-14T15:10:52.390Z,2025-12-14T15:10:52.390Z
22,0x000a,1.57301,0x00000000,2025-12-14T15:10:52.390Z,2025-12-14T15:10:52.390Z
21,0x000a,2.3383,0x00000000,2025-12-14T15:10:52.390Z,2025-12-14T15:10:52.390Z
8,0x0004,12966,0x00000000,2025-12-14T15:10:52.390Z,2025-12-14T15:10:52.390Z
7,0x0004,9372,0x00000000,2025-12-14T15:10:52.390Z,2025-12-14T15:10:52.390Z
6,0x0004,16174,0x00000000,2025-12-14T15:10:52.390Z,2025-12-14T15:10:52.390Z
39,0x000a,2.10142,0x00000000,2025-12-14T15:10:52.490Z,2025-12-14T15:10:52.490Z
38,0x000a,1.50101,0x00000000,2025-12-14T15:10:52.490Z,2025-12-14T15:10:52.490Z
37,0x000a,2.79948,0x00000000,2025-12-14T15:10:52.490Z,2025-12-14T15:10:52.490Z
36,0x000a,2.19628,0x00000000,2025-12-14T15:10:52.490Z,2025-12-14T15:10:52.490Z
35,0x000a,1.58584,0x00000000,2025-12-14T15:10:52.490Z,2025-12-14T15:10:52.490Z
34,0x000a,2.52006,0x00000000,2025-12-14T15:10:52.490Z,2025-12-14T15:10:52.490Z
26,0x000a,4.89981,0x00000000,2025-12-14T15:10:52.490Z,2025-12-14T15:10:52.490Z
25,0x000a,3.53986,0x00000000,2025-12-14T15:10:52.490Z,2025-12-14T15:10:52.490Z
24,0x000a,6.12992,0x00000000,2025-12-14T15:10:52.490Z,2025-12-14T15:10:52.490Z
23,0x000a,2.19628,0x00000000,2025-12-14T15:10:52.490Z,2025-12-14T15:10:52.490Z
22,0x000a,1.58584,0x00000000,2025-12-14T15:10:52.490Z,2025-12-14T15:10:52.490Z
21,0x000a,2.52006,0x00000000,2025-12-14T15:10:52.490Z,2025-12-14T15:10:52.490Z
8,0x0004,13547,0x00000000,2025-12-14T15:10:52.490Z,2025-12-14T15:10:52.490Z
7,0x0004,9787,0x00000000,2025-12-14T15:10:52.490Z,2025-12-14T15:10:52.490Z
6,0x0004,16948,0x00000000,2025-12-14T15:10:52.490Z,2025-12-14T15:10:52.490Z
39,0x000a,2.49928,0x00000000,2025-12-14T15:10:52.592Z,2025-12-14T15:10:52.592Z
38,0x000a,1.80122,0x00000000,2025-12-14T15:10:52.592Z,2025-12-14T15:10:52.592Z
37,0x000a,3.29861,0x00000000,2025-12-14T15:10:52.592Z,2025-12-14T15:10:52.592Z
36,0x000a,2.14885,0x00000000,2025-12-14T15:10:52.592Z,2025-12-14T15:10:52.592Z
35,0x000a,1.54343,0x00000000,2025-12-14T15:10:52.592Z,2025-12-14T15:10:52.592Z
34,0x000a,2.65977,0x00000000,2025-12-14T15:10:52.592Z,2025-12-14T15:10:52.592Z
26,0x000a,5.14974,0x00000000,2025-12-14T15:10:52.592Z,2025-12-14T15:10:52.592Z
25,0x000a,3.71998,0x00000000,2025-12-14T15:10:52.592Z,2025-12-14T15:10:52.592Z
24,0x000a,6.45978,0x00000000,2025-12-14T15:10:52.592Z,2025-12-14T15:10:52.592Z
23,0x000a,2.14885,0x00000000,2025-12-14T15:10:52.592Z,2025-12-14T15:10:52.592Z
22,0x000a,1.54343,0x00000000,2025-12-14T15:10:52.592Z,2025-12-14T15:10:52.592Z
21,0x000a,2.65977,0x00000000,2025-12-14T15:10:52.592Z,2025-12-14T15:10:52.592Z
8,0x0004,14238,0x00000000,2025-12-14T15:10:52.592Z,2025-12-14T15:10:52.592Z
7,0x0004,10285,0x00000000,2025-12-14T15:10:52.592Z,2025-12-14T15:10:52.592Z
6,0x0004,17860,0x00000000,2025-12-14T15:10:52.592Z,2025-12-14T15:10:52.592Z
36,0x000a,2.32406,0x00000000,2025-12-14T15:10:52.691Z,2025-12-14T15:10:52.691Z
35,0x000a,1.67232,0x00000000,2025-12-14T15:10:52.691Z,2025-12-14T15:10:52.691Z
34,0x000a,2.97919,0x00000000,2025-12-14T15:10:52.691Z,2025-12-14T15:10:52.691Z
26,0x000a,5.36965,0x00000000,2025-12-14T15:10:52.691Z,2025-12-14T15:10:52.691Z
25,0x000a,3.87985,0x00000000,2025-12-14T15:10:52.691Z,2025-12-14T15:10:52.691Z
24,0x000a,6.72996,0x00000000,2025-12-14T15:10:52.691Z,2025-12-14T15:10:52.691Z
23,0x000a,2.32406,0x00000000,2025-12-14T15:10:52.691Z,2025-12-14T15:10:52.691Z
22,0x000a,1.67232,0x00000000,2025-12-14T15:10:52.691Z,2025-12-14T15:10:52.691Z
21,0x000a,2.97919,0x00000000,2025-12-14T15:10:52.691Z,2025-12-14T15:10:52.691Z
8,0x0004,14846,0x00000000,2025-12-14T15:10:52.691Z,2025-12-14T15:10:52.691Z
7,0x0004,10727,0x00000000,2025-12-14T15:10:52.691Z,2025-12-14T15:10:52.691Z
6,0x0004,18607,0x00000000,2025-12-14T15:10:52.691Z,2025-12-14T15:10:52.691Z
39,0x000a,2.19908,0x00000000,2025-12-14T15:10:52.791Z,2025-12-14T15:10:52.791Z
38,0x000a,1.59867,0x00000000,2025-12-14T15:10:52.791Z,2025-12-14T15:10:52.791Z
37,0x000a,2.70182,0x00000000,2025-12-14T15:10:52.791Z,2025-12-14T15:10:52.791Z
26,0x000a,5.57979,0x00000000,2025-12-14T15:10:52.791Z,2025-12-14T15:10:52.791Z
25,0x000a,4.02995,0x00000000,2025-12-14T15:10:52.791Z,2025-12-14T15:10:52.791Z
24,0x000a,7.00991,0x00000000,2025-12-14T15:10:52.791Z,2025-12-14T15:10:52.791Z
8,0x0004,15427,0x00000000,2025-12-14T15:10:52.791Z,2025-12-14T15:10:52.791Z
7,0x0004,11142,0x00000000,2025-12-14T15:10:52.791Z,2025-12-14T15:10:52.791Z
6,0x0004,19381,0x00000000,2025-12-14T15:10:52.791Z,2025-12-14T15:10:52.791Z
39,0x000a,2.10142,0x00000000,2025-12-14T15:10:52.892Z,2025-12-14T15:10:52.892Z
38,0x000a,1.50101,0x00000000,2025-12-14T15:10:52.892Z,2025-12-14T15:10:52.892Z
37,0x000a,2.79948,0x00000000,2025-12-14T15:10:52.892Z,2025-12-14T15:10:52.892Z
36,0x000a,2.26157,0x00000000,2025-12-14T15:10:52.892Z,2025-12-14T15:10:52.892Z
35,0x000a,1.63549,0x00000000,2025-12-14T15:10:52.892Z,2025-12-14T15:10:52.892Z
34,0x000a,2.84051,0x00000000,2025-12-14T15:10:52.892Z,2025-12-14T15:10:52.892Z
26,0x000a,5.78993,0x00000000,2025-12-14T15:10:52.892Z,2025-12-14T15:10:52.892Z
25,0x000a,4.17969,0x00000000,2025-12-14T15:10:52.892Z,2025-12-14T15:10:52.892Z
24,0x000a,7.28986,0x00000000,2025-12-14T15:10:52.892Z,2025-12-14T15:10:52.892Z
23,0x000a,2.26157,0x00000000,2025-12-14T15:10:52.892Z,2025-12-14T15:10:52.892Z
22,0x000a,1.63549,0x00000000,2025-12-14T15:10:52.892Z,2025-12-14T15:10:52.892Z
21,0x000a,2.84051,0x00000000,2025-12-14T15:10:52.892Z,2025-12-14T15:10:52.892Z
8,0x0004,16008,0x00000000,2025-12-14T15:10:52.892Z,2025-12-14T15:10:52.892Z
7,0x0004,11556,0x00000000,2025-12-14T15:10:52.892Z,2025-12-14T15:10:52.892Z
6,0x0004,20155,0x00000000,2025-12-14T15:10:52.892Z,2025-12-14T15:10:52.892Z
39,0x000a,4.30049,0x00000000,2025-12-14T15:10:52.992Z,2025-12-14T15:10:52.992Z
38,0x000a,3.09968,0x00000000,2025-12-14T15:10:52.992Z,2025-12-14T15:10:52.992Z
37,0x000a,5.49768,0x00000000,2025-12-14T15:10:52.992Z,2025-12-14T15:10:52.992Z
36,0x000a,2.18149,0x00000000,2025-12-14T15:10:52.992Z,2025-12-14T15:10:52.992Z
35,0x000a,1.56825,0x00000000,2025-12-14T15:10:52.992Z,2025-12-14T15:10:52.992Z
34,0x000a,2.81999,0x00000000,2025-12-14T15:10:52.992Z,2025-12-14T15:10:52.992Z
26,0x000a,6.00984,0x00000000,2025-12-14T15:10:52.992Z,2025-12-14T15:10:52.992Z
25,0x000a,4.33992,0x00000000,2025-12-14T15:10:52.992Z,2025-12-14T15:10:52.992Z
24,0x000a,7.55968,0x00000000,2025-12-14T15:10:52.992Z,2025-12-14T15:10:52.992Z
23,0x000a,2.18149,0x00000000,2025-12-14T15:10:52.992Z,2025-12-14T15:10:52.992Z
22,0x000a,1.56825,0x00000000,2025-12-14T15:10:52.992Z,2025-12-14T15:10:52.992Z
21,0x000a,2.81999,0x00000000,2025-12-14T15:10:52.992Z,2025-12-14T15:10:52.992Z
8,0x0004,16616,0x00000000,2025-12-14T15:10:52.992Z,2025-12-14T15:10:52.992Z
7,0x0004,11999,0x00000000,2025-12-14T15:10:52.992Z,2025-12-14T15:10:52.992Z
6,0x0004,20901,0x00000000,2025-12-14T15:10:52.992Z,2025-12-14T15:10:52.992Z
39,0x000a,2.10142,0x00000000,2025-12-14T15:10:53.089Z,2025-12-14T15:10:53.089Z
38,0x000a,1.49739,0x00000000,2025-12-14T15:10:53.089Z,2025-12-14T15:10:53.089Z
37,0x000a,2.8031,0x00000000,2025-12-14T15:10:53.089Z,2025-12-14T15:10:53.089Z
36,0x000a,3.24099,0x00000000,2025-12-14T15:10:53.089Z,2025-12-14T15:10:53.089Z
35,0x000a,2.33397,0x00000000,2025-12-14T15:10:53.089Z,2025-12-14T15:10:53.089Z
34,0x000a,4.15884,0x00000000,2025-12-14T15:10:53.089Z,2025-12-14T15:10:53.089Z
26,0x000a,6.21998,0x00000000,2025-12-14T15:10:53.089Z,2025-12-14T15:10:53.089Z
25,0x000a,4.48966,0x00000000,2025-12-14T15:10:53.089Z,2025-12-14T15:10:53.089Z
24,0x000a,7.83999,0x00000000,2025-12-14T15:10:53.089Z,2025-12-14T15:10:53.089Z
23,0x000a,3.24099,0x00000000,2025-12-14T15:10:53.089Z,2025-12-14T15:10:53.089Z
22,0x000a,2.33397,0x00000000,2025-12-14T15:10:53.089Z,2025-12-14T15:10:53.089Z
21,0x000a,4.15884,0x00000000,2025-12-14T15:10:53.089Z,2025-12-14T15:10:53.089Z
13,0x0001,false,0x00000000,2025-12-14T15:10:53.089Z,2025-12-14T15:10:53.089Z
8,0x0004,17197,0x00000000,2025-12-14T15:10:53.089Z,2025-12-14T15:10:53.089Z
7,0x0004,12413,0x00000000,2025-12-14T15:10:53.089Z,2025-12-14T15:10:53.089Z
6,0x0004,21676,0x00000000,2025-12-14T15:10:53.089Z,2025-12-14T15:10:53.089Z
39,0x000a,2.0978,0x00000000,2025-12-14T15:10:53.190Z,2025-12-14T15:10:53.190Z
38,0x000a,1.50101,0x00000000,2025-12-14T15:10:53.190Z,2025-12-14T15:10:53.190Z
37,0x000a,2.69821,0x00000000,2025-12-14T15:10:53.190Z,2025-12-14T15:10:53.190Z
36,0x000a,2.67121,0x00000000,2025-12-14T15:10:53.190Z,2025-12-14T15:10:53.190Z
35,0x000a,1.91568,0x00000000,2025-12-14T15:10:53.190Z,2025-12-14T15:10:53.190Z
34,0x000a,3.48097,0x00000000,2025-12-14T15:10:53.190Z,2025-12-14T15:10:53.190Z
26,0x000a,6.42976,0x00000000,2025-12-14T15:10:53.190Z,2025-12-14T15:10:53.190Z
25,0x000a,4.63976,0x00000000,2025-12-14T15:10:53.190Z,2025-12-14T15:10:53.190Z
24,0x000a,8.10981,0x00000000,2025-12-14T15:10:53.190Z,2025-12-14T15:10:53.190Z
23,0x000a,2.67121,0x00000000,2025-12-14T15:10:53.190Z,2025-12-14T15:10:53.190Z
22,0x000a,1.91568,0x00000000,2025-12-14T15:10:53.190Z,2025-12-14T15:10:53.190Z
21,0x000a,3.48097,0x00000000,2025-12-14T15:10:53.190Z,2025-12-14T15:10:53.190Z
8,0x0004,17777,0x00000000,2025-12-14T15:10:53.190Z,2025-12-14T15:10:53.190Z
7,0x0004,12828,0x00000000,2025-12-14T15:10:53.190Z,2025-12-14T15:10:53.190Z
6,0x0004,22422,0x00000000,2025-12-14T15:10:53.190Z,2025-12-14T15:10:53.190Z
39,0x000a,2.19908,0x00000000,2025-12-14T15:10:53.290Z,2025-12-14T15:10:53.290Z
38,0x000a,1.60229,0x00000000,2025-12-14T15:10:53.290Z,2025-12-14T15:10:53.290Z
37,0x000a,1.69994,0x00000000,2025-12-14T15:10:53.290Z,2025-12-14T15:10:53.290Z
36,0x000a,2.3845,0x00000000,2025-12-14T15:10:53.290Z,2025-12-14T15:10:53.290Z
35,0x000a,1.70835,0x00000000,2025-12-14T15:10:53.290Z,2025-12-14T15:10:53.290Z
34,0x000a,3.08959,0x00000000,2025-12-14T15:10:53.290Z,2025-12-14T15:10:53.290Z
26,0x000a,6.64967,0x00000000,2025-12-14T15:10:53.290Z,2025-12-14T15:10:53.290Z
25,0x000a,4.79999,0x00000000,2025-12-14T15:10:53.290Z,2025-12-14T15:10:53.290Z
24,0x000a,8.2798,0x00000000,2025-12-14T15:10:53.290Z,2025-12-14T15:10:53.290Z
23,0x000a,2.3845,0x00000000,2025-12-14T15:10:53.290Z,2025-12-14T15:10:53.290Z
22,0x000a,1.70835,0x00000000,2025-12-14T15:10:53.290Z,2025-12-14T15:10:53.290Z
21,0x000a,3.08959,0x00000000,2025-12-14T15:10:53.290Z,2025-12-14T15:10:53.290Z
8,0x0004,18385,0x00000000,2025-12-14T15:10:53.290Z,2025-12-14T15:10:53.290Z
7,0x0004,13271,0x00000000,2025-12-14T15:10:53.290Z,2025-12-14T15:10:53.290Z
6,0x0004,22892,0x00000000,2025-12-14T15:10:53.290Z,2025-12-14T15:10:53.290Z
39,0x000a,2.10142,0x00000000,2025-12-14T15:10:53.392Z,2025-12-14T15:10:53.392Z
38,0x000a,1.4974,0x00000000,2025-12-14T15:10:53.392Z,2025-12-14T15:10:53.392Z
37,0x000a,0,0x00000000,2025-12-14T15:10:53.392Z,2025-12-14T15:10:53.392Z
36,0x000a,2.29179,0x00000000,2025-12-14T15:10:53.392Z,2025-12-14T15:10:53.392Z
35,0x000a,1.65532,0x00000000,2025-12-14T15:10:53.392Z,2025-12-14T15:10:53.392Z
34,0x000a,2.39477,0x00000000,2025-12-14T15:10:53.392Z,2025-12-14T15:10:53.392Z
29,0x0004,27000,0x00000000,2025-12-14T15:10:53.392Z,2025-12-14T15:10:53.392Z
26,0x000a,6.85981,0x00000000,2025-12-14T15:10:53.392Z,2025-12-14T15:10:53.392Z
25,0x000a,4.94973,0x00000000,2025-12-14T15:10:53.392Z,2025-12-14T15:10:53.392Z
23,0x000a,2.29179,0x00000000,2025-12-14T15:10:53.392Z,2025-12-14T15:10:53.392Z
22,0x000a,1.65532,0x00000000,2025-12-14T15:10:53.392Z,2025-12-14T15:10:53.392Z
21,0x000a,2.39477,0x00000000,2025-12-14T15:10:53.392Z,2025-12-14T15:10:53.392Z
8,0x0004,18966,0x00000000,2025-12-14T15:10:53.392Z,2025-12-14T15:10:53.392Z
7,0x0004,13685,0x00000000,2025-12-14T15:10:53.392Z,2025-12-14T15:10:53.392Z
39,0x000a,2.60055,0x00000000,2025-12-14T15:10:53.490Z,2025-12-14T15:10:53.490Z
38,0x000a,1.30208,0x00000000,2025-12-14T15:10:53.490Z,2025-12-14T15:10:53.490Z
36,0x000a,2.1966,0x00000000,2025-12-14T15:10:53.490Z,2025-12-14T15:10:53.490Z
35,0x000a,1.57636,0x00000000,2025-12-14T15:10:53.490Z,2025-12-14T15:10:53.490Z
34,0x000a,1.19738,0x00000000,2025-12-14T15:10:53.490Z,2025-12-14T15:10:53.490Z
26,0x000a,7.11986,0x00000000,2025-12-14T15:10:53.490Z,2025-12-14T15:10:53.490Z
25,0x000a,5.07993,0x00000000,2025-12-14T15:10:53.490Z,2025-12-14T15:10:53.490Z
23,0x000a,2.1966,0x00000000,2025-12-14T15:10:53.490Z,2025-12-14T15:10:53.490Z
22,0x000a,1.57636,0x00000000,2025-12-14T15:10:53.490Z,2025-12-14T15:10:53.490Z
21,0x000a,1.19738,0x00000000,2025-12-14T15:10:53.490Z,2025-12-14T15:10:53.490Z
8,0x0004,19685,0x00000000,2025-12-14T15:10:53.490Z,2025-12-14T15:10:53.490Z
7,0x0004,14045,0x00000000,2025-12-14T15:10:53.490Z,2025-12-14T15:10:53.490Z
40,0x0001,true,0x00000000,2025-12-14T15:10:53.591Z,2025-12-14T15:10:53.591Z
36,0x000a,2.39858,0x00000000,2025-12-14T15:10:53.591Z,2025-12-14T15:10:53.591Z
35,0x000a,1.43922,0x00000000,2025-12-14T15:10:53.591Z,2025-12-14T15:10:53.591Z
34,0x000a,0.598691,0x00000000,2025-12-14T15:10:53.591Z,2025-12-14T15:10:53.591Z
26,0x000a,7.32964,0x00000000,2025-12-14T15:10:53.591Z,2025-12-14T15:10:53.591Z
23,0x000a,2.39858,0x00000000,2025-12-14T15:10:53.591Z,2025-12-14T15:10:53.591Z
22,0x000a,1.43922,0x00000000,2025-12-14T15:10:53.591Z,2025-12-14T15:10:53.591Z
21,0x000a,0.598691,0x00000000,2025-12-14T15:10:53.591Z,2025-12-14T15:10:53.591Z
8,0x0004,20265,0x00000000,2025-12-14T15:10:53.591Z,2025-12-14T15:10:53.591Z
39,0x000a,2.0978,0x00000000,2025-12-14T15:10:53.690Z,2025-12-14T15:10:53.690Z
39,0x000a,2.10142,0x00000000,2025-12-14T15:10:53.791Z,2025-12-14T15:10:53.791Z
38,0x000a,0,0x00000000,2025-12-14T15:10:53.690Z,2025-12-14T15:10:53.690Z
36,0x000a,2.24819,0x00000000,2025-12-14T15:10:53.791Z,2025-12-14T15:10:53.791Z
35,0x000a,0.719609,0x00000000,2025-12-14T15:10:53.791Z,2025-12-14T15:10:53.791Z
34,0x000a,0.299346,0x00000000,2025-12-14T15:10:53.791Z,2025-12-14T15:10:53.791Z
26,0x000a,7.53979,0x00000000,2025-12-14T15:10:53.690Z,2025-12-14T15:10:53.690Z
26,0x000a,7.74993,0x00000000,2025-12-14T15:10:53.791Z,2025-12-14T15:10:53.791Z
25,0x000a,5.0897,0x00000000,2025-12-14T15:10:53.791Z,2025-12-14T15:10:53.791Z
23,0x000a,2.24819,0x00000000,2025-12-14T15:10:53.791Z,2025-12-14T15:10:53.791Z
22,0x000a,0.719609,0x00000000,2025-12-14T15:10:53.791Z,2025-12-14T15:10:53.791Z
21,0x000a,0.299346,0x00000000,2025-12-14T15:10:53.791Z,2025-12-14T15:10:53.791Z
8,0x0004,20846,0x00000000,2025-12-14T15:10:53.690Z,2025-12-14T15:10:53.690Z
8,0x0004,21427,0x00000000,2025-12-14T15:10:53.791Z,2025-12-14T15:10:53.791Z
7,0x0004,14072,0x00000000,2025-12-14T15:10:53.791Z,2025-12-14T15:10:53.791Z
38,0x000a,0.0976562,0x00000000,2025-12-14T15:10:53.890Z,2025-12-14T15:10:53.890Z
36,0x000a,2.1748,0x00000000,2025-12-14T15:10:53.890Z,2025-12-14T15:10:53.890Z
35,0x000a,0.359805,0x00000000,2025-12-14T15:10:53.890Z,2025-12-14T15:10:53.890Z
34,0x000a,0.149673,0x00000000,2025-12-14T15:10:53.890Z,2025-12-14T15:10:53.890Z
26,0x000a,8.00998,0x00000000,2025-12-14T15:10:53.890Z,2025-12-14T15:10:53.890Z
23,0x000a,2.1748,0x00000000,2025-12-14T15:10:53.890Z,2025-12-14T15:10:53.890Z
22,0x000a,0.359805,0x00000000,2025-12-14T15:10:53.890Z,2025-12-14T15:10:53.890Z
21,0x000a,0.149673,0x00000000,2025-12-14T15:10:53.890Z,2025-12-14T15:10:53.890Z
8,0x0004,22146,0x00000000,2025-12-14T15:10:53.890Z,2025-12-14T15:10:53.890Z
39,0x000a,2.60055,0x00000000,2025-12-14T15:10:53.990Z,2025-12-14T15:10:53.990Z
38,0x000a,0,0x00000000,2025-12-14T15:10:53.990Z,2025-12-14T15:10:53.990Z
36,0x000a,2.13811,0x00000000,2025-12-14T15:10:53.990Z,2025-12-14T15:10:53.990Z
35,0x000a,0.22873,0x00000000,2025-12-14T15:10:53.990Z,2025-12-14T15:10:53.990Z
34,0x000a,0.0748364,0x00000000,2025-12-14T15:10:53.990Z,2025-12-14T15:10:53.990Z
26,0x000a,8.21976,0x00000000,2025-12-14T15:10:53.990Z,2025-12-14T15:10:53.990Z
23,0x000a,2.13811,0x00000000,2025-12-14T15:10:53.990Z,2025-12-14T15:10:53.990Z
22,0x000a,0.22873,0x00000000,2025-12-14T15:10:53.990Z,2025-12-14T15:10:53.990Z
21,0x000a,0.0748364,0x00000000,2025-12-14T15:10:53.990Z,2025-12-14T15:10:53.990Z
8,0x0004,22726,0x00000000,2025-12-14T15:10:53.990Z,2025-12-14T15:10:53.990Z
39,0x000a,4.29688,0x00000000,2025-12-14T15:10:54.090Z,2025-12-14T15:10:54.090Z
38,0x000a,0.101275,0x00000000,2025-12-14T15:10:54.090Z,2025-12-14T15:10:54.090Z
36,0x000a,2.36933,0x00000000,2025-12-14T15:10:54.090Z,2025-12-14T15:10:54.090Z
35,0x000a,0.114365,0x00000000,2025-12-14T15:10:54.090Z,2025-12-14T15:10:54.090Z
34,0x000a,0.0374182,0x00000000,2025-12-14T15:10:54.090Z,2025-12-14T15:10:54.090Z
26,0x000a,8.43967,0x00000000,2025-12-14T15:10:54.090Z,2025-12-14T15:10:54.090Z
25,0x000a,5.09983,0x00000000,2025-12-14T15:10:54.090Z,2025-12-14T15:10:54.090Z
23,0x000a,2.36933,0x00000000,2025-12-14T15:10:54.090Z,2025-12-14T15:10:54.090Z
22,0x000a,0.114365,0x00000000,2025-12-14T15:10:54.090Z,2025-12-14T15:10:54.090Z
21,0x000a,0.0374182,0x00000000,2025-12-14T15:10:54.090Z,2025-12-14T15:10:54.090Z
8,0x0004,23334,0x00000000,2025-12-14T15:10:54.090Z,2025-12-14T15:10:54.090Z
7,0x0004,14100,0x00000000,2025-12-14T15:10:54.090Z,2025-12-14T15:10:54.090Z
39,0x000a,2.10142,0x00000000,2025-12-14T15:10:54.191Z,2025-12-14T15:10:54.191Z
38,0x000a,0,0x00000000,2025-12-14T15:10:54.191Z,2025-12-14T15:10:54.191Z
36,0x000a,3.3331,0x00000000,2025-12-14T15:10:54.191Z,2025-12-14T15:10:54.191Z
35,0x000a,0.10782,0x00000000,2025-12-14T15:10:54.191Z,2025-12-14T15:10:54.191Z
34,0x000a,0.0187091,0x00000000,2025-12-14T15:10:54.191Z,2025-12-14T15:10:54.191Z
26,0x000a,8.64981,0x00000000,2025-12-14T15:10:54.191Z,2025-12-14T15:10:54.191Z
23,0x000a,3.3331,0x00000000,2025-12-14T15:10:54.191Z,2025-12-14T15:10:54.191Z
22,0x000a,0.10782,0x00000000,2025-12-14T15:10:54.191Z,2025-12-14T15:10:54.191Z
21,0x000a,0.0187091,0x00000000,2025-12-14T15:10:54.191Z,2025-12-14T15:10:54.191Z
8,0x0004,23915,0x00000000,2025-12-14T15:10:54.191Z,2025-12-14T15:10:54.191Z
38,0x000a,0.101271,0x00000000,2025-12-14T15:10:54.290Z,2025-12-14T15:10:54.290Z
36,0x000a,2.71726,0x00000000,2025-12-14T15:10:54.290Z,2025-12-14T15:10:54.290Z
35,0x000a,0.0539102,0x00000000,2025-12-14T15:10:54.290Z,2025-12-14T15:10:54.290Z
34,0x000a,0.00935455,0x00000000,2025-12-14T15:10:54.290Z,2025-12-14T15:10:54.290Z
29,0x0004,0,0x00000000,2025-12-14T15:10:54.290Z,2025-12-14T15:10:54.290Z
26,0x000a,8.85995,0x00000000,2025-12-14T15:10:54.290Z,2025-12-14T15:10:54.290Z
25,0x000a,5.10995,0x00000000,2025-12-14T15:10:54.290Z,2025-12-14T15:10:54.290Z
23,0x000a,2.71726,0x00000000,2025-12-14T15:10:54.290Z,2025-12-14T15:10:54.290Z
22,0x000a,0.0539102,0x00000000,2025-12-14T15:10:54.290Z,2025-12-14T15:10:54.290Z
21,0x000a,0.00935455,0x00000000,2025-12-14T15:10:54.290Z,2025-12-14T15:10:54.290Z
8,0x0004,24496,0x00000000,2025-12-14T15:10:54.290Z,2025-12-14T15:10:54.290Z
7,0x0004,14128,0x00000000,2025-12-14T15:10:54.290Z,2025-12-14T15:10:54.290Z
39,0x000a,2.19907,0x00000000,2025-12-14T15:10:54.393Z,2025-12-14T15:10:54.393Z
38,0x000a,0.60041,0x00000000,2025-12-14T15:10:54.393Z,2025-12-14T15:10:54.393Z
36,0x000a,2.40934,0x00000000,2025-12-14T15:10:54.393Z,2025-12-14T15:10:54.393Z
35,0x000a,0.0775904,0x00000000,2025-12-14T15:10:54.393Z,2025-12-14T15:10:54.393Z
34,0x000a,0.00467728,0x00000000,2025-12-14T15:10:54.393Z,2025-12-14T15:10:54.393Z
26,0x000a,9.07986,0x00000000,2025-12-14T15:10:54.393Z,2025-12-14T15:10:54.393Z
25,0x000a,5.16999,0x00000000,2025-12-14T15:10:54.393Z,2025-12-14T15:10:54.393Z
23,0x000a,2.40934,0x00000000,2025-12-14T15:10:54.393Z,2025-12-14T15:10:54.393Z
22,0x000a,0.0775904,0x00000000,2025-12-14T15:10:54.393Z,2025-12-14T15:10:54.393Z
21,0x000a,0.00467728,0x00000000,2025-12-14T15:10:54.393Z,2025-12-14T15:10:54.393Z
8,0x0004,25104,0x00000000,2025-12-14T15:10:54.393Z,2025-12-14T15:10:54.393Z
7,0x0004,14294,0x00000000,2025-12-14T15:10:54.393Z,2025-12-14T15:10:54.393Z
26,0x000a,9.32979,0x00000000,2025-12-14T15:10:54.492Z,2025-12-14T15:10:54.492Z
25,0x000a,5.34975,0x00000000,2025-12-14T15:10:54.492Z,2025-12-14T15:10:54.492Z
8,0x0004,25795,0x00000000,2025-12-14T15:10:54.492Z,2025-12-14T15:10:54.492Z
7,0x0004,14791,0x00000000,2025-12-14T15:10:54.492Z,2025-12-14T15:10:54.492Z
39,0x000a,2.49928,0x00000000,2025-12-14T15:10:54.590Z,2025-12-14T15:10:54.590Z
38,0x000a,1.7976,0x00000000,2025-12-14T15:10:54.590Z,2025-12-14T15:10:54.590Z
36,0x000a,2.3042,0x00000000,2025-12-14T15:10:54.590Z,2025-12-14T15:10:54.590Z
35,0x000a,0.339,0x00000000,2025-12-14T15:10:54.590Z,2025-12-14T15:10:54.590Z
34,0x000a,0.00233864,0x00000000,2025-12-14T15:10:54.590Z,2025-12-14T15:10:54.590Z
26,0x000a,9.53993,0x00000000,2025-12-14T15:10:54.590Z,2025-12-14T15:10:54.590Z
25,0x000a,5.50998,0x00000000,2025-12-14T15:10:54.590Z,2025-12-14T15:10:54.590Z
23,0x000a,2.3042,0x00000000,2025-12-14T15:10:54.590Z,2025-12-14T15:10:54.590Z
22,0x000a,0.339,0x00000000,2025-12-14T15:10:54.590Z,2025-12-14T15:10:54.590Z
21,0x000a,0.00233864,0x00000000,2025-12-14T15:10:54.590Z,2025-12-14T15:10:54.590Z
8,0x0004,26376,0x00000000,2025-12-14T15:10:54.590Z,2025-12-14T15:10:54.590Z
7,0x0004,15234,0x00000000,2025-12-14T15:10:54.590Z,2025-12-14T15:10:54.590Z
39,0x000a,2.10142,0x00000000,2025-12-14T15:10:54.691Z,2025-12-14T15:10:54.691Z
38,0x000a,1.60229,0x00000000,2025-12-14T15:10:54.691Z,2025-12-14T15:10:54.691Z
36,0x000a,2.40174,0x00000000,2025-12-14T15:10:54.691Z,2025-12-14T15:10:54.691Z
35,0x000a,1.0683,0x00000000,2025-12-14T15:10:54.691Z,2025-12-14T15:10:54.691Z
34,0x000a,0.00116932,0x00000000,2025-12-14T15:10:54.691Z,2025-12-14T15:10:54.691Z
26,0x000a,9.75984,0x00000000,2025-12-14T15:10:54.691Z,2025-12-14T15:10:54.691Z
25,0x000a,5.65972,0x00000000,2025-12-14T15:10:54.691Z,2025-12-14T15:10:54.691Z
23,0x000a,2.40174,0x00000000,2025-12-14T15:10:54.691Z,2025-12-14T15:10:54.691Z
22,0x000a,1.0683,0x00000000,2025-12-14T15:10:54.691Z,2025-12-14T15:10:54.691Z
21,0x000a,0.00116932,0x00000000,2025-12-14T15:10:54.691Z,2025-12-14T15:10:54.691Z
17,0x0001,false,0x00000000,2025-12-14T15:10:54.691Z,2025-12-14T15:10:54.691Z
8,0x0004,26984,0x00000000,2025-12-14T15:10:54.691Z,2025-12-14T15:10:54.691Z
7,0x0004,15648,0x00000000,2025-12-14T15:10:54.691Z,2025-12-14T15:10:54.691Z
39,0x000a,2.19908,0x00000000,2025-12-14T15:10:54.792Z,2025-12-14T15:10:54.792Z
38,0x000a,1.4974,0x00000000,2025-12-14T15:10:54.792Z,2025-12-14T15:10:54.792Z
36,0x000a,2.25158,0x00000000,2025-12-14T15:10:54.792Z,2025-12-14T15:10:54.792Z
35,0x000a,1.33529,0x00000000,2025-12-14T15:10:54.792Z,2025-12-14T15:10:54.792Z
34,0x000a,0.00058466,0x00000000,2025-12-14T15:10:54.792Z,2025-12-14T15:10:54.792Z
26,0x000a,9.96998,0x00000000,2025-12-14T15:10:54.792Z,2025-12-14T15:10:54.792Z
25,0x000a,5.80982,0x00000000,2025-12-14T15:10:54.792Z,2025-12-14T15:10:54.792Z
23,0x000a,2.25158,0x00000000,2025-12-14T15:10:54.792Z,2025-12-14T15:10:54.792Z
22,0x000a,1.33529,0x00000000,2025-12-14T15:10:54.792Z,2025-12-14T15:10:54.792Z
21,0x000a,0.00058466,0x00000000,2025-12-14T15:10:54.792Z,2025-12-14T15:10:54.792Z
8,0x0004,27565,0x00000000,2025-12-14T15:10:54.792Z,2025-12-14T15:10:54.792Z
7,0x0004,16063,0x00000000,2025-12-14T15:10:54.792Z,2025-12-14T15:10:54.792Z
39,0x000a,2.10141,0x00000000,2025-12-14T15:10:54.891Z,2025-12-14T15:10:54.891Z
38,0x000a,1.50101,0x00000000,2025-12-14T15:10:54.891Z,2025-12-14T15:10:54.891Z
36,0x000a,2.22533,0x00000000,2025-12-14T15:10:54.891Z,2025-12-14T15:10:54.891Z
35,0x000a,1.41634,0x00000000,2025-12-14T15:10:54.891Z,2025-12-14T15:10:54.891Z
34,0x000a,0.00029233,0x00000000,2025-12-14T15:10:54.891Z,2025-12-14T15:10:54.891Z
26,0x000a,10,0x00000000,2025-12-14T15:10:54.891Z,2025-12-14T15:10:54.891Z
25,0x000a,5.96969,0x00000000,2025-12-14T15:10:54.891Z,2025-12-14T15:10:54.891Z
23,0x000a,2.22533,0x00000000,2025-12-14T15:10:54.891Z,2025-12-14T15:10:54.891Z
22,0x000a,1.41634,0x00000000,2025-12-14T15:10:54.891Z,2025-12-14T15:10:54.891Z
21,0x000a,0.00029233,0x00000000,2025-12-14T15:10:54.891Z,2025-12-14T15:10:54.891Z
8,0x0004,27648,0x00000000,2025-12-14T15:10:54.891Z,2025-12-14T15:10:54.891Z
7,0x0004,16505,0x00000000,2025-12-14T15:10:54.891Z,2025-12-14T15:10:54.891Z
39,0x000a,0.300207,0x00000000,2025-12-14T15:10:54.990Z,2025-12-14T15:10:54.990Z
39,0x000a,0,0x00000000,2025-12-14T15:10:55.091Z,2025-12-14T15:10:55.091Z
38,0x000a,1.59867,0x00000000,2025-12-14T15:10:54.990Z,2025-12-14T15:10:54.990Z
38,0x000a,1.50101,0x00000000,2025-12-14T15:10:55.091Z,2025-12-14T15:10:55.091Z
36,0x000a,2.16337,0x00000000,2025-12-14T15:10:54.990Z,2025-12-14T15:10:54.990Z
36,0x000a,1.23179,0x00000000,2025-12-14T15:10:55.091Z,2025-12-14T15:10:55.091Z
35,0x000a,1.45868,0x00000000,2025-12-14T15:10:54.990Z,2025-12-14T15:10:54.990Z
35,0x000a,1.52867,0x00000000,2025-12-14T15:10:55.091Z,2025-12-14T15:10:55.091Z
34,0x000a,0.000146165,0x00000000,2025-12-14T15:10:54.990Z,2025-12-14T15:10:54.990Z
34,0x000a,7.30824e-05,0x00000000,2025-12-14T15:10:55.091Z,2025-12-14T15:10:55.091Z
25,0x000a,6.11979,0x00000000,2025-12-14T15:10:54.990Z,2025-12-14T15:10:54.990Z
25,0x000a,6.26989,0x00000000,2025-12-14T15:10:55.091Z,2025-12-14T15:10:55.091Z
23,0x000a,2.16337,0x00000000,2025-12-14T15:10:54.990Z,2025-12-14T15:10:54.990Z
23,0x000a,1.23179,0x00000000,2025-12-14T15:10:55.091Z,2025-12-14T15:10:55.091Z
22,0x000a,1.45868,0x00000000,2025-12-14T15:10:54.990Z,2025-12-14T15:10:54.990Z
22,0x000a,1.52867,0x00000000,2025-12-14T15:10:55.091Z,2025-12-14T15:10:55.091Z
21,0x000a,0.000146165,0x00000000,2025-12-14T15:10:54.990Z,2025-12-14T15:10:54.990Z
21,0x000a,7.30824e-05,0x00000000,2025-12-14T15:10:55.091Z,2025-12-14T15:10:55.091Z
7,0x0004,16920,0x00000000,2025-12-14T15:10:54.990Z,2025-12-14T15:10:54.990Z
7,0x0004,17335,0x00000000,2025-12-14T15:10:55.091Z,2025-12-14T15:10:55.091Z
42,0x0001,true,0x00000000,2025-12-14T15:10:55.192Z,2025-12-14T15:10:55.192Z
38,0x000a,3.09968,0x00000000,2025-12-14T15:10:55.192Z,2025-12-14T15:10:55.192Z
36,0x000a,0.615894,0x00000000,2025-12-14T15:10:55.192Z,2025-12-14T15:10:55.192Z
35,0x000a,1.51484,0x00000000,2025-12-14T15:10:55.192Z,2025-12-14T15:10:55.192Z
34,0x000a,3.65412e-05,0x00000000,2025-12-14T15:10:55.192Z,2025-12-14T15:10:55.192Z
25,0x000a,6.42976,0x00000000,2025-12-14T15:10:55.192Z,2025-12-14T15:10:55.192Z
23,0x000a,0.615894,0x00000000,2025-12-14T15:10:55.192Z,2025-12-14T15:10:55.192Z
22,0x000a,1.51484,0x00000000,2025-12-14T15:10:55.192Z,2025-12-14T15:10:55.192Z
21,0x000a,3.65412e-05,0x00000000,2025-12-14T15:10:55.192Z,2025-12-14T15:10:55.192Z
7,0x0004,17777,0x00000000,2025-12-14T15:10:55.192Z,2025-12-14T15:10:55.192Z
36,0x000a,0.307947,0x00000000,2025-12-14T15:10:55.290Z,2025-12-14T15:10:55.290Z
35,0x000a,2.30726,0x00000000,2025-12-14T15:10:55.290Z,2025-12-14T15:10:55.290Z
34,0x000a,1.82706e-05,0x00000000,2025-12-14T15:10:55.290Z,2025-12-14T15:10:55.290Z
25,0x000a,6.60988,0x00000000,2025-12-14T15:10:55.290Z,2025-12-14T15:10:55.290Z
23,0x000a,0.307947,0x00000000,2025-12-14T15:10:55.290Z,2025-12-14T15:10:55.290Z
22,0x000a,2.30726,0x00000000,2025-12-14T15:10:55.290Z,2025-12-14T15:10:55.290Z
21,0x000a,1.82706e-05,0x00000000,2025-12-14T15:10:55.290Z,2025-12-14T15:10:55.290Z
7,0x0004,18275,0x00000000,2025-12-14T15:10:55.290Z,2025-12-14T15:10:55.290Z
38,0x000a,1.80122,0x00000000,2025-12-14T15:10:55.392Z,2025-12-14T15:10:55.392Z
25,0x000a,6.75998,0x00000000,2025-12-14T15:10:55.392Z,2025-12-14T15:10:55.392Z
7,0x0004,18690,0x00000000,2025-12-14T15:10:55.392Z,2025-12-14T15:10:55.392Z
38,0x000a,1.50101,0x00000000,2025-12-14T15:10:55.492Z,2025-12-14T15:10:55.492Z
36,0x000a,0.153974,0x00000000,2025-12-14T15:10:55.492Z,2025-12-14T15:10:55.492Z
35,0x000a,2.05424,0x00000000,2025-12-14T15:10:55.492Z,2025-12-14T15:10:55.492Z
34,0x000a,9.1353e-06,0x00000000,2025-12-14T15:10:55.492Z,2025-12-14T15:10:55.492Z
25,0x000a,6.91985,0x00000000,2025-12-14T15:10:55.492Z,2025-12-14T15:10:55.492Z
23,0x000a,0.153974,0x00000000,2025-12-14T15:10:55.492Z,2025-12-14T15:10:55.492Z
22,0x000a,2.05424,0x00000000,2025-12-14T15:10:55.492Z,2025-12-14T15:10:55.492Z
21,0x000a,9.1353e-06,0x00000000,2025-12-14T15:10:55.492Z,2025-12-14T15:10:55.492Z
7,0x0004,19132,0x00000000,2025-12-14T15:10:55.492Z,2025-12-14T15:10:55.492Z
38,0x000a,1.59867,0x00000000,2025-12-14T15:10:55.590Z,2025-12-14T15:10:55.590Z
36,0x000a,0.0769868,0x00000000,2025-12-14T15:10:55.590Z,2025-12-14T15:10:55.590Z
35,0x000a,1.77763,0x00000000,2025-12-14T15:10:55.590Z,2025-12-14T15:10:55.590Z
34,0x000a,4.56765e-06,0x00000000,2025-12-14T15:10:55.590Z,2025-12-14T15:10:55.590Z
23,0x000a,0.0769868,0x00000000,2025-12-14T15:10:55.590Z,2025-12-14T15:10:55.590Z
22,0x000a,1.77763,0x00000000,2025-12-14T15:10:55.590Z,2025-12-14T15:10:55.590Z
21,0x000a,4.56765e-06,0x00000000,2025-12-14T15:10:55.590Z,2025-12-14T15:10:55.590Z
38,0x000a,1.50101,0x00000000,2025-12-14T15:10:55.691Z,2025-12-14T15:10:55.691Z
36,0x000a,0.0384934,0x00000000,2025-12-14T15:10:55.691Z,2025-12-14T15:10:55.691Z
35,0x000a,1.68815,0x00000000,2025-12-14T15:10:55.691Z,2025-12-14T15:10:55.691Z
34,0x000a,2.28383e-06,0x00000000,2025-12-14T15:10:55.691Z,2025-12-14T15:10:55.691Z
25,0x000a,7.06995,0x00000000,2025-12-14T15:10:55.691Z,2025-12-14T15:10:55.691Z
23,0x000a,0.0384934,0x00000000,2025-12-14T15:10:55.691Z,2025-12-14T15:10:55.691Z
22,0x000a,1.68815,0x00000000,2025-12-14T15:10:55.691Z,2025-12-14T15:10:55.691Z
21,0x000a,2.28383e-06,0x00000000,2025-12-14T15:10:55.691Z,2025-12-14T15:10:55.691Z
7,0x0004,19547,0x00000000,2025-12-14T15:10:55.691Z,2025-12-14T15:10:55.691Z
38,0x000a,1.7976,0x00000000,2025-12-14T15:10:55.792Z,2025-12-14T15:10:55.792Z
36,0x000a,0.0192467,0x00000000,2025-12-14T15:10:55.792Z,2025-12-14T15:10:55.792Z
35,0x000a,1.59458,0x00000000,2025-12-14T15:10:55.792Z,2025-12-14T15:10:55.792Z
34,0x000a,1.14191e-06,0x00000000,2025-12-14T15:10:55.792Z,2025-12-14T15:10:55.792Z
25,0x000a,7.24971,0x00000000,2025-12-14T15:10:55.792Z,2025-12-14T15:10:55.792Z
23,0x000a,0.0192467,0x00000000,2025-12-14T15:10:55.792Z,2025-12-14T15:10:55.792Z
22,0x000a,1.59458,0x00000000,2025-12-14T15:10:55.792Z,2025-12-14T15:10:55.792Z
21,0x000a,1.14191e-06,0x00000000,2025-12-14T15:10:55.792Z,2025-12-14T15:10:55.792Z
7,0x0004,20044,0x00000000,2025-12-14T15:10:55.792Z,2025-12-14T15:10:55.792Z
38,0x000a,1.60229,0x00000000,2025-12-14T15:10:55.893Z,2025-12-14T15:10:55.893Z
36,0x000a,0.00962335,0x00000000,2025-12-14T15:10:55.893Z,2025-12-14T15:10:55.893Z
35,0x000a,1.69609,0x00000000,2025-12-14T15:10:55.893Z,2025-12-14T15:10:55.893Z
34,0x000a,5.70957e-07,0x00000000,2025-12-14T15:10:55.893Z,2025-12-14T15:10:55.893Z
25,0x000a,7.40994,0x00000000,2025-12-14T15:10:55.893Z,2025-12-14T15:10:55.893Z
23,0x000a,0.00962335,0x00000000,2025-12-14T15:10:55.893Z,2025-12-14T15:10:55.893Z
22,0x000a,1.69609,0x00000000,2025-12-14T15:10:55.893Z,2025-12-14T15:10:55.893Z
21,0x000a,5.70957e-07,0x00000000,2025-12-14T15:10:55.893Z,2025-12-14T15:10:55.893Z
7,0x0004,20487,0x00000000,2025-12-14T15:10:55.893Z,2025-12-14T15:10:55.893Z
38,0x000a,1.49739,0x00000000,2025-12-14T15:10:55.991Z,2025-12-14T15:10:55.991Z
36,0x000a,0.00481168,0x00000000,2025-12-14T15:10:55.991Z,2025-12-14T15:10:55.991Z
35,0x000a,1.64919,0x00000000,2025-12-14T15:10:55.991Z,2025-12-14T15:10:55.991Z
34,0x000a,2.85478e-07,0x00000000,2025-12-14T15:10:55.991Z,2025-12-14T15:10:55.991Z
25,0x000a,7.55968,0x00000000,2025-12-14T15:10:55.991Z,2025-12-14T15:10:55.991Z
23,0x000a,0.00481168,0x00000000,2025-12-14T15:10:55.991Z,2025-12-14T15:10:55.991Z
22,0x000a,1.64919,0x00000000,2025-12-14T15:10:55.991Z,2025-12-14T15:10:55.991Z
21,0x000a,2.85478e-07,0x00000000,2025-12-14T15:10:55.991Z,2025-12-14T15:10:55.991Z
7,0x0004,20901,0x00000000,2025-12-14T15:10:55.991Z,2025-12-14T15:10:55.991Z
36,0x000a,0.00240584,0x00000000,2025-12-14T15:10:56.089Z,2025-12-14T15:10:56.089Z
35,0x000a,1.57329,0x00000000,2025-12-14T15:10:56.089Z,2025-12-14T15:10:56.089Z
34,0x000a,1.42739e-07,0x00000000,2025-12-14T15:10:56.089Z,2025-12-14T15:10:56.089Z
25,0x000a,7.70978,0x00000000,2025-12-14T15:10:56.089Z,2025-12-14T15:10:56.089Z
23,0x000a,0.00240584,0x00000000,2025-12-14T15:10:56.089Z,2025-12-14T15:10:56.089Z
22,0x000a,1.57329,0x00000000,2025-12-14T15:10:56.089Z,2025-12-14T15:10:56.089Z
21,0x000a,1.42739e-07,0x00000000,2025-12-14T15:10:56.089Z,2025-12-14T15:10:56.089Z
7,0x0004,21316,0x00000000,2025-12-14T15:10:56.089Z,2025-12-14T15:10:56.089Z
38,0x000a,1.50101,0x00000000,2025-12-14T15:10:56.190Z,2025-12-14T15:10:56.190Z
25,0x000a,7.86965,0x00000000,2025-12-14T15:10:56.190Z,2025-12-14T15:10:56.190Z
7,0x0004,21758,0x00000000,2025-12-14T15:10:56.190Z,2025-12-14T15:10:56.190Z
38,0x000a,1.59867,0x00000000,2025-12-14T15:10:56.292Z,2025-12-14T15:10:56.292Z
36,0x000a,0.00120292,0x00000000,2025-12-14T15:10:56.292Z,2025-12-14T15:10:56.292Z
35,0x000a,1.53715,0x00000000,2025-12-14T15:10:56.292Z,2025-12-14T15:10:56.292Z
34,0x000a,7.13696e-08,0x00000000,2025-12-14T15:10:56.292Z,2025-12-14T15:10:56.292Z
25,0x000a,8.01975,0x00000000,2025-12-14T15:10:56.292Z,2025-12-14T15:10:56.292Z
23,0x000a,0.00120292,0x00000000,2025-12-14T15:10:56.292Z,2025-12-14T15:10:56.292Z
22,0x000a,1.53715,0x00000000,2025-12-14T15:10:56.292Z,2025-12-14T15:10:56.292Z
21,0x000a,7.13696e-08,0x00000000,2025-12-14T15:10:56.292Z,2025-12-14T15:10:56.292Z
7,0x0004,22173,0x00000000,2025-12-14T15:10:56.292Z,2025-12-14T15:10:56.292Z
38,0x000a,3.00202,0x00000000,2025-12-14T15:10:56.390Z,2025-12-14T15:10:56.390Z
36,0x000a,0.000601459,0x00000000,2025-12-14T15:10:56.390Z,2025-12-14T15:10:56.390Z
35,0x000a,1.56791,0x00000000,2025-12-14T15:10:56.390Z,2025-12-14T15:10:56.390Z
34,0x000a,3.56848e-08,0x00000000,2025-12-14T15:10:56.390Z,2025-12-14T15:10:56.390Z
25,0x000a,8.16985,0x00000000,2025-12-14T15:10:56.390Z,2025-12-14T15:10:56.390Z
23,0x000a,0.000601459,0x00000000,2025-12-14T15:10:56.390Z,2025-12-14T15:10:56.390Z
22,0x000a,1.56791,0x00000000,2025-12-14T15:10:56.390Z,2025-12-14T15:10:56.390Z
21,0x000a,3.56848e-08,0x00000000,2025-12-14T15:10:56.390Z,2025-12-14T15:10:56.390Z
7,0x0004,22588,0x00000000,2025-12-14T15:10:56.390Z,2025-12-14T15:10:56.390Z
38,0x000a,1.59867,0x00000000,2025-12-14T15:10:56.492Z,2025-12-14T15:10:56.492Z
36,0x000a,0.00030073,0x00000000,2025-12-14T15:10:56.492Z,2025-12-14T15:10:56.492Z
35,0x000a,2.28497,0x00000000,2025-12-14T15:10:56.492Z,2025-12-14T15:10:56.492Z
34,0x000a,1.78424e-08,0x00000000,2025-12-14T15:10:56.492Z,2025-12-14T15:10:56.492Z
25,0x000a,8.32972,0x00000000,2025-12-14T15:10:56.492Z,2025-12-14T15:10:56.492Z
23,0x000a,0.00030073,0x00000000,2025-12-14T15:10:56.492Z,2025-12-14T15:10:56.492Z
22,0x000a,2.28497,0x00000000,2025-12-14T15:10:56.492Z,2025-12-14T15:10:56.492Z
21,0x000a,1.78424e-08,0x00000000,2025-12-14T15:10:56.492Z,2025-12-14T15:10:56.492Z
7,0x0004,23030,0x00000000,2025-12-14T15:10:56.492Z,2025-12-14T15:10:56.492Z
38,0x000a,1.80121,0x00000000,2025-12-14T15:10:56.591Z,2025-12-14T15:10:56.591Z
36,0x000a,0.000150365,0x00000000,2025-12-14T15:10:56.591Z,2025-12-14T15:10:56.591Z
35,0x000a,1.94182,0x00000000,2025-12-14T15:10:56.591Z,2025-12-14T15:10:56.591Z
34,0x000a,8.9212e-09,0x00000000,2025-12-14T15:10:56.591Z,2025-12-14T15:10:56.591Z
25,0x000a,8.50984,0x00000000,2025-12-14T15:10:56.591Z,2025-12-14T15:10:56.591Z
23,0x000a,0.000150365,0x00000000,2025-12-14T15:10:56.591Z,2025-12-14T15:10:56.591Z
22,0x000a,1.94182,0x00000000,2025-12-14T15:10:56.591Z,2025-12-14T15:10:56.591Z
21,0x000a,8.9212e-09,0x00000000,2025-12-14T15:10:56.591Z,2025-12-14T15:10:56.591Z
7,0x0004,23528,0x00000000,2025-12-14T15:10:56.591Z,2025-12-14T15:10:56.591Z
38,0x000a,1.59866,0x00000000,2025-12-14T15:10:56.691Z,2025-12-14T15:10:56.691Z
36,0x000a,7.51824e-05,0x00000000,2025-12-14T15:10:56.691Z,2025-12-14T15:10:56.691Z
35,0x000a,1.87152,0x00000000,2025-12-14T15:10:56.691Z,2025-12-14T15:10:56.691Z
34,0x000a,4.4606e-09,0x00000000,2025-12-14T15:10:56.691Z,2025-12-14T15:10:56.691Z
25,0x000a,8.6697,0x00000000,2025-12-14T15:10:56.691Z,2025-12-14T15:10:56.691Z
23,0x000a,7.51824e-05,0x00000000,2025-12-14T15:10:56.691Z,2025-12-14T15:10:56.691Z
22,0x000a,1.87152,0x00000000,2025-12-14T15:10:56.691Z,2025-12-14T15:10:56.691Z
21,0x000a,4.4606e-09,0x00000000,2025-12-14T15:10:56.691Z,2025-12-14T15:10:56.691Z
7,0x0004,23970,0x00000000,2025-12-14T15:10:56.691Z,2025-12-14T15:10:56.691Z
38,0x000a,1.50102,0x00000000,2025-12-14T15:10:56.792Z,2025-12-14T15:10:56.792Z
36,0x000a,3.75912e-05,0x00000000,2025-12-14T15:10:56.792Z,2025-12-14T15:10:56.792Z
35,0x000a,1.73509,0x00000000,2025-12-14T15:10:56.792Z,2025-12-14T15:10:56.792Z
34,0x000a,2.2303e-09,0x00000000,2025-12-14T15:10:56.792Z,2025-12-14T15:10:56.792Z
25,0x000a,8.81981,0x00000000,2025-12-14T15:10:56.792Z,2025-12-14T15:10:56.792Z
23,0x000a,3.75912e-05,0x00000000,2025-12-14T15:10:56.792Z,2025-12-14T15:10:56.792Z
22,0x000a,1.73509,0x00000000,2025-12-14T15:10:56.792Z,2025-12-14T15:10:56.792Z
21,0x000a,2.2303e-09,0x00000000,2025-12-14T15:10:56.792Z,2025-12-14T15:10:56.792Z
15,0x0001,false,0x00000000,2025-12-14T15:10:56.792Z,2025-12-14T15:10:56.792Z
7,0x0004,24385,0x00000000,2025-12-14T15:10:56.792Z,2025-12-14T15:10:56.792Z
38,0x000a,1.50101,0x00000000,2025-12-14T15:10:56.891Z,2025-12-14T15:10:56.891Z
36,0x000a,1.87956e-05,0x00000000,2025-12-14T15:10:56.891Z,2025-12-14T15:10:56.891Z
35,0x000a,1.61805,0x00000000,2025-12-14T15:10:56.891Z,2025-12-14T15:10:56.891Z
34,0x000a,1.11515e-09,0x00000000,2025-12-14T15:10:56.891Z,2025-12-14T15:10:56.891Z
25,0x000a,8.96991,0x00000000,2025-12-14T15:10:56.891Z,2025-12-14T15:10:56.891Z
23,0x000a,1.87956e-05,0x00000000,2025-12-14T15:10:56.891Z,2025-12-14T15:10:56.891Z
22,0x000a,1.61805,0x00000000,2025-12-14T15:10:56.891Z,2025-12-14T15:10:56.891Z
21,0x000a,1.11515e-09,0x00000000,2025-12-14T15:10:56.891Z,2025-12-14T15:10:56.891Z
7,0x0004,24800,0x00000000,2025-12-14T15:10:56.891Z,2025-12-14T15:10:56.891Z
38,0x000a,0.900612,0x00000000,2025-12-14T15:10:57.093Z,2025-12-14T15:10:57.093Z
36,0x000a,9.3978e-06,0x00000000,2025-12-14T15:10:56.991Z,2025-12-14T15:10:56.991Z
35,0x000a,1.55953,0x00000000,2025-12-14T15:10:56.991Z,2025-12-14T15:10:56.991Z
34,0x000a,5.57575e-10,0x00000000,2025-12-14T15:10:56.991Z,2025-12-14T15:10:56.991Z
25,0x000a,9.05997,0x00000000,2025-12-14T15:10:56.991Z,2025-12-14T15:10:56.991Z
23,0x000a,9.3978e-06,0x00000000,2025-12-14T15:10:56.991Z,2025-12-14T15:10:56.991Z
22,0x000a,1.55953,0x00000000,2025-12-14T15:10:56.991Z,2025-12-14T15:10:56.991Z
21,0x000a,5.57575e-10,0x00000000,2025-12-14T15:10:56.991Z,2025-12-14T15:10:56.991Z
7,0x0004,25049,0x00000000,2025-12-14T15:10:56.991Z,2025-12-14T15:10:56.991Z
38,0x000a,0,0x00000000,2025-12-14T15:10:57.192Z,2025-12-14T15:10:57.192Z
36,0x000a,4.6989e-06,0x00000000,2025-12-14T15:10:57.192Z,2025-12-14T15:10:57.192Z
35,0x000a,1.23007,0x00000000,2025-12-14T15:10:57.192Z,2025-12-14T15:10:57.192Z
34,0x000a,2.78787e-10,0x00000000,2025-12-14T15:10:57.192Z,2025-12-14T15:10:57.192Z
23,0x000a,4.6989e-06,0x00000000,2025-12-14T15:10:57.192Z,2025-12-14T15:10:57.192Z
22,0x000a,1.23007,0x00000000,2025-12-14T15:10:57.192Z,2025-12-14T15:10:57.192Z
21,0x000a,2.78787e-10,0x00000000,2025-12-14T15:10:57.192Z,2025-12-14T15:10:57.192Z
42,0x0001,false,0x00000000,2025-12-14T15:10:57.292Z,2025-12-14T15:10:57.292Z
40,0x0001,false,0x00000000,2025-12-14T15:10:57.292Z,2025-12-14T15:10:57.292Z
36,0x000a,2.34945e-06,0x00000000,2025-12-14T15:10:57.292Z,2025-12-14T15:10:57.292Z
35,0x000a,0.615036,0x00000000,2025-12-14T15:10:57.292Z,2025-12-14T15:10:57.292Z
34,0x000a,1.39394e-10,0x00000000,2025-12-14T15:10:57.292Z,2025-12-14T15:10:57.292Z
23,0x000a,2.34945e-06,0x00000000,2025-12-14T15:10:57.292Z,2025-12-14T15:10:57.292Z
22,0x000a,0.615036,0x00000000,2025-12-14T15:10:57.292Z,2025-12-14T15:10:57.292Z
21,0x000a,1.39394e-10,0x00000000,2025-12-14T15:10:57.292Z,2025-12-14T15:10:57.292Z
18,0x0001,true,0x00000000,2025-12-14T15:10:57.292Z,2025-12-14T15:10:57.292Z
16,0x0001,true,0x00000000,2025-12-14T15:10:57.292Z,2025-12-14T15:10:57.292Z
14,0x0001,true,0x00000000,2025-12-14T15:10:57.292Z,2025-12-14T15:10:57.292Z
4,0x000a,5,0x00000000,2025-12-14T15:10:57.292Z,2025-12-14T15:10:57.292Z
3,0x000a,5,0x00000000,2025-12-14T15:10:57.292Z,2025-12-14T15:10:57.292Z
2,0x000a,5,0x00000000,2025-12-14T15:10:57.292Z,2025-12-14T15:10:57.292Z
36,0x000a,1.17473e-06,0x00000000,2025-12-14T15:10:57.392Z,2025-12-14T15:10:57.392Z
35,0x000a,0.307518,0x00000000,2025-12-14T15:10:57.392Z,2025-12-14T15:10:57.392Z
34,0x000a,6.96968e-11,0x00000000,2025-12-14T15:10:57.392Z,2025-12-14T15:10:57.392Z
23,0x000a,1.17473e-06,0x00000000,2025-12-14T15:10:57.392Z,2025-12-14T15:10:57.392Z
22,0x000a,0.307518,0x00000000,2025-12-14T15:10:57.392Z,2025-12-14T15:10:57.392Z
21,0x000a,6.96968e-11,0x00000000,2025-12-14T15:10:57.392Z,2025-12-14T15:10:57.392Z
39,0x000a,-0.600405,0x00000000,2025-12-14T15:10:57.491Z,2025-12-14T15:10:57.491Z
38,0x000a,-0.900612,0x00000000,2025-12-14T15:10:57.491Z,2025-12-14T15:10:57.491Z
37,0x000a,-1.69994,0x00000000,2025-12-14T15:10:57.491Z,2025-12-14T15:10:57.491Z
36,0x000a,5.87363e-07,0x00000000,2025-12-14T15:10:57.491Z,2025-12-14T15:10:57.491Z
35,0x000a,0.153759,0x00000000,2025-12-14T15:10:57.491Z,2025-12-14T15:10:57.491Z
34,0x000a,3.48484e-11,0x00000000,2025-12-14T15:10:57.491Z,2025-12-14T15:10:57.491Z
26,0x000a,9.93996,0x00000000,2025-12-14T15:10:57.491Z,2025-12-14T15:10:57.491Z
25,0x000a,8.96991,0x00000000,2025-12-14T15:10:57.491Z,2025-12-14T15:10:57.491Z
24,0x000a,8.10981,0x00000000,2025-12-14T15:10:57.491Z,2025-12-14T15:10:57.491Z
23,0x000a,5.87363e-07,0x00000000,2025-12-14T15:10:57.491Z,2025-12-14T15:10:57.491Z
22,0x000a,0.153759,0x00000000,2025-12-14T15:10:57.491Z,2025-12-14T15:10:57.491Z
21,0x000a,3.48484e-11,0x00000000,2025-12-14T15:10:57.491Z,2025-12-14T15:10:57.491Z
8,0x0004,27482,0x00000000,2025-12-14T15:10:57.491Z,2025-12-14T15:10:57.491Z
7,0x0004,24800,0x00000000,2025-12-14T15:10:57.491Z,2025-12-14T15:10:57.491Z
6,0x0004,22422,0x00000000,2025-12-14T15:10:57.491Z,2025-12-14T15:10:57.491Z
39,0x000a,-2.10142,0x00000000,2025-12-14T15:10:57.590Z,2025-12-14T15:10:57.590Z
38,0x000a,-1.50101,0x00000000,2025-12-14T15:10:57.590Z,2025-12-14T15:10:57.590Z
37,0x000a,-2.69821,0x00000000,2025-12-14T15:10:57.590Z,2025-12-14T15:10:57.590Z
36,0x000a,-0.300202,0x00000000,2025-12-14T15:10:57.590Z,2025-12-14T15:10:57.590Z
35,0x000a,-0.373426,0x00000000,2025-12-14T15:10:57.590Z,2025-12-14T15:10:57.590Z
34,0x000a,-0.849972,0x00000000,2025-12-14T15:10:57.590Z,2025-12-14T15:10:57.590Z
26,0x000a,9.72982,0x00000000,2025-12-14T15:10:57.590Z,2025-12-14T15:10:57.590Z
25,0x000a,8.81981,0x00000000,2025-12-14T15:10:57.590Z,2025-12-14T15:10:57.590Z
24,0x000a,7.83999,0x00000000,2025-12-14T15:10:57.590Z,2025-12-14T15:10:57.590Z
23,0x000a,-0.300202,0x00000000,2025-12-14T15:10:57.590Z,2025-12-14T15:10:57.590Z
22,0x000a,-0.373426,0x00000000,2025-12-14T15:10:57.590Z,2025-12-14T15:10:57.590Z
21,0x000a,-0.849972,0x00000000,2025-12-14T15:10:57.590Z,2025-12-14T15:10:57.590Z
8,0x0004,26901,0x00000000,2025-12-14T15:10:57.590Z,2025-12-14T15:10:57.590Z
7,0x0004,24385,0x00000000,2025-12-14T15:10:57.590Z,2025-12-14T15:10:57.590Z
6,0x0004,21676,0x00000000,2025-12-14T15:10:57.590Z,2025-12-14T15:10:57.590Z
39,0x000a,-2.19907,0x00000000,2025-12-14T15:10:57.691Z,2025-12-14T15:10:57.691Z
38,0x000a,-1.50102,0x00000000,2025-12-14T15:10:57.691Z,2025-12-14T15:10:57.691Z
37,0x000a,-2.8031,0x00000000,2025-12-14T15:10:57.691Z,2025-12-14T15:10:57.691Z
36,0x000a,-1.20081,0x00000000,2025-12-14T15:10:57.691Z,2025-12-14T15:10:57.691Z
35,0x000a,-0.937217,0x00000000,2025-12-14T15:10:57.691Z,2025-12-14T15:10:57.691Z
34,0x000a,-1.77409,0x00000000,2025-12-14T15:10:57.691Z,2025-12-14T15:10:57.691Z
26,0x000a,9.50991,0x00000000,2025-12-14T15:10:57.691Z,2025-12-14T15:10:57.691Z
25,0x000a,8.6697,0x00000000,2025-12-14T15:10:57.691Z,2025-12-14T15:10:57.691Z
24,0x000a,7.55968,0x00000000,2025-12-14T15:10:57.691Z,2025-12-14T15:10:57.691Z
23,0x000a,-1.20081,0x00000000,2025-12-14T15:10:57.691Z,2025-12-14T15:10:57.691Z
22,0x000a,-0.937217,0x00000000,2025-12-14T15:10:57.691Z,2025-12-14T15:10:57.691Z
21,0x000a,-1.77409,0x00000000,2025-12-14T15:10:57.691Z,2025-12-14T15:10:57.691Z
8,0x0004,26293,0x00000000,2025-12-14T15:10:57.691Z,2025-12-14T15:10:57.691Z
7,0x0004,23970,0x00000000,2025-12-14T15:10:57.691Z,2025-12-14T15:10:57.691Z
6,0x0004,20901,0x00000000,2025-12-14T15:10:57.691Z,2025-12-14T15:10:57.691Z
39,0x000a,-2.10142,0x00000000,2025-12-14T15:10:57.793Z,2025-12-14T15:10:57.793Z
38,0x000a,-1.59866,0x00000000,2025-12-14T15:10:57.793Z,2025-12-14T15:10:57.793Z
37,0x000a,-2.69821,0x00000000,2025-12-14T15:10:57.793Z,2025-12-14T15:10:57.793Z
36,0x000a,-1.69994,0x00000000,2025-12-14T15:10:57.793Z,2025-12-14T15:10:57.793Z
35,0x000a,-1.21912,0x00000000,2025-12-14T15:10:57.793Z,2025-12-14T15:10:57.793Z
34,0x000a,-2.28859,0x00000000,2025-12-14T15:10:57.793Z,2025-12-14T15:10:57.793Z
26,0x000a,9.29977,0x00000000,2025-12-14T15:10:57.793Z,2025-12-14T15:10:57.793Z
25,0x000a,8.50984,0x00000000,2025-12-14T15:10:57.793Z,2025-12-14T15:10:57.793Z
24,0x000a,7.28986,0x00000000,2025-12-14T15:10:57.793Z,2025-12-14T15:10:57.793Z
23,0x000a,-1.69994,0x00000000,2025-12-14T15:10:57.793Z,2025-12-14T15:10:57.793Z
22,0x000a,-1.21912,0x00000000,2025-12-14T15:10:57.793Z,2025-12-14T15:10:57.793Z
21,0x000a,-2.28859,0x00000000,2025-12-14T15:10:57.793Z,2025-12-14T15:10:57.793Z
8,0x0004,25712,0x00000000,2025-12-14T15:10:57.793Z,2025-12-14T15:10:57.793Z
7,0x0004,23528,0x00000000,2025-12-14T15:10:57.793Z,2025-12-14T15:10:57.793Z
6,0x0004,20155,0x00000000,2025-12-14T15:10:57.793Z,2025-12-14T15:10:57.793Z
26,0x000a,9.04984,0x00000000,2025-12-14T15:10:57.890Z,2025-12-14T15:10:57.890Z
25,0x000a,8.32972,0x00000000,2025-12-14T15:10:57.890Z,2025-12-14T15:10:57.890Z
24,0x000a,6.94987,0x00000000,2025-12-14T15:10:57.890Z,2025-12-14T15:10:57.890Z
8,0x0004,25021,0x00000000,2025-12-14T15:10:57.890Z,2025-12-14T15:10:57.890Z
7,0x0004,23030,0x00000000,2025-12-14T15:10:57.890Z,2025-12-14T15:10:57.890Z
6,0x0004,19215,0x00000000,2025-12-14T15:10:57.890Z,2025-12-14T15:10:57.890Z
39,0x000a,-2.49928,0x00000000,2025-12-14T15:10:57.991Z,2025-12-14T15:10:57.991Z
38,0x000a,-1.80121,0x00000000,2025-12-14T15:10:57.991Z,2025-12-14T15:10:57.991Z
37,0x000a,-3.39988,0x00000000,2025-12-14T15:10:57.991Z,2025-12-14T15:10:57.991Z
36,0x000a,-1.90068,0x00000000,2025-12-14T15:10:57.991Z,2025-12-14T15:10:57.991Z
35,0x000a,-1.40889,0x00000000,2025-12-14T15:10:57.991Z,2025-12-14T15:10:57.991Z
34,0x000a,-2.4934,0x00000000,2025-12-14T15:10:57.991Z,2025-12-14T15:10:57.991Z
26,0x000a,8.82993,0x00000000,2025-12-14T15:10:57.991Z,2025-12-14T15:10:57.991Z
25,0x000a,8.16985,0x00000000,2025-12-14T15:10:57.991Z,2025-12-14T15:10:57.991Z
24,0x000a,6.67969,0x00000000,2025-12-14T15:10:57.991Z,2025-12-14T15:10:57.991Z
23,0x000a,-1.90068,0x00000000,2025-12-14T15:10:57.991Z,2025-12-14T15:10:57.991Z
22,0x000a,-1.40889,0x00000000,2025-12-14T15:10:57.991Z,2025-12-14T15:10:57.991Z
21,0x000a,-2.4934,0x00000000,2025-12-14T15:10:57.991Z,2025-12-14T15:10:57.991Z
8,0x0004,24413,0x00000000,2025-12-14T15:10:57.991Z,2025-12-14T15:10:57.991Z
7,0x0004,22588,0x00000000,2025-12-14T15:10:57.991Z,2025-12-14T15:10:57.991Z
6,0x0004,18468,0x00000000,2025-12-14T15:10:57.991Z,2025-12-14T15:10:57.991Z
39,0x000a,-2.19908,0x00000000,2025-12-14T15:10:58.091Z,2025-12-14T15:10:58.091Z
38,0x000a,-1.59867,0x00000000,2025-12-14T15:10:58.091Z,2025-12-14T15:10:58.091Z
37,0x000a,-2.70182,0x00000000,2025-12-14T15:10:58.091Z,2025-12-14T15:10:58.091Z
36,0x000a,-2.19998,0x00000000,2025-12-14T15:10:58.091Z,2025-12-14T15:10:58.091Z
35,0x000a,-1.60505,0x00000000,2025-12-14T15:10:58.091Z,2025-12-14T15:10:58.091Z
34,0x000a,-2.94664,0x00000000,2025-12-14T15:10:58.091Z,2025-12-14T15:10:58.091Z
26,0x000a,8.61979,0x00000000,2025-12-14T15:10:58.091Z,2025-12-14T15:10:58.091Z
25,0x000a,8.01975,0x00000000,2025-12-14T15:10:58.091Z,2025-12-14T15:10:58.091Z
24,0x000a,6.39974,0x00000000,2025-12-14T15:10:58.091Z,2025-12-14T15:10:58.091Z
23,0x000a,-2.19998,0x00000000,2025-12-14T15:10:58.091Z,2025-12-14T15:10:58.091Z
22,0x000a,-1.60505,0x00000000,2025-12-14T15:10:58.091Z,2025-12-14T15:10:58.091Z
21,0x000a,-2.94664,0x00000000,2025-12-14T15:10:58.091Z,2025-12-14T15:10:58.091Z
8,0x0004,23832,0x00000000,2025-12-14T15:10:58.091Z,2025-12-14T15:10:58.091Z
7,0x0004,22173,0x00000000,2025-12-14T15:10:58.091Z,2025-12-14T15:10:58.091Z
6,0x0004,17694,0x00000000,2025-12-14T15:10:58.091Z,2025-12-14T15:10:58.091Z
39,0x000a,-2.10141,0x00000000,2025-12-14T15:10:58.191Z,2025-12-14T15:10:58.191Z
38,0x000a,-1.50102,0x00000000,2025-12-14T15:10:58.191Z,2025-12-14T15:10:58.191Z
37,0x000a,-2.79948,0x00000000,2025-12-14T15:10:58.191Z,2025-12-14T15:10:58.191Z
36,0x000a,-2.19953,0x00000000,2025-12-14T15:10:58.191Z,2025-12-14T15:10:58.191Z
35,0x000a,-1.60186,0x00000000,2025-12-14T15:10:58.191Z,2025-12-14T15:10:58.191Z
34,0x000a,-2.82423,0x00000000,2025-12-14T15:10:58.191Z,2025-12-14T15:10:58.191Z
26,0x000a,8.40965,0x00000000,2025-12-14T15:10:58.191Z,2025-12-14T15:10:58.191Z
25,0x000a,7.86965,0x00000000,2025-12-14T15:10:58.191Z,2025-12-14T15:10:58.191Z
24,0x000a,6.12992,0x00000000,2025-12-14T15:10:58.191Z,2025-12-14T15:10:58.191Z
23,0x000a,-2.19953,0x00000000,2025-12-14T15:10:58.191Z,2025-12-14T15:10:58.191Z
22,0x000a,-1.60186,0x00000000,2025-12-14T15:10:58.191Z,2025-12-14T15:10:58.191Z
21,0x000a,-2.82423,0x00000000,2025-12-14T15:10:58.191Z,2025-12-14T15:10:58.191Z
8,0x0004,23251,0x00000000,2025-12-14T15:10:58.191Z,2025-12-14T15:10:58.191Z
7,0x0004,21758,0x00000000,2025-12-14T15:10:58.191Z,2025-12-14T15:10:58.191Z
6,0x0004,16948,0x00000000,2025-12-14T15:10:58.191Z,2025-12-14T15:10:58.191Z
39,0x000a,-2.10142,0x00000000,2025-12-14T15:10:58.289Z,2025-12-14T15:10:58.289Z
38,0x000a,-1.50101,0x00000000,2025-12-14T15:10:58.289Z,2025-12-14T15:10:58.289Z
37,0x000a,-2.6982,0x00000000,2025-12-14T15:10:58.289Z,2025-12-14T15:10:58.289Z
36,0x000a,-2.15047,0x00000000,2025-12-14T15:10:58.289Z,2025-12-14T15:10:58.289Z
35,0x000a,-1.55144,0x00000000,2025-12-14T15:10:58.289Z,2025-12-14T15:10:58.289Z
34,0x000a,-2.81186,0x00000000,2025-12-14T15:10:58.289Z,2025-12-14T15:10:58.289Z
26,0x000a,8.18974,0x00000000,2025-12-14T15:10:58.289Z,2025-12-14T15:10:58.289Z
25,0x000a,7.70978,0x00000000,2025-12-14T15:10:58.289Z,2025-12-14T15:10:58.289Z
24,0x000a,5.84997,0x00000000,2025-12-14T15:10:58.289Z,2025-12-14T15:10:58.289Z
23,0x000a,-2.15047,0x00000000,2025-12-14T15:10:58.289Z,2025-12-14T15:10:58.289Z
22,0x000a,-1.55144,0x00000000,2025-12-14T15:10:58.289Z,2025-12-14T15:10:58.289Z
21,0x000a,-2.81186,0x00000000,2025-12-14T15:10:58.289Z,2025-12-14T15:10:58.289Z
8,0x0004,22643,0x00000000,2025-12-14T15:10:58.289Z,2025-12-14T15:10:58.289Z
7,0x0004,21316,0x00000000,2025-12-14T15:10:58.289Z,2025-12-14T15:10:58.289Z
6,0x0004,16174,0x00000000,2025-12-14T15:10:58.289Z,2025-12-14T15:10:58.289Z
39,0x000a,-2.19908,0x00000000,2025-12-14T15:10:58.390Z,2025-12-14T15:10:58.390Z
38,0x000a,-1.59867,0x00000000,2025-12-14T15:10:58.390Z,2025-12-14T15:10:58.390Z
37,0x000a,-2.79948,0x00000000,2025-12-14T15:10:58.390Z,2025-12-14T15:10:58.390Z
36,0x000a,-2.12595,0x00000000,2025-12-14T15:10:58.390Z,2025-12-14T15:10:58.390Z
35,0x000a,-1.52622,0x00000000,2025-12-14T15:10:58.390Z,2025-12-14T15:10:58.390Z
34,0x000a,-2.75503,0x00000000,2025-12-14T15:10:58.390Z,2025-12-14T15:10:58.390Z
26,0x000a,7.97996,0x00000000,2025-12-14T15:10:58.390Z,2025-12-14T15:10:58.390Z
25,0x000a,7.55968,0x00000000,2025-12-14T15:10:58.390Z,2025-12-14T15:10:58.390Z
24,0x000a,5.57979,0x00000000,2025-12-14T15:10:58.390Z,2025-12-14T15:10:58.390Z
23,0x000a,-2.12595,0x00000000,2025-12-14T15:10:58.390Z,2025-12-14T15:10:58.390Z
22,0x000a,-1.52622,0x00000000,2025-12-14T15:10:58.390Z,2025-12-14T15:10:58.390Z
21,0x000a,-2.75503,0x00000000,2025-12-14T15:10:58.390Z,2025-12-14T15:10:58.390Z
8,0x0004,22063,0x00000000,2025-12-14T15:10:58.390Z,2025-12-14T15:10:58.390Z
7,0x0004,20901,0x00000000,2025-12-14T15:10:58.390Z,2025-12-14T15:10:58.390Z
6,0x0004,15427,0x00000000,2025-12-14T15:10:58.390Z,2025-12-14T15:10:58.390Z
39,0x000a,-2.0978,0x00000000,2025-12-14T15:10:58.492Z,2025-12-14T15:10:58.492Z
38,0x000a,-1.50101,0x00000000,2025-12-14T15:10:58.492Z,2025-12-14T15:10:58.492Z
37,0x000a,-2.70182,0x00000000,2025-12-14T15:10:58.492Z,2025-12-14T15:10:58.492Z
36,0x000a,-2.16251,0x00000000,2025-12-14T15:10:58.492Z,2025-12-14T15:10:58.492Z
35,0x000a,-1.56245,0x00000000,2025-12-14T15:10:58.492Z,2025-12-14T15:10:58.492Z
34,0x000a,-2.77726,0x00000000,2025-12-14T15:10:58.492Z,2025-12-14T15:10:58.492Z
26,0x000a,7.76982,0x00000000,2025-12-14T15:10:58.492Z,2025-12-14T15:10:58.492Z
25,0x000a,7.40994,0x00000000,2025-12-14T15:10:58.492Z,2025-12-14T15:10:58.492Z
24,0x000a,5.29984,0x00000000,2025-12-14T15:10:58.492Z,2025-12-14T15:10:58.492Z
23,0x000a,-2.16251,0x00000000,2025-12-14T15:10:58.492Z,2025-12-14T15:10:58.492Z
22,0x000a,-1.56245,0x00000000,2025-12-14T15:10:58.492Z,2025-12-14T15:10:58.492Z
21,0x000a,-2.77726,0x00000000,2025-12-14T15:10:58.492Z,2025-12-14T15:10:58.492Z
14,0x0001,false,0x00000000,2025-12-14T15:10:58.492Z,2025-12-14T15:10:58.492Z
8,0x0004,21482,0x00000000,2025-12-14T15:10:58.492Z,2025-12-14T15:10:58.492Z
7,0x0004,20487,0x00000000,2025-12-14T15:10:58.492Z,2025-12-14T15:10:58.492Z
6,0x0004,14653,0x00000000,2025-12-14T15:10:58.492Z,2025-12-14T15:10:58.492Z
39,0x000a,-4.70197,0x00000000,2025-12-14T15:10:58.590Z,2025-12-14T15:10:58.590Z
38,0x000a,-3.39988,0x00000000,2025-12-14T15:10:58.590Z,2025-12-14T15:10:58.590Z
37,0x000a,-6.09809,0x00000000,2025-12-14T15:10:58.590Z,2025-12-14T15:10:58.590Z
36,0x000a,-2.13015,0x00000000,2025-12-14T15:10:58.590Z,2025-12-14T15:10:58.590Z
35,0x000a,-1.53173,0x00000000,2025-12-14T15:10:58.590Z,2025-12-14T15:10:58.590Z
34,0x000a,-2.73954,0x00000000,2025-12-14T15:10:58.590Z,2025-12-14T15:10:58.590Z
28,0x0004,27000,0x00000000,2025-12-14T15:10:58.590Z,2025-12-14T15:10:58.590Z
26,0x000a,7.50977,0x00000000,2025-12-14T15:10:58.590Z,2025-12-14T15:10:58.590Z
25,0x000a,7.21969,0x00000000,2025-12-14T15:10:58.590Z,2025-12-14T15:10:58.590Z
24,0x000a,4.96998,0x00000000,2025-12-14T15:10:58.590Z,2025-12-14T15:10:58.590Z
23,0x000a,-2.13015,0x00000000,2025-12-14T15:10:58.590Z,2025-12-14T15:10:58.590Z
22,0x000a,-1.53173,0x00000000,2025-12-14T15:10:58.590Z,2025-12-14T15:10:58.590Z
21,0x000a,-2.73954,0x00000000,2025-12-14T15:10:58.590Z,2025-12-14T15:10:58.590Z
8,0x0004,20763,0x00000000,2025-12-14T15:10:58.590Z,2025-12-14T15:10:58.590Z
7,0x0004,19961,0x00000000,2025-12-14T15:10:58.590Z,2025-12-14T15:10:58.590Z
6,0x0004,13741,0x00000000,2025-12-14T15:10:58.590Z,2025-12-14T15:10:58.590Z
39,0x000a,-2.0978,0x00000000,2025-12-14T15:10:58.794Z,2025-12-14T15:10:58.794Z
38,0x000a,-1.4974,0x00000000,2025-12-14T15:10:58.794Z,2025-12-14T15:10:58.794Z
37,0x000a,-1.10315,0x00000000,2025-12-14T15:10:58.794Z,2025-12-14T15:10:58.794Z
36,0x000a,-3.41606,0x00000000,2025-12-14T15:10:58.692Z,2025-12-14T15:10:58.692Z
35,0x000a,-2.46581,0x00000000,2025-12-14T15:10:58.692Z,2025-12-14T15:10:58.692Z
34,0x000a,-4.41881,0x00000000,2025-12-14T15:10:58.692Z,2025-12-14T15:10:58.692Z
28,0x0004,0,0x00000000,2025-12-14T15:10:58.692Z,2025-12-14T15:10:58.692Z
26,0x000a,7.29999,0x00000000,2025-12-14T15:10:58.692Z,2025-12-14T15:10:58.692Z
26,0x000a,7.07972,0x00000000,2025-12-14T15:10:58.794Z,2025-12-14T15:10:58.794Z
25,0x000a,7.06995,0x00000000,2025-12-14T15:10:58.692Z,2025-12-14T15:10:58.692Z
25,0x000a,6.91985,0x00000000,2025-12-14T15:10:58.794Z,2025-12-14T15:10:58.794Z
24,0x000a,4.85966,0x00000000,2025-12-14T15:10:58.692Z,2025-12-14T15:10:58.692Z
23,0x000a,-3.41606,0x00000000,2025-12-14T15:10:58.692Z,2025-12-14T15:10:58.692Z
22,0x000a,-2.46581,0x00000000,2025-12-14T15:10:58.692Z,2025-12-14T15:10:58.692Z
21,0x000a,-4.41881,0x00000000,2025-12-14T15:10:58.692Z,2025-12-14T15:10:58.692Z
8,0x0004,20183,0x00000000,2025-12-14T15:10:58.692Z,2025-12-14T15:10:58.692Z
8,0x0004,19574,0x00000000,2025-12-14T15:10:58.794Z,2025-12-14T15:10:58.794Z
7,0x0004,19547,0x00000000,2025-12-14T15:10:58.692Z,2025-12-14T15:10:58.692Z
7,0x0004,19132,0x00000000,2025-12-14T15:10:58.794Z,2025-12-14T15:10:58.794Z
6,0x0004,13436,0x00000000,2025-12-14T15:10:58.692Z,2025-12-14T15:10:58.692Z
39,0x000a,-2.20269,0x00000000,2025-12-14T15:10:58.892Z,2025-12-14T15:10:58.892Z
38,0x000a,-1.50101,0x00000000,2025-12-14T15:10:58.892Z,2025-12-14T15:10:58.892Z
37,0x000a,0,0x00000000,2025-12-14T15:10:58.892Z,2025-12-14T15:10:58.892Z
36,0x000a,-2.75693,0x00000000,2025-12-14T15:10:58.892Z,2025-12-14T15:10:58.892Z
35,0x000a,-1.9816,0x00000000,2025-12-14T15:10:58.892Z,2025-12-14T15:10:58.892Z
34,0x000a,-2.76098,0x00000000,2025-12-14T15:10:58.892Z,2025-12-14T15:10:58.892Z
23,0x000a,-2.75693,0x00000000,2025-12-14T15:10:58.892Z,2025-12-14T15:10:58.892Z
22,0x000a,-1.9816,0x00000000,2025-12-14T15:10:58.892Z,2025-12-14T15:10:58.892Z
21,0x000a,-2.76098,0x00000000,2025-12-14T15:10:58.892Z,2025-12-14T15:10:58.892Z
40,0x0001,true,0x00000000,2025-12-14T15:10:58.989Z,2025-12-14T15:10:58.989Z
39,0x000a,-2.0978,0x00000000,2025-12-14T15:10:58.989Z,2025-12-14T15:10:58.989Z
38,0x000a,-1.59867,0x00000000,2025-12-14T15:10:58.989Z,2025-12-14T15:10:58.989Z
36,0x000a,-2.47981,0x00000000,2025-12-14T15:10:58.989Z,2025-12-14T15:10:58.989Z
35,0x000a,-1.74131,0x00000000,2025-12-14T15:10:58.989Z,2025-12-14T15:10:58.989Z
34,0x000a,-1.38049,0x00000000,2025-12-14T15:10:58.989Z,2025-12-14T15:10:58.989Z
26,0x000a,6.86994,0x00000000,2025-12-14T15:10:58.989Z,2025-12-14T15:10:58.989Z
25,0x000a,6.75998,0x00000000,2025-12-14T15:10:58.989Z,2025-12-14T15:10:58.989Z
23,0x000a,-2.47981,0x00000000,2025-12-14T15:10:58.989Z,2025-12-14T15:10:58.989Z
22,0x000a,-1.74131,0x00000000,2025-12-14T15:10:58.989Z,2025-12-14T15:10:58.989Z
21,0x000a,-1.38049,0x00000000,2025-12-14T15:10:58.989Z,2025-12-14T15:10:58.989Z
8,0x0004,18994,0x00000000,2025-12-14T15:10:58.989Z,2025-12-14T15:10:58.989Z
7,0x0004,18690,0x00000000,2025-12-14T15:10:58.989Z,2025-12-14T15:10:58.989Z
39,0x000a,-2.10142,0x00000000,2025-12-14T15:10:59.090Z,2025-12-14T15:10:59.090Z
38,0x000a,-1.50101,0x00000000,2025-12-14T15:10:59.090Z,2025-12-14T15:10:59.090Z
36,0x000a,-2.28881,0x00000000,2025-12-14T15:10:59.090Z,2025-12-14T15:10:59.090Z
35,0x000a,-1.66999,0x00000000,2025-12-14T15:10:59.090Z,2025-12-14T15:10:59.090Z
34,0x000a,-0.690246,0x00000000,2025-12-14T15:10:59.090Z,2025-12-14T15:10:59.090Z
26,0x000a,6.65979,0x00000000,2025-12-14T15:10:59.090Z,2025-12-14T15:10:59.090Z
25,0x000a,6.60988,0x00000000,2025-12-14T15:10:59.090Z,2025-12-14T15:10:59.090Z
23,0x000a,-2.28881,0x00000000,2025-12-14T15:10:59.090Z,2025-12-14T15:10:59.090Z
22,0x000a,-1.66999,0x00000000,2025-12-14T15:10:59.090Z,2025-12-14T15:10:59.090Z
21,0x000a,-0.690246,0x00000000,2025-12-14T15:10:59.090Z,2025-12-14T15:10:59.090Z
8,0x0004,18413,0x00000000,2025-12-14T15:10:59.090Z,2025-12-14T15:10:59.090Z
7,0x0004,18275,0x00000000,2025-12-14T15:10:59.090Z,2025-12-14T15:10:59.090Z
36,0x000a,-2.19511,0x00000000,2025-12-14T15:10:59.193Z,2025-12-14T15:10:59.193Z
35,0x000a,-1.5855,0x00000000,2025-12-14T15:10:59.193Z,2025-12-14T15:10:59.193Z
34,0x000a,-0.345123,0x00000000,2025-12-14T15:10:59.193Z,2025-12-14T15:10:59.193Z
26,0x000a,6.44965,0x00000000,2025-12-14T15:10:59.193Z,2025-12-14T15:10:59.193Z
25,0x000a,6.45978,0x00000000,2025-12-14T15:10:59.193Z,2025-12-14T15:10:59.193Z
23,0x000a,-2.19511,0x00000000,2025-12-14T15:10:59.193Z,2025-12-14T15:10:59.193Z
22,0x000a,-1.5855,0x00000000,2025-12-14T15:10:59.193Z,2025-12-14T15:10:59.193Z
21,0x000a,-0.345123,0x00000000,2025-12-14T15:10:59.193Z,2025-12-14T15:10:59.193Z
8,0x0004,17832,0x00000000,2025-12-14T15:10:59.193Z,2025-12-14T15:10:59.193Z
7,0x0004,17860,0x00000000,2025-12-14T15:10:59.193Z,2025-12-14T15:10:59.193Z
39,0x000a,-2.59693,0x00000000,2025-12-14T15:10:59.291Z,2025-12-14T15:10:59.291Z
38,0x000a,-1.89888,0x00000000,2025-12-14T15:10:59.291Z,2025-12-14T15:10:59.291Z
36,0x000a,-2.14826,0x00000000,2025-12-14T15:10:59.291Z,2025-12-14T15:10:59.291Z
35,0x000a,-1.54326,0x00000000,2025-12-14T15:10:59.291Z,2025-12-14T15:10:59.291Z
34,0x000a,-0.172561,0x00000000,2025-12-14T15:10:59.291Z,2025-12-14T15:10:59.291Z
26,0x000a,6.18996,0x00000000,2025-12-14T15:10:59.291Z,2025-12-14T15:10:59.291Z
25,0x000a,6.26989,0x00000000,2025-12-14T15:10:59.291Z,2025-12-14T15:10:59.291Z
23,0x000a,-2.14826,0x00000000,2025-12-14T15:10:59.291Z,2025-12-14T15:10:59.291Z
22,0x000a,-1.54326,0x00000000,2025-12-14T15:10:59.291Z,2025-12-14T15:10:59.291Z
21,0x000a,-0.172561,0x00000000,2025-12-14T15:10:59.291Z,2025-12-14T15:10:59.291Z
8,0x0004,17114,0x00000000,2025-12-14T15:10:59.291Z,2025-12-14T15:10:59.291Z
7,0x0004,17335,0x00000000,2025-12-14T15:10:59.291Z,2025-12-14T15:10:59.291Z
39,0x000a,-2.10142,0x00000000,2025-12-14T15:10:59.392Z,2025-12-14T15:10:59.392Z
38,0x000a,-1.50101,0x00000000,2025-12-14T15:10:59.392Z,2025-12-14T15:10:59.392Z
36,0x000a,-2.3726,0x00000000,2025-12-14T15:10:59.392Z,2025-12-14T15:10:59.392Z
35,0x000a,-1.72107,0x00000000,2025-12-14T15:10:59.392Z,2025-12-14T15:10:59.392Z
34,0x000a,-0.0862807,0x00000000,2025-12-14T15:10:59.392Z,2025-12-14T15:10:59.392Z
26,0x000a,5.97982,0x00000000,2025-12-14T15:10:59.392Z,2025-12-14T15:10:59.392Z
25,0x000a,6.11979,0x00000000,2025-12-14T15:10:59.392Z,2025-12-14T15:10:59.392Z
23,0x000a,-2.3726,0x00000000,2025-12-14T15:10:59.392Z,2025-12-14T15:10:59.392Z
22,0x000a,-1.72107,0x00000000,2025-12-14T15:10:59.392Z,2025-12-14T15:10:59.392Z
21,0x000a,-0.0862807,0x00000000,2025-12-14T15:10:59.392Z,2025-12-14T15:10:59.392Z
8,0x0004,16533,0x00000000,2025-12-14T15:10:59.392Z,2025-12-14T15:10:59.392Z
7,0x0004,16920,0x00000000,2025-12-14T15:10:59.392Z,2025-12-14T15:10:59.392Z
36,0x000a,-2.23701,0x00000000,2025-12-14T15:10:59.492Z,2025-12-14T15:10:59.492Z
35,0x000a,-1.61104,0x00000000,2025-12-14T15:10:59.492Z,2025-12-14T15:10:59.492Z
34,0x000a,-0.0431404,0x00000000,2025-12-14T15:10:59.492Z,2025-12-14T15:10:59.492Z
26,0x000a,5.75991,0x00000000,2025-12-14T15:10:59.492Z,2025-12-14T15:10:59.492Z
25,0x000a,5.96969,0x00000000,2025-12-14T15:10:59.492Z,2025-12-14T15:10:59.492Z
23,0x000a,-2.23701,0x00000000,2025-12-14T15:10:59.492Z,2025-12-14T15:10:59.492Z
22,0x000a,-1.61104,0x00000000,2025-12-14T15:10:59.492Z,2025-12-14T15:10:59.492Z
21,0x000a,-0.0431404,0x00000000,2025-12-14T15:10:59.492Z,2025-12-14T15:10:59.492Z
8,0x0004,15925,0x00000000,2025-12-14T15:10:59.492Z,2025-12-14T15:10:59.492Z
7,0x0004,16505,0x00000000,2025-12-14T15:10:59.492Z,2025-12-14T15:10:59.492Z
39,0x000a,-2.19907,0x00000000,2025-12-14T15:10:59.593Z,2025-12-14T15:10:59.593Z
26,0x000a,5.54977,0x00000000,2025-12-14T15:10:59.593Z,2025-12-14T15:10:59.593Z
25,0x000a,5.80982,0x00000000,2025-12-14T15:10:59.593Z,2025-12-14T15:10:59.593Z
8,0x0004,15344,0x00000000,2025-12-14T15:10:59.593Z,2025-12-14T15:10:59.593Z
7,0x0004,16063,0x00000000,2025-12-14T15:10:59.593Z,2025-12-14T15:10:59.593Z
39,0x000a,-2.10142,0x00000000,2025-12-14T15:10:59.690Z,2025-12-14T15:10:59.690Z
38,0x000a,-1.59867,0x00000000,2025-12-14T15:10:59.690Z,2025-12-14T15:10:59.690Z
36,0x000a,-2.21804,0x00000000,2025-12-14T15:10:59.690Z,2025-12-14T15:10:59.690Z
35,0x000a,-1.55603,0x00000000,2025-12-14T15:10:59.690Z,2025-12-14T15:10:59.690Z
34,0x000a,-0.0215702,0x00000000,2025-12-14T15:10:59.690Z,2025-12-14T15:10:59.690Z
26,0x000a,5.33999,0x00000000,2025-12-14T15:10:59.690Z,2025-12-14T15:10:59.690Z
25,0x000a,5.65972,0x00000000,2025-12-14T15:10:59.690Z,2025-12-14T15:10:59.690Z
23,0x000a,-2.21804,0x00000000,2025-12-14T15:10:59.690Z,2025-12-14T15:10:59.690Z
22,0x000a,-1.55603,0x00000000,2025-12-14T15:10:59.690Z,2025-12-14T15:10:59.690Z
21,0x000a,-0.0215702,0x00000000,2025-12-14T15:10:59.690Z,2025-12-14T15:10:59.690Z
8,0x0004,14764,0x00000000,2025-12-14T15:10:59.690Z,2025-12-14T15:10:59.690Z
7,0x0004,15648,0x00000000,2025-12-14T15:10:59.690Z,2025-12-14T15:10:59.690Z
39,0x000a,-4.30049,0x00000000,2025-12-14T15:10:59.791Z,2025-12-14T15:10:59.791Z
38,0x000a,-2.99841,0x00000000,2025-12-14T15:10:59.791Z,2025-12-14T15:10:59.791Z
36,0x000a,-2.15973,0x00000000,2025-12-14T15:10:59.791Z,2025-12-14T15:10:59.791Z
35,0x000a,-1.57735,0x00000000,2025-12-14T15:10:59.791Z,2025-12-14T15:10:59.791Z
34,0x000a,-0.0107851,0x00000000,2025-12-14T15:10:59.791Z,2025-12-14T15:10:59.791Z
26,0x000a,5.11972,0x00000000,2025-12-14T15:10:59.791Z,2025-12-14T15:10:59.791Z
25,0x000a,5.50998,0x00000000,2025-12-14T15:10:59.791Z,2025-12-14T15:10:59.791Z
23,0x000a,-2.15973,0x00000000,2025-12-14T15:10:59.791Z,2025-12-14T15:10:59.791Z
22,0x000a,-1.57735,0x00000000,2025-12-14T15:10:59.791Z,2025-12-14T15:10:59.791Z
21,0x000a,-0.0107851,0x00000000,2025-12-14T15:10:59.791Z,2025-12-14T15:10:59.791Z
18,0x0001,false,0x00000000,2025-12-14T15:10:59.791Z,2025-12-14T15:10:59.791Z
8,0x0004,14155,0x00000000,2025-12-14T15:10:59.791Z,2025-12-14T15:10:59.791Z
7,0x0004,15234,0x00000000,2025-12-14T15:10:59.791Z,2025-12-14T15:10:59.791Z
39,0x000a,-2.49928,0x00000000,2025-12-14T15:10:59.892Z,2025-12-14T15:10:59.892Z
38,0x000a,-1.90249,0x00000000,2025-12-14T15:10:59.892Z,2025-12-14T15:10:59.892Z
36,0x000a,-3.23011,0x00000000,2025-12-14T15:10:59.892Z,2025-12-14T15:10:59.892Z
35,0x000a,-2.28788,0x00000000,2025-12-14T15:10:59.892Z,2025-12-14T15:10:59.892Z
34,0x000a,-0.00539255,0x00000000,2025-12-14T15:10:59.892Z,2025-12-14T15:10:59.892Z
26,0x000a,4.86979,0x00000000,2025-12-14T15:10:59.892Z,2025-12-14T15:10:59.892Z
25,0x000a,5.31973,0x00000000,2025-12-14T15:10:59.892Z,2025-12-14T15:10:59.892Z
23,0x000a,-3.23011,0x00000000,2025-12-14T15:10:59.892Z,2025-12-14T15:10:59.892Z
22,0x000a,-2.28788,0x00000000,2025-12-14T15:10:59.892Z,2025-12-14T15:10:59.892Z
21,0x000a,-0.00539255,0x00000000,2025-12-14T15:10:59.892Z,2025-12-14T15:10:59.892Z
8,0x0004,13464,0x00000000,2025-12-14T15:10:59.892Z,2025-12-14T15:10:59.892Z
7,0x0004,14708,0x00000000,2025-12-14T15:10:59.892Z,2025-12-14T15:10:59.892Z
39,0x000a,-0.900607,0x00000000,2025-12-14T15:10:59.991Z,2025-12-14T15:10:59.991Z
38,0x000a,-1.49739,0x00000000,2025-12-14T15:10:59.991Z,2025-12-14T15:10:59.991Z
36,0x000a,-2.86469,0x00000000,2025-12-14T15:10:59.991Z,2025-12-14T15:10:59.991Z
35,0x000a,-2.09518,0x00000000,2025-12-14T15:10:59.991Z,2025-12-14T15:10:59.991Z
34,0x000a,-0.00269627,0x00000000,2025-12-14T15:10:59.991Z,2025-12-14T15:10:59.991Z
26,0x000a,4.77973,0x00000000,2025-12-14T15:10:59.991Z,2025-12-14T15:10:59.991Z
25,0x000a,5.16999,0x00000000,2025-12-14T15:10:59.991Z,2025-12-14T15:10:59.991Z
23,0x000a,-2.86469,0x00000000,2025-12-14T15:10:59.991Z,2025-12-14T15:10:59.991Z
22,0x000a,-2.09518,0x00000000,2025-12-14T15:10:59.991Z,2025-12-14T15:10:59.991Z
21,0x000a,-0.00269627,0x00000000,2025-12-14T15:10:59.991Z,2025-12-14T15:10:59.991Z
16,0x0001,false,0x00000000,2025-12-14T15:10:59.991Z,2025-12-14T15:10:59.991Z
8,0x0004,13215,0x00000000,2025-12-14T15:10:59.991Z,2025-12-14T15:10:59.991Z
7,0x0004,14294,0x00000000,2025-12-14T15:10:59.991Z,2025-12-14T15:10:59.991Z
39,0x000a,0,0x00000000,2025-12-14T15:11:00.092Z,2025-12-14T15:11:00.092Z
38,0x000a,-1.50102,0x00000000,2025-12-14T15:11:00.092Z,2025-12-14T15:11:00.092Z
36,0x000a,-1.88265,0x00000000,2025-12-14T15:11:00.092Z,2025-12-14T15:11:00.092Z
35,0x000a,-1.79629,0x00000000,2025-12-14T15:11:00.092Z,2025-12-14T15:11:00.092Z
34,0x000a,-0.00134814,0x00000000,2025-12-14T15:11:00.092Z,2025-12-14T15:11:00.092Z
29,0x0004,27000,0x00000000,2025-12-14T15:11:00.092Z,2025-12-14T15:11:00.092Z
25,0x000a,5.01989,0x00000000,2025-12-14T15:11:00.092Z,2025-12-14T15:11:00.092Z
23,0x000a,-1.88265,0x00000000,2025-12-14T15:11:00.092Z,2025-12-14T15:11:00.092Z
22,0x000a,-1.79629,0x00000000,2025-12-14T15:11:00.092Z,2025-12-14T15:11:00.092Z
21,0x000a,-0.00134814,0x00000000,2025-12-14T15:11:00.092Z,2025-12-14T15:11:00.092Z
7,0x0004,13879,0x00000000,2025-12-14T15:11:00.092Z,2025-12-14T15:11:00.092Z
38,0x000a,-0.701675,0x00000000,2025-12-14T15:11:00.192Z,2025-12-14T15:11:00.192Z
36,0x000a,-0.941325,0x00000000,2025-12-14T15:11:00.192Z,2025-12-14T15:11:00.192Z
35,0x000a,-1.64865,0x00000000,2025-12-14T15:11:00.192Z,2025-12-14T15:11:00.192Z
34,0x000a,-0.000674068,0x00000000,2025-12-14T15:11:00.192Z,2025-12-14T15:11:00.192Z
25,0x000a,4.94973,0x00000000,2025-12-14T15:11:00.192Z,2025-12-14T15:11:00.192Z
23,0x000a,-0.941325,0x00000000,2025-12-14T15:11:00.192Z,2025-12-14T15:11:00.192Z
22,0x000a,-1.64865,0x00000000,2025-12-14T15:11:00.192Z,2025-12-14T15:11:00.192Z
21,0x000a,-0.000674068,0x00000000,2025-12-14T15:11:00.192Z,2025-12-14T15:11:00.192Z
7,0x0004,13685,0x00000000,2025-12-14T15:11:00.192Z,2025-12-14T15:11:00.192Z
42,0x0001,true,0x00000000,2025-12-14T15:11:00.291Z,2025-12-14T15:11:00.291Z
38,0x000a,0,0x00000000,2025-12-14T15:11:00.291Z,2025-12-14T15:11:00.291Z
36,0x000a,-0.470663,0x00000000,2025-12-14T15:11:00.291Z,2025-12-14T15:11:00.291Z
35,0x000a,-1.17516,0x00000000,2025-12-14T15:11:00.291Z,2025-12-14T15:11:00.291Z
34,0x000a,-0.000337034,0x00000000,2025-12-14T15:11:00.291Z,2025-12-14T15:11:00.291Z
23,0x000a,-0.470663,0x00000000,2025-12-14T15:11:00.291Z,2025-12-14T15:11:00.291Z
22,0x000a,-1.17516,0x00000000,2025-12-14T15:11:00.291Z,2025-12-14T15:11:00.291Z
21,0x000a,-0.000337034,0x00000000,2025-12-14T15:11:00.291Z,2025-12-14T15:11:00.291Z
42,0x0001,false,0x00000000,2025-12-14T15:11:00.490Z,2025-12-14T15:11:00.490Z
40,0x0001,false,0x00000000,2025-12-14T15:11:00.490Z,2025-12-14T15:11:00.490Z
36,0x000a,-0.235331,0x00000000,2025-12-14T15:11:00.490Z,2025-12-14T15:11:00.490Z
35,0x000a,-0.587582,0x00000000,2025-12-14T15:11:00.490Z,2025-12-14T15:11:00.490Z
34,0x000a,-0.000168517,0x00000000,2025-12-14T15:11:00.490Z,2025-12-14T15:11:00.490Z
23,0x000a,-0.235331,0x00000000,2025-12-14T15:11:00.490Z,2025-12-14T15:11:00.490Z
22,0x000a,-0.587582,0x00000000,2025-12-14T15:11:00.490Z,2025-12-14T15:11:00.490Z
21,0x000a,-0.000168517,0x00000000,2025-12-14T15:11:00.490Z,2025-12-14T15:11:00.490Z
18,0x0001,true,0x00000000,2025-12-14T15:11:00.490Z,2025-12-14T15:11:00.490Z
16,0x0001,true,0x00000000,2025-12-14T15:11:00.490Z,2025-12-14T15:11:00.490Z
14,0x0001,true,0x00000000,2025-12-14T15:11:00.490Z,2025-12-14T15:11:00.490Z
4,0x000a,0,0x00000000,2025-12-14T15:11:00.490Z,2025-12-14T15:11:00.490Z
3,0x000a,0,0x00000000,2025-12-14T15:11:00.490Z,2025-12-14T15:11:00.490Z
2,0x000a,0,0x00000000,2025-12-14T15:11:00.490Z,2025-12-14T15:11:00.490Z
36,0x000a,-0.117666,0x00000000,2025-12-14T15:11:00.591Z,2025-12-14T15:11:00.591Z
35,0x000a,-0.293791,0x00000000,2025-12-14T15:11:00.591Z,2025-12-14T15:11:00.591Z
34,0x000a,-8.42585e-05,0x00000000,2025-12-14T15:11:00.591Z,2025-12-14T15:11:00.591Z
23,0x000a,-0.117666,0x00000000,2025-12-14T15:11:00.591Z,2025-12-14T15:11:00.591Z
22,0x000a,-0.293791,0x00000000,2025-12-14T15:11:00.591Z,2025-12-14T15:11:00.591Z
21,0x000a,-8.42585e-05,0x00000000,2025-12-14T15:11:00.591Z,2025-12-14T15:11:00.591Z
39,0x000a,-0.698061,0x00000000,2025-12-14T15:11:00.791Z,2025-12-14T15:11:00.791Z
37,0x000a,-1.69994,0x00000000,2025-12-14T15:11:00.791Z,2025-12-14T15:11:00.791Z
36,0x000a,-0.0588328,0x00000000,2025-12-14T15:11:00.693Z,2025-12-14T15:11:00.693Z
36,0x000a,-0.0294164,0x00000000,2025-12-14T15:11:00.791Z,2025-12-14T15:11:00.791Z
35,0x000a,-0.146895,0x00000000,2025-12-14T15:11:00.693Z,2025-12-14T15:11:00.693Z
35,0x000a,-0.0734477,0x00000000,2025-12-14T15:11:00.791Z,2025-12-14T15:11:00.791Z
34,0x000a,-4.21293e-05,0x00000000,2025-12-14T15:11:00.693Z,2025-12-14T15:11:00.693Z
34,0x000a,-2.10646e-05,0x00000000,2025-12-14T15:11:00.791Z,2025-12-14T15:11:00.791Z
26,0x000a,4.70992,0x00000000,2025-12-14T15:11:00.693Z,2025-12-14T15:11:00.693Z
26,0x000a,4.49978,0x00000000,2025-12-14T15:11:00.791Z,2025-12-14T15:11:00.791Z
24,0x000a,4.68967,0x00000000,2025-12-14T15:11:00.693Z,2025-12-14T15:11:00.693Z
24,0x000a,4.41985,0x00000000,2025-12-14T15:11:00.791Z,2025-12-14T15:11:00.791Z
23,0x000a,-0.0588328,0x00000000,2025-12-14T15:11:00.693Z,2025-12-14T15:11:00.693Z
23,0x000a,-0.0294164,0x00000000,2025-12-14T15:11:00.791Z,2025-12-14T15:11:00.791Z
22,0x000a,-0.146895,0x00000000,2025-12-14T15:11:00.693Z,2025-12-14T15:11:00.693Z
22,0x000a,-0.0734477,0x00000000,2025-12-14T15:11:00.791Z,2025-12-14T15:11:00.791Z
21,0x000a,-4.21293e-05,0x00000000,2025-12-14T15:11:00.693Z,2025-12-14T15:11:00.693Z
21,0x000a,-2.10646e-05,0x00000000,2025-12-14T15:11:00.791Z,2025-12-14T15:11:00.791Z
8,0x0004,13022,0x00000000,2025-12-14T15:11:00.693Z,2025-12-14T15:11:00.693Z
8,0x0004,12441,0x00000000,2025-12-14T15:11:00.791Z,2025-12-14T15:11:00.791Z
6,0x0004,12966,0x00000000,2025-12-14T15:11:00.693Z,2025-12-14T15:11:00.693Z
6,0x0004,12220,0x00000000,2025-12-14T15:11:00.791Z,2025-12-14T15:11:00.791Z
39,0x000a,-4.30049,0x00000000,2025-12-14T15:11:00.891Z,2025-12-14T15:11:00.891Z
38,0x000a,-0.0976562,0x00000000,2025-12-14T15:11:00.891Z,2025-12-14T15:11:00.891Z
37,0x000a,-5.49768,0x00000000,2025-12-14T15:11:00.891Z,2025-12-14T15:11:00.891Z
36,0x000a,-0.363739,0x00000000,2025-12-14T15:11:00.891Z,2025-12-14T15:11:00.891Z
35,0x000a,-0.0367239,0x00000000,2025-12-14T15:11:00.891Z,2025-12-14T15:11:00.891Z
34,0x000a,-0.849982,0x00000000,2025-12-14T15:11:00.891Z,2025-12-14T15:11:00.891Z
26,0x000a,4.27988,0x00000000,2025-12-14T15:11:00.891Z,2025-12-14T15:11:00.891Z
25,0x000a,4.93996,0x00000000,2025-12-14T15:11:00.891Z,2025-12-14T15:11:00.891Z
24,0x000a,4.1399,0x00000000,2025-12-14T15:11:00.891Z,2025-12-14T15:11:00.891Z
23,0x000a,-0.363739,0x00000000,2025-12-14T15:11:00.891Z,2025-12-14T15:11:00.891Z
22,0x000a,-0.0367239,0x00000000,2025-12-14T15:11:00.891Z,2025-12-14T15:11:00.891Z
21,0x000a,-0.849982,0x00000000,2025-12-14T15:11:00.891Z,2025-12-14T15:11:00.891Z
8,0x0004,11833,0x00000000,2025-12-14T15:11:00.891Z,2025-12-14T15:11:00.891Z
7,0x0004,13658,0x00000000,2025-12-14T15:11:00.891Z,2025-12-14T15:11:00.891Z
6,0x0004,11446,0x00000000,2025-12-14T15:11:00.891Z,2025-12-14T15:11:00.891Z
39,0x000a,-2.10142,0x00000000,2025-12-14T15:11:00.990Z,2025-12-14T15:11:00.990Z
38,0x000a,0,0x00000000,2025-12-14T15:11:00.990Z,2025-12-14T15:11:00.990Z
37,0x000a,-2.70182,0x00000000,2025-12-14T15:11:00.990Z,2025-12-14T15:11:00.990Z
36,0x000a,-2.33212,0x00000000,2025-12-14T15:11:00.990Z,2025-12-14T15:11:00.990Z
35,0x000a,-0.0671901,0x00000000,2025-12-14T15:11:00.990Z,2025-12-14T15:11:00.990Z
34,0x000a,-3.17383,0x00000000,2025-12-14T15:11:00.990Z,2025-12-14T15:11:00.990Z
26,0x000a,4.06973,0x00000000,2025-12-14T15:11:00.990Z,2025-12-14T15:11:00.990Z
24,0x000a,3.86972,0x00000000,2025-12-14T15:11:00.990Z,2025-12-14T15:11:00.990Z
23,0x000a,-2.33212,0x00000000,2025-12-14T15:11:00.990Z,2025-12-14T15:11:00.990Z
22,0x000a,-0.0671901,0x00000000,2025-12-14T15:11:00.990Z,2025-12-14T15:11:00.990Z
21,0x000a,-3.17383,0x00000000,2025-12-14T15:11:00.990Z,2025-12-14T15:11:00.990Z
8,0x0004,11252,0x00000000,2025-12-14T15:11:00.990Z,2025-12-14T15:11:00.990Z
6,0x0004,10699,0x00000000,2025-12-14T15:11:00.990Z,2025-12-14T15:11:00.990Z
39,0x000a,-2.60055,0x00000000,2025-12-14T15:11:01.090Z,2025-12-14T15:11:01.090Z
37,0x000a,-3.39988,0x00000000,2025-12-14T15:11:01.090Z,2025-12-14T15:11:01.090Z
36,0x000a,-2.21677,0x00000000,2025-12-14T15:11:01.090Z,2025-12-14T15:11:01.090Z
35,0x000a,-0.033595,0x00000000,2025-12-14T15:11:01.090Z,2025-12-14T15:11:01.090Z
34,0x000a,-2.93783,0x00000000,2025-12-14T15:11:01.090Z,2025-12-14T15:11:01.090Z
26,0x000a,3.80968,0x00000000,2025-12-14T15:11:01.090Z,2025-12-14T15:11:01.090Z
24,0x000a,3.52973,0x00000000,2025-12-14T15:11:01.090Z,2025-12-14T15:11:01.090Z
23,0x000a,-2.21677,0x00000000,2025-12-14T15:11:01.090Z,2025-12-14T15:11:01.090Z
22,0x000a,-0.033595,0x00000000,2025-12-14T15:11:01.090Z,2025-12-14T15:11:01.090Z
21,0x000a,-2.93783,0x00000000,2025-12-14T15:11:01.090Z,2025-12-14T15:11:01.090Z
8,0x0004,10533,0x00000000,2025-12-14T15:11:01.090Z,2025-12-14T15:11:01.090Z
6,0x0004,9759,0x00000000,2025-12-14T15:11:01.090Z,2025-12-14T15:11:01.090Z
36,0x000a,-2.40866,0x00000000,2025-12-14T15:11:01.190Z,2025-12-14T15:11:01.190Z
35,0x000a,-0.0167975,0x00000000,2025-12-14T15:11:01.190Z,2025-12-14T15:11:01.190Z
34,0x000a,-3.16886,0x00000000,2025-12-14T15:11:01.190Z,2025-12-14T15:11:01.190Z
26,0x000a,3.5999,0x00000000,2025-12-14T15:11:01.190Z,2025-12-14T15:11:01.190Z
25,0x000a,4.92983,0x00000000,2025-12-14T15:11:01.190Z,2025-12-14T15:11:01.190Z
24,0x000a,3.25991,0x00000000,2025-12-14T15:11:01.190Z,2025-12-14T15:11:01.190Z
23,0x000a,-2.40866,0x00000000,2025-12-14T15:11:01.190Z,2025-12-14T15:11:01.190Z
22,0x000a,-0.0167975,0x00000000,2025-12-14T15:11:01.190Z,2025-12-14T15:11:01.190Z
21,0x000a,-3.16886,0x00000000,2025-12-14T15:11:01.190Z,2025-12-14T15:11:01.190Z
8,0x0004,9953,0x00000000,2025-12-14T15:11:01.190Z,2025-12-14T15:11:01.190Z
7,0x0004,13630,0x00000000,2025-12-14T15:11:01.190Z,2025-12-14T15:11:01.190Z
6,0x0004,9013,0x00000000,2025-12-14T15:11:01.190Z,2025-12-14T15:11:01.190Z
39,0x000a,-2.0978,0x00000000,2025-12-14T15:11:01.291Z,2025-12-14T15:11:01.291Z
38,0x000a,-0.101275,0x00000000,2025-12-14T15:11:01.291Z,2025-12-14T15:11:01.291Z
37,0x000a,-2.6982,0x00000000,2025-12-14T15:11:01.291Z,2025-12-14T15:11:01.291Z
26,0x000a,3.38976,0x00000000,2025-12-14T15:11:01.291Z,2025-12-14T15:11:01.291Z
24,0x000a,2.97996,0x00000000,2025-12-14T15:11:01.291Z,2025-12-14T15:11:01.291Z
8,0x0004,9372,0x00000000,2025-12-14T15:11:01.291Z,2025-12-14T15:11:01.291Z
6,0x0004,8239,0x00000000,2025-12-14T15:11:01.291Z,2025-12-14T15:11:01.291Z
39,0x000a,-2.10142,0x00000000,2025-12-14T15:11:01.392Z,2025-12-14T15:11:01.392Z
38,0x000a,0,0x00000000,2025-12-14T15:11:01.392Z,2025-12-14T15:11:01.392Z
37,0x000a,-2.79948,0x00000000,2025-12-14T15:11:01.392Z,2025-12-14T15:11:01.392Z
36,0x000a,-2.25323,0x00000000,2025-12-14T15:11:01.392Z,2025-12-14T15:11:01.392Z
35,0x000a,-0.0590365,0x00000000,2025-12-14T15:11:01.392Z,2025-12-14T15:11:01.392Z
34,0x000a,-2.93353,0x00000000,2025-12-14T15:11:01.392Z,2025-12-14T15:11:01.392Z
26,0x000a,3.16985,0x00000000,2025-12-14T15:11:01.392Z,2025-12-14T15:11:01.392Z
24,0x000a,2.70978,0x00000000,2025-12-14T15:11:01.392Z,2025-12-14T15:11:01.392Z
23,0x000a,-2.25323,0x00000000,2025-12-14T15:11:01.392Z,2025-12-14T15:11:01.392Z
22,0x000a,-0.0590365,0x00000000,2025-12-14T15:11:01.392Z,2025-12-14T15:11:01.392Z
21,0x000a,-2.93353,0x00000000,2025-12-14T15:11:01.392Z,2025-12-14T15:11:01.392Z
8,0x0004,8764,0x00000000,2025-12-14T15:11:01.392Z,2025-12-14T15:11:01.392Z
6,0x0004,7492,0x00000000,2025-12-14T15:11:01.392Z,2025-12-14T15:11:01.392Z
39,0x000a,-2.19908,0x00000000,2025-12-14T15:11:01.490Z,2025-12-14T15:11:01.490Z
37,0x000a,-2.70182,0x00000000,2025-12-14T15:11:01.490Z,2025-12-14T15:11:01.490Z
36,0x000a,-2.17732,0x00000000,2025-12-14T15:11:01.490Z,2025-12-14T15:11:01.490Z
35,0x000a,-0.0295182,0x00000000,2025-12-14T15:11:01.490Z,2025-12-14T15:11:01.490Z
34,0x000a,-2.86651,0x00000000,2025-12-14T15:11:01.490Z,2025-12-14T15:11:01.490Z
26,0x000a,2.95971,0x00000000,2025-12-14T15:11:01.490Z,2025-12-14T15:11:01.490Z
25,0x000a,4.9197,0x00000000,2025-12-14T15:11:01.490Z,2025-12-14T15:11:01.490Z
24,0x000a,2.42983,0x00000000,2025-12-14T15:11:01.490Z,2025-12-14T15:11:01.490Z
23,0x000a,-2.17732,0x00000000,2025-12-14T15:11:01.490Z,2025-12-14T15:11:01.490Z
22,0x000a,-0.0295182,0x00000000,2025-12-14T15:11:01.490Z,2025-12-14T15:11:01.490Z
21,0x000a,-2.86651,0x00000000,2025-12-14T15:11:01.490Z,2025-12-14T15:11:01.490Z
8,0x0004,8183,0x00000000,2025-12-14T15:11:01.490Z,2025-12-14T15:11:01.490Z
7,0x0004,13602,0x00000000,2025-12-14T15:11:01.490Z,2025-12-14T15:11:01.490Z
6,0x0004,6718,0x00000000,2025-12-14T15:11:01.490Z,2025-12-14T15:11:01.490Z
39,0x000a,-2.10142,0x00000000,2025-12-14T15:11:01.589Z,2025-12-14T15:11:01.589Z
38,0x000a,-0.101271,0x00000000,2025-12-14T15:11:01.589Z,2025-12-14T15:11:01.589Z
37,0x000a,-2.79948,0x00000000,2025-12-14T15:11:01.589Z,2025-12-14T15:11:01.589Z
36,0x000a,-2.1882,0x00000000,2025-12-14T15:11:01.589Z,2025-12-14T15:11:01.589Z
35,0x000a,-0.0147591,0x00000000,2025-12-14T15:11:01.589Z,2025-12-14T15:11:01.589Z
34,0x000a,-2.78416,0x00000000,2025-12-14T15:11:01.589Z,2025-12-14T15:11:01.589Z
26,0x000a,2.74993,0x00000000,2025-12-14T15:11:01.589Z,2025-12-14T15:11:01.589Z
24,0x000a,2.14988,0x00000000,2025-12-14T15:11:01.589Z,2025-12-14T15:11:01.589Z
23,0x000a,-2.1882,0x00000000,2025-12-14T15:11:01.589Z,2025-12-14T15:11:01.589Z
22,0x000a,-0.0147591,0x00000000,2025-12-14T15:11:01.589Z,2025-12-14T15:11:01.589Z
21,0x000a,-2.78416,0x00000000,2025-12-14T15:11:01.589Z,2025-12-14T15:11:01.589Z
8,0x0004,7603,0x00000000,2025-12-14T15:11:01.589Z,2025-12-14T15:11:01.589Z
6,0x0004,5944,0x00000000,2025-12-14T15:11:01.589Z,2025-12-14T15:11:01.589Z
39,0x000a,-2.0978,0x00000000,2025-12-14T15:11:01.691Z,2025-12-14T15:11:01.691Z
38,0x000a,0,0x00000000,2025-12-14T15:11:01.691Z,2025-12-14T15:11:01.691Z
37,0x000a,-2.79948,0x00000000,2025-12-14T15:11:01.691Z,2025-12-14T15:11:01.691Z
36,0x000a,-2.14481,0x00000000,2025-12-14T15:11:01.691Z,2025-12-14T15:11:01.691Z
35,0x000a,-0.0580149,0x00000000,2025-12-14T15:11:01.691Z,2025-12-14T15:11:01.691Z
34,0x000a,-2.79182,0x00000000,2025-12-14T15:11:01.691Z,2025-12-14T15:11:01.691Z
26,0x000a,2.53979,0x00000000,2025-12-14T15:11:01.691Z,2025-12-14T15:11:01.691Z
24,0x000a,1.8797,0x00000000,2025-12-14T15:11:01.691Z,2025-12-14T15:11:01.691Z
23,0x000a,-2.14481,0x00000000,2025-12-14T15:11:01.691Z,2025-12-14T15:11:01.691Z
22,0x000a,-0.0580149,0x00000000,2025-12-14T15:11:01.691Z,2025-12-14T15:11:01.691Z
21,0x000a,-2.79182,0x00000000,2025-12-14T15:11:01.691Z,2025-12-14T15:11:01.691Z
8,0x0004,7022,0x00000000,2025-12-14T15:11:01.691Z,2025-12-14T15:11:01.691Z
6,0x0004,5197,0x00000000,2025-12-14T15:11:01.691Z,2025-12-14T15:11:01.691Z
39,0x000a,-2.10142,0x00000000,2025-12-14T15:11:01.792Z,2025-12-14T15:11:01.792Z
37,0x000a,-2.70182,0x00000000,2025-12-14T15:11:01.792Z,2025-12-14T15:11:01.792Z
36,0x000a,-2.1213,0x00000000,2025-12-14T15:11:01.792Z,2025-12-14T15:11:01.792Z
35,0x000a,-0.0290074,0x00000000,2025-12-14T15:11:01.792Z,2025-12-14T15:11:01.792Z
34,0x000a,-2.79565,0x00000000,2025-12-14T15:11:01.792Z,2025-12-14T15:11:01.792Z
26,0x000a,2.31988,0x00000000,2025-12-14T15:11:01.792Z,2025-12-14T15:11:01.792Z
25,0x000a,4.90994,0x00000000,2025-12-14T15:11:01.792Z,2025-12-14T15:11:01.792Z
24,0x000a,1.59975,0x00000000,2025-12-14T15:11:01.792Z,2025-12-14T15:11:01.792Z
23,0x000a,-2.1213,0x00000000,2025-12-14T15:11:01.792Z,2025-12-14T15:11:01.792Z
22,0x000a,-0.0290074,0x00000000,2025-12-14T15:11:01.792Z,2025-12-14T15:11:01.792Z
21,0x000a,-2.79565,0x00000000,2025-12-14T15:11:01.792Z,2025-12-14T15:11:01.792Z
8,0x0004,6414,0x00000000,2025-12-14T15:11:01.792Z,2025-12-14T15:11:01.792Z
7,0x0004,13575,0x00000000,2025-12-14T15:11:01.792Z,2025-12-14T15:11:01.792Z
6,0x0004,4423,0x00000000,2025-12-14T15:11:01.792Z,2025-12-14T15:11:01.792Z
39,0x000a,-2.19908,0x00000000,2025-12-14T15:11:01.892Z,2025-12-14T15:11:01.892Z
38,0x000a,-0.0976562,0x00000000,2025-12-14T15:11:01.892Z,2025-12-14T15:11:01.892Z
37,0x000a,-2.79948,0x00000000,2025-12-14T15:11:01.892Z,2025-12-14T15:11:01.892Z
36,0x000a,-2.11136,0x00000000,2025-12-14T15:11:01.892Z,2025-12-14T15:11:01.892Z
35,0x000a,-0.0145037,0x00000000,2025-12-14T15:11:01.892Z,2025-12-14T15:11:01.892Z
34,0x000a,-2.74874,0x00000000,2025-12-14T15:11:01.892Z,2025-12-14T15:11:01.892Z
26,0x000a,2.10974,0x00000000,2025-12-14T15:11:01.892Z,2025-12-14T15:11:01.892Z
24,0x000a,1.32993,0x00000000,2025-12-14T15:11:01.892Z,2025-12-14T15:11:01.892Z
23,0x000a,-2.11136,0x00000000,2025-12-14T15:11:01.892Z,2025-12-14T15:11:01.892Z
22,0x000a,-0.0145037,0x00000000,2025-12-14T15:11:01.892Z,2025-12-14T15:11:01.892Z
21,0x000a,-2.74874,0x00000000,2025-12-14T15:11:01.892Z,2025-12-14T15:11:01.892Z
8,0x0004,5833,0x00000000,2025-12-14T15:11:01.892Z,2025-12-14T15:11:01.892Z
6,0x0004,3677,0x00000000,2025-12-14T15:11:01.892Z,2025-12-14T15:11:01.892Z
39,0x000a,-4.70197,0x00000000,2025-12-14T15:11:01.991Z,2025-12-14T15:11:01.991Z
38,0x000a,-0.101275,0x00000000,2025-12-14T15:11:01.991Z,2025-12-14T15:11:01.991Z
37,0x000a,-6.00043,0x00000000,2025-12-14T15:11:01.991Z,2025-12-14T15:11:01.991Z
36,0x000a,-2.15522,0x00000000,2025-12-14T15:11:01.991Z,2025-12-14T15:11:01.991Z
35,0x000a,-0.05608,0x00000000,2025-12-14T15:11:01.991Z,2025-12-14T15:11:01.991Z
34,0x000a,-2.77411,0x00000000,2025-12-14T15:11:01.991Z,2025-12-14T15:11:01.991Z
29,0x0004,0,0x00000000,2025-12-14T15:11:01.991Z,2025-12-14T15:11:01.991Z
26,0x000a,1.84968,0x00000000,2025-12-14T15:11:01.991Z,2025-12-14T15:11:01.991Z
25,0x000a,4.89981,0x00000000,2025-12-14T15:11:01.991Z,2025-12-14T15:11:01.991Z
24,0x000a,0.999711,0x00000000,2025-12-14T15:11:01.991Z,2025-12-14T15:11:01.991Z
23,0x000a,-2.15522,0x00000000,2025-12-14T15:11:01.991Z,2025-12-14T15:11:01.991Z
22,0x000a,-0.05608,0x00000000,2025-12-14T15:11:01.991Z,2025-12-14T15:11:01.991Z
21,0x000a,-2.77411,0x00000000,2025-12-14T15:11:01.991Z,2025-12-14T15:11:01.991Z
8,0x0004,5114,0x00000000,2025-12-14T15:11:01.991Z,2025-12-14T15:11:01.991Z
7,0x0004,13547,0x00000000,2025-12-14T15:11:01.991Z,2025-12-14T15:11:01.991Z
6,0x0004,2764,0x00000000,2025-12-14T15:11:01.991Z,2025-12-14T15:11:01.991Z
36,0x000a,-3.42859,0x00000000,2025-12-14T15:11:02.089Z,2025-12-14T15:11:02.089Z
35,0x000a,-0.0786777,0x00000000,2025-12-14T15:11:02.089Z,2025-12-14T15:11:02.089Z
34,0x000a,-4.38727,0x00000000,2025-12-14T15:11:02.089Z,2025-12-14T15:11:02.089Z
26,0x000a,1.6399,0x00000000,2025-12-14T15:11:02.089Z,2025-12-14T15:11:02.089Z
25,0x000a,4.83977,0x00000000,2025-12-14T15:11:02.089Z,2025-12-14T15:11:02.089Z
24,0x000a,0.719763,0x00000000,2025-12-14T15:11:02.089Z,2025-12-14T15:11:02.089Z
23,0x000a,-3.42859,0x00000000,2025-12-14T15:11:02.089Z,2025-12-14T15:11:02.089Z
22,0x000a,-0.0786777,0x00000000,2025-12-14T15:11:02.089Z,2025-12-14T15:11:02.089Z
21,0x000a,-4.38727,0x00000000,2025-12-14T15:11:02.089Z,2025-12-14T15:11:02.089Z
8,0x0004,4534,0x00000000,2025-12-14T15:11:02.089Z,2025-12-14T15:11:02.089Z
7,0x0004,13381,0x00000000,2025-12-14T15:11:02.089Z,2025-12-14T15:11:02.089Z
6,0x0004,1990,0x00000000,2025-12-14T15:11:02.089Z,2025-12-14T15:11:02.089Z
39,0x000a,-2.0978,0x00000000,2025-12-14T15:11:02.190Z,2025-12-14T15:11:02.190Z
38,0x000a,-0.600405,0x00000000,2025-12-14T15:11:02.190Z,2025-12-14T15:11:02.190Z
37,0x000a,-2.79948,0x00000000,2025-12-14T15:11:02.190Z,2025-12-14T15:11:02.190Z
39,0x000a,-2.10142,0x00000000,2025-12-14T15:11:02.289Z,2025-12-14T15:11:02.289Z
39,0x000a,-2.19907,0x00000000,2025-12-14T15:11:02.391Z,2025-12-14T15:11:02.391Z
38,0x000a,-1.50101,0x00000000,2025-12-14T15:11:02.289Z,2025-12-14T15:11:02.289Z
38,0x000a,-1.59867,0x00000000,2025-12-14T15:11:02.391Z,2025-12-14T15:11:02.391Z
37,0x000a,-2.79948,0x00000000,2025-12-14T15:11:02.289Z,2025-12-14T15:11:02.289Z
37,0x000a,-2.69821,0x00000000,2025-12-14T15:11:02.391Z,2025-12-14T15:11:02.391Z
36,0x000a,-2.7632,0x00000000,2025-12-14T15:11:02.289Z,2025-12-14T15:11:02.289Z
36,0x000a,-2.43231,0x00000000,2025-12-14T15:11:02.391Z,2025-12-14T15:11:02.391Z
35,0x000a,-0.339541,0x00000000,2025-12-14T15:11:02.289Z,2025-12-14T15:11:02.289Z
35,0x000a,-0.920277,0x00000000,2025-12-14T15:11:02.391Z,2025-12-14T15:11:02.391Z
34,0x000a,-3.59337,0x00000000,2025-12-14T15:11:02.289Z,2025-12-14T15:11:02.289Z
34,0x000a,-3.19643,0x00000000,2025-12-14T15:11:02.391Z,2025-12-14T15:11:02.391Z
26,0x000a,1.42976,0x00000000,2025-12-14T15:11:02.289Z,2025-12-14T15:11:02.289Z
26,0x000a,1.20985,0x00000000,2025-12-14T15:11:02.391Z,2025-12-14T15:11:02.391Z
25,0x000a,4.68967,0x00000000,2025-12-14T15:11:02.289Z,2025-12-14T15:11:02.289Z
25,0x000a,4.5298,0x00000000,2025-12-14T15:11:02.391Z,2025-12-14T15:11:02.391Z
24,0x000a,0.439815,0x00000000,2025-12-14T15:11:02.289Z,2025-12-14T15:11:02.289Z
24,0x000a,0.169994,0x00000000,2025-12-14T15:11:02.391Z,2025-12-14T15:11:02.391Z
23,0x000a,-2.7632,0x00000000,2025-12-14T15:11:02.289Z,2025-12-14T15:11:02.289Z
23,0x000a,-2.43231,0x00000000,2025-12-14T15:11:02.391Z,2025-12-14T15:11:02.391Z
22,0x000a,-0.339541,0x00000000,2025-12-14T15:11:02.289Z,2025-12-14T15:11:02.289Z
22,0x000a,-0.920277,0x00000000,2025-12-14T15:11:02.391Z,2025-12-14T15:11:02.391Z
21,0x000a,-3.59337,0x00000000,2025-12-14T15:11:02.289Z,2025-12-14T15:11:02.289Z
21,0x000a,-3.19643,0x00000000,2025-12-14T15:11:02.391Z,2025-12-14T15:11:02.391Z
14,0x0001,false,0x00000000,2025-12-14T15:11:02.391Z,2025-12-14T15:11:02.391Z
8,0x0004,3953,0x00000000,2025-12-14T15:11:02.289Z,2025-12-14T15:11:02.289Z
8,0x0004,3345,0x00000000,2025-12-14T15:11:02.391Z,2025-12-14T15:11:02.391Z
7,0x0004,12966,0x00000000,2025-12-14T15:11:02.289Z,2025-12-14T15:11:02.289Z
7,0x0004,12524,0x00000000,2025-12-14T15:11:02.391Z,2025-12-14T15:11:02.391Z
6,0x0004,1216,0x00000000,2025-12-14T15:11:02.289Z,2025-12-14T15:11:02.289Z
6,0x0004,470,0x00000000,2025-12-14T15:11:02.391Z,2025-12-14T15:11:02.391Z
39,0x000a,-2.10142,0x00000000,2025-12-14T15:11:02.489Z,2025-12-14T15:11:02.489Z
38,0x000a,-1.50101,0x00000000,2025-12-14T15:11:02.489Z,2025-12-14T15:11:02.489Z
37,0x000a,-1.69994,0x00000000,2025-12-14T15:11:02.489Z,2025-12-14T15:11:02.489Z
36,0x000a,-2.31569,0x00000000,2025-12-14T15:11:02.489Z,2025-12-14T15:11:02.489Z
35,0x000a,-1.25947,0x00000000,2025-12-14T15:11:02.489Z,2025-12-14T15:11:02.489Z
34,0x000a,-2.94732,0x00000000,2025-12-14T15:11:02.489Z,2025-12-14T15:11:02.489Z
26,0x000a,0.999711,0x00000000,2025-12-14T15:11:02.489Z,2025-12-14T15:11:02.489Z
25,0x000a,4.3797,0x00000000,2025-12-14T15:11:02.489Z,2025-12-14T15:11:02.489Z
24,0x000a,0,0x00000000,2025-12-14T15:11:02.489Z,2025-12-14T15:11:02.489Z
23,0x000a,-2.31569,0x00000000,2025-12-14T15:11:02.489Z,2025-12-14T15:11:02.489Z
22,0x000a,-1.25947,0x00000000,2025-12-14T15:11:02.489Z,2025-12-14T15:11:02.489Z
21,0x000a,-2.94732,0x00000000,2025-12-14T15:11:02.489Z,2025-12-14T15:11:02.489Z
8,0x0004,2764,0x00000000,2025-12-14T15:11:02.489Z,2025-12-14T15:11:02.489Z
7,0x0004,12109,0x00000000,2025-12-14T15:11:02.489Z,2025-12-14T15:11:02.489Z
6,0x0004,0,0x00000000,2025-12-14T15:11:02.489Z,2025-12-14T15:11:02.489Z
39,0x000a,-2.0978,0x00000000,2025-12-14T15:11:02.590Z,2025-12-14T15:11:02.590Z
38,0x000a,-1.4974,0x00000000,2025-12-14T15:11:02.590Z,2025-12-14T15:11:02.590Z
37,0x000a,0,0x00000000,2025-12-14T15:11:02.590Z,2025-12-14T15:11:02.590Z
36,0x000a,-2.20855,0x00000000,2025-12-14T15:11:02.590Z,2025-12-14T15:11:02.590Z
35,0x000a,-1.38024,0x00000000,2025-12-14T15:11:02.590Z,2025-12-14T15:11:02.590Z
34,0x000a,-2.32363,0x00000000,2025-12-14T15:11:02.590Z,2025-12-14T15:11:02.590Z
26,0x000a,0.789931,0x00000000,2025-12-14T15:11:02.590Z,2025-12-14T15:11:02.590Z
25,0x000a,4.22996,0x00000000,2025-12-14T15:11:02.590Z,2025-12-14T15:11:02.590Z
23,0x000a,-2.20855,0x00000000,2025-12-14T15:11:02.590Z,2025-12-14T15:11:02.590Z
22,0x000a,-1.38024,0x00000000,2025-12-14T15:11:02.590Z,2025-12-14T15:11:02.590Z
21,0x000a,-2.32363,0x00000000,2025-12-14T15:11:02.590Z,2025-12-14T15:11:02.590Z
8,0x0004,2184,0x00000000,2025-12-14T15:11:02.590Z,2025-12-14T15:11:02.590Z
7,0x0004,11695,0x00000000,2025-12-14T15:11:02.590Z,2025-12-14T15:11:02.590Z
39,0x000a,-2.20269,0x00000000,2025-12-14T15:11:02.690Z,2025-12-14T15:11:02.690Z
38,0x000a,-1.60229,0x00000000,2025-12-14T15:11:02.690Z,2025-12-14T15:11:02.690Z
36,0x000a,-2.15318,0x00000000,2025-12-14T15:11:02.690Z,2025-12-14T15:11:02.690Z
35,0x000a,-1.43882,0x00000000,2025-12-14T15:11:02.690Z,2025-12-14T15:11:02.690Z
34,0x000a,-1.16181,0x00000000,2025-12-14T15:11:02.690Z,2025-12-14T15:11:02.690Z
26,0x000a,0.569661,0x00000000,2025-12-14T15:11:02.690Z,2025-12-14T15:11:02.690Z
25,0x000a,4.06973,0x00000000,2025-12-14T15:11:02.690Z,2025-12-14T15:11:02.690Z
23,0x000a,-2.15318,0x00000000,2025-12-14T15:11:02.690Z,2025-12-14T15:11:02.690Z
22,0x000a,-1.43882,0x00000000,2025-12-14T15:11:02.690Z,2025-12-14T15:11:02.690Z
21,0x000a,-1.16181,0x00000000,2025-12-14T15:11:02.690Z,2025-12-14T15:11:02.690Z
8,0x0004,1575,0x00000000,2025-12-14T15:11:02.690Z,2025-12-14T15:11:02.690Z
7,0x0004,11252,0x00000000,2025-12-14T15:11:02.690Z,2025-12-14T15:11:02.690Z
39,0x000a,-2.0978,0x00000000,2025-12-14T15:11:02.791Z,2025-12-14T15:11:02.791Z
38,0x000a,-1.4974,0x00000000,2025-12-14T15:11:02.791Z,2025-12-14T15:11:02.791Z
36,0x000a,-2.17793,0x00000000,2025-12-14T15:11:02.791Z,2025-12-14T15:11:02.791Z
35,0x000a,-1.52055,0x00000000,2025-12-14T15:11:02.791Z,2025-12-14T15:11:02.791Z
34,0x000a,-0.580907,0x00000000,2025-12-14T15:11:02.791Z,2025-12-14T15:11:02.791Z
26,0x000a,0.359881,0x00000000,2025-12-14T15:11:02.791Z,2025-12-14T15:11:02.791Z
25,0x000a,3.91999,0x00000000,2025-12-14T15:11:02.791Z,2025-12-14T15:11:02.791Z
23,0x000a,-2.17793,0x00000000,2025-12-14T15:11:02.791Z,2025-12-14T15:11:02.791Z
22,0x000a,-1.52055,0x00000000,2025-12-14T15:11:02.791Z,2025-12-14T15:11:02.791Z
21,0x000a,-0.580907,0x00000000,2025-12-14T15:11:02.791Z,2025-12-14T15:11:02.791Z
8,0x0004,995,0x00000000,2025-12-14T15:11:02.791Z,2025-12-14T15:11:02.791Z
7,0x0004,10838,0x00000000,2025-12-14T15:11:02.791Z,2025-12-14T15:11:02.791Z
40,0x0001,true,0x00000000,2025-12-14T15:11:02.892Z,2025-12-14T15:11:02.892Z
39,0x000a,-2.49928,0x00000000,2025-12-14T15:11:02.892Z,2025-12-14T15:11:02.892Z
38,0x000a,-1.80121,0x00000000,2025-12-14T15:11:02.892Z,2025-12-14T15:11:02.892Z
36,0x000a,-2.13787,0x00000000,2025-12-14T15:11:02.892Z,2025-12-14T15:11:02.892Z
35,0x000a,-1.50897,0x00000000,2025-12-14T15:11:02.892Z,2025-12-14T15:11:02.892Z
34,0x000a,-0.290454,0x00000000,2025-12-14T15:11:02.892Z,2025-12-14T15:11:02.892Z
26,0x000a,0.109954,0x00000000,2025-12-14T15:11:02.892Z,2025-12-14T15:11:02.892Z
25,0x000a,3.73987,0x00000000,2025-12-14T15:11:02.892Z,2025-12-14T15:11:02.892Z
23,0x000a,-2.13787,0x00000000,2025-12-14T15:11:02.892Z,2025-12-14T15:11:02.892Z
22,0x000a,-1.50897,0x00000000,2025-12-14T15:11:02.892Z,2025-12-14T15:11:02.892Z
21,0x000a,-0.290454,0x00000000,2025-12-14T15:11:02.892Z,2025-12-14T15:11:02.892Z
18,0x0001,false,0x00000000,2025-12-14T15:11:02.892Z,2025-12-14T15:11:02.892Z
8,0x0004,304,0x00000000,2025-12-14T15:11:02.892Z,2025-12-14T15:11:02.892Z
7,0x0004,10340,0x00000000,2025-12-14T15:11:02.892Z,2025-12-14T15:11:02.892Z
26,0x000a,0.0198929,0x00000000,2025-12-14T15:11:02.992Z,2025-12-14T15:11:02.992Z
25,0x000a,3.57964,0x00000000,2025-12-14T15:11:02.992Z,2025-12-14T15:11:02.992Z
8,0x0004,55,0x00000000,2025-12-14T15:11:02.992Z,2025-12-14T15:11:02.992Z
7,0x0004,9897,0x00000000,2025-12-14T15:11:02.992Z,2025-12-14T15:11:02.992Z
39,0x000a,-0.900608,0x00000000,2025-12-14T15:11:03.090Z,2025-12-14T15:11:03.090Z
38,0x000a,-1.60229,0x00000000,2025-12-14T15:11:03.090Z,2025-12-14T15:11:03.090Z
36,0x000a,-2.31857,0x00000000,2025-12-14T15:11:03.090Z,2025-12-14T15:11:03.090Z
35,0x000a,-1.65509,0x00000000,2025-12-14T15:11:03.090Z,2025-12-14T15:11:03.090Z
34,0x000a,-0.145227,0x00000000,2025-12-14T15:11:03.090Z,2025-12-14T15:11:03.090Z
25,0x000a,3.4299,0x00000000,2025-12-14T15:11:03.090Z,2025-12-14T15:11:03.090Z
23,0x000a,-2.31857,0x00000000,2025-12-14T15:11:03.090Z,2025-12-14T15:11:03.090Z
22,0x000a,-1.65509,0x00000000,2025-12-14T15:11:03.090Z,2025-12-14T15:11:03.090Z
21,0x000a,-0.145227,0x00000000,2025-12-14T15:11:03.090Z,2025-12-14T15:11:03.090Z
7,0x0004,9483,0x00000000,2025-12-14T15:11:03.090Z,2025-12-14T15:11:03.090Z
39,0x000a,0,0x00000000,2025-12-14T15:11:03.190Z,2025-12-14T15:11:03.190Z
38,0x000a,-2.99841,0x00000000,2025-12-14T15:11:03.190Z,2025-12-14T15:11:03.190Z
36,0x000a,-1.60959,0x00000000,2025-12-14T15:11:03.190Z,2025-12-14T15:11:03.190Z
35,0x000a,-1.62869,0x00000000,2025-12-14T15:11:03.190Z,2025-12-14T15:11:03.190Z
34,0x000a,-0.0726134,0x00000000,2025-12-14T15:11:03.190Z,2025-12-14T15:11:03.190Z
25,0x000a,3.2798,0x00000000,2025-12-14T15:11:03.190Z,2025-12-14T15:11:03.190Z
23,0x000a,-1.60959,0x00000000,2025-12-14T15:11:03.190Z,2025-12-14T15:11:03.190Z
22,0x000a,-1.62869,0x00000000,2025-12-14T15:11:03.190Z,2025-12-14T15:11:03.190Z
21,0x000a,-0.0726134,0x00000000,2025-12-14T15:11:03.190Z,2025-12-14T15:11:03.190Z
7,0x0004,9068,0x00000000,2025-12-14T15:11:03.190Z,2025-12-14T15:11:03.190Z
38,0x000a,-1.59867,0x00000000,2025-12-14T15:11:03.290Z,2025-12-14T15:11:03.290Z
36,0x000a,-0.804795,0x00000000,2025-12-14T15:11:03.290Z,2025-12-14T15:11:03.290Z
35,0x000a,-2.31355,0x00000000,2025-12-14T15:11:03.290Z,2025-12-14T15:11:03.290Z
34,0x000a,-0.0363067,0x00000000,2025-12-14T15:11:03.290Z,2025-12-14T15:11:03.290Z
25,0x000a,3.11994,0x00000000,2025-12-14T15:11:03.290Z,2025-12-14T15:11:03.290Z
23,0x000a,-0.804795,0x00000000,2025-12-14T15:11:03.290Z,2025-12-14T15:11:03.290Z
22,0x000a,-2.31355,0x00000000,2025-12-14T15:11:03.290Z,2025-12-14T15:11:03.290Z
21,0x000a,-0.0363067,0x00000000,2025-12-14T15:11:03.290Z,2025-12-14T15:11:03.290Z
7,0x0004,8626,0x00000000,2025-12-14T15:11:03.290Z,2025-12-14T15:11:03.290Z
42,0x0001,true,0x00000000,2025-12-14T15:11:03.391Z,2025-12-14T15:11:03.391Z
38,0x000a,-1.50101,0x00000000,2025-12-14T15:11:03.391Z,2025-12-14T15:11:03.391Z
36,0x000a,-0.402397,0x00000000,2025-12-14T15:11:03.391Z,2025-12-14T15:11:03.391Z
35,0x000a,-1.95611,0x00000000,2025-12-14T15:11:03.391Z,2025-12-14T15:11:03.391Z
34,0x000a,-0.0181534,0x00000000,2025-12-14T15:11:03.391Z,2025-12-14T15:11:03.391Z
25,0x000a,2.96984,0x00000000,2025-12-14T15:11:03.391Z,2025-12-14T15:11:03.391Z
23,0x000a,-0.402397,0x00000000,2025-12-14T15:11:03.391Z,2025-12-14T15:11:03.391Z
22,0x000a,-1.95611,0x00000000,2025-12-14T15:11:03.391Z,2025-12-14T15:11:03.391Z
21,0x000a,-0.0181534,0x00000000,2025-12-14T15:11:03.391Z,2025-12-14T15:11:03.391Z
7,0x0004,8211,0x00000000,2025-12-14T15:11:03.391Z,2025-12-14T15:11:03.391Z
36,0x000a,-0.201199,0x00000000,2025-12-14T15:11:03.490Z,2025-12-14T15:11:03.490Z
35,0x000a,-1.72856,0x00000000,2025-12-14T15:11:03.490Z,2025-12-14T15:11:03.490Z
34,0x000a,-0.00907668,0x00000000,2025-12-14T15:11:03.490Z,2025-12-14T15:11:03.490Z
25,0x000a,2.81973,0x00000000,2025-12-14T15:11:03.490Z,2025-12-14T15:11:03.490Z
23,0x000a,-0.201199,0x00000000,2025-12-14T15:11:03.490Z,2025-12-14T15:11:03.490Z
22,0x000a,-1.72856,0x00000000,2025-12-14T15:11:03.490Z,2025-12-14T15:11:03.490Z
21,0x000a,-0.00907668,0x00000000,2025-12-14T15:11:03.490Z,2025-12-14T15:11:03.490Z
7,0x0004,7796,0x00000000,2025-12-14T15:11:03.490Z,2025-12-14T15:11:03.490Z
38,0x000a,-1.59867,0x00000000,2025-12-14T15:11:03.591Z,2025-12-14T15:11:03.591Z
36,0x000a,-0.100599,0x00000000,2025-12-14T15:11:03.591Z,2025-12-14T15:11:03.591Z
35,0x000a,-1.61479,0x00000000,2025-12-14T15:11:03.591Z,2025-12-14T15:11:03.591Z
34,0x000a,-0.00453834,0x00000000,2025-12-14T15:11:03.591Z,2025-12-14T15:11:03.591Z
25,0x000a,2.65987,0x00000000,2025-12-14T15:11:03.591Z,2025-12-14T15:11:03.591Z
23,0x000a,-0.100599,0x00000000,2025-12-14T15:11:03.591Z,2025-12-14T15:11:03.591Z
22,0x000a,-1.61479,0x00000000,2025-12-14T15:11:03.591Z,2025-12-14T15:11:03.591Z
21,0x000a,-0.00453834,0x00000000,2025-12-14T15:11:03.591Z,2025-12-14T15:11:03.591Z
7,0x0004,7354,0x00000000,2025-12-14T15:11:03.591Z,2025-12-14T15:11:03.591Z
38,0x000a,-1.80121,0x00000000,2025-12-14T15:11:03.691Z,2025-12-14T15:11:03.691Z
36,0x000a,-0.0502997,0x00000000,2025-12-14T15:11:03.691Z,2025-12-14T15:11:03.691Z
36,0x000a,-0.0251498,0x00000000,2025-12-14T15:11:03.790Z,2025-12-14T15:11:03.790Z
35,0x000a,-1.60673,0x00000000,2025-12-14T15:11:03.691Z,2025-12-14T15:11:03.691Z
35,0x000a,-1.70397,0x00000000,2025-12-14T15:11:03.790Z,2025-12-14T15:11:03.790Z
34,0x000a,-0.00226917,0x00000000,2025-12-14T15:11:03.691Z,2025-12-14T15:11:03.691Z
34,0x000a,-0.00113458,0x00000000,2025-12-14T15:11:03.790Z,2025-12-14T15:11:03.790Z
25,0x000a,2.47975,0x00000000,2025-12-14T15:11:03.691Z,2025-12-14T15:11:03.691Z
25,0x000a,2.31988,0x00000000,2025-12-14T15:11:03.790Z,2025-12-14T15:11:03.790Z
23,0x000a,-0.0502997,0x00000000,2025-12-14T15:11:03.691Z,2025-12-14T15:11:03.691Z
23,0x000a,-0.0251498,0x00000000,2025-12-14T15:11:03.790Z,2025-12-14T15:11:03.790Z
22,0x000a,-1.60673,0x00000000,2025-12-14T15:11:03.691Z,2025-12-14T15:11:03.691Z
22,0x000a,-1.70397,0x00000000,2025-12-14T15:11:03.790Z,2025-12-14T15:11:03.790Z
21,0x000a,-0.00226917,0x00000000,2025-12-14T15:11:03.691Z,2025-12-14T15:11:03.691Z
21,0x000a,-0.00113458,0x00000000,2025-12-14T15:11:03.790Z,2025-12-14T15:11:03.790Z
7,0x0004,6856,0x00000000,2025-12-14T15:11:03.691Z,2025-12-14T15:11:03.691Z
7,0x0004,6414,0x00000000,2025-12-14T15:11:03.790Z,2025-12-14T15:11:03.790Z
38,0x000a,-1.59867,0x00000000,2025-12-14T15:11:03.891Z,2025-12-14T15:11:03.891Z
25,0x000a,2.16978,0x00000000,2025-12-14T15:11:03.891Z,2025-12-14T15:11:03.891Z
7,0x0004,5999,0x00000000,2025-12-14T15:11:03.891Z,2025-12-14T15:11:03.891Z
38,0x000a,-1.50101,0x00000000,2025-12-14T15:11:03.990Z,2025-12-14T15:11:03.990Z
36,0x000a,-0.0125749,0x00000000,2025-12-14T15:11:03.990Z,2025-12-14T15:11:03.990Z
35,0x000a,-1.65132,0x00000000,2025-12-14T15:11:03.990Z,2025-12-14T15:11:03.990Z
34,0x000a,-0.000567292,0x00000000,2025-12-14T15:11:03.990Z,2025-12-14T15:11:03.990Z
25,0x000a,2.01968,0x00000000,2025-12-14T15:11:03.990Z,2025-12-14T15:11:03.990Z
23,0x000a,-0.0125749,0x00000000,2025-12-14T15:11:03.990Z,2025-12-14T15:11:03.990Z
22,0x000a,-1.65132,0x00000000,2025-12-14T15:11:03.990Z,2025-12-14T15:11:03.990Z
21,0x000a,-0.000567292,0x00000000,2025-12-14T15:11:03.990Z,2025-12-14T15:11:03.990Z
7,0x0004,5584,0x00000000,2025-12-14T15:11:03.990Z,2025-12-14T15:11:03.990Z
36,0x000a,-0.00628746,0x00000000,2025-12-14T15:11:04.090Z,2025-12-14T15:11:04.090Z
35,0x000a,-1.57617,0x00000000,2025-12-14T15:11:04.090Z,2025-12-14T15:11:04.090Z
34,0x000a,-0.000283646,0x00000000,2025-12-14T15:11:04.090Z,2025-12-14T15:11:04.090Z
25,0x000a,1.85981,0x00000000,2025-12-14T15:11:04.090Z,2025-12-14T15:11:04.090Z
23,0x000a,-0.00628746,0x00000000,2025-12-14T15:11:04.090Z,2025-12-14T15:11:04.090Z
22,0x000a,-1.57617,0x00000000,2025-12-14T15:11:04.090Z,2025-12-14T15:11:04.090Z
21,0x000a,-0.000283646,0x00000000,2025-12-14T15:11:04.090Z,2025-12-14T15:11:04.090Z
7,0x0004,5142,0x00000000,2025-12-14T15:11:04.090Z,2025-12-14T15:11:04.090Z
38,0x000a,-1.59867,0x00000000,2025-12-14T15:11:04.191Z,2025-12-14T15:11:04.191Z
36,0x000a,-0.00314373,0x00000000,2025-12-14T15:11:04.191Z,2025-12-14T15:11:04.191Z
35,0x000a,-1.53859,0x00000000,2025-12-14T15:11:04.191Z,2025-12-14T15:11:04.191Z
34,0x000a,-0.000141823,0x00000000,2025-12-14T15:11:04.191Z,2025-12-14T15:11:04.191Z
25,0x000a,1.70971,0x00000000,2025-12-14T15:11:04.191Z,2025-12-14T15:11:04.191Z
23,0x000a,-0.00314373,0x00000000,2025-12-14T15:11:04.191Z,2025-12-14T15:11:04.191Z
22,0x000a,-1.53859,0x00000000,2025-12-14T15:11:04.191Z,2025-12-14T15:11:04.191Z
21,0x000a,-0.000141823,0x00000000,2025-12-14T15:11:04.191Z,2025-12-14T15:11:04.191Z
7,0x0004,4727,0x00000000,2025-12-14T15:11:04.191Z,2025-12-14T15:11:04.191Z
38,0x000a,-2.99841,0x00000000,2025-12-14T15:11:04.294Z,2025-12-14T15:11:04.294Z
36,0x000a,-0.00157187,0x00000000,2025-12-14T15:11:04.294Z,2025-12-14T15:11:04.294Z
35,0x000a,-1.56863,0x00000000,2025-12-14T15:11:04.294Z,2025-12-14T15:11:04.294Z
34,0x000a,-7.09115e-05,0x00000000,2025-12-14T15:11:04.294Z,2025-12-14T15:11:04.294Z
25,0x000a,1.55997,0x00000000,2025-12-14T15:11:04.294Z,2025-12-14T15:11:04.294Z
23,0x000a,-0.00157187,0x00000000,2025-12-14T15:11:04.294Z,2025-12-14T15:11:04.294Z
22,0x000a,-1.56863,0x00000000,2025-12-14T15:11:04.294Z,2025-12-14T15:11:04.294Z
21,0x000a,-7.09115e-05,0x00000000,2025-12-14T15:11:04.294Z,2025-12-14T15:11:04.294Z
7,0x0004,4313,0x00000000,2025-12-14T15:11:04.294Z,2025-12-14T15:11:04.294Z
38,0x000a,-1.90249,0x00000000,2025-12-14T15:11:04.389Z,2025-12-14T15:11:04.389Z
36,0x000a,-0.000785933,0x00000000,2025-12-14T15:11:04.389Z,2025-12-14T15:11:04.389Z
35,0x000a,-2.28352,0x00000000,2025-12-14T15:11:04.389Z,2025-12-14T15:11:04.389Z
34,0x000a,-3.54558e-05,0x00000000,2025-12-14T15:11:04.389Z,2025-12-14T15:11:04.389Z
25,0x000a,1.36972,0x00000000,2025-12-14T15:11:04.389Z,2025-12-14T15:11:04.389Z
23,0x000a,-0.000785933,0x00000000,2025-12-14T15:11:04.389Z,2025-12-14T15:11:04.389Z
22,0x000a,-2.28352,0x00000000,2025-12-14T15:11:04.389Z,2025-12-14T15:11:04.389Z
21,0x000a,-3.54558e-05,0x00000000,2025-12-14T15:11:04.389Z,2025-12-14T15:11:04.389Z
7,0x0004,3787,0x00000000,2025-12-14T15:11:04.389Z,2025-12-14T15:11:04.389Z
38,0x000a,-1.4974,0x00000000,2025-12-14T15:11:04.490Z,2025-12-14T15:11:04.490Z
36,0x000a,-0.000392966,0x00000000,2025-12-14T15:11:04.490Z,2025-12-14T15:11:04.490Z
35,0x000a,-2.093,0x00000000,2025-12-14T15:11:04.490Z,2025-12-14T15:11:04.490Z
34,0x000a,-1.77279e-05,0x00000000,2025-12-14T15:11:04.490Z,2025-12-14T15:11:04.490Z
25,0x000a,1.21998,0x00000000,2025-12-14T15:11:04.490Z,2025-12-14T15:11:04.490Z
23,0x000a,-0.000392966,0x00000000,2025-12-14T15:11:04.490Z,2025-12-14T15:11:04.490Z
22,0x000a,-2.093,0x00000000,2025-12-14T15:11:04.490Z,2025-12-14T15:11:04.490Z
21,0x000a,-1.77279e-05,0x00000000,2025-12-14T15:11:04.490Z,2025-12-14T15:11:04.490Z
7,0x0004,3373,0x00000000,2025-12-14T15:11:04.490Z,2025-12-14T15:11:04.490Z
36,0x000a,-0.000196483,0x00000000,2025-12-14T15:11:04.591Z,2025-12-14T15:11:04.591Z
35,0x000a,-1.7952,0x00000000,2025-12-14T15:11:04.591Z,2025-12-14T15:11:04.591Z
34,0x000a,-8.86394e-06,0x00000000,2025-12-14T15:11:04.591Z,2025-12-14T15:11:04.591Z
25,0x000a,1.06988,0x00000000,2025-12-14T15:11:04.591Z,2025-12-14T15:11:04.591Z
23,0x000a,-0.000196483,0x00000000,2025-12-14T15:11:04.591Z,2025-12-14T15:11:04.591Z
22,0x000a,-1.7952,0x00000000,2025-12-14T15:11:04.591Z,2025-12-14T15:11:04.591Z
21,0x000a,-8.86394e-06,0x00000000,2025-12-14T15:11:04.591Z,2025-12-14T15:11:04.591Z
7,0x0004,2958,0x00000000,2025-12-14T15:11:04.591Z,2025-12-14T15:11:04.591Z
38,0x000a,-1.50101,0x00000000,2025-12-14T15:11:04.690Z,2025-12-14T15:11:04.690Z
25,0x000a,0.90965,0x00000000,2025-12-14T15:11:04.690Z,2025-12-14T15:11:04.690Z
7,0x0004,2515,0x00000000,2025-12-14T15:11:04.690Z,2025-12-14T15:11:04.690Z
38,0x000a,-1.60229,0x00000000,2025-12-14T15:11:04.792Z,2025-12-14T15:11:04.792Z
36,0x000a,-9.82416e-05,0x00000000,2025-12-14T15:11:04.792Z,2025-12-14T15:11:04.792Z
35,0x000a,-1.64811,0x00000000,2025-12-14T15:11:04.792Z,2025-12-14T15:11:04.792Z
34,0x000a,-4.43197e-06,0x00000000,2025-12-14T15:11:04.792Z,2025-12-14T15:11:04.792Z
25,0x000a,0.75991,0x00000000,2025-12-14T15:11:04.792Z,2025-12-14T15:11:04.792Z
23,0x000a,-9.82416e-05,0x00000000,2025-12-14T15:11:04.792Z,2025-12-14T15:11:04.792Z
22,0x000a,-1.64811,0x00000000,2025-12-14T15:11:04.792Z,2025-12-14T15:11:04.792Z
21,0x000a,-4.43197e-06,0x00000000,2025-12-14T15:11:04.792Z,2025-12-14T15:11:04.792Z
7,0x0004,2101,0x00000000,2025-12-14T15:11:04.792Z,2025-12-14T15:11:04.792Z
38,0x000a,-1.4974,0x00000000,2025-12-14T15:11:04.893Z,2025-12-14T15:11:04.893Z
36,0x000a,-4.91208e-05,0x00000000,2025-12-14T15:11:04.893Z,2025-12-14T15:11:04.893Z
35,0x000a,-1.6252,0x00000000,2025-12-14T15:11:04.893Z,2025-12-14T15:11:04.893Z
34,0x000a,-2.21599e-06,0x00000000,2025-12-14T15:11:04.893Z,2025-12-14T15:11:04.893Z
25,0x000a,0.609809,0x00000000,2025-12-14T15:11:04.893Z,2025-12-14T15:11:04.893Z
23,0x000a,-4.91208e-05,0x00000000,2025-12-14T15:11:04.893Z,2025-12-14T15:11:04.893Z
22,0x000a,-1.6252,0x00000000,2025-12-14T15:11:04.893Z,2025-12-14T15:11:04.893Z
21,0x000a,-2.21599e-06,0x00000000,2025-12-14T15:11:04.893Z,2025-12-14T15:11:04.893Z
7,0x0004,1686,0x00000000,2025-12-14T15:11:04.893Z,2025-12-14T15:11:04.893Z
38,0x000a,-1.50101,0x00000000,2025-12-14T15:11:04.990Z,2025-12-14T15:11:04.990Z
36,0x000a,-2.45604e-05,0x00000000,2025-12-14T15:11:04.990Z,2025-12-14T15:11:04.990Z
35,0x000a,-1.5613,0x00000000,2025-12-14T15:11:04.990Z,2025-12-14T15:11:04.990Z
34,0x000a,-1.10799e-06,0x00000000,2025-12-14T15:11:04.990Z,2025-12-14T15:11:04.990Z
25,0x000a,0.419922,0x00000000,2025-12-14T15:11:04.990Z,2025-12-14T15:11:04.990Z
23,0x000a,-2.45604e-05,0x00000000,2025-12-14T15:11:04.990Z,2025-12-14T15:11:04.990Z
22,0x000a,-1.5613,0x00000000,2025-12-14T15:11:04.990Z,2025-12-14T15:11:04.990Z
21,0x000a,-1.10799e-06,0x00000000,2025-12-14T15:11:04.990Z,2025-12-14T15:11:04.990Z
7,0x0004,1161,0x00000000,2025-12-14T15:11:04.990Z,2025-12-14T15:11:04.990Z
38,0x000a,-1.89887,0x00000000,2025-12-14T15:11:05.090Z,2025-12-14T15:11:05.090Z
36,0x000a,-1.22802e-05,0x00000000,2025-12-14T15:11:05.090Z,2025-12-14T15:11:05.090Z
35,0x000a,-1.53115,0x00000000,2025-12-14T15:11:05.090Z,2025-12-14T15:11:05.090Z
34,0x000a,-5.53996e-07,0x00000000,2025-12-14T15:11:05.090Z,2025-12-14T15:11:05.090Z
25,0x000a,0.269821,0x00000000,2025-12-14T15:11:05.090Z,2025-12-14T15:11:05.090Z
23,0x000a,-1.22802e-05,0x00000000,2025-12-14T15:11:05.090Z,2025-12-14T15:11:05.090Z
22,0x000a,-1.53115,0x00000000,2025-12-14T15:11:05.090Z,2025-12-14T15:11:05.090Z
21,0x000a,-5.53996e-07,0x00000000,2025-12-14T15:11:05.090Z,2025-12-14T15:11:05.090Z
16,0x0001,false,0x00000000,2025-12-14T15:11:05.090Z,2025-12-14T15:11:05.090Z
7,0x0004,746,0x00000000,2025-12-14T15:11:05.090Z,2025-12-14T15:11:05.090Z
38,0x000a,-1.50101,0x00000000,2025-12-14T15:11:05.191Z,2025-12-14T15:11:05.191Z
36,0x000a,-6.1401e-06,0x00000000,2025-12-14T15:11:05.191Z,2025-12-14T15:11:05.191Z
35,0x000a,-1.71501,0x00000000,2025-12-14T15:11:05.191Z,2025-12-14T15:11:05.191Z
34,0x000a,-2.76998e-07,0x00000000,2025-12-14T15:11:05.191Z,2025-12-14T15:11:05.191Z
25,0x000a,0.119719,0x00000000,2025-12-14T15:11:05.191Z,2025-12-14T15:11:05.191Z
23,0x000a,-6.1401e-06,0x00000000,2025-12-14T15:11:05.191Z,2025-12-14T15:11:05.191Z
22,0x000a,-1.71501,0x00000000,2025-12-14T15:11:05.191Z,2025-12-14T15:11:05.191Z
21,0x000a,-2.76998e-07,0x00000000,2025-12-14T15:11:05.191Z,2025-12-14T15:11:05.191Z
7,0x0004,331,0x00000000,2025-12-14T15:11:05.191Z,2025-12-14T15:11:05.191Z
36,0x000a,-3.07005e-06,0x00000000,2025-12-14T15:11:05.291Z,2025-12-14T15:11:05.291Z
35,0x000a,-1.60801,0x00000000,2025-12-14T15:11:05.291Z,2025-12-14T15:11:05.291Z
34,0x000a,-1.38499e-07,0x00000000,2025-12-14T15:11:05.291Z,2025-12-14T15:11:05.291Z
25,0x000a,0.0198929,0x00000000,2025-12-14T15:11:05.291Z,2025-12-14T15:11:05.291Z
23,0x000a,-3.07005e-06,0x00000000,2025-12-14T15:11:05.291Z,2025-12-14T15:11:05.291Z
22,0x000a,-1.60801,0x00000000,2025-12-14T15:11:05.291Z,2025-12-14T15:11:05.291Z
21,0x000a,-1.38499e-07,0x00000000,2025-12-14T15:11:05.291Z,2025-12-14T15:11:05.291Z
7,0x0004,55,0x00000000,2025-12-14T15:11:05.291Z,2025-12-14T15:11:05.291Z
38,0x000a,-0.998264,0x00000000,2025-12-14T15:11:05.392Z,2025-12-14T15:11:05.392Z
36,0x000a,-1.53502e-06,0x00000000,2025-12-14T15:11:05.392Z,2025-12-14T15:11:05.392Z
35,0x000a,-1.55451,0x00000000,2025-12-14T15:11:05.392Z,2025-12-14T15:11:05.392Z
34,0x000a,-6.92496e-08,0x00000000,2025-12-14T15:11:05.392Z,2025-12-14T15:11:05.392Z
23,0x000a,-1.53502e-06,0x00000000,2025-12-14T15:11:05.392Z,2025-12-14T15:11:05.392Z
22,0x000a,-1.55451,0x00000000,2025-12-14T15:11:05.392Z,2025-12-14T15:11:05.392Z
21,0x000a,-6.92496e-08,0x00000000,2025-12-14T15:11:05.392Z,2025-12-14T15:11:05.392Z
41,0x0001,true,0x00000000,2025-12-14T15:11:05.589Z,2025-12-14T15:11:05.589Z
38,0x000a,0,0x00000000,2025-12-14T15:11:05.589Z,2025-12-14T15:11:05.589Z
36,0x000a,-7.67512e-07,0x00000000,2025-12-14T15:11:05.491Z,2025-12-14T15:11:05.491Z
35,0x000a,-1.27639,0x00000000,2025-12-14T15:11:05.491Z,2025-12-14T15:11:05.491Z
34,0x000a,-3.46248e-08,0x00000000,2025-12-14T15:11:05.491Z,2025-12-14T15:11:05.491Z
27,0x0001,true,0x00000000,2025-12-14T15:11:05.589Z,2025-12-14T15:11:05.589Z
23,0x000a,-7.67512e-07,0x00000000,2025-12-14T15:11:05.491Z,2025-12-14T15:11:05.491Z
22,0x000a,-1.27639,0x00000000,2025-12-14T15:11:05.491Z,2025-12-14T15:11:05.491Z
21,0x000a,-3.46248e-08,0x00000000,2025-12-14T15:11:05.491Z,2025-12-14T15:11:05.491Z
4,0x000a,10,0x00000000,2025-12-14T15:11:05.589Z,2025-12-14T15:11:05.589Z
3,0x000a,9,0x00000000,2025-12-14T15:11:05.589Z,2025-12-14T15:11:05.589Z
2,0x000a,8,0x00000000,2025-12-14T15:11:05.589Z,2025-12-14T15:11:05.589Z
42,0x0001,false,0x00000000,2025-12-14T15:11:05.690Z,2025-12-14T15:11:05.690Z
41,0x0001,false,0x00000000,2025-12-14T15:11:05.690Z,2025-12-14T15:11:05.690Z
40,0x0001,false,0x00000000,2025-12-14T15:11:05.690Z,2025-12-14T15:11:05.690Z
36,0x000a,-3.83756e-07,0x00000000,2025-12-14T15:11:05.690Z,2025-12-14T15:11:05.690Z
35,0x000a,-0.638194,0x00000000,2025-12-14T15:11:05.690Z,2025-12-14T15:11:05.690Z
34,0x000a,-1.73124e-08,0x00000000,2025-12-14T15:11:05.690Z,2025-12-14T15:11:05.690Z
27,0x0001,false,0x00000000,2025-12-14T15:11:05.690Z,2025-12-14T15:11:05.690Z
23,0x000a,-3.83756e-07,0x00000000,2025-12-14T15:11:05.690Z,2025-12-14T15:11:05.690Z
22,0x000a,-0.638194,0x00000000,2025-12-14T15:11:05.690Z,2025-12-14T15:11:05.690Z
21,0x000a,-1.73124e-08,0x00000000,2025-12-14T15:11:05.690Z,2025-12-14T15:11:05.690Z
17,0x0001,true,0x00000000,2025-12-14T15:11:05.690Z,2025-12-14T15:11:05.690Z
15,0x0001,true,0x00000000,2025-12-14T15:11:05.690Z,2025-12-14T15:11:05.690Z
13,0x0001,true,0x00000000,2025-12-14T15:11:05.690Z,2025-12-14T15:11:05.690Z
36,0x000a,-1.91878e-07,0x00000000,2025-12-14T15:11:05.791Z,2025-12-14T15:11:05.791Z
35,0x000a,-0.319097,0x00000000,2025-12-14T15:11:05.791Z,2025-12-14T15:11:05.791Z
34,0x000a,-8.65619e-09,0x00000000,2025-12-14T15:11:05.791Z,2025-12-14T15:11:05.791Z
23,0x000a,-1.91878e-07,0x00000000,2025-12-14T15:11:05.791Z,2025-12-14T15:11:05.791Z
22,0x000a,-0.319097,0x00000000,2025-12-14T15:11:05.791Z,2025-12-14T15:11:05.791Z
21,0x000a,-8.65619e-09,0x00000000,2025-12-14T15:11:05.791Z,2025-12-14T15:11:05.791Z
39,0x000a,0.300203,0x00000000,2025-12-14T15:11:05.892Z,2025-12-14T15:11:05.892Z
38,0x000a,0.698061,0x00000000,2025-12-14T15:11:05.892Z,2025-12-14T15:11:05.892Z
37,0x000a,1.09954,0x00000000,2025-12-14T15:11:05.892Z,2025-12-14T15:11:05.892Z
36,0x000a,-9.5939e-08,0x00000000,2025-12-14T15:11:05.892Z,2025-12-14T15:11:05.892Z
35,0x000a,-0.159549,0x00000000,2025-12-14T15:11:05.892Z,2025-12-14T15:11:05.892Z
34,0x000a,-4.3281e-09,0x00000000,2025-12-14T15:11:05.892Z,2025-12-14T15:11:05.892Z
26,0x000a,0.0499132,0x00000000,2025-12-14T15:11:05.892Z,2025-12-14T15:11:05.892Z
25,0x000a,0.0896991,0x00000000,2025-12-14T15:11:05.892Z,2025-12-14T15:11:05.892Z
24,0x000a,0.109954,0x00000000,2025-12-14T15:11:05.892Z,2025-12-14T15:11:05.892Z
23,0x000a,-9.5939e-08,0x00000000,2025-12-14T15:11:05.892Z,2025-12-14T15:11:05.892Z
22,0x000a,-0.159549,0x00000000,2025-12-14T15:11:05.892Z,2025-12-14T15:11:05.892Z
21,0x000a,-4.3281e-09,0x00000000,2025-12-14T15:11:05.892Z,2025-12-14T15:11:05.892Z
8,0x0004,138,0x00000000,2025-12-14T15:11:05.892Z,2025-12-14T15:11:05.892Z
7,0x0004,248,0x00000000,2025-12-14T15:11:05.892Z,2025-12-14T15:11:05.892Z
6,0x0004,304,0x00000000,2025-12-14T15:11:05.892Z,2025-12-14T15:11:05.892Z
39,0x000a,2.0978,0x00000000,2025-12-14T15:11:05.990Z,2025-12-14T15:11:05.990Z
38,0x000a,1.50101,0x00000000,2025-12-14T15:11:05.990Z,2025-12-14T15:11:05.990Z
37,0x000a,2.69821,0x00000000,2025-12-14T15:11:05.990Z,2025-12-14T15:11:05.990Z
36,0x000a,0.150101,0x00000000,2025-12-14T15:11:05.990Z,2025-12-14T15:11:05.990Z
35,0x000a,0.269256,0x00000000,2025-12-14T15:11:05.990Z,2025-12-14T15:11:05.990Z
34,0x000a,0.549769,0x00000000,2025-12-14T15:11:05.990Z,2025-12-14T15:11:05.990Z
26,0x000a,0.259693,0x00000000,2025-12-14T15:11:05.990Z,2025-12-14T15:11:05.990Z
25,0x000a,0.2398,0x00000000,2025-12-14T15:11:05.990Z,2025-12-14T15:11:05.990Z
24,0x000a,0.379774,0x00000000,2025-12-14T15:11:05.990Z,2025-12-14T15:11:05.990Z
23,0x000a,0.150101,0x00000000,2025-12-14T15:11:05.990Z,2025-12-14T15:11:05.990Z
22,0x000a,0.269256,0x00000000,2025-12-14T15:11:05.990Z,2025-12-14T15:11:05.990Z
21,0x000a,0.549769,0x00000000,2025-12-14T15:11:05.990Z,2025-12-14T15:11:05.990Z
8,0x0004,718,0x00000000,2025-12-14T15:11:05.990Z,2025-12-14T15:11:05.990Z
7,0x0004,663,0x00000000,2025-12-14T15:11:05.990Z,2025-12-14T15:11:05.990Z
6,0x0004,1050,0x00000000,2025-12-14T15:11:05.990Z,2025-12-14T15:11:05.990Z
39,0x000a,2.20269,0x00000000,2025-12-14T15:11:06.092Z,2025-12-14T15:11:06.092Z
38,0x000a,1.50101,0x00000000,2025-12-14T15:11:06.092Z,2025-12-14T15:11:06.092Z
37,0x000a,2.79948,0x00000000,2025-12-14T15:11:06.092Z,2025-12-14T15:11:06.092Z
36,0x000a,1.12395,0x00000000,2025-12-14T15:11:06.092Z,2025-12-14T15:11:06.092Z
35,0x000a,0.885135,0x00000000,2025-12-14T15:11:06.092Z,2025-12-14T15:11:06.092Z
34,0x000a,1.62399,0x00000000,2025-12-14T15:11:06.092Z,2025-12-14T15:11:06.092Z
26,0x000a,0.479962,0x00000000,2025-12-14T15:11:06.092Z,2025-12-14T15:11:06.092Z
25,0x000a,0.389902,0x00000000,2025-12-14T15:11:06.092Z,2025-12-14T15:11:06.092Z
24,0x000a,0.659722,0x00000000,2025-12-14T15:11:06.092Z,2025-12-14T15:11:06.092Z
23,0x000a,1.12395,0x00000000,2025-12-14T15:11:06.092Z,2025-12-14T15:11:06.092Z
22,0x000a,0.885135,0x00000000,2025-12-14T15:11:06.092Z,2025-12-14T15:11:06.092Z
21,0x000a,1.62399,0x00000000,2025-12-14T15:11:06.092Z,2025-12-14T15:11:06.092Z
8,0x0004,1327,0x00000000,2025-12-14T15:11:06.092Z,2025-12-14T15:11:06.092Z
7,0x0004,1078,0x00000000,2025-12-14T15:11:06.092Z,2025-12-14T15:11:06.092Z
6,0x0004,1824,0x00000000,2025-12-14T15:11:06.092Z,2025-12-14T15:11:06.092Z
39,0x000a,2.0978,0x00000000,2025-12-14T15:11:06.192Z,2025-12-14T15:11:06.192Z
38,0x000a,1.59867,0x00000000,2025-12-14T15:11:06.192Z,2025-12-14T15:11:06.192Z
37,0x000a,2.70182,0x00000000,2025-12-14T15:11:06.192Z,2025-12-14T15:11:06.192Z
36,0x000a,1.66332,0x00000000,2025-12-14T15:11:06.192Z,2025-12-14T15:11:06.192Z
35,0x000a,1.19307,0x00000000,2025-12-14T15:11:06.192Z,2025-12-14T15:11:06.192Z
34,0x000a,2.21173,0x00000000,2025-12-14T15:11:06.192Z,2025-12-14T15:11:06.192Z
26,0x000a,0.689742,0x00000000,2025-12-14T15:11:06.192Z,2025-12-14T15:11:06.192Z
25,0x000a,0.549769,0x00000000,2025-12-14T15:11:06.192Z,2025-12-14T15:11:06.192Z
24,0x000a,0.929905,0x00000000,2025-12-14T15:11:06.192Z,2025-12-14T15:11:06.192Z
23,0x000a,1.66332,0x00000000,2025-12-14T15:11:06.192Z,2025-12-14T15:11:06.192Z
22,0x000a,1.19307,0x00000000,2025-12-14T15:11:06.192Z,2025-12-14T15:11:06.192Z
21,0x000a,2.21173,0x00000000,2025-12-14T15:11:06.192Z,2025-12-14T15:11:06.192Z
8,0x0004,1907,0x00000000,2025-12-14T15:11:06.192Z,2025-12-14T15:11:06.192Z
7,0x0004,1520,0x00000000,2025-12-14T15:11:06.192Z,2025-12-14T15:11:06.192Z
6,0x0004,2571,0x00000000,2025-12-14T15:11:06.192Z,2025-12-14T15:11:06.192Z
39,0x000a,2.10142,0x00000000,2025-12-14T15:11:06.294Z,2025-12-14T15:11:06.294Z
38,0x000a,1.50101,0x00000000,2025-12-14T15:11:06.294Z,2025-12-14T15:11:06.294Z
37,0x000a,2.79948,0x00000000,2025-12-14T15:11:06.294Z,2025-12-14T15:11:06.294Z
36,0x000a,1.88056,0x00000000,2025-12-14T15:11:06.294Z,2025-12-14T15:11:06.294Z
35,0x000a,1.39587,0x00000000,2025-12-14T15:11:06.294Z,2025-12-14T15:11:06.294Z
34,0x000a,2.45678,0x00000000,2025-12-14T15:11:06.294Z,2025-12-14T15:11:06.294Z
26,0x000a,0.899884,0x00000000,2025-12-14T15:11:06.294Z,2025-12-14T15:11:06.294Z
25,0x000a,0.69987,0x00000000,2025-12-14T15:11:06.294Z,2025-12-14T15:11:06.294Z
24,0x000a,1.20985,0x00000000,2025-12-14T15:11:06.294Z,2025-12-14T15:11:06.294Z
23,0x000a,1.88056,0x00000000,2025-12-14T15:11:06.294Z,2025-12-14T15:11:06.294Z
22,0x000a,1.39587,0x00000000,2025-12-14T15:11:06.294Z,2025-12-14T15:11:06.294Z
21,0x000a,2.45678,0x00000000,2025-12-14T15:11:06.294Z,2025-12-14T15:11:06.294Z
8,0x0004,2488,0x00000000,2025-12-14T15:11:06.294Z,2025-12-14T15:11:06.294Z
7,0x0004,1935,0x00000000,2025-12-14T15:11:06.294Z,2025-12-14T15:11:06.294Z
6,0x0004,3345,0x00000000,2025-12-14T15:11:06.294Z,2025-12-14T15:11:06.294Z
26,0x000a,1.15994,0x00000000,2025-12-14T15:11:06.390Z,2025-12-14T15:11:06.390Z
25,0x000a,0.879991,0x00000000,2025-12-14T15:11:06.390Z,2025-12-14T15:11:06.390Z
24,0x000a,1.53971,0x00000000,2025-12-14T15:11:06.390Z,2025-12-14T15:11:06.390Z
8,0x0004,3207,0x00000000,2025-12-14T15:11:06.390Z,2025-12-14T15:11:06.390Z
7,0x0004,2433,0x00000000,2025-12-14T15:11:06.390Z,2025-12-14T15:11:06.390Z
6,0x0004,4257,0x00000000,2025-12-14T15:11:06.390Z,2025-12-14T15:11:06.390Z
39,0x000a,2.60055,0x00000000,2025-12-14T15:11:06.489Z,2025-12-14T15:11:06.489Z
38,0x000a,1.80122,0x00000000,2025-12-14T15:11:06.489Z,2025-12-14T15:11:06.489Z
37,0x000a,3.29861,0x00000000,2025-12-14T15:11:06.489Z,2025-12-14T15:11:06.489Z
36,0x000a,1.99099,0x00000000,2025-12-14T15:11:06.489Z,2025-12-14T15:11:06.489Z
35,0x000a,1.44844,0x00000000,2025-12-14T15:11:06.489Z,2025-12-14T15:11:06.489Z
34,0x000a,2.62813,0x00000000,2025-12-14T15:11:06.489Z,2025-12-14T15:11:06.489Z
26,0x000a,1.36972,0x00000000,2025-12-14T15:11:06.489Z,2025-12-14T15:11:06.489Z
25,0x000a,1.03986,0x00000000,2025-12-14T15:11:06.489Z,2025-12-14T15:11:06.489Z
24,0x000a,1.81966,0x00000000,2025-12-14T15:11:06.489Z,2025-12-14T15:11:06.489Z
23,0x000a,1.99099,0x00000000,2025-12-14T15:11:06.489Z,2025-12-14T15:11:06.489Z
22,0x000a,1.44844,0x00000000,2025-12-14T15:11:06.489Z,2025-12-14T15:11:06.489Z
21,0x000a,2.62813,0x00000000,2025-12-14T15:11:06.489Z,2025-12-14T15:11:06.489Z
8,0x0004,3787,0x00000000,2025-12-14T15:11:06.489Z,2025-12-14T15:11:06.489Z
7,0x0004,2875,0x00000000,2025-12-14T15:11:06.489Z,2025-12-14T15:11:06.489Z
6,0x0004,5031,0x00000000,2025-12-14T15:11:06.489Z,2025-12-14T15:11:06.489Z
39,0x000a,4.30049,0x00000000,2025-12-14T15:11:06.590Z,2025-12-14T15:11:06.590Z
38,0x000a,3.09968,0x00000000,2025-12-14T15:11:06.590Z,2025-12-14T15:11:06.590Z
37,0x000a,5.5013,0x00000000,2025-12-14T15:11:06.590Z,2025-12-14T15:11:06.590Z
36,0x000a,2.29577,0x00000000,2025-12-14T15:11:06.590Z,2025-12-14T15:11:06.590Z
35,0x000a,1.62483,0x00000000,2025-12-14T15:11:06.590Z,2025-12-14T15:11:06.590Z
34,0x000a,2.96337,0x00000000,2025-12-14T15:11:06.590Z,2025-12-14T15:11:06.590Z
26,0x000a,1.58999,0x00000000,2025-12-14T15:11:06.590Z,2025-12-14T15:11:06.590Z
25,0x000a,1.18996,0x00000000,2025-12-14T15:11:06.590Z,2025-12-14T15:11:06.590Z
24,0x000a,2.08984,0x00000000,2025-12-14T15:11:06.590Z,2025-12-14T15:11:06.590Z
23,0x000a,2.29577,0x00000000,2025-12-14T15:11:06.590Z,2025-12-14T15:11:06.590Z
22,0x000a,1.62483,0x00000000,2025-12-14T15:11:06.590Z,2025-12-14T15:11:06.590Z
21,0x000a,2.96337,0x00000000,2025-12-14T15:11:06.590Z,2025-12-14T15:11:06.590Z
8,0x0004,4396,0x00000000,2025-12-14T15:11:06.590Z,2025-12-14T15:11:06.590Z
7,0x0004,3290,0x00000000,2025-12-14T15:11:06.590Z,2025-12-14T15:11:06.590Z
6,0x0004,5778,0x00000000,2025-12-14T15:11:06.590Z,2025-12-14T15:11:06.590Z
39,0x000a,2.0978,0x00000000,2025-12-14T15:11:06.691Z,2025-12-14T15:11:06.691Z
38,0x000a,1.4974,0x00000000,2025-12-14T15:11:06.691Z,2025-12-14T15:11:06.691Z
37,0x000a,2.79948,0x00000000,2025-12-14T15:11:06.691Z,2025-12-14T15:11:06.691Z
36,0x000a,3.29813,0x00000000,2025-12-14T15:11:06.691Z,2025-12-14T15:11:06.691Z
35,0x000a,2.36226,0x00000000,2025-12-14T15:11:06.691Z,2025-12-14T15:11:06.691Z
34,0x000a,4.23234,0x00000000,2025-12-14T15:11:06.691Z,2025-12-14T15:11:06.691Z
26,0x000a,1.79977,0x00000000,2025-12-14T15:11:06.691Z,2025-12-14T15:11:06.691Z
25,0x000a,1.3397,0x00000000,2025-12-14T15:11:06.691Z,2025-12-14T15:11:06.691Z
24,0x000a,2.36979,0x00000000,2025-12-14T15:11:06.691Z,2025-12-14T15:11:06.691Z
23,0x000a,3.29813,0x00000000,2025-12-14T15:11:06.691Z,2025-12-14T15:11:06.691Z
22,0x000a,2.36226,0x00000000,2025-12-14T15:11:06.691Z,2025-12-14T15:11:06.691Z
21,0x000a,4.23234,0x00000000,2025-12-14T15:11:06.691Z,2025-12-14T15:11:06.691Z
8,0x0004,4976,0x00000000,2025-12-14T15:11:06.691Z,2025-12-14T15:11:06.691Z
7,0x0004,3704,0x00000000,2025-12-14T15:11:06.691Z,2025-12-14T15:11:06.691Z
6,0x0004,6552,0x00000000,2025-12-14T15:11:06.691Z,2025-12-14T15:11:06.691Z
39,0x000a,2.10142,0x00000000,2025-12-14T15:11:06.791Z,2025-12-14T15:11:06.791Z
38,0x000a,1.60229,0x00000000,2025-12-14T15:11:06.791Z,2025-12-14T15:11:06.791Z
37,0x000a,2.70182,0x00000000,2025-12-14T15:11:06.791Z,2025-12-14T15:11:06.791Z
36,0x000a,2.69797,0x00000000,2025-12-14T15:11:06.791Z,2025-12-14T15:11:06.791Z
35,0x000a,1.92983,0x00000000,2025-12-14T15:11:06.791Z,2025-12-14T15:11:06.791Z
34,0x000a,3.51591,0x00000000,2025-12-14T15:11:06.791Z,2025-12-14T15:11:06.791Z
26,0x000a,2.00991,0x00000000,2025-12-14T15:11:06.791Z,2025-12-14T15:11:06.791Z
25,0x000a,1.49993,0x00000000,2025-12-14T15:11:06.791Z,2025-12-14T15:11:06.791Z
24,0x000a,2.63997,0x00000000,2025-12-14T15:11:06.791Z,2025-12-14T15:11:06.791Z
23,0x000a,2.69797,0x00000000,2025-12-14T15:11:06.791Z,2025-12-14T15:11:06.791Z
22,0x000a,1.92983,0x00000000,2025-12-14T15:11:06.791Z,2025-12-14T15:11:06.791Z
21,0x000a,3.51591,0x00000000,2025-12-14T15:11:06.791Z,2025-12-14T15:11:06.791Z
8,0x0004,5557,0x00000000,2025-12-14T15:11:06.791Z,2025-12-14T15:11:06.791Z
7,0x0004,4147,0x00000000,2025-12-14T15:11:06.791Z,2025-12-14T15:11:06.791Z
6,0x0004,7299,0x00000000,2025-12-14T15:11:06.791Z,2025-12-14T15:11:06.791Z
39,0x000a,2.0978,0x00000000,2025-12-14T15:11:06.889Z,2025-12-14T15:11:06.889Z
38,0x000a,1.4974,0x00000000,2025-12-14T15:11:06.889Z,2025-12-14T15:11:06.889Z
37,0x000a,2.79948,0x00000000,2025-12-14T15:11:06.889Z,2025-12-14T15:11:06.889Z
36,0x000a,2.39969,0x00000000,2025-12-14T15:11:06.889Z,2025-12-14T15:11:06.889Z
35,0x000a,1.76606,0x00000000,2025-12-14T15:11:06.889Z,2025-12-14T15:11:06.889Z
34,0x000a,3.10887,0x00000000,2025-12-14T15:11:06.889Z,2025-12-14T15:11:06.889Z
26,0x000a,2.21969,0x00000000,2025-12-14T15:11:06.889Z,2025-12-14T15:11:06.889Z
25,0x000a,1.64967,0x00000000,2025-12-14T15:11:06.889Z,2025-12-14T15:11:06.889Z
24,0x000a,2.91992,0x00000000,2025-12-14T15:11:06.889Z,2025-12-14T15:11:06.889Z
23,0x000a,2.39969,0x00000000,2025-12-14T15:11:06.889Z,2025-12-14T15:11:06.889Z
22,0x000a,1.76606,0x00000000,2025-12-14T15:11:06.889Z,2025-12-14T15:11:06.889Z
21,0x000a,3.10887,0x00000000,2025-12-14T15:11:06.889Z,2025-12-14T15:11:06.889Z
8,0x0004,6137,0x00000000,2025-12-14T15:11:06.889Z,2025-12-14T15:11:06.889Z
7,0x0004,4561,0x00000000,2025-12-14T15:11:06.889Z,2025-12-14T15:11:06.889Z
6,0x0004,8073,0x00000000,2025-12-14T15:11:06.889Z,2025-12-14T15:11:06.889Z
39,0x000a,2.60055,0x00000000,2025-12-14T15:11:06.992Z,2025-12-14T15:11:06.992Z
38,0x000a,1.80121,0x00000000,2025-12-14T15:11:06.992Z,2025-12-14T15:11:06.992Z
37,0x000a,3.29861,0x00000000,2025-12-14T15:11:06.992Z,2025-12-14T15:11:06.992Z
36,0x000a,2.24875,0x00000000,2025-12-14T15:11:06.992Z,2025-12-14T15:11:06.992Z
35,0x000a,1.63173,0x00000000,2025-12-14T15:11:06.992Z,2025-12-14T15:11:06.992Z
34,0x000a,2.95417,0x00000000,2025-12-14T15:11:06.992Z,2025-12-14T15:11:06.992Z
26,0x000a,2.47975,0x00000000,2025-12-14T15:11:06.992Z,2025-12-14T15:11:06.992Z
25,0x000a,1.82979,0x00000000,2025-12-14T15:11:06.992Z,2025-12-14T15:11:06.992Z
24,0x000a,3.24978,0x00000000,2025-12-14T15:11:06.992Z,2025-12-14T15:11:06.992Z
23,0x000a,2.24875,0x00000000,2025-12-14T15:11:06.992Z,2025-12-14T15:11:06.992Z
22,0x000a,1.63173,0x00000000,2025-12-14T15:11:06.992Z,2025-12-14T15:11:06.992Z
21,0x000a,2.95417,0x00000000,2025-12-14T15:11:06.992Z,2025-12-14T15:11:06.992Z
8,0x0004,6856,0x00000000,2025-12-14T15:11:06.992Z,2025-12-14T15:11:06.992Z
7,0x0004,5059,0x00000000,2025-12-14T15:11:06.992Z,2025-12-14T15:11:06.992Z
6,0x0004,8985,0x00000000,2025-12-14T15:11:06.992Z,2025-12-14T15:11:06.992Z
39,0x000a,2.10142,0x00000000,2025-12-14T15:11:07.090Z,2025-12-14T15:11:07.090Z
38,0x000a,1.59867,0x00000000,2025-12-14T15:11:07.090Z,2025-12-14T15:11:07.090Z
37,0x000a,2.79948,0x00000000,2025-12-14T15:11:07.090Z,2025-12-14T15:11:07.090Z
36,0x000a,2.42465,0x00000000,2025-12-14T15:11:07.090Z,2025-12-14T15:11:07.090Z
36,0x000a,2.26303,0x00000000,2025-12-14T15:11:07.190Z,2025-12-14T15:11:07.190Z
35,0x000a,1.71647,0x00000000,2025-12-14T15:11:07.090Z,2025-12-14T15:11:07.090Z
35,0x000a,1.65757,0x00000000,2025-12-14T15:11:07.190Z,2025-12-14T15:11:07.190Z
34,0x000a,3.12639,0x00000000,2025-12-14T15:11:07.090Z,2025-12-14T15:11:07.090Z
34,0x000a,2.96293,0x00000000,2025-12-14T15:11:07.190Z,2025-12-14T15:11:07.190Z
26,0x000a,2.68989,0x00000000,2025-12-14T15:11:07.090Z,2025-12-14T15:11:07.090Z
26,0x000a,2.90979,0x00000000,2025-12-14T15:11:07.190Z,2025-12-14T15:11:07.190Z
25,0x000a,1.98966,0x00000000,2025-12-14T15:11:07.090Z,2025-12-14T15:11:07.090Z
25,0x000a,2.13976,0x00000000,2025-12-14T15:11:07.190Z,2025-12-14T15:11:07.190Z
24,0x000a,3.52973,0x00000000,2025-12-14T15:11:07.090Z,2025-12-14T15:11:07.090Z
24,0x000a,3.79991,0x00000000,2025-12-14T15:11:07.190Z,2025-12-14T15:11:07.190Z
23,0x000a,2.42465,0x00000000,2025-12-14T15:11:07.090Z,2025-12-14T15:11:07.090Z
23,0x000a,2.26303,0x00000000,2025-12-14T15:11:07.190Z,2025-12-14T15:11:07.190Z
22,0x000a,1.71647,0x00000000,2025-12-14T15:11:07.090Z,2025-12-14T15:11:07.090Z
22,0x000a,1.65757,0x00000000,2025-12-14T15:11:07.190Z,2025-12-14T15:11:07.190Z
21,0x000a,3.12639,0x00000000,2025-12-14T15:11:07.090Z,2025-12-14T15:11:07.090Z
21,0x000a,2.96293,0x00000000,2025-12-14T15:11:07.190Z,2025-12-14T15:11:07.190Z
8,0x0004,7437,0x00000000,2025-12-14T15:11:07.090Z,2025-12-14T15:11:07.090Z
8,0x0004,8045,0x00000000,2025-12-14T15:11:07.190Z,2025-12-14T15:11:07.190Z
7,0x0004,5501,0x00000000,2025-12-14T15:11:07.090Z,2025-12-14T15:11:07.090Z
7,0x0004,5916,0x00000000,2025-12-14T15:11:07.190Z,2025-12-14T15:11:07.190Z
6,0x0004,9759,0x00000000,2025-12-14T15:11:07.090Z,2025-12-14T15:11:07.090Z
6,0x0004,10506,0x00000000,2025-12-14T15:11:07.190Z,2025-12-14T15:11:07.190Z
39,0x000a,2.19908,0x00000000,2025-12-14T15:11:07.293Z,2025-12-14T15:11:07.293Z
38,0x000a,1.50101,0x00000000,2025-12-14T15:11:07.293Z,2025-12-14T15:11:07.293Z
37,0x000a,2.70182,0x00000000,2025-12-14T15:11:07.293Z,2025-12-14T15:11:07.293Z
26,0x000a,3.11994,0x00000000,2025-12-14T15:11:07.293Z,2025-12-14T15:11:07.293Z
25,0x000a,2.28986,0x00000000,2025-12-14T15:11:07.293Z,2025-12-14T15:11:07.293Z
24,0x000a,4.07986,0x00000000,2025-12-14T15:11:07.293Z,2025-12-14T15:11:07.293Z
8,0x0004,8626,0x00000000,2025-12-14T15:11:07.293Z,2025-12-14T15:11:07.293Z
7,0x0004,6331,0x00000000,2025-12-14T15:11:07.293Z,2025-12-14T15:11:07.293Z
6,0x0004,11280,0x00000000,2025-12-14T15:11:07.293Z,2025-12-14T15:11:07.293Z
39,0x000a,2.10142,0x00000000,2025-12-14T15:11:07.390Z,2025-12-14T15:11:07.390Z
38,0x000a,1.50101,0x00000000,2025-12-14T15:11:07.390Z,2025-12-14T15:11:07.390Z
37,0x000a,2.79948,0x00000000,2025-12-14T15:11:07.390Z,2025-12-14T15:11:07.390Z
36,0x000a,2.23105,0x00000000,2025-12-14T15:11:07.390Z,2025-12-14T15:11:07.390Z
35,0x000a,1.57929,0x00000000,2025-12-14T15:11:07.390Z,2025-12-14T15:11:07.390Z
34,0x000a,2.83238,0x00000000,2025-12-14T15:11:07.390Z,2025-12-14T15:11:07.390Z
26,0x000a,3.32972,0x00000000,2025-12-14T15:11:07.390Z,2025-12-14T15:11:07.390Z
25,0x000a,2.44973,0x00000000,2025-12-14T15:11:07.390Z,2025-12-14T15:11:07.390Z
24,0x000a,4.35981,0x00000000,2025-12-14T15:11:07.390Z,2025-12-14T15:11:07.390Z
23,0x000a,2.23105,0x00000000,2025-12-14T15:11:07.390Z,2025-12-14T15:11:07.390Z
22,0x000a,1.57929,0x00000000,2025-12-14T15:11:07.390Z,2025-12-14T15:11:07.390Z
21,0x000a,2.83238,0x00000000,2025-12-14T15:11:07.390Z,2025-12-14T15:11:07.390Z
8,0x0004,9206,0x00000000,2025-12-14T15:11:07.390Z,2025-12-14T15:11:07.390Z
7,0x0004,6773,0x00000000,2025-12-14T15:11:07.390Z,2025-12-14T15:11:07.390Z
6,0x0004,12054,0x00000000,2025-12-14T15:11:07.390Z,2025-12-14T15:11:07.390Z
39,0x000a,2.0978,0x00000000,2025-12-14T15:11:07.491Z,2025-12-14T15:11:07.491Z
38,0x000a,1.59867,0x00000000,2025-12-14T15:11:07.491Z,2025-12-14T15:11:07.491Z
37,0x000a,2.79948,0x00000000,2025-12-14T15:11:07.491Z,2025-12-14T15:11:07.491Z
36,0x000a,2.16624,0x00000000,2025-12-14T15:11:07.491Z,2025-12-14T15:11:07.491Z
35,0x000a,1.54015,0x00000000,2025-12-14T15:11:07.491Z,2025-12-14T15:11:07.491Z
34,0x000a,2.81593,0x00000000,2025-12-14T15:11:07.491Z,2025-12-14T15:11:07.491Z
26,0x000a,3.54999,0x00000000,2025-12-14T15:11:07.491Z,2025-12-14T15:11:07.491Z
25,0x000a,2.59983,0x00000000,2025-12-14T15:11:07.491Z,2025-12-14T15:11:07.491Z
24,0x000a,4.62999,0x00000000,2025-12-14T15:11:07.491Z,2025-12-14T15:11:07.491Z
23,0x000a,2.16624,0x00000000,2025-12-14T15:11:07.491Z,2025-12-14T15:11:07.491Z
22,0x000a,1.54015,0x00000000,2025-12-14T15:11:07.491Z,2025-12-14T15:11:07.491Z
21,0x000a,2.81593,0x00000000,2025-12-14T15:11:07.491Z,2025-12-14T15:11:07.491Z
8,0x0004,9815,0x00000000,2025-12-14T15:11:07.491Z,2025-12-14T15:11:07.491Z
7,0x0004,7188,0x00000000,2025-12-14T15:11:07.491Z,2025-12-14T15:11:07.491Z
6,0x0004,12801,0x00000000,2025-12-14T15:11:07.491Z,2025-12-14T15:11:07.491Z
39,0x000a,2.20269,0x00000000,2025-12-14T15:11:07.591Z,2025-12-14T15:11:07.591Z
38,0x000a,1.50101,0x00000000,2025-12-14T15:11:07.591Z,2025-12-14T15:11:07.591Z
37,0x000a,2.70182,0x00000000,2025-12-14T15:11:07.591Z,2025-12-14T15:11:07.591Z
36,0x000a,2.13202,0x00000000,2025-12-14T15:11:07.591Z,2025-12-14T15:11:07.591Z
35,0x000a,1.56941,0x00000000,2025-12-14T15:11:07.591Z,2025-12-14T15:11:07.591Z
34,0x000a,2.8077,0x00000000,2025-12-14T15:11:07.591Z,2025-12-14T15:11:07.591Z
28,0x0004,27000,0x00000000,2025-12-14T15:11:07.591Z,2025-12-14T15:11:07.591Z
26,0x000a,3.75977,0x00000000,2025-12-14T15:11:07.591Z,2025-12-14T15:11:07.591Z
25,0x000a,2.74993,0x00000000,2025-12-14T15:11:07.591Z,2025-12-14T15:11:07.591Z
24,0x000a,4.90994,0x00000000,2025-12-14T15:11:07.591Z,2025-12-14T15:11:07.591Z
23,0x000a,2.13202,0x00000000,2025-12-14T15:11:07.591Z,2025-12-14T15:11:07.591Z
22,0x000a,1.56941,0x00000000,2025-12-14T15:11:07.591Z,2025-12-14T15:11:07.591Z
21,0x000a,2.8077,0x00000000,2025-12-14T15:11:07.591Z,2025-12-14T15:11:07.591Z
8,0x0004,10395,0x00000000,2025-12-14T15:11:07.591Z,2025-12-14T15:11:07.591Z
7,0x0004,7603,0x00000000,2025-12-14T15:11:07.591Z,2025-12-14T15:11:07.591Z
6,0x0004,13575,0x00000000,2025-12-14T15:11:07.591Z,2025-12-14T15:11:07.591Z
39,0x000a,4.69835,0x00000000,2025-12-14T15:11:07.692Z,2025-12-14T15:11:07.692Z
38,0x000a,3.39988,0x00000000,2025-12-14T15:11:07.692Z,2025-12-14T15:11:07.692Z
37,0x000a,4.49942,0x00000000,2025-12-14T15:11:07.692Z,2025-12-14T15:11:07.692Z
36,0x000a,2.16735,0x00000000,2025-12-14T15:11:07.692Z,2025-12-14T15:11:07.692Z
35,0x000a,1.53521,0x00000000,2025-12-14T15:11:07.692Z,2025-12-14T15:11:07.692Z
34,0x000a,2.75476,0x00000000,2025-12-14T15:11:07.692Z,2025-12-14T15:11:07.692Z
26,0x000a,4.01982,0x00000000,2025-12-14T15:11:07.692Z,2025-12-14T15:11:07.692Z
25,0x000a,2.93981,0x00000000,2025-12-14T15:11:07.692Z,2025-12-14T15:11:07.692Z
24,0x000a,5.07993,0x00000000,2025-12-14T15:11:07.692Z,2025-12-14T15:11:07.692Z
23,0x000a,2.16735,0x00000000,2025-12-14T15:11:07.692Z,2025-12-14T15:11:07.692Z
22,0x000a,1.53521,0x00000000,2025-12-14T15:11:07.692Z,2025-12-14T15:11:07.692Z
21,0x000a,2.75476,0x00000000,2025-12-14T15:11:07.692Z,2025-12-14T15:11:07.692Z
8,0x0004,11114,0x00000000,2025-12-14T15:11:07.692Z,2025-12-14T15:11:07.692Z
7,0x0004,8128,0x00000000,2025-12-14T15:11:07.692Z,2025-12-14T15:11:07.692Z
6,0x0004,14045,0x00000000,2025-12-14T15:11:07.692Z,2025-12-14T15:11:07.692Z
39,0x000a,2.10142,0x00000000,2025-12-14T15:11:07.792Z,2025-12-14T15:11:07.792Z
38,0x000a,1.50101,0x00000000,2025-12-14T15:11:07.792Z,2025-12-14T15:11:07.792Z
37,0x000a,0,0x00000000,2025-12-14T15:11:07.792Z,2025-12-14T15:11:07.792Z
36,0x000a,3.43285,0x00000000,2025-12-14T15:11:07.792Z,2025-12-14T15:11:07.792Z
35,0x000a,2.46755,0x00000000,2025-12-14T15:11:07.792Z,2025-12-14T15:11:07.792Z
34,0x000a,3.62709,0x00000000,2025-12-14T15:11:07.792Z,2025-12-14T15:11:07.792Z
26,0x000a,4.22996,0x00000000,2025-12-14T15:11:07.792Z,2025-12-14T15:11:07.792Z
25,0x000a,3.08992,0x00000000,2025-12-14T15:11:07.792Z,2025-12-14T15:11:07.792Z
23,0x000a,3.43285,0x00000000,2025-12-14T15:11:07.792Z,2025-12-14T15:11:07.792Z
22,0x000a,2.46755,0x00000000,2025-12-14T15:11:07.792Z,2025-12-14T15:11:07.792Z
21,0x000a,3.62709,0x00000000,2025-12-14T15:11:07.792Z,2025-12-14T15:11:07.792Z
8,0x0004,11695,0x00000000,2025-12-14T15:11:07.792Z,2025-12-14T15:11:07.792Z
7,0x0004,8543,0x00000000,2025-12-14T15:11:07.792Z,2025-12-14T15:11:07.792Z
39,0x000a,2.0978,0x00000000,2025-12-14T15:11:07.890Z,2025-12-14T15:11:07.890Z
38,0x000a,1.4974,0x00000000,2025-12-14T15:11:07.890Z,2025-12-14T15:11:07.890Z
37,0x000a,0.0976562,0x00000000,2025-12-14T15:11:07.890Z,2025-12-14T15:11:07.890Z
36,0x000a,2.76714,0x00000000,2025-12-14T15:11:07.890Z,2025-12-14T15:11:07.890Z
35,0x000a,1.98428,0x00000000,2025-12-14T15:11:07.890Z,2025-12-14T15:11:07.890Z
34,0x000a,1.81355,0x00000000,2025-12-14T15:11:07.890Z,2025-12-14T15:11:07.890Z
26,0x000a,4.43974,0x00000000,2025-12-14T15:11:07.890Z,2025-12-14T15:11:07.890Z
25,0x000a,3.23966,0x00000000,2025-12-14T15:11:07.890Z,2025-12-14T15:11:07.890Z
24,0x000a,5.0897,0x00000000,2025-12-14T15:11:07.890Z,2025-12-14T15:11:07.890Z
23,0x000a,2.76714,0x00000000,2025-12-14T15:11:07.890Z,2025-12-14T15:11:07.890Z
22,0x000a,1.98428,0x00000000,2025-12-14T15:11:07.890Z,2025-12-14T15:11:07.890Z
21,0x000a,1.81355,0x00000000,2025-12-14T15:11:07.890Z,2025-12-14T15:11:07.890Z
8,0x0004,12275,0x00000000,2025-12-14T15:11:07.890Z,2025-12-14T15:11:07.890Z
7,0x0004,8957,0x00000000,2025-12-14T15:11:07.890Z,2025-12-14T15:11:07.890Z
6,0x0004,14072,0x00000000,2025-12-14T15:11:07.890Z,2025-12-14T15:11:07.890Z
39,0x000a,2.10142,0x00000000,2025-12-14T15:11:07.992Z,2025-12-14T15:11:07.992Z
38,0x000a,1.60228,0x00000000,2025-12-14T15:11:07.992Z,2025-12-14T15:11:07.992Z
37,0x000a,0.101275,0x00000000,2025-12-14T15:11:07.992Z,2025-12-14T15:11:07.992Z
36,0x000a,2.43247,0x00000000,2025-12-14T15:11:07.992Z,2025-12-14T15:11:07.992Z
35,0x000a,1.74084,0x00000000,2025-12-14T15:11:07.992Z,2025-12-14T15:11:07.992Z
34,0x000a,0.955601,0x00000000,2025-12-14T15:11:07.992Z,2025-12-14T15:11:07.992Z
26,0x000a,4.64988,0x00000000,2025-12-14T15:11:07.992Z,2025-12-14T15:11:07.992Z
25,0x000a,3.39988,0x00000000,2025-12-14T15:11:07.992Z,2025-12-14T15:11:07.992Z
24,0x000a,5.09983,0x00000000,2025-12-14T15:11:07.992Z,2025-12-14T15:11:07.992Z
23,0x000a,2.43247,0x00000000,2025-12-14T15:11:07.992Z,2025-12-14T15:11:07.992Z
22,0x000a,1.74084,0x00000000,2025-12-14T15:11:07.992Z,2025-12-14T15:11:07.992Z
21,0x000a,0.955601,0x00000000,2025-12-14T15:11:07.992Z,2025-12-14T15:11:07.992Z
8,0x0004,12856,0x00000000,2025-12-14T15:11:07.992Z,2025-12-14T15:11:07.992Z
7,0x0004,9400,0x00000000,2025-12-14T15:11:07.992Z,2025-12-14T15:11:07.992Z
6,0x0004,14100,0x00000000,2025-12-14T15:11:07.992Z,2025-12-14T15:11:07.992Z
36,0x000a,2.26694,0x00000000,2025-12-14T15:11:08.092Z,2025-12-14T15:11:08.092Z
35,0x000a,1.67156,0x00000000,2025-12-14T15:11:08.092Z,2025-12-14T15:11:08.092Z
34,0x000a,0.528438,0x00000000,2025-12-14T15:11:08.092Z,2025-12-14T15:11:08.092Z
30,0x0004,27000,0x00000000,2025-12-14T15:11:08.092Z,2025-12-14T15:11:08.092Z
26,0x000a,4.90994,0x00000000,2025-12-14T15:11:08.092Z,2025-12-14T15:11:08.092Z
25,0x000a,3.57964,0x00000000,2025-12-14T15:11:08.092Z,2025-12-14T15:11:08.092Z
23,0x000a,2.26694,0x00000000,2025-12-14T15:11:08.092Z,2025-12-14T15:11:08.092Z
22,0x000a,1.67156,0x00000000,2025-12-14T15:11:08.092Z,2025-12-14T15:11:08.092Z
21,0x000a,0.528438,0x00000000,2025-12-14T15:11:08.092Z,2025-12-14T15:11:08.092Z
8,0x0004,13575,0x00000000,2025-12-14T15:11:08.092Z,2025-12-14T15:11:08.092Z
7,0x0004,9897,0x00000000,2025-12-14T15:11:08.092Z,2025-12-14T15:11:08.092Z
39,0x000a,2.60055,0x00000000,2025-12-14T15:11:08.190Z,2025-12-14T15:11:08.190Z
38,0x000a,1.7976,0x00000000,2025-12-14T15:11:08.190Z,2025-12-14T15:11:08.190Z
37,0x000a,0,0x00000000,2025-12-14T15:11:08.190Z,2025-12-14T15:11:08.190Z
28,0x0004,0,0x00000000,2025-12-14T15:11:08.190Z,2025-12-14T15:11:08.190Z
26,0x000a,5.0897,0x00000000,2025-12-14T15:11:08.190Z,2025-12-14T15:11:08.190Z
25,0x000a,3.73987,0x00000000,2025-12-14T15:11:08.190Z,2025-12-14T15:11:08.190Z
24,0x000a,5.10995,0x00000000,2025-12-14T15:11:08.190Z,2025-12-14T15:11:08.190Z
8,0x0004,14072,0x00000000,2025-12-14T15:11:08.190Z,2025-12-14T15:11:08.190Z
7,0x0004,10340,0x00000000,2025-12-14T15:11:08.190Z,2025-12-14T15:11:08.190Z
6,0x0004,14128,0x00000000,2025-12-14T15:11:08.190Z,2025-12-14T15:11:08.190Z
39,0x000a,1.7976,0x00000000,2025-12-14T15:11:08.291Z,2025-12-14T15:11:08.291Z
38,0x000a,1.60229,0x00000000,2025-12-14T15:11:08.291Z,2025-12-14T15:11:08.291Z
37,0x000a,0.101271,0x00000000,2025-12-14T15:11:08.291Z,2025-12-14T15:11:08.291Z
36,0x000a,2.43375,0x00000000,2025-12-14T15:11:08.291Z,2025-12-14T15:11:08.291Z
35,0x000a,1.73458,0x00000000,2025-12-14T15:11:08.291Z,2025-12-14T15:11:08.291Z
34,0x000a,0.264219,0x00000000,2025-12-14T15:11:08.291Z,2025-12-14T15:11:08.291Z
26,0x000a,5.09983,0x00000000,2025-12-14T15:11:08.291Z,2025-12-14T15:11:08.291Z
25,0x000a,3.88997,0x00000000,2025-12-14T15:11:08.291Z,2025-12-14T15:11:08.291Z
24,0x000a,5.21991,0x00000000,2025-12-14T15:11:08.291Z,2025-12-14T15:11:08.291Z
23,0x000a,2.43375,0x00000000,2025-12-14T15:11:08.291Z,2025-12-14T15:11:08.291Z
22,0x000a,1.73458,0x00000000,2025-12-14T15:11:08.291Z,2025-12-14T15:11:08.291Z
21,0x000a,0.264219,0x00000000,2025-12-14T15:11:08.291Z,2025-12-14T15:11:08.291Z
8,0x0004,14100,0x00000000,2025-12-14T15:11:08.291Z,2025-12-14T15:11:08.291Z
7,0x0004,10755,0x00000000,2025-12-14T15:11:08.291Z,2025-12-14T15:11:08.291Z
6,0x0004,14432,0x00000000,2025-12-14T15:11:08.291Z,2025-12-14T15:11:08.291Z
39,0x000a,0.101275,0x00000000,2025-12-14T15:11:08.391Z,2025-12-14T15:11:08.391Z
38,0x000a,1.50101,0x00000000,2025-12-14T15:11:08.391Z,2025-12-14T15:11:08.391Z
37,0x000a,1.09954,0x00000000,2025-12-14T15:11:08.391Z,2025-12-14T15:11:08.391Z
36,0x000a,2.11567,0x00000000,2025-12-14T15:11:08.391Z,2025-12-14T15:11:08.391Z
35,0x000a,1.66843,0x00000000,2025-12-14T15:11:08.391Z,2025-12-14T15:11:08.391Z
34,0x000a,0.182745,0x00000000,2025-12-14T15:11:08.391Z,2025-12-14T15:11:08.391Z
25,0x000a,4.03971,0x00000000,2025-12-14T15:11:08.391Z,2025-12-14T15:11:08.391Z
24,0x000a,5.49986,0x00000000,2025-12-14T15:11:08.391Z,2025-12-14T15:11:08.391Z
23,0x000a,2.11567,0x00000000,2025-12-14T15:11:08.391Z,2025-12-14T15:11:08.391Z
22,0x000a,1.66843,0x00000000,2025-12-14T15:11:08.391Z,2025-12-14T15:11:08.391Z
21,0x000a,0.182745,0x00000000,2025-12-14T15:11:08.391Z,2025-12-14T15:11:08.391Z
7,0x0004,11169,0x00000000,2025-12-14T15:11:08.391Z,2025-12-14T15:11:08.391Z
6,0x0004,15206,0x00000000,2025-12-14T15:11:08.391Z,2025-12-14T15:11:08.391Z
39,0x000a,0,0x00000000,2025-12-14T15:11:08.492Z,2025-12-14T15:11:08.492Z
38,0x000a,1.4974,0x00000000,2025-12-14T15:11:08.492Z,2025-12-14T15:11:08.492Z
37,0x000a,2.79948,0x00000000,2025-12-14T15:11:08.492Z,2025-12-14T15:11:08.492Z
36,0x000a,1.10847,0x00000000,2025-12-14T15:11:08.492Z,2025-12-14T15:11:08.492Z
35,0x000a,1.58472,0x00000000,2025-12-14T15:11:08.492Z,2025-12-14T15:11:08.492Z
34,0x000a,0.641142,0x00000000,2025-12-14T15:11:08.492Z,2025-12-14T15:11:08.492Z
30,0x0004,0,0x00000000,2025-12-14T15:11:08.492Z,2025-12-14T15:11:08.492Z
26,0x000a,5.10995,0x00000000,2025-12-14T15:11:08.492Z,2025-12-14T15:11:08.492Z
25,0x000a,4.19994,0x00000000,2025-12-14T15:11:08.492Z,2025-12-14T15:11:08.492Z
24,0x000a,5.7798,0x00000000,2025-12-14T15:11:08.492Z,2025-12-14T15:11:08.492Z
23,0x000a,1.10847,0x00000000,2025-12-14T15:11:08.492Z,2025-12-14T15:11:08.492Z
22,0x000a,1.58472,0x00000000,2025-12-14T15:11:08.492Z,2025-12-14T15:11:08.492Z
21,0x000a,0.641142,0x00000000,2025-12-14T15:11:08.492Z,2025-12-14T15:11:08.492Z
8,0x0004,14128,0x00000000,2025-12-14T15:11:08.492Z,2025-12-14T15:11:08.492Z
7,0x0004,11612,0x00000000,2025-12-14T15:11:08.492Z,2025-12-14T15:11:08.492Z
6,0x0004,15980,0x00000000,2025-12-14T15:11:08.492Z,2025-12-14T15:11:08.492Z
39,0x000a,0.101271,0x00000000,2025-12-14T15:11:08.592Z,2025-12-14T15:11:08.592Z
38,0x000a,1.60229,0x00000000,2025-12-14T15:11:08.592Z,2025-12-14T15:11:08.592Z
37,0x000a,2.79948,0x00000000,2025-12-14T15:11:08.592Z,2025-12-14T15:11:08.592Z
36,0x000a,0.554237,0x00000000,2025-12-14T15:11:08.592Z,2025-12-14T15:11:08.592Z
35,0x000a,1.54106,0x00000000,2025-12-14T15:11:08.592Z,2025-12-14T15:11:08.592Z
34,0x000a,1.72031,0x00000000,2025-12-14T15:11:08.592Z,2025-12-14T15:11:08.592Z
25,0x000a,4.34968,0x00000000,2025-12-14T15:11:08.592Z,2025-12-14T15:11:08.592Z
24,0x000a,6.04999,0x00000000,2025-12-14T15:11:08.592Z,2025-12-14T15:11:08.592Z
23,0x000a,0.554237,0x00000000,2025-12-14T15:11:08.592Z,2025-12-14T15:11:08.592Z
22,0x000a,1.54106,0x00000000,2025-12-14T15:11:08.592Z,2025-12-14T15:11:08.592Z
21,0x000a,1.72031,0x00000000,2025-12-14T15:11:08.592Z,2025-12-14T15:11:08.592Z
7,0x0004,12026,0x00000000,2025-12-14T15:11:08.592Z,2025-12-14T15:11:08.592Z
6,0x0004,16727,0x00000000,2025-12-14T15:11:08.592Z,2025-12-14T15:11:08.592Z
39,0x000a,0,0x00000000,2025-12-14T15:11:08.690Z,2025-12-14T15:11:08.690Z
38,0x000a,1.4974,0x00000000,2025-12-14T15:11:08.690Z,2025-12-14T15:11:08.690Z
37,0x000a,2.70182,0x00000000,2025-12-14T15:11:08.690Z,2025-12-14T15:11:08.690Z
36,0x000a,0.327754,0x00000000,2025-12-14T15:11:08.690Z,2025-12-14T15:11:08.690Z
35,0x000a,1.57167,0x00000000,2025-12-14T15:11:08.690Z,2025-12-14T15:11:08.690Z
34,0x000a,2.2599,0x00000000,2025-12-14T15:11:08.690Z,2025-12-14T15:11:08.690Z
26,0x000a,5.30997,0x00000000,2025-12-14T15:11:08.690Z,2025-12-14T15:11:08.690Z
25,0x000a,4.49978,0x00000000,2025-12-14T15:11:08.690Z,2025-12-14T15:11:08.690Z
24,0x000a,6.32993,0x00000000,2025-12-14T15:11:08.690Z,2025-12-14T15:11:08.690Z
23,0x000a,0.327754,0x00000000,2025-12-14T15:11:08.690Z,2025-12-14T15:11:08.690Z
22,0x000a,1.57167,0x00000000,2025-12-14T15:11:08.690Z,2025-12-14T15:11:08.690Z
21,0x000a,2.2599,0x00000000,2025-12-14T15:11:08.690Z,2025-12-14T15:11:08.690Z
8,0x0004,14681,0x00000000,2025-12-14T15:11:08.690Z,2025-12-14T15:11:08.690Z
7,0x0004,12441,0x00000000,2025-12-14T15:11:08.690Z,2025-12-14T15:11:08.690Z
6,0x0004,17501,0x00000000,2025-12-14T15:11:08.690Z,2025-12-14T15:11:08.690Z
39,0x000a,4.59708,0x00000000,2025-12-14T15:11:08.789Z,2025-12-14T15:11:08.789Z
38,0x000a,3.39988,0x00000000,2025-12-14T15:11:08.789Z,2025-12-14T15:11:08.789Z
37,0x000a,6.09809,0x00000000,2025-12-14T15:11:08.789Z,2025-12-14T15:11:08.789Z
36,0x000a,0.163877,0x00000000,2025-12-14T15:11:08.789Z,2025-12-14T15:11:08.789Z
35,0x000a,1.53454,0x00000000,2025-12-14T15:11:08.789Z,2025-12-14T15:11:08.789Z
34,0x000a,2.48086,0x00000000,2025-12-14T15:11:08.789Z,2025-12-14T15:11:08.789Z
26,0x000a,5.56966,0x00000000,2025-12-14T15:11:08.789Z,2025-12-14T15:11:08.789Z
25,0x000a,4.68967,0x00000000,2025-12-14T15:11:08.789Z,2025-12-14T15:11:08.789Z
24,0x000a,6.65979,0x00000000,2025-12-14T15:11:08.789Z,2025-12-14T15:11:08.789Z
23,0x000a,0.163877,0x00000000,2025-12-14T15:11:08.789Z,2025-12-14T15:11:08.789Z
22,0x000a,1.53454,0x00000000,2025-12-14T15:11:08.789Z,2025-12-14T15:11:08.789Z
21,0x000a,2.48086,0x00000000,2025-12-14T15:11:08.789Z,2025-12-14T15:11:08.789Z
8,0x0004,15399,0x00000000,2025-12-14T15:11:08.789Z,2025-12-14T15:11:08.789Z
7,0x0004,12966,0x00000000,2025-12-14T15:11:08.789Z,2025-12-14T15:11:08.789Z
6,0x0004,18413,0x00000000,2025-12-14T15:11:08.789Z,2025-12-14T15:11:08.789Z
36,0x000a,2.38048,0x00000000,2025-12-14T15:11:08.891Z,2025-12-14T15:11:08.891Z
35,0x000a,2.46721,0x00000000,2025-12-14T15:11:08.891Z,2025-12-14T15:11:08.891Z
34,0x000a,4.28947,0x00000000,2025-12-14T15:11:08.891Z,2025-12-14T15:11:08.891Z
26,0x000a,5.7798,0x00000000,2025-12-14T15:11:08.891Z,2025-12-14T15:11:08.891Z
25,0x000a,4.83977,0x00000000,2025-12-14T15:11:08.891Z,2025-12-14T15:11:08.891Z
24,0x000a,6.92998,0x00000000,2025-12-14T15:11:08.891Z,2025-12-14T15:11:08.891Z
23,0x000a,2.38048,0x00000000,2025-12-14T15:11:08.891Z,2025-12-14T15:11:08.891Z
22,0x000a,2.46721,0x00000000,2025-12-14T15:11:08.891Z,2025-12-14T15:11:08.891Z
21,0x000a,4.28947,0x00000000,2025-12-14T15:11:08.891Z,2025-12-14T15:11:08.891Z
8,0x0004,15980,0x00000000,2025-12-14T15:11:08.891Z,2025-12-14T15:11:08.891Z
7,0x0004,13381,0x00000000,2025-12-14T15:11:08.891Z,2025-12-14T15:11:08.891Z
6,0x0004,19160,0x00000000,2025-12-14T15:11:08.891Z,2025-12-14T15:11:08.891Z
39,0x000a,2.10142,0x00000000,2025-12-14T15:11:08.991Z,2025-12-14T15:11:08.991Z
38,0x000a,1.50101,0x00000000,2025-12-14T15:11:08.991Z,2025-12-14T15:11:08.991Z
37,0x000a,2.70183,0x00000000,2025-12-14T15:11:08.991Z,2025-12-14T15:11:08.991Z
29,0x0004,27000,0x00000000,2025-12-14T15:11:08.991Z,2025-12-14T15:11:08.991Z
26,0x000a,5.99971,0x00000000,2025-12-14T15:11:08.991Z,2025-12-14T15:11:08.991Z
25,0x000a,4.98987,0x00000000,2025-12-14T15:11:08.991Z,2025-12-14T15:11:08.991Z
24,0x000a,7.20992,0x00000000,2025-12-14T15:11:08.991Z,2025-12-14T15:11:08.991Z
8,0x0004,16588,0x00000000,2025-12-14T15:11:08.991Z,2025-12-14T15:11:08.991Z
7,0x0004,13796,0x00000000,2025-12-14T15:11:08.991Z,2025-12-14T15:11:08.991Z
6,0x0004,19934,0x00000000,2025-12-14T15:11:08.991Z,2025-12-14T15:11:08.991Z
39,0x000a,2.19907,0x00000000,2025-12-14T15:11:09.092Z,2025-12-14T15:11:09.092Z
39,0x000a,2.10142,0x00000000,2025-12-14T15:11:09.191Z,2025-12-14T15:11:09.191Z
38,0x000a,0.998263,0x00000000,2025-12-14T15:11:09.191Z,2025-12-14T15:11:09.191Z
37,0x000a,2.79948,0x00000000,2025-12-14T15:11:09.092Z,2025-12-14T15:11:09.092Z
36,0x000a,2.24095,0x00000000,2025-12-14T15:11:09.092Z,2025-12-14T15:11:09.092Z
36,0x000a,2.22001,0x00000000,2025-12-14T15:11:09.191Z,2025-12-14T15:11:09.191Z
35,0x000a,1.98411,0x00000000,2025-12-14T15:11:09.092Z,2025-12-14T15:11:09.092Z
35,0x000a,1.74256,0x00000000,2025-12-14T15:11:09.191Z,2025-12-14T15:11:09.191Z
34,0x000a,3.49565,0x00000000,2025-12-14T15:11:09.092Z,2025-12-14T15:11:09.092Z
34,0x000a,3.14756,0x00000000,2025-12-14T15:11:09.191Z,2025-12-14T15:11:09.191Z
26,0x000a,6.20985,0x00000000,2025-12-14T15:11:09.092Z,2025-12-14T15:11:09.092Z
25,0x000a,5.0897,0x00000000,2025-12-14T15:11:09.092Z,2025-12-14T15:11:09.092Z
24,0x000a,7.48987,0x00000000,2025-12-14T15:11:09.092Z,2025-12-14T15:11:09.092Z
23,0x000a,2.24095,0x00000000,2025-12-14T15:11:09.092Z,2025-12-14T15:11:09.092Z
23,0x000a,2.22001,0x00000000,2025-12-14T15:11:09.191Z,2025-12-14T15:11:09.191Z
22,0x000a,1.98411,0x00000000,2025-12-14T15:11:09.092Z,2025-12-14T15:11:09.092Z
22,0x000a,1.74256,0x00000000,2025-12-14T15:11:09.191Z,2025-12-14T15:11:09.191Z
21,0x000a,3.49565,0x00000000,2025-12-14T15:11:09.092Z,2025-12-14T15:11:09.092Z
21,0x000a,3.14756,0x00000000,2025-12-14T15:11:09.191Z,2025-12-14T15:11:09.191Z
8,0x0004,17169,0x00000000,2025-12-14T15:11:09.092Z,2025-12-14T15:11:09.092Z
7,0x0004,14072,0x00000000,2025-12-14T15:11:09.092Z,2025-12-14T15:11:09.092Z
6,0x0004,20708,0x00000000,2025-12-14T15:11:09.092Z,2025-12-14T15:11:09.092Z
38,0x000a,0,0x00000000,2025-12-14T15:11:09.292Z,2025-12-14T15:11:09.292Z
37,0x000a,2.69821,0x00000000,2025-12-14T15:11:09.292Z,2025-12-14T15:11:09.292Z
36,0x000a,2.16071,0x00000000,2025-12-14T15:11:09.292Z,2025-12-14T15:11:09.292Z
35,0x000a,1.37041,0x00000000,2025-12-14T15:11:09.292Z,2025-12-14T15:11:09.292Z
34,0x000a,2.97352,0x00000000,2025-12-14T15:11:09.292Z,2025-12-14T15:11:09.292Z
26,0x000a,6.41999,0x00000000,2025-12-14T15:11:09.292Z,2025-12-14T15:11:09.292Z
24,0x000a,7.75969,0x00000000,2025-12-14T15:11:09.292Z,2025-12-14T15:11:09.292Z
23,0x000a,2.16071,0x00000000,2025-12-14T15:11:09.292Z,2025-12-14T15:11:09.292Z
22,0x000a,1.37041,0x00000000,2025-12-14T15:11:09.292Z,2025-12-14T15:11:09.292Z
21,0x000a,2.97352,0x00000000,2025-12-14T15:11:09.292Z,2025-12-14T15:11:09.292Z
13,0x0001,false,0x00000000,2025-12-14T15:11:09.292Z,2025-12-14T15:11:09.292Z
8,0x0004,17750,0x00000000,2025-12-14T15:11:09.292Z,2025-12-14T15:11:09.292Z
6,0x0004,21454,0x00000000,2025-12-14T15:11:09.292Z,2025-12-14T15:11:09.292Z
39,0x000a,2.19908,0x00000000,2025-12-14T15:11:09.391Z,2025-12-14T15:11:09.391Z
37,0x000a,2.79948,0x00000000,2025-12-14T15:11:09.391Z,2025-12-14T15:11:09.391Z
36,0x000a,2.13107,0x00000000,2025-12-14T15:11:09.391Z,2025-12-14T15:11:09.391Z
35,0x000a,0.685206,0x00000000,2025-12-14T15:11:09.391Z,2025-12-14T15:11:09.391Z
34,0x000a,2.83586,0x00000000,2025-12-14T15:11:09.391Z,2025-12-14T15:11:09.391Z
26,0x000a,6.6399,0x00000000,2025-12-14T15:11:09.391Z,2025-12-14T15:11:09.391Z
24,0x000a,8.03964,0x00000000,2025-12-14T15:11:09.391Z,2025-12-14T15:11:09.391Z
23,0x000a,2.13107,0x00000000,2025-12-14T15:11:09.391Z,2025-12-14T15:11:09.391Z
22,0x000a,0.685206,0x00000000,2025-12-14T15:11:09.391Z,2025-12-14T15:11:09.391Z
21,0x000a,2.83586,0x00000000,2025-12-14T15:11:09.391Z,2025-12-14T15:11:09.391Z
8,0x0004,18358,0x00000000,2025-12-14T15:11:09.391Z,2025-12-14T15:11:09.391Z
6,0x0004,22228,0x00000000,2025-12-14T15:11:09.391Z,2025-12-14T15:11:09.391Z
39,0x000a,2.0978,0x00000000,2025-12-14T15:11:09.491Z,2025-12-14T15:11:09.491Z
38,0x000a,0.101275,0x00000000,2025-12-14T15:11:09.491Z,2025-12-14T15:11:09.491Z
37,0x000a,1.60229,0x00000000,2025-12-14T15:11:09.491Z,2025-12-14T15:11:09.491Z
36,0x000a,2.16507,0x00000000,2025-12-14T15:11:09.491Z,2025-12-14T15:11:09.491Z
35,0x000a,0.342603,0x00000000,2025-12-14T15:11:09.491Z,2025-12-14T15:11:09.491Z
34,0x000a,2.81767,0x00000000,2025-12-14T15:11:09.491Z,2025-12-14T15:11:09.491Z
26,0x000a,6.84968,0x00000000,2025-12-14T15:11:09.491Z,2025-12-14T15:11:09.491Z
25,0x000a,5.09983,0x00000000,2025-12-14T15:11:09.491Z,2025-12-14T15:11:09.491Z
24,0x000a,8.19987,0x00000000,2025-12-14T15:11:09.491Z,2025-12-14T15:11:09.491Z
23,0x000a,2.16507,0x00000000,2025-12-14T15:11:09.491Z,2025-12-14T15:11:09.491Z
22,0x000a,0.342603,0x00000000,2025-12-14T15:11:09.491Z,2025-12-14T15:11:09.491Z
21,0x000a,2.81767,0x00000000,2025-12-14T15:11:09.491Z,2025-12-14T15:11:09.491Z
8,0x0004,18938,0x00000000,2025-12-14T15:11:09.491Z,2025-12-14T15:11:09.491Z
7,0x0004,14100,0x00000000,2025-12-14T15:11:09.491Z,2025-12-14T15:11:09.491Z
6,0x0004,22671,0x00000000,2025-12-14T15:11:09.491Z,2025-12-14T15:11:09.491Z
39,0x000a,2.50289,0x00000000,2025-12-14T15:11:09.592Z,2025-12-14T15:11:09.592Z
38,0x000a,0,0x00000000,2025-12-14T15:11:09.592Z,2025-12-14T15:11:09.592Z
37,0x000a,0,0x00000000,2025-12-14T15:11:09.592Z,2025-12-14T15:11:09.592Z
36,0x000a,2.13143,0x00000000,2025-12-14T15:11:09.592Z,2025-12-14T15:11:09.592Z
35,0x000a,0.221939,0x00000000,2025-12-14T15:11:09.592Z,2025-12-14T15:11:09.592Z
34,0x000a,2.20998,0x00000000,2025-12-14T15:11:09.592Z,2025-12-14T15:11:09.592Z
26,0x000a,7.09997,0x00000000,2025-12-14T15:11:09.592Z,2025-12-14T15:11:09.592Z
23,0x000a,2.13143,0x00000000,2025-12-14T15:11:09.592Z,2025-12-14T15:11:09.592Z
22,0x000a,0.221939,0x00000000,2025-12-14T15:11:09.592Z,2025-12-14T15:11:09.592Z
21,0x000a,2.20998,0x00000000,2025-12-14T15:11:09.592Z,2025-12-14T15:11:09.592Z
8,0x0004,19630,0x00000000,2025-12-14T15:11:09.592Z,2025-12-14T15:11:09.592Z
39,0x000a,2.19908,0x00000000,2025-12-14T15:11:09.692Z,2025-12-14T15:11:09.692Z
38,0x000a,0.101271,0x00000000,2025-12-14T15:11:09.692Z,2025-12-14T15:11:09.692Z
36,0x000a,2.31716,0x00000000,2025-12-14T15:11:09.692Z,2025-12-14T15:11:09.692Z
35,0x000a,0.11097,0x00000000,2025-12-14T15:11:09.692Z,2025-12-14T15:11:09.692Z
34,0x000a,1.10499,0x00000000,2025-12-14T15:11:09.692Z,2025-12-14T15:11:09.692Z
29,0x0004,0,0x00000000,2025-12-14T15:11:09.692Z,2025-12-14T15:11:09.692Z
26,0x000a,7.31988,0x00000000,2025-12-14T15:11:09.692Z,2025-12-14T15:11:09.692Z
25,0x000a,5.10995,0x00000000,2025-12-14T15:11:09.692Z,2025-12-14T15:11:09.692Z
23,0x000a,2.31716,0x00000000,2025-12-14T15:11:09.692Z,2025-12-14T15:11:09.692Z
22,0x000a,0.11097,0x00000000,2025-12-14T15:11:09.692Z,2025-12-14T15:11:09.692Z
21,0x000a,1.10499,0x00000000,2025-12-14T15:11:09.692Z,2025-12-14T15:11:09.692Z
8,0x0004,20238,0x00000000,2025-12-14T15:11:09.692Z,2025-12-14T15:11:09.692Z
7,0x0004,14128,0x00000000,2025-12-14T15:11:09.692Z,2025-12-14T15:11:09.692Z
40,0x0001,true,0x00000000,2025-12-14T15:11:09.792Z,2025-12-14T15:11:09.792Z
36,0x000a,2.25812,0x00000000,2025-12-14T15:11:09.792Z,2025-12-14T15:11:09.792Z
35,0x000a,0.10612,0x00000000,2025-12-14T15:11:09.792Z,2025-12-14T15:11:09.792Z
34,0x000a,0.552495,0x00000000,2025-12-14T15:11:09.792Z,2025-12-14T15:11:09.792Z
26,0x000a,7.52966,0x00000000,2025-12-14T15:11:09.792Z,2025-12-14T15:11:09.792Z
25,0x000a,5.16999,0x00000000,2025-12-14T15:11:09.792Z,2025-12-14T15:11:09.792Z
23,0x000a,2.25812,0x00000000,2025-12-14T15:11:09.792Z,2025-12-14T15:11:09.792Z
22,0x000a,0.10612,0x00000000,2025-12-14T15:11:09.792Z,2025-12-14T15:11:09.792Z
21,0x000a,0.552495,0x00000000,2025-12-14T15:11:09.792Z,2025-12-14T15:11:09.792Z
8,0x0004,20818,0x00000000,2025-12-14T15:11:09.792Z,2025-12-14T15:11:09.792Z
7,0x0004,14294,0x00000000,2025-12-14T15:11:09.792Z,2025-12-14T15:11:09.792Z
39,0x000a,2.0978,0x00000000,2025-12-14T15:11:09.890Z,2025-12-14T15:11:09.890Z
38,0x000a,0.60041,0x00000000,2025-12-14T15:11:09.890Z,2025-12-14T15:11:09.890Z
26,0x000a,7.7398,0x00000000,2025-12-14T15:11:09.890Z,2025-12-14T15:11:09.890Z
25,0x000a,5.31973,0x00000000,2025-12-14T15:11:09.890Z,2025-12-14T15:11:09.890Z
8,0x0004,21399,0x00000000,2025-12-14T15:11:09.890Z,2025-12-14T15:11:09.890Z
7,0x0004,14708,0x00000000,2025-12-14T15:11:09.890Z,2025-12-14T15:11:09.890Z
39,0x000a,4.30049,0x00000000,2025-12-14T15:11:09.992Z,2025-12-14T15:11:09.992Z
38,0x000a,3.09968,0x00000000,2025-12-14T15:11:09.992Z,2025-12-14T15:11:09.992Z
36,0x000a,2.17796,0x00000000,2025-12-14T15:11:09.992Z,2025-12-14T15:11:09.992Z
35,0x000a,0.353265,0x00000000,2025-12-14T15:11:09.992Z,2025-12-14T15:11:09.992Z
34,0x000a,0.276248,0x00000000,2025-12-14T15:11:09.992Z,2025-12-14T15:11:09.992Z
26,0x000a,7.95971,0x00000000,2025-12-14T15:11:09.992Z,2025-12-14T15:11:09.992Z
25,0x000a,5.47996,0x00000000,2025-12-14T15:11:09.992Z,2025-12-14T15:11:09.992Z
23,0x000a,2.17796,0x00000000,2025-12-14T15:11:09.992Z,2025-12-14T15:11:09.992Z
22,0x000a,0.353265,0x00000000,2025-12-14T15:11:09.992Z,2025-12-14T15:11:09.992Z
21,0x000a,0.276248,0x00000000,2025-12-14T15:11:09.992Z,2025-12-14T15:11:09.992Z
8,0x0004,22007,0x00000000,2025-12-14T15:11:09.992Z,2025-12-14T15:11:09.992Z
7,0x0004,15151,0x00000000,2025-12-14T15:11:09.992Z,2025-12-14T15:11:09.992Z
39,0x000a,2.10142,0x00000000,2025-12-14T15:11:10.090Z,2025-12-14T15:11:10.090Z
38,0x000a,1.4974,0x00000000,2025-12-14T15:11:10.090Z,2025-12-14T15:11:10.090Z
36,0x000a,3.23923,0x00000000,2025-12-14T15:11:10.090Z,2025-12-14T15:11:10.090Z
35,0x000a,1.72647,0x00000000,2025-12-14T15:11:10.090Z,2025-12-14T15:11:10.090Z
34,0x000a,0.138124,0x00000000,2025-12-14T15:11:10.090Z,2025-12-14T15:11:10.090Z
26,0x000a,8.16985,0x00000000,2025-12-14T15:11:10.090Z,2025-12-14T15:11:10.090Z
25,0x000a,5.6297,0x00000000,2025-12-14T15:11:10.090Z,2025-12-14T15:11:10.090Z
23,0x000a,3.23923,0x00000000,2025-12-14T15:11:10.090Z,2025-12-14T15:11:10.090Z
22,0x000a,1.72647,0x00000000,2025-12-14T15:11:10.090Z,2025-12-14T15:11:10.090Z
21,0x000a,0.138124,0x00000000,2025-12-14T15:11:10.090Z,2025-12-14T15:11:10.090Z
8,0x0004,22588,0x00000000,2025-12-14T15:11:10.090Z,2025-12-14T15:11:10.090Z
7,0x0004,15565,0x00000000,2025-12-14T15:11:10.090Z,2025-12-14T15:11:10.090Z
39,0x000a,2.10142,0x00000000,2025-12-14T15:11:10.190Z,2025-12-14T15:11:10.190Z
38,0x000a,1.50101,0x00000000,2025-12-14T15:11:10.190Z,2025-12-14T15:11:10.190Z
36,0x000a,2.67032,0x00000000,2025-12-14T15:11:10.190Z,2025-12-14T15:11:10.190Z
35,0x000a,1.61193,0x00000000,2025-12-14T15:11:10.190Z,2025-12-14T15:11:10.190Z
34,0x000a,0.0690619,0x00000000,2025-12-14T15:11:10.190Z,2025-12-14T15:11:10.190Z
26,0x000a,8.37999,0x00000000,2025-12-14T15:11:10.190Z,2025-12-14T15:11:10.190Z
25,0x000a,5.7798,0x00000000,2025-12-14T15:11:10.190Z,2025-12-14T15:11:10.190Z
23,0x000a,2.67032,0x00000000,2025-12-14T15:11:10.190Z,2025-12-14T15:11:10.190Z
22,0x000a,1.61193,0x00000000,2025-12-14T15:11:10.190Z,2025-12-14T15:11:10.190Z
21,0x000a,0.0690619,0x00000000,2025-12-14T15:11:10.190Z,2025-12-14T15:11:10.190Z
8,0x0004,23169,0x00000000,2025-12-14T15:11:10.190Z,2025-12-14T15:11:10.190Z
7,0x0004,15980,0x00000000,2025-12-14T15:11:10.190Z,2025-12-14T15:11:10.190Z
39,0x000a,2.19907,0x00000000,2025-12-14T15:11:10.290Z,2025-12-14T15:11:10.290Z
38,0x000a,1.59867,0x00000000,2025-12-14T15:11:10.290Z,2025-12-14T15:11:10.290Z
36,0x000a,2.38587,0x00000000,2025-12-14T15:11:10.290Z,2025-12-14T15:11:10.290Z
35,0x000a,1.55647,0x00000000,2025-12-14T15:11:10.290Z,2025-12-14T15:11:10.290Z
34,0x000a,0.0345309,0x00000000,2025-12-14T15:11:10.290Z,2025-12-14T15:11:10.290Z
26,0x000a,8.5999,0x00000000,2025-12-14T15:11:10.290Z,2025-12-14T15:11:10.290Z
25,0x000a,5.93967,0x00000000,2025-12-14T15:11:10.290Z,2025-12-14T15:11:10.290Z
23,0x000a,2.38587,0x00000000,2025-12-14T15:11:10.290Z,2025-12-14T15:11:10.290Z
22,0x000a,1.55647,0x00000000,2025-12-14T15:11:10.290Z,2025-12-14T15:11:10.290Z
21,0x000a,0.0345309,0x00000000,2025-12-14T15:11:10.290Z,2025-12-14T15:11:10.290Z
8,0x0004,23777,0x00000000,2025-12-14T15:11:10.290Z,2025-12-14T15:11:10.290Z
7,0x0004,16422,0x00000000,2025-12-14T15:11:10.290Z,2025-12-14T15:11:10.290Z
39,0x000a,2.49928,0x00000000,2025-12-14T15:11:10.392Z,2025-12-14T15:11:10.392Z
38,0x000a,1.80121,0x00000000,2025-12-14T15:11:10.392Z,2025-12-14T15:11:10.392Z
36,0x000a,2.29247,0x00000000,2025-12-14T15:11:10.392Z,2025-12-14T15:11:10.392Z
35,0x000a,1.57757,0x00000000,2025-12-14T15:11:10.392Z,2025-12-14T15:11:10.392Z
34,0x000a,0.0172655,0x00000000,2025-12-14T15:11:10.392Z,2025-12-14T15:11:10.392Z
26,0x000a,8.84983,0x00000000,2025-12-14T15:11:10.392Z,2025-12-14T15:11:10.392Z
25,0x000a,6.11979,0x00000000,2025-12-14T15:11:10.392Z,2025-12-14T15:11:10.392Z
23,0x000a,2.29247,0x00000000,2025-12-14T15:11:10.392Z,2025-12-14T15:11:10.392Z
22,0x000a,1.57757,0x00000000,2025-12-14T15:11:10.392Z,2025-12-14T15:11:10.392Z
21,0x000a,0.0172655,0x00000000,2025-12-14T15:11:10.392Z,2025-12-14T15:11:10.392Z
8,0x0004,24468,0x00000000,2025-12-14T15:11:10.392Z,2025-12-14T15:11:10.392Z
7,0x0004,16920,0x00000000,2025-12-14T15:11:10.392Z,2025-12-14T15:11:10.392Z
39,0x000a,1.69994,0x00000000,2025-12-14T15:11:10.490Z,2025-12-14T15:11:10.490Z
38,0x000a,1.20081,0x00000000,2025-12-14T15:11:10.490Z,2025-12-14T15:11:10.490Z
36,0x000a,2.39587,0x00000000,2025-12-14T15:11:10.490Z,2025-12-14T15:11:10.490Z
35,0x000a,1.68939,0x00000000,2025-12-14T15:11:10.490Z,2025-12-14T15:11:10.490Z
34,0x000a,0.00863274,0x00000000,2025-12-14T15:11:10.490Z,2025-12-14T15:11:10.490Z
26,0x000a,9.01982,0x00000000,2025-12-14T15:11:10.490Z,2025-12-14T15:11:10.490Z
25,0x000a,6.23987,0x00000000,2025-12-14T15:11:10.490Z,2025-12-14T15:11:10.490Z
23,0x000a,2.39587,0x00000000,2025-12-14T15:11:10.490Z,2025-12-14T15:11:10.490Z
22,0x000a,1.68939,0x00000000,2025-12-14T15:11:10.490Z,2025-12-14T15:11:10.490Z
21,0x000a,0.00863274,0x00000000,2025-12-14T15:11:10.490Z,2025-12-14T15:11:10.490Z
8,0x0004,24938,0x00000000,2025-12-14T15:11:10.490Z,2025-12-14T15:11:10.490Z
7,0x0004,17252,0x00000000,2025-12-14T15:11:10.490Z,2025-12-14T15:11:10.490Z
39,0x000a,2.60056,0x00000000,2025-12-14T15:11:10.591Z,2025-12-14T15:11:10.591Z
38,0x000a,1.89887,0x00000000,2025-12-14T15:11:10.591Z,2025-12-14T15:11:10.591Z
36,0x000a,2.04791,0x00000000,2025-12-14T15:11:10.591Z,2025-12-14T15:11:10.591Z
35,0x000a,1.4451,0x00000000,2025-12-14T15:11:10.591Z,2025-12-14T15:11:10.591Z
34,0x000a,0.00431637,0x00000000,2025-12-14T15:11:10.591Z,2025-12-14T15:11:10.591Z
26,0x000a,9.27988,0x00000000,2025-12-14T15:11:10.591Z,2025-12-14T15:11:10.591Z
25,0x000a,6.42976,0x00000000,2025-12-14T15:11:10.591Z,2025-12-14T15:11:10.591Z
23,0x000a,2.04791,0x00000000,2025-12-14T15:11:10.591Z,2025-12-14T15:11:10.591Z
22,0x000a,1.4451,0x00000000,2025-12-14T15:11:10.591Z,2025-12-14T15:11:10.591Z
21,0x000a,0.00431637,0x00000000,2025-12-14T15:11:10.591Z,2025-12-14T15:11:10.591Z
8,0x0004,25657,0x00000000,2025-12-14T15:11:10.591Z,2025-12-14T15:11:10.591Z
7,0x0004,17777,0x00000000,2025-12-14T15:11:10.591Z,2025-12-14T15:11:10.591Z
36,0x000a,2.32423,0x00000000,2025-12-14T15:11:10.691Z,2025-12-14T15:11:10.691Z
35,0x000a,1.67199,0x00000000,2025-12-14T15:11:10.691Z,2025-12-14T15:11:10.691Z
34,0x000a,0.00215818,0x00000000,2025-12-14T15:11:10.691Z,2025-12-14T15:11:10.691Z
26,0x000a,9.48966,0x00000000,2025-12-14T15:11:10.691Z,2025-12-14T15:11:10.691Z
25,0x000a,6.57986,0x00000000,2025-12-14T15:11:10.691Z,2025-12-14T15:11:10.691Z
23,0x000a,2.32423,0x00000000,2025-12-14T15:11:10.691Z,2025-12-14T15:11:10.691Z
22,0x000a,1.67199,0x00000000,2025-12-14T15:11:10.691Z,2025-12-14T15:11:10.691Z
21,0x000a,0.00215818,0x00000000,2025-12-14T15:11:10.691Z,2025-12-14T15:11:10.691Z
8,0x0004,26237,0x00000000,2025-12-14T15:11:10.691Z,2025-12-14T15:11:10.691Z
7,0x0004,18192,0x00000000,2025-12-14T15:11:10.691Z,2025-12-14T15:11:10.691Z
39,0x000a,2.0978,0x00000000,2025-12-14T15:11:10.790Z,2025-12-14T15:11:10.790Z
38,0x000a,1.50102,0x00000000,2025-12-14T15:11:10.790Z,2025-12-14T15:11:10.790Z
26,0x000a,9.6998,0x00000000,2025-12-14T15:11:10.790Z,2025-12-14T15:11:10.790Z
25,0x000a,6.72996,0x00000000,2025-12-14T15:11:10.790Z,2025-12-14T15:11:10.790Z
8,0x0004,26818,0x00000000,2025-12-14T15:11:10.790Z,2025-12-14T15:11:10.790Z
7,0x0004,18607,0x00000000,2025-12-14T15:11:10.790Z,2025-12-14T15:11:10.790Z
39,0x000a,2.10142,0x00000000,2025-12-14T15:11:10.890Z,2025-12-14T15:11:10.890Z
38,0x000a,1.50101,0x00000000,2025-12-14T15:11:10.890Z,2025-12-14T15:11:10.890Z
36,0x000a,2.21101,0x00000000,2025-12-14T15:11:10.890Z,2025-12-14T15:11:10.890Z
35,0x000a,1.5865,0x00000000,2025-12-14T15:11:10.890Z,2025-12-14T15:11:10.890Z
34,0x000a,0.00107909,0x00000000,2025-12-14T15:11:10.890Z,2025-12-14T15:11:10.890Z
26,0x000a,9.9197,0x00000000,2025-12-14T15:11:10.890Z,2025-12-14T15:11:10.890Z
25,0x000a,6.88983,0x00000000,2025-12-14T15:11:10.890Z,2025-12-14T15:11:10.890Z
23,0x000a,2.21101,0x00000000,2025-12-14T15:11:10.890Z,2025-12-14T15:11:10.890Z
22,0x000a,1.5865,0x00000000,2025-12-14T15:11:10.890Z,2025-12-14T15:11:10.890Z
21,0x000a,0.00107909,0x00000000,2025-12-14T15:11:10.890Z,2025-12-14T15:11:10.890Z
17,0x0001,false,0x00000000,2025-12-14T15:11:10.890Z,2025-12-14T15:11:10.890Z
8,0x0004,27426,0x00000000,2025-12-14T15:11:10.890Z,2025-12-14T15:11:10.890Z
7,0x0004,19049,0x00000000,2025-12-14T15:11:10.890Z,2025-12-14T15:11:10.890Z
39,0x000a,2.19907,0x00000000,2025-12-14T15:11:10.992Z,2025-12-14T15:11:10.992Z
39,0x000a,0.802956,0x00000000,2025-12-14T15:11:11.090Z,2025-12-14T15:11:11.090Z
38,0x000a,1.59867,0x00000000,2025-12-14T15:11:10.992Z,2025-12-14T15:11:10.992Z
36,0x000a,2.15622,0x00000000,2025-12-14T15:11:10.992Z,2025-12-14T15:11:10.992Z
35,0x000a,1.54376,0x00000000,2025-12-14T15:11:10.992Z,2025-12-14T15:11:10.992Z
34,0x000a,0.000539546,0x00000000,2025-12-14T15:11:10.992Z,2025-12-14T15:11:10.992Z
26,0x000a,10,0x00000000,2025-12-14T15:11:10.992Z,2025-12-14T15:11:10.992Z
25,0x000a,7.03993,0x00000000,2025-12-14T15:11:10.992Z,2025-12-14T15:11:10.992Z
23,0x000a,2.15622,0x00000000,2025-12-14T15:11:10.992Z,2025-12-14T15:11:10.992Z
22,0x000a,1.54376,0x00000000,2025-12-14T15:11:10.992Z,2025-12-14T15:11:10.992Z
21,0x000a,0.000539546,0x00000000,2025-12-14T15:11:10.992Z,2025-12-14T15:11:10.992Z
8,0x0004,27648,0x00000000,2025-12-14T15:11:10.992Z,2025-12-14T15:11:10.992Z
39,0x000a,0,0x00000000,2025-12-14T15:11:11.190Z,2025-12-14T15:11:11.190Z
38,0x000a,2.99841,0x00000000,2025-12-14T15:11:11.090Z,2025-12-14T15:11:11.090Z
38,0x000a,1.90249,0x00000000,2025-12-14T15:11:11.190Z,2025-12-14T15:11:11.190Z
36,0x000a,2.17764,0x00000000,2025-12-14T15:11:11.090Z,2025-12-14T15:11:11.090Z
36,0x000a,1.4903,0x00000000,2025-12-14T15:11:11.190Z,2025-12-14T15:11:11.190Z
35,0x000a,1.57121,0x00000000,2025-12-14T15:11:11.090Z,2025-12-14T15:11:11.090Z
35,0x000a,2.28481,0x00000000,2025-12-14T15:11:11.190Z,2025-12-14T15:11:11.190Z
34,0x000a,0.000269773,0x00000000,2025-12-14T15:11:11.090Z,2025-12-14T15:11:11.090Z
34,0x000a,0.000134886,0x00000000,2025-12-14T15:11:11.190Z,2025-12-14T15:11:11.190Z
25,0x000a,7.18967,0x00000000,2025-12-14T15:11:11.090Z,2025-12-14T15:11:11.090Z
25,0x000a,7.37992,0x00000000,2025-12-14T15:11:11.190Z,2025-12-14T15:11:11.190Z
23,0x000a,2.17764,0x00000000,2025-12-14T15:11:11.090Z,2025-12-14T15:11:11.090Z
23,0x000a,1.4903,0x00000000,2025-12-14T15:11:11.190Z,2025-12-14T15:11:11.190Z
22,0x000a,1.57121,0x00000000,2025-12-14T15:11:11.090Z,2025-12-14T15:11:11.090Z
22,0x000a,2.28481,0x00000000,2025-12-14T15:11:11.190Z,2025-12-14T15:11:11.190Z
21,0x000a,0.000269773,0x00000000,2025-12-14T15:11:11.090Z,2025-12-14T15:11:11.090Z
21,0x000a,0.000134886,0x00000000,2025-12-14T15:11:11.190Z,2025-12-14T15:11:11.190Z
7,0x0004,19464,0x00000000,2025-12-14T15:11:10.992Z,2025-12-14T15:11:10.992Z
7,0x0004,19878,0x00000000,2025-12-14T15:11:11.090Z,2025-12-14T15:11:11.090Z
7,0x0004,20404,0x00000000,2025-12-14T15:11:11.190Z,2025-12-14T15:11:11.190Z
38,0x000a,1.49739,0x00000000,2025-12-14T15:11:11.290Z,2025-12-14T15:11:11.290Z
36,0x000a,0.74515,0x00000000,2025-12-14T15:11:11.290Z,2025-12-14T15:11:11.290Z
35,0x000a,2.09365,0x00000000,2025-12-14T15:11:11.290Z,2025-12-14T15:11:11.290Z
34,0x000a,6.74432e-05,0x00000000,2025-12-14T15:11:11.290Z,2025-12-14T15:11:11.290Z
25,0x000a,7.52966,0x00000000,2025-12-14T15:11:11.290Z,2025-12-14T15:11:11.290Z
23,0x000a,0.74515,0x00000000,2025-12-14T15:11:11.290Z,2025-12-14T15:11:11.290Z
22,0x000a,2.09365,0x00000000,2025-12-14T15:11:11.290Z,2025-12-14T15:11:11.290Z
21,0x000a,6.74432e-05,0x00000000,2025-12-14T15:11:11.290Z,2025-12-14T15:11:11.290Z
7,0x0004,20818,0x00000000,2025-12-14T15:11:11.290Z,2025-12-14T15:11:11.290Z
42,0x0001,true,0x00000000,2025-12-14T15:11:11.393Z,2025-12-14T15:11:11.393Z
38,0x000a,1.50101,0x00000000,2025-12-14T15:11:11.393Z,2025-12-14T15:11:11.393Z
36,0x000a,0.372575,0x00000000,2025-12-14T15:11:11.393Z,2025-12-14T15:11:11.393Z
35,0x000a,1.79552,0x00000000,2025-12-14T15:11:11.393Z,2025-12-14T15:11:11.393Z
34,0x000a,3.37216e-05,0x00000000,2025-12-14T15:11:11.393Z,2025-12-14T15:11:11.393Z
25,0x000a,7.67976,0x00000000,2025-12-14T15:11:11.393Z,2025-12-14T15:11:11.393Z
23,0x000a,0.372575,0x00000000,2025-12-14T15:11:11.393Z,2025-12-14T15:11:11.393Z
22,0x000a,1.79552,0x00000000,2025-12-14T15:11:11.393Z,2025-12-14T15:11:11.393Z
21,0x000a,3.37216e-05,0x00000000,2025-12-14T15:11:11.393Z,2025-12-14T15:11:11.393Z
7,0x0004,21233,0x00000000,2025-12-14T15:11:11.393Z,2025-12-14T15:11:11.393Z
36,0x000a,0.186287,0x00000000,2025-12-14T15:11:11.490Z,2025-12-14T15:11:11.490Z
35,0x000a,1.64827,0x00000000,2025-12-14T15:11:11.490Z,2025-12-14T15:11:11.490Z
34,0x000a,1.68608e-05,0x00000000,2025-12-14T15:11:11.490Z,2025-12-14T15:11:11.490Z
25,0x000a,7.83999,0x00000000,2025-12-14T15:11:11.490Z,2025-12-14T15:11:11.490Z
23,0x000a,0.186287,0x00000000,2025-12-14T15:11:11.490Z,2025-12-14T15:11:11.490Z
22,0x000a,1.64827,0x00000000,2025-12-14T15:11:11.490Z,2025-12-14T15:11:11.490Z
21,0x000a,1.68608e-05,0x00000000,2025-12-14T15:11:11.490Z,2025-12-14T15:11:11.490Z
7,0x0004,21676,0x00000000,2025-12-14T15:11:11.490Z,2025-12-14T15:11:11.490Z
38,0x000a,1.60229,0x00000000,2025-12-14T15:11:11.590Z,2025-12-14T15:11:11.590Z
25,0x000a,7.98973,0x00000000,2025-12-14T15:11:11.590Z,2025-12-14T15:11:11.590Z
7,0x0004,22090,0x00000000,2025-12-14T15:11:11.590Z,2025-12-14T15:11:11.590Z
38,0x000a,1.4974,0x00000000,2025-12-14T15:11:11.690Z,2025-12-14T15:11:11.690Z
36,0x000a,0.0931437,0x00000000,2025-12-14T15:11:11.690Z,2025-12-14T15:11:11.690Z
35,0x000a,1.62528,0x00000000,2025-12-14T15:11:11.690Z,2025-12-14T15:11:11.690Z
34,0x000a,8.43041e-06,0x00000000,2025-12-14T15:11:11.690Z,2025-12-14T15:11:11.690Z
25,0x000a,8.17998,0x00000000,2025-12-14T15:11:11.690Z,2025-12-14T15:11:11.690Z
23,0x000a,0.0931437,0x00000000,2025-12-14T15:11:11.690Z,2025-12-14T15:11:11.690Z
22,0x000a,1.62528,0x00000000,2025-12-14T15:11:11.690Z,2025-12-14T15:11:11.690Z
21,0x000a,8.43041e-06,0x00000000,2025-12-14T15:11:11.690Z,2025-12-14T15:11:11.690Z
7,0x0004,22616,0x00000000,2025-12-14T15:11:11.690Z,2025-12-14T15:11:11.690Z
38,0x000a,1.90248,0x00000000,2025-12-14T15:11:11.790Z,2025-12-14T15:11:11.790Z
36,0x000a,0.0465719,0x00000000,2025-12-14T15:11:11.790Z,2025-12-14T15:11:11.790Z
35,0x000a,1.56134,0x00000000,2025-12-14T15:11:11.790Z,2025-12-14T15:11:11.790Z
34,0x000a,4.2152e-06,0x00000000,2025-12-14T15:11:11.790Z,2025-12-14T15:11:11.790Z
25,0x000a,8.32972,0x00000000,2025-12-14T15:11:11.790Z,2025-12-14T15:11:11.790Z
23,0x000a,0.0465719,0x00000000,2025-12-14T15:11:11.790Z,2025-12-14T15:11:11.790Z
22,0x000a,1.56134,0x00000000,2025-12-14T15:11:11.790Z,2025-12-14T15:11:11.790Z
21,0x000a,4.2152e-06,0x00000000,2025-12-14T15:11:11.790Z,2025-12-14T15:11:11.790Z
7,0x0004,23030,0x00000000,2025-12-14T15:11:11.790Z,2025-12-14T15:11:11.790Z
38,0x000a,1.4974,0x00000000,2025-12-14T15:11:11.890Z,2025-12-14T15:11:11.890Z
36,0x000a,0.0232859,0x00000000,2025-12-14T15:11:11.890Z,2025-12-14T15:11:11.890Z
35,0x000a,1.73191,0x00000000,2025-12-14T15:11:11.890Z,2025-12-14T15:11:11.890Z
34,0x000a,2.1076e-06,0x00000000,2025-12-14T15:11:11.890Z,2025-12-14T15:11:11.890Z
25,0x000a,8.47982,0x00000000,2025-12-14T15:11:11.890Z,2025-12-14T15:11:11.890Z
23,0x000a,0.0232859,0x00000000,2025-12-14T15:11:11.890Z,2025-12-14T15:11:11.890Z
22,0x000a,1.73191,0x00000000,2025-12-14T15:11:11.890Z,2025-12-14T15:11:11.890Z
21,0x000a,2.1076e-06,0x00000000,2025-12-14T15:11:11.890Z,2025-12-14T15:11:11.890Z
7,0x0004,23445,0x00000000,2025-12-14T15:11:11.890Z,2025-12-14T15:11:11.890Z
38,0x000a,1.50101,0x00000000,2025-12-14T15:11:11.990Z,2025-12-14T15:11:11.990Z
36,0x000a,0.011643,0x00000000,2025-12-14T15:11:11.990Z,2025-12-14T15:11:11.990Z
35,0x000a,1.61466,0x00000000,2025-12-14T15:11:11.990Z,2025-12-14T15:11:11.990Z
34,0x000a,1.0538e-06,0x00000000,2025-12-14T15:11:11.990Z,2025-12-14T15:11:11.990Z
25,0x000a,8.63968,0x00000000,2025-12-14T15:11:11.990Z,2025-12-14T15:11:11.990Z
23,0x000a,0.011643,0x00000000,2025-12-14T15:11:11.990Z,2025-12-14T15:11:11.990Z
22,0x000a,1.61466,0x00000000,2025-12-14T15:11:11.990Z,2025-12-14T15:11:11.990Z
21,0x000a,1.0538e-06,0x00000000,2025-12-14T15:11:11.990Z,2025-12-14T15:11:11.990Z
7,0x0004,23887,0x00000000,2025-12-14T15:11:11.990Z,2025-12-14T15:11:11.990Z
38,0x000a,1.59867,0x00000000,2025-12-14T15:11:12.092Z,2025-12-14T15:11:12.092Z
36,0x000a,0.00582148,0x00000000,2025-12-14T15:11:12.092Z,2025-12-14T15:11:12.092Z
35,0x000a,1.55783,0x00000000,2025-12-14T15:11:12.092Z,2025-12-14T15:11:12.092Z
34,0x000a,5.269e-07,0x00000000,2025-12-14T15:11:12.092Z,2025-12-14T15:11:12.092Z
25,0x000a,8.78979,0x00000000,2025-12-14T15:11:12.092Z,2025-12-14T15:11:12.092Z
23,0x000a,0.00582148,0x00000000,2025-12-14T15:11:12.092Z,2025-12-14T15:11:12.092Z
22,0x000a,1.55783,0x00000000,2025-12-14T15:11:12.092Z,2025-12-14T15:11:12.092Z
21,0x000a,5.269e-07,0x00000000,2025-12-14T15:11:12.092Z,2025-12-14T15:11:12.092Z
15,0x0001,false,0x00000000,2025-12-14T15:11:12.092Z,2025-12-14T15:11:12.092Z
7,0x0004,24302,0x00000000,2025-12-14T15:11:12.092Z,2025-12-14T15:11:12.092Z
38,0x000a,3.00202,0x00000000,2025-12-14T15:11:12.192Z,2025-12-14T15:11:12.192Z
36,0x000a,0.00291074,0x00000000,2025-12-14T15:11:12.192Z,2025-12-14T15:11:12.192Z
35,0x000a,1.57825,0x00000000,2025-12-14T15:11:12.192Z,2025-12-14T15:11:12.192Z
34,0x000a,2.6345e-07,0x00000000,2025-12-14T15:11:12.192Z,2025-12-14T15:11:12.192Z
25,0x000a,8.93989,0x00000000,2025-12-14T15:11:12.192Z,2025-12-14T15:11:12.192Z
23,0x000a,0.00291074,0x00000000,2025-12-14T15:11:12.192Z,2025-12-14T15:11:12.192Z
22,0x000a,1.57825,0x00000000,2025-12-14T15:11:12.192Z,2025-12-14T15:11:12.192Z
21,0x000a,2.6345e-07,0x00000000,2025-12-14T15:11:12.192Z,2025-12-14T15:11:12.192Z
7,0x0004,24717,0x00000000,2025-12-14T15:11:12.192Z,2025-12-14T15:11:12.192Z
38,0x000a,0.600405,0x00000000,2025-12-14T15:11:12.290Z,2025-12-14T15:11:12.290Z
36,0x000a,0.00145537,0x00000000,2025-12-14T15:11:12.290Z,2025-12-14T15:11:12.290Z
35,0x000a,2.29014,0x00000000,2025-12-14T15:11:12.290Z,2025-12-14T15:11:12.290Z
34,0x000a,1.31725e-07,0x00000000,2025-12-14T15:11:12.290Z,2025-12-14T15:11:12.290Z
25,0x000a,8.99993,0x00000000,2025-12-14T15:11:12.290Z,2025-12-14T15:11:12.290Z
23,0x000a,0.00145537,0x00000000,2025-12-14T15:11:12.290Z,2025-12-14T15:11:12.290Z
22,0x000a,2.29014,0x00000000,2025-12-14T15:11:12.290Z,2025-12-14T15:11:12.290Z
21,0x000a,1.31725e-07,0x00000000,2025-12-14T15:11:12.290Z,2025-12-14T15:11:12.290Z
7,0x0004,24883,0x00000000,2025-12-14T15:11:12.290Z,2025-12-14T15:11:12.290Z
36,0x000a,0.000727685,0x00000000,2025-12-14T15:11:12.393Z,2025-12-14T15:11:12.393Z
35,0x000a,1.44527,0x00000000,2025-12-14T15:11:12.393Z,2025-12-14T15:11:12.393Z
34,0x000a,6.58625e-08,0x00000000,2025-12-14T15:11:12.393Z,2025-12-14T15:11:12.393Z
23,0x000a,0.000727685,0x00000000,2025-12-14T15:11:12.393Z,2025-12-14T15:11:12.393Z
22,0x000a,1.44527,0x00000000,2025-12-14T15:11:12.393Z,2025-12-14T15:11:12.393Z
21,0x000a,6.58625e-08,0x00000000,2025-12-14T15:11:12.393Z,2025-12-14T15:11:12.393Z
42,0x0001,false,0x00000000,2025-12-14T15:11:12.589Z,2025-12-14T15:11:12.589Z
40,0x0001,false,0x00000000,2025-12-14T15:11:12.589Z,2025-12-14T15:11:12.589Z
38,0x000a,0,0x00000000,2025-12-14T15:11:12.491Z,2025-12-14T15:11:12.491Z
36,0x000a,0.000363843,0x00000000,2025-12-14T15:11:12.589Z,2025-12-14T15:11:12.589Z
35,0x000a,0.722636,0x00000000,2025-12-14T15:11:12.589Z,2025-12-14T15:11:12.589Z
34,0x000a,3.29313e-08,0x00000000,2025-12-14T15:11:12.589Z,2025-12-14T15:11:12.589Z
23,0x000a,0.000363843,0x00000000,2025-12-14T15:11:12.589Z,2025-12-14T15:11:12.589Z
22,0x000a,0.722636,0x00000000,2025-12-14T15:11:12.589Z,2025-12-14T15:11:12.589Z
21,0x000a,3.29313e-08,0x00000000,2025-12-14T15:11:12.589Z,2025-12-14T15:11:12.589Z
18,0x0001,true,0x00000000,2025-12-14T15:11:12.589Z,2025-12-14T15:11:12.589Z
16,0x0001,true,0x00000000,2025-12-14T15:11:12.589Z,2025-12-14T15:11:12.589Z
14,0x0001,true,0x00000000,2025-12-14T15:11:12.589Z,2025-12-14T15:11:12.589Z
4,0x000a,5,0x00000000,2025-12-14T15:11:12.589Z,2025-12-14T15:11:12.589Z
3,0x000a,5,0x00000000,2025-12-14T15:11:12.589Z,2025-12-14T15:11:12.589Z
2,0x000a,5,0x00000000,2025-12-14T15:11:12.589Z,2025-12-14T15:11:12.589Z
36,0x000a,0.000181921,0x00000000,2025-12-14T15:11:12.691Z,2025-12-14T15:11:12.691Z
35,0x000a,0.361318,0x00000000,2025-12-14T15:11:12.691Z,2025-12-14T15:11:12.691Z
34,0x000a,1.64656e-08,0x00000000,2025-12-14T15:11:12.691Z,2025-12-14T15:11:12.691Z
23,0x000a,0.000181921,0x00000000,2025-12-14T15:11:12.691Z,2025-12-14T15:11:12.691Z
22,0x000a,0.361318,0x00000000,2025-12-14T15:11:12.691Z,2025-12-14T15:11:12.691Z
21,0x000a,1.64656e-08,0x00000000,2025-12-14T15:11:12.691Z,2025-12-14T15:11:12.691Z
36,0x000a,9.09607e-05,0x00000000,2025-12-14T15:11:12.789Z,2025-12-14T15:11:12.789Z
35,0x000a,0.180659,0x00000000,2025-12-14T15:11:12.789Z,2025-12-14T15:11:12.789Z
34,0x000a,8.23282e-09,0x00000000,2025-12-14T15:11:12.789Z,2025-12-14T15:11:12.789Z
23,0x000a,9.09607e-05,0x00000000,2025-12-14T15:11:12.789Z,2025-12-14T15:11:12.789Z
22,0x000a,0.180659,0x00000000,2025-12-14T15:11:12.789Z,2025-12-14T15:11:12.789Z
21,0x000a,8.23282e-09,0x00000000,2025-12-14T15:11:12.789Z,2025-12-14T15:11:12.789Z
39,0x000a,-0.300207,0x00000000,2025-12-14T15:11:12.889Z,2025-12-14T15:11:12.889Z
38,0x000a,-0.900612,0x00000000,2025-12-14T15:11:12.889Z,2025-12-14T15:11:12.889Z
37,0x000a,-1.60229,0x00000000,2025-12-14T15:11:12.889Z,2025-12-14T15:11:12.889Z
36,0x000a,4.54803e-05,0x00000000,2025-12-14T15:11:12.889Z,2025-12-14T15:11:12.889Z
35,0x000a,0.0903295,0x00000000,2025-12-14T15:11:12.889Z,2025-12-14T15:11:12.889Z
34,0x000a,4.11641e-09,0x00000000,2025-12-14T15:11:12.889Z,2025-12-14T15:11:12.889Z
26,0x000a,9.96998,0x00000000,2025-12-14T15:11:12.889Z,2025-12-14T15:11:12.889Z
25,0x000a,8.90987,0x00000000,2025-12-14T15:11:12.889Z,2025-12-14T15:11:12.889Z
24,0x000a,8.03964,0x00000000,2025-12-14T15:11:12.889Z,2025-12-14T15:11:12.889Z
23,0x000a,4.54803e-05,0x00000000,2025-12-14T15:11:12.889Z,2025-12-14T15:11:12.889Z
22,0x000a,0.0903295,0x00000000,2025-12-14T15:11:12.889Z,2025-12-14T15:11:12.889Z
21,0x000a,4.11641e-09,0x00000000,2025-12-14T15:11:12.889Z,2025-12-14T15:11:12.889Z
8,0x0004,27565,0x00000000,2025-12-14T15:11:12.889Z,2025-12-14T15:11:12.889Z
7,0x0004,24634,0x00000000,2025-12-14T15:11:12.889Z,2025-12-14T15:11:12.889Z
6,0x0004,22228,0x00000000,2025-12-14T15:11:12.889Z,2025-12-14T15:11:12.889Z
39,0x000a,-2.10141,0x00000000,2025-12-14T15:11:12.992Z,2025-12-14T15:11:12.992Z
38,0x000a,-1.50101,0x00000000,2025-12-14T15:11:12.992Z,2025-12-14T15:11:12.992Z
37,0x000a,-2.79948,0x00000000,2025-12-14T15:11:12.992Z,2025-12-14T15:11:12.992Z
36,0x000a,-0.150081,0x00000000,2025-12-14T15:11:12.992Z,2025-12-14T15:11:12.992Z
35,0x000a,-0.405141,0x00000000,2025-12-14T15:11:12.992Z,2025-12-14T15:11:12.992Z
34,0x000a,-0.801144,0x00000000,2025-12-14T15:11:12.992Z,2025-12-14T15:11:12.992Z
26,0x000a,9.75984,0x00000000,2025-12-14T15:11:12.992Z,2025-12-14T15:11:12.992Z
25,0x000a,8.75977,0x00000000,2025-12-14T15:11:12.992Z,2025-12-14T15:11:12.992Z
24,0x000a,7.75969,0x00000000,2025-12-14T15:11:12.992Z,2025-12-14T15:11:12.992Z
23,0x000a,-0.150081,0x00000000,2025-12-14T15:11:12.992Z,2025-12-14T15:11:12.992Z
22,0x000a,-0.405141,0x00000000,2025-12-14T15:11:12.992Z,2025-12-14T15:11:12.992Z
21,0x000a,-0.801144,0x00000000,2025-12-14T15:11:12.992Z,2025-12-14T15:11:12.992Z
8,0x0004,26984,0x00000000,2025-12-14T15:11:12.992Z,2025-12-14T15:11:12.992Z
7,0x0004,24219,0x00000000,2025-12-14T15:11:12.992Z,2025-12-14T15:11:12.992Z
6,0x0004,21454,0x00000000,2025-12-14T15:11:12.992Z,2025-12-14T15:11:12.992Z
39,0x000a,-2.10142,0x00000000,2025-12-14T15:11:13.090Z,2025-12-14T15:11:13.090Z
38,0x000a,-1.59867,0x00000000,2025-12-14T15:11:13.090Z,2025-12-14T15:11:13.090Z
37,0x000a,-2.69821,0x00000000,2025-12-14T15:11:13.090Z,2025-12-14T15:11:13.090Z
36,0x000a,-1.12575,0x00000000,2025-12-14T15:11:13.090Z,2025-12-14T15:11:13.090Z
35,0x000a,-0.953074,0x00000000,2025-12-14T15:11:13.090Z,2025-12-14T15:11:13.090Z
34,0x000a,-1.80031,0x00000000,2025-12-14T15:11:13.090Z,2025-12-14T15:11:13.090Z
26,0x000a,9.5497,0x00000000,2025-12-14T15:11:13.090Z,2025-12-14T15:11:13.090Z
25,0x000a,8.5999,0x00000000,2025-12-14T15:11:13.090Z,2025-12-14T15:11:13.090Z
24,0x000a,7.48987,0x00000000,2025-12-14T15:11:13.090Z,2025-12-14T15:11:13.090Z
23,0x000a,-1.12575,0x00000000,2025-12-14T15:11:13.090Z,2025-12-14T15:11:13.090Z
22,0x000a,-0.953074,0x00000000,2025-12-14T15:11:13.090Z,2025-12-14T15:11:13.090Z
21,0x000a,-1.80031,0x00000000,2025-12-14T15:11:13.090Z,2025-12-14T15:11:13.090Z
8,0x0004,26403,0x00000000,2025-12-14T15:11:13.090Z,2025-12-14T15:11:13.090Z
7,0x0004,23777,0x00000000,2025-12-14T15:11:13.090Z,2025-12-14T15:11:13.090Z
6,0x0004,20708,0x00000000,2025-12-14T15:11:13.090Z,2025-12-14T15:11:13.090Z
39,0x000a,-2.19908,0x00000000,2025-12-14T15:11:13.192Z,2025-12-14T15:11:13.192Z
38,0x000a,-1.50101,0x00000000,2025-12-14T15:11:13.192Z,2025-12-14T15:11:13.192Z
37,0x000a,-2.79948,0x00000000,2025-12-14T15:11:13.192Z,2025-12-14T15:11:13.192Z
36,0x000a,-1.61358,0x00000000,2025-12-14T15:11:13.192Z,2025-12-14T15:11:13.192Z
35,0x000a,-1.27587,0x00000000,2025-12-14T15:11:13.192Z,2025-12-14T15:11:13.192Z
34,0x000a,-2.24926,0x00000000,2025-12-14T15:11:13.192Z,2025-12-14T15:11:13.192Z
26,0x000a,9.32979,0x00000000,2025-12-14T15:11:13.192Z,2025-12-14T15:11:13.192Z
25,0x000a,8.4498,0x00000000,2025-12-14T15:11:13.192Z,2025-12-14T15:11:13.192Z
24,0x000a,7.20992,0x00000000,2025-12-14T15:11:13.192Z,2025-12-14T15:11:13.192Z
23,0x000a,-1.61358,0x00000000,2025-12-14T15:11:13.192Z,2025-12-14T15:11:13.192Z
22,0x000a,-1.27587,0x00000000,2025-12-14T15:11:13.192Z,2025-12-14T15:11:13.192Z
21,0x000a,-2.24926,0x00000000,2025-12-14T15:11:13.192Z,2025-12-14T15:11:13.192Z
8,0x0004,25795,0x00000000,2025-12-14T15:11:13.192Z,2025-12-14T15:11:13.192Z
7,0x0004,23362,0x00000000,2025-12-14T15:11:13.192Z,2025-12-14T15:11:13.192Z
6,0x0004,19934,0x00000000,2025-12-14T15:11:13.192Z,2025-12-14T15:11:13.192Z
26,0x000a,9.11965,0x00000000,2025-12-14T15:11:13.291Z,2025-12-14T15:11:13.291Z
25,0x000a,8.2997,0x00000000,2025-12-14T15:11:13.291Z,2025-12-14T15:11:13.291Z
24,0x000a,6.92998,0x00000000,2025-12-14T15:11:13.291Z,2025-12-14T15:11:13.291Z
8,0x0004,25214,0x00000000,2025-12-14T15:11:13.291Z,2025-12-14T15:11:13.291Z
7,0x0004,22947,0x00000000,2025-12-14T15:11:13.291Z,2025-12-14T15:11:13.291Z
6,0x0004,19160,0x00000000,2025-12-14T15:11:13.291Z,2025-12-14T15:11:13.291Z
39,0x000a,-4.19922,0x00000000,2025-12-14T15:11:13.390Z,2025-12-14T15:11:13.390Z
38,0x000a,-3.09969,0x00000000,2025-12-14T15:11:13.390Z,2025-12-14T15:11:13.390Z
37,0x000a,-5.5013,0x00000000,2025-12-14T15:11:13.390Z,2025-12-14T15:11:13.390Z
36,0x000a,-1.90633,0x00000000,2025-12-14T15:11:13.390Z,2025-12-14T15:11:13.390Z
35,0x000a,-1.38844,0x00000000,2025-12-14T15:11:13.390Z,2025-12-14T15:11:13.390Z
34,0x000a,-2.52437,0x00000000,2025-12-14T15:11:13.390Z,2025-12-14T15:11:13.390Z
26,0x000a,8.90987,0x00000000,2025-12-14T15:11:13.390Z,2025-12-14T15:11:13.390Z
25,0x000a,8.13983,0x00000000,2025-12-14T15:11:13.390Z,2025-12-14T15:11:13.390Z
24,0x000a,6.65979,0x00000000,2025-12-14T15:11:13.390Z,2025-12-14T15:11:13.390Z
23,0x000a,-1.90633,0x00000000,2025-12-14T15:11:13.390Z,2025-12-14T15:11:13.390Z
22,0x000a,-1.38844,0x00000000,2025-12-14T15:11:13.390Z,2025-12-14T15:11:13.390Z
21,0x000a,-2.52437,0x00000000,2025-12-14T15:11:13.390Z,2025-12-14T15:11:13.390Z
8,0x0004,24634,0x00000000,2025-12-14T15:11:13.390Z,2025-12-14T15:11:13.390Z
7,0x0004,22505,0x00000000,2025-12-14T15:11:13.390Z,2025-12-14T15:11:13.390Z
6,0x0004,18413,0x00000000,2025-12-14T15:11:13.390Z,2025-12-14T15:11:13.390Z
39,0x000a,-2.60055,0x00000000,2025-12-14T15:11:13.489Z,2025-12-14T15:11:13.489Z
38,0x000a,-1.80121,0x00000000,2025-12-14T15:11:13.489Z,2025-12-14T15:11:13.489Z
37,0x000a,-3.29861,0x00000000,2025-12-14T15:11:13.489Z,2025-12-14T15:11:13.489Z
36,0x000a,-3.05277,0x00000000,2025-12-14T15:11:13.489Z,2025-12-14T15:11:13.489Z
35,0x000a,-2.24406,0x00000000,2025-12-14T15:11:13.489Z,2025-12-14T15:11:13.489Z
34,0x000a,-4.01284,0x00000000,2025-12-14T15:11:13.489Z,2025-12-14T15:11:13.489Z
26,0x000a,8.64981,0x00000000,2025-12-14T15:11:13.489Z,2025-12-14T15:11:13.489Z
25,0x000a,7.95971,0x00000000,2025-12-14T15:11:13.489Z,2025-12-14T15:11:13.489Z
24,0x000a,6.32993,0x00000000,2025-12-14T15:11:13.489Z,2025-12-14T15:11:13.489Z
23,0x000a,-3.05277,0x00000000,2025-12-14T15:11:13.489Z,2025-12-14T15:11:13.489Z
22,0x000a,-2.24406,0x00000000,2025-12-14T15:11:13.489Z,2025-12-14T15:11:13.489Z
21,0x000a,-4.01284,0x00000000,2025-12-14T15:11:13.489Z,2025-12-14T15:11:13.489Z
8,0x0004,23915,0x00000000,2025-12-14T15:11:13.489Z,2025-12-14T15:11:13.489Z
7,0x0004,22007,0x00000000,2025-12-14T15:11:13.489Z,2025-12-14T15:11:13.489Z
6,0x0004,17501,0x00000000,2025-12-14T15:11:13.489Z,2025-12-14T15:11:13.489Z
39,0x000a,-2.10142,0x00000000,2025-12-14T15:11:13.590Z,2025-12-14T15:11:13.590Z
38,0x000a,-1.4974,0x00000000,2025-12-14T15:11:13.590Z,2025-12-14T15:11:13.590Z
37,0x000a,-2.79948,0x00000000,2025-12-14T15:11:13.590Z,2025-12-14T15:11:13.590Z
36,0x000a,-2.82666,0x00000000,2025-12-14T15:11:13.590Z,2025-12-14T15:11:13.590Z
35,0x000a,-2.02264,0x00000000,2025-12-14T15:11:13.590Z,2025-12-14T15:11:13.590Z
34,0x000a,-3.65572,0x00000000,2025-12-14T15:11:13.590Z,2025-12-14T15:11:13.590Z
26,0x000a,8.43967,0x00000000,2025-12-14T15:11:13.590Z,2025-12-14T15:11:13.590Z
25,0x000a,7.80997,0x00000000,2025-12-14T15:11:13.590Z,2025-12-14T15:11:13.590Z
24,0x000a,6.04999,0x00000000,2025-12-14T15:11:13.590Z,2025-12-14T15:11:13.590Z
23,0x000a,-2.82666,0x00000000,2025-12-14T15:11:13.590Z,2025-12-14T15:11:13.590Z
22,0x000a,-2.02264,0x00000000,2025-12-14T15:11:13.590Z,2025-12-14T15:11:13.590Z
21,0x000a,-3.65572,0x00000000,2025-12-14T15:11:13.590Z,2025-12-14T15:11:13.590Z
8,0x0004,23334,0x00000000,2025-12-14T15:11:13.590Z,2025-12-14T15:11:13.590Z
7,0x0004,21593,0x00000000,2025-12-14T15:11:13.590Z,2025-12-14T15:11:13.590Z
6,0x0004,16727,0x00000000,2025-12-14T15:11:13.590Z,2025-12-14T15:11:13.590Z
39,0x000a,-2.19907,0x00000000,2025-12-14T15:11:13.690Z,2025-12-14T15:11:13.690Z
38,0x000a,-1.60229,0x00000000,2025-12-14T15:11:13.690Z,2025-12-14T15:11:13.690Z
37,0x000a,-2.70182,0x00000000,2025-12-14T15:11:13.690Z,2025-12-14T15:11:13.690Z
36,0x000a,-2.46404,0x00000000,2025-12-14T15:11:13.690Z,2025-12-14T15:11:13.690Z
35,0x000a,-1.76002,0x00000000,2025-12-14T15:11:13.690Z,2025-12-14T15:11:13.690Z
34,0x000a,-3.2276,0x00000000,2025-12-14T15:11:13.690Z,2025-12-14T15:11:13.690Z
26,0x000a,8.21976,0x00000000,2025-12-14T15:11:13.690Z,2025-12-14T15:11:13.690Z
25,0x000a,7.64974,0x00000000,2025-12-14T15:11:13.690Z,2025-12-14T15:11:13.690Z
24,0x000a,5.7798,0x00000000,2025-12-14T15:11:13.690Z,2025-12-14T15:11:13.690Z
23,0x000a,-2.46404,0x00000000,2025-12-14T15:11:13.690Z,2025-12-14T15:11:13.690Z
22,0x000a,-1.76002,0x00000000,2025-12-14T15:11:13.690Z,2025-12-14T15:11:13.690Z
21,0x000a,-3.2276,0x00000000,2025-12-14T15:11:13.690Z,2025-12-14T15:11:13.690Z
8,0x0004,22726,0x00000000,2025-12-14T15:11:13.690Z,2025-12-14T15:11:13.690Z
7,0x0004,21150,0x00000000,2025-12-14T15:11:13.690Z,2025-12-14T15:11:13.690Z
6,0x0004,15980,0x00000000,2025-12-14T15:11:13.690Z,2025-12-14T15:11:13.690Z
39,0x000a,-2.09781,0x00000000,2025-12-14T15:11:13.790Z,2025-12-14T15:11:13.790Z
38,0x000a,-1.49739,0x00000000,2025-12-14T15:11:13.790Z,2025-12-14T15:11:13.790Z
37,0x000a,-2.79948,0x00000000,2025-12-14T15:11:13.790Z,2025-12-14T15:11:13.790Z
36,0x000a,-2.33155,0x00000000,2025-12-14T15:11:13.790Z,2025-12-14T15:11:13.790Z
35,0x000a,-1.68115,0x00000000,2025-12-14T15:11:13.790Z,2025-12-14T15:11:13.790Z
34,0x000a,-2.96471,0x00000000,2025-12-14T15:11:13.790Z,2025-12-14T15:11:13.790Z
26,0x000a,8.00998,0x00000000,2025-12-14T15:11:13.790Z,2025-12-14T15:11:13.790Z
25,0x000a,7.5,0x00000000,2025-12-14T15:11:13.790Z,2025-12-14T15:11:13.790Z
24,0x000a,5.49986,0x00000000,2025-12-14T15:11:13.790Z,2025-12-14T15:11:13.790Z
23,0x000a,-2.33155,0x00000000,2025-12-14T15:11:13.790Z,2025-12-14T15:11:13.790Z
22,0x000a,-1.68115,0x00000000,2025-12-14T15:11:13.790Z,2025-12-14T15:11:13.790Z
21,0x000a,-2.96471,0x00000000,2025-12-14T15:11:13.790Z,2025-12-14T15:11:13.790Z
8,0x0004,22146,0x00000000,2025-12-14T15:11:13.790Z,2025-12-14T15:11:13.790Z
7,0x0004,20736,0x00000000,2025-12-14T15:11:13.790Z,2025-12-14T15:11:13.790Z
6,0x0004,15206,0x00000000,2025-12-14T15:11:13.790Z,2025-12-14T15:11:13.790Z
39,0x000a,-2.10141,0x00000000,2025-12-14T15:11:13.892Z,2025-12-14T15:11:13.892Z
38,0x000a,-1.50101,0x00000000,2025-12-14T15:11:13.892Z,2025-12-14T15:11:13.892Z
37,0x000a,-2.79948,0x00000000,2025-12-14T15:11:13.892Z,2025-12-14T15:11:13.892Z
36,0x000a,-2.21468,0x00000000,2025-12-14T15:11:13.892Z,2025-12-14T15:11:13.892Z
35,0x000a,-1.58927,0x00000000,2025-12-14T15:11:13.892Z,2025-12-14T15:11:13.892Z
34,0x000a,-2.8821,0x00000000,2025-12-14T15:11:13.892Z,2025-12-14T15:11:13.892Z
26,0x000a,7.79984,0x00000000,2025-12-14T15:11:13.892Z,2025-12-14T15:11:13.892Z
25,0x000a,7.3499,0x00000000,2025-12-14T15:11:13.892Z,2025-12-14T15:11:13.892Z
24,0x000a,5.21991,0x00000000,2025-12-14T15:11:13.892Z,2025-12-14T15:11:13.892Z
23,0x000a,-2.21468,0x00000000,2025-12-14T15:11:13.892Z,2025-12-14T15:11:13.892Z
22,0x000a,-1.58927,0x00000000,2025-12-14T15:11:13.892Z,2025-12-14T15:11:13.892Z
21,0x000a,-2.8821,0x00000000,2025-12-14T15:11:13.892Z,2025-12-14T15:11:13.892Z
14,0x0001,false,0x00000000,2025-12-14T15:11:13.892Z,2025-12-14T15:11:13.892Z
8,0x0004,21565,0x00000000,2025-12-14T15:11:13.892Z,2025-12-14T15:11:13.892Z
7,0x0004,20321,0x00000000,2025-12-14T15:11:13.892Z,2025-12-14T15:11:13.892Z
6,0x0004,14432,0x00000000,2025-12-14T15:11:13.892Z,2025-12-14T15:11:13.892Z
39,0x000a,-2.10142,0x00000000,2025-12-14T15:11:13.990Z,2025-12-14T15:11:13.990Z
38,0x000a,-1.60229,0x00000000,2025-12-14T15:11:13.990Z,2025-12-14T15:11:13.990Z
37,0x000a,-2.70182,0x00000000,2025-12-14T15:11:13.990Z,2025-12-14T15:11:13.990Z
36,0x000a,-2.15805,0x00000000,2025-12-14T15:11:13.990Z,2025-12-14T15:11:13.990Z
35,0x000a,-1.54514,0x00000000,2025-12-14T15:11:13.990Z,2025-12-14T15:11:13.990Z
34,0x000a,-2.84079,0x00000000,2025-12-14T15:11:13.990Z,2025-12-14T15:11:13.990Z
28,0x0004,27000,0x00000000,2025-12-14T15:11:13.990Z,2025-12-14T15:11:13.990Z
26,0x000a,7.5897,0x00000000,2025-12-14T15:11:13.990Z,2025-12-14T15:11:13.990Z
25,0x000a,7.18967,0x00000000,2025-12-14T15:11:13.990Z,2025-12-14T15:11:13.990Z
24,0x000a,4.94973,0x00000000,2025-12-14T15:11:13.990Z,2025-12-14T15:11:13.990Z
23,0x000a,-2.15805,0x00000000,2025-12-14T15:11:13.990Z,2025-12-14T15:11:13.990Z
22,0x000a,-1.54514,0x00000000,2025-12-14T15:11:13.990Z,2025-12-14T15:11:13.990Z
21,0x000a,-2.84079,0x00000000,2025-12-14T15:11:13.990Z,2025-12-14T15:11:13.990Z
8,0x0004,20984,0x00000000,2025-12-14T15:11:13.990Z,2025-12-14T15:11:13.990Z
7,0x0004,19878,0x00000000,2025-12-14T15:11:13.990Z,2025-12-14T15:11:13.990Z
6,0x0004,13685,0x00000000,2025-12-14T15:11:13.990Z,2025-12-14T15:11:13.990Z
36,0x000a,-2.12973,0x00000000,2025-12-14T15:11:14.092Z,2025-12-14T15:11:14.092Z
35,0x000a,-1.57371,0x00000000,2025-12-14T15:11:14.092Z,2025-12-14T15:11:14.092Z
34,0x000a,-2.7713,0x00000000,2025-12-14T15:11:14.092Z,2025-12-14T15:11:14.092Z
28,0x0004,0,0x00000000,2025-12-14T15:11:14.092Z,2025-12-14T15:11:14.092Z
26,0x000a,7.32964,0x00000000,2025-12-14T15:11:14.092Z,2025-12-14T15:11:14.092Z
25,0x000a,7.00991,0x00000000,2025-12-14T15:11:14.092Z,2025-12-14T15:11:14.092Z
24,0x000a,4.77973,0x00000000,2025-12-14T15:11:14.092Z,2025-12-14T15:11:14.092Z
23,0x000a,-2.12973,0x00000000,2025-12-14T15:11:14.092Z,2025-12-14T15:11:14.092Z
22,0x000a,-1.57371,0x00000000,2025-12-14T15:11:14.092Z,2025-12-14T15:11:14.092Z
21,0x000a,-2.7713,0x00000000,2025-12-14T15:11:14.092Z,2025-12-14T15:11:14.092Z
8,0x0004,20265,0x00000000,2025-12-14T15:11:14.092Z,2025-12-14T15:11:14.092Z
7,0x0004,19381,0x00000000,2025-12-14T15:11:14.092Z,2025-12-14T15:11:14.092Z
6,0x0004,13215,0x00000000,2025-12-14T15:11:14.092Z,2025-12-14T15:11:14.092Z
39,0x000a,-2.60055,0x00000000,2025-12-14T15:11:14.192Z,2025-12-14T15:11:14.192Z
38,0x000a,-1.7976,0x00000000,2025-12-14T15:11:14.192Z,2025-12-14T15:11:14.192Z
37,0x000a,-1.69994,0x00000000,2025-12-14T15:11:14.192Z,2025-12-14T15:11:14.192Z
26,0x000a,7.11986,0x00000000,2025-12-14T15:11:14.192Z,2025-12-14T15:11:14.192Z
25,0x000a,6.85981,0x00000000,2025-12-14T15:11:14.192Z,2025-12-14T15:11:14.192Z
8,0x0004,19685,0x00000000,2025-12-14T15:11:14.192Z,2025-12-14T15:11:14.192Z
7,0x0004,18966,0x00000000,2025-12-14T15:11:14.192Z,2025-12-14T15:11:14.192Z
39,0x000a,-2.0978,0x00000000,2025-12-14T15:11:14.291Z,2025-12-14T15:11:14.291Z
38,0x000a,-1.50101,0x00000000,2025-12-14T15:11:14.291Z,2025-12-14T15:11:14.291Z
37,0x000a,0,0x00000000,2025-12-14T15:11:14.291Z,2025-12-14T15:11:14.291Z
36,0x000a,-2.36514,0x00000000,2025-12-14T15:11:14.291Z,2025-12-14T15:11:14.291Z
35,0x000a,-1.68566,0x00000000,2025-12-14T15:11:14.291Z,2025-12-14T15:11:14.291Z
34,0x000a,-2.23562,0x00000000,2025-12-14T15:11:14.291Z,2025-12-14T15:11:14.291Z
26,0x000a,6.89996,0x00000000,2025-12-14T15:11:14.291Z,2025-12-14T15:11:14.291Z
25,0x000a,6.69994,0x00000000,2025-12-14T15:11:14.291Z,2025-12-14T15:11:14.291Z
23,0x000a,-2.36514,0x00000000,2025-12-14T15:11:14.291Z,2025-12-14T15:11:14.291Z
22,0x000a,-1.68566,0x00000000,2025-12-14T15:11:14.291Z,2025-12-14T15:11:14.291Z
21,0x000a,-2.23562,0x00000000,2025-12-14T15:11:14.291Z,2025-12-14T15:11:14.291Z
8,0x0004,19077,0x00000000,2025-12-14T15:11:14.291Z,2025-12-14T15:11:14.291Z
7,0x0004,18524,0x00000000,2025-12-14T15:11:14.291Z,2025-12-14T15:11:14.291Z
40,0x0001,true,0x00000000,2025-12-14T15:11:14.391Z,2025-12-14T15:11:14.391Z
39,0x000a,-2.19907,0x00000000,2025-12-14T15:11:14.391Z,2025-12-14T15:11:14.391Z
38,0x000a,-1.59867,0x00000000,2025-12-14T15:11:14.391Z,2025-12-14T15:11:14.391Z
36,0x000a,-2.23147,0x00000000,2025-12-14T15:11:14.391Z,2025-12-14T15:11:14.391Z
35,0x000a,-1.59333,0x00000000,2025-12-14T15:11:14.391Z,2025-12-14T15:11:14.391Z
34,0x000a,-1.11781,0x00000000,2025-12-14T15:11:14.391Z,2025-12-14T15:11:14.391Z
26,0x000a,6.68981,0x00000000,2025-12-14T15:11:14.391Z,2025-12-14T15:11:14.391Z
25,0x000a,6.54984,0x00000000,2025-12-14T15:11:14.391Z,2025-12-14T15:11:14.391Z
23,0x000a,-2.23147,0x00000000,2025-12-14T15:11:14.391Z,2025-12-14T15:11:14.391Z
22,0x000a,-1.59333,0x00000000,2025-12-14T15:11:14.391Z,2025-12-14T15:11:14.391Z
21,0x000a,-1.11781,0x00000000,2025-12-14T15:11:14.391Z,2025-12-14T15:11:14.391Z
8,0x0004,18496,0x00000000,2025-12-14T15:11:14.391Z,2025-12-14T15:11:14.391Z
7,0x0004,18109,0x00000000,2025-12-14T15:11:14.391Z,2025-12-14T15:11:14.391Z
39,0x000a,-4.20284,0x00000000,2025-12-14T15:11:14.491Z,2025-12-14T15:11:14.491Z
39,0x000a,-2.19907,0x00000000,2025-12-14T15:11:14.593Z,2025-12-14T15:11:14.593Z
38,0x000a,-3.00203,0x00000000,2025-12-14T15:11:14.491Z,2025-12-14T15:11:14.491Z
38,0x000a,-1.59867,0x00000000,2025-12-14T15:11:14.593Z,2025-12-14T15:11:14.593Z
36,0x000a,-2.21527,0x00000000,2025-12-14T15:11:14.491Z,2025-12-14T15:11:14.491Z
36,0x000a,-3.20905,0x00000000,2025-12-14T15:11:14.593Z,2025-12-14T15:11:14.593Z
35,0x000a,-1.596,0x00000000,2025-12-14T15:11:14.491Z,2025-12-14T15:11:14.491Z
35,0x000a,-2.29902,0x00000000,2025-12-14T15:11:14.593Z,2025-12-14T15:11:14.593Z
34,0x000a,-0.558906,0x00000000,2025-12-14T15:11:14.491Z,2025-12-14T15:11:14.491Z
34,0x000a,-0.279453,0x00000000,2025-12-14T15:11:14.593Z,2025-12-14T15:11:14.593Z
26,0x000a,6.47967,0x00000000,2025-12-14T15:11:14.491Z,2025-12-14T15:11:14.491Z
26,0x000a,6.25977,0x00000000,2025-12-14T15:11:14.593Z,2025-12-14T15:11:14.593Z
25,0x000a,6.39974,0x00000000,2025-12-14T15:11:14.491Z,2025-12-14T15:11:14.491Z
25,0x000a,6.23987,0x00000000,2025-12-14T15:11:14.593Z,2025-12-14T15:11:14.593Z
23,0x000a,-2.21527,0x00000000,2025-12-14T15:11:14.491Z,2025-12-14T15:11:14.491Z
23,0x000a,-3.20905,0x00000000,2025-12-14T15:11:14.593Z,2025-12-14T15:11:14.593Z
22,0x000a,-1.596,0x00000000,2025-12-14T15:11:14.491Z,2025-12-14T15:11:14.491Z
22,0x000a,-2.29902,0x00000000,2025-12-14T15:11:14.593Z,2025-12-14T15:11:14.593Z
21,0x000a,-0.558906,0x00000000,2025-12-14T15:11:14.491Z,2025-12-14T15:11:14.491Z
21,0x000a,-0.279453,0x00000000,2025-12-14T15:11:14.593Z,2025-12-14T15:11:14.593Z
8,0x0004,17915,0x00000000,2025-12-14T15:11:14.491Z,2025-12-14T15:11:14.491Z
8,0x0004,17307,0x00000000,2025-12-14T15:11:14.593Z,2025-12-14T15:11:14.593Z
7,0x0004,17694,0x00000000,2025-12-14T15:11:14.491Z,2025-12-14T15:11:14.491Z
7,0x0004,17252,0x00000000,2025-12-14T15:11:14.593Z,2025-12-14T15:11:14.593Z
39,0x000a,-2.0978,0x00000000,2025-12-14T15:11:14.693Z,2025-12-14T15:11:14.693Z
38,0x000a,-1.50101,0x00000000,2025-12-14T15:11:14.693Z,2025-12-14T15:11:14.693Z
36,0x000a,-2.70406,0x00000000,2025-12-14T15:11:14.693Z,2025-12-14T15:11:14.693Z
35,0x000a,-1.94884,0x00000000,2025-12-14T15:11:14.693Z,2025-12-14T15:11:14.693Z
34,0x000a,-0.139726,0x00000000,2025-12-14T15:11:14.693Z,2025-12-14T15:11:14.693Z
26,0x000a,6.04999,0x00000000,2025-12-14T15:11:14.693Z,2025-12-14T15:11:14.693Z
25,0x000a,6.08977,0x00000000,2025-12-14T15:11:14.693Z,2025-12-14T15:11:14.693Z
23,0x000a,-2.70406,0x00000000,2025-12-14T15:11:14.693Z,2025-12-14T15:11:14.693Z
22,0x000a,-1.94884,0x00000000,2025-12-14T15:11:14.693Z,2025-12-14T15:11:14.693Z
21,0x000a,-0.139726,0x00000000,2025-12-14T15:11:14.693Z,2025-12-14T15:11:14.693Z
8,0x0004,16727,0x00000000,2025-12-14T15:11:14.693Z,2025-12-14T15:11:14.693Z
7,0x0004,16837,0x00000000,2025-12-14T15:11:14.693Z,2025-12-14T15:11:14.693Z
39,0x000a,-2.50289,0x00000000,2025-12-14T15:11:14.791Z,2025-12-14T15:11:14.791Z
38,0x000a,-1.80121,0x00000000,2025-12-14T15:11:14.791Z,2025-12-14T15:11:14.791Z
36,0x000a,-2.40093,0x00000000,2025-12-14T15:11:14.791Z,2025-12-14T15:11:14.791Z
35,0x000a,-1.72493,0x00000000,2025-12-14T15:11:14.791Z,2025-12-14T15:11:14.791Z
34,0x000a,-0.0698632,0x00000000,2025-12-14T15:11:14.791Z,2025-12-14T15:11:14.791Z
26,0x000a,5.7997,0x00000000,2025-12-14T15:11:14.791Z,2025-12-14T15:11:14.791Z
25,0x000a,5.90965,0x00000000,2025-12-14T15:11:14.791Z,2025-12-14T15:11:14.791Z
23,0x000a,-2.40093,0x00000000,2025-12-14T15:11:14.791Z,2025-12-14T15:11:14.791Z
22,0x000a,-1.72493,0x00000000,2025-12-14T15:11:14.791Z,2025-12-14T15:11:14.791Z
21,0x000a,-0.0698632,0x00000000,2025-12-14T15:11:14.791Z,2025-12-14T15:11:14.791Z
8,0x0004,16035,0x00000000,2025-12-14T15:11:14.791Z,2025-12-14T15:11:14.791Z
7,0x0004,16339,0x00000000,2025-12-14T15:11:14.791Z,2025-12-14T15:11:14.791Z
39,0x000a,-2.19907,0x00000000,2025-12-14T15:11:14.892Z,2025-12-14T15:11:14.892Z
38,0x000a,-1.59867,0x00000000,2025-12-14T15:11:14.892Z,2025-12-14T15:11:14.892Z
36,0x000a,-2.45191,0x00000000,2025-12-14T15:11:14.892Z,2025-12-14T15:11:14.892Z
35,0x000a,-1.76307,0x00000000,2025-12-14T15:11:14.892Z,2025-12-14T15:11:14.892Z
34,0x000a,-0.0349316,0x00000000,2025-12-14T15:11:14.892Z,2025-12-14T15:11:14.892Z
26,0x000a,5.57979,0x00000000,2025-12-14T15:11:14.892Z,2025-12-14T15:11:14.892Z
25,0x000a,5.74978,0x00000000,2025-12-14T15:11:14.892Z,2025-12-14T15:11:14.892Z
23,0x000a,-2.45191,0x00000000,2025-12-14T15:11:14.892Z,2025-12-14T15:11:14.892Z
22,0x000a,-1.76307,0x00000000,2025-12-14T15:11:14.892Z,2025-12-14T15:11:14.892Z
21,0x000a,-0.0349316,0x00000000,2025-12-14T15:11:14.892Z,2025-12-14T15:11:14.892Z
8,0x0004,15427,0x00000000,2025-12-14T15:11:14.892Z,2025-12-14T15:11:14.892Z
7,0x0004,15897,0x00000000,2025-12-14T15:11:14.892Z,2025-12-14T15:11:14.892Z
36,0x000a,-2.32549,0x00000000,2025-12-14T15:11:14.992Z,2025-12-14T15:11:14.992Z
35,0x000a,-1.68087,0x00000000,2025-12-14T15:11:14.992Z,2025-12-14T15:11:14.992Z
34,0x000a,-0.0174658,0x00000000,2025-12-14T15:11:14.992Z,2025-12-14T15:11:14.992Z
26,0x000a,5.36965,0x00000000,2025-12-14T15:11:14.992Z,2025-12-14T15:11:14.992Z
25,0x000a,5.59968,0x00000000,2025-12-14T15:11:14.992Z,2025-12-14T15:11:14.992Z
23,0x000a,-2.32549,0x00000000,2025-12-14T15:11:14.992Z,2025-12-14T15:11:14.992Z
22,0x000a,-1.68087,0x00000000,2025-12-14T15:11:14.992Z,2025-12-14T15:11:14.992Z
21,0x000a,-0.0174658,0x00000000,2025-12-14T15:11:14.992Z,2025-12-14T15:11:14.992Z
8,0x0004,14846,0x00000000,2025-12-14T15:11:14.992Z,2025-12-14T15:11:14.992Z
7,0x0004,15482,0x00000000,2025-12-14T15:11:14.992Z,2025-12-14T15:11:14.992Z
39,0x000a,-2.10142,0x00000000,2025-12-14T15:11:15.091Z,2025-12-14T15:11:15.091Z
38,0x000a,-1.50102,0x00000000,2025-12-14T15:11:15.091Z,2025-12-14T15:11:15.091Z
26,0x000a,5.15987,0x00000000,2025-12-14T15:11:15.091Z,2025-12-14T15:11:15.091Z
25,0x000a,5.44994,0x00000000,2025-12-14T15:11:15.091Z,2025-12-14T15:11:15.091Z
18,0x0001,false,0x00000000,2025-12-14T15:11:15.091Z,2025-12-14T15:11:15.091Z
8,0x0004,14266,0x00000000,2025-12-14T15:11:15.091Z,2025-12-14T15:11:15.091Z
7,0x0004,15068,0x00000000,2025-12-14T15:11:15.091Z,2025-12-14T15:11:15.091Z
39,0x000a,-2.0978,0x00000000,2025-12-14T15:11:15.192Z,2025-12-14T15:11:15.192Z
38,0x000a,-1.49739,0x00000000,2025-12-14T15:11:15.192Z,2025-12-14T15:11:15.192Z
36,0x000a,-2.21345,0x00000000,2025-12-14T15:11:15.192Z,2025-12-14T15:11:15.192Z
35,0x000a,-1.59094,0x00000000,2025-12-14T15:11:15.192Z,2025-12-14T15:11:15.192Z
34,0x000a,-0.00873291,0x00000000,2025-12-14T15:11:15.192Z,2025-12-14T15:11:15.192Z
30,0x0004,27000,0x00000000,2025-12-14T15:11:15.192Z,2025-12-14T15:11:15.192Z
26,0x000a,4.93996,0x00000000,2025-12-14T15:11:15.192Z,2025-12-14T15:11:15.192Z
25,0x000a,5.28971,0x00000000,2025-12-14T15:11:15.192Z,2025-12-14T15:11:15.192Z
23,0x000a,-2.21345,0x00000000,2025-12-14T15:11:15.192Z,2025-12-14T15:11:15.192Z
22,0x000a,-1.59094,0x00000000,2025-12-14T15:11:15.192Z,2025-12-14T15:11:15.192Z
21,0x000a,-0.00873291,0x00000000,2025-12-14T15:11:15.192Z,2025-12-14T15:11:15.192Z
16,0x0001,false,0x00000000,2025-12-14T15:11:15.192Z,2025-12-14T15:11:15.192Z
8,0x0004,13658,0x00000000,2025-12-14T15:11:15.192Z,2025-12-14T15:11:15.192Z
7,0x0004,14625,0x00000000,2025-12-14T15:11:15.192Z,2025-12-14T15:11:15.192Z
39,0x000a,-2.19907,0x00000000,2025-12-14T15:11:15.290Z,2025-12-14T15:11:15.290Z
38,0x000a,-1.60229,0x00000000,2025-12-14T15:11:15.290Z,2025-12-14T15:11:15.290Z
36,0x000a,-2.15563,0x00000000,2025-12-14T15:11:15.290Z,2025-12-14T15:11:15.290Z
35,0x000a,-1.54417,0x00000000,2025-12-14T15:11:15.290Z,2025-12-14T15:11:15.290Z
34,0x000a,-0.00436645,0x00000000,2025-12-14T15:11:15.290Z,2025-12-14T15:11:15.290Z
30,0x0004,0,0x00000000,2025-12-14T15:11:15.290Z,2025-12-14T15:11:15.290Z
26,0x000a,4.85966,0x00000000,2025-12-14T15:11:15.290Z,2025-12-14T15:11:15.290Z
25,0x000a,5.13997,0x00000000,2025-12-14T15:11:15.290Z,2025-12-14T15:11:15.290Z
23,0x000a,-2.15563,0x00000000,2025-12-14T15:11:15.290Z,2025-12-14T15:11:15.290Z
22,0x000a,-1.54417,0x00000000,2025-12-14T15:11:15.290Z,2025-12-14T15:11:15.290Z
21,0x000a,-0.00436645,0x00000000,2025-12-14T15:11:15.290Z,2025-12-14T15:11:15.290Z
8,0x0004,13436,0x00000000,2025-12-14T15:11:15.290Z,2025-12-14T15:11:15.290Z
7,0x0004,14211,0x00000000,2025-12-14T15:11:15.290Z,2025-12-14T15:11:15.290Z
39,0x000a,-0.802951,0x00000000,2025-12-14T15:11:15.391Z,2025-12-14T15:11:15.391Z
38,0x000a,-1.4974,0x00000000,2025-12-14T15:11:15.391Z,2025-12-14T15:11:15.391Z
36,0x000a,-2.17735,0x00000000,2025-12-14T15:11:15.391Z,2025-12-14T15:11:15.391Z
35,0x000a,-1.57323,0x00000000,2025-12-14T15:11:15.391Z,2025-12-14T15:11:15.391Z
34,0x000a,-0.00218323,0x00000000,2025-12-14T15:11:15.391Z,2025-12-14T15:11:15.391Z
29,0x0004,27000,0x00000000,2025-12-14T15:11:15.391Z,2025-12-14T15:11:15.391Z
25,0x000a,5.07993,0x00000000,2025-12-14T15:11:15.391Z,2025-12-14T15:11:15.391Z
23,0x000a,-2.17735,0x00000000,2025-12-14T15:11:15.391Z,2025-12-14T15:11:15.391Z
22,0x000a,-1.57323,0x00000000,2025-12-14T15:11:15.391Z,2025-12-14T15:11:15.391Z
21,0x000a,-0.00218323,0x00000000,2025-12-14T15:11:15.391Z,2025-12-14T15:11:15.391Z
7,0x0004,14045,0x00000000,2025-12-14T15:11:15.391Z,2025-12-14T15:11:15.391Z
39,0x000a,0,0x00000000,2025-12-14T15:11:15.491Z,2025-12-14T15:11:15.491Z
38,0x000a,-0.600405,0x00000000,2025-12-14T15:11:15.491Z,2025-12-14T15:11:15.491Z
36,0x000a,-1.49015,0x00000000,2025-12-14T15:11:15.491Z,2025-12-14T15:11:15.491Z
35,0x000a,-1.53531,0x00000000,2025-12-14T15:11:15.491Z,2025-12-14T15:11:15.491Z
34,0x000a,-0.00109161,0x00000000,2025-12-14T15:11:15.491Z,2025-12-14T15:11:15.491Z
23,0x000a,-1.49015,0x00000000,2025-12-14T15:11:15.491Z,2025-12-14T15:11:15.491Z
22,0x000a,-1.53531,0x00000000,2025-12-14T15:11:15.491Z,2025-12-14T15:11:15.491Z
21,0x000a,-0.00109161,0x00000000,2025-12-14T15:11:15.491Z,2025-12-14T15:11:15.491Z
42,0x0001,true,0x00000000,2025-12-14T15:11:15.593Z,2025-12-14T15:11:15.593Z
38,0x000a,0,0x00000000,2025-12-14T15:11:15.593Z,2025-12-14T15:11:15.593Z
36,0x000a,-0.745075,0x00000000,2025-12-14T15:11:15.593Z,2025-12-14T15:11:15.593Z
35,0x000a,-1.06786,0x00000000,2025-12-14T15:11:15.593Z,2025-12-14T15:11:15.593Z
34,0x000a,-0.000545807,0x00000000,2025-12-14T15:11:15.593Z,2025-12-14T15:11:15.593Z
23,0x000a,-0.745075,0x00000000,2025-12-14T15:11:15.593Z,2025-12-14T15:11:15.593Z
22,0x000a,-1.06786,0x00000000,2025-12-14T15:11:15.593Z,2025-12-14T15:11:15.593Z
21,0x000a,-0.000545807,0x00000000,2025-12-14T15:11:15.593Z,2025-12-14T15:11:15.593Z
42,0x0001,false,0x00000000,2025-12-14T15:11:15.692Z,2025-12-14T15:11:15.692Z
40,0x0001,false,0x00000000,2025-12-14T15:11:15.692Z,2025-12-14T15:11:15.692Z
36,0x000a,-0.372538,0x00000000,2025-12-14T15:11:15.692Z,2025-12-14T15:11:15.692Z
35,0x000a,-0.533929,0x00000000,2025-12-14T15:11:15.692Z,2025-12-14T15:11:15.692Z
34,0x000a,-0.000272903,0x00000000,2025-12-14T15:11:15.692Z,2025-12-14T15:11:15.692Z
23,0x000a,-0.372538,0x00000000,2025-12-14T15:11:15.692Z,2025-12-14T15:11:15.692Z
22,0x000a,-0.533929,0x00000000,2025-12-14T15:11:15.692Z,2025-12-14T15:11:15.692Z
21,0x000a,-0.000272903,0x00000000,2025-12-14T15:11:15.692Z,2025-12-14T15:11:15.692Z
18,0x0001,true,0x00000000,2025-12-14T15:11:15.692Z,2025-12-14T15:11:15.692Z
16,0x0001,true,0x00000000,2025-12-14T15:11:15.692Z,2025-12-14T15:11:15.692Z
14,0x0001,true,0x00000000,2025-12-14T15:11:15.692Z,2025-12-14T15:11:15.692Z
4,0x000a,0,0x00000000,2025-12-14T15:11:15.692Z,2025-12-14T15:11:15.692Z
3,0x000a,0,0x00000000,2025-12-14T15:11:15.692Z,2025-12-14T15:11:15.692Z
2,0x000a,0,0x00000000,2025-12-14T15:11:15.692Z,2025-12-14T15:11:15.692Z
36,0x000a,-0.186269,0x00000000,2025-12-14T15:11:15.790Z,2025-12-14T15:11:15.790Z
35,0x000a,-0.266965,0x00000000,2025-12-14T15:11:15.790Z,2025-12-14T15:11:15.790Z
34,0x000a,-0.000136452,0x00000000,2025-12-14T15:11:15.790Z,2025-12-14T15:11:15.790Z
23,0x000a,-0.186269,0x00000000,2025-12-14T15:11:15.790Z,2025-12-14T15:11:15.790Z
22,0x000a,-0.266965,0x00000000,2025-12-14T15:11:15.790Z,2025-12-14T15:11:15.790Z
21,0x000a,-0.000136452,0x00000000,2025-12-14T15:11:15.790Z,2025-12-14T15:11:15.790Z
26,0x000a,4.77973,0x00000000,2025-12-14T15:11:15.890Z,2025-12-14T15:11:15.890Z
25,0x000a,5.06981,0x00000000,2025-12-14T15:11:15.890Z,2025-12-14T15:11:15.890Z
24,0x000a,4.61986,0x00000000,2025-12-14T15:11:15.890Z,2025-12-14T15:11:15.890Z
8,0x0004,13215,0x00000000,2025-12-14T15:11:15.890Z,2025-12-14T15:11:15.890Z
7,0x0004,14017,0x00000000,2025-12-14T15:11:15.890Z,2025-12-14T15:11:15.890Z
6,0x0004,12773,0x00000000,2025-12-14T15:11:15.890Z,2025-12-14T15:11:15.890Z
39,0x000a,-0.799336,0x00000000,2025-12-14T15:11:15.993Z,2025-12-14T15:11:15.993Z
38,0x000a,-0.101271,0x00000000,2025-12-14T15:11:15.993Z,2025-12-14T15:11:15.993Z
37,0x000a,-1.59867,0x00000000,2025-12-14T15:11:15.993Z,2025-12-14T15:11:15.993Z
36,0x000a,-0.0931344,0x00000000,2025-12-14T15:11:15.993Z,2025-12-14T15:11:15.993Z
35,0x000a,-0.133482,0x00000000,2025-12-14T15:11:15.993Z,2025-12-14T15:11:15.993Z
34,0x000a,-6.82258e-05,0x00000000,2025-12-14T15:11:15.993Z,2025-12-14T15:11:15.993Z
26,0x000a,4.56995,0x00000000,2025-12-14T15:11:15.993Z,2025-12-14T15:11:15.993Z
24,0x000a,4.33992,0x00000000,2025-12-14T15:11:15.993Z,2025-12-14T15:11:15.993Z
23,0x000a,-0.0931344,0x00000000,2025-12-14T15:11:15.993Z,2025-12-14T15:11:15.993Z
22,0x000a,-0.133482,0x00000000,2025-12-14T15:11:15.993Z,2025-12-14T15:11:15.993Z
21,0x000a,-6.82258e-05,0x00000000,2025-12-14T15:11:15.993Z,2025-12-14T15:11:15.993Z
8,0x0004,12635,0x00000000,2025-12-14T15:11:15.993Z,2025-12-14T15:11:15.993Z
6,0x0004,11999,0x00000000,2025-12-14T15:11:15.993Z,2025-12-14T15:11:15.993Z
39,0x000a,-2.0978,0x00000000,2025-12-14T15:11:16.094Z,2025-12-14T15:11:16.094Z
39,0x000a,-2.10142,0x00000000,2025-12-14T15:11:16.190Z,2025-12-14T15:11:16.190Z
38,0x000a,0,0x00000000,2025-12-14T15:11:16.094Z,2025-12-14T15:11:16.094Z
37,0x000a,-2.79948,0x00000000,2025-12-14T15:11:16.094Z,2025-12-14T15:11:16.094Z
37,0x000a,-2.70183,0x00000000,2025-12-14T15:11:16.190Z,2025-12-14T15:11:16.190Z
36,0x000a,-0.446235,0x00000000,2025-12-14T15:11:16.094Z,2025-12-14T15:11:16.094Z
36,0x000a,-1.27202,0x00000000,2025-12-14T15:11:16.190Z,2025-12-14T15:11:16.190Z
35,0x000a,-0.117376,0x00000000,2025-12-14T15:11:16.094Z,2025-12-14T15:11:16.094Z
35,0x000a,-0.0586882,0x00000000,2025-12-14T15:11:16.190Z,2025-12-14T15:11:16.190Z
34,0x000a,-0.799368,0x00000000,2025-12-14T15:11:16.094Z,2025-12-14T15:11:16.094Z
34,0x000a,-1.79942,0x00000000,2025-12-14T15:11:16.190Z,2025-12-14T15:11:16.190Z
26,0x000a,4.35981,0x00000000,2025-12-14T15:11:16.094Z,2025-12-14T15:11:16.094Z
26,0x000a,4.1399,0x00000000,2025-12-14T15:11:16.190Z,2025-12-14T15:11:16.190Z
25,0x000a,5.05968,0x00000000,2025-12-14T15:11:16.190Z,2025-12-14T15:11:16.190Z
24,0x000a,4.06973,0x00000000,2025-12-14T15:11:16.094Z,2025-12-14T15:11:16.094Z
24,0x000a,3.78979,0x00000000,2025-12-14T15:11:16.190Z,2025-12-14T15:11:16.190Z
23,0x000a,-0.446235,0x00000000,2025-12-14T15:11:16.094Z,2025-12-14T15:11:16.094Z
23,0x000a,-1.27202,0x00000000,2025-12-14T15:11:16.190Z,2025-12-14T15:11:16.190Z
22,0x000a,-0.117376,0x00000000,2025-12-14T15:11:16.094Z,2025-12-14T15:11:16.094Z
22,0x000a,-0.0586882,0x00000000,2025-12-14T15:11:16.190Z,2025-12-14T15:11:16.190Z
21,0x000a,-0.799368,0x00000000,2025-12-14T15:11:16.094Z,2025-12-14T15:11:16.094Z
21,0x000a,-1.79942,0x00000000,2025-12-14T15:11:16.190Z,2025-12-14T15:11:16.190Z
8,0x0004,12054,0x00000000,2025-12-14T15:11:16.094Z,2025-12-14T15:11:16.094Z
8,0x0004,11446,0x00000000,2025-12-14T15:11:16.190Z,2025-12-14T15:11:16.190Z
7,0x0004,13989,0x00000000,2025-12-14T15:11:16.190Z,2025-12-14T15:11:16.190Z
6,0x0004,11252,0x00000000,2025-12-14T15:11:16.094Z,2025-12-14T15:11:16.094Z
6,0x0004,10478,0x00000000,2025-12-14T15:11:16.190Z,2025-12-14T15:11:16.190Z
39,0x000a,-2.19907,0x00000000,2025-12-14T15:11:16.290Z,2025-12-14T15:11:16.290Z
38,0x000a,-0.101275,0x00000000,2025-12-14T15:11:16.290Z,2025-12-14T15:11:16.290Z
37,0x000a,-2.79948,0x00000000,2025-12-14T15:11:16.290Z,2025-12-14T15:11:16.290Z
36,0x000a,-1.68672,0x00000000,2025-12-14T15:11:16.290Z,2025-12-14T15:11:16.290Z
35,0x000a,-0.0293441,0x00000000,2025-12-14T15:11:16.290Z,2025-12-14T15:11:16.290Z
34,0x000a,-2.25062,0x00000000,2025-12-14T15:11:16.290Z,2025-12-14T15:11:16.290Z
26,0x000a,3.88997,0x00000000,2025-12-14T15:11:16.290Z,2025-12-14T15:11:16.290Z
24,0x000a,3.45992,0x00000000,2025-12-14T15:11:16.290Z,2025-12-14T15:11:16.290Z
23,0x000a,-1.68672,0x00000000,2025-12-14T15:11:16.290Z,2025-12-14T15:11:16.290Z
22,0x000a,-0.0293441,0x00000000,2025-12-14T15:11:16.290Z,2025-12-14T15:11:16.290Z
21,0x000a,-2.25062,0x00000000,2025-12-14T15:11:16.290Z,2025-12-14T15:11:16.290Z
8,0x0004,10755,0x00000000,2025-12-14T15:11:16.290Z,2025-12-14T15:11:16.290Z
6,0x0004,9566,0x00000000,2025-12-14T15:11:16.290Z,2025-12-14T15:11:16.290Z
39,0x000a,-2.49928,0x00000000,2025-12-14T15:11:16.392Z,2025-12-14T15:11:16.392Z
38,0x000a,0,0x00000000,2025-12-14T15:11:16.392Z,2025-12-14T15:11:16.392Z
37,0x000a,-3.29861,0x00000000,2025-12-14T15:11:16.392Z,2025-12-14T15:11:16.392Z
36,0x000a,-1.9429,0x00000000,2025-12-14T15:11:16.392Z,2025-12-14T15:11:16.392Z
35,0x000a,-0.0653098,0x00000000,2025-12-14T15:11:16.392Z,2025-12-14T15:11:16.392Z
34,0x000a,-2.52505,0x00000000,2025-12-14T15:11:16.392Z,2025-12-14T15:11:16.392Z
26,0x000a,3.67983,0x00000000,2025-12-14T15:11:16.392Z,2025-12-14T15:11:16.392Z
24,0x000a,3.17998,0x00000000,2025-12-14T15:11:16.392Z,2025-12-14T15:11:16.392Z
23,0x000a,-1.9429,0x00000000,2025-12-14T15:11:16.392Z,2025-12-14T15:11:16.392Z
22,0x000a,-0.0653098,0x00000000,2025-12-14T15:11:16.392Z,2025-12-14T15:11:16.392Z
21,0x000a,-2.52505,0x00000000,2025-12-14T15:11:16.392Z,2025-12-14T15:11:16.392Z
8,0x0004,10174,0x00000000,2025-12-14T15:11:16.392Z,2025-12-14T15:11:16.392Z
6,0x0004,8792,0x00000000,2025-12-14T15:11:16.392Z,2025-12-14T15:11:16.392Z
39,0x000a,-2.10142,0x00000000,2025-12-14T15:11:16.490Z,2025-12-14T15:11:16.490Z
37,0x000a,-2.79948,0x00000000,2025-12-14T15:11:16.490Z,2025-12-14T15:11:16.490Z
36,0x000a,-2.22109,0x00000000,2025-12-14T15:11:16.490Z,2025-12-14T15:11:16.490Z
35,0x000a,-0.0326549,0x00000000,2025-12-14T15:11:16.490Z,2025-12-14T15:11:16.490Z
34,0x000a,-2.91183,0x00000000,2025-12-14T15:11:16.490Z,2025-12-14T15:11:16.490Z
23,0x000a,-2.22109,0x00000000,2025-12-14T15:11:16.490Z,2025-12-14T15:11:16.490Z
22,0x000a,-0.0326549,0x00000000,2025-12-14T15:11:16.490Z,2025-12-14T15:11:16.490Z
21,0x000a,-2.91183,0x00000000,2025-12-14T15:11:16.490Z,2025-12-14T15:11:16.490Z
39,0x000a,-2.19908,0x00000000,2025-12-14T15:11:16.591Z,2025-12-14T15:11:16.591Z
38,0x000a,-0.0976562,0x00000000,2025-12-14T15:11:16.591Z,2025-12-14T15:11:16.591Z
37,0x000a,-2.70182,0x00000000,2025-12-14T15:11:16.591Z,2025-12-14T15:11:16.591Z
36,0x000a,-2.16125,0x00000000,2025-12-14T15:11:16.591Z,2025-12-14T15:11:16.591Z
35,0x000a,-0.0163274,0x00000000,2025-12-14T15:11:16.591Z,2025-12-14T15:11:16.591Z
34,0x000a,-2.85566,0x00000000,2025-12-14T15:11:16.591Z,2025-12-14T15:11:16.591Z
26,0x000a,3.45992,0x00000000,2025-12-14T15:11:16.591Z,2025-12-14T15:11:16.591Z
25,0x000a,5.04991,0x00000000,2025-12-14T15:11:16.591Z,2025-12-14T15:11:16.591Z
24,0x000a,2.90979,0x00000000,2025-12-14T15:11:16.591Z,2025-12-14T15:11:16.591Z
23,0x000a,-2.16125,0x00000000,2025-12-14T15:11:16.591Z,2025-12-14T15:11:16.591Z
22,0x000a,-0.0163274,0x00000000,2025-12-14T15:11:16.591Z,2025-12-14T15:11:16.591Z
21,0x000a,-2.85566,0x00000000,2025-12-14T15:11:16.591Z,2025-12-14T15:11:16.591Z
8,0x0004,9566,0x00000000,2025-12-14T15:11:16.591Z,2025-12-14T15:11:16.591Z
7,0x0004,13962,0x00000000,2025-12-14T15:11:16.591Z,2025-12-14T15:11:16.591Z
6,0x0004,8045,0x00000000,2025-12-14T15:11:16.591Z,2025-12-14T15:11:16.591Z
36,0x000a,-2.18016,0x00000000,2025-12-14T15:11:16.690Z,2025-12-14T15:11:16.690Z
35,0x000a,-0.0569918,0x00000000,2025-12-14T15:11:16.690Z,2025-12-14T15:11:16.690Z
34,0x000a,-2.77874,0x00000000,2025-12-14T15:11:16.690Z,2025-12-14T15:11:16.690Z
26,0x000a,3.24978,0x00000000,2025-12-14T15:11:16.690Z,2025-12-14T15:11:16.690Z
24,0x000a,2.62985,0x00000000,2025-12-14T15:11:16.690Z,2025-12-14T15:11:16.690Z
23,0x000a,-2.18016,0x00000000,2025-12-14T15:11:16.690Z,2025-12-14T15:11:16.690Z
22,0x000a,-0.0569918,0x00000000,2025-12-14T15:11:16.690Z,2025-12-14T15:11:16.690Z
21,0x000a,-2.77874,0x00000000,2025-12-14T15:11:16.690Z,2025-12-14T15:11:16.690Z
8,0x0004,8985,0x00000000,2025-12-14T15:11:16.690Z,2025-12-14T15:11:16.690Z
6,0x0004,7271,0x00000000,2025-12-14T15:11:16.690Z,2025-12-14T15:11:16.690Z
39,0x000a,-4.20284,0x00000000,2025-12-14T15:11:16.791Z,2025-12-14T15:11:16.791Z
38,0x000a,0,0x00000000,2025-12-14T15:11:16.791Z,2025-12-14T15:11:16.791Z
37,0x000a,-5.5013,0x00000000,2025-12-14T15:11:16.791Z,2025-12-14T15:11:16.791Z
26,0x000a,3.03964,0x00000000,2025-12-14T15:11:16.791Z,2025-12-14T15:11:16.791Z
24,0x000a,2.35966,0x00000000,2025-12-14T15:11:16.791Z,2025-12-14T15:11:16.791Z
8,0x0004,8404,0x00000000,2025-12-14T15:11:16.791Z,2025-12-14T15:11:16.791Z
6,0x0004,6524,0x00000000,2025-12-14T15:11:16.791Z,2025-12-14T15:11:16.791Z
39,0x000a,-2.19907,0x00000000,2025-12-14T15:11:16.890Z,2025-12-14T15:11:16.890Z
38,0x000a,-0.101271,0x00000000,2025-12-14T15:11:16.890Z,2025-12-14T15:11:16.890Z
37,0x000a,-2.79948,0x00000000,2025-12-14T15:11:16.890Z,2025-12-14T15:11:16.890Z
36,0x000a,-3.1915,0x00000000,2025-12-14T15:11:16.890Z,2025-12-14T15:11:16.890Z
35,0x000a,-0.0284959,0x00000000,2025-12-14T15:11:16.890Z,2025-12-14T15:11:16.890Z
34,0x000a,-4.14002,0x00000000,2025-12-14T15:11:16.890Z,2025-12-14T15:11:16.890Z
26,0x000a,2.81973,0x00000000,2025-12-14T15:11:16.890Z,2025-12-14T15:11:16.890Z
25,0x000a,5.03979,0x00000000,2025-12-14T15:11:16.890Z,2025-12-14T15:11:16.890Z
24,0x000a,2.07972,0x00000000,2025-12-14T15:11:16.890Z,2025-12-14T15:11:16.890Z
23,0x000a,-3.1915,0x00000000,2025-12-14T15:11:16.890Z,2025-12-14T15:11:16.890Z
22,0x000a,-0.0284959,0x00000000,2025-12-14T15:11:16.890Z,2025-12-14T15:11:16.890Z
21,0x000a,-4.14002,0x00000000,2025-12-14T15:11:16.890Z,2025-12-14T15:11:16.890Z
8,0x0004,7796,0x00000000,2025-12-14T15:11:16.890Z,2025-12-14T15:11:16.890Z
7,0x0004,13934,0x00000000,2025-12-14T15:11:16.890Z,2025-12-14T15:11:16.890Z
6,0x0004,5750,0x00000000,2025-12-14T15:11:16.890Z,2025-12-14T15:11:16.890Z
39,0x000a,-2.0978,0x00000000,2025-12-14T15:11:16.990Z,2025-12-14T15:11:16.990Z
38,0x000a,0,0x00000000,2025-12-14T15:11:16.990Z,2025-12-14T15:11:16.990Z
37,0x000a,-2.79948,0x00000000,2025-12-14T15:11:16.990Z,2025-12-14T15:11:16.990Z
36,0x000a,-2.69529,0x00000000,2025-12-14T15:11:16.990Z,2025-12-14T15:11:16.990Z
35,0x000a,-0.0648833,0x00000000,2025-12-14T15:11:16.990Z,2025-12-14T15:11:16.990Z
34,0x000a,-3.46975,0x00000000,2025-12-14T15:11:16.990Z,2025-12-14T15:11:16.990Z
26,0x000a,2.60995,0x00000000,2025-12-14T15:11:16.990Z,2025-12-14T15:11:16.990Z
24,0x000a,1.79977,0x00000000,2025-12-14T15:11:16.990Z,2025-12-14T15:11:16.990Z
23,0x000a,-2.69529,0x00000000,2025-12-14T15:11:16.990Z,2025-12-14T15:11:16.990Z
22,0x000a,-0.0648833,0x00000000,2025-12-14T15:11:16.990Z,2025-12-14T15:11:16.990Z
21,0x000a,-3.46975,0x00000000,2025-12-14T15:11:16.990Z,2025-12-14T15:11:16.990Z
8,0x0004,7216,0x00000000,2025-12-14T15:11:16.990Z,2025-12-14T15:11:16.990Z
6,0x0004,4976,0x00000000,2025-12-14T15:11:16.990Z,2025-12-14T15:11:16.990Z
39,0x000a,-2.10142,0x00000000,2025-12-14T15:11:17.091Z,2025-12-14T15:11:17.091Z
38,0x000a,-0.101275,0x00000000,2025-12-14T15:11:17.091Z,2025-12-14T15:11:17.091Z
37,0x000a,-2.69821,0x00000000,2025-12-14T15:11:17.091Z,2025-12-14T15:11:17.091Z
36,0x000a,-2.39654,0x00000000,2025-12-14T15:11:17.091Z,2025-12-14T15:11:17.091Z
35,0x000a,-0.0324416,0x00000000,2025-12-14T15:11:17.091Z,2025-12-14T15:11:17.091Z
34,0x000a,-3.13461,0x00000000,2025-12-14T15:11:17.091Z,2025-12-14T15:11:17.091Z
26,0x000a,2.39981,0x00000000,2025-12-14T15:11:17.091Z,2025-12-14T15:11:17.091Z
25,0x000a,5.02966,0x00000000,2025-12-14T15:11:17.091Z,2025-12-14T15:11:17.091Z
24,0x000a,1.52995,0x00000000,2025-12-14T15:11:17.091Z,2025-12-14T15:11:17.091Z
23,0x000a,-2.39654,0x00000000,2025-12-14T15:11:17.091Z,2025-12-14T15:11:17.091Z
22,0x000a,-0.0324416,0x00000000,2025-12-14T15:11:17.091Z,2025-12-14T15:11:17.091Z
21,0x000a,-3.13461,0x00000000,2025-12-14T15:11:17.091Z,2025-12-14T15:11:17.091Z
8,0x0004,6635,0x00000000,2025-12-14T15:11:17.091Z,2025-12-14T15:11:17.091Z
7,0x0004,13906,0x00000000,2025-12-14T15:11:17.091Z,2025-12-14T15:11:17.091Z
6,0x0004,4230,0x00000000,2025-12-14T15:11:17.091Z,2025-12-14T15:11:17.091Z
39,0x000a,-2.19908,0x00000000,2025-12-14T15:11:17.192Z,2025-12-14T15:11:17.192Z
38,0x000a,0,0x00000000,2025-12-14T15:11:17.192Z,2025-12-14T15:11:17.192Z
37,0x000a,-2.79948,0x00000000,2025-12-14T15:11:17.192Z,2025-12-14T15:11:17.192Z
36,0x000a,-2.24898,0x00000000,2025-12-14T15:11:17.192Z,2025-12-14T15:11:17.192Z
35,0x000a,-0.0668585,0x00000000,2025-12-14T15:11:17.192Z,2025-12-14T15:11:17.192Z
34,0x000a,-2.91641,0x00000000,2025-12-14T15:11:17.192Z,2025-12-14T15:11:17.192Z
26,0x000a,2.1799,0x00000000,2025-12-14T15:11:17.192Z,2025-12-14T15:11:17.192Z
24,0x000a,1.25,0x00000000,2025-12-14T15:11:17.192Z,2025-12-14T15:11:17.192Z
23,0x000a,-2.24898,0x00000000,2025-12-14T15:11:17.192Z,2025-12-14T15:11:17.192Z
22,0x000a,-0.0668585,0x00000000,2025-12-14T15:11:17.192Z,2025-12-14T15:11:17.192Z
21,0x000a,-2.91641,0x00000000,2025-12-14T15:11:17.192Z,2025-12-14T15:11:17.192Z
8,0x0004,6027,0x00000000,2025-12-14T15:11:17.192Z,2025-12-14T15:11:17.192Z
6,0x0004,3456,0x00000000,2025-12-14T15:11:17.192Z,2025-12-14T15:11:17.192Z
39,0x000a,-2.49928,0x00000000,2025-12-14T15:11:17.293Z,2025-12-14T15:11:17.293Z
37,0x000a,-3.30223,0x00000000,2025-12-14T15:11:17.293Z,2025-12-14T15:11:17.293Z
36,0x000a,-2.22403,0x00000000,2025-12-14T15:11:17.293Z,2025-12-14T15:11:17.293Z
35,0x000a,-0.0334293,0x00000000,2025-12-14T15:11:17.293Z,2025-12-14T15:11:17.293Z
34,0x000a,-2.85794,0x00000000,2025-12-14T15:11:17.293Z,2025-12-14T15:11:17.293Z
26,0x000a,1.92998,0x00000000,2025-12-14T15:11:17.293Z,2025-12-14T15:11:17.293Z
24,0x000a,0.919777,0x00000000,2025-12-14T15:11:17.293Z,2025-12-14T15:11:17.293Z
23,0x000a,-2.22403,0x00000000,2025-12-14T15:11:17.293Z,2025-12-14T15:11:17.293Z
22,0x000a,-0.0334293,0x00000000,2025-12-14T15:11:17.293Z,2025-12-14T15:11:17.293Z
21,0x000a,-2.85794,0x00000000,2025-12-14T15:11:17.293Z,2025-12-14T15:11:17.293Z
8,0x0004,5336,0x00000000,2025-12-14T15:11:17.293Z,2025-12-14T15:11:17.293Z
6,0x0004,2543,0x00000000,2025-12-14T15:11:17.293Z,2025-12-14T15:11:17.293Z
39,0x000a,-2.10142,0x00000000,2025-12-14T15:11:17.389Z,2025-12-14T15:11:17.389Z
38,0x000a,-0.0976562,0x00000000,2025-12-14T15:11:17.389Z,2025-12-14T15:11:17.389Z
37,0x000a,-2.79948,0x00000000,2025-12-14T15:11:17.389Z,2025-12-14T15:11:17.389Z
36,0x000a,-2.36165,0x00000000,2025-12-14T15:11:17.389Z,2025-12-14T15:11:17.389Z
35,0x000a,-0.0167146,0x00000000,2025-12-14T15:11:17.389Z,2025-12-14T15:11:17.389Z
34,0x000a,-3.08009,0x00000000,2025-12-14T15:11:17.389Z,2025-12-14T15:11:17.389Z
26,0x000a,1.71984,0x00000000,2025-12-14T15:11:17.389Z,2025-12-14T15:11:17.389Z
25,0x000a,5.01989,0x00000000,2025-12-14T15:11:17.389Z,2025-12-14T15:11:17.389Z
24,0x000a,0.639829,0x00000000,2025-12-14T15:11:17.389Z,2025-12-14T15:11:17.389Z
23,0x000a,-2.36165,0x00000000,2025-12-14T15:11:17.389Z,2025-12-14T15:11:17.389Z
22,0x000a,-0.0167146,0x00000000,2025-12-14T15:11:17.389Z,2025-12-14T15:11:17.389Z
21,0x000a,-3.08009,0x00000000,2025-12-14T15:11:17.389Z,2025-12-14T15:11:17.389Z
8,0x0004,4755,0x00000000,2025-12-14T15:11:17.389Z,2025-12-14T15:11:17.389Z
7,0x0004,13879,0x00000000,2025-12-14T15:11:17.389Z,2025-12-14T15:11:17.389Z
6,0x0004,1769,0x00000000,2025-12-14T15:11:17.389Z,2025-12-14T15:11:17.389Z
39,0x000a,-2.19907,0x00000000,2025-12-14T15:11:17.490Z,2025-12-14T15:11:17.490Z
38,0x000a,0,0x00000000,2025-12-14T15:11:17.490Z,2025-12-14T15:11:17.490Z
37,0x000a,-2.70182,0x00000000,2025-12-14T15:11:17.490Z,2025-12-14T15:11:17.490Z
36,0x000a,-2.23153,0x00000000,2025-12-14T15:11:17.490Z,2025-12-14T15:11:17.490Z
35,0x000a,-0.0571854,0x00000000,2025-12-14T15:11:17.490Z,2025-12-14T15:11:17.490Z
34,0x000a,-2.93978,0x00000000,2025-12-14T15:11:17.490Z,2025-12-14T15:11:17.490Z
26,0x000a,1.49993,0x00000000,2025-12-14T15:11:17.490Z,2025-12-14T15:11:17.490Z
24,0x000a,0.369647,0x00000000,2025-12-14T15:11:17.490Z,2025-12-14T15:11:17.490Z
23,0x000a,-2.23153,0x00000000,2025-12-14T15:11:17.490Z,2025-12-14T15:11:17.490Z
22,0x000a,-0.0571854,0x00000000,2025-12-14T15:11:17.490Z,2025-12-14T15:11:17.490Z
21,0x000a,-2.93978,0x00000000,2025-12-14T15:11:17.490Z,2025-12-14T15:11:17.490Z
8,0x0004,4147,0x00000000,2025-12-14T15:11:17.490Z,2025-12-14T15:11:17.490Z
6,0x0004,1022,0x00000000,2025-12-14T15:11:17.490Z,2025-12-14T15:11:17.490Z
36,0x000a,-2.2153,0x00000000,2025-12-14T15:11:17.593Z,2025-12-14T15:11:17.593Z
35,0x000a,-0.0285927,0x00000000,2025-12-14T15:11:17.593Z,2025-12-14T15:11:17.593Z
34,0x000a,-2.8208,0x00000000,2025-12-14T15:11:17.593Z,2025-12-14T15:11:17.593Z
26,0x000a,1.28979,0x00000000,2025-12-14T15:11:17.593Z,2025-12-14T15:11:17.593Z
24,0x000a,0.0896991,0x00000000,2025-12-14T15:11:17.593Z,2025-12-14T15:11:17.593Z
23,0x000a,-2.2153,0x00000000,2025-12-14T15:11:17.593Z,2025-12-14T15:11:17.593Z
22,0x000a,-0.0285927,0x00000000,2025-12-14T15:11:17.593Z,2025-12-14T15:11:17.593Z
21,0x000a,-2.8208,0x00000000,2025-12-14T15:11:17.593Z,2025-12-14T15:11:17.593Z
14,0x0001,false,0x00000000,2025-12-14T15:11:17.593Z,2025-12-14T15:11:17.593Z
8,0x0004,3566,0x00000000,2025-12-14T15:11:17.593Z,2025-12-14T15:11:17.593Z
6,0x0004,248,0x00000000,2025-12-14T15:11:17.593Z,2025-12-14T15:11:17.593Z
39,0x000a,-2.10142,0x00000000,2025-12-14T15:11:17.693Z,2025-12-14T15:11:17.693Z
37,0x000a,-2.79948,0x00000000,2025-12-14T15:11:17.693Z,2025-12-14T15:11:17.693Z
26,0x000a,1.07964,0x00000000,2025-12-14T15:11:17.693Z,2025-12-14T15:11:17.693Z
25,0x000a,5.00977,0x00000000,2025-12-14T15:11:17.693Z,2025-12-14T15:11:17.693Z
24,0x000a,0,0x00000000,2025-12-14T15:11:17.693Z,2025-12-14T15:11:17.693Z
8,0x0004,2985,0x00000000,2025-12-14T15:11:17.693Z,2025-12-14T15:11:17.693Z
7,0x0004,13851,0x00000000,2025-12-14T15:11:17.693Z,2025-12-14T15:11:17.693Z
6,0x0004,0,0x00000000,2025-12-14T15:11:17.693Z,2025-12-14T15:11:17.693Z
38,0x000a,-0.101271,0x00000000,2025-12-14T15:11:17.791Z,2025-12-14T15:11:17.791Z
37,0x000a,-0.896991,0x00000000,2025-12-14T15:11:17.791Z,2025-12-14T15:11:17.791Z
36,0x000a,-2.15836,0x00000000,2025-12-14T15:11:17.791Z,2025-12-14T15:11:17.791Z
35,0x000a,-0.0142964,0x00000000,2025-12-14T15:11:17.791Z,2025-12-14T15:11:17.791Z
34,0x000a,-2.81014,0x00000000,2025-12-14T15:11:17.791Z,2025-12-14T15:11:17.791Z
26,0x000a,0.859737,0x00000000,2025-12-14T15:11:17.791Z,2025-12-14T15:11:17.791Z
23,0x000a,-2.15836,0x00000000,2025-12-14T15:11:17.791Z,2025-12-14T15:11:17.791Z
22,0x000a,-0.0142964,0x00000000,2025-12-14T15:11:17.791Z,2025-12-14T15:11:17.791Z
21,0x000a,-2.81014,0x00000000,2025-12-14T15:11:17.791Z,2025-12-14T15:11:17.791Z
8,0x0004,2377,0x00000000,2025-12-14T15:11:17.791Z,2025-12-14T15:11:17.791Z
39,0x000a,-4.69835,0x00000000,2025-12-14T15:11:17.890Z,2025-12-14T15:11:17.890Z
38,0x000a,-0.0976562,0x00000000,2025-12-14T15:11:17.890Z,2025-12-14T15:11:17.890Z
37,0x000a,0,0x00000000,2025-12-14T15:11:17.890Z,2025-12-14T15:11:17.890Z
36,0x000a,-2.12989,0x00000000,2025-12-14T15:11:17.890Z,2025-12-14T15:11:17.890Z
35,0x000a,-0.0577835,0x00000000,2025-12-14T15:11:17.890Z,2025-12-14T15:11:17.890Z
34,0x000a,-1.85357,0x00000000,2025-12-14T15:11:17.890Z,2025-12-14T15:11:17.890Z
26,0x000a,0.609809,0x00000000,2025-12-14T15:11:17.890Z,2025-12-14T15:11:17.890Z
25,0x000a,5,0x00000000,2025-12-14T15:11:17.890Z,2025-12-14T15:11:17.890Z
23,0x000a,-2.12989,0x00000000,2025-12-14T15:11:17.890Z,2025-12-14T15:11:17.890Z
22,0x000a,-0.0577835,0x00000000,2025-12-14T15:11:17.890Z,2025-12-14T15:11:17.890Z
21,0x000a,-1.85357,0x00000000,2025-12-14T15:11:17.890Z,2025-12-14T15:11:17.890Z
8,0x0004,1686,0x00000000,2025-12-14T15:11:17.890Z,2025-12-14T15:11:17.890Z
7,0x0004,13824,0x00000000,2025-12-14T15:11:17.890Z,2025-12-14T15:11:17.890Z
39,0x000a,-2.19907,0x00000000,2025-12-14T15:11:17.991Z,2025-12-14T15:11:17.991Z
38,0x000a,0,0x00000000,2025-12-14T15:11:17.991Z,2025-12-14T15:11:17.991Z
36,0x000a,-3.41412,0x00000000,2025-12-14T15:11:17.991Z,2025-12-14T15:11:17.991Z
35,0x000a,-0.0777199,0x00000000,2025-12-14T15:11:17.991Z,2025-12-14T15:11:17.991Z
34,0x000a,-0.926783,0x00000000,2025-12-14T15:11:17.991Z,2025-12-14T15:11:17.991Z
26,0x000a,0.389902,0x00000000,2025-12-14T15:11:17.991Z,2025-12-14T15:11:17.991Z
23,0x000a,-3.41412,0x00000000,2025-12-14T15:11:17.991Z,2025-12-14T15:11:17.991Z
22,0x000a,-0.0777199,0x00000000,2025-12-14T15:11:17.991Z,2025-12-14T15:11:17.991Z
21,0x000a,-0.926783,0x00000000,2025-12-14T15:11:17.991Z,2025-12-14T15:11:17.991Z
8,0x0004,1078,0x00000000,2025-12-14T15:11:17.991Z,2025-12-14T15:11:17.991Z
40,0x0001,true,0x00000000,2025-12-14T15:11:18.091Z,2025-12-14T15:11:18.091Z
39,0x000a,-2.10142,0x00000000,2025-12-14T15:11:18.091Z,2025-12-14T15:11:18.091Z
36,0x000a,-2.8066,0x00000000,2025-12-14T15:11:18.091Z,2025-12-14T15:11:18.091Z
35,0x000a,-0.0388599,0x00000000,2025-12-14T15:11:18.091Z,2025-12-14T15:11:18.091Z
34,0x000a,-0.463391,0x00000000,2025-12-14T15:11:18.091Z,2025-12-14T15:11:18.091Z
26,0x000a,0.17976,0x00000000,2025-12-14T15:11:18.091Z,2025-12-14T15:11:18.091Z
23,0x000a,-2.8066,0x00000000,2025-12-14T15:11:18.091Z,2025-12-14T15:11:18.091Z
22,0x000a,-0.0388599,0x00000000,2025-12-14T15:11:18.091Z,2025-12-14T15:11:18.091Z
21,0x000a,-0.463391,0x00000000,2025-12-14T15:11:18.091Z,2025-12-14T15:11:18.091Z
18,0x0001,false,0x00000000,2025-12-14T15:11:18.091Z,2025-12-14T15:11:18.091Z
8,0x0004,497,0x00000000,2025-12-14T15:11:18.091Z,2025-12-14T15:11:18.091Z
39,0x000a,-1.69994,0x00000000,2025-12-14T15:11:18.191Z,2025-12-14T15:11:18.191Z
39,0x000a,0,0x00000000,2025-12-14T15:11:18.290Z,2025-12-14T15:11:18.290Z
38,0x000a,-0.101275,0x00000000,2025-12-14T15:11:18.191Z,2025-12-14T15:11:18.191Z
38,0x000a,0,0x00000000,2025-12-14T15:11:18.290Z,2025-12-14T15:11:18.290Z
36,0x000a,-2.45401,0x00000000,2025-12-14T15:11:18.191Z,2025-12-14T15:11:18.191Z
36,0x000a,-2.07697,0x00000000,2025-12-14T15:11:18.290Z,2025-12-14T15:11:18.290Z
35,0x000a,-0.01943,0x00000000,2025-12-14T15:11:18.191Z,2025-12-14T15:11:18.191Z
35,0x000a,-0.0603527,0x00000000,2025-12-14T15:11:18.290Z,2025-12-14T15:11:18.290Z
34,0x000a,-0.231696,0x00000000,2025-12-14T15:11:18.191Z,2025-12-14T15:11:18.191Z
34,0x000a,-0.115848,0x00000000,2025-12-14T15:11:18.290Z,2025-12-14T15:11:18.290Z
26,0x000a,0.00976562,0x00000000,2025-12-14T15:11:18.191Z,2025-12-14T15:11:18.191Z
25,0x000a,4.98987,0x00000000,2025-12-14T15:11:18.191Z,2025-12-14T15:11:18.191Z
23,0x000a,-2.45401,0x00000000,2025-12-14T15:11:18.191Z,2025-12-14T15:11:18.191Z
23,0x000a,-2.07697,0x00000000,2025-12-14T15:11:18.290Z,2025-12-14T15:11:18.290Z
22,0x000a,-0.01943,0x00000000,2025-12-14T15:11:18.191Z,2025-12-14T15:11:18.191Z
22,0x000a,-0.0603527,0x00000000,2025-12-14T15:11:18.290Z,2025-12-14T15:11:18.290Z
21,0x000a,-0.231696,0x00000000,2025-12-14T15:11:18.191Z,2025-12-14T15:11:18.191Z
21,0x000a,-0.115848,0x00000000,2025-12-14T15:11:18.290Z,2025-12-14T15:11:18.290Z
8,0x0004,27,0x00000000,2025-12-14T15:11:18.191Z,2025-12-14T15:11:18.191Z
7,0x0004,13796,0x00000000,2025-12-14T15:11:18.191Z,2025-12-14T15:11:18.191Z
36,0x000a,-1.03849,0x00000000,2025-12-14T15:11:18.391Z,2025-12-14T15:11:18.391Z
35,0x000a,-0.0301764,0x00000000,2025-12-14T15:11:18.391Z,2025-12-14T15:11:18.391Z
34,0x000a,-0.0579239,0x00000000,2025-12-14T15:11:18.391Z,2025-12-14T15:11:18.391Z
23,0x000a,-1.03849,0x00000000,2025-12-14T15:11:18.391Z,2025-12-14T15:11:18.391Z
22,0x000a,-0.0301764,0x00000000,2025-12-14T15:11:18.391Z,2025-12-14T15:11:18.391Z
21,0x000a,-0.0579239,0x00000000,2025-12-14T15:11:18.391Z,2025-12-14T15:11:18.391Z
25,0x000a,4.97975,0x00000000,2025-12-14T15:11:18.492Z,2025-12-14T15:11:18.492Z
7,0x0004,13768,0x00000000,2025-12-14T15:11:18.492Z,2025-12-14T15:11:18.492Z
42,0x0001,true,0x00000000,2025-12-14T15:11:18.590Z,2025-12-14T15:11:18.590Z
38,0x000a,-0.101271,0x00000000,2025-12-14T15:11:18.590Z,2025-12-14T15:11:18.590Z
36,0x000a,-0.519244,0x00000000,2025-12-14T15:11:18.590Z,2025-12-14T15:11:18.590Z
35,0x000a,-0.0150882,0x00000000,2025-12-14T15:11:18.590Z,2025-12-14T15:11:18.590Z
34,0x000a,-0.028962,0x00000000,2025-12-14T15:11:18.590Z,2025-12-14T15:11:18.590Z
23,0x000a,-0.519244,0x00000000,2025-12-14T15:11:18.590Z,2025-12-14T15:11:18.590Z
22,0x000a,-0.0150882,0x00000000,2025-12-14T15:11:18.590Z,2025-12-14T15:11:18.590Z
21,0x000a,-0.028962,0x00000000,2025-12-14T15:11:18.590Z,2025-12-14T15:11:18.590Z
38,0x000a,0,0x00000000,2025-12-14T15:11:18.690Z,2025-12-14T15:11:18.690Z
36,0x000a,-0.259622,0x00000000,2025-12-14T15:11:18.690Z,2025-12-14T15:11:18.690Z
35,0x000a,-0.0581794,0x00000000,2025-12-14T15:11:18.690Z,2025-12-14T15:11:18.690Z
34,0x000a,-0.014481,0x00000000,2025-12-14T15:11:18.690Z,2025-12-14T15:11:18.690Z
23,0x000a,-0.259622,0x00000000,2025-12-14T15:11:18.690Z,2025-12-14T15:11:18.690Z
22,0x000a,-0.0581794,0x00000000,2025-12-14T15:11:18.690Z,2025-12-14T15:11:18.690Z
21,0x000a,-0.014481,0x00000000,2025-12-14T15:11:18.690Z,2025-12-14T15:11:18.690Z
36,0x000a,-0.129811,0x00000000,2025-12-14T15:11:18.791Z,2025-12-14T15:11:18.791Z
35,0x000a,-0.0290897,0x00000000,2025-12-14T15:11:18.791Z,2025-12-14T15:11:18.791Z
34,0x000a,-0.00724049,0x00000000,2025-12-14T15:11:18.791Z,2025-12-14T15:11:18.791Z
25,0x000a,4.96998,0x00000000,2025-12-14T15:11:18.791Z,2025-12-14T15:11:18.791Z
23,0x000a,-0.129811,0x00000000,2025-12-14T15:11:18.791Z,2025-12-14T15:11:18.791Z
22,0x000a,-0.0290897,0x00000000,2025-12-14T15:11:18.791Z,2025-12-14T15:11:18.791Z
21,0x000a,-0.00724049,0x00000000,2025-12-14T15:11:18.791Z,2025-12-14T15:11:18.791Z
7,0x0004,13741,0x00000000,2025-12-14T15:11:18.791Z,2025-12-14T15:11:18.791Z
38,0x000a,-0.0976562,0x00000000,2025-12-14T15:11:18.891Z,2025-12-14T15:11:18.891Z
36,0x000a,-0.0649055,0x00000000,2025-12-14T15:11:18.891Z,2025-12-14T15:11:18.891Z
35,0x000a,-0.0145449,0x00000000,2025-12-14T15:11:18.891Z,2025-12-14T15:11:18.891Z
34,0x000a,-0.00362025,0x00000000,2025-12-14T15:11:18.891Z,2025-12-14T15:11:18.891Z
23,0x000a,-0.0649055,0x00000000,2025-12-14T15:11:18.891Z,2025-12-14T15:11:18.891Z
22,0x000a,-0.0145449,0x00000000,2025-12-14T15:11:18.891Z,2025-12-14T15:11:18.891Z
21,0x000a,-0.00362025,0x00000000,2025-12-14T15:11:18.891Z,2025-12-14T15:11:18.891Z
38,0x000a,-0.101275,0x00000000,2025-12-14T15:11:18.992Z,2025-12-14T15:11:18.992Z
36,0x000a,-0.0324527,0x00000000,2025-12-14T15:11:18.992Z,2025-12-14T15:11:18.992Z
35,0x000a,-0.0561006,0x00000000,2025-12-14T15:11:18.992Z,2025-12-14T15:11:18.992Z
34,0x000a,-0.00181012,0x00000000,2025-12-14T15:11:18.992Z,2025-12-14T15:11:18.992Z
25,0x000a,4.95985,0x00000000,2025-12-14T15:11:18.992Z,2025-12-14T15:11:18.992Z
23,0x000a,-0.0324527,0x00000000,2025-12-14T15:11:18.992Z,2025-12-14T15:11:18.992Z
22,0x000a,-0.0561006,0x00000000,2025-12-14T15:11:18.992Z,2025-12-14T15:11:18.992Z
21,0x000a,-0.00181012,0x00000000,2025-12-14T15:11:18.992Z,2025-12-14T15:11:18.992Z
7,0x0004,13713,0x00000000,2025-12-14T15:11:18.992Z,2025-12-14T15:11:18.992Z
38,0x000a,0,0x00000000,2025-12-14T15:11:19.090Z,2025-12-14T15:11:19.090Z
36,0x000a,-0.0162264,0x00000000,2025-12-14T15:11:19.090Z,2025-12-14T15:11:19.090Z
35,0x000a,-0.078688,0x00000000,2025-12-14T15:11:19.090Z,2025-12-14T15:11:19.090Z
34,0x000a,-0.000905061,0x00000000,2025-12-14T15:11:19.090Z,2025-12-14T15:11:19.090Z
23,0x000a,-0.0162264,0x00000000,2025-12-14T15:11:19.090Z,2025-12-14T15:11:19.090Z
22,0x000a,-0.078688,0x00000000,2025-12-14T15:11:19.090Z,2025-12-14T15:11:19.090Z
21,0x000a,-0.000905061,0x00000000,2025-12-14T15:11:19.090Z,2025-12-14T15:11:19.090Z
36,0x000a,-0.00811318,0x00000000,2025-12-14T15:11:19.192Z,2025-12-14T15:11:19.192Z
35,0x000a,-0.039344,0x00000000,2025-12-14T15:11:19.192Z,2025-12-14T15:11:19.192Z
34,0x000a,-0.000452531,0x00000000,2025-12-14T15:11:19.192Z,2025-12-14T15:11:19.192Z
23,0x000a,-0.00811318,0x00000000,2025-12-14T15:11:19.192Z,2025-12-14T15:11:19.192Z
22,0x000a,-0.039344,0x00000000,2025-12-14T15:11:19.192Z,2025-12-14T15:11:19.192Z
21,0x000a,-0.000452531,0x00000000,2025-12-14T15:11:19.192Z,2025-12-14T15:11:19.192Z
36,0x000a,-0.00405659,0x00000000,2025-12-14T15:11:19.292Z,2025-12-14T15:11:19.292Z
35,0x000a,-0.019672,0x00000000,2025-12-14T15:11:19.292Z,2025-12-14T15:11:19.292Z
34,0x000a,-0.000226265,0x00000000,2025-12-14T15:11:19.292Z,2025-12-14T15:11:19.292Z
25,0x000a,4.94973,0x00000000,2025-12-14T15:11:19.292Z,2025-12-14T15:11:19.292Z
23,0x000a,-0.00405659,0x00000000,2025-12-14T15:11:19.292Z,2025-12-14T15:11:19.292Z
22,0x000a,-0.019672,0x00000000,2025-12-14T15:11:19.292Z,2025-12-14T15:11:19.292Z
21,0x000a,-0.000226265,0x00000000,2025-12-14T15:11:19.292Z,2025-12-14T15:11:19.292Z
7,0x0004,13685,0x00000000,2025-12-14T15:11:19.292Z,2025-12-14T15:11:19.292Z
38,0x000a,-0.101271,0x00000000,2025-12-14T15:11:19.391Z,2025-12-14T15:11:19.391Z
38,0x000a,0,0x00000000,2025-12-14T15:11:19.489Z,2025-12-14T15:11:19.489Z
36,0x000a,-0.0020283,0x00000000,2025-12-14T15:11:19.489Z,2025-12-14T15:11:19.489Z
35,0x000a,-0.0604713,0x00000000,2025-12-14T15:11:19.489Z,2025-12-14T15:11:19.489Z
34,0x000a,-0.000113133,0x00000000,2025-12-14T15:11:19.489Z,2025-12-14T15:11:19.489Z
23,0x000a,-0.0020283,0x00000000,2025-12-14T15:11:19.489Z,2025-12-14T15:11:19.489Z
22,0x000a,-0.0604713,0x00000000,2025-12-14T15:11:19.489Z,2025-12-14T15:11:19.489Z
21,0x000a,-0.000113133,0x00000000,2025-12-14T15:11:19.489Z,2025-12-14T15:11:19.489Z
36,0x000a,-0.00101415,0x00000000,2025-12-14T15:11:19.589Z,2025-12-14T15:11:19.589Z
35,0x000a,-0.0302357,0x00000000,2025-12-14T15:11:19.589Z,2025-12-14T15:11:19.589Z
34,0x000a,-5.65663e-05,0x00000000,2025-12-14T15:11:19.589Z,2025-12-14T15:11:19.589Z
25,0x000a,4.93996,0x00000000,2025-12-14T15:11:19.589Z,2025-12-14T15:11:19.589Z
23,0x000a,-0.00101415,0x00000000,2025-12-14T15:11:19.589Z,2025-12-14T15:11:19.589Z
22,0x000a,-0.0302357,0x00000000,2025-12-14T15:11:19.589Z,2025-12-14T15:11:19.589Z
21,0x000a,-5.65663e-05,0x00000000,2025-12-14T15:11:19.589Z,2025-12-14T15:11:19.589Z
7,0x0004,13658,0x00000000,2025-12-14T15:11:19.589Z,2025-12-14T15:11:19.589Z
38,0x000a,-0.0976562,0x00000000,2025-12-14T15:11:19.691Z,2025-12-14T15:11:19.691Z
36,0x000a,-0.000507074,0x00000000,2025-12-14T15:11:19.691Z,2025-12-14T15:11:19.691Z
35,0x000a,-0.0151178,0x00000000,2025-12-14T15:11:19.691Z,2025-12-14T15:11:19.691Z
34,0x000a,-2.82832e-05,0x00000000,2025-12-14T15:11:19.691Z,2025-12-14T15:11:19.691Z
23,0x000a,-0.000507074,0x00000000,2025-12-14T15:11:19.691Z,2025-12-14T15:11:19.691Z
22,0x000a,-0.0151178,0x00000000,2025-12-14T15:11:19.691Z,2025-12-14T15:11:19.691Z
21,0x000a,-2.82832e-05,0x00000000,2025-12-14T15:11:19.691Z,2025-12-14T15:11:19.691Z
38,0x000a,0,0x00000000,2025-12-14T15:11:19.792Z,2025-12-14T15:11:19.792Z
36,0x000a,-0.000253537,0x00000000,2025-12-14T15:11:19.792Z,2025-12-14T15:11:19.792Z
35,0x000a,-0.056387,0x00000000,2025-12-14T15:11:19.792Z,2025-12-14T15:11:19.792Z
34,0x000a,-1.41416e-05,0x00000000,2025-12-14T15:11:19.792Z,2025-12-14T15:11:19.792Z
25,0x000a,4.92983,0x00000000,2025-12-14T15:11:19.792Z,2025-12-14T15:11:19.792Z
23,0x000a,-0.000253537,0x00000000,2025-12-14T15:11:19.792Z,2025-12-14T15:11:19.792Z
22,0x000a,-0.056387,0x00000000,2025-12-14T15:11:19.792Z,2025-12-14T15:11:19.792Z
21,0x000a,-1.41416e-05,0x00000000,2025-12-14T15:11:19.792Z,2025-12-14T15:11:19.792Z
7,0x0004,13630,0x00000000,2025-12-14T15:11:19.792Z,2025-12-14T15:11:19.792Z
38,0x000a,-0.101275,0x00000000,2025-12-14T15:11:19.891Z,2025-12-14T15:11:19.891Z
38,0x000a,0,0x00000000,2025-12-14T15:11:19.992Z,2025-12-14T15:11:19.992Z
36,0x000a,-0.000126768,0x00000000,2025-12-14T15:11:19.891Z,2025-12-14T15:11:19.891Z
36,0x000a,-6.33842e-05,0x00000000,2025-12-14T15:11:19.992Z,2025-12-14T15:11:19.992Z
35,0x000a,-0.0281935,0x00000000,2025-12-14T15:11:19.891Z,2025-12-14T15:11:19.891Z
35,0x000a,-0.0647345,0x00000000,2025-12-14T15:11:19.992Z,2025-12-14T15:11:19.992Z
34,0x000a,-7.07079e-06,0x00000000,2025-12-14T15:11:19.891Z,2025-12-14T15:11:19.891Z
34,0x000a,-3.5354e-06,0x00000000,2025-12-14T15:11:19.992Z,2025-12-14T15:11:19.992Z
23,0x000a,-0.000126768,0x00000000,2025-12-14T15:11:19.891Z,2025-12-14T15:11:19.891Z
23,0x000a,-6.33842e-05,0x00000000,2025-12-14T15:11:19.992Z,2025-12-14T15:11:19.992Z
22,0x000a,-0.0281935,0x00000000,2025-12-14T15:11:19.891Z,2025-12-14T15:11:19.891Z
22,0x000a,-0.0647345,0x00000000,2025-12-14T15:11:19.992Z,2025-12-14T15:11:19.992Z
21,0x000a,-7.07079e-06,0x00000000,2025-12-14T15:11:19.891Z,2025-12-14T15:11:19.891Z
21,0x000a,-3.5354e-06,0x00000000,2025-12-14T15:11:19.992Z,2025-12-14T15:11:19.992Z
36,0x000a,-3.16921e-05,0x00000000,2025-12-14T15:11:20.090Z,2025-12-14T15:11:20.090Z
35,0x000a,-0.0323672,0x00000000,2025-12-14T15:11:20.090Z,2025-12-14T15:11:20.090Z
34,0x000a,-1.7677e-06,0x00000000,2025-12-14T15:11:20.090Z,2025-12-14T15:11:20.090Z
23,0x000a,-3.16921e-05,0x00000000,2025-12-14T15:11:20.090Z,2025-12-14T15:11:20.090Z
22,0x000a,-0.0323672,0x00000000,2025-12-14T15:11:20.090Z,2025-12-14T15:11:20.090Z
21,0x000a,-1.7677e-06,0x00000000,2025-12-14T15:11:20.090Z,2025-12-14T15:11:20.090Z
38,0x000a,-0.101271,0x00000000,2025-12-14T15:11:20.192Z,2025-12-14T15:11:20.192Z
25,0x000a,4.9197,0x00000000,2025-12-14T15:11:20.192Z,2025-12-14T15:11:20.192Z
7,0x0004,13602,0x00000000,2025-12-14T15:11:20.192Z,2025-12-14T15:11:20.192Z
38,0x000a,0,0x00000000,2025-12-14T15:11:20.289Z,2025-12-14T15:11:20.289Z
36,0x000a,-1.58461e-05,0x00000000,2025-12-14T15:11:20.289Z,2025-12-14T15:11:20.289Z
35,0x000a,-0.066819,0x00000000,2025-12-14T15:11:20.289Z,2025-12-14T15:11:20.289Z
34,0x000a,-8.83849e-07,0x00000000,2025-12-14T15:11:20.289Z,2025-12-14T15:11:20.289Z
23,0x000a,-1.58461e-05,0x00000000,2025-12-14T15:11:20.289Z,2025-12-14T15:11:20.289Z
22,0x000a,-0.066819,0x00000000,2025-12-14T15:11:20.289Z,2025-12-14T15:11:20.289Z
21,0x000a,-8.83849e-07,0x00000000,2025-12-14T15:11:20.289Z,2025-12-14T15:11:20.289Z
36,0x000a,-7.92303e-06,0x00000000,2025-12-14T15:11:20.389Z,2025-12-14T15:11:20.389Z
35,0x000a,-0.0334095,0x00000000,2025-12-14T15:11:20.389Z,2025-12-14T15:11:20.389Z
34,0x000a,-4.41925e-07,0x00000000,2025-12-14T15:11:20.389Z,2025-12-14T15:11:20.389Z
23,0x000a,-7.92303e-06,0x00000000,2025-12-14T15:11:20.389Z,2025-12-14T15:11:20.389Z
22,0x000a,-0.0334095,0x00000000,2025-12-14T15:11:20.389Z,2025-12-14T15:11:20.389Z
21,0x000a,-4.41925e-07,0x00000000,2025-12-14T15:11:20.389Z,2025-12-14T15:11:20.389Z
38,0x000a,-0.0976562,0x00000000,2025-12-14T15:11:20.489Z,2025-12-14T15:11:20.489Z
36,0x000a,-3.96152e-06,0x00000000,2025-12-14T15:11:20.489Z,2025-12-14T15:11:20.489Z
35,0x000a,-0.0167047,0x00000000,2025-12-14T15:11:20.489Z,2025-12-14T15:11:20.489Z
34,0x000a,-2.20962e-07,0x00000000,2025-12-14T15:11:20.489Z,2025-12-14T15:11:20.489Z
25,0x000a,4.90994,0x00000000,2025-12-14T15:11:20.489Z,2025-12-14T15:11:20.489Z
23,0x000a,-3.96152e-06,0x00000000,2025-12-14T15:11:20.489Z,2025-12-14T15:11:20.489Z
22,0x000a,-0.0167047,0x00000000,2025-12-14T15:11:20.489Z,2025-12-14T15:11:20.489Z
21,0x000a,-2.20962e-07,0x00000000,2025-12-14T15:11:20.489Z,2025-12-14T15:11:20.489Z
7,0x0004,13575,0x00000000,2025-12-14T15:11:20.489Z,2025-12-14T15:11:20.489Z
38,0x000a,0,0x00000000,2025-12-14T15:11:20.591Z,2025-12-14T15:11:20.591Z
36,0x000a,-1.98076e-06,0x00000000,2025-12-14T15:11:20.591Z,2025-12-14T15:11:20.591Z
35,0x000a,-0.0571805,0x00000000,2025-12-14T15:11:20.591Z,2025-12-14T15:11:20.591Z
34,0x000a,-1.10481e-07,0x00000000,2025-12-14T15:11:20.591Z,2025-12-14T15:11:20.591Z
23,0x000a,-1.98076e-06,0x00000000,2025-12-14T15:11:20.591Z,2025-12-14T15:11:20.591Z
22,0x000a,-0.0571805,0x00000000,2025-12-14T15:11:20.591Z,2025-12-14T15:11:20.591Z
21,0x000a,-1.10481e-07,0x00000000,2025-12-14T15:11:20.591Z,2025-12-14T15:11:20.591Z
38,0x000a,-0.101275,0x00000000,2025-12-14T15:11:20.691Z,2025-12-14T15:11:20.691Z
36,0x000a,-9.90379e-07,0x00000000,2025-12-14T15:11:20.691Z,2025-12-14T15:11:20.691Z
35,0x000a,-0.0285902,0x00000000,2025-12-14T15:11:20.691Z,2025-12-14T15:11:20.691Z
34,0x000a,-5.52406e-08,0x00000000,2025-12-14T15:11:20.691Z,2025-12-14T15:11:20.691Z
29,0x0004,0,0x00000000,2025-12-14T15:11:20.691Z,2025-12-14T15:11:20.691Z
25,0x000a,4.89981,0x00000000,2025-12-14T15:11:20.691Z,2025-12-14T15:11:20.691Z
23,0x000a,-9.90379e-07,0x00000000,2025-12-14T15:11:20.691Z,2025-12-14T15:11:20.691Z
22,0x000a,-0.0285902,0x00000000,2025-12-14T15:11:20.691Z,2025-12-14T15:11:20.691Z
21,0x000a,-5.52406e-08,0x00000000,2025-12-14T15:11:20.691Z,2025-12-14T15:11:20.691Z
7,0x0004,13547,0x00000000,2025-12-14T15:11:20.691Z,2025-12-14T15:11:20.691Z
38,0x000a,-0.300202,0x00000000,2025-12-14T15:11:20.790Z,2025-12-14T15:11:20.790Z
36,0x000a,-4.95189e-07,0x00000000,2025-12-14T15:11:20.790Z,2025-12-14T15:11:20.790Z
35,0x000a,-0.0649328,0x00000000,2025-12-14T15:11:20.790Z,2025-12-14T15:11:20.790Z
34,0x000a,-2.76203e-08,0x00000000,2025-12-14T15:11:20.790Z,2025-12-14T15:11:20.790Z
25,0x000a,4.86979,0x00000000,2025-12-14T15:11:20.790Z,2025-12-14T15:11:20.790Z
23,0x000a,-4.95189e-07,0x00000000,2025-12-14T15:11:20.790Z,2025-12-14T15:11:20.790Z
22,0x000a,-0.0649328,0x00000000,2025-12-14T15:11:20.790Z,2025-12-14T15:11:20.790Z
21,0x000a,-2.76203e-08,0x00000000,2025-12-14T15:11:20.790Z,2025-12-14T15:11:20.790Z
7,0x0004,13464,0x00000000,2025-12-14T15:11:20.790Z,2025-12-14T15:11:20.790Z
36,0x000a,-2.47595e-07,0x00000000,2025-12-14T15:11:20.890Z,2025-12-14T15:11:20.890Z
35,0x000a,-0.182568,0x00000000,2025-12-14T15:11:20.890Z,2025-12-14T15:11:20.890Z
34,0x000a,-1.38101e-08,0x00000000,2025-12-14T15:11:20.890Z,2025-12-14T15:11:20.890Z
25,0x000a,4.71969,0x00000000,2025-12-14T15:11:20.890Z,2025-12-14T15:11:20.890Z
23,0x000a,-2.47595e-07,0x00000000,2025-12-14T15:11:20.890Z,2025-12-14T15:11:20.890Z
22,0x000a,-0.182568,0x00000000,2025-12-14T15:11:20.890Z,2025-12-14T15:11:20.890Z
21,0x000a,-1.38101e-08,0x00000000,2025-12-14T15:11:20.890Z,2025-12-14T15:11:20.890Z
7,0x0004,13049,0x00000000,2025-12-14T15:11:20.890Z,2025-12-14T15:11:20.890Z
38,0x000a,-1.50101,0x00000000,2025-12-14T15:11:20.991Z,2025-12-14T15:11:20.991Z
25,0x000a,4.55982,0x00000000,2025-12-14T15:11:20.991Z,2025-12-14T15:11:20.991Z
7,0x0004,12607,0x00000000,2025-12-14T15:11:20.991Z,2025-12-14T15:11:20.991Z
38,0x000a,-1.59867,0x00000000,2025-12-14T15:11:21.089Z,2025-12-14T15:11:21.089Z
36,0x000a,-1.23797e-07,0x00000000,2025-12-14T15:11:21.089Z,2025-12-14T15:11:21.089Z
35,0x000a,-0.84179,0x00000000,2025-12-14T15:11:21.089Z,2025-12-14T15:11:21.089Z
34,0x000a,-6.90507e-09,0x00000000,2025-12-14T15:11:21.089Z,2025-12-14T15:11:21.089Z
25,0x000a,4.3797,0x00000000,2025-12-14T15:11:21.089Z,2025-12-14T15:11:21.089Z
23,0x000a,-1.23797e-07,0x00000000,2025-12-14T15:11:21.089Z,2025-12-14T15:11:21.089Z
22,0x000a,-0.84179,0x00000000,2025-12-14T15:11:21.089Z,2025-12-14T15:11:21.089Z
21,0x000a,-6.90507e-09,0x00000000,2025-12-14T15:11:21.089Z,2025-12-14T15:11:21.089Z
7,0x0004,12109,0x00000000,2025-12-14T15:11:21.089Z,2025-12-14T15:11:21.089Z
38,0x000a,-1.80121,0x00000000,2025-12-14T15:11:21.190Z,2025-12-14T15:11:21.190Z
36,0x000a,-6.18987e-08,0x00000000,2025-12-14T15:11:21.190Z,2025-12-14T15:11:21.190Z
35,0x000a,-1.22023,0x00000000,2025-12-14T15:11:21.190Z,2025-12-14T15:11:21.190Z
34,0x000a,-3.45254e-09,0x00000000,2025-12-14T15:11:21.190Z,2025-12-14T15:11:21.190Z
25,0x000a,4.22996,0x00000000,2025-12-14T15:11:21.190Z,2025-12-14T15:11:21.190Z
23,0x000a,-6.18987e-08,0x00000000,2025-12-14T15:11:21.190Z,2025-12-14T15:11:21.190Z
22,0x000a,-1.22023,0x00000000,2025-12-14T15:11:21.190Z,2025-12-14T15:11:21.190Z
21,0x000a,-3.45254e-09,0x00000000,2025-12-14T15:11:21.190Z,2025-12-14T15:11:21.190Z
7,0x0004,11695,0x00000000,2025-12-14T15:11:21.190Z,2025-12-14T15:11:21.190Z
38,0x000a,-3.09968,0x00000000,2025-12-14T15:11:21.291Z,2025-12-14T15:11:21.291Z
36,0x000a,-3.09493e-08,0x00000000,2025-12-14T15:11:21.291Z,2025-12-14T15:11:21.291Z
35,0x000a,-1.51072,0x00000000,2025-12-14T15:11:21.291Z,2025-12-14T15:11:21.291Z
34,0x000a,-1.72627e-09,0x00000000,2025-12-14T15:11:21.291Z,2025-12-14T15:11:21.291Z
25,0x000a,4.06973,0x00000000,2025-12-14T15:11:21.291Z,2025-12-14T15:11:21.291Z
23,0x000a,-3.09493e-08,0x00000000,2025-12-14T15:11:21.291Z,2025-12-14T15:11:21.291Z
22,0x000a,-1.51072,0x00000000,2025-12-14T15:11:21.291Z,2025-12-14T15:11:21.291Z
21,0x000a,-1.72627e-09,0x00000000,2025-12-14T15:11:21.291Z,2025-12-14T15:11:21.291Z
7,0x0004,11252,0x00000000,2025-12-14T15:11:21.291Z,2025-12-14T15:11:21.291Z
38,0x000a,-1.4974,0x00000000,2025-12-14T15:11:21.389Z,2025-12-14T15:11:21.389Z
36,0x000a,-1.54747e-08,0x00000000,2025-12-14T15:11:21.389Z,2025-12-14T15:11:21.389Z
35,0x000a,-2.3052,0x00000000,2025-12-14T15:11:21.389Z,2025-12-14T15:11:21.389Z
34,0x000a,-8.63134e-10,0x00000000,2025-12-14T15:11:21.389Z,2025-12-14T15:11:21.389Z
25,0x000a,3.91999,0x00000000,2025-12-14T15:11:21.389Z,2025-12-14T15:11:21.389Z
23,0x000a,-1.54747e-08,0x00000000,2025-12-14T15:11:21.389Z,2025-12-14T15:11:21.389Z
22,0x000a,-2.3052,0x00000000,2025-12-14T15:11:21.389Z,2025-12-14T15:11:21.389Z
21,0x000a,-8.63134e-10,0x00000000,2025-12-14T15:11:21.389Z,2025-12-14T15:11:21.389Z
7,0x0004,10838,0x00000000,2025-12-14T15:11:21.389Z,2025-12-14T15:11:21.389Z
38,0x000a,-1.50101,0x00000000,2025-12-14T15:11:21.491Z,2025-12-14T15:11:21.491Z
36,0x000a,-7.73733e-09,0x00000000,2025-12-14T15:11:21.491Z,2025-12-14T15:11:21.491Z
35,0x000a,-1.9013,0x00000000,2025-12-14T15:11:21.491Z,2025-12-14T15:11:21.491Z
34,0x000a,-4.31567e-10,0x00000000,2025-12-14T15:11:21.491Z,2025-12-14T15:11:21.491Z
25,0x000a,3.76989,0x00000000,2025-12-14T15:11:21.491Z,2025-12-14T15:11:21.491Z
23,0x000a,-7.73733e-09,0x00000000,2025-12-14T15:11:21.491Z,2025-12-14T15:11:21.491Z
22,0x000a,-1.9013,0x00000000,2025-12-14T15:11:21.491Z,2025-12-14T15:11:21.491Z
21,0x000a,-4.31567e-10,0x00000000,2025-12-14T15:11:21.491Z,2025-12-14T15:11:21.491Z
7,0x0004,10423,0x00000000,2025-12-14T15:11:21.491Z,2025-12-14T15:11:21.491Z
38,0x000a,-1.90249,0x00000000,2025-12-14T15:11:21.590Z,2025-12-14T15:11:21.590Z
36,0x000a,-3.86867e-09,0x00000000,2025-12-14T15:11:21.590Z,2025-12-14T15:11:21.590Z
35,0x000a,-1.70116,0x00000000,2025-12-14T15:11:21.590Z,2025-12-14T15:11:21.590Z
34,0x000a,-2.15783e-10,0x00000000,2025-12-14T15:11:21.590Z,2025-12-14T15:11:21.590Z
25,0x000a,3.57964,0x00000000,2025-12-14T15:11:21.590Z,2025-12-14T15:11:21.590Z
23,0x000a,-3.86867e-09,0x00000000,2025-12-14T15:11:21.590Z,2025-12-14T15:11:21.590Z
22,0x000a,-1.70116,0x00000000,2025-12-14T15:11:21.590Z,2025-12-14T15:11:21.590Z
21,0x000a,-2.15783e-10,0x00000000,2025-12-14T15:11:21.590Z,2025-12-14T15:11:21.590Z
7,0x0004,9897,0x00000000,2025-12-14T15:11:21.590Z,2025-12-14T15:11:21.590Z
38,0x000a,-1.4974,0x00000000,2025-12-14T15:11:21.689Z,2025-12-14T15:11:21.689Z
36,0x000a,-1.93433e-09,0x00000000,2025-12-14T15:11:21.689Z,2025-12-14T15:11:21.689Z
35,0x000a,-1.80182,0x00000000,2025-12-14T15:11:21.689Z,2025-12-14T15:11:21.689Z
34,0x000a,-1.07892e-10,0x00000000,2025-12-14T15:11:21.689Z,2025-12-14T15:11:21.689Z
25,0x000a,3.4299,0x00000000,2025-12-14T15:11:21.689Z,2025-12-14T15:11:21.689Z
23,0x000a,-1.93433e-09,0x00000000,2025-12-14T15:11:21.689Z,2025-12-14T15:11:21.689Z
22,0x000a,-1.80182,0x00000000,2025-12-14T15:11:21.689Z,2025-12-14T15:11:21.689Z
21,0x000a,-1.07892e-10,0x00000000,2025-12-14T15:11:21.689Z,2025-12-14T15:11:21.689Z
7,0x0004,9483,0x00000000,2025-12-14T15:11:21.689Z,2025-12-14T15:11:21.689Z
38,0x000a,-1.50101,0x00000000,2025-12-14T15:11:21.893Z,2025-12-14T15:11:21.893Z
36,0x000a,-9.67167e-10,0x00000000,2025-12-14T15:11:21.790Z,2025-12-14T15:11:21.790Z
35,0x000a,-1.64961,0x00000000,2025-12-14T15:11:21.790Z,2025-12-14T15:11:21.790Z
34,0x000a,-5.39459e-11,0x00000000,2025-12-14T15:11:21.790Z,2025-12-14T15:11:21.790Z
25,0x000a,3.2798,0x00000000,2025-12-14T15:11:21.790Z,2025-12-14T15:11:21.790Z
25,0x000a,3.11994,0x00000000,2025-12-14T15:11:21.893Z,2025-12-14T15:11:21.893Z
23,0x000a,-9.67167e-10,0x00000000,2025-12-14T15:11:21.790Z,2025-12-14T15:11:21.790Z
22,0x000a,-1.64961,0x00000000,2025-12-14T15:11:21.790Z,2025-12-14T15:11:21.790Z
21,0x000a,-5.39459e-11,0x00000000,2025-12-14T15:11:21.790Z,2025-12-14T15:11:21.790Z
7,0x0004,9068,0x00000000,2025-12-14T15:11:21.790Z,2025-12-14T15:11:21.790Z
7,0x0004,8626,0x00000000,2025-12-14T15:11:21.893Z,2025-12-14T15:11:21.893Z
38,0x000a,-1.59867,0x00000000,2025-12-14T15:11:21.989Z,2025-12-14T15:11:21.989Z
36,0x000a,-4.83583e-10,0x00000000,2025-12-14T15:11:21.989Z,2025-12-14T15:11:21.989Z
35,0x000a,-1.57531,0x00000000,2025-12-14T15:11:21.989Z,2025-12-14T15:11:21.989Z
34,0x000a,-2.69729e-11,0x00000000,2025-12-14T15:11:21.989Z,2025-12-14T15:11:21.989Z
25,0x000a,2.96984,0x00000000,2025-12-14T15:11:21.989Z,2025-12-14T15:11:21.989Z
23,0x000a,-4.83583e-10,0x00000000,2025-12-14T15:11:21.989Z,2025-12-14T15:11:21.989Z
22,0x000a,-1.57531,0x00000000,2025-12-14T15:11:21.989Z,2025-12-14T15:11:21.989Z
21,0x000a,-2.69729e-11,0x00000000,2025-12-14T15:11:21.989Z,2025-12-14T15:11:21.989Z
7,0x0004,8211,0x00000000,2025-12-14T15:11:21.989Z,2025-12-14T15:11:21.989Z
38,0x000a,-1.50101,0x00000000,2025-12-14T15:11:22.090Z,2025-12-14T15:11:22.090Z
36,0x000a,-2.41792e-10,0x00000000,2025-12-14T15:11:22.090Z,2025-12-14T15:11:22.090Z
35,0x000a,-1.58699,0x00000000,2025-12-14T15:11:22.090Z,2025-12-14T15:11:22.090Z
34,0x000a,-1.34865e-11,0x00000000,2025-12-14T15:11:22.090Z,2025-12-14T15:11:22.090Z
25,0x000a,2.81973,0x00000000,2025-12-14T15:11:22.090Z,2025-12-14T15:11:22.090Z
23,0x000a,-2.41792e-10,0x00000000,2025-12-14T15:11:22.090Z,2025-12-14T15:11:22.090Z
22,0x000a,-1.58699,0x00000000,2025-12-14T15:11:22.090Z,2025-12-14T15:11:22.090Z
21,0x000a,-1.34865e-11,0x00000000,2025-12-14T15:11:22.090Z,2025-12-14T15:11:22.090Z
7,0x0004,7796,0x00000000,2025-12-14T15:11:22.090Z,2025-12-14T15:11:22.090Z
36,0x000a,-1.20896e-10,0x00000000,2025-12-14T15:11:22.191Z,2025-12-14T15:11:22.191Z
35,0x000a,-1.544,0x00000000,2025-12-14T15:11:22.191Z,2025-12-14T15:11:22.191Z
34,0x000a,-6.74323e-12,0x00000000,2025-12-14T15:11:22.191Z,2025-12-14T15:11:22.191Z
25,0x000a,2.65987,0x00000000,2025-12-14T15:11:22.191Z,2025-12-14T15:11:22.191Z
23,0x000a,-1.20896e-10,0x00000000,2025-12-14T15:11:22.191Z,2025-12-14T15:11:22.191Z
22,0x000a,-1.544,0x00000000,2025-12-14T15:11:22.191Z,2025-12-14T15:11:22.191Z
21,0x000a,-6.74323e-12,0x00000000,2025-12-14T15:11:22.191Z,2025-12-14T15:11:22.191Z
7,0x0004,7354,0x00000000,2025-12-14T15:11:22.191Z,2025-12-14T15:11:22.191Z
38,0x000a,-1.59867,0x00000000,2025-12-14T15:11:22.290Z,2025-12-14T15:11:22.290Z
36,0x000a,-6.04479e-11,0x00000000,2025-12-14T15:11:22.290Z,2025-12-14T15:11:22.290Z
35,0x000a,-1.52251,0x00000000,2025-12-14T15:11:22.290Z,2025-12-14T15:11:22.290Z
34,0x000a,-3.37162e-12,0x00000000,2025-12-14T15:11:22.290Z,2025-12-14T15:11:22.290Z
25,0x000a,2.47975,0x00000000,2025-12-14T15:11:22.290Z,2025-12-14T15:11:22.290Z
23,0x000a,-6.04479e-11,0x00000000,2025-12-14T15:11:22.290Z,2025-12-14T15:11:22.290Z
22,0x000a,-1.52251,0x00000000,2025-12-14T15:11:22.290Z,2025-12-14T15:11:22.290Z
21,0x000a,-3.37162e-12,0x00000000,2025-12-14T15:11:22.290Z,2025-12-14T15:11:22.290Z
7,0x0004,6856,0x00000000,2025-12-14T15:11:22.290Z,2025-12-14T15:11:22.290Z
38,0x000a,-3.30223,0x00000000,2025-12-14T15:11:22.390Z,2025-12-14T15:11:22.390Z
36,0x000a,-3.0224e-11,0x00000000,2025-12-14T15:11:22.390Z,2025-12-14T15:11:22.390Z
35,0x000a,-1.56059,0x00000000,2025-12-14T15:11:22.390Z,2025-12-14T15:11:22.390Z
34,0x000a,-1.68581e-12,0x00000000,2025-12-14T15:11:22.390Z,2025-12-14T15:11:22.390Z
25,0x000a,2.32964,0x00000000,2025-12-14T15:11:22.390Z,2025-12-14T15:11:22.390Z
23,0x000a,-3.0224e-11,0x00000000,2025-12-14T15:11:22.390Z,2025-12-14T15:11:22.390Z
22,0x000a,-1.56059,0x00000000,2025-12-14T15:11:22.390Z,2025-12-14T15:11:22.390Z
21,0x000a,-1.68581e-12,0x00000000,2025-12-14T15:11:22.390Z,2025-12-14T15:11:22.390Z
7,0x0004,6441,0x00000000,2025-12-14T15:11:22.390Z,2025-12-14T15:11:22.390Z
38,0x000a,-1.59867,0x00000000,2025-12-14T15:11:22.491Z,2025-12-14T15:11:22.491Z
36,0x000a,-1.5112e-11,0x00000000,2025-12-14T15:11:22.491Z,2025-12-14T15:11:22.491Z
35,0x000a,-2.43141,0x00000000,2025-12-14T15:11:22.491Z,2025-12-14T15:11:22.491Z
34,0x000a,-8.42904e-13,0x00000000,2025-12-14T15:11:22.491Z,2025-12-14T15:11:22.491Z
25,0x000a,2.16978,0x00000000,2025-12-14T15:11:22.491Z,2025-12-14T15:11:22.491Z
23,0x000a,-1.5112e-11,0x00000000,2025-12-14T15:11:22.491Z,2025-12-14T15:11:22.491Z
22,0x000a,-2.43141,0x00000000,2025-12-14T15:11:22.491Z,2025-12-14T15:11:22.491Z
21,0x000a,-8.42904e-13,0x00000000,2025-12-14T15:11:22.491Z,2025-12-14T15:11:22.491Z
7,0x0004,5999,0x00000000,2025-12-14T15:11:22.491Z,2025-12-14T15:11:22.491Z
36,0x000a,-7.55599e-12,0x00000000,2025-12-14T15:11:22.590Z,2025-12-14T15:11:22.590Z
35,0x000a,-2.01504,0x00000000,2025-12-14T15:11:22.590Z,2025-12-14T15:11:22.590Z
34,0x000a,-4.21452e-13,0x00000000,2025-12-14T15:11:22.590Z,2025-12-14T15:11:22.590Z
25,0x000a,2.01968,0x00000000,2025-12-14T15:11:22.590Z,2025-12-14T15:11:22.590Z
23,0x000a,-7.55599e-12,0x00000000,2025-12-14T15:11:22.590Z,2025-12-14T15:11:22.590Z
22,0x000a,-2.01504,0x00000000,2025-12-14T15:11:22.590Z,2025-12-14T15:11:22.590Z
21,0x000a,-4.21452e-13,0x00000000,2025-12-14T15:11:22.590Z,2025-12-14T15:11:22.590Z
7,0x0004,5584,0x00000000,2025-12-14T15:11:22.590Z,2025-12-14T15:11:22.590Z
38,0x000a,-1.50101,0x00000000,2025-12-14T15:11:22.690Z,2025-12-14T15:11:22.690Z
25,0x000a,1.85981,0x00000000,2025-12-14T15:11:22.690Z,2025-12-14T15:11:22.690Z
7,0x0004,5142,0x00000000,2025-12-14T15:11:22.690Z,2025-12-14T15:11:22.690Z
38,0x000a,-1.59867,0x00000000,2025-12-14T15:11:22.791Z,2025-12-14T15:11:22.791Z
36,0x000a,-3.778e-12,0x00000000,2025-12-14T15:11:22.791Z,2025-12-14T15:11:22.791Z
35,0x000a,-1.75803,0x00000000,2025-12-14T15:11:22.791Z,2025-12-14T15:11:22.791Z
34,0x000a,-2.10726e-13,0x00000000,2025-12-14T15:11:22.791Z,2025-12-14T15:11:22.791Z
25,0x000a,1.70971,0x00000000,2025-12-14T15:11:22.791Z,2025-12-14T15:11:22.791Z
23,0x000a,-3.778e-12,0x00000000,2025-12-14T15:11:22.791Z,2025-12-14T15:11:22.791Z
22,0x000a,-1.75803,0x00000000,2025-12-14T15:11:22.791Z,2025-12-14T15:11:22.791Z
21,0x000a,-2.10726e-13,0x00000000,2025-12-14T15:11:22.791Z,2025-12-14T15:11:22.791Z
7,0x0004,4727,0x00000000,2025-12-14T15:11:22.791Z,2025-12-14T15:11:22.791Z
38,0x000a,-1.50101,0x00000000,2025-12-14T15:11:22.890Z,2025-12-14T15:11:22.890Z
36,0x000a,-1.889e-12,0x00000000,2025-12-14T15:11:22.890Z,2025-12-14T15:11:22.890Z
35,0x000a,-1.67835,0x00000000,2025-12-14T15:11:22.890Z,2025-12-14T15:11:22.890Z
34,0x000a,-1.05363e-13,0x00000000,2025-12-14T15:11:22.890Z,2025-12-14T15:11:22.890Z
25,0x000a,1.55997,0x00000000,2025-12-14T15:11:22.890Z,2025-12-14T15:11:22.890Z
23,0x000a,-1.889e-12,0x00000000,2025-12-14T15:11:22.890Z,2025-12-14T15:11:22.890Z
22,0x000a,-1.67835,0x00000000,2025-12-14T15:11:22.890Z,2025-12-14T15:11:22.890Z
21,0x000a,-1.05363e-13,0x00000000,2025-12-14T15:11:22.890Z,2025-12-14T15:11:22.890Z
7,0x0004,4313,0x00000000,2025-12-14T15:11:22.890Z,2025-12-14T15:11:22.890Z
38,0x000a,-1.4974,0x00000000,2025-12-14T15:11:22.991Z,2025-12-14T15:11:22.991Z
36,0x000a,-9.44499e-13,0x00000000,2025-12-14T15:11:22.991Z,2025-12-14T15:11:22.991Z
35,0x000a,-1.58968,0x00000000,2025-12-14T15:11:22.991Z,2025-12-14T15:11:22.991Z
34,0x000a,-5.26815e-14,0x00000000,2025-12-14T15:11:22.991Z,2025-12-14T15:11:22.991Z
25,0x000a,1.39974,0x00000000,2025-12-14T15:11:22.991Z,2025-12-14T15:11:22.991Z
23,0x000a,-9.44499e-13,0x00000000,2025-12-14T15:11:22.991Z,2025-12-14T15:11:22.991Z
22,0x000a,-1.58968,0x00000000,2025-12-14T15:11:22.991Z,2025-12-14T15:11:22.991Z
21,0x000a,-5.26815e-14,0x00000000,2025-12-14T15:11:22.991Z,2025-12-14T15:11:22.991Z
7,0x0004,3870,0x00000000,2025-12-14T15:11:22.991Z,2025-12-14T15:11:22.991Z
38,0x000a,-1.60229,0x00000000,2025-12-14T15:11:23.090Z,2025-12-14T15:11:23.090Z
36,0x000a,-4.72249e-13,0x00000000,2025-12-14T15:11:23.090Z,2025-12-14T15:11:23.090Z
35,0x000a,-1.54354,0x00000000,2025-12-14T15:11:23.090Z,2025-12-14T15:11:23.090Z
34,0x000a,-2.63408e-14,0x00000000,2025-12-14T15:11:23.090Z,2025-12-14T15:11:23.090Z
25,0x000a,1.21998,0x00000000,2025-12-14T15:11:23.090Z,2025-12-14T15:11:23.090Z
23,0x000a,-4.72249e-13,0x00000000,2025-12-14T15:11:23.090Z,2025-12-14T15:11:23.090Z
22,0x000a,-1.54354,0x00000000,2025-12-14T15:11:23.090Z,2025-12-14T15:11:23.090Z
21,0x000a,-2.63408e-14,0x00000000,2025-12-14T15:11:23.090Z,2025-12-14T15:11:23.090Z
7,0x0004,3373,0x00000000,2025-12-14T15:11:23.090Z,2025-12-14T15:11:23.090Z
38,0x000a,-1.7976,0x00000000,2025-12-14T15:11:23.191Z,2025-12-14T15:11:23.191Z
38,0x000a,-1.50101,0x00000000,2025-12-14T15:11:23.291Z,2025-12-14T15:11:23.291Z
36,0x000a,-2.36125e-13,0x00000000,2025-12-14T15:11:23.191Z,2025-12-14T15:11:23.191Z
36,0x000a,-1.18062e-13,0x00000000,2025-12-14T15:11:23.291Z,2025-12-14T15:11:23.291Z
35,0x000a,-1.57291,0x00000000,2025-12-14T15:11:23.191Z,2025-12-14T15:11:23.191Z
35,0x000a,-1.68525,0x00000000,2025-12-14T15:11:23.291Z,2025-12-14T15:11:23.291Z
34,0x000a,-1.31704e-14,0x00000000,2025-12-14T15:11:23.191Z,2025-12-14T15:11:23.191Z
34,0x000a,-6.58519e-15,0x00000000,2025-12-14T15:11:23.291Z,2025-12-14T15:11:23.291Z
25,0x000a,1.06988,0x00000000,2025-12-14T15:11:23.191Z,2025-12-14T15:11:23.191Z
25,0x000a,0.90965,0x00000000,2025-12-14T15:11:23.291Z,2025-12-14T15:11:23.291Z
23,0x000a,-2.36125e-13,0x00000000,2025-12-14T15:11:23.191Z,2025-12-14T15:11:23.191Z
23,0x000a,-1.18062e-13,0x00000000,2025-12-14T15:11:23.291Z,2025-12-14T15:11:23.291Z
22,0x000a,-1.57291,0x00000000,2025-12-14T15:11:23.191Z,2025-12-14T15:11:23.191Z
22,0x000a,-1.68525,0x00000000,2025-12-14T15:11:23.291Z,2025-12-14T15:11:23.291Z
21,0x000a,-1.31704e-14,0x00000000,2025-12-14T15:11:23.191Z,2025-12-14T15:11:23.191Z
21,0x000a,-6.58519e-15,0x00000000,2025-12-14T15:11:23.291Z,2025-12-14T15:11:23.291Z
7,0x0004,2958,0x00000000,2025-12-14T15:11:23.191Z,2025-12-14T15:11:23.191Z
7,0x0004,2515,0x00000000,2025-12-14T15:11:23.291Z,2025-12-14T15:11:23.291Z
38,0x000a,-1.60229,0x00000000,2025-12-14T15:11:23.390Z,2025-12-14T15:11:23.390Z
36,0x000a,-5.90312e-14,0x00000000,2025-12-14T15:11:23.390Z,2025-12-14T15:11:23.390Z
35,0x000a,-1.59313,0x00000000,2025-12-14T15:11:23.390Z,2025-12-14T15:11:23.390Z
34,0x000a,-3.29259e-15,0x00000000,2025-12-14T15:11:23.390Z,2025-12-14T15:11:23.390Z
23,0x000a,-5.90312e-14,0x00000000,2025-12-14T15:11:23.390Z,2025-12-14T15:11:23.390Z
22,0x000a,-1.59313,0x00000000,2025-12-14T15:11:23.390Z,2025-12-14T15:11:23.390Z
21,0x000a,-3.29259e-15,0x00000000,2025-12-14T15:11:23.390Z,2025-12-14T15:11:23.390Z
36,0x000a,-2.95156e-14,0x00000000,2025-12-14T15:11:23.490Z,2025-12-14T15:11:23.490Z
35,0x000a,-1.59771,0x00000000,2025-12-14T15:11:23.490Z,2025-12-14T15:11:23.490Z
34,0x000a,-1.6463e-15,0x00000000,2025-12-14T15:11:23.490Z,2025-12-14T15:11:23.490Z
25,0x000a,0.75991,0x00000000,2025-12-14T15:11:23.490Z,2025-12-14T15:11:23.490Z
23,0x000a,-2.95156e-14,0x00000000,2025-12-14T15:11:23.490Z,2025-12-14T15:11:23.490Z
22,0x000a,-1.59771,0x00000000,2025-12-14T15:11:23.490Z,2025-12-14T15:11:23.490Z
21,0x000a,-1.6463e-15,0x00000000,2025-12-14T15:11:23.490Z,2025-12-14T15:11:23.490Z
7,0x0004,2101,0x00000000,2025-12-14T15:11:23.490Z,2025-12-14T15:11:23.490Z
38,0x000a,-2.99841,0x00000000,2025-12-14T15:11:23.589Z,2025-12-14T15:11:23.589Z
25,0x000a,0.609809,0x00000000,2025-12-14T15:11:23.589Z,2025-12-14T15:11:23.589Z
7,0x0004,1686,0x00000000,2025-12-14T15:11:23.589Z,2025-12-14T15:11:23.589Z
38,0x000a,-1.59867,0x00000000,2025-12-14T15:11:23.690Z,2025-12-14T15:11:23.690Z
36,0x000a,-1.47578e-14,0x00000000,2025-12-14T15:11:23.690Z,2025-12-14T15:11:23.690Z
35,0x000a,-2.29806,0x00000000,2025-12-14T15:11:23.690Z,2025-12-14T15:11:23.690Z
34,0x000a,-8.23149e-16,0x00000000,2025-12-14T15:11:23.690Z,2025-12-14T15:11:23.690Z
25,0x000a,0.449942,0x00000000,2025-12-14T15:11:23.690Z,2025-12-14T15:11:23.690Z
23,0x000a,-1.47578e-14,0x00000000,2025-12-14T15:11:23.690Z,2025-12-14T15:11:23.690Z
22,0x000a,-2.29806,0x00000000,2025-12-14T15:11:23.690Z,2025-12-14T15:11:23.690Z
21,0x000a,-8.23149e-16,0x00000000,2025-12-14T15:11:23.690Z,2025-12-14T15:11:23.690Z
7,0x0004,1244,0x00000000,2025-12-14T15:11:23.690Z,2025-12-14T15:11:23.690Z
38,0x000a,-1.50101,0x00000000,2025-12-14T15:11:23.792Z,2025-12-14T15:11:23.792Z
36,0x000a,-7.3789e-15,0x00000000,2025-12-14T15:11:23.792Z,2025-12-14T15:11:23.792Z
35,0x000a,-1.94836,0x00000000,2025-12-14T15:11:23.792Z,2025-12-14T15:11:23.792Z
34,0x000a,-4.11574e-16,0x00000000,2025-12-14T15:11:23.792Z,2025-12-14T15:11:23.792Z
25,0x000a,0.299841,0x00000000,2025-12-14T15:11:23.792Z,2025-12-14T15:11:23.792Z
23,0x000a,-7.3789e-15,0x00000000,2025-12-14T15:11:23.792Z,2025-12-14T15:11:23.792Z
22,0x000a,-1.94836,0x00000000,2025-12-14T15:11:23.792Z,2025-12-14T15:11:23.792Z
21,0x000a,-4.11574e-16,0x00000000,2025-12-14T15:11:23.792Z,2025-12-14T15:11:23.792Z
16,0x0001,false,0x00000000,2025-12-14T15:11:23.792Z,2025-12-14T15:11:23.792Z
7,0x0004,829,0x00000000,2025-12-14T15:11:23.792Z,2025-12-14T15:11:23.792Z
38,0x000a,-1.50101,0x00000000,2025-12-14T15:11:23.892Z,2025-12-14T15:11:23.892Z
36,0x000a,-3.68945e-15,0x00000000,2025-12-14T15:11:23.892Z,2025-12-14T15:11:23.892Z
35,0x000a,-1.72469,0x00000000,2025-12-14T15:11:23.892Z,2025-12-14T15:11:23.892Z
34,0x000a,-2.05787e-16,0x00000000,2025-12-14T15:11:23.892Z,2025-12-14T15:11:23.892Z
25,0x000a,0.14974,0x00000000,2025-12-14T15:11:23.892Z,2025-12-14T15:11:23.892Z
23,0x000a,-3.68945e-15,0x00000000,2025-12-14T15:11:23.892Z,2025-12-14T15:11:23.892Z
22,0x000a,-1.72469,0x00000000,2025-12-14T15:11:23.892Z,2025-12-14T15:11:23.892Z
21,0x000a,-2.05787e-16,0x00000000,2025-12-14T15:11:23.892Z,2025-12-14T15:11:23.892Z
7,0x0004,414,0x00000000,2025-12-14T15:11:23.892Z,2025-12-14T15:11:23.892Z
38,0x000a,-0.900608,0x00000000,2025-12-14T15:11:23.992Z,2025-12-14T15:11:23.992Z
36,0x000a,-1.84472e-15,0x00000000,2025-12-14T15:11:23.992Z,2025-12-14T15:11:23.992Z
35,0x000a,-1.61285,0x00000000,2025-12-14T15:11:23.992Z,2025-12-14T15:11:23.992Z
34,0x000a,-1.02894e-16,0x00000000,2025-12-14T15:11:23.992Z,2025-12-14T15:11:23.992Z
25,0x000a,0.0596788,0x00000000,2025-12-14T15:11:23.992Z,2025-12-14T15:11:23.992Z
23,0x000a,-1.84472e-15,0x00000000,2025-12-14T15:11:23.992Z,2025-12-14T15:11:23.992Z
22,0x000a,-1.61285,0x00000000,2025-12-14T15:11:23.992Z,2025-12-14T15:11:23.992Z
21,0x000a,-1.02894e-16,0x00000000,2025-12-14T15:11:23.992Z,2025-12-14T15:11:23.992Z
7,0x0004,165,0x00000000,2025-12-14T15:11:23.992Z,2025-12-14T15:11:23.992Z
38,0x000a,0,0x00000000,2025-12-14T15:11:24.089Z,2025-12-14T15:11:24.089Z
36,0x000a,-9.22362e-16,0x00000000,2025-12-14T15:11:24.089Z,2025-12-14T15:11:24.089Z
35,0x000a,-1.25673,0x00000000,2025-12-14T15:11:24.089Z,2025-12-14T15:11:24.089Z
34,0x000a,-5.14468e-17,0x00000000,2025-12-14T15:11:24.089Z,2025-12-14T15:11:24.089Z
23,0x000a,-9.22362e-16,0x00000000,2025-12-14T15:11:24.089Z,2025-12-14T15:11:24.089Z
22,0x000a,-1.25673,0x00000000,2025-12-14T15:11:24.089Z,2025-12-14T15:11:24.089Z
21,0x000a,-5.14468e-17,0x00000000,2025-12-14T15:11:24.089Z,2025-12-14T15:11:24.089Z
36,0x000a,-4.61181e-16,0x00000000,2025-12-14T15:11:24.190Z,2025-12-14T15:11:24.190Z
35,0x000a,-0.628365,0x00000000,2025-12-14T15:11:24.190Z,2025-12-14T15:11:24.190Z
34,0x000a,-2.57234e-17,0x00000000,2025-12-14T15:11:24.190Z,2025-12-14T15:11:24.190Z
23,0x000a,-4.61181e-16,0x00000000,2025-12-14T15:11:24.190Z,2025-12-14T15:11:24.190Z
22,0x000a,-0.628365,0x00000000,2025-12-14T15:11:24.190Z,2025-12-14T15:11:24.190Z
21,0x000a,-2.57234e-17,0x00000000,2025-12-14T15:11:24.190Z,2025-12-14T15:11:24.190Z
42,0x0001,false,0x00000000,2025-12-14T15:11:24.290Z,2025-12-14T15:11:24.290Z
40,0x0001,false,0x00000000,2025-12-14T15:11:24.290Z,2025-12-14T15:11:24.290Z
36,0x000a,-2.30591e-16,0x00000000,2025-12-14T15:11:24.290Z,2025-12-14T15:11:24.290Z
35,0x000a,-0.314182,0x00000000,2025-12-14T15:11:24.290Z,2025-12-14T15:11:24.290Z
34,0x000a,-1.28617e-17,0x00000000,2025-12-14T15:11:24.290Z,2025-12-14T15:11:24.290Z
23,0x000a,-2.30591e-16,0x00000000,2025-12-14T15:11:24.290Z,2025-12-14T15:11:24.290Z
22,0x000a,-0.314182,0x00000000,2025-12-14T15:11:24.290Z,2025-12-14T15:11:24.290Z
21,0x000a,-1.28617e-17,0x00000000,2025-12-14T15:11:24.290Z,2025-12-14T15:11:24.290Z
17,0x0001,true,0x00000000,2025-12-14T15:11:24.290Z,2025-12-14T15:11:24.290Z
15,0x0001,true,0x00000000,2025-12-14T15:11:24.290Z,2025-12-14T15:11:24.290Z
13,0x0001,true,0x00000000,2025-12-14T15:11:24.290Z,2025-12-14T15:11:24.290Z
4,0x000a,10,0x00000000,2025-12-14T15:11:24.290Z,2025-12-14T15:11:24.290Z
3,0x000a,9,0x00000000,2025-12-14T15:11:24.290Z,2025-12-14T15:11:24.290Z
2,0x000a,8,0x00000000,2025-12-14T15:11:24.290Z,2025-12-14T15:11:24.290Z
36,0x000a,-1.15295e-16,0x00000000,2025-12-14T15:11:24.491Z,2025-12-14T15:11:24.491Z
35,0x000a,-0.157091,0x00000000,2025-12-14T15:11:24.491Z,2025-12-14T15:11:24.491Z
34,0x000a,-6.43085e-18,0x00000000,2025-12-14T15:11:24.491Z,2025-12-14T15:11:24.491Z
26,0x000a,0.0397859,0x00000000,2025-12-14T15:11:24.491Z,2025-12-14T15:11:24.491Z
25,0x000a,0.119719,0x00000000,2025-12-14T15:11:24.491Z,2025-12-14T15:11:24.491Z
24,0x000a,0.109954,0x00000000,2025-12-14T15:11:24.491Z,2025-12-14T15:11:24.491Z
23,0x000a,-1.15295e-16,0x00000000,2025-12-14T15:11:24.491Z,2025-12-14T15:11:24.491Z
22,0x000a,-0.157091,0x00000000,2025-12-14T15:11:24.491Z,2025-12-14T15:11:24.491Z
21,0x000a,-6.43085e-18,0x00000000,2025-12-14T15:11:24.491Z,2025-12-14T15:11:24.491Z
8,0x0004,110,0x00000000,2025-12-14T15:11:24.491Z,2025-12-14T15:11:24.491Z
7,0x0004,331,0x00000000,2025-12-14T15:11:24.491Z,2025-12-14T15:11:24.491Z
6,0x0004,304,0x00000000,2025-12-14T15:11:24.491Z,2025-12-14T15:11:24.491Z
39,0x000a,0.300203,0x00000000,2025-12-14T15:11:24.591Z,2025-12-14T15:11:24.591Z
38,0x000a,0.600405,0x00000000,2025-12-14T15:11:24.591Z,2025-12-14T15:11:24.591Z
37,0x000a,1.09954,0x00000000,2025-12-14T15:11:24.591Z,2025-12-14T15:11:24.591Z
36,0x000a,-5.76476e-17,0x00000000,2025-12-14T15:11:24.591Z,2025-12-14T15:11:24.591Z
35,0x000a,-0.0785456,0x00000000,2025-12-14T15:11:24.591Z,2025-12-14T15:11:24.591Z
34,0x000a,-3.21542e-18,0x00000000,2025-12-14T15:11:24.591Z,2025-12-14T15:11:24.591Z
26,0x000a,0.249928,0x00000000,2025-12-14T15:11:24.591Z,2025-12-14T15:11:24.591Z
25,0x000a,0.269821,0x00000000,2025-12-14T15:11:24.591Z,2025-12-14T15:11:24.591Z
24,0x000a,0.379774,0x00000000,2025-12-14T15:11:24.591Z,2025-12-14T15:11:24.591Z
23,0x000a,-5.76476e-17,0x00000000,2025-12-14T15:11:24.591Z,2025-12-14T15:11:24.591Z
22,0x000a,-0.0785456,0x00000000,2025-12-14T15:11:24.591Z,2025-12-14T15:11:24.591Z
21,0x000a,-3.21542e-18,0x00000000,2025-12-14T15:11:24.591Z,2025-12-14T15:11:24.591Z
8,0x0004,691,0x00000000,2025-12-14T15:11:24.591Z,2025-12-14T15:11:24.591Z
7,0x0004,746,0x00000000,2025-12-14T15:11:24.591Z,2025-12-14T15:11:24.591Z
6,0x0004,1050,0x00000000,2025-12-14T15:11:24.591Z,2025-12-14T15:11:24.591Z
39,0x000a,4.70197,0x00000000,2025-12-14T15:11:24.689Z,2025-12-14T15:11:24.689Z
38,0x000a,3.30223,0x00000000,2025-12-14T15:11:24.689Z,2025-12-14T15:11:24.689Z
37,0x000a,6.00043,0x00000000,2025-12-14T15:11:24.689Z,2025-12-14T15:11:24.689Z
36,0x000a,0.150101,0x00000000,2025-12-14T15:11:24.689Z,2025-12-14T15:11:24.689Z
35,0x000a,0.26093,0x00000000,2025-12-14T15:11:24.689Z,2025-12-14T15:11:24.689Z
34,0x000a,0.549769,0x00000000,2025-12-14T15:11:24.689Z,2025-12-14T15:11:24.689Z
26,0x000a,0.509983,0x00000000,2025-12-14T15:11:24.689Z,2025-12-14T15:11:24.689Z
25,0x000a,0.449942,0x00000000,2025-12-14T15:11:24.689Z,2025-12-14T15:11:24.689Z
24,0x000a,0.709997,0x00000000,2025-12-14T15:11:24.689Z,2025-12-14T15:11:24.689Z
23,0x000a,0.150101,0x00000000,2025-12-14T15:11:24.689Z,2025-12-14T15:11:24.689Z
22,0x000a,0.26093,0x00000000,2025-12-14T15:11:24.689Z,2025-12-14T15:11:24.689Z
21,0x000a,0.549769,0x00000000,2025-12-14T15:11:24.689Z,2025-12-14T15:11:24.689Z
8,0x0004,1410,0x00000000,2025-12-14T15:11:24.689Z,2025-12-14T15:11:24.689Z
7,0x0004,1244,0x00000000,2025-12-14T15:11:24.689Z,2025-12-14T15:11:24.689Z
6,0x0004,1963,0x00000000,2025-12-14T15:11:24.689Z,2025-12-14T15:11:24.689Z
39,0x000a,2.0978,0x00000000,2025-12-14T15:11:24.789Z,2025-12-14T15:11:24.789Z
38,0x000a,1.59867,0x00000000,2025-12-14T15:11:24.789Z,2025-12-14T15:11:24.789Z
37,0x000a,2.79948,0x00000000,2025-12-14T15:11:24.789Z,2025-12-14T15:11:24.789Z
36,0x000a,2.42603,0x00000000,2025-12-14T15:11:24.789Z,2025-12-14T15:11:24.789Z
35,0x000a,1.78158,0x00000000,2025-12-14T15:11:24.789Z,2025-12-14T15:11:24.789Z
34,0x000a,3.2751,0x00000000,2025-12-14T15:11:24.789Z,2025-12-14T15:11:24.789Z
26,0x000a,0.719763,0x00000000,2025-12-14T15:11:24.789Z,2025-12-14T15:11:24.789Z
25,0x000a,0.609809,0x00000000,2025-12-14T15:11:24.789Z,2025-12-14T15:11:24.789Z
24,0x000a,0.989945,0x00000000,2025-12-14T15:11:24.789Z,2025-12-14T15:11:24.789Z
23,0x000a,2.42603,0x00000000,2025-12-14T15:11:24.789Z,2025-12-14T15:11:24.789Z
22,0x000a,1.78158,0x00000000,2025-12-14T15:11:24.789Z,2025-12-14T15:11:24.789Z
21,0x000a,3.2751,0x00000000,2025-12-14T15:11:24.789Z,2025-12-14T15:11:24.789Z
8,0x0004,1990,0x00000000,2025-12-14T15:11:24.789Z,2025-12-14T15:11:24.789Z
7,0x0004,1686,0x00000000,2025-12-14T15:11:24.789Z,2025-12-14T15:11:24.789Z
6,0x0004,2737,0x00000000,2025-12-14T15:11:24.789Z,2025-12-14T15:11:24.789Z
39,0x000a,2.19907,0x00000000,2025-12-14T15:11:24.889Z,2025-12-14T15:11:24.889Z
38,0x000a,1.50101,0x00000000,2025-12-14T15:11:24.889Z,2025-12-14T15:11:24.889Z
37,0x000a,2.79948,0x00000000,2025-12-14T15:11:24.889Z,2025-12-14T15:11:24.889Z
36,0x000a,2.26192,0x00000000,2025-12-14T15:11:24.889Z,2025-12-14T15:11:24.889Z
35,0x000a,1.69012,0x00000000,2025-12-14T15:11:24.889Z,2025-12-14T15:11:24.889Z
34,0x000a,3.03729,0x00000000,2025-12-14T15:11:24.889Z,2025-12-14T15:11:24.889Z
26,0x000a,0.93967,0x00000000,2025-12-14T15:11:24.889Z,2025-12-14T15:11:24.889Z
25,0x000a,0.75991,0x00000000,2025-12-14T15:11:24.889Z,2025-12-14T15:11:24.889Z
24,0x000a,1.26989,0x00000000,2025-12-14T15:11:24.889Z,2025-12-14T15:11:24.889Z
23,0x000a,2.26192,0x00000000,2025-12-14T15:11:24.889Z,2025-12-14T15:11:24.889Z
22,0x000a,1.69012,0x00000000,2025-12-14T15:11:24.889Z,2025-12-14T15:11:24.889Z
21,0x000a,3.03729,0x00000000,2025-12-14T15:11:24.889Z,2025-12-14T15:11:24.889Z
8,0x0004,2598,0x00000000,2025-12-14T15:11:24.889Z,2025-12-14T15:11:24.889Z
7,0x0004,2101,0x00000000,2025-12-14T15:11:24.889Z,2025-12-14T15:11:24.889Z
6,0x0004,3511,0x00000000,2025-12-14T15:11:24.889Z,2025-12-14T15:11:24.889Z
39,0x000a,2.10142,0x00000000,2025-12-14T15:11:24.989Z,2025-12-14T15:11:24.989Z
39,0x000a,2.10142,0x00000000,2025-12-14T15:11:25.091Z,2025-12-14T15:11:25.091Z
38,0x000a,1.4974,0x00000000,2025-12-14T15:11:24.989Z,2025-12-14T15:11:24.989Z
38,0x000a,1.60229,0x00000000,2025-12-14T15:11:25.091Z,2025-12-14T15:11:25.091Z
37,0x000a,2.69821,0x00000000,2025-12-14T15:11:24.989Z,2025-12-14T15:11:24.989Z
37,0x000a,2.79948,0x00000000,2025-12-14T15:11:25.091Z,2025-12-14T15:11:25.091Z
36,0x000a,2.2305,0x00000000,2025-12-14T15:11:24.989Z,2025-12-14T15:11:24.989Z
36,0x000a,2.16596,0x00000000,2025-12-14T15:11:25.091Z,2025-12-14T15:11:25.091Z
35,0x000a,1.59557,0x00000000,2025-12-14T15:11:24.989Z,2025-12-14T15:11:24.989Z
35,0x000a,1.54648,0x00000000,2025-12-14T15:11:25.091Z,2025-12-14T15:11:25.091Z
34,0x000a,2.91838,0x00000000,2025-12-14T15:11:24.989Z,2025-12-14T15:11:24.989Z
34,0x000a,2.8083,0x00000000,2025-12-14T15:11:25.091Z,2025-12-14T15:11:25.091Z
26,0x000a,1.14981,0x00000000,2025-12-14T15:11:24.989Z,2025-12-14T15:11:24.989Z
26,0x000a,1.35995,0x00000000,2025-12-14T15:11:25.091Z,2025-12-14T15:11:25.091Z
25,0x000a,0.90965,0x00000000,2025-12-14T15:11:24.989Z,2025-12-14T15:11:24.989Z
25,0x000a,1.06988,0x00000000,2025-12-14T15:11:25.091Z,2025-12-14T15:11:25.091Z
24,0x000a,1.53971,0x00000000,2025-12-14T15:11:24.989Z,2025-12-14T15:11:24.989Z
24,0x000a,1.81966,0x00000000,2025-12-14T15:11:25.091Z,2025-12-14T15:11:25.091Z
23,0x000a,2.2305,0x00000000,2025-12-14T15:11:24.989Z,2025-12-14T15:11:24.989Z
23,0x000a,2.16596,0x00000000,2025-12-14T15:11:25.091Z,2025-12-14T15:11:25.091Z
22,0x000a,1.59557,0x00000000,2025-12-14T15:11:24.989Z,2025-12-14T15:11:24.989Z
22,0x000a,1.54648,0x00000000,2025-12-14T15:11:25.091Z,2025-12-14T15:11:25.091Z
21,0x000a,2.91838,0x00000000,2025-12-14T15:11:24.989Z,2025-12-14T15:11:24.989Z
21,0x000a,2.8083,0x00000000,2025-12-14T15:11:25.091Z,2025-12-14T15:11:25.091Z
8,0x0004,3179,0x00000000,2025-12-14T15:11:24.989Z,2025-12-14T15:11:24.989Z
8,0x0004,3760,0x00000000,2025-12-14T15:11:25.091Z,2025-12-14T15:11:25.091Z
7,0x0004,2515,0x00000000,2025-12-14T15:11:24.989Z,2025-12-14T15:11:24.989Z
7,0x0004,2958,0x00000000,2025-12-14T15:11:25.091Z,2025-12-14T15:11:25.091Z
6,0x0004,4257,0x00000000,2025-12-14T15:11:24.989Z,2025-12-14T15:11:24.989Z
6,0x0004,5031,0x00000000,2025-12-14T15:11:25.091Z,2025-12-14T15:11:25.091Z
36,0x000a,2.13369,0x00000000,2025-12-14T15:11:25.189Z,2025-12-14T15:11:25.189Z
35,0x000a,1.57438,0x00000000,2025-12-14T15:11:25.189Z,2025-12-14T15:11:25.189Z
34,0x000a,2.80389,0x00000000,2025-12-14T15:11:25.189Z,2025-12-14T15:11:25.189Z
26,0x000a,1.57986,0x00000000,2025-12-14T15:11:25.189Z,2025-12-14T15:11:25.189Z
25,0x000a,1.21998,0x00000000,2025-12-14T15:11:25.189Z,2025-12-14T15:11:25.189Z
24,0x000a,2.08984,0x00000000,2025-12-14T15:11:25.189Z,2025-12-14T15:11:25.189Z
23,0x000a,2.13369,0x00000000,2025-12-14T15:11:25.189Z,2025-12-14T15:11:25.189Z
22,0x000a,1.57438,0x00000000,2025-12-14T15:11:25.189Z,2025-12-14T15:11:25.189Z
21,0x000a,2.80389,0x00000000,2025-12-14T15:11:25.189Z,2025-12-14T15:11:25.189Z
8,0x0004,4368,0x00000000,2025-12-14T15:11:25.189Z,2025-12-14T15:11:25.189Z
7,0x0004,3373,0x00000000,2025-12-14T15:11:25.189Z,2025-12-14T15:11:25.189Z
6,0x0004,5778,0x00000000,2025-12-14T15:11:25.189Z,2025-12-14T15:11:25.189Z
39,0x000a,2.19907,0x00000000,2025-12-14T15:11:25.291Z,2025-12-14T15:11:25.291Z
38,0x000a,1.50101,0x00000000,2025-12-14T15:11:25.291Z,2025-12-14T15:11:25.291Z
37,0x000a,2.70182,0x00000000,2025-12-14T15:11:25.291Z,2025-12-14T15:11:25.291Z
26,0x000a,1.78964,0x00000000,2025-12-14T15:11:25.291Z,2025-12-14T15:11:25.291Z
25,0x000a,1.36972,0x00000000,2025-12-14T15:11:25.291Z,2025-12-14T15:11:25.291Z
24,0x000a,2.36979,0x00000000,2025-12-14T15:11:25.291Z,2025-12-14T15:11:25.291Z
8,0x0004,4948,0x00000000,2025-12-14T15:11:25.291Z,2025-12-14T15:11:25.291Z
7,0x0004,3787,0x00000000,2025-12-14T15:11:25.291Z,2025-12-14T15:11:25.291Z
6,0x0004,6552,0x00000000,2025-12-14T15:11:25.291Z,2025-12-14T15:11:25.291Z
39,0x000a,2.0978,0x00000000,2025-12-14T15:11:25.390Z,2025-12-14T15:11:25.390Z
38,0x000a,1.4974,0x00000000,2025-12-14T15:11:25.390Z,2025-12-14T15:11:25.390Z
37,0x000a,2.79948,0x00000000,2025-12-14T15:11:25.390Z,2025-12-14T15:11:25.390Z
36,0x000a,2.16638,0x00000000,2025-12-14T15:11:25.390Z,2025-12-14T15:11:25.390Z
35,0x000a,1.5377,0x00000000,2025-12-14T15:11:25.390Z,2025-12-14T15:11:25.390Z
34,0x000a,2.75286,0x00000000,2025-12-14T15:11:25.390Z,2025-12-14T15:11:25.390Z
26,0x000a,2.03993,0x00000000,2025-12-14T15:11:25.390Z,2025-12-14T15:11:25.390Z
25,0x000a,1.55997,0x00000000,2025-12-14T15:11:25.390Z,2025-12-14T15:11:25.390Z
24,0x000a,2.69965,0x00000000,2025-12-14T15:11:25.390Z,2025-12-14T15:11:25.390Z
23,0x000a,2.16638,0x00000000,2025-12-14T15:11:25.390Z,2025-12-14T15:11:25.390Z
22,0x000a,1.5377,0x00000000,2025-12-14T15:11:25.390Z,2025-12-14T15:11:25.390Z
21,0x000a,2.75286,0x00000000,2025-12-14T15:11:25.390Z,2025-12-14T15:11:25.390Z
8,0x0004,5640,0x00000000,2025-12-14T15:11:25.390Z,2025-12-14T15:11:25.390Z
7,0x0004,4313,0x00000000,2025-12-14T15:11:25.390Z,2025-12-14T15:11:25.390Z
6,0x0004,7464,0x00000000,2025-12-14T15:11:25.390Z,2025-12-14T15:11:25.390Z
39,0x000a,2.50289,0x00000000,2025-12-14T15:11:25.491Z,2025-12-14T15:11:25.491Z
38,0x000a,1.90249,0x00000000,2025-12-14T15:11:25.491Z,2025-12-14T15:11:25.491Z
37,0x000a,3.29861,0x00000000,2025-12-14T15:11:25.491Z,2025-12-14T15:11:25.491Z
36,0x000a,2.13209,0x00000000,2025-12-14T15:11:25.491Z,2025-12-14T15:11:25.491Z
35,0x000a,1.51755,0x00000000,2025-12-14T15:11:25.491Z,2025-12-14T15:11:25.491Z
34,0x000a,2.77617,0x00000000,2025-12-14T15:11:25.491Z,2025-12-14T15:11:25.491Z
26,0x000a,2.25984,0x00000000,2025-12-14T15:11:25.491Z,2025-12-14T15:11:25.491Z
25,0x000a,1.70971,0x00000000,2025-12-14T15:11:25.491Z,2025-12-14T15:11:25.491Z
24,0x000a,2.97996,0x00000000,2025-12-14T15:11:25.491Z,2025-12-14T15:11:25.491Z
23,0x000a,2.13209,0x00000000,2025-12-14T15:11:25.491Z,2025-12-14T15:11:25.491Z
22,0x000a,1.51755,0x00000000,2025-12-14T15:11:25.491Z,2025-12-14T15:11:25.491Z
21,0x000a,2.77617,0x00000000,2025-12-14T15:11:25.491Z,2025-12-14T15:11:25.491Z
8,0x0004,6248,0x00000000,2025-12-14T15:11:25.491Z,2025-12-14T15:11:25.491Z
7,0x0004,4727,0x00000000,2025-12-14T15:11:25.491Z,2025-12-14T15:11:25.491Z
6,0x0004,8239,0x00000000,2025-12-14T15:11:25.491Z,2025-12-14T15:11:25.491Z
39,0x000a,2.19907,0x00000000,2025-12-14T15:11:25.591Z,2025-12-14T15:11:25.591Z
38,0x000a,1.4974,0x00000000,2025-12-14T15:11:25.591Z,2025-12-14T15:11:25.591Z
37,0x000a,2.8031,0x00000000,2025-12-14T15:11:25.591Z,2025-12-14T15:11:25.591Z
36,0x000a,2.31749,0x00000000,2025-12-14T15:11:25.591Z,2025-12-14T15:11:25.591Z
35,0x000a,1.71002,0x00000000,2025-12-14T15:11:25.591Z,2025-12-14T15:11:25.591Z
34,0x000a,3.03739,0x00000000,2025-12-14T15:11:25.591Z,2025-12-14T15:11:25.591Z
26,0x000a,2.46998,0x00000000,2025-12-14T15:11:25.591Z,2025-12-14T15:11:25.591Z
25,0x000a,1.85981,0x00000000,2025-12-14T15:11:25.591Z,2025-12-14T15:11:25.591Z
24,0x000a,3.24978,0x00000000,2025-12-14T15:11:25.591Z,2025-12-14T15:11:25.591Z
23,0x000a,2.31749,0x00000000,2025-12-14T15:11:25.591Z,2025-12-14T15:11:25.591Z
22,0x000a,1.71002,0x00000000,2025-12-14T15:11:25.591Z,2025-12-14T15:11:25.591Z
21,0x000a,3.03739,0x00000000,2025-12-14T15:11:25.591Z,2025-12-14T15:11:25.591Z
8,0x0004,6829,0x00000000,2025-12-14T15:11:25.591Z,2025-12-14T15:11:25.591Z
7,0x0004,5142,0x00000000,2025-12-14T15:11:25.591Z,2025-12-14T15:11:25.591Z
6,0x0004,8985,0x00000000,2025-12-14T15:11:25.591Z,2025-12-14T15:11:25.591Z
39,0x000a,2.10142,0x00000000,2025-12-14T15:11:25.692Z,2025-12-14T15:11:25.692Z
38,0x000a,1.50101,0x00000000,2025-12-14T15:11:25.692Z,2025-12-14T15:11:25.692Z
37,0x000a,2.69821,0x00000000,2025-12-14T15:11:25.692Z,2025-12-14T15:11:25.692Z
36,0x000a,2.25828,0x00000000,2025-12-14T15:11:25.692Z,2025-12-14T15:11:25.692Z
35,0x000a,1.60371,0x00000000,2025-12-14T15:11:25.692Z,2025-12-14T15:11:25.692Z
34,0x000a,2.92024,0x00000000,2025-12-14T15:11:25.692Z,2025-12-14T15:11:25.692Z
26,0x000a,2.67976,0x00000000,2025-12-14T15:11:25.692Z,2025-12-14T15:11:25.692Z
25,0x000a,2.01968,0x00000000,2025-12-14T15:11:25.692Z,2025-12-14T15:11:25.692Z
24,0x000a,3.52973,0x00000000,2025-12-14T15:11:25.692Z,2025-12-14T15:11:25.692Z
23,0x000a,2.25828,0x00000000,2025-12-14T15:11:25.692Z,2025-12-14T15:11:25.692Z
22,0x000a,1.60371,0x00000000,2025-12-14T15:11:25.692Z,2025-12-14T15:11:25.692Z
21,0x000a,2.92024,0x00000000,2025-12-14T15:11:25.692Z,2025-12-14T15:11:25.692Z
8,0x0004,7409,0x00000000,2025-12-14T15:11:25.692Z,2025-12-14T15:11:25.692Z
7,0x0004,5584,0x00000000,2025-12-14T15:11:25.692Z,2025-12-14T15:11:25.692Z
6,0x0004,9759,0x00000000,2025-12-14T15:11:25.692Z,2025-12-14T15:11:25.692Z
39,0x000a,4.29688,0x00000000,2025-12-14T15:11:25.791Z,2025-12-14T15:11:25.791Z
38,0x000a,3.09968,0x00000000,2025-12-14T15:11:25.791Z,2025-12-14T15:11:25.791Z
37,0x000a,5.5013,0x00000000,2025-12-14T15:11:25.791Z,2025-12-14T15:11:25.791Z
36,0x000a,2.17985,0x00000000,2025-12-14T15:11:25.791Z,2025-12-14T15:11:25.791Z
35,0x000a,1.55236,0x00000000,2025-12-14T15:11:25.791Z,2025-12-14T15:11:25.791Z
34,0x000a,2.80922,0x00000000,2025-12-14T15:11:25.791Z,2025-12-14T15:11:25.791Z
26,0x000a,2.89967,0x00000000,2025-12-14T15:11:25.791Z,2025-12-14T15:11:25.791Z
25,0x000a,2.16978,0x00000000,2025-12-14T15:11:25.791Z,2025-12-14T15:11:25.791Z
24,0x000a,3.79991,0x00000000,2025-12-14T15:11:25.791Z,2025-12-14T15:11:25.791Z
23,0x000a,2.17985,0x00000000,2025-12-14T15:11:25.791Z,2025-12-14T15:11:25.791Z
22,0x000a,1.55236,0x00000000,2025-12-14T15:11:25.791Z,2025-12-14T15:11:25.791Z
21,0x000a,2.80922,0x00000000,2025-12-14T15:11:25.791Z,2025-12-14T15:11:25.791Z
8,0x0004,8017,0x00000000,2025-12-14T15:11:25.791Z,2025-12-14T15:11:25.791Z
7,0x0004,5999,0x00000000,2025-12-14T15:11:25.791Z,2025-12-14T15:11:25.791Z
6,0x0004,10506,0x00000000,2025-12-14T15:11:25.791Z,2025-12-14T15:11:25.791Z
39,0x000a,2.10142,0x00000000,2025-12-14T15:11:25.890Z,2025-12-14T15:11:25.890Z
38,0x000a,1.59867,0x00000000,2025-12-14T15:11:25.890Z,2025-12-14T15:11:25.890Z
37,0x000a,2.79948,0x00000000,2025-12-14T15:11:25.890Z,2025-12-14T15:11:25.890Z
36,0x000a,3.23836,0x00000000,2025-12-14T15:11:25.890Z,2025-12-14T15:11:25.890Z
35,0x000a,2.32602,0x00000000,2025-12-14T15:11:25.890Z,2025-12-14T15:11:25.890Z
34,0x000a,4.15526,0x00000000,2025-12-14T15:11:25.890Z,2025-12-14T15:11:25.890Z
26,0x000a,3.10981,0x00000000,2025-12-14T15:11:25.890Z,2025-12-14T15:11:25.890Z
25,0x000a,2.32964,0x00000000,2025-12-14T15:11:25.890Z,2025-12-14T15:11:25.890Z
24,0x000a,4.07986,0x00000000,2025-12-14T15:11:25.890Z,2025-12-14T15:11:25.890Z
23,0x000a,3.23836,0x00000000,2025-12-14T15:11:25.890Z,2025-12-14T15:11:25.890Z
22,0x000a,2.32602,0x00000000,2025-12-14T15:11:25.890Z,2025-12-14T15:11:25.890Z
21,0x000a,4.15526,0x00000000,2025-12-14T15:11:25.890Z,2025-12-14T15:11:25.890Z
8,0x0004,8598,0x00000000,2025-12-14T15:11:25.890Z,2025-12-14T15:11:25.890Z
7,0x0004,6441,0x00000000,2025-12-14T15:11:25.890Z,2025-12-14T15:11:25.890Z
6,0x0004,11280,0x00000000,2025-12-14T15:11:25.890Z,2025-12-14T15:11:25.890Z
36,0x000a,2.66989,0x00000000,2025-12-14T15:11:25.989Z,2025-12-14T15:11:25.989Z
35,0x000a,1.96234,0x00000000,2025-12-14T15:11:25.989Z,2025-12-14T15:11:25.989Z
34,0x000a,3.47737,0x00000000,2025-12-14T15:11:25.989Z,2025-12-14T15:11:25.989Z
26,0x000a,3.36986,0x00000000,2025-12-14T15:11:25.989Z,2025-12-14T15:11:25.989Z
25,0x000a,2.50977,0x00000000,2025-12-14T15:11:25.989Z,2025-12-14T15:11:25.989Z
24,0x000a,4.40972,0x00000000,2025-12-14T15:11:25.989Z,2025-12-14T15:11:25.989Z
23,0x000a,2.66989,0x00000000,2025-12-14T15:11:25.989Z,2025-12-14T15:11:25.989Z
22,0x000a,1.96234,0x00000000,2025-12-14T15:11:25.989Z,2025-12-14T15:11:25.989Z
21,0x000a,3.47737,0x00000000,2025-12-14T15:11:25.989Z,2025-12-14T15:11:25.989Z
8,0x0004,9317,0x00000000,2025-12-14T15:11:25.989Z,2025-12-14T15:11:25.989Z
7,0x0004,6939,0x00000000,2025-12-14T15:11:25.989Z,2025-12-14T15:11:25.989Z
6,0x0004,12192,0x00000000,2025-12-14T15:11:25.989Z,2025-12-14T15:11:25.989Z
39,0x000a,2.60055,0x00000000,2025-12-14T15:11:26.091Z,2025-12-14T15:11:26.091Z
38,0x000a,1.80122,0x00000000,2025-12-14T15:11:26.091Z,2025-12-14T15:11:26.091Z
37,0x000a,3.29861,0x00000000,2025-12-14T15:11:26.091Z,2025-12-14T15:11:26.091Z
26,0x000a,3.57964,0x00000000,2025-12-14T15:11:26.091Z,2025-12-14T15:11:26.091Z
25,0x000a,2.65987,0x00000000,2025-12-14T15:11:26.091Z,2025-12-14T15:11:26.091Z
24,0x000a,4.68967,0x00000000,2025-12-14T15:11:26.091Z,2025-12-14T15:11:26.091Z
23,0x000a,2.63522,0x00000000,2025-12-14T15:11:26.091Z,2025-12-14T15:11:26.091Z
22,0x000a,1.88178,0x00000000,2025-12-14T15:11:26.091Z,2025-12-14T15:11:26.091Z
21,0x000a,3.38799,0x00000000,2025-12-14T15:11:26.091Z,2025-12-14T15:11:26.091Z
8,0x0004,9897,0x00000000,2025-12-14T15:11:26.091Z,2025-12-14T15:11:26.091Z
7,0x0004,7354,0x00000000,2025-12-14T15:11:26.091Z,2025-12-14T15:11:26.091Z
6,0x0004,12966,0x00000000,2025-12-14T15:11:26.091Z,2025-12-14T15:11:26.091Z
39,0x000a,2.0978,0x00000000,2025-12-14T15:11:26.189Z,2025-12-14T15:11:26.189Z
38,0x000a,1.50101,0x00000000,2025-12-14T15:11:26.189Z,2025-12-14T15:11:26.189Z
37,0x000a,2.79948,0x00000000,2025-12-14T15:11:26.189Z,2025-12-14T15:11:26.189Z
36,0x000a,2.63522,0x00000000,2025-12-14T15:11:26.189Z,2025-12-14T15:11:26.189Z
35,0x000a,1.88178,0x00000000,2025-12-14T15:11:26.189Z,2025-12-14T15:11:26.189Z
34,0x000a,3.38799,0x00000000,2025-12-14T15:11:26.189Z,2025-12-14T15:11:26.189Z
28,0x0004,27000,0x00000000,2025-12-14T15:11:26.189Z,2025-12-14T15:11:26.189Z
26,0x000a,3.78979,0x00000000,2025-12-14T15:11:26.189Z,2025-12-14T15:11:26.189Z
25,0x000a,2.81973,0x00000000,2025-12-14T15:11:26.189Z,2025-12-14T15:11:26.189Z
24,0x000a,4.95985,0x00000000,2025-12-14T15:11:26.189Z,2025-12-14T15:11:26.189Z
8,0x0004,10478,0x00000000,2025-12-14T15:11:26.189Z,2025-12-14T15:11:26.189Z
7,0x0004,7796,0x00000000,2025-12-14T15:11:26.189Z,2025-12-14T15:11:26.189Z
6,0x0004,13713,0x00000000,2025-12-14T15:11:26.189Z,2025-12-14T15:11:26.189Z
39,0x000a,2.10142,0x00000000,2025-12-14T15:11:26.291Z,2025-12-14T15:11:26.291Z
38,0x000a,1.59867,0x00000000,2025-12-14T15:11:26.291Z,2025-12-14T15:11:26.291Z
37,0x000a,2.70182,0x00000000,2025-12-14T15:11:26.291Z,2025-12-14T15:11:26.291Z
36,0x000a,2.36651,0x00000000,2025-12-14T15:11:26.291Z,2025-12-14T15:11:26.291Z
