PrimaryKey,DataType,Value,StatusCode,SourceTimeStamp,ServerTimeStamp
42,0x0001,false,0x00000000,2025-12-14T15:16:02.949Z,2025-12-14T15:16:02.949Z
41,0x0001,false,0x00000000,2025-12-14T15:16:02.949Z,2025-12-14T15:16:02.949Z
40,0x0001,true,0x00000000,2025-12-14T15:16:02.949Z,2025-12-14T15:16:02.949Z
39,0x000a,4.30049,0x00000000,2025-12-14T15:16:02.949Z,2025-12-14T15:16:02.949Z
38,0x000a,3.09968,0x00000000,2025-12-14T15:16:02.949Z,2025-12-14T15:16:02.949Z
37,0x000a,0,0x00000000,2025-12-14T15:16:02.949Z,2025-12-14T15:16:02.949Z
36,0x000a,2.1229,0x00000000,2025-12-14T15:16:02.949Z,2025-12-14T15:16:02.949Z
35,0x000a,1.53518,0x00000000,2025-12-14T15:16:02.949Z,2025-12-14T15:16:02.949Z
34,0x000a,0.00394344,0x00000000,2025-12-14T15:16:02.949Z,2025-12-14T15:16:02.949Z
33,0x000a,0,0x00000000,2025-12-14T15:16:02.949Z,2025-12-14T15:16:02.949Z
32,0x000a,0,0x00000000,2025-12-14T15:16:02.949Z,2025-12-14T15:16:02.949Z
31,0x000a,0,0x00000000,2025-12-14T15:16:02.949Z,2025-12-14T15:16:02.949Z
30,0x0004,0,0x00000000,2025-12-14T15:16:02.949Z,2025-12-14T15:16:02.949Z
29,0x0004,0,0x00000000,2025-12-14T15:16:02.949Z,2025-12-14T15:16:02.949Z
28,0x0004,0,0x00000000,2025-12-14T15:16:02.949Z,2025-12-14T15:16:02.949Z
27,0x0001,false,0x00000000,2025-12-14T15:16:02.949Z,2025-12-14T15:16:02.949Z
26,0x000a,5.32986,0x00000000,2025-12-14T15:16:02.949Z,2025-12-14T15:16:02.949Z
25,0x000a,3.84983,0x00000000,2025-12-14T15:16:02.949Z,2025-12-14T15:16:02.949Z
24,0x000a,8.22989,0x00000000,2025-12-14T15:16:02.949Z,2025-12-14T15:16:02.949Z
23,0x000a,2.1229,0x00000000,2025-12-14T15:16:02.949Z,2025-12-14T15:16:02.949Z
22,0x000a,1.53518,0x00000000,2025-12-14T15:16:02.949Z,2025-12-14T15:16:02.949Z
21,0x000a,0.00394344,0x00000000,2025-12-14T15:16:02.949Z,2025-12-14T15:16:02.949Z
20,0x0001,false,0x00000000,2025-12-14T15:16:02.949Z,2025-12-14T15:16:02.949Z
19,0x0001,false,0x00000000,2025-12-14T15:16:02.949Z,2025-12-14T15:16:02.949Z
18,0x0001,false,0x00000000,2025-12-14T15:16:02.949Z,2025-12-14T15:16:02.949Z
17,0x0001,true,0x00000000,2025-12-14T15:16:02.949Z,2025-12-14T15:16:02.949Z
16,0x0001,false,0x00000000,2025-12-14T15:16:02.949Z,2025-12-14T15:16:02.949Z
15,0x0001,true,0x00000000,2025-12-14T15:16:02.949Z,2025-12-14T15:16:02.949Z
14,0x0001,false,0x00000000,2025-12-14T15:16:02.949Z,2025-12-14T15:16:02.949Z
13,0x0001,false,0x00000000,2025-12-14T15:16:02.949Z,2025-12-14T15:16:02.949Z
12,0x000a,0,0x00000000,2025-12-14T15:16:02.949Z,2025-12-14T15:16:02.949Z
11,0x000a,0,0x00000000,2025-12-14T15:16:02.949Z,2025-12-14T15:16:02.949Z
10,0x0004,0,0x00000000,2025-12-14T15:16:02.949Z,2025-12-14T15:16:02.949Z
9,0x0004,0,0x00000000,2025-12-14T15:16:02.949Z,2025-12-14T15:16:02.949Z
8,0x0004,14736,0x00000000,2025-12-14T15:16:02.949Z,2025-12-14T15:16:02.949Z
7,0x0004,10644,0x00000000,2025-12-14T15:16:02.949Z,2025-12-14T15:16:02.949Z
6,0x0004,22754,0x00000000,2025-12-14T15:16:02.949Z,2025-12-14T15:16:02.949Z
5,0x000a,0,0x00000000,2025-12-14T15:16:02.949Z,2025-12-14T15:16:02.949Z
4,0x000a,10,0x00000000,2025-12-14T15:16:02.949Z,2025-12-14T15:16:02.949Z
3,0x000a,9,0x00000000,2025-12-14T15:16:02.949Z,2025-12-14T15:16:02.949Z
2,0x000a,8,0x00000000,2025-12-14T15:16:02.949Z,2025-12-14T15:16:02.949Z
1,0x0001,false,0x00000000,2025-12-14T15:16:02.949Z,2025-12-14T15:16:02.949Z
39,0x000a,2.0978,0x00000000,2025-12-14T15:16:03.050Z,2025-12-14T15:16:03.050Z
39,0x000a,2.60055,0x00000000,2025-12-14T15:16:03.154Z,2025-12-14T15:16:03.154Z
38,0x000a,1.50101,0x00000000,2025-12-14T15:16:03.050Z,2025-12-14T15:16:03.050Z
38,0x000a,1.7976,0x00000000,2025-12-14T15:16:03.154Z,2025-12-14T15:16:03.154Z
36,0x000a,3.2117,0x00000000,2025-12-14T15:16:03.050Z,2025-12-14T15:16:03.050Z
36,0x000a,2.65475,0x00000000,2025-12-14T15:16:03.154Z,2025-12-14T15:16:03.154Z
35,0x000a,2.31743,0x00000000,2025-12-14T15:16:03.050Z,2025-12-14T15:16:03.050Z
35,0x000a,1.90922,0x00000000,2025-12-14T15:16:03.154Z,2025-12-14T15:16:03.154Z
34,0x000a,0.00197172,0x00000000,2025-12-14T15:16:03.050Z,2025-12-14T15:16:03.050Z
34,0x000a,0.000985861,0x00000000,2025-12-14T15:16:03.154Z,2025-12-14T15:16:03.154Z
26,0x000a,5.53964,0x00000000,2025-12-14T15:16:03.050Z,2025-12-14T15:16:03.050Z
26,0x000a,5.7997,0x00000000,2025-12-14T15:16:03.154Z,2025-12-14T15:16:03.154Z
25,0x000a,3.99993,0x00000000,2025-12-14T15:16:03.050Z,2025-12-14T15:16:03.050Z
25,0x000a,4.17969,0x00000000,2025-12-14T15:16:03.154Z,2025-12-14T15:16:03.154Z
23,0x000a,3.2117,0x00000000,2025-12-14T15:16:03.050Z,2025-12-14T15:16:03.050Z
23,0x000a,2.65475,0x00000000,2025-12-14T15:16:03.154Z,2025-12-14T15:16:03.154Z
22,0x000a,2.31743,0x00000000,2025-12-14T15:16:03.050Z,2025-12-14T15:16:03.050Z
22,0x000a,1.90922,0x00000000,2025-12-14T15:16:03.154Z,2025-12-14T15:16:03.154Z
21,0x000a,0.00197172,0x00000000,2025-12-14T15:16:03.050Z,2025-12-14T15:16:03.050Z
21,0x000a,0.000985861,0x00000000,2025-12-14T15:16:03.154Z,2025-12-14T15:16:03.154Z
8,0x0004,15316,0x00000000,2025-12-14T15:16:03.050Z,2025-12-14T15:16:03.050Z
8,0x0004,16035,0x00000000,2025-12-14T15:16:03.154Z,2025-12-14T15:16:03.154Z
7,0x0004,11059,0x00000000,2025-12-14T15:16:03.050Z,2025-12-14T15:16:03.050Z
7,0x0004,11556,0x00000000,2025-12-14T15:16:03.154Z,2025-12-14T15:16:03.154Z
39,0x000a,2.10142,0x00000000,2025-12-14T15:16:03.249Z,2025-12-14T15:16:03.249Z
38,0x000a,1.60229,0x00000000,2025-12-14T15:16:03.249Z,2025-12-14T15:16:03.249Z
36,0x000a,2.62765,0x00000000,2025-12-14T15:16:03.249Z,2025-12-14T15:16:03.249Z
35,0x000a,1.85341,0x00000000,2025-12-14T15:16:03.249Z,2025-12-14T15:16:03.249Z
34,0x000a,0.00049293,0x00000000,2025-12-14T15:16:03.249Z,2025-12-14T15:16:03.249Z
26,0x000a,6.00984,0x00000000,2025-12-14T15:16:03.249Z,2025-12-14T15:16:03.249Z
25,0x000a,4.33992,0x00000000,2025-12-14T15:16:03.249Z,2025-12-14T15:16:03.249Z
23,0x000a,2.62765,0x00000000,2025-12-14T15:16:03.249Z,2025-12-14T15:16:03.249Z
22,0x000a,1.85341,0x00000000,2025-12-14T15:16:03.249Z,2025-12-14T15:16:03.249Z
21,0x000a,0.00049293,0x00000000,2025-12-14T15:16:03.249Z,2025-12-14T15:16:03.249Z
8,0x0004,16616,0x00000000,2025-12-14T15:16:03.249Z,2025-12-14T15:16:03.249Z
7,0x0004,11999,0x00000000,2025-12-14T15:16:03.249Z,2025-12-14T15:16:03.249Z
39,0x000a,2.10142,0x00000000,2025-12-14T15:16:03.351Z,2025-12-14T15:16:03.351Z
38,0x000a,1.49739,0x00000000,2025-12-14T15:16:03.351Z,2025-12-14T15:16:03.351Z
36,0x000a,2.36453,0x00000000,2025-12-14T15:16:03.351Z,2025-12-14T15:16:03.351Z
35,0x000a,1.72785,0x00000000,2025-12-14T15:16:03.351Z,2025-12-14T15:16:03.351Z
34,0x000a,0.000246465,0x00000000,2025-12-14T15:16:03.351Z,2025-12-14T15:16:03.351Z
26,0x000a,6.21998,0x00000000,2025-12-14T15:16:03.351Z,2025-12-14T15:16:03.351Z
25,0x000a,4.48966,0x00000000,2025-12-14T15:16:03.351Z,2025-12-14T15:16:03.351Z
23,0x000a,2.36453,0x00000000,2025-12-14T15:16:03.351Z,2025-12-14T15:16:03.351Z
22,0x000a,1.72785,0x00000000,2025-12-14T15:16:03.351Z,2025-12-14T15:16:03.351Z
21,0x000a,0.000246465,0x00000000,2025-12-14T15:16:03.351Z,2025-12-14T15:16:03.351Z
8,0x0004,17197,0x00000000,2025-12-14T15:16:03.351Z,2025-12-14T15:16:03.351Z
7,0x0004,12413,0x00000000,2025-12-14T15:16:03.351Z,2025-12-14T15:16:03.351Z
39,0x000a,2.19907,0x00000000,2025-12-14T15:16:03.449Z,2025-12-14T15:16:03.449Z
38,0x000a,1.50101,0x00000000,2025-12-14T15:16:03.449Z,2025-12-14T15:16:03.449Z
36,0x000a,2.23298,0x00000000,2025-12-14T15:16:03.449Z,2025-12-14T15:16:03.449Z
35,0x000a,1.61262,0x00000000,2025-12-14T15:16:03.449Z,2025-12-14T15:16:03.449Z
34,0x000a,0.000123233,0x00000000,2025-12-14T15:16:03.449Z,2025-12-14T15:16:03.449Z
26,0x000a,6.43989,0x00000000,2025-12-14T15:16:03.449Z,2025-12-14T15:16:03.449Z
25,0x000a,4.63976,0x00000000,2025-12-14T15:16:03.449Z,2025-12-14T15:16:03.449Z
23,0x000a,2.23298,0x00000000,2025-12-14T15:16:03.449Z,2025-12-14T15:16:03.449Z
22,0x000a,1.61262,0x00000000,2025-12-14T15:16:03.449Z,2025-12-14T15:16:03.449Z
21,0x000a,0.000123233,0x00000000,2025-12-14T15:16:03.449Z,2025-12-14T15:16:03.449Z
8,0x0004,17805,0x00000000,2025-12-14T15:16:03.449Z,2025-12-14T15:16:03.449Z
7,0x0004,12828,0x00000000,2025-12-14T15:16:03.449Z,2025-12-14T15:16:03.449Z
39,0x000a,2.0978,0x00000000,2025-12-14T15:16:03.552Z,2025-12-14T15:16:03.552Z
38,0x000a,1.60229,0x00000000,2025-12-14T15:16:03.552Z,2025-12-14T15:16:03.552Z
36,0x000a,2.21602,0x00000000,2025-12-14T15:16:03.552Z,2025-12-14T15:16:03.552Z
35,0x000a,1.55682,0x00000000,2025-12-14T15:16:03.552Z,2025-12-14T15:16:03.552Z
34,0x000a,6.16163e-05,0x00000000,2025-12-14T15:16:03.552Z,2025-12-14T15:16:03.552Z
26,0x000a,6.64967,0x00000000,2025-12-14T15:16:03.552Z,2025-12-14T15:16:03.552Z
25,0x000a,4.79999,0x00000000,2025-12-14T15:16:03.552Z,2025-12-14T15:16:03.552Z
23,0x000a,2.21602,0x00000000,2025-12-14T15:16:03.552Z,2025-12-14T15:16:03.552Z
22,0x000a,1.55682,0x00000000,2025-12-14T15:16:03.552Z,2025-12-14T15:16:03.552Z
21,0x000a,6.16163e-05,0x00000000,2025-12-14T15:16:03.552Z,2025-12-14T15:16:03.552Z
8,0x0004,18385,0x00000000,2025-12-14T15:16:03.552Z,2025-12-14T15:16:03.552Z
7,0x0004,13271,0x00000000,2025-12-14T15:16:03.552Z,2025-12-14T15:16:03.552Z
36,0x000a,2.15691,0x00000000,2025-12-14T15:16:03.650Z,2025-12-14T15:16:03.650Z
35,0x000a,1.57955,0x00000000,2025-12-14T15:16:03.650Z,2025-12-14T15:16:03.650Z
34,0x000a,3.08082e-05,0x00000000,2025-12-14T15:16:03.650Z,2025-12-14T15:16:03.650Z
26,0x000a,6.85981,0x00000000,2025-12-14T15:16:03.650Z,2025-12-14T15:16:03.650Z
25,0x000a,4.94973,0x00000000,2025-12-14T15:16:03.650Z,2025-12-14T15:16:03.650Z
23,0x000a,2.15691,0x00000000,2025-12-14T15:16:03.650Z,2025-12-14T15:16:03.650Z
22,0x000a,1.57955,0x00000000,2025-12-14T15:16:03.650Z,2025-12-14T15:16:03.650Z
21,0x000a,3.08082e-05,0x00000000,2025-12-14T15:16:03.650Z,2025-12-14T15:16:03.650Z
8,0x0004,18966,0x00000000,2025-12-14T15:16:03.650Z,2025-12-14T15:16:03.650Z
7,0x0004,13685,0x00000000,2025-12-14T15:16:03.650Z,2025-12-14T15:16:03.650Z
39,0x000a,2.10142,0x00000000,2025-12-14T15:16:03.753Z,2025-12-14T15:16:03.753Z
38,0x000a,1.4974,0x00000000,2025-12-14T15:16:03.753Z,2025-12-14T15:16:03.753Z
26,0x000a,7.07972,0x00000000,2025-12-14T15:16:03.753Z,2025-12-14T15:16:03.753Z
25,0x000a,5.09983,0x00000000,2025-12-14T15:16:03.753Z,2025-12-14T15:16:03.753Z
8,0x0004,19574,0x00000000,2025-12-14T15:16:03.753Z,2025-12-14T15:16:03.753Z
7,0x0004,14100,0x00000000,2025-12-14T15:16:03.753Z,2025-12-14T15:16:03.753Z
39,0x000a,2.19907,0x00000000,2025-12-14T15:16:03.849Z,2025-12-14T15:16:03.849Z
38,0x000a,1.50101,0x00000000,2025-12-14T15:16:03.849Z,2025-12-14T15:16:03.849Z
36,0x000a,2.12917,0x00000000,2025-12-14T15:16:03.849Z,2025-12-14T15:16:03.849Z
35,0x000a,1.53847,0x00000000,2025-12-14T15:16:03.849Z,2025-12-14T15:16:03.849Z
34,0x000a,1.54041e-05,0x00000000,2025-12-14T15:16:03.849Z,2025-12-14T15:16:03.849Z
26,0x000a,7.28986,0x00000000,2025-12-14T15:16:03.849Z,2025-12-14T15:16:03.849Z
25,0x000a,5.25969,0x00000000,2025-12-14T15:16:03.849Z,2025-12-14T15:16:03.849Z
23,0x000a,2.12917,0x00000000,2025-12-14T15:16:03.849Z,2025-12-14T15:16:03.849Z
22,0x000a,1.53847,0x00000000,2025-12-14T15:16:03.849Z,2025-12-14T15:16:03.849Z
21,0x000a,1.54041e-05,0x00000000,2025-12-14T15:16:03.849Z,2025-12-14T15:16:03.849Z
8,0x0004,20155,0x00000000,2025-12-14T15:16:03.849Z,2025-12-14T15:16:03.849Z
7,0x0004,14542,0x00000000,2025-12-14T15:16:03.849Z,2025-12-14T15:16:03.849Z
39,0x000a,2.10142,0x00000000,2025-12-14T15:16:03.950Z,2025-12-14T15:16:03.950Z
38,0x000a,1.59867,0x00000000,2025-12-14T15:16:03.950Z,2025-12-14T15:16:03.950Z
36,0x000a,2.16412,0x00000000,2025-12-14T15:16:03.950Z,2025-12-14T15:16:03.950Z
35,0x000a,1.51974,0x00000000,2025-12-14T15:16:03.950Z,2025-12-14T15:16:03.950Z
34,0x000a,7.70204e-06,0x00000000,2025-12-14T15:16:03.950Z,2025-12-14T15:16:03.950Z
26,0x000a,7.5,0x00000000,2025-12-14T15:16:03.950Z,2025-12-14T15:16:03.950Z
25,0x000a,5.40979,0x00000000,2025-12-14T15:16:03.950Z,2025-12-14T15:16:03.950Z
23,0x000a,2.16412,0x00000000,2025-12-14T15:16:03.950Z,2025-12-14T15:16:03.950Z
22,0x000a,1.51974,0x00000000,2025-12-14T15:16:03.950Z,2025-12-14T15:16:03.950Z
21,0x000a,7.70204e-06,0x00000000,2025-12-14T15:16:03.950Z,2025-12-14T15:16:03.950Z
8,0x0004,20736,0x00000000,2025-12-14T15:16:03.950Z,2025-12-14T15:16:03.950Z
7,0x0004,14957,0x00000000,2025-12-14T15:16:03.950Z,2025-12-14T15:16:03.950Z
39,0x000a,4.69835,0x00000000,2025-12-14T15:16:04.050Z,2025-12-14T15:16:04.050Z
38,0x000a,3.39988,0x00000000,2025-12-14T15:16:04.050Z,2025-12-14T15:16:04.050Z
36,0x000a,2.13277,0x00000000,2025-12-14T15:16:04.050Z,2025-12-14T15:16:04.050Z
35,0x000a,1.55921,0x00000000,2025-12-14T15:16:04.050Z,2025-12-14T15:16:04.050Z
34,0x000a,3.85102e-06,0x00000000,2025-12-14T15:16:04.050Z,2025-12-14T15:16:04.050Z
26,0x000a,7.75969,0x00000000,2025-12-14T15:16:04.050Z,2025-12-14T15:16:04.050Z
25,0x000a,5.59968,0x00000000,2025-12-14T15:16:04.050Z,2025-12-14T15:16:04.050Z
23,0x000a,2.13277,0x00000000,2025-12-14T15:16:04.050Z,2025-12-14T15:16:04.050Z
22,0x000a,1.55921,0x00000000,2025-12-14T15:16:04.050Z,2025-12-14T15:16:04.050Z
21,0x000a,3.85102e-06,0x00000000,2025-12-14T15:16:04.050Z,2025-12-14T15:16:04.050Z
8,0x0004,21454,0x00000000,2025-12-14T15:16:04.050Z,2025-12-14T15:16:04.050Z
7,0x0004,15482,0x00000000,2025-12-14T15:16:04.050Z,2025-12-14T15:16:04.050Z
39,0x000a,2.10142,0x00000000,2025-12-14T15:16:04.151Z,2025-12-14T15:16:04.151Z
38,0x000a,1.50102,0x00000000,2025-12-14T15:16:04.151Z,2025-12-14T15:16:04.151Z
36,0x000a,3.41556,0x00000000,2025-12-14T15:16:04.151Z,2025-12-14T15:16:04.151Z
35,0x000a,2.47954,0x00000000,2025-12-14T15:16:04.151Z,2025-12-14T15:16:04.151Z
34,0x000a,1.92551e-06,0x00000000,2025-12-14T15:16:04.151Z,2025-12-14T15:16:04.151Z
26,0x000a,7.96983,0x00000000,2025-12-14T15:16:04.151Z,2025-12-14T15:16:04.151Z
25,0x000a,5.74978,0x00000000,2025-12-14T15:16:04.151Z,2025-12-14T15:16:04.151Z
23,0x000a,3.41556,0x00000000,2025-12-14T15:16:04.151Z,2025-12-14T15:16:04.151Z
22,0x000a,2.47954,0x00000000,2025-12-14T15:16:04.151Z,2025-12-14T15:16:04.151Z
21,0x000a,1.92551e-06,0x00000000,2025-12-14T15:16:04.151Z,2025-12-14T15:16:04.151Z
8,0x0004,22035,0x00000000,2025-12-14T15:16:04.151Z,2025-12-14T15:16:04.151Z
7,0x0004,15897,0x00000000,2025-12-14T15:16:04.151Z,2025-12-14T15:16:04.151Z
39,0x000a,2.19907,0x00000000,2025-12-14T15:16:04.251Z,2025-12-14T15:16:04.251Z
38,0x000a,1.50101,0x00000000,2025-12-14T15:16:04.251Z,2025-12-14T15:16:04.251Z
36,0x000a,2.75849,0x00000000,2025-12-14T15:16:04.251Z,2025-12-14T15:16:04.251Z
35,0x000a,1.99028,0x00000000,2025-12-14T15:16:04.251Z,2025-12-14T15:16:04.251Z
34,0x000a,9.62755e-07,0x00000000,2025-12-14T15:16:04.251Z,2025-12-14T15:16:04.251Z
26,0x000a,8.18974,0x00000000,2025-12-14T15:16:04.251Z,2025-12-14T15:16:04.251Z
25,0x000a,5.89988,0x00000000,2025-12-14T15:16:04.251Z,2025-12-14T15:16:04.251Z
23,0x000a,2.75849,0x00000000,2025-12-14T15:16:04.251Z,2025-12-14T15:16:04.251Z
22,0x000a,1.99028,0x00000000,2025-12-14T15:16:04.251Z,2025-12-14T15:16:04.251Z
21,0x000a,9.62755e-07,0x00000000,2025-12-14T15:16:04.251Z,2025-12-14T15:16:04.251Z
8,0x0004,22643,0x00000000,2025-12-14T15:16:04.251Z,2025-12-14T15:16:04.251Z
7,0x0004,16312,0x00000000,2025-12-14T15:16:04.251Z,2025-12-14T15:16:04.251Z
39,0x000a,2.10142,0x00000000,2025-12-14T15:16:04.351Z,2025-12-14T15:16:04.351Z
38,0x000a,1.59867,0x00000000,2025-12-14T15:16:04.351Z,2025-12-14T15:16:04.351Z
36,0x000a,2.47878,0x00000000,2025-12-14T15:16:04.351Z,2025-12-14T15:16:04.351Z
35,0x000a,1.74565,0x00000000,2025-12-14T15:16:04.351Z,2025-12-14T15:16:04.351Z
34,0x000a,4.81377e-07,0x00000000,2025-12-14T15:16:04.351Z,2025-12-14T15:16:04.351Z
26,0x000a,8.39988,0x00000000,2025-12-14T15:16:04.351Z,2025-12-14T15:16:04.351Z
25,0x000a,6.05975,0x00000000,2025-12-14T15:16:04.351Z,2025-12-14T15:16:04.351Z
23,0x000a,2.47878,0x00000000,2025-12-14T15:16:04.351Z,2025-12-14T15:16:04.351Z
22,0x000a,1.74565,0x00000000,2025-12-14T15:16:04.351Z,2025-12-14T15:16:04.351Z
21,0x000a,4.81377e-07,0x00000000,2025-12-14T15:16:04.351Z,2025-12-14T15:16:04.351Z
8,0x0004,23224,0x00000000,2025-12-14T15:16:04.351Z,2025-12-14T15:16:04.351Z
7,0x0004,16754,0x00000000,2025-12-14T15:16:04.351Z,2025-12-14T15:16:04.351Z
39,0x000a,2.0978,0x00000000,2025-12-14T15:16:04.451Z,2025-12-14T15:16:04.451Z
38,0x000a,1.50101,0x00000000,2025-12-14T15:16:04.451Z,2025-12-14T15:16:04.451Z
36,0x000a,2.2901,0x00000000,2025-12-14T15:16:04.451Z,2025-12-14T15:16:04.451Z
35,0x000a,1.67216,0x00000000,2025-12-14T15:16:04.451Z,2025-12-14T15:16:04.451Z
34,0x000a,2.40689e-07,0x00000000,2025-12-14T15:16:04.451Z,2025-12-14T15:16:04.451Z
26,0x000a,8.60966,0x00000000,2025-12-14T15:16:04.451Z,2025-12-14T15:16:04.451Z
25,0x000a,6.20985,0x00000000,2025-12-14T15:16:04.451Z,2025-12-14T15:16:04.451Z
23,0x000a,2.2901,0x00000000,2025-12-14T15:16:04.451Z,2025-12-14T15:16:04.451Z
22,0x000a,1.67216,0x00000000,2025-12-14T15:16:04.451Z,2025-12-14T15:16:04.451Z
21,0x000a,2.40689e-07,0x00000000,2025-12-14T15:16:04.451Z,2025-12-14T15:16:04.451Z
8,0x0004,23804,0x00000000,2025-12-14T15:16:04.451Z,2025-12-14T15:16:04.451Z
7,0x0004,17169,0x00000000,2025-12-14T15:16:04.451Z,2025-12-14T15:16:04.451Z
39,0x000a,2.10142,0x00000000,2025-12-14T15:16:04.650Z,2025-12-14T15:16:04.650Z
36,0x000a,2.19395,0x00000000,2025-12-14T15:16:04.552Z,2025-12-14T15:16:04.552Z
35,0x000a,1.58658,0x00000000,2025-12-14T15:16:04.552Z,2025-12-14T15:16:04.552Z
34,0x000a,1.20344e-07,0x00000000,2025-12-14T15:16:04.552Z,2025-12-14T15:16:04.552Z
26,0x000a,8.81981,0x00000000,2025-12-14T15:16:04.552Z,2025-12-14T15:16:04.552Z
26,0x000a,9.03971,0x00000000,2025-12-14T15:16:04.650Z,2025-12-14T15:16:04.650Z
25,0x000a,6.35995,0x00000000,2025-12-14T15:16:04.552Z,2025-12-14T15:16:04.552Z
25,0x000a,6.51982,0x00000000,2025-12-14T15:16:04.650Z,2025-12-14T15:16:04.650Z
23,0x000a,2.19395,0x00000000,2025-12-14T15:16:04.552Z,2025-12-14T15:16:04.552Z
22,0x000a,1.58658,0x00000000,2025-12-14T15:16:04.552Z,2025-12-14T15:16:04.552Z
21,0x000a,1.20344e-07,0x00000000,2025-12-14T15:16:04.552Z,2025-12-14T15:16:04.552Z
8,0x0004,24385,0x00000000,2025-12-14T15:16:04.552Z,2025-12-14T15:16:04.552Z
8,0x0004,24993,0x00000000,2025-12-14T15:16:04.650Z,2025-12-14T15:16:04.650Z
7,0x0004,17584,0x00000000,2025-12-14T15:16:04.552Z,2025-12-14T15:16:04.552Z
7,0x0004,18026,0x00000000,2025-12-14T15:16:04.650Z,2025-12-14T15:16:04.650Z
39,0x000a,2.19907,0x00000000,2025-12-14T15:16:04.750Z,2025-12-14T15:16:04.750Z
38,0x000a,1.59867,0x00000000,2025-12-14T15:16:04.750Z,2025-12-14T15:16:04.750Z
36,0x000a,2.14769,0x00000000,2025-12-14T15:16:04.750Z,2025-12-14T15:16:04.750Z
35,0x000a,1.5438,0x00000000,2025-12-14T15:16:04.750Z,2025-12-14T15:16:04.750Z
34,0x000a,6.01722e-08,0x00000000,2025-12-14T15:16:04.750Z,2025-12-14T15:16:04.750Z
26,0x000a,9.24986,0x00000000,2025-12-14T15:16:04.750Z,2025-12-14T15:16:04.750Z
25,0x000a,6.66992,0x00000000,2025-12-14T15:16:04.750Z,2025-12-14T15:16:04.750Z
23,0x000a,2.14769,0x00000000,2025-12-14T15:16:04.750Z,2025-12-14T15:16:04.750Z
22,0x000a,1.5438,0x00000000,2025-12-14T15:16:04.750Z,2025-12-14T15:16:04.750Z
21,0x000a,6.01722e-08,0x00000000,2025-12-14T15:16:04.750Z,2025-12-14T15:16:04.750Z
8,0x0004,25574,0x00000000,2025-12-14T15:16:04.750Z,2025-12-14T15:16:04.750Z
7,0x0004,18441,0x00000000,2025-12-14T15:16:04.750Z,2025-12-14T15:16:04.750Z
39,0x000a,2.10142,0x00000000,2025-12-14T15:16:04.852Z,2025-12-14T15:16:04.852Z
38,0x000a,1.50101,0x00000000,2025-12-14T15:16:04.852Z,2025-12-14T15:16:04.852Z
36,0x000a,2.17338,0x00000000,2025-12-14T15:16:04.852Z,2025-12-14T15:16:04.852Z
35,0x000a,1.57124,0x00000000,2025-12-14T15:16:04.852Z,2025-12-14T15:16:04.852Z
34,0x000a,3.00861e-08,0x00000000,2025-12-14T15:16:04.852Z,2025-12-14T15:16:04.852Z
26,0x000a,9.50991,0x00000000,2025-12-14T15:16:04.852Z,2025-12-14T15:16:04.852Z
25,0x000a,6.84968,0x00000000,2025-12-14T15:16:04.852Z,2025-12-14T15:16:04.852Z
23,0x000a,2.17338,0x00000000,2025-12-14T15:16:04.852Z,2025-12-14T15:16:04.852Z
22,0x000a,1.57124,0x00000000,2025-12-14T15:16:04.852Z,2025-12-14T15:16:04.852Z
21,0x000a,3.00861e-08,0x00000000,2025-12-14T15:16:04.852Z,2025-12-14T15:16:04.852Z
8,0x0004,26293,0x00000000,2025-12-14T15:16:04.852Z,2025-12-14T15:16:04.852Z
7,0x0004,18938,0x00000000,2025-12-14T15:16:04.852Z,2025-12-14T15:16:04.852Z
39,0x000a,2.60056,0x00000000,2025-12-14T15:16:04.951Z,2025-12-14T15:16:04.951Z
38,0x000a,1.7976,0x00000000,2025-12-14T15:16:04.951Z,2025-12-14T15:16:04.951Z
36,0x000a,2.1374,0x00000000,2025-12-14T15:16:04.951Z,2025-12-14T15:16:04.951Z
35,0x000a,1.53612,0x00000000,2025-12-14T15:16:04.951Z,2025-12-14T15:16:04.951Z
34,0x000a,1.5043e-08,0x00000000,2025-12-14T15:16:04.951Z,2025-12-14T15:16:04.951Z
26,0x000a,9.71969,0x00000000,2025-12-14T15:16:04.951Z,2025-12-14T15:16:04.951Z
25,0x000a,7.00991,0x00000000,2025-12-14T15:16:04.951Z,2025-12-14T15:16:04.951Z
23,0x000a,2.1374,0x00000000,2025-12-14T15:16:04.951Z,2025-12-14T15:16:04.951Z
22,0x000a,1.53612,0x00000000,2025-12-14T15:16:04.951Z,2025-12-14T15:16:04.951Z
21,0x000a,1.5043e-08,0x00000000,2025-12-14T15:16:04.951Z,2025-12-14T15:16:04.951Z
17,0x0001,false,0x00000000,2025-12-14T15:16:04.951Z,2025-12-14T15:16:04.951Z
8,0x0004,26873,0x00000000,2025-12-14T15:16:04.951Z,2025-12-14T15:16:04.951Z
7,0x0004,19381,0x00000000,2025-12-14T15:16:04.951Z,2025-12-14T15:16:04.951Z
39,0x000a,2.0978,0x00000000,2025-12-14T15:16:05.051Z,2025-12-14T15:16:05.051Z
38,0x000a,1.60229,0x00000000,2025-12-14T15:16:05.051Z,2025-12-14T15:16:05.051Z
36,0x000a,2.36898,0x00000000,2025-12-14T15:16:05.051Z,2025-12-14T15:16:05.051Z
35,0x000a,1.66686,0x00000000,2025-12-14T15:16:05.051Z,2025-12-14T15:16:05.051Z
34,0x000a,7.52152e-09,0x00000000,2025-12-14T15:16:05.051Z,2025-12-14T15:16:05.051Z
26,0x000a,9.92983,0x00000000,2025-12-14T15:16:05.051Z,2025-12-14T15:16:05.051Z
25,0x000a,7.15965,0x00000000,2025-12-14T15:16:05.051Z,2025-12-14T15:16:05.051Z
23,0x000a,2.36898,0x00000000,2025-12-14T15:16:05.051Z,2025-12-14T15:16:05.051Z
22,0x000a,1.66686,0x00000000,2025-12-14T15:16:05.051Z,2025-12-14T15:16:05.051Z
21,0x000a,7.52152e-09,0x00000000,2025-12-14T15:16:05.051Z,2025-12-14T15:16:05.051Z
8,0x0004,27454,0x00000000,2025-12-14T15:16:05.051Z,2025-12-14T15:16:05.051Z
7,0x0004,19795,0x00000000,2025-12-14T15:16:05.051Z,2025-12-14T15:16:05.051Z
39,0x000a,2.8031,0x00000000,2025-12-14T15:16:05.152Z,2025-12-14T15:16:05.152Z
38,0x000a,3.29861,0x00000000,2025-12-14T15:16:05.152Z,2025-12-14T15:16:05.152Z
36,0x000a,2.23339,0x00000000,2025-12-14T15:16:05.152Z,2025-12-14T15:16:05.152Z
35,0x000a,1.63457,0x00000000,2025-12-14T15:16:05.152Z,2025-12-14T15:16:05.152Z
34,0x000a,3.76076e-09,0x00000000,2025-12-14T15:16:05.152Z,2025-12-14T15:16:05.152Z
26,0x000a,10,0x00000000,2025-12-14T15:16:05.152Z,2025-12-14T15:16:05.152Z
25,0x000a,7.33977,0x00000000,2025-12-14T15:16:05.152Z,2025-12-14T15:16:05.152Z
23,0x000a,2.23339,0x00000000,2025-12-14T15:16:05.152Z,2025-12-14T15:16:05.152Z
22,0x000a,1.63457,0x00000000,2025-12-14T15:16:05.152Z,2025-12-14T15:16:05.152Z
21,0x000a,3.76076e-09,0x00000000,2025-12-14T15:16:05.152Z,2025-12-14T15:16:05.152Z
8,0x0004,27648,0x00000000,2025-12-14T15:16:05.152Z,2025-12-14T15:16:05.152Z
7,0x0004,20293,0x00000000,2025-12-14T15:16:05.152Z,2025-12-14T15:16:05.152Z
39,0x000a,0,0x00000000,2025-12-14T15:16:05.252Z,2025-12-14T15:16:05.252Z
38,0x000a,1.60229,0x00000000,2025-12-14T15:16:05.252Z,2025-12-14T15:16:05.252Z
36,0x000a,2.51824,0x00000000,2025-12-14T15:16:05.252Z,2025-12-14T15:16:05.252Z
35,0x000a,2.46659,0x00000000,2025-12-14T15:16:05.252Z,2025-12-14T15:16:05.252Z
34,0x000a,1.88038e-09,0x00000000,2025-12-14T15:16:05.252Z,2025-12-14T15:16:05.252Z
25,0x000a,7.5,0x00000000,2025-12-14T15:16:05.252Z,2025-12-14T15:16:05.252Z
23,0x000a,2.51824,0x00000000,2025-12-14T15:16:05.252Z,2025-12-14T15:16:05.252Z
22,0x000a,2.46659,0x00000000,2025-12-14T15:16:05.252Z,2025-12-14T15:16:05.252Z
21,0x000a,1.88038e-09,0x00000000,2025-12-14T15:16:05.252Z,2025-12-14T15:16:05.252Z
7,0x0004,20736,0x00000000,2025-12-14T15:16:05.252Z,2025-12-14T15:16:05.252Z
38,0x000a,1.49739,0x00000000,2025-12-14T15:16:05.351Z,2025-12-14T15:16:05.351Z
36,0x000a,1.25912,0x00000000,2025-12-14T15:16:05.351Z,2025-12-14T15:16:05.351Z
35,0x000a,2.03444,0x00000000,2025-12-14T15:16:05.351Z,2025-12-14T15:16:05.351Z
34,0x000a,9.4019e-10,0x00000000,2025-12-14T15:16:05.351Z,2025-12-14T15:16:05.351Z
25,0x000a,7.64974,0x00000000,2025-12-14T15:16:05.351Z,2025-12-14T15:16:05.351Z
23,0x000a,1.25912,0x00000000,2025-12-14T15:16:05.351Z,2025-12-14T15:16:05.351Z
22,0x000a,2.03444,0x00000000,2025-12-14T15:16:05.351Z,2025-12-14T15:16:05.351Z
21,0x000a,9.4019e-10,0x00000000,2025-12-14T15:16:05.351Z,2025-12-14T15:16:05.351Z
7,0x0004,21150,0x00000000,2025-12-14T15:16:05.351Z,2025-12-14T15:16:05.351Z
42,0x0001,true,0x00000000,2025-12-14T15:16:05.450Z,2025-12-14T15:16:05.450Z
36,0x000a,0.62956,0x00000000,2025-12-14T15:16:05.450Z,2025-12-14T15:16:05.450Z
35,0x000a,1.76592,0x00000000,2025-12-14T15:16:05.450Z,2025-12-14T15:16:05.450Z
34,0x000a,4.70095e-10,0x00000000,2025-12-14T15:16:05.450Z,2025-12-14T15:16:05.450Z
25,0x000a,7.79984,0x00000000,2025-12-14T15:16:05.450Z,2025-12-14T15:16:05.450Z
23,0x000a,0.62956,0x00000000,2025-12-14T15:16:05.450Z,2025-12-14T15:16:05.450Z
22,0x000a,1.76592,0x00000000,2025-12-14T15:16:05.450Z,2025-12-14T15:16:05.450Z
21,0x000a,4.70095e-10,0x00000000,2025-12-14T15:16:05.450Z,2025-12-14T15:16:05.450Z
7,0x0004,21565,0x00000000,2025-12-14T15:16:05.450Z,2025-12-14T15:16:05.450Z
38,0x000a,1.50102,0x00000000,2025-12-14T15:16:05.550Z,2025-12-14T15:16:05.550Z
25,0x000a,7.95971,0x00000000,2025-12-14T15:16:05.550Z,2025-12-14T15:16:05.550Z
7,0x0004,22007,0x00000000,2025-12-14T15:16:05.550Z,2025-12-14T15:16:05.550Z
38,0x000a,1.59867,0x00000000,2025-12-14T15:16:05.652Z,2025-12-14T15:16:05.652Z
36,0x000a,0.31478,0x00000000,2025-12-14T15:16:05.652Z,2025-12-14T15:16:05.652Z
35,0x000a,1.63347,0x00000000,2025-12-14T15:16:05.652Z,2025-12-14T15:16:05.652Z
34,0x000a,2.35048e-10,0x00000000,2025-12-14T15:16:05.652Z,2025-12-14T15:16:05.652Z
25,0x000a,8.10981,0x00000000,2025-12-14T15:16:05.652Z,2025-12-14T15:16:05.652Z
23,0x000a,0.31478,0x00000000,2025-12-14T15:16:05.652Z,2025-12-14T15:16:05.652Z
22,0x000a,1.63347,0x00000000,2025-12-14T15:16:05.652Z,2025-12-14T15:16:05.652Z
21,0x000a,2.35048e-10,0x00000000,2025-12-14T15:16:05.652Z,2025-12-14T15:16:05.652Z
7,0x0004,22422,0x00000000,2025-12-14T15:16:05.652Z,2025-12-14T15:16:05.652Z
38,0x000a,1.50101,0x00000000,2025-12-14T15:16:05.750Z,2025-12-14T15:16:05.750Z
36,0x000a,0.15739,0x00000000,2025-12-14T15:16:05.750Z,2025-12-14T15:16:05.750Z
35,0x000a,1.61607,0x00000000,2025-12-14T15:16:05.750Z,2025-12-14T15:16:05.750Z
34,0x000a,1.17524e-10,0x00000000,2025-12-14T15:16:05.750Z,2025-12-14T15:16:05.750Z
25,0x000a,8.25991,0x00000000,2025-12-14T15:16:05.750Z,2025-12-14T15:16:05.750Z
23,0x000a,0.15739,0x00000000,2025-12-14T15:16:05.750Z,2025-12-14T15:16:05.750Z
22,0x000a,1.61607,0x00000000,2025-12-14T15:16:05.750Z,2025-12-14T15:16:05.750Z
21,0x000a,1.17524e-10,0x00000000,2025-12-14T15:16:05.750Z,2025-12-14T15:16:05.750Z
7,0x0004,22837,0x00000000,2025-12-14T15:16:05.750Z,2025-12-14T15:16:05.750Z
38,0x000a,1.50102,0x00000000,2025-12-14T15:16:05.851Z,2025-12-14T15:16:05.851Z
36,0x000a,0.0786951,0x00000000,2025-12-14T15:16:05.851Z,2025-12-14T15:16:05.851Z
35,0x000a,1.55854,0x00000000,2025-12-14T15:16:05.851Z,2025-12-14T15:16:05.851Z
34,0x000a,5.87619e-11,0x00000000,2025-12-14T15:16:05.851Z,2025-12-14T15:16:05.851Z
25,0x000a,8.41978,0x00000000,2025-12-14T15:16:05.851Z,2025-12-14T15:16:05.851Z
23,0x000a,0.0786951,0x00000000,2025-12-14T15:16:05.851Z,2025-12-14T15:16:05.851Z
22,0x000a,1.55854,0x00000000,2025-12-14T15:16:05.851Z,2025-12-14T15:16:05.851Z
21,0x000a,5.87619e-11,0x00000000,2025-12-14T15:16:05.851Z,2025-12-14T15:16:05.851Z
7,0x0004,23279,0x00000000,2025-12-14T15:16:05.851Z,2025-12-14T15:16:05.851Z
38,0x000a,1.59866,0x00000000,2025-12-14T15:16:05.950Z,2025-12-14T15:16:05.950Z
36,0x000a,0.0393475,0x00000000,2025-12-14T15:16:05.950Z,2025-12-14T15:16:05.950Z
35,0x000a,1.52978,0x00000000,2025-12-14T15:16:05.950Z,2025-12-14T15:16:05.950Z
34,0x000a,2.93809e-11,0x00000000,2025-12-14T15:16:05.950Z,2025-12-14T15:16:05.950Z
25,0x000a,8.5999,0x00000000,2025-12-14T15:16:05.950Z,2025-12-14T15:16:05.950Z
23,0x000a,0.0393475,0x00000000,2025-12-14T15:16:05.950Z,2025-12-14T15:16:05.950Z
22,0x000a,1.52978,0x00000000,2025-12-14T15:16:05.950Z,2025-12-14T15:16:05.950Z
21,0x000a,2.93809e-11,0x00000000,2025-12-14T15:16:05.950Z,2025-12-14T15:16:05.950Z
7,0x0004,23777,0x00000000,2025-12-14T15:16:05.950Z,2025-12-14T15:16:05.950Z
38,0x000a,1.80121,0x00000000,2025-12-14T15:16:06.052Z,2025-12-14T15:16:06.052Z
38,0x000a,1.59867,0x00000000,2025-12-14T15:16:06.152Z,2025-12-14T15:16:06.152Z
36,0x000a,0.0196738,0x00000000,2025-12-14T15:16:06.052Z,2025-12-14T15:16:06.052Z
36,0x000a,0.00983688,0x00000000,2025-12-14T15:16:06.152Z,2025-12-14T15:16:06.152Z
35,0x000a,1.56422,0x00000000,2025-12-14T15:16:06.052Z,2025-12-14T15:16:06.052Z
35,0x000a,1.68272,0x00000000,2025-12-14T15:16:06.152Z,2025-12-14T15:16:06.152Z
34,0x000a,1.46905e-11,0x00000000,2025-12-14T15:16:06.052Z,2025-12-14T15:16:06.052Z
34,0x000a,7.34524e-12,0x00000000,2025-12-14T15:16:06.152Z,2025-12-14T15:16:06.152Z
25,0x000a,8.75977,0x00000000,2025-12-14T15:16:06.052Z,2025-12-14T15:16:06.052Z
25,0x000a,8.90987,0x00000000,2025-12-14T15:16:06.152Z,2025-12-14T15:16:06.152Z
23,0x000a,0.0196738,0x00000000,2025-12-14T15:16:06.052Z,2025-12-14T15:16:06.052Z
23,0x000a,0.00983688,0x00000000,2025-12-14T15:16:06.152Z,2025-12-14T15:16:06.152Z
22,0x000a,1.56422,0x00000000,2025-12-14T15:16:06.052Z,2025-12-14T15:16:06.052Z
22,0x000a,1.68272,0x00000000,2025-12-14T15:16:06.152Z,2025-12-14T15:16:06.152Z
21,0x000a,1.46905e-11,0x00000000,2025-12-14T15:16:06.052Z,2025-12-14T15:16:06.052Z
21,0x000a,7.34524e-12,0x00000000,2025-12-14T15:16:06.152Z,2025-12-14T15:16:06.152Z
15,0x0001,false,0x00000000,2025-12-14T15:16:06.052Z,2025-12-14T15:16:06.052Z
7,0x0004,24219,0x00000000,2025-12-14T15:16:06.052Z,2025-12-14T15:16:06.052Z
7,0x0004,24634,0x00000000,2025-12-14T15:16:06.152Z,2025-12-14T15:16:06.152Z
36,0x000a,0.00491844,0x00000000,2025-12-14T15:16:06.250Z,2025-12-14T15:16:06.250Z
35,0x000a,1.6407,0x00000000,2025-12-14T15:16:06.250Z,2025-12-14T15:16:06.250Z
34,0x000a,3.67262e-12,0x00000000,2025-12-14T15:16:06.250Z,2025-12-14T15:16:06.250Z
23,0x000a,0.00491844,0x00000000,2025-12-14T15:16:06.250Z,2025-12-14T15:16:06.250Z
22,0x000a,1.6407,0x00000000,2025-12-14T15:16:06.250Z,2025-12-14T15:16:06.250Z
21,0x000a,3.67262e-12,0x00000000,2025-12-14T15:16:06.250Z,2025-12-14T15:16:06.250Z
38,0x000a,2.10141,0x00000000,2025-12-14T15:16:06.351Z,2025-12-14T15:16:06.351Z
25,0x000a,8.96991,0x00000000,2025-12-14T15:16:06.351Z,2025-12-14T15:16:06.351Z
7,0x0004,24800,0x00000000,2025-12-14T15:16:06.351Z,2025-12-14T15:16:06.351Z
38,0x000a,0,0x00000000,2025-12-14T15:16:06.452Z,2025-12-14T15:16:06.452Z
36,0x000a,0.00245922,0x00000000,2025-12-14T15:16:06.452Z,2025-12-14T15:16:06.452Z
35,0x000a,1.87105,0x00000000,2025-12-14T15:16:06.452Z,2025-12-14T15:16:06.452Z
34,0x000a,1.83631e-12,0x00000000,2025-12-14T15:16:06.452Z,2025-12-14T15:16:06.452Z
23,0x000a,0.00245922,0x00000000,2025-12-14T15:16:06.452Z,2025-12-14T15:16:06.452Z
22,0x000a,1.87105,0x00000000,2025-12-14T15:16:06.452Z,2025-12-14T15:16:06.452Z
21,0x000a,1.83631e-12,0x00000000,2025-12-14T15:16:06.452Z,2025-12-14T15:16:06.452Z
41,0x0001,true,0x00000000,2025-12-14T15:16:06.552Z,2025-12-14T15:16:06.552Z
36,0x000a,0.00122961,0x00000000,2025-12-14T15:16:06.552Z,2025-12-14T15:16:06.552Z
35,0x000a,0.935527,0x00000000,2025-12-14T15:16:06.552Z,2025-12-14T15:16:06.552Z
34,0x000a,9.18155e-13,0x00000000,2025-12-14T15:16:06.552Z,2025-12-14T15:16:06.552Z
27,0x0001,true,0x00000000,2025-12-14T15:16:06.552Z,2025-12-14T15:16:06.552Z
23,0x000a,0.00122961,0x00000000,2025-12-14T15:16:06.552Z,2025-12-14T15:16:06.552Z
22,0x000a,0.935527,0x00000000,2025-12-14T15:16:06.552Z,2025-12-14T15:16:06.552Z
21,0x000a,9.18155e-13,0x00000000,2025-12-14T15:16:06.552Z,2025-12-14T15:16:06.552Z
4,0x000a,5,0x00000000,2025-12-14T15:16:06.552Z,2025-12-14T15:16:06.552Z
3,0x000a,5,0x00000000,2025-12-14T15:16:06.552Z,2025-12-14T15:16:06.552Z
2,0x000a,5,0x00000000,2025-12-14T15:16:06.552Z,2025-12-14T15:16:06.552Z
42,0x0001,false,0x00000000,2025-12-14T15:16:06.651Z,2025-12-14T15:16:06.651Z
41,0x0001,false,0x00000000,2025-12-14T15:16:06.651Z,2025-12-14T15:16:06.651Z
40,0x0001,false,0x00000000,2025-12-14T15:16:06.651Z,2025-12-14T15:16:06.651Z
36,0x000a,0.000614805,0x00000000,2025-12-14T15:16:06.651Z,2025-12-14T15:16:06.651Z
35,0x000a,0.467763,0x00000000,2025-12-14T15:16:06.651Z,2025-12-14T15:16:06.651Z
34,0x000a,4.59077e-13,0x00000000,2025-12-14T15:16:06.651Z,2025-12-14T15:16:06.651Z
27,0x0001,false,0x00000000,2025-12-14T15:16:06.651Z,2025-12-14T15:16:06.651Z
23,0x000a,0.000614805,0x00000000,2025-12-14T15:16:06.651Z,2025-12-14T15:16:06.651Z
22,0x000a,0.467763,0x00000000,2025-12-14T15:16:06.651Z,2025-12-14T15:16:06.651Z
21,0x000a,4.59077e-13,0x00000000,2025-12-14T15:16:06.651Z,2025-12-14T15:16:06.651Z
18,0x0001,true,0x00000000,2025-12-14T15:16:06.651Z,2025-12-14T15:16:06.651Z
16,0x0001,true,0x00000000,2025-12-14T15:16:06.651Z,2025-12-14T15:16:06.651Z
14,0x0001,true,0x00000000,2025-12-14T15:16:06.651Z,2025-12-14T15:16:06.651Z
36,0x000a,0.000307403,0x00000000,2025-12-14T15:16:06.751Z,2025-12-14T15:16:06.751Z
35,0x000a,0.233882,0x00000000,2025-12-14T15:16:06.751Z,2025-12-14T15:16:06.751Z
34,0x000a,2.29539e-13,0x00000000,2025-12-14T15:16:06.751Z,2025-12-14T15:16:06.751Z
23,0x000a,0.000307403,0x00000000,2025-12-14T15:16:06.751Z,2025-12-14T15:16:06.751Z
22,0x000a,0.233882,0x00000000,2025-12-14T15:16:06.751Z,2025-12-14T15:16:06.751Z
21,0x000a,2.29539e-13,0x00000000,2025-12-14T15:16:06.751Z,2025-12-14T15:16:06.751Z
39,0x000a,-0.600405,0x00000000,2025-12-14T15:16:06.853Z,2025-12-14T15:16:06.853Z
38,0x000a,-0.900602,0x00000000,2025-12-14T15:16:06.853Z,2025-12-14T15:16:06.853Z
37,0x000a,-1.69994,0x00000000,2025-12-14T15:16:06.853Z,2025-12-14T15:16:06.853Z
36,0x000a,0.000153701,0x00000000,2025-12-14T15:16:06.853Z,2025-12-14T15:16:06.853Z
35,0x000a,0.116941,0x00000000,2025-12-14T15:16:06.853Z,2025-12-14T15:16:06.853Z
34,0x000a,1.14769e-13,0x00000000,2025-12-14T15:16:06.853Z,2025-12-14T15:16:06.853Z
26,0x000a,9.93996,0x00000000,2025-12-14T15:16:06.853Z,2025-12-14T15:16:06.853Z
25,0x000a,8.87985,0x00000000,2025-12-14T15:16:06.853Z,2025-12-14T15:16:06.853Z
24,0x000a,8.0599,0x00000000,2025-12-14T15:16:06.853Z,2025-12-14T15:16:06.853Z
23,0x000a,0.000153701,0x00000000,2025-12-14T15:16:06.853Z,2025-12-14T15:16:06.853Z
22,0x000a,0.116941,0x00000000,2025-12-14T15:16:06.853Z,2025-12-14T15:16:06.853Z
21,0x000a,1.14769e-13,0x00000000,2025-12-14T15:16:06.853Z,2025-12-14T15:16:06.853Z
8,0x0004,27482,0x00000000,2025-12-14T15:16:06.853Z,2025-12-14T15:16:06.853Z
7,0x0004,24551,0x00000000,2025-12-14T15:16:06.853Z,2025-12-14T15:16:06.853Z
6,0x0004,22284,0x00000000,2025-12-14T15:16:06.853Z,2025-12-14T15:16:06.853Z
39,0x000a,-2.10142,0x00000000,2025-12-14T15:16:06.952Z,2025-12-14T15:16:06.952Z
38,0x000a,-1.59867,0x00000000,2025-12-14T15:16:06.952Z,2025-12-14T15:16:06.952Z
37,0x000a,-2.79948,0x00000000,2025-12-14T15:16:06.952Z,2025-12-14T15:16:06.952Z
36,0x000a,-0.300126,0x00000000,2025-12-14T15:16:06.952Z,2025-12-14T15:16:06.952Z
35,0x000a,-0.391831,0x00000000,2025-12-14T15:16:06.952Z,2025-12-14T15:16:06.952Z
34,0x000a,-0.849972,0x00000000,2025-12-14T15:16:06.952Z,2025-12-14T15:16:06.952Z
26,0x000a,9.72982,0x00000000,2025-12-14T15:16:06.952Z,2025-12-14T15:16:06.952Z
25,0x000a,8.71998,0x00000000,2025-12-14T15:16:06.952Z,2025-12-14T15:16:06.952Z
24,0x000a,7.77995,0x00000000,2025-12-14T15:16:06.952Z,2025-12-14T15:16:06.952Z
23,0x000a,-0.300126,0x00000000,2025-12-14T15:16:06.952Z,2025-12-14T15:16:06.952Z
22,0x000a,-0.391831,0x00000000,2025-12-14T15:16:06.952Z,2025-12-14T15:16:06.952Z
21,0x000a,-0.849972,0x00000000,2025-12-14T15:16:06.952Z,2025-12-14T15:16:06.952Z
8,0x0004,26901,0x00000000,2025-12-14T15:16:06.952Z,2025-12-14T15:16:06.952Z
7,0x0004,24109,0x00000000,2025-12-14T15:16:06.952Z,2025-12-14T15:16:06.952Z
6,0x0004,21510,0x00000000,2025-12-14T15:16:06.952Z,2025-12-14T15:16:06.952Z
39,0x000a,-2.10141,0x00000000,2025-12-14T15:16:07.052Z,2025-12-14T15:16:07.052Z
38,0x000a,-1.50101,0x00000000,2025-12-14T15:16:07.052Z,2025-12-14T15:16:07.052Z
37,0x000a,-2.70182,0x00000000,2025-12-14T15:16:07.052Z,2025-12-14T15:16:07.052Z
36,0x000a,-1.20077,0x00000000,2025-12-14T15:16:07.052Z,2025-12-14T15:16:07.052Z
35,0x000a,-0.995252,0x00000000,2025-12-14T15:16:07.052Z,2025-12-14T15:16:07.052Z
34,0x000a,-1.82472,0x00000000,2025-12-14T15:16:07.052Z,2025-12-14T15:16:07.052Z
26,0x000a,9.51968,0x00000000,2025-12-14T15:16:07.052Z,2025-12-14T15:16:07.052Z
25,0x000a,8.56988,0x00000000,2025-12-14T15:16:07.052Z,2025-12-14T15:16:07.052Z
24,0x000a,7.50977,0x00000000,2025-12-14T15:16:07.052Z,2025-12-14T15:16:07.052Z
23,0x000a,-1.20077,0x00000000,2025-12-14T15:16:07.052Z,2025-12-14T15:16:07.052Z
22,0x000a,-0.995252,0x00000000,2025-12-14T15:16:07.052Z,2025-12-14T15:16:07.052Z
21,0x000a,-1.82472,0x00000000,2025-12-14T15:16:07.052Z,2025-12-14T15:16:07.052Z
8,0x0004,26320,0x00000000,2025-12-14T15:16:07.052Z,2025-12-14T15:16:07.052Z
7,0x0004,23694,0x00000000,2025-12-14T15:16:07.052Z,2025-12-14T15:16:07.052Z
6,0x0004,20763,0x00000000,2025-12-14T15:16:07.052Z,2025-12-14T15:16:07.052Z
36,0x000a,-1.65109,0x00000000,2025-12-14T15:16:07.151Z,2025-12-14T15:16:07.151Z
35,0x000a,-1.24813,0x00000000,2025-12-14T15:16:07.151Z,2025-12-14T15:16:07.151Z
34,0x000a,-2.26327,0x00000000,2025-12-14T15:16:07.151Z,2025-12-14T15:16:07.151Z
26,0x000a,9.3099,0x00000000,2025-12-14T15:16:07.151Z,2025-12-14T15:16:07.151Z
25,0x000a,8.41978,0x00000000,2025-12-14T15:16:07.151Z,2025-12-14T15:16:07.151Z
24,0x000a,7.22982,0x00000000,2025-12-14T15:16:07.151Z,2025-12-14T15:16:07.151Z
23,0x000a,-1.65109,0x00000000,2025-12-14T15:16:07.151Z,2025-12-14T15:16:07.151Z
22,0x000a,-1.24813,0x00000000,2025-12-14T15:16:07.151Z,2025-12-14T15:16:07.151Z
21,0x000a,-2.26327,0x00000000,2025-12-14T15:16:07.151Z,2025-12-14T15:16:07.151Z
8,0x0004,25740,0x00000000,2025-12-14T15:16:07.151Z,2025-12-14T15:16:07.151Z
7,0x0004,23279,0x00000000,2025-12-14T15:16:07.151Z,2025-12-14T15:16:07.151Z
6,0x0004,19989,0x00000000,2025-12-14T15:16:07.151Z,2025-12-14T15:16:07.151Z
39,0x000a,-2.09781,0x00000000,2025-12-14T15:16:07.252Z,2025-12-14T15:16:07.252Z
38,0x000a,-1.50102,0x00000000,2025-12-14T15:16:07.252Z,2025-12-14T15:16:07.252Z
37,0x000a,-2.79948,0x00000000,2025-12-14T15:16:07.252Z,2025-12-14T15:16:07.252Z
26,0x000a,9.08999,0x00000000,2025-12-14T15:16:07.252Z,2025-12-14T15:16:07.252Z
25,0x000a,8.25991,0x00000000,2025-12-14T15:16:07.252Z,2025-12-14T15:16:07.252Z
24,0x000a,6.96,0x00000000,2025-12-14T15:16:07.252Z,2025-12-14T15:16:07.252Z
8,0x0004,25132,0x00000000,2025-12-14T15:16:07.252Z,2025-12-14T15:16:07.252Z
7,0x0004,22837,0x00000000,2025-12-14T15:16:07.252Z,2025-12-14T15:16:07.252Z
6,0x0004,19243,0x00000000,2025-12-14T15:16:07.252Z,2025-12-14T15:16:07.252Z
39,0x000a,-2.19907,0x00000000,2025-12-14T15:16:07.350Z,2025-12-14T15:16:07.350Z
38,0x000a,-1.59866,0x00000000,2025-12-14T15:16:07.350Z,2025-12-14T15:16:07.350Z
37,0x000a,-2.6982,0x00000000,2025-12-14T15:16:07.350Z,2025-12-14T15:16:07.350Z
36,0x000a,-1.87445,0x00000000,2025-12-14T15:16:07.350Z,2025-12-14T15:16:07.350Z
35,0x000a,-1.37457,0x00000000,2025-12-14T15:16:07.350Z,2025-12-14T15:16:07.350Z
34,0x000a,-2.53138,0x00000000,2025-12-14T15:16:07.350Z,2025-12-14T15:16:07.350Z
26,0x000a,8.8397,0x00000000,2025-12-14T15:16:07.350Z,2025-12-14T15:16:07.350Z
25,0x000a,8.07979,0x00000000,2025-12-14T15:16:07.350Z,2025-12-14T15:16:07.350Z
24,0x000a,6.62977,0x00000000,2025-12-14T15:16:07.350Z,2025-12-14T15:16:07.350Z
23,0x000a,-1.87445,0x00000000,2025-12-14T15:16:07.350Z,2025-12-14T15:16:07.350Z
22,0x000a,-1.37457,0x00000000,2025-12-14T15:16:07.350Z,2025-12-14T15:16:07.350Z
21,0x000a,-2.53138,0x00000000,2025-12-14T15:16:07.350Z,2025-12-14T15:16:07.350Z
8,0x0004,24440,0x00000000,2025-12-14T15:16:07.350Z,2025-12-14T15:16:07.350Z
7,0x0004,22339,0x00000000,2025-12-14T15:16:07.350Z,2025-12-14T15:16:07.350Z
6,0x0004,18330,0x00000000,2025-12-14T15:16:07.350Z,2025-12-14T15:16:07.350Z
39,0x000a,-4.70197,0x00000000,2025-12-14T15:16:07.454Z,2025-12-14T15:16:07.454Z
38,0x000a,-3.30223,0x00000000,2025-12-14T15:16:07.454Z,2025-12-14T15:16:07.454Z
37,0x000a,-6.10171,0x00000000,2025-12-14T15:16:07.454Z,2025-12-14T15:16:07.454Z
36,0x000a,-2.03676,0x00000000,2025-12-14T15:16:07.454Z,2025-12-14T15:16:07.454Z
35,0x000a,-1.48662,0x00000000,2025-12-14T15:16:07.454Z,2025-12-14T15:16:07.454Z
34,0x000a,-2.61479,0x00000000,2025-12-14T15:16:07.454Z,2025-12-14T15:16:07.454Z
26,0x000a,8.61979,0x00000000,2025-12-14T15:16:07.454Z,2025-12-14T15:16:07.454Z
25,0x000a,7.92969,0x00000000,2025-12-14T15:16:07.454Z,2025-12-14T15:16:07.454Z
24,0x000a,6.34983,0x00000000,2025-12-14T15:16:07.454Z,2025-12-14T15:16:07.454Z
23,0x000a,-2.03676,0x00000000,2025-12-14T15:16:07.454Z,2025-12-14T15:16:07.454Z
22,0x000a,-1.48662,0x00000000,2025-12-14T15:16:07.454Z,2025-12-14T15:16:07.454Z
21,0x000a,-2.61479,0x00000000,2025-12-14T15:16:07.454Z,2025-12-14T15:16:07.454Z
8,0x0004,23832,0x00000000,2025-12-14T15:16:07.454Z,2025-12-14T15:16:07.454Z
7,0x0004,21924,0x00000000,2025-12-14T15:16:07.454Z,2025-12-14T15:16:07.454Z
6,0x0004,17556,0x00000000,2025-12-14T15:16:07.454Z,2025-12-14T15:16:07.454Z
39,0x000a,-2.10142,0x00000000,2025-12-14T15:16:07.551Z,2025-12-14T15:16:07.551Z
39,0x000a,-2.0978,0x00000000,2025-12-14T15:16:07.651Z,2025-12-14T15:16:07.651Z
38,0x000a,-1.59867,0x00000000,2025-12-14T15:16:07.551Z,2025-12-14T15:16:07.551Z
38,0x000a,-1.50102,0x00000000,2025-12-14T15:16:07.651Z,2025-12-14T15:16:07.651Z
37,0x000a,-2.79948,0x00000000,2025-12-14T15:16:07.551Z,2025-12-14T15:16:07.551Z
37,0x000a,-2.70183,0x00000000,2025-12-14T15:16:07.651Z,2025-12-14T15:16:07.651Z
36,0x000a,-3.36936,0x00000000,2025-12-14T15:16:07.551Z,2025-12-14T15:16:07.551Z
36,0x000a,-2.73539,0x00000000,2025-12-14T15:16:07.651Z,2025-12-14T15:16:07.651Z
35,0x000a,-2.39442,0x00000000,2025-12-14T15:16:07.551Z,2025-12-14T15:16:07.551Z
35,0x000a,-1.99655,0x00000000,2025-12-14T15:16:07.651Z,2025-12-14T15:16:07.651Z
34,0x000a,-4.35825,0x00000000,2025-12-14T15:16:07.551Z,2025-12-14T15:16:07.551Z
34,0x000a,-3.57886,0x00000000,2025-12-14T15:16:07.651Z,2025-12-14T15:16:07.651Z
26,0x000a,8.40965,0x00000000,2025-12-14T15:16:07.551Z,2025-12-14T15:16:07.551Z
26,0x000a,8.19987,0x00000000,2025-12-14T15:16:07.651Z,2025-12-14T15:16:07.651Z
25,0x000a,7.76982,0x00000000,2025-12-14T15:16:07.551Z,2025-12-14T15:16:07.551Z
25,0x000a,7.61972,0x00000000,2025-12-14T15:16:07.651Z,2025-12-14T15:16:07.651Z
24,0x000a,6.06988,0x00000000,2025-12-14T15:16:07.551Z,2025-12-14T15:16:07.551Z
24,0x000a,5.7997,0x00000000,2025-12-14T15:16:07.651Z,2025-12-14T15:16:07.651Z
23,0x000a,-3.36936,0x00000000,2025-12-14T15:16:07.551Z,2025-12-14T15:16:07.551Z
23,0x000a,-2.73539,0x00000000,2025-12-14T15:16:07.651Z,2025-12-14T15:16:07.651Z
22,0x000a,-2.39442,0x00000000,2025-12-14T15:16:07.551Z,2025-12-14T15:16:07.551Z
22,0x000a,-1.99655,0x00000000,2025-12-14T15:16:07.651Z,2025-12-14T15:16:07.651Z
21,0x000a,-4.35825,0x00000000,2025-12-14T15:16:07.551Z,2025-12-14T15:16:07.551Z
21,0x000a,-3.57886,0x00000000,2025-12-14T15:16:07.651Z,2025-12-14T15:16:07.651Z
8,0x0004,23251,0x00000000,2025-12-14T15:16:07.551Z,2025-12-14T15:16:07.551Z
8,0x0004,22671,0x00000000,2025-12-14T15:16:07.651Z,2025-12-14T15:16:07.651Z
7,0x0004,21482,0x00000000,2025-12-14T15:16:07.551Z,2025-12-14T15:16:07.551Z
7,0x0004,21067,0x00000000,2025-12-14T15:16:07.651Z,2025-12-14T15:16:07.651Z
6,0x0004,16782,0x00000000,2025-12-14T15:16:07.551Z,2025-12-14T15:16:07.551Z
6,0x0004,16035,0x00000000,2025-12-14T15:16:07.651Z,2025-12-14T15:16:07.651Z
39,0x000a,-2.19908,0x00000000,2025-12-14T15:16:07.751Z,2025-12-14T15:16:07.751Z
38,0x000a,-1.49739,0x00000000,2025-12-14T15:16:07.751Z,2025-12-14T15:16:07.751Z
37,0x000a,-2.79948,0x00000000,2025-12-14T15:16:07.751Z,2025-12-14T15:16:07.751Z
36,0x000a,-2.41659,0x00000000,2025-12-14T15:16:07.751Z,2025-12-14T15:16:07.751Z
35,0x000a,-1.74878,0x00000000,2025-12-14T15:16:07.751Z,2025-12-14T15:16:07.751Z
34,0x000a,-3.14034,0x00000000,2025-12-14T15:16:07.751Z,2025-12-14T15:16:07.751Z
26,0x000a,7.97996,0x00000000,2025-12-14T15:16:07.751Z,2025-12-14T15:16:07.751Z
25,0x000a,7.46998,0x00000000,2025-12-14T15:16:07.751Z,2025-12-14T15:16:07.751Z
24,0x000a,5.51975,0x00000000,2025-12-14T15:16:07.751Z,2025-12-14T15:16:07.751Z
23,0x000a,-2.41659,0x00000000,2025-12-14T15:16:07.751Z,2025-12-14T15:16:07.751Z
22,0x000a,-1.74878,0x00000000,2025-12-14T15:16:07.751Z,2025-12-14T15:16:07.751Z
21,0x000a,-3.14034,0x00000000,2025-12-14T15:16:07.751Z,2025-12-14T15:16:07.751Z
8,0x0004,22063,0x00000000,2025-12-14T15:16:07.751Z,2025-12-14T15:16:07.751Z
7,0x0004,20653,0x00000000,2025-12-14T15:16:07.751Z,2025-12-14T15:16:07.751Z
6,0x0004,15261,0x00000000,2025-12-14T15:16:07.751Z,2025-12-14T15:16:07.751Z
39,0x000a,-2.50289,0x00000000,2025-12-14T15:16:07.850Z,2025-12-14T15:16:07.850Z
38,0x000a,-1.90249,0x00000000,2025-12-14T15:16:07.850Z,2025-12-14T15:16:07.850Z
37,0x000a,-3.29861,0x00000000,2025-12-14T15:16:07.850Z,2025-12-14T15:16:07.850Z
36,0x000a,-2.30784,0x00000000,2025-12-14T15:16:07.850Z,2025-12-14T15:16:07.850Z
35,0x000a,-1.62309,0x00000000,2025-12-14T15:16:07.850Z,2025-12-14T15:16:07.850Z
34,0x000a,-2.96991,0x00000000,2025-12-14T15:16:07.850Z,2025-12-14T15:16:07.850Z
26,0x000a,7.72967,0x00000000,2025-12-14T15:16:07.850Z,2025-12-14T15:16:07.850Z
25,0x000a,7.27973,0x00000000,2025-12-14T15:16:07.850Z,2025-12-14T15:16:07.850Z
24,0x000a,5.18989,0x00000000,2025-12-14T15:16:07.850Z,2025-12-14T15:16:07.850Z
23,0x000a,-2.30784,0x00000000,2025-12-14T15:16:07.850Z,2025-12-14T15:16:07.850Z
22,0x000a,-1.62309,0x00000000,2025-12-14T15:16:07.850Z,2025-12-14T15:16:07.850Z
21,0x000a,-2.96991,0x00000000,2025-12-14T15:16:07.850Z,2025-12-14T15:16:07.850Z
14,0x0001,false,0x00000000,2025-12-14T15:16:07.850Z,2025-12-14T15:16:07.850Z
8,0x0004,21371,0x00000000,2025-12-14T15:16:07.850Z,2025-12-14T15:16:07.850Z
7,0x0004,20127,0x00000000,2025-12-14T15:16:07.850Z,2025-12-14T15:16:07.850Z
6,0x0004,14349,0x00000000,2025-12-14T15:16:07.850Z,2025-12-14T15:16:07.850Z
36,0x000a,-2.40537,0x00000000,2025-12-14T15:16:07.951Z,2025-12-14T15:16:07.951Z
35,0x000a,-1.76279,0x00000000,2025-12-14T15:16:07.951Z,2025-12-14T15:16:07.951Z
34,0x000a,-3.13426,0x00000000,2025-12-14T15:16:07.951Z,2025-12-14T15:16:07.951Z
26,0x000a,7.50977,0x00000000,2025-12-14T15:16:07.951Z,2025-12-14T15:16:07.951Z
25,0x000a,7.12999,0x00000000,2025-12-14T15:16:07.951Z,2025-12-14T15:16:07.951Z
24,0x000a,4.9197,0x00000000,2025-12-14T15:16:07.951Z,2025-12-14T15:16:07.951Z
23,0x000a,-2.40537,0x00000000,2025-12-14T15:16:07.951Z,2025-12-14T15:16:07.951Z
22,0x000a,-1.76279,0x00000000,2025-12-14T15:16:07.951Z,2025-12-14T15:16:07.951Z
21,0x000a,-3.13426,0x00000000,2025-12-14T15:16:07.951Z,2025-12-14T15:16:07.951Z
8,0x0004,20763,0x00000000,2025-12-14T15:16:07.951Z,2025-12-14T15:16:07.951Z
7,0x0004,19713,0x00000000,2025-12-14T15:16:07.951Z,2025-12-14T15:16:07.951Z
6,0x0004,13602,0x00000000,2025-12-14T15:16:07.951Z,2025-12-14T15:16:07.951Z
39,0x000a,-2.19907,0x00000000,2025-12-14T15:16:08.051Z,2025-12-14T15:16:08.051Z
38,0x000a,-1.4974,0x00000000,2025-12-14T15:16:08.051Z,2025-12-14T15:16:08.051Z
37,0x000a,-2.70182,0x00000000,2025-12-14T15:16:08.051Z,2025-12-14T15:16:08.051Z
26,0x000a,7.29999,0x00000000,2025-12-14T15:16:08.051Z,2025-12-14T15:16:08.051Z
25,0x000a,6.97989,0x00000000,2025-12-14T15:16:08.051Z,2025-12-14T15:16:08.051Z
24,0x000a,4.80975,0x00000000,2025-12-14T15:16:08.051Z,2025-12-14T15:16:08.051Z
8,0x0004,20183,0x00000000,2025-12-14T15:16:08.051Z,2025-12-14T15:16:08.051Z
7,0x0004,19298,0x00000000,2025-12-14T15:16:08.051Z,2025-12-14T15:16:08.051Z
6,0x0004,13298,0x00000000,2025-12-14T15:16:08.051Z,2025-12-14T15:16:08.051Z
39,0x000a,-2.0978,0x00000000,2025-12-14T15:16:08.152Z,2025-12-14T15:16:08.152Z
38,0x000a,-1.50101,0x00000000,2025-12-14T15:16:08.152Z,2025-12-14T15:16:08.152Z
37,0x000a,-1.09954,0x00000000,2025-12-14T15:16:08.152Z,2025-12-14T15:16:08.152Z
36,0x000a,-2.30222,0x00000000,2025-12-14T15:16:08.152Z,2025-12-14T15:16:08.152Z
35,0x000a,-1.63009,0x00000000,2025-12-14T15:16:08.152Z,2025-12-14T15:16:08.152Z
34,0x000a,-2.91804,0x00000000,2025-12-14T15:16:08.152Z,2025-12-14T15:16:08.152Z
26,0x000a,7.08984,0x00000000,2025-12-14T15:16:08.152Z,2025-12-14T15:16:08.152Z
25,0x000a,6.81966,0x00000000,2025-12-14T15:16:08.152Z,2025-12-14T15:16:08.152Z
23,0x000a,-2.30222,0x00000000,2025-12-14T15:16:08.152Z,2025-12-14T15:16:08.152Z
22,0x000a,-1.63009,0x00000000,2025-12-14T15:16:08.152Z,2025-12-14T15:16:08.152Z
21,0x000a,-2.91804,0x00000000,2025-12-14T15:16:08.152Z,2025-12-14T15:16:08.152Z
8,0x0004,19602,0x00000000,2025-12-14T15:16:08.152Z,2025-12-14T15:16:08.152Z
7,0x0004,18855,0x00000000,2025-12-14T15:16:08.152Z,2025-12-14T15:16:08.152Z
39,0x000a,-2.10142,0x00000000,2025-12-14T15:16:08.251Z,2025-12-14T15:16:08.251Z
38,0x000a,-1.60229,0x00000000,2025-12-14T15:16:08.251Z,2025-12-14T15:16:08.251Z
37,0x000a,0,0x00000000,2025-12-14T15:16:08.251Z,2025-12-14T15:16:08.251Z
36,0x000a,-2.20001,0x00000000,2025-12-14T15:16:08.251Z,2025-12-14T15:16:08.251Z
35,0x000a,-1.56555,0x00000000,2025-12-14T15:16:08.251Z,2025-12-14T15:16:08.251Z
34,0x000a,-2.00879,0x00000000,2025-12-14T15:16:08.251Z,2025-12-14T15:16:08.251Z
26,0x000a,6.8797,0x00000000,2025-12-14T15:16:08.251Z,2025-12-14T15:16:08.251Z
25,0x000a,6.66992,0x00000000,2025-12-14T15:16:08.251Z,2025-12-14T15:16:08.251Z
23,0x000a,-2.20001,0x00000000,2025-12-14T15:16:08.251Z,2025-12-14T15:16:08.251Z
22,0x000a,-1.56555,0x00000000,2025-12-14T15:16:08.251Z,2025-12-14T15:16:08.251Z
21,0x000a,-2.00879,0x00000000,2025-12-14T15:16:08.251Z,2025-12-14T15:16:08.251Z
8,0x0004,19021,0x00000000,2025-12-14T15:16:08.251Z,2025-12-14T15:16:08.251Z
7,0x0004,18441,0x00000000,2025-12-14T15:16:08.251Z,2025-12-14T15:16:08.251Z
40,0x0001,true,0x00000000,2025-12-14T15:16:08.351Z,2025-12-14T15:16:08.351Z
39,0x000a,-2.10142,0x00000000,2025-12-14T15:16:08.351Z,2025-12-14T15:16:08.351Z
38,0x000a,-1.49739,0x00000000,2025-12-14T15:16:08.351Z,2025-12-14T15:16:08.351Z
36,0x000a,-2.15071,0x00000000,2025-12-14T15:16:08.351Z,2025-12-14T15:16:08.351Z
35,0x000a,-1.58392,0x00000000,2025-12-14T15:16:08.351Z,2025-12-14T15:16:08.351Z
34,0x000a,-1.0044,0x00000000,2025-12-14T15:16:08.351Z,2025-12-14T15:16:08.351Z
26,0x000a,6.65979,0x00000000,2025-12-14T15:16:08.351Z,2025-12-14T15:16:08.351Z
25,0x000a,6.51982,0x00000000,2025-12-14T15:16:08.351Z,2025-12-14T15:16:08.351Z
23,0x000a,-2.15071,0x00000000,2025-12-14T15:16:08.351Z,2025-12-14T15:16:08.351Z
22,0x000a,-1.58392,0x00000000,2025-12-14T15:16:08.351Z,2025-12-14T15:16:08.351Z
21,0x000a,-1.0044,0x00000000,2025-12-14T15:16:08.351Z,2025-12-14T15:16:08.351Z
8,0x0004,18413,0x00000000,2025-12-14T15:16:08.351Z,2025-12-14T15:16:08.351Z
7,0x0004,18026,0x00000000,2025-12-14T15:16:08.351Z,2025-12-14T15:16:08.351Z
39,0x000a,-2.19907,0x00000000,2025-12-14T15:16:08.450Z,2025-12-14T15:16:08.450Z
38,0x000a,-1.50101,0x00000000,2025-12-14T15:16:08.450Z,2025-12-14T15:16:08.450Z
36,0x000a,-2.12607,0x00000000,2025-12-14T15:16:08.450Z,2025-12-14T15:16:08.450Z
35,0x000a,-1.54066,0x00000000,2025-12-14T15:16:08.450Z,2025-12-14T15:16:08.450Z
34,0x000a,-0.502198,0x00000000,2025-12-14T15:16:08.450Z,2025-12-14T15:16:08.450Z
26,0x000a,6.44965,0x00000000,2025-12-14T15:16:08.450Z,2025-12-14T15:16:08.450Z
25,0x000a,6.35995,0x00000000,2025-12-14T15:16:08.450Z,2025-12-14T15:16:08.450Z
23,0x000a,-2.12607,0x00000000,2025-12-14T15:16:08.450Z,2025-12-14T15:16:08.450Z
22,0x000a,-1.54066,0x00000000,2025-12-14T15:16:08.450Z,2025-12-14T15:16:08.450Z
21,0x000a,-0.502198,0x00000000,2025-12-14T15:16:08.450Z,2025-12-14T15:16:08.450Z
8,0x0004,17832,0x00000000,2025-12-14T15:16:08.450Z,2025-12-14T15:16:08.450Z
7,0x0004,17584,0x00000000,2025-12-14T15:16:08.450Z,2025-12-14T15:16:08.450Z
39,0x000a,-4.69835,0x00000000,2025-12-14T15:16:08.552Z,2025-12-14T15:16:08.552Z
38,0x000a,-3.39989,0x00000000,2025-12-14T15:16:08.552Z,2025-12-14T15:16:08.552Z
36,0x000a,-2.16257,0x00000000,2025-12-14T15:16:08.552Z,2025-12-14T15:16:08.552Z
35,0x000a,-1.52083,0x00000000,2025-12-14T15:16:08.552Z,2025-12-14T15:16:08.552Z
34,0x000a,-0.251099,0x00000000,2025-12-14T15:16:08.552Z,2025-12-14T15:16:08.552Z
26,0x000a,6.18996,0x00000000,2025-12-14T15:16:08.552Z,2025-12-14T15:16:08.552Z
25,0x000a,6.17983,0x00000000,2025-12-14T15:16:08.552Z,2025-12-14T15:16:08.552Z
23,0x000a,-2.16257,0x00000000,2025-12-14T15:16:08.552Z,2025-12-14T15:16:08.552Z
22,0x000a,-1.52083,0x00000000,2025-12-14T15:16:08.552Z,2025-12-14T15:16:08.552Z
21,0x000a,-0.251099,0x00000000,2025-12-14T15:16:08.552Z,2025-12-14T15:16:08.552Z
8,0x0004,17114,0x00000000,2025-12-14T15:16:08.552Z,2025-12-14T15:16:08.552Z
7,0x0004,17086,0x00000000,2025-12-14T15:16:08.552Z,2025-12-14T15:16:08.552Z
39,0x000a,-2.10142,0x00000000,2025-12-14T15:16:08.650Z,2025-12-14T15:16:08.650Z
38,0x000a,-1.50101,0x00000000,2025-12-14T15:16:08.650Z,2025-12-14T15:16:08.650Z
36,0x000a,-3.43046,0x00000000,2025-12-14T15:16:08.650Z,2025-12-14T15:16:08.650Z
35,0x000a,-2.46036,0x00000000,2025-12-14T15:16:08.650Z,2025-12-14T15:16:08.650Z
34,0x000a,-0.125549,0x00000000,2025-12-14T15:16:08.650Z,2025-12-14T15:16:08.650Z
26,0x000a,5.97982,0x00000000,2025-12-14T15:16:08.650Z,2025-12-14T15:16:08.650Z
25,0x000a,6.02973,0x00000000,2025-12-14T15:16:08.650Z,2025-12-14T15:16:08.650Z
23,0x000a,-3.43046,0x00000000,2025-12-14T15:16:08.650Z,2025-12-14T15:16:08.650Z
22,0x000a,-2.46036,0x00000000,2025-12-14T15:16:08.650Z,2025-12-14T15:16:08.650Z
21,0x000a,-0.125549,0x00000000,2025-12-14T15:16:08.650Z,2025-12-14T15:16:08.650Z
8,0x0004,16533,0x00000000,2025-12-14T15:16:08.650Z,2025-12-14T15:16:08.650Z
7,0x0004,16671,0x00000000,2025-12-14T15:16:08.650Z,2025-12-14T15:16:08.650Z
39,0x000a,-2.10142,0x00000000,2025-12-14T15:16:08.751Z,2025-12-14T15:16:08.751Z
38,0x000a,-1.59867,0x00000000,2025-12-14T15:16:08.751Z,2025-12-14T15:16:08.751Z
36,0x000a,-2.76594,0x00000000,2025-12-14T15:16:08.751Z,2025-12-14T15:16:08.751Z
35,0x000a,-1.98069,0x00000000,2025-12-14T15:16:08.751Z,2025-12-14T15:16:08.751Z
34,0x000a,-0.0627747,0x00000000,2025-12-14T15:16:08.751Z,2025-12-14T15:16:08.751Z
26,0x000a,5.76968,0x00000000,2025-12-14T15:16:08.751Z,2025-12-14T15:16:08.751Z
25,0x000a,5.86986,0x00000000,2025-12-14T15:16:08.751Z,2025-12-14T15:16:08.751Z
23,0x000a,-2.76594,0x00000000,2025-12-14T15:16:08.751Z,2025-12-14T15:16:08.751Z
22,0x000a,-1.98069,0x00000000,2025-12-14T15:16:08.751Z,2025-12-14T15:16:08.751Z
21,0x000a,-0.0627747,0x00000000,2025-12-14T15:16:08.751Z,2025-12-14T15:16:08.751Z
8,0x0004,15952,0x00000000,2025-12-14T15:16:08.751Z,2025-12-14T15:16:08.751Z
7,0x0004,16229,0x00000000,2025-12-14T15:16:08.751Z,2025-12-14T15:16:08.751Z
26,0x000a,5.54977,0x00000000,2025-12-14T15:16:08.850Z,2025-12-14T15:16:08.850Z
25,0x000a,5.71976,0x00000000,2025-12-14T15:16:08.850Z,2025-12-14T15:16:08.850Z
8,0x0004,15344,0x00000000,2025-12-14T15:16:08.850Z,2025-12-14T15:16:08.850Z
7,0x0004,15814,0x00000000,2025-12-14T15:16:08.850Z,2025-12-14T15:16:08.850Z
39,0x000a,-2.19907,0x00000000,2025-12-14T15:16:08.950Z,2025-12-14T15:16:08.950Z
38,0x000a,-1.50101,0x00000000,2025-12-14T15:16:08.950Z,2025-12-14T15:16:08.950Z
36,0x000a,-2.43368,0x00000000,2025-12-14T15:16:08.950Z,2025-12-14T15:16:08.950Z
35,0x000a,-1.78968,0x00000000,2025-12-14T15:16:08.950Z,2025-12-14T15:16:08.950Z
34,0x000a,-0.0313873,0x00000000,2025-12-14T15:16:08.950Z,2025-12-14T15:16:08.950Z
26,0x000a,5.33999,0x00000000,2025-12-14T15:16:08.950Z,2025-12-14T15:16:08.950Z
25,0x000a,5.5599,0x00000000,2025-12-14T15:16:08.950Z,2025-12-14T15:16:08.950Z
23,0x000a,-2.43368,0x00000000,2025-12-14T15:16:08.950Z,2025-12-14T15:16:08.950Z
22,0x000a,-1.78968,0x00000000,2025-12-14T15:16:08.950Z,2025-12-14T15:16:08.950Z
21,0x000a,-0.0313873,0x00000000,2025-12-14T15:16:08.950Z,2025-12-14T15:16:08.950Z
8,0x0004,14764,0x00000000,2025-12-14T15:16:08.950Z,2025-12-14T15:16:08.950Z
7,0x0004,15372,0x00000000,2025-12-14T15:16:08.950Z,2025-12-14T15:16:08.950Z
39,0x000a,-2.0978,0x00000000,2025-12-14T15:16:09.050Z,2025-12-14T15:16:09.050Z
39,0x000a,-2.10142,0x00000000,2025-12-14T15:16:09.151Z,2025-12-14T15:16:09.151Z
38,0x000a,-1.59867,0x00000000,2025-12-14T15:16:09.050Z,2025-12-14T15:16:09.050Z
38,0x000a,-1.50101,0x00000000,2025-12-14T15:16:09.151Z,2025-12-14T15:16:09.151Z
36,0x000a,-2.31638,0x00000000,2025-12-14T15:16:09.050Z,2025-12-14T15:16:09.050Z
36,0x000a,-2.20709,0x00000000,2025-12-14T15:16:09.151Z,2025-12-14T15:16:09.151Z
35,0x000a,-1.64534,0x00000000,2025-12-14T15:16:09.050Z,2025-12-14T15:16:09.050Z
35,0x000a,-1.62201,0x00000000,2025-12-14T15:16:09.151Z,2025-12-14T15:16:09.151Z
34,0x000a,-0.0156937,0x00000000,2025-12-14T15:16:09.050Z,2025-12-14T15:16:09.050Z
34,0x000a,-0.00784684,0x00000000,2025-12-14T15:16:09.151Z,2025-12-14T15:16:09.151Z
26,0x000a,5.12985,0x00000000,2025-12-14T15:16:09.050Z,2025-12-14T15:16:09.050Z
26,0x000a,4.90994,0x00000000,2025-12-14T15:16:09.151Z,2025-12-14T15:16:09.151Z
25,0x000a,5.40979,0x00000000,2025-12-14T15:16:09.050Z,2025-12-14T15:16:09.050Z
25,0x000a,5.25969,0x00000000,2025-12-14T15:16:09.151Z,2025-12-14T15:16:09.151Z
23,0x000a,-2.31638,0x00000000,2025-12-14T15:16:09.050Z,2025-12-14T15:16:09.050Z
23,0x000a,-2.20709,0x00000000,2025-12-14T15:16:09.151Z,2025-12-14T15:16:09.151Z
22,0x000a,-1.64534,0x00000000,2025-12-14T15:16:09.050Z,2025-12-14T15:16:09.050Z
22,0x000a,-1.62201,0x00000000,2025-12-14T15:16:09.151Z,2025-12-14T15:16:09.151Z
21,0x000a,-0.0156937,0x00000000,2025-12-14T15:16:09.050Z,2025-12-14T15:16:09.050Z
21,0x000a,-0.00784684,0x00000000,2025-12-14T15:16:09.151Z,2025-12-14T15:16:09.151Z
18,0x0001,false,0x00000000,2025-12-14T15:16:09.050Z,2025-12-14T15:16:09.050Z
16,0x0001,false,0x00000000,2025-12-14T15:16:09.151Z,2025-12-14T15:16:09.151Z
8,0x0004,14183,0x00000000,2025-12-14T15:16:09.050Z,2025-12-14T15:16:09.050Z
8,0x0004,13575,0x00000000,2025-12-14T15:16:09.151Z,2025-12-14T15:16:09.151Z
7,0x0004,14957,0x00000000,2025-12-14T15:16:09.050Z,2025-12-14T15:16:09.050Z
7,0x0004,14542,0x00000000,2025-12-14T15:16:09.151Z,2025-12-14T15:16:09.151Z
39,0x000a,-2.19907,0x00000000,2025-12-14T15:16:09.250Z,2025-12-14T15:16:09.250Z
36,0x000a,-2.15425,0x00000000,2025-12-14T15:16:09.250Z,2025-12-14T15:16:09.250Z
35,0x000a,-1.56151,0x00000000,2025-12-14T15:16:09.250Z,2025-12-14T15:16:09.250Z
34,0x000a,-0.00392342,0x00000000,2025-12-14T15:16:09.250Z,2025-12-14T15:16:09.250Z
26,0x000a,4.78986,0x00000000,2025-12-14T15:16:09.250Z,2025-12-14T15:16:09.250Z
25,0x000a,5.06981,0x00000000,2025-12-14T15:16:09.250Z,2025-12-14T15:16:09.250Z
23,0x000a,-2.15425,0x00000000,2025-12-14T15:16:09.250Z,2025-12-14T15:16:09.250Z
22,0x000a,-1.56151,0x00000000,2025-12-14T15:16:09.250Z,2025-12-14T15:16:09.250Z
21,0x000a,-0.00392342,0x00000000,2025-12-14T15:16:09.250Z,2025-12-14T15:16:09.250Z
8,0x0004,13243,0x00000000,2025-12-14T15:16:09.250Z,2025-12-14T15:16:09.250Z
7,0x0004,14017,0x00000000,2025-12-14T15:16:09.250Z,2025-12-14T15:16:09.250Z
39,0x000a,-1.20081,0x00000000,2025-12-14T15:16:09.352Z,2025-12-14T15:16:09.352Z
38,0x000a,-1.89887,0x00000000,2025-12-14T15:16:09.352Z,2025-12-14T15:16:09.352Z
36,0x000a,-2.17666,0x00000000,2025-12-14T15:16:09.352Z,2025-12-14T15:16:09.352Z
35,0x000a,-1.53126,0x00000000,2025-12-14T15:16:09.352Z,2025-12-14T15:16:09.352Z
34,0x000a,-0.00196171,0x00000000,2025-12-14T15:16:09.352Z,2025-12-14T15:16:09.352Z
25,0x000a,5.00977,0x00000000,2025-12-14T15:16:09.352Z,2025-12-14T15:16:09.352Z
23,0x000a,-2.17666,0x00000000,2025-12-14T15:16:09.352Z,2025-12-14T15:16:09.352Z
22,0x000a,-1.53126,0x00000000,2025-12-14T15:16:09.352Z,2025-12-14T15:16:09.352Z
21,0x000a,-0.00196171,0x00000000,2025-12-14T15:16:09.352Z,2025-12-14T15:16:09.352Z
7,0x0004,13851,0x00000000,2025-12-14T15:16:09.352Z,2025-12-14T15:16:09.352Z
39,0x000a,0,0x00000000,2025-12-14T15:16:09.451Z,2025-12-14T15:16:09.451Z
38,0x000a,-0.600405,0x00000000,2025-12-14T15:16:09.451Z,2025-12-14T15:16:09.451Z
36,0x000a,-1.68874,0x00000000,2025-12-14T15:16:09.451Z,2025-12-14T15:16:09.451Z
35,0x000a,-1.71507,0x00000000,2025-12-14T15:16:09.451Z,2025-12-14T15:16:09.451Z
34,0x000a,-0.000980855,0x00000000,2025-12-14T15:16:09.451Z,2025-12-14T15:16:09.451Z
23,0x000a,-1.68874,0x00000000,2025-12-14T15:16:09.451Z,2025-12-14T15:16:09.451Z
22,0x000a,-1.71507,0x00000000,2025-12-14T15:16:09.451Z,2025-12-14T15:16:09.451Z
21,0x000a,-0.000980855,0x00000000,2025-12-14T15:16:09.451Z,2025-12-14T15:16:09.451Z
42,0x0001,true,0x00000000,2025-12-14T15:16:09.552Z,2025-12-14T15:16:09.552Z
38,0x000a,0,0x00000000,2025-12-14T15:16:09.552Z,2025-12-14T15:16:09.552Z
36,0x000a,-0.844368,0x00000000,2025-12-14T15:16:09.552Z,2025-12-14T15:16:09.552Z
35,0x000a,-1.15774,0x00000000,2025-12-14T15:16:09.552Z,2025-12-14T15:16:09.552Z
34,0x000a,-0.000490427,0x00000000,2025-12-14T15:16:09.552Z,2025-12-14T15:16:09.552Z
23,0x000a,-0.844368,0x00000000,2025-12-14T15:16:09.552Z,2025-12-14T15:16:09.552Z
22,0x000a,-1.15774,0x00000000,2025-12-14T15:16:09.552Z,2025-12-14T15:16:09.552Z
21,0x000a,-0.000490427,0x00000000,2025-12-14T15:16:09.552Z,2025-12-14T15:16:09.552Z
41,0x0001,true,0x00000000,2025-12-14T15:16:09.654Z,2025-12-14T15:16:09.654Z
36,0x000a,-0.422184,0x00000000,2025-12-14T15:16:09.654Z,2025-12-14T15:16:09.654Z
35,0x000a,-0.578868,0x00000000,2025-12-14T15:16:09.654Z,2025-12-14T15:16:09.654Z
34,0x000a,-0.000245214,0x00000000,2025-12-14T15:16:09.654Z,2025-12-14T15:16:09.654Z
27,0x0001,true,0x00000000,2025-12-14T15:16:09.654Z,2025-12-14T15:16:09.654Z
23,0x000a,-0.422184,0x00000000,2025-12-14T15:16:09.654Z,2025-12-14T15:16:09.654Z
22,0x000a,-0.578868,0x00000000,2025-12-14T15:16:09.654Z,2025-12-14T15:16:09.654Z
21,0x000a,-0.000245214,0x00000000,2025-12-14T15:16:09.654Z,2025-12-14T15:16:09.654Z
4,0x000a,0,0x00000000,2025-12-14T15:16:09.654Z,2025-12-14T15:16:09.654Z
3,0x000a,0,0x00000000,2025-12-14T15:16:09.654Z,2025-12-14T15:16:09.654Z
2,0x000a,0,0x00000000,2025-12-14T15:16:09.654Z,2025-12-14T15:16:09.654Z
42,0x0001,false,0x00000000,2025-12-14T15:16:09.751Z,2025-12-14T15:16:09.751Z
41,0x0001,false,0x00000000,2025-12-14T15:16:09.751Z,2025-12-14T15:16:09.751Z
40,0x0001,false,0x00000000,2025-12-14T15:16:09.751Z,2025-12-14T15:16:09.751Z
27,0x0001,false,0x00000000,2025-12-14T15:16:09.751Z,2025-12-14T15:16:09.751Z
18,0x0001,true,0x00000000,2025-12-14T15:16:09.751Z,2025-12-14T15:16:09.751Z
16,0x0001,true,0x00000000,2025-12-14T15:16:09.751Z,2025-12-14T15:16:09.751Z
14,0x0001,true,0x00000000,2025-12-14T15:16:09.751Z,2025-12-14T15:16:09.751Z
36,0x000a,-0.211092,0x00000000,2025-12-14T15:16:09.852Z,2025-12-14T15:16:09.852Z
35,0x000a,-0.289434,0x00000000,2025-12-14T15:16:09.852Z,2025-12-14T15:16:09.852Z
34,0x000a,-0.000122607,0x00000000,2025-12-14T15:16:09.852Z,2025-12-14T15:16:09.852Z
23,0x000a,-0.211092,0x00000000,2025-12-14T15:16:09.852Z,2025-12-14T15:16:09.852Z
22,0x000a,-0.289434,0x00000000,2025-12-14T15:16:09.852Z,2025-12-14T15:16:09.852Z
21,0x000a,-0.000122607,0x00000000,2025-12-14T15:16:09.852Z,2025-12-14T15:16:09.852Z
39,0x000a,-0.401478,0x00000000,2025-12-14T15:16:09.951Z,2025-12-14T15:16:09.951Z
38,0x000a,-0.600405,0x00000000,2025-12-14T15:16:09.951Z,2025-12-14T15:16:09.951Z
37,0x000a,-1.09954,0x00000000,2025-12-14T15:16:09.951Z,2025-12-14T15:16:09.951Z
36,0x000a,-0.105546,0x00000000,2025-12-14T15:16:09.951Z,2025-12-14T15:16:09.951Z
35,0x000a,-0.144717,0x00000000,2025-12-14T15:16:09.951Z,2025-12-14T15:16:09.951Z
34,0x000a,-6.13034e-05,0x00000000,2025-12-14T15:16:09.951Z,2025-12-14T15:16:09.951Z
26,0x000a,4.74971,0x00000000,2025-12-14T15:16:09.951Z,2025-12-14T15:16:09.951Z
25,0x000a,4.94973,0x00000000,2025-12-14T15:16:09.951Z,2025-12-14T15:16:09.951Z
24,0x000a,4.6998,0x00000000,2025-12-14T15:16:09.951Z,2025-12-14T15:16:09.951Z
23,0x000a,-0.105546,0x00000000,2025-12-14T15:16:09.951Z,2025-12-14T15:16:09.951Z
22,0x000a,-0.144717,0x00000000,2025-12-14T15:16:09.951Z,2025-12-14T15:16:09.951Z
21,0x000a,-6.13034e-05,0x00000000,2025-12-14T15:16:09.951Z,2025-12-14T15:16:09.951Z
8,0x0004,13132,0x00000000,2025-12-14T15:16:09.951Z,2025-12-14T15:16:09.951Z
7,0x0004,13685,0x00000000,2025-12-14T15:16:09.951Z,2025-12-14T15:16:09.951Z
6,0x0004,12994,0x00000000,2025-12-14T15:16:09.951Z,2025-12-14T15:16:09.951Z
39,0x000a,-2.0978,0x00000000,2025-12-14T15:16:10.052Z,2025-12-14T15:16:10.052Z
38,0x000a,-1.4974,0x00000000,2025-12-14T15:16:10.052Z,2025-12-14T15:16:10.052Z
37,0x000a,-2.79948,0x00000000,2025-12-14T15:16:10.052Z,2025-12-14T15:16:10.052Z
36,0x000a,-0.253512,0x00000000,2025-12-14T15:16:10.052Z,2025-12-14T15:16:10.052Z
35,0x000a,-0.372561,0x00000000,2025-12-14T15:16:10.052Z,2025-12-14T15:16:10.052Z
34,0x000a,-0.5498,0x00000000,2025-12-14T15:16:10.052Z,2025-12-14T15:16:10.052Z
26,0x000a,4.53993,0x00000000,2025-12-14T15:16:10.052Z,2025-12-14T15:16:10.052Z
25,0x000a,4.79999,0x00000000,2025-12-14T15:16:10.052Z,2025-12-14T15:16:10.052Z
24,0x000a,4.41985,0x00000000,2025-12-14T15:16:10.052Z,2025-12-14T15:16:10.052Z
23,0x000a,-0.253512,0x00000000,2025-12-14T15:16:10.052Z,2025-12-14T15:16:10.052Z
22,0x000a,-0.372561,0x00000000,2025-12-14T15:16:10.052Z,2025-12-14T15:16:10.052Z
21,0x000a,-0.5498,0x00000000,2025-12-14T15:16:10.052Z,2025-12-14T15:16:10.052Z
8,0x0004,12552,0x00000000,2025-12-14T15:16:10.052Z,2025-12-14T15:16:10.052Z
7,0x0004,13271,0x00000000,2025-12-14T15:16:10.052Z,2025-12-14T15:16:10.052Z
6,0x0004,12220,0x00000000,2025-12-14T15:16:10.052Z,2025-12-14T15:16:10.052Z
39,0x000a,-2.10142,0x00000000,2025-12-14T15:16:10.150Z,2025-12-14T15:16:10.150Z
38,0x000a,-1.60229,0x00000000,2025-12-14T15:16:10.150Z,2025-12-14T15:16:10.150Z
36,0x000a,-1.17566,0x00000000,2025-12-14T15:16:10.150Z,2025-12-14T15:16:10.150Z
35,0x000a,-0.934979,0x00000000,2025-12-14T15:16:10.150Z,2025-12-14T15:16:10.150Z
34,0x000a,-1.67464,0x00000000,2025-12-14T15:16:10.150Z,2025-12-14T15:16:10.150Z
26,0x000a,4.32979,0x00000000,2025-12-14T15:16:10.150Z,2025-12-14T15:16:10.150Z
25,0x000a,4.63976,0x00000000,2025-12-14T15:16:10.150Z,2025-12-14T15:16:10.150Z
24,0x000a,4.1399,0x00000000,2025-12-14T15:16:10.150Z,2025-12-14T15:16:10.150Z
23,0x000a,-1.17566,0x00000000,2025-12-14T15:16:10.150Z,2025-12-14T15:16:10.150Z
22,0x000a,-0.934979,0x00000000,2025-12-14T15:16:10.150Z,2025-12-14T15:16:10.150Z
21,0x000a,-1.67464,0x00000000,2025-12-14T15:16:10.150Z,2025-12-14T15:16:10.150Z
8,0x0004,11971,0x00000000,2025-12-14T15:16:10.150Z,2025-12-14T15:16:10.150Z
7,0x0004,12828,0x00000000,2025-12-14T15:16:10.150Z,2025-12-14T15:16:10.150Z
6,0x0004,11446,0x00000000,2025-12-14T15:16:10.150Z,2025-12-14T15:16:10.150Z
38,0x000a,-1.50101,0x00000000,2025-12-14T15:16:10.251Z,2025-12-14T15:16:10.251Z
37,0x000a,-2.70182,0x00000000,2025-12-14T15:16:10.251Z,2025-12-14T15:16:10.251Z
36,0x000a,-1.63854,0x00000000,2025-12-14T15:16:10.251Z,2025-12-14T15:16:10.251Z
35,0x000a,-1.26863,0x00000000,2025-12-14T15:16:10.251Z,2025-12-14T15:16:10.251Z
34,0x000a,-2.23706,0x00000000,2025-12-14T15:16:10.251Z,2025-12-14T15:16:10.251Z
26,0x000a,4.11965,0x00000000,2025-12-14T15:16:10.251Z,2025-12-14T15:16:10.251Z
25,0x000a,4.48966,0x00000000,2025-12-14T15:16:10.251Z,2025-12-14T15:16:10.251Z
24,0x000a,3.86972,0x00000000,2025-12-14T15:16:10.251Z,2025-12-14T15:16:10.251Z
23,0x000a,-1.63854,0x00000000,2025-12-14T15:16:10.251Z,2025-12-14T15:16:10.251Z
22,0x000a,-1.26863,0x00000000,2025-12-14T15:16:10.251Z,2025-12-14T15:16:10.251Z
21,0x000a,-2.23706,0x00000000,2025-12-14T15:16:10.251Z,2025-12-14T15:16:10.251Z
8,0x0004,11390,0x00000000,2025-12-14T15:16:10.251Z,2025-12-14T15:16:10.251Z
7,0x0004,12413,0x00000000,2025-12-14T15:16:10.251Z,2025-12-14T15:16:10.251Z
6,0x0004,10699,0x00000000,2025-12-14T15:16:10.251Z,2025-12-14T15:16:10.251Z
39,0x000a,-2.59693,0x00000000,2025-12-14T15:16:10.351Z,2025-12-14T15:16:10.351Z
38,0x000a,-1.7976,0x00000000,2025-12-14T15:16:10.351Z,2025-12-14T15:16:10.351Z
37,0x000a,-3.29861,0x00000000,2025-12-14T15:16:10.351Z,2025-12-14T15:16:10.351Z
36,0x000a,-1.86998,0x00000000,2025-12-14T15:16:10.351Z,2025-12-14T15:16:10.351Z
35,0x000a,-1.38482,0x00000000,2025-12-14T15:16:10.351Z,2025-12-14T15:16:10.351Z
34,0x000a,-2.46944,0x00000000,2025-12-14T15:16:10.351Z,2025-12-14T15:16:10.351Z
26,0x000a,3.85995,0x00000000,2025-12-14T15:16:10.351Z,2025-12-14T15:16:10.351Z
25,0x000a,4.3099,0x00000000,2025-12-14T15:16:10.351Z,2025-12-14T15:16:10.351Z
24,0x000a,3.53986,0x00000000,2025-12-14T15:16:10.351Z,2025-12-14T15:16:10.351Z
23,0x000a,-1.86998,0x00000000,2025-12-14T15:16:10.351Z,2025-12-14T15:16:10.351Z
22,0x000a,-1.38482,0x00000000,2025-12-14T15:16:10.351Z,2025-12-14T15:16:10.351Z
21,0x000a,-2.46944,0x00000000,2025-12-14T15:16:10.351Z,2025-12-14T15:16:10.351Z
8,0x0004,10672,0x00000000,2025-12-14T15:16:10.351Z,2025-12-14T15:16:10.351Z
7,0x0004,11916,0x00000000,2025-12-14T15:16:10.351Z,2025-12-14T15:16:10.351Z
6,0x0004,9787,0x00000000,2025-12-14T15:16:10.351Z,2025-12-14T15:16:10.351Z
36,0x000a,-2.23346,0x00000000,2025-12-14T15:16:10.452Z,2025-12-14T15:16:10.452Z
35,0x000a,-1.59121,0x00000000,2025-12-14T15:16:10.452Z,2025-12-14T15:16:10.452Z
34,0x000a,-2.88403,0x00000000,2025-12-14T15:16:10.452Z,2025-12-14T15:16:10.452Z
26,0x000a,3.64981,0x00000000,2025-12-14T15:16:10.452Z,2025-12-14T15:16:10.452Z
25,0x000a,4.14967,0x00000000,2025-12-14T15:16:10.452Z,2025-12-14T15:16:10.452Z
24,0x000a,3.25991,0x00000000,2025-12-14T15:16:10.452Z,2025-12-14T15:16:10.452Z
23,0x000a,-2.23346,0x00000000,2025-12-14T15:16:10.452Z,2025-12-14T15:16:10.452Z
22,0x000a,-1.59121,0x00000000,2025-12-14T15:16:10.452Z,2025-12-14T15:16:10.452Z
21,0x000a,-2.88403,0x00000000,2025-12-14T15:16:10.452Z,2025-12-14T15:16:10.452Z
8,0x0004,10091,0x00000000,2025-12-14T15:16:10.452Z,2025-12-14T15:16:10.452Z
7,0x0004,11473,0x00000000,2025-12-14T15:16:10.452Z,2025-12-14T15:16:10.452Z
6,0x0004,9013,0x00000000,2025-12-14T15:16:10.452Z,2025-12-14T15:16:10.452Z
39,0x000a,-2.10142,0x00000000,2025-12-14T15:16:10.551Z,2025-12-14T15:16:10.551Z
38,0x000a,-1.60229,0x00000000,2025-12-14T15:16:10.551Z,2025-12-14T15:16:10.551Z
37,0x000a,-2.79948,0x00000000,2025-12-14T15:16:10.551Z,2025-12-14T15:16:10.551Z
26,0x000a,3.4299,0x00000000,2025-12-14T15:16:10.551Z,2025-12-14T15:16:10.551Z
25,0x000a,3.99993,0x00000000,2025-12-14T15:16:10.551Z,2025-12-14T15:16:10.551Z
24,0x000a,2.97996,0x00000000,2025-12-14T15:16:10.551Z,2025-12-14T15:16:10.551Z
8,0x0004,9483,0x00000000,2025-12-14T15:16:10.551Z,2025-12-14T15:16:10.551Z
7,0x0004,11059,0x00000000,2025-12-14T15:16:10.551Z,2025-12-14T15:16:10.551Z
6,0x0004,8239,0x00000000,2025-12-14T15:16:10.551Z,2025-12-14T15:16:10.551Z
39,0x000a,-2.19907,0x00000000,2025-12-14T15:16:10.652Z,2025-12-14T15:16:10.652Z
38,0x000a,-1.4974,0x00000000,2025-12-14T15:16:10.652Z,2025-12-14T15:16:10.652Z
37,0x000a,-2.79948,0x00000000,2025-12-14T15:16:10.652Z,2025-12-14T15:16:10.652Z
36,0x000a,-2.16744,0x00000000,2025-12-14T15:16:10.652Z,2025-12-14T15:16:10.652Z
35,0x000a,-1.59675,0x00000000,2025-12-14T15:16:10.652Z,2025-12-14T15:16:10.652Z
34,0x000a,-2.84175,0x00000000,2025-12-14T15:16:10.652Z,2025-12-14T15:16:10.652Z
26,0x000a,3.21976,0x00000000,2025-12-14T15:16:10.652Z,2025-12-14T15:16:10.652Z
25,0x000a,3.84983,0x00000000,2025-12-14T15:16:10.652Z,2025-12-14T15:16:10.652Z
24,0x000a,2.70978,0x00000000,2025-12-14T15:16:10.652Z,2025-12-14T15:16:10.652Z
23,0x000a,-2.16744,0x00000000,2025-12-14T15:16:10.652Z,2025-12-14T15:16:10.652Z
22,0x000a,-1.59675,0x00000000,2025-12-14T15:16:10.652Z,2025-12-14T15:16:10.652Z
21,0x000a,-2.84175,0x00000000,2025-12-14T15:16:10.652Z,2025-12-14T15:16:10.652Z
8,0x0004,8902,0x00000000,2025-12-14T15:16:10.652Z,2025-12-14T15:16:10.652Z
7,0x0004,10644,0x00000000,2025-12-14T15:16:10.652Z,2025-12-14T15:16:10.652Z
6,0x0004,7492,0x00000000,2025-12-14T15:16:10.652Z,2025-12-14T15:16:10.652Z
39,0x000a,-2.10142,0x00000000,2025-12-14T15:16:10.752Z,2025-12-14T15:16:10.752Z
39,0x000a,-4.69835,0x00000000,2025-12-14T15:16:10.850Z,2025-12-14T15:16:10.850Z
38,0x000a,-1.50101,0x00000000,2025-12-14T15:16:10.752Z,2025-12-14T15:16:10.752Z
38,0x000a,-3.39988,0x00000000,2025-12-14T15:16:10.850Z,2025-12-14T15:16:10.850Z
37,0x000a,-2.70182,0x00000000,2025-12-14T15:16:10.752Z,2025-12-14T15:16:10.752Z
37,0x000a,-6.09809,0x00000000,2025-12-14T15:16:10.850Z,2025-12-14T15:16:10.850Z
36,0x000a,-2.18325,0x00000000,2025-12-14T15:16:10.752Z,2025-12-14T15:16:10.752Z
36,0x000a,-2.14234,0x00000000,2025-12-14T15:16:10.850Z,2025-12-14T15:16:10.850Z
35,0x000a,-1.54707,0x00000000,2025-12-14T15:16:10.752Z,2025-12-14T15:16:10.752Z
35,0x000a,-1.52404,0x00000000,2025-12-14T15:16:10.850Z,2025-12-14T15:16:10.850Z
34,0x000a,-2.82062,0x00000000,2025-12-14T15:16:10.752Z,2025-12-14T15:16:10.752Z
34,0x000a,-2.76122,0x00000000,2025-12-14T15:16:10.850Z,2025-12-14T15:16:10.850Z
26,0x000a,3.00998,0x00000000,2025-12-14T15:16:10.752Z,2025-12-14T15:16:10.752Z
26,0x000a,2.74993,0x00000000,2025-12-14T15:16:10.850Z,2025-12-14T15:16:10.850Z
25,0x000a,3.68996,0x00000000,2025-12-14T15:16:10.752Z,2025-12-14T15:16:10.752Z
25,0x000a,3.50984,0x00000000,2025-12-14T15:16:10.850Z,2025-12-14T15:16:10.850Z
24,0x000a,2.42983,0x00000000,2025-12-14T15:16:10.752Z,2025-12-14T15:16:10.752Z
24,0x000a,2.09997,0x00000000,2025-12-14T15:16:10.850Z,2025-12-14T15:16:10.850Z
23,0x000a,-2.18325,0x00000000,2025-12-14T15:16:10.752Z,2025-12-14T15:16:10.752Z
23,0x000a,-2.14234,0x00000000,2025-12-14T15:16:10.850Z,2025-12-14T15:16:10.850Z
22,0x000a,-1.54707,0x00000000,2025-12-14T15:16:10.752Z,2025-12-14T15:16:10.752Z
22,0x000a,-1.52404,0x00000000,2025-12-14T15:16:10.850Z,2025-12-14T15:16:10.850Z
21,0x000a,-2.82062,0x00000000,2025-12-14T15:16:10.752Z,2025-12-14T15:16:10.752Z
21,0x000a,-2.76122,0x00000000,2025-12-14T15:16:10.850Z,2025-12-14T15:16:10.850Z
8,0x0004,8322,0x00000000,2025-12-14T15:16:10.752Z,2025-12-14T15:16:10.752Z
8,0x0004,7603,0x00000000,2025-12-14T15:16:10.850Z,2025-12-14T15:16:10.850Z
7,0x0004,10202,0x00000000,2025-12-14T15:16:10.752Z,2025-12-14T15:16:10.752Z
7,0x0004,9704,0x00000000,2025-12-14T15:16:10.850Z,2025-12-14T15:16:10.850Z
6,0x0004,6718,0x00000000,2025-12-14T15:16:10.752Z,2025-12-14T15:16:10.752Z
6,0x0004,5806,0x00000000,2025-12-14T15:16:10.850Z,2025-12-14T15:16:10.850Z
39,0x000a,-2.10142,0x00000000,2025-12-14T15:16:10.950Z,2025-12-14T15:16:10.950Z
38,0x000a,-1.50101,0x00000000,2025-12-14T15:16:10.950Z,2025-12-14T15:16:10.950Z
37,0x000a,-2.70182,0x00000000,2025-12-14T15:16:10.950Z,2025-12-14T15:16:10.950Z
36,0x000a,-3.42034,0x00000000,2025-12-14T15:16:10.950Z,2025-12-14T15:16:10.950Z
35,0x000a,-2.46196,0x00000000,2025-12-14T15:16:10.950Z,2025-12-14T15:16:10.950Z
34,0x000a,-4.42965,0x00000000,2025-12-14T15:16:10.950Z,2025-12-14T15:16:10.950Z
26,0x000a,2.53979,0x00000000,2025-12-14T15:16:10.950Z,2025-12-14T15:16:10.950Z
25,0x000a,3.35974,0x00000000,2025-12-14T15:16:10.950Z,2025-12-14T15:16:10.950Z
24,0x000a,1.82979,0x00000000,2025-12-14T15:16:10.950Z,2025-12-14T15:16:10.950Z
23,0x000a,-3.42034,0x00000000,2025-12-14T15:16:10.950Z,2025-12-14T15:16:10.950Z
22,0x000a,-2.46196,0x00000000,2025-12-14T15:16:10.950Z,2025-12-14T15:16:10.950Z
21,0x000a,-4.42965,0x00000000,2025-12-14T15:16:10.950Z,2025-12-14T15:16:10.950Z
8,0x0004,7022,0x00000000,2025-12-14T15:16:10.950Z,2025-12-14T15:16:10.950Z
7,0x0004,9289,0x00000000,2025-12-14T15:16:10.950Z,2025-12-14T15:16:10.950Z
6,0x0004,5059,0x00000000,2025-12-14T15:16:10.950Z,2025-12-14T15:16:10.950Z
39,0x000a,-2.10142,0x00000000,2025-12-14T15:16:11.052Z,2025-12-14T15:16:11.052Z
38,0x000a,-1.59867,0x00000000,2025-12-14T15:16:11.052Z,2025-12-14T15:16:11.052Z
37,0x000a,-2.79948,0x00000000,2025-12-14T15:16:11.052Z,2025-12-14T15:16:11.052Z
36,0x000a,-2.76088,0x00000000,2025-12-14T15:16:11.052Z,2025-12-14T15:16:11.052Z
35,0x000a,-1.98149,0x00000000,2025-12-14T15:16:11.052Z,2025-12-14T15:16:11.052Z
34,0x000a,-3.56574,0x00000000,2025-12-14T15:16:11.052Z,2025-12-14T15:16:11.052Z
26,0x000a,2.32964,0x00000000,2025-12-14T15:16:11.052Z,2025-12-14T15:16:11.052Z
25,0x000a,3.19987,0x00000000,2025-12-14T15:16:11.052Z,2025-12-14T15:16:11.052Z
24,0x000a,1.54984,0x00000000,2025-12-14T15:16:11.052Z,2025-12-14T15:16:11.052Z
23,0x000a,-2.76088,0x00000000,2025-12-14T15:16:11.052Z,2025-12-14T15:16:11.052Z
22,0x000a,-1.98149,0x00000000,2025-12-14T15:16:11.052Z,2025-12-14T15:16:11.052Z
21,0x000a,-3.56574,0x00000000,2025-12-14T15:16:11.052Z,2025-12-14T15:16:11.052Z
8,0x0004,6441,0x00000000,2025-12-14T15:16:11.052Z,2025-12-14T15:16:11.052Z
7,0x0004,8847,0x00000000,2025-12-14T15:16:11.052Z,2025-12-14T15:16:11.052Z
6,0x0004,4285,0x00000000,2025-12-14T15:16:11.052Z,2025-12-14T15:16:11.052Z
39,0x000a,-2.19907,0x00000000,2025-12-14T15:16:11.150Z,2025-12-14T15:16:11.150Z
38,0x000a,-1.50101,0x00000000,2025-12-14T15:16:11.150Z,2025-12-14T15:16:11.150Z
36,0x000a,-2.43115,0x00000000,2025-12-14T15:16:11.150Z,2025-12-14T15:16:11.150Z
35,0x000a,-1.79008,0x00000000,2025-12-14T15:16:11.150Z,2025-12-14T15:16:11.150Z
34,0x000a,-3.18261,0x00000000,2025-12-14T15:16:11.150Z,2025-12-14T15:16:11.150Z
26,0x000a,2.10974,0x00000000,2025-12-14T15:16:11.150Z,2025-12-14T15:16:11.150Z
25,0x000a,3.04977,0x00000000,2025-12-14T15:16:11.150Z,2025-12-14T15:16:11.150Z
24,0x000a,1.26989,0x00000000,2025-12-14T15:16:11.150Z,2025-12-14T15:16:11.150Z
23,0x000a,-2.43115,0x00000000,2025-12-14T15:16:11.150Z,2025-12-14T15:16:11.150Z
22,0x000a,-1.79008,0x00000000,2025-12-14T15:16:11.150Z,2025-12-14T15:16:11.150Z
21,0x000a,-3.18261,0x00000000,2025-12-14T15:16:11.150Z,2025-12-14T15:16:11.150Z
8,0x0004,5833,0x00000000,2025-12-14T15:16:11.150Z,2025-12-14T15:16:11.150Z
7,0x0004,8432,0x00000000,2025-12-14T15:16:11.150Z,2025-12-14T15:16:11.150Z
6,0x0004,3511,0x00000000,2025-12-14T15:16:11.150Z,2025-12-14T15:16:11.150Z
39,0x000a,-2.0978,0x00000000,2025-12-14T15:16:11.252Z,2025-12-14T15:16:11.252Z
37,0x000a,-2.70182,0x00000000,2025-12-14T15:16:11.252Z,2025-12-14T15:16:11.252Z
36,0x000a,-2.31511,0x00000000,2025-12-14T15:16:11.252Z,2025-12-14T15:16:11.252Z
35,0x000a,-1.64555,0x00000000,2025-12-14T15:16:11.252Z,2025-12-14T15:16:11.252Z
34,0x000a,-2.99104,0x00000000,2025-12-14T15:16:11.252Z,2025-12-14T15:16:11.252Z
26,0x000a,1.89996,0x00000000,2025-12-14T15:16:11.252Z,2025-12-14T15:16:11.252Z
25,0x000a,2.89967,0x00000000,2025-12-14T15:16:11.252Z,2025-12-14T15:16:11.252Z
24,0x000a,0.999711,0x00000000,2025-12-14T15:16:11.252Z,2025-12-14T15:16:11.252Z
23,0x000a,-2.31511,0x00000000,2025-12-14T15:16:11.252Z,2025-12-14T15:16:11.252Z
22,0x000a,-1.64555,0x00000000,2025-12-14T15:16:11.252Z,2025-12-14T15:16:11.252Z
21,0x000a,-2.99104,0x00000000,2025-12-14T15:16:11.252Z,2025-12-14T15:16:11.252Z
8,0x0004,5253,0x00000000,2025-12-14T15:16:11.252Z,2025-12-14T15:16:11.252Z
7,0x0004,8017,0x00000000,2025-12-14T15:16:11.252Z,2025-12-14T15:16:11.252Z
6,0x0004,2764,0x00000000,2025-12-14T15:16:11.252Z,2025-12-14T15:16:11.252Z
26,0x000a,1.68981,0x00000000,2025-12-14T15:16:11.350Z,2025-12-14T15:16:11.350Z
25,0x000a,2.7398,0x00000000,2025-12-14T15:16:11.350Z,2025-12-14T15:16:11.350Z
24,0x000a,0.719763,0x00000000,2025-12-14T15:16:11.350Z,2025-12-14T15:16:11.350Z
23,0x000a,-2.20646,0x00000000,2025-12-14T15:16:11.350Z,2025-12-14T15:16:11.350Z
22,0x000a,-1.57328,0x00000000,2025-12-14T15:16:11.350Z,2025-12-14T15:16:11.350Z
21,0x000a,-2.84643,0x00000000,2025-12-14T15:16:11.350Z,2025-12-14T15:16:11.350Z
8,0x0004,4672,0x00000000,2025-12-14T15:16:11.350Z,2025-12-14T15:16:11.350Z
7,0x0004,7575,0x00000000,2025-12-14T15:16:11.350Z,2025-12-14T15:16:11.350Z
6,0x0004,1990,0x00000000,2025-12-14T15:16:11.350Z,2025-12-14T15:16:11.350Z
39,0x000a,-2.10142,0x00000000,2025-12-14T15:16:11.450Z,2025-12-14T15:16:11.450Z
38,0x000a,-1.59867,0x00000000,2025-12-14T15:16:11.450Z,2025-12-14T15:16:11.450Z
37,0x000a,-2.79948,0x00000000,2025-12-14T15:16:11.450Z,2025-12-14T15:16:11.450Z
36,0x000a,-2.20646,0x00000000,2025-12-14T15:16:11.450Z,2025-12-14T15:16:11.450Z
35,0x000a,-1.57328,0x00000000,2025-12-14T15:16:11.450Z,2025-12-14T15:16:11.450Z
34,0x000a,-2.84643,0x00000000,2025-12-14T15:16:11.450Z,2025-12-14T15:16:11.450Z
26,0x000a,1.42976,0x00000000,2025-12-14T15:16:11.450Z,2025-12-14T15:16:11.450Z
25,0x000a,2.55968,0x00000000,2025-12-14T15:16:11.450Z,2025-12-14T15:16:11.450Z
24,0x000a,0.389902,0x00000000,2025-12-14T15:16:11.450Z,2025-12-14T15:16:11.450Z
8,0x0004,3953,0x00000000,2025-12-14T15:16:11.450Z,2025-12-14T15:16:11.450Z
7,0x0004,7077,0x00000000,2025-12-14T15:16:11.450Z,2025-12-14T15:16:11.450Z
6,0x0004,1078,0x00000000,2025-12-14T15:16:11.450Z,2025-12-14T15:16:11.450Z
39,0x000a,-2.60055,0x00000000,2025-12-14T15:16:11.551Z,2025-12-14T15:16:11.551Z
38,0x000a,-1.80121,0x00000000,2025-12-14T15:16:11.551Z,2025-12-14T15:16:11.551Z
37,0x000a,-3.29861,0x00000000,2025-12-14T15:16:11.551Z,2025-12-14T15:16:11.551Z
36,0x000a,-2.15394,0x00000000,2025-12-14T15:16:11.551Z,2025-12-14T15:16:11.551Z
35,0x000a,-1.58597,0x00000000,2025-12-14T15:16:11.551Z,2025-12-14T15:16:11.551Z
34,0x000a,-2.82296,0x00000000,2025-12-14T15:16:11.551Z,2025-12-14T15:16:11.551Z
26,0x000a,1.21998,0x00000000,2025-12-14T15:16:11.551Z,2025-12-14T15:16:11.551Z
25,0x000a,2.40994,0x00000000,2025-12-14T15:16:11.551Z,2025-12-14T15:16:11.551Z
24,0x000a,0.119719,0x00000000,2025-12-14T15:16:11.551Z,2025-12-14T15:16:11.551Z
23,0x000a,-2.15394,0x00000000,2025-12-14T15:16:11.551Z,2025-12-14T15:16:11.551Z
22,0x000a,-1.58597,0x00000000,2025-12-14T15:16:11.551Z,2025-12-14T15:16:11.551Z
21,0x000a,-2.82296,0x00000000,2025-12-14T15:16:11.551Z,2025-12-14T15:16:11.551Z
14,0x0001,false,0x00000000,2025-12-14T15:16:11.551Z,2025-12-14T15:16:11.551Z
8,0x0004,3373,0x00000000,2025-12-14T15:16:11.551Z,2025-12-14T15:16:11.551Z
7,0x0004,6663,0x00000000,2025-12-14T15:16:11.551Z,2025-12-14T15:16:11.551Z
6,0x0004,331,0x00000000,2025-12-14T15:16:11.551Z,2025-12-14T15:16:11.551Z
39,0x000a,-2.0978,0x00000000,2025-12-14T15:16:11.649Z,2025-12-14T15:16:11.649Z
38,0x000a,-1.4974,0x00000000,2025-12-14T15:16:11.649Z,2025-12-14T15:16:11.649Z
37,0x000a,-2.70182,0x00000000,2025-12-14T15:16:11.649Z,2025-12-14T15:16:11.649Z
36,0x000a,-2.37724,0x00000000,2025-12-14T15:16:11.649Z,2025-12-14T15:16:11.649Z
35,0x000a,-1.69359,0x00000000,2025-12-14T15:16:11.649Z,2025-12-14T15:16:11.649Z
34,0x000a,-3.06078,0x00000000,2025-12-14T15:16:11.649Z,2025-12-14T15:16:11.649Z
26,0x000a,0.999711,0x00000000,2025-12-14T15:16:11.649Z,2025-12-14T15:16:11.649Z
25,0x000a,2.24971,0x00000000,2025-12-14T15:16:11.649Z,2025-12-14T15:16:11.649Z
24,0x000a,0,0x00000000,2025-12-14T15:16:11.649Z,2025-12-14T15:16:11.649Z
23,0x000a,-2.37724,0x00000000,2025-12-14T15:16:11.649Z,2025-12-14T15:16:11.649Z
22,0x000a,-1.69359,0x00000000,2025-12-14T15:16:11.649Z,2025-12-14T15:16:11.649Z
21,0x000a,-3.06078,0x00000000,2025-12-14T15:16:11.649Z,2025-12-14T15:16:11.649Z
8,0x0004,2764,0x00000000,2025-12-14T15:16:11.649Z,2025-12-14T15:16:11.649Z
7,0x0004,6220,0x00000000,2025-12-14T15:16:11.649Z,2025-12-14T15:16:11.649Z
6,0x0004,0,0x00000000,2025-12-14T15:16:11.649Z,2025-12-14T15:16:11.649Z
39,0x000a,-2.20269,0x00000000,2025-12-14T15:16:11.750Z,2025-12-14T15:16:11.750Z
38,0x000a,-1.60229,0x00000000,2025-12-14T15:16:11.750Z,2025-12-14T15:16:11.750Z
37,0x000a,-1.19719,0x00000000,2025-12-14T15:16:11.750Z,2025-12-14T15:16:11.750Z
36,0x000a,-2.23752,0x00000000,2025-12-14T15:16:11.750Z,2025-12-14T15:16:11.750Z
35,0x000a,-1.59549,0x00000000,2025-12-14T15:16:11.750Z,2025-12-14T15:16:11.750Z
34,0x000a,-2.8813,0x00000000,2025-12-14T15:16:11.750Z,2025-12-14T15:16:11.750Z
26,0x000a,0.789931,0x00000000,2025-12-14T15:16:11.750Z,2025-12-14T15:16:11.750Z
25,0x000a,2.09997,0x00000000,2025-12-14T15:16:11.750Z,2025-12-14T15:16:11.750Z
23,0x000a,-2.23752,0x00000000,2025-12-14T15:16:11.750Z,2025-12-14T15:16:11.750Z
22,0x000a,-1.59549,0x00000000,2025-12-14T15:16:11.750Z,2025-12-14T15:16:11.750Z
21,0x000a,-2.8813,0x00000000,2025-12-14T15:16:11.750Z,2025-12-14T15:16:11.750Z
8,0x0004,2184,0x00000000,2025-12-14T15:16:11.750Z,2025-12-14T15:16:11.750Z
7,0x0004,5806,0x00000000,2025-12-14T15:16:11.750Z,2025-12-14T15:16:11.750Z
39,0x000a,-2.0978,0x00000000,2025-12-14T15:16:11.850Z,2025-12-14T15:16:11.850Z
38,0x000a,-1.4974,0x00000000,2025-12-14T15:16:11.850Z,2025-12-14T15:16:11.850Z
37,0x000a,0,0x00000000,2025-12-14T15:16:11.850Z,2025-12-14T15:16:11.850Z
36,0x000a,-2.22011,0x00000000,2025-12-14T15:16:11.850Z,2025-12-14T15:16:11.850Z
35,0x000a,-1.59889,0x00000000,2025-12-14T15:16:11.850Z,2025-12-14T15:16:11.850Z
34,0x000a,-2.03925,0x00000000,2025-12-14T15:16:11.850Z,2025-12-14T15:16:11.850Z
26,0x000a,0.579789,0x00000000,2025-12-14T15:16:11.850Z,2025-12-14T15:16:11.850Z
25,0x000a,1.94987,0x00000000,2025-12-14T15:16:11.850Z,2025-12-14T15:16:11.850Z
23,0x000a,-2.22011,0x00000000,2025-12-14T15:16:11.850Z,2025-12-14T15:16:11.850Z
22,0x000a,-1.59889,0x00000000,2025-12-14T15:16:11.850Z,2025-12-14T15:16:11.850Z
21,0x000a,-2.03925,0x00000000,2025-12-14T15:16:11.850Z,2025-12-14T15:16:11.850Z
8,0x0004,1603,0x00000000,2025-12-14T15:16:11.850Z,2025-12-14T15:16:11.850Z
7,0x0004,5391,0x00000000,2025-12-14T15:16:11.850Z,2025-12-14T15:16:11.850Z
39,0x000a,-4.20284,0x00000000,2025-12-14T15:16:11.951Z,2025-12-14T15:16:11.951Z
38,0x000a,-3.1033,0x00000000,2025-12-14T15:16:11.951Z,2025-12-14T15:16:11.951Z
36,0x000a,-2.15895,0x00000000,2025-12-14T15:16:11.951Z,2025-12-14T15:16:11.951Z
35,0x000a,-1.54814,0x00000000,2025-12-14T15:16:11.951Z,2025-12-14T15:16:11.951Z
34,0x000a,-1.01962,0x00000000,2025-12-14T15:16:11.951Z,2025-12-14T15:16:11.951Z
26,0x000a,0.369647,0x00000000,2025-12-14T15:16:11.951Z,2025-12-14T15:16:11.951Z
25,0x000a,1.78964,0x00000000,2025-12-14T15:16:11.951Z,2025-12-14T15:16:11.951Z
23,0x000a,-2.15895,0x00000000,2025-12-14T15:16:11.951Z,2025-12-14T15:16:11.951Z
22,0x000a,-1.54814,0x00000000,2025-12-14T15:16:11.951Z,2025-12-14T15:16:11.951Z
21,0x000a,-1.01962,0x00000000,2025-12-14T15:16:11.951Z,2025-12-14T15:16:11.951Z
8,0x0004,1022,0x00000000,2025-12-14T15:16:11.951Z,2025-12-14T15:16:11.951Z
7,0x0004,4948,0x00000000,2025-12-14T15:16:11.951Z,2025-12-14T15:16:11.951Z
40,0x0001,true,0x00000000,2025-12-14T15:16:12.051Z,2025-12-14T15:16:12.051Z
39,0x000a,-2.59693,0x00000000,2025-12-14T15:16:12.051Z,2025-12-14T15:16:12.051Z
38,0x000a,-1.7976,0x00000000,2025-12-14T15:16:12.051Z,2025-12-14T15:16:12.051Z
36,0x000a,-3.18089,0x00000000,2025-12-14T15:16:12.051Z,2025-12-14T15:16:12.051Z
35,0x000a,-2.32572,0x00000000,2025-12-14T15:16:12.051Z,2025-12-14T15:16:12.051Z
34,0x000a,-0.509812,0x00000000,2025-12-14T15:16:12.051Z,2025-12-14T15:16:12.051Z
26,0x000a,0.109954,0x00000000,2025-12-14T15:16:12.051Z,2025-12-14T15:16:12.051Z
25,0x000a,1.60988,0x00000000,2025-12-14T15:16:12.051Z,2025-12-14T15:16:12.051Z
23,0x000a,-3.18089,0x00000000,2025-12-14T15:16:12.051Z,2025-12-14T15:16:12.051Z
22,0x000a,-2.32572,0x00000000,2025-12-14T15:16:12.051Z,2025-12-14T15:16:12.051Z
21,0x000a,-0.509812,0x00000000,2025-12-14T15:16:12.051Z,2025-12-14T15:16:12.051Z
18,0x0001,false,0x00000000,2025-12-14T15:16:12.051Z,2025-12-14T15:16:12.051Z
8,0x0004,304,0x00000000,2025-12-14T15:16:12.051Z,2025-12-14T15:16:12.051Z
7,0x0004,4451,0x00000000,2025-12-14T15:16:12.051Z,2025-12-14T15:16:12.051Z
36,0x000a,-2.88891,0x00000000,2025-12-14T15:16:12.150Z,2025-12-14T15:16:12.150Z
35,0x000a,-2.06166,0x00000000,2025-12-14T15:16:12.150Z,2025-12-14T15:16:12.150Z
34,0x000a,-0.254906,0x00000000,2025-12-14T15:16:12.150Z,2025-12-14T15:16:12.150Z
26,0x000a,0,0x00000000,2025-12-14T15:16:12.150Z,2025-12-14T15:16:12.150Z
25,0x000a,1.44965,0x00000000,2025-12-14T15:16:12.150Z,2025-12-14T15:16:12.150Z
23,0x000a,-2.88891,0x00000000,2025-12-14T15:16:12.150Z,2025-12-14T15:16:12.150Z
22,0x000a,-2.06166,0x00000000,2025-12-14T15:16:12.150Z,2025-12-14T15:16:12.150Z
21,0x000a,-0.254906,0x00000000,2025-12-14T15:16:12.150Z,2025-12-14T15:16:12.150Z
8,0x0004,0,0x00000000,2025-12-14T15:16:12.150Z,2025-12-14T15:16:12.150Z
7,0x0004,4008,0x00000000,2025-12-14T15:16:12.150Z,2025-12-14T15:16:12.150Z
39,0x000a,-1.09954,0x00000000,2025-12-14T15:16:12.251Z,2025-12-14T15:16:12.251Z
38,0x000a,-1.60228,0x00000000,2025-12-14T15:16:12.251Z,2025-12-14T15:16:12.251Z
25,0x000a,1.29991,0x00000000,2025-12-14T15:16:12.251Z,2025-12-14T15:16:12.251Z
7,0x0004,3594,0x00000000,2025-12-14T15:16:12.251Z,2025-12-14T15:16:12.251Z
39,0x000a,0,0x00000000,2025-12-14T15:16:12.351Z,2025-12-14T15:16:12.351Z
38,0x000a,-1.4974,0x00000000,2025-12-14T15:16:12.351Z,2025-12-14T15:16:12.351Z
36,0x000a,-1.99423,0x00000000,2025-12-14T15:16:12.351Z,2025-12-14T15:16:12.351Z
35,0x000a,-1.83197,0x00000000,2025-12-14T15:16:12.351Z,2025-12-14T15:16:12.351Z
34,0x000a,-0.127453,0x00000000,2025-12-14T15:16:12.351Z,2025-12-14T15:16:12.351Z
25,0x000a,1.14981,0x00000000,2025-12-14T15:16:12.351Z,2025-12-14T15:16:12.351Z
23,0x000a,-1.99423,0x00000000,2025-12-14T15:16:12.351Z,2025-12-14T15:16:12.351Z
22,0x000a,-1.83197,0x00000000,2025-12-14T15:16:12.351Z,2025-12-14T15:16:12.351Z
21,0x000a,-0.127453,0x00000000,2025-12-14T15:16:12.351Z,2025-12-14T15:16:12.351Z
7,0x0004,3179,0x00000000,2025-12-14T15:16:12.351Z,2025-12-14T15:16:12.351Z
38,0x000a,-1.50101,0x00000000,2025-12-14T15:16:12.450Z,2025-12-14T15:16:12.450Z
36,0x000a,-0.997113,0x00000000,2025-12-14T15:16:12.450Z,2025-12-14T15:16:12.450Z
35,0x000a,-1.66468,0x00000000,2025-12-14T15:16:12.450Z,2025-12-14T15:16:12.450Z
34,0x000a,-0.0637265,0x00000000,2025-12-14T15:16:12.450Z,2025-12-14T15:16:12.450Z
25,0x000a,0.989945,0x00000000,2025-12-14T15:16:12.450Z,2025-12-14T15:16:12.450Z
23,0x000a,-0.997113,0x00000000,2025-12-14T15:16:12.450Z,2025-12-14T15:16:12.450Z
22,0x000a,-1.66468,0x00000000,2025-12-14T15:16:12.450Z,2025-12-14T15:16:12.450Z
21,0x000a,-0.0637265,0x00000000,2025-12-14T15:16:12.450Z,2025-12-14T15:16:12.450Z
7,0x0004,2737,0x00000000,2025-12-14T15:16:12.450Z,2025-12-14T15:16:12.450Z
42,0x0001,true,0x00000000,2025-12-14T15:16:12.553Z,2025-12-14T15:16:12.553Z
38,0x000a,-1.59867,0x00000000,2025-12-14T15:16:12.553Z,2025-12-14T15:16:12.553Z
38,0x000a,-1.50101,0x00000000,2025-12-14T15:16:12.652Z,2025-12-14T15:16:12.652Z
36,0x000a,-0.498556,0x00000000,2025-12-14T15:16:12.553Z,2025-12-14T15:16:12.553Z
36,0x000a,-0.249278,0x00000000,2025-12-14T15:16:12.652Z,2025-12-14T15:16:12.652Z
35,0x000a,-1.58285,0x00000000,2025-12-14T15:16:12.553Z,2025-12-14T15:16:12.553Z
35,0x000a,-1.59076,0x00000000,2025-12-14T15:16:12.652Z,2025-12-14T15:16:12.652Z
34,0x000a,-0.0318633,0x00000000,2025-12-14T15:16:12.553Z,2025-12-14T15:16:12.553Z
34,0x000a,-0.0159316,0x00000000,2025-12-14T15:16:12.652Z,2025-12-14T15:16:12.652Z
25,0x000a,0.839844,0x00000000,2025-12-14T15:16:12.553Z,2025-12-14T15:16:12.553Z
23,0x000a,-0.498556,0x00000000,2025-12-14T15:16:12.553Z,2025-12-14T15:16:12.553Z
23,0x000a,-0.249278,0x00000000,2025-12-14T15:16:12.652Z,2025-12-14T15:16:12.652Z
22,0x000a,-1.58285,0x00000000,2025-12-14T15:16:12.553Z,2025-12-14T15:16:12.553Z
22,0x000a,-1.59076,0x00000000,2025-12-14T15:16:12.652Z,2025-12-14T15:16:12.652Z
21,0x000a,-0.0318633,0x00000000,2025-12-14T15:16:12.553Z,2025-12-14T15:16:12.553Z
21,0x000a,-0.0159316,0x00000000,2025-12-14T15:16:12.652Z,2025-12-14T15:16:12.652Z
7,0x0004,2322,0x00000000,2025-12-14T15:16:12.553Z,2025-12-14T15:16:12.553Z
38,0x000a,-1.80122,0x00000000,2025-12-14T15:16:12.752Z,2025-12-14T15:16:12.752Z
36,0x000a,-0.124639,0x00000000,2025-12-14T15:16:12.752Z,2025-12-14T15:16:12.752Z
35,0x000a,-1.54589,0x00000000,2025-12-14T15:16:12.752Z,2025-12-14T15:16:12.752Z
34,0x000a,-0.00796581,0x00000000,2025-12-14T15:16:12.752Z,2025-12-14T15:16:12.752Z
25,0x000a,0.659722,0x00000000,2025-12-14T15:16:12.752Z,2025-12-14T15:16:12.752Z
23,0x000a,-0.124639,0x00000000,2025-12-14T15:16:12.752Z,2025-12-14T15:16:12.752Z
22,0x000a,-1.54589,0x00000000,2025-12-14T15:16:12.752Z,2025-12-14T15:16:12.752Z
21,0x000a,-0.00796581,0x00000000,2025-12-14T15:16:12.752Z,2025-12-14T15:16:12.752Z
7,0x0004,1824,0x00000000,2025-12-14T15:16:12.752Z,2025-12-14T15:16:12.752Z
38,0x000a,-1.59867,0x00000000,2025-12-14T15:16:12.849Z,2025-12-14T15:16:12.849Z
36,0x000a,-0.0623195,0x00000000,2025-12-14T15:16:12.849Z,2025-12-14T15:16:12.849Z
35,0x000a,-1.67355,0x00000000,2025-12-14T15:16:12.849Z,2025-12-14T15:16:12.849Z
34,0x000a,-0.00398291,0x00000000,2025-12-14T15:16:12.849Z,2025-12-14T15:16:12.849Z
25,0x000a,0.499855,0x00000000,2025-12-14T15:16:12.849Z,2025-12-14T15:16:12.849Z
23,0x000a,-0.0623195,0x00000000,2025-12-14T15:16:12.849Z,2025-12-14T15:16:12.849Z
22,0x000a,-1.67355,0x00000000,2025-12-14T15:16:12.849Z,2025-12-14T15:16:12.849Z
21,0x000a,-0.00398291,0x00000000,2025-12-14T15:16:12.849Z,2025-12-14T15:16:12.849Z
7,0x0004,1382,0x00000000,2025-12-14T15:16:12.849Z,2025-12-14T15:16:12.849Z
36,0x000a,-0.0311598,0x00000000,2025-12-14T15:16:12.950Z,2025-12-14T15:16:12.950Z
35,0x000a,-1.63611,0x00000000,2025-12-14T15:16:12.950Z,2025-12-14T15:16:12.950Z
34,0x000a,-0.00199145,0x00000000,2025-12-14T15:16:12.950Z,2025-12-14T15:16:12.950Z
25,0x000a,0.349754,0x00000000,2025-12-14T15:16:12.950Z,2025-12-14T15:16:12.950Z
23,0x000a,-0.0311598,0x00000000,2025-12-14T15:16:12.950Z,2025-12-14T15:16:12.950Z
22,0x000a,-1.63611,0x00000000,2025-12-14T15:16:12.950Z,2025-12-14T15:16:12.950Z
21,0x000a,-0.00199145,0x00000000,2025-12-14T15:16:12.950Z,2025-12-14T15:16:12.950Z
7,0x0004,967,0x00000000,2025-12-14T15:16:12.950Z,2025-12-14T15:16:12.950Z
38,0x000a,-1.50101,0x00000000,2025-12-14T15:16:13.050Z,2025-12-14T15:16:13.050Z
25,0x000a,0.199653,0x00000000,2025-12-14T15:16:13.050Z,2025-12-14T15:16:13.050Z
16,0x0001,false,0x00000000,2025-12-14T15:16:13.050Z,2025-12-14T15:16:13.050Z
7,0x0004,552,0x00000000,2025-12-14T15:16:13.050Z,2025-12-14T15:16:13.050Z
38,0x000a,-3.09968,0x00000000,2025-12-14T15:16:13.150Z,2025-12-14T15:16:13.150Z
36,0x000a,-0.0155799,0x00000000,2025-12-14T15:16:13.150Z,2025-12-14T15:16:13.150Z
35,0x000a,-1.56856,0x00000000,2025-12-14T15:16:13.150Z,2025-12-14T15:16:13.150Z
34,0x000a,-0.000995727,0x00000000,2025-12-14T15:16:13.150Z,2025-12-14T15:16:13.150Z
25,0x000a,0.0397859,0x00000000,2025-12-14T15:16:13.150Z,2025-12-14T15:16:13.150Z
23,0x000a,-0.0155799,0x00000000,2025-12-14T15:16:13.150Z,2025-12-14T15:16:13.150Z
22,0x000a,-1.56856,0x00000000,2025-12-14T15:16:13.150Z,2025-12-14T15:16:13.150Z
21,0x000a,-0.000995727,0x00000000,2025-12-14T15:16:13.150Z,2025-12-14T15:16:13.150Z
7,0x0004,110,0x00000000,2025-12-14T15:16:13.150Z,2025-12-14T15:16:13.150Z
38,0x000a,-0.397859,0x00000000,2025-12-14T15:16:13.251Z,2025-12-14T15:16:13.251Z
36,0x000a,-0.00778994,0x00000000,2025-12-14T15:16:13.251Z,2025-12-14T15:16:13.251Z
35,0x000a,-2.33412,0x00000000,2025-12-14T15:16:13.251Z,2025-12-14T15:16:13.251Z
34,0x000a,-0.000497863,0x00000000,2025-12-14T15:16:13.251Z,2025-12-14T15:16:13.251Z
25,0x000a,0,0x00000000,2025-12-14T15:16:13.251Z,2025-12-14T15:16:13.251Z
23,0x000a,-0.00778994,0x00000000,2025-12-14T15:16:13.251Z,2025-12-14T15:16:13.251Z
22,0x000a,-2.33412,0x00000000,2025-12-14T15:16:13.251Z,2025-12-14T15:16:13.251Z
21,0x000a,-0.000497863,0x00000000,2025-12-14T15:16:13.251Z,2025-12-14T15:16:13.251Z
7,0x0004,0,0x00000000,2025-12-14T15:16:13.251Z,2025-12-14T15:16:13.251Z
38,0x000a,0,0x00000000,2025-12-14T15:16:13.350Z,2025-12-14T15:16:13.350Z
36,0x000a,-0.00389497,0x00000000,2025-12-14T15:16:13.350Z,2025-12-14T15:16:13.350Z
35,0x000a,-1.36599,0x00000000,2025-12-14T15:16:13.350Z,2025-12-14T15:16:13.350Z
34,0x000a,-0.000248932,0x00000000,2025-12-14T15:16:13.350Z,2025-12-14T15:16:13.350Z
23,0x000a,-0.00389497,0x00000000,2025-12-14T15:16:13.350Z,2025-12-14T15:16:13.350Z
22,0x000a,-1.36599,0x00000000,2025-12-14T15:16:13.350Z,2025-12-14T15:16:13.350Z
21,0x000a,-0.000248932,0x00000000,2025-12-14T15:16:13.350Z,2025-12-14T15:16:13.350Z
36,0x000a,-0.00194749,0x00000000,2025-12-14T15:16:13.452Z,2025-12-14T15:16:13.452Z
35,0x000a,-0.682995,0x00000000,2025-12-14T15:16:13.452Z,2025-12-14T15:16:13.452Z
34,0x000a,-0.000124466,0x00000000,2025-12-14T15:16:13.452Z,2025-12-14T15:16:13.452Z
23,0x000a,-0.00194749,0x00000000,2025-12-14T15:16:13.452Z,2025-12-14T15:16:13.452Z
22,0x000a,-0.682995,0x00000000,2025-12-14T15:16:13.452Z,2025-12-14T15:16:13.452Z
21,0x000a,-0.000124466,0x00000000,2025-12-14T15:16:13.452Z,2025-12-14T15:16:13.452Z
42,0x0001,false,0x00000000,2025-12-14T15:16:13.551Z,2025-12-14T15:16:13.551Z
40,0x0001,false,0x00000000,2025-12-14T15:16:13.551Z,2025-12-14T15:16:13.551Z
36,0x000a,-0.000973743,0x00000000,2025-12-14T15:16:13.551Z,2025-12-14T15:16:13.551Z
35,0x000a,-0.341498,0x00000000,2025-12-14T15:16:13.551Z,2025-12-14T15:16:13.551Z
34,0x000a,-6.22329e-05,0x00000000,2025-12-14T15:16:13.551Z,2025-12-14T15:16:13.551Z
23,0x000a,-0.000973743,0x00000000,2025-12-14T15:16:13.551Z,2025-12-14T15:16:13.551Z
22,0x000a,-0.341498,0x00000000,2025-12-14T15:16:13.551Z,2025-12-14T15:16:13.551Z
21,0x000a,-6.22329e-05,0x00000000,2025-12-14T15:16:13.551Z,2025-12-14T15:16:13.551Z
17,0x0001,true,0x00000000,2025-12-14T15:16:13.551Z,2025-12-14T15:16:13.551Z
15,0x0001,true,0x00000000,2025-12-14T15:16:13.551Z,2025-12-14T15:16:13.551Z
13,0x0001,true,0x00000000,2025-12-14T15:16:13.551Z,2025-12-14T15:16:13.551Z
4,0x000a,10,0x00000000,2025-12-14T15:16:13.551Z,2025-12-14T15:16:13.551Z
3,0x000a,9,0x00000000,2025-12-14T15:16:13.551Z,2025-12-14T15:16:13.551Z
2,0x000a,8,0x00000000,2025-12-14T15:16:13.551Z,2025-12-14T15:16:13.551Z
36,0x000a,-0.000486871,0x00000000,2025-12-14T15:16:13.652Z,2025-12-14T15:16:13.652Z
35,0x000a,-0.170749,0x00000000,2025-12-14T15:16:13.652Z,2025-12-14T15:16:13.652Z
34,0x000a,-3.11165e-05,0x00000000,2025-12-14T15:16:13.652Z,2025-12-14T15:16:13.652Z
23,0x000a,-0.000486871,0x00000000,2025-12-14T15:16:13.652Z,2025-12-14T15:16:13.652Z
22,0x000a,-0.170749,0x00000000,2025-12-14T15:16:13.652Z,2025-12-14T15:16:13.652Z
21,0x000a,-3.11165e-05,0x00000000,2025-12-14T15:16:13.652Z,2025-12-14T15:16:13.652Z
39,0x000a,0.596788,0x00000000,2025-12-14T15:16:13.750Z,2025-12-14T15:16:13.750Z
38,0x000a,0.799335,0x00000000,2025-12-14T15:16:13.750Z,2025-12-14T15:16:13.750Z
37,0x000a,1.59867,0x00000000,2025-12-14T15:16:13.750Z,2025-12-14T15:16:13.750Z
36,0x000a,-0.000243436,0x00000000,2025-12-14T15:16:13.750Z,2025-12-14T15:16:13.750Z
35,0x000a,-0.0853744,0x00000000,2025-12-14T15:16:13.750Z,2025-12-14T15:16:13.750Z
34,0x000a,-1.55582e-05,0x00000000,2025-12-14T15:16:13.750Z,2025-12-14T15:16:13.750Z
26,0x000a,0.0596788,0x00000000,2025-12-14T15:16:13.750Z,2025-12-14T15:16:13.750Z
25,0x000a,0.0799334,0x00000000,2025-12-14T15:16:13.750Z,2025-12-14T15:16:13.750Z
24,0x000a,0.159867,0x00000000,2025-12-14T15:16:13.750Z,2025-12-14T15:16:13.750Z
23,0x000a,-0.000243436,0x00000000,2025-12-14T15:16:13.750Z,2025-12-14T15:16:13.750Z
22,0x000a,-0.0853744,0x00000000,2025-12-14T15:16:13.750Z,2025-12-14T15:16:13.750Z
21,0x000a,-1.55582e-05,0x00000000,2025-12-14T15:16:13.750Z,2025-12-14T15:16:13.750Z
8,0x0004,165,0x00000000,2025-12-14T15:16:13.750Z,2025-12-14T15:16:13.750Z
7,0x0004,221,0x00000000,2025-12-14T15:16:13.750Z,2025-12-14T15:16:13.750Z
6,0x0004,442,0x00000000,2025-12-14T15:16:13.750Z,2025-12-14T15:16:13.750Z
36,0x000a,0.298272,0x00000000,2025-12-14T15:16:13.851Z,2025-12-14T15:16:13.851Z
35,0x000a,0.35698,0x00000000,2025-12-14T15:16:13.851Z,2025-12-14T15:16:13.851Z
34,0x000a,0.799327,0x00000000,2025-12-14T15:16:13.851Z,2025-12-14T15:16:13.851Z
26,0x000a,0.269821,0x00000000,2025-12-14T15:16:13.851Z,2025-12-14T15:16:13.851Z
25,0x000a,0.229673,0x00000000,2025-12-14T15:16:13.851Z,2025-12-14T15:16:13.851Z
24,0x000a,0.439815,0x00000000,2025-12-14T15:16:13.851Z,2025-12-14T15:16:13.851Z
23,0x000a,0.298272,0x00000000,2025-12-14T15:16:13.851Z,2025-12-14T15:16:13.851Z
22,0x000a,0.35698,0x00000000,2025-12-14T15:16:13.851Z,2025-12-14T15:16:13.851Z
21,0x000a,0.799327,0x00000000,2025-12-14T15:16:13.851Z,2025-12-14T15:16:13.851Z
8,0x0004,746,0x00000000,2025-12-14T15:16:13.851Z,2025-12-14T15:16:13.851Z
7,0x0004,635,0x00000000,2025-12-14T15:16:13.851Z,2025-12-14T15:16:13.851Z
6,0x0004,1216,0x00000000,2025-12-14T15:16:13.851Z,2025-12-14T15:16:13.851Z
39,0x000a,2.10142,0x00000000,2025-12-14T15:16:13.950Z,2025-12-14T15:16:13.950Z
38,0x000a,1.4974,0x00000000,2025-12-14T15:16:13.950Z,2025-12-14T15:16:13.950Z
37,0x000a,2.79948,0x00000000,2025-12-14T15:16:13.950Z,2025-12-14T15:16:13.950Z
26,0x000a,0.479962,0x00000000,2025-12-14T15:16:13.950Z,2025-12-14T15:16:13.950Z
25,0x000a,0.389902,0x00000000,2025-12-14T15:16:13.950Z,2025-12-14T15:16:13.950Z
24,0x000a,0.709997,0x00000000,2025-12-14T15:16:13.950Z,2025-12-14T15:16:13.950Z
8,0x0004,1327,0x00000000,2025-12-14T15:16:13.950Z,2025-12-14T15:16:13.950Z
7,0x0004,1078,0x00000000,2025-12-14T15:16:13.950Z,2025-12-14T15:16:13.950Z
6,0x0004,1963,0x00000000,2025-12-14T15:16:13.950Z,2025-12-14T15:16:13.950Z
38,0x000a,1.60229,0x00000000,2025-12-14T15:16:14.050Z,2025-12-14T15:16:14.050Z
37,0x000a,2.70182,0x00000000,2025-12-14T15:16:14.050Z,2025-12-14T15:16:14.050Z
36,0x000a,1.19985,0x00000000,2025-12-14T15:16:14.050Z,2025-12-14T15:16:14.050Z
35,0x000a,0.927188,0x00000000,2025-12-14T15:16:14.050Z,2025-12-14T15:16:14.050Z
34,0x000a,1.7994,0x00000000,2025-12-14T15:16:14.050Z,2025-12-14T15:16:14.050Z
26,0x000a,0.739656,0x00000000,2025-12-14T15:16:14.050Z,2025-12-14T15:16:14.050Z
25,0x000a,0.569661,0x00000000,2025-12-14T15:16:14.050Z,2025-12-14T15:16:14.050Z
24,0x000a,1.03986,0x00000000,2025-12-14T15:16:14.050Z,2025-12-14T15:16:14.050Z
23,0x000a,1.19985,0x00000000,2025-12-14T15:16:14.050Z,2025-12-14T15:16:14.050Z
22,0x000a,0.927188,0x00000000,2025-12-14T15:16:14.050Z,2025-12-14T15:16:14.050Z
21,0x000a,1.7994,0x00000000,2025-12-14T15:16:14.050Z,2025-12-14T15:16:14.050Z
8,0x0004,2045,0x00000000,2025-12-14T15:16:14.050Z,2025-12-14T15:16:14.050Z
7,0x0004,1575,0x00000000,2025-12-14T15:16:14.050Z,2025-12-14T15:16:14.050Z
6,0x0004,2875,0x00000000,2025-12-14T15:16:14.050Z,2025-12-14T15:16:14.050Z
39,0x000a,2.59693,0x00000000,2025-12-14T15:16:14.151Z,2025-12-14T15:16:14.151Z
38,0x000a,1.7976,0x00000000,2025-12-14T15:16:14.151Z,2025-12-14T15:16:14.151Z
37,0x000a,3.29861,0x00000000,2025-12-14T15:16:14.151Z,2025-12-14T15:16:14.151Z
36,0x000a,1.65063,0x00000000,2025-12-14T15:16:14.151Z,2025-12-14T15:16:14.151Z
35,0x000a,1.26474,0x00000000,2025-12-14T15:16:14.151Z,2025-12-14T15:16:14.151Z
34,0x000a,2.25061,0x00000000,2025-12-14T15:16:14.151Z,2025-12-14T15:16:14.151Z
26,0x000a,0.949797,0x00000000,2025-12-14T15:16:14.151Z,2025-12-14T15:16:14.151Z
25,0x000a,0.719763,0x00000000,2025-12-14T15:16:14.151Z,2025-12-14T15:16:14.151Z
24,0x000a,1.31981,0x00000000,2025-12-14T15:16:14.151Z,2025-12-14T15:16:14.151Z
23,0x000a,1.65063,0x00000000,2025-12-14T15:16:14.151Z,2025-12-14T15:16:14.151Z
22,0x000a,1.26474,0x00000000,2025-12-14T15:16:14.151Z,2025-12-14T15:16:14.151Z
21,0x000a,2.25061,0x00000000,2025-12-14T15:16:14.151Z,2025-12-14T15:16:14.151Z
8,0x0004,2626,0x00000000,2025-12-14T15:16:14.151Z,2025-12-14T15:16:14.151Z
7,0x0004,1990,0x00000000,2025-12-14T15:16:14.151Z,2025-12-14T15:16:14.151Z
6,0x0004,3649,0x00000000,2025-12-14T15:16:14.151Z,2025-12-14T15:16:14.151Z
39,0x000a,4.20284,0x00000000,2025-12-14T15:16:14.250Z,2025-12-14T15:16:14.250Z
38,0x000a,3.1033,0x00000000,2025-12-14T15:16:14.250Z,2025-12-14T15:16:14.250Z
37,0x000a,5.59896,0x00000000,2025-12-14T15:16:14.250Z,2025-12-14T15:16:14.250Z
36,0x000a,2.12378,0x00000000,2025-12-14T15:16:14.250Z,2025-12-14T15:16:14.250Z
35,0x000a,1.53117,0x00000000,2025-12-14T15:16:14.250Z,2025-12-14T15:16:14.250Z
34,0x000a,2.77461,0x00000000,2025-12-14T15:16:14.250Z,2025-12-14T15:16:14.250Z
26,0x000a,1.15994,0x00000000,2025-12-14T15:16:14.250Z,2025-12-14T15:16:14.250Z
25,0x000a,0.879991,0x00000000,2025-12-14T15:16:14.250Z,2025-12-14T15:16:14.250Z
24,0x000a,1.59975,0x00000000,2025-12-14T15:16:14.250Z,2025-12-14T15:16:14.250Z
23,0x000a,2.12378,0x00000000,2025-12-14T15:16:14.250Z,2025-12-14T15:16:14.250Z
22,0x000a,1.53117,0x00000000,2025-12-14T15:16:14.250Z,2025-12-14T15:16:14.250Z
21,0x000a,2.77461,0x00000000,2025-12-14T15:16:14.250Z,2025-12-14T15:16:14.250Z
8,0x0004,3207,0x00000000,2025-12-14T15:16:14.250Z,2025-12-14T15:16:14.250Z
7,0x0004,2433,0x00000000,2025-12-14T15:16:14.250Z,2025-12-14T15:16:14.250Z
6,0x0004,4423,0x00000000,2025-12-14T15:16:14.250Z,2025-12-14T15:16:14.250Z
39,0x000a,2.19907,0x00000000,2025-12-14T15:16:14.350Z,2025-12-14T15:16:14.350Z
39,0x000a,2.10142,0x00000000,2025-12-14T15:16:14.452Z,2025-12-14T15:16:14.452Z
38,0x000a,1.4974,0x00000000,2025-12-14T15:16:14.350Z,2025-12-14T15:16:14.350Z
38,0x000a,1.50101,0x00000000,2025-12-14T15:16:14.452Z,2025-12-14T15:16:14.452Z
37,0x000a,2.70182,0x00000000,2025-12-14T15:16:14.350Z,2025-12-14T15:16:14.350Z
37,0x000a,2.79948,0x00000000,2025-12-14T15:16:14.452Z,2025-12-14T15:16:14.452Z
36,0x000a,3.16331,0x00000000,2025-12-14T15:16:14.350Z,2025-12-14T15:16:14.350Z
36,0x000a,2.68119,0x00000000,2025-12-14T15:16:14.452Z,2025-12-14T15:16:14.452Z
35,0x000a,2.31723,0x00000000,2025-12-14T15:16:14.350Z,2025-12-14T15:16:14.350Z
35,0x000a,1.90731,0x00000000,2025-12-14T15:16:14.452Z,2025-12-14T15:16:14.452Z
34,0x000a,4.18678,0x00000000,2025-12-14T15:16:14.350Z,2025-12-14T15:16:14.350Z
34,0x000a,3.4443,0x00000000,2025-12-14T15:16:14.452Z,2025-12-14T15:16:14.452Z
26,0x000a,1.37985,0x00000000,2025-12-14T15:16:14.350Z,2025-12-14T15:16:14.350Z
26,0x000a,1.58999,0x00000000,2025-12-14T15:16:14.452Z,2025-12-14T15:16:14.452Z
25,0x000a,1.02973,0x00000000,2025-12-14T15:16:14.350Z,2025-12-14T15:16:14.350Z
25,0x000a,1.17983,0x00000000,2025-12-14T15:16:14.452Z,2025-12-14T15:16:14.452Z
24,0x000a,1.86994,0x00000000,2025-12-14T15:16:14.350Z,2025-12-14T15:16:14.350Z
24,0x000a,2.14988,0x00000000,2025-12-14T15:16:14.452Z,2025-12-14T15:16:14.452Z
23,0x000a,3.16331,0x00000000,2025-12-14T15:16:14.350Z,2025-12-14T15:16:14.350Z
23,0x000a,2.68119,0x00000000,2025-12-14T15:16:14.452Z,2025-12-14T15:16:14.452Z
22,0x000a,2.31723,0x00000000,2025-12-14T15:16:14.350Z,2025-12-14T15:16:14.350Z
22,0x000a,1.90731,0x00000000,2025-12-14T15:16:14.452Z,2025-12-14T15:16:14.452Z
21,0x000a,4.18678,0x00000000,2025-12-14T15:16:14.350Z,2025-12-14T15:16:14.350Z
21,0x000a,3.4443,0x00000000,2025-12-14T15:16:14.452Z,2025-12-14T15:16:14.452Z
8,0x0004,3815,0x00000000,2025-12-14T15:16:14.350Z,2025-12-14T15:16:14.350Z
8,0x0004,4396,0x00000000,2025-12-14T15:16:14.452Z,2025-12-14T15:16:14.452Z
7,0x0004,2847,0x00000000,2025-12-14T15:16:14.350Z,2025-12-14T15:16:14.350Z
7,0x0004,3262,0x00000000,2025-12-14T15:16:14.452Z,2025-12-14T15:16:14.452Z
6,0x0004,5170,0x00000000,2025-12-14T15:16:14.350Z,2025-12-14T15:16:14.350Z
6,0x0004,5944,0x00000000,2025-12-14T15:16:14.452Z,2025-12-14T15:16:14.452Z
39,0x000a,2.0978,0x00000000,2025-12-14T15:16:14.550Z,2025-12-14T15:16:14.550Z
38,0x000a,1.59867,0x00000000,2025-12-14T15:16:14.550Z,2025-12-14T15:16:14.550Z
37,0x000a,2.69821,0x00000000,2025-12-14T15:16:14.550Z,2025-12-14T15:16:14.550Z
36,0x000a,2.3913,0x00000000,2025-12-14T15:16:14.550Z,2025-12-14T15:16:14.550Z
35,0x000a,1.70416,0x00000000,2025-12-14T15:16:14.550Z,2025-12-14T15:16:14.550Z
34,0x000a,3.12189,0x00000000,2025-12-14T15:16:14.550Z,2025-12-14T15:16:14.550Z
26,0x000a,1.79977,0x00000000,2025-12-14T15:16:14.550Z,2025-12-14T15:16:14.550Z
25,0x000a,1.3397,0x00000000,2025-12-14T15:16:14.550Z,2025-12-14T15:16:14.550Z
24,0x000a,2.4197,0x00000000,2025-12-14T15:16:14.550Z,2025-12-14T15:16:14.550Z
23,0x000a,2.3913,0x00000000,2025-12-14T15:16:14.550Z,2025-12-14T15:16:14.550Z
22,0x000a,1.70416,0x00000000,2025-12-14T15:16:14.550Z,2025-12-14T15:16:14.550Z
21,0x000a,3.12189,0x00000000,2025-12-14T15:16:14.550Z,2025-12-14T15:16:14.550Z
8,0x0004,4976,0x00000000,2025-12-14T15:16:14.550Z,2025-12-14T15:16:14.550Z
7,0x0004,3704,0x00000000,2025-12-14T15:16:14.550Z,2025-12-14T15:16:14.550Z
6,0x0004,6690,0x00000000,2025-12-14T15:16:14.550Z,2025-12-14T15:16:14.550Z
39,0x000a,2.60055,0x00000000,2025-12-14T15:16:14.652Z,2025-12-14T15:16:14.652Z
38,0x000a,1.80122,0x00000000,2025-12-14T15:16:14.652Z,2025-12-14T15:16:14.652Z
37,0x000a,3.39988,0x00000000,2025-12-14T15:16:14.652Z,2025-12-14T15:16:14.652Z
36,0x000a,2.24455,0x00000000,2025-12-14T15:16:14.652Z,2025-12-14T15:16:14.652Z
35,0x000a,1.65142,0x00000000,2025-12-14T15:16:14.652Z,2025-12-14T15:16:14.652Z
34,0x000a,2.91005,0x00000000,2025-12-14T15:16:14.652Z,2025-12-14T15:16:14.652Z
26,0x000a,2.05982,0x00000000,2025-12-14T15:16:14.652Z,2025-12-14T15:16:14.652Z
25,0x000a,1.51982,0x00000000,2025-12-14T15:16:14.652Z,2025-12-14T15:16:14.652Z
24,0x000a,2.75969,0x00000000,2025-12-14T15:16:14.652Z,2025-12-14T15:16:14.652Z
23,0x000a,2.24455,0x00000000,2025-12-14T15:16:14.652Z,2025-12-14T15:16:14.652Z
22,0x000a,1.65142,0x00000000,2025-12-14T15:16:14.652Z,2025-12-14T15:16:14.652Z
21,0x000a,2.91005,0x00000000,2025-12-14T15:16:14.652Z,2025-12-14T15:16:14.652Z
8,0x0004,5695,0x00000000,2025-12-14T15:16:14.652Z,2025-12-14T15:16:14.652Z
7,0x0004,4202,0x00000000,2025-12-14T15:16:14.652Z,2025-12-14T15:16:14.652Z
6,0x0004,7630,0x00000000,2025-12-14T15:16:14.652Z,2025-12-14T15:16:14.652Z
36,0x000a,2.42255,0x00000000,2025-12-14T15:16:14.750Z,2025-12-14T15:16:14.750Z
35,0x000a,1.72632,0x00000000,2025-12-14T15:16:14.750Z,2025-12-14T15:16:14.750Z
34,0x000a,3.15497,0x00000000,2025-12-14T15:16:14.750Z,2025-12-14T15:16:14.750Z
26,0x000a,2.26997,0x00000000,2025-12-14T15:16:14.750Z,2025-12-14T15:16:14.750Z
25,0x000a,1.66992,0x00000000,2025-12-14T15:16:14.750Z,2025-12-14T15:16:14.750Z
24,0x000a,3.02988,0x00000000,2025-12-14T15:16:14.750Z,2025-12-14T15:16:14.750Z
23,0x000a,2.42255,0x00000000,2025-12-14T15:16:14.750Z,2025-12-14T15:16:14.750Z
22,0x000a,1.72632,0x00000000,2025-12-14T15:16:14.750Z,2025-12-14T15:16:14.750Z
21,0x000a,3.15497,0x00000000,2025-12-14T15:16:14.750Z,2025-12-14T15:16:14.750Z
8,0x0004,6276,0x00000000,2025-12-14T15:16:14.750Z,2025-12-14T15:16:14.750Z
7,0x0004,4617,0x00000000,2025-12-14T15:16:14.750Z,2025-12-14T15:16:14.750Z
6,0x0004,8377,0x00000000,2025-12-14T15:16:14.750Z,2025-12-14T15:16:14.750Z
39,0x000a,2.10142,0x00000000,2025-12-14T15:16:14.850Z,2025-12-14T15:16:14.850Z
38,0x000a,1.50101,0x00000000,2025-12-14T15:16:14.850Z,2025-12-14T15:16:14.850Z
37,0x000a,2.70182,0x00000000,2025-12-14T15:16:14.850Z,2025-12-14T15:16:14.850Z
26,0x000a,2.48987,0x00000000,2025-12-14T15:16:14.850Z,2025-12-14T15:16:14.850Z
25,0x000a,1.82979,0x00000000,2025-12-14T15:16:14.850Z,2025-12-14T15:16:14.850Z
24,0x000a,3.30982,0x00000000,2025-12-14T15:16:14.850Z,2025-12-14T15:16:14.850Z
8,0x0004,6884,0x00000000,2025-12-14T15:16:14.850Z,2025-12-14T15:16:14.850Z
7,0x0004,5059,0x00000000,2025-12-14T15:16:14.850Z,2025-12-14T15:16:14.850Z
6,0x0004,9151,0x00000000,2025-12-14T15:16:14.850Z,2025-12-14T15:16:14.850Z
39,0x000a,2.19908,0x00000000,2025-12-14T15:16:14.952Z,2025-12-14T15:16:14.952Z
38,0x000a,1.59867,0x00000000,2025-12-14T15:16:14.952Z,2025-12-14T15:16:14.952Z
37,0x000a,2.79948,0x00000000,2025-12-14T15:16:14.952Z,2025-12-14T15:16:14.952Z
36,0x000a,2.26198,0x00000000,2025-12-14T15:16:14.952Z,2025-12-14T15:16:14.952Z
35,0x000a,1.61366,0x00000000,2025-12-14T15:16:14.952Z,2025-12-14T15:16:14.952Z
34,0x000a,2.92839,0x00000000,2025-12-14T15:16:14.952Z,2025-12-14T15:16:14.952Z
26,0x000a,2.69965,0x00000000,2025-12-14T15:16:14.952Z,2025-12-14T15:16:14.952Z
25,0x000a,1.97989,0x00000000,2025-12-14T15:16:14.952Z,2025-12-14T15:16:14.952Z
24,0x000a,3.57964,0x00000000,2025-12-14T15:16:14.952Z,2025-12-14T15:16:14.952Z
23,0x000a,2.26198,0x00000000,2025-12-14T15:16:14.952Z,2025-12-14T15:16:14.952Z
22,0x000a,1.61366,0x00000000,2025-12-14T15:16:14.952Z,2025-12-14T15:16:14.952Z
21,0x000a,2.92839,0x00000000,2025-12-14T15:16:14.952Z,2025-12-14T15:16:14.952Z
8,0x0004,7464,0x00000000,2025-12-14T15:16:14.952Z,2025-12-14T15:16:14.952Z
7,0x0004,5474,0x00000000,2025-12-14T15:16:14.952Z,2025-12-14T15:16:14.952Z
6,0x0004,9897,0x00000000,2025-12-14T15:16:14.952Z,2025-12-14T15:16:14.952Z
39,0x000a,2.0978,0x00000000,2025-12-14T15:16:15.050Z,2025-12-14T15:16:15.050Z
38,0x000a,1.50101,0x00000000,2025-12-14T15:16:15.050Z,2025-12-14T15:16:15.050Z
37,0x000a,2.6982,0x00000000,2025-12-14T15:16:15.050Z,2025-12-14T15:16:15.050Z
36,0x000a,2.23053,0x00000000,2025-12-14T15:16:15.050Z,2025-12-14T15:16:15.050Z
35,0x000a,1.60617,0x00000000,2025-12-14T15:16:15.050Z,2025-12-14T15:16:15.050Z
34,0x000a,2.86394,0x00000000,2025-12-14T15:16:15.050Z,2025-12-14T15:16:15.050Z
26,0x000a,2.90979,0x00000000,2025-12-14T15:16:15.050Z,2025-12-14T15:16:15.050Z
25,0x000a,2.12999,0x00000000,2025-12-14T15:16:15.050Z,2025-12-14T15:16:15.050Z
24,0x000a,3.85995,0x00000000,2025-12-14T15:16:15.050Z,2025-12-14T15:16:15.050Z
23,0x000a,2.23053,0x00000000,2025-12-14T15:16:15.050Z,2025-12-14T15:16:15.050Z
22,0x000a,1.60617,0x00000000,2025-12-14T15:16:15.050Z,2025-12-14T15:16:15.050Z
21,0x000a,2.86394,0x00000000,2025-12-14T15:16:15.050Z,2025-12-14T15:16:15.050Z
8,0x0004,8045,0x00000000,2025-12-14T15:16:15.050Z,2025-12-14T15:16:15.050Z
7,0x0004,5889,0x00000000,2025-12-14T15:16:15.050Z,2025-12-14T15:16:15.050Z
6,0x0004,10672,0x00000000,2025-12-14T15:16:15.050Z,2025-12-14T15:16:15.050Z
39,0x000a,2.10142,0x00000000,2025-12-14T15:16:15.152Z,2025-12-14T15:16:15.152Z
37,0x000a,2.8031,0x00000000,2025-12-14T15:16:15.152Z,2025-12-14T15:16:15.152Z
36,0x000a,2.16416,0x00000000,2025-12-14T15:16:15.152Z,2025-12-14T15:16:15.152Z
35,0x000a,1.55359,0x00000000,2025-12-14T15:16:15.152Z,2025-12-14T15:16:15.152Z
34,0x000a,2.78107,0x00000000,2025-12-14T15:16:15.152Z,2025-12-14T15:16:15.152Z
26,0x000a,3.11994,0x00000000,2025-12-14T15:16:15.152Z,2025-12-14T15:16:15.152Z
25,0x000a,2.28986,0x00000000,2025-12-14T15:16:15.152Z,2025-12-14T15:16:15.152Z
24,0x000a,4.12977,0x00000000,2025-12-14T15:16:15.152Z,2025-12-14T15:16:15.152Z
23,0x000a,2.16416,0x00000000,2025-12-14T15:16:15.152Z,2025-12-14T15:16:15.152Z
22,0x000a,1.55359,0x00000000,2025-12-14T15:16:15.152Z,2025-12-14T15:16:15.152Z
21,0x000a,2.78107,0x00000000,2025-12-14T15:16:15.152Z,2025-12-14T15:16:15.152Z
8,0x0004,8626,0x00000000,2025-12-14T15:16:15.152Z,2025-12-14T15:16:15.152Z
7,0x0004,6331,0x00000000,2025-12-14T15:16:15.152Z,2025-12-14T15:16:15.152Z
6,0x0004,11418,0x00000000,2025-12-14T15:16:15.152Z,2025-12-14T15:16:15.152Z
39,0x000a,2.10142,0x00000000,2025-12-14T15:16:15.251Z,2025-12-14T15:16:15.251Z
38,0x000a,1.59867,0x00000000,2025-12-14T15:16:15.251Z,2025-12-14T15:16:15.251Z
37,0x000a,2.6982,0x00000000,2025-12-14T15:16:15.251Z,2025-12-14T15:16:15.251Z
36,0x000a,2.13279,0x00000000,2025-12-14T15:16:15.251Z,2025-12-14T15:16:15.251Z
35,0x000a,1.5273,0x00000000,2025-12-14T15:16:15.251Z,2025-12-14T15:16:15.251Z
34,0x000a,2.79208,0x00000000,2025-12-14T15:16:15.251Z,2025-12-14T15:16:15.251Z
26,0x000a,3.37999,0x00000000,2025-12-14T15:16:15.251Z,2025-12-14T15:16:15.251Z
25,0x000a,2.46998,0x00000000,2025-12-14T15:16:15.251Z,2025-12-14T15:16:15.251Z
24,0x000a,4.46976,0x00000000,2025-12-14T15:16:15.251Z,2025-12-14T15:16:15.251Z
23,0x000a,2.13279,0x00000000,2025-12-14T15:16:15.251Z,2025-12-14T15:16:15.251Z
22,0x000a,1.5273,0x00000000,2025-12-14T15:16:15.251Z,2025-12-14T15:16:15.251Z
21,0x000a,2.79208,0x00000000,2025-12-14T15:16:15.251Z,2025-12-14T15:16:15.251Z
8,0x0004,9345,0x00000000,2025-12-14T15:16:15.251Z,2025-12-14T15:16:15.251Z
7,0x0004,6829,0x00000000,2025-12-14T15:16:15.251Z,2025-12-14T15:16:15.251Z
6,0x0004,12358,0x00000000,2025-12-14T15:16:15.251Z,2025-12-14T15:16:15.251Z
39,0x000a,4.69835,0x00000000,2025-12-14T15:16:15.352Z,2025-12-14T15:16:15.352Z
38,0x000a,3.29861,0x00000000,2025-12-14T15:16:15.352Z,2025-12-14T15:16:15.352Z
37,0x000a,6.10171,0x00000000,2025-12-14T15:16:15.352Z,2025-12-14T15:16:15.352Z
36,0x000a,2.1171,0x00000000,2025-12-14T15:16:15.352Z,2025-12-14T15:16:15.352Z
35,0x000a,1.56298,0x00000000,2025-12-14T15:16:15.352Z,2025-12-14T15:16:15.352Z
34,0x000a,2.74514,0x00000000,2025-12-14T15:16:15.352Z,2025-12-14T15:16:15.352Z
26,0x000a,3.58977,0x00000000,2025-12-14T15:16:15.352Z,2025-12-14T15:16:15.352Z
25,0x000a,2.61972,0x00000000,2025-12-14T15:16:15.352Z,2025-12-14T15:16:15.352Z
24,0x000a,4.73994,0x00000000,2025-12-14T15:16:15.352Z,2025-12-14T15:16:15.352Z
23,0x000a,2.1171,0x00000000,2025-12-14T15:16:15.352Z,2025-12-14T15:16:15.352Z
22,0x000a,1.56298,0x00000000,2025-12-14T15:16:15.352Z,2025-12-14T15:16:15.352Z
21,0x000a,2.74514,0x00000000,2025-12-14T15:16:15.352Z,2025-12-14T15:16:15.352Z
8,0x0004,9925,0x00000000,2025-12-14T15:16:15.352Z,2025-12-14T15:16:15.352Z
7,0x0004,7243,0x00000000,2025-12-14T15:16:15.352Z,2025-12-14T15:16:15.352Z
6,0x0004,13105,0x00000000,2025-12-14T15:16:15.352Z,2025-12-14T15:16:15.352Z
39,0x000a,2.19908,0x00000000,2025-12-14T15:16:15.451Z,2025-12-14T15:16:15.451Z
38,0x000a,1.60228,0x00000000,2025-12-14T15:16:15.451Z,2025-12-14T15:16:15.451Z
37,0x000a,2.79948,0x00000000,2025-12-14T15:16:15.451Z,2025-12-14T15:16:15.451Z
36,0x000a,3.40773,0x00000000,2025-12-14T15:16:15.451Z,2025-12-14T15:16:15.451Z
35,0x000a,2.4308,0x00000000,2025-12-14T15:16:15.451Z,2025-12-14T15:16:15.451Z
34,0x000a,4.42343,0x00000000,2025-12-14T15:16:15.451Z,2025-12-14T15:16:15.451Z
26,0x000a,3.80968,0x00000000,2025-12-14T15:16:15.451Z,2025-12-14T15:16:15.451Z
25,0x000a,2.77995,0x00000000,2025-12-14T15:16:15.451Z,2025-12-14T15:16:15.451Z
24,0x000a,5.01989,0x00000000,2025-12-14T15:16:15.451Z,2025-12-14T15:16:15.451Z
23,0x000a,3.40773,0x00000000,2025-12-14T15:16:15.451Z,2025-12-14T15:16:15.451Z
22,0x000a,2.4308,0x00000000,2025-12-14T15:16:15.451Z,2025-12-14T15:16:15.451Z
21,0x000a,4.42343,0x00000000,2025-12-14T15:16:15.451Z,2025-12-14T15:16:15.451Z
8,0x0004,10533,0x00000000,2025-12-14T15:16:15.451Z,2025-12-14T15:16:15.451Z
7,0x0004,7686,0x00000000,2025-12-14T15:16:15.451Z,2025-12-14T15:16:15.451Z
6,0x0004,13879,0x00000000,2025-12-14T15:16:15.451Z,2025-12-14T15:16:15.451Z
36,0x000a,2.8034,0x00000000,2025-12-14T15:16:15.549Z,2025-12-14T15:16:15.549Z
35,0x000a,2.01654,0x00000000,2025-12-14T15:16:15.549Z,2025-12-14T15:16:15.549Z
34,0x000a,3.61145,0x00000000,2025-12-14T15:16:15.549Z,2025-12-14T15:16:15.549Z
26,0x000a,4.01982,0x00000000,2025-12-14T15:16:15.549Z,2025-12-14T15:16:15.549Z
25,0x000a,2.92969,0x00000000,2025-12-14T15:16:15.549Z,2025-12-14T15:16:15.549Z
24,0x000a,5.28971,0x00000000,2025-12-14T15:16:15.549Z,2025-12-14T15:16:15.549Z
23,0x000a,2.8034,0x00000000,2025-12-14T15:16:15.549Z,2025-12-14T15:16:15.549Z
22,0x000a,2.01654,0x00000000,2025-12-14T15:16:15.549Z,2025-12-14T15:16:15.549Z
21,0x000a,3.61145,0x00000000,2025-12-14T15:16:15.549Z,2025-12-14T15:16:15.549Z
8,0x0004,11114,0x00000000,2025-12-14T15:16:15.549Z,2025-12-14T15:16:15.549Z
7,0x0004,8100,0x00000000,2025-12-14T15:16:15.549Z,2025-12-14T15:16:15.549Z
6,0x0004,14625,0x00000000,2025-12-14T15:16:15.549Z,2025-12-14T15:16:15.549Z
39,0x000a,2.10142,0x00000000,2025-12-14T15:16:15.652Z,2025-12-14T15:16:15.652Z
38,0x000a,1.4974,0x00000000,2025-12-14T15:16:15.652Z,2025-12-14T15:16:15.652Z
37,0x000a,2.69821,0x00000000,2025-12-14T15:16:15.652Z,2025-12-14T15:16:15.652Z
26,0x000a,4.22996,0x00000000,2025-12-14T15:16:15.652Z,2025-12-14T15:16:15.652Z
25,0x000a,3.07979,0x00000000,2025-12-14T15:16:15.652Z,2025-12-14T15:16:15.652Z
24,0x000a,5.56966,0x00000000,2025-12-14T15:16:15.652Z,2025-12-14T15:16:15.652Z
8,0x0004,11695,0x00000000,2025-12-14T15:16:15.652Z,2025-12-14T15:16:15.652Z
7,0x0004,8515,0x00000000,2025-12-14T15:16:15.652Z,2025-12-14T15:16:15.652Z
6,0x0004,15399,0x00000000,2025-12-14T15:16:15.652Z,2025-12-14T15:16:15.652Z
39,0x000a,2.10142,0x00000000,2025-12-14T15:16:15.750Z,2025-12-14T15:16:15.750Z
38,0x000a,1.50101,0x00000000,2025-12-14T15:16:15.750Z,2025-12-14T15:16:15.750Z
37,0x000a,2.79948,0x00000000,2025-12-14T15:16:15.750Z,2025-12-14T15:16:15.750Z
36,0x000a,2.45241,0x00000000,2025-12-14T15:16:15.750Z,2025-12-14T15:16:15.750Z
35,0x000a,1.75697,0x00000000,2025-12-14T15:16:15.750Z,2025-12-14T15:16:15.750Z
34,0x000a,3.15483,0x00000000,2025-12-14T15:16:15.750Z,2025-12-14T15:16:15.750Z
26,0x000a,4.44987,0x00000000,2025-12-14T15:16:15.750Z,2025-12-14T15:16:15.750Z
25,0x000a,3.23966,0x00000000,2025-12-14T15:16:15.750Z,2025-12-14T15:16:15.750Z
24,0x000a,5.83984,0x00000000,2025-12-14T15:16:15.750Z,2025-12-14T15:16:15.750Z
23,0x000a,2.45241,0x00000000,2025-12-14T15:16:15.750Z,2025-12-14T15:16:15.750Z
22,0x000a,1.75697,0x00000000,2025-12-14T15:16:15.750Z,2025-12-14T15:16:15.750Z
21,0x000a,3.15483,0x00000000,2025-12-14T15:16:15.750Z,2025-12-14T15:16:15.750Z
8,0x0004,12303,0x00000000,2025-12-14T15:16:15.750Z,2025-12-14T15:16:15.750Z
7,0x0004,8957,0x00000000,2025-12-14T15:16:15.750Z,2025-12-14T15:16:15.750Z
6,0x0004,16146,0x00000000,2025-12-14T15:16:15.750Z,2025-12-14T15:16:15.750Z
39,0x000a,2.19907,0x00000000,2025-12-14T15:16:15.852Z,2025-12-14T15:16:15.852Z
38,0x000a,1.59867,0x00000000,2025-12-14T15:16:15.852Z,2025-12-14T15:16:15.852Z
37,0x000a,2.70183,0x00000000,2025-12-14T15:16:15.852Z,2025-12-14T15:16:15.852Z
36,0x000a,2.27691,0x00000000,2025-12-14T15:16:15.852Z,2025-12-14T15:16:15.852Z
35,0x000a,1.62899,0x00000000,2025-12-14T15:16:15.852Z,2025-12-14T15:16:15.852Z
34,0x000a,2.97715,0x00000000,2025-12-14T15:16:15.852Z,2025-12-14T15:16:15.852Z
26,0x000a,4.65965,0x00000000,2025-12-14T15:16:15.852Z,2025-12-14T15:16:15.852Z
25,0x000a,3.38976,0x00000000,2025-12-14T15:16:15.852Z,2025-12-14T15:16:15.852Z
24,0x000a,6.11979,0x00000000,2025-12-14T15:16:15.852Z,2025-12-14T15:16:15.852Z
23,0x000a,2.27691,0x00000000,2025-12-14T15:16:15.852Z,2025-12-14T15:16:15.852Z
22,0x000a,1.62899,0x00000000,2025-12-14T15:16:15.852Z,2025-12-14T15:16:15.852Z
21,0x000a,2.97715,0x00000000,2025-12-14T15:16:15.852Z,2025-12-14T15:16:15.852Z
8,0x0004,12883,0x00000000,2025-12-14T15:16:15.852Z,2025-12-14T15:16:15.852Z
7,0x0004,9372,0x00000000,2025-12-14T15:16:15.852Z,2025-12-14T15:16:15.852Z
6,0x0004,16920,0x00000000,2025-12-14T15:16:15.852Z,2025-12-14T15:16:15.852Z
39,0x000a,2.0978,0x00000000,2025-12-14T15:16:15.949Z,2025-12-14T15:16:15.949Z
38,0x000a,1.50101,0x00000000,2025-12-14T15:16:15.949Z,2025-12-14T15:16:15.949Z
37,0x000a,2.79948,0x00000000,2025-12-14T15:16:15.949Z,2025-12-14T15:16:15.949Z
36,0x000a,2.23799,0x00000000,2025-12-14T15:16:15.949Z,2025-12-14T15:16:15.949Z
35,0x000a,1.61383,0x00000000,2025-12-14T15:16:15.949Z,2025-12-14T15:16:15.949Z
34,0x000a,2.83949,0x00000000,2025-12-14T15:16:15.949Z,2025-12-14T15:16:15.949Z
26,0x000a,4.9197,0x00000000,2025-12-14T15:16:15.949Z,2025-12-14T15:16:15.949Z
25,0x000a,3.57964,0x00000000,2025-12-14T15:16:15.949Z,2025-12-14T15:16:15.949Z
24,0x000a,6.44965,0x00000000,2025-12-14T15:16:15.949Z,2025-12-14T15:16:15.949Z
23,0x000a,2.23799,0x00000000,2025-12-14T15:16:15.949Z,2025-12-14T15:16:15.949Z
22,0x000a,1.61383,0x00000000,2025-12-14T15:16:15.949Z,2025-12-14T15:16:15.949Z
21,0x000a,2.83949,0x00000000,2025-12-14T15:16:15.949Z,2025-12-14T15:16:15.949Z
8,0x0004,13602,0x00000000,2025-12-14T15:16:15.949Z,2025-12-14T15:16:15.949Z
7,0x0004,9897,0x00000000,2025-12-14T15:16:15.949Z,2025-12-14T15:16:15.949Z
6,0x0004,17832,0x00000000,2025-12-14T15:16:15.949Z,2025-12-14T15:16:15.949Z
39,0x000a,2.60055,0x00000000,2025-12-14T15:16:16.052Z,2025-12-14T15:16:16.052Z
38,0x000a,1.89887,0x00000000,2025-12-14T15:16:16.052Z,2025-12-14T15:16:16.052Z
37,0x000a,3.29861,0x00000000,2025-12-14T15:16:16.052Z,2025-12-14T15:16:16.052Z
36,0x000a,2.1679,0x00000000,2025-12-14T15:16:16.052Z,2025-12-14T15:16:16.052Z
35,0x000a,1.55742,0x00000000,2025-12-14T15:16:16.052Z,2025-12-14T15:16:16.052Z
34,0x000a,2.81948,0x00000000,2025-12-14T15:16:16.052Z,2025-12-14T15:16:16.052Z
26,0x000a,5.12985,0x00000000,2025-12-14T15:16:16.052Z,2025-12-14T15:16:16.052Z
25,0x000a,3.72975,0x00000000,2025-12-14T15:16:16.052Z,2025-12-14T15:16:16.052Z
24,0x000a,6.72996,0x00000000,2025-12-14T15:16:16.052Z,2025-12-14T15:16:16.052Z
23,0x000a,2.1679,0x00000000,2025-12-14T15:16:16.052Z,2025-12-14T15:16:16.052Z
22,0x000a,1.55742,0x00000000,2025-12-14T15:16:16.052Z,2025-12-14T15:16:16.052Z
21,0x000a,2.81948,0x00000000,2025-12-14T15:16:16.052Z,2025-12-14T15:16:16.052Z
8,0x0004,14183,0x00000000,2025-12-14T15:16:16.052Z,2025-12-14T15:16:16.052Z
7,0x0004,10312,0x00000000,2025-12-14T15:16:16.052Z,2025-12-14T15:16:16.052Z
6,0x0004,18607,0x00000000,2025-12-14T15:16:16.052Z,2025-12-14T15:16:16.052Z
39,0x000a,2.10142,0x00000000,2025-12-14T15:16:16.153Z,2025-12-14T15:16:16.153Z
38,0x000a,1.50101,0x00000000,2025-12-14T15:16:16.153Z,2025-12-14T15:16:16.153Z
37,0x000a,2.8031,0x00000000,2025-12-14T15:16:16.153Z,2025-12-14T15:16:16.153Z
36,0x000a,2.38422,0x00000000,2025-12-14T15:16:16.153Z,2025-12-14T15:16:16.153Z
35,0x000a,1.72815,0x00000000,2025-12-14T15:16:16.153Z,2025-12-14T15:16:16.153Z
34,0x000a,3.05905,0x00000000,2025-12-14T15:16:16.153Z,2025-12-14T15:16:16.153Z
26,0x000a,5.33999,0x00000000,2025-12-14T15:16:16.153Z,2025-12-14T15:16:16.153Z
25,0x000a,3.87985,0x00000000,2025-12-14T15:16:16.153Z,2025-12-14T15:16:16.153Z
24,0x000a,6.99978,0x00000000,2025-12-14T15:16:16.153Z,2025-12-14T15:16:16.153Z
23,0x000a,2.38422,0x00000000,2025-12-14T15:16:16.153Z,2025-12-14T15:16:16.153Z
22,0x000a,1.72815,0x00000000,2025-12-14T15:16:16.153Z,2025-12-14T15:16:16.153Z
21,0x000a,3.05905,0x00000000,2025-12-14T15:16:16.153Z,2025-12-14T15:16:16.153Z
8,0x0004,14764,0x00000000,2025-12-14T15:16:16.153Z,2025-12-14T15:16:16.153Z
7,0x0004,10727,0x00000000,2025-12-14T15:16:16.153Z,2025-12-14T15:16:16.153Z
6,0x0004,19353,0x00000000,2025-12-14T15:16:16.153Z,2025-12-14T15:16:16.153Z
38,0x000a,1.50101,0x00000000,2025-12-14T15:16:16.252Z,2025-12-14T15:16:16.252Z
37,0x000a,2.69821,0x00000000,2025-12-14T15:16:16.252Z,2025-12-14T15:16:16.252Z
36,0x000a,2.24282,0x00000000,2025-12-14T15:16:16.252Z,2025-12-14T15:16:16.252Z
35,0x000a,1.61458,0x00000000,2025-12-14T15:16:16.252Z,2025-12-14T15:16:16.252Z
34,0x000a,2.93107,0x00000000,2025-12-14T15:16:16.252Z,2025-12-14T15:16:16.252Z
23,0x000a,2.24282,0x00000000,2025-12-14T15:16:16.252Z,2025-12-14T15:16:16.252Z
22,0x000a,1.61458,0x00000000,2025-12-14T15:16:16.252Z,2025-12-14T15:16:16.252Z
21,0x000a,2.93107,0x00000000,2025-12-14T15:16:16.252Z,2025-12-14T15:16:16.252Z
39,0x000a,2.0978,0x00000000,2025-12-14T15:16:16.350Z,2025-12-14T15:16:16.350Z
38,0x000a,1.59867,0x00000000,2025-12-14T15:16:16.350Z,2025-12-14T15:16:16.350Z
37,0x000a,2.79948,0x00000000,2025-12-14T15:16:16.350Z,2025-12-14T15:16:16.350Z
36,0x000a,2.17212,0x00000000,2025-12-14T15:16:16.350Z,2025-12-14T15:16:16.350Z
35,0x000a,1.5578,0x00000000,2025-12-14T15:16:16.350Z,2025-12-14T15:16:16.350Z
34,0x000a,2.81464,0x00000000,2025-12-14T15:16:16.350Z,2025-12-14T15:16:16.350Z
26,0x000a,5.54977,0x00000000,2025-12-14T15:16:16.350Z,2025-12-14T15:16:16.350Z
25,0x000a,4.03971,0x00000000,2025-12-14T15:16:16.350Z,2025-12-14T15:16:16.350Z
24,0x000a,7.27973,0x00000000,2025-12-14T15:16:16.350Z,2025-12-14T15:16:16.350Z
23,0x000a,2.17212,0x00000000,2025-12-14T15:16:16.350Z,2025-12-14T15:16:16.350Z
22,0x000a,1.5578,0x00000000,2025-12-14T15:16:16.350Z,2025-12-14T15:16:16.350Z
21,0x000a,2.81464,0x00000000,2025-12-14T15:16:16.350Z,2025-12-14T15:16:16.350Z
8,0x0004,15344,0x00000000,2025-12-14T15:16:16.350Z,2025-12-14T15:16:16.350Z
7,0x0004,11169,0x00000000,2025-12-14T15:16:16.350Z,2025-12-14T15:16:16.350Z
6,0x0004,20127,0x00000000,2025-12-14T15:16:16.350Z,2025-12-14T15:16:16.350Z
39,0x000a,4.70197,0x00000000,2025-12-14T15:16:16.551Z,2025-12-14T15:16:16.551Z
38,0x000a,3.30223,0x00000000,2025-12-14T15:16:16.551Z,2025-12-14T15:16:16.551Z
37,0x000a,6.10171,0x00000000,2025-12-14T15:16:16.551Z,2025-12-14T15:16:16.551Z
36,0x000a,2.13496,0x00000000,2025-12-14T15:16:16.551Z,2025-12-14T15:16:16.551Z
35,0x000a,1.57823,0x00000000,2025-12-14T15:16:16.551Z,2025-12-14T15:16:16.551Z
34,0x000a,2.80706,0x00000000,2025-12-14T15:16:16.551Z,2025-12-14T15:16:16.551Z
26,0x000a,5.76968,0x00000000,2025-12-14T15:16:16.450Z,2025-12-14T15:16:16.450Z
26,0x000a,6.01997,0x00000000,2025-12-14T15:16:16.551Z,2025-12-14T15:16:16.551Z
25,0x000a,4.18981,0x00000000,2025-12-14T15:16:16.450Z,2025-12-14T15:16:16.450Z
25,0x000a,4.36994,0x00000000,2025-12-14T15:16:16.551Z,2025-12-14T15:16:16.551Z
24,0x000a,7.55968,0x00000000,2025-12-14T15:16:16.450Z,2025-12-14T15:16:16.450Z
24,0x000a,7.8899,0x00000000,2025-12-14T15:16:16.551Z,2025-12-14T15:16:16.551Z
23,0x000a,2.13496,0x00000000,2025-12-14T15:16:16.551Z,2025-12-14T15:16:16.551Z
22,0x000a,1.57823,0x00000000,2025-12-14T15:16:16.551Z,2025-12-14T15:16:16.551Z
21,0x000a,2.80706,0x00000000,2025-12-14T15:16:16.551Z,2025-12-14T15:16:16.551Z
13,0x0001,false,0x00000000,2025-12-14T15:16:16.551Z,2025-12-14T15:16:16.551Z
8,0x0004,15952,0x00000000,2025-12-14T15:16:16.450Z,2025-12-14T15:16:16.450Z
8,0x0004,16644,0x00000000,2025-12-14T15:16:16.551Z,2025-12-14T15:16:16.551Z
7,0x0004,11584,0x00000000,2025-12-14T15:16:16.450Z,2025-12-14T15:16:16.450Z
7,0x0004,12082,0x00000000,2025-12-14T15:16:16.551Z,2025-12-14T15:16:16.551Z
6,0x0004,20901,0x00000000,2025-12-14T15:16:16.450Z,2025-12-14T15:16:16.450Z
6,0x0004,21814,0x00000000,2025-12-14T15:16:16.551Z,2025-12-14T15:16:16.551Z
39,0x000a,2.19907,0x00000000,2025-12-14T15:16:16.654Z,2025-12-14T15:16:16.654Z
38,0x000a,1.59867,0x00000000,2025-12-14T15:16:16.654Z,2025-12-14T15:16:16.654Z
37,0x000a,2.69821,0x00000000,2025-12-14T15:16:16.654Z,2025-12-14T15:16:16.654Z
36,0x000a,3.41846,0x00000000,2025-12-14T15:16:16.654Z,2025-12-14T15:16:16.654Z
35,0x000a,2.44023,0x00000000,2025-12-14T15:16:16.654Z,2025-12-14T15:16:16.654Z
34,0x000a,4.45438,0x00000000,2025-12-14T15:16:16.654Z,2025-12-14T15:16:16.654Z
26,0x000a,6.23987,0x00000000,2025-12-14T15:16:16.654Z,2025-12-14T15:16:16.654Z
25,0x000a,4.5298,0x00000000,2025-12-14T15:16:16.654Z,2025-12-14T15:16:16.654Z
24,0x000a,8.15972,0x00000000,2025-12-14T15:16:16.654Z,2025-12-14T15:16:16.654Z
23,0x000a,3.41846,0x00000000,2025-12-14T15:16:16.654Z,2025-12-14T15:16:16.654Z
22,0x000a,2.44023,0x00000000,2025-12-14T15:16:16.654Z,2025-12-14T15:16:16.654Z
21,0x000a,4.45438,0x00000000,2025-12-14T15:16:16.654Z,2025-12-14T15:16:16.654Z
8,0x0004,17252,0x00000000,2025-12-14T15:16:16.654Z,2025-12-14T15:16:16.654Z
7,0x0004,12524,0x00000000,2025-12-14T15:16:16.654Z,2025-12-14T15:16:16.654Z
6,0x0004,22560,0x00000000,2025-12-14T15:16:16.654Z,2025-12-14T15:16:16.654Z
39,0x000a,2.0978,0x00000000,2025-12-14T15:16:16.754Z,2025-12-14T15:16:16.754Z
38,0x000a,1.50101,0x00000000,2025-12-14T15:16:16.754Z,2025-12-14T15:16:16.754Z
37,0x000a,1.09954,0x00000000,2025-12-14T15:16:16.754Z,2025-12-14T15:16:16.754Z
36,0x000a,2.80877,0x00000000,2025-12-14T15:16:16.754Z,2025-12-14T15:16:16.754Z
35,0x000a,2.01945,0x00000000,2025-12-14T15:16:16.754Z,2025-12-14T15:16:16.754Z
34,0x000a,3.5763,0x00000000,2025-12-14T15:16:16.754Z,2025-12-14T15:16:16.754Z
26,0x000a,6.44965,0x00000000,2025-12-14T15:16:16.754Z,2025-12-14T15:16:16.754Z
25,0x000a,4.6799,0x00000000,2025-12-14T15:16:16.754Z,2025-12-14T15:16:16.754Z
24,0x000a,8.26968,0x00000000,2025-12-14T15:16:16.754Z,2025-12-14T15:16:16.754Z
23,0x000a,2.80877,0x00000000,2025-12-14T15:16:16.754Z,2025-12-14T15:16:16.754Z
22,0x000a,2.01945,0x00000000,2025-12-14T15:16:16.754Z,2025-12-14T15:16:16.754Z
21,0x000a,3.5763,0x00000000,2025-12-14T15:16:16.754Z,2025-12-14T15:16:16.754Z
8,0x0004,17832,0x00000000,2025-12-14T15:16:16.754Z,2025-12-14T15:16:16.754Z
7,0x0004,12939,0x00000000,2025-12-14T15:16:16.754Z,2025-12-14T15:16:16.754Z
6,0x0004,22864,0x00000000,2025-12-14T15:16:16.754Z,2025-12-14T15:16:16.754Z
39,0x000a,2.10142,0x00000000,2025-12-14T15:16:16.851Z,2025-12-14T15:16:16.851Z
38,0x000a,1.4974,0x00000000,2025-12-14T15:16:16.851Z,2025-12-14T15:16:16.851Z
37,0x000a,0,0x00000000,2025-12-14T15:16:16.851Z,2025-12-14T15:16:16.851Z
36,0x000a,2.45329,0x00000000,2025-12-14T15:16:16.851Z,2025-12-14T15:16:16.851Z
35,0x000a,1.76023,0x00000000,2025-12-14T15:16:16.851Z,2025-12-14T15:16:16.851Z
34,0x000a,2.33792,0x00000000,2025-12-14T15:16:16.851Z,2025-12-14T15:16:16.851Z
26,0x000a,6.65979,0x00000000,2025-12-14T15:16:16.851Z,2025-12-14T15:16:16.851Z
25,0x000a,4.82964,0x00000000,2025-12-14T15:16:16.851Z,2025-12-14T15:16:16.851Z
23,0x000a,2.45329,0x00000000,2025-12-14T15:16:16.851Z,2025-12-14T15:16:16.851Z
22,0x000a,1.76023,0x00000000,2025-12-14T15:16:16.851Z,2025-12-14T15:16:16.851Z
21,0x000a,2.33792,0x00000000,2025-12-14T15:16:16.851Z,2025-12-14T15:16:16.851Z
8,0x0004,18413,0x00000000,2025-12-14T15:16:16.851Z,2025-12-14T15:16:16.851Z
7,0x0004,13353,0x00000000,2025-12-14T15:16:16.851Z,2025-12-14T15:16:16.851Z
39,0x000a,2.19907,0x00000000,2025-12-14T15:16:16.951Z,2025-12-14T15:16:16.951Z
38,0x000a,1.60228,0x00000000,2025-12-14T15:16:16.951Z,2025-12-14T15:16:16.951Z
36,0x000a,2.27735,0x00000000,2025-12-14T15:16:16.951Z,2025-12-14T15:16:16.951Z
35,0x000a,1.62881,0x00000000,2025-12-14T15:16:16.951Z,2025-12-14T15:16:16.951Z
34,0x000a,1.16896,0x00000000,2025-12-14T15:16:16.951Z,2025-12-14T15:16:16.951Z
26,0x000a,6.8797,0x00000000,2025-12-14T15:16:16.951Z,2025-12-14T15:16:16.951Z
25,0x000a,4.98987,0x00000000,2025-12-14T15:16:16.951Z,2025-12-14T15:16:16.951Z
23,0x000a,2.27735,0x00000000,2025-12-14T15:16:16.951Z,2025-12-14T15:16:16.951Z
22,0x000a,1.62881,0x00000000,2025-12-14T15:16:16.951Z,2025-12-14T15:16:16.951Z
21,0x000a,1.16896,0x00000000,2025-12-14T15:16:16.951Z,2025-12-14T15:16:16.951Z
8,0x0004,19021,0x00000000,2025-12-14T15:16:16.951Z,2025-12-14T15:16:16.951Z
7,0x0004,13796,0x00000000,2025-12-14T15:16:16.951Z,2025-12-14T15:16:16.951Z
40,0x0001,true,0x00000000,2025-12-14T15:16:17.054Z,2025-12-14T15:16:17.054Z
39,0x000a,2.10142,0x00000000,2025-12-14T15:16:17.054Z,2025-12-14T15:16:17.054Z
38,0x000a,1.50101,0x00000000,2025-12-14T15:16:17.054Z,2025-12-14T15:16:17.054Z
36,0x000a,2.23821,0x00000000,2025-12-14T15:16:17.054Z,2025-12-14T15:16:17.054Z
35,0x000a,1.61555,0x00000000,2025-12-14T15:16:17.054Z,2025-12-14T15:16:17.054Z
34,0x000a,0.584479,0x00000000,2025-12-14T15:16:17.054Z,2025-12-14T15:16:17.054Z
26,0x000a,7.08984,0x00000000,2025-12-14T15:16:17.054Z,2025-12-14T15:16:17.054Z
25,0x000a,5.13997,0x00000000,2025-12-14T15:16:17.054Z,2025-12-14T15:16:17.054Z
23,0x000a,2.23821,0x00000000,2025-12-14T15:16:17.054Z,2025-12-14T15:16:17.054Z
22,0x000a,1.61555,0x00000000,2025-12-14T15:16:17.054Z,2025-12-14T15:16:17.054Z
21,0x000a,0.584479,0x00000000,2025-12-14T15:16:17.054Z,2025-12-14T15:16:17.054Z
8,0x0004,19602,0x00000000,2025-12-14T15:16:17.054Z,2025-12-14T15:16:17.054Z
7,0x0004,14211,0x00000000,2025-12-14T15:16:17.054Z,2025-12-14T15:16:17.054Z
39,0x000a,2.49928,0x00000000,2025-12-14T15:16:17.152Z,2025-12-14T15:16:17.152Z
38,0x000a,1.7976,0x00000000,2025-12-14T15:16:17.152Z,2025-12-14T15:16:17.152Z
36,0x000a,2.16982,0x00000000,2025-12-14T15:16:17.152Z,2025-12-14T15:16:17.152Z
35,0x000a,1.55828,0x00000000,2025-12-14T15:16:17.152Z,2025-12-14T15:16:17.152Z
34,0x000a,0.29224,0x00000000,2025-12-14T15:16:17.152Z,2025-12-14T15:16:17.152Z
26,0x000a,7.33977,0x00000000,2025-12-14T15:16:17.152Z,2025-12-14T15:16:17.152Z
25,0x000a,5.31973,0x00000000,2025-12-14T15:16:17.152Z,2025-12-14T15:16:17.152Z
23,0x000a,2.16982,0x00000000,2025-12-14T15:16:17.152Z,2025-12-14T15:16:17.152Z
22,0x000a,1.55828,0x00000000,2025-12-14T15:16:17.152Z,2025-12-14T15:16:17.152Z
21,0x000a,0.29224,0x00000000,2025-12-14T15:16:17.152Z,2025-12-14T15:16:17.152Z
8,0x0004,20293,0x00000000,2025-12-14T15:16:17.152Z,2025-12-14T15:16:17.152Z
7,0x0004,14708,0x00000000,2025-12-14T15:16:17.152Z,2025-12-14T15:16:17.152Z
36,0x000a,2.33455,0x00000000,2025-12-14T15:16:17.251Z,2025-12-14T15:16:17.251Z
35,0x000a,1.67794,0x00000000,2025-12-14T15:16:17.251Z,2025-12-14T15:16:17.251Z
34,0x000a,0.14612,0x00000000,2025-12-14T15:16:17.251Z,2025-12-14T15:16:17.251Z
26,0x000a,7.55968,0x00000000,2025-12-14T15:16:17.251Z,2025-12-14T15:16:17.251Z
25,0x000a,5.47996,0x00000000,2025-12-14T15:16:17.251Z,2025-12-14T15:16:17.251Z
23,0x000a,2.33455,0x00000000,2025-12-14T15:16:17.251Z,2025-12-14T15:16:17.251Z
22,0x000a,1.67794,0x00000000,2025-12-14T15:16:17.251Z,2025-12-14T15:16:17.251Z
21,0x000a,0.14612,0x00000000,2025-12-14T15:16:17.251Z,2025-12-14T15:16:17.251Z
8,0x0004,20901,0x00000000,2025-12-14T15:16:17.251Z,2025-12-14T15:16:17.251Z
7,0x0004,15151,0x00000000,2025-12-14T15:16:17.251Z,2025-12-14T15:16:17.251Z
39,0x000a,2.19907,0x00000000,2025-12-14T15:16:17.351Z,2025-12-14T15:16:17.351Z
38,0x000a,1.60229,0x00000000,2025-12-14T15:16:17.351Z,2025-12-14T15:16:17.351Z
26,0x000a,7.76982,0x00000000,2025-12-14T15:16:17.351Z,2025-12-14T15:16:17.351Z
25,0x000a,5.6297,0x00000000,2025-12-14T15:16:17.351Z,2025-12-14T15:16:17.351Z
8,0x0004,21482,0x00000000,2025-12-14T15:16:17.351Z,2025-12-14T15:16:17.351Z
7,0x0004,15565,0x00000000,2025-12-14T15:16:17.351Z,2025-12-14T15:16:17.351Z
39,0x000a,2.10142,0x00000000,2025-12-14T15:16:17.450Z,2025-12-14T15:16:17.450Z
38,0x000a,1.4974,0x00000000,2025-12-14T15:16:17.450Z,2025-12-14T15:16:17.450Z
36,0x000a,2.26681,0x00000000,2025-12-14T15:16:17.450Z,2025-12-14T15:16:17.450Z
35,0x000a,1.64011,0x00000000,2025-12-14T15:16:17.450Z,2025-12-14T15:16:17.450Z
34,0x000a,0.0730599,0x00000000,2025-12-14T15:16:17.450Z,2025-12-14T15:16:17.450Z
26,0x000a,7.97996,0x00000000,2025-12-14T15:16:17.450Z,2025-12-14T15:16:17.450Z
25,0x000a,5.7798,0x00000000,2025-12-14T15:16:17.450Z,2025-12-14T15:16:17.450Z
23,0x000a,2.26681,0x00000000,2025-12-14T15:16:17.450Z,2025-12-14T15:16:17.450Z
22,0x000a,1.64011,0x00000000,2025-12-14T15:16:17.450Z,2025-12-14T15:16:17.450Z
21,0x000a,0.0730599,0x00000000,2025-12-14T15:16:17.450Z,2025-12-14T15:16:17.450Z
8,0x0004,22063,0x00000000,2025-12-14T15:16:17.450Z,2025-12-14T15:16:17.450Z
7,0x0004,15980,0x00000000,2025-12-14T15:16:17.450Z,2025-12-14T15:16:17.450Z
39,0x000a,2.10142,0x00000000,2025-12-14T15:16:17.552Z,2025-12-14T15:16:17.552Z
38,0x000a,1.50101,0x00000000,2025-12-14T15:16:17.552Z,2025-12-14T15:16:17.552Z
36,0x000a,2.18412,0x00000000,2025-12-14T15:16:17.552Z,2025-12-14T15:16:17.552Z
35,0x000a,1.56876,0x00000000,2025-12-14T15:16:17.552Z,2025-12-14T15:16:17.552Z
34,0x000a,0.03653,0x00000000,2025-12-14T15:16:17.552Z,2025-12-14T15:16:17.552Z
26,0x000a,8.19987,0x00000000,2025-12-14T15:16:17.552Z,2025-12-14T15:16:17.552Z
25,0x000a,5.93967,0x00000000,2025-12-14T15:16:17.552Z,2025-12-14T15:16:17.552Z
23,0x000a,2.18412,0x00000000,2025-12-14T15:16:17.552Z,2025-12-14T15:16:17.552Z
22,0x000a,1.56876,0x00000000,2025-12-14T15:16:17.552Z,2025-12-14T15:16:17.552Z
21,0x000a,0.03653,0x00000000,2025-12-14T15:16:17.552Z,2025-12-14T15:16:17.552Z
8,0x0004,22671,0x00000000,2025-12-14T15:16:17.552Z,2025-12-14T15:16:17.552Z
7,0x0004,16422,0x00000000,2025-12-14T15:16:17.552Z,2025-12-14T15:16:17.552Z
39,0x000a,4.29688,0x00000000,2025-12-14T15:16:17.652Z,2025-12-14T15:16:17.652Z
38,0x000a,3.09968,0x00000000,2025-12-14T15:16:17.652Z,2025-12-14T15:16:17.652Z
36,0x000a,2.14277,0x00000000,2025-12-14T15:16:17.652Z,2025-12-14T15:16:17.652Z
35,0x000a,1.53488,0x00000000,2025-12-14T15:16:17.652Z,2025-12-14T15:16:17.652Z
34,0x000a,0.018265,0x00000000,2025-12-14T15:16:17.652Z,2025-12-14T15:16:17.652Z
26,0x000a,8.40965,0x00000000,2025-12-14T15:16:17.652Z,2025-12-14T15:16:17.652Z
25,0x000a,6.08977,0x00000000,2025-12-14T15:16:17.652Z,2025-12-14T15:16:17.652Z
23,0x000a,2.14277,0x00000000,2025-12-14T15:16:17.652Z,2025-12-14T15:16:17.652Z
22,0x000a,1.53488,0x00000000,2025-12-14T15:16:17.652Z,2025-12-14T15:16:17.652Z
21,0x000a,0.018265,0x00000000,2025-12-14T15:16:17.652Z,2025-12-14T15:16:17.652Z
8,0x0004,23251,0x00000000,2025-12-14T15:16:17.652Z,2025-12-14T15:16:17.652Z
7,0x0004,16837,0x00000000,2025-12-14T15:16:17.652Z,2025-12-14T15:16:17.652Z
39,0x000a,2.60055,0x00000000,2025-12-14T15:16:17.752Z,2025-12-14T15:16:17.752Z
38,0x000a,1.80121,0x00000000,2025-12-14T15:16:17.752Z,2025-12-14T15:16:17.752Z
36,0x000a,3.21982,0x00000000,2025-12-14T15:16:17.752Z,2025-12-14T15:16:17.752Z
35,0x000a,2.31728,0x00000000,2025-12-14T15:16:17.752Z,2025-12-14T15:16:17.752Z
34,0x000a,0.00913249,0x00000000,2025-12-14T15:16:17.752Z,2025-12-14T15:16:17.752Z
26,0x000a,8.6697,0x00000000,2025-12-14T15:16:17.752Z,2025-12-14T15:16:17.752Z
25,0x000a,6.26989,0x00000000,2025-12-14T15:16:17.752Z,2025-12-14T15:16:17.752Z
23,0x000a,3.21982,0x00000000,2025-12-14T15:16:17.752Z,2025-12-14T15:16:17.752Z
22,0x000a,2.31728,0x00000000,2025-12-14T15:16:17.752Z,2025-12-14T15:16:17.752Z
21,0x000a,0.00913249,0x00000000,2025-12-14T15:16:17.752Z,2025-12-14T15:16:17.752Z
8,0x0004,23970,0x00000000,2025-12-14T15:16:17.752Z,2025-12-14T15:16:17.752Z
7,0x0004,17335,0x00000000,2025-12-14T15:16:17.752Z,2025-12-14T15:16:17.752Z
39,0x000a,2.10142,0x00000000,2025-12-14T15:16:17.853Z,2025-12-14T15:16:17.853Z
38,0x000a,1.59867,0x00000000,2025-12-14T15:16:17.853Z,2025-12-14T15:16:17.853Z
36,0x000a,2.91018,0x00000000,2025-12-14T15:16:17.853Z,2025-12-14T15:16:17.853Z
35,0x000a,2.05925,0x00000000,2025-12-14T15:16:17.853Z,2025-12-14T15:16:17.853Z
34,0x000a,0.00456624,0x00000000,2025-12-14T15:16:17.853Z,2025-12-14T15:16:17.853Z
26,0x000a,8.87985,0x00000000,2025-12-14T15:16:17.853Z,2025-12-14T15:16:17.853Z
25,0x000a,6.42976,0x00000000,2025-12-14T15:16:17.853Z,2025-12-14T15:16:17.853Z
23,0x000a,2.91018,0x00000000,2025-12-14T15:16:17.853Z,2025-12-14T15:16:17.853Z
22,0x000a,2.05925,0x00000000,2025-12-14T15:16:17.853Z,2025-12-14T15:16:17.853Z
21,0x000a,0.00456624,0x00000000,2025-12-14T15:16:17.853Z,2025-12-14T15:16:17.853Z
8,0x0004,24551,0x00000000,2025-12-14T15:16:17.853Z,2025-12-14T15:16:17.853Z
7,0x0004,17777,0x00000000,2025-12-14T15:16:17.853Z,2025-12-14T15:16:17.853Z
38,0x000a,1.50102,0x00000000,2025-12-14T15:16:17.950Z,2025-12-14T15:16:17.950Z
36,0x000a,2.5058,0x00000000,2025-12-14T15:16:17.950Z,2025-12-14T15:16:17.950Z
35,0x000a,1.82896,0x00000000,2025-12-14T15:16:17.950Z,2025-12-14T15:16:17.950Z
34,0x000a,0.00228312,0x00000000,2025-12-14T15:16:17.950Z,2025-12-14T15:16:17.950Z
26,0x000a,9.08999,0x00000000,2025-12-14T15:16:17.950Z,2025-12-14T15:16:17.950Z
25,0x000a,6.57986,0x00000000,2025-12-14T15:16:17.950Z,2025-12-14T15:16:17.950Z
23,0x000a,2.5058,0x00000000,2025-12-14T15:16:17.950Z,2025-12-14T15:16:17.950Z
22,0x000a,1.82896,0x00000000,2025-12-14T15:16:17.950Z,2025-12-14T15:16:17.950Z
21,0x000a,0.00228312,0x00000000,2025-12-14T15:16:17.950Z,2025-12-14T15:16:17.950Z
8,0x0004,25132,0x00000000,2025-12-14T15:16:17.950Z,2025-12-14T15:16:17.950Z
7,0x0004,18192,0x00000000,2025-12-14T15:16:17.950Z,2025-12-14T15:16:17.950Z
36,0x000a,2.30361,0x00000000,2025-12-14T15:16:18.049Z,2025-12-14T15:16:18.049Z
35,0x000a,1.66499,0x00000000,2025-12-14T15:16:18.049Z,2025-12-14T15:16:18.049Z
34,0x000a,0.00114156,0x00000000,2025-12-14T15:16:18.049Z,2025-12-14T15:16:18.049Z
26,0x000a,9.3099,0x00000000,2025-12-14T15:16:18.049Z,2025-12-14T15:16:18.049Z
25,0x000a,6.72996,0x00000000,2025-12-14T15:16:18.049Z,2025-12-14T15:16:18.049Z
23,0x000a,2.30361,0x00000000,2025-12-14T15:16:18.049Z,2025-12-14T15:16:18.049Z
22,0x000a,1.66499,0x00000000,2025-12-14T15:16:18.049Z,2025-12-14T15:16:18.049Z
21,0x000a,0.00114156,0x00000000,2025-12-14T15:16:18.049Z,2025-12-14T15:16:18.049Z
8,0x0004,25740,0x00000000,2025-12-14T15:16:18.049Z,2025-12-14T15:16:18.049Z
7,0x0004,18607,0x00000000,2025-12-14T15:16:18.049Z,2025-12-14T15:16:18.049Z
39,0x000a,2.19907,0x00000000,2025-12-14T15:16:18.152Z,2025-12-14T15:16:18.152Z
38,0x000a,1.50101,0x00000000,2025-12-14T15:16:18.152Z,2025-12-14T15:16:18.152Z
26,0x000a,9.51968,0x00000000,2025-12-14T15:16:18.152Z,2025-12-14T15:16:18.152Z
25,0x000a,6.88983,0x00000000,2025-12-14T15:16:18.152Z,2025-12-14T15:16:18.152Z
8,0x0004,26320,0x00000000,2025-12-14T15:16:18.152Z,2025-12-14T15:16:18.152Z
7,0x0004,19049,0x00000000,2025-12-14T15:16:18.152Z,2025-12-14T15:16:18.152Z
39,0x000a,2.09781,0x00000000,2025-12-14T15:16:18.251Z,2025-12-14T15:16:18.251Z
38,0x000a,1.59867,0x00000000,2025-12-14T15:16:18.251Z,2025-12-14T15:16:18.251Z
36,0x000a,2.25134,0x00000000,2025-12-14T15:16:18.251Z,2025-12-14T15:16:18.251Z
35,0x000a,1.583,0x00000000,2025-12-14T15:16:18.251Z,2025-12-14T15:16:18.251Z
34,0x000a,0.00057078,0x00000000,2025-12-14T15:16:18.251Z,2025-12-14T15:16:18.251Z
26,0x000a,9.72982,0x00000000,2025-12-14T15:16:18.251Z,2025-12-14T15:16:18.251Z
25,0x000a,7.03993,0x00000000,2025-12-14T15:16:18.251Z,2025-12-14T15:16:18.251Z
23,0x000a,2.25134,0x00000000,2025-12-14T15:16:18.251Z,2025-12-14T15:16:18.251Z
22,0x000a,1.583,0x00000000,2025-12-14T15:16:18.251Z,2025-12-14T15:16:18.251Z
21,0x000a,0.00057078,0x00000000,2025-12-14T15:16:18.251Z,2025-12-14T15:16:18.251Z
17,0x0001,false,0x00000000,2025-12-14T15:16:18.251Z,2025-12-14T15:16:18.251Z
8,0x0004,26901,0x00000000,2025-12-14T15:16:18.251Z,2025-12-14T15:16:18.251Z
7,0x0004,19464,0x00000000,2025-12-14T15:16:18.251Z,2025-12-14T15:16:18.251Z
39,0x000a,2.10141,0x00000000,2025-12-14T15:16:18.349Z,2025-12-14T15:16:18.349Z
38,0x000a,1.50101,0x00000000,2025-12-14T15:16:18.349Z,2025-12-14T15:16:18.349Z
36,0x000a,2.17457,0x00000000,2025-12-14T15:16:18.349Z,2025-12-14T15:16:18.349Z
35,0x000a,1.59083,0x00000000,2025-12-14T15:16:18.349Z,2025-12-14T15:16:18.349Z
34,0x000a,0.00028539,0x00000000,2025-12-14T15:16:18.349Z,2025-12-14T15:16:18.349Z
26,0x000a,9.98987,0x00000000,2025-12-14T15:16:18.349Z,2025-12-14T15:16:18.349Z
25,0x000a,7.22982,0x00000000,2025-12-14T15:16:18.349Z,2025-12-14T15:16:18.349Z
23,0x000a,2.17457,0x00000000,2025-12-14T15:16:18.349Z,2025-12-14T15:16:18.349Z
22,0x000a,1.59083,0x00000000,2025-12-14T15:16:18.349Z,2025-12-14T15:16:18.349Z
21,0x000a,0.00028539,0x00000000,2025-12-14T15:16:18.349Z,2025-12-14T15:16:18.349Z
8,0x0004,27620,0x00000000,2025-12-14T15:16:18.349Z,2025-12-14T15:16:18.349Z
7,0x0004,19989,0x00000000,2025-12-14T15:16:18.349Z,2025-12-14T15:16:18.349Z
39,0x000a,2.60056,0x00000000,2025-12-14T15:16:18.449Z,2025-12-14T15:16:18.449Z
38,0x000a,1.89887,0x00000000,2025-12-14T15:16:18.449Z,2025-12-14T15:16:18.449Z
36,0x000a,2.13799,0x00000000,2025-12-14T15:16:18.449Z,2025-12-14T15:16:18.449Z
35,0x000a,1.54592,0x00000000,2025-12-14T15:16:18.449Z,2025-12-14T15:16:18.449Z
34,0x000a,0.000142695,0x00000000,2025-12-14T15:16:18.449Z,2025-12-14T15:16:18.449Z
26,0x000a,10,0x00000000,2025-12-14T15:16:18.449Z,2025-12-14T15:16:18.449Z
25,0x000a,7.37992,0x00000000,2025-12-14T15:16:18.449Z,2025-12-14T15:16:18.449Z
23,0x000a,2.13799,0x00000000,2025-12-14T15:16:18.449Z,2025-12-14T15:16:18.449Z
22,0x000a,1.54592,0x00000000,2025-12-14T15:16:18.449Z,2025-12-14T15:16:18.449Z
21,0x000a,0.000142695,0x00000000,2025-12-14T15:16:18.449Z,2025-12-14T15:16:18.449Z
8,0x0004,27648,0x00000000,2025-12-14T15:16:18.449Z,2025-12-14T15:16:18.449Z
7,0x0004,20404,0x00000000,2025-12-14T15:16:18.449Z,2025-12-14T15:16:18.449Z
39,0x000a,0.101271,0x00000000,2025-12-14T15:16:18.552Z,2025-12-14T15:16:18.552Z
39,0x000a,0,0x00000000,2025-12-14T15:16:18.650Z,2025-12-14T15:16:18.650Z
38,0x000a,1.50102,0x00000000,2025-12-14T15:16:18.552Z,2025-12-14T15:16:18.552Z
38,0x000a,1.49739,0x00000000,2025-12-14T15:16:18.650Z,2025-12-14T15:16:18.650Z
36,0x000a,2.36927,0x00000000,2025-12-14T15:16:18.552Z,2025-12-14T15:16:18.552Z
36,0x000a,1.23527,0x00000000,2025-12-14T15:16:18.650Z,2025-12-14T15:16:18.650Z
35,0x000a,1.7224,0x00000000,2025-12-14T15:16:18.552Z,2025-12-14T15:16:18.552Z
35,0x000a,1.61171,0x00000000,2025-12-14T15:16:18.650Z,2025-12-14T15:16:18.650Z
34,0x000a,7.13476e-05,0x00000000,2025-12-14T15:16:18.552Z,2025-12-14T15:16:18.552Z
34,0x000a,3.56738e-05,0x00000000,2025-12-14T15:16:18.650Z,2025-12-14T15:16:18.650Z
25,0x000a,7.52966,0x00000000,2025-12-14T15:16:18.552Z,2025-12-14T15:16:18.552Z
25,0x000a,7.68989,0x00000000,2025-12-14T15:16:18.650Z,2025-12-14T15:16:18.650Z
23,0x000a,2.36927,0x00000000,2025-12-14T15:16:18.552Z,2025-12-14T15:16:18.552Z
23,0x000a,1.23527,0x00000000,2025-12-14T15:16:18.650Z,2025-12-14T15:16:18.650Z
22,0x000a,1.7224,0x00000000,2025-12-14T15:16:18.552Z,2025-12-14T15:16:18.552Z
22,0x000a,1.61171,0x00000000,2025-12-14T15:16:18.650Z,2025-12-14T15:16:18.650Z
21,0x000a,7.13476e-05,0x00000000,2025-12-14T15:16:18.552Z,2025-12-14T15:16:18.552Z
21,0x000a,3.56738e-05,0x00000000,2025-12-14T15:16:18.650Z,2025-12-14T15:16:18.650Z
7,0x0004,20818,0x00000000,2025-12-14T15:16:18.552Z,2025-12-14T15:16:18.552Z
7,0x0004,21261,0x00000000,2025-12-14T15:16:18.650Z,2025-12-14T15:16:18.650Z
42,0x0001,true,0x00000000,2025-12-14T15:16:18.750Z,2025-12-14T15:16:18.750Z
38,0x000a,3.1033,0x00000000,2025-12-14T15:16:18.750Z,2025-12-14T15:16:18.750Z
36,0x000a,0.617636,0x00000000,2025-12-14T15:16:18.750Z,2025-12-14T15:16:18.750Z
35,0x000a,1.55455,0x00000000,2025-12-14T15:16:18.750Z,2025-12-14T15:16:18.750Z
34,0x000a,1.78369e-05,0x00000000,2025-12-14T15:16:18.750Z,2025-12-14T15:16:18.750Z
25,0x000a,7.83999,0x00000000,2025-12-14T15:16:18.750Z,2025-12-14T15:16:18.750Z
23,0x000a,0.617636,0x00000000,2025-12-14T15:16:18.750Z,2025-12-14T15:16:18.750Z
22,0x000a,1.55455,0x00000000,2025-12-14T15:16:18.750Z,2025-12-14T15:16:18.750Z
21,0x000a,1.78369e-05,0x00000000,2025-12-14T15:16:18.750Z,2025-12-14T15:16:18.750Z
7,0x0004,21676,0x00000000,2025-12-14T15:16:18.750Z,2025-12-14T15:16:18.750Z
38,0x000a,1.4974,0x00000000,2025-12-14T15:16:18.851Z,2025-12-14T15:16:18.851Z
36,0x000a,0.308818,0x00000000,2025-12-14T15:16:18.851Z,2025-12-14T15:16:18.851Z
35,0x000a,2.32892,0x00000000,2025-12-14T15:16:18.851Z,2025-12-14T15:16:18.851Z
34,0x000a,8.91845e-06,0x00000000,2025-12-14T15:16:18.851Z,2025-12-14T15:16:18.851Z
25,0x000a,7.98973,0x00000000,2025-12-14T15:16:18.851Z,2025-12-14T15:16:18.851Z
23,0x000a,0.308818,0x00000000,2025-12-14T15:16:18.851Z,2025-12-14T15:16:18.851Z
22,0x000a,2.32892,0x00000000,2025-12-14T15:16:18.851Z,2025-12-14T15:16:18.851Z
21,0x000a,8.91845e-06,0x00000000,2025-12-14T15:16:18.851Z,2025-12-14T15:16:18.851Z
7,0x0004,22090,0x00000000,2025-12-14T15:16:18.851Z,2025-12-14T15:16:18.851Z
36,0x000a,0.154409,0x00000000,2025-12-14T15:16:18.950Z,2025-12-14T15:16:18.950Z
35,0x000a,1.91316,0x00000000,2025-12-14T15:16:18.950Z,2025-12-14T15:16:18.950Z
34,0x000a,4.45922e-06,0x00000000,2025-12-14T15:16:18.950Z,2025-12-14T15:16:18.950Z
25,0x000a,8.14996,0x00000000,2025-12-14T15:16:18.950Z,2025-12-14T15:16:18.950Z
23,0x000a,0.154409,0x00000000,2025-12-14T15:16:18.950Z,2025-12-14T15:16:18.950Z
22,0x000a,1.91316,0x00000000,2025-12-14T15:16:18.950Z,2025-12-14T15:16:18.950Z
21,0x000a,4.45922e-06,0x00000000,2025-12-14T15:16:18.950Z,2025-12-14T15:16:18.950Z
7,0x0004,22533,0x00000000,2025-12-14T15:16:18.950Z,2025-12-14T15:16:18.950Z
38,0x000a,1.60229,0x00000000,2025-12-14T15:16:19.052Z,2025-12-14T15:16:19.052Z
25,0x000a,8.32972,0x00000000,2025-12-14T15:16:19.052Z,2025-12-14T15:16:19.052Z
7,0x0004,23030,0x00000000,2025-12-14T15:16:19.052Z,2025-12-14T15:16:19.052Z
38,0x000a,1.7976,0x00000000,2025-12-14T15:16:19.151Z,2025-12-14T15:16:19.151Z
36,0x000a,0.0772045,0x00000000,2025-12-14T15:16:19.151Z,2025-12-14T15:16:19.151Z
35,0x000a,1.75772,0x00000000,2025-12-14T15:16:19.151Z,2025-12-14T15:16:19.151Z
34,0x000a,2.22961e-06,0x00000000,2025-12-14T15:16:19.151Z,2025-12-14T15:16:19.151Z
25,0x000a,8.47982,0x00000000,2025-12-14T15:16:19.151Z,2025-12-14T15:16:19.151Z
23,0x000a,0.0772045,0x00000000,2025-12-14T15:16:19.151Z,2025-12-14T15:16:19.151Z
22,0x000a,1.75772,0x00000000,2025-12-14T15:16:19.151Z,2025-12-14T15:16:19.151Z
21,0x000a,2.22961e-06,0x00000000,2025-12-14T15:16:19.151Z,2025-12-14T15:16:19.151Z
7,0x0004,23445,0x00000000,2025-12-14T15:16:19.151Z,2025-12-14T15:16:19.151Z
38,0x000a,1.50101,0x00000000,2025-12-14T15:16:19.251Z,2025-12-14T15:16:19.251Z
36,0x000a,0.0386023,0x00000000,2025-12-14T15:16:19.251Z,2025-12-14T15:16:19.251Z
35,0x000a,1.77766,0x00000000,2025-12-14T15:16:19.251Z,2025-12-14T15:16:19.251Z
34,0x000a,1.11481e-06,0x00000000,2025-12-14T15:16:19.251Z,2025-12-14T15:16:19.251Z
25,0x000a,8.63968,0x00000000,2025-12-14T15:16:19.251Z,2025-12-14T15:16:19.251Z
23,0x000a,0.0386023,0x00000000,2025-12-14T15:16:19.251Z,2025-12-14T15:16:19.251Z
22,0x000a,1.77766,0x00000000,2025-12-14T15:16:19.251Z,2025-12-14T15:16:19.251Z
21,0x000a,1.11481e-06,0x00000000,2025-12-14T15:16:19.251Z,2025-12-14T15:16:19.251Z
7,0x0004,23887,0x00000000,2025-12-14T15:16:19.251Z,2025-12-14T15:16:19.251Z
38,0x000a,1.59867,0x00000000,2025-12-14T15:16:19.352Z,2025-12-14T15:16:19.352Z
36,0x000a,0.0193011,0x00000000,2025-12-14T15:16:19.352Z,2025-12-14T15:16:19.352Z
35,0x000a,1.63933,0x00000000,2025-12-14T15:16:19.352Z,2025-12-14T15:16:19.352Z
34,0x000a,5.57403e-07,0x00000000,2025-12-14T15:16:19.352Z,2025-12-14T15:16:19.352Z
23,0x000a,0.0193011,0x00000000,2025-12-14T15:16:19.352Z,2025-12-14T15:16:19.352Z
22,0x000a,1.63933,0x00000000,2025-12-14T15:16:19.352Z,2025-12-14T15:16:19.352Z
21,0x000a,5.57403e-07,0x00000000,2025-12-14T15:16:19.352Z,2025-12-14T15:16:19.352Z
38,0x000a,1.50101,0x00000000,2025-12-14T15:16:19.452Z,2025-12-14T15:16:19.452Z
36,0x000a,0.00965057,0x00000000,2025-12-14T15:16:19.452Z,2025-12-14T15:16:19.452Z
35,0x000a,1.619,0x00000000,2025-12-14T15:16:19.452Z,2025-12-14T15:16:19.452Z
34,0x000a,2.78701e-07,0x00000000,2025-12-14T15:16:19.452Z,2025-12-14T15:16:19.452Z
25,0x000a,8.78979,0x00000000,2025-12-14T15:16:19.452Z,2025-12-14T15:16:19.452Z
23,0x000a,0.00965057,0x00000000,2025-12-14T15:16:19.452Z,2025-12-14T15:16:19.452Z
22,0x000a,1.619,0x00000000,2025-12-14T15:16:19.452Z,2025-12-14T15:16:19.452Z
21,0x000a,2.78701e-07,0x00000000,2025-12-14T15:16:19.452Z,2025-12-14T15:16:19.452Z
15,0x0001,false,0x00000000,2025-12-14T15:16:19.452Z,2025-12-14T15:16:19.452Z
7,0x0004,24302,0x00000000,2025-12-14T15:16:19.452Z,2025-12-14T15:16:19.452Z
38,0x000a,1.50102,0x00000000,2025-12-14T15:16:19.552Z,2025-12-14T15:16:19.552Z
36,0x000a,0.00482528,0x00000000,2025-12-14T15:16:19.552Z,2025-12-14T15:16:19.552Z
35,0x000a,1.56001,0x00000000,2025-12-14T15:16:19.552Z,2025-12-14T15:16:19.552Z
34,0x000a,1.39351e-07,0x00000000,2025-12-14T15:16:19.552Z,2025-12-14T15:16:19.552Z
25,0x000a,8.93989,0x00000000,2025-12-14T15:16:19.552Z,2025-12-14T15:16:19.552Z
23,0x000a,0.00482528,0x00000000,2025-12-14T15:16:19.552Z,2025-12-14T15:16:19.552Z
22,0x000a,1.56001,0x00000000,2025-12-14T15:16:19.552Z,2025-12-14T15:16:19.552Z
21,0x000a,1.39351e-07,0x00000000,2025-12-14T15:16:19.552Z,2025-12-14T15:16:19.552Z
7,0x0004,24717,0x00000000,2025-12-14T15:16:19.552Z,2025-12-14T15:16:19.552Z
38,0x000a,0.998259,0x00000000,2025-12-14T15:16:19.652Z,2025-12-14T15:16:19.652Z
36,0x000a,0.00241264,0x00000000,2025-12-14T15:16:19.652Z,2025-12-14T15:16:19.652Z
35,0x000a,1.53051,0x00000000,2025-12-14T15:16:19.652Z,2025-12-14T15:16:19.652Z
34,0x000a,6.96754e-08,0x00000000,2025-12-14T15:16:19.652Z,2025-12-14T15:16:19.652Z
25,0x000a,9.03971,0x00000000,2025-12-14T15:16:19.652Z,2025-12-14T15:16:19.652Z
23,0x000a,0.00241264,0x00000000,2025-12-14T15:16:19.652Z,2025-12-14T15:16:19.652Z
22,0x000a,1.53051,0x00000000,2025-12-14T15:16:19.652Z,2025-12-14T15:16:19.652Z
21,0x000a,6.96754e-08,0x00000000,2025-12-14T15:16:19.652Z,2025-12-14T15:16:19.652Z
7,0x0004,24993,0x00000000,2025-12-14T15:16:19.652Z,2025-12-14T15:16:19.652Z
36,0x000a,0.00120632,0x00000000,2025-12-14T15:16:19.752Z,2025-12-14T15:16:19.752Z
35,0x000a,1.26438,0x00000000,2025-12-14T15:16:19.752Z,2025-12-14T15:16:19.752Z
34,0x000a,3.48377e-08,0x00000000,2025-12-14T15:16:19.752Z,2025-12-14T15:16:19.752Z
23,0x000a,0.00120632,0x00000000,2025-12-14T15:16:19.752Z,2025-12-14T15:16:19.752Z
22,0x000a,1.26438,0x00000000,2025-12-14T15:16:19.752Z,2025-12-14T15:16:19.752Z
21,0x000a,3.48377e-08,0x00000000,2025-12-14T15:16:19.752Z,2025-12-14T15:16:19.752Z
38,0x000a,0,0x00000000,2025-12-14T15:16:19.853Z,2025-12-14T15:16:19.853Z
42,0x0001,false,0x00000000,2025-12-14T15:16:19.949Z,2025-12-14T15:16:19.949Z
40,0x0001,false,0x00000000,2025-12-14T15:16:19.949Z,2025-12-14T15:16:19.949Z
36,0x000a,0.00060316,0x00000000,2025-12-14T15:16:19.949Z,2025-12-14T15:16:19.949Z
35,0x000a,0.632192,0x00000000,2025-12-14T15:16:19.949Z,2025-12-14T15:16:19.949Z
34,0x000a,1.74188e-08,0x00000000,2025-12-14T15:16:19.949Z,2025-12-14T15:16:19.949Z
23,0x000a,0.00060316,0x00000000,2025-12-14T15:16:19.949Z,2025-12-14T15:16:19.949Z
22,0x000a,0.632192,0x00000000,2025-12-14T15:16:19.949Z,2025-12-14T15:16:19.949Z
21,0x000a,1.74188e-08,0x00000000,2025-12-14T15:16:19.949Z,2025-12-14T15:16:19.949Z
18,0x0001,true,0x00000000,2025-12-14T15:16:19.949Z,2025-12-14T15:16:19.949Z
16,0x0001,true,0x00000000,2025-12-14T15:16:19.949Z,2025-12-14T15:16:19.949Z
14,0x0001,true,0x00000000,2025-12-14T15:16:19.949Z,2025-12-14T15:16:19.949Z
4,0x000a,5,0x00000000,2025-12-14T15:16:19.949Z,2025-12-14T15:16:19.949Z
3,0x000a,5,0x00000000,2025-12-14T15:16:19.949Z,2025-12-14T15:16:19.949Z
2,0x000a,5,0x00000000,2025-12-14T15:16:19.949Z,2025-12-14T15:16:19.949Z
36,0x000a,0.00030158,0x00000000,2025-12-14T15:16:20.052Z,2025-12-14T15:16:20.052Z
35,0x000a,0.316096,0x00000000,2025-12-14T15:16:20.052Z,2025-12-14T15:16:20.052Z
34,0x000a,8.70942e-09,0x00000000,2025-12-14T15:16:20.052Z,2025-12-14T15:16:20.052Z
23,0x000a,0.00030158,0x00000000,2025-12-14T15:16:20.052Z,2025-12-14T15:16:20.052Z
22,0x000a,0.316096,0x00000000,2025-12-14T15:16:20.052Z,2025-12-14T15:16:20.052Z
21,0x000a,8.70942e-09,0x00000000,2025-12-14T15:16:20.052Z,2025-12-14T15:16:20.052Z
39,0x000a,-0.401478,0x00000000,2025-12-14T15:16:20.152Z,2025-12-14T15:16:20.152Z
38,0x000a,-0.998259,0x00000000,2025-12-14T15:16:20.152Z,2025-12-14T15:16:20.152Z
37,0x000a,-1.59867,0x00000000,2025-12-14T15:16:20.152Z,2025-12-14T15:16:20.152Z
36,0x000a,0.00015079,0x00000000,2025-12-14T15:16:20.152Z,2025-12-14T15:16:20.152Z
35,0x000a,0.158048,0x00000000,2025-12-14T15:16:20.152Z,2025-12-14T15:16:20.152Z
34,0x000a,4.35471e-09,0x00000000,2025-12-14T15:16:20.152Z,2025-12-14T15:16:20.152Z
26,0x000a,9.95985,0x00000000,2025-12-14T15:16:20.152Z,2025-12-14T15:16:20.152Z
25,0x000a,8.93989,0x00000000,2025-12-14T15:16:20.152Z,2025-12-14T15:16:20.152Z
24,0x000a,8.10981,0x00000000,2025-12-14T15:16:20.152Z,2025-12-14T15:16:20.152Z
23,0x000a,0.00015079,0x00000000,2025-12-14T15:16:20.152Z,2025-12-14T15:16:20.152Z
22,0x000a,0.158048,0x00000000,2025-12-14T15:16:20.152Z,2025-12-14T15:16:20.152Z
21,0x000a,4.35471e-09,0x00000000,2025-12-14T15:16:20.152Z,2025-12-14T15:16:20.152Z
8,0x0004,27537,0x00000000,2025-12-14T15:16:20.152Z,2025-12-14T15:16:20.152Z
7,0x0004,24717,0x00000000,2025-12-14T15:16:20.152Z,2025-12-14T15:16:20.152Z
6,0x0004,22422,0x00000000,2025-12-14T15:16:20.152Z,2025-12-14T15:16:20.152Z
39,0x000a,-2.19908,0x00000000,2025-12-14T15:16:20.251Z,2025-12-14T15:16:20.251Z
39,0x000a,-2.10141,0x00000000,2025-12-14T15:16:20.353Z,2025-12-14T15:16:20.353Z
38,0x000a,-1.50102,0x00000000,2025-12-14T15:16:20.251Z,2025-12-14T15:16:20.251Z
38,0x000a,-1.50101,0x00000000,2025-12-14T15:16:20.353Z,2025-12-14T15:16:20.353Z
37,0x000a,-2.79948,0x00000000,2025-12-14T15:16:20.251Z,2025-12-14T15:16:20.251Z
37,0x000a,-2.79948,0x00000000,2025-12-14T15:16:20.353Z,2025-12-14T15:16:20.353Z
36,0x000a,-0.200664,0x00000000,2025-12-14T15:16:20.251Z,2025-12-14T15:16:20.251Z
36,0x000a,-1.19987,0x00000000,2025-12-14T15:16:20.353Z,2025-12-14T15:16:20.353Z
35,0x000a,-0.420105,0x00000000,2025-12-14T15:16:20.251Z,2025-12-14T15:16:20.251Z
35,0x000a,-0.960561,0x00000000,2025-12-14T15:16:20.353Z,2025-12-14T15:16:20.353Z
34,0x000a,-0.799336,0x00000000,2025-12-14T15:16:20.251Z,2025-12-14T15:16:20.251Z
34,0x000a,-1.79941,0x00000000,2025-12-14T15:16:20.353Z,2025-12-14T15:16:20.353Z
26,0x000a,9.73994,0x00000000,2025-12-14T15:16:20.251Z,2025-12-14T15:16:20.251Z
26,0x000a,9.5298,0x00000000,2025-12-14T15:16:20.353Z,2025-12-14T15:16:20.353Z
25,0x000a,8.78979,0x00000000,2025-12-14T15:16:20.251Z,2025-12-14T15:16:20.251Z
25,0x000a,8.63968,0x00000000,2025-12-14T15:16:20.353Z,2025-12-14T15:16:20.353Z
24,0x000a,7.82986,0x00000000,2025-12-14T15:16:20.251Z,2025-12-14T15:16:20.251Z
24,0x000a,7.54991,0x00000000,2025-12-14T15:16:20.353Z,2025-12-14T15:16:20.353Z
23,0x000a,-0.200664,0x00000000,2025-12-14T15:16:20.251Z,2025-12-14T15:16:20.251Z
23,0x000a,-1.19987,0x00000000,2025-12-14T15:16:20.353Z,2025-12-14T15:16:20.353Z
22,0x000a,-0.420105,0x00000000,2025-12-14T15:16:20.251Z,2025-12-14T15:16:20.251Z
22,0x000a,-0.960561,0x00000000,2025-12-14T15:16:20.353Z,2025-12-14T15:16:20.353Z
21,0x000a,-0.799336,0x00000000,2025-12-14T15:16:20.251Z,2025-12-14T15:16:20.251Z
21,0x000a,-1.79941,0x00000000,2025-12-14T15:16:20.353Z,2025-12-14T15:16:20.353Z
8,0x0004,26929,0x00000000,2025-12-14T15:16:20.251Z,2025-12-14T15:16:20.251Z
8,0x0004,26348,0x00000000,2025-12-14T15:16:20.353Z,2025-12-14T15:16:20.353Z
7,0x0004,24302,0x00000000,2025-12-14T15:16:20.251Z,2025-12-14T15:16:20.251Z
7,0x0004,23887,0x00000000,2025-12-14T15:16:20.353Z,2025-12-14T15:16:20.353Z
6,0x0004,21648,0x00000000,2025-12-14T15:16:20.251Z,2025-12-14T15:16:20.251Z
6,0x0004,20874,0x00000000,2025-12-14T15:16:20.353Z,2025-12-14T15:16:20.353Z
39,0x000a,-2.10142,0x00000000,2025-12-14T15:16:20.451Z,2025-12-14T15:16:20.451Z
38,0x000a,-1.59867,0x00000000,2025-12-14T15:16:20.451Z,2025-12-14T15:16:20.451Z
37,0x000a,-2.70182,0x00000000,2025-12-14T15:16:20.451Z,2025-12-14T15:16:20.451Z
36,0x000a,-1.65064,0x00000000,2025-12-14T15:16:20.451Z,2025-12-14T15:16:20.451Z
35,0x000a,-1.23078,0x00000000,2025-12-14T15:16:20.451Z,2025-12-14T15:16:20.451Z
34,0x000a,-2.29944,0x00000000,2025-12-14T15:16:20.451Z,2025-12-14T15:16:20.451Z
26,0x000a,9.31966,0x00000000,2025-12-14T15:16:20.451Z,2025-12-14T15:16:20.451Z
25,0x000a,8.47982,0x00000000,2025-12-14T15:16:20.451Z,2025-12-14T15:16:20.451Z
24,0x000a,7.27973,0x00000000,2025-12-14T15:16:20.451Z,2025-12-14T15:16:20.451Z
23,0x000a,-1.65064,0x00000000,2025-12-14T15:16:20.451Z,2025-12-14T15:16:20.451Z
22,0x000a,-1.23078,0x00000000,2025-12-14T15:16:20.451Z,2025-12-14T15:16:20.451Z
21,0x000a,-2.29944,0x00000000,2025-12-14T15:16:20.451Z,2025-12-14T15:16:20.451Z
8,0x0004,25767,0x00000000,2025-12-14T15:16:20.451Z,2025-12-14T15:16:20.451Z
7,0x0004,23445,0x00000000,2025-12-14T15:16:20.451Z,2025-12-14T15:16:20.451Z
6,0x0004,20127,0x00000000,2025-12-14T15:16:20.451Z,2025-12-14T15:16:20.451Z
36,0x000a,-1.87603,0x00000000,2025-12-14T15:16:20.551Z,2025-12-14T15:16:20.551Z
35,0x000a,-1.41473,0x00000000,2025-12-14T15:16:20.551Z,2025-12-14T15:16:20.551Z
34,0x000a,-2.50063,0x00000000,2025-12-14T15:16:20.551Z,2025-12-14T15:16:20.551Z
26,0x000a,9.09975,0x00000000,2025-12-14T15:16:20.551Z,2025-12-14T15:16:20.551Z
25,0x000a,8.32972,0x00000000,2025-12-14T15:16:20.551Z,2025-12-14T15:16:20.551Z
24,0x000a,6.99978,0x00000000,2025-12-14T15:16:20.551Z,2025-12-14T15:16:20.551Z
23,0x000a,-1.87603,0x00000000,2025-12-14T15:16:20.551Z,2025-12-14T15:16:20.551Z
22,0x000a,-1.41473,0x00000000,2025-12-14T15:16:20.551Z,2025-12-14T15:16:20.551Z
21,0x000a,-2.50063,0x00000000,2025-12-14T15:16:20.551Z,2025-12-14T15:16:20.551Z
8,0x0004,25159,0x00000000,2025-12-14T15:16:20.551Z,2025-12-14T15:16:20.551Z
7,0x0004,23030,0x00000000,2025-12-14T15:16:20.551Z,2025-12-14T15:16:20.551Z
6,0x0004,19353,0x00000000,2025-12-14T15:16:20.551Z,2025-12-14T15:16:20.551Z
39,0x000a,-2.19907,0x00000000,2025-12-14T15:16:20.650Z,2025-12-14T15:16:20.650Z
38,0x000a,-1.50101,0x00000000,2025-12-14T15:16:20.650Z,2025-12-14T15:16:20.650Z
37,0x000a,-2.79948,0x00000000,2025-12-14T15:16:20.650Z,2025-12-14T15:16:20.650Z
26,0x000a,8.88997,0x00000000,2025-12-14T15:16:20.650Z,2025-12-14T15:16:20.650Z
25,0x000a,8.17998,0x00000000,2025-12-14T15:16:20.650Z,2025-12-14T15:16:20.650Z
24,0x000a,6.72996,0x00000000,2025-12-14T15:16:20.650Z,2025-12-14T15:16:20.650Z
8,0x0004,24579,0x00000000,2025-12-14T15:16:20.650Z,2025-12-14T15:16:20.650Z
7,0x0004,22616,0x00000000,2025-12-14T15:16:20.650Z,2025-12-14T15:16:20.650Z
6,0x0004,18607,0x00000000,2025-12-14T15:16:20.650Z,2025-12-14T15:16:20.650Z
39,0x000a,-2.09781,0x00000000,2025-12-14T15:16:20.751Z,2025-12-14T15:16:20.751Z
38,0x000a,-1.4974,0x00000000,2025-12-14T15:16:20.751Z,2025-12-14T15:16:20.751Z
37,0x000a,-2.69821,0x00000000,2025-12-14T15:16:20.751Z,2025-12-14T15:16:20.751Z
36,0x000a,-2.03755,0x00000000,2025-12-14T15:16:20.751Z,2025-12-14T15:16:20.751Z
35,0x000a,-1.45787,0x00000000,2025-12-14T15:16:20.751Z,2025-12-14T15:16:20.751Z
34,0x000a,-2.65006,0x00000000,2025-12-14T15:16:20.751Z,2025-12-14T15:16:20.751Z
26,0x000a,8.62992,0x00000000,2025-12-14T15:16:20.751Z,2025-12-14T15:16:20.751Z
25,0x000a,7.98973,0x00000000,2025-12-14T15:16:20.751Z,2025-12-14T15:16:20.751Z
24,0x000a,6.39974,0x00000000,2025-12-14T15:16:20.751Z,2025-12-14T15:16:20.751Z
23,0x000a,-2.03755,0x00000000,2025-12-14T15:16:20.751Z,2025-12-14T15:16:20.751Z
22,0x000a,-1.45787,0x00000000,2025-12-14T15:16:20.751Z,2025-12-14T15:16:20.751Z
21,0x000a,-2.65006,0x00000000,2025-12-14T15:16:20.751Z,2025-12-14T15:16:20.751Z
8,0x0004,23860,0x00000000,2025-12-14T15:16:20.751Z,2025-12-14T15:16:20.751Z
7,0x0004,22090,0x00000000,2025-12-14T15:16:20.751Z,2025-12-14T15:16:20.751Z
6,0x0004,17694,0x00000000,2025-12-14T15:16:20.751Z,2025-12-14T15:16:20.751Z
39,0x000a,-2.60055,0x00000000,2025-12-14T15:16:20.853Z,2025-12-14T15:16:20.853Z
38,0x000a,-1.90248,0x00000000,2025-12-14T15:16:20.853Z,2025-12-14T15:16:20.853Z
37,0x000a,-3.30223,0x00000000,2025-12-14T15:16:20.853Z,2025-12-14T15:16:20.853Z
36,0x000a,-2.06768,0x00000000,2025-12-14T15:16:20.853Z,2025-12-14T15:16:20.853Z
35,0x000a,-1.47763,0x00000000,2025-12-14T15:16:20.853Z,2025-12-14T15:16:20.853Z
34,0x000a,-2.67413,0x00000000,2025-12-14T15:16:20.853Z,2025-12-14T15:16:20.853Z
26,0x000a,8.41978,0x00000000,2025-12-14T15:16:20.853Z,2025-12-14T15:16:20.853Z
25,0x000a,7.83999,0x00000000,2025-12-14T15:16:20.853Z,2025-12-14T15:16:20.853Z
24,0x000a,6.11979,0x00000000,2025-12-14T15:16:20.853Z,2025-12-14T15:16:20.853Z
23,0x000a,-2.06768,0x00000000,2025-12-14T15:16:20.853Z,2025-12-14T15:16:20.853Z
22,0x000a,-1.47763,0x00000000,2025-12-14T15:16:20.853Z,2025-12-14T15:16:20.853Z
21,0x000a,-2.67413,0x00000000,2025-12-14T15:16:20.853Z,2025-12-14T15:16:20.853Z
8,0x0004,23279,0x00000000,2025-12-14T15:16:20.853Z,2025-12-14T15:16:20.853Z
7,0x0004,21676,0x00000000,2025-12-14T15:16:20.853Z,2025-12-14T15:16:20.853Z
6,0x0004,16920,0x00000000,2025-12-14T15:16:20.853Z,2025-12-14T15:16:20.853Z
39,0x000a,-2.10142,0x00000000,2025-12-14T15:16:20.950Z,2025-12-14T15:16:20.950Z
38,0x000a,-1.4974,0x00000000,2025-12-14T15:16:20.950Z,2025-12-14T15:16:20.950Z
37,0x000a,-2.79948,0x00000000,2025-12-14T15:16:20.950Z,2025-12-14T15:16:20.950Z
36,0x000a,-2.33411,0x00000000,2025-12-14T15:16:20.950Z,2025-12-14T15:16:20.950Z
35,0x000a,-1.69006,0x00000000,2025-12-14T15:16:20.950Z,2025-12-14T15:16:20.950Z
34,0x000a,-2.98818,0x00000000,2025-12-14T15:16:20.950Z,2025-12-14T15:16:20.950Z
26,0x000a,8.21,0x00000000,2025-12-14T15:16:20.950Z,2025-12-14T15:16:20.950Z
25,0x000a,7.68989,0x00000000,2025-12-14T15:16:20.950Z,2025-12-14T15:16:20.950Z
24,0x000a,5.83984,0x00000000,2025-12-14T15:16:20.950Z,2025-12-14T15:16:20.950Z
23,0x000a,-2.33411,0x00000000,2025-12-14T15:16:20.950Z,2025-12-14T15:16:20.950Z
22,0x000a,-1.69006,0x00000000,2025-12-14T15:16:20.950Z,2025-12-14T15:16:20.950Z
21,0x000a,-2.98818,0x00000000,2025-12-14T15:16:20.950Z,2025-12-14T15:16:20.950Z
8,0x0004,22699,0x00000000,2025-12-14T15:16:20.950Z,2025-12-14T15:16:20.950Z
7,0x0004,21261,0x00000000,2025-12-14T15:16:20.950Z,2025-12-14T15:16:20.950Z
6,0x0004,16146,0x00000000,2025-12-14T15:16:20.950Z,2025-12-14T15:16:20.950Z
39,0x000a,-4.19922,0x00000000,2025-12-14T15:16:21.050Z,2025-12-14T15:16:21.050Z
38,0x000a,-3.1033,0x00000000,2025-12-14T15:16:21.050Z,2025-12-14T15:16:21.050Z
37,0x000a,-5.5013,0x00000000,2025-12-14T15:16:21.050Z,2025-12-14T15:16:21.050Z
36,0x000a,-2.21777,0x00000000,2025-12-14T15:16:21.050Z,2025-12-14T15:16:21.050Z
35,0x000a,-1.59373,0x00000000,2025-12-14T15:16:21.050Z,2025-12-14T15:16:21.050Z
34,0x000a,-2.89383,0x00000000,2025-12-14T15:16:21.050Z,2025-12-14T15:16:21.050Z
26,0x000a,7.99986,0x00000000,2025-12-14T15:16:21.050Z,2025-12-14T15:16:21.050Z
25,0x000a,7.52966,0x00000000,2025-12-14T15:16:21.050Z,2025-12-14T15:16:21.050Z
24,0x000a,5.56966,0x00000000,2025-12-14T15:16:21.050Z,2025-12-14T15:16:21.050Z
23,0x000a,-2.21777,0x00000000,2025-12-14T15:16:21.050Z,2025-12-14T15:16:21.050Z
22,0x000a,-1.59373,0x00000000,2025-12-14T15:16:21.050Z,2025-12-14T15:16:21.050Z
21,0x000a,-2.89383,0x00000000,2025-12-14T15:16:21.050Z,2025-12-14T15:16:21.050Z
8,0x0004,22118,0x00000000,2025-12-14T15:16:21.050Z,2025-12-14T15:16:21.050Z
7,0x0004,20818,0x00000000,2025-12-14T15:16:21.050Z,2025-12-14T15:16:21.050Z
6,0x0004,15399,0x00000000,2025-12-14T15:16:21.050Z,2025-12-14T15:16:21.050Z
39,0x000a,-2.19907,0x00000000,2025-12-14T15:16:21.150Z,2025-12-14T15:16:21.150Z
38,0x000a,-1.49739,0x00000000,2025-12-14T15:16:21.150Z,2025-12-14T15:16:21.150Z
37,0x000a,-2.79948,0x00000000,2025-12-14T15:16:21.150Z,2025-12-14T15:16:21.150Z
36,0x000a,-3.20849,0x00000000,2025-12-14T15:16:21.150Z,2025-12-14T15:16:21.150Z
35,0x000a,-2.34851,0x00000000,2025-12-14T15:16:21.150Z,2025-12-14T15:16:21.150Z
34,0x000a,-4.19757,0x00000000,2025-12-14T15:16:21.150Z,2025-12-14T15:16:21.150Z
26,0x000a,7.77995,0x00000000,2025-12-14T15:16:21.150Z,2025-12-14T15:16:21.150Z
25,0x000a,7.37992,0x00000000,2025-12-14T15:16:21.150Z,2025-12-14T15:16:21.150Z
24,0x000a,5.28971,0x00000000,2025-12-14T15:16:21.150Z,2025-12-14T15:16:21.150Z
23,0x000a,-3.20849,0x00000000,2025-12-14T15:16:21.150Z,2025-12-14T15:16:21.150Z
22,0x000a,-2.34851,0x00000000,2025-12-14T15:16:21.150Z,2025-12-14T15:16:21.150Z
21,0x000a,-4.19757,0x00000000,2025-12-14T15:16:21.150Z,2025-12-14T15:16:21.150Z
14,0x0001,false,0x00000000,2025-12-14T15:16:21.150Z,2025-12-14T15:16:21.150Z
8,0x0004,21510,0x00000000,2025-12-14T15:16:21.150Z,2025-12-14T15:16:21.150Z
7,0x0004,20404,0x00000000,2025-12-14T15:16:21.150Z,2025-12-14T15:16:21.150Z
6,0x0004,14625,0x00000000,2025-12-14T15:16:21.150Z,2025-12-14T15:16:21.150Z
39,0x000a,-2.10142,0x00000000,2025-12-14T15:16:21.251Z,2025-12-14T15:16:21.251Z
38,0x000a,-1.50102,0x00000000,2025-12-14T15:16:21.251Z,2025-12-14T15:16:21.251Z
37,0x000a,-2.69821,0x00000000,2025-12-14T15:16:21.251Z,2025-12-14T15:16:21.251Z
36,0x000a,-2.70378,0x00000000,2025-12-14T15:16:21.251Z,2025-12-14T15:16:21.251Z
35,0x000a,-1.92295,0x00000000,2025-12-14T15:16:21.251Z,2025-12-14T15:16:21.251Z
34,0x000a,-3.49852,0x00000000,2025-12-14T15:16:21.251Z,2025-12-14T15:16:21.251Z
26,0x000a,7.56981,0x00000000,2025-12-14T15:16:21.251Z,2025-12-14T15:16:21.251Z
25,0x000a,7.22982,0x00000000,2025-12-14T15:16:21.251Z,2025-12-14T15:16:21.251Z
24,0x000a,5.01989,0x00000000,2025-12-14T15:16:21.251Z,2025-12-14T15:16:21.251Z
23,0x000a,-2.70378,0x00000000,2025-12-14T15:16:21.251Z,2025-12-14T15:16:21.251Z
22,0x000a,-1.92295,0x00000000,2025-12-14T15:16:21.251Z,2025-12-14T15:16:21.251Z
21,0x000a,-3.49852,0x00000000,2025-12-14T15:16:21.251Z,2025-12-14T15:16:21.251Z
8,0x0004,20929,0x00000000,2025-12-14T15:16:21.251Z,2025-12-14T15:16:21.251Z
7,0x0004,19989,0x00000000,2025-12-14T15:16:21.251Z,2025-12-14T15:16:21.251Z
6,0x0004,13879,0x00000000,2025-12-14T15:16:21.251Z,2025-12-14T15:16:21.251Z
38,0x000a,-1.59867,0x00000000,2025-12-14T15:16:21.350Z,2025-12-14T15:16:21.350Z
37,0x000a,-1.09953,0x00000000,2025-12-14T15:16:21.350Z,2025-12-14T15:16:21.350Z
36,0x000a,-2.4026,0x00000000,2025-12-14T15:16:21.350Z,2025-12-14T15:16:21.350Z
35,0x000a,-1.71198,0x00000000,2025-12-14T15:16:21.350Z,2025-12-14T15:16:21.350Z
34,0x000a,-3.09836,0x00000000,2025-12-14T15:16:21.350Z,2025-12-14T15:16:21.350Z
26,0x000a,7.35966,0x00000000,2025-12-14T15:16:21.350Z,2025-12-14T15:16:21.350Z
25,0x000a,7.06995,0x00000000,2025-12-14T15:16:21.350Z,2025-12-14T15:16:21.350Z
24,0x000a,4.90994,0x00000000,2025-12-14T15:16:21.350Z,2025-12-14T15:16:21.350Z
23,0x000a,-2.4026,0x00000000,2025-12-14T15:16:21.350Z,2025-12-14T15:16:21.350Z
22,0x000a,-1.71198,0x00000000,2025-12-14T15:16:21.350Z,2025-12-14T15:16:21.350Z
21,0x000a,-3.09836,0x00000000,2025-12-14T15:16:21.350Z,2025-12-14T15:16:21.350Z
8,0x0004,20348,0x00000000,2025-12-14T15:16:21.350Z,2025-12-14T15:16:21.350Z
7,0x0004,19547,0x00000000,2025-12-14T15:16:21.350Z,2025-12-14T15:16:21.350Z
6,0x0004,13575,0x00000000,2025-12-14T15:16:21.350Z,2025-12-14T15:16:21.350Z
36,0x000a,-2.25201,0x00000000,2025-12-14T15:16:21.451Z,2025-12-14T15:16:21.451Z
35,0x000a,-1.65533,0x00000000,2025-12-14T15:16:21.451Z,2025-12-14T15:16:21.451Z
34,0x000a,-2.09895,0x00000000,2025-12-14T15:16:21.451Z,2025-12-14T15:16:21.451Z
26,0x000a,7.13976,0x00000000,2025-12-14T15:16:21.451Z,2025-12-14T15:16:21.451Z
25,0x000a,6.91985,0x00000000,2025-12-14T15:16:21.451Z,2025-12-14T15:16:21.451Z
23,0x000a,-2.25201,0x00000000,2025-12-14T15:16:21.451Z,2025-12-14T15:16:21.451Z
22,0x000a,-1.65533,0x00000000,2025-12-14T15:16:21.451Z,2025-12-14T15:16:21.451Z
21,0x000a,-2.09895,0x00000000,2025-12-14T15:16:21.451Z,2025-12-14T15:16:21.451Z
8,0x0004,19740,0x00000000,2025-12-14T15:16:21.451Z,2025-12-14T15:16:21.451Z
7,0x0004,19132,0x00000000,2025-12-14T15:16:21.451Z,2025-12-14T15:16:21.451Z
39,0x000a,-2.19908,0x00000000,2025-12-14T15:16:21.551Z,2025-12-14T15:16:21.551Z
38,0x000a,-1.50101,0x00000000,2025-12-14T15:16:21.551Z,2025-12-14T15:16:21.551Z
37,0x000a,0,0x00000000,2025-12-14T15:16:21.551Z,2025-12-14T15:16:21.551Z
26,0x000a,6.92998,0x00000000,2025-12-14T15:16:21.551Z,2025-12-14T15:16:21.551Z
25,0x000a,6.76975,0x00000000,2025-12-14T15:16:21.551Z,2025-12-14T15:16:21.551Z
8,0x0004,19160,0x00000000,2025-12-14T15:16:21.551Z,2025-12-14T15:16:21.551Z
7,0x0004,18717,0x00000000,2025-12-14T15:16:21.551Z,2025-12-14T15:16:21.551Z
40,0x0001,true,0x00000000,2025-12-14T15:16:21.652Z,2025-12-14T15:16:21.652Z
39,0x000a,-2.0978,0x00000000,2025-12-14T15:16:21.652Z,2025-12-14T15:16:21.652Z
36,0x000a,-2.22554,0x00000000,2025-12-14T15:16:21.652Z,2025-12-14T15:16:21.652Z
35,0x000a,-1.57817,0x00000000,2025-12-14T15:16:21.652Z,2025-12-14T15:16:21.652Z
34,0x000a,-1.04947,0x00000000,2025-12-14T15:16:21.652Z,2025-12-14T15:16:21.652Z
26,0x000a,6.71983,0x00000000,2025-12-14T15:16:21.652Z,2025-12-14T15:16:21.652Z
25,0x000a,6.60988,0x00000000,2025-12-14T15:16:21.652Z,2025-12-14T15:16:21.652Z
23,0x000a,-2.22554,0x00000000,2025-12-14T15:16:21.652Z,2025-12-14T15:16:21.652Z
22,0x000a,-1.57817,0x00000000,2025-12-14T15:16:21.652Z,2025-12-14T15:16:21.652Z
21,0x000a,-1.04947,0x00000000,2025-12-14T15:16:21.652Z,2025-12-14T15:16:21.652Z
8,0x0004,18579,0x00000000,2025-12-14T15:16:21.652Z,2025-12-14T15:16:21.652Z
7,0x0004,18275,0x00000000,2025-12-14T15:16:21.652Z,2025-12-14T15:16:21.652Z
39,0x000a,-2.10142,0x00000000,2025-12-14T15:16:21.752Z,2025-12-14T15:16:21.752Z
38,0x000a,-1.59867,0x00000000,2025-12-14T15:16:21.752Z,2025-12-14T15:16:21.752Z
36,0x000a,-2.16167,0x00000000,2025-12-14T15:16:21.752Z,2025-12-14T15:16:21.752Z
35,0x000a,-1.53959,0x00000000,2025-12-14T15:16:21.752Z,2025-12-14T15:16:21.752Z
34,0x000a,-0.524737,0x00000000,2025-12-14T15:16:21.752Z,2025-12-14T15:16:21.752Z
26,0x000a,6.49993,0x00000000,2025-12-14T15:16:21.752Z,2025-12-14T15:16:21.752Z
25,0x000a,6.45978,0x00000000,2025-12-14T15:16:21.752Z,2025-12-14T15:16:21.752Z
23,0x000a,-2.16167,0x00000000,2025-12-14T15:16:21.752Z,2025-12-14T15:16:21.752Z
22,0x000a,-1.53959,0x00000000,2025-12-14T15:16:21.752Z,2025-12-14T15:16:21.752Z
21,0x000a,-0.524737,0x00000000,2025-12-14T15:16:21.752Z,2025-12-14T15:16:21.752Z
8,0x0004,17971,0x00000000,2025-12-14T15:16:21.752Z,2025-12-14T15:16:21.752Z
7,0x0004,17860,0x00000000,2025-12-14T15:16:21.752Z,2025-12-14T15:16:21.752Z
39,0x000a,-2.19907,0x00000000,2025-12-14T15:16:21.850Z,2025-12-14T15:16:21.850Z
38,0x000a,-1.50101,0x00000000,2025-12-14T15:16:21.850Z,2025-12-14T15:16:21.850Z
36,0x000a,-2.13155,0x00000000,2025-12-14T15:16:21.850Z,2025-12-14T15:16:21.850Z
35,0x000a,-1.56913,0x00000000,2025-12-14T15:16:21.850Z,2025-12-14T15:16:21.850Z
34,0x000a,-0.262369,0x00000000,2025-12-14T15:16:21.850Z,2025-12-14T15:16:21.850Z
26,0x000a,6.28979,0x00000000,2025-12-14T15:16:21.850Z,2025-12-14T15:16:21.850Z
25,0x000a,6.30968,0x00000000,2025-12-14T15:16:21.850Z,2025-12-14T15:16:21.850Z
23,0x000a,-2.13155,0x00000000,2025-12-14T15:16:21.850Z,2025-12-14T15:16:21.850Z
22,0x000a,-1.56913,0x00000000,2025-12-14T15:16:21.850Z,2025-12-14T15:16:21.850Z
21,0x000a,-0.262369,0x00000000,2025-12-14T15:16:21.850Z,2025-12-14T15:16:21.850Z
8,0x0004,17390,0x00000000,2025-12-14T15:16:21.850Z,2025-12-14T15:16:21.850Z
7,0x0004,17445,0x00000000,2025-12-14T15:16:21.850Z,2025-12-14T15:16:21.850Z
39,0x000a,-2.10142,0x00000000,2025-12-14T15:16:21.951Z,2025-12-14T15:16:21.951Z
38,0x000a,-1.50102,0x00000000,2025-12-14T15:16:21.951Z,2025-12-14T15:16:21.951Z
38,0x000a,-1.59867,0x00000000,2025-12-14T15:16:22.051Z,2025-12-14T15:16:22.051Z
36,0x000a,-2.16531,0x00000000,2025-12-14T15:16:21.951Z,2025-12-14T15:16:21.951Z
36,0x000a,-2.13336,0x00000000,2025-12-14T15:16:22.051Z,2025-12-14T15:16:22.051Z
35,0x000a,-1.53507,0x00000000,2025-12-14T15:16:21.951Z,2025-12-14T15:16:21.951Z
35,0x000a,-1.51804,0x00000000,2025-12-14T15:16:22.051Z,2025-12-14T15:16:22.051Z
34,0x000a,-0.131184,0x00000000,2025-12-14T15:16:21.951Z,2025-12-14T15:16:21.951Z
34,0x000a,-0.0655922,0x00000000,2025-12-14T15:16:22.051Z,2025-12-14T15:16:22.051Z
26,0x000a,6.07964,0x00000000,2025-12-14T15:16:21.951Z,2025-12-14T15:16:21.951Z
26,0x000a,5.85974,0x00000000,2025-12-14T15:16:22.051Z,2025-12-14T15:16:22.051Z
25,0x000a,6.14981,0x00000000,2025-12-14T15:16:21.951Z,2025-12-14T15:16:21.951Z
25,0x000a,5.99971,0x00000000,2025-12-14T15:16:22.051Z,2025-12-14T15:16:22.051Z
23,0x000a,-2.16531,0x00000000,2025-12-14T15:16:21.951Z,2025-12-14T15:16:21.951Z
23,0x000a,-2.13336,0x00000000,2025-12-14T15:16:22.051Z,2025-12-14T15:16:22.051Z
22,0x000a,-1.53507,0x00000000,2025-12-14T15:16:21.951Z,2025-12-14T15:16:21.951Z
22,0x000a,-1.51804,0x00000000,2025-12-14T15:16:22.051Z,2025-12-14T15:16:22.051Z
21,0x000a,-0.131184,0x00000000,2025-12-14T15:16:21.951Z,2025-12-14T15:16:21.951Z
21,0x000a,-0.0655922,0x00000000,2025-12-14T15:16:22.051Z,2025-12-14T15:16:22.051Z
8,0x0004,16809,0x00000000,2025-12-14T15:16:21.951Z,2025-12-14T15:16:21.951Z
8,0x0004,16201,0x00000000,2025-12-14T15:16:22.051Z,2025-12-14T15:16:22.051Z
7,0x0004,17003,0x00000000,2025-12-14T15:16:21.951Z,2025-12-14T15:16:21.951Z
7,0x0004,16588,0x00000000,2025-12-14T15:16:22.051Z,2025-12-14T15:16:22.051Z
39,0x000a,-4.69835,0x00000000,2025-12-14T15:16:22.150Z,2025-12-14T15:16:22.150Z
38,0x000a,-3.39988,0x00000000,2025-12-14T15:16:22.150Z,2025-12-14T15:16:22.150Z
36,0x000a,-2.11739,0x00000000,2025-12-14T15:16:22.150Z,2025-12-14T15:16:22.150Z
35,0x000a,-1.55836,0x00000000,2025-12-14T15:16:22.150Z,2025-12-14T15:16:22.150Z
34,0x000a,-0.0327961,0x00000000,2025-12-14T15:16:22.150Z,2025-12-14T15:16:22.150Z
26,0x000a,5.60981,0x00000000,2025-12-14T15:16:22.150Z,2025-12-14T15:16:22.150Z
25,0x000a,5.80982,0x00000000,2025-12-14T15:16:22.150Z,2025-12-14T15:16:22.150Z
23,0x000a,-2.11739,0x00000000,2025-12-14T15:16:22.150Z,2025-12-14T15:16:22.150Z
22,0x000a,-1.55836,0x00000000,2025-12-14T15:16:22.150Z,2025-12-14T15:16:22.150Z
21,0x000a,-0.0327961,0x00000000,2025-12-14T15:16:22.150Z,2025-12-14T15:16:22.150Z
8,0x0004,15510,0x00000000,2025-12-14T15:16:22.150Z,2025-12-14T15:16:22.150Z
7,0x0004,16063,0x00000000,2025-12-14T15:16:22.150Z,2025-12-14T15:16:22.150Z
39,0x000a,-2.10142,0x00000000,2025-12-14T15:16:22.254Z,2025-12-14T15:16:22.254Z
38,0x000a,-1.50101,0x00000000,2025-12-14T15:16:22.254Z,2025-12-14T15:16:22.254Z
36,0x000a,-3.40787,0x00000000,2025-12-14T15:16:22.254Z,2025-12-14T15:16:22.254Z
35,0x000a,-2.47912,0x00000000,2025-12-14T15:16:22.254Z,2025-12-14T15:16:22.254Z
34,0x000a,-0.016398,0x00000000,2025-12-14T15:16:22.254Z,2025-12-14T15:16:22.254Z
26,0x000a,5.39967,0x00000000,2025-12-14T15:16:22.254Z,2025-12-14T15:16:22.254Z
25,0x000a,5.65972,0x00000000,2025-12-14T15:16:22.254Z,2025-12-14T15:16:22.254Z
23,0x000a,-3.40787,0x00000000,2025-12-14T15:16:22.254Z,2025-12-14T15:16:22.254Z
22,0x000a,-2.47912,0x00000000,2025-12-14T15:16:22.254Z,2025-12-14T15:16:22.254Z
21,0x000a,-0.016398,0x00000000,2025-12-14T15:16:22.254Z,2025-12-14T15:16:22.254Z
8,0x0004,14929,0x00000000,2025-12-14T15:16:22.254Z,2025-12-14T15:16:22.254Z
7,0x0004,15648,0x00000000,2025-12-14T15:16:22.254Z,2025-12-14T15:16:22.254Z
39,0x000a,-2.19907,0x00000000,2025-12-14T15:16:22.352Z,2025-12-14T15:16:22.352Z
38,0x000a,-1.4974,0x00000000,2025-12-14T15:16:22.352Z,2025-12-14T15:16:22.352Z
36,0x000a,-2.75464,0x00000000,2025-12-14T15:16:22.352Z,2025-12-14T15:16:22.352Z
35,0x000a,-1.99007,0x00000000,2025-12-14T15:16:22.352Z,2025-12-14T15:16:22.352Z
34,0x000a,-0.00819902,0x00000000,2025-12-14T15:16:22.352Z,2025-12-14T15:16:22.352Z
26,0x000a,5.17976,0x00000000,2025-12-14T15:16:22.352Z,2025-12-14T15:16:22.352Z
25,0x000a,5.50998,0x00000000,2025-12-14T15:16:22.352Z,2025-12-14T15:16:22.352Z
23,0x000a,-2.75464,0x00000000,2025-12-14T15:16:22.352Z,2025-12-14T15:16:22.352Z
22,0x000a,-1.99007,0x00000000,2025-12-14T15:16:22.352Z,2025-12-14T15:16:22.352Z
21,0x000a,-0.00819902,0x00000000,2025-12-14T15:16:22.352Z,2025-12-14T15:16:22.352Z
18,0x0001,false,0x00000000,2025-12-14T15:16:22.352Z,2025-12-14T15:16:22.352Z
8,0x0004,14321,0x00000000,2025-12-14T15:16:22.352Z,2025-12-14T15:16:22.352Z
7,0x0004,15234,0x00000000,2025-12-14T15:16:22.352Z,2025-12-14T15:16:22.352Z
26,0x000a,4.96998,0x00000000,2025-12-14T15:16:22.452Z,2025-12-14T15:16:22.452Z
25,0x000a,5.34975,0x00000000,2025-12-14T15:16:22.452Z,2025-12-14T15:16:22.452Z
8,0x0004,13741,0x00000000,2025-12-14T15:16:22.452Z,2025-12-14T15:16:22.452Z
7,0x0004,14791,0x00000000,2025-12-14T15:16:22.452Z,2025-12-14T15:16:22.452Z
39,0x000a,-2.0978,0x00000000,2025-12-14T15:16:22.551Z,2025-12-14T15:16:22.551Z
38,0x000a,-1.60229,0x00000000,2025-12-14T15:16:22.551Z,2025-12-14T15:16:22.551Z
36,0x000a,-2.47686,0x00000000,2025-12-14T15:16:22.551Z,2025-12-14T15:16:22.551Z
35,0x000a,-1.74373,0x00000000,2025-12-14T15:16:22.551Z,2025-12-14T15:16:22.551Z
34,0x000a,-0.00409951,0x00000000,2025-12-14T15:16:22.551Z,2025-12-14T15:16:22.551Z
26,0x000a,4.87992,0x00000000,2025-12-14T15:16:22.551Z,2025-12-14T15:16:22.551Z
25,0x000a,5.19965,0x00000000,2025-12-14T15:16:22.551Z,2025-12-14T15:16:22.551Z
23,0x000a,-2.47686,0x00000000,2025-12-14T15:16:22.551Z,2025-12-14T15:16:22.551Z
22,0x000a,-1.74373,0x00000000,2025-12-14T15:16:22.551Z,2025-12-14T15:16:22.551Z
21,0x000a,-0.00409951,0x00000000,2025-12-14T15:16:22.551Z,2025-12-14T15:16:22.551Z
16,0x0001,false,0x00000000,2025-12-14T15:16:22.551Z,2025-12-14T15:16:22.551Z
8,0x0004,13492,0x00000000,2025-12-14T15:16:22.551Z,2025-12-14T15:16:22.551Z
7,0x0004,14376,0x00000000,2025-12-14T15:16:22.551Z,2025-12-14T15:16:22.551Z
39,0x000a,-0.900607,0x00000000,2025-12-14T15:16:22.651Z,2025-12-14T15:16:22.651Z
38,0x000a,-1.50101,0x00000000,2025-12-14T15:16:22.651Z,2025-12-14T15:16:22.651Z
36,0x000a,-2.28733,0x00000000,2025-12-14T15:16:22.651Z,2025-12-14T15:16:22.651Z
35,0x000a,-1.67301,0x00000000,2025-12-14T15:16:22.651Z,2025-12-14T15:16:22.651Z
34,0x000a,-0.00204976,0x00000000,2025-12-14T15:16:22.651Z,2025-12-14T15:16:22.651Z
25,0x000a,5.04991,0x00000000,2025-12-14T15:16:22.651Z,2025-12-14T15:16:22.651Z
23,0x000a,-2.28733,0x00000000,2025-12-14T15:16:22.651Z,2025-12-14T15:16:22.651Z
22,0x000a,-1.67301,0x00000000,2025-12-14T15:16:22.651Z,2025-12-14T15:16:22.651Z
21,0x000a,-0.00204976,0x00000000,2025-12-14T15:16:22.651Z,2025-12-14T15:16:22.651Z
7,0x0004,13962,0x00000000,2025-12-14T15:16:22.651Z,2025-12-14T15:16:22.651Z
39,0x000a,0,0x00000000,2025-12-14T15:16:22.751Z,2025-12-14T15:16:22.751Z
38,0x000a,-1.4974,0x00000000,2025-12-14T15:16:22.751Z,2025-12-14T15:16:22.751Z
36,0x000a,-1.59397,0x00000000,2025-12-14T15:16:22.751Z,2025-12-14T15:16:22.751Z
35,0x000a,-1.58701,0x00000000,2025-12-14T15:16:22.751Z,2025-12-14T15:16:22.751Z
34,0x000a,-0.00102488,0x00000000,2025-12-14T15:16:22.751Z,2025-12-14T15:16:22.751Z
25,0x000a,4.98987,0x00000000,2025-12-14T15:16:22.751Z,2025-12-14T15:16:22.751Z
23,0x000a,-1.59397,0x00000000,2025-12-14T15:16:22.751Z,2025-12-14T15:16:22.751Z
22,0x000a,-1.58701,0x00000000,2025-12-14T15:16:22.751Z,2025-12-14T15:16:22.751Z
21,0x000a,-0.00102488,0x00000000,2025-12-14T15:16:22.751Z,2025-12-14T15:16:22.751Z
7,0x0004,13796,0x00000000,2025-12-14T15:16:22.751Z,2025-12-14T15:16:22.751Z
42,0x0001,true,0x00000000,2025-12-14T15:16:22.851Z,2025-12-14T15:16:22.851Z
38,0x000a,-0.600405,0x00000000,2025-12-14T15:16:22.851Z,2025-12-14T15:16:22.851Z
36,0x000a,-0.796984,0x00000000,2025-12-14T15:16:22.851Z,2025-12-14T15:16:22.851Z
35,0x000a,-1.5422,0x00000000,2025-12-14T15:16:22.851Z,2025-12-14T15:16:22.851Z
34,0x000a,-0.000512439,0x00000000,2025-12-14T15:16:22.851Z,2025-12-14T15:16:22.851Z
23,0x000a,-0.796984,0x00000000,2025-12-14T15:16:22.851Z,2025-12-14T15:16:22.851Z
22,0x000a,-1.5422,0x00000000,2025-12-14T15:16:22.851Z,2025-12-14T15:16:22.851Z
21,0x000a,-0.000512439,0x00000000,2025-12-14T15:16:22.851Z,2025-12-14T15:16:22.851Z
38,0x000a,0,0x00000000,2025-12-14T15:16:22.951Z,2025-12-14T15:16:22.951Z
36,0x000a,-0.398492,0x00000000,2025-12-14T15:16:22.951Z,2025-12-14T15:16:22.951Z
35,0x000a,-1.0713,0x00000000,2025-12-14T15:16:22.951Z,2025-12-14T15:16:22.951Z
34,0x000a,-0.000256219,0x00000000,2025-12-14T15:16:22.951Z,2025-12-14T15:16:22.951Z
23,0x000a,-0.398492,0x00000000,2025-12-14T15:16:22.951Z,2025-12-14T15:16:22.951Z
22,0x000a,-1.0713,0x00000000,2025-12-14T15:16:22.951Z,2025-12-14T15:16:22.951Z
21,0x000a,-0.000256219,0x00000000,2025-12-14T15:16:22.951Z,2025-12-14T15:16:22.951Z
42,0x0001,false,0x00000000,2025-12-14T15:16:23.051Z,2025-12-14T15:16:23.051Z
40,0x0001,false,0x00000000,2025-12-14T15:16:23.051Z,2025-12-14T15:16:23.051Z
36,0x000a,-0.199246,0x00000000,2025-12-14T15:16:23.051Z,2025-12-14T15:16:23.051Z
35,0x000a,-0.535652,0x00000000,2025-12-14T15:16:23.051Z,2025-12-14T15:16:23.051Z
34,0x000a,-0.00012811,0x00000000,2025-12-14T15:16:23.051Z,2025-12-14T15:16:23.051Z
23,0x000a,-0.199246,0x00000000,2025-12-14T15:16:23.051Z,2025-12-14T15:16:23.051Z
22,0x000a,-0.535652,0x00000000,2025-12-14T15:16:23.051Z,2025-12-14T15:16:23.051Z
21,0x000a,-0.00012811,0x00000000,2025-12-14T15:16:23.051Z,2025-12-14T15:16:23.051Z
18,0x0001,true,0x00000000,2025-12-14T15:16:23.051Z,2025-12-14T15:16:23.051Z
16,0x0001,true,0x00000000,2025-12-14T15:16:23.051Z,2025-12-14T15:16:23.051Z
14,0x0001,true,0x00000000,2025-12-14T15:16:23.051Z,2025-12-14T15:16:23.051Z
4,0x000a,0,0x00000000,2025-12-14T15:16:23.051Z,2025-12-14T15:16:23.051Z
3,0x000a,0,0x00000000,2025-12-14T15:16:23.051Z,2025-12-14T15:16:23.051Z
2,0x000a,0,0x00000000,2025-12-14T15:16:23.051Z,2025-12-14T15:16:23.051Z
36,0x000a,-0.099623,0x00000000,2025-12-14T15:16:23.152Z,2025-12-14T15:16:23.152Z
35,0x000a,-0.267826,0x00000000,2025-12-14T15:16:23.152Z,2025-12-14T15:16:23.152Z
34,0x000a,-6.40548e-05,0x00000000,2025-12-14T15:16:23.152Z,2025-12-14T15:16:23.152Z
23,0x000a,-0.099623,0x00000000,2025-12-14T15:16:23.152Z,2025-12-14T15:16:23.152Z
22,0x000a,-0.267826,0x00000000,2025-12-14T15:16:23.152Z,2025-12-14T15:16:23.152Z
21,0x000a,-6.40548e-05,0x00000000,2025-12-14T15:16:23.152Z,2025-12-14T15:16:23.152Z
39,0x000a,-0.300202,0x00000000,2025-12-14T15:16:23.250Z,2025-12-14T15:16:23.250Z
38,0x000a,-0.701675,0x00000000,2025-12-14T15:16:23.250Z,2025-12-14T15:16:23.250Z
37,0x000a,-1.09954,0x00000000,2025-12-14T15:16:23.250Z,2025-12-14T15:16:23.250Z
36,0x000a,-0.0498115,0x00000000,2025-12-14T15:16:23.250Z,2025-12-14T15:16:23.250Z
35,0x000a,-0.133913,0x00000000,2025-12-14T15:16:23.250Z,2025-12-14T15:16:23.250Z
34,0x000a,-3.20274e-05,0x00000000,2025-12-14T15:16:23.250Z,2025-12-14T15:16:23.250Z
26,0x000a,4.8499,0x00000000,2025-12-14T15:16:23.250Z,2025-12-14T15:16:23.250Z
25,0x000a,4.9197,0x00000000,2025-12-14T15:16:23.250Z,2025-12-14T15:16:23.250Z
24,0x000a,4.79999,0x00000000,2025-12-14T15:16:23.250Z,2025-12-14T15:16:23.250Z
23,0x000a,-0.0498115,0x00000000,2025-12-14T15:16:23.250Z,2025-12-14T15:16:23.250Z
22,0x000a,-0.133913,0x00000000,2025-12-14T15:16:23.250Z,2025-12-14T15:16:23.250Z
21,0x000a,-3.20274e-05,0x00000000,2025-12-14T15:16:23.250Z,2025-12-14T15:16:23.250Z
8,0x0004,13409,0x00000000,2025-12-14T15:16:23.250Z,2025-12-14T15:16:23.250Z
7,0x0004,13602,0x00000000,2025-12-14T15:16:23.250Z,2025-12-14T15:16:23.250Z
6,0x0004,13271,0x00000000,2025-12-14T15:16:23.250Z,2025-12-14T15:16:23.250Z
36,0x000a,-0.175007,0x00000000,2025-12-14T15:16:23.351Z,2025-12-14T15:16:23.351Z
35,0x000a,-0.417794,0x00000000,2025-12-14T15:16:23.351Z,2025-12-14T15:16:23.351Z
34,0x000a,-0.549785,0x00000000,2025-12-14T15:16:23.351Z,2025-12-14T15:16:23.351Z
26,0x000a,4.59997,0x00000000,2025-12-14T15:16:23.351Z,2025-12-14T15:16:23.351Z
25,0x000a,4.73994,0x00000000,2025-12-14T15:16:23.351Z,2025-12-14T15:16:23.351Z
24,0x000a,4.46,0x00000000,2025-12-14T15:16:23.351Z,2025-12-14T15:16:23.351Z
23,0x000a,-0.175007,0x00000000,2025-12-14T15:16:23.351Z,2025-12-14T15:16:23.351Z
22,0x000a,-0.417794,0x00000000,2025-12-14T15:16:23.351Z,2025-12-14T15:16:23.351Z
21,0x000a,-0.549785,0x00000000,2025-12-14T15:16:23.351Z,2025-12-14T15:16:23.351Z
8,0x0004,12718,0x00000000,2025-12-14T15:16:23.351Z,2025-12-14T15:16:23.351Z
7,0x0004,13105,0x00000000,2025-12-14T15:16:23.351Z,2025-12-14T15:16:23.351Z
6,0x0004,12331,0x00000000,2025-12-14T15:16:23.351Z,2025-12-14T15:16:23.351Z
39,0x000a,-2.49928,0x00000000,2025-12-14T15:16:23.450Z,2025-12-14T15:16:23.450Z
38,0x000a,-1.7976,0x00000000,2025-12-14T15:16:23.450Z,2025-12-14T15:16:23.450Z
37,0x000a,-3.39988,0x00000000,2025-12-14T15:16:23.450Z,2025-12-14T15:16:23.450Z
39,0x000a,-2.20269,0x00000000,2025-12-14T15:16:23.550Z,2025-12-14T15:16:23.550Z
38,0x000a,-1.50101,0x00000000,2025-12-14T15:16:23.550Z,2025-12-14T15:16:23.550Z
37,0x000a,-2.70183,0x00000000,2025-12-14T15:16:23.550Z,2025-12-14T15:16:23.550Z
36,0x000a,-1.33714,0x00000000,2025-12-14T15:16:23.550Z,2025-12-14T15:16:23.550Z
35,0x000a,-1.1077,0x00000000,2025-12-14T15:16:23.550Z,2025-12-14T15:16:23.550Z
34,0x000a,-1.97483,0x00000000,2025-12-14T15:16:23.550Z,2025-12-14T15:16:23.550Z
26,0x000a,4.3797,0x00000000,2025-12-14T15:16:23.550Z,2025-12-14T15:16:23.550Z
25,0x000a,4.58984,0x00000000,2025-12-14T15:16:23.550Z,2025-12-14T15:16:23.550Z
24,0x000a,4.18981,0x00000000,2025-12-14T15:16:23.550Z,2025-12-14T15:16:23.550Z
23,0x000a,-1.33714,0x00000000,2025-12-14T15:16:23.550Z,2025-12-14T15:16:23.550Z
22,0x000a,-1.1077,0x00000000,2025-12-14T15:16:23.550Z,2025-12-14T15:16:23.550Z
21,0x000a,-1.97483,0x00000000,2025-12-14T15:16:23.550Z,2025-12-14T15:16:23.550Z
8,0x0004,12109,0x00000000,2025-12-14T15:16:23.550Z,2025-12-14T15:16:23.550Z
7,0x0004,12690,0x00000000,2025-12-14T15:16:23.550Z,2025-12-14T15:16:23.550Z
6,0x0004,11584,0x00000000,2025-12-14T15:16:23.550Z,2025-12-14T15:16:23.550Z
39,0x000a,-2.0978,0x00000000,2025-12-14T15:16:23.650Z,2025-12-14T15:16:23.650Z
38,0x000a,-1.59867,0x00000000,2025-12-14T15:16:23.650Z,2025-12-14T15:16:23.650Z
37,0x000a,-2.79948,0x00000000,2025-12-14T15:16:23.650Z,2025-12-14T15:16:23.650Z
36,0x000a,-1.76992,0x00000000,2025-12-14T15:16:23.650Z,2025-12-14T15:16:23.650Z
35,0x000a,-1.30435,0x00000000,2025-12-14T15:16:23.650Z,2025-12-14T15:16:23.650Z
34,0x000a,-2.33833,0x00000000,2025-12-14T15:16:23.650Z,2025-12-14T15:16:23.650Z
26,0x000a,4.16992,0x00000000,2025-12-14T15:16:23.650Z,2025-12-14T15:16:23.650Z
25,0x000a,4.42998,0x00000000,2025-12-14T15:16:23.650Z,2025-12-14T15:16:23.650Z
24,0x000a,3.90987,0x00000000,2025-12-14T15:16:23.650Z,2025-12-14T15:16:23.650Z
23,0x000a,-1.76992,0x00000000,2025-12-14T15:16:23.650Z,2025-12-14T15:16:23.650Z
22,0x000a,-1.30435,0x00000000,2025-12-14T15:16:23.650Z,2025-12-14T15:16:23.650Z
21,0x000a,-2.33833,0x00000000,2025-12-14T15:16:23.650Z,2025-12-14T15:16:23.650Z
8,0x0004,11529,0x00000000,2025-12-14T15:16:23.650Z,2025-12-14T15:16:23.650Z
7,0x0004,12248,0x00000000,2025-12-14T15:16:23.650Z,2025-12-14T15:16:23.650Z
6,0x0004,10810,0x00000000,2025-12-14T15:16:23.650Z,2025-12-14T15:16:23.650Z
39,0x000a,-2.10142,0x00000000,2025-12-14T15:16:23.749Z,2025-12-14T15:16:23.749Z
38,0x000a,-1.50102,0x00000000,2025-12-14T15:16:23.749Z,2025-12-14T15:16:23.749Z
37,0x000a,-2.70182,0x00000000,2025-12-14T15:16:23.749Z,2025-12-14T15:16:23.749Z
36,0x000a,-1.93386,0x00000000,2025-12-14T15:16:23.749Z,2025-12-14T15:16:23.749Z
35,0x000a,-1.45151,0x00000000,2025-12-14T15:16:23.749Z,2025-12-14T15:16:23.749Z
34,0x000a,-2.5689,0x00000000,2025-12-14T15:16:23.749Z,2025-12-14T15:16:23.749Z
26,0x000a,3.95978,0x00000000,2025-12-14T15:16:23.749Z,2025-12-14T15:16:23.749Z
25,0x000a,4.27988,0x00000000,2025-12-14T15:16:23.749Z,2025-12-14T15:16:23.749Z
24,0x000a,3.63968,0x00000000,2025-12-14T15:16:23.749Z,2025-12-14T15:16:23.749Z
23,0x000a,-1.93386,0x00000000,2025-12-14T15:16:23.749Z,2025-12-14T15:16:23.749Z
22,0x000a,-1.45151,0x00000000,2025-12-14T15:16:23.749Z,2025-12-14T15:16:23.749Z
21,0x000a,-2.5689,0x00000000,2025-12-14T15:16:23.749Z,2025-12-14T15:16:23.749Z
8,0x0004,10948,0x00000000,2025-12-14T15:16:23.749Z,2025-12-14T15:16:23.749Z
7,0x0004,11833,0x00000000,2025-12-14T15:16:23.749Z,2025-12-14T15:16:23.749Z
6,0x0004,10063,0x00000000,2025-12-14T15:16:23.749Z,2025-12-14T15:16:23.749Z
39,0x000a,-2.19907,0x00000000,2025-12-14T15:16:23.852Z,2025-12-14T15:16:23.852Z
38,0x000a,-1.50101,0x00000000,2025-12-14T15:16:23.852Z,2025-12-14T15:16:23.852Z
37,0x000a,-2.79948,0x00000000,2025-12-14T15:16:23.852Z,2025-12-14T15:16:23.852Z
36,0x000a,-2.01764,0x00000000,2025-12-14T15:16:23.852Z,2025-12-14T15:16:23.852Z
35,0x000a,-1.47626,0x00000000,2025-12-14T15:16:23.852Z,2025-12-14T15:16:23.852Z
34,0x000a,-2.63536,0x00000000,2025-12-14T15:16:23.852Z,2025-12-14T15:16:23.852Z
26,0x000a,3.73987,0x00000000,2025-12-14T15:16:23.852Z,2025-12-14T15:16:23.852Z
25,0x000a,4.12977,0x00000000,2025-12-14T15:16:23.852Z,2025-12-14T15:16:23.852Z
24,0x000a,3.35974,0x00000000,2025-12-14T15:16:23.852Z,2025-12-14T15:16:23.852Z
23,0x000a,-2.01764,0x00000000,2025-12-14T15:16:23.852Z,2025-12-14T15:16:23.852Z
22,0x000a,-1.47626,0x00000000,2025-12-14T15:16:23.852Z,2025-12-14T15:16:23.852Z
21,0x000a,-2.63536,0x00000000,2025-12-14T15:16:23.852Z,2025-12-14T15:16:23.852Z
8,0x0004,10340,0x00000000,2025-12-14T15:16:23.852Z,2025-12-14T15:16:23.852Z
7,0x0004,11418,0x00000000,2025-12-14T15:16:23.852Z,2025-12-14T15:16:23.852Z
6,0x0004,9289,0x00000000,2025-12-14T15:16:23.852Z,2025-12-14T15:16:23.852Z
39,0x000a,-2.10142,0x00000000,2025-12-14T15:16:23.954Z,2025-12-14T15:16:23.954Z
38,0x000a,-1.59867,0x00000000,2025-12-14T15:16:23.954Z,2025-12-14T15:16:23.954Z
37,0x000a,-2.69821,0x00000000,2025-12-14T15:16:23.954Z,2025-12-14T15:16:23.954Z
36,0x000a,-2.10836,0x00000000,2025-12-14T15:16:23.954Z,2025-12-14T15:16:23.954Z
35,0x000a,-1.48864,0x00000000,2025-12-14T15:16:23.954Z,2025-12-14T15:16:23.954Z
34,0x000a,-2.71742,0x00000000,2025-12-14T15:16:23.954Z,2025-12-14T15:16:23.954Z
26,0x000a,3.52973,0x00000000,2025-12-14T15:16:23.954Z,2025-12-14T15:16:23.954Z
25,0x000a,3.96991,0x00000000,2025-12-14T15:16:23.954Z,2025-12-14T15:16:23.954Z
24,0x000a,3.08992,0x00000000,2025-12-14T15:16:23.954Z,2025-12-14T15:16:23.954Z
23,0x000a,-2.10836,0x00000000,2025-12-14T15:16:23.954Z,2025-12-14T15:16:23.954Z
22,0x000a,-1.48864,0x00000000,2025-12-14T15:16:23.954Z,2025-12-14T15:16:23.954Z
21,0x000a,-2.71742,0x00000000,2025-12-14T15:16:23.954Z,2025-12-14T15:16:23.954Z
8,0x0004,9759,0x00000000,2025-12-14T15:16:23.954Z,2025-12-14T15:16:23.954Z
7,0x0004,10976,0x00000000,2025-12-14T15:16:23.954Z,2025-12-14T15:16:23.954Z
6,0x0004,8543,0x00000000,2025-12-14T15:16:23.954Z,2025-12-14T15:16:23.954Z
39,0x000a,-2.0978,0x00000000,2025-12-14T15:16:24.050Z,2025-12-14T15:16:24.050Z
38,0x000a,-1.50101,0x00000000,2025-12-14T15:16:24.050Z,2025-12-14T15:16:24.050Z
37,0x000a,-2.79948,0x00000000,2025-12-14T15:16:24.050Z,2025-12-14T15:16:24.050Z
36,0x000a,-2.10489,0x00000000,2025-12-14T15:16:24.050Z,2025-12-14T15:16:24.050Z
35,0x000a,-1.54365,0x00000000,2025-12-14T15:16:24.050Z,2025-12-14T15:16:24.050Z
34,0x000a,-2.70781,0x00000000,2025-12-14T15:16:24.050Z,2025-12-14T15:16:24.050Z
26,0x000a,3.31995,0x00000000,2025-12-14T15:16:24.050Z,2025-12-14T15:16:24.050Z
25,0x000a,3.81981,0x00000000,2025-12-14T15:16:24.050Z,2025-12-14T15:16:24.050Z
24,0x000a,2.80997,0x00000000,2025-12-14T15:16:24.050Z,2025-12-14T15:16:24.050Z
23,0x000a,-2.10489,0x00000000,2025-12-14T15:16:24.050Z,2025-12-14T15:16:24.050Z
22,0x000a,-1.54365,0x00000000,2025-12-14T15:16:24.050Z,2025-12-14T15:16:24.050Z
21,0x000a,-2.70781,0x00000000,2025-12-14T15:16:24.050Z,2025-12-14T15:16:24.050Z
8,0x0004,9179,0x00000000,2025-12-14T15:16:24.050Z,2025-12-14T15:16:24.050Z
7,0x0004,10561,0x00000000,2025-12-14T15:16:24.050Z,2025-12-14T15:16:24.050Z
6,0x0004,7769,0x00000000,2025-12-14T15:16:24.050Z,2025-12-14T15:16:24.050Z
39,0x000a,-2.20269,0x00000000,2025-12-14T15:16:24.150Z,2025-12-14T15:16:24.150Z
37,0x000a,-2.8031,0x00000000,2025-12-14T15:16:24.150Z,2025-12-14T15:16:24.150Z
36,0x000a,-2.10134,0x00000000,2025-12-14T15:16:24.150Z,2025-12-14T15:16:24.150Z
35,0x000a,-1.52233,0x00000000,2025-12-14T15:16:24.150Z,2025-12-14T15:16:24.150Z
34,0x000a,-2.75365,0x00000000,2025-12-14T15:16:24.150Z,2025-12-14T15:16:24.150Z
26,0x000a,3.09968,0x00000000,2025-12-14T15:16:24.150Z,2025-12-14T15:16:24.150Z
25,0x000a,3.6697,0x00000000,2025-12-14T15:16:24.150Z,2025-12-14T15:16:24.150Z
24,0x000a,2.52966,0x00000000,2025-12-14T15:16:24.150Z,2025-12-14T15:16:24.150Z
23,0x000a,-2.10134,0x00000000,2025-12-14T15:16:24.150Z,2025-12-14T15:16:24.150Z
22,0x000a,-1.52233,0x00000000,2025-12-14T15:16:24.150Z,2025-12-14T15:16:24.150Z
21,0x000a,-2.75365,0x00000000,2025-12-14T15:16:24.150Z,2025-12-14T15:16:24.150Z
8,0x0004,8570,0x00000000,2025-12-14T15:16:24.150Z,2025-12-14T15:16:24.150Z
7,0x0004,10146,0x00000000,2025-12-14T15:16:24.150Z,2025-12-14T15:16:24.150Z
6,0x0004,6994,0x00000000,2025-12-14T15:16:24.150Z,2025-12-14T15:16:24.150Z
36,0x000a,-2.15202,0x00000000,2025-12-14T15:16:24.249Z,2025-12-14T15:16:24.249Z
35,0x000a,-1.51167,0x00000000,2025-12-14T15:16:24.249Z,2025-12-14T15:16:24.249Z
34,0x000a,-2.77837,0x00000000,2025-12-14T15:16:24.249Z,2025-12-14T15:16:24.249Z
26,0x000a,2.8899,0x00000000,2025-12-14T15:16:24.249Z,2025-12-14T15:16:24.249Z
25,0x000a,3.50984,0x00000000,2025-12-14T15:16:24.249Z,2025-12-14T15:16:24.249Z
24,0x000a,2.25984,0x00000000,2025-12-14T15:16:24.249Z,2025-12-14T15:16:24.249Z
23,0x000a,-2.15202,0x00000000,2025-12-14T15:16:24.249Z,2025-12-14T15:16:24.249Z
22,0x000a,-1.51167,0x00000000,2025-12-14T15:16:24.249Z,2025-12-14T15:16:24.249Z
21,0x000a,-2.77837,0x00000000,2025-12-14T15:16:24.249Z,2025-12-14T15:16:24.249Z
8,0x0004,7990,0x00000000,2025-12-14T15:16:24.249Z,2025-12-14T15:16:24.249Z
7,0x0004,9704,0x00000000,2025-12-14T15:16:24.249Z,2025-12-14T15:16:24.249Z
6,0x0004,6248,0x00000000,2025-12-14T15:16:24.249Z,2025-12-14T15:16:24.249Z
39,0x000a,-2.0978,0x00000000,2025-12-14T15:16:24.352Z,2025-12-14T15:16:24.352Z
39,0x000a,-4.19922,0x00000000,2025-12-14T15:16:24.451Z,2025-12-14T15:16:24.451Z
38,0x000a,-1.59867,0x00000000,2025-12-14T15:16:24.352Z,2025-12-14T15:16:24.352Z
38,0x000a,-2.99841,0x00000000,2025-12-14T15:16:24.451Z,2025-12-14T15:16:24.451Z
37,0x000a,-2.69821,0x00000000,2025-12-14T15:16:24.352Z,2025-12-14T15:16:24.352Z
37,0x000a,-5.5013,0x00000000,2025-12-14T15:16:24.451Z,2025-12-14T15:16:24.451Z
36,0x000a,-2.12491,0x00000000,2025-12-14T15:16:24.451Z,2025-12-14T15:16:24.451Z
35,0x000a,-1.55517,0x00000000,2025-12-14T15:16:24.451Z,2025-12-14T15:16:24.451Z
34,0x000a,-2.73829,0x00000000,2025-12-14T15:16:24.451Z,2025-12-14T15:16:24.451Z
26,0x000a,2.67976,0x00000000,2025-12-14T15:16:24.352Z,2025-12-14T15:16:24.352Z
26,0x000a,2.46998,0x00000000,2025-12-14T15:16:24.451Z,2025-12-14T15:16:24.451Z
25,0x000a,3.35974,0x00000000,2025-12-14T15:16:24.352Z,2025-12-14T15:16:24.352Z
25,0x000a,3.21,0x00000000,2025-12-14T15:16:24.451Z,2025-12-14T15:16:24.451Z
24,0x000a,1.97989,0x00000000,2025-12-14T15:16:24.352Z,2025-12-14T15:16:24.352Z
24,0x000a,1.70971,0x00000000,2025-12-14T15:16:24.451Z,2025-12-14T15:16:24.451Z
23,0x000a,-2.12491,0x00000000,2025-12-14T15:16:24.451Z,2025-12-14T15:16:24.451Z
22,0x000a,-1.55517,0x00000000,2025-12-14T15:16:24.451Z,2025-12-14T15:16:24.451Z
21,0x000a,-2.73829,0x00000000,2025-12-14T15:16:24.451Z,2025-12-14T15:16:24.451Z
8,0x0004,7409,0x00000000,2025-12-14T15:16:24.352Z,2025-12-14T15:16:24.352Z
8,0x0004,6829,0x00000000,2025-12-14T15:16:24.451Z,2025-12-14T15:16:24.451Z
7,0x0004,9289,0x00000000,2025-12-14T15:16:24.352Z,2025-12-14T15:16:24.352Z
7,0x0004,8875,0x00000000,2025-12-14T15:16:24.451Z,2025-12-14T15:16:24.451Z
6,0x0004,5474,0x00000000,2025-12-14T15:16:24.352Z,2025-12-14T15:16:24.352Z
6,0x0004,4727,0x00000000,2025-12-14T15:16:24.451Z,2025-12-14T15:16:24.451Z
39,0x000a,-2.20269,0x00000000,2025-12-14T15:16:24.551Z,2025-12-14T15:16:24.551Z
38,0x000a,-1.60228,0x00000000,2025-12-14T15:16:24.551Z,2025-12-14T15:16:24.551Z
37,0x000a,-2.79948,0x00000000,2025-12-14T15:16:24.551Z,2025-12-14T15:16:24.551Z
36,0x000a,-3.16206,0x00000000,2025-12-14T15:16:24.551Z,2025-12-14T15:16:24.551Z
35,0x000a,-2.27679,0x00000000,2025-12-14T15:16:24.551Z,2025-12-14T15:16:24.551Z
34,0x000a,-4.1198,0x00000000,2025-12-14T15:16:24.551Z,2025-12-14T15:16:24.551Z
26,0x000a,2.24971,0x00000000,2025-12-14T15:16:24.551Z,2025-12-14T15:16:24.551Z
25,0x000a,3.04977,0x00000000,2025-12-14T15:16:24.551Z,2025-12-14T15:16:24.551Z
24,0x000a,1.42976,0x00000000,2025-12-14T15:16:24.551Z,2025-12-14T15:16:24.551Z
23,0x000a,-3.16206,0x00000000,2025-12-14T15:16:24.551Z,2025-12-14T15:16:24.551Z
22,0x000a,-2.27679,0x00000000,2025-12-14T15:16:24.551Z,2025-12-14T15:16:24.551Z
21,0x000a,-4.1198,0x00000000,2025-12-14T15:16:24.551Z,2025-12-14T15:16:24.551Z
8,0x0004,6220,0x00000000,2025-12-14T15:16:24.551Z,2025-12-14T15:16:24.551Z
7,0x0004,8432,0x00000000,2025-12-14T15:16:24.551Z,2025-12-14T15:16:24.551Z
6,0x0004,3953,0x00000000,2025-12-14T15:16:24.551Z,2025-12-14T15:16:24.551Z
39,0x000a,-2.49928,0x00000000,2025-12-14T15:16:24.652Z,2025-12-14T15:16:24.652Z
38,0x000a,-1.80121,0x00000000,2025-12-14T15:16:24.652Z,2025-12-14T15:16:24.652Z
37,0x000a,-3.29861,0x00000000,2025-12-14T15:16:24.652Z,2025-12-14T15:16:24.652Z
36,0x000a,-2.68238,0x00000000,2025-12-14T15:16:24.652Z,2025-12-14T15:16:24.652Z
35,0x000a,-1.93954,0x00000000,2025-12-14T15:16:24.652Z,2025-12-14T15:16:24.652Z
34,0x000a,-3.45964,0x00000000,2025-12-14T15:16:24.652Z,2025-12-14T15:16:24.652Z
26,0x000a,1.99978,0x00000000,2025-12-14T15:16:24.652Z,2025-12-14T15:16:24.652Z
25,0x000a,2.86965,0x00000000,2025-12-14T15:16:24.652Z,2025-12-14T15:16:24.652Z
24,0x000a,1.0999,0x00000000,2025-12-14T15:16:24.652Z,2025-12-14T15:16:24.652Z
23,0x000a,-2.68238,0x00000000,2025-12-14T15:16:24.652Z,2025-12-14T15:16:24.652Z
22,0x000a,-1.93954,0x00000000,2025-12-14T15:16:24.652Z,2025-12-14T15:16:24.652Z
21,0x000a,-3.45964,0x00000000,2025-12-14T15:16:24.652Z,2025-12-14T15:16:24.652Z
8,0x0004,5529,0x00000000,2025-12-14T15:16:24.652Z,2025-12-14T15:16:24.652Z
7,0x0004,7934,0x00000000,2025-12-14T15:16:24.652Z,2025-12-14T15:16:24.652Z
6,0x0004,3041,0x00000000,2025-12-14T15:16:24.652Z,2025-12-14T15:16:24.652Z
39,0x000a,-2.19907,0x00000000,2025-12-14T15:16:24.751Z,2025-12-14T15:16:24.751Z
38,0x000a,-1.4974,0x00000000,2025-12-14T15:16:24.751Z,2025-12-14T15:16:24.751Z
37,0x000a,-2.79948,0x00000000,2025-12-14T15:16:24.751Z,2025-12-14T15:16:24.751Z
36,0x000a,-2.59083,0x00000000,2025-12-14T15:16:24.751Z,2025-12-14T15:16:24.751Z
35,0x000a,-1.87038,0x00000000,2025-12-14T15:16:24.751Z,2025-12-14T15:16:24.751Z
34,0x000a,-3.37912,0x00000000,2025-12-14T15:16:24.751Z,2025-12-14T15:16:24.751Z
26,0x000a,1.77988,0x00000000,2025-12-14T15:16:24.751Z,2025-12-14T15:16:24.751Z
25,0x000a,2.71991,0x00000000,2025-12-14T15:16:24.751Z,2025-12-14T15:16:24.751Z
24,0x000a,0.819951,0x00000000,2025-12-14T15:16:24.751Z,2025-12-14T15:16:24.751Z
23,0x000a,-2.59083,0x00000000,2025-12-14T15:16:24.751Z,2025-12-14T15:16:24.751Z
22,0x000a,-1.87038,0x00000000,2025-12-14T15:16:24.751Z,2025-12-14T15:16:24.751Z
21,0x000a,-3.37912,0x00000000,2025-12-14T15:16:24.751Z,2025-12-14T15:16:24.751Z
8,0x0004,4921,0x00000000,2025-12-14T15:16:24.751Z,2025-12-14T15:16:24.751Z
7,0x0004,7520,0x00000000,2025-12-14T15:16:24.751Z,2025-12-14T15:16:24.751Z
6,0x0004,2267,0x00000000,2025-12-14T15:16:24.751Z,2025-12-14T15:16:24.751Z
39,0x000a,-2.10142,0x00000000,2025-12-14T15:16:24.851Z,2025-12-14T15:16:24.851Z
38,0x000a,-1.60228,0x00000000,2025-12-14T15:16:24.851Z,2025-12-14T15:16:24.851Z
37,0x000a,-2.70182,0x00000000,2025-12-14T15:16:24.851Z,2025-12-14T15:16:24.851Z
36,0x000a,-2.39495,0x00000000,2025-12-14T15:16:24.851Z,2025-12-14T15:16:24.851Z
35,0x000a,-1.68389,0x00000000,2025-12-14T15:16:24.851Z,2025-12-14T15:16:24.851Z
34,0x000a,-3.0893,0x00000000,2025-12-14T15:16:24.851Z,2025-12-14T15:16:24.851Z
26,0x000a,1.56973,0x00000000,2025-12-14T15:16:24.851Z,2025-12-14T15:16:24.851Z
25,0x000a,2.55968,0x00000000,2025-12-14T15:16:24.851Z,2025-12-14T15:16:24.851Z
24,0x000a,0.549769,0x00000000,2025-12-14T15:16:24.851Z,2025-12-14T15:16:24.851Z
23,0x000a,-2.39495,0x00000000,2025-12-14T15:16:24.851Z,2025-12-14T15:16:24.851Z
22,0x000a,-1.68389,0x00000000,2025-12-14T15:16:24.851Z,2025-12-14T15:16:24.851Z
21,0x000a,-3.0893,0x00000000,2025-12-14T15:16:24.851Z,2025-12-14T15:16:24.851Z
8,0x0004,4340,0x00000000,2025-12-14T15:16:24.851Z,2025-12-14T15:16:24.851Z
7,0x0004,7077,0x00000000,2025-12-14T15:16:24.851Z,2025-12-14T15:16:24.851Z
6,0x0004,1520,0x00000000,2025-12-14T15:16:24.851Z,2025-12-14T15:16:24.851Z
39,0x000a,-2.0978,0x00000000,2025-12-14T15:16:24.950Z,2025-12-14T15:16:24.950Z
38,0x000a,-1.4974,0x00000000,2025-12-14T15:16:24.950Z,2025-12-14T15:16:24.950Z
37,0x000a,-2.79948,0x00000000,2025-12-14T15:16:24.950Z,2025-12-14T15:16:24.950Z
36,0x000a,-2.24818,0x00000000,2025-12-14T15:16:24.950Z,2025-12-14T15:16:24.950Z
35,0x000a,-1.64309,0x00000000,2025-12-14T15:16:24.950Z,2025-12-14T15:16:24.950Z
34,0x000a,-2.89556,0x00000000,2025-12-14T15:16:24.950Z,2025-12-14T15:16:24.950Z
26,0x000a,1.35995,0x00000000,2025-12-14T15:16:24.950Z,2025-12-14T15:16:24.950Z
25,0x000a,2.40994,0x00000000,2025-12-14T15:16:24.950Z,2025-12-14T15:16:24.950Z
24,0x000a,0.269821,0x00000000,2025-12-14T15:16:24.950Z,2025-12-14T15:16:24.950Z
23,0x000a,-2.24818,0x00000000,2025-12-14T15:16:24.950Z,2025-12-14T15:16:24.950Z
22,0x000a,-1.64309,0x00000000,2025-12-14T15:16:24.950Z,2025-12-14T15:16:24.950Z
21,0x000a,-2.89556,0x00000000,2025-12-14T15:16:24.950Z,2025-12-14T15:16:24.950Z
14,0x0001,false,0x00000000,2025-12-14T15:16:24.950Z,2025-12-14T15:16:24.950Z
8,0x0004,3760,0x00000000,2025-12-14T15:16:24.950Z,2025-12-14T15:16:24.950Z
7,0x0004,6663,0x00000000,2025-12-14T15:16:24.950Z,2025-12-14T15:16:24.950Z
6,0x0004,746,0x00000000,2025-12-14T15:16:24.950Z,2025-12-14T15:16:24.950Z
39,0x000a,-2.20269,0x00000000,2025-12-14T15:16:25.050Z,2025-12-14T15:16:25.050Z
38,0x000a,-1.50101,0x00000000,2025-12-14T15:16:25.050Z,2025-12-14T15:16:25.050Z
37,0x000a,-2.60055,0x00000000,2025-12-14T15:16:25.050Z,2025-12-14T15:16:25.050Z
36,0x000a,-2.17299,0x00000000,2025-12-14T15:16:25.050Z,2025-12-14T15:16:25.050Z
35,0x000a,-1.57024,0x00000000,2025-12-14T15:16:25.050Z,2025-12-14T15:16:25.050Z
34,0x000a,-2.84752,0x00000000,2025-12-14T15:16:25.050Z,2025-12-14T15:16:25.050Z
26,0x000a,1.13968,0x00000000,2025-12-14T15:16:25.050Z,2025-12-14T15:16:25.050Z
25,0x000a,2.25984,0x00000000,2025-12-14T15:16:25.050Z,2025-12-14T15:16:25.050Z
24,0x000a,0.00976562,0x00000000,2025-12-14T15:16:25.050Z,2025-12-14T15:16:25.050Z
23,0x000a,-2.17299,0x00000000,2025-12-14T15:16:25.050Z,2025-12-14T15:16:25.050Z
22,0x000a,-1.57024,0x00000000,2025-12-14T15:16:25.050Z,2025-12-14T15:16:25.050Z
21,0x000a,-2.84752,0x00000000,2025-12-14T15:16:25.050Z,2025-12-14T15:16:25.050Z
8,0x0004,3151,0x00000000,2025-12-14T15:16:25.050Z,2025-12-14T15:16:25.050Z
7,0x0004,6248,0x00000000,2025-12-14T15:16:25.050Z,2025-12-14T15:16:25.050Z
6,0x0004,27,0x00000000,2025-12-14T15:16:25.050Z,2025-12-14T15:16:25.050Z
36,0x000a,-2.18784,0x00000000,2025-12-14T15:16:25.151Z,2025-12-14T15:16:25.151Z
35,0x000a,-1.53563,0x00000000,2025-12-14T15:16:25.151Z,2025-12-14T15:16:25.151Z
34,0x000a,-2.72404,0x00000000,2025-12-14T15:16:25.151Z,2025-12-14T15:16:25.151Z
26,0x000a,0.929905,0x00000000,2025-12-14T15:16:25.151Z,2025-12-14T15:16:25.151Z
25,0x000a,2.09997,0x00000000,2025-12-14T15:16:25.151Z,2025-12-14T15:16:25.151Z
24,0x000a,0,0x00000000,2025-12-14T15:16:25.151Z,2025-12-14T15:16:25.151Z
23,0x000a,-2.18784,0x00000000,2025-12-14T15:16:25.151Z,2025-12-14T15:16:25.151Z
22,0x000a,-1.53563,0x00000000,2025-12-14T15:16:25.151Z,2025-12-14T15:16:25.151Z
21,0x000a,-2.72404,0x00000000,2025-12-14T15:16:25.151Z,2025-12-14T15:16:25.151Z
8,0x0004,2571,0x00000000,2025-12-14T15:16:25.151Z,2025-12-14T15:16:25.151Z
7,0x0004,5806,0x00000000,2025-12-14T15:16:25.151Z,2025-12-14T15:16:25.151Z
6,0x0004,0,0x00000000,2025-12-14T15:16:25.151Z,2025-12-14T15:16:25.151Z
39,0x000a,-2.0978,0x00000000,2025-12-14T15:16:25.250Z,2025-12-14T15:16:25.250Z
38,0x000a,-1.59867,0x00000000,2025-12-14T15:16:25.250Z,2025-12-14T15:16:25.250Z
37,0x000a,-0.0976562,0x00000000,2025-12-14T15:16:25.250Z,2025-12-14T15:16:25.250Z
26,0x000a,0.719763,0x00000000,2025-12-14T15:16:25.250Z,2025-12-14T15:16:25.250Z
25,0x000a,1.94987,0x00000000,2025-12-14T15:16:25.250Z,2025-12-14T15:16:25.250Z
8,0x0004,1990,0x00000000,2025-12-14T15:16:25.250Z,2025-12-14T15:16:25.250Z
7,0x0004,5391,0x00000000,2025-12-14T15:16:25.250Z,2025-12-14T15:16:25.250Z
39,0x000a,-2.10142,0x00000000,2025-12-14T15:16:25.352Z,2025-12-14T15:16:25.352Z
38,0x000a,-1.50101,0x00000000,2025-12-14T15:16:25.352Z,2025-12-14T15:16:25.352Z
37,0x000a,0,0x00000000,2025-12-14T15:16:25.352Z,2025-12-14T15:16:25.352Z
36,0x000a,-2.14282,0x00000000,2025-12-14T15:16:25.352Z,2025-12-14T15:16:25.352Z
35,0x000a,-1.56715,0x00000000,2025-12-14T15:16:25.352Z,2025-12-14T15:16:25.352Z
34,0x000a,-1.41085,0x00000000,2025-12-14T15:16:25.352Z,2025-12-14T15:16:25.352Z
26,0x000a,0.499855,0x00000000,2025-12-14T15:16:25.352Z,2025-12-14T15:16:25.352Z
25,0x000a,1.79977,0x00000000,2025-12-14T15:16:25.352Z,2025-12-14T15:16:25.352Z
23,0x000a,-2.14282,0x00000000,2025-12-14T15:16:25.352Z,2025-12-14T15:16:25.352Z
22,0x000a,-1.56715,0x00000000,2025-12-14T15:16:25.352Z,2025-12-14T15:16:25.352Z
21,0x000a,-1.41085,0x00000000,2025-12-14T15:16:25.352Z,2025-12-14T15:16:25.352Z
8,0x0004,1382,0x00000000,2025-12-14T15:16:25.352Z,2025-12-14T15:16:25.352Z
7,0x0004,4976,0x00000000,2025-12-14T15:16:25.352Z,2025-12-14T15:16:25.352Z
40,0x0001,true,0x00000000,2025-12-14T15:16:25.452Z,2025-12-14T15:16:25.452Z
39,0x000a,-2.19907,0x00000000,2025-12-14T15:16:25.452Z,2025-12-14T15:16:25.452Z
36,0x000a,-2.12212,0x00000000,2025-12-14T15:16:25.452Z,2025-12-14T15:16:25.452Z
35,0x000a,-1.53408,0x00000000,2025-12-14T15:16:25.452Z,2025-12-14T15:16:25.452Z
34,0x000a,-0.705423,0x00000000,2025-12-14T15:16:25.452Z,2025-12-14T15:16:25.452Z
26,0x000a,0.289714,0x00000000,2025-12-14T15:16:25.452Z,2025-12-14T15:16:25.452Z
25,0x000a,1.6399,0x00000000,2025-12-14T15:16:25.452Z,2025-12-14T15:16:25.452Z
23,0x000a,-2.12212,0x00000000,2025-12-14T15:16:25.452Z,2025-12-14T15:16:25.452Z
22,0x000a,-1.53408,0x00000000,2025-12-14T15:16:25.452Z,2025-12-14T15:16:25.452Z
21,0x000a,-0.705423,0x00000000,2025-12-14T15:16:25.452Z,2025-12-14T15:16:25.452Z
18,0x0001,false,0x00000000,2025-12-14T15:16:25.452Z,2025-12-14T15:16:25.452Z
8,0x0004,801,0x00000000,2025-12-14T15:16:25.452Z,2025-12-14T15:16:25.452Z
7,0x0004,4534,0x00000000,2025-12-14T15:16:25.452Z,2025-12-14T15:16:25.452Z
39,0x000a,-4.60069,0x00000000,2025-12-14T15:16:25.552Z,2025-12-14T15:16:25.552Z
38,0x000a,-3.39988,0x00000000,2025-12-14T15:16:25.552Z,2025-12-14T15:16:25.552Z
36,0x000a,-2.1606,0x00000000,2025-12-14T15:16:25.552Z,2025-12-14T15:16:25.552Z
35,0x000a,-1.51755,0x00000000,2025-12-14T15:16:25.552Z,2025-12-14T15:16:25.552Z
34,0x000a,-0.352711,0x00000000,2025-12-14T15:16:25.552Z,2025-12-14T15:16:25.552Z
26,0x000a,0.0397859,0x00000000,2025-12-14T15:16:25.552Z,2025-12-14T15:16:25.552Z
25,0x000a,1.45978,0x00000000,2025-12-14T15:16:25.552Z,2025-12-14T15:16:25.552Z
23,0x000a,-2.1606,0x00000000,2025-12-14T15:16:25.552Z,2025-12-14T15:16:25.552Z
22,0x000a,-1.51755,0x00000000,2025-12-14T15:16:25.552Z,2025-12-14T15:16:25.552Z
21,0x000a,-0.352711,0x00000000,2025-12-14T15:16:25.552Z,2025-12-14T15:16:25.552Z
8,0x0004,110,0x00000000,2025-12-14T15:16:25.552Z,2025-12-14T15:16:25.552Z
7,0x0004,4036,0x00000000,2025-12-14T15:16:25.552Z,2025-12-14T15:16:25.552Z
39,0x000a,-0.397859,0x00000000,2025-12-14T15:16:25.649Z,2025-12-14T15:16:25.649Z
38,0x000a,-1.50101,0x00000000,2025-12-14T15:16:25.649Z,2025-12-14T15:16:25.649Z
36,0x000a,-3.38065,0x00000000,2025-12-14T15:16:25.649Z,2025-12-14T15:16:25.649Z
35,0x000a,-2.45871,0x00000000,2025-12-14T15:16:25.649Z,2025-12-14T15:16:25.649Z
34,0x000a,-0.176356,0x00000000,2025-12-14T15:16:25.649Z,2025-12-14T15:16:25.649Z
26,0x000a,0,0x00000000,2025-12-14T15:16:25.649Z,2025-12-14T15:16:25.649Z
25,0x000a,1.30968,0x00000000,2025-12-14T15:16:25.649Z,2025-12-14T15:16:25.649Z
23,0x000a,-3.38065,0x00000000,2025-12-14T15:16:25.649Z,2025-12-14T15:16:25.649Z
22,0x000a,-2.45871,0x00000000,2025-12-14T15:16:25.649Z,2025-12-14T15:16:25.649Z
21,0x000a,-0.176356,0x00000000,2025-12-14T15:16:25.649Z,2025-12-14T15:16:25.649Z
8,0x0004,0,0x00000000,2025-12-14T15:16:25.649Z,2025-12-14T15:16:25.649Z
7,0x0004,3621,0x00000000,2025-12-14T15:16:25.649Z,2025-12-14T15:16:25.649Z
39,0x000a,0,0x00000000,2025-12-14T15:16:25.751Z,2025-12-14T15:16:25.751Z
38,0x000a,-1.59867,0x00000000,2025-12-14T15:16:25.751Z,2025-12-14T15:16:25.751Z
36,0x000a,-1.88925,0x00000000,2025-12-14T15:16:25.751Z,2025-12-14T15:16:25.751Z
35,0x000a,-1.97986,0x00000000,2025-12-14T15:16:25.751Z,2025-12-14T15:16:25.751Z
34,0x000a,-0.0881779,0x00000000,2025-12-14T15:16:25.751Z,2025-12-14T15:16:25.751Z
25,0x000a,1.14981,0x00000000,2025-12-14T15:16:25.751Z,2025-12-14T15:16:25.751Z
23,0x000a,-1.88925,0x00000000,2025-12-14T15:16:25.751Z,2025-12-14T15:16:25.751Z
22,0x000a,-1.97986,0x00000000,2025-12-14T15:16:25.751Z,2025-12-14T15:16:25.751Z
21,0x000a,-0.0881779,0x00000000,2025-12-14T15:16:25.751Z,2025-12-14T15:16:25.751Z
7,0x0004,3179,0x00000000,2025-12-14T15:16:25.751Z,2025-12-14T15:16:25.751Z
38,0x000a,-1.50101,0x00000000,2025-12-14T15:16:25.852Z,2025-12-14T15:16:25.852Z
36,0x000a,-0.944626,0x00000000,2025-12-14T15:16:25.852Z,2025-12-14T15:16:25.852Z
35,0x000a,-1.78927,0x00000000,2025-12-14T15:16:25.852Z,2025-12-14T15:16:25.852Z
34,0x000a,-0.0440889,0x00000000,2025-12-14T15:16:25.852Z,2025-12-14T15:16:25.852Z
25,0x000a,0.999711,0x00000000,2025-12-14T15:16:25.852Z,2025-12-14T15:16:25.852Z
23,0x000a,-0.944626,0x00000000,2025-12-14T15:16:25.852Z,2025-12-14T15:16:25.852Z
22,0x000a,-1.78927,0x00000000,2025-12-14T15:16:25.852Z,2025-12-14T15:16:25.852Z
21,0x000a,-0.0440889,0x00000000,2025-12-14T15:16:25.852Z,2025-12-14T15:16:25.852Z
7,0x0004,2764,0x00000000,2025-12-14T15:16:25.852Z,2025-12-14T15:16:25.852Z
42,0x0001,true,0x00000000,2025-12-14T15:16:25.950Z,2025-12-14T15:16:25.950Z
38,0x000a,-1.4974,0x00000000,2025-12-14T15:16:25.950Z,2025-12-14T15:16:25.950Z
36,0x000a,-0.472313,0x00000000,2025-12-14T15:16:25.950Z,2025-12-14T15:16:25.950Z
35,0x000a,-1.64514,0x00000000,2025-12-14T15:16:25.950Z,2025-12-14T15:16:25.950Z
34,0x000a,-0.0220445,0x00000000,2025-12-14T15:16:25.950Z,2025-12-14T15:16:25.950Z
25,0x000a,0.849971,0x00000000,2025-12-14T15:16:25.950Z,2025-12-14T15:16:25.950Z
23,0x000a,-0.472313,0x00000000,2025-12-14T15:16:25.950Z,2025-12-14T15:16:25.950Z
22,0x000a,-1.64514,0x00000000,2025-12-14T15:16:25.950Z,2025-12-14T15:16:25.950Z
21,0x000a,-0.0220445,0x00000000,2025-12-14T15:16:25.950Z,2025-12-14T15:16:25.950Z
7,0x0004,2350,0x00000000,2025-12-14T15:16:25.950Z,2025-12-14T15:16:25.950Z
36,0x000a,-0.236157,0x00000000,2025-12-14T15:16:26.052Z,2025-12-14T15:16:26.052Z
35,0x000a,-1.57127,0x00000000,2025-12-14T15:16:26.052Z,2025-12-14T15:16:26.052Z
34,0x000a,-0.0110222,0x00000000,2025-12-14T15:16:26.052Z,2025-12-14T15:16:26.052Z
25,0x000a,0.689742,0x00000000,2025-12-14T15:16:26.052Z,2025-12-14T15:16:26.052Z
23,0x000a,-0.236157,0x00000000,2025-12-14T15:16:26.052Z,2025-12-14T15:16:26.052Z
22,0x000a,-1.57127,0x00000000,2025-12-14T15:16:26.052Z,2025-12-14T15:16:26.052Z
21,0x000a,-0.0110222,0x00000000,2025-12-14T15:16:26.052Z,2025-12-14T15:16:26.052Z
7,0x0004,1907,0x00000000,2025-12-14T15:16:26.052Z,2025-12-14T15:16:26.052Z
38,0x000a,-1.60229,0x00000000,2025-12-14T15:16:26.151Z,2025-12-14T15:16:26.151Z
38,0x000a,-1.7976,0x00000000,2025-12-14T15:16:26.250Z,2025-12-14T15:16:26.250Z
36,0x000a,-0.118078,0x00000000,2025-12-14T15:16:26.250Z,2025-12-14T15:16:26.250Z
35,0x000a,-1.58678,0x00000000,2025-12-14T15:16:26.250Z,2025-12-14T15:16:26.250Z
34,0x000a,-0.00551112,0x00000000,2025-12-14T15:16:26.250Z,2025-12-14T15:16:26.250Z
25,0x000a,0.509983,0x00000000,2025-12-14T15:16:26.151Z,2025-12-14T15:16:26.151Z
25,0x000a,0.349754,0x00000000,2025-12-14T15:16:26.250Z,2025-12-14T15:16:26.250Z
23,0x000a,-0.118078,0x00000000,2025-12-14T15:16:26.250Z,2025-12-14T15:16:26.250Z
22,0x000a,-1.58678,0x00000000,2025-12-14T15:16:26.250Z,2025-12-14T15:16:26.250Z
21,0x000a,-0.00551112,0x00000000,2025-12-14T15:16:26.250Z,2025-12-14T15:16:26.250Z
7,0x0004,1410,0x00000000,2025-12-14T15:16:26.151Z,2025-12-14T15:16:26.151Z
7,0x0004,967,0x00000000,2025-12-14T15:16:26.250Z,2025-12-14T15:16:26.250Z
38,0x000a,-1.60229,0x00000000,2025-12-14T15:16:26.351Z,2025-12-14T15:16:26.351Z
36,0x000a,-0.0590391,0x00000000,2025-12-14T15:16:26.351Z,2025-12-14T15:16:26.351Z
35,0x000a,-1.69219,0x00000000,2025-12-14T15:16:26.351Z,2025-12-14T15:16:26.351Z
34,0x000a,-0.00275556,0x00000000,2025-12-14T15:16:26.351Z,2025-12-14T15:16:26.351Z
25,0x000a,0.199653,0x00000000,2025-12-14T15:16:26.351Z,2025-12-14T15:16:26.351Z
23,0x000a,-0.0590391,0x00000000,2025-12-14T15:16:26.351Z,2025-12-14T15:16:26.351Z
22,0x000a,-1.69219,0x00000000,2025-12-14T15:16:26.351Z,2025-12-14T15:16:26.351Z
21,0x000a,-0.00275556,0x00000000,2025-12-14T15:16:26.351Z,2025-12-14T15:16:26.351Z
16,0x0001,false,0x00000000,2025-12-14T15:16:26.351Z,2025-12-14T15:16:26.351Z
7,0x0004,552,0x00000000,2025-12-14T15:16:26.351Z,2025-12-14T15:16:26.351Z
38,0x000a,-1.50101,0x00000000,2025-12-14T15:16:26.452Z,2025-12-14T15:16:26.452Z
36,0x000a,-0.0295196,0x00000000,2025-12-14T15:16:26.452Z,2025-12-14T15:16:26.452Z
35,0x000a,-1.64724,0x00000000,2025-12-14T15:16:26.452Z,2025-12-14T15:16:26.452Z
34,0x000a,-0.00137778,0x00000000,2025-12-14T15:16:26.452Z,2025-12-14T15:16:26.452Z
25,0x000a,0.0499132,0x00000000,2025-12-14T15:16:26.452Z,2025-12-14T15:16:26.452Z
23,0x000a,-0.0295196,0x00000000,2025-12-14T15:16:26.452Z,2025-12-14T15:16:26.452Z
22,0x000a,-1.64724,0x00000000,2025-12-14T15:16:26.452Z,2025-12-14T15:16:26.452Z
21,0x000a,-0.00137778,0x00000000,2025-12-14T15:16:26.452Z,2025-12-14T15:16:26.452Z
7,0x0004,138,0x00000000,2025-12-14T15:16:26.452Z,2025-12-14T15:16:26.452Z
38,0x000a,-1.4974,0x00000000,2025-12-14T15:16:26.550Z,2025-12-14T15:16:26.550Z
36,0x000a,-0.0147598,0x00000000,2025-12-14T15:16:26.550Z,2025-12-14T15:16:26.550Z
35,0x000a,-1.57412,0x00000000,2025-12-14T15:16:26.550Z,2025-12-14T15:16:26.550Z
34,0x000a,-0.00068889,0x00000000,2025-12-14T15:16:26.550Z,2025-12-14T15:16:26.550Z
25,0x000a,0,0x00000000,2025-12-14T15:16:26.550Z,2025-12-14T15:16:26.550Z
23,0x000a,-0.0147598,0x00000000,2025-12-14T15:16:26.550Z,2025-12-14T15:16:26.550Z
22,0x000a,-1.57412,0x00000000,2025-12-14T15:16:26.550Z,2025-12-14T15:16:26.550Z
21,0x000a,-0.00068889,0x00000000,2025-12-14T15:16:26.550Z,2025-12-14T15:16:26.550Z
7,0x0004,0,0x00000000,2025-12-14T15:16:26.550Z,2025-12-14T15:16:26.550Z
38,0x000a,-0.499132,0x00000000,2025-12-14T15:16:26.652Z,2025-12-14T15:16:26.652Z
36,0x000a,-0.00737989,0x00000000,2025-12-14T15:16:26.652Z,2025-12-14T15:16:26.652Z
35,0x000a,-1.53576,0x00000000,2025-12-14T15:16:26.652Z,2025-12-14T15:16:26.652Z
34,0x000a,-0.000344445,0x00000000,2025-12-14T15:16:26.652Z,2025-12-14T15:16:26.652Z
23,0x000a,-0.00737989,0x00000000,2025-12-14T15:16:26.652Z,2025-12-14T15:16:26.652Z
22,0x000a,-1.53576,0x00000000,2025-12-14T15:16:26.652Z,2025-12-14T15:16:26.652Z
21,0x000a,-0.000344445,0x00000000,2025-12-14T15:16:26.652Z,2025-12-14T15:16:26.652Z
38,0x000a,0,0x00000000,2025-12-14T15:16:26.750Z,2025-12-14T15:16:26.750Z
36,0x000a,-0.00368995,0x00000000,2025-12-14T15:16:26.750Z,2025-12-14T15:16:26.750Z
35,0x000a,-1.01745,0x00000000,2025-12-14T15:16:26.750Z,2025-12-14T15:16:26.750Z
34,0x000a,-0.000172222,0x00000000,2025-12-14T15:16:26.750Z,2025-12-14T15:16:26.750Z
23,0x000a,-0.00368995,0x00000000,2025-12-14T15:16:26.750Z,2025-12-14T15:16:26.750Z
22,0x000a,-1.01745,0x00000000,2025-12-14T15:16:26.750Z,2025-12-14T15:16:26.750Z
21,0x000a,-0.000172222,0x00000000,2025-12-14T15:16:26.750Z,2025-12-14T15:16:26.750Z
42,0x0001,false,0x00000000,2025-12-14T15:16:26.851Z,2025-12-14T15:16:26.851Z
40,0x0001,false,0x00000000,2025-12-14T15:16:26.851Z,2025-12-14T15:16:26.851Z
36,0x000a,-0.00184497,0x00000000,2025-12-14T15:16:26.851Z,2025-12-14T15:16:26.851Z
35,0x000a,-0.508723,0x00000000,2025-12-14T15:16:26.851Z,2025-12-14T15:16:26.851Z
34,0x000a,-8.61112e-05,0x00000000,2025-12-14T15:16:26.851Z,2025-12-14T15:16:26.851Z
23,0x000a,-0.00184497,0x00000000,2025-12-14T15:16:26.851Z,2025-12-14T15:16:26.851Z
22,0x000a,-0.508723,0x00000000,2025-12-14T15:16:26.851Z,2025-12-14T15:16:26.851Z
21,0x000a,-8.61112e-05,0x00000000,2025-12-14T15:16:26.851Z,2025-12-14T15:16:26.851Z
17,0x0001,true,0x00000000,2025-12-14T15:16:26.851Z,2025-12-14T15:16:26.851Z
15,0x0001,true,0x00000000,2025-12-14T15:16:26.851Z,2025-12-14T15:16:26.851Z
13,0x0001,true,0x00000000,2025-12-14T15:16:26.851Z,2025-12-14T15:16:26.851Z
4,0x000a,10,0x00000000,2025-12-14T15:16:26.851Z,2025-12-14T15:16:26.851Z
3,0x000a,9,0x00000000,2025-12-14T15:16:26.851Z,2025-12-14T15:16:26.851Z
2,0x000a,8,0x00000000,2025-12-14T15:16:26.851Z,2025-12-14T15:16:26.851Z
36,0x000a,-0.000922486,0x00000000,2025-12-14T15:16:27.051Z,2025-12-14T15:16:27.051Z
35,0x000a,-0.254362,0x00000000,2025-12-14T15:16:27.051Z,2025-12-14T15:16:27.051Z
34,0x000a,-4.30556e-05,0x00000000,2025-12-14T15:16:27.051Z,2025-12-14T15:16:27.051Z
26,0x000a,0.0698061,0x00000000,2025-12-14T15:16:27.051Z,2025-12-14T15:16:27.051Z
25,0x000a,0.0799334,0x00000000,2025-12-14T15:16:27.051Z,2025-12-14T15:16:27.051Z
24,0x000a,0.159867,0x00000000,2025-12-14T15:16:27.051Z,2025-12-14T15:16:27.051Z
23,0x000a,-0.000922486,0x00000000,2025-12-14T15:16:27.051Z,2025-12-14T15:16:27.051Z
22,0x000a,-0.254362,0x00000000,2025-12-14T15:16:27.051Z,2025-12-14T15:16:27.051Z
21,0x000a,-4.30556e-05,0x00000000,2025-12-14T15:16:27.051Z,2025-12-14T15:16:27.051Z
8,0x0004,193,0x00000000,2025-12-14T15:16:27.051Z,2025-12-14T15:16:27.051Z
7,0x0004,221,0x00000000,2025-12-14T15:16:27.051Z,2025-12-14T15:16:27.051Z
6,0x0004,442,0x00000000,2025-12-14T15:16:27.051Z,2025-12-14T15:16:27.051Z
39,0x000a,0.698061,0x00000000,2025-12-14T15:16:27.151Z,2025-12-14T15:16:27.151Z
38,0x000a,0.799335,0x00000000,2025-12-14T15:16:27.151Z,2025-12-14T15:16:27.151Z
37,0x000a,1.59867,0x00000000,2025-12-14T15:16:27.151Z,2025-12-14T15:16:27.151Z
36,0x000a,-0.000461243,0x00000000,2025-12-14T15:16:27.151Z,2025-12-14T15:16:27.151Z
35,0x000a,-0.127181,0x00000000,2025-12-14T15:16:27.151Z,2025-12-14T15:16:27.151Z
34,0x000a,-2.15278e-05,0x00000000,2025-12-14T15:16:27.151Z,2025-12-14T15:16:27.151Z
26,0x000a,0.279948,0x00000000,2025-12-14T15:16:27.151Z,2025-12-14T15:16:27.151Z
25,0x000a,0.229673,0x00000000,2025-12-14T15:16:27.151Z,2025-12-14T15:16:27.151Z
24,0x000a,0.439815,0x00000000,2025-12-14T15:16:27.151Z,2025-12-14T15:16:27.151Z
23,0x000a,-0.000461243,0x00000000,2025-12-14T15:16:27.151Z,2025-12-14T15:16:27.151Z
22,0x000a,-0.127181,0x00000000,2025-12-14T15:16:27.151Z,2025-12-14T15:16:27.151Z
21,0x000a,-2.15278e-05,0x00000000,2025-12-14T15:16:27.151Z,2025-12-14T15:16:27.151Z
8,0x0004,774,0x00000000,2025-12-14T15:16:27.151Z,2025-12-14T15:16:27.151Z
7,0x0004,635,0x00000000,2025-12-14T15:16:27.151Z,2025-12-14T15:16:27.151Z
6,0x0004,1216,0x00000000,2025-12-14T15:16:27.151Z,2025-12-14T15:16:27.151Z
39,0x000a,2.10142,0x00000000,2025-12-14T15:16:27.251Z,2025-12-14T15:16:27.251Z
38,0x000a,1.4974,0x00000000,2025-12-14T15:16:27.251Z,2025-12-14T15:16:27.251Z
37,0x000a,2.79948,0x00000000,2025-12-14T15:16:27.251Z,2025-12-14T15:16:27.251Z
36,0x000a,0.3488,0x00000000,2025-12-14T15:16:27.251Z,2025-12-14T15:16:27.251Z
35,0x000a,0.336077,0x00000000,2025-12-14T15:16:27.251Z,2025-12-14T15:16:27.251Z
34,0x000a,0.799324,0x00000000,2025-12-14T15:16:27.251Z,2025-12-14T15:16:27.251Z
26,0x000a,0.489728,0x00000000,2025-12-14T15:16:27.251Z,2025-12-14T15:16:27.251Z
25,0x000a,0.389902,0x00000000,2025-12-14T15:16:27.251Z,2025-12-14T15:16:27.251Z
24,0x000a,0.709997,0x00000000,2025-12-14T15:16:27.251Z,2025-12-14T15:16:27.251Z
23,0x000a,0.3488,0x00000000,2025-12-14T15:16:27.251Z,2025-12-14T15:16:27.251Z
22,0x000a,0.336077,0x00000000,2025-12-14T15:16:27.251Z,2025-12-14T15:16:27.251Z
21,0x000a,0.799324,0x00000000,2025-12-14T15:16:27.251Z,2025-12-14T15:16:27.251Z
8,0x0004,1354,0x00000000,2025-12-14T15:16:27.251Z,2025-12-14T15:16:27.251Z
7,0x0004,1078,0x00000000,2025-12-14T15:16:27.251Z,2025-12-14T15:16:27.251Z
6,0x0004,1963,0x00000000,2025-12-14T15:16:27.251Z,2025-12-14T15:16:27.251Z
39,0x000a,2.0978,0x00000000,2025-12-14T15:16:27.349Z,2025-12-14T15:16:27.349Z
38,0x000a,1.60229,0x00000000,2025-12-14T15:16:27.349Z,2025-12-14T15:16:27.349Z
37,0x000a,2.70182,0x00000000,2025-12-14T15:16:27.349Z,2025-12-14T15:16:27.349Z
36,0x000a,1.22511,0x00000000,2025-12-14T15:16:27.349Z,2025-12-14T15:16:27.349Z
35,0x000a,0.916736,0x00000000,2025-12-14T15:16:27.349Z,2025-12-14T15:16:27.349Z
34,0x000a,1.7994,0x00000000,2025-12-14T15:16:27.349Z,2025-12-14T15:16:27.349Z
26,0x000a,0.709997,0x00000000,2025-12-14T15:16:27.349Z,2025-12-14T15:16:27.349Z
25,0x000a,0.539641,0x00000000,2025-12-14T15:16:27.349Z,2025-12-14T15:16:27.349Z
24,0x000a,0.989945,0x00000000,2025-12-14T15:16:27.349Z,2025-12-14T15:16:27.349Z
23,0x000a,1.22511,0x00000000,2025-12-14T15:16:27.349Z,2025-12-14T15:16:27.349Z
22,0x000a,0.916736,0x00000000,2025-12-14T15:16:27.349Z,2025-12-14T15:16:27.349Z
21,0x000a,1.7994,0x00000000,2025-12-14T15:16:27.349Z,2025-12-14T15:16:27.349Z
8,0x0004,1963,0x00000000,2025-12-14T15:16:27.349Z,2025-12-14T15:16:27.349Z
7,0x0004,1492,0x00000000,2025-12-14T15:16:27.349Z,2025-12-14T15:16:27.349Z
6,0x0004,2737,0x00000000,2025-12-14T15:16:27.349Z,2025-12-14T15:16:27.349Z
39,0x000a,2.20269,0x00000000,2025-12-14T15:16:27.451Z,2025-12-14T15:16:27.451Z
38,0x000a,1.4974,0x00000000,2025-12-14T15:16:27.451Z,2025-12-14T15:16:27.451Z
37,0x000a,2.79948,0x00000000,2025-12-14T15:16:27.451Z,2025-12-14T15:16:27.451Z
36,0x000a,1.66145,0x00000000,2025-12-14T15:16:27.451Z,2025-12-14T15:16:27.451Z
35,0x000a,1.25951,0x00000000,2025-12-14T15:16:27.451Z,2025-12-14T15:16:27.451Z
34,0x000a,2.25061,0x00000000,2025-12-14T15:16:27.451Z,2025-12-14T15:16:27.451Z
26,0x000a,0.919777,0x00000000,2025-12-14T15:16:27.451Z,2025-12-14T15:16:27.451Z
25,0x000a,0.689742,0x00000000,2025-12-14T15:16:27.451Z,2025-12-14T15:16:27.451Z
24,0x000a,1.26989,0x00000000,2025-12-14T15:16:27.451Z,2025-12-14T15:16:27.451Z
23,0x000a,1.66145,0x00000000,2025-12-14T15:16:27.451Z,2025-12-14T15:16:27.451Z
22,0x000a,1.25951,0x00000000,2025-12-14T15:16:27.451Z,2025-12-14T15:16:27.451Z
21,0x000a,2.25061,0x00000000,2025-12-14T15:16:27.451Z,2025-12-14T15:16:27.451Z
8,0x0004,2543,0x00000000,2025-12-14T15:16:27.451Z,2025-12-14T15:16:27.451Z
7,0x0004,1907,0x00000000,2025-12-14T15:16:27.451Z,2025-12-14T15:16:27.451Z
6,0x0004,3511,0x00000000,2025-12-14T15:16:27.451Z,2025-12-14T15:16:27.451Z
39,0x000a,2.0978,0x00000000,2025-12-14T15:16:27.550Z,2025-12-14T15:16:27.550Z
38,0x000a,1.50101,0x00000000,2025-12-14T15:16:27.550Z,2025-12-14T15:16:27.550Z
37,0x000a,2.79948,0x00000000,2025-12-14T15:16:27.550Z,2025-12-14T15:16:27.550Z
36,0x000a,1.93207,0x00000000,2025-12-14T15:16:27.550Z,2025-12-14T15:16:27.550Z
35,0x000a,1.37845,0x00000000,2025-12-14T15:16:27.550Z,2025-12-14T15:16:27.550Z
34,0x000a,2.52505,0x00000000,2025-12-14T15:16:27.550Z,2025-12-14T15:16:27.550Z
23,0x000a,1.93207,0x00000000,2025-12-14T15:16:27.550Z,2025-12-14T15:16:27.550Z
22,0x000a,1.37845,0x00000000,2025-12-14T15:16:27.550Z,2025-12-14T15:16:27.550Z
21,0x000a,2.52505,0x00000000,2025-12-14T15:16:27.550Z,2025-12-14T15:16:27.550Z
39,0x000a,2.60055,0x00000000,2025-12-14T15:16:27.650Z,2025-12-14T15:16:27.650Z
38,0x000a,1.90249,0x00000000,2025-12-14T15:16:27.650Z,2025-12-14T15:16:27.650Z
37,0x000a,3.29861,0x00000000,2025-12-14T15:16:27.650Z,2025-12-14T15:16:27.650Z
36,0x000a,2.01494,0x00000000,2025-12-14T15:16:27.650Z,2025-12-14T15:16:27.650Z
35,0x000a,1.43973,0x00000000,2025-12-14T15:16:27.650Z,2025-12-14T15:16:27.650Z
34,0x000a,2.66226,0x00000000,2025-12-14T15:16:27.650Z,2025-12-14T15:16:27.650Z
26,0x000a,1.17983,0x00000000,2025-12-14T15:16:27.650Z,2025-12-14T15:16:27.650Z
25,0x000a,0.879991,0x00000000,2025-12-14T15:16:27.650Z,2025-12-14T15:16:27.650Z
24,0x000a,1.59975,0x00000000,2025-12-14T15:16:27.650Z,2025-12-14T15:16:27.650Z
23,0x000a,2.01494,0x00000000,2025-12-14T15:16:27.650Z,2025-12-14T15:16:27.650Z
22,0x000a,1.43973,0x00000000,2025-12-14T15:16:27.650Z,2025-12-14T15:16:27.650Z
21,0x000a,2.66226,0x00000000,2025-12-14T15:16:27.650Z,2025-12-14T15:16:27.650Z
8,0x0004,3262,0x00000000,2025-12-14T15:16:27.650Z,2025-12-14T15:16:27.650Z
7,0x0004,2433,0x00000000,2025-12-14T15:16:27.650Z,2025-12-14T15:16:27.650Z
6,0x0004,4423,0x00000000,2025-12-14T15:16:27.650Z,2025-12-14T15:16:27.650Z
36,0x000a,2.30774,0x00000000,2025-12-14T15:16:27.750Z,2025-12-14T15:16:27.750Z
35,0x000a,1.67111,0x00000000,2025-12-14T15:16:27.750Z,2025-12-14T15:16:27.750Z
34,0x000a,2.98044,0x00000000,2025-12-14T15:16:27.750Z,2025-12-14T15:16:27.750Z
26,0x000a,1.38997,0x00000000,2025-12-14T15:16:27.750Z,2025-12-14T15:16:27.750Z
25,0x000a,1.02973,0x00000000,2025-12-14T15:16:27.750Z,2025-12-14T15:16:27.750Z
24,0x000a,1.86994,0x00000000,2025-12-14T15:16:27.750Z,2025-12-14T15:16:27.750Z
23,0x000a,2.30774,0x00000000,2025-12-14T15:16:27.750Z,2025-12-14T15:16:27.750Z
22,0x000a,1.67111,0x00000000,2025-12-14T15:16:27.750Z,2025-12-14T15:16:27.750Z
21,0x000a,2.98044,0x00000000,2025-12-14T15:16:27.750Z,2025-12-14T15:16:27.750Z
8,0x0004,3843,0x00000000,2025-12-14T15:16:27.750Z,2025-12-14T15:16:27.750Z
7,0x0004,2847,0x00000000,2025-12-14T15:16:27.750Z,2025-12-14T15:16:27.750Z
6,0x0004,5170,0x00000000,2025-12-14T15:16:27.750Z,2025-12-14T15:16:27.750Z
39,0x000a,4.19922,0x00000000,2025-12-14T15:16:27.849Z,2025-12-14T15:16:27.849Z
39,0x000a,2.10142,0x00000000,2025-12-14T15:16:27.950Z,2025-12-14T15:16:27.950Z
38,0x000a,2.99841,0x00000000,2025-12-14T15:16:27.849Z,2025-12-14T15:16:27.849Z
38,0x000a,1.59867,0x00000000,2025-12-14T15:16:27.950Z,2025-12-14T15:16:27.950Z
37,0x000a,5.5013,0x00000000,2025-12-14T15:16:27.849Z,2025-12-14T15:16:27.849Z
37,0x000a,2.69821,0x00000000,2025-12-14T15:16:27.950Z,2025-12-14T15:16:27.950Z
36,0x000a,3.25348,0x00000000,2025-12-14T15:16:27.950Z,2025-12-14T15:16:27.950Z
35,0x000a,2.33476,0x00000000,2025-12-14T15:16:27.950Z,2025-12-14T15:16:27.950Z
34,0x000a,4.24087,0x00000000,2025-12-14T15:16:27.950Z,2025-12-14T15:16:27.950Z
39,0x000a,2.19908,0x00000000,2025-12-14T15:16:28.050Z,2025-12-14T15:16:28.050Z
38,0x000a,1.50101,0x00000000,2025-12-14T15:16:28.050Z,2025-12-14T15:16:28.050Z
37,0x000a,2.79948,0x00000000,2025-12-14T15:16:28.050Z,2025-12-14T15:16:28.050Z
36,0x000a,2.67745,0x00000000,2025-12-14T15:16:28.050Z,2025-12-14T15:16:28.050Z
35,0x000a,1.96671,0x00000000,2025-12-14T15:16:28.050Z,2025-12-14T15:16:28.050Z
34,0x000a,3.46954,0x00000000,2025-12-14T15:16:28.050Z,2025-12-14T15:16:28.050Z
26,0x000a,1.59975,0x00000000,2025-12-14T15:16:27.849Z,2025-12-14T15:16:27.849Z
26,0x000a,1.8099,0x00000000,2025-12-14T15:16:27.950Z,2025-12-14T15:16:27.950Z
26,0x000a,2.0298,0x00000000,2025-12-14T15:16:28.050Z,2025-12-14T15:16:28.050Z
25,0x000a,1.17983,0x00000000,2025-12-14T15:16:27.849Z,2025-12-14T15:16:27.849Z
25,0x000a,1.3397,0x00000000,2025-12-14T15:16:27.950Z,2025-12-14T15:16:27.950Z
25,0x000a,1.4898,0x00000000,2025-12-14T15:16:28.050Z,2025-12-14T15:16:28.050Z
24,0x000a,2.14988,0x00000000,2025-12-14T15:16:27.849Z,2025-12-14T15:16:27.849Z
24,0x000a,2.4197,0x00000000,2025-12-14T15:16:27.950Z,2025-12-14T15:16:27.950Z
24,0x000a,2.69965,0x00000000,2025-12-14T15:16:28.050Z,2025-12-14T15:16:28.050Z
23,0x000a,3.25348,0x00000000,2025-12-14T15:16:27.950Z,2025-12-14T15:16:27.950Z
23,0x000a,2.67745,0x00000000,2025-12-14T15:16:28.050Z,2025-12-14T15:16:28.050Z
22,0x000a,2.33476,0x00000000,2025-12-14T15:16:27.950Z,2025-12-14T15:16:27.950Z
22,0x000a,1.96671,0x00000000,2025-12-14T15:16:28.050Z,2025-12-14T15:16:28.050Z
21,0x000a,4.24087,0x00000000,2025-12-14T15:16:27.950Z,2025-12-14T15:16:27.950Z
21,0x000a,3.46954,0x00000000,2025-12-14T15:16:28.050Z,2025-12-14T15:16:28.050Z
8,0x0004,4423,0x00000000,2025-12-14T15:16:27.849Z,2025-12-14T15:16:27.849Z
8,0x0004,5004,0x00000000,2025-12-14T15:16:27.950Z,2025-12-14T15:16:27.950Z
8,0x0004,5612,0x00000000,2025-12-14T15:16:28.050Z,2025-12-14T15:16:28.050Z
7,0x0004,3262,0x00000000,2025-12-14T15:16:27.849Z,2025-12-14T15:16:27.849Z
7,0x0004,3704,0x00000000,2025-12-14T15:16:27.950Z,2025-12-14T15:16:27.950Z
7,0x0004,4119,0x00000000,2025-12-14T15:16:28.050Z,2025-12-14T15:16:28.050Z
6,0x0004,5944,0x00000000,2025-12-14T15:16:27.849Z,2025-12-14T15:16:27.849Z
6,0x0004,6690,0x00000000,2025-12-14T15:16:27.950Z,2025-12-14T15:16:27.950Z
6,0x0004,7464,0x00000000,2025-12-14T15:16:28.050Z,2025-12-14T15:16:28.050Z
39,0x000a,2.10142,0x00000000,2025-12-14T15:16:28.152Z,2025-12-14T15:16:28.152Z
37,0x000a,2.8031,0x00000000,2025-12-14T15:16:28.152Z,2025-12-14T15:16:28.152Z
36,0x000a,2.43826,0x00000000,2025-12-14T15:16:28.152Z,2025-12-14T15:16:28.152Z
35,0x000a,1.73386,0x00000000,2025-12-14T15:16:28.152Z,2025-12-14T15:16:28.152Z
34,0x000a,3.13451,0x00000000,2025-12-14T15:16:28.152Z,2025-12-14T15:16:28.152Z
26,0x000a,2.23994,0x00000000,2025-12-14T15:16:28.152Z,2025-12-14T15:16:28.152Z
25,0x000a,1.6399,0x00000000,2025-12-14T15:16:28.152Z,2025-12-14T15:16:28.152Z
24,0x000a,2.97996,0x00000000,2025-12-14T15:16:28.152Z,2025-12-14T15:16:28.152Z
23,0x000a,2.43826,0x00000000,2025-12-14T15:16:28.152Z,2025-12-14T15:16:28.152Z
22,0x000a,1.73386,0x00000000,2025-12-14T15:16:28.152Z,2025-12-14T15:16:28.152Z
21,0x000a,3.13451,0x00000000,2025-12-14T15:16:28.152Z,2025-12-14T15:16:28.152Z
8,0x0004,6193,0x00000000,2025-12-14T15:16:28.152Z,2025-12-14T15:16:28.152Z
7,0x0004,4534,0x00000000,2025-12-14T15:16:28.152Z,2025-12-14T15:16:28.152Z
6,0x0004,8239,0x00000000,2025-12-14T15:16:28.152Z,2025-12-14T15:16:28.152Z
39,0x000a,2.60055,0x00000000,2025-12-14T15:16:28.250Z,2025-12-14T15:16:28.250Z
38,0x000a,1.89887,0x00000000,2025-12-14T15:16:28.250Z,2025-12-14T15:16:28.250Z
37,0x000a,3.29861,0x00000000,2025-12-14T15:16:28.250Z,2025-12-14T15:16:28.250Z
36,0x000a,2.26984,0x00000000,2025-12-14T15:16:28.250Z,2025-12-14T15:16:28.250Z
35,0x000a,1.61744,0x00000000,2025-12-14T15:16:28.250Z,2025-12-14T15:16:28.250Z
34,0x000a,2.9688,0x00000000,2025-12-14T15:16:28.250Z,2025-12-14T15:16:28.250Z
26,0x000a,2.5,0x00000000,2025-12-14T15:16:28.250Z,2025-12-14T15:16:28.250Z
25,0x000a,1.82979,0x00000000,2025-12-14T15:16:28.250Z,2025-12-14T15:16:28.250Z
24,0x000a,3.30982,0x00000000,2025-12-14T15:16:28.250Z,2025-12-14T15:16:28.250Z
23,0x000a,2.26984,0x00000000,2025-12-14T15:16:28.250Z,2025-12-14T15:16:28.250Z
22,0x000a,1.61744,0x00000000,2025-12-14T15:16:28.250Z,2025-12-14T15:16:28.250Z
21,0x000a,2.9688,0x00000000,2025-12-14T15:16:28.250Z,2025-12-14T15:16:28.250Z
8,0x0004,6912,0x00000000,2025-12-14T15:16:28.250Z,2025-12-14T15:16:28.250Z
7,0x0004,5059,0x00000000,2025-12-14T15:16:28.250Z,2025-12-14T15:16:28.250Z
6,0x0004,9151,0x00000000,2025-12-14T15:16:28.250Z,2025-12-14T15:16:28.250Z
39,0x000a,2.0978,0x00000000,2025-12-14T15:16:28.352Z,2025-12-14T15:16:28.352Z
38,0x000a,1.50101,0x00000000,2025-12-14T15:16:28.352Z,2025-12-14T15:16:28.352Z
37,0x000a,2.6982,0x00000000,2025-12-14T15:16:28.352Z,2025-12-14T15:16:28.352Z
36,0x000a,2.43519,0x00000000,2025-12-14T15:16:28.352Z,2025-12-14T15:16:28.352Z
35,0x000a,1.75815,0x00000000,2025-12-14T15:16:28.352Z,2025-12-14T15:16:28.352Z
34,0x000a,3.13371,0x00000000,2025-12-14T15:16:28.352Z,2025-12-14T15:16:28.352Z
26,0x000a,2.70978,0x00000000,2025-12-14T15:16:28.352Z,2025-12-14T15:16:28.352Z
25,0x000a,1.97989,0x00000000,2025-12-14T15:16:28.352Z,2025-12-14T15:16:28.352Z
24,0x000a,3.57964,0x00000000,2025-12-14T15:16:28.352Z,2025-12-14T15:16:28.352Z
23,0x000a,2.43519,0x00000000,2025-12-14T15:16:28.352Z,2025-12-14T15:16:28.352Z
22,0x000a,1.75815,0x00000000,2025-12-14T15:16:28.352Z,2025-12-14T15:16:28.352Z
21,0x000a,3.13371,0x00000000,2025-12-14T15:16:28.352Z,2025-12-14T15:16:28.352Z
8,0x0004,7492,0x00000000,2025-12-14T15:16:28.352Z,2025-12-14T15:16:28.352Z
7,0x0004,5474,0x00000000,2025-12-14T15:16:28.352Z,2025-12-14T15:16:28.352Z
6,0x0004,9897,0x00000000,2025-12-14T15:16:28.352Z,2025-12-14T15:16:28.352Z
39,0x000a,2.10142,0x00000000,2025-12-14T15:16:28.450Z,2025-12-14T15:16:28.450Z
38,0x000a,1.59867,0x00000000,2025-12-14T15:16:28.450Z,2025-12-14T15:16:28.450Z
37,0x000a,2.8031,0x00000000,2025-12-14T15:16:28.450Z,2025-12-14T15:16:28.450Z
36,0x000a,2.2665,0x00000000,2025-12-14T15:16:28.450Z,2025-12-14T15:16:28.450Z
35,0x000a,1.62958,0x00000000,2025-12-14T15:16:28.450Z,2025-12-14T15:16:28.450Z
34,0x000a,2.91596,0x00000000,2025-12-14T15:16:28.450Z,2025-12-14T15:16:28.450Z
26,0x000a,2.91992,0x00000000,2025-12-14T15:16:28.450Z,2025-12-14T15:16:28.450Z
25,0x000a,2.13976,0x00000000,2025-12-14T15:16:28.450Z,2025-12-14T15:16:28.450Z
24,0x000a,3.85995,0x00000000,2025-12-14T15:16:28.450Z,2025-12-14T15:16:28.450Z
23,0x000a,2.2665,0x00000000,2025-12-14T15:16:28.450Z,2025-12-14T15:16:28.450Z
22,0x000a,1.62958,0x00000000,2025-12-14T15:16:28.450Z,2025-12-14T15:16:28.450Z
21,0x000a,2.91596,0x00000000,2025-12-14T15:16:28.450Z,2025-12-14T15:16:28.450Z
8,0x0004,8073,0x00000000,2025-12-14T15:16:28.450Z,2025-12-14T15:16:28.450Z
7,0x0004,5916,0x00000000,2025-12-14T15:16:28.450Z,2025-12-14T15:16:28.450Z
6,0x0004,10672,0x00000000,2025-12-14T15:16:28.450Z,2025-12-14T15:16:28.450Z
39,0x000a,2.19907,0x00000000,2025-12-14T15:16:28.550Z,2025-12-14T15:16:28.550Z
38,0x000a,1.50101,0x00000000,2025-12-14T15:16:28.550Z,2025-12-14T15:16:28.550Z
37,0x000a,2.6982,0x00000000,2025-12-14T15:16:28.550Z,2025-12-14T15:16:28.550Z
36,0x000a,2.18396,0x00000000,2025-12-14T15:16:28.550Z,2025-12-14T15:16:28.550Z
35,0x000a,1.61413,0x00000000,2025-12-14T15:16:28.550Z,2025-12-14T15:16:28.550Z
34,0x000a,2.85953,0x00000000,2025-12-14T15:16:28.550Z,2025-12-14T15:16:28.550Z
26,0x000a,3.13983,0x00000000,2025-12-14T15:16:28.550Z,2025-12-14T15:16:28.550Z
25,0x000a,2.28986,0x00000000,2025-12-14T15:16:28.550Z,2025-12-14T15:16:28.550Z
24,0x000a,4.12977,0x00000000,2025-12-14T15:16:28.550Z,2025-12-14T15:16:28.550Z
23,0x000a,2.18396,0x00000000,2025-12-14T15:16:28.550Z,2025-12-14T15:16:28.550Z
22,0x000a,1.61413,0x00000000,2025-12-14T15:16:28.550Z,2025-12-14T15:16:28.550Z
21,0x000a,2.85953,0x00000000,2025-12-14T15:16:28.550Z,2025-12-14T15:16:28.550Z
8,0x0004,8681,0x00000000,2025-12-14T15:16:28.550Z,2025-12-14T15:16:28.550Z
7,0x0004,6331,0x00000000,2025-12-14T15:16:28.550Z,2025-12-14T15:16:28.550Z
6,0x0004,11418,0x00000000,2025-12-14T15:16:28.550Z,2025-12-14T15:16:28.550Z
26,0x000a,3.34997,0x00000000,2025-12-14T15:16:28.650Z,2025-12-14T15:16:28.650Z
25,0x000a,2.43996,0x00000000,2025-12-14T15:16:28.650Z,2025-12-14T15:16:28.650Z
24,0x000a,4.40972,0x00000000,2025-12-14T15:16:28.650Z,2025-12-14T15:16:28.650Z
8,0x0004,9262,0x00000000,2025-12-14T15:16:28.650Z,2025-12-14T15:16:28.650Z
7,0x0004,6746,0x00000000,2025-12-14T15:16:28.650Z,2025-12-14T15:16:28.650Z
6,0x0004,12192,0x00000000,2025-12-14T15:16:28.650Z,2025-12-14T15:16:28.650Z
39,0x000a,2.10142,0x00000000,2025-12-14T15:16:28.751Z,2025-12-14T15:16:28.751Z
38,0x000a,1.50101,0x00000000,2025-12-14T15:16:28.751Z,2025-12-14T15:16:28.751Z
37,0x000a,2.79948,0x00000000,2025-12-14T15:16:28.751Z,2025-12-14T15:16:28.751Z
36,0x000a,2.19152,0x00000000,2025-12-14T15:16:28.751Z,2025-12-14T15:16:28.751Z
35,0x000a,1.55757,0x00000000,2025-12-14T15:16:28.751Z,2025-12-14T15:16:28.751Z
34,0x000a,2.77887,0x00000000,2025-12-14T15:16:28.751Z,2025-12-14T15:16:28.751Z
26,0x000a,3.55975,0x00000000,2025-12-14T15:16:28.751Z,2025-12-14T15:16:28.751Z
25,0x000a,2.59983,0x00000000,2025-12-14T15:16:28.751Z,2025-12-14T15:16:28.751Z
24,0x000a,4.68967,0x00000000,2025-12-14T15:16:28.751Z,2025-12-14T15:16:28.751Z
23,0x000a,2.19152,0x00000000,2025-12-14T15:16:28.751Z,2025-12-14T15:16:28.751Z
22,0x000a,1.55757,0x00000000,2025-12-14T15:16:28.751Z,2025-12-14T15:16:28.751Z
21,0x000a,2.77887,0x00000000,2025-12-14T15:16:28.751Z,2025-12-14T15:16:28.751Z
8,0x0004,9842,0x00000000,2025-12-14T15:16:28.751Z,2025-12-14T15:16:28.751Z
7,0x0004,7188,0x00000000,2025-12-14T15:16:28.751Z,2025-12-14T15:16:28.751Z
6,0x0004,12966,0x00000000,2025-12-14T15:16:28.751Z,2025-12-14T15:16:28.751Z
39,0x000a,2.0978,0x00000000,2025-12-14T15:16:28.851Z,2025-12-14T15:16:28.851Z
38,0x000a,1.59867,0x00000000,2025-12-14T15:16:28.851Z,2025-12-14T15:16:28.851Z
37,0x000a,2.79948,0x00000000,2025-12-14T15:16:28.851Z,2025-12-14T15:16:28.851Z
36,0x000a,2.14647,0x00000000,2025-12-14T15:16:28.851Z,2025-12-14T15:16:28.851Z
35,0x000a,1.52929,0x00000000,2025-12-14T15:16:28.851Z,2025-12-14T15:16:28.851Z
34,0x000a,2.78917,0x00000000,2025-12-14T15:16:28.851Z,2025-12-14T15:16:28.851Z
26,0x000a,3.81981,0x00000000,2025-12-14T15:16:28.851Z,2025-12-14T15:16:28.851Z
25,0x000a,2.77995,0x00000000,2025-12-14T15:16:28.851Z,2025-12-14T15:16:28.851Z
24,0x000a,5.01989,0x00000000,2025-12-14T15:16:28.851Z,2025-12-14T15:16:28.851Z
23,0x000a,2.14647,0x00000000,2025-12-14T15:16:28.851Z,2025-12-14T15:16:28.851Z
22,0x000a,1.52929,0x00000000,2025-12-14T15:16:28.851Z,2025-12-14T15:16:28.851Z
21,0x000a,2.78917,0x00000000,2025-12-14T15:16:28.851Z,2025-12-14T15:16:28.851Z
8,0x0004,10561,0x00000000,2025-12-14T15:16:28.851Z,2025-12-14T15:16:28.851Z
7,0x0004,7686,0x00000000,2025-12-14T15:16:28.851Z,2025-12-14T15:16:28.851Z
6,0x0004,13879,0x00000000,2025-12-14T15:16:28.851Z,2025-12-14T15:16:28.851Z
39,0x000a,4.70197,0x00000000,2025-12-14T15:16:28.952Z,2025-12-14T15:16:28.952Z
38,0x000a,3.29861,0x00000000,2025-12-14T15:16:28.952Z,2025-12-14T15:16:28.952Z
37,0x000a,6.00043,0x00000000,2025-12-14T15:16:28.952Z,2025-12-14T15:16:28.952Z
36,0x000a,2.12213,0x00000000,2025-12-14T15:16:28.952Z,2025-12-14T15:16:28.952Z
35,0x000a,1.56398,0x00000000,2025-12-14T15:16:28.952Z,2025-12-14T15:16:28.952Z
34,0x000a,2.79433,0x00000000,2025-12-14T15:16:28.952Z,2025-12-14T15:16:28.952Z
26,0x000a,4.02995,0x00000000,2025-12-14T15:16:28.952Z,2025-12-14T15:16:28.952Z
25,0x000a,2.92969,0x00000000,2025-12-14T15:16:28.952Z,2025-12-14T15:16:28.952Z
24,0x000a,5.28971,0x00000000,2025-12-14T15:16:28.952Z,2025-12-14T15:16:28.952Z
23,0x000a,2.12213,0x00000000,2025-12-14T15:16:28.952Z,2025-12-14T15:16:28.952Z
22,0x000a,1.56398,0x00000000,2025-12-14T15:16:28.952Z,2025-12-14T15:16:28.952Z
21,0x000a,2.79433,0x00000000,2025-12-14T15:16:28.952Z,2025-12-14T15:16:28.952Z
8,0x0004,11142,0x00000000,2025-12-14T15:16:28.952Z,2025-12-14T15:16:28.952Z
7,0x0004,8100,0x00000000,2025-12-14T15:16:28.952Z,2025-12-14T15:16:28.952Z
6,0x0004,14625,0x00000000,2025-12-14T15:16:28.952Z,2025-12-14T15:16:28.952Z
39,0x000a,2.0978,0x00000000,2025-12-14T15:16:29.054Z,2025-12-14T15:16:29.054Z
38,0x000a,1.60228,0x00000000,2025-12-14T15:16:29.054Z,2025-12-14T15:16:29.054Z
37,0x000a,2.79948,0x00000000,2025-12-14T15:16:29.054Z,2025-12-14T15:16:29.054Z
36,0x000a,3.41205,0x00000000,2025-12-14T15:16:29.054Z,2025-12-14T15:16:29.054Z
35,0x000a,2.4313,0x00000000,2025-12-14T15:16:29.054Z,2025-12-14T15:16:29.054Z
34,0x000a,4.39738,0x00000000,2025-12-14T15:16:29.054Z,2025-12-14T15:16:29.054Z
26,0x000a,4.23973,0x00000000,2025-12-14T15:16:29.054Z,2025-12-14T15:16:29.054Z
25,0x000a,3.08992,0x00000000,2025-12-14T15:16:29.054Z,2025-12-14T15:16:29.054Z
24,0x000a,5.56966,0x00000000,2025-12-14T15:16:29.054Z,2025-12-14T15:16:29.054Z
23,0x000a,3.41205,0x00000000,2025-12-14T15:16:29.054Z,2025-12-14T15:16:29.054Z
22,0x000a,2.4313,0x00000000,2025-12-14T15:16:29.054Z,2025-12-14T15:16:29.054Z
21,0x000a,4.39738,0x00000000,2025-12-14T15:16:29.054Z,2025-12-14T15:16:29.054Z
8,0x0004,11722,0x00000000,2025-12-14T15:16:29.054Z,2025-12-14T15:16:29.054Z
7,0x0004,8543,0x00000000,2025-12-14T15:16:29.054Z,2025-12-14T15:16:29.054Z
6,0x0004,15399,0x00000000,2025-12-14T15:16:29.054Z,2025-12-14T15:16:29.054Z
39,0x000a,2.20269,0x00000000,2025-12-14T15:16:29.149Z,2025-12-14T15:16:29.149Z
38,0x000a,1.4974,0x00000000,2025-12-14T15:16:29.149Z,2025-12-14T15:16:29.149Z
37,0x000a,2.8031,0x00000000,2025-12-14T15:16:29.149Z,2025-12-14T15:16:29.149Z
36,0x000a,2.75493,0x00000000,2025-12-14T15:16:29.149Z,2025-12-14T15:16:29.149Z
35,0x000a,2.01679,0x00000000,2025-12-14T15:16:29.149Z,2025-12-14T15:16:29.149Z
34,0x000a,3.59843,0x00000000,2025-12-14T15:16:29.149Z,2025-12-14T15:16:29.149Z
26,0x000a,4.46,0x00000000,2025-12-14T15:16:29.149Z,2025-12-14T15:16:29.149Z
25,0x000a,3.23966,0x00000000,2025-12-14T15:16:29.149Z,2025-12-14T15:16:29.149Z
24,0x000a,5.84997,0x00000000,2025-12-14T15:16:29.149Z,2025-12-14T15:16:29.149Z
23,0x000a,2.75493,0x00000000,2025-12-14T15:16:29.149Z,2025-12-14T15:16:29.149Z
22,0x000a,2.01679,0x00000000,2025-12-14T15:16:29.149Z,2025-12-14T15:16:29.149Z
21,0x000a,3.59843,0x00000000,2025-12-14T15:16:29.149Z,2025-12-14T15:16:29.149Z
8,0x0004,12331,0x00000000,2025-12-14T15:16:29.149Z,2025-12-14T15:16:29.149Z
7,0x0004,8957,0x00000000,2025-12-14T15:16:29.149Z,2025-12-14T15:16:29.149Z
6,0x0004,16174,0x00000000,2025-12-14T15:16:29.149Z,2025-12-14T15:16:29.149Z
39,0x000a,2.0978,0x00000000,2025-12-14T15:16:29.250Z,2025-12-14T15:16:29.250Z
38,0x000a,1.50101,0x00000000,2025-12-14T15:16:29.250Z,2025-12-14T15:16:29.250Z
37,0x000a,2.69821,0x00000000,2025-12-14T15:16:29.250Z,2025-12-14T15:16:29.250Z
36,0x000a,2.47881,0x00000000,2025-12-14T15:16:29.250Z,2025-12-14T15:16:29.250Z
35,0x000a,1.75709,0x00000000,2025-12-14T15:16:29.250Z,2025-12-14T15:16:29.250Z
34,0x000a,3.20076,0x00000000,2025-12-14T15:16:29.250Z,2025-12-14T15:16:29.250Z
26,0x000a,4.66978,0x00000000,2025-12-14T15:16:29.250Z,2025-12-14T15:16:29.250Z
25,0x000a,3.38976,0x00000000,2025-12-14T15:16:29.250Z,2025-12-14T15:16:29.250Z
24,0x000a,6.11979,0x00000000,2025-12-14T15:16:29.250Z,2025-12-14T15:16:29.250Z
23,0x000a,2.47881,0x00000000,2025-12-14T15:16:29.250Z,2025-12-14T15:16:29.250Z
22,0x000a,1.75709,0x00000000,2025-12-14T15:16:29.250Z,2025-12-14T15:16:29.250Z
21,0x000a,3.20076,0x00000000,2025-12-14T15:16:29.250Z,2025-12-14T15:16:29.250Z
8,0x0004,12911,0x00000000,2025-12-14T15:16:29.250Z,2025-12-14T15:16:29.250Z
7,0x0004,9372,0x00000000,2025-12-14T15:16:29.250Z,2025-12-14T15:16:29.250Z
6,0x0004,16920,0x00000000,2025-12-14T15:16:29.250Z,2025-12-14T15:16:29.250Z
39,0x000a,2.60055,0x00000000,2025-12-14T15:16:29.353Z,2025-12-14T15:16:29.353Z
38,0x000a,1.89887,0x00000000,2025-12-14T15:16:29.353Z,2025-12-14T15:16:29.353Z
37,0x000a,3.29861,0x00000000,2025-12-14T15:16:29.353Z,2025-12-14T15:16:29.353Z
36,0x000a,2.2883,0x00000000,2025-12-14T15:16:29.353Z,2025-12-14T15:16:29.353Z
35,0x000a,1.62905,0x00000000,2025-12-14T15:16:29.353Z,2025-12-14T15:16:29.353Z
34,0x000a,2.94948,0x00000000,2025-12-14T15:16:29.353Z,2025-12-14T15:16:29.353Z
26,0x000a,4.92983,0x00000000,2025-12-14T15:16:29.353Z,2025-12-14T15:16:29.353Z
25,0x000a,3.57964,0x00000000,2025-12-14T15:16:29.353Z,2025-12-14T15:16:29.353Z
24,0x000a,6.44965,0x00000000,2025-12-14T15:16:29.353Z,2025-12-14T15:16:29.353Z
23,0x000a,2.2883,0x00000000,2025-12-14T15:16:29.353Z,2025-12-14T15:16:29.353Z
22,0x000a,1.62905,0x00000000,2025-12-14T15:16:29.353Z,2025-12-14T15:16:29.353Z
21,0x000a,2.94948,0x00000000,2025-12-14T15:16:29.353Z,2025-12-14T15:16:29.353Z
8,0x0004,13630,0x00000000,2025-12-14T15:16:29.353Z,2025-12-14T15:16:29.353Z
7,0x0004,9897,0x00000000,2025-12-14T15:16:29.353Z,2025-12-14T15:16:29.353Z
6,0x0004,17832,0x00000000,2025-12-14T15:16:29.353Z,2025-12-14T15:16:29.353Z
36,0x000a,2.44443,0x00000000,2025-12-14T15:16:29.449Z,2025-12-14T15:16:29.449Z
35,0x000a,1.76396,0x00000000,2025-12-14T15:16:29.449Z,2025-12-14T15:16:29.449Z
34,0x000a,3.12405,0x00000000,2025-12-14T15:16:29.449Z,2025-12-14T15:16:29.449Z
26,0x000a,5.13997,0x00000000,2025-12-14T15:16:29.449Z,2025-12-14T15:16:29.449Z
25,0x000a,3.72975,0x00000000,2025-12-14T15:16:29.449Z,2025-12-14T15:16:29.449Z
24,0x000a,6.72996,0x00000000,2025-12-14T15:16:29.449Z,2025-12-14T15:16:29.449Z
23,0x000a,2.44443,0x00000000,2025-12-14T15:16:29.449Z,2025-12-14T15:16:29.449Z
22,0x000a,1.76396,0x00000000,2025-12-14T15:16:29.449Z,2025-12-14T15:16:29.449Z
21,0x000a,3.12405,0x00000000,2025-12-14T15:16:29.449Z,2025-12-14T15:16:29.449Z
8,0x0004,14211,0x00000000,2025-12-14T15:16:29.449Z,2025-12-14T15:16:29.449Z
7,0x0004,10312,0x00000000,2025-12-14T15:16:29.449Z,2025-12-14T15:16:29.449Z
6,0x0004,18607,0x00000000,2025-12-14T15:16:29.449Z,2025-12-14T15:16:29.449Z
39,0x000a,2.10142,0x00000000,2025-12-14T15:16:29.551Z,2025-12-14T15:16:29.551Z
38,0x000a,1.50101,0x00000000,2025-12-14T15:16:29.551Z,2025-12-14T15:16:29.551Z
37,0x000a,2.8031,0x00000000,2025-12-14T15:16:29.551Z,2025-12-14T15:16:29.551Z
26,0x000a,5.34975,0x00000000,2025-12-14T15:16:29.551Z,2025-12-14T15:16:29.551Z
25,0x000a,3.87985,0x00000000,2025-12-14T15:16:29.551Z,2025-12-14T15:16:29.551Z
24,0x000a,6.99978,0x00000000,2025-12-14T15:16:29.551Z,2025-12-14T15:16:29.551Z
8,0x0004,14791,0x00000000,2025-12-14T15:16:29.551Z,2025-12-14T15:16:29.551Z
7,0x0004,10727,0x00000000,2025-12-14T15:16:29.551Z,2025-12-14T15:16:29.551Z
6,0x0004,19353,0x00000000,2025-12-14T15:16:29.551Z,2025-12-14T15:16:29.551Z
39,0x000a,2.0978,0x00000000,2025-12-14T15:16:29.650Z,2025-12-14T15:16:29.650Z
38,0x000a,1.50101,0x00000000,2025-12-14T15:16:29.650Z,2025-12-14T15:16:29.650Z
37,0x000a,2.69821,0x00000000,2025-12-14T15:16:29.650Z,2025-12-14T15:16:29.650Z
36,0x000a,2.27292,0x00000000,2025-12-14T15:16:29.650Z,2025-12-14T15:16:29.650Z
35,0x000a,1.63249,0x00000000,2025-12-14T15:16:29.650Z,2025-12-14T15:16:29.650Z
34,0x000a,2.96357,0x00000000,2025-12-14T15:16:29.650Z,2025-12-14T15:16:29.650Z
26,0x000a,5.56966,0x00000000,2025-12-14T15:16:29.650Z,2025-12-14T15:16:29.650Z
25,0x000a,4.03971,0x00000000,2025-12-14T15:16:29.650Z,2025-12-14T15:16:29.650Z
24,0x000a,7.27973,0x00000000,2025-12-14T15:16:29.650Z,2025-12-14T15:16:29.650Z
23,0x000a,2.27292,0x00000000,2025-12-14T15:16:29.650Z,2025-12-14T15:16:29.650Z
22,0x000a,1.63249,0x00000000,2025-12-14T15:16:29.650Z,2025-12-14T15:16:29.650Z
21,0x000a,2.96357,0x00000000,2025-12-14T15:16:29.650Z,2025-12-14T15:16:29.650Z
8,0x0004,15399,0x00000000,2025-12-14T15:16:29.650Z,2025-12-14T15:16:29.650Z
7,0x0004,11169,0x00000000,2025-12-14T15:16:29.650Z,2025-12-14T15:16:29.650Z
6,0x0004,20127,0x00000000,2025-12-14T15:16:29.650Z,2025-12-14T15:16:29.650Z
39,0x000a,2.19907,0x00000000,2025-12-14T15:16:29.750Z,2025-12-14T15:16:29.750Z
38,0x000a,1.59867,0x00000000,2025-12-14T15:16:29.750Z,2025-12-14T15:16:29.750Z
37,0x000a,2.79948,0x00000000,2025-12-14T15:16:29.750Z,2025-12-14T15:16:29.750Z
36,0x000a,2.18536,0x00000000,2025-12-14T15:16:29.750Z,2025-12-14T15:16:29.750Z
35,0x000a,1.56675,0x00000000,2025-12-14T15:16:29.750Z,2025-12-14T15:16:29.750Z
34,0x000a,2.83089,0x00000000,2025-12-14T15:16:29.750Z,2025-12-14T15:16:29.750Z
26,0x000a,5.7798,0x00000000,2025-12-14T15:16:29.750Z,2025-12-14T15:16:29.750Z
25,0x000a,4.18981,0x00000000,2025-12-14T15:16:29.750Z,2025-12-14T15:16:29.750Z
24,0x000a,7.55968,0x00000000,2025-12-14T15:16:29.750Z,2025-12-14T15:16:29.750Z
23,0x000a,2.18536,0x00000000,2025-12-14T15:16:29.750Z,2025-12-14T15:16:29.750Z
22,0x000a,1.56675,0x00000000,2025-12-14T15:16:29.750Z,2025-12-14T15:16:29.750Z
21,0x000a,2.83089,0x00000000,2025-12-14T15:16:29.750Z,2025-12-14T15:16:29.750Z
8,0x0004,15980,0x00000000,2025-12-14T15:16:29.750Z,2025-12-14T15:16:29.750Z
7,0x0004,11584,0x00000000,2025-12-14T15:16:29.750Z,2025-12-14T15:16:29.750Z
6,0x0004,20901,0x00000000,2025-12-14T15:16:29.750Z,2025-12-14T15:16:29.750Z
39,0x000a,2.10142,0x00000000,2025-12-14T15:16:29.851Z,2025-12-14T15:16:29.851Z
38,0x000a,1.50101,0x00000000,2025-12-14T15:16:29.851Z,2025-12-14T15:16:29.851Z
36,0x000a,2.19222,0x00000000,2025-12-14T15:16:29.851Z,2025-12-14T15:16:29.851Z
35,0x000a,1.58271,0x00000000,2025-12-14T15:16:29.851Z,2025-12-14T15:16:29.851Z
34,0x000a,2.81518,0x00000000,2025-12-14T15:16:29.851Z,2025-12-14T15:16:29.851Z
26,0x000a,5.98994,0x00000000,2025-12-14T15:16:29.851Z,2025-12-14T15:16:29.851Z
25,0x000a,4.33992,0x00000000,2025-12-14T15:16:29.851Z,2025-12-14T15:16:29.851Z
24,0x000a,7.82986,0x00000000,2025-12-14T15:16:29.851Z,2025-12-14T15:16:29.851Z
23,0x000a,2.19222,0x00000000,2025-12-14T15:16:29.851Z,2025-12-14T15:16:29.851Z
22,0x000a,1.58271,0x00000000,2025-12-14T15:16:29.851Z,2025-12-14T15:16:29.851Z
21,0x000a,2.81518,0x00000000,2025-12-14T15:16:29.851Z,2025-12-14T15:16:29.851Z
13,0x0001,false,0x00000000,2025-12-14T15:16:29.851Z,2025-12-14T15:16:29.851Z
8,0x0004,16561,0x00000000,2025-12-14T15:16:29.851Z,2025-12-14T15:16:29.851Z
7,0x0004,11999,0x00000000,2025-12-14T15:16:29.851Z,2025-12-14T15:16:29.851Z
6,0x0004,21648,0x00000000,2025-12-14T15:16:29.851Z,2025-12-14T15:16:29.851Z
39,0x000a,2.10142,0x00000000,2025-12-14T15:16:29.950Z,2025-12-14T15:16:29.950Z
38,0x000a,1.50102,0x00000000,2025-12-14T15:16:29.950Z,2025-12-14T15:16:29.950Z
37,0x000a,2.70183,0x00000000,2025-12-14T15:16:29.950Z,2025-12-14T15:16:29.950Z
36,0x000a,2.14682,0x00000000,2025-12-14T15:16:29.950Z,2025-12-14T15:16:29.950Z
35,0x000a,1.54186,0x00000000,2025-12-14T15:16:29.950Z,2025-12-14T15:16:29.950Z
34,0x000a,2.80733,0x00000000,2025-12-14T15:16:29.950Z,2025-12-14T15:16:29.950Z
26,0x000a,6.19973,0x00000000,2025-12-14T15:16:29.950Z,2025-12-14T15:16:29.950Z
25,0x000a,4.49978,0x00000000,2025-12-14T15:16:29.950Z,2025-12-14T15:16:29.950Z
24,0x000a,8.10981,0x00000000,2025-12-14T15:16:29.950Z,2025-12-14T15:16:29.950Z
23,0x000a,2.14682,0x00000000,2025-12-14T15:16:29.950Z,2025-12-14T15:16:29.950Z
22,0x000a,1.54186,0x00000000,2025-12-14T15:16:29.950Z,2025-12-14T15:16:29.950Z
21,0x000a,2.80733,0x00000000,2025-12-14T15:16:29.950Z,2025-12-14T15:16:29.950Z
8,0x0004,17141,0x00000000,2025-12-14T15:16:29.950Z,2025-12-14T15:16:29.950Z
7,0x0004,12441,0x00000000,2025-12-14T15:16:29.950Z,2025-12-14T15:16:29.950Z
6,0x0004,22422,0x00000000,2025-12-14T15:16:29.950Z,2025-12-14T15:16:29.950Z
39,0x000a,4.69835,0x00000000,2025-12-14T15:16:30.051Z,2025-12-14T15:16:30.051Z
38,0x000a,3.39988,0x00000000,2025-12-14T15:16:30.051Z,2025-12-14T15:16:30.051Z
37,0x000a,4.39815,0x00000000,2025-12-14T15:16:30.051Z,2025-12-14T15:16:30.051Z
36,0x000a,2.12412,0x00000000,2025-12-14T15:16:30.051Z,2025-12-14T15:16:30.051Z
35,0x000a,1.52144,0x00000000,2025-12-14T15:16:30.051Z,2025-12-14T15:16:30.051Z
34,0x000a,2.75458,0x00000000,2025-12-14T15:16:30.051Z,2025-12-14T15:16:30.051Z
26,0x000a,6.45978,0x00000000,2025-12-14T15:16:30.051Z,2025-12-14T15:16:30.051Z
25,0x000a,4.6799,0x00000000,2025-12-14T15:16:30.051Z,2025-12-14T15:16:30.051Z
24,0x000a,8.26968,0x00000000,2025-12-14T15:16:30.051Z,2025-12-14T15:16:30.051Z
23,0x000a,2.12412,0x00000000,2025-12-14T15:16:30.051Z,2025-12-14T15:16:30.051Z
22,0x000a,1.52144,0x00000000,2025-12-14T15:16:30.051Z,2025-12-14T15:16:30.051Z
21,0x000a,2.75458,0x00000000,2025-12-14T15:16:30.051Z,2025-12-14T15:16:30.051Z
8,0x0004,17860,0x00000000,2025-12-14T15:16:30.051Z,2025-12-14T15:16:30.051Z
7,0x0004,12939,0x00000000,2025-12-14T15:16:30.051Z,2025-12-14T15:16:30.051Z
6,0x0004,22864,0x00000000,2025-12-14T15:16:30.051Z,2025-12-14T15:16:30.051Z
39,0x000a,2.10142,0x00000000,2025-12-14T15:16:30.152Z,2025-12-14T15:16:30.152Z
38,0x000a,1.4974,0x00000000,2025-12-14T15:16:30.152Z,2025-12-14T15:16:30.152Z
37,0x000a,0,0x00000000,2025-12-14T15:16:30.152Z,2025-12-14T15:16:30.152Z
36,0x000a,3.41124,0x00000000,2025-12-14T15:16:30.152Z,2025-12-14T15:16:30.152Z
35,0x000a,2.46066,0x00000000,2025-12-14T15:16:30.152Z,2025-12-14T15:16:30.152Z
34,0x000a,3.57636,0x00000000,2025-12-14T15:16:30.152Z,2025-12-14T15:16:30.152Z
26,0x000a,6.66992,0x00000000,2025-12-14T15:16:30.152Z,2025-12-14T15:16:30.152Z
25,0x000a,4.82964,0x00000000,2025-12-14T15:16:30.152Z,2025-12-14T15:16:30.152Z
23,0x000a,3.41124,0x00000000,2025-12-14T15:16:30.152Z,2025-12-14T15:16:30.152Z
22,0x000a,2.46066,0x00000000,2025-12-14T15:16:30.152Z,2025-12-14T15:16:30.152Z
21,0x000a,3.57636,0x00000000,2025-12-14T15:16:30.152Z,2025-12-14T15:16:30.152Z
8,0x0004,18441,0x00000000,2025-12-14T15:16:30.152Z,2025-12-14T15:16:30.152Z
7,0x0004,13353,0x00000000,2025-12-14T15:16:30.152Z,2025-12-14T15:16:30.152Z
39,0x000a,2.19907,0x00000000,2025-12-14T15:16:30.250Z,2025-12-14T15:16:30.250Z
38,0x000a,1.60228,0x00000000,2025-12-14T15:16:30.250Z,2025-12-14T15:16:30.250Z
36,0x000a,2.75633,0x00000000,2025-12-14T15:16:30.250Z,2025-12-14T15:16:30.250Z
35,0x000a,1.97903,0x00000000,2025-12-14T15:16:30.250Z,2025-12-14T15:16:30.250Z
34,0x000a,1.78818,0x00000000,2025-12-14T15:16:30.250Z,2025-12-14T15:16:30.250Z
26,0x000a,6.88983,0x00000000,2025-12-14T15:16:30.250Z,2025-12-14T15:16:30.250Z
25,0x000a,4.98987,0x00000000,2025-12-14T15:16:30.250Z,2025-12-14T15:16:30.250Z
23,0x000a,2.75633,0x00000000,2025-12-14T15:16:30.250Z,2025-12-14T15:16:30.250Z
22,0x000a,1.97903,0x00000000,2025-12-14T15:16:30.250Z,2025-12-14T15:16:30.250Z
21,0x000a,1.78818,0x00000000,2025-12-14T15:16:30.250Z,2025-12-14T15:16:30.250Z
8,0x0004,19049,0x00000000,2025-12-14T15:16:30.250Z,2025-12-14T15:16:30.250Z
7,0x0004,13796,0x00000000,2025-12-14T15:16:30.250Z,2025-12-14T15:16:30.250Z
40,0x0001,true,0x00000000,2025-12-14T15:16:30.354Z,2025-12-14T15:16:30.354Z
39,0x000a,2.10142,0x00000000,2025-12-14T15:16:30.452Z,2025-12-14T15:16:30.452Z
38,0x000a,1.50101,0x00000000,2025-12-14T15:16:30.452Z,2025-12-14T15:16:30.452Z
36,0x000a,2.4777,0x00000000,2025-12-14T15:16:30.354Z,2025-12-14T15:16:30.354Z
35,0x000a,1.79066,0x00000000,2025-12-14T15:16:30.354Z,2025-12-14T15:16:30.354Z
34,0x000a,0.894091,0x00000000,2025-12-14T15:16:30.354Z,2025-12-14T15:16:30.354Z
26,0x000a,7.09997,0x00000000,2025-12-14T15:16:30.354Z,2025-12-14T15:16:30.354Z
26,0x000a,7.30975,0x00000000,2025-12-14T15:16:30.452Z,2025-12-14T15:16:30.452Z
25,0x000a,5.13997,0x00000000,2025-12-14T15:16:30.354Z,2025-12-14T15:16:30.354Z
25,0x000a,5.28971,0x00000000,2025-12-14T15:16:30.452Z,2025-12-14T15:16:30.452Z
23,0x000a,2.4777,0x00000000,2025-12-14T15:16:30.354Z,2025-12-14T15:16:30.354Z
22,0x000a,1.79066,0x00000000,2025-12-14T15:16:30.354Z,2025-12-14T15:16:30.354Z
21,0x000a,0.894091,0x00000000,2025-12-14T15:16:30.354Z,2025-12-14T15:16:30.354Z
8,0x0004,19630,0x00000000,2025-12-14T15:16:30.354Z,2025-12-14T15:16:30.354Z
8,0x0004,20210,0x00000000,2025-12-14T15:16:30.452Z,2025-12-14T15:16:30.452Z
7,0x0004,14211,0x00000000,2025-12-14T15:16:30.354Z,2025-12-14T15:16:30.354Z
7,0x0004,14625,0x00000000,2025-12-14T15:16:30.452Z,2025-12-14T15:16:30.452Z
39,0x000a,2.0978,0x00000000,2025-12-14T15:16:30.551Z,2025-12-14T15:16:30.551Z
38,0x000a,1.4974,0x00000000,2025-12-14T15:16:30.551Z,2025-12-14T15:16:30.551Z
36,0x000a,2.28956,0x00000000,2025-12-14T15:16:30.551Z,2025-12-14T15:16:30.551Z
35,0x000a,1.64583,0x00000000,2025-12-14T15:16:30.551Z,2025-12-14T15:16:30.551Z
34,0x000a,0.447046,0x00000000,2025-12-14T15:16:30.551Z,2025-12-14T15:16:30.551Z
26,0x000a,7.52966,0x00000000,2025-12-14T15:16:30.551Z,2025-12-14T15:16:30.551Z
25,0x000a,5.44994,0x00000000,2025-12-14T15:16:30.551Z,2025-12-14T15:16:30.551Z
23,0x000a,2.28956,0x00000000,2025-12-14T15:16:30.551Z,2025-12-14T15:16:30.551Z
22,0x000a,1.64583,0x00000000,2025-12-14T15:16:30.551Z,2025-12-14T15:16:30.551Z
21,0x000a,0.447046,0x00000000,2025-12-14T15:16:30.551Z,2025-12-14T15:16:30.551Z
8,0x0004,20818,0x00000000,2025-12-14T15:16:30.551Z,2025-12-14T15:16:30.551Z
7,0x0004,15068,0x00000000,2025-12-14T15:16:30.551Z,2025-12-14T15:16:30.551Z
39,0x000a,2.19907,0x00000000,2025-12-14T15:16:30.651Z,2025-12-14T15:16:30.651Z
38,0x000a,1.60229,0x00000000,2025-12-14T15:16:30.651Z,2025-12-14T15:16:30.651Z
36,0x000a,2.19368,0x00000000,2025-12-14T15:16:30.651Z,2025-12-14T15:16:30.651Z
35,0x000a,1.57162,0x00000000,2025-12-14T15:16:30.651Z,2025-12-14T15:16:30.651Z
34,0x000a,0.223523,0x00000000,2025-12-14T15:16:30.651Z,2025-12-14T15:16:30.651Z
26,0x000a,7.7398,0x00000000,2025-12-14T15:16:30.651Z,2025-12-14T15:16:30.651Z
25,0x000a,5.59968,0x00000000,2025-12-14T15:16:30.651Z,2025-12-14T15:16:30.651Z
23,0x000a,2.19368,0x00000000,2025-12-14T15:16:30.651Z,2025-12-14T15:16:30.651Z
22,0x000a,1.57162,0x00000000,2025-12-14T15:16:30.651Z,2025-12-14T15:16:30.651Z
21,0x000a,0.223523,0x00000000,2025-12-14T15:16:30.651Z,2025-12-14T15:16:30.651Z
8,0x0004,21399,0x00000000,2025-12-14T15:16:30.651Z,2025-12-14T15:16:30.651Z
7,0x0004,15482,0x00000000,2025-12-14T15:16:30.651Z,2025-12-14T15:16:30.651Z
39,0x000a,2.10142,0x00000000,2025-12-14T15:16:30.749Z,2025-12-14T15:16:30.749Z
38,0x000a,1.49739,0x00000000,2025-12-14T15:16:30.749Z,2025-12-14T15:16:30.749Z
36,0x000a,2.19638,0x00000000,2025-12-14T15:16:30.749Z,2025-12-14T15:16:30.749Z
35,0x000a,1.58695,0x00000000,2025-12-14T15:16:30.749Z,2025-12-14T15:16:30.749Z
34,0x000a,0.111761,0x00000000,2025-12-14T15:16:30.749Z,2025-12-14T15:16:30.749Z
26,0x000a,7.94994,0x00000000,2025-12-14T15:16:30.749Z,2025-12-14T15:16:30.749Z
25,0x000a,5.75991,0x00000000,2025-12-14T15:16:30.749Z,2025-12-14T15:16:30.749Z
23,0x000a,2.19638,0x00000000,2025-12-14T15:16:30.749Z,2025-12-14T15:16:30.749Z
22,0x000a,1.58695,0x00000000,2025-12-14T15:16:30.749Z,2025-12-14T15:16:30.749Z
21,0x000a,0.111761,0x00000000,2025-12-14T15:16:30.749Z,2025-12-14T15:16:30.749Z
8,0x0004,21980,0x00000000,2025-12-14T15:16:30.749Z,2025-12-14T15:16:30.749Z
7,0x0004,15925,0x00000000,2025-12-14T15:16:30.749Z,2025-12-14T15:16:30.749Z
39,0x000a,2.10142,0x00000000,2025-12-14T15:16:30.850Z,2025-12-14T15:16:30.850Z
38,0x000a,1.60229,0x00000000,2025-12-14T15:16:30.850Z,2025-12-14T15:16:30.850Z
36,0x000a,2.1489,0x00000000,2025-12-14T15:16:30.850Z,2025-12-14T15:16:30.850Z
35,0x000a,1.54217,0x00000000,2025-12-14T15:16:30.850Z,2025-12-14T15:16:30.850Z
34,0x000a,0.0558807,0x00000000,2025-12-14T15:16:30.850Z,2025-12-14T15:16:30.850Z
26,0x000a,8.21,0x00000000,2025-12-14T15:16:30.850Z,2025-12-14T15:16:30.850Z
25,0x000a,5.93967,0x00000000,2025-12-14T15:16:30.850Z,2025-12-14T15:16:30.850Z
23,0x000a,2.1489,0x00000000,2025-12-14T15:16:30.850Z,2025-12-14T15:16:30.850Z
22,0x000a,1.54217,0x00000000,2025-12-14T15:16:30.850Z,2025-12-14T15:16:30.850Z
21,0x000a,0.0558807,0x00000000,2025-12-14T15:16:30.850Z,2025-12-14T15:16:30.850Z
8,0x0004,22699,0x00000000,2025-12-14T15:16:30.850Z,2025-12-14T15:16:30.850Z
7,0x0004,16422,0x00000000,2025-12-14T15:16:30.850Z,2025-12-14T15:16:30.850Z
39,0x000a,2.60055,0x00000000,2025-12-14T15:16:30.949Z,2025-12-14T15:16:30.949Z
38,0x000a,1.7976,0x00000000,2025-12-14T15:16:30.949Z,2025-12-14T15:16:30.949Z
36,0x000a,2.12516,0x00000000,2025-12-14T15:16:30.949Z,2025-12-14T15:16:30.949Z
35,0x000a,1.57223,0x00000000,2025-12-14T15:16:30.949Z,2025-12-14T15:16:30.949Z
34,0x000a,0.0279403,0x00000000,2025-12-14T15:16:30.949Z,2025-12-14T15:16:30.949Z
26,0x000a,8.41978,0x00000000,2025-12-14T15:16:30.949Z,2025-12-14T15:16:30.949Z
25,0x000a,6.08977,0x00000000,2025-12-14T15:16:30.949Z,2025-12-14T15:16:30.949Z
23,0x000a,2.12516,0x00000000,2025-12-14T15:16:30.949Z,2025-12-14T15:16:30.949Z
22,0x000a,1.57223,0x00000000,2025-12-14T15:16:30.949Z,2025-12-14T15:16:30.949Z
21,0x000a,0.0279403,0x00000000,2025-12-14T15:16:30.949Z,2025-12-14T15:16:30.949Z
8,0x0004,23279,0x00000000,2025-12-14T15:16:30.949Z,2025-12-14T15:16:30.949Z
7,0x0004,16837,0x00000000,2025-12-14T15:16:30.949Z,2025-12-14T15:16:30.949Z
39,0x000a,2.0978,0x00000000,2025-12-14T15:16:31.052Z,2025-12-14T15:16:31.052Z
38,0x000a,1.50101,0x00000000,2025-12-14T15:16:31.052Z,2025-12-14T15:16:31.052Z
36,0x000a,2.36285,0x00000000,2025-12-14T15:16:31.052Z,2025-12-14T15:16:31.052Z
35,0x000a,1.68491,0x00000000,2025-12-14T15:16:31.052Z,2025-12-14T15:16:31.052Z
34,0x000a,0.0139702,0x00000000,2025-12-14T15:16:31.052Z,2025-12-14T15:16:31.052Z
26,0x000a,8.62992,0x00000000,2025-12-14T15:16:31.052Z,2025-12-14T15:16:31.052Z
25,0x000a,6.25,0x00000000,2025-12-14T15:16:31.052Z,2025-12-14T15:16:31.052Z
23,0x000a,2.36285,0x00000000,2025-12-14T15:16:31.052Z,2025-12-14T15:16:31.052Z
22,0x000a,1.68491,0x00000000,2025-12-14T15:16:31.052Z,2025-12-14T15:16:31.052Z
21,0x000a,0.0139702,0x00000000,2025-12-14T15:16:31.052Z,2025-12-14T15:16:31.052Z
8,0x0004,23860,0x00000000,2025-12-14T15:16:31.052Z,2025-12-14T15:16:31.052Z
7,0x0004,17280,0x00000000,2025-12-14T15:16:31.052Z,2025-12-14T15:16:31.052Z
36,0x000a,2.23033,0x00000000,2025-12-14T15:16:31.151Z,2025-12-14T15:16:31.151Z
35,0x000a,1.59296,0x00000000,2025-12-14T15:16:31.151Z,2025-12-14T15:16:31.151Z
34,0x000a,0.00698509,0x00000000,2025-12-14T15:16:31.151Z,2025-12-14T15:16:31.151Z
23,0x000a,2.23033,0x00000000,2025-12-14T15:16:31.151Z,2025-12-14T15:16:31.151Z
22,0x000a,1.59296,0x00000000,2025-12-14T15:16:31.151Z,2025-12-14T15:16:31.151Z
21,0x000a,0.00698509,0x00000000,2025-12-14T15:16:31.151Z,2025-12-14T15:16:31.151Z
39,0x000a,4.30049,0x00000000,2025-12-14T15:16:31.252Z,2025-12-14T15:16:31.252Z
38,0x000a,3.09968,0x00000000,2025-12-14T15:16:31.252Z,2025-12-14T15:16:31.252Z
26,0x000a,8.84983,0x00000000,2025-12-14T15:16:31.252Z,2025-12-14T15:16:31.252Z
25,0x000a,6.39974,0x00000000,2025-12-14T15:16:31.252Z,2025-12-14T15:16:31.252Z
8,0x0004,24468,0x00000000,2025-12-14T15:16:31.252Z,2025-12-14T15:16:31.252Z
7,0x0004,17694,0x00000000,2025-12-14T15:16:31.252Z,2025-12-14T15:16:31.252Z
39,0x000a,2.10142,0x00000000,2025-12-14T15:16:31.352Z,2025-12-14T15:16:31.352Z
38,0x000a,1.50102,0x00000000,2025-12-14T15:16:31.352Z,2025-12-14T15:16:31.352Z
36,0x000a,3.26541,0x00000000,2025-12-14T15:16:31.352Z,2025-12-14T15:16:31.352Z
35,0x000a,2.34632,0x00000000,2025-12-14T15:16:31.352Z,2025-12-14T15:16:31.352Z
34,0x000a,0.00349254,0x00000000,2025-12-14T15:16:31.352Z,2025-12-14T15:16:31.352Z
26,0x000a,9.05997,0x00000000,2025-12-14T15:16:31.352Z,2025-12-14T15:16:31.352Z
25,0x000a,6.54984,0x00000000,2025-12-14T15:16:31.352Z,2025-12-14T15:16:31.352Z
23,0x000a,3.26541,0x00000000,2025-12-14T15:16:31.352Z,2025-12-14T15:16:31.352Z
22,0x000a,2.34632,0x00000000,2025-12-14T15:16:31.352Z,2025-12-14T15:16:31.352Z
21,0x000a,0.00349254,0x00000000,2025-12-14T15:16:31.352Z,2025-12-14T15:16:31.352Z
8,0x0004,25049,0x00000000,2025-12-14T15:16:31.352Z,2025-12-14T15:16:31.352Z
7,0x0004,18109,0x00000000,2025-12-14T15:16:31.352Z,2025-12-14T15:16:31.352Z
39,0x000a,2.0978,0x00000000,2025-12-14T15:16:31.452Z,2025-12-14T15:16:31.452Z
38,0x000a,1.59867,0x00000000,2025-12-14T15:16:31.452Z,2025-12-14T15:16:31.452Z
36,0x000a,2.68341,0x00000000,2025-12-14T15:16:31.452Z,2025-12-14T15:16:31.452Z
35,0x000a,1.92367,0x00000000,2025-12-14T15:16:31.452Z,2025-12-14T15:16:31.452Z
34,0x000a,0.00174627,0x00000000,2025-12-14T15:16:31.452Z,2025-12-14T15:16:31.452Z
26,0x000a,9.26975,0x00000000,2025-12-14T15:16:31.452Z,2025-12-14T15:16:31.452Z
25,0x000a,6.70971,0x00000000,2025-12-14T15:16:31.452Z,2025-12-14T15:16:31.452Z
23,0x000a,2.68341,0x00000000,2025-12-14T15:16:31.452Z,2025-12-14T15:16:31.452Z
22,0x000a,1.92367,0x00000000,2025-12-14T15:16:31.452Z,2025-12-14T15:16:31.452Z
21,0x000a,0.00174627,0x00000000,2025-12-14T15:16:31.452Z,2025-12-14T15:16:31.452Z
8,0x0004,25629,0x00000000,2025-12-14T15:16:31.452Z,2025-12-14T15:16:31.452Z
7,0x0004,18551,0x00000000,2025-12-14T15:16:31.452Z,2025-12-14T15:16:31.452Z
39,0x000a,2.60056,0x00000000,2025-12-14T15:16:31.553Z,2025-12-14T15:16:31.553Z
38,0x000a,1.80121,0x00000000,2025-12-14T15:16:31.553Z,2025-12-14T15:16:31.553Z
36,0x000a,2.39061,0x00000000,2025-12-14T15:16:31.553Z,2025-12-14T15:16:31.553Z
35,0x000a,1.76117,0x00000000,2025-12-14T15:16:31.553Z,2025-12-14T15:16:31.553Z
34,0x000a,0.000873136,0x00000000,2025-12-14T15:16:31.553Z,2025-12-14T15:16:31.553Z
26,0x000a,9.5298,0x00000000,2025-12-14T15:16:31.553Z,2025-12-14T15:16:31.553Z
25,0x000a,6.88983,0x00000000,2025-12-14T15:16:31.553Z,2025-12-14T15:16:31.553Z
23,0x000a,2.39061,0x00000000,2025-12-14T15:16:31.553Z,2025-12-14T15:16:31.553Z
22,0x000a,1.76117,0x00000000,2025-12-14T15:16:31.553Z,2025-12-14T15:16:31.553Z
21,0x000a,0.000873136,0x00000000,2025-12-14T15:16:31.553Z,2025-12-14T15:16:31.553Z
8,0x0004,26348,0x00000000,2025-12-14T15:16:31.553Z,2025-12-14T15:16:31.553Z
7,0x0004,19049,0x00000000,2025-12-14T15:16:31.553Z,2025-12-14T15:16:31.553Z
39,0x000a,2.10141,0x00000000,2025-12-14T15:16:31.652Z,2025-12-14T15:16:31.652Z
38,0x000a,1.50101,0x00000000,2025-12-14T15:16:31.652Z,2025-12-14T15:16:31.652Z
36,0x000a,2.49558,0x00000000,2025-12-14T15:16:31.652Z,2025-12-14T15:16:31.652Z
35,0x000a,1.78119,0x00000000,2025-12-14T15:16:31.652Z,2025-12-14T15:16:31.652Z
34,0x000a,0.000436568,0x00000000,2025-12-14T15:16:31.652Z,2025-12-14T15:16:31.652Z
26,0x000a,9.73994,0x00000000,2025-12-14T15:16:31.652Z,2025-12-14T15:16:31.652Z
25,0x000a,7.03993,0x00000000,2025-12-14T15:16:31.652Z,2025-12-14T15:16:31.652Z
23,0x000a,2.49558,0x00000000,2025-12-14T15:16:31.652Z,2025-12-14T15:16:31.652Z
22,0x000a,1.78119,0x00000000,2025-12-14T15:16:31.652Z,2025-12-14T15:16:31.652Z
21,0x000a,0.000436568,0x00000000,2025-12-14T15:16:31.652Z,2025-12-14T15:16:31.652Z
17,0x0001,false,0x00000000,2025-12-14T15:16:31.652Z,2025-12-14T15:16:31.652Z
8,0x0004,26929,0x00000000,2025-12-14T15:16:31.652Z,2025-12-14T15:16:31.652Z
7,0x0004,19464,0x00000000,2025-12-14T15:16:31.652Z,2025-12-14T15:16:31.652Z
39,0x000a,2.19908,0x00000000,2025-12-14T15:16:31.750Z,2025-12-14T15:16:31.750Z
38,0x000a,1.59867,0x00000000,2025-12-14T15:16:31.750Z,2025-12-14T15:16:31.750Z
36,0x000a,2.2985,0x00000000,2025-12-14T15:16:31.750Z,2025-12-14T15:16:31.750Z
35,0x000a,1.6411,0x00000000,2025-12-14T15:16:31.750Z,2025-12-14T15:16:31.750Z
34,0x000a,0.000218284,0x00000000,2025-12-14T15:16:31.750Z,2025-12-14T15:16:31.750Z
26,0x000a,9.95985,0x00000000,2025-12-14T15:16:31.750Z,2025-12-14T15:16:31.750Z
25,0x000a,7.1998,0x00000000,2025-12-14T15:16:31.750Z,2025-12-14T15:16:31.750Z
23,0x000a,2.2985,0x00000000,2025-12-14T15:16:31.750Z,2025-12-14T15:16:31.750Z
22,0x000a,1.6411,0x00000000,2025-12-14T15:16:31.750Z,2025-12-14T15:16:31.750Z
21,0x000a,0.000218284,0x00000000,2025-12-14T15:16:31.750Z,2025-12-14T15:16:31.750Z
8,0x0004,27537,0x00000000,2025-12-14T15:16:31.750Z,2025-12-14T15:16:31.750Z
7,0x0004,19906,0x00000000,2025-12-14T15:16:31.750Z,2025-12-14T15:16:31.750Z
39,0x000a,0.401478,0x00000000,2025-12-14T15:16:31.850Z,2025-12-14T15:16:31.850Z
38,0x000a,1.50102,0x00000000,2025-12-14T15:16:31.850Z,2025-12-14T15:16:31.850Z
36,0x000a,2.24879,0x00000000,2025-12-14T15:16:31.850Z,2025-12-14T15:16:31.850Z
36,0x000a,1.32513,0x00000000,2025-12-14T15:16:31.953Z,2025-12-14T15:16:31.953Z
35,0x000a,1.61988,0x00000000,2025-12-14T15:16:31.850Z,2025-12-14T15:16:31.850Z
35,0x000a,1.56045,0x00000000,2025-12-14T15:16:31.953Z,2025-12-14T15:16:31.953Z
34,0x000a,0.000109142,0x00000000,2025-12-14T15:16:31.850Z,2025-12-14T15:16:31.850Z
34,0x000a,5.4571e-05,0x00000000,2025-12-14T15:16:31.953Z,2025-12-14T15:16:31.953Z
26,0x000a,10,0x00000000,2025-12-14T15:16:31.850Z,2025-12-14T15:16:31.850Z
25,0x000a,7.3499,0x00000000,2025-12-14T15:16:31.850Z,2025-12-14T15:16:31.850Z
25,0x000a,7.5,0x00000000,2025-12-14T15:16:31.953Z,2025-12-14T15:16:31.953Z
23,0x000a,2.24879,0x00000000,2025-12-14T15:16:31.850Z,2025-12-14T15:16:31.850Z
23,0x000a,1.32513,0x00000000,2025-12-14T15:16:31.953Z,2025-12-14T15:16:31.953Z
22,0x000a,1.61988,0x00000000,2025-12-14T15:16:31.850Z,2025-12-14T15:16:31.850Z
22,0x000a,1.56045,0x00000000,2025-12-14T15:16:31.953Z,2025-12-14T15:16:31.953Z
21,0x000a,0.000109142,0x00000000,2025-12-14T15:16:31.850Z,2025-12-14T15:16:31.850Z
21,0x000a,5.4571e-05,0x00000000,2025-12-14T15:16:31.953Z,2025-12-14T15:16:31.953Z
8,0x0004,27648,0x00000000,2025-12-14T15:16:31.850Z,2025-12-14T15:16:31.850Z
7,0x0004,20321,0x00000000,2025-12-14T15:16:31.850Z,2025-12-14T15:16:31.850Z
7,0x0004,20736,0x00000000,2025-12-14T15:16:31.953Z,2025-12-14T15:16:31.953Z
39,0x000a,0,0x00000000,2025-12-14T15:16:32.050Z,2025-12-14T15:16:32.050Z
38,0x000a,1.50101,0x00000000,2025-12-14T15:16:32.050Z,2025-12-14T15:16:32.050Z
25,0x000a,7.68989,0x00000000,2025-12-14T15:16:32.050Z,2025-12-14T15:16:32.050Z
7,0x0004,21261,0x00000000,2025-12-14T15:16:32.050Z,2025-12-14T15:16:32.050Z
42,0x0001,true,0x00000000,2025-12-14T15:16:32.152Z,2025-12-14T15:16:32.152Z
38,0x000a,1.89887,0x00000000,2025-12-14T15:16:32.152Z,2025-12-14T15:16:32.152Z
36,0x000a,0.662566,0x00000000,2025-12-14T15:16:32.152Z,2025-12-14T15:16:32.152Z
35,0x000a,1.53073,0x00000000,2025-12-14T15:16:32.152Z,2025-12-14T15:16:32.152Z
34,0x000a,2.72855e-05,0x00000000,2025-12-14T15:16:32.152Z,2025-12-14T15:16:32.152Z
25,0x000a,7.83999,0x00000000,2025-12-14T15:16:32.152Z,2025-12-14T15:16:32.152Z
23,0x000a,0.662566,0x00000000,2025-12-14T15:16:32.152Z,2025-12-14T15:16:32.152Z
22,0x000a,1.53073,0x00000000,2025-12-14T15:16:32.152Z,2025-12-14T15:16:32.152Z
21,0x000a,2.72855e-05,0x00000000,2025-12-14T15:16:32.152Z,2025-12-14T15:16:32.152Z
7,0x0004,21676,0x00000000,2025-12-14T15:16:32.152Z,2025-12-14T15:16:32.152Z
38,0x000a,1.50101,0x00000000,2025-12-14T15:16:32.252Z,2025-12-14T15:16:32.252Z
36,0x000a,0.331283,0x00000000,2025-12-14T15:16:32.252Z,2025-12-14T15:16:32.252Z
35,0x000a,1.7148,0x00000000,2025-12-14T15:16:32.252Z,2025-12-14T15:16:32.252Z
34,0x000a,1.36427e-05,0x00000000,2025-12-14T15:16:32.252Z,2025-12-14T15:16:32.252Z
25,0x000a,7.98973,0x00000000,2025-12-14T15:16:32.252Z,2025-12-14T15:16:32.252Z
23,0x000a,0.331283,0x00000000,2025-12-14T15:16:32.252Z,2025-12-14T15:16:32.252Z
22,0x000a,1.7148,0x00000000,2025-12-14T15:16:32.252Z,2025-12-14T15:16:32.252Z
21,0x000a,1.36427e-05,0x00000000,2025-12-14T15:16:32.252Z,2025-12-14T15:16:32.252Z
7,0x0004,22090,0x00000000,2025-12-14T15:16:32.252Z,2025-12-14T15:16:32.252Z
38,0x000a,3.09968,0x00000000,2025-12-14T15:16:32.352Z,2025-12-14T15:16:32.352Z
36,0x000a,0.165642,0x00000000,2025-12-14T15:16:32.352Z,2025-12-14T15:16:32.352Z
35,0x000a,1.60791,0x00000000,2025-12-14T15:16:32.352Z,2025-12-14T15:16:32.352Z
34,0x000a,6.82137e-06,0x00000000,2025-12-14T15:16:32.352Z,2025-12-14T15:16:32.352Z
25,0x000a,8.14996,0x00000000,2025-12-14T15:16:32.352Z,2025-12-14T15:16:32.352Z
23,0x000a,0.165642,0x00000000,2025-12-14T15:16:32.352Z,2025-12-14T15:16:32.352Z
22,0x000a,1.60791,0x00000000,2025-12-14T15:16:32.352Z,2025-12-14T15:16:32.352Z
21,0x000a,6.82137e-06,0x00000000,2025-12-14T15:16:32.352Z,2025-12-14T15:16:32.352Z
7,0x0004,22533,0x00000000,2025-12-14T15:16:32.352Z,2025-12-14T15:16:32.352Z
38,0x000a,1.49739,0x00000000,2025-12-14T15:16:32.451Z,2025-12-14T15:16:32.451Z
36,0x000a,0.0828208,0x00000000,2025-12-14T15:16:32.451Z,2025-12-14T15:16:32.451Z
35,0x000a,2.3538,0x00000000,2025-12-14T15:16:32.451Z,2025-12-14T15:16:32.451Z
34,0x000a,3.41069e-06,0x00000000,2025-12-14T15:16:32.451Z,2025-12-14T15:16:32.451Z
25,0x000a,8.2997,0x00000000,2025-12-14T15:16:32.451Z,2025-12-14T15:16:32.451Z
23,0x000a,0.0828208,0x00000000,2025-12-14T15:16:32.451Z,2025-12-14T15:16:32.451Z
22,0x000a,2.3538,0x00000000,2025-12-14T15:16:32.451Z,2025-12-14T15:16:32.451Z
21,0x000a,3.41069e-06,0x00000000,2025-12-14T15:16:32.451Z,2025-12-14T15:16:32.451Z
7,0x0004,22947,0x00000000,2025-12-14T15:16:32.451Z,2025-12-14T15:16:32.451Z
38,0x000a,1.50102,0x00000000,2025-12-14T15:16:32.551Z,2025-12-14T15:16:32.551Z
36,0x000a,0.0414104,0x00000000,2025-12-14T15:16:32.551Z,2025-12-14T15:16:32.551Z
35,0x000a,1.92559,0x00000000,2025-12-14T15:16:32.551Z,2025-12-14T15:16:32.551Z
34,0x000a,1.70534e-06,0x00000000,2025-12-14T15:16:32.551Z,2025-12-14T15:16:32.551Z
25,0x000a,8.4498,0x00000000,2025-12-14T15:16:32.551Z,2025-12-14T15:16:32.551Z
23,0x000a,0.0414104,0x00000000,2025-12-14T15:16:32.551Z,2025-12-14T15:16:32.551Z
22,0x000a,1.92559,0x00000000,2025-12-14T15:16:32.551Z,2025-12-14T15:16:32.551Z
21,0x000a,1.70534e-06,0x00000000,2025-12-14T15:16:32.551Z,2025-12-14T15:16:32.551Z
7,0x0004,23362,0x00000000,2025-12-14T15:16:32.551Z,2025-12-14T15:16:32.551Z
38,0x000a,1.59866,0x00000000,2025-12-14T15:16:32.650Z,2025-12-14T15:16:32.650Z
36,0x000a,0.0207052,0x00000000,2025-12-14T15:16:32.650Z,2025-12-14T15:16:32.650Z
35,0x000a,1.71331,0x00000000,2025-12-14T15:16:32.650Z,2025-12-14T15:16:32.650Z
34,0x000a,8.52672e-07,0x00000000,2025-12-14T15:16:32.650Z,2025-12-14T15:16:32.650Z
25,0x000a,8.60966,0x00000000,2025-12-14T15:16:32.650Z,2025-12-14T15:16:32.650Z
23,0x000a,0.0207052,0x00000000,2025-12-14T15:16:32.650Z,2025-12-14T15:16:32.650Z
22,0x000a,1.71331,0x00000000,2025-12-14T15:16:32.650Z,2025-12-14T15:16:32.650Z
21,0x000a,8.52672e-07,0x00000000,2025-12-14T15:16:32.650Z,2025-12-14T15:16:32.650Z
7,0x0004,23804,0x00000000,2025-12-14T15:16:32.650Z,2025-12-14T15:16:32.650Z
38,0x000a,1.50102,0x00000000,2025-12-14T15:16:32.752Z,2025-12-14T15:16:32.752Z
36,0x000a,0.0103526,0x00000000,2025-12-14T15:16:32.752Z,2025-12-14T15:16:32.752Z
35,0x000a,1.65598,0x00000000,2025-12-14T15:16:32.752Z,2025-12-14T15:16:32.752Z
34,0x000a,4.26336e-07,0x00000000,2025-12-14T15:16:32.752Z,2025-12-14T15:16:32.752Z
25,0x000a,8.75977,0x00000000,2025-12-14T15:16:32.752Z,2025-12-14T15:16:32.752Z
23,0x000a,0.0103526,0x00000000,2025-12-14T15:16:32.752Z,2025-12-14T15:16:32.752Z
22,0x000a,1.65598,0x00000000,2025-12-14T15:16:32.752Z,2025-12-14T15:16:32.752Z
21,0x000a,4.26336e-07,0x00000000,2025-12-14T15:16:32.752Z,2025-12-14T15:16:32.752Z
15,0x0001,false,0x00000000,2025-12-14T15:16:32.752Z,2025-12-14T15:16:32.752Z
7,0x0004,24219,0x00000000,2025-12-14T15:16:32.752Z,2025-12-14T15:16:32.752Z
38,0x000a,1.50101,0x00000000,2025-12-14T15:16:32.853Z,2025-12-14T15:16:32.853Z
36,0x000a,0.0051763,0x00000000,2025-12-14T15:16:32.853Z,2025-12-14T15:16:32.853Z
35,0x000a,1.5785,0x00000000,2025-12-14T15:16:32.853Z,2025-12-14T15:16:32.853Z
34,0x000a,2.13168e-07,0x00000000,2025-12-14T15:16:32.853Z,2025-12-14T15:16:32.853Z
25,0x000a,8.90987,0x00000000,2025-12-14T15:16:32.853Z,2025-12-14T15:16:32.853Z
23,0x000a,0.0051763,0x00000000,2025-12-14T15:16:32.853Z,2025-12-14T15:16:32.853Z
22,0x000a,1.5785,0x00000000,2025-12-14T15:16:32.853Z,2025-12-14T15:16:32.853Z
21,0x000a,2.13168e-07,0x00000000,2025-12-14T15:16:32.853Z,2025-12-14T15:16:32.853Z
7,0x0004,24634,0x00000000,2025-12-14T15:16:32.853Z,2025-12-14T15:16:32.853Z
25,0x000a,9.00969,0x00000000,2025-12-14T15:16:32.949Z,2025-12-14T15:16:32.949Z
7,0x0004,24910,0x00000000,2025-12-14T15:16:32.949Z,2025-12-14T15:16:32.949Z
38,0x000a,0.998268,0x00000000,2025-12-14T15:16:33.049Z,2025-12-14T15:16:33.049Z
36,0x000a,0.00258815,0x00000000,2025-12-14T15:16:33.049Z,2025-12-14T15:16:33.049Z
35,0x000a,1.53975,0x00000000,2025-12-14T15:16:33.049Z,2025-12-14T15:16:33.049Z
34,0x000a,1.06584e-07,0x00000000,2025-12-14T15:16:33.049Z,2025-12-14T15:16:33.049Z
23,0x000a,0.00258815,0x00000000,2025-12-14T15:16:33.049Z,2025-12-14T15:16:33.049Z
22,0x000a,1.53975,0x00000000,2025-12-14T15:16:33.049Z,2025-12-14T15:16:33.049Z
21,0x000a,1.06584e-07,0x00000000,2025-12-14T15:16:33.049Z,2025-12-14T15:16:33.049Z
38,0x000a,0,0x00000000,2025-12-14T15:16:33.152Z,2025-12-14T15:16:33.152Z
36,0x000a,0.00129407,0x00000000,2025-12-14T15:16:33.152Z,2025-12-14T15:16:33.152Z
35,0x000a,1.26901,0x00000000,2025-12-14T15:16:33.152Z,2025-12-14T15:16:33.152Z
34,0x000a,5.3292e-08,0x00000000,2025-12-14T15:16:33.152Z,2025-12-14T15:16:33.152Z
23,0x000a,0.00129407,0x00000000,2025-12-14T15:16:33.152Z,2025-12-14T15:16:33.152Z
22,0x000a,1.26901,0x00000000,2025-12-14T15:16:33.152Z,2025-12-14T15:16:33.152Z
21,0x000a,5.3292e-08,0x00000000,2025-12-14T15:16:33.152Z,2025-12-14T15:16:33.152Z
42,0x0001,false,0x00000000,2025-12-14T15:16:33.252Z,2025-12-14T15:16:33.252Z
40,0x0001,false,0x00000000,2025-12-14T15:16:33.252Z,2025-12-14T15:16:33.252Z
36,0x000a,0.000647037,0x00000000,2025-12-14T15:16:33.252Z,2025-12-14T15:16:33.252Z
35,0x000a,0.634506,0x00000000,2025-12-14T15:16:33.252Z,2025-12-14T15:16:33.252Z
34,0x000a,2.6646e-08,0x00000000,2025-12-14T15:16:33.252Z,2025-12-14T15:16:33.252Z
23,0x000a,0.000647037,0x00000000,2025-12-14T15:16:33.252Z,2025-12-14T15:16:33.252Z
22,0x000a,0.634506,0x00000000,2025-12-14T15:16:33.252Z,2025-12-14T15:16:33.252Z
21,0x000a,2.6646e-08,0x00000000,2025-12-14T15:16:33.252Z,2025-12-14T15:16:33.252Z
18,0x0001,true,0x00000000,2025-12-14T15:16:33.252Z,2025-12-14T15:16:33.252Z
16,0x0001,true,0x00000000,2025-12-14T15:16:33.252Z,2025-12-14T15:16:33.252Z
14,0x0001,true,0x00000000,2025-12-14T15:16:33.252Z,2025-12-14T15:16:33.252Z
4,0x000a,5,0x00000000,2025-12-14T15:16:33.252Z,2025-12-14T15:16:33.252Z
3,0x000a,5,0x00000000,2025-12-14T15:16:33.252Z,2025-12-14T15:16:33.252Z
2,0x000a,5,0x00000000,2025-12-14T15:16:33.252Z,2025-12-14T15:16:33.252Z
36,0x000a,0.000323519,0x00000000,2025-12-14T15:16:33.351Z,2025-12-14T15:16:33.351Z
35,0x000a,0.317253,0x00000000,2025-12-14T15:16:33.351Z,2025-12-14T15:16:33.351Z
34,0x000a,1.3323e-08,0x00000000,2025-12-14T15:16:33.351Z,2025-12-14T15:16:33.351Z
23,0x000a,0.000323519,0x00000000,2025-12-14T15:16:33.351Z,2025-12-14T15:16:33.351Z
22,0x000a,0.317253,0x00000000,2025-12-14T15:16:33.351Z,2025-12-14T15:16:33.351Z
21,0x000a,1.3323e-08,0x00000000,2025-12-14T15:16:33.351Z,2025-12-14T15:16:33.351Z
38,0x000a,-0.600405,0x00000000,2025-12-14T15:16:33.452Z,2025-12-14T15:16:33.452Z
37,0x000a,-1.09954,0x00000000,2025-12-14T15:16:33.452Z,2025-12-14T15:16:33.452Z
36,0x000a,0.000161759,0x00000000,2025-12-14T15:16:33.452Z,2025-12-14T15:16:33.452Z
35,0x000a,0.158626,0x00000000,2025-12-14T15:16:33.452Z,2025-12-14T15:16:33.452Z
34,0x000a,6.6615e-09,0x00000000,2025-12-14T15:16:33.452Z,2025-12-14T15:16:33.452Z
25,0x000a,8.94965,0x00000000,2025-12-14T15:16:33.452Z,2025-12-14T15:16:33.452Z
24,0x000a,8.15972,0x00000000,2025-12-14T15:16:33.452Z,2025-12-14T15:16:33.452Z
23,0x000a,0.000161759,0x00000000,2025-12-14T15:16:33.452Z,2025-12-14T15:16:33.452Z
22,0x000a,0.158626,0x00000000,2025-12-14T15:16:33.452Z,2025-12-14T15:16:33.452Z
21,0x000a,6.6615e-09,0x00000000,2025-12-14T15:16:33.452Z,2025-12-14T15:16:33.452Z
7,0x0004,24744,0x00000000,2025-12-14T15:16:33.452Z,2025-12-14T15:16:33.452Z
6,0x0004,22560,0x00000000,2025-12-14T15:16:33.452Z,2025-12-14T15:16:33.452Z
39,0x000a,-2.00015,0x00000000,2025-12-14T15:16:33.552Z,2025-12-14T15:16:33.552Z
38,0x000a,-1.59867,0x00000000,2025-12-14T15:16:33.552Z,2025-12-14T15:16:33.552Z
37,0x000a,-2.69821,0x00000000,2025-12-14T15:16:33.552Z,2025-12-14T15:16:33.552Z
36,0x000a,8.08797e-05,0x00000000,2025-12-14T15:16:33.552Z,2025-12-14T15:16:33.552Z
35,0x000a,-0.220889,0x00000000,2025-12-14T15:16:33.552Z,2025-12-14T15:16:33.552Z
34,0x000a,-0.549769,0x00000000,2025-12-14T15:16:33.552Z,2025-12-14T15:16:33.552Z
26,0x000a,9.79998,0x00000000,2025-12-14T15:16:33.552Z,2025-12-14T15:16:33.552Z
25,0x000a,8.78979,0x00000000,2025-12-14T15:16:33.552Z,2025-12-14T15:16:33.552Z
24,0x000a,7.8899,0x00000000,2025-12-14T15:16:33.552Z,2025-12-14T15:16:33.552Z
23,0x000a,8.08797e-05,0x00000000,2025-12-14T15:16:33.552Z,2025-12-14T15:16:33.552Z
22,0x000a,-0.220889,0x00000000,2025-12-14T15:16:33.552Z,2025-12-14T15:16:33.552Z
21,0x000a,-0.549769,0x00000000,2025-12-14T15:16:33.552Z,2025-12-14T15:16:33.552Z
8,0x0004,27095,0x00000000,2025-12-14T15:16:33.552Z,2025-12-14T15:16:33.552Z
7,0x0004,24302,0x00000000,2025-12-14T15:16:33.552Z,2025-12-14T15:16:33.552Z
6,0x0004,21814,0x00000000,2025-12-14T15:16:33.552Z,2025-12-14T15:16:33.552Z
39,0x000a,-2.20268,0x00000000,2025-12-14T15:16:33.652Z,2025-12-14T15:16:33.652Z
38,0x000a,-1.50101,0x00000000,2025-12-14T15:16:33.652Z,2025-12-14T15:16:33.652Z
37,0x000a,-2.79948,0x00000000,2025-12-14T15:16:33.652Z,2025-12-14T15:16:33.652Z
36,0x000a,-1.00003,0x00000000,2025-12-14T15:16:33.652Z,2025-12-14T15:16:33.652Z
35,0x000a,-0.909781,0x00000000,2025-12-14T15:16:33.652Z,2025-12-14T15:16:33.652Z
34,0x000a,-1.62399,0x00000000,2025-12-14T15:16:33.652Z,2025-12-14T15:16:33.652Z
26,0x000a,9.57972,0x00000000,2025-12-14T15:16:33.652Z,2025-12-14T15:16:33.652Z
25,0x000a,8.63968,0x00000000,2025-12-14T15:16:33.652Z,2025-12-14T15:16:33.652Z
24,0x000a,7.60995,0x00000000,2025-12-14T15:16:33.652Z,2025-12-14T15:16:33.652Z
23,0x000a,-1.00003,0x00000000,2025-12-14T15:16:33.652Z,2025-12-14T15:16:33.652Z
22,0x000a,-0.909781,0x00000000,2025-12-14T15:16:33.652Z,2025-12-14T15:16:33.652Z
21,0x000a,-1.62399,0x00000000,2025-12-14T15:16:33.652Z,2025-12-14T15:16:33.652Z
8,0x0004,26486,0x00000000,2025-12-14T15:16:33.652Z,2025-12-14T15:16:33.652Z
7,0x0004,23887,0x00000000,2025-12-14T15:16:33.652Z,2025-12-14T15:16:33.652Z
6,0x0004,21040,0x00000000,2025-12-14T15:16:33.652Z,2025-12-14T15:16:33.652Z
36,0x000a,-1.60136,0x00000000,2025-12-14T15:16:33.750Z,2025-12-14T15:16:33.750Z
35,0x000a,-1.20539,0x00000000,2025-12-14T15:16:33.750Z,2025-12-14T15:16:33.750Z
34,0x000a,-2.21174,0x00000000,2025-12-14T15:16:33.750Z,2025-12-14T15:16:33.750Z
26,0x000a,9.36994,0x00000000,2025-12-14T15:16:33.750Z,2025-12-14T15:16:33.750Z
25,0x000a,8.48994,0x00000000,2025-12-14T15:16:33.750Z,2025-12-14T15:16:33.750Z
24,0x000a,7.32964,0x00000000,2025-12-14T15:16:33.750Z,2025-12-14T15:16:33.750Z
23,0x000a,-1.60136,0x00000000,2025-12-14T15:16:33.750Z,2025-12-14T15:16:33.750Z
22,0x000a,-1.20539,0x00000000,2025-12-14T15:16:33.750Z,2025-12-14T15:16:33.750Z
21,0x000a,-2.21174,0x00000000,2025-12-14T15:16:33.750Z,2025-12-14T15:16:33.750Z
8,0x0004,25906,0x00000000,2025-12-14T15:16:33.750Z,2025-12-14T15:16:33.750Z
7,0x0004,23473,0x00000000,2025-12-14T15:16:33.750Z,2025-12-14T15:16:33.750Z
6,0x0004,20265,0x00000000,2025-12-14T15:16:33.750Z,2025-12-14T15:16:33.750Z
39,0x000a,-2.09781,0x00000000,2025-12-14T15:16:33.852Z,2025-12-14T15:16:33.852Z
39,0x000a,-2.50289,0x00000000,2025-12-14T15:16:33.949Z,2025-12-14T15:16:33.949Z
38,0x000a,-1.4974,0x00000000,2025-12-14T15:16:33.852Z,2025-12-14T15:16:33.852Z
38,0x000a,-1.90248,0x00000000,2025-12-14T15:16:33.949Z,2025-12-14T15:16:33.949Z
37,0x000a,-2.80309,0x00000000,2025-12-14T15:16:33.852Z,2025-12-14T15:16:33.852Z
37,0x000a,-3.29861,0x00000000,2025-12-14T15:16:33.949Z,2025-12-14T15:16:33.949Z
36,0x000a,-1.84958,0x00000000,2025-12-14T15:16:33.949Z,2025-12-14T15:16:33.949Z
35,0x000a,-1.3514,0x00000000,2025-12-14T15:16:33.949Z,2025-12-14T15:16:33.949Z
34,0x000a,-2.50741,0x00000000,2025-12-14T15:16:33.949Z,2025-12-14T15:16:33.949Z
26,0x000a,9.11965,0x00000000,2025-12-14T15:16:33.852Z,2025-12-14T15:16:33.852Z
26,0x000a,8.89974,0x00000000,2025-12-14T15:16:33.949Z,2025-12-14T15:16:33.949Z
25,0x000a,8.2997,0x00000000,2025-12-14T15:16:33.852Z,2025-12-14T15:16:33.852Z
25,0x000a,8.14996,0x00000000,2025-12-14T15:16:33.949Z,2025-12-14T15:16:33.949Z
24,0x000a,6.99978,0x00000000,2025-12-14T15:16:33.852Z,2025-12-14T15:16:33.852Z
24,0x000a,6.72996,0x00000000,2025-12-14T15:16:33.949Z,2025-12-14T15:16:33.949Z
23,0x000a,-1.84958,0x00000000,2025-12-14T15:16:33.949Z,2025-12-14T15:16:33.949Z
22,0x000a,-1.3514,0x00000000,2025-12-14T15:16:33.949Z,2025-12-14T15:16:33.949Z
21,0x000a,-2.50741,0x00000000,2025-12-14T15:16:33.949Z,2025-12-14T15:16:33.949Z
8,0x0004,25214,0x00000000,2025-12-14T15:16:33.852Z,2025-12-14T15:16:33.852Z
8,0x0004,24606,0x00000000,2025-12-14T15:16:33.949Z,2025-12-14T15:16:33.949Z
7,0x0004,22947,0x00000000,2025-12-14T15:16:33.852Z,2025-12-14T15:16:33.852Z
7,0x0004,22533,0x00000000,2025-12-14T15:16:33.949Z,2025-12-14T15:16:33.949Z
6,0x0004,19353,0x00000000,2025-12-14T15:16:33.852Z,2025-12-14T15:16:33.852Z
6,0x0004,18607,0x00000000,2025-12-14T15:16:33.949Z,2025-12-14T15:16:33.949Z
39,0x000a,-2.19908,0x00000000,2025-12-14T15:16:34.051Z,2025-12-14T15:16:34.051Z
38,0x000a,-1.49739,0x00000000,2025-12-14T15:16:34.051Z,2025-12-14T15:16:34.051Z
37,0x000a,-2.69821,0x00000000,2025-12-14T15:16:34.051Z,2025-12-14T15:16:34.051Z
36,0x000a,-2.17624,0x00000000,2025-12-14T15:16:34.051Z,2025-12-14T15:16:34.051Z
35,0x000a,-1.62694,0x00000000,2025-12-14T15:16:34.051Z,2025-12-14T15:16:34.051Z
34,0x000a,-2.90301,0x00000000,2025-12-14T15:16:34.051Z,2025-12-14T15:16:34.051Z
26,0x000a,8.68996,0x00000000,2025-12-14T15:16:34.051Z,2025-12-14T15:16:34.051Z
25,0x000a,7.98973,0x00000000,2025-12-14T15:16:34.051Z,2025-12-14T15:16:34.051Z
24,0x000a,6.44965,0x00000000,2025-12-14T15:16:34.051Z,2025-12-14T15:16:34.051Z
23,0x000a,-2.17624,0x00000000,2025-12-14T15:16:34.051Z,2025-12-14T15:16:34.051Z
22,0x000a,-1.62694,0x00000000,2025-12-14T15:16:34.051Z,2025-12-14T15:16:34.051Z
21,0x000a,-2.90301,0x00000000,2025-12-14T15:16:34.051Z,2025-12-14T15:16:34.051Z
8,0x0004,24026,0x00000000,2025-12-14T15:16:34.051Z,2025-12-14T15:16:34.051Z
7,0x0004,22090,0x00000000,2025-12-14T15:16:34.051Z,2025-12-14T15:16:34.051Z
6,0x0004,17832,0x00000000,2025-12-14T15:16:34.051Z,2025-12-14T15:16:34.051Z
39,0x000a,-2.0978,0x00000000,2025-12-14T15:16:34.151Z,2025-12-14T15:16:34.151Z
38,0x000a,-1.60229,0x00000000,2025-12-14T15:16:34.151Z,2025-12-14T15:16:34.151Z
37,0x000a,-2.8031,0x00000000,2025-12-14T15:16:34.151Z,2025-12-14T15:16:34.151Z
36,0x000a,-2.18766,0x00000000,2025-12-14T15:16:34.151Z,2025-12-14T15:16:34.151Z
35,0x000a,-1.56217,0x00000000,2025-12-14T15:16:34.151Z,2025-12-14T15:16:34.151Z
34,0x000a,-2.80061,0x00000000,2025-12-14T15:16:34.151Z,2025-12-14T15:16:34.151Z
26,0x000a,8.47982,0x00000000,2025-12-14T15:16:34.151Z,2025-12-14T15:16:34.151Z
25,0x000a,7.83999,0x00000000,2025-12-14T15:16:34.151Z,2025-12-14T15:16:34.151Z
24,0x000a,6.17983,0x00000000,2025-12-14T15:16:34.151Z,2025-12-14T15:16:34.151Z
23,0x000a,-2.18766,0x00000000,2025-12-14T15:16:34.151Z,2025-12-14T15:16:34.151Z
22,0x000a,-1.56217,0x00000000,2025-12-14T15:16:34.151Z,2025-12-14T15:16:34.151Z
21,0x000a,-2.80061,0x00000000,2025-12-14T15:16:34.151Z,2025-12-14T15:16:34.151Z
8,0x0004,23445,0x00000000,2025-12-14T15:16:34.151Z,2025-12-14T15:16:34.151Z
7,0x0004,21676,0x00000000,2025-12-14T15:16:34.151Z,2025-12-14T15:16:34.151Z
6,0x0004,17086,0x00000000,2025-12-14T15:16:34.151Z,2025-12-14T15:16:34.151Z
39,0x000a,-2.10142,0x00000000,2025-12-14T15:16:34.250Z,2025-12-14T15:16:34.250Z
38,0x000a,-1.4974,0x00000000,2025-12-14T15:16:34.250Z,2025-12-14T15:16:34.250Z
37,0x000a,-2.69821,0x00000000,2025-12-14T15:16:34.250Z,2025-12-14T15:16:34.250Z
36,0x000a,-2.14273,0x00000000,2025-12-14T15:16:34.250Z,2025-12-14T15:16:34.250Z
35,0x000a,-1.58223,0x00000000,2025-12-14T15:16:34.250Z,2025-12-14T15:16:34.250Z
34,0x000a,-2.80185,0x00000000,2025-12-14T15:16:34.250Z,2025-12-14T15:16:34.250Z
26,0x000a,8.25991,0x00000000,2025-12-14T15:16:34.250Z,2025-12-14T15:16:34.250Z
25,0x000a,7.68989,0x00000000,2025-12-14T15:16:34.250Z,2025-12-14T15:16:34.250Z
24,0x000a,5.89988,0x00000000,2025-12-14T15:16:34.250Z,2025-12-14T15:16:34.250Z
23,0x000a,-2.14273,0x00000000,2025-12-14T15:16:34.250Z,2025-12-14T15:16:34.250Z
22,0x000a,-1.58223,0x00000000,2025-12-14T15:16:34.250Z,2025-12-14T15:16:34.250Z
21,0x000a,-2.80185,0x00000000,2025-12-14T15:16:34.250Z,2025-12-14T15:16:34.250Z
8,0x0004,22837,0x00000000,2025-12-14T15:16:34.250Z,2025-12-14T15:16:34.250Z
7,0x0004,21261,0x00000000,2025-12-14T15:16:34.250Z,2025-12-14T15:16:34.250Z
6,0x0004,16312,0x00000000,2025-12-14T15:16:34.250Z,2025-12-14T15:16:34.250Z
39,0x000a,-2.19907,0x00000000,2025-12-14T15:16:34.353Z,2025-12-14T15:16:34.353Z
38,0x000a,-1.50101,0x00000000,2025-12-14T15:16:34.353Z,2025-12-14T15:16:34.353Z
37,0x000a,-2.79948,0x00000000,2025-12-14T15:16:34.353Z,2025-12-14T15:16:34.353Z
36,0x000a,-2.12207,0x00000000,2025-12-14T15:16:34.353Z,2025-12-14T15:16:34.353Z
35,0x000a,-1.53981,0x00000000,2025-12-14T15:16:34.353Z,2025-12-14T15:16:34.353Z
34,0x000a,-2.75003,0x00000000,2025-12-14T15:16:34.353Z,2025-12-14T15:16:34.353Z
26,0x000a,8.04977,0x00000000,2025-12-14T15:16:34.353Z,2025-12-14T15:16:34.353Z
25,0x000a,7.52966,0x00000000,2025-12-14T15:16:34.353Z,2025-12-14T15:16:34.353Z
24,0x000a,5.61994,0x00000000,2025-12-14T15:16:34.353Z,2025-12-14T15:16:34.353Z
23,0x000a,-2.12207,0x00000000,2025-12-14T15:16:34.353Z,2025-12-14T15:16:34.353Z
22,0x000a,-1.53981,0x00000000,2025-12-14T15:16:34.353Z,2025-12-14T15:16:34.353Z
21,0x000a,-2.75003,0x00000000,2025-12-14T15:16:34.353Z,2025-12-14T15:16:34.353Z
8,0x0004,22256,0x00000000,2025-12-14T15:16:34.353Z,2025-12-14T15:16:34.353Z
7,0x0004,20818,0x00000000,2025-12-14T15:16:34.353Z,2025-12-14T15:16:34.353Z
6,0x0004,15538,0x00000000,2025-12-14T15:16:34.353Z,2025-12-14T15:16:34.353Z
39,0x000a,-2.10142,0x00000000,2025-12-14T15:16:34.450Z,2025-12-14T15:16:34.450Z
38,0x000a,-1.60229,0x00000000,2025-12-14T15:16:34.450Z,2025-12-14T15:16:34.450Z
36,0x000a,-2.16057,0x00000000,2025-12-14T15:16:34.450Z,2025-12-14T15:16:34.450Z
35,0x000a,-1.52041,0x00000000,2025-12-14T15:16:34.450Z,2025-12-14T15:16:34.450Z
34,0x000a,-2.77475,0x00000000,2025-12-14T15:16:34.450Z,2025-12-14T15:16:34.450Z
26,0x000a,7.78971,0x00000000,2025-12-14T15:16:34.450Z,2025-12-14T15:16:34.450Z
25,0x000a,7.3499,0x00000000,2025-12-14T15:16:34.450Z,2025-12-14T15:16:34.450Z
24,0x000a,5.28971,0x00000000,2025-12-14T15:16:34.450Z,2025-12-14T15:16:34.450Z
23,0x000a,-2.16057,0x00000000,2025-12-14T15:16:34.450Z,2025-12-14T15:16:34.450Z
22,0x000a,-1.52041,0x00000000,2025-12-14T15:16:34.450Z,2025-12-14T15:16:34.450Z
21,0x000a,-2.77475,0x00000000,2025-12-14T15:16:34.450Z,2025-12-14T15:16:34.450Z
14,0x0001,false,0x00000000,2025-12-14T15:16:34.450Z,2025-12-14T15:16:34.450Z
8,0x0004,21537,0x00000000,2025-12-14T15:16:34.450Z,2025-12-14T15:16:34.450Z
7,0x0004,20321,0x00000000,2025-12-14T15:16:34.450Z,2025-12-14T15:16:34.450Z
6,0x0004,14625,0x00000000,2025-12-14T15:16:34.450Z,2025-12-14T15:16:34.450Z
36,0x000a,-2.131,0x00000000,2025-12-14T15:16:34.550Z,2025-12-14T15:16:34.550Z
35,0x000a,-1.56135,0x00000000,2025-12-14T15:16:34.550Z,2025-12-14T15:16:34.550Z
34,0x000a,-2.78712,0x00000000,2025-12-14T15:16:34.550Z,2025-12-14T15:16:34.550Z
24,0x000a,5.01989,0x00000000,2025-12-14T15:16:34.550Z,2025-12-14T15:16:34.550Z
23,0x000a,-2.131,0x00000000,2025-12-14T15:16:34.550Z,2025-12-14T15:16:34.550Z
22,0x000a,-1.56135,0x00000000,2025-12-14T15:16:34.550Z,2025-12-14T15:16:34.550Z
21,0x000a,-2.78712,0x00000000,2025-12-14T15:16:34.550Z,2025-12-14T15:16:34.550Z
8,0x0004,20957,0x00000000,2025-12-14T15:16:34.550Z,2025-12-14T15:16:34.550Z
7,0x0004,19906,0x00000000,2025-12-14T15:16:34.550Z,2025-12-14T15:16:34.550Z
6,0x0004,13879,0x00000000,2025-12-14T15:16:34.550Z,2025-12-14T15:16:34.550Z
39,0x000a,-4.69835,0x00000000,2025-12-14T15:16:34.650Z,2025-12-14T15:16:34.650Z
38,0x000a,-3.29861,0x00000000,2025-12-14T15:16:34.650Z,2025-12-14T15:16:34.650Z
37,0x000a,-6.00044,0x00000000,2025-12-14T15:16:34.650Z,2025-12-14T15:16:34.650Z
26,0x000a,7.57993,0x00000000,2025-12-14T15:16:34.650Z,2025-12-14T15:16:34.650Z
25,0x000a,7.1998,0x00000000,2025-12-14T15:16:34.650Z,2025-12-14T15:16:34.650Z
39,0x000a,-2.10142,0x00000000,2025-12-14T15:16:34.753Z,2025-12-14T15:16:34.753Z
38,0x000a,-1.59867,0x00000000,2025-12-14T15:16:34.753Z,2025-12-14T15:16:34.753Z
37,0x000a,-1.09953,0x00000000,2025-12-14T15:16:34.753Z,2025-12-14T15:16:34.753Z
36,0x000a,-3.41467,0x00000000,2025-12-14T15:16:34.753Z,2025-12-14T15:16:34.753Z
35,0x000a,-2.42998,0x00000000,2025-12-14T15:16:34.753Z,2025-12-14T15:16:34.753Z
34,0x000a,-4.39378,0x00000000,2025-12-14T15:16:34.753Z,2025-12-14T15:16:34.753Z
26,0x000a,7.36979,0x00000000,2025-12-14T15:16:34.753Z,2025-12-14T15:16:34.753Z
25,0x000a,7.03993,0x00000000,2025-12-14T15:16:34.753Z,2025-12-14T15:16:34.753Z
24,0x000a,4.90994,0x00000000,2025-12-14T15:16:34.753Z,2025-12-14T15:16:34.753Z
23,0x000a,-3.41467,0x00000000,2025-12-14T15:16:34.753Z,2025-12-14T15:16:34.753Z
22,0x000a,-2.42998,0x00000000,2025-12-14T15:16:34.753Z,2025-12-14T15:16:34.753Z
21,0x000a,-4.39378,0x00000000,2025-12-14T15:16:34.753Z,2025-12-14T15:16:34.753Z
8,0x0004,20376,0x00000000,2025-12-14T15:16:34.753Z,2025-12-14T15:16:34.753Z
7,0x0004,19464,0x00000000,2025-12-14T15:16:34.753Z,2025-12-14T15:16:34.753Z
6,0x0004,13575,0x00000000,2025-12-14T15:16:34.753Z,2025-12-14T15:16:34.753Z
39,0x000a,-2.19907,0x00000000,2025-12-14T15:16:34.850Z,2025-12-14T15:16:34.850Z
38,0x000a,-1.50101,0x00000000,2025-12-14T15:16:34.850Z,2025-12-14T15:16:34.850Z
37,0x000a,0,0x00000000,2025-12-14T15:16:34.850Z,2025-12-14T15:16:34.850Z
36,0x000a,-2.75805,0x00000000,2025-12-14T15:16:34.850Z,2025-12-14T15:16:34.850Z
35,0x000a,-2.01432,0x00000000,2025-12-14T15:16:34.850Z,2025-12-14T15:16:34.850Z
34,0x000a,-2.74666,0x00000000,2025-12-14T15:16:34.850Z,2025-12-14T15:16:34.850Z
26,0x000a,7.14988,0x00000000,2025-12-14T15:16:34.850Z,2025-12-14T15:16:34.850Z
25,0x000a,6.88983,0x00000000,2025-12-14T15:16:34.850Z,2025-12-14T15:16:34.850Z
23,0x000a,-2.75805,0x00000000,2025-12-14T15:16:34.850Z,2025-12-14T15:16:34.850Z
22,0x000a,-2.01432,0x00000000,2025-12-14T15:16:34.850Z,2025-12-14T15:16:34.850Z
21,0x000a,-2.74666,0x00000000,2025-12-14T15:16:34.850Z,2025-12-14T15:16:34.850Z
8,0x0004,19768,0x00000000,2025-12-14T15:16:34.850Z,2025-12-14T15:16:34.850Z
7,0x0004,19049,0x00000000,2025-12-14T15:16:34.850Z,2025-12-14T15:16:34.850Z
40,0x0001,true,0x00000000,2025-12-14T15:16:34.953Z,2025-12-14T15:16:34.953Z
39,0x000a,-2.10142,0x00000000,2025-12-14T15:16:34.953Z,2025-12-14T15:16:34.953Z
36,0x000a,-2.47856,0x00000000,2025-12-14T15:16:34.953Z,2025-12-14T15:16:34.953Z
35,0x000a,-1.75767,0x00000000,2025-12-14T15:16:34.953Z,2025-12-14T15:16:34.953Z
34,0x000a,-1.37333,0x00000000,2025-12-14T15:16:34.953Z,2025-12-14T15:16:34.953Z
26,0x000a,6.93974,0x00000000,2025-12-14T15:16:34.953Z,2025-12-14T15:16:34.953Z
25,0x000a,6.73973,0x00000000,2025-12-14T15:16:34.953Z,2025-12-14T15:16:34.953Z
23,0x000a,-2.47856,0x00000000,2025-12-14T15:16:34.953Z,2025-12-14T15:16:34.953Z
22,0x000a,-1.75767,0x00000000,2025-12-14T15:16:34.953Z,2025-12-14T15:16:34.953Z
21,0x000a,-1.37333,0x00000000,2025-12-14T15:16:34.953Z,2025-12-14T15:16:34.953Z
8,0x0004,19187,0x00000000,2025-12-14T15:16:34.953Z,2025-12-14T15:16:34.953Z
7,0x0004,18634,0x00000000,2025-12-14T15:16:34.953Z,2025-12-14T15:16:34.953Z
39,0x000a,-2.0978,0x00000000,2025-12-14T15:16:35.050Z,2025-12-14T15:16:35.050Z
38,0x000a,-1.59867,0x00000000,2025-12-14T15:16:35.050Z,2025-12-14T15:16:35.050Z
36,0x000a,-2.28999,0x00000000,2025-12-14T15:16:35.050Z,2025-12-14T15:16:35.050Z
35,0x000a,-1.62934,0x00000000,2025-12-14T15:16:35.050Z,2025-12-14T15:16:35.050Z
34,0x000a,-0.686664,0x00000000,2025-12-14T15:16:35.050Z,2025-12-14T15:16:35.050Z
26,0x000a,6.72996,0x00000000,2025-12-14T15:16:35.050Z,2025-12-14T15:16:35.050Z
25,0x000a,6.57986,0x00000000,2025-12-14T15:16:35.050Z,2025-12-14T15:16:35.050Z
23,0x000a,-2.28999,0x00000000,2025-12-14T15:16:35.050Z,2025-12-14T15:16:35.050Z
22,0x000a,-1.62934,0x00000000,2025-12-14T15:16:35.050Z,2025-12-14T15:16:35.050Z
21,0x000a,-0.686664,0x00000000,2025-12-14T15:16:35.050Z,2025-12-14T15:16:35.050Z
8,0x0004,18607,0x00000000,2025-12-14T15:16:35.050Z,2025-12-14T15:16:35.050Z
7,0x0004,18192,0x00000000,2025-12-14T15:16:35.050Z,2025-12-14T15:16:35.050Z
39,0x000a,-2.10142,0x00000000,2025-12-14T15:16:35.150Z,2025-12-14T15:16:35.150Z
38,0x000a,-1.50102,0x00000000,2025-12-14T15:16:35.150Z,2025-12-14T15:16:35.150Z
36,0x000a,-2.1939,0x00000000,2025-12-14T15:16:35.150Z,2025-12-14T15:16:35.150Z
35,0x000a,-1.614,0x00000000,2025-12-14T15:16:35.150Z,2025-12-14T15:16:35.150Z
34,0x000a,-0.343332,0x00000000,2025-12-14T15:16:35.150Z,2025-12-14T15:16:35.150Z
26,0x000a,6.51982,0x00000000,2025-12-14T15:16:35.150Z,2025-12-14T15:16:35.150Z
25,0x000a,6.42976,0x00000000,2025-12-14T15:16:35.150Z,2025-12-14T15:16:35.150Z
23,0x000a,-2.1939,0x00000000,2025-12-14T15:16:35.150Z,2025-12-14T15:16:35.150Z
22,0x000a,-1.614,0x00000000,2025-12-14T15:16:35.150Z,2025-12-14T15:16:35.150Z
21,0x000a,-0.343332,0x00000000,2025-12-14T15:16:35.150Z,2025-12-14T15:16:35.150Z
8,0x0004,18026,0x00000000,2025-12-14T15:16:35.150Z,2025-12-14T15:16:35.150Z
7,0x0004,17777,0x00000000,2025-12-14T15:16:35.150Z,2025-12-14T15:16:35.150Z
39,0x000a,-2.60055,0x00000000,2025-12-14T15:16:35.252Z,2025-12-14T15:16:35.252Z
38,0x000a,-1.7976,0x00000000,2025-12-14T15:16:35.252Z,2025-12-14T15:16:35.252Z
36,0x000a,-2.14766,0x00000000,2025-12-14T15:16:35.252Z,2025-12-14T15:16:35.252Z
35,0x000a,-1.55751,0x00000000,2025-12-14T15:16:35.252Z,2025-12-14T15:16:35.252Z
34,0x000a,-0.171666,0x00000000,2025-12-14T15:16:35.252Z,2025-12-14T15:16:35.252Z
26,0x000a,6.25977,0x00000000,2025-12-14T15:16:35.252Z,2025-12-14T15:16:35.252Z
25,0x000a,6.25,0x00000000,2025-12-14T15:16:35.252Z,2025-12-14T15:16:35.252Z
23,0x000a,-2.14766,0x00000000,2025-12-14T15:16:35.252Z,2025-12-14T15:16:35.252Z
22,0x000a,-1.55751,0x00000000,2025-12-14T15:16:35.252Z,2025-12-14T15:16:35.252Z
21,0x000a,-0.171666,0x00000000,2025-12-14T15:16:35.252Z,2025-12-14T15:16:35.252Z
8,0x0004,17307,0x00000000,2025-12-14T15:16:35.252Z,2025-12-14T15:16:35.252Z
7,0x0004,17280,0x00000000,2025-12-14T15:16:35.252Z,2025-12-14T15:16:35.252Z
39,0x000a,-2.0978,0x00000000,2025-12-14T15:16:35.350Z,2025-12-14T15:16:35.350Z
38,0x000a,-1.60229,0x00000000,2025-12-14T15:16:35.350Z,2025-12-14T15:16:35.350Z
36,0x000a,-2.3741,0x00000000,2025-12-14T15:16:35.350Z,2025-12-14T15:16:35.350Z
35,0x000a,-1.67755,0x00000000,2025-12-14T15:16:35.350Z,2025-12-14T15:16:35.350Z
34,0x000a,-0.085833,0x00000000,2025-12-14T15:16:35.350Z,2025-12-14T15:16:35.350Z
26,0x000a,6.04999,0x00000000,2025-12-14T15:16:35.350Z,2025-12-14T15:16:35.350Z
25,0x000a,6.08977,0x00000000,2025-12-14T15:16:35.350Z,2025-12-14T15:16:35.350Z
23,0x000a,-2.3741,0x00000000,2025-12-14T15:16:35.350Z,2025-12-14T15:16:35.350Z
22,0x000a,-1.67755,0x00000000,2025-12-14T15:16:35.350Z,2025-12-14T15:16:35.350Z
21,0x000a,-0.085833,0x00000000,2025-12-14T15:16:35.350Z,2025-12-14T15:16:35.350Z
8,0x0004,16727,0x00000000,2025-12-14T15:16:35.350Z,2025-12-14T15:16:35.350Z
7,0x0004,16837,0x00000000,2025-12-14T15:16:35.350Z,2025-12-14T15:16:35.350Z
36,0x000a,-2.23595,0x00000000,2025-12-14T15:16:35.451Z,2025-12-14T15:16:35.451Z
35,0x000a,-1.63992,0x00000000,2025-12-14T15:16:35.451Z,2025-12-14T15:16:35.451Z
34,0x000a,-0.0429165,0x00000000,2025-12-14T15:16:35.451Z,2025-12-14T15:16:35.451Z
26,0x000a,5.82972,0x00000000,2025-12-14T15:16:35.451Z,2025-12-14T15:16:35.451Z
25,0x000a,5.93967,0x00000000,2025-12-14T15:16:35.451Z,2025-12-14T15:16:35.451Z
23,0x000a,-2.23595,0x00000000,2025-12-14T15:16:35.451Z,2025-12-14T15:16:35.451Z
22,0x000a,-1.63992,0x00000000,2025-12-14T15:16:35.451Z,2025-12-14T15:16:35.451Z
21,0x000a,-0.0429165,0x00000000,2025-12-14T15:16:35.451Z,2025-12-14T15:16:35.451Z
8,0x0004,16118,0x00000000,2025-12-14T15:16:35.451Z,2025-12-14T15:16:35.451Z
7,0x0004,16422,0x00000000,2025-12-14T15:16:35.451Z,2025-12-14T15:16:35.451Z
39,0x000a,-2.20269,0x00000000,2025-12-14T15:16:35.551Z,2025-12-14T15:16:35.551Z
38,0x000a,-1.50101,0x00000000,2025-12-14T15:16:35.551Z,2025-12-14T15:16:35.551Z
26,0x000a,5.61994,0x00000000,2025-12-14T15:16:35.551Z,2025-12-14T15:16:35.551Z
25,0x000a,5.78993,0x00000000,2025-12-14T15:16:35.551Z,2025-12-14T15:16:35.551Z
8,0x0004,15538,0x00000000,2025-12-14T15:16:35.551Z,2025-12-14T15:16:35.551Z
7,0x0004,16008,0x00000000,2025-12-14T15:16:35.551Z,2025-12-14T15:16:35.551Z
39,0x000a,-2.0978,0x00000000,2025-12-14T15:16:35.652Z,2025-12-14T15:16:35.652Z
38,0x000a,-1.4974,0x00000000,2025-12-14T15:16:35.652Z,2025-12-14T15:16:35.652Z
36,0x000a,-2.21932,0x00000000,2025-12-14T15:16:35.652Z,2025-12-14T15:16:35.652Z
35,0x000a,-1.57047,0x00000000,2025-12-14T15:16:35.652Z,2025-12-14T15:16:35.652Z
34,0x000a,-0.0214582,0x00000000,2025-12-14T15:16:35.652Z,2025-12-14T15:16:35.652Z
26,0x000a,5.35988,0x00000000,2025-12-14T15:16:35.652Z,2025-12-14T15:16:35.652Z
25,0x000a,5.59968,0x00000000,2025-12-14T15:16:35.652Z,2025-12-14T15:16:35.652Z
23,0x000a,-2.21932,0x00000000,2025-12-14T15:16:35.652Z,2025-12-14T15:16:35.652Z
22,0x000a,-1.57047,0x00000000,2025-12-14T15:16:35.652Z,2025-12-14T15:16:35.652Z
21,0x000a,-0.0214582,0x00000000,2025-12-14T15:16:35.652Z,2025-12-14T15:16:35.652Z
8,0x0004,14819,0x00000000,2025-12-14T15:16:35.652Z,2025-12-14T15:16:35.652Z
7,0x0004,15482,0x00000000,2025-12-14T15:16:35.652Z,2025-12-14T15:16:35.652Z
39,0x000a,-4.70197,0x00000000,2025-12-14T15:16:35.751Z,2025-12-14T15:16:35.751Z
38,0x000a,-3.39988,0x00000000,2025-12-14T15:16:35.751Z,2025-12-14T15:16:35.751Z
36,0x000a,-2.15856,0x00000000,2025-12-14T15:16:35.751Z,2025-12-14T15:16:35.751Z
35,0x000a,-1.53393,0x00000000,2025-12-14T15:16:35.751Z,2025-12-14T15:16:35.751Z
34,0x000a,-0.0107291,0x00000000,2025-12-14T15:16:35.751Z,2025-12-14T15:16:35.751Z
26,0x000a,5.14974,0x00000000,2025-12-14T15:16:35.751Z,2025-12-14T15:16:35.751Z
25,0x000a,5.44994,0x00000000,2025-12-14T15:16:35.751Z,2025-12-14T15:16:35.751Z
23,0x000a,-2.15856,0x00000000,2025-12-14T15:16:35.751Z,2025-12-14T15:16:35.751Z
22,0x000a,-1.53393,0x00000000,2025-12-14T15:16:35.751Z,2025-12-14T15:16:35.751Z
21,0x000a,-0.0107291,0x00000000,2025-12-14T15:16:35.751Z,2025-12-14T15:16:35.751Z
18,0x0001,false,0x00000000,2025-12-14T15:16:35.751Z,2025-12-14T15:16:35.751Z
8,0x0004,14238,0x00000000,2025-12-14T15:16:35.751Z,2025-12-14T15:16:35.751Z
7,0x0004,15068,0x00000000,2025-12-14T15:16:35.751Z,2025-12-14T15:16:35.751Z
39,0x000a,-2.0978,0x00000000,2025-12-14T15:16:35.851Z,2025-12-14T15:16:35.851Z
39,0x000a,-0.900607,0x00000000,2025-12-14T15:16:35.951Z,2025-12-14T15:16:35.951Z
38,0x000a,-1.60229,0x00000000,2025-12-14T15:16:35.851Z,2025-12-14T15:16:35.851Z
38,0x000a,-1.4974,0x00000000,2025-12-14T15:16:35.951Z,2025-12-14T15:16:35.951Z
36,0x000a,-3.43027,0x00000000,2025-12-14T15:16:35.851Z,2025-12-14T15:16:35.851Z
36,0x000a,-2.76403,0x00000000,2025-12-14T15:16:35.951Z,2025-12-14T15:16:35.951Z
35,0x000a,-2.46691,0x00000000,2025-12-14T15:16:35.851Z,2025-12-14T15:16:35.851Z
35,0x000a,-2.0346,0x00000000,2025-12-14T15:16:35.951Z,2025-12-14T15:16:35.951Z
34,0x000a,-0.00536456,0x00000000,2025-12-14T15:16:35.851Z,2025-12-14T15:16:35.851Z
34,0x000a,-0.00268228,0x00000000,2025-12-14T15:16:35.951Z,2025-12-14T15:16:35.951Z
26,0x000a,4.93996,0x00000000,2025-12-14T15:16:35.851Z,2025-12-14T15:16:35.851Z
26,0x000a,4.8499,0x00000000,2025-12-14T15:16:35.951Z,2025-12-14T15:16:35.951Z
25,0x000a,5.28971,0x00000000,2025-12-14T15:16:35.851Z,2025-12-14T15:16:35.851Z
25,0x000a,5.13997,0x00000000,2025-12-14T15:16:35.951Z,2025-12-14T15:16:35.951Z
23,0x000a,-3.43027,0x00000000,2025-12-14T15:16:35.851Z,2025-12-14T15:16:35.851Z
23,0x000a,-2.76403,0x00000000,2025-12-14T15:16:35.951Z,2025-12-14T15:16:35.951Z
22,0x000a,-2.46691,0x00000000,2025-12-14T15:16:35.851Z,2025-12-14T15:16:35.851Z
22,0x000a,-2.0346,0x00000000,2025-12-14T15:16:35.951Z,2025-12-14T15:16:35.951Z
21,0x000a,-0.00536456,0x00000000,2025-12-14T15:16:35.851Z,2025-12-14T15:16:35.851Z
21,0x000a,-0.00268228,0x00000000,2025-12-14T15:16:35.951Z,2025-12-14T15:16:35.951Z
16,0x0001,false,0x00000000,2025-12-14T15:16:35.851Z,2025-12-14T15:16:35.851Z
8,0x0004,13658,0x00000000,2025-12-14T15:16:35.851Z,2025-12-14T15:16:35.851Z
8,0x0004,13409,0x00000000,2025-12-14T15:16:35.951Z,2025-12-14T15:16:35.951Z
7,0x0004,14625,0x00000000,2025-12-14T15:16:35.851Z,2025-12-14T15:16:35.851Z
7,0x0004,14211,0x00000000,2025-12-14T15:16:35.951Z,2025-12-14T15:16:35.951Z
39,0x000a,0,0x00000000,2025-12-14T15:16:36.050Z,2025-12-14T15:16:36.050Z
38,0x000a,-0.600405,0x00000000,2025-12-14T15:16:36.050Z,2025-12-14T15:16:36.050Z
36,0x000a,-1.83232,0x00000000,2025-12-14T15:16:36.050Z,2025-12-14T15:16:36.050Z
35,0x000a,-1.766,0x00000000,2025-12-14T15:16:36.050Z,2025-12-14T15:16:36.050Z
34,0x000a,-0.00134114,0x00000000,2025-12-14T15:16:36.050Z,2025-12-14T15:16:36.050Z
25,0x000a,5.07993,0x00000000,2025-12-14T15:16:36.050Z,2025-12-14T15:16:36.050Z
23,0x000a,-1.83232,0x00000000,2025-12-14T15:16:36.050Z,2025-12-14T15:16:36.050Z
22,0x000a,-1.766,0x00000000,2025-12-14T15:16:36.050Z,2025-12-14T15:16:36.050Z
21,0x000a,-0.00134114,0x00000000,2025-12-14T15:16:36.050Z,2025-12-14T15:16:36.050Z
7,0x0004,14045,0x00000000,2025-12-14T15:16:36.050Z,2025-12-14T15:16:36.050Z
38,0x000a,0,0x00000000,2025-12-14T15:16:36.152Z,2025-12-14T15:16:36.152Z
36,0x000a,-0.91616,0x00000000,2025-12-14T15:16:36.152Z,2025-12-14T15:16:36.152Z
35,0x000a,-1.1832,0x00000000,2025-12-14T15:16:36.152Z,2025-12-14T15:16:36.152Z
34,0x000a,-0.00067057,0x00000000,2025-12-14T15:16:36.152Z,2025-12-14T15:16:36.152Z
23,0x000a,-0.91616,0x00000000,2025-12-14T15:16:36.152Z,2025-12-14T15:16:36.152Z
22,0x000a,-1.1832,0x00000000,2025-12-14T15:16:36.152Z,2025-12-14T15:16:36.152Z
21,0x000a,-0.00067057,0x00000000,2025-12-14T15:16:36.152Z,2025-12-14T15:16:36.152Z
42,0x0001,true,0x00000000,2025-12-14T15:16:36.251Z,2025-12-14T15:16:36.251Z
36,0x000a,-0.45808,0x00000000,2025-12-14T15:16:36.251Z,2025-12-14T15:16:36.251Z
35,0x000a,-0.591601,0x00000000,2025-12-14T15:16:36.251Z,2025-12-14T15:16:36.251Z
34,0x000a,-0.000335285,0x00000000,2025-12-14T15:16:36.251Z,2025-12-14T15:16:36.251Z
23,0x000a,-0.45808,0x00000000,2025-12-14T15:16:36.251Z,2025-12-14T15:16:36.251Z
22,0x000a,-0.591601,0x00000000,2025-12-14T15:16:36.251Z,2025-12-14T15:16:36.251Z
21,0x000a,-0.000335285,0x00000000,2025-12-14T15:16:36.251Z,2025-12-14T15:16:36.251Z
42,0x0001,false,0x00000000,2025-12-14T15:16:36.350Z,2025-12-14T15:16:36.350Z
40,0x0001,false,0x00000000,2025-12-14T15:16:36.350Z,2025-12-14T15:16:36.350Z
18,0x0001,true,0x00000000,2025-12-14T15:16:36.350Z,2025-12-14T15:16:36.350Z
16,0x0001,true,0x00000000,2025-12-14T15:16:36.350Z,2025-12-14T15:16:36.350Z
14,0x0001,true,0x00000000,2025-12-14T15:16:36.350Z,2025-12-14T15:16:36.350Z
4,0x000a,0,0x00000000,2025-12-14T15:16:36.350Z,2025-12-14T15:16:36.350Z
3,0x000a,0,0x00000000,2025-12-14T15:16:36.350Z,2025-12-14T15:16:36.350Z
2,0x000a,0,0x00000000,2025-12-14T15:16:36.350Z,2025-12-14T15:16:36.350Z
36,0x000a,-0.22904,0x00000000,2025-12-14T15:16:36.450Z,2025-12-14T15:16:36.450Z
35,0x000a,-0.2958,0x00000000,2025-12-14T15:16:36.450Z,2025-12-14T15:16:36.450Z
34,0x000a,-0.000167643,0x00000000,2025-12-14T15:16:36.450Z,2025-12-14T15:16:36.450Z
23,0x000a,-0.22904,0x00000000,2025-12-14T15:16:36.450Z,2025-12-14T15:16:36.450Z
22,0x000a,-0.2958,0x00000000,2025-12-14T15:16:36.450Z,2025-12-14T15:16:36.450Z
21,0x000a,-0.000167643,0x00000000,2025-12-14T15:16:36.450Z,2025-12-14T15:16:36.450Z
36,0x000a,-0.11452,0x00000000,2025-12-14T15:16:36.552Z,2025-12-14T15:16:36.552Z
35,0x000a,-0.1479,0x00000000,2025-12-14T15:16:36.552Z,2025-12-14T15:16:36.552Z
34,0x000a,-8.38213e-05,0x00000000,2025-12-14T15:16:36.552Z,2025-12-14T15:16:36.552Z
26,0x000a,4.77973,0x00000000,2025-12-14T15:16:36.552Z,2025-12-14T15:16:36.552Z
25,0x000a,4.98987,0x00000000,2025-12-14T15:16:36.552Z,2025-12-14T15:16:36.552Z
24,0x000a,4.73994,0x00000000,2025-12-14T15:16:36.552Z,2025-12-14T15:16:36.552Z
23,0x000a,-0.11452,0x00000000,2025-12-14T15:16:36.552Z,2025-12-14T15:16:36.552Z
22,0x000a,-0.1479,0x00000000,2025-12-14T15:16:36.552Z,2025-12-14T15:16:36.552Z
21,0x000a,-8.38213e-05,0x00000000,2025-12-14T15:16:36.552Z,2025-12-14T15:16:36.552Z
8,0x0004,13215,0x00000000,2025-12-14T15:16:36.552Z,2025-12-14T15:16:36.552Z
7,0x0004,13796,0x00000000,2025-12-14T15:16:36.552Z,2025-12-14T15:16:36.552Z
6,0x0004,13105,0x00000000,2025-12-14T15:16:36.552Z,2025-12-14T15:16:36.552Z
39,0x000a,-0.70168,0x00000000,2025-12-14T15:16:36.650Z,2025-12-14T15:16:36.650Z
38,0x000a,-0.900607,0x00000000,2025-12-14T15:16:36.650Z,2025-12-14T15:16:36.650Z
37,0x000a,-1.69994,0x00000000,2025-12-14T15:16:36.650Z,2025-12-14T15:16:36.650Z
36,0x000a,-0.05726,0x00000000,2025-12-14T15:16:36.650Z,2025-12-14T15:16:36.650Z
35,0x000a,-0.0739501,0x00000000,2025-12-14T15:16:36.650Z,2025-12-14T15:16:36.650Z
34,0x000a,-4.19106e-05,0x00000000,2025-12-14T15:16:36.650Z,2025-12-14T15:16:36.650Z
26,0x000a,4.56995,0x00000000,2025-12-14T15:16:36.650Z,2025-12-14T15:16:36.650Z
25,0x000a,4.82964,0x00000000,2025-12-14T15:16:36.650Z,2025-12-14T15:16:36.650Z
24,0x000a,4.46976,0x00000000,2025-12-14T15:16:36.650Z,2025-12-14T15:16:36.650Z
23,0x000a,-0.05726,0x00000000,2025-12-14T15:16:36.650Z,2025-12-14T15:16:36.650Z
22,0x000a,-0.0739501,0x00000000,2025-12-14T15:16:36.650Z,2025-12-14T15:16:36.650Z
21,0x000a,-4.19106e-05,0x00000000,2025-12-14T15:16:36.650Z,2025-12-14T15:16:36.650Z
8,0x0004,12635,0x00000000,2025-12-14T15:16:36.650Z,2025-12-14T15:16:36.650Z
7,0x0004,13353,0x00000000,2025-12-14T15:16:36.650Z,2025-12-14T15:16:36.650Z
6,0x0004,12358,0x00000000,2025-12-14T15:16:36.650Z,2025-12-14T15:16:36.650Z
39,0x000a,-2.0978,0x00000000,2025-12-14T15:16:36.750Z,2025-12-14T15:16:36.750Z
38,0x000a,-1.60228,0x00000000,2025-12-14T15:16:36.750Z,2025-12-14T15:16:36.750Z
37,0x000a,-2.70182,0x00000000,2025-12-14T15:16:36.750Z,2025-12-14T15:16:36.750Z
36,0x000a,-0.37947,0x00000000,2025-12-14T15:16:36.750Z,2025-12-14T15:16:36.750Z
35,0x000a,-0.487279,0x00000000,2025-12-14T15:16:36.750Z,2025-12-14T15:16:36.750Z
34,0x000a,-0.849993,0x00000000,2025-12-14T15:16:36.750Z,2025-12-14T15:16:36.750Z
26,0x000a,4.34968,0x00000000,2025-12-14T15:16:36.750Z,2025-12-14T15:16:36.750Z
25,0x000a,4.6799,0x00000000,2025-12-14T15:16:36.750Z,2025-12-14T15:16:36.750Z
24,0x000a,4.18981,0x00000000,2025-12-14T15:16:36.750Z,2025-12-14T15:16:36.750Z
23,0x000a,-0.37947,0x00000000,2025-12-14T15:16:36.750Z,2025-12-14T15:16:36.750Z
22,0x000a,-0.487279,0x00000000,2025-12-14T15:16:36.750Z,2025-12-14T15:16:36.750Z
21,0x000a,-0.849993,0x00000000,2025-12-14T15:16:36.750Z,2025-12-14T15:16:36.750Z
8,0x0004,12026,0x00000000,2025-12-14T15:16:36.750Z,2025-12-14T15:16:36.750Z
7,0x0004,12939,0x00000000,2025-12-14T15:16:36.750Z,2025-12-14T15:16:36.750Z
6,0x0004,11584,0x00000000,2025-12-14T15:16:36.750Z,2025-12-14T15:16:36.750Z
39,0x000a,-4.30049,0x00000000,2025-12-14T15:16:36.850Z,2025-12-14T15:16:36.850Z
38,0x000a,-2.99841,0x00000000,2025-12-14T15:16:36.850Z,2025-12-14T15:16:36.850Z
37,0x000a,-5.59896,0x00000000,2025-12-14T15:16:36.850Z,2025-12-14T15:16:36.850Z
36,0x000a,-1.23864,0x00000000,2025-12-14T15:16:36.850Z,2025-12-14T15:16:36.850Z
35,0x000a,-1.04478,0x00000000,2025-12-14T15:16:36.850Z,2025-12-14T15:16:36.850Z
34,0x000a,-1.77591,0x00000000,2025-12-14T15:16:36.850Z,2025-12-14T15:16:36.850Z
26,0x000a,4.1399,0x00000000,2025-12-14T15:16:36.850Z,2025-12-14T15:16:36.850Z
25,0x000a,4.5298,0x00000000,2025-12-14T15:16:36.850Z,2025-12-14T15:16:36.850Z
24,0x000a,3.90987,0x00000000,2025-12-14T15:16:36.850Z,2025-12-14T15:16:36.850Z
23,0x000a,-1.23864,0x00000000,2025-12-14T15:16:36.850Z,2025-12-14T15:16:36.850Z
22,0x000a,-1.04478,0x00000000,2025-12-14T15:16:36.850Z,2025-12-14T15:16:36.850Z
21,0x000a,-1.77591,0x00000000,2025-12-14T15:16:36.850Z,2025-12-14T15:16:36.850Z
8,0x0004,11446,0x00000000,2025-12-14T15:16:36.850Z,2025-12-14T15:16:36.850Z
7,0x0004,12524,0x00000000,2025-12-14T15:16:36.850Z,2025-12-14T15:16:36.850Z
6,0x0004,10810,0x00000000,2025-12-14T15:16:36.850Z,2025-12-14T15:16:36.850Z
39,0x000a,-2.10142,0x00000000,2025-12-14T15:16:36.950Z,2025-12-14T15:16:36.950Z
38,0x000a,-1.59867,0x00000000,2025-12-14T15:16:36.950Z,2025-12-14T15:16:36.950Z
37,0x000a,-2.70182,0x00000000,2025-12-14T15:16:36.950Z,2025-12-14T15:16:36.950Z
36,0x000a,-2.76956,0x00000000,2025-12-14T15:16:36.950Z,2025-12-14T15:16:36.950Z
35,0x000a,-2.0216,0x00000000,2025-12-14T15:16:36.950Z,2025-12-14T15:16:36.950Z
34,0x000a,-3.68743,0x00000000,2025-12-14T15:16:36.950Z,2025-12-14T15:16:36.950Z
26,0x000a,3.92976,0x00000000,2025-12-14T15:16:36.950Z,2025-12-14T15:16:36.950Z
25,0x000a,4.36994,0x00000000,2025-12-14T15:16:36.950Z,2025-12-14T15:16:36.950Z
24,0x000a,3.63968,0x00000000,2025-12-14T15:16:36.950Z,2025-12-14T15:16:36.950Z
23,0x000a,-2.76956,0x00000000,2025-12-14T15:16:36.950Z,2025-12-14T15:16:36.950Z
22,0x000a,-2.0216,0x00000000,2025-12-14T15:16:36.950Z,2025-12-14T15:16:36.950Z
21,0x000a,-3.68743,0x00000000,2025-12-14T15:16:36.950Z,2025-12-14T15:16:36.950Z
8,0x0004,10865,0x00000000,2025-12-14T15:16:36.950Z,2025-12-14T15:16:36.950Z
7,0x0004,12082,0x00000000,2025-12-14T15:16:36.950Z,2025-12-14T15:16:36.950Z
6,0x0004,10063,0x00000000,2025-12-14T15:16:36.950Z,2025-12-14T15:16:36.950Z
39,0x000a,-2.19907,0x00000000,2025-12-14T15:16:37.051Z,2025-12-14T15:16:37.051Z
38,0x000a,-1.50102,0x00000000,2025-12-14T15:16:37.051Z,2025-12-14T15:16:37.051Z
37,0x000a,-2.79948,0x00000000,2025-12-14T15:16:37.051Z,2025-12-14T15:16:37.051Z
36,0x000a,-2.43549,0x00000000,2025-12-14T15:16:37.051Z,2025-12-14T15:16:37.051Z
35,0x000a,-1.81013,0x00000000,2025-12-14T15:16:37.051Z,2025-12-14T15:16:37.051Z
34,0x000a,-3.19463,0x00000000,2025-12-14T15:16:37.051Z,2025-12-14T15:16:37.051Z
26,0x000a,3.70985,0x00000000,2025-12-14T15:16:37.051Z,2025-12-14T15:16:37.051Z
25,0x000a,4.21983,0x00000000,2025-12-14T15:16:37.051Z,2025-12-14T15:16:37.051Z
24,0x000a,3.35974,0x00000000,2025-12-14T15:16:37.051Z,2025-12-14T15:16:37.051Z
23,0x000a,-2.43549,0x00000000,2025-12-14T15:16:37.051Z,2025-12-14T15:16:37.051Z
22,0x000a,-1.81013,0x00000000,2025-12-14T15:16:37.051Z,2025-12-14T15:16:37.051Z
21,0x000a,-3.19463,0x00000000,2025-12-14T15:16:37.051Z,2025-12-14T15:16:37.051Z
8,0x0004,10257,0x00000000,2025-12-14T15:16:37.051Z,2025-12-14T15:16:37.051Z
7,0x0004,11667,0x00000000,2025-12-14T15:16:37.051Z,2025-12-14T15:16:37.051Z
6,0x0004,9289,0x00000000,2025-12-14T15:16:37.051Z,2025-12-14T15:16:37.051Z
36,0x000a,-2.31728,0x00000000,2025-12-14T15:16:37.151Z,2025-12-14T15:16:37.151Z
35,0x000a,-1.65557,0x00000000,2025-12-14T15:16:37.151Z,2025-12-14T15:16:37.151Z
34,0x000a,-2.99705,0x00000000,2025-12-14T15:16:37.151Z,2025-12-14T15:16:37.151Z
26,0x000a,3.45992,0x00000000,2025-12-14T15:16:37.151Z,2025-12-14T15:16:37.151Z
25,0x000a,4.03971,0x00000000,2025-12-14T15:16:37.151Z,2025-12-14T15:16:37.151Z
24,0x000a,3.02988,0x00000000,2025-12-14T15:16:37.151Z,2025-12-14T15:16:37.151Z
23,0x000a,-2.31728,0x00000000,2025-12-14T15:16:37.151Z,2025-12-14T15:16:37.151Z
22,0x000a,-1.65557,0x00000000,2025-12-14T15:16:37.151Z,2025-12-14T15:16:37.151Z
21,0x000a,-2.99705,0x00000000,2025-12-14T15:16:37.151Z,2025-12-14T15:16:37.151Z
8,0x0004,9566,0x00000000,2025-12-14T15:16:37.151Z,2025-12-14T15:16:37.151Z
7,0x0004,11169,0x00000000,2025-12-14T15:16:37.151Z,2025-12-14T15:16:37.151Z
6,0x0004,8377,0x00000000,2025-12-14T15:16:37.151Z,2025-12-14T15:16:37.151Z
39,0x000a,-2.49928,0x00000000,2025-12-14T15:16:37.251Z,2025-12-14T15:16:37.251Z
38,0x000a,-1.80121,0x00000000,2025-12-14T15:16:37.251Z,2025-12-14T15:16:37.251Z
37,0x000a,-3.29861,0x00000000,2025-12-14T15:16:37.251Z,2025-12-14T15:16:37.251Z
26,0x000a,3.23966,0x00000000,2025-12-14T15:16:37.251Z,2025-12-14T15:16:37.251Z
25,0x000a,3.87985,0x00000000,2025-12-14T15:16:37.251Z,2025-12-14T15:16:37.251Z
24,0x000a,2.74993,0x00000000,2025-12-14T15:16:37.251Z,2025-12-14T15:16:37.251Z
8,0x0004,8957,0x00000000,2025-12-14T15:16:37.251Z,2025-12-14T15:16:37.251Z
7,0x0004,10727,0x00000000,2025-12-14T15:16:37.251Z,2025-12-14T15:16:37.251Z
6,0x0004,7603,0x00000000,2025-12-14T15:16:37.251Z,2025-12-14T15:16:37.251Z
39,0x000a,-2.20269,0x00000000,2025-12-14T15:16:37.350Z,2025-12-14T15:16:37.350Z
38,0x000a,-1.59867,0x00000000,2025-12-14T15:16:37.350Z,2025-12-14T15:16:37.350Z
37,0x000a,-2.79948,0x00000000,2025-12-14T15:16:37.350Z,2025-12-14T15:16:37.350Z
36,0x000a,-2.40828,0x00000000,2025-12-14T15:16:37.350Z,2025-12-14T15:16:37.350Z
35,0x000a,-1.72839,0x00000000,2025-12-14T15:16:37.350Z,2025-12-14T15:16:37.350Z
34,0x000a,-3.14783,0x00000000,2025-12-14T15:16:37.350Z,2025-12-14T15:16:37.350Z
26,0x000a,3.02988,0x00000000,2025-12-14T15:16:37.350Z,2025-12-14T15:16:37.350Z
25,0x000a,3.72975,0x00000000,2025-12-14T15:16:37.350Z,2025-12-14T15:16:37.350Z
24,0x000a,2.47975,0x00000000,2025-12-14T15:16:37.350Z,2025-12-14T15:16:37.350Z
23,0x000a,-2.40828,0x00000000,2025-12-14T15:16:37.350Z,2025-12-14T15:16:37.350Z
22,0x000a,-1.72839,0x00000000,2025-12-14T15:16:37.350Z,2025-12-14T15:16:37.350Z
21,0x000a,-3.14783,0x00000000,2025-12-14T15:16:37.350Z,2025-12-14T15:16:37.350Z
8,0x0004,8377,0x00000000,2025-12-14T15:16:37.350Z,2025-12-14T15:16:37.350Z
7,0x0004,10312,0x00000000,2025-12-14T15:16:37.350Z,2025-12-14T15:16:37.350Z
6,0x0004,6856,0x00000000,2025-12-14T15:16:37.350Z,2025-12-14T15:16:37.350Z
39,0x000a,-2.0978,0x00000000,2025-12-14T15:16:37.452Z,2025-12-14T15:16:37.452Z
38,0x000a,-1.50101,0x00000000,2025-12-14T15:16:37.452Z,2025-12-14T15:16:37.452Z
37,0x000a,-2.70182,0x00000000,2025-12-14T15:16:37.452Z,2025-12-14T15:16:37.452Z
36,0x000a,-2.30548,0x00000000,2025-12-14T15:16:37.452Z,2025-12-14T15:16:37.452Z
35,0x000a,-1.66353,0x00000000,2025-12-14T15:16:37.452Z,2025-12-14T15:16:37.452Z
34,0x000a,-2.97366,0x00000000,2025-12-14T15:16:37.452Z,2025-12-14T15:16:37.452Z
26,0x000a,2.81973,0x00000000,2025-12-14T15:16:37.452Z,2025-12-14T15:16:37.452Z
25,0x000a,3.57964,0x00000000,2025-12-14T15:16:37.452Z,2025-12-14T15:16:37.452Z
24,0x000a,2.1998,0x00000000,2025-12-14T15:16:37.452Z,2025-12-14T15:16:37.452Z
23,0x000a,-2.30548,0x00000000,2025-12-14T15:16:37.452Z,2025-12-14T15:16:37.452Z
22,0x000a,-1.66353,0x00000000,2025-12-14T15:16:37.452Z,2025-12-14T15:16:37.452Z
21,0x000a,-2.97366,0x00000000,2025-12-14T15:16:37.452Z,2025-12-14T15:16:37.452Z
8,0x0004,7796,0x00000000,2025-12-14T15:16:37.452Z,2025-12-14T15:16:37.452Z
7,0x0004,9897,0x00000000,2025-12-14T15:16:37.452Z,2025-12-14T15:16:37.452Z
6,0x0004,6082,0x00000000,2025-12-14T15:16:37.452Z,2025-12-14T15:16:37.452Z
39,0x000a,-2.10142,0x00000000,2025-12-14T15:16:37.552Z,2025-12-14T15:16:37.552Z
39,0x000a,-2.0978,0x00000000,2025-12-14T15:16:37.650Z,2025-12-14T15:16:37.650Z
38,0x000a,-1.50101,0x00000000,2025-12-14T15:16:37.552Z,2025-12-14T15:16:37.552Z
38,0x000a,-1.59867,0x00000000,2025-12-14T15:16:37.650Z,2025-12-14T15:16:37.650Z
37,0x000a,-2.79948,0x00000000,2025-12-14T15:16:37.552Z,2025-12-14T15:16:37.552Z
37,0x000a,-2.69821,0x00000000,2025-12-14T15:16:37.650Z,2025-12-14T15:16:37.650Z
36,0x000a,-2.20164,0x00000000,2025-12-14T15:16:37.552Z,2025-12-14T15:16:37.552Z
36,0x000a,-2.15153,0x00000000,2025-12-14T15:16:37.650Z,2025-12-14T15:16:37.650Z
35,0x000a,-1.58227,0x00000000,2025-12-14T15:16:37.552Z,2025-12-14T15:16:37.552Z
35,0x000a,-1.54164,0x00000000,2025-12-14T15:16:37.650Z,2025-12-14T15:16:37.650Z
34,0x000a,-2.83774,0x00000000,2025-12-14T15:16:37.552Z,2025-12-14T15:16:37.552Z
34,0x000a,-2.81861,0x00000000,2025-12-14T15:16:37.650Z,2025-12-14T15:16:37.650Z
26,0x000a,2.60995,0x00000000,2025-12-14T15:16:37.552Z,2025-12-14T15:16:37.552Z
26,0x000a,2.3499,0x00000000,2025-12-14T15:16:37.650Z,2025-12-14T15:16:37.650Z
25,0x000a,3.41978,0x00000000,2025-12-14T15:16:37.552Z,2025-12-14T15:16:37.552Z
25,0x000a,3.23966,0x00000000,2025-12-14T15:16:37.650Z,2025-12-14T15:16:37.650Z
24,0x000a,1.92998,0x00000000,2025-12-14T15:16:37.552Z,2025-12-14T15:16:37.552Z
24,0x000a,1.59975,0x00000000,2025-12-14T15:16:37.650Z,2025-12-14T15:16:37.650Z
23,0x000a,-2.20164,0x00000000,2025-12-14T15:16:37.552Z,2025-12-14T15:16:37.552Z
23,0x000a,-2.15153,0x00000000,2025-12-14T15:16:37.650Z,2025-12-14T15:16:37.650Z
22,0x000a,-1.58227,0x00000000,2025-12-14T15:16:37.552Z,2025-12-14T15:16:37.552Z
22,0x000a,-1.54164,0x00000000,2025-12-14T15:16:37.650Z,2025-12-14T15:16:37.650Z
21,0x000a,-2.83774,0x00000000,2025-12-14T15:16:37.552Z,2025-12-14T15:16:37.552Z
21,0x000a,-2.81861,0x00000000,2025-12-14T15:16:37.650Z,2025-12-14T15:16:37.650Z
8,0x0004,7216,0x00000000,2025-12-14T15:16:37.552Z,2025-12-14T15:16:37.552Z
8,0x0004,6497,0x00000000,2025-12-14T15:16:37.650Z,2025-12-14T15:16:37.650Z
7,0x0004,9455,0x00000000,2025-12-14T15:16:37.552Z,2025-12-14T15:16:37.552Z
7,0x0004,8957,0x00000000,2025-12-14T15:16:37.650Z,2025-12-14T15:16:37.650Z
6,0x0004,5336,0x00000000,2025-12-14T15:16:37.552Z,2025-12-14T15:16:37.552Z
6,0x0004,4423,0x00000000,2025-12-14T15:16:37.650Z,2025-12-14T15:16:37.650Z
39,0x000a,-2.60055,0x00000000,2025-12-14T15:16:37.750Z,2025-12-14T15:16:37.750Z
38,0x000a,-1.80121,0x00000000,2025-12-14T15:16:37.750Z,2025-12-14T15:16:37.750Z
37,0x000a,-3.30223,0x00000000,2025-12-14T15:16:37.750Z,2025-12-14T15:16:37.750Z
36,0x000a,-2.12467,0x00000000,2025-12-14T15:16:37.750Z,2025-12-14T15:16:37.750Z
35,0x000a,-1.57016,0x00000000,2025-12-14T15:16:37.750Z,2025-12-14T15:16:37.750Z
34,0x000a,-2.75841,0x00000000,2025-12-14T15:16:37.750Z,2025-12-14T15:16:37.750Z
26,0x000a,2.13976,0x00000000,2025-12-14T15:16:37.750Z,2025-12-14T15:16:37.750Z
25,0x000a,3.08992,0x00000000,2025-12-14T15:16:37.750Z,2025-12-14T15:16:37.750Z
24,0x000a,1.31981,0x00000000,2025-12-14T15:16:37.750Z,2025-12-14T15:16:37.750Z
23,0x000a,-2.12467,0x00000000,2025-12-14T15:16:37.750Z,2025-12-14T15:16:37.750Z
22,0x000a,-1.57016,0x00000000,2025-12-14T15:16:37.750Z,2025-12-14T15:16:37.750Z
21,0x000a,-2.75841,0x00000000,2025-12-14T15:16:37.750Z,2025-12-14T15:16:37.750Z
8,0x0004,5916,0x00000000,2025-12-14T15:16:37.750Z,2025-12-14T15:16:37.750Z
7,0x0004,8543,0x00000000,2025-12-14T15:16:37.750Z,2025-12-14T15:16:37.750Z
6,0x0004,3649,0x00000000,2025-12-14T15:16:37.750Z,2025-12-14T15:16:37.750Z
39,0x000a,-2.10142,0x00000000,2025-12-14T15:16:37.852Z,2025-12-14T15:16:37.852Z
38,0x000a,-1.4974,0x00000000,2025-12-14T15:16:37.852Z,2025-12-14T15:16:37.852Z
37,0x000a,-2.79948,0x00000000,2025-12-14T15:16:37.852Z,2025-12-14T15:16:37.852Z
36,0x000a,-2.36261,0x00000000,2025-12-14T15:16:37.852Z,2025-12-14T15:16:37.852Z
35,0x000a,-1.68568,0x00000000,2025-12-14T15:16:37.852Z,2025-12-14T15:16:37.852Z
34,0x000a,-3.03032,0x00000000,2025-12-14T15:16:37.852Z,2025-12-14T15:16:37.852Z
23,0x000a,-2.36261,0x00000000,2025-12-14T15:16:37.852Z,2025-12-14T15:16:37.852Z
22,0x000a,-1.68568,0x00000000,2025-12-14T15:16:37.852Z,2025-12-14T15:16:37.852Z
21,0x000a,-3.03032,0x00000000,2025-12-14T15:16:37.852Z,2025-12-14T15:16:37.852Z
36,0x000a,-2.23201,0x00000000,2025-12-14T15:16:37.951Z,2025-12-14T15:16:37.951Z
35,0x000a,-1.59154,0x00000000,2025-12-14T15:16:37.951Z,2025-12-14T15:16:37.951Z
34,0x000a,-2.9149,0x00000000,2025-12-14T15:16:37.951Z,2025-12-14T15:16:37.951Z
26,0x000a,1.91985,0x00000000,2025-12-14T15:16:37.951Z,2025-12-14T15:16:37.951Z
25,0x000a,2.92969,0x00000000,2025-12-14T15:16:37.951Z,2025-12-14T15:16:37.951Z
24,0x000a,1.03986,0x00000000,2025-12-14T15:16:37.951Z,2025-12-14T15:16:37.951Z
23,0x000a,-2.23201,0x00000000,2025-12-14T15:16:37.951Z,2025-12-14T15:16:37.951Z
22,0x000a,-1.59154,0x00000000,2025-12-14T15:16:37.951Z,2025-12-14T15:16:37.951Z
21,0x000a,-2.9149,0x00000000,2025-12-14T15:16:37.951Z,2025-12-14T15:16:37.951Z
8,0x0004,5308,0x00000000,2025-12-14T15:16:37.951Z,2025-12-14T15:16:37.951Z
7,0x0004,8100,0x00000000,2025-12-14T15:16:37.951Z,2025-12-14T15:16:37.951Z
6,0x0004,2875,0x00000000,2025-12-14T15:16:37.951Z,2025-12-14T15:16:37.951Z
39,0x000a,-4.30049,0x00000000,2025-12-14T15:16:38.052Z,2025-12-14T15:16:38.052Z
38,0x000a,-3.09968,0x00000000,2025-12-14T15:16:38.052Z,2025-12-14T15:16:38.052Z
37,0x000a,-5.5013,0x00000000,2025-12-14T15:16:38.052Z,2025-12-14T15:16:38.052Z
26,0x000a,1.70971,0x00000000,2025-12-14T15:16:38.052Z,2025-12-14T15:16:38.052Z
25,0x000a,2.77995,0x00000000,2025-12-14T15:16:38.052Z,2025-12-14T15:16:38.052Z
24,0x000a,0.769676,0x00000000,2025-12-14T15:16:38.052Z,2025-12-14T15:16:38.052Z
8,0x0004,4727,0x00000000,2025-12-14T15:16:38.052Z,2025-12-14T15:16:38.052Z
7,0x0004,7686,0x00000000,2025-12-14T15:16:38.052Z,2025-12-14T15:16:38.052Z
6,0x0004,2128,0x00000000,2025-12-14T15:16:38.052Z,2025-12-14T15:16:38.052Z
39,0x000a,-2.0978,0x00000000,2025-12-14T15:16:38.152Z,2025-12-14T15:16:38.152Z
38,0x000a,-1.50101,0x00000000,2025-12-14T15:16:38.152Z,2025-12-14T15:16:38.152Z
37,0x000a,-2.79948,0x00000000,2025-12-14T15:16:38.152Z,2025-12-14T15:16:38.152Z
36,0x000a,-3.26625,0x00000000,2025-12-14T15:16:38.152Z,2025-12-14T15:16:38.152Z
35,0x000a,-2.34561,0x00000000,2025-12-14T15:16:38.152Z,2025-12-14T15:16:38.152Z
34,0x000a,-4.2081,0x00000000,2025-12-14T15:16:38.152Z,2025-12-14T15:16:38.152Z
26,0x000a,1.49993,0x00000000,2025-12-14T15:16:38.152Z,2025-12-14T15:16:38.152Z
25,0x000a,2.62985,0x00000000,2025-12-14T15:16:38.152Z,2025-12-14T15:16:38.152Z
24,0x000a,0.489728,0x00000000,2025-12-14T15:16:38.152Z,2025-12-14T15:16:38.152Z
23,0x000a,-3.26625,0x00000000,2025-12-14T15:16:38.152Z,2025-12-14T15:16:38.152Z
22,0x000a,-2.34561,0x00000000,2025-12-14T15:16:38.152Z,2025-12-14T15:16:38.152Z
21,0x000a,-4.2081,0x00000000,2025-12-14T15:16:38.152Z,2025-12-14T15:16:38.152Z
8,0x0004,4147,0x00000000,2025-12-14T15:16:38.152Z,2025-12-14T15:16:38.152Z
7,0x0004,7271,0x00000000,2025-12-14T15:16:38.152Z,2025-12-14T15:16:38.152Z
6,0x0004,1354,0x00000000,2025-12-14T15:16:38.152Z,2025-12-14T15:16:38.152Z
39,0x000a,-2.60055,0x00000000,2025-12-14T15:16:38.250Z,2025-12-14T15:16:38.250Z
38,0x000a,-1.89887,0x00000000,2025-12-14T15:16:38.250Z,2025-12-14T15:16:38.250Z
37,0x000a,-3.29861,0x00000000,2025-12-14T15:16:38.250Z,2025-12-14T15:16:38.250Z
36,0x000a,-2.68203,0x00000000,2025-12-14T15:16:38.250Z,2025-12-14T15:16:38.250Z
35,0x000a,-1.92331,0x00000000,2025-12-14T15:16:38.250Z,2025-12-14T15:16:38.250Z
34,0x000a,-3.50379,0x00000000,2025-12-14T15:16:38.250Z,2025-12-14T15:16:38.250Z
26,0x000a,1.23987,0x00000000,2025-12-14T15:16:38.250Z,2025-12-14T15:16:38.250Z
25,0x000a,2.43996,0x00000000,2025-12-14T15:16:38.250Z,2025-12-14T15:16:38.250Z
24,0x000a,0.159867,0x00000000,2025-12-14T15:16:38.250Z,2025-12-14T15:16:38.250Z
23,0x000a,-2.68203,0x00000000,2025-12-14T15:16:38.250Z,2025-12-14T15:16:38.250Z
22,0x000a,-1.92331,0x00000000,2025-12-14T15:16:38.250Z,2025-12-14T15:16:38.250Z
21,0x000a,-3.50379,0x00000000,2025-12-14T15:16:38.250Z,2025-12-14T15:16:38.250Z
14,0x0001,false,0x00000000,2025-12-14T15:16:38.250Z,2025-12-14T15:16:38.250Z
8,0x0004,3428,0x00000000,2025-12-14T15:16:38.250Z,2025-12-14T15:16:38.250Z
7,0x0004,6746,0x00000000,2025-12-14T15:16:38.250Z,2025-12-14T15:16:38.250Z
6,0x0004,442,0x00000000,2025-12-14T15:16:38.250Z,2025-12-14T15:16:38.250Z
39,0x000a,-1.69994,0x00000000,2025-12-14T15:16:38.350Z,2025-12-14T15:16:38.350Z
38,0x000a,-1.20081,0x00000000,2025-12-14T15:16:38.350Z,2025-12-14T15:16:38.350Z
37,0x000a,-1.59867,0x00000000,2025-12-14T15:16:38.350Z,2025-12-14T15:16:38.350Z
36,0x000a,-2.64129,0x00000000,2025-12-14T15:16:38.350Z,2025-12-14T15:16:38.350Z
35,0x000a,-1.91109,0x00000000,2025-12-14T15:16:38.350Z,2025-12-14T15:16:38.350Z
34,0x000a,-3.4012,0x00000000,2025-12-14T15:16:38.350Z,2025-12-14T15:16:38.350Z
26,0x000a,1.06988,0x00000000,2025-12-14T15:16:38.350Z,2025-12-14T15:16:38.350Z
25,0x000a,2.31988,0x00000000,2025-12-14T15:16:38.350Z,2025-12-14T15:16:38.350Z
24,0x000a,0,0x00000000,2025-12-14T15:16:38.350Z,2025-12-14T15:16:38.350Z
23,0x000a,-2.64129,0x00000000,2025-12-14T15:16:38.350Z,2025-12-14T15:16:38.350Z
22,0x000a,-1.91109,0x00000000,2025-12-14T15:16:38.350Z,2025-12-14T15:16:38.350Z
21,0x000a,-3.4012,0x00000000,2025-12-14T15:16:38.350Z,2025-12-14T15:16:38.350Z
8,0x0004,2958,0x00000000,2025-12-14T15:16:38.350Z,2025-12-14T15:16:38.350Z
7,0x0004,6414,0x00000000,2025-12-14T15:16:38.350Z,2025-12-14T15:16:38.350Z
6,0x0004,0,0x00000000,2025-12-14T15:16:38.350Z,2025-12-14T15:16:38.350Z
39,0x000a,-2.49928,0x00000000,2025-12-14T15:16:38.453Z,2025-12-14T15:16:38.453Z
38,0x000a,-1.80121,0x00000000,2025-12-14T15:16:38.453Z,2025-12-14T15:16:38.453Z
37,0x000a,0,0x00000000,2025-12-14T15:16:38.453Z,2025-12-14T15:16:38.453Z
36,0x000a,-2.17062,0x00000000,2025-12-14T15:16:38.453Z,2025-12-14T15:16:38.453Z
35,0x000a,-1.55595,0x00000000,2025-12-14T15:16:38.453Z,2025-12-14T15:16:38.453Z
34,0x000a,-2.49993,0x00000000,2025-12-14T15:16:38.453Z,2025-12-14T15:16:38.453Z
26,0x000a,0.819951,0x00000000,2025-12-14T15:16:38.453Z,2025-12-14T15:16:38.453Z
25,0x000a,2.13976,0x00000000,2025-12-14T15:16:38.453Z,2025-12-14T15:16:38.453Z
23,0x000a,-2.17062,0x00000000,2025-12-14T15:16:38.453Z,2025-12-14T15:16:38.453Z
22,0x000a,-1.55595,0x00000000,2025-12-14T15:16:38.453Z,2025-12-14T15:16:38.453Z
21,0x000a,-2.49993,0x00000000,2025-12-14T15:16:38.453Z,2025-12-14T15:16:38.453Z
8,0x0004,2267,0x00000000,2025-12-14T15:16:38.453Z,2025-12-14T15:16:38.453Z
7,0x0004,5916,0x00000000,2025-12-14T15:16:38.453Z,2025-12-14T15:16:38.453Z
39,0x000a,-2.20269,0x00000000,2025-12-14T15:16:38.550Z,2025-12-14T15:16:38.550Z
38,0x000a,-1.59867,0x00000000,2025-12-14T15:16:38.550Z,2025-12-14T15:16:38.550Z
36,0x000a,-2.33495,0x00000000,2025-12-14T15:16:38.550Z,2025-12-14T15:16:38.550Z
35,0x000a,-1.67858,0x00000000,2025-12-14T15:16:38.550Z,2025-12-14T15:16:38.550Z
34,0x000a,-1.24997,0x00000000,2025-12-14T15:16:38.550Z,2025-12-14T15:16:38.550Z
26,0x000a,0.599682,0x00000000,2025-12-14T15:16:38.550Z,2025-12-14T15:16:38.550Z
25,0x000a,1.97989,0x00000000,2025-12-14T15:16:38.550Z,2025-12-14T15:16:38.550Z
23,0x000a,-2.33495,0x00000000,2025-12-14T15:16:38.550Z,2025-12-14T15:16:38.550Z
22,0x000a,-1.67858,0x00000000,2025-12-14T15:16:38.550Z,2025-12-14T15:16:38.550Z
21,0x000a,-1.24997,0x00000000,2025-12-14T15:16:38.550Z,2025-12-14T15:16:38.550Z
8,0x0004,1658,0x00000000,2025-12-14T15:16:38.550Z,2025-12-14T15:16:38.550Z
7,0x0004,5474,0x00000000,2025-12-14T15:16:38.550Z,2025-12-14T15:16:38.550Z
39,0x000a,-2.0978,0x00000000,2025-12-14T15:16:38.650Z,2025-12-14T15:16:38.650Z
38,0x000a,-1.50101,0x00000000,2025-12-14T15:16:38.650Z,2025-12-14T15:16:38.650Z
36,0x000a,-2.26882,0x00000000,2025-12-14T15:16:38.650Z,2025-12-14T15:16:38.650Z
35,0x000a,-1.63863,0x00000000,2025-12-14T15:16:38.650Z,2025-12-14T15:16:38.650Z
34,0x000a,-0.624984,0x00000000,2025-12-14T15:16:38.650Z,2025-12-14T15:16:38.650Z
26,0x000a,0.389902,0x00000000,2025-12-14T15:16:38.650Z,2025-12-14T15:16:38.650Z
25,0x000a,1.82979,0x00000000,2025-12-14T15:16:38.650Z,2025-12-14T15:16:38.650Z
23,0x000a,-2.26882,0x00000000,2025-12-14T15:16:38.650Z,2025-12-14T15:16:38.650Z
22,0x000a,-1.63863,0x00000000,2025-12-14T15:16:38.650Z,2025-12-14T15:16:38.650Z
21,0x000a,-0.624984,0x00000000,2025-12-14T15:16:38.650Z,2025-12-14T15:16:38.650Z
8,0x0004,1078,0x00000000,2025-12-14T15:16:38.650Z,2025-12-14T15:16:38.650Z
7,0x0004,5059,0x00000000,2025-12-14T15:16:38.650Z,2025-12-14T15:16:38.650Z
40,0x0001,true,0x00000000,2025-12-14T15:16:38.752Z,2025-12-14T15:16:38.752Z
39,0x000a,-2.10142,0x00000000,2025-12-14T15:16:38.752Z,2025-12-14T15:16:38.752Z
38,0x000a,-1.50101,0x00000000,2025-12-14T15:16:38.752Z,2025-12-14T15:16:38.752Z
36,0x000a,-2.18331,0x00000000,2025-12-14T15:16:38.752Z,2025-12-14T15:16:38.752Z
35,0x000a,-1.56982,0x00000000,2025-12-14T15:16:38.752Z,2025-12-14T15:16:38.752Z
34,0x000a,-0.312492,0x00000000,2025-12-14T15:16:38.752Z,2025-12-14T15:16:38.752Z
26,0x000a,0.17976,0x00000000,2025-12-14T15:16:38.752Z,2025-12-14T15:16:38.752Z
25,0x000a,1.67969,0x00000000,2025-12-14T15:16:38.752Z,2025-12-14T15:16:38.752Z
23,0x000a,-2.18331,0x00000000,2025-12-14T15:16:38.752Z,2025-12-14T15:16:38.752Z
22,0x000a,-1.56982,0x00000000,2025-12-14T15:16:38.752Z,2025-12-14T15:16:38.752Z
21,0x000a,-0.312492,0x00000000,2025-12-14T15:16:38.752Z,2025-12-14T15:16:38.752Z
18,0x0001,false,0x00000000,2025-12-14T15:16:38.752Z,2025-12-14T15:16:38.752Z
8,0x0004,497,0x00000000,2025-12-14T15:16:38.752Z,2025-12-14T15:16:38.752Z
7,0x0004,4644,0x00000000,2025-12-14T15:16:38.752Z,2025-12-14T15:16:38.752Z
26,0x000a,0.00976562,0x00000000,2025-12-14T15:16:38.850Z,2025-12-14T15:16:38.850Z
25,0x000a,1.51982,0x00000000,2025-12-14T15:16:38.850Z,2025-12-14T15:16:38.850Z
8,0x0004,27,0x00000000,2025-12-14T15:16:38.850Z,2025-12-14T15:16:38.850Z
7,0x0004,4202,0x00000000,2025-12-14T15:16:38.850Z,2025-12-14T15:16:38.850Z
39,0x000a,-1.69994,0x00000000,2025-12-14T15:16:38.950Z,2025-12-14T15:16:38.950Z
38,0x000a,-1.59867,0x00000000,2025-12-14T15:16:38.950Z,2025-12-14T15:16:38.950Z
36,0x000a,-2.14236,0x00000000,2025-12-14T15:16:38.950Z,2025-12-14T15:16:38.950Z
35,0x000a,-1.53542,0x00000000,2025-12-14T15:16:38.950Z,2025-12-14T15:16:38.950Z
34,0x000a,-0.156246,0x00000000,2025-12-14T15:16:38.950Z,2025-12-14T15:16:38.950Z
25,0x000a,1.36972,0x00000000,2025-12-14T15:16:38.950Z,2025-12-14T15:16:38.950Z
23,0x000a,-2.14236,0x00000000,2025-12-14T15:16:38.950Z,2025-12-14T15:16:38.950Z
22,0x000a,-1.53542,0x00000000,2025-12-14T15:16:38.950Z,2025-12-14T15:16:38.950Z
21,0x000a,-0.156246,0x00000000,2025-12-14T15:16:38.950Z,2025-12-14T15:16:38.950Z
7,0x0004,3787,0x00000000,2025-12-14T15:16:38.950Z,2025-12-14T15:16:38.950Z
39,0x000a,0,0x00000000,2025-12-14T15:16:39.050Z,2025-12-14T15:16:39.050Z
38,0x000a,-1.50101,0x00000000,2025-12-14T15:16:39.050Z,2025-12-14T15:16:39.050Z
36,0x000a,-1.92115,0x00000000,2025-12-14T15:16:39.050Z,2025-12-14T15:16:39.050Z
35,0x000a,-1.56704,0x00000000,2025-12-14T15:16:39.050Z,2025-12-14T15:16:39.050Z
34,0x000a,-0.078123,0x00000000,2025-12-14T15:16:39.050Z,2025-12-14T15:16:39.050Z
25,0x000a,1.17983,0x00000000,2025-12-14T15:16:39.050Z,2025-12-14T15:16:39.050Z
23,0x000a,-1.92115,0x00000000,2025-12-14T15:16:39.050Z,2025-12-14T15:16:39.050Z
22,0x000a,-1.56704,0x00000000,2025-12-14T15:16:39.050Z,2025-12-14T15:16:39.050Z
21,0x000a,-0.078123,0x00000000,2025-12-14T15:16:39.050Z,2025-12-14T15:16:39.050Z
7,0x0004,3262,0x00000000,2025-12-14T15:16:39.050Z,2025-12-14T15:16:39.050Z
38,0x000a,-3.39988,0x00000000,2025-12-14T15:16:39.152Z,2025-12-14T15:16:39.152Z
36,0x000a,-0.960576,0x00000000,2025-12-14T15:16:39.152Z,2025-12-14T15:16:39.152Z
35,0x000a,-1.53403,0x00000000,2025-12-14T15:16:39.152Z,2025-12-14T15:16:39.152Z
34,0x000a,-0.0390615,0x00000000,2025-12-14T15:16:39.152Z,2025-12-14T15:16:39.152Z
25,0x000a,1.02973,0x00000000,2025-12-14T15:16:39.152Z,2025-12-14T15:16:39.152Z
23,0x000a,-0.960576,0x00000000,2025-12-14T15:16:39.152Z,2025-12-14T15:16:39.152Z
22,0x000a,-1.53403,0x00000000,2025-12-14T15:16:39.152Z,2025-12-14T15:16:39.152Z
21,0x000a,-0.0390615,0x00000000,2025-12-14T15:16:39.152Z,2025-12-14T15:16:39.152Z
7,0x0004,2847,0x00000000,2025-12-14T15:16:39.152Z,2025-12-14T15:16:39.152Z
42,0x0001,true,0x00000000,2025-12-14T15:16:39.252Z,2025-12-14T15:16:39.252Z
38,0x000a,-1.4974,0x00000000,2025-12-14T15:16:39.252Z,2025-12-14T15:16:39.252Z
36,0x000a,-0.480288,0x00000000,2025-12-14T15:16:39.252Z,2025-12-14T15:16:39.252Z
35,0x000a,-2.46696,0x00000000,2025-12-14T15:16:39.252Z,2025-12-14T15:16:39.252Z
34,0x000a,-0.0195307,0x00000000,2025-12-14T15:16:39.252Z,2025-12-14T15:16:39.252Z
25,0x000a,0.879991,0x00000000,2025-12-14T15:16:39.252Z,2025-12-14T15:16:39.252Z
23,0x000a,-0.480288,0x00000000,2025-12-14T15:16:39.252Z,2025-12-14T15:16:39.252Z
22,0x000a,-2.46696,0x00000000,2025-12-14T15:16:39.252Z,2025-12-14T15:16:39.252Z
21,0x000a,-0.0195307,0x00000000,2025-12-14T15:16:39.252Z,2025-12-14T15:16:39.252Z
7,0x0004,2433,0x00000000,2025-12-14T15:16:39.252Z,2025-12-14T15:16:39.252Z
38,0x000a,-1.60229,0x00000000,2025-12-14T15:16:39.350Z,2025-12-14T15:16:39.350Z
38,0x000a,-1.50101,0x00000000,2025-12-14T15:16:39.451Z,2025-12-14T15:16:39.451Z
36,0x000a,-0.240144,0x00000000,2025-12-14T15:16:39.350Z,2025-12-14T15:16:39.350Z
36,0x000a,-0.120072,0x00000000,2025-12-14T15:16:39.451Z,2025-12-14T15:16:39.451Z
35,0x000a,-1.98218,0x00000000,2025-12-14T15:16:39.350Z,2025-12-14T15:16:39.350Z
35,0x000a,-1.79223,0x00000000,2025-12-14T15:16:39.451Z,2025-12-14T15:16:39.451Z
34,0x000a,-0.00976537,0x00000000,2025-12-14T15:16:39.350Z,2025-12-14T15:16:39.350Z
34,0x000a,-0.00488268,0x00000000,2025-12-14T15:16:39.451Z,2025-12-14T15:16:39.451Z
25,0x000a,0.719763,0x00000000,2025-12-14T15:16:39.350Z,2025-12-14T15:16:39.350Z
25,0x000a,0.569661,0x00000000,2025-12-14T15:16:39.451Z,2025-12-14T15:16:39.451Z
23,0x000a,-0.240144,0x00000000,2025-12-14T15:16:39.350Z,2025-12-14T15:16:39.350Z
23,0x000a,-0.120072,0x00000000,2025-12-14T15:16:39.451Z,2025-12-14T15:16:39.451Z
22,0x000a,-1.98218,0x00000000,2025-12-14T15:16:39.350Z,2025-12-14T15:16:39.350Z
22,0x000a,-1.79223,0x00000000,2025-12-14T15:16:39.451Z,2025-12-14T15:16:39.451Z
21,0x000a,-0.00976537,0x00000000,2025-12-14T15:16:39.350Z,2025-12-14T15:16:39.350Z
21,0x000a,-0.00488268,0x00000000,2025-12-14T15:16:39.451Z,2025-12-14T15:16:39.451Z
7,0x0004,1990,0x00000000,2025-12-14T15:16:39.350Z,2025-12-14T15:16:39.350Z
7,0x0004,1575,0x00000000,2025-12-14T15:16:39.451Z,2025-12-14T15:16:39.451Z
38,0x000a,-1.7976,0x00000000,2025-12-14T15:16:39.550Z,2025-12-14T15:16:39.550Z
36,0x000a,-0.060036,0x00000000,2025-12-14T15:16:39.550Z,2025-12-14T15:16:39.550Z
35,0x000a,-1.64662,0x00000000,2025-12-14T15:16:39.550Z,2025-12-14T15:16:39.550Z
34,0x000a,-0.00244134,0x00000000,2025-12-14T15:16:39.550Z,2025-12-14T15:16:39.550Z
25,0x000a,0.389902,0x00000000,2025-12-14T15:16:39.550Z,2025-12-14T15:16:39.550Z
23,0x000a,-0.060036,0x00000000,2025-12-14T15:16:39.550Z,2025-12-14T15:16:39.550Z
22,0x000a,-1.64662,0x00000000,2025-12-14T15:16:39.550Z,2025-12-14T15:16:39.550Z
21,0x000a,-0.00244134,0x00000000,2025-12-14T15:16:39.550Z,2025-12-14T15:16:39.550Z
7,0x0004,1078,0x00000000,2025-12-14T15:16:39.550Z,2025-12-14T15:16:39.550Z
36,0x000a,-0.030018,0x00000000,2025-12-14T15:16:39.651Z,2025-12-14T15:16:39.651Z
35,0x000a,-1.72211,0x00000000,2025-12-14T15:16:39.651Z,2025-12-14T15:16:39.651Z
34,0x000a,-0.00122067,0x00000000,2025-12-14T15:16:39.651Z,2025-12-14T15:16:39.651Z
25,0x000a,0.229673,0x00000000,2025-12-14T15:16:39.651Z,2025-12-14T15:16:39.651Z
23,0x000a,-0.030018,0x00000000,2025-12-14T15:16:39.651Z,2025-12-14T15:16:39.651Z
22,0x000a,-1.72211,0x00000000,2025-12-14T15:16:39.651Z,2025-12-14T15:16:39.651Z
21,0x000a,-0.00122067,0x00000000,2025-12-14T15:16:39.651Z,2025-12-14T15:16:39.651Z
16,0x0001,false,0x00000000,2025-12-14T15:16:39.651Z,2025-12-14T15:16:39.651Z
7,0x0004,635,0x00000000,2025-12-14T15:16:39.651Z,2025-12-14T15:16:39.651Z
38,0x000a,-1.60229,0x00000000,2025-12-14T15:16:39.752Z,2025-12-14T15:16:39.752Z
25,0x000a,0.0799334,0x00000000,2025-12-14T15:16:39.752Z,2025-12-14T15:16:39.752Z
7,0x0004,221,0x00000000,2025-12-14T15:16:39.752Z,2025-12-14T15:16:39.752Z
38,0x000a,-1.4974,0x00000000,2025-12-14T15:16:39.850Z,2025-12-14T15:16:39.850Z
36,0x000a,-0.015009,0x00000000,2025-12-14T15:16:39.850Z,2025-12-14T15:16:39.850Z
35,0x000a,-1.6622,0x00000000,2025-12-14T15:16:39.850Z,2025-12-14T15:16:39.850Z
34,0x000a,-0.000610336,0x00000000,2025-12-14T15:16:39.850Z,2025-12-14T15:16:39.850Z
25,0x000a,0.0198929,0x00000000,2025-12-14T15:16:39.850Z,2025-12-14T15:16:39.850Z
23,0x000a,-0.015009,0x00000000,2025-12-14T15:16:39.850Z,2025-12-14T15:16:39.850Z
22,0x000a,-1.6622,0x00000000,2025-12-14T15:16:39.850Z,2025-12-14T15:16:39.850Z
21,0x000a,-0.000610336,0x00000000,2025-12-14T15:16:39.850Z,2025-12-14T15:16:39.850Z
7,0x0004,55,0x00000000,2025-12-14T15:16:39.850Z,2025-12-14T15:16:39.850Z
38,0x000a,-0.600405,0x00000000,2025-12-14T15:16:39.950Z,2025-12-14T15:16:39.950Z
36,0x000a,-0.0075045,0x00000000,2025-12-14T15:16:39.950Z,2025-12-14T15:16:39.950Z
35,0x000a,-1.5798,0x00000000,2025-12-14T15:16:39.950Z,2025-12-14T15:16:39.950Z
34,0x000a,-0.000305168,0x00000000,2025-12-14T15:16:39.950Z,2025-12-14T15:16:39.950Z
23,0x000a,-0.0075045,0x00000000,2025-12-14T15:16:39.950Z,2025-12-14T15:16:39.950Z
22,0x000a,-1.5798,0x00000000,2025-12-14T15:16:39.950Z,2025-12-14T15:16:39.950Z
21,0x000a,-0.000305168,0x00000000,2025-12-14T15:16:39.950Z,2025-12-14T15:16:39.950Z
38,0x000a,0,0x00000000,2025-12-14T15:16:40.050Z,2025-12-14T15:16:40.050Z
36,0x000a,-0.00375225,0x00000000,2025-12-14T15:16:40.050Z,2025-12-14T15:16:40.050Z
35,0x000a,-1.0901,0x00000000,2025-12-14T15:16:40.050Z,2025-12-14T15:16:40.050Z
34,0x000a,-0.000152584,0x00000000,2025-12-14T15:16:40.050Z,2025-12-14T15:16:40.050Z
23,0x000a,-0.00375225,0x00000000,2025-12-14T15:16:40.050Z,2025-12-14T15:16:40.050Z
22,0x000a,-1.0901,0x00000000,2025-12-14T15:16:40.050Z,2025-12-14T15:16:40.050Z
21,0x000a,-0.000152584,0x00000000,2025-12-14T15:16:40.050Z,2025-12-14T15:16:40.050Z
42,0x0001,false,0x00000000,2025-12-14T15:16:40.152Z,2025-12-14T15:16:40.152Z
40,0x0001,false,0x00000000,2025-12-14T15:16:40.152Z,2025-12-14T15:16:40.152Z
36,0x000a,-0.00187613,0x00000000,2025-12-14T15:16:40.152Z,2025-12-14T15:16:40.152Z
35,0x000a,-0.545051,0x00000000,2025-12-14T15:16:40.152Z,2025-12-14T15:16:40.152Z
34,0x000a,-7.6292e-05,0x00000000,2025-12-14T15:16:40.152Z,2025-12-14T15:16:40.152Z
23,0x000a,-0.00187613,0x00000000,2025-12-14T15:16:40.152Z,2025-12-14T15:16:40.152Z
22,0x000a,-0.545051,0x00000000,2025-12-14T15:16:40.152Z,2025-12-14T15:16:40.152Z
21,0x000a,-7.6292e-05,0x00000000,2025-12-14T15:16:40.152Z,2025-12-14T15:16:40.152Z
17,0x0001,true,0x00000000,2025-12-14T15:16:40.152Z,2025-12-14T15:16:40.152Z
15,0x0001,true,0x00000000,2025-12-14T15:16:40.152Z,2025-12-14T15:16:40.152Z
13,0x0001,true,0x00000000,2025-12-14T15:16:40.152Z,2025-12-14T15:16:40.152Z
4,0x000a,10,0x00000000,2025-12-14T15:16:40.152Z,2025-12-14T15:16:40.152Z
3,0x000a,9,0x00000000,2025-12-14T15:16:40.152Z,2025-12-14T15:16:40.152Z
2,0x000a,8,0x00000000,2025-12-14T15:16:40.152Z,2025-12-14T15:16:40.152Z
36,0x000a,-0.000938063,0x00000000,2025-12-14T15:16:40.251Z,2025-12-14T15:16:40.251Z
35,0x000a,-0.272525,0x00000000,2025-12-14T15:16:40.251Z,2025-12-14T15:16:40.251Z
34,0x000a,-3.8146e-05,0x00000000,2025-12-14T15:16:40.251Z,2025-12-14T15:16:40.251Z
23,0x000a,-0.000938063,0x00000000,2025-12-14T15:16:40.251Z,2025-12-14T15:16:40.251Z
22,0x000a,-0.272525,0x00000000,2025-12-14T15:16:40.251Z,2025-12-14T15:16:40.251Z
21,0x000a,-3.8146e-05,0x00000000,2025-12-14T15:16:40.251Z,2025-12-14T15:16:40.251Z
39,0x000a,0.701678,0x00000000,2025-12-14T15:16:40.351Z,2025-12-14T15:16:40.351Z
38,0x000a,0.900608,0x00000000,2025-12-14T15:16:40.351Z,2025-12-14T15:16:40.351Z
37,0x000a,1.59867,0x00000000,2025-12-14T15:16:40.351Z,2025-12-14T15:16:40.351Z
36,0x000a,-0.000469031,0x00000000,2025-12-14T15:16:40.351Z,2025-12-14T15:16:40.351Z
35,0x000a,-0.136263,0x00000000,2025-12-14T15:16:40.351Z,2025-12-14T15:16:40.351Z
34,0x000a,-1.9073e-05,0x00000000,2025-12-14T15:16:40.351Z,2025-12-14T15:16:40.351Z
26,0x000a,0.0799334,0x00000000,2025-12-14T15:16:40.351Z,2025-12-14T15:16:40.351Z
25,0x000a,0.109954,0x00000000,2025-12-14T15:16:40.351Z,2025-12-14T15:16:40.351Z
24,0x000a,0.159867,0x00000000,2025-12-14T15:16:40.351Z,2025-12-14T15:16:40.351Z
23,0x000a,-0.000469031,0x00000000,2025-12-14T15:16:40.351Z,2025-12-14T15:16:40.351Z
22,0x000a,-0.136263,0x00000000,2025-12-14T15:16:40.351Z,2025-12-14T15:16:40.351Z
21,0x000a,-1.9073e-05,0x00000000,2025-12-14T15:16:40.351Z,2025-12-14T15:16:40.351Z
8,0x0004,221,0x00000000,2025-12-14T15:16:40.351Z,2025-12-14T15:16:40.351Z
7,0x0004,304,0x00000000,2025-12-14T15:16:40.351Z,2025-12-14T15:16:40.351Z
6,0x0004,442,0x00000000,2025-12-14T15:16:40.351Z,2025-12-14T15:16:40.351Z
36,0x000a,0.350605,0x00000000,2025-12-14T15:16:40.450Z,2025-12-14T15:16:40.450Z
35,0x000a,0.382173,0x00000000,2025-12-14T15:16:40.450Z,2025-12-14T15:16:40.450Z
34,0x000a,0.799325,0x00000000,2025-12-14T15:16:40.450Z,2025-12-14T15:16:40.450Z
26,0x000a,0.289714,0x00000000,2025-12-14T15:16:40.450Z,2025-12-14T15:16:40.450Z
25,0x000a,0.259693,0x00000000,2025-12-14T15:16:40.450Z,2025-12-14T15:16:40.450Z
24,0x000a,0.439815,0x00000000,2025-12-14T15:16:40.450Z,2025-12-14T15:16:40.450Z
23,0x000a,0.350605,0x00000000,2025-12-14T15:16:40.450Z,2025-12-14T15:16:40.450Z
22,0x000a,0.382173,0x00000000,2025-12-14T15:16:40.450Z,2025-12-14T15:16:40.450Z
21,0x000a,0.799325,0x00000000,2025-12-14T15:16:40.450Z,2025-12-14T15:16:40.450Z
8,0x0004,801,0x00000000,2025-12-14T15:16:40.450Z,2025-12-14T15:16:40.450Z
7,0x0004,718,0x00000000,2025-12-14T15:16:40.450Z,2025-12-14T15:16:40.450Z
6,0x0004,1216,0x00000000,2025-12-14T15:16:40.450Z,2025-12-14T15:16:40.450Z
39,0x000a,2.0978,0x00000000,2025-12-14T15:16:40.552Z,2025-12-14T15:16:40.552Z
38,0x000a,1.4974,0x00000000,2025-12-14T15:16:40.552Z,2025-12-14T15:16:40.552Z
37,0x000a,2.79948,0x00000000,2025-12-14T15:16:40.552Z,2025-12-14T15:16:40.552Z
26,0x000a,0.509983,0x00000000,2025-12-14T15:16:40.552Z,2025-12-14T15:16:40.552Z
25,0x000a,0.419922,0x00000000,2025-12-14T15:16:40.552Z,2025-12-14T15:16:40.552Z
24,0x000a,0.709997,0x00000000,2025-12-14T15:16:40.552Z,2025-12-14T15:16:40.552Z
8,0x0004,1410,0x00000000,2025-12-14T15:16:40.552Z,2025-12-14T15:16:40.552Z
7,0x0004,1161,0x00000000,2025-12-14T15:16:40.552Z,2025-12-14T15:16:40.552Z
6,0x0004,1963,0x00000000,2025-12-14T15:16:40.552Z,2025-12-14T15:16:40.552Z
39,0x000a,2.20269,0x00000000,2025-12-14T15:16:40.650Z,2025-12-14T15:16:40.650Z
38,0x000a,1.60229,0x00000000,2025-12-14T15:16:40.650Z,2025-12-14T15:16:40.650Z
37,0x000a,2.70182,0x00000000,2025-12-14T15:16:40.650Z,2025-12-14T15:16:40.650Z
36,0x000a,1.2242,0x00000000,2025-12-14T15:16:40.650Z,2025-12-14T15:16:40.650Z
35,0x000a,0.939784,0x00000000,2025-12-14T15:16:40.650Z,2025-12-14T15:16:40.650Z
34,0x000a,1.7994,0x00000000,2025-12-14T15:16:40.650Z,2025-12-14T15:16:40.650Z
26,0x000a,0.75991,0x00000000,2025-12-14T15:16:40.650Z,2025-12-14T15:16:40.650Z
25,0x000a,0.599682,0x00000000,2025-12-14T15:16:40.650Z,2025-12-14T15:16:40.650Z
24,0x000a,1.03986,0x00000000,2025-12-14T15:16:40.650Z,2025-12-14T15:16:40.650Z
23,0x000a,1.2242,0x00000000,2025-12-14T15:16:40.650Z,2025-12-14T15:16:40.650Z
22,0x000a,0.939784,0x00000000,2025-12-14T15:16:40.650Z,2025-12-14T15:16:40.650Z
21,0x000a,1.7994,0x00000000,2025-12-14T15:16:40.650Z,2025-12-14T15:16:40.650Z
8,0x0004,2101,0x00000000,2025-12-14T15:16:40.650Z,2025-12-14T15:16:40.650Z
7,0x0004,1658,0x00000000,2025-12-14T15:16:40.650Z,2025-12-14T15:16:40.650Z
6,0x0004,2875,0x00000000,2025-12-14T15:16:40.650Z,2025-12-14T15:16:40.650Z
39,0x000a,2.49928,0x00000000,2025-12-14T15:16:40.752Z,2025-12-14T15:16:40.752Z
38,0x000a,1.7976,0x00000000,2025-12-14T15:16:40.752Z,2025-12-14T15:16:40.752Z
37,0x000a,3.29861,0x00000000,2025-12-14T15:16:40.752Z,2025-12-14T15:16:40.752Z
36,0x000a,1.71345,0x00000000,2025-12-14T15:16:40.752Z,2025-12-14T15:16:40.752Z
35,0x000a,1.27104,0x00000000,2025-12-14T15:16:40.752Z,2025-12-14T15:16:40.752Z
34,0x000a,2.25061,0x00000000,2025-12-14T15:16:40.752Z,2025-12-14T15:16:40.752Z
26,0x000a,0.96969,0x00000000,2025-12-14T15:16:40.752Z,2025-12-14T15:16:40.752Z
25,0x000a,0.75991,0x00000000,2025-12-14T15:16:40.752Z,2025-12-14T15:16:40.752Z
24,0x000a,1.31981,0x00000000,2025-12-14T15:16:40.752Z,2025-12-14T15:16:40.752Z
23,0x000a,1.71345,0x00000000,2025-12-14T15:16:40.752Z,2025-12-14T15:16:40.752Z
22,0x000a,1.27104,0x00000000,2025-12-14T15:16:40.752Z,2025-12-14T15:16:40.752Z
21,0x000a,2.25061,0x00000000,2025-12-14T15:16:40.752Z,2025-12-14T15:16:40.752Z
8,0x0004,2681,0x00000000,2025-12-14T15:16:40.752Z,2025-12-14T15:16:40.752Z
7,0x0004,2101,0x00000000,2025-12-14T15:16:40.752Z,2025-12-14T15:16:40.752Z
6,0x0004,3649,0x00000000,2025-12-14T15:16:40.752Z,2025-12-14T15:16:40.752Z
39,0x000a,2.0978,0x00000000,2025-12-14T15:16:40.851Z,2025-12-14T15:16:40.851Z
38,0x000a,1.60229,0x00000000,2025-12-14T15:16:40.851Z,2025-12-14T15:16:40.851Z
37,0x000a,2.79948,0x00000000,2025-12-14T15:16:40.851Z,2025-12-14T15:16:40.851Z
36,0x000a,2.10636,0x00000000,2025-12-14T15:16:40.851Z,2025-12-14T15:16:40.851Z
35,0x000a,1.53432,0x00000000,2025-12-14T15:16:40.851Z,2025-12-14T15:16:40.851Z
34,0x000a,2.77461,0x00000000,2025-12-14T15:16:40.851Z,2025-12-14T15:16:40.851Z
26,0x000a,1.18996,0x00000000,2025-12-14T15:16:40.851Z,2025-12-14T15:16:40.851Z
25,0x000a,0.90965,0x00000000,2025-12-14T15:16:40.851Z,2025-12-14T15:16:40.851Z
24,0x000a,1.59975,0x00000000,2025-12-14T15:16:40.851Z,2025-12-14T15:16:40.851Z
23,0x000a,2.10636,0x00000000,2025-12-14T15:16:40.851Z,2025-12-14T15:16:40.851Z
22,0x000a,1.53432,0x00000000,2025-12-14T15:16:40.851Z,2025-12-14T15:16:40.851Z
21,0x000a,2.77461,0x00000000,2025-12-14T15:16:40.851Z,2025-12-14T15:16:40.851Z
8,0x0004,3290,0x00000000,2025-12-14T15:16:40.851Z,2025-12-14T15:16:40.851Z
7,0x0004,2515,0x00000000,2025-12-14T15:16:40.851Z,2025-12-14T15:16:40.851Z
6,0x0004,4423,0x00000000,2025-12-14T15:16:40.851Z,2025-12-14T15:16:40.851Z
39,0x000a,2.20269,0x00000000,2025-12-14T15:16:40.950Z,2025-12-14T15:16:40.950Z
38,0x000a,1.4974,0x00000000,2025-12-14T15:16:40.950Z,2025-12-14T15:16:40.950Z
36,0x000a,2.10208,0x00000000,2025-12-14T15:16:40.950Z,2025-12-14T15:16:40.950Z
35,0x000a,1.5683,0x00000000,2025-12-14T15:16:40.950Z,2025-12-14T15:16:40.950Z
34,0x000a,2.78705,0x00000000,2025-12-14T15:16:40.950Z,2025-12-14T15:16:40.950Z
23,0x000a,2.10208,0x00000000,2025-12-14T15:16:40.950Z,2025-12-14T15:16:40.950Z
22,0x000a,1.5683,0x00000000,2025-12-14T15:16:40.950Z,2025-12-14T15:16:40.950Z
21,0x000a,2.78705,0x00000000,2025-12-14T15:16:40.950Z,2025-12-14T15:16:40.950Z
39,0x000a,2.0978,0x00000000,2025-12-14T15:16:41.051Z,2025-12-14T15:16:41.051Z
39,0x000a,2.10142,0x00000000,2025-12-14T15:16:41.150Z,2025-12-14T15:16:41.150Z
38,0x000a,1.50101,0x00000000,2025-12-14T15:16:41.051Z,2025-12-14T15:16:41.051Z
38,0x000a,1.60229,0x00000000,2025-12-14T15:16:41.150Z,2025-12-14T15:16:41.150Z
37,0x000a,2.70182,0x00000000,2025-12-14T15:16:41.051Z,2025-12-14T15:16:41.051Z
37,0x000a,2.79948,0x00000000,2025-12-14T15:16:41.150Z,2025-12-14T15:16:41.150Z
36,0x000a,2.15239,0x00000000,2025-12-14T15:16:41.051Z,2025-12-14T15:16:41.051Z
36,0x000a,2.12509,0x00000000,2025-12-14T15:16:41.150Z,2025-12-14T15:16:41.150Z
35,0x000a,1.53285,0x00000000,2025-12-14T15:16:41.051Z,2025-12-14T15:16:41.051Z
35,0x000a,1.51693,0x00000000,2025-12-14T15:16:41.150Z,2025-12-14T15:16:41.150Z
34,0x000a,2.79326,0x00000000,2025-12-14T15:16:41.051Z,2025-12-14T15:16:41.051Z
34,0x000a,2.74754,0x00000000,2025-12-14T15:16:41.150Z,2025-12-14T15:16:41.150Z
26,0x000a,1.39974,0x00000000,2025-12-14T15:16:41.051Z,2025-12-14T15:16:41.051Z
26,0x000a,1.60988,0x00000000,2025-12-14T15:16:41.150Z,2025-12-14T15:16:41.150Z
25,0x000a,1.05975,0x00000000,2025-12-14T15:16:41.051Z,2025-12-14T15:16:41.051Z
25,0x000a,1.21998,0x00000000,2025-12-14T15:16:41.150Z,2025-12-14T15:16:41.150Z
24,0x000a,1.86994,0x00000000,2025-12-14T15:16:41.051Z,2025-12-14T15:16:41.051Z
24,0x000a,2.14988,0x00000000,2025-12-14T15:16:41.150Z,2025-12-14T15:16:41.150Z
23,0x000a,2.15239,0x00000000,2025-12-14T15:16:41.051Z,2025-12-14T15:16:41.051Z
23,0x000a,2.12509,0x00000000,2025-12-14T15:16:41.150Z,2025-12-14T15:16:41.150Z
22,0x000a,1.53285,0x00000000,2025-12-14T15:16:41.051Z,2025-12-14T15:16:41.051Z
22,0x000a,1.51693,0x00000000,2025-12-14T15:16:41.150Z,2025-12-14T15:16:41.150Z
21,0x000a,2.79326,0x00000000,2025-12-14T15:16:41.051Z,2025-12-14T15:16:41.051Z
21,0x000a,2.74754,0x00000000,2025-12-14T15:16:41.150Z,2025-12-14T15:16:41.150Z
8,0x0004,3870,0x00000000,2025-12-14T15:16:41.051Z,2025-12-14T15:16:41.051Z
8,0x0004,4451,0x00000000,2025-12-14T15:16:41.150Z,2025-12-14T15:16:41.150Z
7,0x0004,2930,0x00000000,2025-12-14T15:16:41.051Z,2025-12-14T15:16:41.051Z
7,0x0004,3373,0x00000000,2025-12-14T15:16:41.150Z,2025-12-14T15:16:41.150Z
6,0x0004,5170,0x00000000,2025-12-14T15:16:41.051Z,2025-12-14T15:16:41.051Z
6,0x0004,5944,0x00000000,2025-12-14T15:16:41.150Z,2025-12-14T15:16:41.150Z
36,0x000a,2.11326,0x00000000,2025-12-14T15:16:41.252Z,2025-12-14T15:16:41.252Z
35,0x000a,1.55961,0x00000000,2025-12-14T15:16:41.252Z,2025-12-14T15:16:41.252Z
34,0x000a,2.77351,0x00000000,2025-12-14T15:16:41.252Z,2025-12-14T15:16:41.252Z
26,0x000a,1.82979,0x00000000,2025-12-14T15:16:41.252Z,2025-12-14T15:16:41.252Z
25,0x000a,1.36972,0x00000000,2025-12-14T15:16:41.252Z,2025-12-14T15:16:41.252Z
24,0x000a,2.4197,0x00000000,2025-12-14T15:16:41.252Z,2025-12-14T15:16:41.252Z
23,0x000a,2.11326,0x00000000,2025-12-14T15:16:41.252Z,2025-12-14T15:16:41.252Z
22,0x000a,1.55961,0x00000000,2025-12-14T15:16:41.252Z,2025-12-14T15:16:41.252Z
21,0x000a,2.77351,0x00000000,2025-12-14T15:16:41.252Z,2025-12-14T15:16:41.252Z
8,0x0004,5059,0x00000000,2025-12-14T15:16:41.252Z,2025-12-14T15:16:41.252Z
7,0x0004,3787,0x00000000,2025-12-14T15:16:41.252Z,2025-12-14T15:16:41.252Z
6,0x0004,6690,0x00000000,2025-12-14T15:16:41.252Z,2025-12-14T15:16:41.252Z
39,0x000a,2.19907,0x00000000,2025-12-14T15:16:41.350Z,2025-12-14T15:16:41.350Z
38,0x000a,1.4974,0x00000000,2025-12-14T15:16:41.350Z,2025-12-14T15:16:41.350Z
37,0x000a,2.69821,0x00000000,2025-12-14T15:16:41.350Z,2025-12-14T15:16:41.350Z
26,0x000a,2.03993,0x00000000,2025-12-14T15:16:41.350Z,2025-12-14T15:16:41.350Z
25,0x000a,1.51982,0x00000000,2025-12-14T15:16:41.350Z,2025-12-14T15:16:41.350Z
24,0x000a,2.69965,0x00000000,2025-12-14T15:16:41.350Z,2025-12-14T15:16:41.350Z
8,0x0004,5640,0x00000000,2025-12-14T15:16:41.350Z,2025-12-14T15:16:41.350Z
7,0x0004,4202,0x00000000,2025-12-14T15:16:41.350Z,2025-12-14T15:16:41.350Z
6,0x0004,7464,0x00000000,2025-12-14T15:16:41.350Z,2025-12-14T15:16:41.350Z
39,0x000a,4.19922,0x00000000,2025-12-14T15:16:41.450Z,2025-12-14T15:16:41.450Z
38,0x000a,3.09968,0x00000000,2025-12-14T15:16:41.450Z,2025-12-14T15:16:41.450Z
37,0x000a,5.60257,0x00000000,2025-12-14T15:16:41.450Z,2025-12-14T15:16:41.450Z
36,0x000a,2.15616,0x00000000,2025-12-14T15:16:41.450Z,2025-12-14T15:16:41.450Z
35,0x000a,1.5285,0x00000000,2025-12-14T15:16:41.450Z,2025-12-14T15:16:41.450Z
34,0x000a,2.73586,0x00000000,2025-12-14T15:16:41.450Z,2025-12-14T15:16:41.450Z
26,0x000a,2.24971,0x00000000,2025-12-14T15:16:41.450Z,2025-12-14T15:16:41.450Z
25,0x000a,1.67969,0x00000000,2025-12-14T15:16:41.450Z,2025-12-14T15:16:41.450Z
24,0x000a,2.97996,0x00000000,2025-12-14T15:16:41.450Z,2025-12-14T15:16:41.450Z
23,0x000a,2.15616,0x00000000,2025-12-14T15:16:41.450Z,2025-12-14T15:16:41.450Z
22,0x000a,1.5285,0x00000000,2025-12-14T15:16:41.450Z,2025-12-14T15:16:41.450Z
21,0x000a,2.73586,0x00000000,2025-12-14T15:16:41.450Z,2025-12-14T15:16:41.450Z
8,0x0004,6220,0x00000000,2025-12-14T15:16:41.450Z,2025-12-14T15:16:41.450Z
7,0x0004,4644,0x00000000,2025-12-14T15:16:41.450Z,2025-12-14T15:16:41.450Z
6,0x0004,8239,0x00000000,2025-12-14T15:16:41.450Z,2025-12-14T15:16:41.450Z
39,0x000a,2.60055,0x00000000,2025-12-14T15:16:41.550Z,2025-12-14T15:16:41.550Z
38,0x000a,1.80122,0x00000000,2025-12-14T15:16:41.550Z,2025-12-14T15:16:41.550Z
37,0x000a,3.29861,0x00000000,2025-12-14T15:16:41.550Z,2025-12-14T15:16:41.550Z
36,0x000a,3.17769,0x00000000,2025-12-14T15:16:41.550Z,2025-12-14T15:16:41.550Z
35,0x000a,2.31409,0x00000000,2025-12-14T15:16:41.550Z,2025-12-14T15:16:41.550Z
34,0x000a,4.16922,0x00000000,2025-12-14T15:16:41.550Z,2025-12-14T15:16:41.550Z
26,0x000a,2.50977,0x00000000,2025-12-14T15:16:41.550Z,2025-12-14T15:16:41.550Z
25,0x000a,1.85981,0x00000000,2025-12-14T15:16:41.550Z,2025-12-14T15:16:41.550Z
24,0x000a,3.30982,0x00000000,2025-12-14T15:16:41.550Z,2025-12-14T15:16:41.550Z
23,0x000a,3.17769,0x00000000,2025-12-14T15:16:41.550Z,2025-12-14T15:16:41.550Z
22,0x000a,2.31409,0x00000000,2025-12-14T15:16:41.550Z,2025-12-14T15:16:41.550Z
21,0x000a,4.16922,0x00000000,2025-12-14T15:16:41.550Z,2025-12-14T15:16:41.550Z
8,0x0004,6939,0x00000000,2025-12-14T15:16:41.550Z,2025-12-14T15:16:41.550Z
7,0x0004,5142,0x00000000,2025-12-14T15:16:41.550Z,2025-12-14T15:16:41.550Z
6,0x0004,9151,0x00000000,2025-12-14T15:16:41.550Z,2025-12-14T15:16:41.550Z
39,0x000a,2.10142,0x00000000,2025-12-14T15:16:41.652Z,2025-12-14T15:16:41.652Z
38,0x000a,1.50101,0x00000000,2025-12-14T15:16:41.652Z,2025-12-14T15:16:41.652Z
37,0x000a,2.6982,0x00000000,2025-12-14T15:16:41.652Z,2025-12-14T15:16:41.652Z
36,0x000a,2.88912,0x00000000,2025-12-14T15:16:41.652Z,2025-12-14T15:16:41.652Z
35,0x000a,2.05765,0x00000000,2025-12-14T15:16:41.652Z,2025-12-14T15:16:41.652Z
34,0x000a,3.73391,0x00000000,2025-12-14T15:16:41.652Z,2025-12-14T15:16:41.652Z
26,0x000a,2.71991,0x00000000,2025-12-14T15:16:41.652Z,2025-12-14T15:16:41.652Z
25,0x000a,2.00991,0x00000000,2025-12-14T15:16:41.652Z,2025-12-14T15:16:41.652Z
24,0x000a,3.57964,0x00000000,2025-12-14T15:16:41.652Z,2025-12-14T15:16:41.652Z
23,0x000a,2.88912,0x00000000,2025-12-14T15:16:41.652Z,2025-12-14T15:16:41.652Z
22,0x000a,2.05765,0x00000000,2025-12-14T15:16:41.652Z,2025-12-14T15:16:41.652Z
21,0x000a,3.73391,0x00000000,2025-12-14T15:16:41.652Z,2025-12-14T15:16:41.652Z
8,0x0004,7520,0x00000000,2025-12-14T15:16:41.652Z,2025-12-14T15:16:41.652Z
7,0x0004,5557,0x00000000,2025-12-14T15:16:41.652Z,2025-12-14T15:16:41.652Z
6,0x0004,9897,0x00000000,2025-12-14T15:16:41.652Z,2025-12-14T15:16:41.652Z
39,0x000a,2.19908,0x00000000,2025-12-14T15:16:41.751Z,2025-12-14T15:16:41.751Z
38,0x000a,1.59867,0x00000000,2025-12-14T15:16:41.751Z,2025-12-14T15:16:41.751Z
37,0x000a,2.8031,0x00000000,2025-12-14T15:16:41.751Z,2025-12-14T15:16:41.751Z
36,0x000a,2.49527,0x00000000,2025-12-14T15:16:41.751Z,2025-12-14T15:16:41.751Z
35,0x000a,1.77933,0x00000000,2025-12-14T15:16:41.751Z,2025-12-14T15:16:41.751Z
34,0x000a,3.21606,0x00000000,2025-12-14T15:16:41.751Z,2025-12-14T15:16:41.751Z
26,0x000a,2.93981,0x00000000,2025-12-14T15:16:41.751Z,2025-12-14T15:16:41.751Z
25,0x000a,2.16978,0x00000000,2025-12-14T15:16:41.751Z,2025-12-14T15:16:41.751Z
24,0x000a,3.85995,0x00000000,2025-12-14T15:16:41.751Z,2025-12-14T15:16:41.751Z
23,0x000a,2.49527,0x00000000,2025-12-14T15:16:41.751Z,2025-12-14T15:16:41.751Z
22,0x000a,1.77933,0x00000000,2025-12-14T15:16:41.751Z,2025-12-14T15:16:41.751Z
21,0x000a,3.21606,0x00000000,2025-12-14T15:16:41.751Z,2025-12-14T15:16:41.751Z
8,0x0004,8128,0x00000000,2025-12-14T15:16:41.751Z,2025-12-14T15:16:41.751Z
7,0x0004,5999,0x00000000,2025-12-14T15:16:41.751Z,2025-12-14T15:16:41.751Z
6,0x0004,10672,0x00000000,2025-12-14T15:16:41.751Z,2025-12-14T15:16:41.751Z
39,0x000a,2.10142,0x00000000,2025-12-14T15:16:41.851Z,2025-12-14T15:16:41.851Z
38,0x000a,1.50101,0x00000000,2025-12-14T15:16:41.851Z,2025-12-14T15:16:41.851Z
37,0x000a,2.6982,0x00000000,2025-12-14T15:16:41.851Z,2025-12-14T15:16:41.851Z
36,0x000a,2.34717,0x00000000,2025-12-14T15:16:41.851Z,2025-12-14T15:16:41.851Z
35,0x000a,1.689,0x00000000,2025-12-14T15:16:41.851Z,2025-12-14T15:16:41.851Z
34,0x000a,3.00958,0x00000000,2025-12-14T15:16:41.851Z,2025-12-14T15:16:41.851Z
26,0x000a,3.14996,0x00000000,2025-12-14T15:16:41.851Z,2025-12-14T15:16:41.851Z
25,0x000a,2.31988,0x00000000,2025-12-14T15:16:41.851Z,2025-12-14T15:16:41.851Z
24,0x000a,4.12977,0x00000000,2025-12-14T15:16:41.851Z,2025-12-14T15:16:41.851Z
23,0x000a,2.34717,0x00000000,2025-12-14T15:16:41.851Z,2025-12-14T15:16:41.851Z
22,0x000a,1.689,0x00000000,2025-12-14T15:16:41.851Z,2025-12-14T15:16:41.851Z
21,0x000a,3.00958,0x00000000,2025-12-14T15:16:41.851Z,2025-12-14T15:16:41.851Z
8,0x0004,8709,0x00000000,2025-12-14T15:16:41.851Z,2025-12-14T15:16:41.851Z
7,0x0004,6414,0x00000000,2025-12-14T15:16:41.851Z,2025-12-14T15:16:41.851Z
6,0x0004,11418,0x00000000,2025-12-14T15:16:41.851Z,2025-12-14T15:16:41.851Z
39,0x000a,2.0978,0x00000000,2025-12-14T15:16:41.950Z,2025-12-14T15:16:41.950Z
38,0x000a,1.50101,0x00000000,2025-12-14T15:16:41.950Z,2025-12-14T15:16:41.950Z
37,0x000a,2.79948,0x00000000,2025-12-14T15:16:41.950Z,2025-12-14T15:16:41.950Z
36,0x000a,2.22429,0x00000000,2025-12-14T15:16:41.950Z,2025-12-14T15:16:41.950Z
35,0x000a,1.59501,0x00000000,2025-12-14T15:16:41.950Z,2025-12-14T15:16:41.950Z
34,0x000a,2.85389,0x00000000,2025-12-14T15:16:41.950Z,2025-12-14T15:16:41.950Z
26,0x000a,3.35974,0x00000000,2025-12-14T15:16:41.950Z,2025-12-14T15:16:41.950Z
25,0x000a,2.46998,0x00000000,2025-12-14T15:16:41.950Z,2025-12-14T15:16:41.950Z
24,0x000a,4.40972,0x00000000,2025-12-14T15:16:41.950Z,2025-12-14T15:16:41.950Z
23,0x000a,2.22429,0x00000000,2025-12-14T15:16:41.950Z,2025-12-14T15:16:41.950Z
22,0x000a,1.59501,0x00000000,2025-12-14T15:16:41.950Z,2025-12-14T15:16:41.950Z
21,0x000a,2.85389,0x00000000,2025-12-14T15:16:41.950Z,2025-12-14T15:16:41.950Z
8,0x0004,9289,0x00000000,2025-12-14T15:16:41.950Z,2025-12-14T15:16:41.950Z
7,0x0004,6829,0x00000000,2025-12-14T15:16:41.950Z,2025-12-14T15:16:41.950Z
6,0x0004,12192,0x00000000,2025-12-14T15:16:41.950Z,2025-12-14T15:16:41.950Z
36,0x000a,2.16105,0x00000000,2025-12-14T15:16:42.051Z,2025-12-14T15:16:42.051Z
35,0x000a,1.54801,0x00000000,2025-12-14T15:16:42.051Z,2025-12-14T15:16:42.051Z
34,0x000a,2.82669,0x00000000,2025-12-14T15:16:42.051Z,2025-12-14T15:16:42.051Z
26,0x000a,3.61979,0x00000000,2025-12-14T15:16:42.051Z,2025-12-14T15:16:42.051Z
25,0x000a,2.65987,0x00000000,2025-12-14T15:16:42.051Z,2025-12-14T15:16:42.051Z
24,0x000a,4.73994,0x00000000,2025-12-14T15:16:42.051Z,2025-12-14T15:16:42.051Z
23,0x000a,2.16105,0x00000000,2025-12-14T15:16:42.051Z,2025-12-14T15:16:42.051Z
22,0x000a,1.54801,0x00000000,2025-12-14T15:16:42.051Z,2025-12-14T15:16:42.051Z
21,0x000a,2.82669,0x00000000,2025-12-14T15:16:42.051Z,2025-12-14T15:16:42.051Z
8,0x0004,10008,0x00000000,2025-12-14T15:16:42.051Z,2025-12-14T15:16:42.051Z
7,0x0004,7354,0x00000000,2025-12-14T15:16:42.051Z,2025-12-14T15:16:42.051Z
6,0x0004,13105,0x00000000,2025-12-14T15:16:42.051Z,2025-12-14T15:16:42.051Z
39,0x000a,2.60055,0x00000000,2025-12-14T15:16:42.152Z,2025-12-14T15:16:42.152Z
38,0x000a,1.89887,0x00000000,2025-12-14T15:16:42.152Z,2025-12-14T15:16:42.152Z
37,0x000a,3.30223,0x00000000,2025-12-14T15:16:42.152Z,2025-12-14T15:16:42.152Z
26,0x000a,3.82993,0x00000000,2025-12-14T15:16:42.152Z,2025-12-14T15:16:42.152Z
25,0x000a,2.80997,0x00000000,2025-12-14T15:16:42.152Z,2025-12-14T15:16:42.152Z
24,0x000a,5.01989,0x00000000,2025-12-14T15:16:42.152Z,2025-12-14T15:16:42.152Z
8,0x0004,10589,0x00000000,2025-12-14T15:16:42.152Z,2025-12-14T15:16:42.152Z
7,0x0004,7769,0x00000000,2025-12-14T15:16:42.152Z,2025-12-14T15:16:42.152Z
6,0x0004,13879,0x00000000,2025-12-14T15:16:42.152Z,2025-12-14T15:16:42.152Z
39,0x000a,2.10142,0x00000000,2025-12-14T15:16:42.252Z,2025-12-14T15:16:42.252Z
38,0x000a,1.50101,0x00000000,2025-12-14T15:16:42.252Z,2025-12-14T15:16:42.252Z
37,0x000a,2.79948,0x00000000,2025-12-14T15:16:42.252Z,2025-12-14T15:16:42.252Z
36,0x000a,2.3808,0x00000000,2025-12-14T15:16:42.252Z,2025-12-14T15:16:42.252Z
35,0x000a,1.72344,0x00000000,2025-12-14T15:16:42.252Z,2025-12-14T15:16:42.252Z
34,0x000a,3.06446,0x00000000,2025-12-14T15:16:42.252Z,2025-12-14T15:16:42.252Z
26,0x000a,4.08999,0x00000000,2025-12-14T15:16:42.252Z,2025-12-14T15:16:42.252Z
25,0x000a,2.98973,0x00000000,2025-12-14T15:16:42.252Z,2025-12-14T15:16:42.252Z
24,0x000a,5.34975,0x00000000,2025-12-14T15:16:42.252Z,2025-12-14T15:16:42.252Z
23,0x000a,2.3808,0x00000000,2025-12-14T15:16:42.252Z,2025-12-14T15:16:42.252Z
22,0x000a,1.72344,0x00000000,2025-12-14T15:16:42.252Z,2025-12-14T15:16:42.252Z
21,0x000a,3.06446,0x00000000,2025-12-14T15:16:42.252Z,2025-12-14T15:16:42.252Z
8,0x0004,11308,0x00000000,2025-12-14T15:16:42.252Z,2025-12-14T15:16:42.252Z
7,0x0004,8266,0x00000000,2025-12-14T15:16:42.252Z,2025-12-14T15:16:42.252Z
6,0x0004,14791,0x00000000,2025-12-14T15:16:42.252Z,2025-12-14T15:16:42.252Z
39,0x000a,2.60055,0x00000000,2025-12-14T15:16:42.350Z,2025-12-14T15:16:42.350Z
38,0x000a,1.7976,0x00000000,2025-12-14T15:16:42.350Z,2025-12-14T15:16:42.350Z
37,0x000a,3.29861,0x00000000,2025-12-14T15:16:42.350Z,2025-12-14T15:16:42.350Z
36,0x000a,2.24111,0x00000000,2025-12-14T15:16:42.350Z,2025-12-14T15:16:42.350Z
35,0x000a,1.61223,0x00000000,2025-12-14T15:16:42.350Z,2025-12-14T15:16:42.350Z
34,0x000a,2.93197,0x00000000,2025-12-14T15:16:42.350Z,2025-12-14T15:16:42.350Z
26,0x000a,4.25998,0x00000000,2025-12-14T15:16:42.350Z,2025-12-14T15:16:42.350Z
25,0x000a,3.11994,0x00000000,2025-12-14T15:16:42.350Z,2025-12-14T15:16:42.350Z
24,0x000a,5.56966,0x00000000,2025-12-14T15:16:42.350Z,2025-12-14T15:16:42.350Z
23,0x000a,2.24111,0x00000000,2025-12-14T15:16:42.350Z,2025-12-14T15:16:42.350Z
22,0x000a,1.61223,0x00000000,2025-12-14T15:16:42.350Z,2025-12-14T15:16:42.350Z
21,0x000a,2.93197,0x00000000,2025-12-14T15:16:42.350Z,2025-12-14T15:16:42.350Z
8,0x0004,11778,0x00000000,2025-12-14T15:16:42.350Z,2025-12-14T15:16:42.350Z
7,0x0004,8626,0x00000000,2025-12-14T15:16:42.350Z,2025-12-14T15:16:42.350Z
6,0x0004,15399,0x00000000,2025-12-14T15:16:42.350Z,2025-12-14T15:16:42.350Z
39,0x000a,1.69994,0x00000000,2025-12-14T15:16:42.449Z,2025-12-14T15:16:42.449Z
38,0x000a,1.30208,0x00000000,2025-12-14T15:16:42.449Z,2025-12-14T15:16:42.449Z
37,0x000a,2.19907,0x00000000,2025-12-14T15:16:42.449Z,2025-12-14T15:16:42.449Z
36,0x000a,2.42083,0x00000000,2025-12-14T15:16:42.449Z,2025-12-14T15:16:42.449Z
35,0x000a,1.70491,0x00000000,2025-12-14T15:16:42.449Z,2025-12-14T15:16:42.449Z
34,0x000a,3.11529,0x00000000,2025-12-14T15:16:42.449Z,2025-12-14T15:16:42.449Z
26,0x000a,4.46976,0x00000000,2025-12-14T15:16:42.449Z,2025-12-14T15:16:42.449Z
25,0x000a,3.26968,0x00000000,2025-12-14T15:16:42.449Z,2025-12-14T15:16:42.449Z
24,0x000a,5.83984,0x00000000,2025-12-14T15:16:42.449Z,2025-12-14T15:16:42.449Z
23,0x000a,2.42083,0x00000000,2025-12-14T15:16:42.449Z,2025-12-14T15:16:42.449Z
22,0x000a,1.70491,0x00000000,2025-12-14T15:16:42.449Z,2025-12-14T15:16:42.449Z
21,0x000a,3.11529,0x00000000,2025-12-14T15:16:42.449Z,2025-12-14T15:16:42.449Z
8,0x0004,12358,0x00000000,2025-12-14T15:16:42.449Z,2025-12-14T15:16:42.449Z
7,0x0004,9040,0x00000000,2025-12-14T15:16:42.449Z,2025-12-14T15:16:42.449Z
6,0x0004,16146,0x00000000,2025-12-14T15:16:42.449Z,2025-12-14T15:16:42.449Z
39,0x000a,4.19922,0x00000000,2025-12-14T15:16:42.552Z,2025-12-14T15:16:42.552Z
38,0x000a,2.99841,0x00000000,2025-12-14T15:16:42.552Z,2025-12-14T15:16:42.552Z
37,0x000a,5.5013,0x00000000,2025-12-14T15:16:42.552Z,2025-12-14T15:16:42.552Z
36,0x000a,2.06039,0x00000000,2025-12-14T15:16:42.552Z,2025-12-14T15:16:42.552Z
35,0x000a,1.5035,0x00000000,2025-12-14T15:16:42.552Z,2025-12-14T15:16:42.552Z
34,0x000a,2.65718,0x00000000,2025-12-14T15:16:42.552Z,2025-12-14T15:16:42.552Z
26,0x000a,4.6799,0x00000000,2025-12-14T15:16:42.552Z,2025-12-14T15:16:42.552Z
25,0x000a,3.41978,0x00000000,2025-12-14T15:16:42.552Z,2025-12-14T15:16:42.552Z
24,0x000a,6.11979,0x00000000,2025-12-14T15:16:42.552Z,2025-12-14T15:16:42.552Z
23,0x000a,2.06039,0x00000000,2025-12-14T15:16:42.552Z,2025-12-14T15:16:42.552Z
22,0x000a,1.5035,0x00000000,2025-12-14T15:16:42.552Z,2025-12-14T15:16:42.552Z
21,0x000a,2.65718,0x00000000,2025-12-14T15:16:42.552Z,2025-12-14T15:16:42.552Z
8,0x0004,12939,0x00000000,2025-12-14T15:16:42.552Z,2025-12-14T15:16:42.552Z
7,0x0004,9455,0x00000000,2025-12-14T15:16:42.552Z,2025-12-14T15:16:42.552Z
6,0x0004,16920,0x00000000,2025-12-14T15:16:42.552Z,2025-12-14T15:16:42.552Z
39,0x000a,2.19907,0x00000000,2025-12-14T15:16:42.652Z,2025-12-14T15:16:42.652Z
38,0x000a,1.59867,0x00000000,2025-12-14T15:16:42.652Z,2025-12-14T15:16:42.652Z
37,0x000a,2.79948,0x00000000,2025-12-14T15:16:42.652Z,2025-12-14T15:16:42.652Z
36,0x000a,3.1298,0x00000000,2025-12-14T15:16:42.652Z,2025-12-14T15:16:42.652Z
35,0x000a,2.25095,0x00000000,2025-12-14T15:16:42.652Z,2025-12-14T15:16:42.652Z
34,0x000a,4.07924,0x00000000,2025-12-14T15:16:42.652Z,2025-12-14T15:16:42.652Z
26,0x000a,4.89981,0x00000000,2025-12-14T15:16:42.652Z,2025-12-14T15:16:42.652Z
25,0x000a,3.57964,0x00000000,2025-12-14T15:16:42.652Z,2025-12-14T15:16:42.652Z
24,0x000a,6.39974,0x00000000,2025-12-14T15:16:42.652Z,2025-12-14T15:16:42.652Z
23,0x000a,3.1298,0x00000000,2025-12-14T15:16:42.652Z,2025-12-14T15:16:42.652Z
22,0x000a,2.25095,0x00000000,2025-12-14T15:16:42.652Z,2025-12-14T15:16:42.652Z
21,0x000a,4.07924,0x00000000,2025-12-14T15:16:42.652Z,2025-12-14T15:16:42.652Z
8,0x0004,13547,0x00000000,2025-12-14T15:16:42.652Z,2025-12-14T15:16:42.652Z
7,0x0004,9897,0x00000000,2025-12-14T15:16:42.652Z,2025-12-14T15:16:42.652Z
6,0x0004,17694,0x00000000,2025-12-14T15:16:42.652Z,2025-12-14T15:16:42.652Z
39,0x000a,2.49928,0x00000000,2025-12-14T15:16:42.751Z,2025-12-14T15:16:42.751Z
38,0x000a,1.80122,0x00000000,2025-12-14T15:16:42.751Z,2025-12-14T15:16:42.751Z
37,0x000a,3.30223,0x00000000,2025-12-14T15:16:42.751Z,2025-12-14T15:16:42.751Z
36,0x000a,2.66444,0x00000000,2025-12-14T15:16:42.751Z,2025-12-14T15:16:42.751Z
35,0x000a,1.92481,0x00000000,2025-12-14T15:16:42.751Z,2025-12-14T15:16:42.751Z
34,0x000a,3.43936,0x00000000,2025-12-14T15:16:42.751Z,2025-12-14T15:16:42.751Z
26,0x000a,5.14974,0x00000000,2025-12-14T15:16:42.751Z,2025-12-14T15:16:42.751Z
25,0x000a,3.75977,0x00000000,2025-12-14T15:16:42.751Z,2025-12-14T15:16:42.751Z
24,0x000a,6.72996,0x00000000,2025-12-14T15:16:42.751Z,2025-12-14T15:16:42.751Z
23,0x000a,2.66444,0x00000000,2025-12-14T15:16:42.751Z,2025-12-14T15:16:42.751Z
22,0x000a,1.92481,0x00000000,2025-12-14T15:16:42.751Z,2025-12-14T15:16:42.751Z
21,0x000a,3.43936,0x00000000,2025-12-14T15:16:42.751Z,2025-12-14T15:16:42.751Z
8,0x0004,14238,0x00000000,2025-12-14T15:16:42.751Z,2025-12-14T15:16:42.751Z
7,0x0004,10395,0x00000000,2025-12-14T15:16:42.751Z,2025-12-14T15:16:42.751Z
6,0x0004,18607,0x00000000,2025-12-14T15:16:42.751Z,2025-12-14T15:16:42.751Z
36,0x000a,2.58186,0x00000000,2025-12-14T15:16:42.851Z,2025-12-14T15:16:42.851Z
35,0x000a,1.86301,0x00000000,2025-12-14T15:16:42.851Z,2025-12-14T15:16:42.851Z
34,0x000a,3.3708,0x00000000,2025-12-14T15:16:42.851Z,2025-12-14T15:16:42.851Z
26,0x000a,5.35988,0x00000000,2025-12-14T15:16:42.851Z,2025-12-14T15:16:42.851Z
25,0x000a,3.90987,0x00000000,2025-12-14T15:16:42.851Z,2025-12-14T15:16:42.851Z
24,0x000a,6.99978,0x00000000,2025-12-14T15:16:42.851Z,2025-12-14T15:16:42.851Z
23,0x000a,2.58186,0x00000000,2025-12-14T15:16:42.851Z,2025-12-14T15:16:42.851Z
22,0x000a,1.86301,0x00000000,2025-12-14T15:16:42.851Z,2025-12-14T15:16:42.851Z
21,0x000a,3.3708,0x00000000,2025-12-14T15:16:42.851Z,2025-12-14T15:16:42.851Z
8,0x0004,14819,0x00000000,2025-12-14T15:16:42.851Z,2025-12-14T15:16:42.851Z
7,0x0004,10810,0x00000000,2025-12-14T15:16:42.851Z,2025-12-14T15:16:42.851Z
6,0x0004,19353,0x00000000,2025-12-14T15:16:42.851Z,2025-12-14T15:16:42.851Z
39,0x000a,2.10142,0x00000000,2025-12-14T15:16:42.950Z,2025-12-14T15:16:42.950Z
38,0x000a,1.50101,0x00000000,2025-12-14T15:16:42.950Z,2025-12-14T15:16:42.950Z
37,0x000a,2.69821,0x00000000,2025-12-14T15:16:42.950Z,2025-12-14T15:16:42.950Z
26,0x000a,5.57979,0x00000000,2025-12-14T15:16:42.950Z,2025-12-14T15:16:42.950Z
25,0x000a,4.06973,0x00000000,2025-12-14T15:16:42.950Z,2025-12-14T15:16:42.950Z
24,0x000a,7.27973,0x00000000,2025-12-14T15:16:42.950Z,2025-12-14T15:16:42.950Z
8,0x0004,15427,0x00000000,2025-12-14T15:16:42.950Z,2025-12-14T15:16:42.950Z
7,0x0004,11252,0x00000000,2025-12-14T15:16:42.950Z,2025-12-14T15:16:42.950Z
6,0x0004,20127,0x00000000,2025-12-14T15:16:42.950Z,2025-12-14T15:16:42.950Z
39,0x000a,2.19907,0x00000000,2025-12-14T15:16:43.053Z,2025-12-14T15:16:43.053Z
38,0x000a,1.59867,0x00000000,2025-12-14T15:16:43.053Z,2025-12-14T15:16:43.053Z
37,0x000a,2.79948,0x00000000,2025-12-14T15:16:43.053Z,2025-12-14T15:16:43.053Z
36,0x000a,2.34164,0x00000000,2025-12-14T15:16:43.053Z,2025-12-14T15:16:43.053Z
35,0x000a,1.68201,0x00000000,2025-12-14T15:16:43.053Z,2025-12-14T15:16:43.053Z
34,0x000a,3.0345,0x00000000,2025-12-14T15:16:43.053Z,2025-12-14T15:16:43.053Z
26,0x000a,5.78993,0x00000000,2025-12-14T15:16:43.053Z,2025-12-14T15:16:43.053Z
25,0x000a,4.21983,0x00000000,2025-12-14T15:16:43.053Z,2025-12-14T15:16:43.053Z
24,0x000a,7.55968,0x00000000,2025-12-14T15:16:43.053Z,2025-12-14T15:16:43.053Z
23,0x000a,2.34164,0x00000000,2025-12-14T15:16:43.053Z,2025-12-14T15:16:43.053Z
22,0x000a,1.68201,0x00000000,2025-12-14T15:16:43.053Z,2025-12-14T15:16:43.053Z
21,0x000a,3.0345,0x00000000,2025-12-14T15:16:43.053Z,2025-12-14T15:16:43.053Z
8,0x0004,16008,0x00000000,2025-12-14T15:16:43.053Z,2025-12-14T15:16:43.053Z
7,0x0004,11667,0x00000000,2025-12-14T15:16:43.053Z,2025-12-14T15:16:43.053Z
6,0x0004,20901,0x00000000,2025-12-14T15:16:43.053Z,2025-12-14T15:16:43.053Z
39,0x000a,2.10142,0x00000000,2025-12-14T15:16:43.151Z,2025-12-14T15:16:43.151Z
39,0x000a,2.0978,0x00000000,2025-12-14T15:16:43.251Z,2025-12-14T15:16:43.251Z
38,0x000a,1.50101,0x00000000,2025-12-14T15:16:43.151Z,2025-12-14T15:16:43.151Z
38,0x000a,1.50102,0x00000000,2025-12-14T15:16:43.251Z,2025-12-14T15:16:43.251Z
37,0x000a,2.70183,0x00000000,2025-12-14T15:16:43.251Z,2025-12-14T15:16:43.251Z
36,0x000a,2.27036,0x00000000,2025-12-14T15:16:43.151Z,2025-12-14T15:16:43.151Z
36,0x000a,2.18589,0x00000000,2025-12-14T15:16:43.251Z,2025-12-14T15:16:43.251Z
35,0x000a,1.64034,0x00000000,2025-12-14T15:16:43.151Z,2025-12-14T15:16:43.151Z
35,0x000a,1.57068,0x00000000,2025-12-14T15:16:43.251Z,2025-12-14T15:16:43.251Z
34,0x000a,2.91699,0x00000000,2025-12-14T15:16:43.151Z,2025-12-14T15:16:43.151Z
34,0x000a,2.85823,0x00000000,2025-12-14T15:16:43.251Z,2025-12-14T15:16:43.251Z
26,0x000a,5.99971,0x00000000,2025-12-14T15:16:43.151Z,2025-12-14T15:16:43.151Z
26,0x000a,6.25977,0x00000000,2025-12-14T15:16:43.251Z,2025-12-14T15:16:43.251Z
25,0x000a,4.36994,0x00000000,2025-12-14T15:16:43.151Z,2025-12-14T15:16:43.151Z
25,0x000a,4.55982,0x00000000,2025-12-14T15:16:43.251Z,2025-12-14T15:16:43.251Z
24,0x000a,7.82986,0x00000000,2025-12-14T15:16:43.151Z,2025-12-14T15:16:43.151Z
24,0x000a,8.15972,0x00000000,2025-12-14T15:16:43.251Z,2025-12-14T15:16:43.251Z
23,0x000a,2.27036,0x00000000,2025-12-14T15:16:43.151Z,2025-12-14T15:16:43.151Z
23,0x000a,2.18589,0x00000000,2025-12-14T15:16:43.251Z,2025-12-14T15:16:43.251Z
22,0x000a,1.64034,0x00000000,2025-12-14T15:16:43.151Z,2025-12-14T15:16:43.151Z
22,0x000a,1.57068,0x00000000,2025-12-14T15:16:43.251Z,2025-12-14T15:16:43.251Z
21,0x000a,2.91699,0x00000000,2025-12-14T15:16:43.151Z,2025-12-14T15:16:43.151Z
21,0x000a,2.85823,0x00000000,2025-12-14T15:16:43.251Z,2025-12-14T15:16:43.251Z
13,0x0001,false,0x00000000,2025-12-14T15:16:43.151Z,2025-12-14T15:16:43.151Z
8,0x0004,16588,0x00000000,2025-12-14T15:16:43.151Z,2025-12-14T15:16:43.151Z
8,0x0004,17307,0x00000000,2025-12-14T15:16:43.251Z,2025-12-14T15:16:43.251Z
7,0x0004,12082,0x00000000,2025-12-14T15:16:43.151Z,2025-12-14T15:16:43.151Z
7,0x0004,12607,0x00000000,2025-12-14T15:16:43.251Z,2025-12-14T15:16:43.251Z
6,0x0004,21648,0x00000000,2025-12-14T15:16:43.151Z,2025-12-14T15:16:43.151Z
6,0x0004,22560,0x00000000,2025-12-14T15:16:43.251Z,2025-12-14T15:16:43.251Z
39,0x000a,2.60055,0x00000000,2025-12-14T15:16:43.351Z,2025-12-14T15:16:43.351Z
38,0x000a,1.89887,0x00000000,2025-12-14T15:16:43.351Z,2025-12-14T15:16:43.351Z
37,0x000a,3.29861,0x00000000,2025-12-14T15:16:43.351Z,2025-12-14T15:16:43.351Z
36,0x000a,2.14184,0x00000000,2025-12-14T15:16:43.351Z,2025-12-14T15:16:43.351Z
35,0x000a,1.53585,0x00000000,2025-12-14T15:16:43.351Z,2025-12-14T15:16:43.351Z
34,0x000a,2.78003,0x00000000,2025-12-14T15:16:43.351Z,2025-12-14T15:16:43.351Z
26,0x000a,6.46991,0x00000000,2025-12-14T15:16:43.351Z,2025-12-14T15:16:43.351Z
25,0x000a,4.70992,0x00000000,2025-12-14T15:16:43.351Z,2025-12-14T15:16:43.351Z
24,0x000a,8.26968,0x00000000,2025-12-14T15:16:43.351Z,2025-12-14T15:16:43.351Z
23,0x000a,2.14184,0x00000000,2025-12-14T15:16:43.351Z,2025-12-14T15:16:43.351Z
22,0x000a,1.53585,0x00000000,2025-12-14T15:16:43.351Z,2025-12-14T15:16:43.351Z
21,0x000a,2.78003,0x00000000,2025-12-14T15:16:43.351Z,2025-12-14T15:16:43.351Z
8,0x0004,17888,0x00000000,2025-12-14T15:16:43.351Z,2025-12-14T15:16:43.351Z
7,0x0004,13022,0x00000000,2025-12-14T15:16:43.351Z,2025-12-14T15:16:43.351Z
6,0x0004,22864,0x00000000,2025-12-14T15:16:43.351Z,2025-12-14T15:16:43.351Z
39,0x000a,2.10142,0x00000000,2025-12-14T15:16:43.450Z,2025-12-14T15:16:43.450Z
38,0x000a,1.50101,0x00000000,2025-12-14T15:16:43.450Z,2025-12-14T15:16:43.450Z
37,0x000a,1.09954,0x00000000,2025-12-14T15:16:43.450Z,2025-12-14T15:16:43.450Z
36,0x000a,2.3712,0x00000000,2025-12-14T15:16:43.450Z,2025-12-14T15:16:43.450Z
35,0x000a,1.71736,0x00000000,2025-12-14T15:16:43.450Z,2025-12-14T15:16:43.450Z
34,0x000a,3.03932,0x00000000,2025-12-14T15:16:43.450Z,2025-12-14T15:16:43.450Z
26,0x000a,6.68981,0x00000000,2025-12-14T15:16:43.450Z,2025-12-14T15:16:43.450Z
25,0x000a,4.86979,0x00000000,2025-12-14T15:16:43.450Z,2025-12-14T15:16:43.450Z
23,0x000a,2.3712,0x00000000,2025-12-14T15:16:43.450Z,2025-12-14T15:16:43.450Z
22,0x000a,1.71736,0x00000000,2025-12-14T15:16:43.450Z,2025-12-14T15:16:43.450Z
21,0x000a,3.03932,0x00000000,2025-12-14T15:16:43.450Z,2025-12-14T15:16:43.450Z
8,0x0004,18496,0x00000000,2025-12-14T15:16:43.450Z,2025-12-14T15:16:43.450Z
7,0x0004,13464,0x00000000,2025-12-14T15:16:43.450Z,2025-12-14T15:16:43.450Z
39,0x000a,2.19907,0x00000000,2025-12-14T15:16:43.550Z,2025-12-14T15:16:43.550Z
38,0x000a,1.59867,0x00000000,2025-12-14T15:16:43.550Z,2025-12-14T15:16:43.550Z
37,0x000a,0,0x00000000,2025-12-14T15:16:43.550Z,2025-12-14T15:16:43.550Z
36,0x000a,2.23631,0x00000000,2025-12-14T15:16:43.550Z,2025-12-14T15:16:43.550Z
35,0x000a,1.60919,0x00000000,2025-12-14T15:16:43.550Z,2025-12-14T15:16:43.550Z
34,0x000a,2.06943,0x00000000,2025-12-14T15:16:43.550Z,2025-12-14T15:16:43.550Z
26,0x000a,6.89996,0x00000000,2025-12-14T15:16:43.550Z,2025-12-14T15:16:43.550Z
25,0x000a,5.01989,0x00000000,2025-12-14T15:16:43.550Z,2025-12-14T15:16:43.550Z
23,0x000a,2.23631,0x00000000,2025-12-14T15:16:43.550Z,2025-12-14T15:16:43.550Z
22,0x000a,1.60919,0x00000000,2025-12-14T15:16:43.550Z,2025-12-14T15:16:43.550Z
21,0x000a,2.06943,0x00000000,2025-12-14T15:16:43.550Z,2025-12-14T15:16:43.550Z
8,0x0004,19077,0x00000000,2025-12-14T15:16:43.550Z,2025-12-14T15:16:43.550Z
7,0x0004,13879,0x00000000,2025-12-14T15:16:43.550Z,2025-12-14T15:16:43.550Z
40,0x0001,true,0x00000000,2025-12-14T15:16:43.652Z,2025-12-14T15:16:43.652Z
39,0x000a,4.19922,0x00000000,2025-12-14T15:16:43.652Z,2025-12-14T15:16:43.652Z
38,0x000a,3.00203,0x00000000,2025-12-14T15:16:43.652Z,2025-12-14T15:16:43.652Z
36,0x000a,2.21769,0x00000000,2025-12-14T15:16:43.652Z,2025-12-14T15:16:43.652Z
35,0x000a,1.60393,0x00000000,2025-12-14T15:16:43.652Z,2025-12-14T15:16:43.652Z
34,0x000a,1.03471,0x00000000,2025-12-14T15:16:43.652Z,2025-12-14T15:16:43.652Z
26,0x000a,7.10974,0x00000000,2025-12-14T15:16:43.652Z,2025-12-14T15:16:43.652Z
25,0x000a,5.16999,0x00000000,2025-12-14T15:16:43.652Z,2025-12-14T15:16:43.652Z
23,0x000a,2.21769,0x00000000,2025-12-14T15:16:43.652Z,2025-12-14T15:16:43.652Z
22,0x000a,1.60393,0x00000000,2025-12-14T15:16:43.652Z,2025-12-14T15:16:43.652Z
21,0x000a,1.03471,0x00000000,2025-12-14T15:16:43.652Z,2025-12-14T15:16:43.652Z
8,0x0004,19657,0x00000000,2025-12-14T15:16:43.652Z,2025-12-14T15:16:43.652Z
7,0x0004,14294,0x00000000,2025-12-14T15:16:43.652Z,2025-12-14T15:16:43.652Z
39,0x000a,2.60055,0x00000000,2025-12-14T15:16:43.852Z,2025-12-14T15:16:43.852Z
38,0x000a,1.89887,0x00000000,2025-12-14T15:16:43.852Z,2025-12-14T15:16:43.852Z
36,0x000a,3.20845,0x00000000,2025-12-14T15:16:43.852Z,2025-12-14T15:16:43.852Z
35,0x000a,2.30298,0x00000000,2025-12-14T15:16:43.852Z,2025-12-14T15:16:43.852Z
34,0x000a,0.517357,0x00000000,2025-12-14T15:16:43.852Z,2025-12-14T15:16:43.852Z
26,0x000a,7.36979,0x00000000,2025-12-14T15:16:43.852Z,2025-12-14T15:16:43.852Z
25,0x000a,5.35988,0x00000000,2025-12-14T15:16:43.852Z,2025-12-14T15:16:43.852Z
23,0x000a,3.20845,0x00000000,2025-12-14T15:16:43.852Z,2025-12-14T15:16:43.852Z
22,0x000a,2.30298,0x00000000,2025-12-14T15:16:43.852Z,2025-12-14T15:16:43.852Z
21,0x000a,0.517357,0x00000000,2025-12-14T15:16:43.852Z,2025-12-14T15:16:43.852Z
8,0x0004,20376,0x00000000,2025-12-14T15:16:43.852Z,2025-12-14T15:16:43.852Z
7,0x0004,14819,0x00000000,2025-12-14T15:16:43.852Z,2025-12-14T15:16:43.852Z
39,0x000a,2.10142,0x00000000,2025-12-14T15:16:43.952Z,2025-12-14T15:16:43.952Z
38,0x000a,1.50101,0x00000000,2025-12-14T15:16:43.952Z,2025-12-14T15:16:43.952Z
36,0x000a,2.9045,0x00000000,2025-12-14T15:16:43.952Z,2025-12-14T15:16:43.952Z
35,0x000a,2.10092,0x00000000,2025-12-14T15:16:43.952Z,2025-12-14T15:16:43.952Z
34,0x000a,0.258679,0x00000000,2025-12-14T15:16:43.952Z,2025-12-14T15:16:43.952Z
26,0x000a,7.57993,0x00000000,2025-12-14T15:16:43.952Z,2025-12-14T15:16:43.952Z
25,0x000a,5.50998,0x00000000,2025-12-14T15:16:43.952Z,2025-12-14T15:16:43.952Z
23,0x000a,2.9045,0x00000000,2025-12-14T15:16:43.952Z,2025-12-14T15:16:43.952Z
22,0x000a,2.10092,0x00000000,2025-12-14T15:16:43.952Z,2025-12-14T15:16:43.952Z
21,0x000a,0.258679,0x00000000,2025-12-14T15:16:43.952Z,2025-12-14T15:16:43.952Z
8,0x0004,20957,0x00000000,2025-12-14T15:16:43.952Z,2025-12-14T15:16:43.952Z
7,0x0004,15234,0x00000000,2025-12-14T15:16:43.952Z,2025-12-14T15:16:43.952Z
39,0x000a,2.0978,0x00000000,2025-12-14T15:16:44.051Z,2025-12-14T15:16:44.051Z
38,0x000a,1.4974,0x00000000,2025-12-14T15:16:44.051Z,2025-12-14T15:16:44.051Z
36,0x000a,2.50296,0x00000000,2025-12-14T15:16:44.051Z,2025-12-14T15:16:44.051Z
35,0x000a,1.80097,0x00000000,2025-12-14T15:16:44.051Z,2025-12-14T15:16:44.051Z
34,0x000a,0.129339,0x00000000,2025-12-14T15:16:44.051Z,2025-12-14T15:16:44.051Z
26,0x000a,7.78971,0x00000000,2025-12-14T15:16:44.051Z,2025-12-14T15:16:44.051Z
25,0x000a,5.65972,0x00000000,2025-12-14T15:16:44.051Z,2025-12-14T15:16:44.051Z
23,0x000a,2.50296,0x00000000,2025-12-14T15:16:44.051Z,2025-12-14T15:16:44.051Z
22,0x000a,1.80097,0x00000000,2025-12-14T15:16:44.051Z,2025-12-14T15:16:44.051Z
21,0x000a,0.129339,0x00000000,2025-12-14T15:16:44.051Z,2025-12-14T15:16:44.051Z
8,0x0004,21537,0x00000000,2025-12-14T15:16:44.051Z,2025-12-14T15:16:44.051Z
7,0x0004,15648,0x00000000,2025-12-14T15:16:44.051Z,2025-12-14T15:16:44.051Z
39,0x000a,2.20269,0x00000000,2025-12-14T15:16:44.150Z,2025-12-14T15:16:44.150Z
38,0x000a,1.60228,0x00000000,2025-12-14T15:16:44.150Z,2025-12-14T15:16:44.150Z
36,0x000a,2.30038,0x00000000,2025-12-14T15:16:44.150Z,2025-12-14T15:16:44.150Z
35,0x000a,1.64918,0x00000000,2025-12-14T15:16:44.150Z,2025-12-14T15:16:44.150Z
34,0x000a,0.0646697,0x00000000,2025-12-14T15:16:44.150Z,2025-12-14T15:16:44.150Z
26,0x000a,8.00998,0x00000000,2025-12-14T15:16:44.150Z,2025-12-14T15:16:44.150Z
25,0x000a,5.81995,0x00000000,2025-12-14T15:16:44.150Z,2025-12-14T15:16:44.150Z
23,0x000a,2.30038,0x00000000,2025-12-14T15:16:44.150Z,2025-12-14T15:16:44.150Z
22,0x000a,1.64918,0x00000000,2025-12-14T15:16:44.150Z,2025-12-14T15:16:44.150Z
21,0x000a,0.0646697,0x00000000,2025-12-14T15:16:44.150Z,2025-12-14T15:16:44.150Z
8,0x0004,22146,0x00000000,2025-12-14T15:16:44.150Z,2025-12-14T15:16:44.150Z
7,0x0004,16091,0x00000000,2025-12-14T15:16:44.150Z,2025-12-14T15:16:44.150Z
39,0x000a,2.09781,0x00000000,2025-12-14T15:16:44.250Z,2025-12-14T15:16:44.250Z
38,0x000a,1.4974,0x00000000,2025-12-14T15:16:44.250Z,2025-12-14T15:16:44.250Z
36,0x000a,2.25153,0x00000000,2025-12-14T15:16:44.250Z,2025-12-14T15:16:44.250Z
35,0x000a,1.62573,0x00000000,2025-12-14T15:16:44.250Z,2025-12-14T15:16:44.250Z
34,0x000a,0.0323348,0x00000000,2025-12-14T15:16:44.250Z,2025-12-14T15:16:44.250Z
26,0x000a,8.21976,0x00000000,2025-12-14T15:16:44.250Z,2025-12-14T15:16:44.250Z
25,0x000a,5.96969,0x00000000,2025-12-14T15:16:44.250Z,2025-12-14T15:16:44.250Z
23,0x000a,2.25153,0x00000000,2025-12-14T15:16:44.250Z,2025-12-14T15:16:44.250Z
22,0x000a,1.62573,0x00000000,2025-12-14T15:16:44.250Z,2025-12-14T15:16:44.250Z
21,0x000a,0.0323348,0x00000000,2025-12-14T15:16:44.250Z,2025-12-14T15:16:44.250Z
8,0x0004,22726,0x00000000,2025-12-14T15:16:44.250Z,2025-12-14T15:16:44.250Z
7,0x0004,16505,0x00000000,2025-12-14T15:16:44.250Z,2025-12-14T15:16:44.250Z
39,0x000a,2.10141,0x00000000,2025-12-14T15:16:44.352Z,2025-12-14T15:16:44.352Z
38,0x000a,1.50101,0x00000000,2025-12-14T15:16:44.352Z,2025-12-14T15:16:44.352Z
36,0x000a,2.17467,0x00000000,2025-12-14T15:16:44.352Z,2025-12-14T15:16:44.352Z
35,0x000a,1.56157,0x00000000,2025-12-14T15:16:44.352Z,2025-12-14T15:16:44.352Z
34,0x000a,0.0161674,0x00000000,2025-12-14T15:16:44.352Z,2025-12-14T15:16:44.352Z
26,0x000a,8.4299,0x00000000,2025-12-14T15:16:44.352Z,2025-12-14T15:16:44.352Z
25,0x000a,6.11979,0x00000000,2025-12-14T15:16:44.352Z,2025-12-14T15:16:44.352Z
23,0x000a,2.17467,0x00000000,2025-12-14T15:16:44.352Z,2025-12-14T15:16:44.352Z
22,0x000a,1.56157,0x00000000,2025-12-14T15:16:44.352Z,2025-12-14T15:16:44.352Z
21,0x000a,0.0161674,0x00000000,2025-12-14T15:16:44.352Z,2025-12-14T15:16:44.352Z
8,0x0004,23307,0x00000000,2025-12-14T15:16:44.352Z,2025-12-14T15:16:44.352Z
7,0x0004,16920,0x00000000,2025-12-14T15:16:44.352Z,2025-12-14T15:16:44.352Z
39,0x000a,2.60056,0x00000000,2025-12-14T15:16:44.450Z,2025-12-14T15:16:44.450Z
38,0x000a,1.89887,0x00000000,2025-12-14T15:16:44.450Z,2025-12-14T15:16:44.450Z
36,0x000a,2.13804,0x00000000,2025-12-14T15:16:44.450Z,2025-12-14T15:16:44.450Z
35,0x000a,1.53129,0x00000000,2025-12-14T15:16:44.450Z,2025-12-14T15:16:44.450Z
34,0x000a,0.00808371,0x00000000,2025-12-14T15:16:44.450Z,2025-12-14T15:16:44.450Z
26,0x000a,8.68996,0x00000000,2025-12-14T15:16:44.450Z,2025-12-14T15:16:44.450Z
25,0x000a,6.30968,0x00000000,2025-12-14T15:16:44.450Z,2025-12-14T15:16:44.450Z
23,0x000a,2.13804,0x00000000,2025-12-14T15:16:44.450Z,2025-12-14T15:16:44.450Z
22,0x000a,1.53129,0x00000000,2025-12-14T15:16:44.450Z,2025-12-14T15:16:44.450Z
21,0x000a,0.00808371,0x00000000,2025-12-14T15:16:44.450Z,2025-12-14T15:16:44.450Z
8,0x0004,24026,0x00000000,2025-12-14T15:16:44.450Z,2025-12-14T15:16:44.450Z
7,0x0004,17445,0x00000000,2025-12-14T15:16:44.450Z,2025-12-14T15:16:44.450Z
26,0x000a,8.89974,0x00000000,2025-12-14T15:16:44.550Z,2025-12-14T15:16:44.550Z
25,0x000a,6.45978,0x00000000,2025-12-14T15:16:44.550Z,2025-12-14T15:16:44.550Z
8,0x0004,24606,0x00000000,2025-12-14T15:16:44.550Z,2025-12-14T15:16:44.550Z
7,0x0004,17860,0x00000000,2025-12-14T15:16:44.550Z,2025-12-14T15:16:44.550Z
39,0x000a,2.0978,0x00000000,2025-12-14T15:16:44.652Z,2025-12-14T15:16:44.652Z
38,0x000a,1.50102,0x00000000,2025-12-14T15:16:44.652Z,2025-12-14T15:16:44.652Z
36,0x000a,2.3693,0x00000000,2025-12-14T15:16:44.652Z,2025-12-14T15:16:44.652Z
35,0x000a,1.71508,0x00000000,2025-12-14T15:16:44.652Z,2025-12-14T15:16:44.652Z
34,0x000a,0.00404186,0x00000000,2025-12-14T15:16:44.652Z,2025-12-14T15:16:44.652Z
26,0x000a,9.11965,0x00000000,2025-12-14T15:16:44.652Z,2025-12-14T15:16:44.652Z
25,0x000a,6.60988,0x00000000,2025-12-14T15:16:44.652Z,2025-12-14T15:16:44.652Z
23,0x000a,2.3693,0x00000000,2025-12-14T15:16:44.652Z,2025-12-14T15:16:44.652Z
22,0x000a,1.71508,0x00000000,2025-12-14T15:16:44.652Z,2025-12-14T15:16:44.652Z
21,0x000a,0.00404186,0x00000000,2025-12-14T15:16:44.652Z,2025-12-14T15:16:44.652Z
8,0x0004,25214,0x00000000,2025-12-14T15:16:44.652Z,2025-12-14T15:16:44.652Z
7,0x0004,18275,0x00000000,2025-12-14T15:16:44.652Z,2025-12-14T15:16:44.652Z
39,0x000a,2.19908,0x00000000,2025-12-14T15:16:44.749Z,2025-12-14T15:16:44.749Z
38,0x000a,1.50101,0x00000000,2025-12-14T15:16:44.749Z,2025-12-14T15:16:44.749Z
36,0x000a,2.23355,0x00000000,2025-12-14T15:16:44.749Z,2025-12-14T15:16:44.749Z
35,0x000a,1.60805,0x00000000,2025-12-14T15:16:44.749Z,2025-12-14T15:16:44.749Z
34,0x000a,0.00202093,0x00000000,2025-12-14T15:16:44.749Z,2025-12-14T15:16:44.749Z
26,0x000a,9.32979,0x00000000,2025-12-14T15:16:44.749Z,2025-12-14T15:16:44.749Z
25,0x000a,6.76975,0x00000000,2025-12-14T15:16:44.749Z,2025-12-14T15:16:44.749Z
23,0x000a,2.23355,0x00000000,2025-12-14T15:16:44.749Z,2025-12-14T15:16:44.749Z
22,0x000a,1.60805,0x00000000,2025-12-14T15:16:44.749Z,2025-12-14T15:16:44.749Z
21,0x000a,0.00202093,0x00000000,2025-12-14T15:16:44.749Z,2025-12-14T15:16:44.749Z
8,0x0004,25795,0x00000000,2025-12-14T15:16:44.749Z,2025-12-14T15:16:44.749Z
7,0x0004,18717,0x00000000,2025-12-14T15:16:44.749Z,2025-12-14T15:16:44.749Z
39,0x000a,4.20283,0x00000000,2025-12-14T15:16:44.850Z,2025-12-14T15:16:44.850Z
39,0x000a,2.60055,0x00000000,2025-12-14T15:16:44.952Z,2025-12-14T15:16:44.952Z
38,0x000a,3.09968,0x00000000,2025-12-14T15:16:44.850Z,2025-12-14T15:16:44.850Z
38,0x000a,1.80121,0x00000000,2025-12-14T15:16:44.952Z,2025-12-14T15:16:44.952Z
36,0x000a,2.21631,0x00000000,2025-12-14T15:16:44.850Z,2025-12-14T15:16:44.850Z
36,0x000a,3.20957,0x00000000,2025-12-14T15:16:44.952Z,2025-12-14T15:16:44.952Z
35,0x000a,1.55453,0x00000000,2025-12-14T15:16:44.850Z,2025-12-14T15:16:44.850Z
35,0x000a,2.32711,0x00000000,2025-12-14T15:16:44.952Z,2025-12-14T15:16:44.952Z
34,0x000a,0.00101046,0x00000000,2025-12-14T15:16:44.850Z,2025-12-14T15:16:44.850Z
34,0x000a,0.000505232,0x00000000,2025-12-14T15:16:44.952Z,2025-12-14T15:16:44.952Z
26,0x000a,9.53993,0x00000000,2025-12-14T15:16:44.850Z,2025-12-14T15:16:44.850Z
26,0x000a,9.79998,0x00000000,2025-12-14T15:16:44.952Z,2025-12-14T15:16:44.952Z
25,0x000a,6.91985,0x00000000,2025-12-14T15:16:44.850Z,2025-12-14T15:16:44.850Z
25,0x000a,7.09997,0x00000000,2025-12-14T15:16:44.952Z,2025-12-14T15:16:44.952Z
23,0x000a,2.21631,0x00000000,2025-12-14T15:16:44.850Z,2025-12-14T15:16:44.850Z
23,0x000a,3.20957,0x00000000,2025-12-14T15:16:44.952Z,2025-12-14T15:16:44.952Z
22,0x000a,1.55453,0x00000000,2025-12-14T15:16:44.850Z,2025-12-14T15:16:44.850Z
22,0x000a,2.32711,0x00000000,2025-12-14T15:16:44.952Z,2025-12-14T15:16:44.952Z
21,0x000a,0.00101046,0x00000000,2025-12-14T15:16:44.850Z,2025-12-14T15:16:44.850Z
21,0x000a,0.000505232,0x00000000,2025-12-14T15:16:44.952Z,2025-12-14T15:16:44.952Z
17,0x0001,false,0x00000000,2025-12-14T15:16:44.952Z,2025-12-14T15:16:44.952Z
8,0x0004,26376,0x00000000,2025-12-14T15:16:44.850Z,2025-12-14T15:16:44.850Z
8,0x0004,27095,0x00000000,2025-12-14T15:16:44.952Z,2025-12-14T15:16:44.952Z
7,0x0004,19132,0x00000000,2025-12-14T15:16:44.850Z,2025-12-14T15:16:44.850Z
7,0x0004,19630,0x00000000,2025-12-14T15:16:44.952Z,2025-12-14T15:16:44.952Z
39,0x000a,2.00015,0x00000000,2025-12-14T15:16:45.050Z,2025-12-14T15:16:45.050Z
38,0x000a,1.59867,0x00000000,2025-12-14T15:16:45.050Z,2025-12-14T15:16:45.050Z
36,0x000a,2.90506,0x00000000,2025-12-14T15:16:45.050Z,2025-12-14T15:16:45.050Z
35,0x000a,2.06416,0x00000000,2025-12-14T15:16:45.050Z,2025-12-14T15:16:45.050Z
34,0x000a,0.000252616,0x00000000,2025-12-14T15:16:45.050Z,2025-12-14T15:16:45.050Z
26,0x000a,10,0x00000000,2025-12-14T15:16:45.050Z,2025-12-14T15:16:45.050Z
25,0x000a,7.25984,0x00000000,2025-12-14T15:16:45.050Z,2025-12-14T15:16:45.050Z
23,0x000a,2.90506,0x00000000,2025-12-14T15:16:45.050Z,2025-12-14T15:16:45.050Z
22,0x000a,2.06416,0x00000000,2025-12-14T15:16:45.050Z,2025-12-14T15:16:45.050Z
21,0x000a,0.000252616,0x00000000,2025-12-14T15:16:45.050Z,2025-12-14T15:16:45.050Z
8,0x0004,27648,0x00000000,2025-12-14T15:16:45.050Z,2025-12-14T15:16:45.050Z
7,0x0004,20072,0x00000000,2025-12-14T15:16:45.050Z,2025-12-14T15:16:45.050Z
39,0x000a,0,0x00000000,2025-12-14T15:16:45.152Z,2025-12-14T15:16:45.152Z
38,0x000a,1.50102,0x00000000,2025-12-14T15:16:45.152Z,2025-12-14T15:16:45.152Z
36,0x000a,2.45261,0x00000000,2025-12-14T15:16:45.152Z,2025-12-14T15:16:45.152Z
35,0x000a,1.83141,0x00000000,2025-12-14T15:16:45.152Z,2025-12-14T15:16:45.152Z
34,0x000a,0.000126308,0x00000000,2025-12-14T15:16:45.152Z,2025-12-14T15:16:45.152Z
25,0x000a,7.40994,0x00000000,2025-12-14T15:16:45.152Z,2025-12-14T15:16:45.152Z
23,0x000a,2.45261,0x00000000,2025-12-14T15:16:45.152Z,2025-12-14T15:16:45.152Z
22,0x000a,1.83141,0x00000000,2025-12-14T15:16:45.152Z,2025-12-14T15:16:45.152Z
21,0x000a,0.000126308,0x00000000,2025-12-14T15:16:45.152Z,2025-12-14T15:16:45.152Z
7,0x0004,20487,0x00000000,2025-12-14T15:16:45.152Z,2025-12-14T15:16:45.152Z
38,0x000a,1.49739,0x00000000,2025-12-14T15:16:45.252Z,2025-12-14T15:16:45.252Z
36,0x000a,1.2263,0x00000000,2025-12-14T15:16:45.252Z,2025-12-14T15:16:45.252Z
35,0x000a,1.66622,0x00000000,2025-12-14T15:16:45.252Z,2025-12-14T15:16:45.252Z
34,0x000a,6.3154e-05,0x00000000,2025-12-14T15:16:45.252Z,2025-12-14T15:16:45.252Z
25,0x000a,7.55968,0x00000000,2025-12-14T15:16:45.252Z,2025-12-14T15:16:45.252Z
23,0x000a,1.2263,0x00000000,2025-12-14T15:16:45.252Z,2025-12-14T15:16:45.252Z
22,0x000a,1.66622,0x00000000,2025-12-14T15:16:45.252Z,2025-12-14T15:16:45.252Z
21,0x000a,6.3154e-05,0x00000000,2025-12-14T15:16:45.252Z,2025-12-14T15:16:45.252Z
7,0x0004,20901,0x00000000,2025-12-14T15:16:45.252Z,2025-12-14T15:16:45.252Z
25,0x000a,7.71991,0x00000000,2025-12-14T15:16:45.350Z,2025-12-14T15:16:45.350Z
7,0x0004,21344,0x00000000,2025-12-14T15:16:45.350Z,2025-12-14T15:16:45.350Z
42,0x0001,true,0x00000000,2025-12-14T15:16:45.449Z,2025-12-14T15:16:45.449Z
38,0x000a,1.60229,0x00000000,2025-12-14T15:16:45.449Z,2025-12-14T15:16:45.449Z
36,0x000a,0.613151,0x00000000,2025-12-14T15:16:45.449Z,2025-12-14T15:16:45.449Z
35,0x000a,1.5818,0x00000000,2025-12-14T15:16:45.449Z,2025-12-14T15:16:45.449Z
34,0x000a,3.1577e-05,0x00000000,2025-12-14T15:16:45.449Z,2025-12-14T15:16:45.449Z
25,0x000a,7.89967,0x00000000,2025-12-14T15:16:45.449Z,2025-12-14T15:16:45.449Z
23,0x000a,0.613151,0x00000000,2025-12-14T15:16:45.449Z,2025-12-14T15:16:45.449Z
22,0x000a,1.5818,0x00000000,2025-12-14T15:16:45.449Z,2025-12-14T15:16:45.449Z
21,0x000a,3.1577e-05,0x00000000,2025-12-14T15:16:45.449Z,2025-12-14T15:16:45.449Z
7,0x0004,21841,0x00000000,2025-12-14T15:16:45.449Z,2025-12-14T15:16:45.449Z
38,0x000a,1.7976,0x00000000,2025-12-14T15:16:45.550Z,2025-12-14T15:16:45.550Z
36,0x000a,0.306576,0x00000000,2025-12-14T15:16:45.550Z,2025-12-14T15:16:45.550Z
35,0x000a,1.59205,0x00000000,2025-12-14T15:16:45.550Z,2025-12-14T15:16:45.550Z
34,0x000a,1.57885e-05,0x00000000,2025-12-14T15:16:45.550Z,2025-12-14T15:16:45.550Z
25,0x000a,8.0599,0x00000000,2025-12-14T15:16:45.550Z,2025-12-14T15:16:45.550Z
23,0x000a,0.306576,0x00000000,2025-12-14T15:16:45.550Z,2025-12-14T15:16:45.550Z
22,0x000a,1.59205,0x00000000,2025-12-14T15:16:45.550Z,2025-12-14T15:16:45.550Z
21,0x000a,1.57885e-05,0x00000000,2025-12-14T15:16:45.550Z,2025-12-14T15:16:45.550Z
7,0x0004,22284,0x00000000,2025-12-14T15:16:45.550Z,2025-12-14T15:16:45.550Z
38,0x000a,1.60228,0x00000000,2025-12-14T15:16:45.653Z,2025-12-14T15:16:45.653Z
36,0x000a,0.153288,0x00000000,2025-12-14T15:16:45.653Z,2025-12-14T15:16:45.653Z
35,0x000a,1.69482,0x00000000,2025-12-14T15:16:45.653Z,2025-12-14T15:16:45.653Z
34,0x000a,7.89425e-06,0x00000000,2025-12-14T15:16:45.653Z,2025-12-14T15:16:45.653Z
25,0x000a,8.21,0x00000000,2025-12-14T15:16:45.653Z,2025-12-14T15:16:45.653Z
23,0x000a,0.153288,0x00000000,2025-12-14T15:16:45.653Z,2025-12-14T15:16:45.653Z
22,0x000a,1.69482,0x00000000,2025-12-14T15:16:45.653Z,2025-12-14T15:16:45.653Z
21,0x000a,7.89425e-06,0x00000000,2025-12-14T15:16:45.653Z,2025-12-14T15:16:45.653Z
7,0x0004,22699,0x00000000,2025-12-14T15:16:45.653Z,2025-12-14T15:16:45.653Z
38,0x000a,1.50102,0x00000000,2025-12-14T15:16:45.751Z,2025-12-14T15:16:45.751Z
36,0x000a,0.0766439,0x00000000,2025-12-14T15:16:45.751Z,2025-12-14T15:16:45.751Z
35,0x000a,1.64855,0x00000000,2025-12-14T15:16:45.751Z,2025-12-14T15:16:45.751Z
34,0x000a,3.94712e-06,0x00000000,2025-12-14T15:16:45.751Z,2025-12-14T15:16:45.751Z
25,0x000a,8.35974,0x00000000,2025-12-14T15:16:45.751Z,2025-12-14T15:16:45.751Z
23,0x000a,0.0766439,0x00000000,2025-12-14T15:16:45.751Z,2025-12-14T15:16:45.751Z
22,0x000a,1.64855,0x00000000,2025-12-14T15:16:45.751Z,2025-12-14T15:16:45.751Z
21,0x000a,3.94712e-06,0x00000000,2025-12-14T15:16:45.751Z,2025-12-14T15:16:45.751Z
7,0x0004,23113,0x00000000,2025-12-14T15:16:45.751Z,2025-12-14T15:16:45.751Z
38,0x000a,1.49739,0x00000000,2025-12-14T15:16:45.852Z,2025-12-14T15:16:45.852Z
36,0x000a,0.038322,0x00000000,2025-12-14T15:16:45.852Z,2025-12-14T15:16:45.852Z
35,0x000a,1.57478,0x00000000,2025-12-14T15:16:45.852Z,2025-12-14T15:16:45.852Z
34,0x000a,1.97356e-06,0x00000000,2025-12-14T15:16:45.852Z,2025-12-14T15:16:45.852Z
25,0x000a,8.51997,0x00000000,2025-12-14T15:16:45.852Z,2025-12-14T15:16:45.852Z
23,0x000a,0.038322,0x00000000,2025-12-14T15:16:45.852Z,2025-12-14T15:16:45.852Z
22,0x000a,1.57478,0x00000000,2025-12-14T15:16:45.852Z,2025-12-14T15:16:45.852Z
21,0x000a,1.97356e-06,0x00000000,2025-12-14T15:16:45.852Z,2025-12-14T15:16:45.852Z
7,0x0004,23556,0x00000000,2025-12-14T15:16:45.852Z,2025-12-14T15:16:45.852Z
38,0x000a,3.39989,0x00000000,2025-12-14T15:16:45.952Z,2025-12-14T15:16:45.952Z
36,0x000a,0.019161,0x00000000,2025-12-14T15:16:45.952Z,2025-12-14T15:16:45.952Z
35,0x000a,1.53609,0x00000000,2025-12-14T15:16:45.952Z,2025-12-14T15:16:45.952Z
34,0x000a,9.86781e-07,0x00000000,2025-12-14T15:16:45.952Z,2025-12-14T15:16:45.952Z
25,0x000a,8.69973,0x00000000,2025-12-14T15:16:45.952Z,2025-12-14T15:16:45.952Z
23,0x000a,0.019161,0x00000000,2025-12-14T15:16:45.952Z,2025-12-14T15:16:45.952Z
22,0x000a,1.53609,0x00000000,2025-12-14T15:16:45.952Z,2025-12-14T15:16:45.952Z
21,0x000a,9.86781e-07,0x00000000,2025-12-14T15:16:45.952Z,2025-12-14T15:16:45.952Z
7,0x0004,24053,0x00000000,2025-12-14T15:16:45.952Z,2025-12-14T15:16:45.952Z
38,0x000a,1.50101,0x00000000,2025-12-14T15:16:46.053Z,2025-12-14T15:16:46.053Z
36,0x000a,0.00958049,0x00000000,2025-12-14T15:16:46.053Z,2025-12-14T15:16:46.053Z
35,0x000a,2.46799,0x00000000,2025-12-14T15:16:46.053Z,2025-12-14T15:16:46.053Z
34,0x000a,4.93391e-07,0x00000000,2025-12-14T15:16:46.053Z,2025-12-14T15:16:46.053Z
25,0x000a,8.84983,0x00000000,2025-12-14T15:16:46.053Z,2025-12-14T15:16:46.053Z
23,0x000a,0.00958049,0x00000000,2025-12-14T15:16:46.053Z,2025-12-14T15:16:46.053Z
22,0x000a,2.46799,0x00000000,2025-12-14T15:16:46.053Z,2025-12-14T15:16:46.053Z
21,0x000a,4.93391e-07,0x00000000,2025-12-14T15:16:46.053Z,2025-12-14T15:16:46.053Z
15,0x0001,false,0x00000000,2025-12-14T15:16:46.053Z,2025-12-14T15:16:46.053Z
7,0x0004,24468,0x00000000,2025-12-14T15:16:46.053Z,2025-12-14T15:16:46.053Z
25,0x000a,9.00969,0x00000000,2025-12-14T15:16:46.150Z,2025-12-14T15:16:46.150Z
7,0x0004,24910,0x00000000,2025-12-14T15:16:46.150Z,2025-12-14T15:16:46.150Z
38,0x000a,1.59867,0x00000000,2025-12-14T15:16:46.250Z,2025-12-14T15:16:46.250Z
36,0x000a,0.00479024,0x00000000,2025-12-14T15:16:46.250Z,2025-12-14T15:16:46.250Z
35,0x000a,1.9845,0x00000000,2025-12-14T15:16:46.250Z,2025-12-14T15:16:46.250Z
34,0x000a,2.46695e-07,0x00000000,2025-12-14T15:16:46.250Z,2025-12-14T15:16:46.250Z
25,0x000a,9.06973,0x00000000,2025-12-14T15:16:46.250Z,2025-12-14T15:16:46.250Z
23,0x000a,0.00479024,0x00000000,2025-12-14T15:16:46.250Z,2025-12-14T15:16:46.250Z
22,0x000a,1.9845,0x00000000,2025-12-14T15:16:46.250Z,2025-12-14T15:16:46.250Z
21,0x000a,2.46695e-07,0x00000000,2025-12-14T15:16:46.250Z,2025-12-14T15:16:46.250Z
7,0x0004,25076,0x00000000,2025-12-14T15:16:46.250Z,2025-12-14T15:16:46.250Z
38,0x000a,0.600405,0x00000000,2025-12-14T15:16:46.352Z,2025-12-14T15:16:46.352Z
36,0x000a,0.00239512,0x00000000,2025-12-14T15:16:46.352Z,2025-12-14T15:16:46.352Z
35,0x000a,1.79159,0x00000000,2025-12-14T15:16:46.352Z,2025-12-14T15:16:46.352Z
34,0x000a,1.23348e-07,0x00000000,2025-12-14T15:16:46.352Z,2025-12-14T15:16:46.352Z
23,0x000a,0.00239512,0x00000000,2025-12-14T15:16:46.352Z,2025-12-14T15:16:46.352Z
22,0x000a,1.79159,0x00000000,2025-12-14T15:16:46.352Z,2025-12-14T15:16:46.352Z
21,0x000a,1.23348e-07,0x00000000,2025-12-14T15:16:46.352Z,2025-12-14T15:16:46.352Z
38,0x000a,0,0x00000000,2025-12-14T15:16:46.451Z,2025-12-14T15:16:46.451Z
36,0x000a,0.00119756,0x00000000,2025-12-14T15:16:46.451Z,2025-12-14T15:16:46.451Z
35,0x000a,1.19599,0x00000000,2025-12-14T15:16:46.451Z,2025-12-14T15:16:46.451Z
34,0x000a,6.16738e-08,0x00000000,2025-12-14T15:16:46.451Z,2025-12-14T15:16:46.451Z
23,0x000a,0.00119756,0x00000000,2025-12-14T15:16:46.451Z,2025-12-14T15:16:46.451Z
22,0x000a,1.19599,0x00000000,2025-12-14T15:16:46.451Z,2025-12-14T15:16:46.451Z
21,0x000a,6.16738e-08,0x00000000,2025-12-14T15:16:46.451Z,2025-12-14T15:16:46.451Z
41,0x0001,true,0x00000000,2025-12-14T15:16:46.552Z,2025-12-14T15:16:46.552Z
36,0x000a,0.000598781,0x00000000,2025-12-14T15:16:46.552Z,2025-12-14T15:16:46.552Z
35,0x000a,0.597997,0x00000000,2025-12-14T15:16:46.552Z,2025-12-14T15:16:46.552Z
34,0x000a,3.08369e-08,0x00000000,2025-12-14T15:16:46.552Z,2025-12-14T15:16:46.552Z
27,0x0001,true,0x00000000,2025-12-14T15:16:46.552Z,2025-12-14T15:16:46.552Z
23,0x000a,0.000598781,0x00000000,2025-12-14T15:16:46.552Z,2025-12-14T15:16:46.552Z
22,0x000a,0.597997,0x00000000,2025-12-14T15:16:46.552Z,2025-12-14T15:16:46.552Z
21,0x000a,3.08369e-08,0x00000000,2025-12-14T15:16:46.552Z,2025-12-14T15:16:46.552Z
18,0x0001,true,0x00000000,2025-12-14T15:16:46.552Z,2025-12-14T15:16:46.552Z
16,0x0001,true,0x00000000,2025-12-14T15:16:46.552Z,2025-12-14T15:16:46.552Z
14,0x0001,true,0x00000000,2025-12-14T15:16:46.552Z,2025-12-14T15:16:46.552Z
4,0x000a,5,0x00000000,2025-12-14T15:16:46.552Z,2025-12-14T15:16:46.552Z
3,0x000a,5,0x00000000,2025-12-14T15:16:46.552Z,2025-12-14T15:16:46.552Z
2,0x000a,5,0x00000000,2025-12-14T15:16:46.552Z,2025-12-14T15:16:46.552Z
42,0x0001,false,0x00000000,2025-12-14T15:16:46.650Z,2025-12-14T15:16:46.650Z
41,0x0001,false,0x00000000,2025-12-14T15:16:46.650Z,2025-12-14T15:16:46.650Z
40,0x0001,false,0x00000000,2025-12-14T15:16:46.650Z,2025-12-14T15:16:46.650Z
36,0x000a,0.00029939,0x00000000,2025-12-14T15:16:46.650Z,2025-12-14T15:16:46.650Z
35,0x000a,0.298999,0x00000000,2025-12-14T15:16:46.650Z,2025-12-14T15:16:46.650Z
34,0x000a,1.54185e-08,0x00000000,2025-12-14T15:16:46.650Z,2025-12-14T15:16:46.650Z
27,0x0001,false,0x00000000,2025-12-14T15:16:46.650Z,2025-12-14T15:16:46.650Z
23,0x000a,0.00029939,0x00000000,2025-12-14T15:16:46.650Z,2025-12-14T15:16:46.650Z
22,0x000a,0.298999,0x00000000,2025-12-14T15:16:46.650Z,2025-12-14T15:16:46.650Z
21,0x000a,1.54185e-08,0x00000000,2025-12-14T15:16:46.650Z,2025-12-14T15:16:46.650Z
39,0x000a,-0.202551,0x00000000,2025-12-14T15:16:46.850Z,2025-12-14T15:16:46.850Z
38,0x000a,-0.600405,0x00000000,2025-12-14T15:16:46.850Z,2025-12-14T15:16:46.850Z
37,0x000a,-1.09954,0x00000000,2025-12-14T15:16:46.850Z,2025-12-14T15:16:46.850Z
36,0x000a,0.000149695,0x00000000,2025-12-14T15:16:46.751Z,2025-12-14T15:16:46.751Z
36,0x000a,7.48476e-05,0x00000000,2025-12-14T15:16:46.850Z,2025-12-14T15:16:46.850Z
35,0x000a,0.149499,0x00000000,2025-12-14T15:16:46.751Z,2025-12-14T15:16:46.751Z
35,0x000a,0.0747497,0x00000000,2025-12-14T15:16:46.850Z,2025-12-14T15:16:46.850Z
34,0x000a,7.70923e-09,0x00000000,2025-12-14T15:16:46.751Z,2025-12-14T15:16:46.751Z
34,0x000a,3.85461e-09,0x00000000,2025-12-14T15:16:46.850Z,2025-12-14T15:16:46.850Z
26,0x000a,9.97974,0x00000000,2025-12-14T15:16:46.850Z,2025-12-14T15:16:46.850Z
25,0x000a,9.00969,0x00000000,2025-12-14T15:16:46.850Z,2025-12-14T15:16:46.850Z
24,0x000a,8.15972,0x00000000,2025-12-14T15:16:46.850Z,2025-12-14T15:16:46.850Z
23,0x000a,0.000149695,0x00000000,2025-12-14T15:16:46.751Z,2025-12-14T15:16:46.751Z
23,0x000a,7.48476e-05,0x00000000,2025-12-14T15:16:46.850Z,2025-12-14T15:16:46.850Z
22,0x000a,0.149499,0x00000000,2025-12-14T15:16:46.751Z,2025-12-14T15:16:46.751Z
22,0x000a,0.0747497,0x00000000,2025-12-14T15:16:46.850Z,2025-12-14T15:16:46.850Z
21,0x000a,7.70923e-09,0x00000000,2025-12-14T15:16:46.751Z,2025-12-14T15:16:46.751Z
21,0x000a,3.85461e-09,0x00000000,2025-12-14T15:16:46.850Z,2025-12-14T15:16:46.850Z
8,0x0004,27592,0x00000000,2025-12-14T15:16:46.850Z,2025-12-14T15:16:46.850Z
7,0x0004,24910,0x00000000,2025-12-14T15:16:46.850Z,2025-12-14T15:16:46.850Z
6,0x0004,22560,0x00000000,2025-12-14T15:16:46.850Z,2025-12-14T15:16:46.850Z
36,0x000a,-0.101238,0x00000000,2025-12-14T15:16:46.952Z,2025-12-14T15:16:46.952Z
35,0x000a,-0.262828,0x00000000,2025-12-14T15:16:46.952Z,2025-12-14T15:16:46.952Z
34,0x000a,-0.549769,0x00000000,2025-12-14T15:16:46.952Z,2025-12-14T15:16:46.952Z
26,0x000a,9.76997,0x00000000,2025-12-14T15:16:46.952Z,2025-12-14T15:16:46.952Z
25,0x000a,8.84983,0x00000000,2025-12-14T15:16:46.952Z,2025-12-14T15:16:46.952Z
24,0x000a,7.8899,0x00000000,2025-12-14T15:16:46.952Z,2025-12-14T15:16:46.952Z
23,0x000a,-0.101238,0x00000000,2025-12-14T15:16:46.952Z,2025-12-14T15:16:46.952Z
22,0x000a,-0.262828,0x00000000,2025-12-14T15:16:46.952Z,2025-12-14T15:16:46.952Z
21,0x000a,-0.549769,0x00000000,2025-12-14T15:16:46.952Z,2025-12-14T15:16:46.952Z
8,0x0004,27012,0x00000000,2025-12-14T15:16:46.952Z,2025-12-14T15:16:46.952Z
7,0x0004,24468,0x00000000,2025-12-14T15:16:46.952Z,2025-12-14T15:16:46.952Z
6,0x0004,21814,0x00000000,2025-12-14T15:16:46.952Z,2025-12-14T15:16:46.952Z
39,0x000a,-2.0978,0x00000000,2025-12-14T15:16:47.051Z,2025-12-14T15:16:47.051Z
38,0x000a,-1.59867,0x00000000,2025-12-14T15:16:47.051Z,2025-12-14T15:16:47.051Z
37,0x000a,-2.69821,0x00000000,2025-12-14T15:16:47.051Z,2025-12-14T15:16:47.051Z
26,0x000a,9.5497,0x00000000,2025-12-14T15:16:47.051Z,2025-12-14T15:16:47.051Z
25,0x000a,8.69973,0x00000000,2025-12-14T15:16:47.051Z,2025-12-14T15:16:47.051Z
24,0x000a,7.60995,0x00000000,2025-12-14T15:16:47.051Z,2025-12-14T15:16:47.051Z
8,0x0004,26403,0x00000000,2025-12-14T15:16:47.051Z,2025-12-14T15:16:47.051Z
7,0x0004,24053,0x00000000,2025-12-14T15:16:47.051Z,2025-12-14T15:16:47.051Z
6,0x0004,21040,0x00000000,2025-12-14T15:16:47.051Z,2025-12-14T15:16:47.051Z
39,0x000a,-4.30049,0x00000000,2025-12-14T15:16:47.150Z,2025-12-14T15:16:47.150Z
38,0x000a,-2.99841,0x00000000,2025-12-14T15:16:47.150Z,2025-12-14T15:16:47.150Z
37,0x000a,-5.60257,0x00000000,2025-12-14T15:16:47.150Z,2025-12-14T15:16:47.150Z
36,0x000a,-1.09952,0x00000000,2025-12-14T15:16:47.150Z,2025-12-14T15:16:47.150Z
35,0x000a,-0.93075,0x00000000,2025-12-14T15:16:47.150Z,2025-12-14T15:16:47.150Z
34,0x000a,-1.62399,0x00000000,2025-12-14T15:16:47.150Z,2025-12-14T15:16:47.150Z
26,0x000a,9.33992,0x00000000,2025-12-14T15:16:47.150Z,2025-12-14T15:16:47.150Z
25,0x000a,8.54998,0x00000000,2025-12-14T15:16:47.150Z,2025-12-14T15:16:47.150Z
24,0x000a,7.32964,0x00000000,2025-12-14T15:16:47.150Z,2025-12-14T15:16:47.150Z
23,0x000a,-1.09952,0x00000000,2025-12-14T15:16:47.150Z,2025-12-14T15:16:47.150Z
22,0x000a,-0.93075,0x00000000,2025-12-14T15:16:47.150Z,2025-12-14T15:16:47.150Z
21,0x000a,-1.62399,0x00000000,2025-12-14T15:16:47.150Z,2025-12-14T15:16:47.150Z
8,0x0004,25823,0x00000000,2025-12-14T15:16:47.150Z,2025-12-14T15:16:47.150Z
7,0x0004,23639,0x00000000,2025-12-14T15:16:47.150Z,2025-12-14T15:16:47.150Z
6,0x0004,20265,0x00000000,2025-12-14T15:16:47.150Z,2025-12-14T15:16:47.150Z
39,0x000a,-2.60056,0x00000000,2025-12-14T15:16:47.252Z,2025-12-14T15:16:47.252Z
38,0x000a,-1.90248,0x00000000,2025-12-14T15:16:47.252Z,2025-12-14T15:16:47.252Z
37,0x000a,-3.29861,0x00000000,2025-12-14T15:16:47.252Z,2025-12-14T15:16:47.252Z
36,0x000a,-2.7,0x00000000,2025-12-14T15:16:47.252Z,2025-12-14T15:16:47.252Z
35,0x000a,-1.96458,0x00000000,2025-12-14T15:16:47.252Z,2025-12-14T15:16:47.252Z
34,0x000a,-3.61328,0x00000000,2025-12-14T15:16:47.252Z,2025-12-14T15:16:47.252Z
26,0x000a,9.07986,0x00000000,2025-12-14T15:16:47.252Z,2025-12-14T15:16:47.252Z
25,0x000a,8.35974,0x00000000,2025-12-14T15:16:47.252Z,2025-12-14T15:16:47.252Z
24,0x000a,6.99978,0x00000000,2025-12-14T15:16:47.252Z,2025-12-14T15:16:47.252Z
23,0x000a,-2.7,0x00000000,2025-12-14T15:16:47.252Z,2025-12-14T15:16:47.252Z
22,0x000a,-1.96458,0x00000000,2025-12-14T15:16:47.252Z,2025-12-14T15:16:47.252Z
21,0x000a,-3.61328,0x00000000,2025-12-14T15:16:47.252Z,2025-12-14T15:16:47.252Z
8,0x0004,25104,0x00000000,2025-12-14T15:16:47.252Z,2025-12-14T15:16:47.252Z
7,0x0004,23113,0x00000000,2025-12-14T15:16:47.252Z,2025-12-14T15:16:47.252Z
6,0x0004,19353,0x00000000,2025-12-14T15:16:47.252Z,2025-12-14T15:16:47.252Z
39,0x000a,-2.10141,0x00000000,2025-12-14T15:16:47.352Z,2025-12-14T15:16:47.352Z
38,0x000a,-1.49739,0x00000000,2025-12-14T15:16:47.352Z,2025-12-14T15:16:47.352Z
37,0x000a,-2.69821,0x00000000,2025-12-14T15:16:47.352Z,2025-12-14T15:16:47.352Z
36,0x000a,-2.65028,0x00000000,2025-12-14T15:16:47.352Z,2025-12-14T15:16:47.352Z
35,0x000a,-1.93353,0x00000000,2025-12-14T15:16:47.352Z,2025-12-14T15:16:47.352Z
34,0x000a,-3.45595,0x00000000,2025-12-14T15:16:47.352Z,2025-12-14T15:16:47.352Z
26,0x000a,8.86972,0x00000000,2025-12-14T15:16:47.352Z,2025-12-14T15:16:47.352Z
25,0x000a,8.21,0x00000000,2025-12-14T15:16:47.352Z,2025-12-14T15:16:47.352Z
24,0x000a,6.72996,0x00000000,2025-12-14T15:16:47.352Z,2025-12-14T15:16:47.352Z
23,0x000a,-2.65028,0x00000000,2025-12-14T15:16:47.352Z,2025-12-14T15:16:47.352Z
22,0x000a,-1.93353,0x00000000,2025-12-14T15:16:47.352Z,2025-12-14T15:16:47.352Z
21,0x000a,-3.45595,0x00000000,2025-12-14T15:16:47.352Z,2025-12-14T15:16:47.352Z
8,0x0004,24523,0x00000000,2025-12-14T15:16:47.352Z,2025-12-14T15:16:47.352Z
7,0x0004,22699,0x00000000,2025-12-14T15:16:47.352Z,2025-12-14T15:16:47.352Z
6,0x0004,18607,0x00000000,2025-12-14T15:16:47.352Z,2025-12-14T15:16:47.352Z
39,0x000a,-2.09781,0x00000000,2025-12-14T15:16:47.452Z,2025-12-14T15:16:47.452Z
38,0x000a,-1.50102,0x00000000,2025-12-14T15:16:47.452Z,2025-12-14T15:16:47.452Z
37,0x000a,-2.8031,0x00000000,2025-12-14T15:16:47.452Z,2025-12-14T15:16:47.452Z
36,0x000a,-2.37585,0x00000000,2025-12-14T15:16:47.452Z,2025-12-14T15:16:47.452Z
35,0x000a,-1.71546,0x00000000,2025-12-14T15:16:47.452Z,2025-12-14T15:16:47.452Z
34,0x000a,-3.07708,0x00000000,2025-12-14T15:16:47.452Z,2025-12-14T15:16:47.452Z
26,0x000a,8.65994,0x00000000,2025-12-14T15:16:47.452Z,2025-12-14T15:16:47.452Z
25,0x000a,8.0599,0x00000000,2025-12-14T15:16:47.452Z,2025-12-14T15:16:47.452Z
24,0x000a,6.44965,0x00000000,2025-12-14T15:16:47.452Z,2025-12-14T15:16:47.452Z
23,0x000a,-2.37585,0x00000000,2025-12-14T15:16:47.452Z,2025-12-14T15:16:47.452Z
22,0x000a,-1.71546,0x00000000,2025-12-14T15:16:47.452Z,2025-12-14T15:16:47.452Z
21,0x000a,-3.07708,0x00000000,2025-12-14T15:16:47.452Z,2025-12-14T15:16:47.452Z
8,0x0004,23943,0x00000000,2025-12-14T15:16:47.452Z,2025-12-14T15:16:47.452Z
7,0x0004,22284,0x00000000,2025-12-14T15:16:47.452Z,2025-12-14T15:16:47.452Z
6,0x0004,17832,0x00000000,2025-12-14T15:16:47.452Z,2025-12-14T15:16:47.452Z
39,0x000a,-2.60055,0x00000000,2025-12-14T15:16:47.550Z,2025-12-14T15:16:47.550Z
38,0x000a,-1.90248,0x00000000,2025-12-14T15:16:47.550Z,2025-12-14T15:16:47.550Z
37,0x000a,-3.29861,0x00000000,2025-12-14T15:16:47.550Z,2025-12-14T15:16:47.550Z
36,0x000a,-2.23683,0x00000000,2025-12-14T15:16:47.550Z,2025-12-14T15:16:47.550Z
35,0x000a,-1.60824,0x00000000,2025-12-14T15:16:47.550Z,2025-12-14T15:16:47.550Z
34,0x000a,-2.94009,0x00000000,2025-12-14T15:16:47.550Z,2025-12-14T15:16:47.550Z
26,0x000a,8.39988,0x00000000,2025-12-14T15:16:47.550Z,2025-12-14T15:16:47.550Z
25,0x000a,7.86965,0x00000000,2025-12-14T15:16:47.550Z,2025-12-14T15:16:47.550Z
24,0x000a,6.11979,0x00000000,2025-12-14T15:16:47.550Z,2025-12-14T15:16:47.550Z
23,0x000a,-2.23683,0x00000000,2025-12-14T15:16:47.550Z,2025-12-14T15:16:47.550Z
22,0x000a,-1.60824,0x00000000,2025-12-14T15:16:47.550Z,2025-12-14T15:16:47.550Z
21,0x000a,-2.94009,0x00000000,2025-12-14T15:16:47.550Z,2025-12-14T15:16:47.550Z
8,0x0004,23224,0x00000000,2025-12-14T15:16:47.550Z,2025-12-14T15:16:47.550Z
7,0x0004,21758,0x00000000,2025-12-14T15:16:47.550Z,2025-12-14T15:16:47.550Z
6,0x0004,16920,0x00000000,2025-12-14T15:16:47.550Z,2025-12-14T15:16:47.550Z
39,0x000a,-1.69994,0x00000000,2025-12-14T15:16:47.652Z,2025-12-14T15:16:47.652Z
38,0x000a,-1.1972,0x00000000,2025-12-14T15:16:47.652Z,2025-12-14T15:16:47.652Z
37,0x000a,-2.19907,0x00000000,2025-12-14T15:16:47.652Z,2025-12-14T15:16:47.652Z
36,0x000a,-2.41869,0x00000000,2025-12-14T15:16:47.652Z,2025-12-14T15:16:47.652Z
35,0x000a,-1.75536,0x00000000,2025-12-14T15:16:47.652Z,2025-12-14T15:16:47.652Z
34,0x000a,-3.11935,0x00000000,2025-12-14T15:16:47.652Z,2025-12-14T15:16:47.652Z
26,0x000a,8.22989,0x00000000,2025-12-14T15:16:47.652Z,2025-12-14T15:16:47.652Z
25,0x000a,7.74993,0x00000000,2025-12-14T15:16:47.652Z,2025-12-14T15:16:47.652Z
24,0x000a,5.89988,0x00000000,2025-12-14T15:16:47.652Z,2025-12-14T15:16:47.652Z
23,0x000a,-2.41869,0x00000000,2025-12-14T15:16:47.652Z,2025-12-14T15:16:47.652Z
22,0x000a,-1.75536,0x00000000,2025-12-14T15:16:47.652Z,2025-12-14T15:16:47.652Z
21,0x000a,-3.11935,0x00000000,2025-12-14T15:16:47.652Z,2025-12-14T15:16:47.652Z
8,0x0004,22754,0x00000000,2025-12-14T15:16:47.652Z,2025-12-14T15:16:47.652Z
7,0x0004,21427,0x00000000,2025-12-14T15:16:47.652Z,2025-12-14T15:16:47.652Z
6,0x0004,16312,0x00000000,2025-12-14T15:16:47.652Z,2025-12-14T15:16:47.652Z
36,0x000a,-2.05931,0x00000000,2025-12-14T15:16:47.750Z,2025-12-14T15:16:47.750Z
35,0x000a,-1.47628,0x00000000,2025-12-14T15:16:47.750Z,2025-12-14T15:16:47.750Z
34,0x000a,-2.65921,0x00000000,2025-12-14T15:16:47.750Z,2025-12-14T15:16:47.750Z
26,0x000a,7.97996,0x00000000,2025-12-14T15:16:47.750Z,2025-12-14T15:16:47.750Z
25,0x000a,7.55968,0x00000000,2025-12-14T15:16:47.750Z,2025-12-14T15:16:47.750Z
24,0x000a,5.56966,0x00000000,2025-12-14T15:16:47.750Z,2025-12-14T15:16:47.750Z
23,0x000a,-2.05931,0x00000000,2025-12-14T15:16:47.750Z,2025-12-14T15:16:47.750Z
22,0x000a,-1.47628,0x00000000,2025-12-14T15:16:47.750Z,2025-12-14T15:16:47.750Z
21,0x000a,-2.65921,0x00000000,2025-12-14T15:16:47.750Z,2025-12-14T15:16:47.750Z
8,0x0004,22063,0x00000000,2025-12-14T15:16:47.750Z,2025-12-14T15:16:47.750Z
7,0x0004,20901,0x00000000,2025-12-14T15:16:47.750Z,2025-12-14T15:16:47.750Z
6,0x0004,15399,0x00000000,2025-12-14T15:16:47.750Z,2025-12-14T15:16:47.750Z
39,0x000a,-2.49928,0x00000000,2025-12-14T15:16:47.853Z,2025-12-14T15:16:47.853Z
38,0x000a,-1.90249,0x00000000,2025-12-14T15:16:47.853Z,2025-12-14T15:16:47.853Z
37,0x000a,-3.30223,0x00000000,2025-12-14T15:16:47.853Z,2025-12-14T15:16:47.853Z
26,0x000a,7.71991,0x00000000,2025-12-14T15:16:47.853Z,2025-12-14T15:16:47.853Z
25,0x000a,7.37992,0x00000000,2025-12-14T15:16:47.853Z,2025-12-14T15:16:47.853Z
24,0x000a,5.2398,0x00000000,2025-12-14T15:16:47.853Z,2025-12-14T15:16:47.853Z
14,0x0001,false,0x00000000,2025-12-14T15:16:47.853Z,2025-12-14T15:16:47.853Z
8,0x0004,21344,0x00000000,2025-12-14T15:16:47.853Z,2025-12-14T15:16:47.853Z
7,0x0004,20404,0x00000000,2025-12-14T15:16:47.853Z,2025-12-14T15:16:47.853Z
6,0x0004,14487,0x00000000,2025-12-14T15:16:47.853Z,2025-12-14T15:16:47.853Z
39,0x000a,-2.60055,0x00000000,2025-12-14T15:16:47.953Z,2025-12-14T15:16:47.953Z
38,0x000a,-1.7976,0x00000000,2025-12-14T15:16:47.953Z,2025-12-14T15:16:47.953Z
37,0x000a,-3.29861,0x00000000,2025-12-14T15:16:47.953Z,2025-12-14T15:16:47.953Z
36,0x000a,-2.27929,0x00000000,2025-12-14T15:16:47.953Z,2025-12-14T15:16:47.953Z
35,0x000a,-1.68938,0x00000000,2025-12-14T15:16:47.953Z,2025-12-14T15:16:47.953Z
34,0x000a,-2.98072,0x00000000,2025-12-14T15:16:47.953Z,2025-12-14T15:16:47.953Z
26,0x000a,7.50977,0x00000000,2025-12-14T15:16:47.953Z,2025-12-14T15:16:47.953Z
25,0x000a,7.22982,0x00000000,2025-12-14T15:16:47.953Z,2025-12-14T15:16:47.953Z
24,0x000a,4.95985,0x00000000,2025-12-14T15:16:47.953Z,2025-12-14T15:16:47.953Z
23,0x000a,-2.27929,0x00000000,2025-12-14T15:16:47.953Z,2025-12-14T15:16:47.953Z
22,0x000a,-1.68938,0x00000000,2025-12-14T15:16:47.953Z,2025-12-14T15:16:47.953Z
21,0x000a,-2.98072,0x00000000,2025-12-14T15:16:47.953Z,2025-12-14T15:16:47.953Z
8,0x0004,20763,0x00000000,2025-12-14T15:16:47.953Z,2025-12-14T15:16:47.953Z
7,0x0004,19989,0x00000000,2025-12-14T15:16:47.953Z,2025-12-14T15:16:47.953Z
6,0x0004,13713,0x00000000,2025-12-14T15:16:47.953Z,2025-12-14T15:16:47.953Z
39,0x000a,-2.10142,0x00000000,2025-12-14T15:16:48.050Z,2025-12-14T15:16:48.050Z
38,0x000a,-1.50102,0x00000000,2025-12-14T15:16:48.050Z,2025-12-14T15:16:48.050Z
37,0x000a,-2.79948,0x00000000,2025-12-14T15:16:48.050Z,2025-12-14T15:16:48.050Z
36,0x000a,-2.43992,0x00000000,2025-12-14T15:16:48.050Z,2025-12-14T15:16:48.050Z
35,0x000a,-1.74349,0x00000000,2025-12-14T15:16:48.050Z,2025-12-14T15:16:48.050Z
34,0x000a,-3.13966,0x00000000,2025-12-14T15:16:48.050Z,2025-12-14T15:16:48.050Z
26,0x000a,7.28986,0x00000000,2025-12-14T15:16:48.050Z,2025-12-14T15:16:48.050Z
25,0x000a,7.06995,0x00000000,2025-12-14T15:16:48.050Z,2025-12-14T15:16:48.050Z
24,0x000a,4.8499,0x00000000,2025-12-14T15:16:48.050Z,2025-12-14T15:16:48.050Z
23,0x000a,-2.43992,0x00000000,2025-12-14T15:16:48.050Z,2025-12-14T15:16:48.050Z
22,0x000a,-1.74349,0x00000000,2025-12-14T15:16:48.050Z,2025-12-14T15:16:48.050Z
21,0x000a,-3.13966,0x00000000,2025-12-14T15:16:48.050Z,2025-12-14T15:16:48.050Z
8,0x0004,20155,0x00000000,2025-12-14T15:16:48.050Z,2025-12-14T15:16:48.050Z
7,0x0004,19547,0x00000000,2025-12-14T15:16:48.050Z,2025-12-14T15:16:48.050Z
6,0x0004,13409,0x00000000,2025-12-14T15:16:48.050Z,2025-12-14T15:16:48.050Z
39,0x000a,-2.19908,0x00000000,2025-12-14T15:16:48.151Z,2025-12-14T15:16:48.151Z
38,0x000a,-1.59867,0x00000000,2025-12-14T15:16:48.151Z,2025-12-14T15:16:48.151Z
37,0x000a,-1.09953,0x00000000,2025-12-14T15:16:48.151Z,2025-12-14T15:16:48.151Z
36,0x000a,-2.27067,0x00000000,2025-12-14T15:16:48.151Z,2025-12-14T15:16:48.151Z
35,0x000a,-1.62225,0x00000000,2025-12-14T15:16:48.151Z,2025-12-14T15:16:48.151Z
34,0x000a,-2.96957,0x00000000,2025-12-14T15:16:48.151Z,2025-12-14T15:16:48.151Z
26,0x000a,7.07972,0x00000000,2025-12-14T15:16:48.151Z,2025-12-14T15:16:48.151Z
25,0x000a,6.91985,0x00000000,2025-12-14T15:16:48.151Z,2025-12-14T15:16:48.151Z
23,0x000a,-2.27067,0x00000000,2025-12-14T15:16:48.151Z,2025-12-14T15:16:48.151Z
22,0x000a,-1.62225,0x00000000,2025-12-14T15:16:48.151Z,2025-12-14T15:16:48.151Z
21,0x000a,-2.96957,0x00000000,2025-12-14T15:16:48.151Z,2025-12-14T15:16:48.151Z
8,0x0004,19574,0x00000000,2025-12-14T15:16:48.151Z,2025-12-14T15:16:48.151Z
7,0x0004,19132,0x00000000,2025-12-14T15:16:48.151Z,2025-12-14T15:16:48.151Z
39,0x000a,-4.19922,0x00000000,2025-12-14T15:16:48.250Z,2025-12-14T15:16:48.250Z
38,0x000a,-3.00202,0x00000000,2025-12-14T15:16:48.250Z,2025-12-14T15:16:48.250Z
37,0x000a,0,0x00000000,2025-12-14T15:16:48.250Z,2025-12-14T15:16:48.250Z
36,0x000a,-2.23487,0x00000000,2025-12-14T15:16:48.250Z,2025-12-14T15:16:48.250Z
35,0x000a,-1.61046,0x00000000,2025-12-14T15:16:48.250Z,2025-12-14T15:16:48.250Z
34,0x000a,-2.03455,0x00000000,2025-12-14T15:16:48.250Z,2025-12-14T15:16:48.250Z
26,0x000a,6.86994,0x00000000,2025-12-14T15:16:48.250Z,2025-12-14T15:16:48.250Z
25,0x000a,6.76975,0x00000000,2025-12-14T15:16:48.250Z,2025-12-14T15:16:48.250Z
23,0x000a,-2.23487,0x00000000,2025-12-14T15:16:48.250Z,2025-12-14T15:16:48.250Z
22,0x000a,-1.61046,0x00000000,2025-12-14T15:16:48.250Z,2025-12-14T15:16:48.250Z
21,0x000a,-2.03455,0x00000000,2025-12-14T15:16:48.250Z,2025-12-14T15:16:48.250Z
8,0x0004,18994,0x00000000,2025-12-14T15:16:48.250Z,2025-12-14T15:16:48.250Z
7,0x0004,18717,0x00000000,2025-12-14T15:16:48.250Z,2025-12-14T15:16:48.250Z
40,0x0001,true,0x00000000,2025-12-14T15:16:48.351Z,2025-12-14T15:16:48.351Z
39,0x000a,-2.20269,0x00000000,2025-12-14T15:16:48.351Z,2025-12-14T15:16:48.351Z
38,0x000a,-1.59867,0x00000000,2025-12-14T15:16:48.351Z,2025-12-14T15:16:48.351Z
36,0x000a,-3.21705,0x00000000,2025-12-14T15:16:48.351Z,2025-12-14T15:16:48.351Z
35,0x000a,-2.30624,0x00000000,2025-12-14T15:16:48.351Z,2025-12-14T15:16:48.351Z
34,0x000a,-1.01728,0x00000000,2025-12-14T15:16:48.351Z,2025-12-14T15:16:48.351Z
26,0x000a,6.64967,0x00000000,2025-12-14T15:16:48.351Z,2025-12-14T15:16:48.351Z
25,0x000a,6.60988,0x00000000,2025-12-14T15:16:48.351Z,2025-12-14T15:16:48.351Z
23,0x000a,-3.21705,0x00000000,2025-12-14T15:16:48.351Z,2025-12-14T15:16:48.351Z
22,0x000a,-2.30624,0x00000000,2025-12-14T15:16:48.351Z,2025-12-14T15:16:48.351Z
21,0x000a,-1.01728,0x00000000,2025-12-14T15:16:48.351Z,2025-12-14T15:16:48.351Z
8,0x0004,18385,0x00000000,2025-12-14T15:16:48.351Z,2025-12-14T15:16:48.351Z
7,0x0004,18275,0x00000000,2025-12-14T15:16:48.351Z,2025-12-14T15:16:48.351Z
39,0x000a,-2.0978,0x00000000,2025-12-14T15:16:48.452Z,2025-12-14T15:16:48.452Z
38,0x000a,-1.50101,0x00000000,2025-12-14T15:16:48.452Z,2025-12-14T15:16:48.452Z
36,0x000a,-2.70987,0x00000000,2025-12-14T15:16:48.452Z,2025-12-14T15:16:48.452Z
35,0x000a,-1.95246,0x00000000,2025-12-14T15:16:48.452Z,2025-12-14T15:16:48.452Z
34,0x000a,-0.508638,0x00000000,2025-12-14T15:16:48.452Z,2025-12-14T15:16:48.452Z
26,0x000a,6.43989,0x00000000,2025-12-14T15:16:48.452Z,2025-12-14T15:16:48.452Z
25,0x000a,6.45978,0x00000000,2025-12-14T15:16:48.452Z,2025-12-14T15:16:48.452Z
23,0x000a,-2.70987,0x00000000,2025-12-14T15:16:48.452Z,2025-12-14T15:16:48.452Z
22,0x000a,-1.95246,0x00000000,2025-12-14T15:16:48.452Z,2025-12-14T15:16:48.452Z
21,0x000a,-0.508638,0x00000000,2025-12-14T15:16:48.452Z,2025-12-14T15:16:48.452Z
8,0x0004,17805,0x00000000,2025-12-14T15:16:48.452Z,2025-12-14T15:16:48.452Z
7,0x0004,17860,0x00000000,2025-12-14T15:16:48.452Z,2025-12-14T15:16:48.452Z
39,0x000a,-2.49928,0x00000000,2025-12-14T15:16:48.650Z,2025-12-14T15:16:48.650Z
38,0x000a,-1.80122,0x00000000,2025-12-14T15:16:48.650Z,2025-12-14T15:16:48.650Z
36,0x000a,-2.40383,0x00000000,2025-12-14T15:16:48.550Z,2025-12-14T15:16:48.550Z
35,0x000a,-1.72673,0x00000000,2025-12-14T15:16:48.550Z,2025-12-14T15:16:48.550Z
34,0x000a,-0.254319,0x00000000,2025-12-14T15:16:48.550Z,2025-12-14T15:16:48.550Z
26,0x000a,6.18996,0x00000000,2025-12-14T15:16:48.550Z,2025-12-14T15:16:48.550Z
26,0x000a,5.96969,0x00000000,2025-12-14T15:16:48.650Z,2025-12-14T15:16:48.650Z
25,0x000a,6.27966,0x00000000,2025-12-14T15:16:48.550Z,2025-12-14T15:16:48.550Z
25,0x000a,6.11979,0x00000000,2025-12-14T15:16:48.650Z,2025-12-14T15:16:48.650Z
23,0x000a,-2.40383,0x00000000,2025-12-14T15:16:48.550Z,2025-12-14T15:16:48.550Z
22,0x000a,-1.72673,0x00000000,2025-12-14T15:16:48.550Z,2025-12-14T15:16:48.550Z
21,0x000a,-0.254319,0x00000000,2025-12-14T15:16:48.550Z,2025-12-14T15:16:48.550Z
8,0x0004,17114,0x00000000,2025-12-14T15:16:48.550Z,2025-12-14T15:16:48.550Z
8,0x0004,16505,0x00000000,2025-12-14T15:16:48.650Z,2025-12-14T15:16:48.650Z
7,0x0004,17362,0x00000000,2025-12-14T15:16:48.550Z,2025-12-14T15:16:48.550Z
7,0x0004,16920,0x00000000,2025-12-14T15:16:48.650Z,2025-12-14T15:16:48.650Z
39,0x000a,-2.20269,0x00000000,2025-12-14T15:16:48.752Z,2025-12-14T15:16:48.752Z
38,0x000a,-1.59867,0x00000000,2025-12-14T15:16:48.752Z,2025-12-14T15:16:48.752Z
36,0x000a,-2.45155,0x00000000,2025-12-14T15:16:48.752Z,2025-12-14T15:16:48.752Z
35,0x000a,-1.76398,0x00000000,2025-12-14T15:16:48.752Z,2025-12-14T15:16:48.752Z
34,0x000a,-0.12716,0x00000000,2025-12-14T15:16:48.752Z,2025-12-14T15:16:48.752Z
26,0x000a,5.75991,0x00000000,2025-12-14T15:16:48.752Z,2025-12-14T15:16:48.752Z
25,0x000a,5.96969,0x00000000,2025-12-14T15:16:48.752Z,2025-12-14T15:16:48.752Z
23,0x000a,-2.45155,0x00000000,2025-12-14T15:16:48.752Z,2025-12-14T15:16:48.752Z
22,0x000a,-1.76398,0x00000000,2025-12-14T15:16:48.752Z,2025-12-14T15:16:48.752Z
21,0x000a,-0.12716,0x00000000,2025-12-14T15:16:48.752Z,2025-12-14T15:16:48.752Z
8,0x0004,15925,0x00000000,2025-12-14T15:16:48.752Z,2025-12-14T15:16:48.752Z
7,0x0004,16505,0x00000000,2025-12-14T15:16:48.752Z,2025-12-14T15:16:48.752Z
39,0x000a,-2.0978,0x00000000,2025-12-14T15:16:48.850Z,2025-12-14T15:16:48.850Z
38,0x000a,-1.50101,0x00000000,2025-12-14T15:16:48.850Z,2025-12-14T15:16:48.850Z
36,0x000a,-2.32712,0x00000000,2025-12-14T15:16:48.850Z,2025-12-14T15:16:48.850Z
35,0x000a,-1.68132,0x00000000,2025-12-14T15:16:48.850Z,2025-12-14T15:16:48.850Z
34,0x000a,-0.0635798,0x00000000,2025-12-14T15:16:48.850Z,2025-12-14T15:16:48.850Z
26,0x000a,5.54977,0x00000000,2025-12-14T15:16:48.850Z,2025-12-14T15:16:48.850Z
25,0x000a,5.81995,0x00000000,2025-12-14T15:16:48.850Z,2025-12-14T15:16:48.850Z
23,0x000a,-2.32712,0x00000000,2025-12-14T15:16:48.850Z,2025-12-14T15:16:48.850Z
22,0x000a,-1.68132,0x00000000,2025-12-14T15:16:48.850Z,2025-12-14T15:16:48.850Z
21,0x000a,-0.0635798,0x00000000,2025-12-14T15:16:48.850Z,2025-12-14T15:16:48.850Z
8,0x0004,15344,0x00000000,2025-12-14T15:16:48.850Z,2025-12-14T15:16:48.850Z
7,0x0004,16091,0x00000000,2025-12-14T15:16:48.850Z,2025-12-14T15:16:48.850Z
39,0x000a,-2.10142,0x00000000,2025-12-14T15:16:48.949Z,2025-12-14T15:16:48.949Z
38,0x000a,-1.4974,0x00000000,2025-12-14T15:16:48.949Z,2025-12-14T15:16:48.949Z
36,0x000a,-2.21246,0x00000000,2025-12-14T15:16:48.949Z,2025-12-14T15:16:48.949Z
35,0x000a,-1.59117,0x00000000,2025-12-14T15:16:48.949Z,2025-12-14T15:16:48.949Z
34,0x000a,-0.0317899,0x00000000,2025-12-14T15:16:48.949Z,2025-12-14T15:16:48.949Z
26,0x000a,5.32986,0x00000000,2025-12-14T15:16:48.949Z,2025-12-14T15:16:48.949Z
25,0x000a,5.65972,0x00000000,2025-12-14T15:16:48.949Z,2025-12-14T15:16:48.949Z
23,0x000a,-2.21246,0x00000000,2025-12-14T15:16:48.949Z,2025-12-14T15:16:48.949Z
22,0x000a,-1.59117,0x00000000,2025-12-14T15:16:48.949Z,2025-12-14T15:16:48.949Z
21,0x000a,-0.0317899,0x00000000,2025-12-14T15:16:48.949Z,2025-12-14T15:16:48.949Z
8,0x0004,14736,0x00000000,2025-12-14T15:16:48.949Z,2025-12-14T15:16:48.949Z
7,0x0004,15648,0x00000000,2025-12-14T15:16:48.949Z,2025-12-14T15:16:48.949Z
39,0x000a,-2.19907,0x00000000,2025-12-14T15:16:49.052Z,2025-12-14T15:16:49.052Z
38,0x000a,-1.60228,0x00000000,2025-12-14T15:16:49.052Z,2025-12-14T15:16:49.052Z
36,0x000a,-2.15694,0x00000000,2025-12-14T15:16:49.052Z,2025-12-14T15:16:49.052Z
35,0x000a,-1.54428,0x00000000,2025-12-14T15:16:49.052Z,2025-12-14T15:16:49.052Z
34,0x000a,-0.0158949,0x00000000,2025-12-14T15:16:49.052Z,2025-12-14T15:16:49.052Z
26,0x000a,5.11972,0x00000000,2025-12-14T15:16:49.052Z,2025-12-14T15:16:49.052Z
25,0x000a,5.50998,0x00000000,2025-12-14T15:16:49.052Z,2025-12-14T15:16:49.052Z
23,0x000a,-2.15694,0x00000000,2025-12-14T15:16:49.052Z,2025-12-14T15:16:49.052Z
22,0x000a,-1.54428,0x00000000,2025-12-14T15:16:49.052Z,2025-12-14T15:16:49.052Z
21,0x000a,-0.0158949,0x00000000,2025-12-14T15:16:49.052Z,2025-12-14T15:16:49.052Z
18,0x0001,false,0x00000000,2025-12-14T15:16:49.052Z,2025-12-14T15:16:49.052Z
8,0x0004,14155,0x00000000,2025-12-14T15:16:49.052Z,2025-12-14T15:16:49.052Z
7,0x0004,15234,0x00000000,2025-12-14T15:16:49.052Z,2025-12-14T15:16:49.052Z
39,0x000a,-2.10142,0x00000000,2025-12-14T15:16:49.152Z,2025-12-14T15:16:49.152Z
38,0x000a,-1.4974,0x00000000,2025-12-14T15:16:49.152Z,2025-12-14T15:16:49.152Z
36,0x000a,-2.17801,0x00000000,2025-12-14T15:16:49.152Z,2025-12-14T15:16:49.152Z
35,0x000a,-1.57328,0x00000000,2025-12-14T15:16:49.152Z,2025-12-14T15:16:49.152Z
34,0x000a,-0.00794747,0x00000000,2025-12-14T15:16:49.152Z,2025-12-14T15:16:49.152Z
26,0x000a,4.85966,0x00000000,2025-12-14T15:16:49.152Z,2025-12-14T15:16:49.152Z
25,0x000a,5.32986,0x00000000,2025-12-14T15:16:49.152Z,2025-12-14T15:16:49.152Z
23,0x000a,-2.17801,0x00000000,2025-12-14T15:16:49.152Z,2025-12-14T15:16:49.152Z
22,0x000a,-1.57328,0x00000000,2025-12-14T15:16:49.152Z,2025-12-14T15:16:49.152Z
21,0x000a,-0.00794747,0x00000000,2025-12-14T15:16:49.152Z,2025-12-14T15:16:49.152Z
8,0x0004,13436,0x00000000,2025-12-14T15:16:49.152Z,2025-12-14T15:16:49.152Z
7,0x0004,14736,0x00000000,2025-12-14T15:16:49.152Z,2025-12-14T15:16:49.152Z
39,0x000a,-2.60055,0x00000000,2025-12-14T15:16:49.253Z,2025-12-14T15:16:49.253Z
38,0x000a,-1.80121,0x00000000,2025-12-14T15:16:49.253Z,2025-12-14T15:16:49.253Z
36,0x000a,-2.13971,0x00000000,2025-12-14T15:16:49.253Z,2025-12-14T15:16:49.253Z
35,0x000a,-1.53534,0x00000000,2025-12-14T15:16:49.253Z,2025-12-14T15:16:49.253Z
34,0x000a,-0.00397374,0x00000000,2025-12-14T15:16:49.253Z,2025-12-14T15:16:49.253Z
26,0x000a,4.77973,0x00000000,2025-12-14T15:16:49.253Z,2025-12-14T15:16:49.253Z
25,0x000a,5.16999,0x00000000,2025-12-14T15:16:49.253Z,2025-12-14T15:16:49.253Z
23,0x000a,-2.13971,0x00000000,2025-12-14T15:16:49.253Z,2025-12-14T15:16:49.253Z
22,0x000a,-1.53534,0x00000000,2025-12-14T15:16:49.253Z,2025-12-14T15:16:49.253Z
21,0x000a,-0.00397374,0x00000000,2025-12-14T15:16:49.253Z,2025-12-14T15:16:49.253Z
16,0x0001,false,0x00000000,2025-12-14T15:16:49.253Z,2025-12-14T15:16:49.253Z
8,0x0004,13215,0x00000000,2025-12-14T15:16:49.253Z,2025-12-14T15:16:49.253Z
7,0x0004,14294,0x00000000,2025-12-14T15:16:49.253Z,2025-12-14T15:16:49.253Z
39,0x000a,-0.799336,0x00000000,2025-12-14T15:16:49.353Z,2025-12-14T15:16:49.353Z
38,0x000a,-3.09968,0x00000000,2025-12-14T15:16:49.353Z,2025-12-14T15:16:49.353Z
36,0x000a,-2.37013,0x00000000,2025-12-14T15:16:49.353Z,2025-12-14T15:16:49.353Z
35,0x000a,-1.66828,0x00000000,2025-12-14T15:16:49.353Z,2025-12-14T15:16:49.353Z
34,0x000a,-0.00198687,0x00000000,2025-12-14T15:16:49.353Z,2025-12-14T15:16:49.353Z
25,0x000a,5.01989,0x00000000,2025-12-14T15:16:49.353Z,2025-12-14T15:16:49.353Z
23,0x000a,-2.37013,0x00000000,2025-12-14T15:16:49.353Z,2025-12-14T15:16:49.353Z
22,0x000a,-1.66828,0x00000000,2025-12-14T15:16:49.353Z,2025-12-14T15:16:49.353Z
21,0x000a,-0.00198687,0x00000000,2025-12-14T15:16:49.353Z,2025-12-14T15:16:49.353Z
7,0x0004,13879,0x00000000,2025-12-14T15:16:49.353Z,2025-12-14T15:16:49.353Z
36,0x000a,-1.58473,0x00000000,2025-12-14T15:16:49.451Z,2025-12-14T15:16:49.451Z
35,0x000a,-2.38398,0x00000000,2025-12-14T15:16:49.451Z,2025-12-14T15:16:49.451Z
34,0x000a,-0.000993434,0x00000000,2025-12-14T15:16:49.451Z,2025-12-14T15:16:49.451Z
25,0x000a,4.95985,0x00000000,2025-12-14T15:16:49.451Z,2025-12-14T15:16:49.451Z
23,0x000a,-1.58473,0x00000000,2025-12-14T15:16:49.451Z,2025-12-14T15:16:49.451Z
22,0x000a,-2.38398,0x00000000,2025-12-14T15:16:49.451Z,2025-12-14T15:16:49.451Z
21,0x000a,-0.000993434,0x00000000,2025-12-14T15:16:49.451Z,2025-12-14T15:16:49.451Z
7,0x0004,13713,0x00000000,2025-12-14T15:16:49.451Z,2025-12-14T15:16:49.451Z
42,0x0001,true,0x00000000,2025-12-14T15:16:49.550Z,2025-12-14T15:16:49.550Z
39,0x000a,0,0x00000000,2025-12-14T15:16:49.550Z,2025-12-14T15:16:49.550Z
38,0x000a,-0.600405,0x00000000,2025-12-14T15:16:49.550Z,2025-12-14T15:16:49.550Z
38,0x000a,0,0x00000000,2025-12-14T15:16:49.650Z,2025-12-14T15:16:49.650Z
36,0x000a,-0.792367,0x00000000,2025-12-14T15:16:49.650Z,2025-12-14T15:16:49.650Z
35,0x000a,-1.49219,0x00000000,2025-12-14T15:16:49.650Z,2025-12-14T15:16:49.650Z
34,0x000a,-0.000496717,0x00000000,2025-12-14T15:16:49.650Z,2025-12-14T15:16:49.650Z
23,0x000a,-0.792367,0x00000000,2025-12-14T15:16:49.650Z,2025-12-14T15:16:49.650Z
22,0x000a,-1.49219,0x00000000,2025-12-14T15:16:49.650Z,2025-12-14T15:16:49.650Z
21,0x000a,-0.000496717,0x00000000,2025-12-14T15:16:49.650Z,2025-12-14T15:16:49.650Z
41,0x0001,true,0x00000000,2025-12-14T15:16:49.750Z,2025-12-14T15:16:49.750Z
36,0x000a,-0.396183,0x00000000,2025-12-14T15:16:49.750Z,2025-12-14T15:16:49.750Z
35,0x000a,-0.746096,0x00000000,2025-12-14T15:16:49.750Z,2025-12-14T15:16:49.750Z
34,0x000a,-0.000248359,0x00000000,2025-12-14T15:16:49.750Z,2025-12-14T15:16:49.750Z
27,0x0001,true,0x00000000,2025-12-14T15:16:49.750Z,2025-12-14T15:16:49.750Z
23,0x000a,-0.396183,0x00000000,2025-12-14T15:16:49.750Z,2025-12-14T15:16:49.750Z
22,0x000a,-0.746096,0x00000000,2025-12-14T15:16:49.750Z,2025-12-14T15:16:49.750Z
21,0x000a,-0.000248359,0x00000000,2025-12-14T15:16:49.750Z,2025-12-14T15:16:49.750Z
4,0x000a,0,0x00000000,2025-12-14T15:16:49.750Z,2025-12-14T15:16:49.750Z
3,0x000a,0,0x00000000,2025-12-14T15:16:49.750Z,2025-12-14T15:16:49.750Z
2,0x000a,0,0x00000000,2025-12-14T15:16:49.750Z,2025-12-14T15:16:49.750Z
42,0x0001,false,0x00000000,2025-12-14T15:16:49.854Z,2025-12-14T15:16:49.854Z
41,0x0001,false,0x00000000,2025-12-14T15:16:49.854Z,2025-12-14T15:16:49.854Z
40,0x0001,false,0x00000000,2025-12-14T15:16:49.854Z,2025-12-14T15:16:49.854Z
36,0x000a,-0.198092,0x00000000,2025-12-14T15:16:49.854Z,2025-12-14T15:16:49.854Z
35,0x000a,-0.373048,0x00000000,2025-12-14T15:16:49.854Z,2025-12-14T15:16:49.854Z
34,0x000a,-0.000124179,0x00000000,2025-12-14T15:16:49.854Z,2025-12-14T15:16:49.854Z
27,0x0001,false,0x00000000,2025-12-14T15:16:49.854Z,2025-12-14T15:16:49.854Z
23,0x000a,-0.198092,0x00000000,2025-12-14T15:16:49.854Z,2025-12-14T15:16:49.854Z
22,0x000a,-0.373048,0x00000000,2025-12-14T15:16:49.854Z,2025-12-14T15:16:49.854Z
21,0x000a,-0.000124179,0x00000000,2025-12-14T15:16:49.854Z,2025-12-14T15:16:49.854Z
18,0x0001,true,0x00000000,2025-12-14T15:16:49.854Z,2025-12-14T15:16:49.854Z
16,0x0001,true,0x00000000,2025-12-14T15:16:49.854Z,2025-12-14T15:16:49.854Z
14,0x0001,true,0x00000000,2025-12-14T15:16:49.854Z,2025-12-14T15:16:49.854Z
36,0x000a,-0.0990458,0x00000000,2025-12-14T15:16:49.950Z,2025-12-14T15:16:49.950Z
35,0x000a,-0.186524,0x00000000,2025-12-14T15:16:49.950Z,2025-12-14T15:16:49.950Z
34,0x000a,-6.20896e-05,0x00000000,2025-12-14T15:16:49.950Z,2025-12-14T15:16:49.950Z
23,0x000a,-0.0990458,0x00000000,2025-12-14T15:16:49.950Z,2025-12-14T15:16:49.950Z
22,0x000a,-0.186524,0x00000000,2025-12-14T15:16:49.950Z,2025-12-14T15:16:49.950Z
21,0x000a,-6.20896e-05,0x00000000,2025-12-14T15:16:49.950Z,2025-12-14T15:16:49.950Z
39,0x000a,-0.300202,0x00000000,2025-12-14T15:16:50.052Z,2025-12-14T15:16:50.052Z
38,0x000a,-0.600405,0x00000000,2025-12-14T15:16:50.052Z,2025-12-14T15:16:50.052Z
37,0x000a,-1.09954,0x00000000,2025-12-14T15:16:50.052Z,2025-12-14T15:16:50.052Z
36,0x000a,-0.0495229,0x00000000,2025-12-14T15:16:50.052Z,2025-12-14T15:16:50.052Z
35,0x000a,-0.093262,0x00000000,2025-12-14T15:16:50.052Z,2025-12-14T15:16:50.052Z
34,0x000a,-3.10448e-05,0x00000000,2025-12-14T15:16:50.052Z,2025-12-14T15:16:50.052Z
26,0x000a,4.74971,0x00000000,2025-12-14T15:16:50.052Z,2025-12-14T15:16:50.052Z
25,0x000a,4.89981,0x00000000,2025-12-14T15:16:50.052Z,2025-12-14T15:16:50.052Z
24,0x000a,4.73994,0x00000000,2025-12-14T15:16:50.052Z,2025-12-14T15:16:50.052Z
23,0x000a,-0.0495229,0x00000000,2025-12-14T15:16:50.052Z,2025-12-14T15:16:50.052Z
22,0x000a,-0.093262,0x00000000,2025-12-14T15:16:50.052Z,2025-12-14T15:16:50.052Z
21,0x000a,-3.10448e-05,0x00000000,2025-12-14T15:16:50.052Z,2025-12-14T15:16:50.052Z
8,0x0004,13132,0x00000000,2025-12-14T15:16:50.052Z,2025-12-14T15:16:50.052Z
7,0x0004,13547,0x00000000,2025-12-14T15:16:50.052Z,2025-12-14T15:16:50.052Z
6,0x0004,13105,0x00000000,2025-12-14T15:16:50.052Z,2025-12-14T15:16:50.052Z
39,0x000a,-2.60055,0x00000000,2025-12-14T15:16:50.152Z,2025-12-14T15:16:50.152Z
38,0x000a,-1.89887,0x00000000,2025-12-14T15:16:50.152Z,2025-12-14T15:16:50.152Z
37,0x000a,-3.30223,0x00000000,2025-12-14T15:16:50.152Z,2025-12-14T15:16:50.152Z
36,0x000a,-0.174863,0x00000000,2025-12-14T15:16:50.152Z,2025-12-14T15:16:50.152Z
35,0x000a,-0.346833,0x00000000,2025-12-14T15:16:50.152Z,2025-12-14T15:16:50.152Z
34,0x000a,-0.549785,0x00000000,2025-12-14T15:16:50.152Z,2025-12-14T15:16:50.152Z
26,0x000a,4.48966,0x00000000,2025-12-14T15:16:50.152Z,2025-12-14T15:16:50.152Z
25,0x000a,4.70992,0x00000000,2025-12-14T15:16:50.152Z,2025-12-14T15:16:50.152Z
24,0x000a,4.40972,0x00000000,2025-12-14T15:16:50.152Z,2025-12-14T15:16:50.152Z
23,0x000a,-0.174863,0x00000000,2025-12-14T15:16:50.152Z,2025-12-14T15:16:50.152Z
22,0x000a,-0.346833,0x00000000,2025-12-14T15:16:50.152Z,2025-12-14T15:16:50.152Z
21,0x000a,-0.549785,0x00000000,2025-12-14T15:16:50.152Z,2025-12-14T15:16:50.152Z
8,0x0004,12413,0x00000000,2025-12-14T15:16:50.152Z,2025-12-14T15:16:50.152Z
7,0x0004,13022,0x00000000,2025-12-14T15:16:50.152Z,2025-12-14T15:16:50.152Z
6,0x0004,12192,0x00000000,2025-12-14T15:16:50.152Z,2025-12-14T15:16:50.152Z
36,0x000a,-1.38771,0x00000000,2025-12-14T15:16:50.250Z,2025-12-14T15:16:50.250Z
35,0x000a,-1.12285,0x00000000,2025-12-14T15:16:50.250Z,2025-12-14T15:16:50.250Z
34,0x000a,-1.92601,0x00000000,2025-12-14T15:16:50.250Z,2025-12-14T15:16:50.250Z
26,0x000a,4.27988,0x00000000,2025-12-14T15:16:50.250Z,2025-12-14T15:16:50.250Z
25,0x000a,4.55982,0x00000000,2025-12-14T15:16:50.250Z,2025-12-14T15:16:50.250Z
24,0x000a,4.12977,0x00000000,2025-12-14T15:16:50.250Z,2025-12-14T15:16:50.250Z
23,0x000a,-1.38771,0x00000000,2025-12-14T15:16:50.250Z,2025-12-14T15:16:50.250Z
22,0x000a,-1.12285,0x00000000,2025-12-14T15:16:50.250Z,2025-12-14T15:16:50.250Z
21,0x000a,-1.92601,0x00000000,2025-12-14T15:16:50.250Z,2025-12-14T15:16:50.250Z
8,0x0004,11833,0x00000000,2025-12-14T15:16:50.250Z,2025-12-14T15:16:50.250Z
7,0x0004,12607,0x00000000,2025-12-14T15:16:50.250Z,2025-12-14T15:16:50.250Z
6,0x0004,11418,0x00000000,2025-12-14T15:16:50.250Z,2025-12-14T15:16:50.250Z
39,0x000a,-2.0978,0x00000000,2025-12-14T15:16:50.350Z,2025-12-14T15:16:50.350Z
39,0x000a,-2.10142,0x00000000,2025-12-14T15:16:50.450Z,2025-12-14T15:16:50.450Z
38,0x000a,-1.50101,0x00000000,2025-12-14T15:16:50.350Z,2025-12-14T15:16:50.350Z
37,0x000a,-2.79948,0x00000000,2025-12-14T15:16:50.350Z,2025-12-14T15:16:50.350Z
37,0x000a,-2.6982,0x00000000,2025-12-14T15:16:50.450Z,2025-12-14T15:16:50.450Z
36,0x000a,-1.74275,0x00000000,2025-12-14T15:16:50.450Z,2025-12-14T15:16:50.450Z
35,0x000a,-1.31193,0x00000000,2025-12-14T15:16:50.450Z,2025-12-14T15:16:50.450Z
34,0x000a,-2.36274,0x00000000,2025-12-14T15:16:50.450Z,2025-12-14T15:16:50.450Z
26,0x000a,4.06973,0x00000000,2025-12-14T15:16:50.350Z,2025-12-14T15:16:50.350Z
26,0x000a,3.84983,0x00000000,2025-12-14T15:16:50.450Z,2025-12-14T15:16:50.450Z
25,0x000a,4.40972,0x00000000,2025-12-14T15:16:50.350Z,2025-12-14T15:16:50.350Z
25,0x000a,4.24986,0x00000000,2025-12-14T15:16:50.450Z,2025-12-14T15:16:50.450Z
24,0x000a,3.85995,0x00000000,2025-12-14T15:16:50.350Z,2025-12-14T15:16:50.350Z
24,0x000a,3.57964,0x00000000,2025-12-14T15:16:50.450Z,2025-12-14T15:16:50.450Z
23,0x000a,-1.74275,0x00000000,2025-12-14T15:16:50.350Z,2025-12-14T15:16:50.350Z
22,0x000a,-1.31193,0x00000000,2025-12-14T15:16:50.350Z,2025-12-14T15:16:50.350Z
21,0x000a,-2.36274,0x00000000,2025-12-14T15:16:50.350Z,2025-12-14T15:16:50.350Z
8,0x0004,11252,0x00000000,2025-12-14T15:16:50.350Z,2025-12-14T15:16:50.350Z
8,0x0004,10644,0x00000000,2025-12-14T15:16:50.450Z,2025-12-14T15:16:50.450Z
7,0x0004,12192,0x00000000,2025-12-14T15:16:50.350Z,2025-12-14T15:16:50.350Z
7,0x0004,11750,0x00000000,2025-12-14T15:16:50.450Z,2025-12-14T15:16:50.450Z
6,0x0004,10672,0x00000000,2025-12-14T15:16:50.350Z,2025-12-14T15:16:50.350Z
6,0x0004,9897,0x00000000,2025-12-14T15:16:50.450Z,2025-12-14T15:16:50.450Z
39,0x000a,-4.30049,0x00000000,2025-12-14T15:16:50.552Z,2025-12-14T15:16:50.552Z
38,0x000a,-3.09968,0x00000000,2025-12-14T15:16:50.552Z,2025-12-14T15:16:50.552Z
37,0x000a,-5.5013,0x00000000,2025-12-14T15:16:50.552Z,2025-12-14T15:16:50.552Z
36,0x000a,-1.92209,0x00000000,2025-12-14T15:16:50.552Z,2025-12-14T15:16:50.552Z
35,0x000a,-1.40647,0x00000000,2025-12-14T15:16:50.552Z,2025-12-14T15:16:50.552Z
34,0x000a,-2.53047,0x00000000,2025-12-14T15:16:50.552Z,2025-12-14T15:16:50.552Z
26,0x000a,3.63968,0x00000000,2025-12-14T15:16:50.552Z,2025-12-14T15:16:50.552Z
25,0x000a,4.09975,0x00000000,2025-12-14T15:16:50.552Z,2025-12-14T15:16:50.552Z
24,0x000a,3.30982,0x00000000,2025-12-14T15:16:50.552Z,2025-12-14T15:16:50.552Z
23,0x000a,-1.92209,0x00000000,2025-12-14T15:16:50.552Z,2025-12-14T15:16:50.552Z
22,0x000a,-1.40647,0x00000000,2025-12-14T15:16:50.552Z,2025-12-14T15:16:50.552Z
21,0x000a,-2.53047,0x00000000,2025-12-14T15:16:50.552Z,2025-12-14T15:16:50.552Z
8,0x0004,10063,0x00000000,2025-12-14T15:16:50.552Z,2025-12-14T15:16:50.552Z
7,0x0004,11335,0x00000000,2025-12-14T15:16:50.552Z,2025-12-14T15:16:50.552Z
6,0x0004,9151,0x00000000,2025-12-14T15:16:50.552Z,2025-12-14T15:16:50.552Z
39,0x000a,-2.0978,0x00000000,2025-12-14T15:16:50.651Z,2025-12-14T15:16:50.651Z
38,0x000a,-1.50101,0x00000000,2025-12-14T15:16:50.651Z,2025-12-14T15:16:50.651Z
37,0x000a,-2.79948,0x00000000,2025-12-14T15:16:50.651Z,2025-12-14T15:16:50.651Z
36,0x000a,-3.11129,0x00000000,2025-12-14T15:16:50.651Z,2025-12-14T15:16:50.651Z
35,0x000a,-2.25308,0x00000000,2025-12-14T15:16:50.651Z,2025-12-14T15:16:50.651Z
34,0x000a,-4.01589,0x00000000,2025-12-14T15:16:50.651Z,2025-12-14T15:16:50.651Z
26,0x000a,3.4299,0x00000000,2025-12-14T15:16:50.651Z,2025-12-14T15:16:50.651Z
25,0x000a,3.94965,0x00000000,2025-12-14T15:16:50.651Z,2025-12-14T15:16:50.651Z
24,0x000a,3.02988,0x00000000,2025-12-14T15:16:50.651Z,2025-12-14T15:16:50.651Z
23,0x000a,-3.11129,0x00000000,2025-12-14T15:16:50.651Z,2025-12-14T15:16:50.651Z
22,0x000a,-2.25308,0x00000000,2025-12-14T15:16:50.651Z,2025-12-14T15:16:50.651Z
21,0x000a,-4.01589,0x00000000,2025-12-14T15:16:50.651Z,2025-12-14T15:16:50.651Z
8,0x0004,9483,0x00000000,2025-12-14T15:16:50.651Z,2025-12-14T15:16:50.651Z
7,0x0004,10920,0x00000000,2025-12-14T15:16:50.651Z,2025-12-14T15:16:50.651Z
6,0x0004,8377,0x00000000,2025-12-14T15:16:50.651Z,2025-12-14T15:16:50.651Z
39,0x000a,-2.19908,0x00000000,2025-12-14T15:16:50.752Z,2025-12-14T15:16:50.752Z
38,0x000a,-1.59867,0x00000000,2025-12-14T15:16:50.752Z,2025-12-14T15:16:50.752Z
36,0x000a,-2.60454,0x00000000,2025-12-14T15:16:50.752Z,2025-12-14T15:16:50.752Z
35,0x000a,-1.87705,0x00000000,2025-12-14T15:16:50.752Z,2025-12-14T15:16:50.752Z
34,0x000a,-3.40768,0x00000000,2025-12-14T15:16:50.752Z,2025-12-14T15:16:50.752Z
26,0x000a,3.21,0x00000000,2025-12-14T15:16:50.752Z,2025-12-14T15:16:50.752Z
25,0x000a,3.78979,0x00000000,2025-12-14T15:16:50.752Z,2025-12-14T15:16:50.752Z
24,0x000a,2.74993,0x00000000,2025-12-14T15:16:50.752Z,2025-12-14T15:16:50.752Z
23,0x000a,-2.60454,0x00000000,2025-12-14T15:16:50.752Z,2025-12-14T15:16:50.752Z
22,0x000a,-1.87705,0x00000000,2025-12-14T15:16:50.752Z,2025-12-14T15:16:50.752Z
21,0x000a,-3.40768,0x00000000,2025-12-14T15:16:50.752Z,2025-12-14T15:16:50.752Z
8,0x0004,8875,0x00000000,2025-12-14T15:16:50.752Z,2025-12-14T15:16:50.752Z
7,0x0004,10478,0x00000000,2025-12-14T15:16:50.752Z,2025-12-14T15:16:50.752Z
6,0x0004,7603,0x00000000,2025-12-14T15:16:50.752Z,2025-12-14T15:16:50.752Z
39,0x000a,-2.10142,0x00000000,2025-12-14T15:16:50.850Z,2025-12-14T15:16:50.850Z
38,0x000a,-1.50101,0x00000000,2025-12-14T15:16:50.850Z,2025-12-14T15:16:50.850Z
37,0x000a,-2.70182,0x00000000,2025-12-14T15:16:50.850Z,2025-12-14T15:16:50.850Z
36,0x000a,-2.40181,0x00000000,2025-12-14T15:16:50.850Z,2025-12-14T15:16:50.850Z
35,0x000a,-1.73786,0x00000000,2025-12-14T15:16:50.850Z,2025-12-14T15:16:50.850Z
34,0x000a,-3.10358,0x00000000,2025-12-14T15:16:50.850Z,2025-12-14T15:16:50.850Z
26,0x000a,2.99986,0x00000000,2025-12-14T15:16:50.850Z,2025-12-14T15:16:50.850Z
25,0x000a,3.63968,0x00000000,2025-12-14T15:16:50.850Z,2025-12-14T15:16:50.850Z
24,0x000a,2.47975,0x00000000,2025-12-14T15:16:50.850Z,2025-12-14T15:16:50.850Z
23,0x000a,-2.40181,0x00000000,2025-12-14T15:16:50.850Z,2025-12-14T15:16:50.850Z
22,0x000a,-1.73786,0x00000000,2025-12-14T15:16:50.850Z,2025-12-14T15:16:50.850Z
21,0x000a,-3.10358,0x00000000,2025-12-14T15:16:50.850Z,2025-12-14T15:16:50.850Z
8,0x0004,8294,0x00000000,2025-12-14T15:16:50.850Z,2025-12-14T15:16:50.850Z
7,0x0004,10063,0x00000000,2025-12-14T15:16:50.850Z,2025-12-14T15:16:50.850Z
6,0x0004,6856,0x00000000,2025-12-14T15:16:50.850Z,2025-12-14T15:16:50.850Z
39,0x000a,-2.60055,0x00000000,2025-12-14T15:16:50.954Z,2025-12-14T15:16:50.954Z
38,0x000a,-1.89887,0x00000000,2025-12-14T15:16:50.954Z,2025-12-14T15:16:50.954Z
37,0x000a,-3.29861,0x00000000,2025-12-14T15:16:50.954Z,2025-12-14T15:16:50.954Z
36,0x000a,-2.25161,0x00000000,2025-12-14T15:16:50.954Z,2025-12-14T15:16:50.954Z
35,0x000a,-1.61944,0x00000000,2025-12-14T15:16:50.954Z,2025-12-14T15:16:50.954Z
34,0x000a,-2.9027,0x00000000,2025-12-14T15:16:50.954Z,2025-12-14T15:16:50.954Z
26,0x000a,2.7398,0x00000000,2025-12-14T15:16:50.954Z,2025-12-14T15:16:50.954Z
25,0x000a,3.4498,0x00000000,2025-12-14T15:16:50.954Z,2025-12-14T15:16:50.954Z
24,0x000a,2.14988,0x00000000,2025-12-14T15:16:50.954Z,2025-12-14T15:16:50.954Z
23,0x000a,-2.25161,0x00000000,2025-12-14T15:16:50.954Z,2025-12-14T15:16:50.954Z
22,0x000a,-1.61944,0x00000000,2025-12-14T15:16:50.954Z,2025-12-14T15:16:50.954Z
21,0x000a,-2.9027,0x00000000,2025-12-14T15:16:50.954Z,2025-12-14T15:16:50.954Z
8,0x0004,7575,0x00000000,2025-12-14T15:16:50.954Z,2025-12-14T15:16:50.954Z
7,0x0004,9538,0x00000000,2025-12-14T15:16:50.954Z,2025-12-14T15:16:50.954Z
6,0x0004,5944,0x00000000,2025-12-14T15:16:50.954Z,2025-12-14T15:16:50.954Z
39,0x000a,-2.10142,0x00000000,2025-12-14T15:16:51.051Z,2025-12-14T15:16:51.051Z
38,0x000a,-1.50101,0x00000000,2025-12-14T15:16:51.051Z,2025-12-14T15:16:51.051Z
37,0x000a,-2.79948,0x00000000,2025-12-14T15:16:51.051Z,2025-12-14T15:16:51.051Z
36,0x000a,-2.42608,0x00000000,2025-12-14T15:16:51.051Z,2025-12-14T15:16:51.051Z
35,0x000a,-1.75915,0x00000000,2025-12-14T15:16:51.051Z,2025-12-14T15:16:51.051Z
34,0x000a,-3.10066,0x00000000,2025-12-14T15:16:51.051Z,2025-12-14T15:16:51.051Z
26,0x000a,2.52966,0x00000000,2025-12-14T15:16:51.051Z,2025-12-14T15:16:51.051Z
25,0x000a,3.2997,0x00000000,2025-12-14T15:16:51.051Z,2025-12-14T15:16:51.051Z
24,0x000a,1.86994,0x00000000,2025-12-14T15:16:51.051Z,2025-12-14T15:16:51.051Z
23,0x000a,-2.42608,0x00000000,2025-12-14T15:16:51.051Z,2025-12-14T15:16:51.051Z
22,0x000a,-1.75915,0x00000000,2025-12-14T15:16:51.051Z,2025-12-14T15:16:51.051Z
21,0x000a,-3.10066,0x00000000,2025-12-14T15:16:51.051Z,2025-12-14T15:16:51.051Z
8,0x0004,6994,0x00000000,2025-12-14T15:16:51.051Z,2025-12-14T15:16:51.051Z
7,0x0004,9123,0x00000000,2025-12-14T15:16:51.051Z,2025-12-14T15:16:51.051Z
6,0x0004,5170,0x00000000,2025-12-14T15:16:51.051Z,2025-12-14T15:16:51.051Z
36,0x000a,-2.26375,0x00000000,2025-12-14T15:16:51.152Z,2025-12-14T15:16:51.152Z
35,0x000a,-1.63008,0x00000000,2025-12-14T15:16:51.152Z,2025-12-14T15:16:51.152Z
34,0x000a,-2.95007,0x00000000,2025-12-14T15:16:51.152Z,2025-12-14T15:16:51.152Z
26,0x000a,2.31988,0x00000000,2025-12-14T15:16:51.152Z,2025-12-14T15:16:51.152Z
25,0x000a,3.14996,0x00000000,2025-12-14T15:16:51.152Z,2025-12-14T15:16:51.152Z
24,0x000a,1.59975,0x00000000,2025-12-14T15:16:51.152Z,2025-12-14T15:16:51.152Z
23,0x000a,-2.26375,0x00000000,2025-12-14T15:16:51.152Z,2025-12-14T15:16:51.152Z
22,0x000a,-1.63008,0x00000000,2025-12-14T15:16:51.152Z,2025-12-14T15:16:51.152Z
21,0x000a,-2.95007,0x00000000,2025-12-14T15:16:51.152Z,2025-12-14T15:16:51.152Z
8,0x0004,6414,0x00000000,2025-12-14T15:16:51.152Z,2025-12-14T15:16:51.152Z
7,0x0004,8709,0x00000000,2025-12-14T15:16:51.152Z,2025-12-14T15:16:51.152Z
6,0x0004,4423,0x00000000,2025-12-14T15:16:51.152Z,2025-12-14T15:16:51.152Z
39,0x000a,-2.0978,0x00000000,2025-12-14T15:16:51.251Z,2025-12-14T15:16:51.251Z
38,0x000a,-1.4974,0x00000000,2025-12-14T15:16:51.251Z,2025-12-14T15:16:51.251Z
37,0x000a,-2.70182,0x00000000,2025-12-14T15:16:51.251Z,2025-12-14T15:16:51.251Z
26,0x000a,2.10974,0x00000000,2025-12-14T15:16:51.251Z,2025-12-14T15:16:51.251Z
25,0x000a,2.98973,0x00000000,2025-12-14T15:16:51.251Z,2025-12-14T15:16:51.251Z
24,0x000a,1.31981,0x00000000,2025-12-14T15:16:51.251Z,2025-12-14T15:16:51.251Z
8,0x0004,5833,0x00000000,2025-12-14T15:16:51.251Z,2025-12-14T15:16:51.251Z
7,0x0004,8266,0x00000000,2025-12-14T15:16:51.251Z,2025-12-14T15:16:51.251Z
6,0x0004,3649,0x00000000,2025-12-14T15:16:51.251Z,2025-12-14T15:16:51.251Z
39,0x000a,-2.10142,0x00000000,2025-12-14T15:16:51.350Z,2025-12-14T15:16:51.350Z
38,0x000a,-1.60228,0x00000000,2025-12-14T15:16:51.350Z,2025-12-14T15:16:51.350Z
37,0x000a,-2.79948,0x00000000,2025-12-14T15:16:51.350Z,2025-12-14T15:16:51.350Z
36,0x000a,-2.18078,0x00000000,2025-12-14T15:16:51.350Z,2025-12-14T15:16:51.350Z
35,0x000a,-1.56374,0x00000000,2025-12-14T15:16:51.350Z,2025-12-14T15:16:51.350Z
34,0x000a,-2.82595,0x00000000,2025-12-14T15:16:51.350Z,2025-12-14T15:16:51.350Z
26,0x000a,1.88983,0x00000000,2025-12-14T15:16:51.350Z,2025-12-14T15:16:51.350Z
25,0x000a,2.83999,0x00000000,2025-12-14T15:16:51.350Z,2025-12-14T15:16:51.350Z
24,0x000a,1.03986,0x00000000,2025-12-14T15:16:51.350Z,2025-12-14T15:16:51.350Z
23,0x000a,-2.18078,0x00000000,2025-12-14T15:16:51.350Z,2025-12-14T15:16:51.350Z
22,0x000a,-1.56374,0x00000000,2025-12-14T15:16:51.350Z,2025-12-14T15:16:51.350Z
21,0x000a,-2.82595,0x00000000,2025-12-14T15:16:51.350Z,2025-12-14T15:16:51.350Z
8,0x0004,5225,0x00000000,2025-12-14T15:16:51.350Z,2025-12-14T15:16:51.350Z
7,0x0004,7852,0x00000000,2025-12-14T15:16:51.350Z,2025-12-14T15:16:51.350Z
6,0x0004,2875,0x00000000,2025-12-14T15:16:51.350Z,2025-12-14T15:16:51.350Z
39,0x000a,-2.19907,0x00000000,2025-12-14T15:16:51.451Z,2025-12-14T15:16:51.451Z
38,0x000a,-1.4974,0x00000000,2025-12-14T15:16:51.451Z,2025-12-14T15:16:51.451Z
36,0x000a,-2.1411,0x00000000,2025-12-14T15:16:51.451Z,2025-12-14T15:16:51.451Z
35,0x000a,-1.58301,0x00000000,2025-12-14T15:16:51.451Z,2025-12-14T15:16:51.451Z
34,0x000a,-2.81271,0x00000000,2025-12-14T15:16:51.451Z,2025-12-14T15:16:51.451Z
26,0x000a,1.67969,0x00000000,2025-12-14T15:16:51.451Z,2025-12-14T15:16:51.451Z
25,0x000a,2.68989,0x00000000,2025-12-14T15:16:51.451Z,2025-12-14T15:16:51.451Z
24,0x000a,0.769676,0x00000000,2025-12-14T15:16:51.451Z,2025-12-14T15:16:51.451Z
23,0x000a,-2.1411,0x00000000,2025-12-14T15:16:51.451Z,2025-12-14T15:16:51.451Z
22,0x000a,-1.58301,0x00000000,2025-12-14T15:16:51.451Z,2025-12-14T15:16:51.451Z
21,0x000a,-2.81271,0x00000000,2025-12-14T15:16:51.451Z,2025-12-14T15:16:51.451Z
8,0x0004,4644,0x00000000,2025-12-14T15:16:51.451Z,2025-12-14T15:16:51.451Z
7,0x0004,7437,0x00000000,2025-12-14T15:16:51.451Z,2025-12-14T15:16:51.451Z
6,0x0004,2128,0x00000000,2025-12-14T15:16:51.451Z,2025-12-14T15:16:51.451Z
39,0x000a,-2.10142,0x00000000,2025-12-14T15:16:51.550Z,2025-12-14T15:16:51.550Z
38,0x000a,-1.50101,0x00000000,2025-12-14T15:16:51.550Z,2025-12-14T15:16:51.550Z
37,0x000a,-2.70182,0x00000000,2025-12-14T15:16:51.550Z,2025-12-14T15:16:51.550Z
36,0x000a,-2.17008,0x00000000,2025-12-14T15:16:51.550Z,2025-12-14T15:16:51.550Z
35,0x000a,-1.5402,0x00000000,2025-12-14T15:16:51.550Z,2025-12-14T15:16:51.550Z
34,0x000a,-2.8061,0x00000000,2025-12-14T15:16:51.550Z,2025-12-14T15:16:51.550Z
26,0x000a,1.46991,0x00000000,2025-12-14T15:16:51.550Z,2025-12-14T15:16:51.550Z
25,0x000a,2.52966,0x00000000,2025-12-14T15:16:51.550Z,2025-12-14T15:16:51.550Z
24,0x000a,0.489728,0x00000000,2025-12-14T15:16:51.550Z,2025-12-14T15:16:51.550Z
23,0x000a,-2.17008,0x00000000,2025-12-14T15:16:51.550Z,2025-12-14T15:16:51.550Z
22,0x000a,-1.5402,0x00000000,2025-12-14T15:16:51.550Z,2025-12-14T15:16:51.550Z
21,0x000a,-2.8061,0x00000000,2025-12-14T15:16:51.550Z,2025-12-14T15:16:51.550Z
8,0x0004,4064,0x00000000,2025-12-14T15:16:51.550Z,2025-12-14T15:16:51.550Z
7,0x0004,6994,0x00000000,2025-12-14T15:16:51.550Z,2025-12-14T15:16:51.550Z
6,0x0004,1354,0x00000000,2025-12-14T15:16:51.550Z,2025-12-14T15:16:51.550Z
39,0x000a,-4.29688,0x00000000,2025-12-14T15:16:51.651Z,2025-12-14T15:16:51.651Z
38,0x000a,-3.09968,0x00000000,2025-12-14T15:16:51.651Z,2025-12-14T15:16:51.651Z
37,0x000a,-5.49768,0x00000000,2025-12-14T15:16:51.651Z,2025-12-14T15:16:51.651Z
36,0x000a,-2.13575,0x00000000,2025-12-14T15:16:51.651Z,2025-12-14T15:16:51.651Z
35,0x000a,-1.52061,0x00000000,2025-12-14T15:16:51.651Z,2025-12-14T15:16:51.651Z
34,0x000a,-2.75396,0x00000000,2025-12-14T15:16:51.651Z,2025-12-14T15:16:51.651Z
26,0x000a,1.25,0x00000000,2025-12-14T15:16:51.651Z,2025-12-14T15:16:51.651Z
25,0x000a,2.37992,0x00000000,2025-12-14T15:16:51.651Z,2025-12-14T15:16:51.651Z
24,0x000a,0.219907,0x00000000,2025-12-14T15:16:51.651Z,2025-12-14T15:16:51.651Z
23,0x000a,-2.13575,0x00000000,2025-12-14T15:16:51.651Z,2025-12-14T15:16:51.651Z
22,0x000a,-1.52061,0x00000000,2025-12-14T15:16:51.651Z,2025-12-14T15:16:51.651Z
21,0x000a,-2.75396,0x00000000,2025-12-14T15:16:51.651Z,2025-12-14T15:16:51.651Z
14,0x0001,false,0x00000000,2025-12-14T15:16:51.651Z,2025-12-14T15:16:51.651Z
8,0x0004,3456,0x00000000,2025-12-14T15:16:51.651Z,2025-12-14T15:16:51.651Z
7,0x0004,6580,0x00000000,2025-12-14T15:16:51.651Z,2025-12-14T15:16:51.651Z
6,0x0004,608,0x00000000,2025-12-14T15:16:51.651Z,2025-12-14T15:16:51.651Z
39,0x000a,-2.10142,0x00000000,2025-12-14T15:16:51.750Z,2025-12-14T15:16:51.750Z
38,0x000a,-1.50101,0x00000000,2025-12-14T15:16:51.750Z,2025-12-14T15:16:51.750Z
37,0x000a,-2.19907,0x00000000,2025-12-14T15:16:51.750Z,2025-12-14T15:16:51.750Z
36,0x000a,-3.21631,0x00000000,2025-12-14T15:16:51.750Z,2025-12-14T15:16:51.750Z
35,0x000a,-2.31014,0x00000000,2025-12-14T15:16:51.750Z,2025-12-14T15:16:51.750Z
34,0x000a,-4.12582,0x00000000,2025-12-14T15:16:51.750Z,2025-12-14T15:16:51.750Z
26,0x000a,1.03986,0x00000000,2025-12-14T15:16:51.750Z,2025-12-14T15:16:51.750Z
25,0x000a,2.22982,0x00000000,2025-12-14T15:16:51.750Z,2025-12-14T15:16:51.750Z
24,0x000a,0,0x00000000,2025-12-14T15:16:51.750Z,2025-12-14T15:16:51.750Z
23,0x000a,-3.21631,0x00000000,2025-12-14T15:16:51.750Z,2025-12-14T15:16:51.750Z
22,0x000a,-2.31014,0x00000000,2025-12-14T15:16:51.750Z,2025-12-14T15:16:51.750Z
21,0x000a,-4.12582,0x00000000,2025-12-14T15:16:51.750Z,2025-12-14T15:16:51.750Z
8,0x0004,2875,0x00000000,2025-12-14T15:16:51.750Z,2025-12-14T15:16:51.750Z
7,0x0004,6165,0x00000000,2025-12-14T15:16:51.750Z,2025-12-14T15:16:51.750Z
6,0x0004,0,0x00000000,2025-12-14T15:16:51.750Z,2025-12-14T15:16:51.750Z
38,0x000a,-1.59867,0x00000000,2025-12-14T15:16:51.852Z,2025-12-14T15:16:51.852Z
37,0x000a,0,0x00000000,2025-12-14T15:16:51.852Z,2025-12-14T15:16:51.852Z
36,0x000a,-2.65887,0x00000000,2025-12-14T15:16:51.852Z,2025-12-14T15:16:51.852Z
35,0x000a,-1.90558,0x00000000,2025-12-14T15:16:51.852Z,2025-12-14T15:16:51.852Z
34,0x000a,-3.16245,0x00000000,2025-12-14T15:16:51.852Z,2025-12-14T15:16:51.852Z
26,0x000a,0.829716,0x00000000,2025-12-14T15:16:51.852Z,2025-12-14T15:16:51.852Z
25,0x000a,2.06995,0x00000000,2025-12-14T15:16:51.852Z,2025-12-14T15:16:51.852Z
23,0x000a,-2.65887,0x00000000,2025-12-14T15:16:51.852Z,2025-12-14T15:16:51.852Z
22,0x000a,-1.90558,0x00000000,2025-12-14T15:16:51.852Z,2025-12-14T15:16:51.852Z
21,0x000a,-3.16245,0x00000000,2025-12-14T15:16:51.852Z,2025-12-14T15:16:51.852Z
8,0x0004,2294,0x00000000,2025-12-14T15:16:51.852Z,2025-12-14T15:16:51.852Z
7,0x0004,5723,0x00000000,2025-12-14T15:16:51.852Z,2025-12-14T15:16:51.852Z
39,0x000a,-2.60055,0x00000000,2025-12-14T15:16:51.951Z,2025-12-14T15:16:51.951Z
38,0x000a,-1.80122,0x00000000,2025-12-14T15:16:51.951Z,2025-12-14T15:16:51.951Z
36,0x000a,-2.38014,0x00000000,2025-12-14T15:16:51.951Z,2025-12-14T15:16:51.951Z
35,0x000a,-1.75212,0x00000000,2025-12-14T15:16:51.951Z,2025-12-14T15:16:51.951Z
34,0x000a,-1.58122,0x00000000,2025-12-14T15:16:51.951Z,2025-12-14T15:16:51.951Z
26,0x000a,0.569661,0x00000000,2025-12-14T15:16:51.951Z,2025-12-14T15:16:51.951Z
25,0x000a,1.88983,0x00000000,2025-12-14T15:16:51.951Z,2025-12-14T15:16:51.951Z
23,0x000a,-2.38014,0x00000000,2025-12-14T15:16:51.951Z,2025-12-14T15:16:51.951Z
22,0x000a,-1.75212,0x00000000,2025-12-14T15:16:51.951Z,2025-12-14T15:16:51.951Z
21,0x000a,-1.58122,0x00000000,2025-12-14T15:16:51.951Z,2025-12-14T15:16:51.951Z
8,0x0004,1575,0x00000000,2025-12-14T15:16:51.951Z,2025-12-14T15:16:51.951Z
7,0x0004,5225,0x00000000,2025-12-14T15:16:51.951Z,2025-12-14T15:16:51.951Z
39,0x000a,-2.0978,0x00000000,2025-12-14T15:16:52.051Z,2025-12-14T15:16:52.051Z
38,0x000a,-1.50101,0x00000000,2025-12-14T15:16:52.051Z,2025-12-14T15:16:52.051Z
36,0x000a,-2.49035,0x00000000,2025-12-14T15:16:52.051Z,2025-12-14T15:16:52.051Z
35,0x000a,-1.77667,0x00000000,2025-12-14T15:16:52.051Z,2025-12-14T15:16:52.051Z
34,0x000a,-0.790612,0x00000000,2025-12-14T15:16:52.051Z,2025-12-14T15:16:52.051Z
26,0x000a,0.359881,0x00000000,2025-12-14T15:16:52.051Z,2025-12-14T15:16:52.051Z
25,0x000a,1.73973,0x00000000,2025-12-14T15:16:52.051Z,2025-12-14T15:16:52.051Z
23,0x000a,-2.49035,0x00000000,2025-12-14T15:16:52.051Z,2025-12-14T15:16:52.051Z
22,0x000a,-1.77667,0x00000000,2025-12-14T15:16:52.051Z,2025-12-14T15:16:52.051Z
21,0x000a,-0.790612,0x00000000,2025-12-14T15:16:52.051Z,2025-12-14T15:16:52.051Z
8,0x0004,995,0x00000000,2025-12-14T15:16:52.051Z,2025-12-14T15:16:52.051Z
7,0x0004,4810,0x00000000,2025-12-14T15:16:52.051Z,2025-12-14T15:16:52.051Z
40,0x0001,true,0x00000000,2025-12-14T15:16:52.152Z,2025-12-14T15:16:52.152Z
26,0x000a,0.139974,0x00000000,2025-12-14T15:16:52.152Z,2025-12-14T15:16:52.152Z
25,0x000a,1.57986,0x00000000,2025-12-14T15:16:52.152Z,2025-12-14T15:16:52.152Z
18,0x0001,false,0x00000000,2025-12-14T15:16:52.152Z,2025-12-14T15:16:52.152Z
8,0x0004,387,0x00000000,2025-12-14T15:16:52.152Z,2025-12-14T15:16:52.152Z
7,0x0004,4368,0x00000000,2025-12-14T15:16:52.152Z,2025-12-14T15:16:52.152Z
39,0x000a,-2.19907,0x00000000,2025-12-14T15:16:52.252Z,2025-12-14T15:16:52.252Z
39,0x000a,-1.20081,0x00000000,2025-12-14T15:16:52.352Z,2025-12-14T15:16:52.352Z
38,0x000a,-1.59867,0x00000000,2025-12-14T15:16:52.252Z,2025-12-14T15:16:52.252Z
38,0x000a,-1.50101,0x00000000,2025-12-14T15:16:52.352Z,2025-12-14T15:16:52.352Z
36,0x000a,-2.29407,0x00000000,2025-12-14T15:16:52.252Z,2025-12-14T15:16:52.252Z
36,0x000a,-2.24657,0x00000000,2025-12-14T15:16:52.352Z,2025-12-14T15:16:52.352Z
35,0x000a,-1.63884,0x00000000,2025-12-14T15:16:52.252Z,2025-12-14T15:16:52.252Z
35,0x000a,-1.61876,0x00000000,2025-12-14T15:16:52.352Z,2025-12-14T15:16:52.352Z
34,0x000a,-0.395306,0x00000000,2025-12-14T15:16:52.252Z,2025-12-14T15:16:52.252Z
34,0x000a,-0.197653,0x00000000,2025-12-14T15:16:52.352Z,2025-12-14T15:16:52.352Z
26,0x000a,0.0198929,0x00000000,2025-12-14T15:16:52.252Z,2025-12-14T15:16:52.252Z
25,0x000a,1.42976,0x00000000,2025-12-14T15:16:52.252Z,2025-12-14T15:16:52.252Z
25,0x000a,1.27966,0x00000000,2025-12-14T15:16:52.352Z,2025-12-14T15:16:52.352Z
23,0x000a,-2.29407,0x00000000,2025-12-14T15:16:52.252Z,2025-12-14T15:16:52.252Z
23,0x000a,-2.24657,0x00000000,2025-12-14T15:16:52.352Z,2025-12-14T15:16:52.352Z
22,0x000a,-1.63884,0x00000000,2025-12-14T15:16:52.252Z,2025-12-14T15:16:52.252Z
22,0x000a,-1.61876,0x00000000,2025-12-14T15:16:52.352Z,2025-12-14T15:16:52.352Z
21,0x000a,-0.395306,0x00000000,2025-12-14T15:16:52.252Z,2025-12-14T15:16:52.252Z
21,0x000a,-0.197653,0x00000000,2025-12-14T15:16:52.352Z,2025-12-14T15:16:52.352Z
8,0x0004,55,0x00000000,2025-12-14T15:16:52.252Z,2025-12-14T15:16:52.252Z
7,0x0004,3953,0x00000000,2025-12-14T15:16:52.252Z,2025-12-14T15:16:52.252Z
7,0x0004,3538,0x00000000,2025-12-14T15:16:52.352Z,2025-12-14T15:16:52.352Z
39,0x000a,0,0x00000000,2025-12-14T15:16:52.451Z,2025-12-14T15:16:52.451Z
38,0x000a,-1.50101,0x00000000,2025-12-14T15:16:52.451Z,2025-12-14T15:16:52.451Z
36,0x000a,-1.72369,0x00000000,2025-12-14T15:16:52.451Z,2025-12-14T15:16:52.451Z
35,0x000a,-1.55988,0x00000000,2025-12-14T15:16:52.451Z,2025-12-14T15:16:52.451Z
34,0x000a,-0.0988265,0x00000000,2025-12-14T15:16:52.451Z,2025-12-14T15:16:52.451Z
25,0x000a,1.11979,0x00000000,2025-12-14T15:16:52.451Z,2025-12-14T15:16:52.451Z
23,0x000a,-1.72369,0x00000000,2025-12-14T15:16:52.451Z,2025-12-14T15:16:52.451Z
22,0x000a,-1.55988,0x00000000,2025-12-14T15:16:52.451Z,2025-12-14T15:16:52.451Z
21,0x000a,-0.0988265,0x00000000,2025-12-14T15:16:52.451Z,2025-12-14T15:16:52.451Z
7,0x0004,3096,0x00000000,2025-12-14T15:16:52.451Z,2025-12-14T15:16:52.451Z
38,0x000a,-1.59867,0x00000000,2025-12-14T15:16:52.550Z,2025-12-14T15:16:52.550Z
36,0x000a,-0.861846,0x00000000,2025-12-14T15:16:52.550Z,2025-12-14T15:16:52.550Z
35,0x000a,-1.53045,0x00000000,2025-12-14T15:16:52.550Z,2025-12-14T15:16:52.550Z
34,0x000a,-0.0494132,0x00000000,2025-12-14T15:16:52.550Z,2025-12-14T15:16:52.550Z
25,0x000a,0.96969,0x00000000,2025-12-14T15:16:52.550Z,2025-12-14T15:16:52.550Z
23,0x000a,-0.861846,0x00000000,2025-12-14T15:16:52.550Z,2025-12-14T15:16:52.550Z
22,0x000a,-1.53045,0x00000000,2025-12-14T15:16:52.550Z,2025-12-14T15:16:52.550Z
21,0x000a,-0.0494132,0x00000000,2025-12-14T15:16:52.550Z,2025-12-14T15:16:52.550Z
7,0x0004,2681,0x00000000,2025-12-14T15:16:52.550Z,2025-12-14T15:16:52.550Z
42,0x0001,true,0x00000000,2025-12-14T15:16:52.650Z,2025-12-14T15:16:52.650Z
38,0x000a,-1.50101,0x00000000,2025-12-14T15:16:52.650Z,2025-12-14T15:16:52.650Z
36,0x000a,-0.430923,0x00000000,2025-12-14T15:16:52.650Z,2025-12-14T15:16:52.650Z
35,0x000a,-1.56456,0x00000000,2025-12-14T15:16:52.650Z,2025-12-14T15:16:52.650Z
34,0x000a,-0.0247066,0x00000000,2025-12-14T15:16:52.650Z,2025-12-14T15:16:52.650Z
25,0x000a,0.819951,0x00000000,2025-12-14T15:16:52.650Z,2025-12-14T15:16:52.650Z
23,0x000a,-0.430923,0x00000000,2025-12-14T15:16:52.650Z,2025-12-14T15:16:52.650Z
22,0x000a,-1.56456,0x00000000,2025-12-14T15:16:52.650Z,2025-12-14T15:16:52.650Z
21,0x000a,-0.0247066,0x00000000,2025-12-14T15:16:52.650Z,2025-12-14T15:16:52.650Z
7,0x0004,2267,0x00000000,2025-12-14T15:16:52.650Z,2025-12-14T15:16:52.650Z
38,0x000a,-3.09968,0x00000000,2025-12-14T15:16:52.750Z,2025-12-14T15:16:52.750Z
36,0x000a,-0.215462,0x00000000,2025-12-14T15:16:52.750Z,2025-12-14T15:16:52.750Z
35,0x000a,-1.53279,0x00000000,2025-12-14T15:16:52.750Z,2025-12-14T15:16:52.750Z
34,0x000a,-0.0123533,0x00000000,2025-12-14T15:16:52.750Z,2025-12-14T15:16:52.750Z
25,0x000a,0.659722,0x00000000,2025-12-14T15:16:52.750Z,2025-12-14T15:16:52.750Z
23,0x000a,-0.215462,0x00000000,2025-12-14T15:16:52.750Z,2025-12-14T15:16:52.750Z
22,0x000a,-1.53279,0x00000000,2025-12-14T15:16:52.750Z,2025-12-14T15:16:52.750Z
21,0x000a,-0.0123533,0x00000000,2025-12-14T15:16:52.750Z,2025-12-14T15:16:52.750Z
7,0x0004,1824,0x00000000,2025-12-14T15:16:52.750Z,2025-12-14T15:16:52.750Z
38,0x000a,-1.4974,0x00000000,2025-12-14T15:16:52.851Z,2025-12-14T15:16:52.851Z
36,0x000a,-0.107731,0x00000000,2025-12-14T15:16:52.851Z,2025-12-14T15:16:52.851Z
35,0x000a,-2.31623,0x00000000,2025-12-14T15:16:52.851Z,2025-12-14T15:16:52.851Z
34,0x000a,-0.00617666,0x00000000,2025-12-14T15:16:52.851Z,2025-12-14T15:16:52.851Z
25,0x000a,0.509983,0x00000000,2025-12-14T15:16:52.851Z,2025-12-14T15:16:52.851Z
23,0x000a,-0.107731,0x00000000,2025-12-14T15:16:52.851Z,2025-12-14T15:16:52.851Z
22,0x000a,-2.31623,0x00000000,2025-12-14T15:16:52.851Z,2025-12-14T15:16:52.851Z
21,0x000a,-0.00617666,0x00000000,2025-12-14T15:16:52.851Z,2025-12-14T15:16:52.851Z
7,0x0004,1410,0x00000000,2025-12-14T15:16:52.851Z,2025-12-14T15:16:52.851Z
38,0x000a,-1.50101,0x00000000,2025-12-14T15:16:52.951Z,2025-12-14T15:16:52.951Z
36,0x000a,-0.0538654,0x00000000,2025-12-14T15:16:52.951Z,2025-12-14T15:16:52.951Z
35,0x000a,-1.90681,0x00000000,2025-12-14T15:16:52.951Z,2025-12-14T15:16:52.951Z
34,0x000a,-0.00308833,0x00000000,2025-12-14T15:16:52.951Z,2025-12-14T15:16:52.951Z
25,0x000a,0.359881,0x00000000,2025-12-14T15:16:52.951Z,2025-12-14T15:16:52.951Z
23,0x000a,-0.0538654,0x00000000,2025-12-14T15:16:52.951Z,2025-12-14T15:16:52.951Z
22,0x000a,-1.90681,0x00000000,2025-12-14T15:16:52.951Z,2025-12-14T15:16:52.951Z
21,0x000a,-0.00308833,0x00000000,2025-12-14T15:16:52.951Z,2025-12-14T15:16:52.951Z
7,0x0004,995,0x00000000,2025-12-14T15:16:52.951Z,2025-12-14T15:16:52.951Z
36,0x000a,-0.0269327,0x00000000,2025-12-14T15:16:53.051Z,2025-12-14T15:16:53.051Z
35,0x000a,-1.70391,0x00000000,2025-12-14T15:16:53.051Z,2025-12-14T15:16:53.051Z
34,0x000a,-0.00154416,0x00000000,2025-12-14T15:16:53.051Z,2025-12-14T15:16:53.051Z
25,0x000a,0.169994,0x00000000,2025-12-14T15:16:53.051Z,2025-12-14T15:16:53.051Z
23,0x000a,-0.0269327,0x00000000,2025-12-14T15:16:53.051Z,2025-12-14T15:16:53.051Z
22,0x000a,-1.70391,0x00000000,2025-12-14T15:16:53.051Z,2025-12-14T15:16:53.051Z
21,0x000a,-0.00154416,0x00000000,2025-12-14T15:16:53.051Z,2025-12-14T15:16:53.051Z
16,0x0001,false,0x00000000,2025-12-14T15:16:53.051Z,2025-12-14T15:16:53.051Z
7,0x0004,470,0x00000000,2025-12-14T15:16:53.051Z,2025-12-14T15:16:53.051Z
38,0x000a,-1.89887,0x00000000,2025-12-14T15:16:53.150Z,2025-12-14T15:16:53.150Z
25,0x000a,0.0198929,0x00000000,2025-12-14T15:16:53.150Z,2025-12-14T15:16:53.150Z
7,0x0004,55,0x00000000,2025-12-14T15:16:53.150Z,2025-12-14T15:16:53.150Z
38,0x000a,-1.50101,0x00000000,2025-12-14T15:16:53.252Z,2025-12-14T15:16:53.252Z
36,0x000a,-0.0134663,0x00000000,2025-12-14T15:16:53.252Z,2025-12-14T15:16:53.252Z
35,0x000a,-1.80139,0x00000000,2025-12-14T15:16:53.252Z,2025-12-14T15:16:53.252Z
34,0x000a,-0.000772082,0x00000000,2025-12-14T15:16:53.252Z,2025-12-14T15:16:53.252Z
25,0x000a,0,0x00000000,2025-12-14T15:16:53.252Z,2025-12-14T15:16:53.252Z
23,0x000a,-0.0134663,0x00000000,2025-12-14T15:16:53.252Z,2025-12-14T15:16:53.252Z
22,0x000a,-1.80139,0x00000000,2025-12-14T15:16:53.252Z,2025-12-14T15:16:53.252Z
21,0x000a,-0.000772082,0x00000000,2025-12-14T15:16:53.252Z,2025-12-14T15:16:53.252Z
7,0x0004,0,0x00000000,2025-12-14T15:16:53.252Z,2025-12-14T15:16:53.252Z
38,0x000a,-0.198929,0x00000000,2025-12-14T15:16:53.351Z,2025-12-14T15:16:53.351Z
36,0x000a,-0.00673317,0x00000000,2025-12-14T15:16:53.351Z,2025-12-14T15:16:53.351Z
35,0x000a,-1.6512,0x00000000,2025-12-14T15:16:53.351Z,2025-12-14T15:16:53.351Z
34,0x000a,-0.000386041,0x00000000,2025-12-14T15:16:53.351Z,2025-12-14T15:16:53.351Z
23,0x000a,-0.00673317,0x00000000,2025-12-14T15:16:53.351Z,2025-12-14T15:16:53.351Z
22,0x000a,-1.6512,0x00000000,2025-12-14T15:16:53.351Z,2025-12-14T15:16:53.351Z
21,0x000a,-0.000386041,0x00000000,2025-12-14T15:16:53.351Z,2025-12-14T15:16:53.351Z
38,0x000a,0,0x00000000,2025-12-14T15:16:53.451Z,2025-12-14T15:16:53.451Z
36,0x000a,-0.00336659,0x00000000,2025-12-14T15:16:53.451Z,2025-12-14T15:16:53.451Z
35,0x000a,-0.925066,0x00000000,2025-12-14T15:16:53.451Z,2025-12-14T15:16:53.451Z
34,0x000a,-0.000193021,0x00000000,2025-12-14T15:16:53.451Z,2025-12-14T15:16:53.451Z
23,0x000a,-0.00336659,0x00000000,2025-12-14T15:16:53.451Z,2025-12-14T15:16:53.451Z
22,0x000a,-0.925066,0x00000000,2025-12-14T15:16:53.451Z,2025-12-14T15:16:53.451Z
21,0x000a,-0.000193021,0x00000000,2025-12-14T15:16:53.451Z,2025-12-14T15:16:53.451Z
42,0x0001,false,0x00000000,2025-12-14T15:16:53.549Z,2025-12-14T15:16:53.549Z
40,0x0001,false,0x00000000,2025-12-14T15:16:53.549Z,2025-12-14T15:16:53.549Z
36,0x000a,-0.00168329,0x00000000,2025-12-14T15:16:53.549Z,2025-12-14T15:16:53.549Z
35,0x000a,-0.462533,0x00000000,2025-12-14T15:16:53.549Z,2025-12-14T15:16:53.549Z
34,0x000a,-9.65103e-05,0x00000000,2025-12-14T15:16:53.549Z,2025-12-14T15:16:53.549Z
23,0x000a,-0.00168329,0x00000000,2025-12-14T15:16:53.549Z,2025-12-14T15:16:53.549Z
22,0x000a,-0.462533,0x00000000,2025-12-14T15:16:53.549Z,2025-12-14T15:16:53.549Z
21,0x000a,-9.65103e-05,0x00000000,2025-12-14T15:16:53.549Z,2025-12-14T15:16:53.549Z
17,0x0001,true,0x00000000,2025-12-14T15:16:53.549Z,2025-12-14T15:16:53.549Z
15,0x0001,true,0x00000000,2025-12-14T15:16:53.549Z,2025-12-14T15:16:53.549Z
13,0x0001,true,0x00000000,2025-12-14T15:16:53.549Z,2025-12-14T15:16:53.549Z
4,0x000a,10,0x00000000,2025-12-14T15:16:53.549Z,2025-12-14T15:16:53.549Z
3,0x000a,9,0x00000000,2025-12-14T15:16:53.549Z,2025-12-14T15:16:53.549Z
2,0x000a,8,0x00000000,2025-12-14T15:16:53.549Z,2025-12-14T15:16:53.549Z
36,0x000a,-0.000841647,0x00000000,2025-12-14T15:16:53.650Z,2025-12-14T15:16:53.650Z
35,0x000a,-0.231267,0x00000000,2025-12-14T15:16:53.650Z,2025-12-14T15:16:53.650Z
34,0x000a,-4.82551e-05,0x00000000,2025-12-14T15:16:53.650Z,2025-12-14T15:16:53.650Z
23,0x000a,-0.000841647,0x00000000,2025-12-14T15:16:53.650Z,2025-12-14T15:16:53.650Z
22,0x000a,-0.231267,0x00000000,2025-12-14T15:16:53.650Z,2025-12-14T15:16:53.650Z
21,0x000a,-4.82551e-05,0x00000000,2025-12-14T15:16:53.650Z,2025-12-14T15:16:53.650Z
36,0x000a,-0.000420823,0x00000000,2025-12-14T15:16:53.750Z,2025-12-14T15:16:53.750Z
35,0x000a,-0.115633,0x00000000,2025-12-14T15:16:53.750Z,2025-12-14T15:16:53.750Z
34,0x000a,-2.41276e-05,0x00000000,2025-12-14T15:16:53.750Z,2025-12-14T15:16:53.750Z
26,0x000a,0.0499132,0x00000000,2025-12-14T15:16:53.750Z,2025-12-14T15:16:53.750Z
25,0x000a,0.0397859,0x00000000,2025-12-14T15:16:53.750Z,2025-12-14T15:16:53.750Z
24,0x000a,0.109954,0x00000000,2025-12-14T15:16:53.750Z,2025-12-14T15:16:53.750Z
23,0x000a,-0.000420823,0x00000000,2025-12-14T15:16:53.750Z,2025-12-14T15:16:53.750Z
22,0x000a,-0.115633,0x00000000,2025-12-14T15:16:53.750Z,2025-12-14T15:16:53.750Z
21,0x000a,-2.41276e-05,0x00000000,2025-12-14T15:16:53.750Z,2025-12-14T15:16:53.750Z
8,0x0004,138,0x00000000,2025-12-14T15:16:53.750Z,2025-12-14T15:16:53.750Z
7,0x0004,110,0x00000000,2025-12-14T15:16:53.750Z,2025-12-14T15:16:53.750Z
6,0x0004,304,0x00000000,2025-12-14T15:16:53.750Z,2025-12-14T15:16:53.750Z
39,0x000a,2.79948,0x00000000,2025-12-14T15:16:53.852Z,2025-12-14T15:16:53.852Z
38,0x000a,2.29673,0x00000000,2025-12-14T15:16:53.852Z,2025-12-14T15:16:53.852Z
37,0x000a,4.39815,0x00000000,2025-12-14T15:16:53.852Z,2025-12-14T15:16:53.852Z
36,0x000a,-0.000210412,0x00000000,2025-12-14T15:16:53.852Z,2025-12-14T15:16:53.852Z
35,0x000a,-0.0578166,0x00000000,2025-12-14T15:16:53.852Z,2025-12-14T15:16:53.852Z
34,0x000a,-1.20638e-05,0x00000000,2025-12-14T15:16:53.852Z,2025-12-14T15:16:53.852Z
26,0x000a,0.299841,0x00000000,2025-12-14T15:16:53.852Z,2025-12-14T15:16:53.852Z
25,0x000a,0.229673,0x00000000,2025-12-14T15:16:53.852Z,2025-12-14T15:16:53.852Z
24,0x000a,0.439815,0x00000000,2025-12-14T15:16:53.852Z,2025-12-14T15:16:53.852Z
23,0x000a,-0.000210412,0x00000000,2025-12-14T15:16:53.852Z,2025-12-14T15:16:53.852Z
22,0x000a,-0.0578166,0x00000000,2025-12-14T15:16:53.852Z,2025-12-14T15:16:53.852Z
21,0x000a,-1.20638e-05,0x00000000,2025-12-14T15:16:53.852Z,2025-12-14T15:16:53.852Z
8,0x0004,829,0x00000000,2025-12-14T15:16:53.852Z,2025-12-14T15:16:53.852Z
7,0x0004,635,0x00000000,2025-12-14T15:16:53.852Z,2025-12-14T15:16:53.852Z
6,0x0004,1216,0x00000000,2025-12-14T15:16:53.852Z,2025-12-14T15:16:53.852Z
39,0x000a,2.19907,0x00000000,2025-12-14T15:16:54.049Z,2025-12-14T15:16:54.049Z
38,0x000a,1.50101,0x00000000,2025-12-14T15:16:54.049Z,2025-12-14T15:16:54.049Z
37,0x000a,2.70182,0x00000000,2025-12-14T15:16:54.049Z,2025-12-14T15:16:54.049Z
36,0x000a,1.39963,0x00000000,2025-12-14T15:16:53.950Z,2025-12-14T15:16:53.950Z
35,0x000a,1.11946,0x00000000,2025-12-14T15:16:53.950Z,2025-12-14T15:16:53.950Z
34,0x000a,2.19907,0x00000000,2025-12-14T15:16:53.950Z,2025-12-14T15:16:53.950Z
26,0x000a,0.519748,0x00000000,2025-12-14T15:16:53.950Z,2025-12-14T15:16:53.950Z
25,0x000a,0.379774,0x00000000,2025-12-14T15:16:53.950Z,2025-12-14T15:16:53.950Z
24,0x000a,0.709997,0x00000000,2025-12-14T15:16:53.950Z,2025-12-14T15:16:53.950Z
23,0x000a,1.39963,0x00000000,2025-12-14T15:16:53.950Z,2025-12-14T15:16:53.950Z
22,0x000a,1.11946,0x00000000,2025-12-14T15:16:53.950Z,2025-12-14T15:16:53.950Z
21,0x000a,2.19907,0x00000000,2025-12-14T15:16:53.950Z,2025-12-14T15:16:53.950Z
8,0x0004,1437,0x00000000,2025-12-14T15:16:53.950Z,2025-12-14T15:16:53.950Z
7,0x0004,1050,0x00000000,2025-12-14T15:16:53.950Z,2025-12-14T15:16:53.950Z
6,0x0004,1963,0x00000000,2025-12-14T15:16:53.950Z,2025-12-14T15:16:53.950Z
39,0x000a,2.10142,0x00000000,2025-12-14T15:16:54.151Z,2025-12-14T15:16:54.151Z
37,0x000a,2.79948,0x00000000,2025-12-14T15:16:54.151Z,2025-12-14T15:16:54.151Z
36,0x000a,1.79935,0x00000000,2025-12-14T15:16:54.151Z,2025-12-14T15:16:54.151Z
35,0x000a,1.31023,0x00000000,2025-12-14T15:16:54.151Z,2025-12-14T15:16:54.151Z
34,0x000a,2.45045,0x00000000,2025-12-14T15:16:54.151Z,2025-12-14T15:16:54.151Z
26,0x000a,0.72989,0x00000000,2025-12-14T15:16:54.151Z,2025-12-14T15:16:54.151Z
25,0x000a,0.529876,0x00000000,2025-12-14T15:16:54.151Z,2025-12-14T15:16:54.151Z
24,0x000a,0.989945,0x00000000,2025-12-14T15:16:54.151Z,2025-12-14T15:16:54.151Z
23,0x000a,1.79935,0x00000000,2025-12-14T15:16:54.151Z,2025-12-14T15:16:54.151Z
22,0x000a,1.31023,0x00000000,2025-12-14T15:16:54.151Z,2025-12-14T15:16:54.151Z
21,0x000a,2.45045,0x00000000,2025-12-14T15:16:54.151Z,2025-12-14T15:16:54.151Z
8,0x0004,2018,0x00000000,2025-12-14T15:16:54.151Z,2025-12-14T15:16:54.151Z
7,0x0004,1465,0x00000000,2025-12-14T15:16:54.151Z,2025-12-14T15:16:54.151Z
6,0x0004,2737,0x00000000,2025-12-14T15:16:54.151Z,2025-12-14T15:16:54.151Z
39,0x000a,2.0978,0x00000000,2025-12-14T15:16:54.254Z,2025-12-14T15:16:54.254Z
38,0x000a,1.59867,0x00000000,2025-12-14T15:16:54.254Z,2025-12-14T15:16:54.254Z
37,0x000a,2.79948,0x00000000,2025-12-14T15:16:54.254Z,2025-12-14T15:16:54.254Z
36,0x000a,1.95039,0x00000000,2025-12-14T15:16:54.254Z,2025-12-14T15:16:54.254Z
35,0x000a,1.40562,0x00000000,2025-12-14T15:16:54.254Z,2025-12-14T15:16:54.254Z
34,0x000a,2.62496,0x00000000,2025-12-14T15:16:54.254Z,2025-12-14T15:16:54.254Z
26,0x000a,0.93967,0x00000000,2025-12-14T15:16:54.254Z,2025-12-14T15:16:54.254Z
25,0x000a,0.689742,0x00000000,2025-12-14T15:16:54.254Z,2025-12-14T15:16:54.254Z
24,0x000a,1.26989,0x00000000,2025-12-14T15:16:54.254Z,2025-12-14T15:16:54.254Z
23,0x000a,1.95039,0x00000000,2025-12-14T15:16:54.254Z,2025-12-14T15:16:54.254Z
22,0x000a,1.40562,0x00000000,2025-12-14T15:16:54.254Z,2025-12-14T15:16:54.254Z
21,0x000a,2.62496,0x00000000,2025-12-14T15:16:54.254Z,2025-12-14T15:16:54.254Z
8,0x0004,2598,0x00000000,2025-12-14T15:16:54.254Z,2025-12-14T15:16:54.254Z
7,0x0004,1907,0x00000000,2025-12-14T15:16:54.254Z,2025-12-14T15:16:54.254Z
6,0x0004,3511,0x00000000,2025-12-14T15:16:54.254Z,2025-12-14T15:16:54.254Z
39,0x000a,2.20269,0x00000000,2025-12-14T15:16:54.349Z,2025-12-14T15:16:54.349Z
38,0x000a,1.50101,0x00000000,2025-12-14T15:16:54.349Z,2025-12-14T15:16:54.349Z
37,0x000a,2.69821,0x00000000,2025-12-14T15:16:54.349Z,2025-12-14T15:16:54.349Z
36,0x000a,2.02409,0x00000000,2025-12-14T15:16:54.349Z,2025-12-14T15:16:54.349Z
35,0x000a,1.50215,0x00000000,2025-12-14T15:16:54.349Z,2025-12-14T15:16:54.349Z
34,0x000a,2.71222,0x00000000,2025-12-14T15:16:54.349Z,2025-12-14T15:16:54.349Z
26,0x000a,1.15994,0x00000000,2025-12-14T15:16:54.349Z,2025-12-14T15:16:54.349Z
25,0x000a,0.839844,0x00000000,2025-12-14T15:16:54.349Z,2025-12-14T15:16:54.349Z
24,0x000a,1.53971,0x00000000,2025-12-14T15:16:54.349Z,2025-12-14T15:16:54.349Z
23,0x000a,2.02409,0x00000000,2025-12-14T15:16:54.349Z,2025-12-14T15:16:54.349Z
22,0x000a,1.50215,0x00000000,2025-12-14T15:16:54.349Z,2025-12-14T15:16:54.349Z
21,0x000a,2.71222,0x00000000,2025-12-14T15:16:54.349Z,2025-12-14T15:16:54.349Z
8,0x0004,3207,0x00000000,2025-12-14T15:16:54.349Z,2025-12-14T15:16:54.349Z
7,0x0004,2322,0x00000000,2025-12-14T15:16:54.349Z,2025-12-14T15:16:54.349Z
6,0x0004,4257,0x00000000,2025-12-14T15:16:54.349Z,2025-12-14T15:16:54.349Z
39,0x000a,2.0978,0x00000000,2025-12-14T15:16:54.450Z,2025-12-14T15:16:54.450Z
38,0x000a,1.50101,0x00000000,2025-12-14T15:16:54.450Z,2025-12-14T15:16:54.450Z
37,0x000a,2.79948,0x00000000,2025-12-14T15:16:54.450Z,2025-12-14T15:16:54.450Z
36,0x000a,2.11339,0x00000000,2025-12-14T15:16:54.450Z,2025-12-14T15:16:54.450Z
35,0x000a,1.50158,0x00000000,2025-12-14T15:16:54.450Z,2025-12-14T15:16:54.450Z
34,0x000a,2.70521,0x00000000,2025-12-14T15:16:54.450Z,2025-12-14T15:16:54.450Z
26,0x000a,1.36972,0x00000000,2025-12-14T15:16:54.450Z,2025-12-14T15:16:54.450Z
25,0x000a,0.989945,0x00000000,2025-12-14T15:16:54.450Z,2025-12-14T15:16:54.450Z
24,0x000a,1.81966,0x00000000,2025-12-14T15:16:54.450Z,2025-12-14T15:16:54.450Z
23,0x000a,2.11339,0x00000000,2025-12-14T15:16:54.450Z,2025-12-14T15:16:54.450Z
22,0x000a,1.50158,0x00000000,2025-12-14T15:16:54.450Z,2025-12-14T15:16:54.450Z
21,0x000a,2.70521,0x00000000,2025-12-14T15:16:54.450Z,2025-12-14T15:16:54.450Z
8,0x0004,3787,0x00000000,2025-12-14T15:16:54.450Z,2025-12-14T15:16:54.450Z
7,0x0004,2737,0x00000000,2025-12-14T15:16:54.450Z,2025-12-14T15:16:54.450Z
6,0x0004,5031,0x00000000,2025-12-14T15:16:54.450Z,2025-12-14T15:16:54.450Z
39,0x000a,2.10142,0x00000000,2025-12-14T15:16:54.552Z,2025-12-14T15:16:54.552Z
38,0x000a,1.59867,0x00000000,2025-12-14T15:16:54.552Z,2025-12-14T15:16:54.552Z
37,0x000a,2.70182,0x00000000,2025-12-14T15:16:54.552Z,2025-12-14T15:16:54.552Z
36,0x000a,2.1056,0x00000000,2025-12-14T15:16:54.552Z,2025-12-14T15:16:54.552Z
35,0x000a,1.5013,0x00000000,2025-12-14T15:16:54.552Z,2025-12-14T15:16:54.552Z
34,0x000a,2.75235,0x00000000,2025-12-14T15:16:54.552Z,2025-12-14T15:16:54.552Z
26,0x000a,1.57986,0x00000000,2025-12-14T15:16:54.552Z,2025-12-14T15:16:54.552Z
25,0x000a,1.14981,0x00000000,2025-12-14T15:16:54.552Z,2025-12-14T15:16:54.552Z
24,0x000a,2.08984,0x00000000,2025-12-14T15:16:54.552Z,2025-12-14T15:16:54.552Z
23,0x000a,2.1056,0x00000000,2025-12-14T15:16:54.552Z,2025-12-14T15:16:54.552Z
22,0x000a,1.5013,0x00000000,2025-12-14T15:16:54.552Z,2025-12-14T15:16:54.552Z
21,0x000a,2.75235,0x00000000,2025-12-14T15:16:54.552Z,2025-12-14T15:16:54.552Z
8,0x0004,4368,0x00000000,2025-12-14T15:16:54.552Z,2025-12-14T15:16:54.552Z
7,0x0004,3179,0x00000000,2025-12-14T15:16:54.552Z,2025-12-14T15:16:54.552Z
6,0x0004,5778,0x00000000,2025-12-14T15:16:54.552Z,2025-12-14T15:16:54.552Z
39,0x000a,2.0978,0x00000000,2025-12-14T15:16:54.650Z,2025-12-14T15:16:54.650Z
38,0x000a,1.50101,0x00000000,2025-12-14T15:16:54.650Z,2025-12-14T15:16:54.650Z
37,0x000a,2.79948,0x00000000,2025-12-14T15:16:54.650Z,2025-12-14T15:16:54.650Z
36,0x000a,2.10351,0x00000000,2025-12-14T15:16:54.650Z,2025-12-14T15:16:54.650Z
35,0x000a,1.54998,0x00000000,2025-12-14T15:16:54.650Z,2025-12-14T15:16:54.650Z
34,0x000a,2.72708,0x00000000,2025-12-14T15:16:54.650Z,2025-12-14T15:16:54.650Z
26,0x000a,1.78964,0x00000000,2025-12-14T15:16:54.650Z,2025-12-14T15:16:54.650Z
25,0x000a,1.29991,0x00000000,2025-12-14T15:16:54.650Z,2025-12-14T15:16:54.650Z
24,0x000a,2.36979,0x00000000,2025-12-14T15:16:54.650Z,2025-12-14T15:16:54.650Z
23,0x000a,2.10351,0x00000000,2025-12-14T15:16:54.650Z,2025-12-14T15:16:54.650Z
22,0x000a,1.54998,0x00000000,2025-12-14T15:16:54.650Z,2025-12-14T15:16:54.650Z
21,0x000a,2.72708,0x00000000,2025-12-14T15:16:54.650Z,2025-12-14T15:16:54.650Z
8,0x0004,4948,0x00000000,2025-12-14T15:16:54.650Z,2025-12-14T15:16:54.650Z
7,0x0004,3594,0x00000000,2025-12-14T15:16:54.650Z,2025-12-14T15:16:54.650Z
6,0x0004,6552,0x00000000,2025-12-14T15:16:54.650Z,2025-12-14T15:16:54.650Z
36,0x000a,2.10065,0x00000000,2025-12-14T15:16:54.750Z,2025-12-14T15:16:54.750Z
35,0x000a,1.5255,0x00000000,2025-12-14T15:16:54.750Z,2025-12-14T15:16:54.750Z
34,0x000a,2.76328,0x00000000,2025-12-14T15:16:54.750Z,2025-12-14T15:16:54.750Z
26,0x000a,2.00991,0x00000000,2025-12-14T15:16:54.750Z,2025-12-14T15:16:54.750Z
25,0x000a,1.44965,0x00000000,2025-12-14T15:16:54.750Z,2025-12-14T15:16:54.750Z
24,0x000a,2.63997,0x00000000,2025-12-14T15:16:54.750Z,2025-12-14T15:16:54.750Z
23,0x000a,2.10065,0x00000000,2025-12-14T15:16:54.750Z,2025-12-14T15:16:54.750Z
22,0x000a,1.5255,0x00000000,2025-12-14T15:16:54.750Z,2025-12-14T15:16:54.750Z
21,0x000a,2.76328,0x00000000,2025-12-14T15:16:54.750Z,2025-12-14T15:16:54.750Z
8,0x0004,5557,0x00000000,2025-12-14T15:16:54.750Z,2025-12-14T15:16:54.750Z
7,0x0004,4008,0x00000000,2025-12-14T15:16:54.750Z,2025-12-14T15:16:54.750Z
6,0x0004,7299,0x00000000,2025-12-14T15:16:54.750Z,2025-12-14T15:16:54.750Z
39,0x000a,2.20269,0x00000000,2025-12-14T15:16:54.854Z,2025-12-14T15:16:54.854Z
38,0x000a,1.4974,0x00000000,2025-12-14T15:16:54.854Z,2025-12-14T15:16:54.854Z
37,0x000a,2.70182,0x00000000,2025-12-14T15:16:54.854Z,2025-12-14T15:16:54.854Z
36,0x000a,2.15167,0x00000000,2025-12-14T15:16:54.854Z,2025-12-14T15:16:54.854Z
35,0x000a,1.51145,0x00000000,2025-12-14T15:16:54.854Z,2025-12-14T15:16:54.854Z
34,0x000a,2.73255,0x00000000,2025-12-14T15:16:54.854Z,2025-12-14T15:16:54.854Z
26,0x000a,2.25984,0x00000000,2025-12-14T15:16:54.854Z,2025-12-14T15:16:54.854Z
25,0x000a,1.6399,0x00000000,2025-12-14T15:16:54.854Z,2025-12-14T15:16:54.854Z
24,0x000a,2.97996,0x00000000,2025-12-14T15:16:54.854Z,2025-12-14T15:16:54.854Z
23,0x000a,2.15167,0x00000000,2025-12-14T15:16:54.854Z,2025-12-14T15:16:54.854Z
22,0x000a,1.51145,0x00000000,2025-12-14T15:16:54.854Z,2025-12-14T15:16:54.854Z
21,0x000a,2.73255,0x00000000,2025-12-14T15:16:54.854Z,2025-12-14T15:16:54.854Z
8,0x0004,6248,0x00000000,2025-12-14T15:16:54.854Z,2025-12-14T15:16:54.854Z
7,0x0004,4534,0x00000000,2025-12-14T15:16:54.854Z,2025-12-14T15:16:54.854Z
6,0x0004,8239,0x00000000,2025-12-14T15:16:54.854Z,2025-12-14T15:16:54.854Z
39,0x000a,2.49928,0x00000000,2025-12-14T15:16:54.949Z,2025-12-14T15:16:54.949Z
38,0x000a,1.90249,0x00000000,2025-12-14T15:16:54.949Z,2025-12-14T15:16:54.949Z
37,0x000a,3.39988,0x00000000,2025-12-14T15:16:54.949Z,2025-12-14T15:16:54.949Z
26,0x000a,2.47975,0x00000000,2025-12-14T15:16:54.949Z,2025-12-14T15:16:54.949Z
25,0x000a,1.78964,0x00000000,2025-12-14T15:16:54.949Z,2025-12-14T15:16:54.949Z
24,0x000a,3.24978,0x00000000,2025-12-14T15:16:54.949Z,2025-12-14T15:16:54.949Z
8,0x0004,6856,0x00000000,2025-12-14T15:16:54.949Z,2025-12-14T15:16:54.949Z
7,0x0004,4948,0x00000000,2025-12-14T15:16:54.949Z,2025-12-14T15:16:54.949Z
6,0x0004,8985,0x00000000,2025-12-14T15:16:54.949Z,2025-12-14T15:16:54.949Z
39,0x000a,4.30049,0x00000000,2025-12-14T15:16:55.050Z,2025-12-14T15:16:55.050Z
38,0x000a,3.09968,0x00000000,2025-12-14T15:16:55.050Z,2025-12-14T15:16:55.050Z
37,0x000a,5.49768,0x00000000,2025-12-14T15:16:55.050Z,2025-12-14T15:16:55.050Z
36,0x000a,2.32547,0x00000000,2025-12-14T15:16:55.050Z,2025-12-14T15:16:55.050Z
35,0x000a,1.70697,0x00000000,2025-12-14T15:16:55.050Z,2025-12-14T15:16:55.050Z
34,0x000a,3.06622,0x00000000,2025-12-14T15:16:55.050Z,2025-12-14T15:16:55.050Z
26,0x000a,2.68989,0x00000000,2025-12-14T15:16:55.050Z,2025-12-14T15:16:55.050Z
25,0x000a,1.94987,0x00000000,2025-12-14T15:16:55.050Z,2025-12-14T15:16:55.050Z
24,0x000a,3.52973,0x00000000,2025-12-14T15:16:55.050Z,2025-12-14T15:16:55.050Z
23,0x000a,2.32547,0x00000000,2025-12-14T15:16:55.050Z,2025-12-14T15:16:55.050Z
22,0x000a,1.70697,0x00000000,2025-12-14T15:16:55.050Z,2025-12-14T15:16:55.050Z
21,0x000a,3.06622,0x00000000,2025-12-14T15:16:55.050Z,2025-12-14T15:16:55.050Z
8,0x0004,7437,0x00000000,2025-12-14T15:16:55.050Z,2025-12-14T15:16:55.050Z
7,0x0004,5391,0x00000000,2025-12-14T15:16:55.050Z,2025-12-14T15:16:55.050Z
6,0x0004,9759,0x00000000,2025-12-14T15:16:55.050Z,2025-12-14T15:16:55.050Z
39,0x000a,2.0978,0x00000000,2025-12-14T15:16:55.151Z,2025-12-14T15:16:55.151Z
38,0x000a,1.50101,0x00000000,2025-12-14T15:16:55.151Z,2025-12-14T15:16:55.151Z
37,0x000a,2.70182,0x00000000,2025-12-14T15:16:55.151Z,2025-12-14T15:16:55.151Z
36,0x000a,3.31298,0x00000000,2025-12-14T15:16:55.151Z,2025-12-14T15:16:55.151Z
35,0x000a,2.40332,0x00000000,2025-12-14T15:16:55.151Z,2025-12-14T15:16:55.151Z
34,0x000a,4.28195,0x00000000,2025-12-14T15:16:55.151Z,2025-12-14T15:16:55.151Z
26,0x000a,2.89967,0x00000000,2025-12-14T15:16:55.151Z,2025-12-14T15:16:55.151Z
25,0x000a,2.09997,0x00000000,2025-12-14T15:16:55.151Z,2025-12-14T15:16:55.151Z
24,0x000a,3.79991,0x00000000,2025-12-14T15:16:55.151Z,2025-12-14T15:16:55.151Z
23,0x000a,3.31298,0x00000000,2025-12-14T15:16:55.151Z,2025-12-14T15:16:55.151Z
22,0x000a,2.40332,0x00000000,2025-12-14T15:16:55.151Z,2025-12-14T15:16:55.151Z
21,0x000a,4.28195,0x00000000,2025-12-14T15:16:55.151Z,2025-12-14T15:16:55.151Z
8,0x0004,8017,0x00000000,2025-12-14T15:16:55.151Z,2025-12-14T15:16:55.151Z
7,0x0004,5806,0x00000000,2025-12-14T15:16:55.151Z,2025-12-14T15:16:55.151Z
6,0x0004,10506,0x00000000,2025-12-14T15:16:55.151Z,2025-12-14T15:16:55.151Z
39,0x000a,2.20269,0x00000000,2025-12-14T15:16:55.252Z,2025-12-14T15:16:55.252Z
38,0x000a,1.4974,0x00000000,2025-12-14T15:16:55.252Z,2025-12-14T15:16:55.252Z
37,0x000a,2.79948,0x00000000,2025-12-14T15:16:55.252Z,2025-12-14T15:16:55.252Z
36,0x000a,2.70539,0x00000000,2025-12-14T15:16:55.252Z,2025-12-14T15:16:55.252Z
35,0x000a,1.95217,0x00000000,2025-12-14T15:16:55.252Z,2025-12-14T15:16:55.252Z
34,0x000a,3.49189,0x00000000,2025-12-14T15:16:55.252Z,2025-12-14T15:16:55.252Z
26,0x000a,3.11994,0x00000000,2025-12-14T15:16:55.252Z,2025-12-14T15:16:55.252Z
25,0x000a,2.24971,0x00000000,2025-12-14T15:16:55.252Z,2025-12-14T15:16:55.252Z
24,0x000a,4.07986,0x00000000,2025-12-14T15:16:55.252Z,2025-12-14T15:16:55.252Z
23,0x000a,2.70539,0x00000000,2025-12-14T15:16:55.252Z,2025-12-14T15:16:55.252Z
22,0x000a,1.95217,0x00000000,2025-12-14T15:16:55.252Z,2025-12-14T15:16:55.252Z
21,0x000a,3.49189,0x00000000,2025-12-14T15:16:55.252Z,2025-12-14T15:16:55.252Z
8,0x0004,8626,0x00000000,2025-12-14T15:16:55.252Z,2025-12-14T15:16:55.252Z
7,0x0004,6220,0x00000000,2025-12-14T15:16:55.252Z,2025-12-14T15:16:55.252Z
6,0x0004,11280,0x00000000,2025-12-14T15:16:55.252Z,2025-12-14T15:16:55.252Z
39,0x000a,2.0978,0x00000000,2025-12-14T15:16:55.351Z,2025-12-14T15:16:55.351Z
38,0x000a,1.60229,0x00000000,2025-12-14T15:16:55.351Z,2025-12-14T15:16:55.351Z
37,0x000a,2.79948,0x00000000,2025-12-14T15:16:55.351Z,2025-12-14T15:16:55.351Z
36,0x000a,2.45404,0x00000000,2025-12-14T15:16:55.351Z,2025-12-14T15:16:55.351Z
35,0x000a,1.72478,0x00000000,2025-12-14T15:16:55.351Z,2025-12-14T15:16:55.351Z
34,0x000a,3.14568,0x00000000,2025-12-14T15:16:55.351Z,2025-12-14T15:16:55.351Z
26,0x000a,3.32972,0x00000000,2025-12-14T15:16:55.351Z,2025-12-14T15:16:55.351Z
25,0x000a,2.40994,0x00000000,2025-12-14T15:16:55.351Z,2025-12-14T15:16:55.351Z
24,0x000a,4.35981,0x00000000,2025-12-14T15:16:55.351Z,2025-12-14T15:16:55.351Z
23,0x000a,2.45404,0x00000000,2025-12-14T15:16:55.351Z,2025-12-14T15:16:55.351Z
22,0x000a,1.72478,0x00000000,2025-12-14T15:16:55.351Z,2025-12-14T15:16:55.351Z
21,0x000a,3.14568,0x00000000,2025-12-14T15:16:55.351Z,2025-12-14T15:16:55.351Z
8,0x0004,9206,0x00000000,2025-12-14T15:16:55.351Z,2025-12-14T15:16:55.351Z
7,0x0004,6663,0x00000000,2025-12-14T15:16:55.351Z,2025-12-14T15:16:55.351Z
6,0x0004,12054,0x00000000,2025-12-14T15:16:55.351Z,2025-12-14T15:16:55.351Z
39,0x000a,2.60055,0x00000000,2025-12-14T15:16:55.450Z,2025-12-14T15:16:55.450Z
38,0x000a,1.7976,0x00000000,2025-12-14T15:16:55.450Z,2025-12-14T15:16:55.450Z
37,0x000a,3.29861,0x00000000,2025-12-14T15:16:55.450Z,2025-12-14T15:16:55.450Z
36,0x000a,2.27592,0x00000000,2025-12-14T15:16:55.450Z,2025-12-14T15:16:55.450Z
35,0x000a,1.66353,0x00000000,2025-12-14T15:16:55.450Z,2025-12-14T15:16:55.450Z
34,0x000a,2.97258,0x00000000,2025-12-14T15:16:55.450Z,2025-12-14T15:16:55.450Z
26,0x000a,3.58977,0x00000000,2025-12-14T15:16:55.450Z,2025-12-14T15:16:55.450Z
25,0x000a,2.5897,0x00000000,2025-12-14T15:16:55.450Z,2025-12-14T15:16:55.450Z
24,0x000a,4.68967,0x00000000,2025-12-14T15:16:55.450Z,2025-12-14T15:16:55.450Z
23,0x000a,2.27592,0x00000000,2025-12-14T15:16:55.450Z,2025-12-14T15:16:55.450Z
22,0x000a,1.66353,0x00000000,2025-12-14T15:16:55.450Z,2025-12-14T15:16:55.450Z
21,0x000a,2.97258,0x00000000,2025-12-14T15:16:55.450Z,2025-12-14T15:16:55.450Z
8,0x0004,9925,0x00000000,2025-12-14T15:16:55.450Z,2025-12-14T15:16:55.450Z
7,0x0004,7160,0x00000000,2025-12-14T15:16:55.450Z,2025-12-14T15:16:55.450Z
6,0x0004,12966,0x00000000,2025-12-14T15:16:55.450Z,2025-12-14T15:16:55.450Z
39,0x000a,1.69994,0x00000000,2025-12-14T15:16:55.550Z,2025-12-14T15:16:55.550Z
38,0x000a,1.20081,0x00000000,2025-12-14T15:16:55.550Z,2025-12-14T15:16:55.550Z
37,0x000a,2.20269,0x00000000,2025-12-14T15:16:55.550Z,2025-12-14T15:16:55.550Z
36,0x000a,2.43823,0x00000000,2025-12-14T15:16:55.550Z,2025-12-14T15:16:55.550Z
35,0x000a,1.73057,0x00000000,2025-12-14T15:16:55.550Z,2025-12-14T15:16:55.550Z
34,0x000a,3.1356,0x00000000,2025-12-14T15:16:55.550Z,2025-12-14T15:16:55.550Z
26,0x000a,3.75977,0x00000000,2025-12-14T15:16:55.550Z,2025-12-14T15:16:55.550Z
25,0x000a,2.70978,0x00000000,2025-12-14T15:16:55.550Z,2025-12-14T15:16:55.550Z
24,0x000a,4.90994,0x00000000,2025-12-14T15:16:55.550Z,2025-12-14T15:16:55.550Z
23,0x000a,2.43823,0x00000000,2025-12-14T15:16:55.550Z,2025-12-14T15:16:55.550Z
22,0x000a,1.73057,0x00000000,2025-12-14T15:16:55.550Z,2025-12-14T15:16:55.550Z
21,0x000a,3.1356,0x00000000,2025-12-14T15:16:55.550Z,2025-12-14T15:16:55.550Z
8,0x0004,10395,0x00000000,2025-12-14T15:16:55.550Z,2025-12-14T15:16:55.550Z
7,0x0004,7492,0x00000000,2025-12-14T15:16:55.550Z,2025-12-14T15:16:55.550Z
6,0x0004,13575,0x00000000,2025-12-14T15:16:55.550Z,2025-12-14T15:16:55.550Z
36,0x000a,2.06909,0x00000000,2025-12-14T15:16:55.652Z,2025-12-14T15:16:55.652Z
35,0x000a,1.46569,0x00000000,2025-12-14T15:16:55.652Z,2025-12-14T15:16:55.652Z
34,0x000a,2.66914,0x00000000,2025-12-14T15:16:55.652Z,2025-12-14T15:16:55.652Z
26,0x000a,4.00969,0x00000000,2025-12-14T15:16:55.652Z,2025-12-14T15:16:55.652Z
25,0x000a,2.89967,0x00000000,2025-12-14T15:16:55.652Z,2025-12-14T15:16:55.652Z
24,0x000a,5.2398,0x00000000,2025-12-14T15:16:55.652Z,2025-12-14T15:16:55.652Z
23,0x000a,2.06909,0x00000000,2025-12-14T15:16:55.652Z,2025-12-14T15:16:55.652Z
22,0x000a,1.46569,0x00000000,2025-12-14T15:16:55.652Z,2025-12-14T15:16:55.652Z
21,0x000a,2.66914,0x00000000,2025-12-14T15:16:55.652Z,2025-12-14T15:16:55.652Z
8,0x0004,11086,0x00000000,2025-12-14T15:16:55.652Z,2025-12-14T15:16:55.652Z
7,0x0004,8017,0x00000000,2025-12-14T15:16:55.652Z,2025-12-14T15:16:55.652Z
6,0x0004,14487,0x00000000,2025-12-14T15:16:55.652Z,2025-12-14T15:16:55.652Z
39,0x000a,2.49928,0x00000000,2025-12-14T15:16:55.750Z,2025-12-14T15:16:55.750Z
38,0x000a,1.89887,0x00000000,2025-12-14T15:16:55.750Z,2025-12-14T15:16:55.750Z
37,0x000a,3.29861,0x00000000,2025-12-14T15:16:55.750Z,2025-12-14T15:16:55.750Z
26,0x000a,4.26975,0x00000000,2025-12-14T15:16:55.750Z,2025-12-14T15:16:55.750Z
25,0x000a,3.07979,0x00000000,2025-12-14T15:16:55.750Z,2025-12-14T15:16:55.750Z
24,0x000a,5.56966,0x00000000,2025-12-14T15:16:55.750Z,2025-12-14T15:16:55.750Z
8,0x0004,11805,0x00000000,2025-12-14T15:16:55.750Z,2025-12-14T15:16:55.750Z
7,0x0004,8515,0x00000000,2025-12-14T15:16:55.750Z,2025-12-14T15:16:55.750Z
6,0x0004,15399,0x00000000,2025-12-14T15:16:55.750Z,2025-12-14T15:16:55.750Z
39,0x000a,2.60055,0x00000000,2025-12-14T15:16:55.852Z,2025-12-14T15:16:55.852Z
39,0x000a,2.10142,0x00000000,2025-12-14T15:16:55.950Z,2025-12-14T15:16:55.950Z
38,0x000a,1.80121,0x00000000,2025-12-14T15:16:55.852Z,2025-12-14T15:16:55.852Z
38,0x000a,1.50101,0x00000000,2025-12-14T15:16:55.950Z,2025-12-14T15:16:55.950Z
37,0x000a,3.29861,0x00000000,2025-12-14T15:16:55.852Z,2025-12-14T15:16:55.852Z
37,0x000a,2.70183,0x00000000,2025-12-14T15:16:55.950Z,2025-12-14T15:16:55.950Z
36,0x000a,2.28418,0x00000000,2025-12-14T15:16:55.852Z,2025-12-14T15:16:55.852Z
36,0x000a,2.44237,0x00000000,2025-12-14T15:16:55.950Z,2025-12-14T15:16:55.950Z
35,0x000a,1.68228,0x00000000,2025-12-14T15:16:55.852Z,2025-12-14T15:16:55.852Z
35,0x000a,1.74175,0x00000000,2025-12-14T15:16:55.950Z,2025-12-14T15:16:55.950Z
34,0x000a,2.98388,0x00000000,2025-12-14T15:16:55.852Z,2025-12-14T15:16:55.852Z
34,0x000a,3.14124,0x00000000,2025-12-14T15:16:55.950Z,2025-12-14T15:16:55.950Z
26,0x000a,4.47989,0x00000000,2025-12-14T15:16:55.852Z,2025-12-14T15:16:55.852Z
26,0x000a,4.68967,0x00000000,2025-12-14T15:16:55.950Z,2025-12-14T15:16:55.950Z
25,0x000a,3.22989,0x00000000,2025-12-14T15:16:55.852Z,2025-12-14T15:16:55.852Z
25,0x000a,3.38976,0x00000000,2025-12-14T15:16:55.950Z,2025-12-14T15:16:55.950Z
24,0x000a,5.83984,0x00000000,2025-12-14T15:16:55.852Z,2025-12-14T15:16:55.852Z
24,0x000a,6.11979,0x00000000,2025-12-14T15:16:55.950Z,2025-12-14T15:16:55.950Z
23,0x000a,2.28418,0x00000000,2025-12-14T15:16:55.852Z,2025-12-14T15:16:55.852Z
23,0x000a,2.44237,0x00000000,2025-12-14T15:16:55.950Z,2025-12-14T15:16:55.950Z
22,0x000a,1.68228,0x00000000,2025-12-14T15:16:55.852Z,2025-12-14T15:16:55.852Z
22,0x000a,1.74175,0x00000000,2025-12-14T15:16:55.950Z,2025-12-14T15:16:55.950Z
21,0x000a,2.98388,0x00000000,2025-12-14T15:16:55.852Z,2025-12-14T15:16:55.852Z
21,0x000a,3.14124,0x00000000,2025-12-14T15:16:55.950Z,2025-12-14T15:16:55.950Z
8,0x0004,12386,0x00000000,2025-12-14T15:16:55.852Z,2025-12-14T15:16:55.852Z
8,0x0004,12966,0x00000000,2025-12-14T15:16:55.950Z,2025-12-14T15:16:55.950Z
7,0x0004,8930,0x00000000,2025-12-14T15:16:55.852Z,2025-12-14T15:16:55.852Z
7,0x0004,9372,0x00000000,2025-12-14T15:16:55.950Z,2025-12-14T15:16:55.950Z
6,0x0004,16146,0x00000000,2025-12-14T15:16:55.852Z,2025-12-14T15:16:55.852Z
6,0x0004,16920,0x00000000,2025-12-14T15:16:55.950Z,2025-12-14T15:16:55.950Z
39,0x000a,2.0978,0x00000000,2025-12-14T15:16:56.051Z,2025-12-14T15:16:56.051Z
38,0x000a,1.59867,0x00000000,2025-12-14T15:16:56.051Z,2025-12-14T15:16:56.051Z
37,0x000a,2.79948,0x00000000,2025-12-14T15:16:56.051Z,2025-12-14T15:16:56.051Z
36,0x000a,2.27189,0x00000000,2025-12-14T15:16:56.051Z,2025-12-14T15:16:56.051Z
35,0x000a,1.62138,0x00000000,2025-12-14T15:16:56.051Z,2025-12-14T15:16:56.051Z
34,0x000a,2.92153,0x00000000,2025-12-14T15:16:56.051Z,2025-12-14T15:16:56.051Z
26,0x000a,4.90994,0x00000000,2025-12-14T15:16:56.051Z,2025-12-14T15:16:56.051Z
25,0x000a,3.53986,0x00000000,2025-12-14T15:16:56.051Z,2025-12-14T15:16:56.051Z
24,0x000a,6.39974,0x00000000,2025-12-14T15:16:56.051Z,2025-12-14T15:16:56.051Z
23,0x000a,2.27189,0x00000000,2025-12-14T15:16:56.051Z,2025-12-14T15:16:56.051Z
22,0x000a,1.62138,0x00000000,2025-12-14T15:16:56.051Z,2025-12-14T15:16:56.051Z
21,0x000a,2.92153,0x00000000,2025-12-14T15:16:56.051Z,2025-12-14T15:16:56.051Z
8,0x0004,13575,0x00000000,2025-12-14T15:16:56.051Z,2025-12-14T15:16:56.051Z
7,0x0004,9787,0x00000000,2025-12-14T15:16:56.051Z,2025-12-14T15:16:56.051Z
6,0x0004,17694,0x00000000,2025-12-14T15:16:56.051Z,2025-12-14T15:16:56.051Z
39,0x000a,4.30049,0x00000000,2025-12-14T15:16:56.150Z,2025-12-14T15:16:56.150Z
38,0x000a,3.00203,0x00000000,2025-12-14T15:16:56.150Z,2025-12-14T15:16:56.150Z
37,0x000a,5.5013,0x00000000,2025-12-14T15:16:56.150Z,2025-12-14T15:16:56.150Z
36,0x000a,2.18485,0x00000000,2025-12-14T15:16:56.150Z,2025-12-14T15:16:56.150Z
35,0x000a,1.61002,0x00000000,2025-12-14T15:16:56.150Z,2025-12-14T15:16:56.150Z
34,0x000a,2.86051,0x00000000,2025-12-14T15:16:56.150Z,2025-12-14T15:16:56.150Z
26,0x000a,5.11972,0x00000000,2025-12-14T15:16:56.150Z,2025-12-14T15:16:56.150Z
25,0x000a,3.68996,0x00000000,2025-12-14T15:16:56.150Z,2025-12-14T15:16:56.150Z
24,0x000a,6.66992,0x00000000,2025-12-14T15:16:56.150Z,2025-12-14T15:16:56.150Z
23,0x000a,2.18485,0x00000000,2025-12-14T15:16:56.150Z,2025-12-14T15:16:56.150Z
22,0x000a,1.61002,0x00000000,2025-12-14T15:16:56.150Z,2025-12-14T15:16:56.150Z
21,0x000a,2.86051,0x00000000,2025-12-14T15:16:56.150Z,2025-12-14T15:16:56.150Z
8,0x0004,14155,0x00000000,2025-12-14T15:16:56.150Z,2025-12-14T15:16:56.150Z
7,0x0004,10202,0x00000000,2025-12-14T15:16:56.150Z,2025-12-14T15:16:56.150Z
6,0x0004,18441,0x00000000,2025-12-14T15:16:56.150Z,2025-12-14T15:16:56.150Z
39,0x000a,2.10142,0x00000000,2025-12-14T15:16:56.253Z,2025-12-14T15:16:56.253Z
38,0x000a,1.59867,0x00000000,2025-12-14T15:16:56.253Z,2025-12-14T15:16:56.253Z
37,0x000a,2.79948,0x00000000,2025-12-14T15:16:56.253Z,2025-12-14T15:16:56.253Z
36,0x000a,3.24267,0x00000000,2025-12-14T15:16:56.253Z,2025-12-14T15:16:56.253Z
35,0x000a,2.30603,0x00000000,2025-12-14T15:16:56.253Z,2025-12-14T15:16:56.253Z
34,0x000a,4.1809,0x00000000,2025-12-14T15:16:56.253Z,2025-12-14T15:16:56.253Z
26,0x000a,5.32986,0x00000000,2025-12-14T15:16:56.253Z,2025-12-14T15:16:56.253Z
25,0x000a,3.84983,0x00000000,2025-12-14T15:16:56.253Z,2025-12-14T15:16:56.253Z
24,0x000a,6.94987,0x00000000,2025-12-14T15:16:56.253Z,2025-12-14T15:16:56.253Z
23,0x000a,3.24267,0x00000000,2025-12-14T15:16:56.253Z,2025-12-14T15:16:56.253Z
22,0x000a,2.30603,0x00000000,2025-12-14T15:16:56.253Z,2025-12-14T15:16:56.253Z
21,0x000a,4.1809,0x00000000,2025-12-14T15:16:56.253Z,2025-12-14T15:16:56.253Z
8,0x0004,14736,0x00000000,2025-12-14T15:16:56.253Z,2025-12-14T15:16:56.253Z
7,0x0004,10644,0x00000000,2025-12-14T15:16:56.253Z,2025-12-14T15:16:56.253Z
6,0x0004,19215,0x00000000,2025-12-14T15:16:56.253Z,2025-12-14T15:16:56.253Z
39,0x000a,2.19907,0x00000000,2025-12-14T15:16:56.352Z,2025-12-14T15:16:56.352Z
38,0x000a,1.50101,0x00000000,2025-12-14T15:16:56.352Z,2025-12-14T15:16:56.352Z
37,0x000a,2.69821,0x00000000,2025-12-14T15:16:56.352Z,2025-12-14T15:16:56.352Z
36,0x000a,2.67204,0x00000000,2025-12-14T15:16:56.352Z,2025-12-14T15:16:56.352Z
35,0x000a,1.95235,0x00000000,2025-12-14T15:16:56.352Z,2025-12-14T15:16:56.352Z
34,0x000a,3.49019,0x00000000,2025-12-14T15:16:56.352Z,2025-12-14T15:16:56.352Z
26,0x000a,5.54977,0x00000000,2025-12-14T15:16:56.352Z,2025-12-14T15:16:56.352Z
25,0x000a,3.99993,0x00000000,2025-12-14T15:16:56.352Z,2025-12-14T15:16:56.352Z
24,0x000a,7.21969,0x00000000,2025-12-14T15:16:56.352Z,2025-12-14T15:16:56.352Z
23,0x000a,2.67204,0x00000000,2025-12-14T15:16:56.352Z,2025-12-14T15:16:56.352Z
22,0x000a,1.95235,0x00000000,2025-12-14T15:16:56.352Z,2025-12-14T15:16:56.352Z
21,0x000a,3.49019,0x00000000,2025-12-14T15:16:56.352Z,2025-12-14T15:16:56.352Z
8,0x0004,15344,0x00000000,2025-12-14T15:16:56.352Z,2025-12-14T15:16:56.352Z
7,0x0004,11059,0x00000000,2025-12-14T15:16:56.352Z,2025-12-14T15:16:56.352Z
6,0x0004,19961,0x00000000,2025-12-14T15:16:56.352Z,2025-12-14T15:16:56.352Z
36,0x000a,2.43556,0x00000000,2025-12-14T15:16:56.450Z,2025-12-14T15:16:56.450Z
35,0x000a,1.72668,0x00000000,2025-12-14T15:16:56.450Z,2025-12-14T15:16:56.450Z
34,0x000a,3.0942,0x00000000,2025-12-14T15:16:56.450Z,2025-12-14T15:16:56.450Z
26,0x000a,5.75991,0x00000000,2025-12-14T15:16:56.450Z,2025-12-14T15:16:56.450Z
25,0x000a,4.14967,0x00000000,2025-12-14T15:16:56.450Z,2025-12-14T15:16:56.450Z
24,0x000a,7.5,0x00000000,2025-12-14T15:16:56.450Z,2025-12-14T15:16:56.450Z
23,0x000a,2.43556,0x00000000,2025-12-14T15:16:56.450Z,2025-12-14T15:16:56.450Z
22,0x000a,1.72668,0x00000000,2025-12-14T15:16:56.450Z,2025-12-14T15:16:56.450Z
21,0x000a,3.0942,0x00000000,2025-12-14T15:16:56.450Z,2025-12-14T15:16:56.450Z
8,0x0004,15925,0x00000000,2025-12-14T15:16:56.450Z,2025-12-14T15:16:56.450Z
7,0x0004,11473,0x00000000,2025-12-14T15:16:56.450Z,2025-12-14T15:16:56.450Z
6,0x0004,20736,0x00000000,2025-12-14T15:16:56.450Z,2025-12-14T15:16:56.450Z
39,0x000a,2.10142,0x00000000,2025-12-14T15:16:56.551Z,2025-12-14T15:16:56.551Z
38,0x000a,1.4974,0x00000000,2025-12-14T15:16:56.551Z,2025-12-14T15:16:56.551Z
37,0x000a,2.8031,0x00000000,2025-12-14T15:16:56.551Z,2025-12-14T15:16:56.551Z
36,0x000a,2.26849,0x00000000,2025-12-14T15:16:56.551Z,2025-12-14T15:16:56.551Z
35,0x000a,1.61204,0x00000000,2025-12-14T15:16:56.551Z,2025-12-14T15:16:56.551Z
34,0x000a,2.94865,0x00000000,2025-12-14T15:16:56.551Z,2025-12-14T15:16:56.551Z
26,0x000a,5.96969,0x00000000,2025-12-14T15:16:56.551Z,2025-12-14T15:16:56.551Z
25,0x000a,4.3099,0x00000000,2025-12-14T15:16:56.551Z,2025-12-14T15:16:56.551Z
24,0x000a,7.77995,0x00000000,2025-12-14T15:16:56.551Z,2025-12-14T15:16:56.551Z
23,0x000a,2.26849,0x00000000,2025-12-14T15:16:56.551Z,2025-12-14T15:16:56.551Z
22,0x000a,1.61204,0x00000000,2025-12-14T15:16:56.551Z,2025-12-14T15:16:56.551Z
21,0x000a,2.94865,0x00000000,2025-12-14T15:16:56.551Z,2025-12-14T15:16:56.551Z
13,0x0001,false,0x00000000,2025-12-14T15:16:56.551Z,2025-12-14T15:16:56.551Z
8,0x0004,16505,0x00000000,2025-12-14T15:16:56.551Z,2025-12-14T15:16:56.551Z
7,0x0004,11916,0x00000000,2025-12-14T15:16:56.551Z,2025-12-14T15:16:56.551Z
6,0x0004,21510,0x00000000,2025-12-14T15:16:56.551Z,2025-12-14T15:16:56.551Z
39,0x000a,2.0978,0x00000000,2025-12-14T15:16:56.650Z,2025-12-14T15:16:56.650Z
38,0x000a,1.60229,0x00000000,2025-12-14T15:16:56.650Z,2025-12-14T15:16:56.650Z
37,0x000a,2.79948,0x00000000,2025-12-14T15:16:56.650Z,2025-12-14T15:16:56.650Z
26,0x000a,6.22975,0x00000000,2025-12-14T15:16:56.650Z,2025-12-14T15:16:56.650Z
25,0x000a,4.48966,0x00000000,2025-12-14T15:16:56.650Z,2025-12-14T15:16:56.650Z
24,0x000a,8.10981,0x00000000,2025-12-14T15:16:56.650Z,2025-12-14T15:16:56.650Z
8,0x0004,17224,0x00000000,2025-12-14T15:16:56.650Z,2025-12-14T15:16:56.650Z
7,0x0004,12413,0x00000000,2025-12-14T15:16:56.650Z,2025-12-14T15:16:56.650Z
6,0x0004,22422,0x00000000,2025-12-14T15:16:56.650Z,2025-12-14T15:16:56.650Z
39,0x000a,2.60055,0x00000000,2025-12-14T15:16:56.750Z,2025-12-14T15:16:56.750Z
38,0x000a,1.7976,0x00000000,2025-12-14T15:16:56.750Z,2025-12-14T15:16:56.750Z
37,0x000a,3.29861,0x00000000,2025-12-14T15:16:56.750Z,2025-12-14T15:16:56.750Z
36,0x000a,2.18315,0x00000000,2025-12-14T15:16:56.750Z,2025-12-14T15:16:56.750Z
35,0x000a,1.60716,0x00000000,2025-12-14T15:16:56.750Z,2025-12-14T15:16:56.750Z
34,0x000a,2.87406,0x00000000,2025-12-14T15:16:56.750Z,2025-12-14T15:16:56.750Z
26,0x000a,6.43989,0x00000000,2025-12-14T15:16:56.750Z,2025-12-14T15:16:56.750Z
25,0x000a,4.63976,0x00000000,2025-12-14T15:16:56.750Z,2025-12-14T15:16:56.750Z
24,0x000a,8.21976,0x00000000,2025-12-14T15:16:56.750Z,2025-12-14T15:16:56.750Z
23,0x000a,2.18315,0x00000000,2025-12-14T15:16:56.750Z,2025-12-14T15:16:56.750Z
22,0x000a,1.60716,0x00000000,2025-12-14T15:16:56.750Z,2025-12-14T15:16:56.750Z
21,0x000a,2.87406,0x00000000,2025-12-14T15:16:56.750Z,2025-12-14T15:16:56.750Z
8,0x0004,17805,0x00000000,2025-12-14T15:16:56.750Z,2025-12-14T15:16:56.750Z
7,0x0004,12828,0x00000000,2025-12-14T15:16:56.750Z,2025-12-14T15:16:56.750Z
6,0x0004,22726,0x00000000,2025-12-14T15:16:56.750Z,2025-12-14T15:16:56.750Z
39,0x000a,2.10142,0x00000000,2025-12-14T15:16:56.850Z,2025-12-14T15:16:56.850Z
38,0x000a,1.50101,0x00000000,2025-12-14T15:16:56.850Z,2025-12-14T15:16:56.850Z
37,0x000a,1.09954,0x00000000,2025-12-14T15:16:56.850Z,2025-12-14T15:16:56.850Z
36,0x000a,2.39185,0x00000000,2025-12-14T15:16:56.850Z,2025-12-14T15:16:56.850Z
35,0x000a,1.70238,0x00000000,2025-12-14T15:16:56.850Z,2025-12-14T15:16:56.850Z
34,0x000a,3.08634,0x00000000,2025-12-14T15:16:56.850Z,2025-12-14T15:16:56.850Z
26,0x000a,6.64967,0x00000000,2025-12-14T15:16:56.850Z,2025-12-14T15:16:56.850Z
25,0x000a,4.79999,0x00000000,2025-12-14T15:16:56.850Z,2025-12-14T15:16:56.850Z
23,0x000a,2.39185,0x00000000,2025-12-14T15:16:56.850Z,2025-12-14T15:16:56.850Z
22,0x000a,1.70238,0x00000000,2025-12-14T15:16:56.850Z,2025-12-14T15:16:56.850Z
21,0x000a,3.08634,0x00000000,2025-12-14T15:16:56.850Z,2025-12-14T15:16:56.850Z
8,0x0004,18385,0x00000000,2025-12-14T15:16:56.850Z,2025-12-14T15:16:56.850Z
7,0x0004,13271,0x00000000,2025-12-14T15:16:56.850Z,2025-12-14T15:16:56.850Z
39,0x000a,2.0978,0x00000000,2025-12-14T15:16:56.951Z,2025-12-14T15:16:56.951Z
38,0x000a,1.60229,0x00000000,2025-12-14T15:16:56.951Z,2025-12-14T15:16:56.951Z
37,0x000a,0,0x00000000,2025-12-14T15:16:56.951Z,2025-12-14T15:16:56.951Z
36,0x000a,2.24663,0x00000000,2025-12-14T15:16:56.951Z,2025-12-14T15:16:56.951Z
35,0x000a,1.6017,0x00000000,2025-12-14T15:16:56.951Z,2025-12-14T15:16:56.951Z
34,0x000a,2.09294,0x00000000,2025-12-14T15:16:56.951Z,2025-12-14T15:16:56.951Z
26,0x000a,6.86994,0x00000000,2025-12-14T15:16:56.951Z,2025-12-14T15:16:56.951Z
25,0x000a,4.94973,0x00000000,2025-12-14T15:16:56.951Z,2025-12-14T15:16:56.951Z
23,0x000a,2.24663,0x00000000,2025-12-14T15:16:56.951Z,2025-12-14T15:16:56.951Z
22,0x000a,1.6017,0x00000000,2025-12-14T15:16:56.951Z,2025-12-14T15:16:56.951Z
21,0x000a,2.09294,0x00000000,2025-12-14T15:16:56.951Z,2025-12-14T15:16:56.951Z
8,0x0004,18994,0x00000000,2025-12-14T15:16:56.951Z,2025-12-14T15:16:56.951Z
7,0x0004,13685,0x00000000,2025-12-14T15:16:56.951Z,2025-12-14T15:16:56.951Z
40,0x0001,true,0x00000000,2025-12-14T15:16:57.052Z,2025-12-14T15:16:57.052Z
39,0x000a,2.20269,0x00000000,2025-12-14T15:16:57.052Z,2025-12-14T15:16:57.052Z
38,0x000a,1.4974,0x00000000,2025-12-14T15:16:57.052Z,2025-12-14T15:16:57.052Z
36,0x000a,2.17222,0x00000000,2025-12-14T15:16:57.052Z,2025-12-14T15:16:57.052Z
35,0x000a,1.60199,0x00000000,2025-12-14T15:16:57.052Z,2025-12-14T15:16:57.052Z
34,0x000a,1.04647,0x00000000,2025-12-14T15:16:57.052Z,2025-12-14T15:16:57.052Z
26,0x000a,7.07972,0x00000000,2025-12-14T15:16:57.052Z,2025-12-14T15:16:57.052Z
25,0x000a,5.09983,0x00000000,2025-12-14T15:16:57.052Z,2025-12-14T15:16:57.052Z
23,0x000a,2.17222,0x00000000,2025-12-14T15:16:57.052Z,2025-12-14T15:16:57.052Z
22,0x000a,1.60199,0x00000000,2025-12-14T15:16:57.052Z,2025-12-14T15:16:57.052Z
21,0x000a,1.04647,0x00000000,2025-12-14T15:16:57.052Z,2025-12-14T15:16:57.052Z
8,0x0004,19574,0x00000000,2025-12-14T15:16:57.052Z,2025-12-14T15:16:57.052Z
7,0x0004,14100,0x00000000,2025-12-14T15:16:57.052Z,2025-12-14T15:16:57.052Z
39,0x000a,2.0978,0x00000000,2025-12-14T15:16:57.151Z,2025-12-14T15:16:57.151Z
38,0x000a,1.50101,0x00000000,2025-12-14T15:16:57.151Z,2025-12-14T15:16:57.151Z
36,0x000a,2.18745,0x00000000,2025-12-14T15:16:57.151Z,2025-12-14T15:16:57.151Z
35,0x000a,1.54969,0x00000000,2025-12-14T15:16:57.151Z,2025-12-14T15:16:57.151Z
34,0x000a,0.523234,0x00000000,2025-12-14T15:16:57.151Z,2025-12-14T15:16:57.151Z
26,0x000a,7.28986,0x00000000,2025-12-14T15:16:57.151Z,2025-12-14T15:16:57.151Z
25,0x000a,5.25969,0x00000000,2025-12-14T15:16:57.151Z,2025-12-14T15:16:57.151Z
23,0x000a,2.18745,0x00000000,2025-12-14T15:16:57.151Z,2025-12-14T15:16:57.151Z
22,0x000a,1.54969,0x00000000,2025-12-14T15:16:57.151Z,2025-12-14T15:16:57.151Z
21,0x000a,0.523234,0x00000000,2025-12-14T15:16:57.151Z,2025-12-14T15:16:57.151Z
8,0x0004,20155,0x00000000,2025-12-14T15:16:57.151Z,2025-12-14T15:16:57.151Z
7,0x0004,14542,0x00000000,2025-12-14T15:16:57.151Z,2025-12-14T15:16:57.151Z
39,0x000a,4.30049,0x00000000,2025-12-14T15:16:57.251Z,2025-12-14T15:16:57.251Z
38,0x000a,3.09968,0x00000000,2025-12-14T15:16:57.251Z,2025-12-14T15:16:57.251Z
36,0x000a,2.14263,0x00000000,2025-12-14T15:16:57.251Z,2025-12-14T15:16:57.251Z
35,0x000a,1.52535,0x00000000,2025-12-14T15:16:57.251Z,2025-12-14T15:16:57.251Z
34,0x000a,0.261617,0x00000000,2025-12-14T15:16:57.251Z,2025-12-14T15:16:57.251Z
26,0x000a,7.50977,0x00000000,2025-12-14T15:16:57.251Z,2025-12-14T15:16:57.251Z
25,0x000a,5.40979,0x00000000,2025-12-14T15:16:57.251Z,2025-12-14T15:16:57.251Z
23,0x000a,2.14263,0x00000000,2025-12-14T15:16:57.251Z,2025-12-14T15:16:57.251Z
22,0x000a,1.52535,0x00000000,2025-12-14T15:16:57.251Z,2025-12-14T15:16:57.251Z
21,0x000a,0.261617,0x00000000,2025-12-14T15:16:57.251Z,2025-12-14T15:16:57.251Z
8,0x0004,20763,0x00000000,2025-12-14T15:16:57.251Z,2025-12-14T15:16:57.251Z
7,0x0004,14957,0x00000000,2025-12-14T15:16:57.251Z,2025-12-14T15:16:57.251Z
36,0x000a,3.22156,0x00000000,2025-12-14T15:16:57.354Z,2025-12-14T15:16:57.354Z
35,0x000a,2.31252,0x00000000,2025-12-14T15:16:57.354Z,2025-12-14T15:16:57.354Z
34,0x000a,0.130809,0x00000000,2025-12-14T15:16:57.354Z,2025-12-14T15:16:57.354Z
26,0x000a,7.75969,0x00000000,2025-12-14T15:16:57.354Z,2025-12-14T15:16:57.354Z
25,0x000a,5.59968,0x00000000,2025-12-14T15:16:57.354Z,2025-12-14T15:16:57.354Z
23,0x000a,3.22156,0x00000000,2025-12-14T15:16:57.354Z,2025-12-14T15:16:57.354Z
22,0x000a,2.31252,0x00000000,2025-12-14T15:16:57.354Z,2025-12-14T15:16:57.354Z
21,0x000a,0.130809,0x00000000,2025-12-14T15:16:57.354Z,2025-12-14T15:16:57.354Z
8,0x0004,21454,0x00000000,2025-12-14T15:16:57.354Z,2025-12-14T15:16:57.354Z
7,0x0004,15482,0x00000000,2025-12-14T15:16:57.354Z,2025-12-14T15:16:57.354Z
39,0x000a,2.49928,0x00000000,2025-12-14T15:16:57.451Z,2025-12-14T15:16:57.451Z
38,0x000a,1.89887,0x00000000,2025-12-14T15:16:57.451Z,2025-12-14T15:16:57.451Z
26,0x000a,7.97996,0x00000000,2025-12-14T15:16:57.451Z,2025-12-14T15:16:57.451Z
25,0x000a,5.74978,0x00000000,2025-12-14T15:16:57.451Z,2025-12-14T15:16:57.451Z
8,0x0004,22063,0x00000000,2025-12-14T15:16:57.451Z,2025-12-14T15:16:57.451Z
7,0x0004,15897,0x00000000,2025-12-14T15:16:57.451Z,2025-12-14T15:16:57.451Z
39,0x000a,2.20269,0x00000000,2025-12-14T15:16:57.552Z,2025-12-14T15:16:57.552Z
38,0x000a,1.50102,0x00000000,2025-12-14T15:16:57.552Z,2025-12-14T15:16:57.552Z
36,0x000a,2.86042,0x00000000,2025-12-14T15:16:57.552Z,2025-12-14T15:16:57.552Z
35,0x000a,2.10569,0x00000000,2025-12-14T15:16:57.552Z,2025-12-14T15:16:57.552Z
34,0x000a,0.0654043,0x00000000,2025-12-14T15:16:57.552Z,2025-12-14T15:16:57.552Z
26,0x000a,8.18974,0x00000000,2025-12-14T15:16:57.552Z,2025-12-14T15:16:57.552Z
25,0x000a,5.89988,0x00000000,2025-12-14T15:16:57.552Z,2025-12-14T15:16:57.552Z
23,0x000a,2.86042,0x00000000,2025-12-14T15:16:57.552Z,2025-12-14T15:16:57.552Z
22,0x000a,2.10569,0x00000000,2025-12-14T15:16:57.552Z,2025-12-14T15:16:57.552Z
21,0x000a,0.0654043,0x00000000,2025-12-14T15:16:57.552Z,2025-12-14T15:16:57.552Z
8,0x0004,22643,0x00000000,2025-12-14T15:16:57.552Z,2025-12-14T15:16:57.552Z
7,0x0004,16312,0x00000000,2025-12-14T15:16:57.552Z,2025-12-14T15:16:57.552Z
39,0x000a,2.0978,0x00000000,2025-12-14T15:16:57.651Z,2025-12-14T15:16:57.651Z
39,0x000a,2.10142,0x00000000,2025-12-14T15:16:57.749Z,2025-12-14T15:16:57.749Z
38,0x000a,1.50101,0x00000000,2025-12-14T15:16:57.651Z,2025-12-14T15:16:57.651Z
38,0x000a,1.59867,0x00000000,2025-12-14T15:16:57.749Z,2025-12-14T15:16:57.749Z
36,0x000a,2.53155,0x00000000,2025-12-14T15:16:57.651Z,2025-12-14T15:16:57.651Z
36,0x000a,2.31468,0x00000000,2025-12-14T15:16:57.749Z,2025-12-14T15:16:57.749Z
35,0x000a,1.80336,0x00000000,2025-12-14T15:16:57.651Z,2025-12-14T15:16:57.651Z
35,0x000a,1.65218,0x00000000,2025-12-14T15:16:57.749Z,2025-12-14T15:16:57.749Z
34,0x000a,0.0327022,0x00000000,2025-12-14T15:16:57.651Z,2025-12-14T15:16:57.651Z
34,0x000a,0.0163511,0x00000000,2025-12-14T15:16:57.749Z,2025-12-14T15:16:57.749Z
26,0x000a,8.39988,0x00000000,2025-12-14T15:16:57.651Z,2025-12-14T15:16:57.651Z
25,0x000a,6.05975,0x00000000,2025-12-14T15:16:57.651Z,2025-12-14T15:16:57.651Z
23,0x000a,2.53155,0x00000000,2025-12-14T15:16:57.651Z,2025-12-14T15:16:57.651Z
23,0x000a,2.31468,0x00000000,2025-12-14T15:16:57.749Z,2025-12-14T15:16:57.749Z
22,0x000a,1.80336,0x00000000,2025-12-14T15:16:57.651Z,2025-12-14T15:16:57.651Z
22,0x000a,1.65218,0x00000000,2025-12-14T15:16:57.749Z,2025-12-14T15:16:57.749Z
21,0x000a,0.0327022,0x00000000,2025-12-14T15:16:57.651Z,2025-12-14T15:16:57.651Z
21,0x000a,0.0163511,0x00000000,2025-12-14T15:16:57.749Z,2025-12-14T15:16:57.749Z
8,0x0004,23224,0x00000000,2025-12-14T15:16:57.651Z,2025-12-14T15:16:57.651Z
7,0x0004,16754,0x00000000,2025-12-14T15:16:57.651Z,2025-12-14T15:16:57.651Z
39,0x000a,2.0978,0x00000000,2025-12-14T15:16:57.850Z,2025-12-14T15:16:57.850Z
38,0x000a,1.50101,0x00000000,2025-12-14T15:16:57.850Z,2025-12-14T15:16:57.850Z
36,0x000a,2.20805,0x00000000,2025-12-14T15:16:57.850Z,2025-12-14T15:16:57.850Z
35,0x000a,1.62543,0x00000000,2025-12-14T15:16:57.850Z,2025-12-14T15:16:57.850Z
34,0x000a,0.00817554,0x00000000,2025-12-14T15:16:57.850Z,2025-12-14T15:16:57.850Z
26,0x000a,8.60966,0x00000000,2025-12-14T15:16:57.850Z,2025-12-14T15:16:57.850Z
25,0x000a,6.20985,0x00000000,2025-12-14T15:16:57.850Z,2025-12-14T15:16:57.850Z
23,0x000a,2.20805,0x00000000,2025-12-14T15:16:57.850Z,2025-12-14T15:16:57.850Z
22,0x000a,1.62543,0x00000000,2025-12-14T15:16:57.850Z,2025-12-14T15:16:57.850Z
21,0x000a,0.00817554,0x00000000,2025-12-14T15:16:57.850Z,2025-12-14T15:16:57.850Z
8,0x0004,23804,0x00000000,2025-12-14T15:16:57.850Z,2025-12-14T15:16:57.850Z
7,0x0004,17169,0x00000000,2025-12-14T15:16:57.850Z,2025-12-14T15:16:57.850Z
39,0x000a,2.20269,0x00000000,2025-12-14T15:16:57.952Z,2025-12-14T15:16:57.952Z
36,0x000a,2.15292,0x00000000,2025-12-14T15:16:57.952Z,2025-12-14T15:16:57.952Z
35,0x000a,1.56322,0x00000000,2025-12-14T15:16:57.952Z,2025-12-14T15:16:57.952Z
34,0x000a,0.00408777,0x00000000,2025-12-14T15:16:57.952Z,2025-12-14T15:16:57.952Z
26,0x000a,8.82993,0x00000000,2025-12-14T15:16:57.952Z,2025-12-14T15:16:57.952Z
25,0x000a,6.35995,0x00000000,2025-12-14T15:16:57.952Z,2025-12-14T15:16:57.952Z
23,0x000a,2.15292,0x00000000,2025-12-14T15:16:57.952Z,2025-12-14T15:16:57.952Z
22,0x000a,1.56322,0x00000000,2025-12-14T15:16:57.952Z,2025-12-14T15:16:57.952Z
21,0x000a,0.00408777,0x00000000,2025-12-14T15:16:57.952Z,2025-12-14T15:16:57.952Z
8,0x0004,24413,0x00000000,2025-12-14T15:16:57.952Z,2025-12-14T15:16:57.952Z
7,0x0004,17584,0x00000000,2025-12-14T15:16:57.952Z,2025-12-14T15:16:57.952Z
39,0x000a,2.0978,0x00000000,2025-12-14T15:16:58.052Z,2025-12-14T15:16:58.052Z
38,0x000a,1.59867,0x00000000,2025-12-14T15:16:58.052Z,2025-12-14T15:16:58.052Z
36,0x000a,2.17781,0x00000000,2025-12-14T15:16:58.052Z,2025-12-14T15:16:58.052Z
35,0x000a,1.53212,0x00000000,2025-12-14T15:16:58.052Z,2025-12-14T15:16:58.052Z
34,0x000a,0.00204388,0x00000000,2025-12-14T15:16:58.052Z,2025-12-14T15:16:58.052Z
26,0x000a,9.03971,0x00000000,2025-12-14T15:16:58.052Z,2025-12-14T15:16:58.052Z
25,0x000a,6.51982,0x00000000,2025-12-14T15:16:58.052Z,2025-12-14T15:16:58.052Z
23,0x000a,2.17781,0x00000000,2025-12-14T15:16:58.052Z,2025-12-14T15:16:58.052Z
22,0x000a,1.53212,0x00000000,2025-12-14T15:16:58.052Z,2025-12-14T15:16:58.052Z
21,0x000a,0.00204388,0x00000000,2025-12-14T15:16:58.052Z,2025-12-14T15:16:58.052Z
8,0x0004,24993,0x00000000,2025-12-14T15:16:58.052Z,2025-12-14T15:16:58.052Z
7,0x0004,18026,0x00000000,2025-12-14T15:16:58.052Z,2025-12-14T15:16:58.052Z
39,0x000a,2.10142,0x00000000,2025-12-14T15:16:58.152Z,2025-12-14T15:16:58.152Z
38,0x000a,1.50101,0x00000000,2025-12-14T15:16:58.152Z,2025-12-14T15:16:58.152Z
36,0x000a,2.1378,0x00000000,2025-12-14T15:16:58.152Z,2025-12-14T15:16:58.152Z
35,0x000a,1.56539,0x00000000,2025-12-14T15:16:58.152Z,2025-12-14T15:16:58.152Z
34,0x000a,0.00102194,0x00000000,2025-12-14T15:16:58.152Z,2025-12-14T15:16:58.152Z
26,0x000a,9.24986,0x00000000,2025-12-14T15:16:58.152Z,2025-12-14T15:16:58.152Z
25,0x000a,6.66992,0x00000000,2025-12-14T15:16:58.152Z,2025-12-14T15:16:58.152Z
23,0x000a,2.1378,0x00000000,2025-12-14T15:16:58.152Z,2025-12-14T15:16:58.152Z
22,0x000a,1.56539,0x00000000,2025-12-14T15:16:58.152Z,2025-12-14T15:16:58.152Z
21,0x000a,0.00102194,0x00000000,2025-12-14T15:16:58.152Z,2025-12-14T15:16:58.152Z
8,0x0004,25574,0x00000000,2025-12-14T15:16:58.152Z,2025-12-14T15:16:58.152Z
7,0x0004,18441,0x00000000,2025-12-14T15:16:58.152Z,2025-12-14T15:16:58.152Z
36,0x000a,2.11961,0x00000000,2025-12-14T15:16:58.254Z,2025-12-14T15:16:58.254Z
35,0x000a,1.5332,0x00000000,2025-12-14T15:16:58.254Z,2025-12-14T15:16:58.254Z
34,0x000a,0.000510971,0x00000000,2025-12-14T15:16:58.254Z,2025-12-14T15:16:58.254Z
26,0x000a,9.50991,0x00000000,2025-12-14T15:16:58.254Z,2025-12-14T15:16:58.254Z
25,0x000a,6.84968,0x00000000,2025-12-14T15:16:58.254Z,2025-12-14T15:16:58.254Z
23,0x000a,2.11961,0x00000000,2025-12-14T15:16:58.254Z,2025-12-14T15:16:58.254Z
22,0x000a,1.5332,0x00000000,2025-12-14T15:16:58.254Z,2025-12-14T15:16:58.254Z
21,0x000a,0.000510971,0x00000000,2025-12-14T15:16:58.254Z,2025-12-14T15:16:58.254Z
8,0x0004,26293,0x00000000,2025-12-14T15:16:58.254Z,2025-12-14T15:16:58.254Z
7,0x0004,18938,0x00000000,2025-12-14T15:16:58.254Z,2025-12-14T15:16:58.254Z
39,0x000a,2.60056,0x00000000,2025-12-14T15:16:58.350Z,2025-12-14T15:16:58.350Z
38,0x000a,1.7976,0x00000000,2025-12-14T15:16:58.350Z,2025-12-14T15:16:58.350Z
26,0x000a,9.71969,0x00000000,2025-12-14T15:16:58.350Z,2025-12-14T15:16:58.350Z
25,0x000a,7.00991,0x00000000,2025-12-14T15:16:58.350Z,2025-12-14T15:16:58.350Z
17,0x0001,false,0x00000000,2025-12-14T15:16:58.350Z,2025-12-14T15:16:58.350Z
8,0x0004,26873,0x00000000,2025-12-14T15:16:58.350Z,2025-12-14T15:16:58.350Z
7,0x0004,19381,0x00000000,2025-12-14T15:16:58.350Z,2025-12-14T15:16:58.350Z
39,0x000a,4.30049,0x00000000,2025-12-14T15:16:58.450Z,2025-12-14T15:16:58.450Z
38,0x000a,3.09968,0x00000000,2025-12-14T15:16:58.450Z,2025-12-14T15:16:58.450Z
36,0x000a,2.36008,0x00000000,2025-12-14T15:16:58.450Z,2025-12-14T15:16:58.450Z
35,0x000a,1.6654,0x00000000,2025-12-14T15:16:58.450Z,2025-12-14T15:16:58.450Z
34,0x000a,0.000255486,0x00000000,2025-12-14T15:16:58.450Z,2025-12-14T15:16:58.450Z
26,0x000a,9.93996,0x00000000,2025-12-14T15:16:58.450Z,2025-12-14T15:16:58.450Z
25,0x000a,7.15965,0x00000000,2025-12-14T15:16:58.450Z,2025-12-14T15:16:58.450Z
23,0x000a,2.36008,0x00000000,2025-12-14T15:16:58.450Z,2025-12-14T15:16:58.450Z
22,0x000a,1.6654,0x00000000,2025-12-14T15:16:58.450Z,2025-12-14T15:16:58.450Z
21,0x000a,0.000255486,0x00000000,2025-12-14T15:16:58.450Z,2025-12-14T15:16:58.450Z
8,0x0004,27482,0x00000000,2025-12-14T15:16:58.450Z,2025-12-14T15:16:58.450Z
7,0x0004,19795,0x00000000,2025-12-14T15:16:58.450Z,2025-12-14T15:16:58.450Z
39,0x000a,0.600405,0x00000000,2025-12-14T15:16:58.554Z,2025-12-14T15:16:58.554Z
38,0x000a,1.50101,0x00000000,2025-12-14T15:16:58.554Z,2025-12-14T15:16:58.554Z
36,0x000a,3.33029,0x00000000,2025-12-14T15:16:58.554Z,2025-12-14T15:16:58.554Z
35,0x000a,2.38254,0x00000000,2025-12-14T15:16:58.554Z,2025-12-14T15:16:58.554Z
34,0x000a,0.000127743,0x00000000,2025-12-14T15:16:58.554Z,2025-12-14T15:16:58.554Z
26,0x000a,10,0x00000000,2025-12-14T15:16:58.554Z,2025-12-14T15:16:58.554Z
25,0x000a,7.30975,0x00000000,2025-12-14T15:16:58.554Z,2025-12-14T15:16:58.554Z
23,0x000a,3.33029,0x00000000,2025-12-14T15:16:58.554Z,2025-12-14T15:16:58.554Z
22,0x000a,2.38254,0x00000000,2025-12-14T15:16:58.554Z,2025-12-14T15:16:58.554Z
21,0x000a,0.000127743,0x00000000,2025-12-14T15:16:58.554Z,2025-12-14T15:16:58.554Z
8,0x0004,27648,0x00000000,2025-12-14T15:16:58.554Z,2025-12-14T15:16:58.554Z
7,0x0004,20210,0x00000000,2025-12-14T15:16:58.554Z,2025-12-14T15:16:58.554Z
39,0x000a,0,0x00000000,2025-12-14T15:16:58.652Z,2025-12-14T15:16:58.652Z
38,0x000a,1.60229,0x00000000,2025-12-14T15:16:58.652Z,2025-12-14T15:16:58.652Z
36,0x000a,1.96535,0x00000000,2025-12-14T15:16:58.652Z,2025-12-14T15:16:58.652Z
35,0x000a,1.94178,0x00000000,2025-12-14T15:16:58.652Z,2025-12-14T15:16:58.652Z
34,0x000a,6.38714e-05,0x00000000,2025-12-14T15:16:58.652Z,2025-12-14T15:16:58.652Z
25,0x000a,7.46998,0x00000000,2025-12-14T15:16:58.652Z,2025-12-14T15:16:58.652Z
23,0x000a,1.96535,0x00000000,2025-12-14T15:16:58.652Z,2025-12-14T15:16:58.652Z
22,0x000a,1.94178,0x00000000,2025-12-14T15:16:58.652Z,2025-12-14T15:16:58.652Z
21,0x000a,6.38714e-05,0x00000000,2025-12-14T15:16:58.652Z,2025-12-14T15:16:58.652Z
7,0x0004,20653,0x00000000,2025-12-14T15:16:58.652Z,2025-12-14T15:16:58.652Z
38,0x000a,1.49739,0x00000000,2025-12-14T15:16:58.752Z,2025-12-14T15:16:58.752Z
36,0x000a,0.982673,0x00000000,2025-12-14T15:16:58.752Z,2025-12-14T15:16:58.752Z
35,0x000a,1.77203,0x00000000,2025-12-14T15:16:58.752Z,2025-12-14T15:16:58.752Z
34,0x000a,3.19357e-05,0x00000000,2025-12-14T15:16:58.752Z,2025-12-14T15:16:58.752Z
25,0x000a,7.61972,0x00000000,2025-12-14T15:16:58.752Z,2025-12-14T15:16:58.752Z
23,0x000a,0.982673,0x00000000,2025-12-14T15:16:58.752Z,2025-12-14T15:16:58.752Z
22,0x000a,1.77203,0x00000000,2025-12-14T15:16:58.752Z,2025-12-14T15:16:58.752Z
21,0x000a,3.19357e-05,0x00000000,2025-12-14T15:16:58.752Z,2025-12-14T15:16:58.752Z
7,0x0004,21067,0x00000000,2025-12-14T15:16:58.752Z,2025-12-14T15:16:58.752Z
42,0x0001,true,0x00000000,2025-12-14T15:16:58.851Z,2025-12-14T15:16:58.851Z
38,0x000a,1.80122,0x00000000,2025-12-14T15:16:58.851Z,2025-12-14T15:16:58.851Z
36,0x000a,0.491336,0x00000000,2025-12-14T15:16:58.851Z,2025-12-14T15:16:58.851Z
35,0x000a,1.63471,0x00000000,2025-12-14T15:16:58.851Z,2025-12-14T15:16:58.851Z
34,0x000a,1.59678e-05,0x00000000,2025-12-14T15:16:58.851Z,2025-12-14T15:16:58.851Z
25,0x000a,7.79984,0x00000000,2025-12-14T15:16:58.851Z,2025-12-14T15:16:58.851Z
23,0x000a,0.491336,0x00000000,2025-12-14T15:16:58.851Z,2025-12-14T15:16:58.851Z
22,0x000a,1.63471,0x00000000,2025-12-14T15:16:58.851Z,2025-12-14T15:16:58.851Z
21,0x000a,1.59678e-05,0x00000000,2025-12-14T15:16:58.851Z,2025-12-14T15:16:58.851Z
7,0x0004,21565,0x00000000,2025-12-14T15:16:58.851Z,2025-12-14T15:16:58.851Z
38,0x000a,1.59867,0x00000000,2025-12-14T15:16:58.951Z,2025-12-14T15:16:58.951Z
36,0x000a,0.245668,0x00000000,2025-12-14T15:16:58.951Z,2025-12-14T15:16:58.951Z
35,0x000a,1.71797,0x00000000,2025-12-14T15:16:58.951Z,2025-12-14T15:16:58.951Z
34,0x000a,7.98392e-06,0x00000000,2025-12-14T15:16:58.951Z,2025-12-14T15:16:58.951Z
25,0x000a,7.95971,0x00000000,2025-12-14T15:16:58.951Z,2025-12-14T15:16:58.951Z
23,0x000a,0.245668,0x00000000,2025-12-14T15:16:58.951Z,2025-12-14T15:16:58.951Z
22,0x000a,1.71797,0x00000000,2025-12-14T15:16:58.951Z,2025-12-14T15:16:58.951Z
21,0x000a,7.98392e-06,0x00000000,2025-12-14T15:16:58.951Z,2025-12-14T15:16:58.951Z
7,0x0004,22007,0x00000000,2025-12-14T15:16:58.951Z,2025-12-14T15:16:58.951Z
38,0x000a,1.50101,0x00000000,2025-12-14T15:16:59.051Z,2025-12-14T15:16:59.051Z
36,0x000a,0.122834,0x00000000,2025-12-14T15:16:59.051Z,2025-12-14T15:16:59.051Z
35,0x000a,1.65832,0x00000000,2025-12-14T15:16:59.051Z,2025-12-14T15:16:59.051Z
34,0x000a,3.99196e-06,0x00000000,2025-12-14T15:16:59.051Z,2025-12-14T15:16:59.051Z
25,0x000a,8.10981,0x00000000,2025-12-14T15:16:59.051Z,2025-12-14T15:16:59.051Z
23,0x000a,0.122834,0x00000000,2025-12-14T15:16:59.051Z,2025-12-14T15:16:59.051Z
22,0x000a,1.65832,0x00000000,2025-12-14T15:16:59.051Z,2025-12-14T15:16:59.051Z
21,0x000a,3.99196e-06,0x00000000,2025-12-14T15:16:59.051Z,2025-12-14T15:16:59.051Z
7,0x0004,22422,0x00000000,2025-12-14T15:16:59.051Z,2025-12-14T15:16:59.051Z
36,0x000a,0.0614171,0x00000000,2025-12-14T15:16:59.150Z,2025-12-14T15:16:59.150Z
35,0x000a,1.57966,0x00000000,2025-12-14T15:16:59.150Z,2025-12-14T15:16:59.150Z
34,0x000a,1.99598e-06,0x00000000,2025-12-14T15:16:59.150Z,2025-12-14T15:16:59.150Z
25,0x000a,8.25991,0x00000000,2025-12-14T15:16:59.150Z,2025-12-14T15:16:59.150Z
23,0x000a,0.0614171,0x00000000,2025-12-14T15:16:59.150Z,2025-12-14T15:16:59.150Z
22,0x000a,1.57966,0x00000000,2025-12-14T15:16:59.150Z,2025-12-14T15:16:59.150Z
21,0x000a,1.99598e-06,0x00000000,2025-12-14T15:16:59.150Z,2025-12-14T15:16:59.150Z
7,0x0004,22837,0x00000000,2025-12-14T15:16:59.150Z,2025-12-14T15:16:59.150Z
38,0x000a,1.50102,0x00000000,2025-12-14T15:16:59.252Z,2025-12-14T15:16:59.252Z
25,0x000a,8.41978,0x00000000,2025-12-14T15:16:59.252Z,2025-12-14T15:16:59.252Z
7,0x0004,23279,0x00000000,2025-12-14T15:16:59.252Z,2025-12-14T15:16:59.252Z
38,0x000a,1.59866,0x00000000,2025-12-14T15:16:59.350Z,2025-12-14T15:16:59.350Z
38,0x000a,1.50102,0x00000000,2025-12-14T15:16:59.453Z,2025-12-14T15:16:59.453Z
36,0x000a,0.0307085,0x00000000,2025-12-14T15:16:59.350Z,2025-12-14T15:16:59.350Z
36,0x000a,0.0153543,0x00000000,2025-12-14T15:16:59.453Z,2025-12-14T15:16:59.453Z
35,0x000a,1.54034,0x00000000,2025-12-14T15:16:59.350Z,2025-12-14T15:16:59.350Z
35,0x000a,1.5695,0x00000000,2025-12-14T15:16:59.453Z,2025-12-14T15:16:59.453Z
34,0x000a,9.97991e-07,0x00000000,2025-12-14T15:16:59.350Z,2025-12-14T15:16:59.350Z
34,0x000a,4.98995e-07,0x00000000,2025-12-14T15:16:59.453Z,2025-12-14T15:16:59.453Z
25,0x000a,8.56988,0x00000000,2025-12-14T15:16:59.350Z,2025-12-14T15:16:59.350Z
25,0x000a,8.71998,0x00000000,2025-12-14T15:16:59.453Z,2025-12-14T15:16:59.453Z
23,0x000a,0.0307085,0x00000000,2025-12-14T15:16:59.350Z,2025-12-14T15:16:59.350Z
23,0x000a,0.0153543,0x00000000,2025-12-14T15:16:59.453Z,2025-12-14T15:16:59.453Z
22,0x000a,1.54034,0x00000000,2025-12-14T15:16:59.350Z,2025-12-14T15:16:59.350Z
22,0x000a,1.5695,0x00000000,2025-12-14T15:16:59.453Z,2025-12-14T15:16:59.453Z
21,0x000a,9.97991e-07,0x00000000,2025-12-14T15:16:59.350Z,2025-12-14T15:16:59.350Z
21,0x000a,4.98995e-07,0x00000000,2025-12-14T15:16:59.453Z,2025-12-14T15:16:59.453Z
15,0x0001,false,0x00000000,2025-12-14T15:16:59.453Z,2025-12-14T15:16:59.453Z
7,0x0004,23694,0x00000000,2025-12-14T15:16:59.350Z,2025-12-14T15:16:59.350Z
7,0x0004,24109,0x00000000,2025-12-14T15:16:59.453Z,2025-12-14T15:16:59.453Z
38,0x000a,3.39988,0x00000000,2025-12-14T15:16:59.552Z,2025-12-14T15:16:59.552Z
36,0x000a,0.00767713,0x00000000,2025-12-14T15:16:59.552Z,2025-12-14T15:16:59.552Z
35,0x000a,1.53526,0x00000000,2025-12-14T15:16:59.552Z,2025-12-14T15:16:59.552Z
34,0x000a,2.49498e-07,0x00000000,2025-12-14T15:16:59.552Z,2025-12-14T15:16:59.552Z
25,0x000a,8.90987,0x00000000,2025-12-14T15:16:59.552Z,2025-12-14T15:16:59.552Z
23,0x000a,0.00767713,0x00000000,2025-12-14T15:16:59.552Z,2025-12-14T15:16:59.552Z
22,0x000a,1.53526,0x00000000,2025-12-14T15:16:59.552Z,2025-12-14T15:16:59.552Z
21,0x000a,2.49498e-07,0x00000000,2025-12-14T15:16:59.552Z,2025-12-14T15:16:59.552Z
7,0x0004,24634,0x00000000,2025-12-14T15:16:59.552Z,2025-12-14T15:16:59.552Z
38,0x000a,0.600405,0x00000000,2025-12-14T15:16:59.653Z,2025-12-14T15:16:59.653Z
36,0x000a,0.00383857,0x00000000,2025-12-14T15:16:59.653Z,2025-12-14T15:16:59.653Z
35,0x000a,2.46757,0x00000000,2025-12-14T15:16:59.653Z,2025-12-14T15:16:59.653Z
34,0x000a,1.24749e-07,0x00000000,2025-12-14T15:16:59.653Z,2025-12-14T15:16:59.653Z
25,0x000a,8.96991,0x00000000,2025-12-14T15:16:59.653Z,2025-12-14T15:16:59.653Z
23,0x000a,0.00383857,0x00000000,2025-12-14T15:16:59.653Z,2025-12-14T15:16:59.653Z
22,0x000a,2.46757,0x00000000,2025-12-14T15:16:59.653Z,2025-12-14T15:16:59.653Z
21,0x000a,1.24749e-07,0x00000000,2025-12-14T15:16:59.653Z,2025-12-14T15:16:59.653Z
7,0x0004,24800,0x00000000,2025-12-14T15:16:59.653Z,2025-12-14T15:16:59.653Z
38,0x000a,0,0x00000000,2025-12-14T15:16:59.751Z,2025-12-14T15:16:59.751Z
36,0x000a,0.00191928,0x00000000,2025-12-14T15:16:59.751Z,2025-12-14T15:16:59.751Z
35,0x000a,1.53399,0x00000000,2025-12-14T15:16:59.751Z,2025-12-14T15:16:59.751Z
34,0x000a,6.23744e-08,0x00000000,2025-12-14T15:16:59.751Z,2025-12-14T15:16:59.751Z
23,0x000a,0.00191928,0x00000000,2025-12-14T15:16:59.751Z,2025-12-14T15:16:59.751Z
22,0x000a,1.53399,0x00000000,2025-12-14T15:16:59.751Z,2025-12-14T15:16:59.751Z
21,0x000a,6.23744e-08,0x00000000,2025-12-14T15:16:59.751Z,2025-12-14T15:16:59.751Z
36,0x000a,0.000959641,0x00000000,2025-12-14T15:16:59.850Z,2025-12-14T15:16:59.850Z
35,0x000a,0.766993,0x00000000,2025-12-14T15:16:59.850Z,2025-12-14T15:16:59.850Z
34,0x000a,3.11872e-08,0x00000000,2025-12-14T15:16:59.850Z,2025-12-14T15:16:59.850Z
23,0x000a,0.000959641,0x00000000,2025-12-14T15:16:59.850Z,2025-12-14T15:16:59.850Z
22,0x000a,0.766993,0x00000000,2025-12-14T15:16:59.850Z,2025-12-14T15:16:59.850Z
21,0x000a,3.11872e-08,0x00000000,2025-12-14T15:16:59.850Z,2025-12-14T15:16:59.850Z
42,0x0001,false,0x00000000,2025-12-14T15:16:59.950Z,2025-12-14T15:16:59.950Z
40,0x0001,false,0x00000000,2025-12-14T15:16:59.950Z,2025-12-14T15:16:59.950Z
36,0x000a,0.000479821,0x00000000,2025-12-14T15:16:59.950Z,2025-12-14T15:16:59.950Z
35,0x000a,0.383497,0x00000000,2025-12-14T15:16:59.950Z,2025-12-14T15:16:59.950Z
34,0x000a,1.55936e-08,0x00000000,2025-12-14T15:16:59.950Z,2025-12-14T15:16:59.950Z
23,0x000a,0.000479821,0x00000000,2025-12-14T15:16:59.950Z,2025-12-14T15:16:59.950Z
22,0x000a,0.383497,0x00000000,2025-12-14T15:16:59.950Z,2025-12-14T15:16:59.950Z
21,0x000a,1.55936e-08,0x00000000,2025-12-14T15:16:59.950Z,2025-12-14T15:16:59.950Z
18,0x0001,true,0x00000000,2025-12-14T15:16:59.950Z,2025-12-14T15:16:59.950Z
16,0x0001,true,0x00000000,2025-12-14T15:16:59.950Z,2025-12-14T15:16:59.950Z
14,0x0001,true,0x00000000,2025-12-14T15:16:59.950Z,2025-12-14T15:16:59.950Z
4,0x000a,5,0x00000000,2025-12-14T15:16:59.950Z,2025-12-14T15:16:59.950Z
3,0x000a,5,0x00000000,2025-12-14T15:16:59.950Z,2025-12-14T15:16:59.950Z
2,0x000a,5,0x00000000,2025-12-14T15:16:59.950Z,2025-12-14T15:16:59.950Z
36,0x000a,0.00023991,0x00000000,2025-12-14T15:17:00.154Z,2025-12-14T15:17:00.154Z
35,0x000a,0.191748,0x00000000,2025-12-14T15:17:00.154Z,2025-12-14T15:17:00.154Z
34,0x000a,7.7968e-09,0x00000000,2025-12-14T15:17:00.154Z,2025-12-14T15:17:00.154Z
26,0x000a,9.98987,0x00000000,2025-12-14T15:17:00.154Z,2025-12-14T15:17:00.154Z
25,0x000a,8.90987,0x00000000,2025-12-14T15:17:00.154Z,2025-12-14T15:17:00.154Z
24,0x000a,8.10981,0x00000000,2025-12-14T15:17:00.154Z,2025-12-14T15:17:00.154Z
23,0x000a,0.00023991,0x00000000,2025-12-14T15:17:00.154Z,2025-12-14T15:17:00.154Z
22,0x000a,0.191748,0x00000000,2025-12-14T15:17:00.154Z,2025-12-14T15:17:00.154Z
21,0x000a,7.7968e-09,0x00000000,2025-12-14T15:17:00.154Z,2025-12-14T15:17:00.154Z
8,0x0004,27620,0x00000000,2025-12-14T15:17:00.154Z,2025-12-14T15:17:00.154Z
7,0x0004,24634,0x00000000,2025-12-14T15:17:00.154Z,2025-12-14T15:17:00.154Z
6,0x0004,22422,0x00000000,2025-12-14T15:17:00.154Z,2025-12-14T15:17:00.154Z
39,0x000a,-0.101271,0x00000000,2025-12-14T15:17:00.251Z,2025-12-14T15:17:00.251Z
38,0x000a,-0.600405,0x00000000,2025-12-14T15:17:00.251Z,2025-12-14T15:17:00.251Z
37,0x000a,-1.09954,0x00000000,2025-12-14T15:17:00.251Z,2025-12-14T15:17:00.251Z
36,0x000a,0.000119955,0x00000000,2025-12-14T15:17:00.251Z,2025-12-14T15:17:00.251Z
35,0x000a,0.0958742,0x00000000,2025-12-14T15:17:00.251Z,2025-12-14T15:17:00.251Z
34,0x000a,3.8984e-09,0x00000000,2025-12-14T15:17:00.251Z,2025-12-14T15:17:00.251Z
26,0x000a,9.72982,0x00000000,2025-12-14T15:17:00.251Z,2025-12-14T15:17:00.251Z
25,0x000a,8.71998,0x00000000,2025-12-14T15:17:00.251Z,2025-12-14T15:17:00.251Z
24,0x000a,7.77995,0x00000000,2025-12-14T15:17:00.251Z,2025-12-14T15:17:00.251Z
23,0x000a,0.000119955,0x00000000,2025-12-14T15:17:00.251Z,2025-12-14T15:17:00.251Z
22,0x000a,0.0958742,0x00000000,2025-12-14T15:17:00.251Z,2025-12-14T15:17:00.251Z
21,0x000a,3.8984e-09,0x00000000,2025-12-14T15:17:00.251Z,2025-12-14T15:17:00.251Z
8,0x0004,26901,0x00000000,2025-12-14T15:17:00.251Z,2025-12-14T15:17:00.251Z
7,0x0004,24109,0x00000000,2025-12-14T15:17:00.251Z,2025-12-14T15:17:00.251Z
6,0x0004,21510,0x00000000,2025-12-14T15:17:00.251Z,2025-12-14T15:17:00.251Z
39,0x000a,-2.60056,0x00000000,2025-12-14T15:17:00.350Z,2025-12-14T15:17:00.350Z
38,0x000a,-1.89887,0x00000000,2025-12-14T15:17:00.350Z,2025-12-14T15:17:00.350Z
37,0x000a,-3.29861,0x00000000,2025-12-14T15:17:00.350Z,2025-12-14T15:17:00.350Z
36,0x000a,-0.0505754,0x00000000,2025-12-14T15:17:00.350Z,2025-12-14T15:17:00.350Z
35,0x000a,-0.252265,0x00000000,2025-12-14T15:17:00.350Z,2025-12-14T15:17:00.350Z
34,0x000a,-0.549769,0x00000000,2025-12-14T15:17:00.350Z,2025-12-14T15:17:00.350Z
26,0x000a,9.51968,0x00000000,2025-12-14T15:17:00.350Z,2025-12-14T15:17:00.350Z
25,0x000a,8.56988,0x00000000,2025-12-14T15:17:00.350Z,2025-12-14T15:17:00.350Z
24,0x000a,7.5,0x00000000,2025-12-14T15:17:00.350Z,2025-12-14T15:17:00.350Z
23,0x000a,-0.0505754,0x00000000,2025-12-14T15:17:00.350Z,2025-12-14T15:17:00.350Z
22,0x000a,-0.252265,0x00000000,2025-12-14T15:17:00.350Z,2025-12-14T15:17:00.350Z
21,0x000a,-0.549769,0x00000000,2025-12-14T15:17:00.350Z,2025-12-14T15:17:00.350Z
8,0x0004,26320,0x00000000,2025-12-14T15:17:00.350Z,2025-12-14T15:17:00.350Z
7,0x0004,23694,0x00000000,2025-12-14T15:17:00.350Z,2025-12-14T15:17:00.350Z
6,0x0004,20736,0x00000000,2025-12-14T15:17:00.350Z,2025-12-14T15:17:00.350Z
39,0x000a,-2.10141,0x00000000,2025-12-14T15:17:00.451Z,2025-12-14T15:17:00.451Z
38,0x000a,-1.50101,0x00000000,2025-12-14T15:17:00.451Z,2025-12-14T15:17:00.451Z
37,0x000a,-2.79948,0x00000000,2025-12-14T15:17:00.451Z,2025-12-14T15:17:00.451Z
36,0x000a,-1.32557,0x00000000,2025-12-14T15:17:00.451Z,2025-12-14T15:17:00.451Z
35,0x000a,-1.07557,0x00000000,2025-12-14T15:17:00.451Z,2025-12-14T15:17:00.451Z
34,0x000a,-1.92419,0x00000000,2025-12-14T15:17:00.451Z,2025-12-14T15:17:00.451Z
26,0x000a,9.3099,0x00000000,2025-12-14T15:17:00.451Z,2025-12-14T15:17:00.451Z
25,0x000a,8.41978,0x00000000,2025-12-14T15:17:00.451Z,2025-12-14T15:17:00.451Z
24,0x000a,7.21969,0x00000000,2025-12-14T15:17:00.451Z,2025-12-14T15:17:00.451Z
23,0x000a,-1.32557,0x00000000,2025-12-14T15:17:00.451Z,2025-12-14T15:17:00.451Z
22,0x000a,-1.07557,0x00000000,2025-12-14T15:17:00.451Z,2025-12-14T15:17:00.451Z
21,0x000a,-1.92419,0x00000000,2025-12-14T15:17:00.451Z,2025-12-14T15:17:00.451Z
8,0x0004,25740,0x00000000,2025-12-14T15:17:00.451Z,2025-12-14T15:17:00.451Z
7,0x0004,23279,0x00000000,2025-12-14T15:17:00.451Z,2025-12-14T15:17:00.451Z
6,0x0004,19961,0x00000000,2025-12-14T15:17:00.451Z,2025-12-14T15:17:00.451Z
39,0x000a,-2.09781,0x00000000,2025-12-14T15:17:00.549Z,2025-12-14T15:17:00.549Z
38,0x000a,-1.50102,0x00000000,2025-12-14T15:17:00.549Z,2025-12-14T15:17:00.549Z
37,0x000a,-2.8031,0x00000000,2025-12-14T15:17:00.549Z,2025-12-14T15:17:00.549Z
36,0x000a,-1.71349,0x00000000,2025-12-14T15:17:00.549Z,2025-12-14T15:17:00.549Z
35,0x000a,-1.28829,0x00000000,2025-12-14T15:17:00.549Z,2025-12-14T15:17:00.549Z
34,0x000a,-2.36183,0x00000000,2025-12-14T15:17:00.549Z,2025-12-14T15:17:00.549Z
26,0x000a,9.08999,0x00000000,2025-12-14T15:17:00.549Z,2025-12-14T15:17:00.549Z
25,0x000a,8.25991,0x00000000,2025-12-14T15:17:00.549Z,2025-12-14T15:17:00.549Z
24,0x000a,6.94987,0x00000000,2025-12-14T15:17:00.549Z,2025-12-14T15:17:00.549Z
23,0x000a,-1.71349,0x00000000,2025-12-14T15:17:00.549Z,2025-12-14T15:17:00.549Z
22,0x000a,-1.28829,0x00000000,2025-12-14T15:17:00.549Z,2025-12-14T15:17:00.549Z
21,0x000a,-2.36183,0x00000000,2025-12-14T15:17:00.549Z,2025-12-14T15:17:00.549Z
8,0x0004,25132,0x00000000,2025-12-14T15:17:00.549Z,2025-12-14T15:17:00.549Z
7,0x0004,22837,0x00000000,2025-12-14T15:17:00.549Z,2025-12-14T15:17:00.549Z
6,0x0004,19215,0x00000000,2025-12-14T15:17:00.549Z,2025-12-14T15:17:00.549Z
39,0x000a,-4.30049,0x00000000,2025-12-14T15:17:00.652Z,2025-12-14T15:17:00.652Z
38,0x000a,-3.09968,0x00000000,2025-12-14T15:17:00.652Z,2025-12-14T15:17:00.652Z
37,0x000a,-5.49768,0x00000000,2025-12-14T15:17:00.652Z,2025-12-14T15:17:00.652Z
36,0x000a,-1.90565,0x00000000,2025-12-14T15:17:00.652Z,2025-12-14T15:17:00.652Z
35,0x000a,-1.39465,0x00000000,2025-12-14T15:17:00.652Z,2025-12-14T15:17:00.652Z
34,0x000a,-2.58247,0x00000000,2025-12-14T15:17:00.652Z,2025-12-14T15:17:00.652Z
26,0x000a,8.87985,0x00000000,2025-12-14T15:17:00.652Z,2025-12-14T15:17:00.652Z
25,0x000a,8.10981,0x00000000,2025-12-14T15:17:00.652Z,2025-12-14T15:17:00.652Z
24,0x000a,6.66992,0x00000000,2025-12-14T15:17:00.652Z,2025-12-14T15:17:00.652Z
23,0x000a,-1.90565,0x00000000,2025-12-14T15:17:00.652Z,2025-12-14T15:17:00.652Z
22,0x000a,-1.39465,0x00000000,2025-12-14T15:17:00.652Z,2025-12-14T15:17:00.652Z
21,0x000a,-2.58247,0x00000000,2025-12-14T15:17:00.652Z,2025-12-14T15:17:00.652Z
8,0x0004,24551,0x00000000,2025-12-14T15:17:00.652Z,2025-12-14T15:17:00.652Z
7,0x0004,22422,0x00000000,2025-12-14T15:17:00.652Z,2025-12-14T15:17:00.652Z
6,0x0004,18441,0x00000000,2025-12-14T15:17:00.652Z,2025-12-14T15:17:00.652Z
36,0x000a,-3.10307,0x00000000,2025-12-14T15:17:00.752Z,2025-12-14T15:17:00.752Z
35,0x000a,-2.24717,0x00000000,2025-12-14T15:17:00.752Z,2025-12-14T15:17:00.752Z
34,0x000a,-4.04007,0x00000000,2025-12-14T15:17:00.752Z,2025-12-14T15:17:00.752Z
26,0x000a,8.6697,0x00000000,2025-12-14T15:17:00.752Z,2025-12-14T15:17:00.752Z
25,0x000a,7.95971,0x00000000,2025-12-14T15:17:00.752Z,2025-12-14T15:17:00.752Z
24,0x000a,6.39974,0x00000000,2025-12-14T15:17:00.752Z,2025-12-14T15:17:00.752Z
23,0x000a,-3.10307,0x00000000,2025-12-14T15:17:00.752Z,2025-12-14T15:17:00.752Z
22,0x000a,-2.24717,0x00000000,2025-12-14T15:17:00.752Z,2025-12-14T15:17:00.752Z
21,0x000a,-4.04007,0x00000000,2025-12-14T15:17:00.752Z,2025-12-14T15:17:00.752Z
8,0x0004,23970,0x00000000,2025-12-14T15:17:00.752Z,2025-12-14T15:17:00.752Z
7,0x0004,22007,0x00000000,2025-12-14T15:17:00.752Z,2025-12-14T15:17:00.752Z
6,0x0004,17694,0x00000000,2025-12-14T15:17:00.752Z,2025-12-14T15:17:00.752Z
39,0x000a,-2.10142,0x00000000,2025-12-14T15:17:00.852Z,2025-12-14T15:17:00.852Z
38,0x000a,-1.50101,0x00000000,2025-12-14T15:17:00.852Z,2025-12-14T15:17:00.852Z
37,0x000a,-2.70183,0x00000000,2025-12-14T15:17:00.852Z,2025-12-14T15:17:00.852Z
26,0x000a,8.40965,0x00000000,2025-12-14T15:17:00.852Z,2025-12-14T15:17:00.852Z
25,0x000a,7.76982,0x00000000,2025-12-14T15:17:00.852Z,2025-12-14T15:17:00.852Z
24,0x000a,6.06988,0x00000000,2025-12-14T15:17:00.852Z,2025-12-14T15:17:00.852Z
8,0x0004,23251,0x00000000,2025-12-14T15:17:00.852Z,2025-12-14T15:17:00.852Z
7,0x0004,21482,0x00000000,2025-12-14T15:17:00.852Z,2025-12-14T15:17:00.852Z
6,0x0004,16782,0x00000000,2025-12-14T15:17:00.852Z,2025-12-14T15:17:00.852Z
39,0x000a,-2.60055,0x00000000,2025-12-14T15:17:00.951Z,2025-12-14T15:17:00.951Z
38,0x000a,-1.89887,0x00000000,2025-12-14T15:17:00.951Z,2025-12-14T15:17:00.951Z
37,0x000a,-3.29861,0x00000000,2025-12-14T15:17:00.951Z,2025-12-14T15:17:00.951Z
36,0x000a,-2.60224,0x00000000,2025-12-14T15:17:00.951Z,2025-12-14T15:17:00.951Z
35,0x000a,-1.87409,0x00000000,2025-12-14T15:17:00.951Z,2025-12-14T15:17:00.951Z
34,0x000a,-3.37095,0x00000000,2025-12-14T15:17:00.951Z,2025-12-14T15:17:00.951Z
23,0x000a,-2.60224,0x00000000,2025-12-14T15:17:00.951Z,2025-12-14T15:17:00.951Z
22,0x000a,-1.87409,0x00000000,2025-12-14T15:17:00.951Z,2025-12-14T15:17:00.951Z
21,0x000a,-3.37095,0x00000000,2025-12-14T15:17:00.951Z,2025-12-14T15:17:00.951Z
39,0x000a,-2.0978,0x00000000,2025-12-14T15:17:01.052Z,2025-12-14T15:17:01.052Z
38,0x000a,-1.50102,0x00000000,2025-12-14T15:17:01.052Z,2025-12-14T15:17:01.052Z
37,0x000a,-2.79948,0x00000000,2025-12-14T15:17:01.052Z,2025-12-14T15:17:01.052Z
36,0x000a,-2.6014,0x00000000,2025-12-14T15:17:01.052Z,2025-12-14T15:17:01.052Z
35,0x000a,-1.88648,0x00000000,2025-12-14T15:17:01.052Z,2025-12-14T15:17:01.052Z
34,0x000a,-3.33478,0x00000000,2025-12-14T15:17:01.052Z,2025-12-14T15:17:01.052Z
26,0x000a,8.19987,0x00000000,2025-12-14T15:17:01.052Z,2025-12-14T15:17:01.052Z
25,0x000a,7.61972,0x00000000,2025-12-14T15:17:01.052Z,2025-12-14T15:17:01.052Z
24,0x000a,5.78993,0x00000000,2025-12-14T15:17:01.052Z,2025-12-14T15:17:01.052Z
23,0x000a,-2.6014,0x00000000,2025-12-14T15:17:01.052Z,2025-12-14T15:17:01.052Z
22,0x000a,-1.88648,0x00000000,2025-12-14T15:17:01.052Z,2025-12-14T15:17:01.052Z
21,0x000a,-3.33478,0x00000000,2025-12-14T15:17:01.052Z,2025-12-14T15:17:01.052Z
8,0x0004,22671,0x00000000,2025-12-14T15:17:01.052Z,2025-12-14T15:17:01.052Z
7,0x0004,21067,0x00000000,2025-12-14T15:17:01.052Z,2025-12-14T15:17:01.052Z
6,0x0004,16008,0x00000000,2025-12-14T15:17:01.052Z,2025-12-14T15:17:01.052Z
39,0x000a,-2.10142,0x00000000,2025-12-14T15:17:01.150Z,2025-12-14T15:17:01.150Z
39,0x000a,-2.19907,0x00000000,2025-12-14T15:17:01.252Z,2025-12-14T15:17:01.252Z
38,0x000a,-1.49739,0x00000000,2025-12-14T15:17:01.150Z,2025-12-14T15:17:01.150Z
38,0x000a,-1.60229,0x00000000,2025-12-14T15:17:01.252Z,2025-12-14T15:17:01.252Z
37,0x000a,-2.79948,0x00000000,2025-12-14T15:17:01.150Z,2025-12-14T15:17:01.150Z
37,0x000a,-2.70182,0x00000000,2025-12-14T15:17:01.252Z,2025-12-14T15:17:01.252Z
36,0x000a,-2.3496,0x00000000,2025-12-14T15:17:01.150Z,2025-12-14T15:17:01.150Z
36,0x000a,-2.22551,0x00000000,2025-12-14T15:17:01.252Z,2025-12-14T15:17:01.252Z
35,0x000a,-1.69375,0x00000000,2025-12-14T15:17:01.150Z,2025-12-14T15:17:01.150Z
35,0x000a,-1.59557,0x00000000,2025-12-14T15:17:01.252Z,2025-12-14T15:17:01.252Z
34,0x000a,-3.06713,0x00000000,2025-12-14T15:17:01.150Z,2025-12-14T15:17:01.150Z
34,0x000a,-2.9333,0x00000000,2025-12-14T15:17:01.252Z,2025-12-14T15:17:01.252Z
26,0x000a,7.98973,0x00000000,2025-12-14T15:17:01.150Z,2025-12-14T15:17:01.150Z
26,0x000a,7.76982,0x00000000,2025-12-14T15:17:01.252Z,2025-12-14T15:17:01.252Z
25,0x000a,7.46998,0x00000000,2025-12-14T15:17:01.150Z,2025-12-14T15:17:01.150Z
25,0x000a,7.30975,0x00000000,2025-12-14T15:17:01.252Z,2025-12-14T15:17:01.252Z
24,0x000a,5.50998,0x00000000,2025-12-14T15:17:01.150Z,2025-12-14T15:17:01.150Z
24,0x000a,5.2398,0x00000000,2025-12-14T15:17:01.252Z,2025-12-14T15:17:01.252Z
23,0x000a,-2.3496,0x00000000,2025-12-14T15:17:01.150Z,2025-12-14T15:17:01.150Z
23,0x000a,-2.22551,0x00000000,2025-12-14T15:17:01.252Z,2025-12-14T15:17:01.252Z
22,0x000a,-1.69375,0x00000000,2025-12-14T15:17:01.150Z,2025-12-14T15:17:01.150Z
22,0x000a,-1.59557,0x00000000,2025-12-14T15:17:01.252Z,2025-12-14T15:17:01.252Z
21,0x000a,-3.06713,0x00000000,2025-12-14T15:17:01.150Z,2025-12-14T15:17:01.150Z
21,0x000a,-2.9333,0x00000000,2025-12-14T15:17:01.252Z,2025-12-14T15:17:01.252Z
14,0x0001,false,0x00000000,2025-12-14T15:17:01.252Z,2025-12-14T15:17:01.252Z
8,0x0004,22090,0x00000000,2025-12-14T15:17:01.150Z,2025-12-14T15:17:01.150Z
8,0x0004,21482,0x00000000,2025-12-14T15:17:01.252Z,2025-12-14T15:17:01.252Z
7,0x0004,20653,0x00000000,2025-12-14T15:17:01.150Z,2025-12-14T15:17:01.150Z
7,0x0004,20210,0x00000000,2025-12-14T15:17:01.252Z,2025-12-14T15:17:01.252Z
6,0x0004,15234,0x00000000,2025-12-14T15:17:01.150Z,2025-12-14T15:17:01.150Z
6,0x0004,14487,0x00000000,2025-12-14T15:17:01.252Z,2025-12-14T15:17:01.252Z
39,0x000a,-2.10142,0x00000000,2025-12-14T15:17:01.352Z,2025-12-14T15:17:01.352Z
38,0x000a,-1.50101,0x00000000,2025-12-14T15:17:01.352Z,2025-12-14T15:17:01.352Z
37,0x000a,-2.79948,0x00000000,2025-12-14T15:17:01.352Z,2025-12-14T15:17:01.352Z
36,0x000a,-2.21229,0x00000000,2025-12-14T15:17:01.352Z,2025-12-14T15:17:01.352Z
35,0x000a,-1.59893,0x00000000,2025-12-14T15:17:01.352Z,2025-12-14T15:17:01.352Z
34,0x000a,-2.81756,0x00000000,2025-12-14T15:17:01.352Z,2025-12-14T15:17:01.352Z
26,0x000a,7.55968,0x00000000,2025-12-14T15:17:01.352Z,2025-12-14T15:17:01.352Z
25,0x000a,7.15965,0x00000000,2025-12-14T15:17:01.352Z,2025-12-14T15:17:01.352Z
24,0x000a,4.95985,0x00000000,2025-12-14T15:17:01.352Z,2025-12-14T15:17:01.352Z
23,0x000a,-2.21229,0x00000000,2025-12-14T15:17:01.352Z,2025-12-14T15:17:01.352Z
22,0x000a,-1.59893,0x00000000,2025-12-14T15:17:01.352Z,2025-12-14T15:17:01.352Z
21,0x000a,-2.81756,0x00000000,2025-12-14T15:17:01.352Z,2025-12-14T15:17:01.352Z
8,0x0004,20901,0x00000000,2025-12-14T15:17:01.352Z,2025-12-14T15:17:01.352Z
7,0x0004,19795,0x00000000,2025-12-14T15:17:01.352Z,2025-12-14T15:17:01.352Z
6,0x0004,13713,0x00000000,2025-12-14T15:17:01.352Z,2025-12-14T15:17:01.352Z
39,0x000a,-2.0978,0x00000000,2025-12-14T15:17:01.452Z,2025-12-14T15:17:01.452Z
38,0x000a,-1.4974,0x00000000,2025-12-14T15:17:01.452Z,2025-12-14T15:17:01.452Z
37,0x000a,-1.59867,0x00000000,2025-12-14T15:17:01.452Z,2025-12-14T15:17:01.452Z
36,0x000a,-2.15686,0x00000000,2025-12-14T15:17:01.452Z,2025-12-14T15:17:01.452Z
35,0x000a,-1.54997,0x00000000,2025-12-14T15:17:01.452Z,2025-12-14T15:17:01.452Z
34,0x000a,-2.80852,0x00000000,2025-12-14T15:17:01.452Z,2025-12-14T15:17:01.452Z
26,0x000a,7.3499,0x00000000,2025-12-14T15:17:01.452Z,2025-12-14T15:17:01.452Z
25,0x000a,7.00991,0x00000000,2025-12-14T15:17:01.452Z,2025-12-14T15:17:01.452Z
24,0x000a,4.79999,0x00000000,2025-12-14T15:17:01.452Z,2025-12-14T15:17:01.452Z
23,0x000a,-2.15686,0x00000000,2025-12-14T15:17:01.452Z,2025-12-14T15:17:01.452Z
22,0x000a,-1.54997,0x00000000,2025-12-14T15:17:01.452Z,2025-12-14T15:17:01.452Z
21,0x000a,-2.80852,0x00000000,2025-12-14T15:17:01.452Z,2025-12-14T15:17:01.452Z
8,0x0004,20321,0x00000000,2025-12-14T15:17:01.452Z,2025-12-14T15:17:01.452Z
7,0x0004,19381,0x00000000,2025-12-14T15:17:01.452Z,2025-12-14T15:17:01.452Z
6,0x0004,13271,0x00000000,2025-12-14T15:17:01.452Z,2025-12-14T15:17:01.452Z
36,0x000a,-2.12733,0x00000000,2025-12-14T15:17:01.550Z,2025-12-14T15:17:01.550Z
35,0x000a,-1.52368,0x00000000,2025-12-14T15:17:01.550Z,2025-12-14T15:17:01.550Z
34,0x000a,-2.2036,0x00000000,2025-12-14T15:17:01.550Z,2025-12-14T15:17:01.550Z
26,0x000a,7.08984,0x00000000,2025-12-14T15:17:01.550Z,2025-12-14T15:17:01.550Z
25,0x000a,6.81966,0x00000000,2025-12-14T15:17:01.550Z,2025-12-14T15:17:01.550Z
23,0x000a,-2.12733,0x00000000,2025-12-14T15:17:01.550Z,2025-12-14T15:17:01.550Z
22,0x000a,-1.52368,0x00000000,2025-12-14T15:17:01.550Z,2025-12-14T15:17:01.550Z
21,0x000a,-2.2036,0x00000000,2025-12-14T15:17:01.550Z,2025-12-14T15:17:01.550Z
8,0x0004,19602,0x00000000,2025-12-14T15:17:01.550Z,2025-12-14T15:17:01.550Z
7,0x0004,18855,0x00000000,2025-12-14T15:17:01.550Z,2025-12-14T15:17:01.550Z
39,0x000a,-2.60055,0x00000000,2025-12-14T15:17:01.653Z,2025-12-14T15:17:01.653Z
38,0x000a,-1.90249,0x00000000,2025-12-14T15:17:01.653Z,2025-12-14T15:17:01.653Z
37,0x000a,0,0x00000000,2025-12-14T15:17:01.653Z,2025-12-14T15:17:01.653Z
26,0x000a,6.91985,0x00000000,2025-12-14T15:17:01.653Z,2025-12-14T15:17:01.653Z
25,0x000a,6.69994,0x00000000,2025-12-14T15:17:01.653Z,2025-12-14T15:17:01.653Z
8,0x0004,19132,0x00000000,2025-12-14T15:17:01.653Z,2025-12-14T15:17:01.653Z
7,0x0004,18524,0x00000000,2025-12-14T15:17:01.653Z,2025-12-14T15:17:01.653Z
40,0x0001,true,0x00000000,2025-12-14T15:17:01.753Z,2025-12-14T15:17:01.753Z
39,0x000a,-1.69994,0x00000000,2025-12-14T15:17:01.753Z,2025-12-14T15:17:01.753Z
38,0x000a,-1.19719,0x00000000,2025-12-14T15:17:01.753Z,2025-12-14T15:17:01.753Z
36,0x000a,-2.36394,0x00000000,2025-12-14T15:17:01.753Z,2025-12-14T15:17:01.753Z
35,0x000a,-1.71309,0x00000000,2025-12-14T15:17:01.753Z,2025-12-14T15:17:01.753Z
34,0x000a,-1.1018,0x00000000,2025-12-14T15:17:01.753Z,2025-12-14T15:17:01.753Z
26,0x000a,6.70971,0x00000000,2025-12-14T15:17:01.753Z,2025-12-14T15:17:01.753Z
25,0x000a,6.54984,0x00000000,2025-12-14T15:17:01.753Z,2025-12-14T15:17:01.753Z
23,0x000a,-2.36394,0x00000000,2025-12-14T15:17:01.753Z,2025-12-14T15:17:01.753Z
22,0x000a,-1.71309,0x00000000,2025-12-14T15:17:01.753Z,2025-12-14T15:17:01.753Z
21,0x000a,-1.1018,0x00000000,2025-12-14T15:17:01.753Z,2025-12-14T15:17:01.753Z
8,0x0004,18551,0x00000000,2025-12-14T15:17:01.753Z,2025-12-14T15:17:01.753Z
7,0x0004,18109,0x00000000,2025-12-14T15:17:01.753Z,2025-12-14T15:17:01.753Z
39,0x000a,-4.70197,0x00000000,2025-12-14T15:17:01.852Z,2025-12-14T15:17:01.852Z
38,0x000a,-3.39989,0x00000000,2025-12-14T15:17:01.852Z,2025-12-14T15:17:01.852Z
36,0x000a,-2.03194,0x00000000,2025-12-14T15:17:01.852Z,2025-12-14T15:17:01.852Z
35,0x000a,-1.45514,0x00000000,2025-12-14T15:17:01.852Z,2025-12-14T15:17:01.852Z
34,0x000a,-0.550899,0x00000000,2025-12-14T15:17:01.852Z,2025-12-14T15:17:01.852Z
26,0x000a,6.44965,0x00000000,2025-12-14T15:17:01.852Z,2025-12-14T15:17:01.852Z
25,0x000a,6.35995,0x00000000,2025-12-14T15:17:01.852Z,2025-12-14T15:17:01.852Z
23,0x000a,-2.03194,0x00000000,2025-12-14T15:17:01.852Z,2025-12-14T15:17:01.852Z
22,0x000a,-1.45514,0x00000000,2025-12-14T15:17:01.852Z,2025-12-14T15:17:01.852Z
21,0x000a,-0.550899,0x00000000,2025-12-14T15:17:01.852Z,2025-12-14T15:17:01.852Z
8,0x0004,17832,0x00000000,2025-12-14T15:17:01.852Z,2025-12-14T15:17:01.852Z
7,0x0004,17584,0x00000000,2025-12-14T15:17:01.852Z,2025-12-14T15:17:01.852Z
39,0x000a,-2.0978,0x00000000,2025-12-14T15:17:01.950Z,2025-12-14T15:17:01.950Z
38,0x000a,-1.50101,0x00000000,2025-12-14T15:17:01.950Z,2025-12-14T15:17:01.950Z
36,0x000a,-3.36695,0x00000000,2025-12-14T15:17:01.950Z,2025-12-14T15:17:01.950Z
35,0x000a,-2.42751,0x00000000,2025-12-14T15:17:01.950Z,2025-12-14T15:17:01.950Z
34,0x000a,-0.275449,0x00000000,2025-12-14T15:17:01.950Z,2025-12-14T15:17:01.950Z
26,0x000a,6.23987,0x00000000,2025-12-14T15:17:01.950Z,2025-12-14T15:17:01.950Z
25,0x000a,6.20985,0x00000000,2025-12-14T15:17:01.950Z,2025-12-14T15:17:01.950Z
23,0x000a,-3.36695,0x00000000,2025-12-14T15:17:01.950Z,2025-12-14T15:17:01.950Z
22,0x000a,-2.42751,0x00000000,2025-12-14T15:17:01.950Z,2025-12-14T15:17:01.950Z
21,0x000a,-0.275449,0x00000000,2025-12-14T15:17:01.950Z,2025-12-14T15:17:01.950Z
8,0x0004,17252,0x00000000,2025-12-14T15:17:01.950Z,2025-12-14T15:17:01.950Z
7,0x0004,17169,0x00000000,2025-12-14T15:17:01.950Z,2025-12-14T15:17:01.950Z
39,0x000a,-2.10142,0x00000000,2025-12-14T15:17:02.052Z,2025-12-14T15:17:02.052Z
36,0x000a,-2.73238,0x00000000,2025-12-14T15:17:02.052Z,2025-12-14T15:17:02.052Z
35,0x000a,-1.96426,0x00000000,2025-12-14T15:17:02.052Z,2025-12-14T15:17:02.052Z
34,0x000a,-0.137725,0x00000000,2025-12-14T15:17:02.052Z,2025-12-14T15:17:02.052Z
26,0x000a,6.02973,0x00000000,2025-12-14T15:17:02.052Z,2025-12-14T15:17:02.052Z
25,0x000a,6.05975,0x00000000,2025-12-14T15:17:02.052Z,2025-12-14T15:17:02.052Z
23,0x000a,-2.73238,0x00000000,2025-12-14T15:17:02.052Z,2025-12-14T15:17:02.052Z
22,0x000a,-1.96426,0x00000000,2025-12-14T15:17:02.052Z,2025-12-14T15:17:02.052Z
21,0x000a,-0.137725,0x00000000,2025-12-14T15:17:02.052Z,2025-12-14T15:17:02.052Z
8,0x0004,16671,0x00000000,2025-12-14T15:17:02.052Z,2025-12-14T15:17:02.052Z
7,0x0004,16754,0x00000000,2025-12-14T15:17:02.052Z,2025-12-14T15:17:02.052Z
39,0x000a,-2.19907,0x00000000,2025-12-14T15:17:02.151Z,2025-12-14T15:17:02.151Z
38,0x000a,-1.59867,0x00000000,2025-12-14T15:17:02.151Z,2025-12-14T15:17:02.151Z
36,0x000a,-2.4169,0x00000000,2025-12-14T15:17:02.151Z,2025-12-14T15:17:02.151Z
35,0x000a,-1.73264,0x00000000,2025-12-14T15:17:02.151Z,2025-12-14T15:17:02.151Z
34,0x000a,-0.0688623,0x00000000,2025-12-14T15:17:02.151Z,2025-12-14T15:17:02.151Z
26,0x000a,5.80982,0x00000000,2025-12-14T15:17:02.151Z,2025-12-14T15:17:02.151Z
25,0x000a,5.89988,0x00000000,2025-12-14T15:17:02.151Z,2025-12-14T15:17:02.151Z
23,0x000a,-2.4169,0x00000000,2025-12-14T15:17:02.151Z,2025-12-14T15:17:02.151Z
22,0x000a,-1.73264,0x00000000,2025-12-14T15:17:02.151Z,2025-12-14T15:17:02.151Z
21,0x000a,-0.0688623,0x00000000,2025-12-14T15:17:02.151Z,2025-12-14T15:17:02.151Z
8,0x0004,16063,0x00000000,2025-12-14T15:17:02.151Z,2025-12-14T15:17:02.151Z
7,0x0004,16312,0x00000000,2025-12-14T15:17:02.151Z,2025-12-14T15:17:02.151Z
39,0x000a,-2.10142,0x00000000,2025-12-14T15:17:02.253Z,2025-12-14T15:17:02.253Z
38,0x000a,-1.50101,0x00000000,2025-12-14T15:17:02.253Z,2025-12-14T15:17:02.253Z
36,0x000a,-2.30799,0x00000000,2025-12-14T15:17:02.253Z,2025-12-14T15:17:02.253Z
35,0x000a,-1.66565,0x00000000,2025-12-14T15:17:02.253Z,2025-12-14T15:17:02.253Z
34,0x000a,-0.0344312,0x00000000,2025-12-14T15:17:02.253Z,2025-12-14T15:17:02.253Z
26,0x000a,5.59968,0x00000000,2025-12-14T15:17:02.253Z,2025-12-14T15:17:02.253Z
25,0x000a,5.74978,0x00000000,2025-12-14T15:17:02.253Z,2025-12-14T15:17:02.253Z
23,0x000a,-2.30799,0x00000000,2025-12-14T15:17:02.253Z,2025-12-14T15:17:02.253Z
22,0x000a,-1.66565,0x00000000,2025-12-14T15:17:02.253Z,2025-12-14T15:17:02.253Z
21,0x000a,-0.0344312,0x00000000,2025-12-14T15:17:02.253Z,2025-12-14T15:17:02.253Z
8,0x0004,15482,0x00000000,2025-12-14T15:17:02.253Z,2025-12-14T15:17:02.253Z
7,0x0004,15897,0x00000000,2025-12-14T15:17:02.253Z,2025-12-14T15:17:02.253Z
39,0x000a,-2.0978,0x00000000,2025-12-14T15:17:02.350Z,2025-12-14T15:17:02.350Z
38,0x000a,-1.50102,0x00000000,2025-12-14T15:17:02.350Z,2025-12-14T15:17:02.350Z
36,0x000a,-2.2047,0x00000000,2025-12-14T15:17:02.350Z,2025-12-14T15:17:02.350Z
35,0x000a,-1.58333,0x00000000,2025-12-14T15:17:02.350Z,2025-12-14T15:17:02.350Z
34,0x000a,-0.0172156,0x00000000,2025-12-14T15:17:02.350Z,2025-12-14T15:17:02.350Z
26,0x000a,5.3899,0x00000000,2025-12-14T15:17:02.350Z,2025-12-14T15:17:02.350Z
25,0x000a,5.59968,0x00000000,2025-12-14T15:17:02.350Z,2025-12-14T15:17:02.350Z
23,0x000a,-2.2047,0x00000000,2025-12-14T15:17:02.350Z,2025-12-14T15:17:02.350Z
22,0x000a,-1.58333,0x00000000,2025-12-14T15:17:02.350Z,2025-12-14T15:17:02.350Z
21,0x000a,-0.0172156,0x00000000,2025-12-14T15:17:02.350Z,2025-12-14T15:17:02.350Z
8,0x0004,14902,0x00000000,2025-12-14T15:17:02.350Z,2025-12-14T15:17:02.350Z
7,0x0004,15482,0x00000000,2025-12-14T15:17:02.350Z,2025-12-14T15:17:02.350Z
36,0x000a,-2.15125,0x00000000,2025-12-14T15:17:02.450Z,2025-12-14T15:17:02.450Z
35,0x000a,-1.54217,0x00000000,2025-12-14T15:17:02.450Z,2025-12-14T15:17:02.450Z
34,0x000a,-0.00860779,0x00000000,2025-12-14T15:17:02.450Z,2025-12-14T15:17:02.450Z
26,0x000a,5.16999,0x00000000,2025-12-14T15:17:02.450Z,2025-12-14T15:17:02.450Z
25,0x000a,5.43981,0x00000000,2025-12-14T15:17:02.450Z,2025-12-14T15:17:02.450Z
23,0x000a,-2.15125,0x00000000,2025-12-14T15:17:02.450Z,2025-12-14T15:17:02.450Z
22,0x000a,-1.54217,0x00000000,2025-12-14T15:17:02.450Z,2025-12-14T15:17:02.450Z
21,0x000a,-0.00860779,0x00000000,2025-12-14T15:17:02.450Z,2025-12-14T15:17:02.450Z
18,0x0001,false,0x00000000,2025-12-14T15:17:02.450Z,2025-12-14T15:17:02.450Z
8,0x0004,14294,0x00000000,2025-12-14T15:17:02.450Z,2025-12-14T15:17:02.450Z
7,0x0004,15040,0x00000000,2025-12-14T15:17:02.450Z,2025-12-14T15:17:02.450Z
39,0x000a,-2.19907,0x00000000,2025-12-14T15:17:02.551Z,2025-12-14T15:17:02.551Z
38,0x000a,-1.59867,0x00000000,2025-12-14T15:17:02.551Z,2025-12-14T15:17:02.551Z
26,0x000a,4.9197,0x00000000,2025-12-14T15:17:02.551Z,2025-12-14T15:17:02.551Z
25,0x000a,5.25969,0x00000000,2025-12-14T15:17:02.551Z,2025-12-14T15:17:02.551Z
16,0x0001,false,0x00000000,2025-12-14T15:17:02.551Z,2025-12-14T15:17:02.551Z
8,0x0004,13602,0x00000000,2025-12-14T15:17:02.551Z,2025-12-14T15:17:02.551Z
7,0x0004,14542,0x00000000,2025-12-14T15:17:02.551Z,2025-12-14T15:17:02.551Z
39,0x000a,-2.50289,0x00000000,2025-12-14T15:17:02.652Z,2025-12-14T15:17:02.652Z
38,0x000a,-1.80121,0x00000000,2025-12-14T15:17:02.652Z,2025-12-14T15:17:02.652Z
36,0x000a,-2.17516,0x00000000,2025-12-14T15:17:02.652Z,2025-12-14T15:17:02.652Z
35,0x000a,-1.57042,0x00000000,2025-12-14T15:17:02.652Z,2025-12-14T15:17:02.652Z
34,0x000a,-0.0043039,0x00000000,2025-12-14T15:17:02.652Z,2025-12-14T15:17:02.652Z
26,0x000a,4.78986,0x00000000,2025-12-14T15:17:02.652Z,2025-12-14T15:17:02.652Z
25,0x000a,5.09983,0x00000000,2025-12-14T15:17:02.652Z,2025-12-14T15:17:02.652Z
23,0x000a,-2.17516,0x00000000,2025-12-14T15:17:02.652Z,2025-12-14T15:17:02.652Z
22,0x000a,-1.57042,0x00000000,2025-12-14T15:17:02.652Z,2025-12-14T15:17:02.652Z
21,0x000a,-0.0043039,0x00000000,2025-12-14T15:17:02.652Z,2025-12-14T15:17:02.652Z
8,0x0004,13243,0x00000000,2025-12-14T15:17:02.652Z,2025-12-14T15:17:02.652Z
7,0x0004,14100,0x00000000,2025-12-14T15:17:02.652Z,2025-12-14T15:17:02.652Z
39,0x000a,-1.29847,0x00000000,2025-12-14T15:17:02.750Z,2025-12-14T15:17:02.750Z
38,0x000a,-1.59867,0x00000000,2025-12-14T15:17:02.750Z,2025-12-14T15:17:02.750Z
36,0x000a,-2.33903,0x00000000,2025-12-14T15:17:02.750Z,2025-12-14T15:17:02.750Z
35,0x000a,-1.68582,0x00000000,2025-12-14T15:17:02.750Z,2025-12-14T15:17:02.750Z
34,0x000a,-0.00215195,0x00000000,2025-12-14T15:17:02.750Z,2025-12-14T15:17:02.750Z
25,0x000a,5.00977,0x00000000,2025-12-14T15:17:02.750Z,2025-12-14T15:17:02.750Z
23,0x000a,-2.33903,0x00000000,2025-12-14T15:17:02.750Z,2025-12-14T15:17:02.750Z
22,0x000a,-1.68582,0x00000000,2025-12-14T15:17:02.750Z,2025-12-14T15:17:02.750Z
21,0x000a,-0.00215195,0x00000000,2025-12-14T15:17:02.750Z,2025-12-14T15:17:02.750Z
7,0x0004,13851,0x00000000,2025-12-14T15:17:02.750Z,2025-12-14T15:17:02.750Z
42,0x0001,true,0x00000000,2025-12-14T15:17:02.951Z,2025-12-14T15:17:02.951Z
39,0x000a,0,0x00000000,2025-12-14T15:17:02.850Z,2025-12-14T15:17:02.850Z
38,0x000a,-0.900607,0x00000000,2025-12-14T15:17:02.850Z,2025-12-14T15:17:02.850Z
38,0x000a,0,0x00000000,2025-12-14T15:17:02.951Z,2025-12-14T15:17:02.951Z
36,0x000a,-1.81875,0x00000000,2025-12-14T15:17:02.850Z,2025-12-14T15:17:02.850Z
36,0x000a,-0.909373,0x00000000,2025-12-14T15:17:02.951Z,2025-12-14T15:17:02.951Z
35,0x000a,-1.64224,0x00000000,2025-12-14T15:17:02.850Z,2025-12-14T15:17:02.850Z
35,0x000a,-1.27143,0x00000000,2025-12-14T15:17:02.951Z,2025-12-14T15:17:02.951Z
34,0x000a,-0.00107597,0x00000000,2025-12-14T15:17:02.850Z,2025-12-14T15:17:02.850Z
34,0x000a,-0.000537987,0x00000000,2025-12-14T15:17:02.951Z,2025-12-14T15:17:02.951Z
23,0x000a,-1.81875,0x00000000,2025-12-14T15:17:02.850Z,2025-12-14T15:17:02.850Z
23,0x000a,-0.909373,0x00000000,2025-12-14T15:17:02.951Z,2025-12-14T15:17:02.951Z
22,0x000a,-1.64224,0x00000000,2025-12-14T15:17:02.850Z,2025-12-14T15:17:02.850Z
22,0x000a,-1.27143,0x00000000,2025-12-14T15:17:02.951Z,2025-12-14T15:17:02.951Z
21,0x000a,-0.00107597,0x00000000,2025-12-14T15:17:02.850Z,2025-12-14T15:17:02.850Z
21,0x000a,-0.000537987,0x00000000,2025-12-14T15:17:02.951Z,2025-12-14T15:17:02.951Z
42,0x0001,false,0x00000000,2025-12-14T15:17:03.050Z,2025-12-14T15:17:03.050Z
40,0x0001,false,0x00000000,2025-12-14T15:17:03.050Z,2025-12-14T15:17:03.050Z
36,0x000a,-0.454687,0x00000000,2025-12-14T15:17:03.050Z,2025-12-14T15:17:03.050Z
35,0x000a,-0.635713,0x00000000,2025-12-14T15:17:03.050Z,2025-12-14T15:17:03.050Z
34,0x000a,-0.000268994,0x00000000,2025-12-14T15:17:03.050Z,2025-12-14T15:17:03.050Z
23,0x000a,-0.454687,0x00000000,2025-12-14T15:17:03.050Z,2025-12-14T15:17:03.050Z
22,0x000a,-0.635713,0x00000000,2025-12-14T15:17:03.050Z,2025-12-14T15:17:03.050Z
21,0x000a,-0.000268994,0x00000000,2025-12-14T15:17:03.050Z,2025-12-14T15:17:03.050Z
18,0x0001,true,0x00000000,2025-12-14T15:17:03.050Z,2025-12-14T15:17:03.050Z
16,0x0001,true,0x00000000,2025-12-14T15:17:03.050Z,2025-12-14T15:17:03.050Z
14,0x0001,true,0x00000000,2025-12-14T15:17:03.050Z,2025-12-14T15:17:03.050Z
4,0x000a,0,0x00000000,2025-12-14T15:17:03.050Z,2025-12-14T15:17:03.050Z
3,0x000a,0,0x00000000,2025-12-14T15:17:03.050Z,2025-12-14T15:17:03.050Z
2,0x000a,0,0x00000000,2025-12-14T15:17:03.050Z,2025-12-14T15:17:03.050Z
36,0x000a,-0.227343,0x00000000,2025-12-14T15:17:03.151Z,2025-12-14T15:17:03.151Z
35,0x000a,-0.317856,0x00000000,2025-12-14T15:17:03.151Z,2025-12-14T15:17:03.151Z
34,0x000a,-0.000134497,0x00000000,2025-12-14T15:17:03.151Z,2025-12-14T15:17:03.151Z
23,0x000a,-0.227343,0x00000000,2025-12-14T15:17:03.151Z,2025-12-14T15:17:03.151Z
22,0x000a,-0.317856,0x00000000,2025-12-14T15:17:03.151Z,2025-12-14T15:17:03.151Z
21,0x000a,-0.000134497,0x00000000,2025-12-14T15:17:03.151Z,2025-12-14T15:17:03.151Z
39,0x000a,-0.300202,0x00000000,2025-12-14T15:17:03.250Z,2025-12-14T15:17:03.250Z
38,0x000a,-0.600405,0x00000000,2025-12-14T15:17:03.250Z,2025-12-14T15:17:03.250Z
37,0x000a,-1.10315,0x00000000,2025-12-14T15:17:03.250Z,2025-12-14T15:17:03.250Z
36,0x000a,-0.113672,0x00000000,2025-12-14T15:17:03.250Z,2025-12-14T15:17:03.250Z
35,0x000a,-0.158928,0x00000000,2025-12-14T15:17:03.250Z,2025-12-14T15:17:03.250Z
34,0x000a,-6.72484e-05,0x00000000,2025-12-14T15:17:03.250Z,2025-12-14T15:17:03.250Z
26,0x000a,4.75984,0x00000000,2025-12-14T15:17:03.250Z,2025-12-14T15:17:03.250Z
25,0x000a,4.94973,0x00000000,2025-12-14T15:17:03.250Z,2025-12-14T15:17:03.250Z
24,0x000a,4.68967,0x00000000,2025-12-14T15:17:03.250Z,2025-12-14T15:17:03.250Z
23,0x000a,-0.113672,0x00000000,2025-12-14T15:17:03.250Z,2025-12-14T15:17:03.250Z
22,0x000a,-0.158928,0x00000000,2025-12-14T15:17:03.250Z,2025-12-14T15:17:03.250Z
21,0x000a,-6.72484e-05,0x00000000,2025-12-14T15:17:03.250Z,2025-12-14T15:17:03.250Z
8,0x0004,13160,0x00000000,2025-12-14T15:17:03.250Z,2025-12-14T15:17:03.250Z
7,0x0004,13685,0x00000000,2025-12-14T15:17:03.250Z,2025-12-14T15:17:03.250Z
6,0x0004,12966,0x00000000,2025-12-14T15:17:03.250Z,2025-12-14T15:17:03.250Z
36,0x000a,-0.206937,0x00000000,2025-12-14T15:17:03.351Z,2025-12-14T15:17:03.351Z
35,0x000a,-0.379666,0x00000000,2025-12-14T15:17:03.351Z,2025-12-14T15:17:03.351Z
34,0x000a,-0.55161,0x00000000,2025-12-14T15:17:03.351Z,2025-12-14T15:17:03.351Z
26,0x000a,4.5497,0x00000000,2025-12-14T15:17:03.351Z,2025-12-14T15:17:03.351Z
25,0x000a,4.79999,0x00000000,2025-12-14T15:17:03.351Z,2025-12-14T15:17:03.351Z
24,0x000a,4.40972,0x00000000,2025-12-14T15:17:03.351Z,2025-12-14T15:17:03.351Z
23,0x000a,-0.206937,0x00000000,2025-12-14T15:17:03.351Z,2025-12-14T15:17:03.351Z
22,0x000a,-0.379666,0x00000000,2025-12-14T15:17:03.351Z,2025-12-14T15:17:03.351Z
21,0x000a,-0.55161,0x00000000,2025-12-14T15:17:03.351Z,2025-12-14T15:17:03.351Z
8,0x0004,12579,0x00000000,2025-12-14T15:17:03.351Z,2025-12-14T15:17:03.351Z
7,0x0004,13271,0x00000000,2025-12-14T15:17:03.351Z,2025-12-14T15:17:03.351Z
6,0x0004,12192,0x00000000,2025-12-14T15:17:03.351Z,2025-12-14T15:17:03.351Z
39,0x000a,-2.10142,0x00000000,2025-12-14T15:17:03.450Z,2025-12-14T15:17:03.450Z
38,0x000a,-1.4974,0x00000000,2025-12-14T15:17:03.450Z,2025-12-14T15:17:03.450Z
37,0x000a,-2.79948,0x00000000,2025-12-14T15:17:03.450Z,2025-12-14T15:17:03.450Z
26,0x000a,4.32979,0x00000000,2025-12-14T15:17:03.450Z,2025-12-14T15:17:03.450Z
25,0x000a,4.63976,0x00000000,2025-12-14T15:17:03.450Z,2025-12-14T15:17:03.450Z
24,0x000a,4.12977,0x00000000,2025-12-14T15:17:03.450Z,2025-12-14T15:17:03.450Z
8,0x0004,11971,0x00000000,2025-12-14T15:17:03.450Z,2025-12-14T15:17:03.450Z
7,0x0004,12828,0x00000000,2025-12-14T15:17:03.450Z,2025-12-14T15:17:03.450Z
6,0x0004,11418,0x00000000,2025-12-14T15:17:03.450Z,2025-12-14T15:17:03.450Z
39,0x000a,-2.19907,0x00000000,2025-12-14T15:17:03.550Z,2025-12-14T15:17:03.550Z
38,0x000a,-1.60229,0x00000000,2025-12-14T15:17:03.550Z,2025-12-14T15:17:03.550Z
37,0x000a,-2.79948,0x00000000,2025-12-14T15:17:03.550Z,2025-12-14T15:17:03.550Z
36,0x000a,-1.15418,0x00000000,2025-12-14T15:17:03.550Z,2025-12-14T15:17:03.550Z
35,0x000a,-0.938532,0x00000000,2025-12-14T15:17:03.550Z,2025-12-14T15:17:03.550Z
34,0x000a,-1.67554,0x00000000,2025-12-14T15:17:03.550Z,2025-12-14T15:17:03.550Z
26,0x000a,4.07986,0x00000000,2025-12-14T15:17:03.550Z,2025-12-14T15:17:03.550Z
25,0x000a,4.46,0x00000000,2025-12-14T15:17:03.550Z,2025-12-14T15:17:03.550Z
24,0x000a,3.79991,0x00000000,2025-12-14T15:17:03.550Z,2025-12-14T15:17:03.550Z
23,0x000a,-1.15418,0x00000000,2025-12-14T15:17:03.550Z,2025-12-14T15:17:03.550Z
22,0x000a,-0.938532,0x00000000,2025-12-14T15:17:03.550Z,2025-12-14T15:17:03.550Z
21,0x000a,-1.67554,0x00000000,2025-12-14T15:17:03.550Z,2025-12-14T15:17:03.550Z
8,0x0004,11280,0x00000000,2025-12-14T15:17:03.550Z,2025-12-14T15:17:03.550Z
7,0x0004,12331,0x00000000,2025-12-14T15:17:03.550Z,2025-12-14T15:17:03.550Z
6,0x0004,10506,0x00000000,2025-12-14T15:17:03.550Z,2025-12-14T15:17:03.550Z
39,0x000a,-2.49928,0x00000000,2025-12-14T15:17:03.650Z,2025-12-14T15:17:03.650Z
38,0x000a,-1.7976,0x00000000,2025-12-14T15:17:03.650Z,2025-12-14T15:17:03.650Z
37,0x000a,-3.29861,0x00000000,2025-12-14T15:17:03.650Z,2025-12-14T15:17:03.650Z
36,0x000a,-1.67663,0x00000000,2025-12-14T15:17:03.650Z,2025-12-14T15:17:03.650Z
35,0x000a,-1.27041,0x00000000,2025-12-14T15:17:03.650Z,2025-12-14T15:17:03.650Z
34,0x000a,-2.23751,0x00000000,2025-12-14T15:17:03.650Z,2025-12-14T15:17:03.650Z
26,0x000a,3.85995,0x00000000,2025-12-14T15:17:03.650Z,2025-12-14T15:17:03.650Z
25,0x000a,4.3099,0x00000000,2025-12-14T15:17:03.650Z,2025-12-14T15:17:03.650Z
24,0x000a,3.52973,0x00000000,2025-12-14T15:17:03.650Z,2025-12-14T15:17:03.650Z
23,0x000a,-1.67663,0x00000000,2025-12-14T15:17:03.650Z,2025-12-14T15:17:03.650Z
22,0x000a,-1.27041,0x00000000,2025-12-14T15:17:03.650Z,2025-12-14T15:17:03.650Z
21,0x000a,-2.23751,0x00000000,2025-12-14T15:17:03.650Z,2025-12-14T15:17:03.650Z
8,0x0004,10672,0x00000000,2025-12-14T15:17:03.650Z,2025-12-14T15:17:03.650Z
7,0x0004,11916,0x00000000,2025-12-14T15:17:03.650Z,2025-12-14T15:17:03.650Z
6,0x0004,9759,0x00000000,2025-12-14T15:17:03.650Z,2025-12-14T15:17:03.650Z
39,0x000a,-2.19908,0x00000000,2025-12-14T15:17:03.750Z,2025-12-14T15:17:03.750Z
38,0x000a,-1.50101,0x00000000,2025-12-14T15:17:03.750Z,2025-12-14T15:17:03.750Z
37,0x000a,-2.70182,0x00000000,2025-12-14T15:17:03.750Z,2025-12-14T15:17:03.750Z
36,0x000a,-2.08795,0x00000000,2025-12-14T15:17:03.750Z,2025-12-14T15:17:03.750Z
35,0x000a,-1.534,0x00000000,2025-12-14T15:17:03.750Z,2025-12-14T15:17:03.750Z
34,0x000a,-2.76806,0x00000000,2025-12-14T15:17:03.750Z,2025-12-14T15:17:03.750Z
26,0x000a,3.64981,0x00000000,2025-12-14T15:17:03.750Z,2025-12-14T15:17:03.750Z
25,0x000a,4.14967,0x00000000,2025-12-14T15:17:03.750Z,2025-12-14T15:17:03.750Z
24,0x000a,3.24978,0x00000000,2025-12-14T15:17:03.750Z,2025-12-14T15:17:03.750Z
23,0x000a,-2.08795,0x00000000,2025-12-14T15:17:03.750Z,2025-12-14T15:17:03.750Z
22,0x000a,-1.534,0x00000000,2025-12-14T15:17:03.750Z,2025-12-14T15:17:03.750Z
21,0x000a,-2.76806,0x00000000,2025-12-14T15:17:03.750Z,2025-12-14T15:17:03.750Z
8,0x0004,10091,0x00000000,2025-12-14T15:17:03.750Z,2025-12-14T15:17:03.750Z
7,0x0004,11473,0x00000000,2025-12-14T15:17:03.750Z,2025-12-14T15:17:03.750Z
6,0x0004,8985,0x00000000,2025-12-14T15:17:03.750Z,2025-12-14T15:17:03.750Z
39,0x000a,-2.10142,0x00000000,2025-12-14T15:17:03.850Z,2025-12-14T15:17:03.850Z
38,0x000a,-1.60229,0x00000000,2025-12-14T15:17:03.850Z,2025-12-14T15:17:03.850Z
37,0x000a,-2.79948,0x00000000,2025-12-14T15:17:03.850Z,2025-12-14T15:17:03.850Z
36,0x000a,-2.14351,0x00000000,2025-12-14T15:17:03.850Z,2025-12-14T15:17:03.850Z
35,0x000a,-1.51751,0x00000000,2025-12-14T15:17:03.850Z,2025-12-14T15:17:03.850Z
34,0x000a,-2.73494,0x00000000,2025-12-14T15:17:03.850Z,2025-12-14T15:17:03.850Z
26,0x000a,3.43967,0x00000000,2025-12-14T15:17:03.850Z,2025-12-14T15:17:03.850Z
25,0x000a,3.99993,0x00000000,2025-12-14T15:17:03.850Z,2025-12-14T15:17:03.850Z
24,0x000a,2.97996,0x00000000,2025-12-14T15:17:03.850Z,2025-12-14T15:17:03.850Z
23,0x000a,-2.14351,0x00000000,2025-12-14T15:17:03.850Z,2025-12-14T15:17:03.850Z
22,0x000a,-1.51751,0x00000000,2025-12-14T15:17:03.850Z,2025-12-14T15:17:03.850Z
21,0x000a,-2.73494,0x00000000,2025-12-14T15:17:03.850Z,2025-12-14T15:17:03.850Z
8,0x0004,9510,0x00000000,2025-12-14T15:17:03.850Z,2025-12-14T15:17:03.850Z
7,0x0004,11059,0x00000000,2025-12-14T15:17:03.850Z,2025-12-14T15:17:03.850Z
6,0x0004,8239,0x00000000,2025-12-14T15:17:03.850Z,2025-12-14T15:17:03.850Z
39,0x000a,-2.10142,0x00000000,2025-12-14T15:17:03.952Z,2025-12-14T15:17:03.952Z
38,0x000a,-1.4974,0x00000000,2025-12-14T15:17:03.952Z,2025-12-14T15:17:03.952Z
37,0x000a,-2.69821,0x00000000,2025-12-14T15:17:03.952Z,2025-12-14T15:17:03.952Z
36,0x000a,-2.12247,0x00000000,2025-12-14T15:17:03.952Z,2025-12-14T15:17:03.952Z
35,0x000a,-1.5599,0x00000000,2025-12-14T15:17:03.952Z,2025-12-14T15:17:03.952Z
34,0x000a,-2.76721,0x00000000,2025-12-14T15:17:03.952Z,2025-12-14T15:17:03.952Z
26,0x000a,3.21976,0x00000000,2025-12-14T15:17:03.952Z,2025-12-14T15:17:03.952Z
25,0x000a,3.84983,0x00000000,2025-12-14T15:17:03.952Z,2025-12-14T15:17:03.952Z
24,0x000a,2.69965,0x00000000,2025-12-14T15:17:03.952Z,2025-12-14T15:17:03.952Z
23,0x000a,-2.12247,0x00000000,2025-12-14T15:17:03.952Z,2025-12-14T15:17:03.952Z
22,0x000a,-1.5599,0x00000000,2025-12-14T15:17:03.952Z,2025-12-14T15:17:03.952Z
21,0x000a,-2.76721,0x00000000,2025-12-14T15:17:03.952Z,2025-12-14T15:17:03.952Z
8,0x0004,8902,0x00000000,2025-12-14T15:17:03.952Z,2025-12-14T15:17:03.952Z
7,0x0004,10644,0x00000000,2025-12-14T15:17:03.952Z,2025-12-14T15:17:03.952Z
6,0x0004,7464,0x00000000,2025-12-14T15:17:03.952Z,2025-12-14T15:17:03.952Z
39,0x000a,-4.29688,0x00000000,2025-12-14T15:17:04.050Z,2025-12-14T15:17:04.050Z
38,0x000a,-3.09968,0x00000000,2025-12-14T15:17:04.050Z,2025-12-14T15:17:04.050Z
37,0x000a,-5.60257,0x00000000,2025-12-14T15:17:04.050Z,2025-12-14T15:17:04.050Z
36,0x000a,-2.11194,0x00000000,2025-12-14T15:17:04.050Z,2025-12-14T15:17:04.050Z
35,0x000a,-1.52865,0x00000000,2025-12-14T15:17:04.050Z,2025-12-14T15:17:04.050Z
34,0x000a,-2.73271,0x00000000,2025-12-14T15:17:04.050Z,2025-12-14T15:17:04.050Z
26,0x000a,3.00998,0x00000000,2025-12-14T15:17:04.050Z,2025-12-14T15:17:04.050Z
25,0x000a,3.68996,0x00000000,2025-12-14T15:17:04.050Z,2025-12-14T15:17:04.050Z
24,0x000a,2.4197,0x00000000,2025-12-14T15:17:04.050Z,2025-12-14T15:17:04.050Z
23,0x000a,-2.11194,0x00000000,2025-12-14T15:17:04.050Z,2025-12-14T15:17:04.050Z
22,0x000a,-1.52865,0x00000000,2025-12-14T15:17:04.050Z,2025-12-14T15:17:04.050Z
21,0x000a,-2.73271,0x00000000,2025-12-14T15:17:04.050Z,2025-12-14T15:17:04.050Z
8,0x0004,8322,0x00000000,2025-12-14T15:17:04.050Z,2025-12-14T15:17:04.050Z
7,0x0004,10202,0x00000000,2025-12-14T15:17:04.050Z,2025-12-14T15:17:04.050Z
6,0x0004,6690,0x00000000,2025-12-14T15:17:04.050Z,2025-12-14T15:17:04.050Z
36,0x000a,-3.20441,0x00000000,2025-12-14T15:17:04.151Z,2025-12-14T15:17:04.151Z
35,0x000a,-2.31416,0x00000000,2025-12-14T15:17:04.151Z,2025-12-14T15:17:04.151Z
34,0x000a,-4.16764,0x00000000,2025-12-14T15:17:04.151Z,2025-12-14T15:17:04.151Z
26,0x000a,2.79984,0x00000000,2025-12-14T15:17:04.151Z,2025-12-14T15:17:04.151Z
25,0x000a,3.53986,0x00000000,2025-12-14T15:17:04.151Z,2025-12-14T15:17:04.151Z
24,0x000a,2.14988,0x00000000,2025-12-14T15:17:04.151Z,2025-12-14T15:17:04.151Z
23,0x000a,-3.20441,0x00000000,2025-12-14T15:17:04.151Z,2025-12-14T15:17:04.151Z
22,0x000a,-2.31416,0x00000000,2025-12-14T15:17:04.151Z,2025-12-14T15:17:04.151Z
21,0x000a,-4.16764,0x00000000,2025-12-14T15:17:04.151Z,2025-12-14T15:17:04.151Z
8,0x0004,7741,0x00000000,2025-12-14T15:17:04.151Z,2025-12-14T15:17:04.151Z
7,0x0004,9787,0x00000000,2025-12-14T15:17:04.151Z,2025-12-14T15:17:04.151Z
6,0x0004,5944,0x00000000,2025-12-14T15:17:04.151Z,2025-12-14T15:17:04.151Z
39,0x000a,-2.10142,0x00000000,2025-12-14T15:17:04.251Z,2025-12-14T15:17:04.251Z
38,0x000a,-1.50101,0x00000000,2025-12-14T15:17:04.251Z,2025-12-14T15:17:04.251Z
37,0x000a,-2.69821,0x00000000,2025-12-14T15:17:04.251Z,2025-12-14T15:17:04.251Z
26,0x000a,2.53979,0x00000000,2025-12-14T15:17:04.251Z,2025-12-14T15:17:04.251Z
25,0x000a,3.35974,0x00000000,2025-12-14T15:17:04.251Z,2025-12-14T15:17:04.251Z
24,0x000a,1.81966,0x00000000,2025-12-14T15:17:04.251Z,2025-12-14T15:17:04.251Z
8,0x0004,7022,0x00000000,2025-12-14T15:17:04.251Z,2025-12-14T15:17:04.251Z
7,0x0004,9289,0x00000000,2025-12-14T15:17:04.251Z,2025-12-14T15:17:04.251Z
6,0x0004,5031,0x00000000,2025-12-14T15:17:04.251Z,2025-12-14T15:17:04.251Z
39,0x000a,-2.60055,0x00000000,2025-12-14T15:17:04.351Z,2025-12-14T15:17:04.351Z
38,0x000a,-1.80121,0x00000000,2025-12-14T15:17:04.351Z,2025-12-14T15:17:04.351Z
37,0x000a,-3.30223,0x00000000,2025-12-14T15:17:04.351Z,2025-12-14T15:17:04.351Z
36,0x000a,-2.65291,0x00000000,2025-12-14T15:17:04.351Z,2025-12-14T15:17:04.351Z
35,0x000a,-1.90759,0x00000000,2025-12-14T15:17:04.351Z,2025-12-14T15:17:04.351Z
34,0x000a,-3.43292,0x00000000,2025-12-14T15:17:04.351Z,2025-12-14T15:17:04.351Z
23,0x000a,-2.65291,0x00000000,2025-12-14T15:17:04.351Z,2025-12-14T15:17:04.351Z
22,0x000a,-1.90759,0x00000000,2025-12-14T15:17:04.351Z,2025-12-14T15:17:04.351Z
21,0x000a,-3.43292,0x00000000,2025-12-14T15:17:04.351Z,2025-12-14T15:17:04.351Z
39,0x000a,-2.10142,0x00000000,2025-12-14T15:17:04.451Z,2025-12-14T15:17:04.451Z
38,0x000a,-1.59867,0x00000000,2025-12-14T15:17:04.451Z,2025-12-14T15:17:04.451Z
37,0x000a,-2.79948,0x00000000,2025-12-14T15:17:04.451Z,2025-12-14T15:17:04.451Z
36,0x000a,-2.62673,0x00000000,2025-12-14T15:17:04.451Z,2025-12-14T15:17:04.451Z
35,0x000a,-1.8544,0x00000000,2025-12-14T15:17:04.451Z,2025-12-14T15:17:04.451Z
34,0x000a,-3.36758,0x00000000,2025-12-14T15:17:04.451Z,2025-12-14T15:17:04.451Z
26,0x000a,2.32964,0x00000000,2025-12-14T15:17:04.451Z,2025-12-14T15:17:04.451Z
25,0x000a,3.19987,0x00000000,2025-12-14T15:17:04.451Z,2025-12-14T15:17:04.451Z
24,0x000a,1.53971,0x00000000,2025-12-14T15:17:04.451Z,2025-12-14T15:17:04.451Z
23,0x000a,-2.62673,0x00000000,2025-12-14T15:17:04.451Z,2025-12-14T15:17:04.451Z
22,0x000a,-1.8544,0x00000000,2025-12-14T15:17:04.451Z,2025-12-14T15:17:04.451Z
21,0x000a,-3.36758,0x00000000,2025-12-14T15:17:04.451Z,2025-12-14T15:17:04.451Z
8,0x0004,6441,0x00000000,2025-12-14T15:17:04.451Z,2025-12-14T15:17:04.451Z
7,0x0004,8847,0x00000000,2025-12-14T15:17:04.451Z,2025-12-14T15:17:04.451Z
6,0x0004,4257,0x00000000,2025-12-14T15:17:04.451Z,2025-12-14T15:17:04.451Z
39,0x000a,-2.0978,0x00000000,2025-12-14T15:17:04.550Z,2025-12-14T15:17:04.550Z
38,0x000a,-1.50101,0x00000000,2025-12-14T15:17:04.550Z,2025-12-14T15:17:04.550Z
36,0x000a,-2.36407,0x00000000,2025-12-14T15:17:04.550Z,2025-12-14T15:17:04.550Z
35,0x000a,-1.72654,0x00000000,2025-12-14T15:17:04.550Z,2025-12-14T15:17:04.550Z
34,0x000a,-3.08353,0x00000000,2025-12-14T15:17:04.550Z,2025-12-14T15:17:04.550Z
26,0x000a,2.11986,0x00000000,2025-12-14T15:17:04.550Z,2025-12-14T15:17:04.550Z
25,0x000a,3.04977,0x00000000,2025-12-14T15:17:04.550Z,2025-12-14T15:17:04.550Z
24,0x000a,1.25977,0x00000000,2025-12-14T15:17:04.550Z,2025-12-14T15:17:04.550Z
23,0x000a,-2.36407,0x00000000,2025-12-14T15:17:04.550Z,2025-12-14T15:17:04.550Z
22,0x000a,-1.72654,0x00000000,2025-12-14T15:17:04.550Z,2025-12-14T15:17:04.550Z
21,0x000a,-3.08353,0x00000000,2025-12-14T15:17:04.550Z,2025-12-14T15:17:04.550Z
8,0x0004,5861,0x00000000,2025-12-14T15:17:04.550Z,2025-12-14T15:17:04.550Z
7,0x0004,8432,0x00000000,2025-12-14T15:17:04.550Z,2025-12-14T15:17:04.550Z
6,0x0004,3483,0x00000000,2025-12-14T15:17:04.550Z,2025-12-14T15:17:04.550Z
39,0x000a,-2.60055,0x00000000,2025-12-14T15:17:04.650Z,2025-12-14T15:17:04.650Z
38,0x000a,-1.80121,0x00000000,2025-12-14T15:17:04.650Z,2025-12-14T15:17:04.650Z
37,0x000a,-3.29861,0x00000000,2025-12-14T15:17:04.650Z,2025-12-14T15:17:04.650Z
36,0x000a,-2.23094,0x00000000,2025-12-14T15:17:04.650Z,2025-12-14T15:17:04.650Z
35,0x000a,-1.61377,0x00000000,2025-12-14T15:17:04.650Z,2025-12-14T15:17:04.650Z
34,0x000a,-2.9415,0x00000000,2025-12-14T15:17:04.650Z,2025-12-14T15:17:04.650Z
26,0x000a,1.85981,0x00000000,2025-12-14T15:17:04.650Z,2025-12-14T15:17:04.650Z
25,0x000a,2.86965,0x00000000,2025-12-14T15:17:04.650Z,2025-12-14T15:17:04.650Z
24,0x000a,0.929905,0x00000000,2025-12-14T15:17:04.650Z,2025-12-14T15:17:04.650Z
23,0x000a,-2.23094,0x00000000,2025-12-14T15:17:04.650Z,2025-12-14T15:17:04.650Z
22,0x000a,-1.61377,0x00000000,2025-12-14T15:17:04.650Z,2025-12-14T15:17:04.650Z
21,0x000a,-2.9415,0x00000000,2025-12-14T15:17:04.650Z,2025-12-14T15:17:04.650Z
8,0x0004,5142,0x00000000,2025-12-14T15:17:04.650Z,2025-12-14T15:17:04.650Z
7,0x0004,7934,0x00000000,2025-12-14T15:17:04.650Z,2025-12-14T15:17:04.650Z
6,0x0004,2571,0x00000000,2025-12-14T15:17:04.650Z,2025-12-14T15:17:04.650Z
39,0x000a,-1.69994,0x00000000,2025-12-14T15:17:04.752Z,2025-12-14T15:17:04.752Z
39,0x000a,-2.60055,0x00000000,2025-12-14T15:17:04.851Z,2025-12-14T15:17:04.851Z
38,0x000a,-1.29847,0x00000000,2025-12-14T15:17:04.752Z,2025-12-14T15:17:04.752Z
38,0x000a,-1.80121,0x00000000,2025-12-14T15:17:04.851Z,2025-12-14T15:17:04.851Z
37,0x000a,-2.19907,0x00000000,2025-12-14T15:17:04.752Z,2025-12-14T15:17:04.752Z
37,0x000a,-3.30223,0x00000000,2025-12-14T15:17:04.851Z,2025-12-14T15:17:04.851Z
36,0x000a,-2.41574,0x00000000,2025-12-14T15:17:04.752Z,2025-12-14T15:17:04.752Z
36,0x000a,-2.05784,0x00000000,2025-12-14T15:17:04.851Z,2025-12-14T15:17:04.851Z
35,0x000a,-1.70749,0x00000000,2025-12-14T15:17:04.752Z,2025-12-14T15:17:04.752Z
35,0x000a,-1.50298,0x00000000,2025-12-14T15:17:04.851Z,2025-12-14T15:17:04.851Z
34,0x000a,-3.12006,0x00000000,2025-12-14T15:17:04.752Z,2025-12-14T15:17:04.752Z
34,0x000a,-2.65957,0x00000000,2025-12-14T15:17:04.851Z,2025-12-14T15:17:04.851Z
26,0x000a,1.68981,0x00000000,2025-12-14T15:17:04.752Z,2025-12-14T15:17:04.752Z
26,0x000a,1.42976,0x00000000,2025-12-14T15:17:04.851Z,2025-12-14T15:17:04.851Z
25,0x000a,2.7398,0x00000000,2025-12-14T15:17:04.752Z,2025-12-14T15:17:04.752Z
25,0x000a,2.55968,0x00000000,2025-12-14T15:17:04.851Z,2025-12-14T15:17:04.851Z
24,0x000a,0.709997,0x00000000,2025-12-14T15:17:04.752Z,2025-12-14T15:17:04.752Z
24,0x000a,0.379774,0x00000000,2025-12-14T15:17:04.851Z,2025-12-14T15:17:04.851Z
23,0x000a,-2.41574,0x00000000,2025-12-14T15:17:04.752Z,2025-12-14T15:17:04.752Z
23,0x000a,-2.05784,0x00000000,2025-12-14T15:17:04.851Z,2025-12-14T15:17:04.851Z
22,0x000a,-1.70749,0x00000000,2025-12-14T15:17:04.752Z,2025-12-14T15:17:04.752Z
22,0x000a,-1.50298,0x00000000,2025-12-14T15:17:04.851Z,2025-12-14T15:17:04.851Z
21,0x000a,-3.12006,0x00000000,2025-12-14T15:17:04.752Z,2025-12-14T15:17:04.752Z
21,0x000a,-2.65957,0x00000000,2025-12-14T15:17:04.851Z,2025-12-14T15:17:04.851Z
8,0x0004,4672,0x00000000,2025-12-14T15:17:04.752Z,2025-12-14T15:17:04.752Z
8,0x0004,3953,0x00000000,2025-12-14T15:17:04.851Z,2025-12-14T15:17:04.851Z
7,0x0004,7575,0x00000000,2025-12-14T15:17:04.752Z,2025-12-14T15:17:04.752Z
7,0x0004,7077,0x00000000,2025-12-14T15:17:04.851Z,2025-12-14T15:17:04.851Z
6,0x0004,1963,0x00000000,2025-12-14T15:17:04.752Z,2025-12-14T15:17:04.752Z
6,0x0004,1050,0x00000000,2025-12-14T15:17:04.851Z,2025-12-14T15:17:04.851Z
39,0x000a,-2.0978,0x00000000,2025-12-14T15:17:04.949Z,2025-12-14T15:17:04.949Z
38,0x000a,-1.4974,0x00000000,2025-12-14T15:17:04.949Z,2025-12-14T15:17:04.949Z
37,0x000a,-2.69821,0x00000000,2025-12-14T15:17:04.949Z,2025-12-14T15:17:04.949Z
36,0x000a,-2.3292,0x00000000,2025-12-14T15:17:04.949Z,2025-12-14T15:17:04.949Z
35,0x000a,-1.6521,0x00000000,2025-12-14T15:17:04.949Z,2025-12-14T15:17:04.949Z
34,0x000a,-2.9809,0x00000000,2025-12-14T15:17:04.949Z,2025-12-14T15:17:04.949Z
26,0x000a,1.21998,0x00000000,2025-12-14T15:17:04.949Z,2025-12-14T15:17:04.949Z
25,0x000a,2.40994,0x00000000,2025-12-14T15:17:04.949Z,2025-12-14T15:17:04.949Z
24,0x000a,0.109954,0x00000000,2025-12-14T15:17:04.949Z,2025-12-14T15:17:04.949Z
23,0x000a,-2.3292,0x00000000,2025-12-14T15:17:04.949Z,2025-12-14T15:17:04.949Z
22,0x000a,-1.6521,0x00000000,2025-12-14T15:17:04.949Z,2025-12-14T15:17:04.949Z
21,0x000a,-2.9809,0x00000000,2025-12-14T15:17:04.949Z,2025-12-14T15:17:04.949Z
14,0x0001,false,0x00000000,2025-12-14T15:17:04.949Z,2025-12-14T15:17:04.949Z
8,0x0004,3373,0x00000000,2025-12-14T15:17:04.949Z,2025-12-14T15:17:04.949Z
7,0x0004,6663,0x00000000,2025-12-14T15:17:04.949Z,2025-12-14T15:17:04.949Z
6,0x0004,304,0x00000000,2025-12-14T15:17:04.949Z,2025-12-14T15:17:04.949Z
26,0x000a,1.00984,0x00000000,2025-12-14T15:17:05.050Z,2025-12-14T15:17:05.050Z
25,0x000a,2.24971,0x00000000,2025-12-14T15:17:05.050Z,2025-12-14T15:17:05.050Z
24,0x000a,0,0x00000000,2025-12-14T15:17:05.050Z,2025-12-14T15:17:05.050Z
8,0x0004,2792,0x00000000,2025-12-14T15:17:05.050Z,2025-12-14T15:17:05.050Z
7,0x0004,6220,0x00000000,2025-12-14T15:17:05.050Z,2025-12-14T15:17:05.050Z
6,0x0004,0,0x00000000,2025-12-14T15:17:05.050Z,2025-12-14T15:17:05.050Z
39,0x000a,-2.10142,0x00000000,2025-12-14T15:17:05.152Z,2025-12-14T15:17:05.152Z
38,0x000a,-1.60229,0x00000000,2025-12-14T15:17:05.152Z,2025-12-14T15:17:05.152Z
37,0x000a,-1.09954,0x00000000,2025-12-14T15:17:05.152Z,2025-12-14T15:17:05.152Z
36,0x000a,-2.2135,0x00000000,2025-12-14T15:17:05.152Z,2025-12-14T15:17:05.152Z
35,0x000a,-1.57475,0x00000000,2025-12-14T15:17:05.152Z,2025-12-14T15:17:05.152Z
34,0x000a,-2.83955,0x00000000,2025-12-14T15:17:05.152Z,2025-12-14T15:17:05.152Z
26,0x000a,0.789931,0x00000000,2025-12-14T15:17:05.152Z,2025-12-14T15:17:05.152Z
25,0x000a,2.09997,0x00000000,2025-12-14T15:17:05.152Z,2025-12-14T15:17:05.152Z
23,0x000a,-2.2135,0x00000000,2025-12-14T15:17:05.152Z,2025-12-14T15:17:05.152Z
22,0x000a,-1.57475,0x00000000,2025-12-14T15:17:05.152Z,2025-12-14T15:17:05.152Z
21,0x000a,-2.83955,0x00000000,2025-12-14T15:17:05.152Z,2025-12-14T15:17:05.152Z
8,0x0004,2184,0x00000000,2025-12-14T15:17:05.152Z,2025-12-14T15:17:05.152Z
7,0x0004,5806,0x00000000,2025-12-14T15:17:05.152Z,2025-12-14T15:17:05.152Z
39,0x000a,-4.30049,0x00000000,2025-12-14T15:17:05.250Z,2025-12-14T15:17:05.250Z
38,0x000a,-2.99841,0x00000000,2025-12-14T15:17:05.250Z,2025-12-14T15:17:05.250Z
37,0x000a,0,0x00000000,2025-12-14T15:17:05.250Z,2025-12-14T15:17:05.250Z
36,0x000a,-2.15746,0x00000000,2025-12-14T15:17:05.250Z,2025-12-14T15:17:05.250Z
35,0x000a,-1.58852,0x00000000,2025-12-14T15:17:05.250Z,2025-12-14T15:17:05.250Z
34,0x000a,-1.96954,0x00000000,2025-12-14T15:17:05.250Z,2025-12-14T15:17:05.250Z
26,0x000a,0.579789,0x00000000,2025-12-14T15:17:05.250Z,2025-12-14T15:17:05.250Z
25,0x000a,1.94987,0x00000000,2025-12-14T15:17:05.250Z,2025-12-14T15:17:05.250Z
23,0x000a,-2.15746,0x00000000,2025-12-14T15:17:05.250Z,2025-12-14T15:17:05.250Z
22,0x000a,-1.58852,0x00000000,2025-12-14T15:17:05.250Z,2025-12-14T15:17:05.250Z
21,0x000a,-1.96954,0x00000000,2025-12-14T15:17:05.250Z,2025-12-14T15:17:05.250Z
8,0x0004,1603,0x00000000,2025-12-14T15:17:05.250Z,2025-12-14T15:17:05.250Z
7,0x0004,5391,0x00000000,2025-12-14T15:17:05.250Z,2025-12-14T15:17:05.250Z
39,0x000a,-2.10142,0x00000000,2025-12-14T15:17:05.350Z,2025-12-14T15:17:05.350Z
38,0x000a,-1.60229,0x00000000,2025-12-14T15:17:05.350Z,2025-12-14T15:17:05.350Z
36,0x000a,-3.22898,0x00000000,2025-12-14T15:17:05.350Z,2025-12-14T15:17:05.350Z
35,0x000a,-2.29346,0x00000000,2025-12-14T15:17:05.350Z,2025-12-14T15:17:05.350Z
34,0x000a,-0.984772,0x00000000,2025-12-14T15:17:05.350Z,2025-12-14T15:17:05.350Z
26,0x000a,0.369647,0x00000000,2025-12-14T15:17:05.350Z,2025-12-14T15:17:05.350Z
25,0x000a,1.78964,0x00000000,2025-12-14T15:17:05.350Z,2025-12-14T15:17:05.350Z
23,0x000a,-3.22898,0x00000000,2025-12-14T15:17:05.350Z,2025-12-14T15:17:05.350Z
22,0x000a,-2.29346,0x00000000,2025-12-14T15:17:05.350Z,2025-12-14T15:17:05.350Z
21,0x000a,-0.984772,0x00000000,2025-12-14T15:17:05.350Z,2025-12-14T15:17:05.350Z
8,0x0004,1022,0x00000000,2025-12-14T15:17:05.350Z,2025-12-14T15:17:05.350Z
7,0x0004,4948,0x00000000,2025-12-14T15:17:05.350Z,2025-12-14T15:17:05.350Z
40,0x0001,true,0x00000000,2025-12-14T15:17:05.451Z,2025-12-14T15:17:05.451Z
39,0x000a,-2.19907,0x00000000,2025-12-14T15:17:05.451Z,2025-12-14T15:17:05.451Z
38,0x000a,-1.4974,0x00000000,2025-12-14T15:17:05.451Z,2025-12-14T15:17:05.451Z
36,0x000a,-2.6652,0x00000000,2025-12-14T15:17:05.451Z,2025-12-14T15:17:05.451Z
35,0x000a,-1.94787,0x00000000,2025-12-14T15:17:05.451Z,2025-12-14T15:17:05.451Z
34,0x000a,-0.492386,0x00000000,2025-12-14T15:17:05.451Z,2025-12-14T15:17:05.451Z
26,0x000a,0.14974,0x00000000,2025-12-14T15:17:05.451Z,2025-12-14T15:17:05.451Z
25,0x000a,1.6399,0x00000000,2025-12-14T15:17:05.451Z,2025-12-14T15:17:05.451Z
23,0x000a,-2.6652,0x00000000,2025-12-14T15:17:05.451Z,2025-12-14T15:17:05.451Z
22,0x000a,-1.94787,0x00000000,2025-12-14T15:17:05.451Z,2025-12-14T15:17:05.451Z
21,0x000a,-0.492386,0x00000000,2025-12-14T15:17:05.451Z,2025-12-14T15:17:05.451Z
18,0x0001,false,0x00000000,2025-12-14T15:17:05.451Z,2025-12-14T15:17:05.451Z
8,0x0004,414,0x00000000,2025-12-14T15:17:05.451Z,2025-12-14T15:17:05.451Z
7,0x0004,4534,0x00000000,2025-12-14T15:17:05.451Z,2025-12-14T15:17:05.451Z
39,0x000a,-1.4974,0x00000000,2025-12-14T15:17:05.551Z,2025-12-14T15:17:05.551Z
38,0x000a,-1.90249,0x00000000,2025-12-14T15:17:05.551Z,2025-12-14T15:17:05.551Z
36,0x000a,-2.43214,0x00000000,2025-12-14T15:17:05.551Z,2025-12-14T15:17:05.551Z
35,0x000a,-1.72263,0x00000000,2025-12-14T15:17:05.551Z,2025-12-14T15:17:05.551Z
34,0x000a,-0.246193,0x00000000,2025-12-14T15:17:05.551Z,2025-12-14T15:17:05.551Z
26,0x000a,0,0x00000000,2025-12-14T15:17:05.551Z,2025-12-14T15:17:05.551Z
25,0x000a,1.44965,0x00000000,2025-12-14T15:17:05.551Z,2025-12-14T15:17:05.551Z
23,0x000a,-2.43214,0x00000000,2025-12-14T15:17:05.551Z,2025-12-14T15:17:05.551Z
22,0x000a,-1.72263,0x00000000,2025-12-14T15:17:05.551Z,2025-12-14T15:17:05.551Z
21,0x000a,-0.246193,0x00000000,2025-12-14T15:17:05.551Z,2025-12-14T15:17:05.551Z
8,0x0004,0,0x00000000,2025-12-14T15:17:05.551Z,2025-12-14T15:17:05.551Z
7,0x0004,4008,0x00000000,2025-12-14T15:17:05.551Z,2025-12-14T15:17:05.551Z
39,0x000a,0,0x00000000,2025-12-14T15:17:05.650Z,2025-12-14T15:17:05.650Z
38,0x000a,-1.4974,0x00000000,2025-12-14T15:17:05.650Z,2025-12-14T15:17:05.650Z
36,0x000a,-1.96477,0x00000000,2025-12-14T15:17:05.650Z,2025-12-14T15:17:05.650Z
35,0x000a,-1.81256,0x00000000,2025-12-14T15:17:05.650Z,2025-12-14T15:17:05.650Z
34,0x000a,-0.123097,0x00000000,2025-12-14T15:17:05.650Z,2025-12-14T15:17:05.650Z
25,0x000a,1.29991,0x00000000,2025-12-14T15:17:05.650Z,2025-12-14T15:17:05.650Z
23,0x000a,-1.96477,0x00000000,2025-12-14T15:17:05.650Z,2025-12-14T15:17:05.650Z
22,0x000a,-1.81256,0x00000000,2025-12-14T15:17:05.650Z,2025-12-14T15:17:05.650Z
21,0x000a,-0.123097,0x00000000,2025-12-14T15:17:05.650Z,2025-12-14T15:17:05.650Z
7,0x0004,3594,0x00000000,2025-12-14T15:17:05.650Z,2025-12-14T15:17:05.650Z
38,0x000a,-1.50101,0x00000000,2025-12-14T15:17:05.752Z,2025-12-14T15:17:05.752Z
36,0x000a,-0.982383,0x00000000,2025-12-14T15:17:05.752Z,2025-12-14T15:17:05.752Z
35,0x000a,-1.65498,0x00000000,2025-12-14T15:17:05.752Z,2025-12-14T15:17:05.752Z
34,0x000a,-0.0615483,0x00000000,2025-12-14T15:17:05.752Z,2025-12-14T15:17:05.752Z
25,0x000a,1.14981,0x00000000,2025-12-14T15:17:05.752Z,2025-12-14T15:17:05.752Z
23,0x000a,-0.982383,0x00000000,2025-12-14T15:17:05.752Z,2025-12-14T15:17:05.752Z
22,0x000a,-1.65498,0x00000000,2025-12-14T15:17:05.752Z,2025-12-14T15:17:05.752Z
21,0x000a,-0.0615483,0x00000000,2025-12-14T15:17:05.752Z,2025-12-14T15:17:05.752Z
7,0x0004,3179,0x00000000,2025-12-14T15:17:05.752Z,2025-12-14T15:17:05.752Z
36,0x000a,-0.491191,0x00000000,2025-12-14T15:17:05.851Z,2025-12-14T15:17:05.851Z
35,0x000a,-1.578,0x00000000,2025-12-14T15:17:05.851Z,2025-12-14T15:17:05.851Z
34,0x000a,-0.0307741,0x00000000,2025-12-14T15:17:05.851Z,2025-12-14T15:17:05.851Z
25,0x000a,0.989945,0x00000000,2025-12-14T15:17:05.851Z,2025-12-14T15:17:05.851Z
23,0x000a,-0.491191,0x00000000,2025-12-14T15:17:05.851Z,2025-12-14T15:17:05.851Z
22,0x000a,-1.578,0x00000000,2025-12-14T15:17:05.851Z,2025-12-14T15:17:05.851Z
21,0x000a,-0.0307741,0x00000000,2025-12-14T15:17:05.851Z,2025-12-14T15:17:05.851Z
7,0x0004,2737,0x00000000,2025-12-14T15:17:05.851Z,2025-12-14T15:17:05.851Z
42,0x0001,true,0x00000000,2025-12-14T15:17:05.952Z,2025-12-14T15:17:05.952Z
38,0x000a,-1.59867,0x00000000,2025-12-14T15:17:05.952Z,2025-12-14T15:17:05.952Z
25,0x000a,0.839844,0x00000000,2025-12-14T15:17:05.952Z,2025-12-14T15:17:05.952Z
7,0x0004,2322,0x00000000,2025-12-14T15:17:05.952Z,2025-12-14T15:17:05.952Z
38,0x000a,-1.50101,0x00000000,2025-12-14T15:17:06.051Z,2025-12-14T15:17:06.051Z
36,0x000a,-0.245596,0x00000000,2025-12-14T15:17:06.051Z,2025-12-14T15:17:06.051Z
35,0x000a,-1.58833,0x00000000,2025-12-14T15:17:06.051Z,2025-12-14T15:17:06.051Z
34,0x000a,-0.0153871,0x00000000,2025-12-14T15:17:06.051Z,2025-12-14T15:17:06.051Z
25,0x000a,0.659722,0x00000000,2025-12-14T15:17:06.051Z,2025-12-14T15:17:06.051Z
23,0x000a,-0.245596,0x00000000,2025-12-14T15:17:06.051Z,2025-12-14T15:17:06.051Z
22,0x000a,-1.58833,0x00000000,2025-12-14T15:17:06.051Z,2025-12-14T15:17:06.051Z
21,0x000a,-0.0153871,0x00000000,2025-12-14T15:17:06.051Z,2025-12-14T15:17:06.051Z
7,0x0004,1824,0x00000000,2025-12-14T15:17:06.051Z,2025-12-14T15:17:06.051Z
38,0x000a,-1.80122,0x00000000,2025-12-14T15:17:06.152Z,2025-12-14T15:17:06.152Z
36,0x000a,-0.122798,0x00000000,2025-12-14T15:17:06.152Z,2025-12-14T15:17:06.152Z
35,0x000a,-1.54467,0x00000000,2025-12-14T15:17:06.152Z,2025-12-14T15:17:06.152Z
34,0x000a,-0.00769353,0x00000000,2025-12-14T15:17:06.152Z,2025-12-14T15:17:06.152Z
25,0x000a,0.499855,0x00000000,2025-12-14T15:17:06.152Z,2025-12-14T15:17:06.152Z
23,0x000a,-0.122798,0x00000000,2025-12-14T15:17:06.152Z,2025-12-14T15:17:06.152Z
22,0x000a,-1.54467,0x00000000,2025-12-14T15:17:06.152Z,2025-12-14T15:17:06.152Z
21,0x000a,-0.00769353,0x00000000,2025-12-14T15:17:06.152Z,2025-12-14T15:17:06.152Z
7,0x0004,1382,0x00000000,2025-12-14T15:17:06.152Z,2025-12-14T15:17:06.152Z
38,0x000a,-1.59867,0x00000000,2025-12-14T15:17:06.250Z,2025-12-14T15:17:06.250Z
36,0x000a,-0.0613989,0x00000000,2025-12-14T15:17:06.250Z,2025-12-14T15:17:06.250Z
35,0x000a,-1.67294,0x00000000,2025-12-14T15:17:06.250Z,2025-12-14T15:17:06.250Z
34,0x000a,-0.00384677,0x00000000,2025-12-14T15:17:06.250Z,2025-12-14T15:17:06.250Z
25,0x000a,0.349754,0x00000000,2025-12-14T15:17:06.250Z,2025-12-14T15:17:06.250Z
23,0x000a,-0.0613989,0x00000000,2025-12-14T15:17:06.250Z,2025-12-14T15:17:06.250Z
22,0x000a,-1.67294,0x00000000,2025-12-14T15:17:06.250Z,2025-12-14T15:17:06.250Z
21,0x000a,-0.00384677,0x00000000,2025-12-14T15:17:06.250Z,2025-12-14T15:17:06.250Z
7,0x0004,967,0x00000000,2025-12-14T15:17:06.250Z,2025-12-14T15:17:06.250Z
38,0x000a,-3.00203,0x00000000,2025-12-14T15:17:06.351Z,2025-12-14T15:17:06.351Z
36,0x000a,-0.0306995,0x00000000,2025-12-14T15:17:06.351Z,2025-12-14T15:17:06.351Z
35,0x000a,-1.63581,0x00000000,2025-12-14T15:17:06.351Z,2025-12-14T15:17:06.351Z
34,0x000a,-0.00192338,0x00000000,2025-12-14T15:17:06.351Z,2025-12-14T15:17:06.351Z
25,0x000a,0.199653,0x00000000,2025-12-14T15:17:06.351Z,2025-12-14T15:17:06.351Z
23,0x000a,-0.0306995,0x00000000,2025-12-14T15:17:06.351Z,2025-12-14T15:17:06.351Z
22,0x000a,-1.63581,0x00000000,2025-12-14T15:17:06.351Z,2025-12-14T15:17:06.351Z
21,0x000a,-0.00192338,0x00000000,2025-12-14T15:17:06.351Z,2025-12-14T15:17:06.351Z
16,0x0001,false,0x00000000,2025-12-14T15:17:06.351Z,2025-12-14T15:17:06.351Z
7,0x0004,552,0x00000000,2025-12-14T15:17:06.351Z,2025-12-14T15:17:06.351Z
38,0x000a,-1.59867,0x00000000,2025-12-14T15:17:06.450Z,2025-12-14T15:17:06.450Z
36,0x000a,-0.0153497,0x00000000,2025-12-14T15:17:06.450Z,2025-12-14T15:17:06.450Z
35,0x000a,-2.31892,0x00000000,2025-12-14T15:17:06.450Z,2025-12-14T15:17:06.450Z
34,0x000a,-0.000961691,0x00000000,2025-12-14T15:17:06.450Z,2025-12-14T15:17:06.450Z
25,0x000a,0.0397859,0x00000000,2025-12-14T15:17:06.450Z,2025-12-14T15:17:06.450Z
23,0x000a,-0.0153497,0x00000000,2025-12-14T15:17:06.450Z,2025-12-14T15:17:06.450Z
22,0x000a,-2.31892,0x00000000,2025-12-14T15:17:06.450Z,2025-12-14T15:17:06.450Z
21,0x000a,-0.000961691,0x00000000,2025-12-14T15:17:06.450Z,2025-12-14T15:17:06.450Z
7,0x0004,110,0x00000000,2025-12-14T15:17:06.450Z,2025-12-14T15:17:06.450Z
38,0x000a,-0.397859,0x00000000,2025-12-14T15:17:06.550Z,2025-12-14T15:17:06.550Z
36,0x000a,-0.00767487,0x00000000,2025-12-14T15:17:06.550Z,2025-12-14T15:17:06.550Z
35,0x000a,-1.95879,0x00000000,2025-12-14T15:17:06.550Z,2025-12-14T15:17:06.550Z
34,0x000a,-0.000480846,0x00000000,2025-12-14T15:17:06.550Z,2025-12-14T15:17:06.550Z
25,0x000a,0,0x00000000,2025-12-14T15:17:06.550Z,2025-12-14T15:17:06.550Z
23,0x000a,-0.00767487,0x00000000,2025-12-14T15:17:06.550Z,2025-12-14T15:17:06.550Z
22,0x000a,-1.95879,0x00000000,2025-12-14T15:17:06.550Z,2025-12-14T15:17:06.550Z
21,0x000a,-0.000480846,0x00000000,2025-12-14T15:17:06.550Z,2025-12-14T15:17:06.550Z
7,0x0004,0,0x00000000,2025-12-14T15:17:06.550Z,2025-12-14T15:17:06.550Z
38,0x000a,0,0x00000000,2025-12-14T15:17:06.750Z,2025-12-14T15:17:06.750Z
36,0x000a,-0.00383743,0x00000000,2025-12-14T15:17:06.650Z,2025-12-14T15:17:06.650Z
35,0x000a,-1.17833,0x00000000,2025-12-14T15:17:06.650Z,2025-12-14T15:17:06.650Z
34,0x000a,-0.000240423,0x00000000,2025-12-14T15:17:06.650Z,2025-12-14T15:17:06.650Z
23,0x000a,-0.00383743,0x00000000,2025-12-14T15:17:06.650Z,2025-12-14T15:17:06.650Z
22,0x000a,-1.17833,0x00000000,2025-12-14T15:17:06.650Z,2025-12-14T15:17:06.650Z
21,0x000a,-0.000240423,0x00000000,2025-12-14T15:17:06.650Z,2025-12-14T15:17:06.650Z
42,0x0001,false,0x00000000,2025-12-14T15:17:06.850Z,2025-12-14T15:17:06.850Z
40,0x0001,false,0x00000000,2025-12-14T15:17:06.850Z,2025-12-14T15:17:06.850Z
36,0x000a,-0.00191872,0x00000000,2025-12-14T15:17:06.850Z,2025-12-14T15:17:06.850Z
35,0x000a,-0.589163,0x00000000,2025-12-14T15:17:06.850Z,2025-12-14T15:17:06.850Z
34,0x000a,-0.000120211,0x00000000,2025-12-14T15:17:06.850Z,2025-12-14T15:17:06.850Z
23,0x000a,-0.00191872,0x00000000,2025-12-14T15:17:06.850Z,2025-12-14T15:17:06.850Z
22,0x000a,-0.589163,0x00000000,2025-12-14T15:17:06.850Z,2025-12-14T15:17:06.850Z
21,0x000a,-0.000120211,0x00000000,2025-12-14T15:17:06.850Z,2025-12-14T15:17:06.850Z
17,0x0001,true,0x00000000,2025-12-14T15:17:06.850Z,2025-12-14T15:17:06.850Z
15,0x0001,true,0x00000000,2025-12-14T15:17:06.850Z,2025-12-14T15:17:06.850Z
13,0x0001,true,0x00000000,2025-12-14T15:17:06.850Z,2025-12-14T15:17:06.850Z
4,0x000a,10,0x00000000,2025-12-14T15:17:06.850Z,2025-12-14T15:17:06.850Z
3,0x000a,9,0x00000000,2025-12-14T15:17:06.850Z,2025-12-14T15:17:06.850Z
2,0x000a,8,0x00000000,2025-12-14T15:17:06.850Z,2025-12-14T15:17:06.850Z
36,0x000a,-0.000959358,0x00000000,2025-12-14T15:17:06.950Z,2025-12-14T15:17:06.950Z
35,0x000a,-0.294581,0x00000000,2025-12-14T15:17:06.950Z,2025-12-14T15:17:06.950Z
34,0x000a,-6.01057e-05,0x00000000,2025-12-14T15:17:06.950Z,2025-12-14T15:17:06.950Z
23,0x000a,-0.000959358,0x00000000,2025-12-14T15:17:06.950Z,2025-12-14T15:17:06.950Z
22,0x000a,-0.294581,0x00000000,2025-12-14T15:17:06.950Z,2025-12-14T15:17:06.950Z
21,0x000a,-6.01057e-05,0x00000000,2025-12-14T15:17:06.950Z,2025-12-14T15:17:06.950Z
36,0x000a,-0.000479679,0x00000000,2025-12-14T15:17:07.050Z,2025-12-14T15:17:07.050Z
35,0x000a,-0.147291,0x00000000,2025-12-14T15:17:07.050Z,2025-12-14T15:17:07.050Z
34,0x000a,-3.00529e-05,0x00000000,2025-12-14T15:17:07.050Z,2025-12-14T15:17:07.050Z
26,0x000a,0.0198929,0x00000000,2025-12-14T15:17:07.050Z,2025-12-14T15:17:07.050Z
25,0x000a,0.0499132,0x00000000,2025-12-14T15:17:07.050Z,2025-12-14T15:17:07.050Z
24,0x000a,0.109954,0x00000000,2025-12-14T15:17:07.050Z,2025-12-14T15:17:07.050Z
23,0x000a,-0.000479679,0x00000000,2025-12-14T15:17:07.050Z,2025-12-14T15:17:07.050Z
22,0x000a,-0.147291,0x00000000,2025-12-14T15:17:07.050Z,2025-12-14T15:17:07.050Z
21,0x000a,-3.00529e-05,0x00000000,2025-12-14T15:17:07.050Z,2025-12-14T15:17:07.050Z
8,0x0004,55,0x00000000,2025-12-14T15:17:07.050Z,2025-12-14T15:17:07.050Z
7,0x0004,138,0x00000000,2025-12-14T15:17:07.050Z,2025-12-14T15:17:07.050Z
6,0x0004,304,0x00000000,2025-12-14T15:17:07.050Z,2025-12-14T15:17:07.050Z
39,0x000a,0.198929,0x00000000,2025-12-14T15:17:07.150Z,2025-12-14T15:17:07.150Z
38,0x000a,0.499132,0x00000000,2025-12-14T15:17:07.150Z,2025-12-14T15:17:07.150Z
37,0x000a,1.09954,0x00000000,2025-12-14T15:17:07.150Z,2025-12-14T15:17:07.150Z
36,0x000a,-0.00023984,0x00000000,2025-12-14T15:17:07.150Z,2025-12-14T15:17:07.150Z
35,0x000a,-0.0736454,0x00000000,2025-12-14T15:17:07.150Z,2025-12-14T15:17:07.150Z
34,0x000a,-1.50264e-05,0x00000000,2025-12-14T15:17:07.150Z,2025-12-14T15:17:07.150Z
26,0x000a,0.269821,0x00000000,2025-12-14T15:17:07.150Z,2025-12-14T15:17:07.150Z
25,0x000a,0.229673,0x00000000,2025-12-14T15:17:07.150Z,2025-12-14T15:17:07.150Z
24,0x000a,0.439815,0x00000000,2025-12-14T15:17:07.150Z,2025-12-14T15:17:07.150Z
23,0x000a,-0.00023984,0x00000000,2025-12-14T15:17:07.150Z,2025-12-14T15:17:07.150Z
22,0x000a,-0.0736454,0x00000000,2025-12-14T15:17:07.150Z,2025-12-14T15:17:07.150Z
21,0x000a,-1.50264e-05,0x00000000,2025-12-14T15:17:07.150Z,2025-12-14T15:17:07.150Z
8,0x0004,746,0x00000000,2025-12-14T15:17:07.150Z,2025-12-14T15:17:07.150Z
7,0x0004,635,0x00000000,2025-12-14T15:17:07.150Z,2025-12-14T15:17:07.150Z
6,0x0004,1216,0x00000000,2025-12-14T15:17:07.150Z,2025-12-14T15:17:07.150Z
39,0x000a,2.49928,0x00000000,2025-12-14T15:17:07.250Z,2025-12-14T15:17:07.250Z
38,0x000a,1.7976,0x00000000,2025-12-14T15:17:07.250Z,2025-12-14T15:17:07.250Z
37,0x000a,3.29861,0x00000000,2025-12-14T15:17:07.250Z,2025-12-14T15:17:07.250Z
36,0x000a,0.0993448,0x00000000,2025-12-14T15:17:07.250Z,2025-12-14T15:17:07.250Z
35,0x000a,0.212743,0x00000000,2025-12-14T15:17:07.250Z,2025-12-14T15:17:07.250Z
34,0x000a,0.549761,0x00000000,2025-12-14T15:17:07.250Z,2025-12-14T15:17:07.250Z
26,0x000a,0.479962,0x00000000,2025-12-14T15:17:07.250Z,2025-12-14T15:17:07.250Z
25,0x000a,0.389902,0x00000000,2025-12-14T15:17:07.250Z,2025-12-14T15:17:07.250Z
24,0x000a,0.709997,0x00000000,2025-12-14T15:17:07.250Z,2025-12-14T15:17:07.250Z
23,0x000a,0.0993448,0x00000000,2025-12-14T15:17:07.250Z,2025-12-14T15:17:07.250Z
22,0x000a,0.212743,0x00000000,2025-12-14T15:17:07.250Z,2025-12-14T15:17:07.250Z
21,0x000a,0.549761,0x00000000,2025-12-14T15:17:07.250Z,2025-12-14T15:17:07.250Z
8,0x0004,1327,0x00000000,2025-12-14T15:17:07.250Z,2025-12-14T15:17:07.250Z
7,0x0004,1078,0x00000000,2025-12-14T15:17:07.250Z,2025-12-14T15:17:07.250Z
6,0x0004,1963,0x00000000,2025-12-14T15:17:07.250Z,2025-12-14T15:17:07.250Z
39,0x000a,2.10142,0x00000000,2025-12-14T15:17:07.352Z,2025-12-14T15:17:07.352Z
38,0x000a,1.60229,0x00000000,2025-12-14T15:17:07.352Z,2025-12-14T15:17:07.352Z
37,0x000a,2.70182,0x00000000,2025-12-14T15:17:07.352Z,2025-12-14T15:17:07.352Z
36,0x000a,1.29931,0x00000000,2025-12-14T15:17:07.352Z,2025-12-14T15:17:07.352Z
35,0x000a,1.00517,0x00000000,2025-12-14T15:17:07.352Z,2025-12-14T15:17:07.352Z
34,0x000a,1.92419,0x00000000,2025-12-14T15:17:07.352Z,2025-12-14T15:17:07.352Z
26,0x000a,0.69987,0x00000000,2025-12-14T15:17:07.352Z,2025-12-14T15:17:07.352Z
25,0x000a,0.539641,0x00000000,2025-12-14T15:17:07.352Z,2025-12-14T15:17:07.352Z
24,0x000a,0.989945,0x00000000,2025-12-14T15:17:07.352Z,2025-12-14T15:17:07.352Z
23,0x000a,1.29931,0x00000000,2025-12-14T15:17:07.352Z,2025-12-14T15:17:07.352Z
22,0x000a,1.00517,0x00000000,2025-12-14T15:17:07.352Z,2025-12-14T15:17:07.352Z
21,0x000a,1.92419,0x00000000,2025-12-14T15:17:07.352Z,2025-12-14T15:17:07.352Z
8,0x0004,1935,0x00000000,2025-12-14T15:17:07.352Z,2025-12-14T15:17:07.352Z
7,0x0004,1492,0x00000000,2025-12-14T15:17:07.352Z,2025-12-14T15:17:07.352Z
6,0x0004,2737,0x00000000,2025-12-14T15:17:07.352Z,2025-12-14T15:17:07.352Z
39,0x000a,4.29687,0x00000000,2025-12-14T15:17:07.450Z,2025-12-14T15:17:07.450Z
38,0x000a,2.99841,0x00000000,2025-12-14T15:17:07.450Z,2025-12-14T15:17:07.450Z
37,0x000a,5.59896,0x00000000,2025-12-14T15:17:07.450Z,2025-12-14T15:17:07.450Z
36,0x000a,1.70036,0x00000000,2025-12-14T15:17:07.450Z,2025-12-14T15:17:07.450Z
35,0x000a,1.30373,0x00000000,2025-12-14T15:17:07.450Z,2025-12-14T15:17:07.450Z
34,0x000a,2.313,0x00000000,2025-12-14T15:17:07.450Z,2025-12-14T15:17:07.450Z
26,0x000a,0.90965,0x00000000,2025-12-14T15:17:07.450Z,2025-12-14T15:17:07.450Z
25,0x000a,0.689742,0x00000000,2025-12-14T15:17:07.450Z,2025-12-14T15:17:07.450Z
24,0x000a,1.26989,0x00000000,2025-12-14T15:17:07.450Z,2025-12-14T15:17:07.450Z
23,0x000a,1.70036,0x00000000,2025-12-14T15:17:07.450Z,2025-12-14T15:17:07.450Z
22,0x000a,1.30373,0x00000000,2025-12-14T15:17:07.450Z,2025-12-14T15:17:07.450Z
21,0x000a,2.313,0x00000000,2025-12-14T15:17:07.450Z,2025-12-14T15:17:07.450Z
8,0x0004,2515,0x00000000,2025-12-14T15:17:07.450Z,2025-12-14T15:17:07.450Z
7,0x0004,1907,0x00000000,2025-12-14T15:17:07.450Z,2025-12-14T15:17:07.450Z
6,0x0004,3511,0x00000000,2025-12-14T15:17:07.450Z,2025-12-14T15:17:07.450Z
39,0x000a,2.10142,0x00000000,2025-12-14T15:17:07.651Z,2025-12-14T15:17:07.651Z
38,0x000a,1.60229,0x00000000,2025-12-14T15:17:07.651Z,2025-12-14T15:17:07.651Z
37,0x000a,2.69821,0x00000000,2025-12-14T15:17:07.651Z,2025-12-14T15:17:07.651Z
36,0x000a,2.99862,0x00000000,2025-12-14T15:17:07.651Z,2025-12-14T15:17:07.651Z
35,0x000a,2.15107,0x00000000,2025-12-14T15:17:07.651Z,2025-12-14T15:17:07.651Z
34,0x000a,3.95598,0x00000000,2025-12-14T15:17:07.651Z,2025-12-14T15:17:07.651Z
26,0x000a,1.11979,0x00000000,2025-12-14T15:17:07.651Z,2025-12-14T15:17:07.651Z
25,0x000a,0.849971,0x00000000,2025-12-14T15:17:07.651Z,2025-12-14T15:17:07.651Z
24,0x000a,1.53971,0x00000000,2025-12-14T15:17:07.651Z,2025-12-14T15:17:07.651Z
23,0x000a,2.99862,0x00000000,2025-12-14T15:17:07.651Z,2025-12-14T15:17:07.651Z
22,0x000a,2.15107,0x00000000,2025-12-14T15:17:07.651Z,2025-12-14T15:17:07.651Z
21,0x000a,3.95598,0x00000000,2025-12-14T15:17:07.651Z,2025-12-14T15:17:07.651Z
8,0x0004,3096,0x00000000,2025-12-14T15:17:07.651Z,2025-12-14T15:17:07.651Z
7,0x0004,2350,0x00000000,2025-12-14T15:17:07.651Z,2025-12-14T15:17:07.651Z
6,0x0004,4257,0x00000000,2025-12-14T15:17:07.651Z,2025-12-14T15:17:07.651Z
39,0x000a,2.19907,0x00000000,2025-12-14T15:17:07.751Z,2025-12-14T15:17:07.751Z
38,0x000a,1.4974,0x00000000,2025-12-14T15:17:07.751Z,2025-12-14T15:17:07.751Z
37,0x000a,2.79948,0x00000000,2025-12-14T15:17:07.751Z,2025-12-14T15:17:07.751Z
36,0x000a,2.55002,0x00000000,2025-12-14T15:17:07.751Z,2025-12-14T15:17:07.751Z
35,0x000a,1.87668,0x00000000,2025-12-14T15:17:07.751Z,2025-12-14T15:17:07.751Z
34,0x000a,3.32709,0x00000000,2025-12-14T15:17:07.751Z,2025-12-14T15:17:07.751Z
26,0x000a,1.3397,0x00000000,2025-12-14T15:17:07.751Z,2025-12-14T15:17:07.751Z
25,0x000a,0.999711,0x00000000,2025-12-14T15:17:07.751Z,2025-12-14T15:17:07.751Z
24,0x000a,1.81966,0x00000000,2025-12-14T15:17:07.751Z,2025-12-14T15:17:07.751Z
23,0x000a,2.55002,0x00000000,2025-12-14T15:17:07.751Z,2025-12-14T15:17:07.751Z
22,0x000a,1.87668,0x00000000,2025-12-14T15:17:07.751Z,2025-12-14T15:17:07.751Z
21,0x000a,3.32709,0x00000000,2025-12-14T15:17:07.751Z,2025-12-14T15:17:07.751Z
8,0x0004,3704,0x00000000,2025-12-14T15:17:07.751Z,2025-12-14T15:17:07.751Z
7,0x0004,2764,0x00000000,2025-12-14T15:17:07.751Z,2025-12-14T15:17:07.751Z
6,0x0004,5031,0x00000000,2025-12-14T15:17:07.751Z,2025-12-14T15:17:07.751Z
39,0x000a,2.50289,0x00000000,2025-12-14T15:17:07.851Z,2025-12-14T15:17:07.851Z
38,0x000a,1.80121,0x00000000,2025-12-14T15:17:07.851Z,2025-12-14T15:17:07.851Z
37,0x000a,3.30223,0x00000000,2025-12-14T15:17:07.851Z,2025-12-14T15:17:07.851Z
36,0x000a,2.37455,0x00000000,2025-12-14T15:17:07.851Z,2025-12-14T15:17:07.851Z
35,0x000a,1.68704,0x00000000,2025-12-14T15:17:07.851Z,2025-12-14T15:17:07.851Z
34,0x000a,3.06329,0x00000000,2025-12-14T15:17:07.851Z,2025-12-14T15:17:07.851Z
26,0x000a,1.58999,0x00000000,2025-12-14T15:17:07.851Z,2025-12-14T15:17:07.851Z
25,0x000a,1.17983,0x00000000,2025-12-14T15:17:07.851Z,2025-12-14T15:17:07.851Z
24,0x000a,2.14988,0x00000000,2025-12-14T15:17:07.851Z,2025-12-14T15:17:07.851Z
23,0x000a,2.37455,0x00000000,2025-12-14T15:17:07.851Z,2025-12-14T15:17:07.851Z
22,0x000a,1.68704,0x00000000,2025-12-14T15:17:07.851Z,2025-12-14T15:17:07.851Z
21,0x000a,3.06329,0x00000000,2025-12-14T15:17:07.851Z,2025-12-14T15:17:07.851Z
8,0x0004,4396,0x00000000,2025-12-14T15:17:07.851Z,2025-12-14T15:17:07.851Z
7,0x0004,3262,0x00000000,2025-12-14T15:17:07.851Z,2025-12-14T15:17:07.851Z
6,0x0004,5944,0x00000000,2025-12-14T15:17:07.851Z,2025-12-14T15:17:07.851Z
39,0x000a,2.19907,0x00000000,2025-12-14T15:17:07.950Z,2025-12-14T15:17:07.950Z
38,0x000a,1.59867,0x00000000,2025-12-14T15:17:07.950Z,2025-12-14T15:17:07.950Z
37,0x000a,2.69821,0x00000000,2025-12-14T15:17:07.950Z,2025-12-14T15:17:07.950Z
36,0x000a,2.43872,0x00000000,2025-12-14T15:17:07.950Z,2025-12-14T15:17:07.950Z
35,0x000a,1.74413,0x00000000,2025-12-14T15:17:07.950Z,2025-12-14T15:17:07.950Z
34,0x000a,3.18276,0x00000000,2025-12-14T15:17:07.950Z,2025-12-14T15:17:07.950Z
26,0x000a,1.8099,0x00000000,2025-12-14T15:17:07.950Z,2025-12-14T15:17:07.950Z
25,0x000a,1.3397,0x00000000,2025-12-14T15:17:07.950Z,2025-12-14T15:17:07.950Z
24,0x000a,2.4197,0x00000000,2025-12-14T15:17:07.950Z,2025-12-14T15:17:07.950Z
23,0x000a,2.43872,0x00000000,2025-12-14T15:17:07.950Z,2025-12-14T15:17:07.950Z
22,0x000a,1.74413,0x00000000,2025-12-14T15:17:07.950Z,2025-12-14T15:17:07.950Z
21,0x000a,3.18276,0x00000000,2025-12-14T15:17:07.950Z,2025-12-14T15:17:07.950Z
8,0x0004,5004,0x00000000,2025-12-14T15:17:07.950Z,2025-12-14T15:17:07.950Z
7,0x0004,3704,0x00000000,2025-12-14T15:17:07.950Z,2025-12-14T15:17:07.950Z
6,0x0004,6690,0x00000000,2025-12-14T15:17:07.950Z,2025-12-14T15:17:07.950Z
39,0x000a,2.0978,0x00000000,2025-12-14T15:17:08.050Z,2025-12-14T15:17:08.050Z
38,0x000a,1.50101,0x00000000,2025-12-14T15:17:08.050Z,2025-12-14T15:17:08.050Z
37,0x000a,2.79948,0x00000000,2025-12-14T15:17:08.050Z,2025-12-14T15:17:08.050Z
36,0x000a,2.3189,0x00000000,2025-12-14T15:17:08.050Z,2025-12-14T15:17:08.050Z
35,0x000a,1.6714,0x00000000,2025-12-14T15:17:08.050Z,2025-12-14T15:17:08.050Z
34,0x000a,2.94048,0x00000000,2025-12-14T15:17:08.050Z,2025-12-14T15:17:08.050Z
26,0x000a,2.01968,0x00000000,2025-12-14T15:17:08.050Z,2025-12-14T15:17:08.050Z
25,0x000a,1.4898,0x00000000,2025-12-14T15:17:08.050Z,2025-12-14T15:17:08.050Z
24,0x000a,2.69965,0x00000000,2025-12-14T15:17:08.050Z,2025-12-14T15:17:08.050Z
23,0x000a,2.3189,0x00000000,2025-12-14T15:17:08.050Z,2025-12-14T15:17:08.050Z
22,0x000a,1.6714,0x00000000,2025-12-14T15:17:08.050Z,2025-12-14T15:17:08.050Z
21,0x000a,2.94048,0x00000000,2025-12-14T15:17:08.050Z,2025-12-14T15:17:08.050Z
8,0x0004,5584,0x00000000,2025-12-14T15:17:08.050Z,2025-12-14T15:17:08.050Z
7,0x0004,4119,0x00000000,2025-12-14T15:17:08.050Z,2025-12-14T15:17:08.050Z
6,0x0004,7464,0x00000000,2025-12-14T15:17:08.050Z,2025-12-14T15:17:08.050Z
39,0x000a,2.10142,0x00000000,2025-12-14T15:17:08.151Z,2025-12-14T15:17:08.151Z
37,0x000a,2.8031,0x00000000,2025-12-14T15:17:08.151Z,2025-12-14T15:17:08.151Z
36,0x000a,2.20835,0x00000000,2025-12-14T15:17:08.151Z,2025-12-14T15:17:08.151Z
35,0x000a,1.58621,0x00000000,2025-12-14T15:17:08.151Z,2025-12-14T15:17:08.151Z
34,0x000a,2.86998,0x00000000,2025-12-14T15:17:08.151Z,2025-12-14T15:17:08.151Z
26,0x000a,2.22982,0x00000000,2025-12-14T15:17:08.151Z,2025-12-14T15:17:08.151Z
25,0x000a,1.6399,0x00000000,2025-12-14T15:17:08.151Z,2025-12-14T15:17:08.151Z
24,0x000a,2.97996,0x00000000,2025-12-14T15:17:08.151Z,2025-12-14T15:17:08.151Z
23,0x000a,2.20835,0x00000000,2025-12-14T15:17:08.151Z,2025-12-14T15:17:08.151Z
22,0x000a,1.58621,0x00000000,2025-12-14T15:17:08.151Z,2025-12-14T15:17:08.151Z
21,0x000a,2.86998,0x00000000,2025-12-14T15:17:08.151Z,2025-12-14T15:17:08.151Z
8,0x0004,6165,0x00000000,2025-12-14T15:17:08.151Z,2025-12-14T15:17:08.151Z
7,0x0004,4534,0x00000000,2025-12-14T15:17:08.151Z,2025-12-14T15:17:08.151Z
6,0x0004,8239,0x00000000,2025-12-14T15:17:08.151Z,2025-12-14T15:17:08.151Z
39,0x000a,2.10142,0x00000000,2025-12-14T15:17:08.251Z,2025-12-14T15:17:08.251Z
38,0x000a,1.59867,0x00000000,2025-12-14T15:17:08.251Z,2025-12-14T15:17:08.251Z
37,0x000a,2.69821,0x00000000,2025-12-14T15:17:08.251Z,2025-12-14T15:17:08.251Z
36,0x000a,2.15488,0x00000000,2025-12-14T15:17:08.251Z,2025-12-14T15:17:08.251Z
36,0x000a,2.12815,0x00000000,2025-12-14T15:17:08.351Z,2025-12-14T15:17:08.351Z
35,0x000a,1.54361,0x00000000,2025-12-14T15:17:08.251Z,2025-12-14T15:17:08.251Z
35,0x000a,1.57114,0x00000000,2025-12-14T15:17:08.351Z,2025-12-14T15:17:08.351Z
34,0x000a,2.83654,0x00000000,2025-12-14T15:17:08.251Z,2025-12-14T15:17:08.251Z
34,0x000a,2.76737,0x00000000,2025-12-14T15:17:08.351Z,2025-12-14T15:17:08.351Z
26,0x000a,2.43996,0x00000000,2025-12-14T15:17:08.251Z,2025-12-14T15:17:08.251Z
26,0x000a,2.65987,0x00000000,2025-12-14T15:17:08.351Z,2025-12-14T15:17:08.351Z
25,0x000a,1.79977,0x00000000,2025-12-14T15:17:08.251Z,2025-12-14T15:17:08.251Z
25,0x000a,1.94987,0x00000000,2025-12-14T15:17:08.351Z,2025-12-14T15:17:08.351Z
24,0x000a,3.24978,0x00000000,2025-12-14T15:17:08.251Z,2025-12-14T15:17:08.251Z
24,0x000a,3.52973,0x00000000,2025-12-14T15:17:08.351Z,2025-12-14T15:17:08.351Z
23,0x000a,2.15488,0x00000000,2025-12-14T15:17:08.251Z,2025-12-14T15:17:08.251Z
23,0x000a,2.12815,0x00000000,2025-12-14T15:17:08.351Z,2025-12-14T15:17:08.351Z
22,0x000a,1.54361,0x00000000,2025-12-14T15:17:08.251Z,2025-12-14T15:17:08.251Z
22,0x000a,1.57114,0x00000000,2025-12-14T15:17:08.351Z,2025-12-14T15:17:08.351Z
21,0x000a,2.83654,0x00000000,2025-12-14T15:17:08.251Z,2025-12-14T15:17:08.251Z
21,0x000a,2.76737,0x00000000,2025-12-14T15:17:08.351Z,2025-12-14T15:17:08.351Z
8,0x0004,6746,0x00000000,2025-12-14T15:17:08.251Z,2025-12-14T15:17:08.251Z
8,0x0004,7354,0x00000000,2025-12-14T15:17:08.351Z,2025-12-14T15:17:08.351Z
7,0x0004,4976,0x00000000,2025-12-14T15:17:08.251Z,2025-12-14T15:17:08.251Z
7,0x0004,5391,0x00000000,2025-12-14T15:17:08.351Z,2025-12-14T15:17:08.351Z
6,0x0004,8985,0x00000000,2025-12-14T15:17:08.251Z,2025-12-14T15:17:08.251Z
6,0x0004,9759,0x00000000,2025-12-14T15:17:08.351Z,2025-12-14T15:17:08.351Z
39,0x000a,2.19907,0x00000000,2025-12-14T15:17:08.450Z,2025-12-14T15:17:08.450Z
38,0x000a,1.50101,0x00000000,2025-12-14T15:17:08.450Z,2025-12-14T15:17:08.450Z
37,0x000a,2.79948,0x00000000,2025-12-14T15:17:08.450Z,2025-12-14T15:17:08.450Z
26,0x000a,2.86965,0x00000000,2025-12-14T15:17:08.450Z,2025-12-14T15:17:08.450Z
25,0x000a,2.09997,0x00000000,2025-12-14T15:17:08.450Z,2025-12-14T15:17:08.450Z
24,0x000a,3.79991,0x00000000,2025-12-14T15:17:08.450Z,2025-12-14T15:17:08.450Z
8,0x0004,7934,0x00000000,2025-12-14T15:17:08.450Z,2025-12-14T15:17:08.450Z
7,0x0004,5806,0x00000000,2025-12-14T15:17:08.450Z,2025-12-14T15:17:08.450Z
6,0x0004,10506,0x00000000,2025-12-14T15:17:08.450Z,2025-12-14T15:17:08.450Z
39,0x000a,2.0978,0x00000000,2025-12-14T15:17:08.550Z,2025-12-14T15:17:08.550Z
37,0x000a,2.70182,0x00000000,2025-12-14T15:17:08.550Z,2025-12-14T15:17:08.550Z
36,0x000a,2.16361,0x00000000,2025-12-14T15:17:08.550Z,2025-12-14T15:17:08.550Z
35,0x000a,1.53608,0x00000000,2025-12-14T15:17:08.550Z,2025-12-14T15:17:08.550Z
34,0x000a,2.78343,0x00000000,2025-12-14T15:17:08.550Z,2025-12-14T15:17:08.550Z
26,0x000a,3.1297,0x00000000,2025-12-14T15:17:08.550Z,2025-12-14T15:17:08.550Z
25,0x000a,2.28986,0x00000000,2025-12-14T15:17:08.550Z,2025-12-14T15:17:08.550Z
24,0x000a,4.12977,0x00000000,2025-12-14T15:17:08.550Z,2025-12-14T15:17:08.550Z
23,0x000a,2.16361,0x00000000,2025-12-14T15:17:08.550Z,2025-12-14T15:17:08.550Z
22,0x000a,1.53608,0x00000000,2025-12-14T15:17:08.550Z,2025-12-14T15:17:08.550Z
21,0x000a,2.78343,0x00000000,2025-12-14T15:17:08.550Z,2025-12-14T15:17:08.550Z
8,0x0004,8653,0x00000000,2025-12-14T15:17:08.550Z,2025-12-14T15:17:08.550Z
7,0x0004,6331,0x00000000,2025-12-14T15:17:08.550Z,2025-12-14T15:17:08.550Z
6,0x0004,11418,0x00000000,2025-12-14T15:17:08.550Z,2025-12-14T15:17:08.550Z
39,0x000a,4.70197,0x00000000,2025-12-14T15:17:08.649Z,2025-12-14T15:17:08.649Z
38,0x000a,3.39988,0x00000000,2025-12-14T15:17:08.649Z,2025-12-14T15:17:08.649Z
37,0x000a,6.09809,0x00000000,2025-12-14T15:17:08.649Z,2025-12-14T15:17:08.649Z
36,0x000a,2.13071,0x00000000,2025-12-14T15:17:08.649Z,2025-12-14T15:17:08.649Z
35,0x000a,1.51854,0x00000000,2025-12-14T15:17:08.649Z,2025-12-14T15:17:08.649Z
34,0x000a,2.74262,0x00000000,2025-12-14T15:17:08.649Z,2025-12-14T15:17:08.649Z
26,0x000a,3.33984,0x00000000,2025-12-14T15:17:08.649Z,2025-12-14T15:17:08.649Z
25,0x000a,2.43996,0x00000000,2025-12-14T15:17:08.649Z,2025-12-14T15:17:08.649Z
24,0x000a,4.40972,0x00000000,2025-12-14T15:17:08.649Z,2025-12-14T15:17:08.649Z
23,0x000a,2.13071,0x00000000,2025-12-14T15:17:08.649Z,2025-12-14T15:17:08.649Z
22,0x000a,1.51854,0x00000000,2025-12-14T15:17:08.649Z,2025-12-14T15:17:08.649Z
21,0x000a,2.74262,0x00000000,2025-12-14T15:17:08.649Z,2025-12-14T15:17:08.649Z
8,0x0004,9234,0x00000000,2025-12-14T15:17:08.649Z,2025-12-14T15:17:08.649Z
7,0x0004,6746,0x00000000,2025-12-14T15:17:08.649Z,2025-12-14T15:17:08.649Z
6,0x0004,12192,0x00000000,2025-12-14T15:17:08.649Z,2025-12-14T15:17:08.649Z
39,0x000a,2.10142,0x00000000,2025-12-14T15:17:08.750Z,2025-12-14T15:17:08.750Z
38,0x000a,1.4974,0x00000000,2025-12-14T15:17:08.750Z,2025-12-14T15:17:08.750Z
37,0x000a,2.79948,0x00000000,2025-12-14T15:17:08.750Z,2025-12-14T15:17:08.750Z
36,0x000a,3.41634,0x00000000,2025-12-14T15:17:08.750Z,2025-12-14T15:17:08.750Z
35,0x000a,2.45921,0x00000000,2025-12-14T15:17:08.750Z,2025-12-14T15:17:08.750Z
34,0x000a,4.42036,0x00000000,2025-12-14T15:17:08.750Z,2025-12-14T15:17:08.750Z
26,0x000a,3.54999,0x00000000,2025-12-14T15:17:08.750Z,2025-12-14T15:17:08.750Z
25,0x000a,2.5897,0x00000000,2025-12-14T15:17:08.750Z,2025-12-14T15:17:08.750Z
24,0x000a,4.68967,0x00000000,2025-12-14T15:17:08.750Z,2025-12-14T15:17:08.750Z
23,0x000a,3.41634,0x00000000,2025-12-14T15:17:08.750Z,2025-12-14T15:17:08.750Z
22,0x000a,2.45921,0x00000000,2025-12-14T15:17:08.750Z,2025-12-14T15:17:08.750Z
21,0x000a,4.42036,0x00000000,2025-12-14T15:17:08.750Z,2025-12-14T15:17:08.750Z
8,0x0004,9815,0x00000000,2025-12-14T15:17:08.750Z,2025-12-14T15:17:08.750Z
7,0x0004,7160,0x00000000,2025-12-14T15:17:08.750Z,2025-12-14T15:17:08.750Z
6,0x0004,12966,0x00000000,2025-12-14T15:17:08.750Z,2025-12-14T15:17:08.750Z
39,0x000a,2.19908,0x00000000,2025-12-14T15:17:08.851Z,2025-12-14T15:17:08.851Z
38,0x000a,1.60228,0x00000000,2025-12-14T15:17:08.851Z,2025-12-14T15:17:08.851Z
37,0x000a,2.70182,0x00000000,2025-12-14T15:17:08.851Z,2025-12-14T15:17:08.851Z
36,0x000a,2.75888,0x00000000,2025-12-14T15:17:08.851Z,2025-12-14T15:17:08.851Z
35,0x000a,1.9783,0x00000000,2025-12-14T15:17:08.851Z,2025-12-14T15:17:08.851Z
34,0x000a,3.60992,0x00000000,2025-12-14T15:17:08.851Z,2025-12-14T15:17:08.851Z
26,0x000a,3.76989,0x00000000,2025-12-14T15:17:08.851Z,2025-12-14T15:17:08.851Z
25,0x000a,2.74993,0x00000000,2025-12-14T15:17:08.851Z,2025-12-14T15:17:08.851Z
24,0x000a,4.95985,0x00000000,2025-12-14T15:17:08.851Z,2025-12-14T15:17:08.851Z
23,0x000a,2.75888,0x00000000,2025-12-14T15:17:08.851Z,2025-12-14T15:17:08.851Z
22,0x000a,1.9783,0x00000000,2025-12-14T15:17:08.851Z,2025-12-14T15:17:08.851Z
21,0x000a,3.60992,0x00000000,2025-12-14T15:17:08.851Z,2025-12-14T15:17:08.851Z
8,0x0004,10423,0x00000000,2025-12-14T15:17:08.851Z,2025-12-14T15:17:08.851Z
7,0x0004,7603,0x00000000,2025-12-14T15:17:08.851Z,2025-12-14T15:17:08.851Z
6,0x0004,13713,0x00000000,2025-12-14T15:17:08.851Z,2025-12-14T15:17:08.851Z
39,0x000a,2.0978,0x00000000,2025-12-14T15:17:08.951Z,2025-12-14T15:17:08.951Z
38,0x000a,1.4974,0x00000000,2025-12-14T15:17:08.951Z,2025-12-14T15:17:08.951Z
37,0x000a,2.79948,0x00000000,2025-12-14T15:17:08.951Z,2025-12-14T15:17:08.951Z
36,0x000a,2.47898,0x00000000,2025-12-14T15:17:08.951Z,2025-12-14T15:17:08.951Z
35,0x000a,1.79029,0x00000000,2025-12-14T15:17:08.951Z,2025-12-14T15:17:08.951Z
34,0x000a,3.15587,0x00000000,2025-12-14T15:17:08.951Z,2025-12-14T15:17:08.951Z
26,0x000a,3.97967,0x00000000,2025-12-14T15:17:08.951Z,2025-12-14T15:17:08.951Z
25,0x000a,2.89967,0x00000000,2025-12-14T15:17:08.951Z,2025-12-14T15:17:08.951Z
24,0x000a,5.2398,0x00000000,2025-12-14T15:17:08.951Z,2025-12-14T15:17:08.951Z
23,0x000a,2.47898,0x00000000,2025-12-14T15:17:08.951Z,2025-12-14T15:17:08.951Z
22,0x000a,1.79029,0x00000000,2025-12-14T15:17:08.951Z,2025-12-14T15:17:08.951Z
21,0x000a,3.15587,0x00000000,2025-12-14T15:17:08.951Z,2025-12-14T15:17:08.951Z
8,0x0004,11003,0x00000000,2025-12-14T15:17:08.951Z,2025-12-14T15:17:08.951Z
7,0x0004,8017,0x00000000,2025-12-14T15:17:08.951Z,2025-12-14T15:17:08.951Z
6,0x0004,14487,0x00000000,2025-12-14T15:17:08.951Z,2025-12-14T15:17:08.951Z
39,0x000a,2.10142,0x00000000,2025-12-14T15:17:09.050Z,2025-12-14T15:17:09.050Z
38,0x000a,1.50101,0x00000000,2025-12-14T15:17:09.050Z,2025-12-14T15:17:09.050Z
37,0x000a,2.70182,0x00000000,2025-12-14T15:17:09.050Z,2025-12-14T15:17:09.050Z
36,0x000a,2.28839,0x00000000,2025-12-14T15:17:09.050Z,2025-12-14T15:17:09.050Z
35,0x000a,1.64385,0x00000000,2025-12-14T15:17:09.050Z,2025-12-14T15:17:09.050Z
34,0x000a,2.97768,0x00000000,2025-12-14T15:17:09.050Z,2025-12-14T15:17:09.050Z
26,0x000a,4.18981,0x00000000,2025-12-14T15:17:09.050Z,2025-12-14T15:17:09.050Z
25,0x000a,3.04977,0x00000000,2025-12-14T15:17:09.050Z,2025-12-14T15:17:09.050Z
24,0x000a,5.50998,0x00000000,2025-12-14T15:17:09.050Z,2025-12-14T15:17:09.050Z
23,0x000a,2.28839,0x00000000,2025-12-14T15:17:09.050Z,2025-12-14T15:17:09.050Z
22,0x000a,1.64385,0x00000000,2025-12-14T15:17:09.050Z,2025-12-14T15:17:09.050Z
21,0x000a,2.97768,0x00000000,2025-12-14T15:17:09.050Z,2025-12-14T15:17:09.050Z
8,0x0004,11584,0x00000000,2025-12-14T15:17:09.050Z,2025-12-14T15:17:09.050Z
7,0x0004,8432,0x00000000,2025-12-14T15:17:09.050Z,2025-12-14T15:17:09.050Z
6,0x0004,15234,0x00000000,2025-12-14T15:17:09.050Z,2025-12-14T15:17:09.050Z
36,0x000a,2.1949,0x00000000,2025-12-14T15:17:09.150Z,2025-12-14T15:17:09.150Z
35,0x000a,1.57243,0x00000000,2025-12-14T15:17:09.150Z,2025-12-14T15:17:09.150Z
34,0x000a,2.83975,0x00000000,2025-12-14T15:17:09.150Z,2025-12-14T15:17:09.150Z
26,0x000a,4.44987,0x00000000,2025-12-14T15:17:09.150Z,2025-12-14T15:17:09.150Z
25,0x000a,3.23966,0x00000000,2025-12-14T15:17:09.150Z,2025-12-14T15:17:09.150Z
24,0x000a,5.83984,0x00000000,2025-12-14T15:17:09.150Z,2025-12-14T15:17:09.150Z
23,0x000a,2.1949,0x00000000,2025-12-14T15:17:09.150Z,2025-12-14T15:17:09.150Z
22,0x000a,1.57243,0x00000000,2025-12-14T15:17:09.150Z,2025-12-14T15:17:09.150Z
21,0x000a,2.83975,0x00000000,2025-12-14T15:17:09.150Z,2025-12-14T15:17:09.150Z
8,0x0004,12303,0x00000000,2025-12-14T15:17:09.150Z,2025-12-14T15:17:09.150Z
7,0x0004,8957,0x00000000,2025-12-14T15:17:09.150Z,2025-12-14T15:17:09.150Z
6,0x0004,16146,0x00000000,2025-12-14T15:17:09.150Z,2025-12-14T15:17:09.150Z
39,0x000a,2.60055,0x00000000,2025-12-14T15:17:09.252Z,2025-12-14T15:17:09.252Z
38,0x000a,1.89887,0x00000000,2025-12-14T15:17:09.252Z,2025-12-14T15:17:09.252Z
37,0x000a,3.29861,0x00000000,2025-12-14T15:17:09.252Z,2025-12-14T15:17:09.252Z
26,0x000a,4.65965,0x00000000,2025-12-14T15:17:09.252Z,2025-12-14T15:17:09.252Z
25,0x000a,3.38976,0x00000000,2025-12-14T15:17:09.252Z,2025-12-14T15:17:09.252Z
24,0x000a,6.11979,0x00000000,2025-12-14T15:17:09.252Z,2025-12-14T15:17:09.252Z
8,0x0004,12883,0x00000000,2025-12-14T15:17:09.252Z,2025-12-14T15:17:09.252Z
7,0x0004,9372,0x00000000,2025-12-14T15:17:09.252Z,2025-12-14T15:17:09.252Z
6,0x0004,16920,0x00000000,2025-12-14T15:17:09.252Z,2025-12-14T15:17:09.252Z
39,0x000a,2.0978,0x00000000,2025-12-14T15:17:09.350Z,2025-12-14T15:17:09.350Z
38,0x000a,1.50101,0x00000000,2025-12-14T15:17:09.350Z,2025-12-14T15:17:09.350Z
37,0x000a,2.79948,0x00000000,2025-12-14T15:17:09.350Z,2025-12-14T15:17:09.350Z
36,0x000a,2.39773,0x00000000,2025-12-14T15:17:09.350Z,2025-12-14T15:17:09.350Z
35,0x000a,1.73565,0x00000000,2025-12-14T15:17:09.350Z,2025-12-14T15:17:09.350Z
34,0x000a,3.06918,0x00000000,2025-12-14T15:17:09.350Z,2025-12-14T15:17:09.350Z
26,0x000a,4.86979,0x00000000,2025-12-14T15:17:09.350Z,2025-12-14T15:17:09.350Z
25,0x000a,3.53986,0x00000000,2025-12-14T15:17:09.350Z,2025-12-14T15:17:09.350Z
24,0x000a,6.39974,0x00000000,2025-12-14T15:17:09.350Z,2025-12-14T15:17:09.350Z
23,0x000a,2.39773,0x00000000,2025-12-14T15:17:09.350Z,2025-12-14T15:17:09.350Z
22,0x000a,1.73565,0x00000000,2025-12-14T15:17:09.350Z,2025-12-14T15:17:09.350Z
21,0x000a,3.06918,0x00000000,2025-12-14T15:17:09.350Z,2025-12-14T15:17:09.350Z
8,0x0004,13464,0x00000000,2025-12-14T15:17:09.350Z,2025-12-14T15:17:09.350Z
7,0x0004,9787,0x00000000,2025-12-14T15:17:09.350Z,2025-12-14T15:17:09.350Z
6,0x0004,17694,0x00000000,2025-12-14T15:17:09.350Z,2025-12-14T15:17:09.350Z
39,0x000a,2.10142,0x00000000,2025-12-14T15:17:09.451Z,2025-12-14T15:17:09.451Z
36,0x000a,2.24776,0x00000000,2025-12-14T15:17:09.451Z,2025-12-14T15:17:09.451Z
35,0x000a,1.61833,0x00000000,2025-12-14T15:17:09.451Z,2025-12-14T15:17:09.451Z
34,0x000a,2.93433,0x00000000,2025-12-14T15:17:09.451Z,2025-12-14T15:17:09.451Z
26,0x000a,5.0897,0x00000000,2025-12-14T15:17:09.451Z,2025-12-14T15:17:09.451Z
25,0x000a,3.69973,0x00000000,2025-12-14T15:17:09.451Z,2025-12-14T15:17:09.451Z
24,0x000a,6.66992,0x00000000,2025-12-14T15:17:09.451Z,2025-12-14T15:17:09.451Z
23,0x000a,2.24776,0x00000000,2025-12-14T15:17:09.451Z,2025-12-14T15:17:09.451Z
22,0x000a,1.61833,0x00000000,2025-12-14T15:17:09.451Z,2025-12-14T15:17:09.451Z
21,0x000a,2.93433,0x00000000,2025-12-14T15:17:09.451Z,2025-12-14T15:17:09.451Z
8,0x0004,14072,0x00000000,2025-12-14T15:17:09.451Z,2025-12-14T15:17:09.451Z
7,0x0004,10229,0x00000000,2025-12-14T15:17:09.451Z,2025-12-14T15:17:09.451Z
6,0x0004,18441,0x00000000,2025-12-14T15:17:09.451Z,2025-12-14T15:17:09.451Z
39,0x000a,2.19907,0x00000000,2025-12-14T15:17:09.551Z,2025-12-14T15:17:09.551Z
39,0x000a,2.10142,0x00000000,2025-12-14T15:17:09.651Z,2025-12-14T15:17:09.651Z
38,0x000a,1.59867,0x00000000,2025-12-14T15:17:09.551Z,2025-12-14T15:17:09.551Z
38,0x000a,1.50101,0x00000000,2025-12-14T15:17:09.651Z,2025-12-14T15:17:09.651Z
37,0x000a,2.70183,0x00000000,2025-12-14T15:17:09.551Z,2025-12-14T15:17:09.551Z
37,0x000a,2.79948,0x00000000,2025-12-14T15:17:09.651Z,2025-12-14T15:17:09.651Z
36,0x000a,2.17459,0x00000000,2025-12-14T15:17:09.551Z,2025-12-14T15:17:09.551Z
36,0x000a,2.18683,0x00000000,2025-12-14T15:17:09.651Z,2025-12-14T15:17:09.651Z
35,0x000a,1.55967,0x00000000,2025-12-14T15:17:09.551Z,2025-12-14T15:17:09.551Z
35,0x000a,1.57917,0x00000000,2025-12-14T15:17:09.651Z,2025-12-14T15:17:09.651Z
34,0x000a,2.8669,0x00000000,2025-12-14T15:17:09.551Z,2025-12-14T15:17:09.551Z
34,0x000a,2.78436,0x00000000,2025-12-14T15:17:09.651Z,2025-12-14T15:17:09.651Z
26,0x000a,5.29984,0x00000000,2025-12-14T15:17:09.551Z,2025-12-14T15:17:09.551Z
26,0x000a,5.50998,0x00000000,2025-12-14T15:17:09.651Z,2025-12-14T15:17:09.651Z
25,0x000a,3.84983,0x00000000,2025-12-14T15:17:09.551Z,2025-12-14T15:17:09.551Z
25,0x000a,3.99993,0x00000000,2025-12-14T15:17:09.651Z,2025-12-14T15:17:09.651Z
24,0x000a,6.94987,0x00000000,2025-12-14T15:17:09.551Z,2025-12-14T15:17:09.551Z
24,0x000a,7.21969,0x00000000,2025-12-14T15:17:09.651Z,2025-12-14T15:17:09.651Z
23,0x000a,2.17459,0x00000000,2025-12-14T15:17:09.551Z,2025-12-14T15:17:09.551Z
23,0x000a,2.18683,0x00000000,2025-12-14T15:17:09.651Z,2025-12-14T15:17:09.651Z
22,0x000a,1.55967,0x00000000,2025-12-14T15:17:09.551Z,2025-12-14T15:17:09.551Z
22,0x000a,1.57917,0x00000000,2025-12-14T15:17:09.651Z,2025-12-14T15:17:09.651Z
21,0x000a,2.8669,0x00000000,2025-12-14T15:17:09.551Z,2025-12-14T15:17:09.551Z
21,0x000a,2.78436,0x00000000,2025-12-14T15:17:09.651Z,2025-12-14T15:17:09.651Z
8,0x0004,14653,0x00000000,2025-12-14T15:17:09.551Z,2025-12-14T15:17:09.551Z
8,0x0004,15234,0x00000000,2025-12-14T15:17:09.651Z,2025-12-14T15:17:09.651Z
7,0x0004,10644,0x00000000,2025-12-14T15:17:09.551Z,2025-12-14T15:17:09.551Z
7,0x0004,11059,0x00000000,2025-12-14T15:17:09.651Z,2025-12-14T15:17:09.651Z
6,0x0004,19215,0x00000000,2025-12-14T15:17:09.551Z,2025-12-14T15:17:09.551Z
6,0x0004,19961,0x00000000,2025-12-14T15:17:09.651Z,2025-12-14T15:17:09.651Z
39,0x000a,4.30049,0x00000000,2025-12-14T15:17:09.751Z,2025-12-14T15:17:09.751Z
38,0x000a,3.09968,0x00000000,2025-12-14T15:17:09.751Z,2025-12-14T15:17:09.751Z
37,0x000a,5.5013,0x00000000,2025-12-14T15:17:09.751Z,2025-12-14T15:17:09.751Z
36,0x000a,2.14413,0x00000000,2025-12-14T15:17:09.751Z,2025-12-14T15:17:09.751Z
35,0x000a,1.54009,0x00000000,2025-12-14T15:17:09.751Z,2025-12-14T15:17:09.751Z
34,0x000a,2.79192,0x00000000,2025-12-14T15:17:09.751Z,2025-12-14T15:17:09.751Z
26,0x000a,5.72989,0x00000000,2025-12-14T15:17:09.751Z,2025-12-14T15:17:09.751Z
25,0x000a,4.15979,0x00000000,2025-12-14T15:17:09.751Z,2025-12-14T15:17:09.751Z
24,0x000a,7.5,0x00000000,2025-12-14T15:17:09.751Z,2025-12-14T15:17:09.751Z
23,0x000a,2.14413,0x00000000,2025-12-14T15:17:09.751Z,2025-12-14T15:17:09.751Z
22,0x000a,1.54009,0x00000000,2025-12-14T15:17:09.751Z,2025-12-14T15:17:09.751Z
21,0x000a,2.79192,0x00000000,2025-12-14T15:17:09.751Z,2025-12-14T15:17:09.751Z
8,0x0004,15842,0x00000000,2025-12-14T15:17:09.751Z,2025-12-14T15:17:09.751Z
7,0x0004,11501,0x00000000,2025-12-14T15:17:09.751Z,2025-12-14T15:17:09.751Z
6,0x0004,20736,0x00000000,2025-12-14T15:17:09.751Z,2025-12-14T15:17:09.751Z
39,0x000a,2.49928,0x00000000,2025-12-14T15:17:09.852Z,2025-12-14T15:17:09.852Z
38,0x000a,1.80122,0x00000000,2025-12-14T15:17:09.852Z,2025-12-14T15:17:09.852Z
37,0x000a,3.29861,0x00000000,2025-12-14T15:17:09.852Z,2025-12-14T15:17:09.852Z
36,0x000a,3.22231,0x00000000,2025-12-14T15:17:09.852Z,2025-12-14T15:17:09.852Z
35,0x000a,2.31989,0x00000000,2025-12-14T15:17:09.852Z,2025-12-14T15:17:09.852Z
34,0x000a,4.14661,0x00000000,2025-12-14T15:17:09.852Z,2025-12-14T15:17:09.852Z
26,0x000a,5.97982,0x00000000,2025-12-14T15:17:09.852Z,2025-12-14T15:17:09.852Z
25,0x000a,4.33992,0x00000000,2025-12-14T15:17:09.852Z,2025-12-14T15:17:09.852Z
24,0x000a,7.82986,0x00000000,2025-12-14T15:17:09.852Z,2025-12-14T15:17:09.852Z
23,0x000a,3.22231,0x00000000,2025-12-14T15:17:09.852Z,2025-12-14T15:17:09.852Z
22,0x000a,2.31989,0x00000000,2025-12-14T15:17:09.852Z,2025-12-14T15:17:09.852Z
21,0x000a,4.14661,0x00000000,2025-12-14T15:17:09.852Z,2025-12-14T15:17:09.852Z
13,0x0001,false,0x00000000,2025-12-14T15:17:09.852Z,2025-12-14T15:17:09.852Z
8,0x0004,16533,0x00000000,2025-12-14T15:17:09.852Z,2025-12-14T15:17:09.852Z
7,0x0004,11999,0x00000000,2025-12-14T15:17:09.852Z,2025-12-14T15:17:09.852Z
6,0x0004,21648,0x00000000,2025-12-14T15:17:09.852Z,2025-12-14T15:17:09.852Z
39,0x000a,2.19908,0x00000000,2025-12-14T15:17:09.951Z,2025-12-14T15:17:09.951Z
38,0x000a,1.59867,0x00000000,2025-12-14T15:17:09.951Z,2025-12-14T15:17:09.951Z
37,0x000a,2.79948,0x00000000,2025-12-14T15:17:09.951Z,2025-12-14T15:17:09.951Z
36,0x000a,2.86079,0x00000000,2025-12-14T15:17:09.951Z,2025-12-14T15:17:09.951Z
35,0x000a,2.06055,0x00000000,2025-12-14T15:17:09.951Z,2025-12-14T15:17:09.951Z
34,0x000a,3.72261,0x00000000,2025-12-14T15:17:09.951Z,2025-12-14T15:17:09.951Z
26,0x000a,6.19973,0x00000000,2025-12-14T15:17:09.951Z,2025-12-14T15:17:09.951Z
25,0x000a,4.49978,0x00000000,2025-12-14T15:17:09.951Z,2025-12-14T15:17:09.951Z
24,0x000a,8.10981,0x00000000,2025-12-14T15:17:09.951Z,2025-12-14T15:17:09.951Z
23,0x000a,2.86079,0x00000000,2025-12-14T15:17:09.951Z,2025-12-14T15:17:09.951Z
22,0x000a,2.06055,0x00000000,2025-12-14T15:17:09.951Z,2025-12-14T15:17:09.951Z
21,0x000a,3.72261,0x00000000,2025-12-14T15:17:09.951Z,2025-12-14T15:17:09.951Z
8,0x0004,17141,0x00000000,2025-12-14T15:17:09.951Z,2025-12-14T15:17:09.951Z
7,0x0004,12441,0x00000000,2025-12-14T15:17:09.951Z,2025-12-14T15:17:09.951Z
6,0x0004,22422,0x00000000,2025-12-14T15:17:09.951Z,2025-12-14T15:17:09.951Z
36,0x000a,2.52993,0x00000000,2025-12-14T15:17:10.050Z,2025-12-14T15:17:10.050Z
35,0x000a,1.82961,0x00000000,2025-12-14T15:17:10.050Z,2025-12-14T15:17:10.050Z
34,0x000a,3.26104,0x00000000,2025-12-14T15:17:10.050Z,2025-12-14T15:17:10.050Z
26,0x000a,6.40987,0x00000000,2025-12-14T15:17:10.050Z,2025-12-14T15:17:10.050Z
25,0x000a,4.64988,0x00000000,2025-12-14T15:17:10.050Z,2025-12-14T15:17:10.050Z
24,0x000a,8.21976,0x00000000,2025-12-14T15:17:10.050Z,2025-12-14T15:17:10.050Z
23,0x000a,2.52993,0x00000000,2025-12-14T15:17:10.050Z,2025-12-14T15:17:10.050Z
22,0x000a,1.82961,0x00000000,2025-12-14T15:17:10.050Z,2025-12-14T15:17:10.050Z
21,0x000a,3.26104,0x00000000,2025-12-14T15:17:10.050Z,2025-12-14T15:17:10.050Z
8,0x0004,17722,0x00000000,2025-12-14T15:17:10.050Z,2025-12-14T15:17:10.050Z
7,0x0004,12856,0x00000000,2025-12-14T15:17:10.050Z,2025-12-14T15:17:10.050Z
6,0x0004,22726,0x00000000,2025-12-14T15:17:10.050Z,2025-12-14T15:17:10.050Z
39,0x000a,2.10142,0x00000000,2025-12-14T15:17:10.151Z,2025-12-14T15:17:10.151Z
38,0x000a,1.50101,0x00000000,2025-12-14T15:17:10.151Z,2025-12-14T15:17:10.151Z
37,0x000a,1.09954,0x00000000,2025-12-14T15:17:10.151Z,2025-12-14T15:17:10.151Z
26,0x000a,6.61965,0x00000000,2025-12-14T15:17:10.151Z,2025-12-14T15:17:10.151Z
25,0x000a,4.79999,0x00000000,2025-12-14T15:17:10.151Z,2025-12-14T15:17:10.151Z
8,0x0004,18302,0x00000000,2025-12-14T15:17:10.151Z,2025-12-14T15:17:10.151Z
7,0x0004,13271,0x00000000,2025-12-14T15:17:10.151Z,2025-12-14T15:17:10.151Z
39,0x000a,2.0978,0x00000000,2025-12-14T15:17:10.252Z,2025-12-14T15:17:10.252Z
37,0x000a,0,0x00000000,2025-12-14T15:17:10.252Z,2025-12-14T15:17:10.252Z
36,0x000a,2.31568,0x00000000,2025-12-14T15:17:10.252Z,2025-12-14T15:17:10.252Z
35,0x000a,1.66531,0x00000000,2025-12-14T15:17:10.252Z,2025-12-14T15:17:10.252Z
34,0x000a,2.18029,0x00000000,2025-12-14T15:17:10.252Z,2025-12-14T15:17:10.252Z
26,0x000a,6.83992,0x00000000,2025-12-14T15:17:10.252Z,2025-12-14T15:17:10.252Z
25,0x000a,4.95985,0x00000000,2025-12-14T15:17:10.252Z,2025-12-14T15:17:10.252Z
23,0x000a,2.31568,0x00000000,2025-12-14T15:17:10.252Z,2025-12-14T15:17:10.252Z
22,0x000a,1.66531,0x00000000,2025-12-14T15:17:10.252Z,2025-12-14T15:17:10.252Z
21,0x000a,2.18029,0x00000000,2025-12-14T15:17:10.252Z,2025-12-14T15:17:10.252Z
8,0x0004,18911,0x00000000,2025-12-14T15:17:10.252Z,2025-12-14T15:17:10.252Z
7,0x0004,13713,0x00000000,2025-12-14T15:17:10.252Z,2025-12-14T15:17:10.252Z
40,0x0001,true,0x00000000,2025-12-14T15:17:10.351Z,2025-12-14T15:17:10.351Z
39,0x000a,2.20269,0x00000000,2025-12-14T15:17:10.351Z,2025-12-14T15:17:10.351Z
38,0x000a,1.59867,0x00000000,2025-12-14T15:17:10.351Z,2025-12-14T15:17:10.351Z
36,0x000a,2.20674,0x00000000,2025-12-14T15:17:10.351Z,2025-12-14T15:17:10.351Z
35,0x000a,1.58316,0x00000000,2025-12-14T15:17:10.351Z,2025-12-14T15:17:10.351Z
34,0x000a,1.09015,0x00000000,2025-12-14T15:17:10.351Z,2025-12-14T15:17:10.351Z
26,0x000a,7.0497,0x00000000,2025-12-14T15:17:10.351Z,2025-12-14T15:17:10.351Z
25,0x000a,5.10995,0x00000000,2025-12-14T15:17:10.351Z,2025-12-14T15:17:10.351Z
23,0x000a,2.20674,0x00000000,2025-12-14T15:17:10.351Z,2025-12-14T15:17:10.351Z
22,0x000a,1.58316,0x00000000,2025-12-14T15:17:10.351Z,2025-12-14T15:17:10.351Z
21,0x000a,1.09015,0x00000000,2025-12-14T15:17:10.351Z,2025-12-14T15:17:10.351Z
8,0x0004,19491,0x00000000,2025-12-14T15:17:10.351Z,2025-12-14T15:17:10.351Z
7,0x0004,14128,0x00000000,2025-12-14T15:17:10.351Z,2025-12-14T15:17:10.351Z
39,0x000a,2.0978,0x00000000,2025-12-14T15:17:10.452Z,2025-12-14T15:17:10.452Z
38,0x000a,1.50101,0x00000000,2025-12-14T15:17:10.452Z,2025-12-14T15:17:10.452Z
36,0x000a,2.20471,0x00000000,2025-12-14T15:17:10.452Z,2025-12-14T15:17:10.452Z
35,0x000a,1.59091,0x00000000,2025-12-14T15:17:10.452Z,2025-12-14T15:17:10.452Z
34,0x000a,0.545073,0x00000000,2025-12-14T15:17:10.452Z,2025-12-14T15:17:10.452Z
26,0x000a,7.25984,0x00000000,2025-12-14T15:17:10.452Z,2025-12-14T15:17:10.452Z
25,0x000a,5.25969,0x00000000,2025-12-14T15:17:10.452Z,2025-12-14T15:17:10.452Z
23,0x000a,2.20471,0x00000000,2025-12-14T15:17:10.452Z,2025-12-14T15:17:10.452Z
22,0x000a,1.59091,0x00000000,2025-12-14T15:17:10.452Z,2025-12-14T15:17:10.452Z
21,0x000a,0.545073,0x00000000,2025-12-14T15:17:10.452Z,2025-12-14T15:17:10.452Z
8,0x0004,20072,0x00000000,2025-12-14T15:17:10.452Z,2025-12-14T15:17:10.452Z
7,0x0004,14542,0x00000000,2025-12-14T15:17:10.452Z,2025-12-14T15:17:10.452Z
39,0x000a,2.10142,0x00000000,2025-12-14T15:17:10.552Z,2025-12-14T15:17:10.552Z
38,0x000a,1.4974,0x00000000,2025-12-14T15:17:10.552Z,2025-12-14T15:17:10.552Z
36,0x000a,2.15126,0x00000000,2025-12-14T15:17:10.552Z,2025-12-14T15:17:10.552Z
35,0x000a,1.54596,0x00000000,2025-12-14T15:17:10.552Z,2025-12-14T15:17:10.552Z
34,0x000a,0.272536,0x00000000,2025-12-14T15:17:10.552Z,2025-12-14T15:17:10.552Z
26,0x000a,7.51989,0x00000000,2025-12-14T15:17:10.552Z,2025-12-14T15:17:10.552Z
25,0x000a,5.44994,0x00000000,2025-12-14T15:17:10.552Z,2025-12-14T15:17:10.552Z
23,0x000a,2.15126,0x00000000,2025-12-14T15:17:10.552Z,2025-12-14T15:17:10.552Z
22,0x000a,1.54596,0x00000000,2025-12-14T15:17:10.552Z,2025-12-14T15:17:10.552Z
21,0x000a,0.272536,0x00000000,2025-12-14T15:17:10.552Z,2025-12-14T15:17:10.552Z
8,0x0004,20791,0x00000000,2025-12-14T15:17:10.552Z,2025-12-14T15:17:10.552Z
7,0x0004,15068,0x00000000,2025-12-14T15:17:10.552Z,2025-12-14T15:17:10.552Z
39,0x000a,2.60055,0x00000000,2025-12-14T15:17:10.650Z,2025-12-14T15:17:10.650Z
38,0x000a,1.90249,0x00000000,2025-12-14T15:17:10.650Z,2025-12-14T15:17:10.650Z
36,0x000a,2.12634,0x00000000,2025-12-14T15:17:10.650Z,2025-12-14T15:17:10.650Z
35,0x000a,1.52168,0x00000000,2025-12-14T15:17:10.650Z,2025-12-14T15:17:10.650Z
34,0x000a,0.136268,0x00000000,2025-12-14T15:17:10.650Z,2025-12-14T15:17:10.650Z
26,0x000a,7.72967,0x00000000,2025-12-14T15:17:10.650Z,2025-12-14T15:17:10.650Z
25,0x000a,5.59968,0x00000000,2025-12-14T15:17:10.650Z,2025-12-14T15:17:10.650Z
23,0x000a,2.12634,0x00000000,2025-12-14T15:17:10.650Z,2025-12-14T15:17:10.650Z
22,0x000a,1.52168,0x00000000,2025-12-14T15:17:10.650Z,2025-12-14T15:17:10.650Z
21,0x000a,0.136268,0x00000000,2025-12-14T15:17:10.650Z,2025-12-14T15:17:10.650Z
8,0x0004,21371,0x00000000,2025-12-14T15:17:10.650Z,2025-12-14T15:17:10.650Z
7,0x0004,15482,0x00000000,2025-12-14T15:17:10.650Z,2025-12-14T15:17:10.650Z
39,0x000a,2.0978,0x00000000,2025-12-14T15:17:10.751Z,2025-12-14T15:17:10.751Z
38,0x000a,1.49739,0x00000000,2025-12-14T15:17:10.751Z,2025-12-14T15:17:10.751Z
36,0x000a,2.36344,0x00000000,2025-12-14T15:17:10.751Z,2025-12-14T15:17:10.751Z
35,0x000a,1.71209,0x00000000,2025-12-14T15:17:10.751Z,2025-12-14T15:17:10.751Z
34,0x000a,0.0681341,0x00000000,2025-12-14T15:17:10.751Z,2025-12-14T15:17:10.751Z
26,0x000a,7.93981,0x00000000,2025-12-14T15:17:10.751Z,2025-12-14T15:17:10.751Z
25,0x000a,5.74978,0x00000000,2025-12-14T15:17:10.751Z,2025-12-14T15:17:10.751Z
23,0x000a,2.36344,0x00000000,2025-12-14T15:17:10.751Z,2025-12-14T15:17:10.751Z
22,0x000a,1.71209,0x00000000,2025-12-14T15:17:10.751Z,2025-12-14T15:17:10.751Z
21,0x000a,0.0681341,0x00000000,2025-12-14T15:17:10.751Z,2025-12-14T15:17:10.751Z
8,0x0004,21952,0x00000000,2025-12-14T15:17:10.751Z,2025-12-14T15:17:10.751Z
7,0x0004,15897,0x00000000,2025-12-14T15:17:10.751Z,2025-12-14T15:17:10.751Z
39,0x000a,4.30049,0x00000000,2025-12-14T15:17:10.850Z,2025-12-14T15:17:10.850Z
38,0x000a,3.09968,0x00000000,2025-12-14T15:17:10.850Z,2025-12-14T15:17:10.850Z
36,0x000a,2.23062,0x00000000,2025-12-14T15:17:10.850Z,2025-12-14T15:17:10.850Z
35,0x000a,1.60474,0x00000000,2025-12-14T15:17:10.850Z,2025-12-14T15:17:10.850Z
34,0x000a,0.0340671,0x00000000,2025-12-14T15:17:10.850Z,2025-12-14T15:17:10.850Z
26,0x000a,8.15972,0x00000000,2025-12-14T15:17:10.850Z,2025-12-14T15:17:10.850Z
25,0x000a,5.90965,0x00000000,2025-12-14T15:17:10.850Z,2025-12-14T15:17:10.850Z
23,0x000a,2.23062,0x00000000,2025-12-14T15:17:10.850Z,2025-12-14T15:17:10.850Z
22,0x000a,1.60474,0x00000000,2025-12-14T15:17:10.850Z,2025-12-14T15:17:10.850Z
21,0x000a,0.0340671,0x00000000,2025-12-14T15:17:10.850Z,2025-12-14T15:17:10.850Z
8,0x0004,22560,0x00000000,2025-12-14T15:17:10.850Z,2025-12-14T15:17:10.850Z
7,0x0004,16339,0x00000000,2025-12-14T15:17:10.850Z,2025-12-14T15:17:10.850Z
39,0x000a,2.10141,0x00000000,2025-12-14T15:17:11.049Z,2025-12-14T15:17:11.049Z
38,0x000a,1.50101,0x00000000,2025-12-14T15:17:11.049Z,2025-12-14T15:17:11.049Z
36,0x000a,3.26556,0x00000000,2025-12-14T15:17:11.049Z,2025-12-14T15:17:11.049Z
35,0x000a,2.35221,0x00000000,2025-12-14T15:17:11.049Z,2025-12-14T15:17:11.049Z
34,0x000a,0.0170335,0x00000000,2025-12-14T15:17:11.049Z,2025-12-14T15:17:11.049Z
26,0x000a,8.36986,0x00000000,2025-12-14T15:17:11.049Z,2025-12-14T15:17:11.049Z
25,0x000a,6.05975,0x00000000,2025-12-14T15:17:11.049Z,2025-12-14T15:17:11.049Z
23,0x000a,3.26556,0x00000000,2025-12-14T15:17:11.049Z,2025-12-14T15:17:11.049Z
22,0x000a,2.35221,0x00000000,2025-12-14T15:17:11.049Z,2025-12-14T15:17:11.049Z
21,0x000a,0.0170335,0x00000000,2025-12-14T15:17:11.049Z,2025-12-14T15:17:11.049Z
8,0x0004,23141,0x00000000,2025-12-14T15:17:11.049Z,2025-12-14T15:17:11.049Z
7,0x0004,16754,0x00000000,2025-12-14T15:17:11.049Z,2025-12-14T15:17:11.049Z
39,0x000a,2.09781,0x00000000,2025-12-14T15:17:11.150Z,2025-12-14T15:17:11.150Z
36,0x000a,2.68349,0x00000000,2025-12-14T15:17:11.150Z,2025-12-14T15:17:11.150Z
35,0x000a,1.92661,0x00000000,2025-12-14T15:17:11.150Z,2025-12-14T15:17:11.150Z
34,0x000a,0.00851676,0x00000000,2025-12-14T15:17:11.150Z,2025-12-14T15:17:11.150Z
26,0x000a,8.57964,0x00000000,2025-12-14T15:17:11.150Z,2025-12-14T15:17:11.150Z
25,0x000a,6.20985,0x00000000,2025-12-14T15:17:11.150Z,2025-12-14T15:17:11.150Z
23,0x000a,2.68349,0x00000000,2025-12-14T15:17:11.150Z,2025-12-14T15:17:11.150Z
22,0x000a,1.92661,0x00000000,2025-12-14T15:17:11.150Z,2025-12-14T15:17:11.150Z
21,0x000a,0.00851676,0x00000000,2025-12-14T15:17:11.150Z,2025-12-14T15:17:11.150Z
8,0x0004,23721,0x00000000,2025-12-14T15:17:11.150Z,2025-12-14T15:17:11.150Z
7,0x0004,17169,0x00000000,2025-12-14T15:17:11.150Z,2025-12-14T15:17:11.150Z
39,0x000a,2.20269,0x00000000,2025-12-14T15:17:11.253Z,2025-12-14T15:17:11.253Z
38,0x000a,1.59867,0x00000000,2025-12-14T15:17:11.253Z,2025-12-14T15:17:11.253Z
36,0x000a,2.39065,0x00000000,2025-12-14T15:17:11.253Z,2025-12-14T15:17:11.253Z
35,0x000a,1.71381,0x00000000,2025-12-14T15:17:11.253Z,2025-12-14T15:17:11.253Z
34,0x000a,0.00425838,0x00000000,2025-12-14T15:17:11.253Z,2025-12-14T15:17:11.253Z
26,0x000a,8.79991,0x00000000,2025-12-14T15:17:11.253Z,2025-12-14T15:17:11.253Z
25,0x000a,6.36972,0x00000000,2025-12-14T15:17:11.253Z,2025-12-14T15:17:11.253Z
23,0x000a,2.39065,0x00000000,2025-12-14T15:17:11.253Z,2025-12-14T15:17:11.253Z
22,0x000a,1.71381,0x00000000,2025-12-14T15:17:11.253Z,2025-12-14T15:17:11.253Z
21,0x000a,0.00425838,0x00000000,2025-12-14T15:17:11.253Z,2025-12-14T15:17:11.253Z
8,0x0004,24330,0x00000000,2025-12-14T15:17:11.253Z,2025-12-14T15:17:11.253Z
7,0x0004,17611,0x00000000,2025-12-14T15:17:11.253Z,2025-12-14T15:17:11.253Z
39,0x000a,2.0978,0x00000000,2025-12-14T15:17:11.350Z,2025-12-14T15:17:11.350Z
38,0x000a,1.50102,0x00000000,2025-12-14T15:17:11.350Z,2025-12-14T15:17:11.350Z
36,0x000a,2.29667,0x00000000,2025-12-14T15:17:11.350Z,2025-12-14T15:17:11.350Z
35,0x000a,1.65624,0x00000000,2025-12-14T15:17:11.350Z,2025-12-14T15:17:11.350Z
34,0x000a,0.00212919,0x00000000,2025-12-14T15:17:11.350Z,2025-12-14T15:17:11.350Z
26,0x000a,9.00969,0x00000000,2025-12-14T15:17:11.350Z,2025-12-14T15:17:11.350Z
25,0x000a,6.51982,0x00000000,2025-12-14T15:17:11.350Z,2025-12-14T15:17:11.350Z
23,0x000a,2.29667,0x00000000,2025-12-14T15:17:11.350Z,2025-12-14T15:17:11.350Z
22,0x000a,1.65624,0x00000000,2025-12-14T15:17:11.350Z,2025-12-14T15:17:11.350Z
21,0x000a,0.00212919,0x00000000,2025-12-14T15:17:11.350Z,2025-12-14T15:17:11.350Z
8,0x0004,24910,0x00000000,2025-12-14T15:17:11.350Z,2025-12-14T15:17:11.350Z
7,0x0004,18026,0x00000000,2025-12-14T15:17:11.350Z,2025-12-14T15:17:11.350Z
39,0x000a,2.10142,0x00000000,2025-12-14T15:17:11.452Z,2025-12-14T15:17:11.452Z
38,0x000a,1.50101,0x00000000,2025-12-14T15:17:11.452Z,2025-12-14T15:17:11.452Z
36,0x000a,2.19723,0x00000000,2025-12-14T15:17:11.452Z,2025-12-14T15:17:11.452Z
35,0x000a,1.57863,0x00000000,2025-12-14T15:17:11.452Z,2025-12-14T15:17:11.452Z
34,0x000a,0.0010646,0x00000000,2025-12-14T15:17:11.452Z,2025-12-14T15:17:11.452Z
26,0x000a,9.21984,0x00000000,2025-12-14T15:17:11.452Z,2025-12-14T15:17:11.452Z
25,0x000a,6.66992,0x00000000,2025-12-14T15:17:11.452Z,2025-12-14T15:17:11.452Z
23,0x000a,2.19723,0x00000000,2025-12-14T15:17:11.452Z,2025-12-14T15:17:11.452Z
22,0x000a,1.57863,0x00000000,2025-12-14T15:17:11.452Z,2025-12-14T15:17:11.452Z
21,0x000a,0.0010646,0x00000000,2025-12-14T15:17:11.452Z,2025-12-14T15:17:11.452Z
8,0x0004,25491,0x00000000,2025-12-14T15:17:11.452Z,2025-12-14T15:17:11.452Z
7,0x0004,18441,0x00000000,2025-12-14T15:17:11.452Z,2025-12-14T15:17:11.452Z
39,0x000a,2.19907,0x00000000,2025-12-14T15:17:11.550Z,2025-12-14T15:17:11.550Z
38,0x000a,1.59867,0x00000000,2025-12-14T15:17:11.550Z,2025-12-14T15:17:11.550Z
36,0x000a,2.14933,0x00000000,2025-12-14T15:17:11.550Z,2025-12-14T15:17:11.550Z
35,0x000a,1.53982,0x00000000,2025-12-14T15:17:11.550Z,2025-12-14T15:17:11.550Z
34,0x000a,0.000532298,0x00000000,2025-12-14T15:17:11.550Z,2025-12-14T15:17:11.550Z
26,0x000a,9.43974,0x00000000,2025-12-14T15:17:11.550Z,2025-12-14T15:17:11.550Z
25,0x000a,6.82979,0x00000000,2025-12-14T15:17:11.550Z,2025-12-14T15:17:11.550Z
23,0x000a,2.14933,0x00000000,2025-12-14T15:17:11.550Z,2025-12-14T15:17:11.550Z
22,0x000a,1.53982,0x00000000,2025-12-14T15:17:11.550Z,2025-12-14T15:17:11.550Z
21,0x000a,0.000532298,0x00000000,2025-12-14T15:17:11.550Z,2025-12-14T15:17:11.550Z
8,0x0004,26099,0x00000000,2025-12-14T15:17:11.550Z,2025-12-14T15:17:11.550Z
7,0x0004,18883,0x00000000,2025-12-14T15:17:11.550Z,2025-12-14T15:17:11.550Z
39,0x000a,2.49928,0x00000000,2025-12-14T15:17:11.653Z,2025-12-14T15:17:11.653Z
38,0x000a,1.80121,0x00000000,2025-12-14T15:17:11.653Z,2025-12-14T15:17:11.653Z
36,0x000a,2.1742,0x00000000,2025-12-14T15:17:11.653Z,2025-12-14T15:17:11.653Z
36,0x000a,2.33674,0x00000000,2025-12-14T15:17:11.751Z,2025-12-14T15:17:11.751Z
35,0x000a,1.56924,0x00000000,2025-12-14T15:17:11.653Z,2025-12-14T15:17:11.653Z
35,0x000a,1.68523,0x00000000,2025-12-14T15:17:11.751Z,2025-12-14T15:17:11.751Z
34,0x000a,0.000266149,0x00000000,2025-12-14T15:17:11.653Z,2025-12-14T15:17:11.653Z
34,0x000a,0.000133074,0x00000000,2025-12-14T15:17:11.751Z,2025-12-14T15:17:11.751Z
26,0x000a,9.68967,0x00000000,2025-12-14T15:17:11.653Z,2025-12-14T15:17:11.653Z
26,0x000a,9.90994,0x00000000,2025-12-14T15:17:11.751Z,2025-12-14T15:17:11.751Z
25,0x000a,7.00991,0x00000000,2025-12-14T15:17:11.653Z,2025-12-14T15:17:11.653Z
25,0x000a,7.15965,0x00000000,2025-12-14T15:17:11.751Z,2025-12-14T15:17:11.751Z
23,0x000a,2.1742,0x00000000,2025-12-14T15:17:11.653Z,2025-12-14T15:17:11.653Z
23,0x000a,2.33674,0x00000000,2025-12-14T15:17:11.751Z,2025-12-14T15:17:11.751Z
22,0x000a,1.56924,0x00000000,2025-12-14T15:17:11.653Z,2025-12-14T15:17:11.653Z
22,0x000a,1.68523,0x00000000,2025-12-14T15:17:11.751Z,2025-12-14T15:17:11.751Z
21,0x000a,0.000266149,0x00000000,2025-12-14T15:17:11.653Z,2025-12-14T15:17:11.653Z
21,0x000a,0.000133074,0x00000000,2025-12-14T15:17:11.751Z,2025-12-14T15:17:11.751Z
17,0x0001,false,0x00000000,2025-12-14T15:17:11.751Z,2025-12-14T15:17:11.751Z
8,0x0004,26790,0x00000000,2025-12-14T15:17:11.653Z,2025-12-14T15:17:11.653Z
8,0x0004,27399,0x00000000,2025-12-14T15:17:11.751Z,2025-12-14T15:17:11.751Z
7,0x0004,19381,0x00000000,2025-12-14T15:17:11.653Z,2025-12-14T15:17:11.653Z
7,0x0004,19795,0x00000000,2025-12-14T15:17:11.751Z,2025-12-14T15:17:11.751Z
39,0x000a,2.20269,0x00000000,2025-12-14T15:17:11.851Z,2025-12-14T15:17:11.851Z
38,0x000a,1.4974,0x00000000,2025-12-14T15:17:11.851Z,2025-12-14T15:17:11.851Z
26,0x000a,10,0x00000000,2025-12-14T15:17:11.851Z,2025-12-14T15:17:11.851Z
25,0x000a,7.31988,0x00000000,2025-12-14T15:17:11.851Z,2025-12-14T15:17:11.851Z
8,0x0004,27648,0x00000000,2025-12-14T15:17:11.851Z,2025-12-14T15:17:11.851Z
7,0x0004,20238,0x00000000,2025-12-14T15:17:11.851Z,2025-12-14T15:17:11.851Z
39,0x000a,0.900612,0x00000000,2025-12-14T15:17:11.952Z,2025-12-14T15:17:11.952Z
38,0x000a,1.60229,0x00000000,2025-12-14T15:17:11.952Z,2025-12-14T15:17:11.952Z
36,0x000a,2.26971,0x00000000,2025-12-14T15:17:11.952Z,2025-12-14T15:17:11.952Z
35,0x000a,1.59131,0x00000000,2025-12-14T15:17:11.952Z,2025-12-14T15:17:11.952Z
34,0x000a,6.65372e-05,0x00000000,2025-12-14T15:17:11.952Z,2025-12-14T15:17:11.952Z
25,0x000a,7.46998,0x00000000,2025-12-14T15:17:11.952Z,2025-12-14T15:17:11.952Z
23,0x000a,2.26971,0x00000000,2025-12-14T15:17:11.952Z,2025-12-14T15:17:11.952Z
22,0x000a,1.59131,0x00000000,2025-12-14T15:17:11.952Z,2025-12-14T15:17:11.952Z
21,0x000a,6.65372e-05,0x00000000,2025-12-14T15:17:11.952Z,2025-12-14T15:17:11.952Z
7,0x0004,20653,0x00000000,2025-12-14T15:17:11.952Z,2025-12-14T15:17:11.952Z
39,0x000a,0,0x00000000,2025-12-14T15:17:12.050Z,2025-12-14T15:17:12.050Z
38,0x000a,2.9984,0x00000000,2025-12-14T15:17:12.050Z,2025-12-14T15:17:12.050Z
36,0x000a,1.58516,0x00000000,2025-12-14T15:17:12.050Z,2025-12-14T15:17:12.050Z
35,0x000a,1.5968,0x00000000,2025-12-14T15:17:12.050Z,2025-12-14T15:17:12.050Z
34,0x000a,3.32686e-05,0x00000000,2025-12-14T15:17:12.050Z,2025-12-14T15:17:12.050Z
25,0x000a,7.61972,0x00000000,2025-12-14T15:17:12.050Z,2025-12-14T15:17:12.050Z
23,0x000a,1.58516,0x00000000,2025-12-14T15:17:12.050Z,2025-12-14T15:17:12.050Z
22,0x000a,1.5968,0x00000000,2025-12-14T15:17:12.050Z,2025-12-14T15:17:12.050Z
21,0x000a,3.32686e-05,0x00000000,2025-12-14T15:17:12.050Z,2025-12-14T15:17:12.050Z
7,0x0004,21067,0x00000000,2025-12-14T15:17:12.050Z,2025-12-14T15:17:12.050Z
38,0x000a,1.60229,0x00000000,2025-12-14T15:17:12.150Z,2025-12-14T15:17:12.150Z
36,0x000a,0.792582,0x00000000,2025-12-14T15:17:12.150Z,2025-12-14T15:17:12.150Z
35,0x000a,2.2976,0x00000000,2025-12-14T15:17:12.150Z,2025-12-14T15:17:12.150Z
34,0x000a,1.66343e-05,0x00000000,2025-12-14T15:17:12.150Z,2025-12-14T15:17:12.150Z
25,0x000a,7.77995,0x00000000,2025-12-14T15:17:12.150Z,2025-12-14T15:17:12.150Z
23,0x000a,0.792582,0x00000000,2025-12-14T15:17:12.150Z,2025-12-14T15:17:12.150Z
22,0x000a,2.2976,0x00000000,2025-12-14T15:17:12.150Z,2025-12-14T15:17:12.150Z
21,0x000a,1.66343e-05,0x00000000,2025-12-14T15:17:12.150Z,2025-12-14T15:17:12.150Z
7,0x0004,21510,0x00000000,2025-12-14T15:17:12.150Z,2025-12-14T15:17:12.150Z
42,0x0001,true,0x00000000,2025-12-14T15:17:12.250Z,2025-12-14T15:17:12.250Z
38,0x000a,1.7976,0x00000000,2025-12-14T15:17:12.250Z,2025-12-14T15:17:12.250Z
36,0x000a,0.396291,0x00000000,2025-12-14T15:17:12.250Z,2025-12-14T15:17:12.250Z
35,0x000a,1.94994,0x00000000,2025-12-14T15:17:12.250Z,2025-12-14T15:17:12.250Z
34,0x000a,8.31715e-06,0x00000000,2025-12-14T15:17:12.250Z,2025-12-14T15:17:12.250Z
25,0x000a,7.95971,0x00000000,2025-12-14T15:17:12.250Z,2025-12-14T15:17:12.250Z
23,0x000a,0.396291,0x00000000,2025-12-14T15:17:12.250Z,2025-12-14T15:17:12.250Z
22,0x000a,1.94994,0x00000000,2025-12-14T15:17:12.250Z,2025-12-14T15:17:12.250Z
21,0x000a,8.31715e-06,0x00000000,2025-12-14T15:17:12.250Z,2025-12-14T15:17:12.250Z
7,0x0004,22007,0x00000000,2025-12-14T15:17:12.250Z,2025-12-14T15:17:12.250Z
38,0x000a,1.60228,0x00000000,2025-12-14T15:17:12.350Z,2025-12-14T15:17:12.350Z
36,0x000a,0.198145,0x00000000,2025-12-14T15:17:12.350Z,2025-12-14T15:17:12.350Z
35,0x000a,1.87377,0x00000000,2025-12-14T15:17:12.350Z,2025-12-14T15:17:12.350Z
34,0x000a,4.15858e-06,0x00000000,2025-12-14T15:17:12.350Z,2025-12-14T15:17:12.350Z
25,0x000a,8.11994,0x00000000,2025-12-14T15:17:12.350Z,2025-12-14T15:17:12.350Z
23,0x000a,0.198145,0x00000000,2025-12-14T15:17:12.350Z,2025-12-14T15:17:12.350Z
22,0x000a,1.87377,0x00000000,2025-12-14T15:17:12.350Z,2025-12-14T15:17:12.350Z
21,0x000a,4.15858e-06,0x00000000,2025-12-14T15:17:12.350Z,2025-12-14T15:17:12.350Z
7,0x0004,22450,0x00000000,2025-12-14T15:17:12.350Z,2025-12-14T15:17:12.350Z
38,0x000a,1.4974,0x00000000,2025-12-14T15:17:12.451Z,2025-12-14T15:17:12.451Z
36,0x000a,0.0990727,0x00000000,2025-12-14T15:17:12.451Z,2025-12-14T15:17:12.451Z
35,0x000a,1.73803,0x00000000,2025-12-14T15:17:12.451Z,2025-12-14T15:17:12.451Z
34,0x000a,2.07929e-06,0x00000000,2025-12-14T15:17:12.451Z,2025-12-14T15:17:12.451Z
25,0x000a,8.26968,0x00000000,2025-12-14T15:17:12.451Z,2025-12-14T15:17:12.451Z
23,0x000a,0.0990727,0x00000000,2025-12-14T15:17:12.451Z,2025-12-14T15:17:12.451Z
22,0x000a,1.73803,0x00000000,2025-12-14T15:17:12.451Z,2025-12-14T15:17:12.451Z
21,0x000a,2.07929e-06,0x00000000,2025-12-14T15:17:12.451Z,2025-12-14T15:17:12.451Z
7,0x0004,22864,0x00000000,2025-12-14T15:17:12.451Z,2025-12-14T15:17:12.451Z
38,0x000a,1.50101,0x00000000,2025-12-14T15:17:12.552Z,2025-12-14T15:17:12.552Z
36,0x000a,0.0495363,0x00000000,2025-12-14T15:17:12.552Z,2025-12-14T15:17:12.552Z
35,0x000a,1.61771,0x00000000,2025-12-14T15:17:12.552Z,2025-12-14T15:17:12.552Z
34,0x000a,1.03964e-06,0x00000000,2025-12-14T15:17:12.552Z,2025-12-14T15:17:12.552Z
25,0x000a,8.41978,0x00000000,2025-12-14T15:17:12.552Z,2025-12-14T15:17:12.552Z
23,0x000a,0.0495363,0x00000000,2025-12-14T15:17:12.552Z,2025-12-14T15:17:12.552Z
22,0x000a,1.61771,0x00000000,2025-12-14T15:17:12.552Z,2025-12-14T15:17:12.552Z
21,0x000a,1.03964e-06,0x00000000,2025-12-14T15:17:12.552Z,2025-12-14T15:17:12.552Z
7,0x0004,23279,0x00000000,2025-12-14T15:17:12.552Z,2025-12-14T15:17:12.552Z
36,0x000a,0.0247682,0x00000000,2025-12-14T15:17:12.650Z,2025-12-14T15:17:12.650Z
35,0x000a,1.55936,0x00000000,2025-12-14T15:17:12.650Z,2025-12-14T15:17:12.650Z
34,0x000a,5.19822e-07,0x00000000,2025-12-14T15:17:12.650Z,2025-12-14T15:17:12.650Z
25,0x000a,8.57964,0x00000000,2025-12-14T15:17:12.650Z,2025-12-14T15:17:12.650Z
23,0x000a,0.0247682,0x00000000,2025-12-14T15:17:12.650Z,2025-12-14T15:17:12.650Z
22,0x000a,1.55936,0x00000000,2025-12-14T15:17:12.650Z,2025-12-14T15:17:12.650Z
21,0x000a,5.19822e-07,0x00000000,2025-12-14T15:17:12.650Z,2025-12-14T15:17:12.650Z
7,0x0004,23721,0x00000000,2025-12-14T15:17:12.650Z,2025-12-14T15:17:12.650Z
38,0x000a,1.59867,0x00000000,2025-12-14T15:17:12.751Z,2025-12-14T15:17:12.751Z
25,0x000a,8.72974,0x00000000,2025-12-14T15:17:12.751Z,2025-12-14T15:17:12.751Z
15,0x0001,false,0x00000000,2025-12-14T15:17:12.751Z,2025-12-14T15:17:12.751Z
7,0x0004,24136,0x00000000,2025-12-14T15:17:12.751Z,2025-12-14T15:17:12.751Z
38,0x000a,1.50101,0x00000000,2025-12-14T15:17:12.852Z,2025-12-14T15:17:12.852Z
36,0x000a,0.0123841,0x00000000,2025-12-14T15:17:12.852Z,2025-12-14T15:17:12.852Z
35,0x000a,1.57902,0x00000000,2025-12-14T15:17:12.852Z,2025-12-14T15:17:12.852Z
34,0x000a,2.59911e-07,0x00000000,2025-12-14T15:17:12.852Z,2025-12-14T15:17:12.852Z
25,0x000a,8.87985,0x00000000,2025-12-14T15:17:12.852Z,2025-12-14T15:17:12.852Z
23,0x000a,0.0123841,0x00000000,2025-12-14T15:17:12.852Z,2025-12-14T15:17:12.852Z
22,0x000a,1.57902,0x00000000,2025-12-14T15:17:12.852Z,2025-12-14T15:17:12.852Z
21,0x000a,2.59911e-07,0x00000000,2025-12-14T15:17:12.852Z,2025-12-14T15:17:12.852Z
7,0x0004,24551,0x00000000,2025-12-14T15:17:12.852Z,2025-12-14T15:17:12.852Z
38,0x000a,1.50102,0x00000000,2025-12-14T15:17:12.952Z,2025-12-14T15:17:12.952Z
36,0x000a,0.00619204,0x00000000,2025-12-14T15:17:12.952Z,2025-12-14T15:17:12.952Z
35,0x000a,1.54001,0x00000000,2025-12-14T15:17:12.952Z,2025-12-14T15:17:12.952Z
34,0x000a,1.29956e-07,0x00000000,2025-12-14T15:17:12.952Z,2025-12-14T15:17:12.952Z
25,0x000a,8.93989,0x00000000,2025-12-14T15:17:12.952Z,2025-12-14T15:17:12.952Z
23,0x000a,0.00619204,0x00000000,2025-12-14T15:17:12.952Z,2025-12-14T15:17:12.952Z
22,0x000a,1.54001,0x00000000,2025-12-14T15:17:12.952Z,2025-12-14T15:17:12.952Z
21,0x000a,1.29956e-07,0x00000000,2025-12-14T15:17:12.952Z,2025-12-14T15:17:12.952Z
7,0x0004,24717,0x00000000,2025-12-14T15:17:12.952Z,2025-12-14T15:17:12.952Z
38,0x000a,0.600405,0x00000000,2025-12-14T15:17:13.051Z,2025-12-14T15:17:13.051Z
36,0x000a,0.00309602,0x00000000,2025-12-14T15:17:13.051Z,2025-12-14T15:17:13.051Z
35,0x000a,1.52051,0x00000000,2025-12-14T15:17:13.051Z,2025-12-14T15:17:13.051Z
34,0x000a,6.49778e-08,0x00000000,2025-12-14T15:17:13.051Z,2025-12-14T15:17:13.051Z
23,0x000a,0.00309602,0x00000000,2025-12-14T15:17:13.051Z,2025-12-14T15:17:13.051Z
22,0x000a,1.52051,0x00000000,2025-12-14T15:17:13.051Z,2025-12-14T15:17:13.051Z
21,0x000a,6.49778e-08,0x00000000,2025-12-14T15:17:13.051Z,2025-12-14T15:17:13.051Z
38,0x000a,0,0x00000000,2025-12-14T15:17:13.150Z,2025-12-14T15:17:13.150Z
36,0x000a,0.00154801,0x00000000,2025-12-14T15:17:13.150Z,2025-12-14T15:17:13.150Z
35,0x000a,1.06046,0x00000000,2025-12-14T15:17:13.150Z,2025-12-14T15:17:13.150Z
34,0x000a,3.24889e-08,0x00000000,2025-12-14T15:17:13.150Z,2025-12-14T15:17:13.150Z
23,0x000a,0.00154801,0x00000000,2025-12-14T15:17:13.150Z,2025-12-14T15:17:13.150Z
22,0x000a,1.06046,0x00000000,2025-12-14T15:17:13.150Z,2025-12-14T15:17:13.150Z
21,0x000a,3.24889e-08,0x00000000,2025-12-14T15:17:13.150Z,2025-12-14T15:17:13.150Z
42,0x0001,false,0x00000000,2025-12-14T15:17:13.251Z,2025-12-14T15:17:13.251Z
40,0x0001,false,0x00000000,2025-12-14T15:17:13.251Z,2025-12-14T15:17:13.251Z
36,0x000a,0.000774005,0x00000000,2025-12-14T15:17:13.251Z,2025-12-14T15:17:13.251Z
35,0x000a,0.53023,0x00000000,2025-12-14T15:17:13.251Z,2025-12-14T15:17:13.251Z
34,0x000a,1.62444e-08,0x00000000,2025-12-14T15:17:13.251Z,2025-12-14T15:17:13.251Z
23,0x000a,0.000774005,0x00000000,2025-12-14T15:17:13.251Z,2025-12-14T15:17:13.251Z
22,0x000a,0.53023,0x00000000,2025-12-14T15:17:13.251Z,2025-12-14T15:17:13.251Z
21,0x000a,1.62444e-08,0x00000000,2025-12-14T15:17:13.251Z,2025-12-14T15:17:13.251Z
18,0x0001,true,0x00000000,2025-12-14T15:17:13.251Z,2025-12-14T15:17:13.251Z
16,0x0001,true,0x00000000,2025-12-14T15:17:13.251Z,2025-12-14T15:17:13.251Z
14,0x0001,true,0x00000000,2025-12-14T15:17:13.251Z,2025-12-14T15:17:13.251Z
4,0x000a,5,0x00000000,2025-12-14T15:17:13.251Z,2025-12-14T15:17:13.251Z
3,0x000a,5,0x00000000,2025-12-14T15:17:13.251Z,2025-12-14T15:17:13.251Z
2,0x000a,5,0x00000000,2025-12-14T15:17:13.251Z,2025-12-14T15:17:13.251Z
36,0x000a,0.000387003,0x00000000,2025-12-14T15:17:13.349Z,2025-12-14T15:17:13.349Z
35,0x000a,0.265115,0x00000000,2025-12-14T15:17:13.349Z,2025-12-14T15:17:13.349Z
34,0x000a,8.12222e-09,0x00000000,2025-12-14T15:17:13.349Z,2025-12-14T15:17:13.349Z
23,0x000a,0.000387003,0x00000000,2025-12-14T15:17:13.349Z,2025-12-14T15:17:13.349Z
22,0x000a,0.265115,0x00000000,2025-12-14T15:17:13.349Z,2025-12-14T15:17:13.349Z
21,0x000a,8.12222e-09,0x00000000,2025-12-14T15:17:13.349Z,2025-12-14T15:17:13.349Z
38,0x000a,-0.600405,0x00000000,2025-12-14T15:17:13.452Z,2025-12-14T15:17:13.452Z
37,0x000a,-1.09954,0x00000000,2025-12-14T15:17:13.452Z,2025-12-14T15:17:13.452Z
36,0x000a,0.000193501,0x00000000,2025-12-14T15:17:13.452Z,2025-12-14T15:17:13.452Z
35,0x000a,0.132557,0x00000000,2025-12-14T15:17:13.452Z,2025-12-14T15:17:13.452Z
34,0x000a,4.06111e-09,0x00000000,2025-12-14T15:17:13.452Z,2025-12-14T15:17:13.452Z
25,0x000a,8.87985,0x00000000,2025-12-14T15:17:13.452Z,2025-12-14T15:17:13.452Z
24,0x000a,8.10981,0x00000000,2025-12-14T15:17:13.452Z,2025-12-14T15:17:13.452Z
23,0x000a,0.000193501,0x00000000,2025-12-14T15:17:13.452Z,2025-12-14T15:17:13.452Z
22,0x000a,0.132557,0x00000000,2025-12-14T15:17:13.452Z,2025-12-14T15:17:13.452Z
21,0x000a,4.06111e-09,0x00000000,2025-12-14T15:17:13.452Z,2025-12-14T15:17:13.452Z
7,0x0004,24551,0x00000000,2025-12-14T15:17:13.452Z,2025-12-14T15:17:13.452Z
6,0x0004,22422,0x00000000,2025-12-14T15:17:13.452Z,2025-12-14T15:17:13.452Z
26,0x000a,9.78986,0x00000000,2025-12-14T15:17:13.550Z,2025-12-14T15:17:13.550Z
25,0x000a,8.72974,0x00000000,2025-12-14T15:17:13.550Z,2025-12-14T15:17:13.550Z
24,0x000a,7.82986,0x00000000,2025-12-14T15:17:13.550Z,2025-12-14T15:17:13.550Z
8,0x0004,27067,0x00000000,2025-12-14T15:17:13.550Z,2025-12-14T15:17:13.550Z
7,0x0004,24136,0x00000000,2025-12-14T15:17:13.550Z,2025-12-14T15:17:13.550Z
6,0x0004,21648,0x00000000,2025-12-14T15:17:13.550Z,2025-12-14T15:17:13.550Z
39,0x000a,-2.10142,0x00000000,2025-12-14T15:17:13.650Z,2025-12-14T15:17:13.650Z
38,0x000a,-1.50102,0x00000000,2025-12-14T15:17:13.650Z,2025-12-14T15:17:13.650Z
37,0x000a,-2.79948,0x00000000,2025-12-14T15:17:13.650Z,2025-12-14T15:17:13.650Z
36,0x000a,9.67507e-05,0x00000000,2025-12-14T15:17:13.650Z,2025-12-14T15:17:13.650Z
35,0x000a,-0.233924,0x00000000,2025-12-14T15:17:13.650Z,2025-12-14T15:17:13.650Z
34,0x000a,-0.549769,0x00000000,2025-12-14T15:17:13.650Z,2025-12-14T15:17:13.650Z
26,0x000a,9.57972,0x00000000,2025-12-14T15:17:13.650Z,2025-12-14T15:17:13.650Z
25,0x000a,8.57964,0x00000000,2025-12-14T15:17:13.650Z,2025-12-14T15:17:13.650Z
24,0x000a,7.54991,0x00000000,2025-12-14T15:17:13.650Z,2025-12-14T15:17:13.650Z
23,0x000a,9.67507e-05,0x00000000,2025-12-14T15:17:13.650Z,2025-12-14T15:17:13.650Z
22,0x000a,-0.233924,0x00000000,2025-12-14T15:17:13.650Z,2025-12-14T15:17:13.650Z
21,0x000a,-0.549769,0x00000000,2025-12-14T15:17:13.650Z,2025-12-14T15:17:13.650Z
8,0x0004,26486,0x00000000,2025-12-14T15:17:13.650Z,2025-12-14T15:17:13.650Z
7,0x0004,23721,0x00000000,2025-12-14T15:17:13.650Z,2025-12-14T15:17:13.650Z
6,0x0004,20874,0x00000000,2025-12-14T15:17:13.650Z,2025-12-14T15:17:13.650Z
39,0x000a,-2.10141,0x00000000,2025-12-14T15:17:13.750Z,2025-12-14T15:17:13.750Z
39,0x000a,-2.60056,0x00000000,2025-12-14T15:17:13.853Z,2025-12-14T15:17:13.853Z
38,0x000a,-1.50101,0x00000000,2025-12-14T15:17:13.750Z,2025-12-14T15:17:13.750Z
38,0x000a,-1.89887,0x00000000,2025-12-14T15:17:13.853Z,2025-12-14T15:17:13.853Z
37,0x000a,-2.79948,0x00000000,2025-12-14T15:17:13.750Z,2025-12-14T15:17:13.750Z
37,0x000a,-3.30223,0x00000000,2025-12-14T15:17:13.853Z,2025-12-14T15:17:13.853Z
36,0x000a,-1.05066,0x00000000,2025-12-14T15:17:13.750Z,2025-12-14T15:17:13.750Z
36,0x000a,-1.57604,0x00000000,2025-12-14T15:17:13.853Z,2025-12-14T15:17:13.853Z
35,0x000a,-0.86747,0x00000000,2025-12-14T15:17:13.750Z,2025-12-14T15:17:13.750Z
35,0x000a,-1.18424,0x00000000,2025-12-14T15:17:13.853Z,2025-12-14T15:17:13.853Z
34,0x000a,-1.67462,0x00000000,2025-12-14T15:17:13.750Z,2025-12-14T15:17:13.750Z
34,0x000a,-2.23705,0x00000000,2025-12-14T15:17:13.853Z,2025-12-14T15:17:13.853Z
26,0x000a,9.31966,0x00000000,2025-12-14T15:17:13.750Z,2025-12-14T15:17:13.750Z
26,0x000a,9.10988,0x00000000,2025-12-14T15:17:13.853Z,2025-12-14T15:17:13.853Z
25,0x000a,8.38976,0x00000000,2025-12-14T15:17:13.750Z,2025-12-14T15:17:13.750Z
25,0x000a,8.23966,0x00000000,2025-12-14T15:17:13.853Z,2025-12-14T15:17:13.853Z
24,0x000a,7.21969,0x00000000,2025-12-14T15:17:13.750Z,2025-12-14T15:17:13.750Z
24,0x000a,6.94987,0x00000000,2025-12-14T15:17:13.853Z,2025-12-14T15:17:13.853Z
23,0x000a,-1.05066,0x00000000,2025-12-14T15:17:13.750Z,2025-12-14T15:17:13.750Z
23,0x000a,-1.57604,0x00000000,2025-12-14T15:17:13.853Z,2025-12-14T15:17:13.853Z
22,0x000a,-0.86747,0x00000000,2025-12-14T15:17:13.750Z,2025-12-14T15:17:13.750Z
22,0x000a,-1.18424,0x00000000,2025-12-14T15:17:13.853Z,2025-12-14T15:17:13.853Z
21,0x000a,-1.67462,0x00000000,2025-12-14T15:17:13.750Z,2025-12-14T15:17:13.750Z
21,0x000a,-2.23705,0x00000000,2025-12-14T15:17:13.853Z,2025-12-14T15:17:13.853Z
8,0x0004,25767,0x00000000,2025-12-14T15:17:13.750Z,2025-12-14T15:17:13.750Z
8,0x0004,25187,0x00000000,2025-12-14T15:17:13.853Z,2025-12-14T15:17:13.853Z
7,0x0004,23196,0x00000000,2025-12-14T15:17:13.750Z,2025-12-14T15:17:13.750Z
7,0x0004,22781,0x00000000,2025-12-14T15:17:13.853Z,2025-12-14T15:17:13.853Z
6,0x0004,19961,0x00000000,2025-12-14T15:17:13.750Z,2025-12-14T15:17:13.750Z
6,0x0004,19215,0x00000000,2025-12-14T15:17:13.853Z,2025-12-14T15:17:13.853Z
39,0x000a,-2.0978,0x00000000,2025-12-14T15:17:13.949Z,2025-12-14T15:17:13.949Z
38,0x000a,-1.50102,0x00000000,2025-12-14T15:17:13.949Z,2025-12-14T15:17:13.949Z
37,0x000a,-2.69821,0x00000000,2025-12-14T15:17:13.949Z,2025-12-14T15:17:13.949Z
36,0x000a,-2.0883,0x00000000,2025-12-14T15:17:13.949Z,2025-12-14T15:17:13.949Z
35,0x000a,-1.54155,0x00000000,2025-12-14T15:17:13.949Z,2025-12-14T15:17:13.949Z
34,0x000a,-2.76964,0x00000000,2025-12-14T15:17:13.949Z,2025-12-14T15:17:13.949Z
26,0x000a,8.88997,0x00000000,2025-12-14T15:17:13.949Z,2025-12-14T15:17:13.949Z
25,0x000a,8.07979,0x00000000,2025-12-14T15:17:13.949Z,2025-12-14T15:17:13.949Z
24,0x000a,6.66992,0x00000000,2025-12-14T15:17:13.949Z,2025-12-14T15:17:13.949Z
23,0x000a,-2.0883,0x00000000,2025-12-14T15:17:13.949Z,2025-12-14T15:17:13.949Z
22,0x000a,-1.54155,0x00000000,2025-12-14T15:17:13.949Z,2025-12-14T15:17:13.949Z
21,0x000a,-2.76964,0x00000000,2025-12-14T15:17:13.949Z,2025-12-14T15:17:13.949Z
8,0x0004,24579,0x00000000,2025-12-14T15:17:13.949Z,2025-12-14T15:17:13.949Z
7,0x0004,22339,0x00000000,2025-12-14T15:17:13.949Z,2025-12-14T15:17:13.949Z
6,0x0004,18441,0x00000000,2025-12-14T15:17:13.949Z,2025-12-14T15:17:13.949Z
39,0x000a,-2.19908,0x00000000,2025-12-14T15:17:14.051Z,2025-12-14T15:17:14.051Z
38,0x000a,-1.59867,0x00000000,2025-12-14T15:17:14.051Z,2025-12-14T15:17:14.051Z
37,0x000a,-2.79948,0x00000000,2025-12-14T15:17:14.051Z,2025-12-14T15:17:14.051Z
36,0x000a,-2.09305,0x00000000,2025-12-14T15:17:14.051Z,2025-12-14T15:17:14.051Z
35,0x000a,-1.52129,0x00000000,2025-12-14T15:17:14.051Z,2025-12-14T15:17:14.051Z
34,0x000a,-2.73392,0x00000000,2025-12-14T15:17:14.051Z,2025-12-14T15:17:14.051Z
26,0x000a,8.67983,0x00000000,2025-12-14T15:17:14.051Z,2025-12-14T15:17:14.051Z
25,0x000a,7.92969,0x00000000,2025-12-14T15:17:14.051Z,2025-12-14T15:17:14.051Z
24,0x000a,6.39974,0x00000000,2025-12-14T15:17:14.051Z,2025-12-14T15:17:14.051Z
23,0x000a,-2.09305,0x00000000,2025-12-14T15:17:14.051Z,2025-12-14T15:17:14.051Z
22,0x000a,-1.52129,0x00000000,2025-12-14T15:17:14.051Z,2025-12-14T15:17:14.051Z
21,0x000a,-2.73392,0x00000000,2025-12-14T15:17:14.051Z,2025-12-14T15:17:14.051Z
8,0x0004,23998,0x00000000,2025-12-14T15:17:14.051Z,2025-12-14T15:17:14.051Z
7,0x0004,21924,0x00000000,2025-12-14T15:17:14.051Z,2025-12-14T15:17:14.051Z
6,0x0004,17694,0x00000000,2025-12-14T15:17:14.051Z,2025-12-14T15:17:14.051Z
39,0x000a,-2.10141,0x00000000,2025-12-14T15:17:14.152Z,2025-12-14T15:17:14.152Z
38,0x000a,-1.50101,0x00000000,2025-12-14T15:17:14.152Z,2025-12-14T15:17:14.152Z
37,0x000a,-2.70183,0x00000000,2025-12-14T15:17:14.152Z,2025-12-14T15:17:14.152Z
36,0x000a,-2.14606,0x00000000,2025-12-14T15:17:14.152Z,2025-12-14T15:17:14.152Z
35,0x000a,-1.55998,0x00000000,2025-12-14T15:17:14.152Z,2025-12-14T15:17:14.152Z
34,0x000a,-2.7667,0x00000000,2025-12-14T15:17:14.152Z,2025-12-14T15:17:14.152Z
26,0x000a,8.46969,0x00000000,2025-12-14T15:17:14.152Z,2025-12-14T15:17:14.152Z
25,0x000a,7.77995,0x00000000,2025-12-14T15:17:14.152Z,2025-12-14T15:17:14.152Z
24,0x000a,6.11979,0x00000000,2025-12-14T15:17:14.152Z,2025-12-14T15:17:14.152Z
23,0x000a,-2.14606,0x00000000,2025-12-14T15:17:14.152Z,2025-12-14T15:17:14.152Z
22,0x000a,-1.55998,0x00000000,2025-12-14T15:17:14.152Z,2025-12-14T15:17:14.152Z
21,0x000a,-2.7667,0x00000000,2025-12-14T15:17:14.152Z,2025-12-14T15:17:14.152Z
8,0x0004,23417,0x00000000,2025-12-14T15:17:14.152Z,2025-12-14T15:17:14.152Z
7,0x0004,21510,0x00000000,2025-12-14T15:17:14.152Z,2025-12-14T15:17:14.152Z
6,0x0004,16920,0x00000000,2025-12-14T15:17:14.152Z,2025-12-14T15:17:14.152Z
39,0x000a,-4.69835,0x00000000,2025-12-14T15:17:14.251Z,2025-12-14T15:17:14.251Z
38,0x000a,-3.39989,0x00000000,2025-12-14T15:17:14.251Z,2025-12-14T15:17:14.251Z
37,0x000a,-6.09809,0x00000000,2025-12-14T15:17:14.251Z,2025-12-14T15:17:14.251Z
36,0x000a,-2.12374,0x00000000,2025-12-14T15:17:14.251Z,2025-12-14T15:17:14.251Z
35,0x000a,-1.53049,0x00000000,2025-12-14T15:17:14.251Z,2025-12-14T15:17:14.251Z
34,0x000a,-2.73426,0x00000000,2025-12-14T15:17:14.251Z,2025-12-14T15:17:14.251Z
26,0x000a,8.21,0x00000000,2025-12-14T15:17:14.251Z,2025-12-14T15:17:14.251Z
25,0x000a,7.5897,0x00000000,2025-12-14T15:17:14.251Z,2025-12-14T15:17:14.251Z
24,0x000a,5.78993,0x00000000,2025-12-14T15:17:14.251Z,2025-12-14T15:17:14.251Z
23,0x000a,-2.12374,0x00000000,2025-12-14T15:17:14.251Z,2025-12-14T15:17:14.251Z
22,0x000a,-1.53049,0x00000000,2025-12-14T15:17:14.251Z,2025-12-14T15:17:14.251Z
21,0x000a,-2.73426,0x00000000,2025-12-14T15:17:14.251Z,2025-12-14T15:17:14.251Z
8,0x0004,22699,0x00000000,2025-12-14T15:17:14.251Z,2025-12-14T15:17:14.251Z
7,0x0004,20984,0x00000000,2025-12-14T15:17:14.251Z,2025-12-14T15:17:14.251Z
6,0x0004,16008,0x00000000,2025-12-14T15:17:14.251Z,2025-12-14T15:17:14.251Z
36,0x000a,-3.41104,0x00000000,2025-12-14T15:17:14.351Z,2025-12-14T15:17:14.351Z
35,0x000a,-2.46519,0x00000000,2025-12-14T15:17:14.351Z,2025-12-14T15:17:14.351Z
34,0x000a,-4.41618,0x00000000,2025-12-14T15:17:14.351Z,2025-12-14T15:17:14.351Z
26,0x000a,7.99986,0x00000000,2025-12-14T15:17:14.351Z,2025-12-14T15:17:14.351Z
25,0x000a,7.43996,0x00000000,2025-12-14T15:17:14.351Z,2025-12-14T15:17:14.351Z
24,0x000a,5.50998,0x00000000,2025-12-14T15:17:14.351Z,2025-12-14T15:17:14.351Z
23,0x000a,-3.41104,0x00000000,2025-12-14T15:17:14.351Z,2025-12-14T15:17:14.351Z
22,0x000a,-2.46519,0x00000000,2025-12-14T15:17:14.351Z,2025-12-14T15:17:14.351Z
21,0x000a,-4.41618,0x00000000,2025-12-14T15:17:14.351Z,2025-12-14T15:17:14.351Z
8,0x0004,22118,0x00000000,2025-12-14T15:17:14.351Z,2025-12-14T15:17:14.351Z
7,0x0004,20570,0x00000000,2025-12-14T15:17:14.351Z,2025-12-14T15:17:14.351Z
6,0x0004,15234,0x00000000,2025-12-14T15:17:14.351Z,2025-12-14T15:17:14.351Z
39,0x000a,-2.10142,0x00000000,2025-12-14T15:17:14.452Z,2025-12-14T15:17:14.452Z
38,0x000a,-1.49739,0x00000000,2025-12-14T15:17:14.452Z,2025-12-14T15:17:14.452Z
37,0x000a,-2.79948,0x00000000,2025-12-14T15:17:14.452Z,2025-12-14T15:17:14.452Z
26,0x000a,7.78971,0x00000000,2025-12-14T15:17:14.452Z,2025-12-14T15:17:14.452Z
25,0x000a,7.28986,0x00000000,2025-12-14T15:17:14.452Z,2025-12-14T15:17:14.452Z
24,0x000a,5.2398,0x00000000,2025-12-14T15:17:14.452Z,2025-12-14T15:17:14.452Z
14,0x0001,false,0x00000000,2025-12-14T15:17:14.452Z,2025-12-14T15:17:14.452Z
8,0x0004,21537,0x00000000,2025-12-14T15:17:14.452Z,2025-12-14T15:17:14.452Z
7,0x0004,20155,0x00000000,2025-12-14T15:17:14.452Z,2025-12-14T15:17:14.452Z
6,0x0004,14487,0x00000000,2025-12-14T15:17:14.452Z,2025-12-14T15:17:14.452Z
39,0x000a,-2.10142,0x00000000,2025-12-14T15:17:14.550Z,2025-12-14T15:17:14.550Z
38,0x000a,-1.50102,0x00000000,2025-12-14T15:17:14.550Z,2025-12-14T15:17:14.550Z
37,0x000a,-2.70182,0x00000000,2025-12-14T15:17:14.550Z,2025-12-14T15:17:14.550Z
36,0x000a,-2.75623,0x00000000,2025-12-14T15:17:14.550Z,2025-12-14T15:17:14.550Z
35,0x000a,-1.98129,0x00000000,2025-12-14T15:17:14.550Z,2025-12-14T15:17:14.550Z
34,0x000a,-3.60783,0x00000000,2025-12-14T15:17:14.550Z,2025-12-14T15:17:14.550Z
23,0x000a,-2.75623,0x00000000,2025-12-14T15:17:14.550Z,2025-12-14T15:17:14.550Z
22,0x000a,-1.98129,0x00000000,2025-12-14T15:17:14.550Z,2025-12-14T15:17:14.550Z
21,0x000a,-3.60783,0x00000000,2025-12-14T15:17:14.550Z,2025-12-14T15:17:14.550Z
39,0x000a,-2.19907,0x00000000,2025-12-14T15:17:14.650Z,2025-12-14T15:17:14.650Z
38,0x000a,-1.59867,0x00000000,2025-12-14T15:17:14.650Z,2025-12-14T15:17:14.650Z
37,0x000a,-2.79948,0x00000000,2025-12-14T15:17:14.650Z,2025-12-14T15:17:14.650Z
36,0x000a,-2.42882,0x00000000,2025-12-14T15:17:14.650Z,2025-12-14T15:17:14.650Z
35,0x000a,-1.74115,0x00000000,2025-12-14T15:17:14.650Z,2025-12-14T15:17:14.650Z
34,0x000a,-3.15482,0x00000000,2025-12-14T15:17:14.650Z,2025-12-14T15:17:14.650Z
26,0x000a,7.56981,0x00000000,2025-12-14T15:17:14.650Z,2025-12-14T15:17:14.650Z
25,0x000a,7.12999,0x00000000,2025-12-14T15:17:14.650Z,2025-12-14T15:17:14.650Z
24,0x000a,4.95985,0x00000000,2025-12-14T15:17:14.650Z,2025-12-14T15:17:14.650Z
23,0x000a,-2.42882,0x00000000,2025-12-14T15:17:14.650Z,2025-12-14T15:17:14.650Z
22,0x000a,-1.74115,0x00000000,2025-12-14T15:17:14.650Z,2025-12-14T15:17:14.650Z
21,0x000a,-3.15482,0x00000000,2025-12-14T15:17:14.650Z,2025-12-14T15:17:14.650Z
8,0x0004,20929,0x00000000,2025-12-14T15:17:14.650Z,2025-12-14T15:17:14.650Z
7,0x0004,19713,0x00000000,2025-12-14T15:17:14.650Z,2025-12-14T15:17:14.650Z
6,0x0004,13713,0x00000000,2025-12-14T15:17:14.650Z,2025-12-14T15:17:14.650Z
39,0x000a,-2.10142,0x00000000,2025-12-14T15:17:14.750Z,2025-12-14T15:17:14.750Z
38,0x000a,-1.50101,0x00000000,2025-12-14T15:17:14.750Z,2025-12-14T15:17:14.750Z
37,0x000a,-1.09953,0x00000000,2025-12-14T15:17:14.750Z,2025-12-14T15:17:14.750Z
36,0x000a,-2.31395,0x00000000,2025-12-14T15:17:14.750Z,2025-12-14T15:17:14.750Z
35,0x000a,-1.66991,0x00000000,2025-12-14T15:17:14.750Z,2025-12-14T15:17:14.750Z
34,0x000a,-2.97715,0x00000000,2025-12-14T15:17:14.750Z,2025-12-14T15:17:14.750Z
26,0x000a,7.35966,0x00000000,2025-12-14T15:17:14.750Z,2025-12-14T15:17:14.750Z
25,0x000a,6.97989,0x00000000,2025-12-14T15:17:14.750Z,2025-12-14T15:17:14.750Z
24,0x000a,4.8499,0x00000000,2025-12-14T15:17:14.750Z,2025-12-14T15:17:14.750Z
23,0x000a,-2.31395,0x00000000,2025-12-14T15:17:14.750Z,2025-12-14T15:17:14.750Z
22,0x000a,-1.66991,0x00000000,2025-12-14T15:17:14.750Z,2025-12-14T15:17:14.750Z
21,0x000a,-2.97715,0x00000000,2025-12-14T15:17:14.750Z,2025-12-14T15:17:14.750Z
8,0x0004,20348,0x00000000,2025-12-14T15:17:14.750Z,2025-12-14T15:17:14.750Z
7,0x0004,19298,0x00000000,2025-12-14T15:17:14.750Z,2025-12-14T15:17:14.750Z
6,0x0004,13409,0x00000000,2025-12-14T15:17:14.750Z,2025-12-14T15:17:14.750Z
39,0x000a,-2.0978,0x00000000,2025-12-14T15:17:14.850Z,2025-12-14T15:17:14.850Z
37,0x000a,0,0x00000000,2025-12-14T15:17:14.850Z,2025-12-14T15:17:14.850Z
36,0x000a,-2.20768,0x00000000,2025-12-14T15:17:14.850Z,2025-12-14T15:17:14.850Z
35,0x000a,-1.58546,0x00000000,2025-12-14T15:17:14.850Z,2025-12-14T15:17:14.850Z
34,0x000a,-2.03834,0x00000000,2025-12-14T15:17:14.850Z,2025-12-14T15:17:14.850Z
26,0x000a,7.14988,0x00000000,2025-12-14T15:17:14.850Z,2025-12-14T15:17:14.850Z
25,0x000a,6.82979,0x00000000,2025-12-14T15:17:14.850Z,2025-12-14T15:17:14.850Z
23,0x000a,-2.20768,0x00000000,2025-12-14T15:17:14.850Z,2025-12-14T15:17:14.850Z
22,0x000a,-1.58546,0x00000000,2025-12-14T15:17:14.850Z,2025-12-14T15:17:14.850Z
21,0x000a,-2.03834,0x00000000,2025-12-14T15:17:14.850Z,2025-12-14T15:17:14.850Z
8,0x0004,19768,0x00000000,2025-12-14T15:17:14.850Z,2025-12-14T15:17:14.850Z
7,0x0004,18883,0x00000000,2025-12-14T15:17:14.850Z,2025-12-14T15:17:14.850Z
39,0x000a,-2.19907,0x00000000,2025-12-14T15:17:14.950Z,2025-12-14T15:17:14.950Z
38,0x000a,-1.59867,0x00000000,2025-12-14T15:17:14.950Z,2025-12-14T15:17:14.950Z
36,0x000a,-2.15274,0x00000000,2025-12-14T15:17:14.950Z,2025-12-14T15:17:14.950Z
35,0x000a,-1.54324,0x00000000,2025-12-14T15:17:14.950Z,2025-12-14T15:17:14.950Z
34,0x000a,-1.01917,0x00000000,2025-12-14T15:17:14.950Z,2025-12-14T15:17:14.950Z
26,0x000a,6.92998,0x00000000,2025-12-14T15:17:14.950Z,2025-12-14T15:17:14.950Z
25,0x000a,6.66992,0x00000000,2025-12-14T15:17:14.950Z,2025-12-14T15:17:14.950Z
23,0x000a,-2.15274,0x00000000,2025-12-14T15:17:14.950Z,2025-12-14T15:17:14.950Z
22,0x000a,-1.54324,0x00000000,2025-12-14T15:17:14.950Z,2025-12-14T15:17:14.950Z
21,0x000a,-1.01917,0x00000000,2025-12-14T15:17:14.950Z,2025-12-14T15:17:14.950Z
8,0x0004,19160,0x00000000,2025-12-14T15:17:14.950Z,2025-12-14T15:17:14.950Z
7,0x0004,18441,0x00000000,2025-12-14T15:17:14.950Z,2025-12-14T15:17:14.950Z
40,0x0001,true,0x00000000,2025-12-14T15:17:15.050Z,2025-12-14T15:17:15.050Z
39,0x000a,-2.10142,0x00000000,2025-12-14T15:17:15.050Z,2025-12-14T15:17:15.050Z
38,0x000a,-1.50101,0x00000000,2025-12-14T15:17:15.050Z,2025-12-14T15:17:15.050Z
36,0x000a,-2.17591,0x00000000,2025-12-14T15:17:15.050Z,2025-12-14T15:17:15.050Z
35,0x000a,-1.57095,0x00000000,2025-12-14T15:17:15.050Z,2025-12-14T15:17:15.050Z
34,0x000a,-0.509586,0x00000000,2025-12-14T15:17:15.050Z,2025-12-14T15:17:15.050Z
26,0x000a,6.71983,0x00000000,2025-12-14T15:17:15.050Z,2025-12-14T15:17:15.050Z
25,0x000a,6.51982,0x00000000,2025-12-14T15:17:15.050Z,2025-12-14T15:17:15.050Z
23,0x000a,-2.17591,0x00000000,2025-12-14T15:17:15.050Z,2025-12-14T15:17:15.050Z
22,0x000a,-1.57095,0x00000000,2025-12-14T15:17:15.050Z,2025-12-14T15:17:15.050Z
21,0x000a,-0.509586,0x00000000,2025-12-14T15:17:15.050Z,2025-12-14T15:17:15.050Z
8,0x0004,18579,0x00000000,2025-12-14T15:17:15.050Z,2025-12-14T15:17:15.050Z
7,0x0004,18026,0x00000000,2025-12-14T15:17:15.050Z,2025-12-14T15:17:15.050Z
39,0x000a,-2.60055,0x00000000,2025-12-14T15:17:15.150Z,2025-12-14T15:17:15.150Z
38,0x000a,-1.80122,0x00000000,2025-12-14T15:17:15.150Z,2025-12-14T15:17:15.150Z
36,0x000a,-2.13866,0x00000000,2025-12-14T15:17:15.150Z,2025-12-14T15:17:15.150Z
35,0x000a,-1.53598,0x00000000,2025-12-14T15:17:15.150Z,2025-12-14T15:17:15.150Z
34,0x000a,-0.254793,0x00000000,2025-12-14T15:17:15.150Z,2025-12-14T15:17:15.150Z
26,0x000a,6.45978,0x00000000,2025-12-14T15:17:15.150Z,2025-12-14T15:17:15.150Z
25,0x000a,6.3397,0x00000000,2025-12-14T15:17:15.150Z,2025-12-14T15:17:15.150Z
23,0x000a,-2.13866,0x00000000,2025-12-14T15:17:15.150Z,2025-12-14T15:17:15.150Z
22,0x000a,-1.53598,0x00000000,2025-12-14T15:17:15.150Z,2025-12-14T15:17:15.150Z
21,0x000a,-0.254793,0x00000000,2025-12-14T15:17:15.150Z,2025-12-14T15:17:15.150Z
8,0x0004,17860,0x00000000,2025-12-14T15:17:15.150Z,2025-12-14T15:17:15.150Z
7,0x0004,17528,0x00000000,2025-12-14T15:17:15.150Z,2025-12-14T15:17:15.150Z
26,0x000a,6.25,0x00000000,2025-12-14T15:17:15.250Z,2025-12-14T15:17:15.250Z
25,0x000a,6.17983,0x00000000,2025-12-14T15:17:15.250Z,2025-12-14T15:17:15.250Z
8,0x0004,17280,0x00000000,2025-12-14T15:17:15.250Z,2025-12-14T15:17:15.250Z
7,0x0004,17086,0x00000000,2025-12-14T15:17:15.250Z,2025-12-14T15:17:15.250Z
39,0x000a,-2.0978,0x00000000,2025-12-14T15:17:15.350Z,2025-12-14T15:17:15.350Z
38,0x000a,-1.59867,0x00000000,2025-12-14T15:17:15.350Z,2025-12-14T15:17:15.350Z
36,0x000a,-2.36961,0x00000000,2025-12-14T15:17:15.350Z,2025-12-14T15:17:15.350Z
35,0x000a,-1.6686,0x00000000,2025-12-14T15:17:15.350Z,2025-12-14T15:17:15.350Z
34,0x000a,-0.127396,0x00000000,2025-12-14T15:17:15.350Z,2025-12-14T15:17:15.350Z
26,0x000a,6.03986,0x00000000,2025-12-14T15:17:15.350Z,2025-12-14T15:17:15.350Z
25,0x000a,6.02973,0x00000000,2025-12-14T15:17:15.350Z,2025-12-14T15:17:15.350Z
23,0x000a,-2.36961,0x00000000,2025-12-14T15:17:15.350Z,2025-12-14T15:17:15.350Z
22,0x000a,-1.6686,0x00000000,2025-12-14T15:17:15.350Z,2025-12-14T15:17:15.350Z
21,0x000a,-0.127396,0x00000000,2025-12-14T15:17:15.350Z,2025-12-14T15:17:15.350Z
8,0x0004,16699,0x00000000,2025-12-14T15:17:15.350Z,2025-12-14T15:17:15.350Z
7,0x0004,16671,0x00000000,2025-12-14T15:17:15.350Z,2025-12-14T15:17:15.350Z
39,0x000a,-4.20284,0x00000000,2025-12-14T15:17:15.449Z,2025-12-14T15:17:15.449Z
38,0x000a,-2.99841,0x00000000,2025-12-14T15:17:15.449Z,2025-12-14T15:17:15.449Z
36,0x000a,-2.2337,0x00000000,2025-12-14T15:17:15.449Z,2025-12-14T15:17:15.449Z
35,0x000a,-1.63363,0x00000000,2025-12-14T15:17:15.449Z,2025-12-14T15:17:15.449Z
34,0x000a,-0.0636982,0x00000000,2025-12-14T15:17:15.449Z,2025-12-14T15:17:15.449Z
26,0x000a,5.82972,0x00000000,2025-12-14T15:17:15.449Z,2025-12-14T15:17:15.449Z
25,0x000a,5.87999,0x00000000,2025-12-14T15:17:15.449Z,2025-12-14T15:17:15.449Z
23,0x000a,-2.2337,0x00000000,2025-12-14T15:17:15.449Z,2025-12-14T15:17:15.449Z
22,0x000a,-1.63363,0x00000000,2025-12-14T15:17:15.449Z,2025-12-14T15:17:15.449Z
21,0x000a,-0.0636982,0x00000000,2025-12-14T15:17:15.449Z,2025-12-14T15:17:15.449Z
8,0x0004,16118,0x00000000,2025-12-14T15:17:15.449Z,2025-12-14T15:17:15.449Z
7,0x0004,16257,0x00000000,2025-12-14T15:17:15.449Z,2025-12-14T15:17:15.449Z
39,0x000a,-2.19907,0x00000000,2025-12-14T15:17:15.550Z,2025-12-14T15:17:15.550Z
39,0x000a,-2.10142,0x00000000,2025-12-14T15:17:15.649Z,2025-12-14T15:17:15.649Z
38,0x000a,-1.60228,0x00000000,2025-12-14T15:17:15.550Z,2025-12-14T15:17:15.550Z
38,0x000a,-1.50102,0x00000000,2025-12-14T15:17:15.649Z,2025-12-14T15:17:15.649Z
36,0x000a,-3.21827,0x00000000,2025-12-14T15:17:15.550Z,2025-12-14T15:17:15.550Z
36,0x000a,-2.70867,0x00000000,2025-12-14T15:17:15.649Z,2025-12-14T15:17:15.649Z
35,0x000a,-2.31602,0x00000000,2025-12-14T15:17:15.550Z,2025-12-14T15:17:15.550Z
35,0x000a,-1.95915,0x00000000,2025-12-14T15:17:15.649Z,2025-12-14T15:17:15.649Z
34,0x000a,-0.0318491,0x00000000,2025-12-14T15:17:15.550Z,2025-12-14T15:17:15.550Z
34,0x000a,-0.0159246,0x00000000,2025-12-14T15:17:15.649Z,2025-12-14T15:17:15.649Z
26,0x000a,5.60981,0x00000000,2025-12-14T15:17:15.550Z,2025-12-14T15:17:15.550Z
26,0x000a,5.39967,0x00000000,2025-12-14T15:17:15.649Z,2025-12-14T15:17:15.649Z
25,0x000a,5.71976,0x00000000,2025-12-14T15:17:15.550Z,2025-12-14T15:17:15.550Z
25,0x000a,5.56966,0x00000000,2025-12-14T15:17:15.649Z,2025-12-14T15:17:15.649Z
23,0x000a,-3.21827,0x00000000,2025-12-14T15:17:15.550Z,2025-12-14T15:17:15.550Z
23,0x000a,-2.70867,0x00000000,2025-12-14T15:17:15.649Z,2025-12-14T15:17:15.649Z
22,0x000a,-2.31602,0x00000000,2025-12-14T15:17:15.550Z,2025-12-14T15:17:15.550Z
22,0x000a,-1.95915,0x00000000,2025-12-14T15:17:15.649Z,2025-12-14T15:17:15.649Z
21,0x000a,-0.0318491,0x00000000,2025-12-14T15:17:15.550Z,2025-12-14T15:17:15.550Z
21,0x000a,-0.0159246,0x00000000,2025-12-14T15:17:15.649Z,2025-12-14T15:17:15.649Z
8,0x0004,15510,0x00000000,2025-12-14T15:17:15.550Z,2025-12-14T15:17:15.550Z
8,0x0004,14929,0x00000000,2025-12-14T15:17:15.649Z,2025-12-14T15:17:15.649Z
7,0x0004,15814,0x00000000,2025-12-14T15:17:15.550Z,2025-12-14T15:17:15.550Z
7,0x0004,15399,0x00000000,2025-12-14T15:17:15.649Z,2025-12-14T15:17:15.649Z
39,0x000a,-2.0978,0x00000000,2025-12-14T15:17:15.749Z,2025-12-14T15:17:15.749Z
38,0x000a,-1.49739,0x00000000,2025-12-14T15:17:15.749Z,2025-12-14T15:17:15.749Z
36,0x000a,-2.40504,0x00000000,2025-12-14T15:17:15.749Z,2025-12-14T15:17:15.749Z
35,0x000a,-1.73008,0x00000000,2025-12-14T15:17:15.749Z,2025-12-14T15:17:15.749Z
34,0x000a,-0.00796228,0x00000000,2025-12-14T15:17:15.749Z,2025-12-14T15:17:15.749Z
26,0x000a,5.18989,0x00000000,2025-12-14T15:17:15.749Z,2025-12-14T15:17:15.749Z
25,0x000a,5.41992,0x00000000,2025-12-14T15:17:15.749Z,2025-12-14T15:17:15.749Z
23,0x000a,-2.40504,0x00000000,2025-12-14T15:17:15.749Z,2025-12-14T15:17:15.749Z
22,0x000a,-1.73008,0x00000000,2025-12-14T15:17:15.749Z,2025-12-14T15:17:15.749Z
21,0x000a,-0.00796228,0x00000000,2025-12-14T15:17:15.749Z,2025-12-14T15:17:15.749Z
18,0x0001,false,0x00000000,2025-12-14T15:17:15.749Z,2025-12-14T15:17:15.749Z
8,0x0004,14349,0x00000000,2025-12-14T15:17:15.749Z,2025-12-14T15:17:15.749Z
7,0x0004,14985,0x00000000,2025-12-14T15:17:15.749Z,2025-12-14T15:17:15.749Z
39,0x000a,-2.19907,0x00000000,2025-12-14T15:17:15.849Z,2025-12-14T15:17:15.849Z
38,0x000a,-1.60229,0x00000000,2025-12-14T15:17:15.849Z,2025-12-14T15:17:15.849Z
36,0x000a,-2.25142,0x00000000,2025-12-14T15:17:15.849Z,2025-12-14T15:17:15.849Z
35,0x000a,-1.61374,0x00000000,2025-12-14T15:17:15.849Z,2025-12-14T15:17:15.849Z
34,0x000a,-0.00398114,0x00000000,2025-12-14T15:17:15.849Z,2025-12-14T15:17:15.849Z
26,0x000a,4.96998,0x00000000,2025-12-14T15:17:15.849Z,2025-12-14T15:17:15.849Z
25,0x000a,5.25969,0x00000000,2025-12-14T15:17:15.849Z,2025-12-14T15:17:15.849Z
23,0x000a,-2.25142,0x00000000,2025-12-14T15:17:15.849Z,2025-12-14T15:17:15.849Z
22,0x000a,-1.61374,0x00000000,2025-12-14T15:17:15.849Z,2025-12-14T15:17:15.849Z
21,0x000a,-0.00398114,0x00000000,2025-12-14T15:17:15.849Z,2025-12-14T15:17:15.849Z
16,0x0001,false,0x00000000,2025-12-14T15:17:15.849Z,2025-12-14T15:17:15.849Z
8,0x0004,13741,0x00000000,2025-12-14T15:17:15.849Z,2025-12-14T15:17:15.849Z
7,0x0004,14542,0x00000000,2025-12-14T15:17:15.849Z,2025-12-14T15:17:15.849Z
39,0x000a,-1.30208,0x00000000,2025-12-14T15:17:15.950Z,2025-12-14T15:17:15.950Z
38,0x000a,-1.7976,0x00000000,2025-12-14T15:17:15.950Z,2025-12-14T15:17:15.950Z
36,0x000a,-2.22525,0x00000000,2025-12-14T15:17:15.950Z,2025-12-14T15:17:15.950Z
35,0x000a,-1.60801,0x00000000,2025-12-14T15:17:15.950Z,2025-12-14T15:17:15.950Z
34,0x000a,-0.00199057,0x00000000,2025-12-14T15:17:15.950Z,2025-12-14T15:17:15.950Z
26,0x000a,4.83977,0x00000000,2025-12-14T15:17:15.950Z,2025-12-14T15:17:15.950Z
25,0x000a,5.07993,0x00000000,2025-12-14T15:17:15.950Z,2025-12-14T15:17:15.950Z
23,0x000a,-2.22525,0x00000000,2025-12-14T15:17:15.950Z,2025-12-14T15:17:15.950Z
22,0x000a,-1.60801,0x00000000,2025-12-14T15:17:15.950Z,2025-12-14T15:17:15.950Z
21,0x000a,-0.00199057,0x00000000,2025-12-14T15:17:15.950Z,2025-12-14T15:17:15.950Z
8,0x0004,13381,0x00000000,2025-12-14T15:17:15.950Z,2025-12-14T15:17:15.950Z
7,0x0004,14045,0x00000000,2025-12-14T15:17:15.950Z,2025-12-14T15:17:15.950Z
36,0x000a,-1.76367,0x00000000,2025-12-14T15:17:16.050Z,2025-12-14T15:17:16.050Z
35,0x000a,-1.70281,0x00000000,2025-12-14T15:17:16.050Z,2025-12-14T15:17:16.050Z
34,0x000a,-0.000995285,0x00000000,2025-12-14T15:17:16.050Z,2025-12-14T15:17:16.050Z
25,0x000a,5.01989,0x00000000,2025-12-14T15:17:16.050Z,2025-12-14T15:17:16.050Z
23,0x000a,-1.76367,0x00000000,2025-12-14T15:17:16.050Z,2025-12-14T15:17:16.050Z
22,0x000a,-1.70281,0x00000000,2025-12-14T15:17:16.050Z,2025-12-14T15:17:16.050Z
21,0x000a,-0.000995285,0x00000000,2025-12-14T15:17:16.050Z,2025-12-14T15:17:16.050Z
7,0x0004,13879,0x00000000,2025-12-14T15:17:16.050Z,2025-12-14T15:17:16.050Z
39,0x000a,0,0x00000000,2025-12-14T15:17:16.154Z,2025-12-14T15:17:16.154Z
38,0x000a,-0.600405,0x00000000,2025-12-14T15:17:16.154Z,2025-12-14T15:17:16.154Z
42,0x0001,true,0x00000000,2025-12-14T15:17:16.251Z,2025-12-14T15:17:16.251Z
38,0x000a,0,0x00000000,2025-12-14T15:17:16.251Z,2025-12-14T15:17:16.251Z
36,0x000a,-0.881833,0x00000000,2025-12-14T15:17:16.251Z,2025-12-14T15:17:16.251Z
35,0x000a,-1.15161,0x00000000,2025-12-14T15:17:16.251Z,2025-12-14T15:17:16.251Z
34,0x000a,-0.000497642,0x00000000,2025-12-14T15:17:16.251Z,2025-12-14T15:17:16.251Z
23,0x000a,-0.881833,0x00000000,2025-12-14T15:17:16.251Z,2025-12-14T15:17:16.251Z
22,0x000a,-1.15161,0x00000000,2025-12-14T15:17:16.251Z,2025-12-14T15:17:16.251Z
21,0x000a,-0.000497642,0x00000000,2025-12-14T15:17:16.251Z,2025-12-14T15:17:16.251Z
42,0x0001,false,0x00000000,2025-12-14T15:17:16.350Z,2025-12-14T15:17:16.350Z
40,0x0001,false,0x00000000,2025-12-14T15:17:16.350Z,2025-12-14T15:17:16.350Z
36,0x000a,-0.440917,0x00000000,2025-12-14T15:17:16.350Z,2025-12-14T15:17:16.350Z
35,0x000a,-0.575803,0x00000000,2025-12-14T15:17:16.350Z,2025-12-14T15:17:16.350Z
34,0x000a,-0.000248821,0x00000000,2025-12-14T15:17:16.350Z,2025-12-14T15:17:16.350Z
23,0x000a,-0.440917,0x00000000,2025-12-14T15:17:16.350Z,2025-12-14T15:17:16.350Z
22,0x000a,-0.575803,0x00000000,2025-12-14T15:17:16.350Z,2025-12-14T15:17:16.350Z
21,0x000a,-0.000248821,0x00000000,2025-12-14T15:17:16.350Z,2025-12-14T15:17:16.350Z
18,0x0001,true,0x00000000,2025-12-14T15:17:16.350Z,2025-12-14T15:17:16.350Z
16,0x0001,true,0x00000000,2025-12-14T15:17:16.350Z,2025-12-14T15:17:16.350Z
14,0x0001,true,0x00000000,2025-12-14T15:17:16.350Z,2025-12-14T15:17:16.350Z
4,0x000a,0,0x00000000,2025-12-14T15:17:16.350Z,2025-12-14T15:17:16.350Z
3,0x000a,0,0x00000000,2025-12-14T15:17:16.350Z,2025-12-14T15:17:16.350Z
2,0x000a,0,0x00000000,2025-12-14T15:17:16.350Z,2025-12-14T15:17:16.350Z
36,0x000a,-0.220458,0x00000000,2025-12-14T15:17:16.450Z,2025-12-14T15:17:16.450Z
35,0x000a,-0.287901,0x00000000,2025-12-14T15:17:16.450Z,2025-12-14T15:17:16.450Z
34,0x000a,-0.000124411,0x00000000,2025-12-14T15:17:16.450Z,2025-12-14T15:17:16.450Z
23,0x000a,-0.220458,0x00000000,2025-12-14T15:17:16.450Z,2025-12-14T15:17:16.450Z
22,0x000a,-0.287901,0x00000000,2025-12-14T15:17:16.450Z,2025-12-14T15:17:16.450Z
21,0x000a,-0.000124411,0x00000000,2025-12-14T15:17:16.450Z,2025-12-14T15:17:16.450Z
39,0x000a,-0.300202,0x00000000,2025-12-14T15:17:16.551Z,2025-12-14T15:17:16.551Z
38,0x000a,-0.600405,0x00000000,2025-12-14T15:17:16.551Z,2025-12-14T15:17:16.551Z
37,0x000a,-1.09954,0x00000000,2025-12-14T15:17:16.551Z,2025-12-14T15:17:16.551Z
36,0x000a,-0.110229,0x00000000,2025-12-14T15:17:16.551Z,2025-12-14T15:17:16.551Z
35,0x000a,-0.143951,0x00000000,2025-12-14T15:17:16.551Z,2025-12-14T15:17:16.551Z
34,0x000a,-6.22053e-05,0x00000000,2025-12-14T15:17:16.551Z,2025-12-14T15:17:16.551Z
26,0x000a,4.80975,0x00000000,2025-12-14T15:17:16.551Z,2025-12-14T15:17:16.551Z
25,0x000a,4.95985,0x00000000,2025-12-14T15:17:16.551Z,2025-12-14T15:17:16.551Z
24,0x000a,4.73994,0x00000000,2025-12-14T15:17:16.551Z,2025-12-14T15:17:16.551Z
23,0x000a,-0.110229,0x00000000,2025-12-14T15:17:16.551Z,2025-12-14T15:17:16.551Z
22,0x000a,-0.143951,0x00000000,2025-12-14T15:17:16.551Z,2025-12-14T15:17:16.551Z
21,0x000a,-6.22053e-05,0x00000000,2025-12-14T15:17:16.551Z,2025-12-14T15:17:16.551Z
8,0x0004,13298,0x00000000,2025-12-14T15:17:16.551Z,2025-12-14T15:17:16.551Z
7,0x0004,13713,0x00000000,2025-12-14T15:17:16.551Z,2025-12-14T15:17:16.551Z
6,0x0004,13105,0x00000000,2025-12-14T15:17:16.551Z,2025-12-14T15:17:16.551Z
39,0x000a,-2.0978,0x00000000,2025-12-14T15:17:16.650Z,2025-12-14T15:17:16.650Z
38,0x000a,-1.59867,0x00000000,2025-12-14T15:17:16.650Z,2025-12-14T15:17:16.650Z
37,0x000a,-2.70182,0x00000000,2025-12-14T15:17:16.650Z,2025-12-14T15:17:16.650Z
36,0x000a,-0.205216,0x00000000,2025-12-14T15:17:16.650Z,2025-12-14T15:17:16.650Z
35,0x000a,-0.372178,0x00000000,2025-12-14T15:17:16.650Z,2025-12-14T15:17:16.650Z
34,0x000a,-0.549801,0x00000000,2025-12-14T15:17:16.650Z,2025-12-14T15:17:16.650Z
26,0x000a,4.59997,0x00000000,2025-12-14T15:17:16.650Z,2025-12-14T15:17:16.650Z
25,0x000a,4.79999,0x00000000,2025-12-14T15:17:16.650Z,2025-12-14T15:17:16.650Z
24,0x000a,4.46976,0x00000000,2025-12-14T15:17:16.650Z,2025-12-14T15:17:16.650Z
23,0x000a,-0.205216,0x00000000,2025-12-14T15:17:16.650Z,2025-12-14T15:17:16.650Z
22,0x000a,-0.372178,0x00000000,2025-12-14T15:17:16.650Z,2025-12-14T15:17:16.650Z
21,0x000a,-0.549801,0x00000000,2025-12-14T15:17:16.650Z,2025-12-14T15:17:16.650Z
8,0x0004,12718,0x00000000,2025-12-14T15:17:16.650Z,2025-12-14T15:17:16.650Z
7,0x0004,13271,0x00000000,2025-12-14T15:17:16.650Z,2025-12-14T15:17:16.650Z
6,0x0004,12358,0x00000000,2025-12-14T15:17:16.650Z,2025-12-14T15:17:16.650Z
39,0x000a,-2.10142,0x00000000,2025-12-14T15:17:16.750Z,2025-12-14T15:17:16.750Z
38,0x000a,-1.50101,0x00000000,2025-12-14T15:17:16.750Z,2025-12-14T15:17:16.750Z
37,0x000a,-2.79948,0x00000000,2025-12-14T15:17:16.750Z,2025-12-14T15:17:16.750Z
36,0x000a,-1.15151,0x00000000,2025-12-14T15:17:16.750Z,2025-12-14T15:17:16.750Z
35,0x000a,-0.985423,0x00000000,2025-12-14T15:17:16.750Z,2025-12-14T15:17:16.750Z
34,0x000a,-1.62581,0x00000000,2025-12-14T15:17:16.750Z,2025-12-14T15:17:16.750Z
26,0x000a,4.38983,0x00000000,2025-12-14T15:17:16.750Z,2025-12-14T15:17:16.750Z
25,0x000a,4.64988,0x00000000,2025-12-14T15:17:16.750Z,2025-12-14T15:17:16.750Z
24,0x000a,4.18981,0x00000000,2025-12-14T15:17:16.750Z,2025-12-14T15:17:16.750Z
23,0x000a,-1.15151,0x00000000,2025-12-14T15:17:16.750Z,2025-12-14T15:17:16.750Z
22,0x000a,-0.985423,0x00000000,2025-12-14T15:17:16.750Z,2025-12-14T15:17:16.750Z
21,0x000a,-1.62581,0x00000000,2025-12-14T15:17:16.750Z,2025-12-14T15:17:16.750Z
8,0x0004,12137,0x00000000,2025-12-14T15:17:16.750Z,2025-12-14T15:17:16.750Z
7,0x0004,12856,0x00000000,2025-12-14T15:17:16.750Z,2025-12-14T15:17:16.750Z
6,0x0004,11584,0x00000000,2025-12-14T15:17:16.750Z,2025-12-14T15:17:16.750Z
39,0x000a,-2.60055,0x00000000,2025-12-14T15:17:16.849Z,2025-12-14T15:17:16.849Z
38,0x000a,-1.89887,0x00000000,2025-12-14T15:17:16.849Z,2025-12-14T15:17:16.849Z
37,0x000a,-3.29861,0x00000000,2025-12-14T15:17:16.849Z,2025-12-14T15:17:16.849Z
36,0x000a,-1.62646,0x00000000,2025-12-14T15:17:16.849Z,2025-12-14T15:17:16.849Z
35,0x000a,-1.24322,0x00000000,2025-12-14T15:17:16.849Z,2025-12-14T15:17:16.849Z
34,0x000a,-2.21265,0x00000000,2025-12-14T15:17:16.849Z,2025-12-14T15:17:16.849Z
26,0x000a,4.12977,0x00000000,2025-12-14T15:17:16.849Z,2025-12-14T15:17:16.849Z
25,0x000a,4.46,0x00000000,2025-12-14T15:17:16.849Z,2025-12-14T15:17:16.849Z
24,0x000a,3.85995,0x00000000,2025-12-14T15:17:16.849Z,2025-12-14T15:17:16.849Z
23,0x000a,-1.62646,0x00000000,2025-12-14T15:17:16.849Z,2025-12-14T15:17:16.849Z
22,0x000a,-1.24322,0x00000000,2025-12-14T15:17:16.849Z,2025-12-14T15:17:16.849Z
21,0x000a,-2.21265,0x00000000,2025-12-14T15:17:16.849Z,2025-12-14T15:17:16.849Z
8,0x0004,11418,0x00000000,2025-12-14T15:17:16.849Z,2025-12-14T15:17:16.849Z
7,0x0004,12331,0x00000000,2025-12-14T15:17:16.849Z,2025-12-14T15:17:16.849Z
6,0x0004,10672,0x00000000,2025-12-14T15:17:16.849Z,2025-12-14T15:17:16.849Z
36,0x000a,-2.11351,0x00000000,2025-12-14T15:17:16.950Z,2025-12-14T15:17:16.950Z
35,0x000a,-1.57104,0x00000000,2025-12-14T15:17:16.950Z,2025-12-14T15:17:16.950Z
34,0x000a,-2.75563,0x00000000,2025-12-14T15:17:16.950Z,2025-12-14T15:17:16.950Z
26,0x000a,3.91999,0x00000000,2025-12-14T15:17:16.950Z,2025-12-14T15:17:16.950Z
25,0x000a,4.3099,0x00000000,2025-12-14T15:17:16.950Z,2025-12-14T15:17:16.950Z
24,0x000a,3.57964,0x00000000,2025-12-14T15:17:16.950Z,2025-12-14T15:17:16.950Z
23,0x000a,-2.11351,0x00000000,2025-12-14T15:17:16.950Z,2025-12-14T15:17:16.950Z
22,0x000a,-1.57104,0x00000000,2025-12-14T15:17:16.950Z,2025-12-14T15:17:16.950Z
21,0x000a,-2.75563,0x00000000,2025-12-14T15:17:16.950Z,2025-12-14T15:17:16.950Z
8,0x0004,10838,0x00000000,2025-12-14T15:17:16.950Z,2025-12-14T15:17:16.950Z
7,0x0004,11916,0x00000000,2025-12-14T15:17:16.950Z,2025-12-14T15:17:16.950Z
6,0x0004,9897,0x00000000,2025-12-14T15:17:16.950Z,2025-12-14T15:17:16.950Z
39,0x000a,-2.0978,0x00000000,2025-12-14T15:17:17.049Z,2025-12-14T15:17:17.049Z
38,0x000a,-1.50101,0x00000000,2025-12-14T15:17:17.049Z,2025-12-14T15:17:17.049Z
37,0x000a,-2.8031,0x00000000,2025-12-14T15:17:17.049Z,2025-12-14T15:17:17.049Z
26,0x000a,3.70985,0x00000000,2025-12-14T15:17:17.049Z,2025-12-14T15:17:17.049Z
25,0x000a,4.15979,0x00000000,2025-12-14T15:17:17.049Z,2025-12-14T15:17:17.049Z
24,0x000a,3.30982,0x00000000,2025-12-14T15:17:17.049Z,2025-12-14T15:17:17.049Z
8,0x0004,10257,0x00000000,2025-12-14T15:17:17.049Z,2025-12-14T15:17:17.049Z
7,0x0004,11501,0x00000000,2025-12-14T15:17:17.049Z,2025-12-14T15:17:17.049Z
6,0x0004,9151,0x00000000,2025-12-14T15:17:17.049Z,2025-12-14T15:17:17.049Z
39,0x000a,-2.10142,0x00000000,2025-12-14T15:17:17.150Z,2025-12-14T15:17:17.150Z
38,0x000a,-1.50102,0x00000000,2025-12-14T15:17:17.150Z,2025-12-14T15:17:17.150Z
37,0x000a,-2.6982,0x00000000,2025-12-14T15:17:17.150Z,2025-12-14T15:17:17.150Z
36,0x000a,-2.10565,0x00000000,2025-12-14T15:17:17.150Z,2025-12-14T15:17:17.150Z
35,0x000a,-1.53603,0x00000000,2025-12-14T15:17:17.150Z,2025-12-14T15:17:17.150Z
34,0x000a,-2.77936,0x00000000,2025-12-14T15:17:17.150Z,2025-12-14T15:17:17.150Z
26,0x000a,3.48994,0x00000000,2025-12-14T15:17:17.150Z,2025-12-14T15:17:17.150Z
25,0x000a,3.99993,0x00000000,2025-12-14T15:17:17.150Z,2025-12-14T15:17:17.150Z
24,0x000a,3.02988,0x00000000,2025-12-14T15:17:17.150Z,2025-12-14T15:17:17.150Z
23,0x000a,-2.10565,0x00000000,2025-12-14T15:17:17.150Z,2025-12-14T15:17:17.150Z
22,0x000a,-1.53603,0x00000000,2025-12-14T15:17:17.150Z,2025-12-14T15:17:17.150Z
21,0x000a,-2.77936,0x00000000,2025-12-14T15:17:17.150Z,2025-12-14T15:17:17.150Z
8,0x0004,9649,0x00000000,2025-12-14T15:17:17.150Z,2025-12-14T15:17:17.150Z
7,0x0004,11059,0x00000000,2025-12-14T15:17:17.150Z,2025-12-14T15:17:17.150Z
6,0x0004,8377,0x00000000,2025-12-14T15:17:17.150Z,2025-12-14T15:17:17.150Z
39,0x000a,-2.19908,0x00000000,2025-12-14T15:17:17.251Z,2025-12-14T15:17:17.251Z
38,0x000a,-1.59867,0x00000000,2025-12-14T15:17:17.251Z,2025-12-14T15:17:17.251Z
37,0x000a,-2.79948,0x00000000,2025-12-14T15:17:17.251Z,2025-12-14T15:17:17.251Z
36,0x000a,-2.10353,0x00000000,2025-12-14T15:17:17.251Z,2025-12-14T15:17:17.251Z
35,0x000a,-1.51852,0x00000000,2025-12-14T15:17:17.251Z,2025-12-14T15:17:17.251Z
34,0x000a,-2.73878,0x00000000,2025-12-14T15:17:17.251Z,2025-12-14T15:17:17.251Z
26,0x000a,3.2798,0x00000000,2025-12-14T15:17:17.251Z,2025-12-14T15:17:17.251Z
25,0x000a,3.84983,0x00000000,2025-12-14T15:17:17.251Z,2025-12-14T15:17:17.251Z
24,0x000a,2.74993,0x00000000,2025-12-14T15:17:17.251Z,2025-12-14T15:17:17.251Z
23,0x000a,-2.10353,0x00000000,2025-12-14T15:17:17.251Z,2025-12-14T15:17:17.251Z
22,0x000a,-1.51852,0x00000000,2025-12-14T15:17:17.251Z,2025-12-14T15:17:17.251Z
21,0x000a,-2.73878,0x00000000,2025-12-14T15:17:17.251Z,2025-12-14T15:17:17.251Z
8,0x0004,9068,0x00000000,2025-12-14T15:17:17.251Z,2025-12-14T15:17:17.251Z
7,0x0004,10644,0x00000000,2025-12-14T15:17:17.251Z,2025-12-14T15:17:17.251Z
6,0x0004,7603,0x00000000,2025-12-14T15:17:17.251Z,2025-12-14T15:17:17.251Z
39,0x000a,-2.10142,0x00000000,2025-12-14T15:17:17.351Z,2025-12-14T15:17:17.351Z
38,0x000a,-1.50101,0x00000000,2025-12-14T15:17:17.351Z,2025-12-14T15:17:17.351Z
36,0x000a,-2.15131,0x00000000,2025-12-14T15:17:17.351Z,2025-12-14T15:17:17.351Z
35,0x000a,-1.5586,0x00000000,2025-12-14T15:17:17.351Z,2025-12-14T15:17:17.351Z
34,0x000a,-2.76913,0x00000000,2025-12-14T15:17:17.351Z,2025-12-14T15:17:17.351Z
26,0x000a,3.06966,0x00000000,2025-12-14T15:17:17.351Z,2025-12-14T15:17:17.351Z
25,0x000a,3.69973,0x00000000,2025-12-14T15:17:17.351Z,2025-12-14T15:17:17.351Z
24,0x000a,2.47975,0x00000000,2025-12-14T15:17:17.351Z,2025-12-14T15:17:17.351Z
23,0x000a,-2.15131,0x00000000,2025-12-14T15:17:17.351Z,2025-12-14T15:17:17.351Z
22,0x000a,-1.5586,0x00000000,2025-12-14T15:17:17.351Z,2025-12-14T15:17:17.351Z
21,0x000a,-2.76913,0x00000000,2025-12-14T15:17:17.351Z,2025-12-14T15:17:17.351Z
8,0x0004,8487,0x00000000,2025-12-14T15:17:17.351Z,2025-12-14T15:17:17.351Z
7,0x0004,10229,0x00000000,2025-12-14T15:17:17.351Z,2025-12-14T15:17:17.351Z
6,0x0004,6856,0x00000000,2025-12-14T15:17:17.351Z,2025-12-14T15:17:17.351Z
39,0x000a,-2.10142,0x00000000,2025-12-14T15:17:17.450Z,2025-12-14T15:17:17.450Z
37,0x000a,-2.70182,0x00000000,2025-12-14T15:17:17.450Z,2025-12-14T15:17:17.450Z
36,0x000a,-2.12636,0x00000000,2025-12-14T15:17:17.450Z,2025-12-14T15:17:17.450Z
35,0x000a,-1.5298,0x00000000,2025-12-14T15:17:17.450Z,2025-12-14T15:17:17.450Z
34,0x000a,-2.78431,0x00000000,2025-12-14T15:17:17.450Z,2025-12-14T15:17:17.450Z
26,0x000a,2.84975,0x00000000,2025-12-14T15:17:17.450Z,2025-12-14T15:17:17.450Z
25,0x000a,3.53986,0x00000000,2025-12-14T15:17:17.450Z,2025-12-14T15:17:17.450Z
24,0x000a,2.1998,0x00000000,2025-12-14T15:17:17.450Z,2025-12-14T15:17:17.450Z
23,0x000a,-2.12636,0x00000000,2025-12-14T15:17:17.450Z,2025-12-14T15:17:17.450Z
22,0x000a,-1.5298,0x00000000,2025-12-14T15:17:17.450Z,2025-12-14T15:17:17.450Z
21,0x000a,-2.78431,0x00000000,2025-12-14T15:17:17.450Z,2025-12-14T15:17:17.450Z
8,0x0004,7879,0x00000000,2025-12-14T15:17:17.450Z,2025-12-14T15:17:17.450Z
7,0x0004,9787,0x00000000,2025-12-14T15:17:17.450Z,2025-12-14T15:17:17.450Z
6,0x0004,6082,0x00000000,2025-12-14T15:17:17.450Z,2025-12-14T15:17:17.450Z
39,0x000a,-2.19907,0x00000000,2025-12-14T15:17:17.550Z,2025-12-14T15:17:17.550Z
38,0x000a,-1.59867,0x00000000,2025-12-14T15:17:17.550Z,2025-12-14T15:17:17.550Z
37,0x000a,-2.79948,0x00000000,2025-12-14T15:17:17.550Z,2025-12-14T15:17:17.550Z
36,0x000a,-2.11389,0x00000000,2025-12-14T15:17:17.550Z,2025-12-14T15:17:17.550Z
35,0x000a,-1.51541,0x00000000,2025-12-14T15:17:17.550Z,2025-12-14T15:17:17.550Z
34,0x000a,-2.74306,0x00000000,2025-12-14T15:17:17.550Z,2025-12-14T15:17:17.550Z
26,0x000a,2.63997,0x00000000,2025-12-14T15:17:17.550Z,2025-12-14T15:17:17.550Z
25,0x000a,3.38976,0x00000000,2025-12-14T15:17:17.550Z,2025-12-14T15:17:17.550Z
24,0x000a,1.92998,0x00000000,2025-12-14T15:17:17.550Z,2025-12-14T15:17:17.550Z
23,0x000a,-2.11389,0x00000000,2025-12-14T15:17:17.550Z,2025-12-14T15:17:17.550Z
22,0x000a,-1.51541,0x00000000,2025-12-14T15:17:17.550Z,2025-12-14T15:17:17.550Z
21,0x000a,-2.74306,0x00000000,2025-12-14T15:17:17.550Z,2025-12-14T15:17:17.550Z
8,0x0004,7299,0x00000000,2025-12-14T15:17:17.550Z,2025-12-14T15:17:17.550Z
7,0x0004,9372,0x00000000,2025-12-14T15:17:17.550Z,2025-12-14T15:17:17.550Z
6,0x0004,5336,0x00000000,2025-12-14T15:17:17.550Z,2025-12-14T15:17:17.550Z
39,0x000a,-4.69835,0x00000000,2025-12-14T15:17:17.653Z,2025-12-14T15:17:17.653Z
38,0x000a,-3.29861,0x00000000,2025-12-14T15:17:17.653Z,2025-12-14T15:17:17.653Z
37,0x000a,-6.00043,0x00000000,2025-12-14T15:17:17.653Z,2025-12-14T15:17:17.653Z
36,0x000a,-2.15648,0x00000000,2025-12-14T15:17:17.653Z,2025-12-14T15:17:17.653Z
35,0x000a,-1.55704,0x00000000,2025-12-14T15:17:17.653Z,2025-12-14T15:17:17.653Z
34,0x000a,-2.77127,0x00000000,2025-12-14T15:17:17.653Z,2025-12-14T15:17:17.653Z
26,0x000a,2.37992,0x00000000,2025-12-14T15:17:17.653Z,2025-12-14T15:17:17.653Z
25,0x000a,3.21,0x00000000,2025-12-14T15:17:17.653Z,2025-12-14T15:17:17.653Z
24,0x000a,1.59975,0x00000000,2025-12-14T15:17:17.653Z,2025-12-14T15:17:17.653Z
23,0x000a,-2.15648,0x00000000,2025-12-14T15:17:17.653Z,2025-12-14T15:17:17.653Z
22,0x000a,-1.55704,0x00000000,2025-12-14T15:17:17.653Z,2025-12-14T15:17:17.653Z
21,0x000a,-2.77127,0x00000000,2025-12-14T15:17:17.653Z,2025-12-14T15:17:17.653Z
8,0x0004,6580,0x00000000,2025-12-14T15:17:17.653Z,2025-12-14T15:17:17.653Z
7,0x0004,8875,0x00000000,2025-12-14T15:17:17.653Z,2025-12-14T15:17:17.653Z
6,0x0004,4423,0x00000000,2025-12-14T15:17:17.653Z,2025-12-14T15:17:17.653Z
39,0x000a,-2.10142,0x00000000,2025-12-14T15:17:17.750Z,2025-12-14T15:17:17.750Z
38,0x000a,-1.60228,0x00000000,2025-12-14T15:17:17.750Z,2025-12-14T15:17:17.750Z
37,0x000a,-2.79948,0x00000000,2025-12-14T15:17:17.750Z,2025-12-14T15:17:17.750Z
36,0x000a,-3.42742,0x00000000,2025-12-14T15:17:17.750Z,2025-12-14T15:17:17.750Z
36,0x000a,-2.76442,0x00000000,2025-12-14T15:17:17.851Z,2025-12-14T15:17:17.851Z
35,0x000a,-2.42783,0x00000000,2025-12-14T15:17:17.750Z,2025-12-14T15:17:17.750Z
35,0x000a,-2.01506,0x00000000,2025-12-14T15:17:17.851Z,2025-12-14T15:17:17.851Z
34,0x000a,-4.38585,0x00000000,2025-12-14T15:17:17.750Z,2025-12-14T15:17:17.750Z
34,0x000a,-3.59267,0x00000000,2025-12-14T15:17:17.851Z,2025-12-14T15:17:17.851Z
26,0x000a,2.16978,0x00000000,2025-12-14T15:17:17.750Z,2025-12-14T15:17:17.750Z
26,0x000a,1.96,0x00000000,2025-12-14T15:17:17.851Z,2025-12-14T15:17:17.851Z
25,0x000a,3.04977,0x00000000,2025-12-14T15:17:17.750Z,2025-12-14T15:17:17.750Z
25,0x000a,2.89967,0x00000000,2025-12-14T15:17:17.851Z,2025-12-14T15:17:17.851Z
24,0x000a,1.31981,0x00000000,2025-12-14T15:17:17.750Z,2025-12-14T15:17:17.750Z
24,0x000a,1.03986,0x00000000,2025-12-14T15:17:17.851Z,2025-12-14T15:17:17.851Z
23,0x000a,-3.42742,0x00000000,2025-12-14T15:17:17.750Z,2025-12-14T15:17:17.750Z
23,0x000a,-2.76442,0x00000000,2025-12-14T15:17:17.851Z,2025-12-14T15:17:17.851Z
22,0x000a,-2.42783,0x00000000,2025-12-14T15:17:17.750Z,2025-12-14T15:17:17.750Z
22,0x000a,-2.01506,0x00000000,2025-12-14T15:17:17.851Z,2025-12-14T15:17:17.851Z
21,0x000a,-4.38585,0x00000000,2025-12-14T15:17:17.750Z,2025-12-14T15:17:17.750Z
21,0x000a,-3.59267,0x00000000,2025-12-14T15:17:17.851Z,2025-12-14T15:17:17.851Z
8,0x0004,5999,0x00000000,2025-12-14T15:17:17.750Z,2025-12-14T15:17:17.750Z
8,0x0004,5419,0x00000000,2025-12-14T15:17:17.851Z,2025-12-14T15:17:17.851Z
7,0x0004,8432,0x00000000,2025-12-14T15:17:17.750Z,2025-12-14T15:17:17.750Z
7,0x0004,8017,0x00000000,2025-12-14T15:17:17.851Z,2025-12-14T15:17:17.851Z
6,0x0004,3649,0x00000000,2025-12-14T15:17:17.750Z,2025-12-14T15:17:17.750Z
6,0x0004,2875,0x00000000,2025-12-14T15:17:17.851Z,2025-12-14T15:17:17.851Z
39,0x000a,-2.0978,0x00000000,2025-12-14T15:17:17.951Z,2025-12-14T15:17:17.951Z
38,0x000a,-1.50101,0x00000000,2025-12-14T15:17:17.951Z,2025-12-14T15:17:17.951Z
26,0x000a,1.74986,0x00000000,2025-12-14T15:17:17.951Z,2025-12-14T15:17:17.951Z
25,0x000a,2.74993,0x00000000,2025-12-14T15:17:17.951Z,2025-12-14T15:17:17.951Z
24,0x000a,0.769676,0x00000000,2025-12-14T15:17:17.951Z,2025-12-14T15:17:17.951Z
8,0x0004,4838,0x00000000,2025-12-14T15:17:17.951Z,2025-12-14T15:17:17.951Z
7,0x0004,7603,0x00000000,2025-12-14T15:17:17.951Z,2025-12-14T15:17:17.951Z
6,0x0004,2128,0x00000000,2025-12-14T15:17:17.951Z,2025-12-14T15:17:17.951Z
39,0x000a,-2.10142,0x00000000,2025-12-14T15:17:18.050Z,2025-12-14T15:17:18.050Z
38,0x000a,-1.4974,0x00000000,2025-12-14T15:17:18.050Z,2025-12-14T15:17:18.050Z
37,0x000a,-2.70182,0x00000000,2025-12-14T15:17:18.050Z,2025-12-14T15:17:18.050Z
36,0x000a,-2.43111,0x00000000,2025-12-14T15:17:18.050Z,2025-12-14T15:17:18.050Z
35,0x000a,-1.75803,0x00000000,2025-12-14T15:17:18.050Z,2025-12-14T15:17:18.050Z
34,0x000a,-3.19607,0x00000000,2025-12-14T15:17:18.050Z,2025-12-14T15:17:18.050Z
26,0x000a,1.52995,0x00000000,2025-12-14T15:17:18.050Z,2025-12-14T15:17:18.050Z
25,0x000a,2.5897,0x00000000,2025-12-14T15:17:18.050Z,2025-12-14T15:17:18.050Z
24,0x000a,0.489728,0x00000000,2025-12-14T15:17:18.050Z,2025-12-14T15:17:18.050Z
23,0x000a,-2.43111,0x00000000,2025-12-14T15:17:18.050Z,2025-12-14T15:17:18.050Z
22,0x000a,-1.75803,0x00000000,2025-12-14T15:17:18.050Z,2025-12-14T15:17:18.050Z
21,0x000a,-3.19607,0x00000000,2025-12-14T15:17:18.050Z,2025-12-14T15:17:18.050Z
8,0x0004,4230,0x00000000,2025-12-14T15:17:18.050Z,2025-12-14T15:17:18.050Z
7,0x0004,7160,0x00000000,2025-12-14T15:17:18.050Z,2025-12-14T15:17:18.050Z
6,0x0004,1354,0x00000000,2025-12-14T15:17:18.050Z,2025-12-14T15:17:18.050Z
39,0x000a,-2.19907,0x00000000,2025-12-14T15:17:18.150Z,2025-12-14T15:17:18.150Z
38,0x000a,-1.60228,0x00000000,2025-12-14T15:17:18.150Z,2025-12-14T15:17:18.150Z
37,0x000a,-2.79948,0x00000000,2025-12-14T15:17:18.150Z,2025-12-14T15:17:18.150Z
36,0x000a,-2.26626,0x00000000,2025-12-14T15:17:18.150Z,2025-12-14T15:17:18.150Z
35,0x000a,-1.62772,0x00000000,2025-12-14T15:17:18.150Z,2025-12-14T15:17:18.150Z
34,0x000a,-2.94895,0x00000000,2025-12-14T15:17:18.150Z,2025-12-14T15:17:18.150Z
26,0x000a,1.31981,0x00000000,2025-12-14T15:17:18.150Z,2025-12-14T15:17:18.150Z
25,0x000a,2.43996,0x00000000,2025-12-14T15:17:18.150Z,2025-12-14T15:17:18.150Z
24,0x000a,0.219907,0x00000000,2025-12-14T15:17:18.150Z,2025-12-14T15:17:18.150Z
23,0x000a,-2.26626,0x00000000,2025-12-14T15:17:18.150Z,2025-12-14T15:17:18.150Z
22,0x000a,-1.62772,0x00000000,2025-12-14T15:17:18.150Z,2025-12-14T15:17:18.150Z
21,0x000a,-2.94895,0x00000000,2025-12-14T15:17:18.150Z,2025-12-14T15:17:18.150Z
14,0x0001,false,0x00000000,2025-12-14T15:17:18.150Z,2025-12-14T15:17:18.150Z
8,0x0004,3649,0x00000000,2025-12-14T15:17:18.150Z,2025-12-14T15:17:18.150Z
7,0x0004,6746,0x00000000,2025-12-14T15:17:18.150Z,2025-12-14T15:17:18.150Z
6,0x0004,608,0x00000000,2025-12-14T15:17:18.150Z,2025-12-14T15:17:18.150Z
39,0x000a,-2.10142,0x00000000,2025-12-14T15:17:18.250Z,2025-12-14T15:17:18.250Z
38,0x000a,-1.4974,0x00000000,2025-12-14T15:17:18.250Z,2025-12-14T15:17:18.250Z
37,0x000a,-2.69821,0x00000000,2025-12-14T15:17:18.250Z,2025-12-14T15:17:18.250Z
36,0x000a,-2.23267,0x00000000,2025-12-14T15:17:18.250Z,2025-12-14T15:17:18.250Z
35,0x000a,-1.615,0x00000000,2025-12-14T15:17:18.250Z,2025-12-14T15:17:18.250Z
34,0x000a,-2.87421,0x00000000,2025-12-14T15:17:18.250Z,2025-12-14T15:17:18.250Z
26,0x000a,1.10966,0x00000000,2025-12-14T15:17:18.250Z,2025-12-14T15:17:18.250Z
25,0x000a,2.28986,0x00000000,2025-12-14T15:17:18.250Z,2025-12-14T15:17:18.250Z
24,0x000a,0,0x00000000,2025-12-14T15:17:18.250Z,2025-12-14T15:17:18.250Z
23,0x000a,-2.23267,0x00000000,2025-12-14T15:17:18.250Z,2025-12-14T15:17:18.250Z
22,0x000a,-1.615,0x00000000,2025-12-14T15:17:18.250Z,2025-12-14T15:17:18.250Z
21,0x000a,-2.87421,0x00000000,2025-12-14T15:17:18.250Z,2025-12-14T15:17:18.250Z
8,0x0004,3068,0x00000000,2025-12-14T15:17:18.250Z,2025-12-14T15:17:18.250Z
7,0x0004,6331,0x00000000,2025-12-14T15:17:18.250Z,2025-12-14T15:17:18.250Z
6,0x0004,0,0x00000000,2025-12-14T15:17:18.250Z,2025-12-14T15:17:18.250Z
38,0x000a,-1.50101,0x00000000,2025-12-14T15:17:18.350Z,2025-12-14T15:17:18.350Z
37,0x000a,-2.19907,0x00000000,2025-12-14T15:17:18.350Z,2025-12-14T15:17:18.350Z
36,0x000a,-2.16704,0x00000000,2025-12-14T15:17:18.350Z,2025-12-14T15:17:18.350Z
35,0x000a,-1.5562,0x00000000,2025-12-14T15:17:18.350Z,2025-12-14T15:17:18.350Z
34,0x000a,-2.78621,0x00000000,2025-12-14T15:17:18.350Z,2025-12-14T15:17:18.350Z
26,0x000a,0.889757,0x00000000,2025-12-14T15:17:18.350Z,2025-12-14T15:17:18.350Z
25,0x000a,2.12999,0x00000000,2025-12-14T15:17:18.350Z,2025-12-14T15:17:18.350Z
23,0x000a,-2.16704,0x00000000,2025-12-14T15:17:18.350Z,2025-12-14T15:17:18.350Z
22,0x000a,-1.5562,0x00000000,2025-12-14T15:17:18.350Z,2025-12-14T15:17:18.350Z
21,0x000a,-2.78621,0x00000000,2025-12-14T15:17:18.350Z,2025-12-14T15:17:18.350Z
8,0x0004,2460,0x00000000,2025-12-14T15:17:18.350Z,2025-12-14T15:17:18.350Z
7,0x0004,5889,0x00000000,2025-12-14T15:17:18.350Z,2025-12-14T15:17:18.350Z
39,0x000a,-2.19907,0x00000000,2025-12-14T15:17:18.450Z,2025-12-14T15:17:18.450Z
38,0x000a,-1.59867,0x00000000,2025-12-14T15:17:18.450Z,2025-12-14T15:17:18.450Z
37,0x000a,0,0x00000000,2025-12-14T15:17:18.450Z,2025-12-14T15:17:18.450Z
36,0x000a,-2.13423,0x00000000,2025-12-14T15:17:18.450Z,2025-12-14T15:17:18.450Z
35,0x000a,-1.52861,0x00000000,2025-12-14T15:17:18.450Z,2025-12-14T15:17:18.450Z
34,0x000a,-2.49264,0x00000000,2025-12-14T15:17:18.450Z,2025-12-14T15:17:18.450Z
23,0x000a,-2.13423,0x00000000,2025-12-14T15:17:18.450Z,2025-12-14T15:17:18.450Z
22,0x000a,-1.52861,0x00000000,2025-12-14T15:17:18.450Z,2025-12-14T15:17:18.450Z
21,0x000a,-2.49264,0x00000000,2025-12-14T15:17:18.450Z,2025-12-14T15:17:18.450Z
39,0x000a,-2.49928,0x00000000,2025-12-14T15:17:18.550Z,2025-12-14T15:17:18.550Z
38,0x000a,-1.80122,0x00000000,2025-12-14T15:17:18.550Z,2025-12-14T15:17:18.550Z
36,0x000a,-2.16665,0x00000000,2025-12-14T15:17:18.550Z,2025-12-14T15:17:18.550Z
35,0x000a,-1.56364,0x00000000,2025-12-14T15:17:18.550Z,2025-12-14T15:17:18.550Z
34,0x000a,-1.24632,0x00000000,2025-12-14T15:17:18.550Z,2025-12-14T15:17:18.550Z
26,0x000a,0.639829,0x00000000,2025-12-14T15:17:18.550Z,2025-12-14T15:17:18.550Z
25,0x000a,1.94987,0x00000000,2025-12-14T15:17:18.550Z,2025-12-14T15:17:18.550Z
23,0x000a,-2.16665,0x00000000,2025-12-14T15:17:18.550Z,2025-12-14T15:17:18.550Z
22,0x000a,-1.56364,0x00000000,2025-12-14T15:17:18.550Z,2025-12-14T15:17:18.550Z
21,0x000a,-1.24632,0x00000000,2025-12-14T15:17:18.550Z,2025-12-14T15:17:18.550Z
8,0x0004,1769,0x00000000,2025-12-14T15:17:18.550Z,2025-12-14T15:17:18.550Z
7,0x0004,5391,0x00000000,2025-12-14T15:17:18.550Z,2025-12-14T15:17:18.550Z
36,0x000a,-2.33296,0x00000000,2025-12-14T15:17:18.650Z,2025-12-14T15:17:18.650Z
35,0x000a,-1.68243,0x00000000,2025-12-14T15:17:18.650Z,2025-12-14T15:17:18.650Z
34,0x000a,-0.62316,0x00000000,2025-12-14T15:17:18.650Z,2025-12-14T15:17:18.650Z
26,0x000a,0.419922,0x00000000,2025-12-14T15:17:18.650Z,2025-12-14T15:17:18.650Z
25,0x000a,1.79977,0x00000000,2025-12-14T15:17:18.650Z,2025-12-14T15:17:18.650Z
23,0x000a,-2.33296,0x00000000,2025-12-14T15:17:18.650Z,2025-12-14T15:17:18.650Z
22,0x000a,-1.68243,0x00000000,2025-12-14T15:17:18.650Z,2025-12-14T15:17:18.650Z
21,0x000a,-0.62316,0x00000000,2025-12-14T15:17:18.650Z,2025-12-14T15:17:18.650Z
8,0x0004,1161,0x00000000,2025-12-14T15:17:18.650Z,2025-12-14T15:17:18.650Z
7,0x0004,4976,0x00000000,2025-12-14T15:17:18.650Z,2025-12-14T15:17:18.650Z
40,0x0001,true,0x00000000,2025-12-14T15:17:18.752Z,2025-12-14T15:17:18.752Z
39,0x000a,-2.19907,0x00000000,2025-12-14T15:17:18.752Z,2025-12-14T15:17:18.752Z
38,0x000a,-1.50101,0x00000000,2025-12-14T15:17:18.752Z,2025-12-14T15:17:18.752Z
26,0x000a,0.20978,0x00000000,2025-12-14T15:17:18.752Z,2025-12-14T15:17:18.752Z
25,0x000a,1.6399,0x00000000,2025-12-14T15:17:18.752Z,2025-12-14T15:17:18.752Z
18,0x0001,false,0x00000000,2025-12-14T15:17:18.752Z,2025-12-14T15:17:18.752Z
8,0x0004,580,0x00000000,2025-12-14T15:17:18.752Z,2025-12-14T15:17:18.752Z
7,0x0004,4534,0x00000000,2025-12-14T15:17:18.752Z,2025-12-14T15:17:18.752Z
39,0x000a,-4.19922,0x00000000,2025-12-14T15:17:18.852Z,2025-12-14T15:17:18.852Z
38,0x000a,-3.09968,0x00000000,2025-12-14T15:17:18.852Z,2025-12-14T15:17:18.852Z
36,0x000a,-2.26602,0x00000000,2025-12-14T15:17:18.852Z,2025-12-14T15:17:18.852Z
35,0x000a,-1.59172,0x00000000,2025-12-14T15:17:18.852Z,2025-12-14T15:17:18.852Z
34,0x000a,-0.31158,0x00000000,2025-12-14T15:17:18.852Z,2025-12-14T15:17:18.852Z
26,0x000a,0,0x00000000,2025-12-14T15:17:18.852Z,2025-12-14T15:17:18.852Z
25,0x000a,1.4898,0x00000000,2025-12-14T15:17:18.852Z,2025-12-14T15:17:18.852Z
23,0x000a,-2.26602,0x00000000,2025-12-14T15:17:18.852Z,2025-12-14T15:17:18.852Z
22,0x000a,-1.59172,0x00000000,2025-12-14T15:17:18.852Z,2025-12-14T15:17:18.852Z
21,0x000a,-0.31158,0x00000000,2025-12-14T15:17:18.852Z,2025-12-14T15:17:18.852Z
8,0x0004,0,0x00000000,2025-12-14T15:17:18.852Z,2025-12-14T15:17:18.852Z
7,0x0004,4119,0x00000000,2025-12-14T15:17:18.852Z,2025-12-14T15:17:18.852Z
39,0x000a,0,0x00000000,2025-12-14T15:17:18.951Z,2025-12-14T15:17:18.951Z
38,0x000a,-1.50101,0x00000000,2025-12-14T15:17:18.951Z,2025-12-14T15:17:18.951Z
36,0x000a,-3.23262,0x00000000,2025-12-14T15:17:18.951Z,2025-12-14T15:17:18.951Z
35,0x000a,-2.3457,0x00000000,2025-12-14T15:17:18.951Z,2025-12-14T15:17:18.951Z
34,0x000a,-0.15579,0x00000000,2025-12-14T15:17:18.951Z,2025-12-14T15:17:18.951Z
25,0x000a,1.3397,0x00000000,2025-12-14T15:17:18.951Z,2025-12-14T15:17:18.951Z
23,0x000a,-3.23262,0x00000000,2025-12-14T15:17:18.951Z,2025-12-14T15:17:18.951Z
22,0x000a,-2.3457,0x00000000,2025-12-14T15:17:18.951Z,2025-12-14T15:17:18.951Z
21,0x000a,-0.15579,0x00000000,2025-12-14T15:17:18.951Z,2025-12-14T15:17:18.951Z
7,0x0004,3704,0x00000000,2025-12-14T15:17:18.951Z,2025-12-14T15:17:18.951Z
38,0x000a,-1.59867,0x00000000,2025-12-14T15:17:19.050Z,2025-12-14T15:17:19.050Z
36,0x000a,-1.61631,0x00000000,2025-12-14T15:17:19.050Z,2025-12-14T15:17:19.050Z
35,0x000a,-1.92336,0x00000000,2025-12-14T15:17:19.050Z,2025-12-14T15:17:19.050Z
34,0x000a,-0.0778951,0x00000000,2025-12-14T15:17:19.050Z,2025-12-14T15:17:19.050Z
25,0x000a,1.17983,0x00000000,2025-12-14T15:17:19.050Z,2025-12-14T15:17:19.050Z
23,0x000a,-1.61631,0x00000000,2025-12-14T15:17:19.050Z,2025-12-14T15:17:19.050Z
22,0x000a,-1.92336,0x00000000,2025-12-14T15:17:19.050Z,2025-12-14T15:17:19.050Z
21,0x000a,-0.0778951,0x00000000,2025-12-14T15:17:19.050Z,2025-12-14T15:17:19.050Z
7,0x0004,3262,0x00000000,2025-12-14T15:17:19.050Z,2025-12-14T15:17:19.050Z
38,0x000a,-1.50101,0x00000000,2025-12-14T15:17:19.151Z,2025-12-14T15:17:19.151Z
36,0x000a,-0.808155,0x00000000,2025-12-14T15:17:19.151Z,2025-12-14T15:17:19.151Z
35,0x000a,-1.76101,0x00000000,2025-12-14T15:17:19.151Z,2025-12-14T15:17:19.151Z
34,0x000a,-0.0389475,0x00000000,2025-12-14T15:17:19.151Z,2025-12-14T15:17:19.151Z
25,0x000a,1.02973,0x00000000,2025-12-14T15:17:19.151Z,2025-12-14T15:17:19.151Z
23,0x000a,-0.808155,0x00000000,2025-12-14T15:17:19.151Z,2025-12-14T15:17:19.151Z
22,0x000a,-1.76101,0x00000000,2025-12-14T15:17:19.151Z,2025-12-14T15:17:19.151Z
21,0x000a,-0.0389475,0x00000000,2025-12-14T15:17:19.151Z,2025-12-14T15:17:19.151Z
7,0x0004,2847,0x00000000,2025-12-14T15:17:19.151Z,2025-12-14T15:17:19.151Z
42,0x0001,true,0x00000000,2025-12-14T15:17:19.252Z,2025-12-14T15:17:19.252Z
38,0x000a,-1.7976,0x00000000,2025-12-14T15:17:19.252Z,2025-12-14T15:17:19.252Z
36,0x000a,-0.404077,0x00000000,2025-12-14T15:17:19.252Z,2025-12-14T15:17:19.252Z
35,0x000a,-1.63101,0x00000000,2025-12-14T15:17:19.252Z,2025-12-14T15:17:19.252Z
34,0x000a,-0.0194738,0x00000000,2025-12-14T15:17:19.252Z,2025-12-14T15:17:19.252Z
25,0x000a,0.849971,0x00000000,2025-12-14T15:17:19.252Z,2025-12-14T15:17:19.252Z
23,0x000a,-0.404077,0x00000000,2025-12-14T15:17:19.252Z,2025-12-14T15:17:19.252Z
22,0x000a,-1.63101,0x00000000,2025-12-14T15:17:19.252Z,2025-12-14T15:17:19.252Z
21,0x000a,-0.0194738,0x00000000,2025-12-14T15:17:19.252Z,2025-12-14T15:17:19.252Z
7,0x0004,2350,0x00000000,2025-12-14T15:17:19.252Z,2025-12-14T15:17:19.252Z
38,0x000a,-1.60229,0x00000000,2025-12-14T15:17:19.351Z,2025-12-14T15:17:19.351Z
36,0x000a,-0.202039,0x00000000,2025-12-14T15:17:19.351Z,2025-12-14T15:17:19.351Z
35,0x000a,-1.71431,0x00000000,2025-12-14T15:17:19.351Z,2025-12-14T15:17:19.351Z
34,0x000a,-0.00973688,0x00000000,2025-12-14T15:17:19.351Z,2025-12-14T15:17:19.351Z
25,0x000a,0.689742,0x00000000,2025-12-14T15:17:19.351Z,2025-12-14T15:17:19.351Z
23,0x000a,-0.202039,0x00000000,2025-12-14T15:17:19.351Z,2025-12-14T15:17:19.351Z
22,0x000a,-1.71431,0x00000000,2025-12-14T15:17:19.351Z,2025-12-14T15:17:19.351Z
21,0x000a,-0.00973688,0x00000000,2025-12-14T15:17:19.351Z,2025-12-14T15:17:19.351Z
7,0x0004,1907,0x00000000,2025-12-14T15:17:19.351Z,2025-12-14T15:17:19.351Z
38,0x000a,-1.50101,0x00000000,2025-12-14T15:17:19.450Z,2025-12-14T15:17:19.450Z
36,0x000a,-0.101019,0x00000000,2025-12-14T15:17:19.450Z,2025-12-14T15:17:19.450Z
35,0x000a,-1.6583,0x00000000,2025-12-14T15:17:19.450Z,2025-12-14T15:17:19.450Z
34,0x000a,-0.00486844,0x00000000,2025-12-14T15:17:19.450Z,2025-12-14T15:17:19.450Z
25,0x000a,0.539641,0x00000000,2025-12-14T15:17:19.450Z,2025-12-14T15:17:19.450Z
23,0x000a,-0.101019,0x00000000,2025-12-14T15:17:19.450Z,2025-12-14T15:17:19.450Z
22,0x000a,-1.6583,0x00000000,2025-12-14T15:17:19.450Z,2025-12-14T15:17:19.450Z
21,0x000a,-0.00486844,0x00000000,2025-12-14T15:17:19.450Z,2025-12-14T15:17:19.450Z
7,0x0004,1492,0x00000000,2025-12-14T15:17:19.450Z,2025-12-14T15:17:19.450Z
36,0x000a,-0.0505097,0x00000000,2025-12-14T15:17:19.551Z,2025-12-14T15:17:19.551Z
35,0x000a,-1.57965,0x00000000,2025-12-14T15:17:19.551Z,2025-12-14T15:17:19.551Z
34,0x000a,-0.00243422,0x00000000,2025-12-14T15:17:19.551Z,2025-12-14T15:17:19.551Z
25,0x000a,0.389902,0x00000000,2025-12-14T15:17:19.551Z,2025-12-14T15:17:19.551Z
23,0x000a,-0.0505097,0x00000000,2025-12-14T15:17:19.551Z,2025-12-14T15:17:19.551Z
22,0x000a,-1.57965,0x00000000,2025-12-14T15:17:19.551Z,2025-12-14T15:17:19.551Z
21,0x000a,-0.00243422,0x00000000,2025-12-14T15:17:19.551Z,2025-12-14T15:17:19.551Z
7,0x0004,1078,0x00000000,2025-12-14T15:17:19.551Z,2025-12-14T15:17:19.551Z
38,0x000a,-1.4974,0x00000000,2025-12-14T15:17:19.650Z,2025-12-14T15:17:19.650Z
25,0x000a,0.229673,0x00000000,2025-12-14T15:17:19.650Z,2025-12-14T15:17:19.650Z
16,0x0001,false,0x00000000,2025-12-14T15:17:19.650Z,2025-12-14T15:17:19.650Z
7,0x0004,635,0x00000000,2025-12-14T15:17:19.650Z,2025-12-14T15:17:19.650Z
38,0x000a,-1.60229,0x00000000,2025-12-14T15:17:19.751Z,2025-12-14T15:17:19.751Z
36,0x000a,-0.0252548,0x00000000,2025-12-14T15:17:19.751Z,2025-12-14T15:17:19.751Z
35,0x000a,-1.53853,0x00000000,2025-12-14T15:17:19.751Z,2025-12-14T15:17:19.751Z
34,0x000a,-0.00121711,0x00000000,2025-12-14T15:17:19.751Z,2025-12-14T15:17:19.751Z
25,0x000a,0.0799334,0x00000000,2025-12-14T15:17:19.751Z,2025-12-14T15:17:19.751Z
23,0x000a,-0.0252548,0x00000000,2025-12-14T15:17:19.751Z,2025-12-14T15:17:19.751Z
22,0x000a,-1.53853,0x00000000,2025-12-14T15:17:19.751Z,2025-12-14T15:17:19.751Z
21,0x000a,-0.00121711,0x00000000,2025-12-14T15:17:19.751Z,2025-12-14T15:17:19.751Z
7,0x0004,221,0x00000000,2025-12-14T15:17:19.751Z,2025-12-14T15:17:19.751Z
38,0x000a,-1.4974,0x00000000,2025-12-14T15:17:19.850Z,2025-12-14T15:17:19.850Z
36,0x000a,-0.0126274,0x00000000,2025-12-14T15:17:19.850Z,2025-12-14T15:17:19.850Z
35,0x000a,-1.57041,0x00000000,2025-12-14T15:17:19.850Z,2025-12-14T15:17:19.850Z
34,0x000a,-0.000608555,0x00000000,2025-12-14T15:17:19.850Z,2025-12-14T15:17:19.850Z
25,0x000a,0,0x00000000,2025-12-14T15:17:19.850Z,2025-12-14T15:17:19.850Z
23,0x000a,-0.0126274,0x00000000,2025-12-14T15:17:19.850Z,2025-12-14T15:17:19.850Z
22,0x000a,-1.57041,0x00000000,2025-12-14T15:17:19.850Z,2025-12-14T15:17:19.850Z
21,0x000a,-0.000608555,0x00000000,2025-12-14T15:17:19.850Z,2025-12-14T15:17:19.850Z
7,0x0004,0,0x00000000,2025-12-14T15:17:19.850Z,2025-12-14T15:17:19.850Z
38,0x000a,-0.799335,0x00000000,2025-12-14T15:17:19.951Z,2025-12-14T15:17:19.951Z
38,0x000a,0,0x00000000,2025-12-14T15:17:20.051Z,2025-12-14T15:17:20.051Z
36,0x000a,-0.00631371,0x00000000,2025-12-14T15:17:19.951Z,2025-12-14T15:17:19.951Z
36,0x000a,-0.00315685,0x00000000,2025-12-14T15:17:20.051Z,2025-12-14T15:17:20.051Z
35,0x000a,-1.5339,0x00000000,2025-12-14T15:17:19.951Z,2025-12-14T15:17:19.951Z
35,0x000a,-1.16662,0x00000000,2025-12-14T15:17:20.051Z,2025-12-14T15:17:20.051Z
34,0x000a,-0.000304278,0x00000000,2025-12-14T15:17:19.951Z,2025-12-14T15:17:19.951Z
34,0x000a,-0.000152139,0x00000000,2025-12-14T15:17:20.051Z,2025-12-14T15:17:20.051Z
23,0x000a,-0.00631371,0x00000000,2025-12-14T15:17:19.951Z,2025-12-14T15:17:19.951Z
23,0x000a,-0.00315685,0x00000000,2025-12-14T15:17:20.051Z,2025-12-14T15:17:20.051Z
22,0x000a,-1.5339,0x00000000,2025-12-14T15:17:19.951Z,2025-12-14T15:17:19.951Z
22,0x000a,-1.16662,0x00000000,2025-12-14T15:17:20.051Z,2025-12-14T15:17:20.051Z
21,0x000a,-0.000304278,0x00000000,2025-12-14T15:17:19.951Z,2025-12-14T15:17:19.951Z
21,0x000a,-0.000152139,0x00000000,2025-12-14T15:17:20.051Z,2025-12-14T15:17:20.051Z
42,0x0001,false,0x00000000,2025-12-14T15:17:20.151Z,2025-12-14T15:17:20.151Z
40,0x0001,false,0x00000000,2025-12-14T15:17:20.151Z,2025-12-14T15:17:20.151Z
36,0x000a,-0.00157843,0x00000000,2025-12-14T15:17:20.151Z,2025-12-14T15:17:20.151Z
35,0x000a,-0.583309,0x00000000,2025-12-14T15:17:20.151Z,2025-12-14T15:17:20.151Z
34,0x000a,-7.60694e-05,0x00000000,2025-12-14T15:17:20.151Z,2025-12-14T15:17:20.151Z
23,0x000a,-0.00157843,0x00000000,2025-12-14T15:17:20.151Z,2025-12-14T15:17:20.151Z
22,0x000a,-0.583309,0x00000000,2025-12-14T15:17:20.151Z,2025-12-14T15:17:20.151Z
21,0x000a,-7.60694e-05,0x00000000,2025-12-14T15:17:20.151Z,2025-12-14T15:17:20.151Z
17,0x0001,true,0x00000000,2025-12-14T15:17:20.151Z,2025-12-14T15:17:20.151Z
15,0x0001,true,0x00000000,2025-12-14T15:17:20.151Z,2025-12-14T15:17:20.151Z
13,0x0001,true,0x00000000,2025-12-14T15:17:20.151Z,2025-12-14T15:17:20.151Z
4,0x000a,10,0x00000000,2025-12-14T15:17:20.151Z,2025-12-14T15:17:20.151Z
3,0x000a,9,0x00000000,2025-12-14T15:17:20.151Z,2025-12-14T15:17:20.151Z
2,0x000a,8,0x00000000,2025-12-14T15:17:20.151Z,2025-12-14T15:17:20.151Z
36,0x000a,-0.000789214,0x00000000,2025-12-14T15:17:20.251Z,2025-12-14T15:17:20.251Z
35,0x000a,-0.291654,0x00000000,2025-12-14T15:17:20.251Z,2025-12-14T15:17:20.251Z
34,0x000a,-3.80347e-05,0x00000000,2025-12-14T15:17:20.251Z,2025-12-14T15:17:20.251Z
23,0x000a,-0.000789214,0x00000000,2025-12-14T15:17:20.251Z,2025-12-14T15:17:20.251Z
22,0x000a,-0.291654,0x00000000,2025-12-14T15:17:20.251Z,2025-12-14T15:17:20.251Z
21,0x000a,-3.80347e-05,0x00000000,2025-12-14T15:17:20.251Z,2025-12-14T15:17:20.251Z
39,0x000a,0.698061,0x00000000,2025-12-14T15:17:20.350Z,2025-12-14T15:17:20.350Z
38,0x000a,0.799335,0x00000000,2025-12-14T15:17:20.350Z,2025-12-14T15:17:20.350Z
37,0x000a,1.59867,0x00000000,2025-12-14T15:17:20.350Z,2025-12-14T15:17:20.350Z
36,0x000a,-0.000394607,0x00000000,2025-12-14T15:17:20.350Z,2025-12-14T15:17:20.350Z
35,0x000a,-0.145827,0x00000000,2025-12-14T15:17:20.350Z,2025-12-14T15:17:20.350Z
34,0x000a,-1.90173e-05,0x00000000,2025-12-14T15:17:20.350Z,2025-12-14T15:17:20.350Z
26,0x000a,0.0698061,0x00000000,2025-12-14T15:17:20.350Z,2025-12-14T15:17:20.350Z
25,0x000a,0.0799334,0x00000000,2025-12-14T15:17:20.350Z,2025-12-14T15:17:20.350Z
24,0x000a,0.159867,0x00000000,2025-12-14T15:17:20.350Z,2025-12-14T15:17:20.350Z
23,0x000a,-0.000394607,0x00000000,2025-12-14T15:17:20.350Z,2025-12-14T15:17:20.350Z
22,0x000a,-0.145827,0x00000000,2025-12-14T15:17:20.350Z,2025-12-14T15:17:20.350Z
21,0x000a,-1.90173e-05,0x00000000,2025-12-14T15:17:20.350Z,2025-12-14T15:17:20.350Z
8,0x0004,193,0x00000000,2025-12-14T15:17:20.350Z,2025-12-14T15:17:20.350Z
7,0x0004,221,0x00000000,2025-12-14T15:17:20.350Z,2025-12-14T15:17:20.350Z
6,0x0004,442,0x00000000,2025-12-14T15:17:20.350Z,2025-12-14T15:17:20.350Z
36,0x000a,0.348833,0x00000000,2025-12-14T15:17:20.450Z,2025-12-14T15:17:20.450Z
35,0x000a,0.326754,0x00000000,2025-12-14T15:17:20.450Z,2025-12-14T15:17:20.450Z
34,0x000a,0.799325,0x00000000,2025-12-14T15:17:20.450Z,2025-12-14T15:17:20.450Z
26,0x000a,0.279948,0x00000000,2025-12-14T15:17:20.450Z,2025-12-14T15:17:20.450Z
25,0x000a,0.229673,0x00000000,2025-12-14T15:17:20.450Z,2025-12-14T15:17:20.450Z
24,0x000a,0.439815,0x00000000,2025-12-14T15:17:20.450Z,2025-12-14T15:17:20.450Z
23,0x000a,0.348833,0x00000000,2025-12-14T15:17:20.450Z,2025-12-14T15:17:20.450Z
22,0x000a,0.326754,0x00000000,2025-12-14T15:17:20.450Z,2025-12-14T15:17:20.450Z
21,0x000a,0.799325,0x00000000,2025-12-14T15:17:20.450Z,2025-12-14T15:17:20.450Z
8,0x0004,774,0x00000000,2025-12-14T15:17:20.450Z,2025-12-14T15:17:20.450Z
7,0x0004,635,0x00000000,2025-12-14T15:17:20.450Z,2025-12-14T15:17:20.450Z
6,0x0004,1216,0x00000000,2025-12-14T15:17:20.450Z,2025-12-14T15:17:20.450Z
39,0x000a,2.10142,0x00000000,2025-12-14T15:17:20.551Z,2025-12-14T15:17:20.551Z
38,0x000a,1.4974,0x00000000,2025-12-14T15:17:20.551Z,2025-12-14T15:17:20.551Z
37,0x000a,2.79948,0x00000000,2025-12-14T15:17:20.551Z,2025-12-14T15:17:20.551Z
26,0x000a,0.539641,0x00000000,2025-12-14T15:17:20.551Z,2025-12-14T15:17:20.551Z
25,0x000a,0.419922,0x00000000,2025-12-14T15:17:20.551Z,2025-12-14T15:17:20.551Z
24,0x000a,0.769676,0x00000000,2025-12-14T15:17:20.551Z,2025-12-14T15:17:20.551Z
8,0x0004,1492,0x00000000,2025-12-14T15:17:20.551Z,2025-12-14T15:17:20.551Z
7,0x0004,1161,0x00000000,2025-12-14T15:17:20.551Z,2025-12-14T15:17:20.551Z
6,0x0004,2128,0x00000000,2025-12-14T15:17:20.551Z,2025-12-14T15:17:20.551Z
39,0x000a,2.59693,0x00000000,2025-12-14T15:17:20.649Z,2025-12-14T15:17:20.649Z
38,0x000a,1.90249,0x00000000,2025-12-14T15:17:20.649Z,2025-12-14T15:17:20.649Z
37,0x000a,3.29861,0x00000000,2025-12-14T15:17:20.649Z,2025-12-14T15:17:20.649Z
36,0x000a,1.22513,0x00000000,2025-12-14T15:17:20.649Z,2025-12-14T15:17:20.649Z
35,0x000a,0.912075,0x00000000,2025-12-14T15:17:20.649Z,2025-12-14T15:17:20.649Z
34,0x000a,1.7994,0x00000000,2025-12-14T15:17:20.649Z,2025-12-14T15:17:20.649Z
26,0x000a,0.749783,0x00000000,2025-12-14T15:17:20.649Z,2025-12-14T15:17:20.649Z
25,0x000a,0.569661,0x00000000,2025-12-14T15:17:20.649Z,2025-12-14T15:17:20.649Z
24,0x000a,1.03986,0x00000000,2025-12-14T15:17:20.649Z,2025-12-14T15:17:20.649Z
23,0x000a,1.22513,0x00000000,2025-12-14T15:17:20.649Z,2025-12-14T15:17:20.649Z
22,0x000a,0.912075,0x00000000,2025-12-14T15:17:20.649Z,2025-12-14T15:17:20.649Z
21,0x000a,1.7994,0x00000000,2025-12-14T15:17:20.649Z,2025-12-14T15:17:20.649Z
8,0x0004,2073,0x00000000,2025-12-14T15:17:20.649Z,2025-12-14T15:17:20.649Z
7,0x0004,1575,0x00000000,2025-12-14T15:17:20.649Z,2025-12-14T15:17:20.649Z
6,0x0004,2875,0x00000000,2025-12-14T15:17:20.649Z,2025-12-14T15:17:20.649Z
39,0x000a,2.10142,0x00000000,2025-12-14T15:17:20.751Z,2025-12-14T15:17:20.751Z
38,0x000a,1.4974,0x00000000,2025-12-14T15:17:20.751Z,2025-12-14T15:17:20.751Z
37,0x000a,2.70182,0x00000000,2025-12-14T15:17:20.751Z,2025-12-14T15:17:20.751Z
36,0x000a,1.91103,0x00000000,2025-12-14T15:17:20.751Z,2025-12-14T15:17:20.751Z
35,0x000a,1.40728,0x00000000,2025-12-14T15:17:20.751Z,2025-12-14T15:17:20.751Z
34,0x000a,2.54901,0x00000000,2025-12-14T15:17:20.751Z,2025-12-14T15:17:20.751Z
26,0x000a,0.96969,0x00000000,2025-12-14T15:17:20.751Z,2025-12-14T15:17:20.751Z
25,0x000a,0.719763,0x00000000,2025-12-14T15:17:20.751Z,2025-12-14T15:17:20.751Z
24,0x000a,1.31981,0x00000000,2025-12-14T15:17:20.751Z,2025-12-14T15:17:20.751Z
23,0x000a,1.91103,0x00000000,2025-12-14T15:17:20.751Z,2025-12-14T15:17:20.751Z
22,0x000a,1.40728,0x00000000,2025-12-14T15:17:20.751Z,2025-12-14T15:17:20.751Z
21,0x000a,2.54901,0x00000000,2025-12-14T15:17:20.751Z,2025-12-14T15:17:20.751Z
8,0x0004,2681,0x00000000,2025-12-14T15:17:20.751Z,2025-12-14T15:17:20.751Z
7,0x0004,1990,0x00000000,2025-12-14T15:17:20.751Z,2025-12-14T15:17:20.751Z
6,0x0004,3649,0x00000000,2025-12-14T15:17:20.751Z,2025-12-14T15:17:20.751Z
39,0x000a,2.19907,0x00000000,2025-12-14T15:17:20.850Z,2025-12-14T15:17:20.850Z
38,0x000a,1.50101,0x00000000,2025-12-14T15:17:20.850Z,2025-12-14T15:17:20.850Z
37,0x000a,2.79948,0x00000000,2025-12-14T15:17:20.850Z,2025-12-14T15:17:20.850Z
36,0x000a,2.00622,0x00000000,2025-12-14T15:17:20.850Z,2025-12-14T15:17:20.850Z
35,0x000a,1.45234,0x00000000,2025-12-14T15:17:20.850Z,2025-12-14T15:17:20.850Z
34,0x000a,2.62541,0x00000000,2025-12-14T15:17:20.850Z,2025-12-14T15:17:20.850Z
26,0x000a,1.17983,0x00000000,2025-12-14T15:17:20.850Z,2025-12-14T15:17:20.850Z
25,0x000a,0.879991,0x00000000,2025-12-14T15:17:20.850Z,2025-12-14T15:17:20.850Z
24,0x000a,1.59975,0x00000000,2025-12-14T15:17:20.850Z,2025-12-14T15:17:20.850Z
23,0x000a,2.00622,0x00000000,2025-12-14T15:17:20.850Z,2025-12-14T15:17:20.850Z
22,0x000a,1.45234,0x00000000,2025-12-14T15:17:20.850Z,2025-12-14T15:17:20.850Z
21,0x000a,2.62541,0x00000000,2025-12-14T15:17:20.850Z,2025-12-14T15:17:20.850Z
8,0x0004,3262,0x00000000,2025-12-14T15:17:20.850Z,2025-12-14T15:17:20.850Z
7,0x0004,2433,0x00000000,2025-12-14T15:17:20.850Z,2025-12-14T15:17:20.850Z
6,0x0004,4423,0x00000000,2025-12-14T15:17:20.850Z,2025-12-14T15:17:20.850Z
39,0x000a,2.10142,0x00000000,2025-12-14T15:17:20.950Z,2025-12-14T15:17:20.950Z
38,0x000a,1.60229,0x00000000,2025-12-14T15:17:20.950Z,2025-12-14T15:17:20.950Z
36,0x000a,2.10265,0x00000000,2025-12-14T15:17:20.950Z,2025-12-14T15:17:20.950Z
35,0x000a,1.47668,0x00000000,2025-12-14T15:17:20.950Z,2025-12-14T15:17:20.950Z
34,0x000a,2.71245,0x00000000,2025-12-14T15:17:20.950Z,2025-12-14T15:17:20.950Z
26,0x000a,1.38997,0x00000000,2025-12-14T15:17:20.950Z,2025-12-14T15:17:20.950Z
25,0x000a,1.02973,0x00000000,2025-12-14T15:17:20.950Z,2025-12-14T15:17:20.950Z
24,0x000a,1.86994,0x00000000,2025-12-14T15:17:20.950Z,2025-12-14T15:17:20.950Z
23,0x000a,2.10265,0x00000000,2025-12-14T15:17:20.950Z,2025-12-14T15:17:20.950Z
22,0x000a,1.47668,0x00000000,2025-12-14T15:17:20.950Z,2025-12-14T15:17:20.950Z
21,0x000a,2.71245,0x00000000,2025-12-14T15:17:20.950Z,2025-12-14T15:17:20.950Z
8,0x0004,3843,0x00000000,2025-12-14T15:17:20.950Z,2025-12-14T15:17:20.950Z
7,0x0004,2847,0x00000000,2025-12-14T15:17:20.950Z,2025-12-14T15:17:20.950Z
6,0x0004,5170,0x00000000,2025-12-14T15:17:20.950Z,2025-12-14T15:17:20.950Z
39,0x000a,4.30049,0x00000000,2025-12-14T15:17:21.050Z,2025-12-14T15:17:21.050Z
38,0x000a,2.99841,0x00000000,2025-12-14T15:17:21.050Z,2025-12-14T15:17:21.050Z
37,0x000a,5.5013,0x00000000,2025-12-14T15:17:21.050Z,2025-12-14T15:17:21.050Z
36,0x000a,2.10203,0x00000000,2025-12-14T15:17:21.050Z,2025-12-14T15:17:21.050Z
35,0x000a,1.53948,0x00000000,2025-12-14T15:17:21.050Z,2025-12-14T15:17:21.050Z
34,0x000a,2.75596,0x00000000,2025-12-14T15:17:21.050Z,2025-12-14T15:17:21.050Z
26,0x000a,1.60988,0x00000000,2025-12-14T15:17:21.050Z,2025-12-14T15:17:21.050Z
25,0x000a,1.17983,0x00000000,2025-12-14T15:17:21.050Z,2025-12-14T15:17:21.050Z
24,0x000a,2.14988,0x00000000,2025-12-14T15:17:21.050Z,2025-12-14T15:17:21.050Z
23,0x000a,2.10203,0x00000000,2025-12-14T15:17:21.050Z,2025-12-14T15:17:21.050Z
22,0x000a,1.53948,0x00000000,2025-12-14T15:17:21.050Z,2025-12-14T15:17:21.050Z
21,0x000a,2.75596,0x00000000,2025-12-14T15:17:21.050Z,2025-12-14T15:17:21.050Z
8,0x0004,4451,0x00000000,2025-12-14T15:17:21.050Z,2025-12-14T15:17:21.050Z
7,0x0004,3262,0x00000000,2025-12-14T15:17:21.050Z,2025-12-14T15:17:21.050Z
6,0x0004,5944,0x00000000,2025-12-14T15:17:21.050Z,2025-12-14T15:17:21.050Z
39,0x000a,2.0978,0x00000000,2025-12-14T15:17:21.151Z,2025-12-14T15:17:21.151Z
38,0x000a,1.59867,0x00000000,2025-12-14T15:17:21.151Z,2025-12-14T15:17:21.151Z
37,0x000a,2.69821,0x00000000,2025-12-14T15:17:21.151Z,2025-12-14T15:17:21.151Z
36,0x000a,3.20126,0x00000000,2025-12-14T15:17:21.151Z,2025-12-14T15:17:21.151Z
35,0x000a,2.26894,0x00000000,2025-12-14T15:17:21.151Z,2025-12-14T15:17:21.151Z
34,0x000a,4.12863,0x00000000,2025-12-14T15:17:21.151Z,2025-12-14T15:17:21.151Z
26,0x000a,1.81966,0x00000000,2025-12-14T15:17:21.151Z,2025-12-14T15:17:21.151Z
25,0x000a,1.3397,0x00000000,2025-12-14T15:17:21.151Z,2025-12-14T15:17:21.151Z
24,0x000a,2.4197,0x00000000,2025-12-14T15:17:21.151Z,2025-12-14T15:17:21.151Z
23,0x000a,3.20126,0x00000000,2025-12-14T15:17:21.151Z,2025-12-14T15:17:21.151Z
22,0x000a,2.26894,0x00000000,2025-12-14T15:17:21.151Z,2025-12-14T15:17:21.151Z
21,0x000a,4.12863,0x00000000,2025-12-14T15:17:21.151Z,2025-12-14T15:17:21.151Z
8,0x0004,5031,0x00000000,2025-12-14T15:17:21.151Z,2025-12-14T15:17:21.151Z
7,0x0004,3704,0x00000000,2025-12-14T15:17:21.151Z,2025-12-14T15:17:21.151Z
6,0x0004,6690,0x00000000,2025-12-14T15:17:21.151Z,2025-12-14T15:17:21.151Z
36,0x000a,2.64953,0x00000000,2025-12-14T15:17:21.251Z,2025-12-14T15:17:21.251Z
35,0x000a,1.93381,0x00000000,2025-12-14T15:17:21.251Z,2025-12-14T15:17:21.251Z
34,0x000a,3.41342,0x00000000,2025-12-14T15:17:21.251Z,2025-12-14T15:17:21.251Z
26,0x000a,2.06995,0x00000000,2025-12-14T15:17:21.251Z,2025-12-14T15:17:21.251Z
25,0x000a,1.51982,0x00000000,2025-12-14T15:17:21.251Z,2025-12-14T15:17:21.251Z
24,0x000a,2.75969,0x00000000,2025-12-14T15:17:21.251Z,2025-12-14T15:17:21.251Z
23,0x000a,2.64953,0x00000000,2025-12-14T15:17:21.251Z,2025-12-14T15:17:21.251Z
22,0x000a,1.93381,0x00000000,2025-12-14T15:17:21.251Z,2025-12-14T15:17:21.251Z
21,0x000a,3.41342,0x00000000,2025-12-14T15:17:21.251Z,2025-12-14T15:17:21.251Z
8,0x0004,5723,0x00000000,2025-12-14T15:17:21.251Z,2025-12-14T15:17:21.251Z
7,0x0004,4202,0x00000000,2025-12-14T15:17:21.251Z,2025-12-14T15:17:21.251Z
6,0x0004,7630,0x00000000,2025-12-14T15:17:21.251Z,2025-12-14T15:17:21.251Z
39,0x000a,2.50289,0x00000000,2025-12-14T15:17:21.352Z,2025-12-14T15:17:21.352Z
38,0x000a,1.80122,0x00000000,2025-12-14T15:17:21.352Z,2025-12-14T15:17:21.352Z
37,0x000a,3.39988,0x00000000,2025-12-14T15:17:21.352Z,2025-12-14T15:17:21.352Z
26,0x000a,2.28986,0x00000000,2025-12-14T15:17:21.352Z,2025-12-14T15:17:21.352Z
25,0x000a,1.67969,0x00000000,2025-12-14T15:17:21.352Z,2025-12-14T15:17:21.352Z
24,0x000a,3.02988,0x00000000,2025-12-14T15:17:21.352Z,2025-12-14T15:17:21.352Z
8,0x0004,6331,0x00000000,2025-12-14T15:17:21.352Z,2025-12-14T15:17:21.352Z
7,0x0004,4644,0x00000000,2025-12-14T15:17:21.352Z,2025-12-14T15:17:21.352Z
6,0x0004,8377,0x00000000,2025-12-14T15:17:21.352Z,2025-12-14T15:17:21.352Z
39,0x000a,2.19907,0x00000000,2025-12-14T15:17:21.452Z,2025-12-14T15:17:21.452Z
38,0x000a,1.59867,0x00000000,2025-12-14T15:17:21.452Z,2025-12-14T15:17:21.452Z
37,0x000a,2.70182,0x00000000,2025-12-14T15:17:21.452Z,2025-12-14T15:17:21.452Z
36,0x000a,2.57621,0x00000000,2025-12-14T15:17:21.452Z,2025-12-14T15:17:21.452Z
35,0x000a,1.86751,0x00000000,2025-12-14T15:17:21.452Z,2025-12-14T15:17:21.452Z
34,0x000a,3.40665,0x00000000,2025-12-14T15:17:21.452Z,2025-12-14T15:17:21.452Z
26,0x000a,2.5,0x00000000,2025-12-14T15:17:21.452Z,2025-12-14T15:17:21.452Z
25,0x000a,1.82979,0x00000000,2025-12-14T15:17:21.452Z,2025-12-14T15:17:21.452Z
24,0x000a,3.30982,0x00000000,2025-12-14T15:17:21.452Z,2025-12-14T15:17:21.452Z
23,0x000a,2.57621,0x00000000,2025-12-14T15:17:21.452Z,2025-12-14T15:17:21.452Z
22,0x000a,1.86751,0x00000000,2025-12-14T15:17:21.452Z,2025-12-14T15:17:21.452Z
21,0x000a,3.40665,0x00000000,2025-12-14T15:17:21.452Z,2025-12-14T15:17:21.452Z
8,0x0004,6912,0x00000000,2025-12-14T15:17:21.452Z,2025-12-14T15:17:21.452Z
7,0x0004,5059,0x00000000,2025-12-14T15:17:21.452Z,2025-12-14T15:17:21.452Z
6,0x0004,9151,0x00000000,2025-12-14T15:17:21.452Z,2025-12-14T15:17:21.452Z
39,0x000a,2.10142,0x00000000,2025-12-14T15:17:21.550Z,2025-12-14T15:17:21.550Z
38,0x000a,1.50101,0x00000000,2025-12-14T15:17:21.550Z,2025-12-14T15:17:21.550Z
37,0x000a,2.79948,0x00000000,2025-12-14T15:17:21.550Z,2025-12-14T15:17:21.550Z
36,0x000a,2.38764,0x00000000,2025-12-14T15:17:21.550Z,2025-12-14T15:17:21.550Z
35,0x000a,1.73309,0x00000000,2025-12-14T15:17:21.550Z,2025-12-14T15:17:21.550Z
34,0x000a,3.05424,0x00000000,2025-12-14T15:17:21.550Z,2025-12-14T15:17:21.550Z
26,0x000a,2.70978,0x00000000,2025-12-14T15:17:21.550Z,2025-12-14T15:17:21.550Z
25,0x000a,1.97989,0x00000000,2025-12-14T15:17:21.550Z,2025-12-14T15:17:21.550Z
24,0x000a,3.57964,0x00000000,2025-12-14T15:17:21.550Z,2025-12-14T15:17:21.550Z
23,0x000a,2.38764,0x00000000,2025-12-14T15:17:21.550Z,2025-12-14T15:17:21.550Z
22,0x000a,1.73309,0x00000000,2025-12-14T15:17:21.550Z,2025-12-14T15:17:21.550Z
21,0x000a,3.05424,0x00000000,2025-12-14T15:17:21.550Z,2025-12-14T15:17:21.550Z
8,0x0004,7492,0x00000000,2025-12-14T15:17:21.550Z,2025-12-14T15:17:21.550Z
7,0x0004,5474,0x00000000,2025-12-14T15:17:21.550Z,2025-12-14T15:17:21.550Z
6,0x0004,9897,0x00000000,2025-12-14T15:17:21.550Z,2025-12-14T15:17:21.550Z
39,0x000a,2.0978,0x00000000,2025-12-14T15:17:21.652Z,2025-12-14T15:17:21.652Z
38,0x000a,1.50101,0x00000000,2025-12-14T15:17:21.652Z,2025-12-14T15:17:21.652Z
37,0x000a,2.6982,0x00000000,2025-12-14T15:17:21.652Z,2025-12-14T15:17:21.652Z
36,0x000a,2.24453,0x00000000,2025-12-14T15:17:21.652Z,2025-12-14T15:17:21.652Z
35,0x000a,1.61705,0x00000000,2025-12-14T15:17:21.652Z,2025-12-14T15:17:21.652Z
34,0x000a,2.92686,0x00000000,2025-12-14T15:17:21.652Z,2025-12-14T15:17:21.652Z
26,0x000a,2.92969,0x00000000,2025-12-14T15:17:21.652Z,2025-12-14T15:17:21.652Z
25,0x000a,2.13976,0x00000000,2025-12-14T15:17:21.652Z,2025-12-14T15:17:21.652Z
24,0x000a,3.85995,0x00000000,2025-12-14T15:17:21.652Z,2025-12-14T15:17:21.652Z
23,0x000a,2.24453,0x00000000,2025-12-14T15:17:21.652Z,2025-12-14T15:17:21.652Z
22,0x000a,1.61705,0x00000000,2025-12-14T15:17:21.652Z,2025-12-14T15:17:21.652Z
21,0x000a,2.92686,0x00000000,2025-12-14T15:17:21.652Z,2025-12-14T15:17:21.652Z
8,0x0004,8100,0x00000000,2025-12-14T15:17:21.652Z,2025-12-14T15:17:21.652Z
7,0x0004,5916,0x00000000,2025-12-14T15:17:21.652Z,2025-12-14T15:17:21.652Z
6,0x0004,10672,0x00000000,2025-12-14T15:17:21.652Z,2025-12-14T15:17:21.652Z
39,0x000a,2.19908,0x00000000,2025-12-14T15:17:21.750Z,2025-12-14T15:17:21.750Z
38,0x000a,1.59867,0x00000000,2025-12-14T15:17:21.750Z,2025-12-14T15:17:21.750Z
37,0x000a,2.8031,0x00000000,2025-12-14T15:17:21.750Z,2025-12-14T15:17:21.750Z
36,0x000a,2.17117,0x00000000,2025-12-14T15:17:21.750Z,2025-12-14T15:17:21.750Z
35,0x000a,1.55903,0x00000000,2025-12-14T15:17:21.750Z,2025-12-14T15:17:21.750Z
34,0x000a,2.81253,0x00000000,2025-12-14T15:17:21.750Z,2025-12-14T15:17:21.750Z
23,0x000a,2.17117,0x00000000,2025-12-14T15:17:21.750Z,2025-12-14T15:17:21.750Z
22,0x000a,1.55903,0x00000000,2025-12-14T15:17:21.750Z,2025-12-14T15:17:21.750Z
21,0x000a,2.81253,0x00000000,2025-12-14T15:17:21.750Z,2025-12-14T15:17:21.750Z
8,0x0004,8681,0x00000000,2025-12-14T15:17:21.750Z,2025-12-14T15:17:21.750Z
7,0x0004,6331,0x00000000,2025-12-14T15:17:21.750Z,2025-12-14T15:17:21.750Z
6,0x0004,11418,0x00000000,2025-12-14T15:17:21.750Z,2025-12-14T15:17:21.750Z
39,0x000a,2.10142,0x00000000,2025-12-14T15:17:21.850Z,2025-12-14T15:17:21.850Z
38,0x000a,1.50101,0x00000000,2025-12-14T15:17:21.850Z,2025-12-14T15:17:21.850Z
37,0x000a,2.6982,0x00000000,2025-12-14T15:17:21.850Z,2025-12-14T15:17:21.850Z
36,0x000a,2.18512,0x00000000,2025-12-14T15:17:21.850Z,2025-12-14T15:17:21.850Z
35,0x000a,1.57885,0x00000000,2025-12-14T15:17:21.850Z,2025-12-14T15:17:21.850Z
34,0x000a,2.80781,0x00000000,2025-12-14T15:17:21.850Z,2025-12-14T15:17:21.850Z
26,0x000a,3.13983,0x00000000,2025-12-14T15:17:21.850Z,2025-12-14T15:17:21.850Z
25,0x000a,2.28986,0x00000000,2025-12-14T15:17:21.850Z,2025-12-14T15:17:21.850Z
24,0x000a,4.12977,0x00000000,2025-12-14T15:17:21.850Z,2025-12-14T15:17:21.850Z
23,0x000a,2.18512,0x00000000,2025-12-14T15:17:21.850Z,2025-12-14T15:17:21.850Z
22,0x000a,1.57885,0x00000000,2025-12-14T15:17:21.850Z,2025-12-14T15:17:21.850Z
21,0x000a,2.80781,0x00000000,2025-12-14T15:17:21.850Z,2025-12-14T15:17:21.850Z
8,0x0004,9262,0x00000000,2025-12-14T15:17:21.850Z,2025-12-14T15:17:21.850Z
7,0x0004,6746,0x00000000,2025-12-14T15:17:21.850Z,2025-12-14T15:17:21.850Z
6,0x0004,12192,0x00000000,2025-12-14T15:17:21.850Z,2025-12-14T15:17:21.850Z
39,0x000a,2.10142,0x00000000,2025-12-14T15:17:21.951Z,2025-12-14T15:17:21.951Z
39,0x000a,2.19907,0x00000000,2025-12-14T15:17:22.051Z,2025-12-14T15:17:22.051Z
38,0x000a,1.50101,0x00000000,2025-12-14T15:17:21.951Z,2025-12-14T15:17:21.951Z
38,0x000a,1.59867,0x00000000,2025-12-14T15:17:22.051Z,2025-12-14T15:17:22.051Z
37,0x000a,2.79948,0x00000000,2025-12-14T15:17:21.951Z,2025-12-14T15:17:21.951Z
37,0x000a,2.79948,0x00000000,2025-12-14T15:17:22.051Z,2025-12-14T15:17:22.051Z
36,0x000a,2.14327,0x00000000,2025-12-14T15:17:21.951Z,2025-12-14T15:17:21.951Z
36,0x000a,2.12234,0x00000000,2025-12-14T15:17:22.051Z,2025-12-14T15:17:22.051Z
35,0x000a,1.53993,0x00000000,2025-12-14T15:17:21.951Z,2025-12-14T15:17:21.951Z
35,0x000a,1.52047,0x00000000,2025-12-14T15:17:22.051Z,2025-12-14T15:17:22.051Z
34,0x000a,2.75301,0x00000000,2025-12-14T15:17:21.951Z,2025-12-14T15:17:21.951Z
34,0x000a,2.77625,0x00000000,2025-12-14T15:17:22.051Z,2025-12-14T15:17:22.051Z
26,0x000a,3.34997,0x00000000,2025-12-14T15:17:21.951Z,2025-12-14T15:17:21.951Z
26,0x000a,3.56988,0x00000000,2025-12-14T15:17:22.051Z,2025-12-14T15:17:22.051Z
25,0x000a,2.43996,0x00000000,2025-12-14T15:17:21.951Z,2025-12-14T15:17:21.951Z
25,0x000a,2.59983,0x00000000,2025-12-14T15:17:22.051Z,2025-12-14T15:17:22.051Z
24,0x000a,4.40972,0x00000000,2025-12-14T15:17:21.951Z,2025-12-14T15:17:21.951Z
24,0x000a,4.68967,0x00000000,2025-12-14T15:17:22.051Z,2025-12-14T15:17:22.051Z
23,0x000a,2.14327,0x00000000,2025-12-14T15:17:21.951Z,2025-12-14T15:17:21.951Z
23,0x000a,2.12234,0x00000000,2025-12-14T15:17:22.051Z,2025-12-14T15:17:22.051Z
22,0x000a,1.53993,0x00000000,2025-12-14T15:17:21.951Z,2025-12-14T15:17:21.951Z
22,0x000a,1.52047,0x00000000,2025-12-14T15:17:22.051Z,2025-12-14T15:17:22.051Z
21,0x000a,2.75301,0x00000000,2025-12-14T15:17:21.951Z,2025-12-14T15:17:21.951Z
21,0x000a,2.77625,0x00000000,2025-12-14T15:17:22.051Z,2025-12-14T15:17:22.051Z
8,0x0004,9870,0x00000000,2025-12-14T15:17:21.951Z,2025-12-14T15:17:21.951Z
8,0x0004,10561,0x00000000,2025-12-14T15:17:22.051Z,2025-12-14T15:17:22.051Z
7,0x0004,7188,0x00000000,2025-12-14T15:17:21.951Z,2025-12-14T15:17:21.951Z
7,0x0004,7686,0x00000000,2025-12-14T15:17:22.051Z,2025-12-14T15:17:22.051Z
6,0x0004,12966,0x00000000,2025-12-14T15:17:21.951Z,2025-12-14T15:17:21.951Z
6,0x0004,13879,0x00000000,2025-12-14T15:17:22.051Z,2025-12-14T15:17:22.051Z
36,0x000a,2.16071,0x00000000,2025-12-14T15:17:22.153Z,2025-12-14T15:17:22.153Z
35,0x000a,1.55957,0x00000000,2025-12-14T15:17:22.153Z,2025-12-14T15:17:22.153Z
34,0x000a,2.78786,0x00000000,2025-12-14T15:17:22.153Z,2025-12-14T15:17:22.153Z
26,0x000a,3.81981,0x00000000,2025-12-14T15:17:22.153Z,2025-12-14T15:17:22.153Z
25,0x000a,2.77995,0x00000000,2025-12-14T15:17:22.153Z,2025-12-14T15:17:22.153Z
24,0x000a,5.01989,0x00000000,2025-12-14T15:17:22.153Z,2025-12-14T15:17:22.153Z
23,0x000a,2.16071,0x00000000,2025-12-14T15:17:22.153Z,2025-12-14T15:17:22.153Z
22,0x000a,1.55957,0x00000000,2025-12-14T15:17:22.153Z,2025-12-14T15:17:22.153Z
21,0x000a,2.78786,0x00000000,2025-12-14T15:17:22.153Z,2025-12-14T15:17:22.153Z
39,0x000a,4.69835,0x00000000,2025-12-14T15:17:22.251Z,2025-12-14T15:17:22.251Z
38,0x000a,3.29861,0x00000000,2025-12-14T15:17:22.251Z,2025-12-14T15:17:22.251Z
37,0x000a,6.00043,0x00000000,2025-12-14T15:17:22.251Z,2025-12-14T15:17:22.251Z
26,0x000a,4.03971,0x00000000,2025-12-14T15:17:22.251Z,2025-12-14T15:17:22.251Z
25,0x000a,2.92969,0x00000000,2025-12-14T15:17:22.251Z,2025-12-14T15:17:22.251Z
24,0x000a,5.28971,0x00000000,2025-12-14T15:17:22.251Z,2025-12-14T15:17:22.251Z
8,0x0004,11169,0x00000000,2025-12-14T15:17:22.251Z,2025-12-14T15:17:22.251Z
7,0x0004,8100,0x00000000,2025-12-14T15:17:22.251Z,2025-12-14T15:17:22.251Z
6,0x0004,14625,0x00000000,2025-12-14T15:17:22.251Z,2025-12-14T15:17:22.251Z
39,0x000a,2.10142,0x00000000,2025-12-14T15:17:22.351Z,2025-12-14T15:17:22.351Z
38,0x000a,1.60228,0x00000000,2025-12-14T15:17:22.351Z,2025-12-14T15:17:22.351Z
37,0x000a,2.79948,0x00000000,2025-12-14T15:17:22.351Z,2025-12-14T15:17:22.351Z
36,0x000a,3.42953,0x00000000,2025-12-14T15:17:22.351Z,2025-12-14T15:17:22.351Z
35,0x000a,2.42909,0x00000000,2025-12-14T15:17:22.351Z,2025-12-14T15:17:22.351Z
34,0x000a,4.39415,0x00000000,2025-12-14T15:17:22.351Z,2025-12-14T15:17:22.351Z
26,0x000a,4.24986,0x00000000,2025-12-14T15:17:22.351Z,2025-12-14T15:17:22.351Z
25,0x000a,3.08992,0x00000000,2025-12-14T15:17:22.351Z,2025-12-14T15:17:22.351Z
24,0x000a,5.56966,0x00000000,2025-12-14T15:17:22.351Z,2025-12-14T15:17:22.351Z
23,0x000a,3.42953,0x00000000,2025-12-14T15:17:22.351Z,2025-12-14T15:17:22.351Z
22,0x000a,2.42909,0x00000000,2025-12-14T15:17:22.351Z,2025-12-14T15:17:22.351Z
21,0x000a,4.39415,0x00000000,2025-12-14T15:17:22.351Z,2025-12-14T15:17:22.351Z
8,0x0004,11750,0x00000000,2025-12-14T15:17:22.351Z,2025-12-14T15:17:22.351Z
7,0x0004,8543,0x00000000,2025-12-14T15:17:22.351Z,2025-12-14T15:17:22.351Z
6,0x0004,15399,0x00000000,2025-12-14T15:17:22.351Z,2025-12-14T15:17:22.351Z
39,0x000a,2.10142,0x00000000,2025-12-14T15:17:22.452Z,2025-12-14T15:17:22.452Z
38,0x000a,1.4974,0x00000000,2025-12-14T15:17:22.452Z,2025-12-14T15:17:22.452Z
37,0x000a,2.70183,0x00000000,2025-12-14T15:17:22.452Z,2025-12-14T15:17:22.452Z
36,0x000a,2.76547,0x00000000,2025-12-14T15:17:22.452Z,2025-12-14T15:17:22.452Z
35,0x000a,2.01569,0x00000000,2025-12-14T15:17:22.452Z,2025-12-14T15:17:22.452Z
34,0x000a,3.59681,0x00000000,2025-12-14T15:17:22.452Z,2025-12-14T15:17:22.452Z
26,0x000a,4.46,0x00000000,2025-12-14T15:17:22.452Z,2025-12-14T15:17:22.452Z
25,0x000a,3.23966,0x00000000,2025-12-14T15:17:22.452Z,2025-12-14T15:17:22.452Z
24,0x000a,5.83984,0x00000000,2025-12-14T15:17:22.452Z,2025-12-14T15:17:22.452Z
23,0x000a,2.76547,0x00000000,2025-12-14T15:17:22.452Z,2025-12-14T15:17:22.452Z
22,0x000a,2.01569,0x00000000,2025-12-14T15:17:22.452Z,2025-12-14T15:17:22.452Z
21,0x000a,3.59681,0x00000000,2025-12-14T15:17:22.452Z,2025-12-14T15:17:22.452Z
8,0x0004,12331,0x00000000,2025-12-14T15:17:22.452Z,2025-12-14T15:17:22.452Z
7,0x0004,8957,0x00000000,2025-12-14T15:17:22.452Z,2025-12-14T15:17:22.452Z
6,0x0004,16146,0x00000000,2025-12-14T15:17:22.452Z,2025-12-14T15:17:22.452Z
39,0x000a,2.59693,0x00000000,2025-12-14T15:17:22.550Z,2025-12-14T15:17:22.550Z
38,0x000a,1.80121,0x00000000,2025-12-14T15:17:22.550Z,2025-12-14T15:17:22.550Z
37,0x000a,3.39988,0x00000000,2025-12-14T15:17:22.550Z,2025-12-14T15:17:22.550Z
36,0x000a,2.43345,0x00000000,2025-12-14T15:17:22.550Z,2025-12-14T15:17:22.550Z
35,0x000a,1.75654,0x00000000,2025-12-14T15:17:22.550Z,2025-12-14T15:17:22.550Z
34,0x000a,3.14932,0x00000000,2025-12-14T15:17:22.550Z,2025-12-14T15:17:22.550Z
26,0x000a,4.71969,0x00000000,2025-12-14T15:17:22.550Z,2025-12-14T15:17:22.550Z
25,0x000a,3.41978,0x00000000,2025-12-14T15:17:22.550Z,2025-12-14T15:17:22.550Z
24,0x000a,6.17983,0x00000000,2025-12-14T15:17:22.550Z,2025-12-14T15:17:22.550Z
23,0x000a,2.43345,0x00000000,2025-12-14T15:17:22.550Z,2025-12-14T15:17:22.550Z
22,0x000a,1.75654,0x00000000,2025-12-14T15:17:22.550Z,2025-12-14T15:17:22.550Z
21,0x000a,3.14932,0x00000000,2025-12-14T15:17:22.550Z,2025-12-14T15:17:22.550Z
8,0x0004,13049,0x00000000,2025-12-14T15:17:22.550Z,2025-12-14T15:17:22.550Z
7,0x0004,9455,0x00000000,2025-12-14T15:17:22.550Z,2025-12-14T15:17:22.550Z
6,0x0004,17086,0x00000000,2025-12-14T15:17:22.550Z,2025-12-14T15:17:22.550Z
39,0x000a,2.10142,0x00000000,2025-12-14T15:17:22.652Z,2025-12-14T15:17:22.652Z
38,0x000a,1.59867,0x00000000,2025-12-14T15:17:22.652Z,2025-12-14T15:17:22.652Z
37,0x000a,2.69821,0x00000000,2025-12-14T15:17:22.652Z,2025-12-14T15:17:22.652Z
36,0x000a,2.51519,0x00000000,2025-12-14T15:17:22.652Z,2025-12-14T15:17:22.652Z
35,0x000a,1.77888,0x00000000,2025-12-14T15:17:22.652Z,2025-12-14T15:17:22.652Z
34,0x000a,3.2746,0x00000000,2025-12-14T15:17:22.652Z,2025-12-14T15:17:22.652Z
26,0x000a,4.92983,0x00000000,2025-12-14T15:17:22.652Z,2025-12-14T15:17:22.652Z
25,0x000a,3.57964,0x00000000,2025-12-14T15:17:22.652Z,2025-12-14T15:17:22.652Z
24,0x000a,6.44965,0x00000000,2025-12-14T15:17:22.652Z,2025-12-14T15:17:22.652Z
23,0x000a,2.51519,0x00000000,2025-12-14T15:17:22.652Z,2025-12-14T15:17:22.652Z
22,0x000a,1.77888,0x00000000,2025-12-14T15:17:22.652Z,2025-12-14T15:17:22.652Z
21,0x000a,3.2746,0x00000000,2025-12-14T15:17:22.652Z,2025-12-14T15:17:22.652Z
8,0x0004,13630,0x00000000,2025-12-14T15:17:22.652Z,2025-12-14T15:17:22.652Z
7,0x0004,9897,0x00000000,2025-12-14T15:17:22.652Z,2025-12-14T15:17:22.652Z
6,0x0004,17832,0x00000000,2025-12-14T15:17:22.652Z,2025-12-14T15:17:22.652Z
38,0x000a,1.50101,0x00000000,2025-12-14T15:17:22.752Z,2025-12-14T15:17:22.752Z
37,0x000a,2.8031,0x00000000,2025-12-14T15:17:22.752Z,2025-12-14T15:17:22.752Z
36,0x000a,2.3083,0x00000000,2025-12-14T15:17:22.752Z,2025-12-14T15:17:22.752Z
35,0x000a,1.68877,0x00000000,2025-12-14T15:17:22.752Z,2025-12-14T15:17:22.752Z
34,0x000a,2.9864,0x00000000,2025-12-14T15:17:22.752Z,2025-12-14T15:17:22.752Z
26,0x000a,5.13997,0x00000000,2025-12-14T15:17:22.752Z,2025-12-14T15:17:22.752Z
25,0x000a,3.72975,0x00000000,2025-12-14T15:17:22.752Z,2025-12-14T15:17:22.752Z
24,0x000a,6.72996,0x00000000,2025-12-14T15:17:22.752Z,2025-12-14T15:17:22.752Z
23,0x000a,2.3083,0x00000000,2025-12-14T15:17:22.752Z,2025-12-14T15:17:22.752Z
22,0x000a,1.68877,0x00000000,2025-12-14T15:17:22.752Z,2025-12-14T15:17:22.752Z
21,0x000a,2.9864,0x00000000,2025-12-14T15:17:22.752Z,2025-12-14T15:17:22.752Z
8,0x0004,14211,0x00000000,2025-12-14T15:17:22.752Z,2025-12-14T15:17:22.752Z
7,0x0004,10312,0x00000000,2025-12-14T15:17:22.752Z,2025-12-14T15:17:22.752Z
6,0x0004,18607,0x00000000,2025-12-14T15:17:22.752Z,2025-12-14T15:17:22.752Z
39,0x000a,2.19908,0x00000000,2025-12-14T15:17:22.851Z,2025-12-14T15:17:22.851Z
38,0x000a,1.50101,0x00000000,2025-12-14T15:17:22.851Z,2025-12-14T15:17:22.851Z
37,0x000a,2.69821,0x00000000,2025-12-14T15:17:22.851Z,2025-12-14T15:17:22.851Z
36,0x000a,2.20486,0x00000000,2025-12-14T15:17:22.851Z,2025-12-14T15:17:22.851Z
35,0x000a,1.59489,0x00000000,2025-12-14T15:17:22.851Z,2025-12-14T15:17:22.851Z
34,0x000a,2.89475,0x00000000,2025-12-14T15:17:22.851Z,2025-12-14T15:17:22.851Z
26,0x000a,5.35988,0x00000000,2025-12-14T15:17:22.851Z,2025-12-14T15:17:22.851Z
25,0x000a,3.87985,0x00000000,2025-12-14T15:17:22.851Z,2025-12-14T15:17:22.851Z
24,0x000a,6.99978,0x00000000,2025-12-14T15:17:22.851Z,2025-12-14T15:17:22.851Z
23,0x000a,2.20486,0x00000000,2025-12-14T15:17:22.851Z,2025-12-14T15:17:22.851Z
22,0x000a,1.59489,0x00000000,2025-12-14T15:17:22.851Z,2025-12-14T15:17:22.851Z
21,0x000a,2.89475,0x00000000,2025-12-14T15:17:22.851Z,2025-12-14T15:17:22.851Z
8,0x0004,14819,0x00000000,2025-12-14T15:17:22.851Z,2025-12-14T15:17:22.851Z
7,0x0004,10727,0x00000000,2025-12-14T15:17:22.851Z,2025-12-14T15:17:22.851Z
6,0x0004,19353,0x00000000,2025-12-14T15:17:22.851Z,2025-12-14T15:17:22.851Z
39,0x000a,2.0978,0x00000000,2025-12-14T15:17:22.952Z,2025-12-14T15:17:22.952Z
38,0x000a,1.59867,0x00000000,2025-12-14T15:17:22.952Z,2025-12-14T15:17:22.952Z
37,0x000a,2.79948,0x00000000,2025-12-14T15:17:22.952Z,2025-12-14T15:17:22.952Z
36,0x000a,2.20197,0x00000000,2025-12-14T15:17:22.952Z,2025-12-14T15:17:22.952Z
35,0x000a,1.54795,0x00000000,2025-12-14T15:17:22.952Z,2025-12-14T15:17:22.952Z
34,0x000a,2.79648,0x00000000,2025-12-14T15:17:22.952Z,2025-12-14T15:17:22.952Z
26,0x000a,5.56966,0x00000000,2025-12-14T15:17:22.952Z,2025-12-14T15:17:22.952Z
25,0x000a,4.03971,0x00000000,2025-12-14T15:17:22.952Z,2025-12-14T15:17:22.952Z
24,0x000a,7.27973,0x00000000,2025-12-14T15:17:22.952Z,2025-12-14T15:17:22.952Z
23,0x000a,2.20197,0x00000000,2025-12-14T15:17:22.952Z,2025-12-14T15:17:22.952Z
22,0x000a,1.54795,0x00000000,2025-12-14T15:17:22.952Z,2025-12-14T15:17:22.952Z
21,0x000a,2.79648,0x00000000,2025-12-14T15:17:22.952Z,2025-12-14T15:17:22.952Z
8,0x0004,15399,0x00000000,2025-12-14T15:17:22.952Z,2025-12-14T15:17:22.952Z
7,0x0004,11169,0x00000000,2025-12-14T15:17:22.952Z,2025-12-14T15:17:22.952Z
6,0x0004,20127,0x00000000,2025-12-14T15:17:22.952Z,2025-12-14T15:17:22.952Z
36,0x000a,2.14988,0x00000000,2025-12-14T15:17:23.050Z,2025-12-14T15:17:23.050Z
35,0x000a,1.57331,0x00000000,2025-12-14T15:17:23.050Z,2025-12-14T15:17:23.050Z
34,0x000a,2.79798,0x00000000,2025-12-14T15:17:23.050Z,2025-12-14T15:17:23.050Z
26,0x000a,5.7798,0x00000000,2025-12-14T15:17:23.050Z,2025-12-14T15:17:23.050Z
25,0x000a,4.18981,0x00000000,2025-12-14T15:17:23.050Z,2025-12-14T15:17:23.050Z
24,0x000a,7.55968,0x00000000,2025-12-14T15:17:23.050Z,2025-12-14T15:17:23.050Z
23,0x000a,2.14988,0x00000000,2025-12-14T15:17:23.050Z,2025-12-14T15:17:23.050Z
22,0x000a,1.57331,0x00000000,2025-12-14T15:17:23.050Z,2025-12-14T15:17:23.050Z
21,0x000a,2.79798,0x00000000,2025-12-14T15:17:23.050Z,2025-12-14T15:17:23.050Z
8,0x0004,15980,0x00000000,2025-12-14T15:17:23.050Z,2025-12-14T15:17:23.050Z
7,0x0004,11584,0x00000000,2025-12-14T15:17:23.050Z,2025-12-14T15:17:23.050Z
6,0x0004,20901,0x00000000,2025-12-14T15:17:23.050Z,2025-12-14T15:17:23.050Z
39,0x000a,2.10142,0x00000000,2025-12-14T15:17:23.150Z,2025-12-14T15:17:23.150Z
38,0x000a,1.50101,0x00000000,2025-12-14T15:17:23.150Z,2025-12-14T15:17:23.150Z
26,0x000a,5.99971,0x00000000,2025-12-14T15:17:23.150Z,2025-12-14T15:17:23.150Z
25,0x000a,4.33992,0x00000000,2025-12-14T15:17:23.150Z,2025-12-14T15:17:23.150Z
24,0x000a,7.82986,0x00000000,2025-12-14T15:17:23.150Z,2025-12-14T15:17:23.150Z
13,0x0001,false,0x00000000,2025-12-14T15:17:23.150Z,2025-12-14T15:17:23.150Z
8,0x0004,16588,0x00000000,2025-12-14T15:17:23.150Z,2025-12-14T15:17:23.150Z
7,0x0004,11999,0x00000000,2025-12-14T15:17:23.150Z,2025-12-14T15:17:23.150Z
6,0x0004,21648,0x00000000,2025-12-14T15:17:23.150Z,2025-12-14T15:17:23.150Z
39,0x000a,2.19907,0x00000000,2025-12-14T15:17:23.249Z,2025-12-14T15:17:23.249Z
38,0x000a,1.50102,0x00000000,2025-12-14T15:17:23.249Z,2025-12-14T15:17:23.249Z
37,0x000a,2.70183,0x00000000,2025-12-14T15:17:23.249Z,2025-12-14T15:17:23.249Z
36,0x000a,2.12565,0x00000000,2025-12-14T15:17:23.249Z,2025-12-14T15:17:23.249Z
35,0x000a,1.53716,0x00000000,2025-12-14T15:17:23.249Z,2025-12-14T15:17:23.249Z
34,0x000a,2.79873,0x00000000,2025-12-14T15:17:23.249Z,2025-12-14T15:17:23.249Z
26,0x000a,6.25,0x00000000,2025-12-14T15:17:23.249Z,2025-12-14T15:17:23.249Z
25,0x000a,4.5298,0x00000000,2025-12-14T15:17:23.249Z,2025-12-14T15:17:23.249Z
24,0x000a,8.15972,0x00000000,2025-12-14T15:17:23.249Z,2025-12-14T15:17:23.249Z
23,0x000a,2.12565,0x00000000,2025-12-14T15:17:23.249Z,2025-12-14T15:17:23.249Z
22,0x000a,1.53716,0x00000000,2025-12-14T15:17:23.249Z,2025-12-14T15:17:23.249Z
21,0x000a,2.79873,0x00000000,2025-12-14T15:17:23.249Z,2025-12-14T15:17:23.249Z
8,0x0004,17280,0x00000000,2025-12-14T15:17:23.249Z,2025-12-14T15:17:23.249Z
7,0x0004,12524,0x00000000,2025-12-14T15:17:23.249Z,2025-12-14T15:17:23.249Z
6,0x0004,22560,0x00000000,2025-12-14T15:17:23.249Z,2025-12-14T15:17:23.249Z
39,0x000a,4.70197,0x00000000,2025-12-14T15:17:23.353Z,2025-12-14T15:17:23.353Z
38,0x000a,3.39988,0x00000000,2025-12-14T15:17:23.353Z,2025-12-14T15:17:23.353Z
37,0x000a,4.39815,0x00000000,2025-12-14T15:17:23.353Z,2025-12-14T15:17:23.353Z
36,0x000a,2.16236,0x00000000,2025-12-14T15:17:23.353Z,2025-12-14T15:17:23.353Z
35,0x000a,1.51909,0x00000000,2025-12-14T15:17:23.353Z,2025-12-14T15:17:23.353Z
34,0x000a,2.75028,0x00000000,2025-12-14T15:17:23.353Z,2025-12-14T15:17:23.353Z
26,0x000a,6.46991,0x00000000,2025-12-14T15:17:23.353Z,2025-12-14T15:17:23.353Z
25,0x000a,4.6799,0x00000000,2025-12-14T15:17:23.353Z,2025-12-14T15:17:23.353Z
24,0x000a,8.26968,0x00000000,2025-12-14T15:17:23.353Z,2025-12-14T15:17:23.353Z
23,0x000a,2.16236,0x00000000,2025-12-14T15:17:23.353Z,2025-12-14T15:17:23.353Z
22,0x000a,1.51909,0x00000000,2025-12-14T15:17:23.353Z,2025-12-14T15:17:23.353Z
21,0x000a,2.75028,0x00000000,2025-12-14T15:17:23.353Z,2025-12-14T15:17:23.353Z
8,0x0004,17888,0x00000000,2025-12-14T15:17:23.353Z,2025-12-14T15:17:23.353Z
7,0x0004,12939,0x00000000,2025-12-14T15:17:23.353Z,2025-12-14T15:17:23.353Z
6,0x0004,22864,0x00000000,2025-12-14T15:17:23.353Z,2025-12-14T15:17:23.353Z
39,0x000a,2.0978,0x00000000,2025-12-14T15:17:23.450Z,2025-12-14T15:17:23.450Z
38,0x000a,1.4974,0x00000000,2025-12-14T15:17:23.450Z,2025-12-14T15:17:23.450Z
37,0x000a,0,0x00000000,2025-12-14T15:17:23.450Z,2025-12-14T15:17:23.450Z
36,0x000a,3.43216,0x00000000,2025-12-14T15:17:23.450Z,2025-12-14T15:17:23.450Z
35,0x000a,2.45949,0x00000000,2025-12-14T15:17:23.450Z,2025-12-14T15:17:23.450Z
34,0x000a,3.57421,0x00000000,2025-12-14T15:17:23.450Z,2025-12-14T15:17:23.450Z
26,0x000a,6.67969,0x00000000,2025-12-14T15:17:23.450Z,2025-12-14T15:17:23.450Z
25,0x000a,4.82964,0x00000000,2025-12-14T15:17:23.450Z,2025-12-14T15:17:23.450Z
23,0x000a,3.43216,0x00000000,2025-12-14T15:17:23.450Z,2025-12-14T15:17:23.450Z
22,0x000a,2.45949,0x00000000,2025-12-14T15:17:23.450Z,2025-12-14T15:17:23.450Z
21,0x000a,3.57421,0x00000000,2025-12-14T15:17:23.450Z,2025-12-14T15:17:23.450Z
8,0x0004,18468,0x00000000,2025-12-14T15:17:23.450Z,2025-12-14T15:17:23.450Z
7,0x0004,13353,0x00000000,2025-12-14T15:17:23.450Z,2025-12-14T15:17:23.450Z
39,0x000a,2.10142,0x00000000,2025-12-14T15:17:23.551Z,2025-12-14T15:17:23.551Z
38,0x000a,1.60228,0x00000000,2025-12-14T15:17:23.551Z,2025-12-14T15:17:23.551Z
36,0x000a,2.76498,0x00000000,2025-12-14T15:17:23.551Z,2025-12-14T15:17:23.551Z
35,0x000a,1.97844,0x00000000,2025-12-14T15:17:23.551Z,2025-12-14T15:17:23.551Z
34,0x000a,1.78711,0x00000000,2025-12-14T15:17:23.551Z,2025-12-14T15:17:23.551Z
26,0x000a,6.88983,0x00000000,2025-12-14T15:17:23.551Z,2025-12-14T15:17:23.551Z
25,0x000a,4.98987,0x00000000,2025-12-14T15:17:23.551Z,2025-12-14T15:17:23.551Z
23,0x000a,2.76498,0x00000000,2025-12-14T15:17:23.551Z,2025-12-14T15:17:23.551Z
22,0x000a,1.97844,0x00000000,2025-12-14T15:17:23.551Z,2025-12-14T15:17:23.551Z
21,0x000a,1.78711,0x00000000,2025-12-14T15:17:23.551Z,2025-12-14T15:17:23.551Z
8,0x0004,19049,0x00000000,2025-12-14T15:17:23.551Z,2025-12-14T15:17:23.551Z
7,0x0004,13796,0x00000000,2025-12-14T15:17:23.551Z,2025-12-14T15:17:23.551Z
40,0x0001,true,0x00000000,2025-12-14T15:17:23.651Z,2025-12-14T15:17:23.651Z
38,0x000a,1.50101,0x00000000,2025-12-14T15:17:23.651Z,2025-12-14T15:17:23.651Z
36,0x000a,2.4332,0x00000000,2025-12-14T15:17:23.651Z,2025-12-14T15:17:23.651Z
35,0x000a,1.79036,0x00000000,2025-12-14T15:17:23.651Z,2025-12-14T15:17:23.651Z
34,0x000a,0.893553,0x00000000,2025-12-14T15:17:23.651Z,2025-12-14T15:17:23.651Z
26,0x000a,7.09997,0x00000000,2025-12-14T15:17:23.651Z,2025-12-14T15:17:23.651Z
25,0x000a,5.13997,0x00000000,2025-12-14T15:17:23.651Z,2025-12-14T15:17:23.651Z
23,0x000a,2.4332,0x00000000,2025-12-14T15:17:23.651Z,2025-12-14T15:17:23.651Z
22,0x000a,1.79036,0x00000000,2025-12-14T15:17:23.651Z,2025-12-14T15:17:23.651Z
21,0x000a,0.893553,0x00000000,2025-12-14T15:17:23.651Z,2025-12-14T15:17:23.651Z
8,0x0004,19630,0x00000000,2025-12-14T15:17:23.651Z,2025-12-14T15:17:23.651Z
7,0x0004,14211,0x00000000,2025-12-14T15:17:23.651Z,2025-12-14T15:17:23.651Z
39,0x000a,2.19908,0x00000000,2025-12-14T15:17:23.750Z,2025-12-14T15:17:23.750Z
38,0x000a,1.4974,0x00000000,2025-12-14T15:17:23.750Z,2025-12-14T15:17:23.750Z
36,0x000a,2.26731,0x00000000,2025-12-14T15:17:23.750Z,2025-12-14T15:17:23.750Z
35,0x000a,1.64569,0x00000000,2025-12-14T15:17:23.750Z,2025-12-14T15:17:23.750Z
34,0x000a,0.446777,0x00000000,2025-12-14T15:17:23.750Z,2025-12-14T15:17:23.750Z
26,0x000a,7.31988,0x00000000,2025-12-14T15:17:23.750Z,2025-12-14T15:17:23.750Z
25,0x000a,5.28971,0x00000000,2025-12-14T15:17:23.750Z,2025-12-14T15:17:23.750Z
23,0x000a,2.26731,0x00000000,2025-12-14T15:17:23.750Z,2025-12-14T15:17:23.750Z
22,0x000a,1.64569,0x00000000,2025-12-14T15:17:23.750Z,2025-12-14T15:17:23.750Z
21,0x000a,0.446777,0x00000000,2025-12-14T15:17:23.750Z,2025-12-14T15:17:23.750Z
8,0x0004,20238,0x00000000,2025-12-14T15:17:23.750Z,2025-12-14T15:17:23.750Z
7,0x0004,14625,0x00000000,2025-12-14T15:17:23.750Z,2025-12-14T15:17:23.750Z
39,0x000a,2.49928,0x00000000,2025-12-14T15:17:23.851Z,2025-12-14T15:17:23.851Z
38,0x000a,1.90249,0x00000000,2025-12-14T15:17:23.851Z,2025-12-14T15:17:23.851Z
36,0x000a,2.23319,0x00000000,2025-12-14T15:17:23.851Z,2025-12-14T15:17:23.851Z
35,0x000a,1.57154,0x00000000,2025-12-14T15:17:23.851Z,2025-12-14T15:17:23.851Z
34,0x000a,0.223388,0x00000000,2025-12-14T15:17:23.851Z,2025-12-14T15:17:23.851Z
26,0x000a,7.56981,0x00000000,2025-12-14T15:17:23.851Z,2025-12-14T15:17:23.851Z
25,0x000a,5.47996,0x00000000,2025-12-14T15:17:23.851Z,2025-12-14T15:17:23.851Z
23,0x000a,2.23319,0x00000000,2025-12-14T15:17:23.851Z,2025-12-14T15:17:23.851Z
22,0x000a,1.57154,0x00000000,2025-12-14T15:17:23.851Z,2025-12-14T15:17:23.851Z
21,0x000a,0.223388,0x00000000,2025-12-14T15:17:23.851Z,2025-12-14T15:17:23.851Z
8,0x0004,20929,0x00000000,2025-12-14T15:17:23.851Z,2025-12-14T15:17:23.851Z
7,0x0004,15151,0x00000000,2025-12-14T15:17:23.851Z,2025-12-14T15:17:23.851Z
39,0x000a,2.19907,0x00000000,2025-12-14T15:17:24.052Z,2025-12-14T15:17:24.052Z
38,0x000a,1.4974,0x00000000,2025-12-14T15:17:24.052Z,2025-12-14T15:17:24.052Z
36,0x000a,2.36623,0x00000000,2025-12-14T15:17:24.052Z,2025-12-14T15:17:24.052Z
35,0x000a,1.73702,0x00000000,2025-12-14T15:17:24.052Z,2025-12-14T15:17:24.052Z
34,0x000a,0.111694,0x00000000,2025-12-14T15:17:24.052Z,2025-12-14T15:17:24.052Z
26,0x000a,7.78971,0x00000000,2025-12-14T15:17:23.952Z,2025-12-14T15:17:23.952Z
26,0x000a,7.99986,0x00000000,2025-12-14T15:17:24.052Z,2025-12-14T15:17:24.052Z
25,0x000a,5.6297,0x00000000,2025-12-14T15:17:23.952Z,2025-12-14T15:17:23.952Z
25,0x000a,5.78993,0x00000000,2025-12-14T15:17:24.052Z,2025-12-14T15:17:24.052Z
23,0x000a,2.36623,0x00000000,2025-12-14T15:17:23.952Z,2025-12-14T15:17:23.952Z
22,0x000a,1.73702,0x00000000,2025-12-14T15:17:23.952Z,2025-12-14T15:17:23.952Z
21,0x000a,0.111694,0x00000000,2025-12-14T15:17:23.952Z,2025-12-14T15:17:23.952Z
8,0x0004,21537,0x00000000,2025-12-14T15:17:23.952Z,2025-12-14T15:17:23.952Z
8,0x0004,22118,0x00000000,2025-12-14T15:17:24.052Z,2025-12-14T15:17:24.052Z
7,0x0004,15565,0x00000000,2025-12-14T15:17:23.952Z,2025-12-14T15:17:23.952Z
7,0x0004,16008,0x00000000,2025-12-14T15:17:24.052Z,2025-12-14T15:17:24.052Z
39,0x000a,2.10142,0x00000000,2025-12-14T15:17:24.151Z,2025-12-14T15:17:24.151Z
38,0x000a,1.60228,0x00000000,2025-12-14T15:17:24.151Z,2025-12-14T15:17:24.151Z
36,0x000a,2.28265,0x00000000,2025-12-14T15:17:24.151Z,2025-12-14T15:17:24.151Z
35,0x000a,1.61721,0x00000000,2025-12-14T15:17:24.151Z,2025-12-14T15:17:24.151Z
34,0x000a,0.0558471,0x00000000,2025-12-14T15:17:24.151Z,2025-12-14T15:17:24.151Z
26,0x000a,8.21,0x00000000,2025-12-14T15:17:24.151Z,2025-12-14T15:17:24.151Z
25,0x000a,5.93967,0x00000000,2025-12-14T15:17:24.151Z,2025-12-14T15:17:24.151Z
23,0x000a,2.28265,0x00000000,2025-12-14T15:17:24.151Z,2025-12-14T15:17:24.151Z
22,0x000a,1.61721,0x00000000,2025-12-14T15:17:24.151Z,2025-12-14T15:17:24.151Z
21,0x000a,0.0558471,0x00000000,2025-12-14T15:17:24.151Z,2025-12-14T15:17:24.151Z
8,0x0004,22699,0x00000000,2025-12-14T15:17:24.151Z,2025-12-14T15:17:24.151Z
7,0x0004,16422,0x00000000,2025-12-14T15:17:24.151Z,2025-12-14T15:17:24.151Z
39,0x000a,2.10142,0x00000000,2025-12-14T15:17:24.252Z,2025-12-14T15:17:24.252Z
38,0x000a,1.4974,0x00000000,2025-12-14T15:17:24.252Z,2025-12-14T15:17:24.252Z
36,0x000a,2.19203,0x00000000,2025-12-14T15:17:24.252Z,2025-12-14T15:17:24.252Z
35,0x000a,1.60974,0x00000000,2025-12-14T15:17:24.252Z,2025-12-14T15:17:24.252Z
34,0x000a,0.0279235,0x00000000,2025-12-14T15:17:24.252Z,2025-12-14T15:17:24.252Z
26,0x000a,8.4299,0x00000000,2025-12-14T15:17:24.252Z,2025-12-14T15:17:24.252Z
25,0x000a,6.08977,0x00000000,2025-12-14T15:17:24.252Z,2025-12-14T15:17:24.252Z
23,0x000a,2.19203,0x00000000,2025-12-14T15:17:24.252Z,2025-12-14T15:17:24.252Z
22,0x000a,1.60974,0x00000000,2025-12-14T15:17:24.252Z,2025-12-14T15:17:24.252Z
21,0x000a,0.0279235,0x00000000,2025-12-14T15:17:24.252Z,2025-12-14T15:17:24.252Z
8,0x0004,23307,0x00000000,2025-12-14T15:17:24.252Z,2025-12-14T15:17:24.252Z
7,0x0004,16837,0x00000000,2025-12-14T15:17:24.252Z,2025-12-14T15:17:24.252Z
39,0x000a,2.19907,0x00000000,2025-12-14T15:17:24.351Z,2025-12-14T15:17:24.351Z
38,0x000a,1.50101,0x00000000,2025-12-14T15:17:24.351Z,2025-12-14T15:17:24.351Z
36,0x000a,2.14673,0x00000000,2025-12-14T15:17:24.351Z,2025-12-14T15:17:24.351Z
35,0x000a,1.55357,0x00000000,2025-12-14T15:17:24.351Z,2025-12-14T15:17:24.351Z
34,0x000a,0.0139618,0x00000000,2025-12-14T15:17:24.351Z,2025-12-14T15:17:24.351Z
26,0x000a,8.63968,0x00000000,2025-12-14T15:17:24.351Z,2025-12-14T15:17:24.351Z
25,0x000a,6.25,0x00000000,2025-12-14T15:17:24.351Z,2025-12-14T15:17:24.351Z
23,0x000a,2.14673,0x00000000,2025-12-14T15:17:24.351Z,2025-12-14T15:17:24.351Z
22,0x000a,1.55357,0x00000000,2025-12-14T15:17:24.351Z,2025-12-14T15:17:24.351Z
21,0x000a,0.0139618,0x00000000,2025-12-14T15:17:24.351Z,2025-12-14T15:17:24.351Z
8,0x0004,23887,0x00000000,2025-12-14T15:17:24.351Z,2025-12-14T15:17:24.351Z
7,0x0004,17280,0x00000000,2025-12-14T15:17:24.351Z,2025-12-14T15:17:24.351Z
39,0x000a,4.19922,0x00000000,2025-12-14T15:17:24.449Z,2025-12-14T15:17:24.449Z
38,0x000a,3.09968,0x00000000,2025-12-14T15:17:24.449Z,2025-12-14T15:17:24.449Z
36,0x000a,2.1729,0x00000000,2025-12-14T15:17:24.449Z,2025-12-14T15:17:24.449Z
35,0x000a,1.52729,0x00000000,2025-12-14T15:17:24.449Z,2025-12-14T15:17:24.449Z
34,0x000a,0.00698089,0x00000000,2025-12-14T15:17:24.449Z,2025-12-14T15:17:24.449Z
26,0x000a,8.84983,0x00000000,2025-12-14T15:17:24.449Z,2025-12-14T15:17:24.449Z
25,0x000a,6.39974,0x00000000,2025-12-14T15:17:24.449Z,2025-12-14T15:17:24.449Z
23,0x000a,2.1729,0x00000000,2025-12-14T15:17:24.449Z,2025-12-14T15:17:24.449Z
22,0x000a,1.52729,0x00000000,2025-12-14T15:17:24.449Z,2025-12-14T15:17:24.449Z
21,0x000a,0.00698089,0x00000000,2025-12-14T15:17:24.449Z,2025-12-14T15:17:24.449Z
8,0x0004,24468,0x00000000,2025-12-14T15:17:24.449Z,2025-12-14T15:17:24.449Z
7,0x0004,17694,0x00000000,2025-12-14T15:17:24.449Z,2025-12-14T15:17:24.449Z
39,0x000a,2.10142,0x00000000,2025-12-14T15:17:24.550Z,2025-12-14T15:17:24.550Z
38,0x000a,1.50102,0x00000000,2025-12-14T15:17:24.550Z,2025-12-14T15:17:24.550Z
36,0x000a,3.18606,0x00000000,2025-12-14T15:17:24.550Z,2025-12-14T15:17:24.550Z
35,0x000a,2.31349,0x00000000,2025-12-14T15:17:24.550Z,2025-12-14T15:17:24.550Z
34,0x000a,0.00349044,0x00000000,2025-12-14T15:17:24.550Z,2025-12-14T15:17:24.550Z
26,0x000a,9.05997,0x00000000,2025-12-14T15:17:24.550Z,2025-12-14T15:17:24.550Z
25,0x000a,6.54984,0x00000000,2025-12-14T15:17:24.550Z,2025-12-14T15:17:24.550Z
23,0x000a,3.18606,0x00000000,2025-12-14T15:17:24.550Z,2025-12-14T15:17:24.550Z
22,0x000a,2.31349,0x00000000,2025-12-14T15:17:24.550Z,2025-12-14T15:17:24.550Z
21,0x000a,0.00349044,0x00000000,2025-12-14T15:17:24.550Z,2025-12-14T15:17:24.550Z
8,0x0004,25049,0x00000000,2025-12-14T15:17:24.550Z,2025-12-14T15:17:24.550Z
7,0x0004,18109,0x00000000,2025-12-14T15:17:24.550Z,2025-12-14T15:17:24.550Z
39,0x000a,2.19908,0x00000000,2025-12-14T15:17:24.650Z,2025-12-14T15:17:24.650Z
38,0x000a,1.59867,0x00000000,2025-12-14T15:17:24.650Z,2025-12-14T15:17:24.650Z
36,0x000a,2.64374,0x00000000,2025-12-14T15:17:24.650Z,2025-12-14T15:17:24.650Z
35,0x000a,1.90725,0x00000000,2025-12-14T15:17:24.650Z,2025-12-14T15:17:24.650Z
34,0x000a,0.00174522,0x00000000,2025-12-14T15:17:24.650Z,2025-12-14T15:17:24.650Z
26,0x000a,9.27988,0x00000000,2025-12-14T15:17:24.650Z,2025-12-14T15:17:24.650Z
25,0x000a,6.70971,0x00000000,2025-12-14T15:17:24.650Z,2025-12-14T15:17:24.650Z
23,0x000a,2.64374,0x00000000,2025-12-14T15:17:24.650Z,2025-12-14T15:17:24.650Z
22,0x000a,1.90725,0x00000000,2025-12-14T15:17:24.650Z,2025-12-14T15:17:24.650Z
21,0x000a,0.00174522,0x00000000,2025-12-14T15:17:24.650Z,2025-12-14T15:17:24.650Z
8,0x0004,25657,0x00000000,2025-12-14T15:17:24.650Z,2025-12-14T15:17:24.650Z
7,0x0004,18551,0x00000000,2025-12-14T15:17:24.650Z,2025-12-14T15:17:24.650Z
36,0x000a,2.42141,0x00000000,2025-12-14T15:17:24.751Z,2025-12-14T15:17:24.751Z
35,0x000a,1.75296,0x00000000,2025-12-14T15:17:24.751Z,2025-12-14T15:17:24.751Z
34,0x000a,0.000872611,0x00000000,2025-12-14T15:17:24.751Z,2025-12-14T15:17:24.751Z
26,0x000a,9.5298,0x00000000,2025-12-14T15:17:24.751Z,2025-12-14T15:17:24.751Z
25,0x000a,6.88983,0x00000000,2025-12-14T15:17:24.751Z,2025-12-14T15:17:24.751Z
23,0x000a,2.42141,0x00000000,2025-12-14T15:17:24.751Z,2025-12-14T15:17:24.751Z
22,0x000a,1.75296,0x00000000,2025-12-14T15:17:24.751Z,2025-12-14T15:17:24.751Z
21,0x000a,0.000872611,0x00000000,2025-12-14T15:17:24.751Z,2025-12-14T15:17:24.751Z
8,0x0004,26348,0x00000000,2025-12-14T15:17:24.751Z,2025-12-14T15:17:24.751Z
7,0x0004,19049,0x00000000,2025-12-14T15:17:24.751Z,2025-12-14T15:17:24.751Z
39,0x000a,2.49928,0x00000000,2025-12-14T15:17:24.849Z,2025-12-14T15:17:24.849Z
38,0x000a,1.80121,0x00000000,2025-12-14T15:17:24.849Z,2025-12-14T15:17:24.849Z
26,0x000a,9.74971,0x00000000,2025-12-14T15:17:24.849Z,2025-12-14T15:17:24.849Z
25,0x000a,7.03993,0x00000000,2025-12-14T15:17:24.849Z,2025-12-14T15:17:24.849Z
17,0x0001,false,0x00000000,2025-12-14T15:17:24.849Z,2025-12-14T15:17:24.849Z
8,0x0004,26956,0x00000000,2025-12-14T15:17:24.849Z,2025-12-14T15:17:24.849Z
7,0x0004,19464,0x00000000,2025-12-14T15:17:24.849Z,2025-12-14T15:17:24.849Z
39,0x000a,2.19907,0x00000000,2025-12-14T15:17:24.951Z,2025-12-14T15:17:24.951Z
38,0x000a,1.50101,0x00000000,2025-12-14T15:17:24.951Z,2025-12-14T15:17:24.951Z
36,0x000a,2.46034,0x00000000,2025-12-14T15:17:24.951Z,2025-12-14T15:17:24.951Z
35,0x000a,1.77709,0x00000000,2025-12-14T15:17:24.951Z,2025-12-14T15:17:24.951Z
34,0x000a,0.000436305,0x00000000,2025-12-14T15:17:24.951Z,2025-12-14T15:17:24.951Z
26,0x000a,9.95985,0x00000000,2025-12-14T15:17:24.951Z,2025-12-14T15:17:24.951Z
25,0x000a,7.1998,0x00000000,2025-12-14T15:17:24.951Z,2025-12-14T15:17:24.951Z
23,0x000a,2.46034,0x00000000,2025-12-14T15:17:24.951Z,2025-12-14T15:17:24.951Z
22,0x000a,1.77709,0x00000000,2025-12-14T15:17:24.951Z,2025-12-14T15:17:24.951Z
21,0x000a,0.000436305,0x00000000,2025-12-14T15:17:24.951Z,2025-12-14T15:17:24.951Z
8,0x0004,27537,0x00000000,2025-12-14T15:17:24.951Z,2025-12-14T15:17:24.951Z
7,0x0004,19906,0x00000000,2025-12-14T15:17:24.951Z,2025-12-14T15:17:24.951Z
39,0x000a,2.10142,0x00000000,2025-12-14T15:17:25.050Z,2025-12-14T15:17:25.050Z
38,0x000a,1.59867,0x00000000,2025-12-14T15:17:25.050Z,2025-12-14T15:17:25.050Z
36,0x000a,2.3297,0x00000000,2025-12-14T15:17:25.050Z,2025-12-14T15:17:25.050Z
35,0x000a,1.63905,0x00000000,2025-12-14T15:17:25.050Z,2025-12-14T15:17:25.050Z
34,0x000a,0.000218153,0x00000000,2025-12-14T15:17:25.050Z,2025-12-14T15:17:25.050Z
26,0x000a,10,0x00000000,2025-12-14T15:17:25.050Z,2025-12-14T15:17:25.050Z
25,0x000a,7.3499,0x00000000,2025-12-14T15:17:25.050Z,2025-12-14T15:17:25.050Z
23,0x000a,2.3297,0x00000000,2025-12-14T15:17:25.050Z,2025-12-14T15:17:25.050Z
22,0x000a,1.63905,0x00000000,2025-12-14T15:17:25.050Z,2025-12-14T15:17:25.050Z
21,0x000a,0.000218153,0x00000000,2025-12-14T15:17:25.050Z,2025-12-14T15:17:25.050Z
8,0x0004,27648,0x00000000,2025-12-14T15:17:25.050Z,2025-12-14T15:17:25.050Z
7,0x0004,20321,0x00000000,2025-12-14T15:17:25.050Z,2025-12-14T15:17:25.050Z
39,0x000a,0.401478,0x00000000,2025-12-14T15:17:25.153Z,2025-12-14T15:17:25.153Z
38,0x000a,1.50102,0x00000000,2025-12-14T15:17:25.153Z,2025-12-14T15:17:25.153Z
36,0x000a,2.21556,0x00000000,2025-12-14T15:17:25.153Z,2025-12-14T15:17:25.153Z
35,0x000a,1.61886,0x00000000,2025-12-14T15:17:25.153Z,2025-12-14T15:17:25.153Z
34,0x000a,0.000109076,0x00000000,2025-12-14T15:17:25.153Z,2025-12-14T15:17:25.153Z
25,0x000a,7.5,0x00000000,2025-12-14T15:17:25.153Z,2025-12-14T15:17:25.153Z
23,0x000a,2.21556,0x00000000,2025-12-14T15:17:25.153Z,2025-12-14T15:17:25.153Z
22,0x000a,1.61886,0x00000000,2025-12-14T15:17:25.153Z,2025-12-14T15:17:25.153Z
21,0x000a,0.000109076,0x00000000,2025-12-14T15:17:25.153Z,2025-12-14T15:17:25.153Z
7,0x0004,20736,0x00000000,2025-12-14T15:17:25.153Z,2025-12-14T15:17:25.153Z
39,0x000a,0,0x00000000,2025-12-14T15:17:25.250Z,2025-12-14T15:17:25.250Z
38,0x000a,1.50101,0x00000000,2025-12-14T15:17:25.250Z,2025-12-14T15:17:25.250Z
36,0x000a,1.30852,0x00000000,2025-12-14T15:17:25.250Z,2025-12-14T15:17:25.250Z
35,0x000a,1.55994,0x00000000,2025-12-14T15:17:25.250Z,2025-12-14T15:17:25.250Z
34,0x000a,5.45382e-05,0x00000000,2025-12-14T15:17:25.250Z,2025-12-14T15:17:25.250Z
25,0x000a,7.68989,0x00000000,2025-12-14T15:17:25.250Z,2025-12-14T15:17:25.250Z
23,0x000a,1.30852,0x00000000,2025-12-14T15:17:25.250Z,2025-12-14T15:17:25.250Z
22,0x000a,1.55994,0x00000000,2025-12-14T15:17:25.250Z,2025-12-14T15:17:25.250Z
21,0x000a,5.45382e-05,0x00000000,2025-12-14T15:17:25.250Z,2025-12-14T15:17:25.250Z
7,0x0004,21261,0x00000000,2025-12-14T15:17:25.250Z,2025-12-14T15:17:25.250Z
42,0x0001,true,0x00000000,2025-12-14T15:17:25.350Z,2025-12-14T15:17:25.350Z
38,0x000a,1.89887,0x00000000,2025-12-14T15:17:25.350Z,2025-12-14T15:17:25.350Z
36,0x000a,0.65426,0x00000000,2025-12-14T15:17:25.350Z,2025-12-14T15:17:25.350Z
35,0x000a,1.53047,0x00000000,2025-12-14T15:17:25.350Z,2025-12-14T15:17:25.350Z
34,0x000a,2.72691e-05,0x00000000,2025-12-14T15:17:25.350Z,2025-12-14T15:17:25.350Z
25,0x000a,7.83999,0x00000000,2025-12-14T15:17:25.350Z,2025-12-14T15:17:25.350Z
23,0x000a,0.65426,0x00000000,2025-12-14T15:17:25.350Z,2025-12-14T15:17:25.350Z
22,0x000a,1.53047,0x00000000,2025-12-14T15:17:25.350Z,2025-12-14T15:17:25.350Z
21,0x000a,2.72691e-05,0x00000000,2025-12-14T15:17:25.350Z,2025-12-14T15:17:25.350Z
7,0x0004,21676,0x00000000,2025-12-14T15:17:25.350Z,2025-12-14T15:17:25.350Z
38,0x000a,1.50101,0x00000000,2025-12-14T15:17:25.450Z,2025-12-14T15:17:25.450Z
36,0x000a,0.32713,0x00000000,2025-12-14T15:17:25.450Z,2025-12-14T15:17:25.450Z
35,0x000a,1.71467,0x00000000,2025-12-14T15:17:25.450Z,2025-12-14T15:17:25.450Z
34,0x000a,1.36345e-05,0x00000000,2025-12-14T15:17:25.450Z,2025-12-14T15:17:25.450Z
25,0x000a,7.98973,0x00000000,2025-12-14T15:17:25.450Z,2025-12-14T15:17:25.450Z
23,0x000a,0.32713,0x00000000,2025-12-14T15:17:25.450Z,2025-12-14T15:17:25.450Z
22,0x000a,1.71467,0x00000000,2025-12-14T15:17:25.450Z,2025-12-14T15:17:25.450Z
21,0x000a,1.36345e-05,0x00000000,2025-12-14T15:17:25.450Z,2025-12-14T15:17:25.450Z
7,0x0004,22090,0x00000000,2025-12-14T15:17:25.450Z,2025-12-14T15:17:25.450Z
38,0x000a,3.09968,0x00000000,2025-12-14T15:17:25.552Z,2025-12-14T15:17:25.552Z
36,0x000a,0.163565,0x00000000,2025-12-14T15:17:25.552Z,2025-12-14T15:17:25.552Z
35,0x000a,1.60784,0x00000000,2025-12-14T15:17:25.552Z,2025-12-14T15:17:25.552Z
34,0x000a,6.81727e-06,0x00000000,2025-12-14T15:17:25.552Z,2025-12-14T15:17:25.552Z
25,0x000a,8.14996,0x00000000,2025-12-14T15:17:25.552Z,2025-12-14T15:17:25.552Z
23,0x000a,0.163565,0x00000000,2025-12-14T15:17:25.552Z,2025-12-14T15:17:25.552Z
22,0x000a,1.60784,0x00000000,2025-12-14T15:17:25.552Z,2025-12-14T15:17:25.552Z
21,0x000a,6.81727e-06,0x00000000,2025-12-14T15:17:25.552Z,2025-12-14T15:17:25.552Z
7,0x0004,22533,0x00000000,2025-12-14T15:17:25.552Z,2025-12-14T15:17:25.552Z
36,0x000a,0.0817825,0x00000000,2025-12-14T15:17:25.652Z,2025-12-14T15:17:25.652Z
35,0x000a,2.35376,0x00000000,2025-12-14T15:17:25.652Z,2025-12-14T15:17:25.652Z
34,0x000a,3.40864e-06,0x00000000,2025-12-14T15:17:25.652Z,2025-12-14T15:17:25.652Z
25,0x000a,8.2997,0x00000000,2025-12-14T15:17:25.652Z,2025-12-14T15:17:25.652Z
23,0x000a,0.0817825,0x00000000,2025-12-14T15:17:25.652Z,2025-12-14T15:17:25.652Z
22,0x000a,2.35376,0x00000000,2025-12-14T15:17:25.652Z,2025-12-14T15:17:25.652Z
21,0x000a,3.40864e-06,0x00000000,2025-12-14T15:17:25.652Z,2025-12-14T15:17:25.652Z
7,0x0004,22947,0x00000000,2025-12-14T15:17:25.652Z,2025-12-14T15:17:25.652Z
38,0x000a,1.49739,0x00000000,2025-12-14T15:17:25.752Z,2025-12-14T15:17:25.752Z
38,0x000a,1.50102,0x00000000,2025-12-14T15:17:25.852Z,2025-12-14T15:17:25.852Z
38,0x000a,1.59866,0x00000000,2025-12-14T15:17:25.951Z,2025-12-14T15:17:25.951Z
36,0x000a,0.0408913,0x00000000,2025-12-14T15:17:25.852Z,2025-12-14T15:17:25.852Z
36,0x000a,0.0204456,0x00000000,2025-12-14T15:17:25.951Z,2025-12-14T15:17:25.951Z
35,0x000a,1.92558,0x00000000,2025-12-14T15:17:25.852Z,2025-12-14T15:17:25.852Z
35,0x000a,1.7133,0x00000000,2025-12-14T15:17:25.951Z,2025-12-14T15:17:25.951Z
34,0x000a,1.70432e-06,0x00000000,2025-12-14T15:17:25.852Z,2025-12-14T15:17:25.852Z
34,0x000a,8.52159e-07,0x00000000,2025-12-14T15:17:25.951Z,2025-12-14T15:17:25.951Z
25,0x000a,8.4498,0x00000000,2025-12-14T15:17:25.852Z,2025-12-14T15:17:25.852Z
25,0x000a,8.60966,0x00000000,2025-12-14T15:17:25.951Z,2025-12-14T15:17:25.951Z
23,0x000a,0.0408913,0x00000000,2025-12-14T15:17:25.852Z,2025-12-14T15:17:25.852Z
23,0x000a,0.0204456,0x00000000,2025-12-14T15:17:25.951Z,2025-12-14T15:17:25.951Z
22,0x000a,1.92558,0x00000000,2025-12-14T15:17:25.852Z,2025-12-14T15:17:25.852Z
22,0x000a,1.7133,0x00000000,2025-12-14T15:17:25.951Z,2025-12-14T15:17:25.951Z
21,0x000a,1.70432e-06,0x00000000,2025-12-14T15:17:25.852Z,2025-12-14T15:17:25.852Z
21,0x000a,8.52159e-07,0x00000000,2025-12-14T15:17:25.951Z,2025-12-14T15:17:25.951Z
7,0x0004,23362,0x00000000,2025-12-14T15:17:25.852Z,2025-12-14T15:17:25.852Z
7,0x0004,23804,0x00000000,2025-12-14T15:17:25.951Z,2025-12-14T15:17:25.951Z
38,0x000a,1.50102,0x00000000,2025-12-14T15:17:26.052Z,2025-12-14T15:17:26.052Z
36,0x000a,0.0102228,0x00000000,2025-12-14T15:17:26.052Z,2025-12-14T15:17:26.052Z
35,0x000a,1.65598,0x00000000,2025-12-14T15:17:26.052Z,2025-12-14T15:17:26.052Z
34,0x000a,4.26079e-07,0x00000000,2025-12-14T15:17:26.052Z,2025-12-14T15:17:26.052Z
25,0x000a,8.75977,0x00000000,2025-12-14T15:17:26.052Z,2025-12-14T15:17:26.052Z
23,0x000a,0.0102228,0x00000000,2025-12-14T15:17:26.052Z,2025-12-14T15:17:26.052Z
22,0x000a,1.65598,0x00000000,2025-12-14T15:17:26.052Z,2025-12-14T15:17:26.052Z
21,0x000a,4.26079e-07,0x00000000,2025-12-14T15:17:26.052Z,2025-12-14T15:17:26.052Z
15,0x0001,false,0x00000000,2025-12-14T15:17:26.052Z,2025-12-14T15:17:26.052Z
7,0x0004,24219,0x00000000,2025-12-14T15:17:26.052Z,2025-12-14T15:17:26.052Z
38,0x000a,1.89887,0x00000000,2025-12-14T15:17:26.151Z,2025-12-14T15:17:26.151Z
36,0x000a,0.00511141,0x00000000,2025-12-14T15:17:26.151Z,2025-12-14T15:17:26.151Z
35,0x000a,1.5785,0x00000000,2025-12-14T15:17:26.151Z,2025-12-14T15:17:26.151Z
34,0x000a,2.1304e-07,0x00000000,2025-12-14T15:17:26.151Z,2025-12-14T15:17:26.151Z
25,0x000a,8.94965,0x00000000,2025-12-14T15:17:26.151Z,2025-12-14T15:17:26.151Z
23,0x000a,0.00511141,0x00000000,2025-12-14T15:17:26.151Z,2025-12-14T15:17:26.151Z
22,0x000a,1.5785,0x00000000,2025-12-14T15:17:26.151Z,2025-12-14T15:17:26.151Z
21,0x000a,2.1304e-07,0x00000000,2025-12-14T15:17:26.151Z,2025-12-14T15:17:26.151Z
7,0x0004,24744,0x00000000,2025-12-14T15:17:26.151Z,2025-12-14T15:17:26.151Z
38,0x000a,0.600405,0x00000000,2025-12-14T15:17:26.252Z,2025-12-14T15:17:26.252Z
36,0x000a,0.0025557,0x00000000,2025-12-14T15:17:26.252Z,2025-12-14T15:17:26.252Z
35,0x000a,1.73868,0x00000000,2025-12-14T15:17:26.252Z,2025-12-14T15:17:26.252Z
34,0x000a,1.0652e-07,0x00000000,2025-12-14T15:17:26.252Z,2025-12-14T15:17:26.252Z
25,0x000a,9.00969,0x00000000,2025-12-14T15:17:26.252Z,2025-12-14T15:17:26.252Z
23,0x000a,0.0025557,0x00000000,2025-12-14T15:17:26.252Z,2025-12-14T15:17:26.252Z
22,0x000a,1.73868,0x00000000,2025-12-14T15:17:26.252Z,2025-12-14T15:17:26.252Z
21,0x000a,1.0652e-07,0x00000000,2025-12-14T15:17:26.252Z,2025-12-14T15:17:26.252Z
7,0x0004,24910,0x00000000,2025-12-14T15:17:26.252Z,2025-12-14T15:17:26.252Z
38,0x000a,0,0x00000000,2025-12-14T15:17:26.351Z,2025-12-14T15:17:26.351Z
36,0x000a,0.00127785,0x00000000,2025-12-14T15:17:26.351Z,2025-12-14T15:17:26.351Z
35,0x000a,1.16954,0x00000000,2025-12-14T15:17:26.351Z,2025-12-14T15:17:26.351Z
34,0x000a,5.32599e-08,0x00000000,2025-12-14T15:17:26.351Z,2025-12-14T15:17:26.351Z
23,0x000a,0.00127785,0x00000000,2025-12-14T15:17:26.351Z,2025-12-14T15:17:26.351Z
22,0x000a,1.16954,0x00000000,2025-12-14T15:17:26.351Z,2025-12-14T15:17:26.351Z
21,0x000a,5.32599e-08,0x00000000,2025-12-14T15:17:26.351Z,2025-12-14T15:17:26.351Z
36,0x000a,0.000638926,0x00000000,2025-12-14T15:17:26.450Z,2025-12-14T15:17:26.450Z
35,0x000a,0.584772,0x00000000,2025-12-14T15:17:26.450Z,2025-12-14T15:17:26.450Z
34,0x000a,2.663e-08,0x00000000,2025-12-14T15:17:26.450Z,2025-12-14T15:17:26.450Z
23,0x000a,0.000638926,0x00000000,2025-12-14T15:17:26.450Z,2025-12-14T15:17:26.450Z
22,0x000a,0.584772,0x00000000,2025-12-14T15:17:26.450Z,2025-12-14T15:17:26.450Z
21,0x000a,2.663e-08,0x00000000,2025-12-14T15:17:26.450Z,2025-12-14T15:17:26.450Z
42,0x0001,false,0x00000000,2025-12-14T15:17:26.551Z,2025-12-14T15:17:26.551Z
40,0x0001,false,0x00000000,2025-12-14T15:17:26.551Z,2025-12-14T15:17:26.551Z
36,0x000a,0.000319463,0x00000000,2025-12-14T15:17:26.551Z,2025-12-14T15:17:26.551Z
35,0x000a,0.292386,0x00000000,2025-12-14T15:17:26.551Z,2025-12-14T15:17:26.551Z
34,0x000a,1.3315e-08,0x00000000,2025-12-14T15:17:26.551Z,2025-12-14T15:17:26.551Z
23,0x000a,0.000319463,0x00000000,2025-12-14T15:17:26.551Z,2025-12-14T15:17:26.551Z
22,0x000a,0.292386,0x00000000,2025-12-14T15:17:26.551Z,2025-12-14T15:17:26.551Z
21,0x000a,1.3315e-08,0x00000000,2025-12-14T15:17:26.551Z,2025-12-14T15:17:26.551Z
18,0x0001,true,0x00000000,2025-12-14T15:17:26.551Z,2025-12-14T15:17:26.551Z
16,0x0001,true,0x00000000,2025-12-14T15:17:26.551Z,2025-12-14T15:17:26.551Z
14,0x0001,true,0x00000000,2025-12-14T15:17:26.551Z,2025-12-14T15:17:26.551Z
4,0x000a,5,0x00000000,2025-12-14T15:17:26.551Z,2025-12-14T15:17:26.551Z
3,0x000a,5,0x00000000,2025-12-14T15:17:26.551Z,2025-12-14T15:17:26.551Z
2,0x000a,5,0x00000000,2025-12-14T15:17:26.551Z,2025-12-14T15:17:26.551Z
38,0x000a,-0.600405,0x00000000,2025-12-14T15:17:26.749Z,2025-12-14T15:17:26.749Z
37,0x000a,-1.09954,0x00000000,2025-12-14T15:17:26.749Z,2025-12-14T15:17:26.749Z
36,0x000a,0.000159732,0x00000000,2025-12-14T15:17:26.749Z,2025-12-14T15:17:26.749Z
35,0x000a,0.146193,0x00000000,2025-12-14T15:17:26.749Z,2025-12-14T15:17:26.749Z
34,0x000a,6.65749e-09,0x00000000,2025-12-14T15:17:26.749Z,2025-12-14T15:17:26.749Z
25,0x000a,8.94965,0x00000000,2025-12-14T15:17:26.749Z,2025-12-14T15:17:26.749Z
24,0x000a,8.15972,0x00000000,2025-12-14T15:17:26.749Z,2025-12-14T15:17:26.749Z
23,0x000a,0.000159732,0x00000000,2025-12-14T15:17:26.749Z,2025-12-14T15:17:26.749Z
22,0x000a,0.146193,0x00000000,2025-12-14T15:17:26.749Z,2025-12-14T15:17:26.749Z
21,0x000a,6.65749e-09,0x00000000,2025-12-14T15:17:26.749Z,2025-12-14T15:17:26.749Z
7,0x0004,24744,0x00000000,2025-12-14T15:17:26.749Z,2025-12-14T15:17:26.749Z
6,0x0004,22560,0x00000000,2025-12-14T15:17:26.749Z,2025-12-14T15:17:26.749Z
39,0x000a,-2.00015,0x00000000,2025-12-14T15:17:26.851Z,2025-12-14T15:17:26.851Z
38,0x000a,-1.59867,0x00000000,2025-12-14T15:17:26.851Z,2025-12-14T15:17:26.851Z
37,0x000a,-2.69821,0x00000000,2025-12-14T15:17:26.851Z,2025-12-14T15:17:26.851Z
36,0x000a,7.98658e-05,0x00000000,2025-12-14T15:17:26.851Z,2025-12-14T15:17:26.851Z
35,0x000a,-0.227106,0x00000000,2025-12-14T15:17:26.851Z,2025-12-14T15:17:26.851Z
34,0x000a,-0.549769,0x00000000,2025-12-14T15:17:26.851Z,2025-12-14T15:17:26.851Z
26,0x000a,9.79998,0x00000000,2025-12-14T15:17:26.851Z,2025-12-14T15:17:26.851Z
25,0x000a,8.78979,0x00000000,2025-12-14T15:17:26.851Z,2025-12-14T15:17:26.851Z
24,0x000a,7.8899,0x00000000,2025-12-14T15:17:26.851Z,2025-12-14T15:17:26.851Z
23,0x000a,7.98658e-05,0x00000000,2025-12-14T15:17:26.851Z,2025-12-14T15:17:26.851Z
22,0x000a,-0.227106,0x00000000,2025-12-14T15:17:26.851Z,2025-12-14T15:17:26.851Z
21,0x000a,-0.549769,0x00000000,2025-12-14T15:17:26.851Z,2025-12-14T15:17:26.851Z
8,0x0004,27095,0x00000000,2025-12-14T15:17:26.851Z,2025-12-14T15:17:26.851Z
7,0x0004,24302,0x00000000,2025-12-14T15:17:26.851Z,2025-12-14T15:17:26.851Z
6,0x0004,21814,0x00000000,2025-12-14T15:17:26.851Z,2025-12-14T15:17:26.851Z
39,0x000a,-2.50289,0x00000000,2025-12-14T15:17:26.950Z,2025-12-14T15:17:26.950Z
38,0x000a,-1.80121,0x00000000,2025-12-14T15:17:26.950Z,2025-12-14T15:17:26.950Z
37,0x000a,-3.30223,0x00000000,2025-12-14T15:17:26.950Z,2025-12-14T15:17:26.950Z
36,0x000a,-1.00004,0x00000000,2025-12-14T15:17:26.950Z,2025-12-14T15:17:26.950Z
35,0x000a,-0.912889,0x00000000,2025-12-14T15:17:26.950Z,2025-12-14T15:17:26.950Z
34,0x000a,-1.62399,0x00000000,2025-12-14T15:17:26.950Z,2025-12-14T15:17:26.950Z
26,0x000a,9.5497,0x00000000,2025-12-14T15:17:26.950Z,2025-12-14T15:17:26.950Z
25,0x000a,8.60966,0x00000000,2025-12-14T15:17:26.950Z,2025-12-14T15:17:26.950Z
24,0x000a,7.55968,0x00000000,2025-12-14T15:17:26.950Z,2025-12-14T15:17:26.950Z
23,0x000a,-1.00004,0x00000000,2025-12-14T15:17:26.950Z,2025-12-14T15:17:26.950Z
22,0x000a,-0.912889,0x00000000,2025-12-14T15:17:26.950Z,2025-12-14T15:17:26.950Z
21,0x000a,-1.62399,0x00000000,2025-12-14T15:17:26.950Z,2025-12-14T15:17:26.950Z
8,0x0004,26403,0x00000000,2025-12-14T15:17:26.950Z,2025-12-14T15:17:26.950Z
7,0x0004,23804,0x00000000,2025-12-14T15:17:26.950Z,2025-12-14T15:17:26.950Z
6,0x0004,20901,0x00000000,2025-12-14T15:17:26.950Z,2025-12-14T15:17:26.950Z
39,0x000a,-2.19908,0x00000000,2025-12-14T15:17:27.049Z,2025-12-14T15:17:27.049Z
38,0x000a,-1.59866,0x00000000,2025-12-14T15:17:27.049Z,2025-12-14T15:17:27.049Z
37,0x000a,-2.79948,0x00000000,2025-12-14T15:17:27.049Z,2025-12-14T15:17:27.049Z
36,0x000a,-1.75146,0x00000000,2025-12-14T15:17:27.049Z,2025-12-14T15:17:27.049Z
35,0x000a,-1.35705,0x00000000,2025-12-14T15:17:27.049Z,2025-12-14T15:17:27.049Z
34,0x000a,-2.46311,0x00000000,2025-12-14T15:17:27.049Z,2025-12-14T15:17:27.049Z
26,0x000a,9.32979,0x00000000,2025-12-14T15:17:27.049Z,2025-12-14T15:17:27.049Z
25,0x000a,8.4498,0x00000000,2025-12-14T15:17:27.049Z,2025-12-14T15:17:27.049Z
24,0x000a,7.27973,0x00000000,2025-12-14T15:17:27.049Z,2025-12-14T15:17:27.049Z
23,0x000a,-1.75146,0x00000000,2025-12-14T15:17:27.049Z,2025-12-14T15:17:27.049Z
22,0x000a,-1.35705,0x00000000,2025-12-14T15:17:27.049Z,2025-12-14T15:17:27.049Z
21,0x000a,-2.46311,0x00000000,2025-12-14T15:17:27.049Z,2025-12-14T15:17:27.049Z
8,0x0004,25795,0x00000000,2025-12-14T15:17:27.049Z,2025-12-14T15:17:27.049Z
7,0x0004,23362,0x00000000,2025-12-14T15:17:27.049Z,2025-12-14T15:17:27.049Z
6,0x0004,20127,0x00000000,2025-12-14T15:17:27.049Z,2025-12-14T15:17:27.049Z
39,0x000a,-1.69993,0x00000000,2025-12-14T15:17:27.150Z,2025-12-14T15:17:27.150Z
38,0x000a,-1.20081,0x00000000,2025-12-14T15:17:27.150Z,2025-12-14T15:17:27.150Z
37,0x000a,-2.19907,0x00000000,2025-12-14T15:17:27.150Z,2025-12-14T15:17:27.150Z
36,0x000a,-1.97527,0x00000000,2025-12-14T15:17:27.150Z,2025-12-14T15:17:27.150Z
35,0x000a,-1.47786,0x00000000,2025-12-14T15:17:27.150Z,2025-12-14T15:17:27.150Z
34,0x000a,-2.63129,0x00000000,2025-12-14T15:17:27.150Z,2025-12-14T15:17:27.150Z
26,0x000a,9.15979,0x00000000,2025-12-14T15:17:27.150Z,2025-12-14T15:17:27.150Z
25,0x000a,8.32972,0x00000000,2025-12-14T15:17:27.150Z,2025-12-14T15:17:27.150Z
24,0x000a,7.05982,0x00000000,2025-12-14T15:17:27.150Z,2025-12-14T15:17:27.150Z
23,0x000a,-1.97527,0x00000000,2025-12-14T15:17:27.150Z,2025-12-14T15:17:27.150Z
22,0x000a,-1.47786,0x00000000,2025-12-14T15:17:27.150Z,2025-12-14T15:17:27.150Z
21,0x000a,-2.63129,0x00000000,2025-12-14T15:17:27.150Z,2025-12-14T15:17:27.150Z
8,0x0004,25325,0x00000000,2025-12-14T15:17:27.150Z,2025-12-14T15:17:27.150Z
7,0x0004,23030,0x00000000,2025-12-14T15:17:27.150Z,2025-12-14T15:17:27.150Z
6,0x0004,19519,0x00000000,2025-12-14T15:17:27.150Z,2025-12-14T15:17:27.150Z
39,0x000a,-2.49928,0x00000000,2025-12-14T15:17:27.252Z,2025-12-14T15:17:27.252Z
38,0x000a,-1.7976,0x00000000,2025-12-14T15:17:27.252Z,2025-12-14T15:17:27.252Z
37,0x000a,-3.29861,0x00000000,2025-12-14T15:17:27.252Z,2025-12-14T15:17:27.252Z
36,0x000a,-1.8376,0x00000000,2025-12-14T15:17:27.252Z,2025-12-14T15:17:27.252Z
35,0x000a,-1.33933,0x00000000,2025-12-14T15:17:27.252Z,2025-12-14T15:17:27.252Z
34,0x000a,-2.41518,0x00000000,2025-12-14T15:17:27.252Z,2025-12-14T15:17:27.252Z
26,0x000a,8.90987,0x00000000,2025-12-14T15:17:27.252Z,2025-12-14T15:17:27.252Z
25,0x000a,8.14996,0x00000000,2025-12-14T15:17:27.252Z,2025-12-14T15:17:27.252Z
24,0x000a,6.72996,0x00000000,2025-12-14T15:17:27.252Z,2025-12-14T15:17:27.252Z
23,0x000a,-1.8376,0x00000000,2025-12-14T15:17:27.252Z,2025-12-14T15:17:27.252Z
22,0x000a,-1.33933,0x00000000,2025-12-14T15:17:27.252Z,2025-12-14T15:17:27.252Z
21,0x000a,-2.41518,0x00000000,2025-12-14T15:17:27.252Z,2025-12-14T15:17:27.252Z
8,0x0004,24634,0x00000000,2025-12-14T15:17:27.252Z,2025-12-14T15:17:27.252Z
7,0x0004,22533,0x00000000,2025-12-14T15:17:27.252Z,2025-12-14T15:17:27.252Z
6,0x0004,18607,0x00000000,2025-12-14T15:17:27.252Z,2025-12-14T15:17:27.252Z
36,0x000a,-2.16844,0x00000000,2025-12-14T15:17:27.354Z,2025-12-14T15:17:27.354Z
35,0x000a,-1.56847,0x00000000,2025-12-14T15:17:27.354Z,2025-12-14T15:17:27.354Z
34,0x000a,-2.8569,0x00000000,2025-12-14T15:17:27.354Z,2025-12-14T15:17:27.354Z
26,0x000a,8.68996,0x00000000,2025-12-14T15:17:27.354Z,2025-12-14T15:17:27.354Z
25,0x000a,7.98973,0x00000000,2025-12-14T15:17:27.354Z,2025-12-14T15:17:27.354Z
24,0x000a,6.44965,0x00000000,2025-12-14T15:17:27.354Z,2025-12-14T15:17:27.354Z
23,0x000a,-2.16844,0x00000000,2025-12-14T15:17:27.354Z,2025-12-14T15:17:27.354Z
22,0x000a,-1.56847,0x00000000,2025-12-14T15:17:27.354Z,2025-12-14T15:17:27.354Z
21,0x000a,-2.8569,0x00000000,2025-12-14T15:17:27.354Z,2025-12-14T15:17:27.354Z
8,0x0004,24026,0x00000000,2025-12-14T15:17:27.354Z,2025-12-14T15:17:27.354Z
7,0x0004,22090,0x00000000,2025-12-14T15:17:27.354Z,2025-12-14T15:17:27.354Z
6,0x0004,17832,0x00000000,2025-12-14T15:17:27.354Z,2025-12-14T15:17:27.354Z
39,0x000a,-2.19907,0x00000000,2025-12-14T15:17:27.452Z,2025-12-14T15:17:27.452Z
38,0x000a,-1.60229,0x00000000,2025-12-14T15:17:27.452Z,2025-12-14T15:17:27.452Z
37,0x000a,-2.8031,0x00000000,2025-12-14T15:17:27.452Z,2025-12-14T15:17:27.452Z
26,0x000a,8.47982,0x00000000,2025-12-14T15:17:27.452Z,2025-12-14T15:17:27.452Z
25,0x000a,7.83999,0x00000000,2025-12-14T15:17:27.452Z,2025-12-14T15:17:27.452Z
24,0x000a,6.17983,0x00000000,2025-12-14T15:17:27.452Z,2025-12-14T15:17:27.452Z
8,0x0004,23445,0x00000000,2025-12-14T15:17:27.452Z,2025-12-14T15:17:27.452Z
7,0x0004,21676,0x00000000,2025-12-14T15:17:27.452Z,2025-12-14T15:17:27.452Z
6,0x0004,17086,0x00000000,2025-12-14T15:17:27.452Z,2025-12-14T15:17:27.452Z
39,0x000a,-2.10142,0x00000000,2025-12-14T15:17:27.552Z,2025-12-14T15:17:27.552Z
38,0x000a,-1.4974,0x00000000,2025-12-14T15:17:27.552Z,2025-12-14T15:17:27.552Z
37,0x000a,-2.69821,0x00000000,2025-12-14T15:17:27.552Z,2025-12-14T15:17:27.552Z
36,0x000a,-2.18376,0x00000000,2025-12-14T15:17:27.552Z,2025-12-14T15:17:27.552Z
35,0x000a,-1.58538,0x00000000,2025-12-14T15:17:27.552Z,2025-12-14T15:17:27.552Z
34,0x000a,-2.83,0x00000000,2025-12-14T15:17:27.552Z,2025-12-14T15:17:27.552Z
26,0x000a,8.26968,0x00000000,2025-12-14T15:17:27.552Z,2025-12-14T15:17:27.552Z
25,0x000a,7.68989,0x00000000,2025-12-14T15:17:27.552Z,2025-12-14T15:17:27.552Z
24,0x000a,5.89988,0x00000000,2025-12-14T15:17:27.552Z,2025-12-14T15:17:27.552Z
23,0x000a,-2.18376,0x00000000,2025-12-14T15:17:27.552Z,2025-12-14T15:17:27.552Z
22,0x000a,-1.58538,0x00000000,2025-12-14T15:17:27.552Z,2025-12-14T15:17:27.552Z
21,0x000a,-2.83,0x00000000,2025-12-14T15:17:27.552Z,2025-12-14T15:17:27.552Z
8,0x0004,22864,0x00000000,2025-12-14T15:17:27.552Z,2025-12-14T15:17:27.552Z
7,0x0004,21261,0x00000000,2025-12-14T15:17:27.552Z,2025-12-14T15:17:27.552Z
6,0x0004,16312,0x00000000,2025-12-14T15:17:27.552Z,2025-12-14T15:17:27.552Z
39,0x000a,-2.10141,0x00000000,2025-12-14T15:17:27.651Z,2025-12-14T15:17:27.651Z
39,0x000a,-2.19908,0x00000000,2025-12-14T15:17:27.751Z,2025-12-14T15:17:27.751Z
38,0x000a,-1.50101,0x00000000,2025-12-14T15:17:27.651Z,2025-12-14T15:17:27.651Z
38,0x000a,-1.60229,0x00000000,2025-12-14T15:17:27.751Z,2025-12-14T15:17:27.751Z
37,0x000a,-2.79948,0x00000000,2025-12-14T15:17:27.651Z,2025-12-14T15:17:27.651Z
36,0x000a,-2.14259,0x00000000,2025-12-14T15:17:27.651Z,2025-12-14T15:17:27.651Z
36,0x000a,-2.122,0x00000000,2025-12-14T15:17:27.751Z,2025-12-14T15:17:27.751Z
35,0x000a,-1.54139,0x00000000,2025-12-14T15:17:27.651Z,2025-12-14T15:17:27.651Z
35,0x000a,-1.5212,0x00000000,2025-12-14T15:17:27.751Z,2025-12-14T15:17:27.751Z
34,0x000a,-2.7641,0x00000000,2025-12-14T15:17:27.651Z,2025-12-14T15:17:27.651Z
34,0x000a,-2.78179,0x00000000,2025-12-14T15:17:27.751Z,2025-12-14T15:17:27.751Z
26,0x000a,8.04977,0x00000000,2025-12-14T15:17:27.651Z,2025-12-14T15:17:27.651Z
26,0x000a,7.79984,0x00000000,2025-12-14T15:17:27.751Z,2025-12-14T15:17:27.751Z
25,0x000a,7.52966,0x00000000,2025-12-14T15:17:27.651Z,2025-12-14T15:17:27.651Z
25,0x000a,7.3499,0x00000000,2025-12-14T15:17:27.751Z,2025-12-14T15:17:27.751Z
24,0x000a,5.61994,0x00000000,2025-12-14T15:17:27.651Z,2025-12-14T15:17:27.651Z
24,0x000a,5.28971,0x00000000,2025-12-14T15:17:27.751Z,2025-12-14T15:17:27.751Z
23,0x000a,-2.14259,0x00000000,2025-12-14T15:17:27.651Z,2025-12-14T15:17:27.651Z
23,0x000a,-2.122,0x00000000,2025-12-14T15:17:27.751Z,2025-12-14T15:17:27.751Z
22,0x000a,-1.54139,0x00000000,2025-12-14T15:17:27.651Z,2025-12-14T15:17:27.651Z
22,0x000a,-1.5212,0x00000000,2025-12-14T15:17:27.751Z,2025-12-14T15:17:27.751Z
21,0x000a,-2.7641,0x00000000,2025-12-14T15:17:27.651Z,2025-12-14T15:17:27.651Z
21,0x000a,-2.78179,0x00000000,2025-12-14T15:17:27.751Z,2025-12-14T15:17:27.751Z
14,0x0001,false,0x00000000,2025-12-14T15:17:27.751Z,2025-12-14T15:17:27.751Z
8,0x0004,22256,0x00000000,2025-12-14T15:17:27.651Z,2025-12-14T15:17:27.651Z
8,0x0004,21565,0x00000000,2025-12-14T15:17:27.751Z,2025-12-14T15:17:27.751Z
7,0x0004,20818,0x00000000,2025-12-14T15:17:27.651Z,2025-12-14T15:17:27.651Z
7,0x0004,20321,0x00000000,2025-12-14T15:17:27.751Z,2025-12-14T15:17:27.751Z
6,0x0004,15538,0x00000000,2025-12-14T15:17:27.651Z,2025-12-14T15:17:27.651Z
6,0x0004,14625,0x00000000,2025-12-14T15:17:27.751Z,2025-12-14T15:17:27.751Z
39,0x000a,-4.69835,0x00000000,2025-12-14T15:17:27.851Z,2025-12-14T15:17:27.851Z
38,0x000a,-3.29861,0x00000000,2025-12-14T15:17:27.851Z,2025-12-14T15:17:27.851Z
37,0x000a,-6.00044,0x00000000,2025-12-14T15:17:27.851Z,2025-12-14T15:17:27.851Z
36,0x000a,-2.16054,0x00000000,2025-12-14T15:17:27.851Z,2025-12-14T15:17:27.851Z
35,0x000a,-1.56174,0x00000000,2025-12-14T15:17:27.851Z,2025-12-14T15:17:27.851Z
34,0x000a,-2.79063,0x00000000,2025-12-14T15:17:27.851Z,2025-12-14T15:17:27.851Z
26,0x000a,7.57993,0x00000000,2025-12-14T15:17:27.851Z,2025-12-14T15:17:27.851Z
25,0x000a,7.1998,0x00000000,2025-12-14T15:17:27.851Z,2025-12-14T15:17:27.851Z
24,0x000a,5.01989,0x00000000,2025-12-14T15:17:27.851Z,2025-12-14T15:17:27.851Z
23,0x000a,-2.16054,0x00000000,2025-12-14T15:17:27.851Z,2025-12-14T15:17:27.851Z
22,0x000a,-1.56174,0x00000000,2025-12-14T15:17:27.851Z,2025-12-14T15:17:27.851Z
21,0x000a,-2.79063,0x00000000,2025-12-14T15:17:27.851Z,2025-12-14T15:17:27.851Z
8,0x0004,20957,0x00000000,2025-12-14T15:17:27.851Z,2025-12-14T15:17:27.851Z
7,0x0004,19906,0x00000000,2025-12-14T15:17:27.851Z,2025-12-14T15:17:27.851Z
6,0x0004,13879,0x00000000,2025-12-14T15:17:27.851Z,2025-12-14T15:17:27.851Z
39,0x000a,-2.10142,0x00000000,2025-12-14T15:17:27.953Z,2025-12-14T15:17:27.953Z
38,0x000a,-1.59867,0x00000000,2025-12-14T15:17:27.953Z,2025-12-14T15:17:27.953Z
37,0x000a,-1.09953,0x00000000,2025-12-14T15:17:27.953Z,2025-12-14T15:17:27.953Z
36,0x000a,-3.42945,0x00000000,2025-12-14T15:17:27.953Z,2025-12-14T15:17:27.953Z
35,0x000a,-2.43018,0x00000000,2025-12-14T15:17:27.953Z,2025-12-14T15:17:27.953Z
34,0x000a,-4.39554,0x00000000,2025-12-14T15:17:27.953Z,2025-12-14T15:17:27.953Z
26,0x000a,7.36979,0x00000000,2025-12-14T15:17:27.953Z,2025-12-14T15:17:27.953Z
25,0x000a,7.03993,0x00000000,2025-12-14T15:17:27.953Z,2025-12-14T15:17:27.953Z
24,0x000a,4.90994,0x00000000,2025-12-14T15:17:27.953Z,2025-12-14T15:17:27.953Z
23,0x000a,-3.42945,0x00000000,2025-12-14T15:17:27.953Z,2025-12-14T15:17:27.953Z
22,0x000a,-2.43018,0x00000000,2025-12-14T15:17:27.953Z,2025-12-14T15:17:27.953Z
21,0x000a,-4.39554,0x00000000,2025-12-14T15:17:27.953Z,2025-12-14T15:17:27.953Z
8,0x0004,20376,0x00000000,2025-12-14T15:17:27.953Z,2025-12-14T15:17:27.953Z
7,0x0004,19464,0x00000000,2025-12-14T15:17:27.953Z,2025-12-14T15:17:27.953Z
6,0x0004,13575,0x00000000,2025-12-14T15:17:27.953Z,2025-12-14T15:17:27.953Z
38,0x000a,-1.50101,0x00000000,2025-12-14T15:17:28.052Z,2025-12-14T15:17:28.052Z
37,0x000a,0,0x00000000,2025-12-14T15:17:28.052Z,2025-12-14T15:17:28.052Z
36,0x000a,-2.76543,0x00000000,2025-12-14T15:17:28.052Z,2025-12-14T15:17:28.052Z
35,0x000a,-2.01442,0x00000000,2025-12-14T15:17:28.052Z,2025-12-14T15:17:28.052Z
34,0x000a,-2.74753,0x00000000,2025-12-14T15:17:28.052Z,2025-12-14T15:17:28.052Z
26,0x000a,7.15965,0x00000000,2025-12-14T15:17:28.052Z,2025-12-14T15:17:28.052Z
25,0x000a,6.88983,0x00000000,2025-12-14T15:17:28.052Z,2025-12-14T15:17:28.052Z
23,0x000a,-2.76543,0x00000000,2025-12-14T15:17:28.052Z,2025-12-14T15:17:28.052Z
22,0x000a,-2.01442,0x00000000,2025-12-14T15:17:28.052Z,2025-12-14T15:17:28.052Z
21,0x000a,-2.74753,0x00000000,2025-12-14T15:17:28.052Z,2025-12-14T15:17:28.052Z
8,0x0004,19795,0x00000000,2025-12-14T15:17:28.052Z,2025-12-14T15:17:28.052Z
7,0x0004,19049,0x00000000,2025-12-14T15:17:28.052Z,2025-12-14T15:17:28.052Z
39,0x000a,-2.0978,0x00000000,2025-12-14T15:17:28.152Z,2025-12-14T15:17:28.152Z
36,0x000a,-2.43342,0x00000000,2025-12-14T15:17:28.152Z,2025-12-14T15:17:28.152Z
35,0x000a,-1.75772,0x00000000,2025-12-14T15:17:28.152Z,2025-12-14T15:17:28.152Z
34,0x000a,-1.37377,0x00000000,2025-12-14T15:17:28.152Z,2025-12-14T15:17:28.152Z
26,0x000a,6.94987,0x00000000,2025-12-14T15:17:28.152Z,2025-12-14T15:17:28.152Z
25,0x000a,6.73973,0x00000000,2025-12-14T15:17:28.152Z,2025-12-14T15:17:28.152Z
23,0x000a,-2.43342,0x00000000,2025-12-14T15:17:28.152Z,2025-12-14T15:17:28.152Z
22,0x000a,-1.75772,0x00000000,2025-12-14T15:17:28.152Z,2025-12-14T15:17:28.152Z
21,0x000a,-1.37377,0x00000000,2025-12-14T15:17:28.152Z,2025-12-14T15:17:28.152Z
8,0x0004,19215,0x00000000,2025-12-14T15:17:28.152Z,2025-12-14T15:17:28.152Z
7,0x0004,18634,0x00000000,2025-12-14T15:17:28.152Z,2025-12-14T15:17:28.152Z
40,0x0001,true,0x00000000,2025-12-14T15:17:28.251Z,2025-12-14T15:17:28.251Z
36,0x000a,-2.26561,0x00000000,2025-12-14T15:17:28.251Z,2025-12-14T15:17:28.251Z
35,0x000a,-1.62936,0x00000000,2025-12-14T15:17:28.251Z,2025-12-14T15:17:28.251Z
34,0x000a,-0.686884,0x00000000,2025-12-14T15:17:28.251Z,2025-12-14T15:17:28.251Z
26,0x000a,6.72996,0x00000000,2025-12-14T15:17:28.251Z,2025-12-14T15:17:28.251Z
25,0x000a,6.57986,0x00000000,2025-12-14T15:17:28.251Z,2025-12-14T15:17:28.251Z
23,0x000a,-2.26561,0x00000000,2025-12-14T15:17:28.251Z,2025-12-14T15:17:28.251Z
22,0x000a,-1.62936,0x00000000,2025-12-14T15:17:28.251Z,2025-12-14T15:17:28.251Z
21,0x000a,-0.686884,0x00000000,2025-12-14T15:17:28.251Z,2025-12-14T15:17:28.251Z
8,0x0004,18607,0x00000000,2025-12-14T15:17:28.251Z,2025-12-14T15:17:28.251Z
7,0x0004,18192,0x00000000,2025-12-14T15:17:28.251Z,2025-12-14T15:17:28.251Z
39,0x000a,-2.19907,0x00000000,2025-12-14T15:17:28.352Z,2025-12-14T15:17:28.352Z
38,0x000a,-1.59867,0x00000000,2025-12-14T15:17:28.352Z,2025-12-14T15:17:28.352Z
26,0x000a,6.51982,0x00000000,2025-12-14T15:17:28.352Z,2025-12-14T15:17:28.352Z
25,0x000a,6.42976,0x00000000,2025-12-14T15:17:28.352Z,2025-12-14T15:17:28.352Z
8,0x0004,18026,0x00000000,2025-12-14T15:17:28.352Z,2025-12-14T15:17:28.352Z
7,0x0004,17777,0x00000000,2025-12-14T15:17:28.352Z,2025-12-14T15:17:28.352Z
39,0x000a,-2.10142,0x00000000,2025-12-14T15:17:28.453Z,2025-12-14T15:17:28.453Z
38,0x000a,-1.50102,0x00000000,2025-12-14T15:17:28.453Z,2025-12-14T15:17:28.453Z
36,0x000a,-2.23234,0x00000000,2025-12-14T15:17:28.453Z,2025-12-14T15:17:28.453Z
35,0x000a,-1.61402,0x00000000,2025-12-14T15:17:28.453Z,2025-12-14T15:17:28.453Z
34,0x000a,-0.343442,0x00000000,2025-12-14T15:17:28.453Z,2025-12-14T15:17:28.453Z
26,0x000a,6.30968,0x00000000,2025-12-14T15:17:28.453Z,2025-12-14T15:17:28.453Z
25,0x000a,6.27966,0x00000000,2025-12-14T15:17:28.453Z,2025-12-14T15:17:28.453Z
23,0x000a,-2.23234,0x00000000,2025-12-14T15:17:28.453Z,2025-12-14T15:17:28.453Z
22,0x000a,-1.61402,0x00000000,2025-12-14T15:17:28.453Z,2025-12-14T15:17:28.453Z
21,0x000a,-0.343442,0x00000000,2025-12-14T15:17:28.453Z,2025-12-14T15:17:28.453Z
8,0x0004,17445,0x00000000,2025-12-14T15:17:28.453Z,2025-12-14T15:17:28.453Z
7,0x0004,17362,0x00000000,2025-12-14T15:17:28.453Z,2025-12-14T15:17:28.453Z
39,0x000a,-2.10142,0x00000000,2025-12-14T15:17:28.552Z,2025-12-14T15:17:28.552Z
38,0x000a,-1.50101,0x00000000,2025-12-14T15:17:28.552Z,2025-12-14T15:17:28.552Z
36,0x000a,-2.16688,0x00000000,2025-12-14T15:17:28.552Z,2025-12-14T15:17:28.552Z
35,0x000a,-1.55752,0x00000000,2025-12-14T15:17:28.552Z,2025-12-14T15:17:28.552Z
34,0x000a,-0.171721,0x00000000,2025-12-14T15:17:28.552Z,2025-12-14T15:17:28.552Z
26,0x000a,6.08977,0x00000000,2025-12-14T15:17:28.552Z,2025-12-14T15:17:28.552Z
25,0x000a,6.11979,0x00000000,2025-12-14T15:17:28.552Z,2025-12-14T15:17:28.552Z
23,0x000a,-2.16688,0x00000000,2025-12-14T15:17:28.552Z,2025-12-14T15:17:28.552Z
22,0x000a,-1.55752,0x00000000,2025-12-14T15:17:28.552Z,2025-12-14T15:17:28.552Z
21,0x000a,-0.171721,0x00000000,2025-12-14T15:17:28.552Z,2025-12-14T15:17:28.552Z
8,0x0004,16837,0x00000000,2025-12-14T15:17:28.552Z,2025-12-14T15:17:28.552Z
7,0x0004,16920,0x00000000,2025-12-14T15:17:28.552Z,2025-12-14T15:17:28.552Z
39,0x000a,-2.19907,0x00000000,2025-12-14T15:17:28.651Z,2025-12-14T15:17:28.651Z
38,0x000a,-1.59867,0x00000000,2025-12-14T15:17:28.651Z,2025-12-14T15:17:28.651Z
36,0x000a,-2.13415,0x00000000,2025-12-14T15:17:28.651Z,2025-12-14T15:17:28.651Z
35,0x000a,-1.52926,0x00000000,2025-12-14T15:17:28.651Z,2025-12-14T15:17:28.651Z
34,0x000a,-0.0858605,0x00000000,2025-12-14T15:17:28.651Z,2025-12-14T15:17:28.651Z
26,0x000a,5.83984,0x00000000,2025-12-14T15:17:28.651Z,2025-12-14T15:17:28.651Z
25,0x000a,5.93967,0x00000000,2025-12-14T15:17:28.651Z,2025-12-14T15:17:28.651Z
23,0x000a,-2.13415,0x00000000,2025-12-14T15:17:28.651Z,2025-12-14T15:17:28.651Z
22,0x000a,-1.52926,0x00000000,2025-12-14T15:17:28.651Z,2025-12-14T15:17:28.651Z
21,0x000a,-0.0858605,0x00000000,2025-12-14T15:17:28.651Z,2025-12-14T15:17:28.651Z
8,0x0004,16146,0x00000000,2025-12-14T15:17:28.651Z,2025-12-14T15:17:28.651Z
7,0x0004,16422,0x00000000,2025-12-14T15:17:28.651Z,2025-12-14T15:17:28.651Z
39,0x000a,-2.49928,0x00000000,2025-12-14T15:17:28.751Z,2025-12-14T15:17:28.751Z
38,0x000a,-1.80121,0x00000000,2025-12-14T15:17:28.751Z,2025-12-14T15:17:28.751Z
36,0x000a,-2.16661,0x00000000,2025-12-14T15:17:28.751Z,2025-12-14T15:17:28.751Z
35,0x000a,-1.56397,0x00000000,2025-12-14T15:17:28.751Z,2025-12-14T15:17:28.751Z
34,0x000a,-0.0429302,0x00000000,2025-12-14T15:17:28.751Z,2025-12-14T15:17:28.751Z
26,0x000a,5.61994,0x00000000,2025-12-14T15:17:28.751Z,2025-12-14T15:17:28.751Z
25,0x000a,5.78993,0x00000000,2025-12-14T15:17:28.751Z,2025-12-14T15:17:28.751Z
23,0x000a,-2.16661,0x00000000,2025-12-14T15:17:28.751Z,2025-12-14T15:17:28.751Z
22,0x000a,-1.56397,0x00000000,2025-12-14T15:17:28.751Z,2025-12-14T15:17:28.751Z
21,0x000a,-0.0429302,0x00000000,2025-12-14T15:17:28.751Z,2025-12-14T15:17:28.751Z
8,0x0004,15538,0x00000000,2025-12-14T15:17:28.751Z,2025-12-14T15:17:28.751Z
7,0x0004,16008,0x00000000,2025-12-14T15:17:28.751Z,2025-12-14T15:17:28.751Z
39,0x000a,-2.19907,0x00000000,2025-12-14T15:17:28.850Z,2025-12-14T15:17:28.850Z
38,0x000a,-1.4974,0x00000000,2025-12-14T15:17:28.850Z,2025-12-14T15:17:28.850Z
36,0x000a,-2.33294,0x00000000,2025-12-14T15:17:28.850Z,2025-12-14T15:17:28.850Z
35,0x000a,-1.68259,0x00000000,2025-12-14T15:17:28.850Z,2025-12-14T15:17:28.850Z
34,0x000a,-0.0214651,0x00000000,2025-12-14T15:17:28.850Z,2025-12-14T15:17:28.850Z
26,0x000a,5.40979,0x00000000,2025-12-14T15:17:28.850Z,2025-12-14T15:17:28.850Z
25,0x000a,5.6297,0x00000000,2025-12-14T15:17:28.850Z,2025-12-14T15:17:28.850Z
23,0x000a,-2.33294,0x00000000,2025-12-14T15:17:28.850Z,2025-12-14T15:17:28.850Z
22,0x000a,-1.68259,0x00000000,2025-12-14T15:17:28.850Z,2025-12-14T15:17:28.850Z
21,0x000a,-0.0214651,0x00000000,2025-12-14T15:17:28.850Z,2025-12-14T15:17:28.850Z
8,0x0004,14957,0x00000000,2025-12-14T15:17:28.850Z,2025-12-14T15:17:28.850Z
7,0x0004,15565,0x00000000,2025-12-14T15:17:28.850Z,2025-12-14T15:17:28.850Z
39,0x000a,-4.20284,0x00000000,2025-12-14T15:17:28.951Z,2025-12-14T15:17:28.951Z
38,0x000a,-3.09968,0x00000000,2025-12-14T15:17:28.951Z,2025-12-14T15:17:28.951Z
36,0x000a,-2.26601,0x00000000,2025-12-14T15:17:28.951Z,2025-12-14T15:17:28.951Z
35,0x000a,-1.58999,0x00000000,2025-12-14T15:17:28.951Z,2025-12-14T15:17:28.951Z
34,0x000a,-0.0107326,0x00000000,2025-12-14T15:17:28.951Z,2025-12-14T15:17:28.951Z
26,0x000a,5.19965,0x00000000,2025-12-14T15:17:28.951Z,2025-12-14T15:17:28.951Z
25,0x000a,5.47996,0x00000000,2025-12-14T15:17:28.951Z,2025-12-14T15:17:28.951Z
23,0x000a,-2.26601,0x00000000,2025-12-14T15:17:28.951Z,2025-12-14T15:17:28.951Z
22,0x000a,-1.58999,0x00000000,2025-12-14T15:17:28.951Z,2025-12-14T15:17:28.951Z
21,0x000a,-0.0107326,0x00000000,2025-12-14T15:17:28.951Z,2025-12-14T15:17:28.951Z
18,0x0001,false,0x00000000,2025-12-14T15:17:28.951Z,2025-12-14T15:17:28.951Z
8,0x0004,14376,0x00000000,2025-12-14T15:17:28.951Z,2025-12-14T15:17:28.951Z
7,0x0004,15151,0x00000000,2025-12-14T15:17:28.951Z,2025-12-14T15:17:28.951Z
39,0x000a,-2.19907,0x00000000,2025-12-14T15:17:29.052Z,2025-12-14T15:17:29.052Z
38,0x000a,-1.50101,0x00000000,2025-12-14T15:17:29.052Z,2025-12-14T15:17:29.052Z
36,0x000a,-3.23442,0x00000000,2025-12-14T15:17:29.052Z,2025-12-14T15:17:29.052Z
35,0x000a,-2.34484,0x00000000,2025-12-14T15:17:29.052Z,2025-12-14T15:17:29.052Z
34,0x000a,-0.00536628,0x00000000,2025-12-14T15:17:29.052Z,2025-12-14T15:17:29.052Z
26,0x000a,4.97975,0x00000000,2025-12-14T15:17:29.052Z,2025-12-14T15:17:29.052Z
25,0x000a,5.32986,0x00000000,2025-12-14T15:17:29.052Z,2025-12-14T15:17:29.052Z
23,0x000a,-3.23442,0x00000000,2025-12-14T15:17:29.052Z,2025-12-14T15:17:29.052Z
22,0x000a,-2.34484,0x00000000,2025-12-14T15:17:29.052Z,2025-12-14T15:17:29.052Z
21,0x000a,-0.00536628,0x00000000,2025-12-14T15:17:29.052Z,2025-12-14T15:17:29.052Z
8,0x0004,13768,0x00000000,2025-12-14T15:17:29.052Z,2025-12-14T15:17:29.052Z
7,0x0004,14736,0x00000000,2025-12-14T15:17:29.052Z,2025-12-14T15:17:29.052Z
26,0x000a,4.85966,0x00000000,2025-12-14T15:17:29.149Z,2025-12-14T15:17:29.149Z
25,0x000a,5.16999,0x00000000,2025-12-14T15:17:29.149Z,2025-12-14T15:17:29.149Z
16,0x0001,false,0x00000000,2025-12-14T15:17:29.149Z,2025-12-14T15:17:29.149Z
8,0x0004,13436,0x00000000,2025-12-14T15:17:29.149Z,2025-12-14T15:17:29.149Z
7,0x0004,14294,0x00000000,2025-12-14T15:17:29.149Z,2025-12-14T15:17:29.149Z
39,0x000a,-1.20081,0x00000000,2025-12-14T15:17:29.253Z,2025-12-14T15:17:29.253Z
