SourceTimeStamp,AVG_SPEED,JOB_DONE,x_bwd,x_disturbance,x_done,x_filt_speed,x_fwd,x_pos,x_pos_AI,x_sp_pos,x_speed,y_bwd,y_disturbance,y_done,y_filt_speed,y_fwd,y_pos,y_pos_AI,y_sp_pos,y_speed,z_disturbance,z_done,z_dwn,z_filt_speed,z_pos,z_pos_AI,z_sp_pos,z_speed,z_up,client_id,has_fault
2025-12-14 15:09:51.692000+00:00,,,,,,-0.00215,,,,,,,,,-2.32458,,,13906.0,,,,,,-2.779,,,,,,A,1
2025-12-14 15:09:51.793000+00:00,,,,,,,,,,,,,,,,,,13741.0,,,,,,,,,,,,A,1
2025-12-14 15:09:51.891000+00:00,-1.3895,,,,,-0.00107,,,,,,,,,-2.0629,,,,,-0.59679,,1.0,,-1.3895,,,,,,A,1
2025-12-14 15:09:51.992000+00:00,-0.69475,,,,,-0.00054,,,,,,,,,-1.32984,,,,,0.0,,,,-0.69475,,,,,,A,1
2025-12-14 15:09:52.090000+00:00,-0.34738,,,,,-0.00027,,,,,,,,,-0.66492,,,,,,,,,-0.34738,,,,,,A,1
2025-12-14 15:09:52.192000+00:00,-0.17369,,1.0,,0.0,-0.00013,,,,0.0,,1.0,,,-0.33246,,,,0.0,,,0.0,1.0,-0.17369,,,0.0,,,A,1
2025-12-14 15:09:52.289000+00:00,-0.08684,,,,,-7e-05,,,,,,,,,-0.16623,,,,,,,,,-0.08684,,,,,,A,1
2025-12-14 15:09:52.390000+00:00,-0.04342,,,,,-3e-05,,4.74971,13132.0,,-1.09954,,,,-0.08312,,4.95985,13713.0,,-0.10128,,,,-0.04342,4.76997,13188.0,,-0.3002,,A,1
2025-12-14 15:09:52.491000+00:00,-0.17181,,,,,-0.54979,,4.41985,12220.0,,-3.29861,,,,-0.0922,,,,,0.0,,,,-0.17181,4.50991,12469.0,,-2.60055,,A,1
2025-12-14 15:09:52.589000+00:00,,,,,,,,4.1399,11446.0,,,,,,,,,,,,,,,,4.29977,11888.0,,,,A,1
2025-12-14 15:09:52.692000+00:00,-1.38618,,,,,-1.9242,,3.86972,10699.0,,-2.79948,,,,-0.0461,,4.94973,13685.0,,,,,,-1.38618,4.08999,11308.0,,-2.10142,,A,1
2025-12-14 15:09:52.791000+00:00,-1.7438,,,,,-2.36184,,3.58977,9925.0,,-5.5013,,,,-0.02305,,,,,-0.10127,,,,-1.7438,3.86972,10699.0,,-4.30049,,A,1
2025-12-14 15:09:52.891000+00:00,-3.02215,,,,,-3.93157,,3.30982,9151.0,,-2.79948,,,,-0.06216,,,,,0.0,,,,-3.02215,3.65994,10119.0,,-2.0978,,A,1
2025-12-14 15:09:52.992000+00:00,-2.55997,,,,,-3.36552,,3.03964,8404.0,,-2.70182,,,,-0.03108,,4.93996,13658.0,,-0.09766,,,,-2.55997,3.4498,9538.0,,-2.10142,,A,1
2025-12-14 15:09:53.091000+00:00,-2.3307,,,,,-3.03367,,2.75969,7630.0,,-2.79948,,,,-0.06437,,,,,0.0,,,,-2.3307,3.22989,8930.0,,-2.19907,,A,1
2025-12-14 15:09:53.192000+00:00,-2.26488,,,,,-2.91658,,2.48987,6884.0,,-2.6982,,,,-0.03218,,,,,,,,,-2.26488,3.01975,8349.0,,-2.10142,,A,1
2025-12-14 15:09:53.291000+00:00,-2.18315,,,,,-2.80739,,2.14988,5944.0,,-3.39988,,,,-0.01609,,4.92983,13630.0,,-0.10128,,,,-2.18315,2.75969,7630.0,,-2.60055,,A,1
2025-12-14 15:09:53.390000+00:00,-2.39185,,,,,-3.10364,,1.8797,5197.0,,,,,,-0.05868,,,,,,,,,-2.39185,2.54991,7050.0,,,,A,1
2025-12-14 15:09:53.492000+00:00,,,,,,,,1.59975,4423.0,,-2.70182,,,,,,4.9197,13602.0,,0.0,,,,,2.33977,6469.0,,-2.0978,,A,1
2025-12-14 15:09:53.591000+00:00,-2.24483,,,,,-2.90273,,1.32993,3677.0,,-2.79948,,,,-0.02934,,,,,-0.10127,,,,-2.24483,2.12999,5889.0,,-2.10142,,A,1
2025-12-14 15:09:53.691000+00:00,-2.17312,,,,,-2.8511,,1.04999,2903.0,,-2.69821,,,,-0.06531,,,,,0.0,,,,-2.17312,1.90972,5280.0,,-2.0978,,A,1
2025-12-14 15:09:53.793000+00:00,-2.13546,,,,,-2.77466,,0.71976,1990.0,,-2.79948,,,,-0.03265,,4.90994,13575.0,,,,,,-2.13546,1.65979,4589.0,,-2.20269,,A,1
2025-12-14 15:09:53.890000+00:00,-2.16908,,,,,-2.78707,,0.43982,1216.0,,-6.10171,,,,-0.01633,,,,,-0.09766,,,,-2.16908,1.43989,3981.0,,-4.69835,,A,1
2025-12-14 15:09:53.993000+00:00,-3.43371,,0.0,,,-4.44439,,0.16999,470.0,,-2.69821,,,,-0.05699,,,,,0.0,,,,-3.43371,1.22975,3400.0,,-2.10142,,A,1
2025-12-14 15:09:54.092000+00:00,-2.76757,,,,,-3.5713,,0.0,0.0,,-1.69994,,0.0,,-0.0285,,4.89981,13547.0,,-0.10128,,,,-2.76757,1.01997,2820.0,,-2.0978,,A,1
2025-12-14 15:09:54.190000+00:00,-2.43268,,,,,-2.63562,,,,,,,,,-0.06489,,4.86979,13464.0,,,,,,-2.43268,0.7997,2211.0,,,,A,1
2025-12-14 15:09:54.290000+00:00,,,,,,,,,,,0.0,,,,,,4.70992,13022.0,,-0.3002,,,,,0.58992,1631.0,,-2.20269,,A,1
2025-12-14 15:09:54.390000+00:00,-2.31769,,,,,-1.31781,,,,,,,,,-0.18254,,4.5298,12524.0,,-1.59867,,,,-2.31769,0.32986,912.0,,-2.0978,,A,1
2025-12-14 15:09:54.491000+00:00,-2.20774,,,,1.0,-0.6589,,,,,,,,,-0.89061,,4.3797,12109.0,,-1.80121,,,0.0,-2.20774,0.11972,331.0,,-2.60055,,A,1
2025-12-14 15:09:54.590000+00:00,-2.40415,,,,,-0.32945,,,,,,,,,-1.34591,,4.21983,11667.0,,-1.50101,,,,-2.40415,0.0,0.0,,-2.10142,,A,1
2025-12-14 15:09:54.690000+00:00,-2.25278,,,,,-0.16473,,,,,,,,,-1.42346,,4.06973,11252.0,,-1.59867,,,,-2.25278,,,,-1.19719,,A,1
2025-12-14 15:09:54.790000+00:00,-1.72499,,,,,-0.08236,,,,,,,,,-1.51107,,,10755.0,,-1.50101,,,,-1.72499,,,,0.0,,A,1
2025-12-14 15:09:54.890000+00:00,-0.86249,,,,,-0.04118,,,,,,,,,-1.50604,,3.88997,,,-1.7976,,,,-0.86249,,,,,,A,1
2025-12-14 15:09:54.993000+00:00,-0.43125,,,,,-0.02059,,,,,,,,,-1.65182,,3.72975,10312.0,,,,1.0,,-0.43125,,,,,,A,1
2025-12-14 15:09:55.091000+00:00,,,,,,,,,,,,,,,,,3.57964,9897.0,,-3.1033,,,,,,,,,,A,1
2025-12-14 15:09:55.189000+00:00,-0.21562,,,,,-0.0103,,,,,,,,,-2.37756,,3.4299,9483.0,,-1.4974,,,,-0.21562,,,,,,A,1
2025-12-14 15:09:55.291000+00:00,-0.10781,,,,,-0.00515,,,,,,,,,-1.93748,,3.26968,9040.0,,-1.60228,,,,-0.10781,,,,,,A,1
2025-12-14 15:09:55.392000+00:00,-0.05391,,,,,-0.00257,,,,,,,,,-1.76988,,3.11994,8626.0,,-1.4974,,,,-0.05391,,,,,,A,1
2025-12-14 15:09:55.491000+00:00,-0.02695,,,,,-0.00129,,,,,,,,,-1.63364,,2.93981,8128.0,,-1.80121,,,,-0.02695,,,,,,A,1
2025-12-14 15:09:55.590000+00:00,-0.01348,,,,,-0.00064,,,,,,,,,-1.71743,,2.77995,7686.0,,-1.59867,,,,-0.01348,,,,,,A,1
2025-12-14 15:09:55.690000+00:00,-0.00674,,,,,-0.00032,,,,,,,,,-1.65805,,2.62985,7271.0,,-1.50101,,,,-0.00674,,,,,,A,1
2025-12-14 15:09:55.791000+00:00,-0.00337,,,,,-0.00016,,,,,,,,,-1.57953,,2.47975,6856.0,,,,,,-0.00337,,,,,,A,1
2025-12-14 15:09:55.890000+00:00,,,,,,,,,,,,,,,,,2.31988,6414.0,,,,,,,,,,,,A,1
2025-12-14 15:09:55.990000+00:00,-0.00168,,,,,-8e-05,,,,,,,,,-1.54027,,2.16978,5999.0,,-1.59867,,,,-0.00168,,,,,,A,1
2025-12-14 15:09:56.092000+00:00,-0.00084,,,,,-4e-05,,,,,,,,,-1.56947,,2.01968,5584.0,,-1.50101,,,,-0.00084,,,,,,A,1
2025-12-14 15:09:56.191000+00:00,-0.00042,,,,,-2e-05,,,,,,,,,-1.53524,,1.85981,5142.0,,-3.09968,,,,-0.00042,,,,,,A,1
2025-12-14 15:09:56.290000+00:00,-0.00021,,,,,-1e-05,,,,,,,,,-2.31746,,1.70971,4727.0,,-1.50101,,,,-0.00021,,,,,,A,1
2025-12-14 15:09:56.389000+00:00,-0.00011,,,,,-1e-05,,,,,,,,,-1.90924,,1.51982,4202.0,,-1.89887,,,,-0.00011,,,,,,A,1
2025-12-14 15:09:56.491000+00:00,-5e-05,,,,,-0.0,,,,,,,,,-1.90405,,1.36972,3787.0,,-1.50101,,,,-5e-05,,,,,,A,1
2025-12-14 15:09:56.592000+00:00,-3e-05,,,,,-0.0,,,,,,,,,-1.70253,,1.21998,3373.0,,-1.4974,,,,-3e-05,,,,,,A,1
2025-12-14 15:09:56.690000+00:00,-1e-05,,,,,-0.0,,,,,,,,,-1.59996,,1.05975,2930.0,,,,,,-1e-05,,,,,,A,1
2025-12-14 15:09:56.790000+00:00,,,,,,,,,,,,,,,,,0.87999,2433.0,,-1.60229,,,,,,,,,,A,1
2025-12-14 15:09:56.891000+00:00,-1e-05,,,,,-0.0,,,,,,,,,-1.60113,,0.72989,2018.0,,-1.7976,,,,-1e-05,,,,,,A,1
2025-12-14 15:09:56.991000+00:00,-0.0,,,,,-0.0,,,,,,,,,-1.69936,,0.56966,1575.0,,-1.50101,,,,-0.0,,,,,,A,1
2025-12-14 15:09:57.090000+00:00,-0.0,,,,,-0.0,,,,,,,,,-1.60019,,0.41992,1161.0,,-1.60229,,,,-0.0,,,,,,A,1
2025-12-14 15:09:57.192000+00:00,-0.0,,,,,-0.0,,,,,,0.0,,,-1.60124,,0.26982,746.0,,-1.4974,,,,-0.0,,,,,,A,1
2025-12-14 15:09:57.292000+00:00,-0.0,,,,,-0.0,,,,,,,,,-1.54932,,0.10995,304.0,,-3.09968,,,,-0.0,,,,,,A,1
2025-12-14 15:09:57.392000+00:00,-0.0,,,,,-0.0,,,,,,,,,-2.3245,,0.01989,55.0,,-0.90061,,,,-0.0,,,,,,A,1
2025-12-14 15:09:57.490000+00:00,-0.0,,,,,-0.0,,,,,,,,,-1.61255,,,,,0.0,,,,-0.0,,,,,,A,1
2025-12-14 15:09:57.592000+00:00,-0.0,,,,,-0.0,,,,,,,,,-0.80628,,,,,,,,,-0.0,,,,,,A,1
2025-12-14 15:09:57.692000+00:00,,,,,0.0,,1.0,,,8.0,,,,,,1.0,,,9.0,,,0.0,,,,,10.0,,1.0,A,1
2025-12-14 15:09:57.790000+00:00,-0.0,,,,,-0.0,,,,,,,,,-0.40314,,,,,,,,,-0.0,,,,,,A,1
2025-12-14 15:09:57.892000+00:00,-0.0,,,,,-0.0,,0.15987,442.0,,,,,,-0.20157,,0.10995,304.0,,,,,,-0.0,0.06981,193.0,,,,A,1
2025-12-14 15:09:57.991000+00:00,-0.0,,,,,-0.0,,0.43982,1216.0,,1.59867,,,,-0.10078,,0.26982,746.0,,0.90061,,,,-0.0,0.27995,774.0,,0.69806,,A,1
2025-12-14 15:09:58.089000+00:00,0.34903,,,,,0.79934,,0.71,1963.0,,2.79948,,,,0.39991,,0.41992,1161.0,,1.59867,,,,0.34903,0.48973,1354.0,,2.10142,,A,1
2025-12-14 15:09:58.190000+00:00,1.22522,,,,,1.79941,,0.98994,2737.0,,2.70182,,,,0.99929,,0.56966,1575.0,,1.50101,,,,1.22522,0.71,1963.0,,2.0978,,A,1
2025-12-14 15:09:58.291000+00:00,1.66151,,,,,2.25062,,1.26989,3511.0,,2.79948,,,,1.25015,,0.72989,2018.0,,1.4974,,,,1.66151,0.91978,2543.0,,2.20269,,A,1
2025-12-14 15:09:58.392000+00:00,1.9321,,,,,2.52505,,,,,,,,,1.37377,,,,,,,,,1.9321,,,,,,A,1
2025-12-14 15:09:58.491000+00:00,,,,,,,,1.53971,4257.0,,5.49768,,,,,,0.87999,2433.0,,3.1033,,,,,1.12992,3124.0,,4.19922,,A,1
2025-12-14 15:09:58.592000+00:00,3.06566,,,,,4.01137,,1.81966,5031.0,,2.79948,,,,2.23854,,1.02973,2847.0,,1.4974,,,,3.06566,1.34983,3732.0,,2.19907,,A,1
2025-12-14 15:09:58.690000+00:00,2.63237,,,,,3.40542,,2.08984,5778.0,,2.70182,,,,1.86797,,1.18996,3290.0,,1.60229,,,,2.63237,1.55997,4313.0,,2.10142,,A,1
2025-12-14 15:09:58.791000+00:00,2.36689,,,,,3.05362,,2.4197,6690.0,,3.29861,,,,1.73513,,1.36972,3787.0,,1.7976,,,,2.36689,1.81966,5031.0,,2.59693,,A,1
2025-12-14 15:09:58.889000+00:00,2.48191,,,,,3.17612,,2.69965,7464.0,,2.79948,,,,1.76636,,1.51982,4202.0,,1.50101,,,,2.48191,2.0298,5612.0,,2.10142,,A,1
2025-12-14 15:09:58.991000+00:00,2.29167,,,,,2.9878,,2.97996,8239.0,,2.8031,,,,1.63369,,1.67969,4644.0,,1.59867,,,,2.29167,2.23994,6193.0,,2.10142,,A,1
2025-12-14 15:09:59.091000+00:00,2.19654,,,,,2.89545,,3.24978,8985.0,,2.69821,,,,1.61618,,1.82979,5059.0,,1.50101,,,,2.19654,2.44973,6773.0,,2.0978,,A,1
2025-12-14 15:09:59.192000+00:00,2.14717,,,,,2.79683,,3.52973,9759.0,,2.79948,,,,1.5586,,1.97989,5474.0,,1.50101,,,,2.14717,2.66999,7382.0,,2.20269,,A,1
2025-12-14 15:09:59.290000+00:00,2.17493,,,,,2.79815,,3.79991,10506.0,,,,,,1.5298,,2.13976,5916.0,,,,,,2.17493,2.87977,7962.0,,,,A,1
2025-12-14 15:09:59.390000+00:00,,,,,,,,4.07986,11280.0,,2.70182,,,,,,2.28986,6331.0,,1.59867,,,,,3.08992,8543.0,,2.0978,,A,1
2025-12-14 15:09:59.490000+00:00,2.13637,,,,,2.74999,,4.40972,12192.0,,2.79948,,,,1.56424,,2.47975,6856.0,,1.50101,,,,2.13637,3.34997,9262.0,,2.10142,,A,1
2025-12-14 15:09:59.592000+00:00,2.11889,,,,,2.77473,,4.68967,12966.0,,6.09809,,,,1.53262,,2.62985,7271.0,,3.39988,,,,2.11889,3.55975,9842.0,,4.69835,,A,1
2025-12-14 15:09:59.691000+00:00,3.40862,,,27000.0,,4.43641,,4.95985,13713.0,,2.70182,,,,2.46625,,2.77995,7686.0,,1.50101,,,,3.40862,3.77966,10450.0,,2.19908,,A,1
2025-12-14 15:09:59.791000+00:00,2.80385,,,0.0,,3.56912,,5.12985,14183.0,,1.69994,,,,1.98363,,2.93981,8128.0,,1.59867,,,,2.80385,3.9898,11031.0,,2.10142,,A,1
2025-12-14 15:09:59.890000+00:00,2.45263,,,,,2.63453,,5.18989,14349.0,,0.6004,,,,1.79115,,3.08992,8543.0,,1.50101,,,,2.45263,4.19994,11612.0,,2.10142,,A,1
2025-12-14 15:09:59.992000+00:00,2.27703,,,,,1.61747,,5.46983,15123.0,,2.79948,,,,1.64608,,3.23966,8957.0,,1.4974,,,,2.27703,4.41985,12220.0,,2.19907,,A,1
2025-12-14 15:10:00.090000+00:00,2.23805,,,,,2.20847,,5.73966,15869.0,,,,,,1.57174,,3.39988,9400.0,,,,,,2.23805,4.62999,12801.0,,,,A,1
2025-12-14 15:10:00.191000+00:00,,,,,,,,6.01997,16644.0,,2.69821,,,,,,3.54999,9815.0,,1.60228,,,,,4.83977,13381.0,,2.10142,,A,1
2025-12-14 15:10:00.292000+00:00,2.16973,,,,,2.45334,,6.34983,17556.0,,2.8031,,,,1.58701,,3.72975,10312.0,,1.50101,27000.0,,,2.16973,5.09983,14100.0,,2.0978,,A,1
2025-12-14 15:10:00.392000+00:00,2.13377,,,,,2.62822,,6.61965,18302.0,,3.29861,,,,1.54401,,3.88997,10755.0,,1.7976,0.0,,,2.13377,5.27995,14598.0,,2.60055,,A,1
2025-12-14 15:10:00.489000+00:00,2.36716,,,,,2.96341,,6.89996,19077.0,,2.69821,,,,1.67081,,4.03971,11169.0,,1.60228,,,,2.36716,5.31973,14708.0,,1.80121,,A,1
2025-12-14 15:10:00.591000+00:00,2.08419,,,,,2.83081,,7.1799,19851.0,,2.8031,,,,1.63655,,4.18981,11584.0,,1.4974,,,,2.08419,5.52988,15289.0,,0.39786,,A,1
2025-12-14 15:10:00.691000+00:00,1.24102,,,,,2.81695,,7.44973,20597.0,,5.49768,,,,1.56697,,4.34968,12026.0,,3.09968,,,,1.24102,5.73966,15869.0,,4.19922,,A,1
2025-12-14 15:10:00.792000+00:00,2.72012,,,,,4.15732,0.0,7.72967,21371.0,,2.79948,,,,2.33333,,4.49978,12441.0,,1.50101,,,,2.72012,5.9498,16450.0,,2.10142,,A,1
2025-12-14 15:10:00.891000+00:00,2.41077,,,,,3.4784,,7.99986,22118.0,,2.70182,,,,1.91717,,4.64988,12856.0,,,,,,2.41077,6.1697,17058.0,,2.19908,,A,1
2025-12-14 15:10:00.992000+00:00,2.30492,,,,,3.09011,,8.16985,22588.0,,,,,,1.70909,,4.83977,13381.0,,,,,,2.30492,6.41999,17750.0,,,,A,1
2025-12-14 15:10:01.092000+00:00,,,,,,,,,,,1.69994,,27000.0,,,,4.98987,13796.0,,1.89887,,,,,6.6399,18358.0,,2.50289,,A,1
2025-12-14 15:10:01.191000+00:00,2.40391,,,,,2.39503,,,,,0.0,,0.0,,1.80398,,5.10995,14128.0,,1.50101,,,,2.40391,6.84968,18938.0,,2.19908,,A,1
2025-12-14 15:10:01.289000+00:00,2.30149,,,,1.0,1.19751,,,,,,,,,1.6525,,5.14974,14238.0,,1.20081,,,,2.30149,7.05982,19519.0,,2.0978,,A,1
2025-12-14 15:10:01.393000+00:00,2.19964,,,,,0.59876,,,,,,,,,1.42665,,5.29984,14653.0,,0.39786,,,,2.19964,7.27973,20127.0,,2.10142,,A,1
2025-12-14 15:10:01.490000+00:00,2.15053,,,,,0.29938,,,,,,,,,0.91226,,5.44994,15068.0,,1.50102,,,,2.15053,7.48987,20708.0,,2.19907,,A,1
2025-12-14 15:10:01.591000+00:00,2.1748,,,,,0.14969,,,,,,,,,1.20664,,5.63983,15593.0,,1.50101,,,,2.1748,7.74993,21427.0,,2.10142,,A,1
2025-12-14 15:10:01.691000+00:00,2.13811,,,,,0.07484,,,,,,,,,1.35382,,5.78993,16008.0,,1.89887,,,,2.13811,7.95971,22007.0,,2.60055,,A,1
2025-12-14 15:10:01.791000+00:00,2.36933,,,,,0.03742,,,,,,,,,1.62635,,,,,,,,,2.36933,,,,,,A,1
2025-12-14 15:10:01.890000+00:00,,,,,,,,,,,,,,,,,5.9498,16450.0,,3.09968,,,,,8.16985,22588.0,,4.19922,,A,1
2025-12-14 15:10:01.990000+00:00,3.28427,,,,,0.01871,,,,,,,,,2.36301,,6.0999,16865.0,,1.50102,,,,3.28427,8.37999,23169.0,,2.10142,,A,1
2025-12-14 15:10:02.090000+00:00,2.69285,,,,,0.00936,,,,,,,,,1.93202,,6.25,17280.0,,1.50101,,,,2.69285,8.5999,23777.0,,2.19907,,A,1
2025-12-14 15:10:02.190000+00:00,2.44596,,,,,0.00468,,,,,,,,,1.71651,,6.43989,17805.0,,1.89887,,,,2.44596,8.84983,24468.0,,2.49928,,A,1
2025-12-14 15:10:02.290000+00:00,2.47262,,,,,0.00234,,,,,,,,,1.80769,,6.58999,18220.0,,1.50101,,,,2.47262,9.06973,25076.0,,2.19908,,A,1
2025-12-14 15:10:02.391000+00:00,2.33585,,,,,0.00117,,,,,,,,,1.65435,,6.73973,18634.0,,1.4974,,,,2.33585,9.27988,25657.0,,2.10142,,A,1
2025-12-14 15:10:02.490000+00:00,2.21863,,,,,0.00058,,,,,,,,,1.57587,,6.89996,19077.0,,1.60229,,,,2.21863,9.48966,26237.0,,2.0978,,A,1
2025-12-14 15:10:02.590000+00:00,2.15822,,,,,0.00029,,,,,,,,,1.58908,,7.0497,19491.0,,1.49739,,,,2.15822,9.70992,26846.0,,2.20269,0.0,A,1
2025-12-14 15:10:02.690000+00:00,2.18045,,,,,0.00015,,,,,,,,,1.54324,,7.1998,19906.0,,,,,,2.18045,9.9197,27426.0,,,,A,1
2025-12-14 15:10:02.793000+00:00,,,,,,,,,,,,,,,,,7.35966,20348.0,,1.50101,,,,,10.0,27648.0,,2.0978,,A,1
2025-12-14 15:10:02.891000+00:00,2.13913,,,,,7e-05,,,,,,,,,1.52212,,7.50977,20763.0,,1.59867,,,,2.13913,,,,0.80296,,A,1
2025-12-14 15:10:02.992000+00:00,1.47104,,,,,4e-05,,,,,,,,,1.5604,,7.68989,21261.0,,3.30223,,,,1.47104,,,,0.0,,A,1
2025-12-14 15:10:03.090000+00:00,0.73552,,,,,2e-05,,,,,,,,,2.43131,,7.84975,21703.0,,1.59867,,1.0,,0.73552,,,,,,A,1
2025-12-14 15:10:03.193000+00:00,0.36776,,,,,1e-05,,,,,,,,,2.01499,,7.99986,22118.0,,1.50101,,,,0.36776,,,,,,A,1
2025-12-14 15:10:03.294000+00:00,0.18388,,,,,0.0,,,,,,,,,1.758,,8.14996,22533.0,,1.50102,,,,0.18388,,,,,,A,1
2025-12-14 15:10:03.392000+00:00,0.09194,,,,,0.0,,,,,,,,,1.62951,,8.30982,22975.0,,1.59866,,,,0.09194,,,,,,A,1
2025-12-14 15:10:03.491000+00:00,0.04597,,,,,0.0,,,,,,,,,1.61409,,8.45992,23390.0,,,,,,0.04597,,,,,,A,1
2025-12-14 15:10:03.593000+00:00,,,,,,,,,,,,,,,,,8.60966,23804.0,,1.50102,,,,,,,,,,A,1
2025-12-14 15:10:03.691000+00:00,0.02298,,,,,0.0,,,,,,,,,1.55755,0.0,8.79991,24330.0,,1.49739,,,,0.02298,,,,,,A,1
2025-12-14 15:10:03.790000+00:00,0.01149,,,,,0.0,,,,,,,,,1.52747,,8.94965,24744.0,,1.90249,,,,0.01149,,,,,,A,1
2025-12-14 15:10:03.891000+00:00,0.00575,,,,,0.0,,,,,,,,,1.71498,,9.00969,24910.0,,1.49739,,,,0.00575,,,,,,A,1
2025-12-14 15:10:03.992000+00:00,0.00287,,,,,0.0,,,,,,,,,1.60619,,,,,0.6004,,,,0.00287,,,,,,A,1
2025-12-14 15:10:04.092000+00:00,0.00144,,,,,0.0,,,,,,,,,1.1033,,,,,0.0,,,,0.00144,,,,,,A,1
2025-12-14 15:10:04.192000+00:00,0.00072,,1.0,,0.0,0.0,,,,5.0,,1.0,,,0.55165,,,,5.0,,,0.0,1.0,0.00072,,,5.0,,,A,1
2025-12-14 15:10:04.292000+00:00,0.00036,,,,,0.0,,,,,,,,,0.27582,,,,,,,,,0.00036,,,,,,A,1
2025-12-14 15:10:04.390000+00:00,,,,,,,,7.99986,22118.0,,,,,,,,8.91999,24662.0,,,,,,,9.96998,27565.0,,,,A,1
2025-12-14 15:10:04.489000+00:00,0.00018,,,,,0.0,,7.72967,21371.0,,-1.69994,,,,0.13791,,8.76989,24247.0,,-0.89699,,,,0.00018,9.75984,26984.0,,-0.30021,,A,1
2025-12-14 15:10:04.593000+00:00,-0.15001,,,,,-0.84997,,7.44973,20597.0,,-2.70182,,,,-0.37954,,8.60966,23804.0,,-1.50102,,,,-0.15001,9.5497,26403.0,,-2.10141,,A,1
2025-12-14 15:10:04.691000+00:00,-1.12571,,,,,-1.7759,,7.1799,19851.0,,-2.79948,,,,-0.94028,,8.45992,23390.0,,-1.60229,,,,-1.12571,9.32979,25795.0,,-2.10142,,A,1
2025-12-14 15:10:04.791000+00:00,-1.61357,,,,,-2.28769,,6.84968,18938.0,,-2.69821,,,,-1.27128,,8.2798,22892.0,,-1.49739,,,,-1.61357,9.07986,25104.0,,-2.19908,,A,1
2025-12-14 15:10:04.892000+00:00,-1.90632,,,,,-2.49295,,,,,-3.30223,,,,-1.38434,,,,,-1.80121,,,,-1.90632,,,,-2.49928,,A,1
2025-12-14 15:10:04.990000+00:00,-2.2028,,,,,-2.89759,,6.56973,18164.0,,-2.79948,,,,-1.59278,,8.11994,22450.0,,-1.59867,,,,-2.2028,8.86972,24523.0,,-2.10141,,A,1
2025-12-14 15:10:05.092000+00:00,-2.15211,,,,,-2.84853,,6.28979,17390.0,,,,,,-1.59572,,7.96983,22035.0,,-1.50101,,,,-2.15211,8.64981,23915.0,,-2.19908,,A,1
2025-12-14 15:10:05.192000+00:00,,,,,,,,6.01997,16644.0,,,,,,,,7.81973,21620.0,,,,,,,8.43967,23334.0,,,,A,1
2025-12-14 15:10:05.289000+00:00,-2.17559,,,,,-2.82401,,5.73966,15869.0,,-5.5013,,,,-1.54837,,7.65987,21178.0,,-3.09968,,,,-2.17559,8.22989,22754.0,,-4.19922,,A,1
2025-12-14 15:10:05.393000+00:00,-3.18741,,,,,-4.16265,,5.46983,15123.0,,-2.69821,,,,-2.32402,,7.50977,20763.0,,-1.50101,,,,-3.18741,8.00998,22146.0,,-2.19908,,A,1
2025-12-14 15:10:05.490000+00:00,-2.69324,,0.0,,,-3.43043,,5.18989,14349.0,,-2.79948,,,,-1.91252,,7.35966,20348.0,,,,,,-2.69324,7.79984,21565.0,,-2.10141,,A,1
2025-12-14 15:10:05.591000+00:00,-2.39733,,,,,-3.11495,,4.85966,13436.0,,-3.30223,,,,-1.70676,,7.16978,19823.0,,-1.89888,,,,-2.39733,7.53979,20846.0,,-2.60055,,A,1
2025-12-14 15:10:05.690000+00:00,-2.49894,,,,,-3.20859,,4.74971,13132.0,,-1.09954,,,,-1.80282,,7.01968,19408.0,,-1.50101,,,,-2.49894,7.32964,20265.0,,-2.10142,,A,1
2025-12-14 15:10:05.791000+00:00,-2.30018,,,,,-2.15406,,,,,0.0,,,,-1.65192,,6.86994,18994.0,,-1.4974,,,,-2.30018,7.11986,19685.0,,-2.0978,,A,1
2025-12-14 15:10:05.892000+00:00,-2.19899,,,,,-1.07703,,,,,,,,,-1.57466,,6.70971,18551.0,,-1.60228,,,,-2.19899,6.89996,19077.0,,-2.19907,,A,1
2025-12-14 15:10:05.991000+00:00,-2.19903,,,,1.0,-0.53852,,,,,,,,,-1.58847,,6.55997,18137.0,,,,,,-2.19903,6.68981,18496.0,,,,A,1
2025-12-14 15:10:06.091000+00:00,,,,,,,,,,,,,,,,,6.40987,17722.0,,-1.4974,,,,,6.47967,17915.0,,-2.10142,,A,1
2025-12-14 15:10:06.191000+00:00,-2.15023,,,,,-0.26926,,,,,,,,,-1.54293,,6.21998,17197.0,,-1.50101,,,,-2.15023,6.21998,17197.0,,-2.10142,,A,1
2025-12-14 15:10:06.291000+00:00,-2.12582,,,,,-0.13463,,,,,,,,,-1.52197,,6.06988,16782.0,,-1.89887,,,,-2.12582,6.00984,16616.0,,-2.59693,,A,1
2025-12-14 15:10:06.391000+00:00,-2.36138,,,,,-0.06731,,,,,,,,,-1.71042,,5.90965,16339.0,,-3.1033,,,,-2.36138,5.7997,16035.0,,-4.20284,,A,1
2025-12-14 15:10:06.493000+00:00,-3.28211,,,,,-0.03366,,,,,,,,,-2.40686,,5.75991,15925.0,,-1.4974,,,,-3.28211,5.57979,15427.0,,-2.19907,,A,1
2025-12-14 15:10:06.594000+00:00,-2.74059,,,,,-0.01683,,,,,,,,,-1.95213,,5.60981,15510.0,,-1.50101,,,,-2.74059,5.36965,14846.0,,-2.10142,,A,1
2025-12-14 15:10:06.692000+00:00,-2.421,,,,,-0.00841,,,,,,,,,-1.72657,,5.41992,14985.0,,-1.89887,,,0.0,-2.421,5.10995,14128.0,,-2.59694,,A,1
2025-12-14 15:10:06.791000+00:00,-2.50897,,,,,-0.00421,,,,,,0.0,,,-1.81272,,5.26982,14570.0,,,,,,-2.50897,4.89981,13547.0,,,,A,1
2025-12-14 15:10:06.892000+00:00,,,,,,,,,,,,,,,,,5.11972,14155.0,,-1.50101,,,,,4.81988,13326.0,,-2.10142,,A,1
2025-12-14 15:10:06.990000+00:00,-2.30519,,,,,-0.0021,,,,,,,27000.0,,-1.65687,,5.05968,13989.0,,-1.50102,,,,-2.30519,,,,-0.79933,,A,1
2025-12-14 15:10:07.093000+00:00,-1.55226,,,,,-0.00105,,,,,,,,,-1.57894,,,,,-0.6004,,,,-1.55226,,,,0.0,,A,1
2025-12-14 15:10:07.189000+00:00,-0.77613,,,,,-0.00053,,,,,,,,,-1.08967,,,,,0.0,,1.0,,-0.77613,,,,,,A,1
2025-12-14 15:10:07.291000+00:00,-0.38807,,1.0,,0.0,-0.00026,,,,0.0,,1.0,,,-0.54484,,,,0.0,,,0.0,1.0,-0.38807,,,0.0,,,A,1
2025-12-14 15:10:07.391000+00:00,-0.19403,,,,,-0.00013,,,,,,,,,-0.27242,,,,,,,,,-0.19403,,,,,,A,1
2025-12-14 15:10:07.490000+00:00,-0.09702,,,,,-7e-05,,4.63976,12828.0,,-1.09954,,,,-0.13621,,5.04991,13962.0,,-0.09766,,,,-0.09702,4.77973,13215.0,,-0.40148,,A,1
2025-12-14 15:10:07.591000+00:00,-0.24925,,,,,-0.5498,,4.35981,12054.0,,,,,,-0.11693,,,,,,,,,-0.24925,4.56995,12635.0,,,,A,1
2025-12-14 15:10:07.690000+00:00,,,,,,,,4.08999,11308.0,,-2.79948,,,,,,,,,0.0,,,,,4.35981,12054.0,,-2.0978,,A,1
2025-12-14 15:10:07.791000+00:00,-1.17352,,,,,-1.67464,,3.75977,10395.0,,-2.69821,,,,-0.05847,,5.03979,13934.0,,,,,,-1.17352,4.09975,11335.0,,-2.10142,,A,1
2025-12-14 15:10:07.890000+00:00,-1.63747,,,,,-2.18642,,,,,-3.30223,,,,-0.02923,,,,,-0.10127,,,,-1.63747,,,,-2.60055,,A,1
2025-12-14 15:10:07.991000+00:00,-2.11901,,,,,-2.74432,,3.47982,9621.0,,-2.79948,,,,-0.06525,,,,,0.0,,,,-2.11901,3.88997,10755.0,,-2.0978,,A,1
2025-12-14 15:10:08.091000+00:00,-2.10841,,,,,-2.7719,,3.19987,8847.0,,,,,,-0.03263,,,,,,,,,-2.10841,3.67983,10174.0,,-2.10142,,A,1
2025-12-14 15:10:08.190000+00:00,-2.10491,,,,,-2.78569,,2.92969,8100.0,,-2.70182,,,,-0.01631,,5.02966,13906.0,,-0.10128,,,,-2.10491,3.45992,9566.0,,-2.19908,,A,1
2025-12-14 15:10:08.290000+00:00,-2.15199,,,,,-2.74376,,2.64974,7326.0,,-2.79948,,,,-0.05879,,,,,0.0,,,,-2.15199,3.24978,8985.0,,-2.10142,,A,1
2025-12-14 15:10:08.390000+00:00,-2.1267,,,,,-2.77162,,2.37992,6580.0,,,,,,-0.0294,,5.01989,13879.0,,,,,,-2.1267,3.03964,8404.0,,,,A,1
2025-12-14 15:10:08.490000+00:00,,,,,,,,2.09997,5806.0,,-2.6982,,,,,,,,,-0.09766,,,,,2.81973,7796.0,,-2.10142,,A,1
2025-12-14 15:10:08.592000+00:00,-2.11406,,,,,-2.73491,,1.81966,5031.0,,-2.79948,,,,-0.06353,,,,,0.0,,,,-2.11406,2.60995,7216.0,,-2.19907,,A,1
2025-12-14 15:10:08.691000+00:00,-2.15657,,,,,-2.7672,,1.4898,4119.0,,-6.10171,,,,-0.03176,,5.00977,13851.0,,-0.10127,,,,-2.15657,2.35966,6524.0,,-4.6007,,A,1
2025-12-14 15:10:08.791000+00:00,-3.37863,,,,,-4.43445,,1.21998,3373.0,,-2.69821,,,,-0.06652,,,,,0.0,,,,-3.37863,2.13976,5916.0,,-2.19907,,A,1
2025-12-14 15:10:08.891000+00:00,-2.78885,,,,,-3.56633,,0.93967,2598.0,,-2.8031,,,,-0.03326,,,,,,,,,-2.78885,1.92998,5336.0,,-2.0978,,A,1
2025-12-14 15:10:08.991000+00:00,-2.44333,,,,,-3.18471,,0.66985,1852.0,,-2.69821,,,,-0.01663,,5.0,13824.0,,-0.09766,,,,-2.44333,1.71984,4755.0,,-2.10142,,A,1
2025-12-14 15:10:09.092000+00:00,-2.27237,,,,,-2.94146,,0.33999,940.0,,-3.29861,,,,-0.05714,,,,,0.0,,,,-2.27237,1.45978,4036.0,,-2.60055,,A,1
2025-12-14 15:10:09.190000+00:00,-2.43646,,0.0,,,-3.12004,,0.05968,165.0,,-2.8031,,,,-0.02857,,4.98987,13796.0,,-0.10128,,,,-2.43646,1.25,3456.0,,-2.0978,,A,1
2025-12-14 15:10:09.292000+00:00,-2.26713,,,,,-2.96157,,0.0,0.0,,,,,,-0.06492,,,,,,,,,-2.26713,1.02973,2847.0,,,,A,1
2025-12-14 15:10:09.391000+00:00,,,,,,,,,,,-0.59679,,,,,,,,,0.0,,,,,0.81995,2267.0,,-2.20269,,A,1
2025-12-14 15:10:09.491000+00:00,-2.23491,,,,,-1.77918,,,,,0.0,,,,-0.03246,,4.97975,13768.0,,,,,,-2.23491,0.60981,1686.0,,-2.0978,,A,1
2025-12-14 15:10:09.591000+00:00,-2.16636,,,,,-0.88959,,,,,,,,,-0.01623,,,,,-0.10127,,,,-2.16636,0.34975,967.0,,-2.10142,,A,1
2025-12-14 15:10:09.690000+00:00,-2.13389,,,,1.0,-0.44479,,,,,,,,,-0.05875,,,,,0.0,,,0.0,-2.13389,0.13997,387.0,,-2.60055,,A,1
2025-12-14 15:10:09.790000+00:00,-2.36722,,,,,-0.2224,,,,,,,,,-0.02938,,4.96998,13741.0,,-0.09766,,,,-2.36722,0.00977,27.0,,-3.39988,,A,1
2025-12-14 15:10:09.890000+00:00,-2.88355,,,,,-0.1112,,,,,,,,,-0.06352,,,,,0.0,,,,-2.88355,,,,0.0,,A,1
2025-12-14 15:10:09.992000+00:00,-1.44178,,,,,-0.0556,,,,,,,,,-0.03176,,,,,,,,,-1.44178,,,,,,A,1
2025-12-14 15:10:10.090000+00:00,-0.72089,,,,,-0.0278,,,,,,,,,-0.01588,,4.95985,13713.0,,,,,,-0.72089,,,,,,A,1
2025-12-14 15:10:10.193000+00:00,,,,,,,,,,,,,,,,,,,,-0.10128,,1.0,,,,,,,,A,1
2025-12-14 15:10:10.291000+00:00,-0.36044,,,,,-0.0139,,,,,,,,,-0.05858,,4.94973,13685.0,,0.0,,,,-0.36044,,,,,,A,1
2025-12-14 15:10:10.389000+00:00,-0.18022,,,,,-0.00695,,,,,,,,,-0.02929,,,,,-0.10127,,,,-0.18022,,,,,,A,1
2025-12-14 15:10:10.490000+00:00,-0.09011,,,,,-0.00347,,,,,,,,,-0.06528,,,,,0.0,,,,-0.09011,,,,,,A,1
2025-12-14 15:10:10.591000+00:00,-0.04506,,,,,-0.00174,,,,,,,,,-0.03264,,4.93996,13658.0,,,,,,-0.04506,,,,,,A,1
2025-12-14 15:10:10.690000+00:00,-0.02253,,,,,-0.00087,,,,,,,,,-0.01632,,,,,-0.09766,,,,-0.02253,,,,,,A,1
2025-12-14 15:10:10.791000+00:00,-0.01126,,,,,-0.00043,,,,,,,,,-0.05699,,,,,0.0,,,,-0.01126,,,,,,A,1
2025-12-14 15:10:10.893000+00:00,-0.00563,,,,,-0.00022,,,,,,,,,-0.02849,,4.92983,13630.0,,-0.10128,,,,-0.00563,,,,,,A,1
2025-12-14 15:10:10.990000+00:00,-0.00282,,,,,-0.00011,,,,,,,,,-0.06488,,,,,,,,,-0.00282,,,,,,A,1
2025-12-14 15:10:11.090000+00:00,,,,,,,,,,,,,,,,,4.9197,13602.0,,0.0,,,,,,,,,,A,1
2025-12-14 15:10:11.192000+00:00,-0.00141,,,,,-5e-05,,,,,,,,,-0.03244,,,,,-0.10127,,,,-0.00141,,,,,,A,1
2025-12-14 15:10:11.292000+00:00,-0.0007,,,,,-3e-05,,,,,,,,,-0.06686,,,,,0.0,,,,-0.0007,,,,,,A,1
2025-12-14 15:10:11.392000+00:00,-0.00035,,,,,-1e-05,,,,,,,,,-0.03343,,,,,,,,,-0.00035,,,,,,A,1
2025-12-14 15:10:11.492000+00:00,-0.00018,,,,,-1e-05,,,,,,,,,-0.01671,,4.90994,13575.0,,-0.09766,,,,-0.00018,,,,,,A,1
2025-12-14 15:10:11.593000+00:00,-9e-05,,,,,-0.0,,,,,,,,,-0.05719,,,,,0.0,,,,-9e-05,,,,,,A,1
2025-12-14 15:10:11.692000+00:00,-4e-05,,,,,-0.0,,,,,,,,,-0.02859,,,,,,,,,-4e-05,,,,,,A,1
2025-12-14 15:10:11.792000+00:00,-2e-05,,,,,-0.0,,,,,,,0.0,,-0.0143,,4.89981,13547.0,,,,,,-2e-05,,,,,,A,1
2025-12-14 15:10:11.890000+00:00,,,,,,,,,,,,,,,,,4.83977,13381.0,,-0.10128,,,,,,,,,,A,1
2025-12-14 15:10:11.993000+00:00,-1e-05,,,,,-0.0,,,,,,,,,-0.05779,,4.68967,12966.0,,-0.6004,,,,-1e-05,,,,,,A,1
2025-12-14 15:10:12.092000+00:00,-1e-05,,,,,-0.0,,,,,,,,,-0.3291,,4.5298,12524.0,,-3.09968,,,,-1e-05,,,,,,A,1
2025-12-14 15:10:12.191000+00:00,-0.0,,,,,-0.0,,,,,,,,,-1.71439,,4.3797,12109.0,,-1.50101,,,,-0.0,,,,,,A,1
2025-12-14 15:10:12.290000+00:00,-0.0,,,,,-0.0,,,,,,,,,-1.6077,,4.18981,11584.0,,-1.89888,,,,-0.0,,,,,,A,1
2025-12-14 15:10:12.392000+00:00,-0.0,,,,,-0.0,,,,,,,,,-1.75329,,4.03971,11169.0,,-1.50101,,,,-0.0,,,,,,A,1
2025-12-14 15:10:12.492000+00:00,-0.0,,,,,-0.0,,,,,,,,,-1.62715,,3.88997,10755.0,,-1.4974,,,,-0.0,,,,,,A,1
2025-12-14 15:10:12.591000+00:00,-0.0,,,,,-0.0,,,,,,,,,-1.56227,,3.72975,10312.0,,-1.60228,,,,-0.0,,,,,,A,1
2025-12-14 15:10:12.689000+00:00,,,,,,,,,,,,,,,,,3.57964,9897.0,,,,,,,,,,,,A,1
2025-12-14 15:10:12.792000+00:00,-0.0,,,,,-0.0,,,,,,,,,-1.58228,,3.4299,9483.0,,-1.50101,,,,-0.0,,,,,,A,1
2025-12-14 15:10:12.891000+00:00,-0.0,,,,,-0.0,,,,,,,,,-1.54165,,3.26968,9040.0,,-1.4974,,,,-0.0,,,,,,A,1
2025-12-14 15:10:12.991000+00:00,-0.0,,,,,-0.0,,,,,,,,,-1.51952,,3.08992,8543.0,,-1.60228,,,,-0.0,,,,,,A,1
2025-12-14 15:10:13.093000+00:00,-0.0,,,,,-0.0,,,,,,,,,-1.5609,,2.93981,8128.0,,-1.7976,,,,-0.0,,,,,,A,1
2025-12-14 15:10:13.192000+00:00,-0.0,,,,,-0.0,,,,,,,,,-1.67925,,2.77995,7686.0,,-3.09968,,,,-0.0,,,,,,A,1
2025-12-14 15:10:13.290000+00:00,-0.0,,,,,-0.0,,,,,,,,,-2.38947,,2.62985,7271.0,,-1.50101,,,,-0.0,,,,,,A,1
2025-12-14 15:10:13.390000+00:00,-0.0,,,,,-0.0,,,,,,,,,-1.94524,,2.47975,6856.0,,,,,,-0.0,,,,,,A,1
2025-12-14 15:10:13.492000+00:00,-0.0,,,,,-0.0,,,,,,,,,-1.72313,,2.31988,6414.0,,,,,,-0.0,,,,,,A,1
2025-12-14 15:10:13.591000+00:00,,,,,,,,,,,,,,,,,2.13976,5916.0,,-1.59867,,,,,,,,,,A,1
2025-12-14 15:10:13.692000+00:00,-0.0,,,,,-0.0,,,,,,,,,-1.6609,,1.98966,5501.0,,-1.80121,,,,-0.0,,,,,,A,1
2025-12-14 15:10:13.790000+00:00,-0.0,,,,,-0.0,,,,,,,,,-1.73106,,1.82979,5059.0,,-1.50101,,,,-0.0,,,,,,A,1
2025-12-14 15:10:13.890000+00:00,-0.0,,,,,-0.0,,,,,,,,,-1.61603,,1.67969,4644.0,,-1.59867,,,,-0.0,,,,,,A,1
2025-12-14 15:10:13.991000+00:00,-0.0,,,,,-0.0,,,,,,,,,-1.60735,,1.52995,4230.0,,-1.50101,,,,-0.0,,,,,,A,1
2025-12-14 15:10:14.092000+00:00,-0.0,,,,,-0.0,,,,,,,,,-1.55418,,1.36972,3787.0,,-1.4974,,,,-0.0,,,,,,A,1
2025-12-14 15:10:14.191000+00:00,-0.0,,,,,-0.0,,,,,,,,,-1.52579,,1.21998,3373.0,,-1.60229,,,,-0.0,,,,,,A,1
2025-12-14 15:10:14.291000+00:00,-0.0,,,,,-0.0,,,,,,,,,-1.56404,,1.06988,2958.0,,-2.99841,,,,-0.0,,,,,,A,1
2025-12-14 15:10:14.492000+00:00,-0.0,,,,,-0.0,,,,,,,,,-2.28122,,0.87999,2433.0,,-1.89887,,,,-0.0,,,,,,A,1
2025-12-14 15:10:14.591000+00:00,-0.0,,,,,-0.0,,,,,,,,,-2.09005,,0.72989,2018.0,,-1.50101,,,,-0.0,,,,,,A,1
2025-12-14 15:10:14.690000+00:00,-0.0,,,,,-0.0,,,,,,,,,-1.79553,,0.56966,1575.0,,-1.60229,,,,-0.0,,,,,,A,1
2025-12-14 15:10:14.791000+00:00,-0.0,,,,,-0.0,,,,,,,,,-1.69891,,0.41992,1161.0,,-1.4974,,,,-0.0,,,,,,A,1
2025-12-14 15:10:14.891000+00:00,-0.0,,,,,-0.0,,,,,,0.0,,,-1.59815,,0.26982,746.0,,-1.50101,,,,-0.0,,,,,,A,1
2025-12-14 15:10:14.990000+00:00,-0.0,,,,,-0.0,,,,,,,,,-1.54958,,0.10995,304.0,,-1.59867,,,,-0.0,,,,,,A,1
2025-12-14 15:10:15.091000+00:00,-0.0,,,,,-0.0,,,,,,,,,-1.57413,,0.01989,55.0,,-0.90061,,,,-0.0,,,,,,A,1
2025-12-14 15:10:15.292000+00:00,-0.0,,,,,-0.0,,,,,,,,,-1.23737,,,,,0.0,,,,-0.0,,,,,,A,1
2025-12-14 15:10:15.391000+00:00,-0.0,,,,0.0,-0.0,1.0,,,8.0,,,,,-0.61868,1.0,,,9.0,,,0.0,,-0.0,,,10.0,,1.0,A,1
2025-12-14 15:10:15.490000+00:00,-0.0,,,,,-0.0,,,,,,,,,-0.30934,,,,,,,,,-0.0,,,,,,A,1
2025-12-14 15:10:15.591000+00:00,-0.0,,,,,-0.0,,0.15987,442.0,,1.59867,,,,-0.15467,,0.10995,304.0,,0.90061,,,,-0.0,0.07993,221.0,,0.70168,,A,1
2025-12-14 15:10:15.692000+00:00,0.35084,,,,,0.79934,,0.48973,1354.0,,3.29861,,,,0.37297,,0.29984,829.0,,1.89887,,,,0.35084,0.33999,940.0,,2.60055,,A,1
2025-12-14 15:10:15.792000+00:00,1.47569,,,,,2.04897,,0.71,1963.0,,2.20269,,,,1.13592,,0.41992,1161.0,,1.20081,,,,1.47569,0.50998,1410.0,,1.69994,,A,1
2025-12-14 15:10:15.891000+00:00,1.58782,,,,,2.12583,,1.03986,2875.0,,3.29861,,,,1.16837,,0.60981,1686.0,,1.89887,,,,1.58782,0.76968,2128.0,,2.59693,,A,1
2025-12-14 15:10:15.993000+00:00,2.09238,,,,,2.71222,,1.31981,3649.0,,,,,,1.53362,,0.75991,2101.0,,,,,,2.09238,0.97982,2709.0,,,,A,1
2025-12-14 15:10:16.091000+00:00,,,,,,,,1.59975,4423.0,,2.79948,,,,,,0.90965,2515.0,,1.50101,,,,,1.18996,3290.0,,2.10142,,A,1
2025-12-14 15:10:16.191000+00:00,2.0969,,,,,2.75585,,1.86994,5170.0,,,,,,1.51732,,1.06988,2958.0,,1.4974,,,,2.0969,1.40987,3898.0,,2.10142,,A,1
2025-12-14 15:10:16.292000+00:00,2.09916,,,,,2.77766,,2.14988,5944.0,,2.70182,,,,1.50736,,1.21998,3373.0,,1.60229,,,,2.09916,1.61965,4478.0,,2.19907,,A,1
2025-12-14 15:10:16.392000+00:00,2.14912,,,,,2.73974,,2.47975,6856.0,,2.79948,,,,1.55482,,1.39974,3870.0,,1.50101,,,,2.14912,1.86994,5170.0,,2.0978,,A,1
2025-12-14 15:10:16.490000+00:00,2.12346,,,,,2.76961,,2.75969,7630.0,,3.29861,,,,1.52792,,1.55997,4313.0,,1.7976,,,,2.12346,2.08984,5778.0,,2.50289,,A,1
2025-12-14 15:10:16.592000+00:00,2.31318,,,,,3.03411,,3.02988,8377.0,,5.5013,,,,1.66276,,1.70971,4727.0,,3.09968,,,,2.31318,2.29999,6359.0,,4.30049,,A,1
2025-12-14 15:10:16.689000+00:00,3.30683,,,,,4.26771,,3.30982,9151.0,,2.79948,,,,2.38122,,1.85981,5142.0,,1.50101,,,,3.30683,2.50977,6939.0,,2.0978,,A,1
2025-12-14 15:10:16.790000+00:00,2.70232,,,,,3.53359,,3.57964,9897.0,,,,,,1.94112,,2.01968,5584.0,,,,,,2.70232,2.72967,7547.0,,,,A,1
2025-12-14 15:10:16.893000+00:00,,,,,,,,3.85995,10672.0,,2.6982,,,,,,2.16978,5999.0,,1.59867,,,,,2.93981,8128.0,,2.19907,,A,1
2025-12-14 15:10:16.991000+00:00,2.4507,,,,,3.1159,,4.18981,11584.0,,2.8031,,,,1.76989,,2.3499,6497.0,,1.50101,,,,2.4507,3.19987,8847.0,,2.10142,,A,1
2025-12-14 15:10:17.089000+00:00,2.27606,,,,,2.9595,,4.46976,12358.0,,3.29861,,,,1.63545,,2.50977,6939.0,,1.80121,,,,2.27606,3.40965,9427.0,,2.60055,,A,1
2025-12-14 15:10:17.191000+00:00,2.4383,,,,,3.12905,,4.73994,13105.0,,2.79948,,,,1.71833,,2.65987,7354.0,,1.59867,,,,2.4383,3.61979,10008.0,,2.0978,,A,1
2025-12-14 15:10:17.292000+00:00,2.26805,,,,,2.96427,,,,,2.70182,,,,1.6585,,,,,1.50101,,,,2.26805,,,,2.10142,,A,1
2025-12-14 15:10:17.390000+00:00,2.18473,,,27000.0,,2.83304,,5.01989,13879.0,,2.79948,,,,1.57976,,2.80997,7769.0,,1.50101,,,,2.18473,3.8397,10616.0,,2.19908,,A,1
2025-12-14 15:10:17.492000+00:00,2.19191,,,0.0,,2.81626,,5.2398,14487.0,,2.19908,,,,1.54039,,2.96984,8211.0,,1.59867,,,,2.19191,4.04984,11197.0,,2.10142,,A,1
2025-12-14 15:10:17.591000+00:00,2.14666,,,,,2.50767,,5.40979,14957.0,,,,,,1.56953,,3.14996,8709.0,,,,,,2.14666,4.29977,11888.0,,,,A,1
2025-12-14 15:10:17.690000+00:00,,,,,,,,5.67998,15704.0,,1.69994,,,,,,3.2997,9123.0,,1.80121,,,,,4.51968,12496.0,,2.49928,,A,1
2025-12-14 15:10:17.792000+00:00,2.32297,,,,,2.1038,,5.95992,16478.0,,5.5013,,,,1.68537,,3.45992,9566.0,,3.09968,,,,2.32297,4.72982,13077.0,,4.30049,,A,1
2025-12-14 15:10:17.892000+00:00,3.31173,,,,,3.80255,,6.23987,17252.0,,2.79948,,,,2.39253,,3.60966,9980.0,,1.4974,27000.0,,,3.31173,4.93996,13658.0,,2.10142,,A,1
2025-12-14 15:10:17.991000+00:00,2.70658,,,,,3.30102,,6.50969,17998.0,,2.69821,,,,1.94496,,3.75977,10395.0,,1.50101,0.0,,,2.70658,5.11972,14155.0,,1.7976,,A,1
2025-12-14 15:10:18.090000+00:00,2.25209,,,,,2.99961,,6.78964,18772.0,,2.79948,,,,1.72299,,3.91999,10838.0,,1.60228,,,,2.25209,5.15987,14266.0,,0.40148,,A,1
2025-12-14 15:10:18.190000+00:00,1.32678,,,,,2.89954,,7.05982,19519.0,,2.70183,,,,1.66264,,4.06973,11252.0,,1.4974,,,,1.32678,5.37977,14874.0,,2.19907,,A,1
2025-12-14 15:10:18.292000+00:00,1.76293,,,,,2.80069,,7.33977,20293.0,,2.79948,,,,1.58002,,4.22996,11695.0,,1.60229,,,,1.76293,5.58992,15455.0,,2.10142,,A,1
2025-12-14 15:10:18.391000+00:00,1.93217,,,,,2.80008,,7.61972,21067.0,,,,,,1.59115,,4.3797,12109.0,,,,,,1.93217,5.7997,16035.0,,,,A,1
2025-12-14 15:10:18.490000+00:00,,,,,,,0.0,7.8899,21814.0,,,,,,,,4.5298,12524.0,,1.4974,,,,,6.00984,16616.0,,2.0978,,A,1
2025-12-14 15:10:18.590000+00:00,2.01499,,,,,2.79978,,8.21976,22726.0,,2.70183,,,,1.54427,,4.71969,13049.0,,1.50101,,,,2.01499,6.26989,17335.0,,2.10142,,A,1
2025-12-14 15:10:18.691000+00:00,2.0582,,1.0,,,2.7508,,8.38976,23196.0,,3.29861,,,,1.52264,,4.86979,13464.0,,1.89887,,,,2.0582,6.47967,17915.0,,2.60055,,A,1
2025-12-14 15:10:18.790000+00:00,2.32938,,,,,3.02471,,,,,1.69994,,27000.0,,1.71076,,5.01989,13879.0,,1.50101,,,,2.32938,6.69994,18524.0,,2.0978,,A,1
2025-12-14 15:10:18.890000+00:00,2.21359,,0.0,,,2.36233,,8.2798,22892.0,,-1.09954,,0.0,,1.60588,,5.14974,14238.0,,2.79948,,,,2.21359,6.90972,19104.0,,4.30049,,A,1
2025-12-14 15:10:18.992000+00:00,3.25704,,,,,0.63139,,7.99986,22118.0,,-2.79948,,,,2.20268,,5.17976,14321.0,,0.30021,,,,3.25704,7.11986,19685.0,,2.10142,,A,1
2025-12-14 15:10:19.090000+00:00,2.67923,,,,,-1.08404,,7.83999,21676.0,,-1.59867,,,,1.25144,,5.35988,14819.0,,1.80121,,,,2.67923,7.37992,20404.0,,2.60055,,A,1
2025-12-14 15:10:19.190000+00:00,2.63989,,,,,-1.34136,,,,,,,,,1.52633,,5.51975,15261.0,,,,,,2.63989,7.5897,20984.0,,,,A,1
2025-12-14 15:10:19.290000+00:00,,,,,,,,,,,0.0,,,,,,5.66985,15676.0,,1.59867,,,,,7.79984,21565.0,,2.0978,,A,1
2025-12-14 15:10:19.390000+00:00,2.36884,,,,1.0,-0.67068,,,,,,,,,1.5625,,5.84997,16174.0,,1.50101,,,,2.36884,8.0599,22284.0,,2.10142,,A,1
2025-12-14 15:10:19.490000+00:00,2.23513,,,,,-0.33534,,,,,,,,,1.53176,,5.97982,16533.0,,1.80121,,,,2.23513,8.22989,22754.0,,2.60055,,A,1
2025-12-14 15:10:19.593000+00:00,2.41784,,,,,-0.16767,,,,,,,,,1.66648,,6.15994,17031.0,,1.29847,,,,2.41784,8.48994,23473.0,,1.69994,,A,1
2025-12-14 15:10:19.689000+00:00,2.05889,,,,,-0.08383,,,,,,,,,1.48248,,6.30968,17445.0,,1.80122,,,,2.05889,8.69973,24053.0,,2.60055,,A,1
2025-12-14 15:10:19.792000+00:00,2.32972,,,,,-0.04192,,,,,,,,,1.64185,,6.46991,17888.0,,1.49739,,,,2.32972,8.90987,24634.0,,2.09781,,A,1
2025-12-14 15:10:19.891000+00:00,2.21376,,,,,-0.02096,,,,,,,,,1.56962,,6.61965,18302.0,,1.60229,,,,2.21376,9.12977,25242.0,,2.10141,,A,1
2025-12-14 15:10:19.991000+00:00,2.15759,,,,,-0.01048,,,,,,,,,1.58595,,6.8099,18828.0,,3.39988,,,,2.15759,9.3797,25933.0,,4.69835,,A,1
2025-12-14 15:10:20.090000+00:00,3.42797,,,,,-0.00524,,,,,,,,,2.49292,,6.96,19243.0,,,,,,3.42797,9.58984,26514.0,,,,A,1
2025-12-14 15:10:20.190000+00:00,,,,,,,,,,,,,,,,,7.10974,19657.0,,1.50102,,,,,9.80975,27122.0,,2.10142,0.0,A,1
2025-12-14 15:10:20.289000+00:00,2.7647,,,,,-0.00262,,,,,,,,,1.99697,,,,,1.49739,,,,2.7647,,,,2.19907,,A,1
2025-12-14 15:10:20.391000+00:00,2.48188,,,,,-0.00131,,,,,,,,,1.74718,,7.26997,20100.0,,1.60229,,,,2.48188,10.0,27648.0,,1.90249,,A,1
2025-12-14 15:10:20.492000+00:00,2.19219,,,,,-0.00065,,,,,,,,,1.67473,,7.4197,20514.0,,1.4974,,,,2.19219,,,,0.0,,A,1
2025-12-14 15:10:20.592000+00:00,1.09609,,,,,-0.00033,,,,,,,,,1.58607,,7.56981,20929.0,,1.50101,,,,1.09609,,,,,,A,1
2025-12-14 15:10:20.690000+00:00,0.54805,,,,,-0.00016,,,,,,,,,1.54354,,7.72967,21371.0,,1.59867,,,,0.54805,,,,,,A,1
2025-12-14 15:10:20.791000+00:00,0.27402,,,,,-8e-05,,,,,,,,,1.5711,,7.90979,21869.0,,1.80121,,1.0,,0.27402,,,,,,A,1
2025-12-14 15:10:20.889000+00:00,0.13701,,,,,-4e-05,,,,,,,,,1.68616,,8.0599,22284.0,,,,,,0.13701,,,,,,A,1
2025-12-14 15:10:20.990000+00:00,,,,,,,,,,,,,,,,,8.21976,22726.0,,1.50101,,,,,,,,,,A,1
2025-12-14 15:10:21.091000+00:00,0.06851,,,,,-2e-05,,,,,,,,,1.59359,,8.39988,23224.0,,1.59867,,,,0.06851,,,,,,A,1
2025-12-14 15:10:21.189000+00:00,0.03425,,,,,-1e-05,,,,,,,,,1.59613,,8.51997,23556.0,,3.00202,,,,0.03425,,,,,,A,1
2025-12-14 15:10:21.290000+00:00,0.01713,,,,,-1e-05,,,,,,,,,2.29908,,8.67983,23998.0,,1.59867,,,,0.01713,,,,,,A,1
2025-12-14 15:10:21.392000+00:00,0.00856,,,,,-0.0,,,,,,,,,1.94887,0.0,8.85995,24496.0,,1.80121,,,,0.00856,,,,,,A,1
2025-12-14 15:10:21.489000+00:00,0.00428,,,,,-0.0,,,,,,,,,1.87504,,9.00969,24910.0,,1.49739,,,,0.00428,,,,,,A,1
2025-12-14 15:10:21.590000+00:00,0.00214,,,,,-0.0,,,,,,,,,1.68622,,9.07986,25104.0,,0.70168,,,,0.00214,,,,,,A,1
2025-12-14 15:10:21.690000+00:00,0.00107,,,,,-0.0,,,,,,,,,1.19395,,,,,0.0,,,,0.00107,,,,,,A,1
2025-12-14 15:10:21.790000+00:00,0.00054,,,,,-0.0,,,,,,,,,0.59697,,,,,,,,,0.00054,,,,,,A,1
2025-12-14 15:10:21.891000+00:00,,,1.0,,0.0,,,,,5.0,,1.0,,,,,,,5.0,,,0.0,1.0,,,,5.0,,,A,1
2025-12-14 15:10:21.990000+00:00,0.00027,,,,,-0.0,,,,,,,,,0.29849,,,,,,,,,0.00027,,,,,,A,1
2025-12-14 15:10:22.090000+00:00,0.00013,,,,,-0.0,,7.72967,21371.0,,,,,,0.14924,,9.00969,24910.0,,,,,,0.00013,9.98987,27620.0,,,,A,1
2025-12-14 15:10:22.193000+00:00,7e-05,,,,,-0.0,,7.44973,20597.0,,-1.10315,,,,0.07462,,8.85995,24496.0,,-0.70168,,,,7e-05,9.77973,27039.0,,-0.10127,,A,1
2025-12-14 15:10:22.290000+00:00,-0.0506,,,,,-0.55158,,7.16978,19823.0,,-5.59896,,,,-0.31353,,8.70985,24081.0,,-2.99841,,,,-0.0506,9.55982,26431.0,,-4.3005,,A,1
2025-12-14 15:10:22.392000+00:00,-2.17555,,,,,-3.07527,,6.83992,18911.0,,-3.29861,,,,-1.65597,,8.51997,23556.0,,-1.89887,,,,-2.17555,9.3099,25740.0,,-2.49928,,A,1
2025-12-14 15:10:22.490000+00:00,-2.33741,,,,,-3.18694,,6.56973,18164.0,,-2.70182,,,,-1.77742,,8.36986,23141.0,,-1.50102,,,,-2.33741,9.09975,25159.0,,-2.10141,,A,1
2025-12-14 15:10:22.591000+00:00,-2.21941,,,,,-2.94438,,6.28979,17390.0,,-2.79948,,,,-1.63922,,8.21976,22726.0,,-1.50101,,,,-2.21941,8.87985,24551.0,,-2.19908,,A,1
2025-12-14 15:10:22.690000+00:00,-2.20924,,,,,-2.87193,,6.01997,16644.0,,,,,,-1.57011,,8.0599,22284.0,,,,,,-2.20924,8.6697,23970.0,,,,A,1
2025-12-14 15:10:22.790000+00:00,,,,,,,,5.73966,15869.0,,-2.69821,,,,,,7.90979,21869.0,,-1.59867,,,,,8.45992,23390.0,,-2.10142,,A,1
2025-12-14 15:10:22.891000+00:00,-2.15533,,,,,-2.78507,,5.45971,15095.0,,-2.8031,,,,-1.58439,,7.75969,21454.0,,-1.50101,,,,-2.15533,8.23966,22781.0,,-2.0978,,A,1
2025-12-14 15:10:22.991000+00:00,-2.12657,,0.0,,,-2.79408,,5.18989,14349.0,,-2.79948,,,,-1.5427,,7.59983,21012.0,,,,,,-2.12657,8.02988,22201.0,,-2.20269,,A,1
2025-12-14 15:10:23.090000+00:00,-2.16463,,,27000.0,,-2.79678,,4.90994,13575.0,,-2.69821,,,,-1.52186,,7.44973,20597.0,,-1.59867,,,,-2.16463,7.81973,21620.0,,-2.0978,,A,1
2025-12-14 15:10:23.190000+00:00,-2.13121,,,0.0,,-2.74749,,4.74971,13132.0,,-2.79948,,,,-1.56026,,7.26997,20100.0,,-1.50101,,,,-2.13121,7.55968,20901.0,,-2.10142,,A,1
2025-12-14 15:10:23.290000+00:00,-2.11632,,,,,-2.77349,,,,,-1.60229,,,,-1.53064,,7.10974,19657.0,,-1.7976,,,,-2.11632,7.3499,20321.0,,-2.60055,,A,1
2025-12-14 15:10:23.389000+00:00,-2.35843,,,,,-2.18789,,,,,0.0,,,,-1.66412,,6.96,19243.0,,-3.09968,,,,-2.35843,7.12999,19713.0,,-4.29688,,A,1
2025-12-14 15:10:23.491000+00:00,-3.32765,,,,1.0,-1.09394,,,,,,,,,-2.3819,,6.8099,18828.0,,-1.50102,,,,-3.32765,6.91985,19132.0,,-2.10142,,A,1
2025-12-14 15:10:23.591000+00:00,-2.71454,,,,,-0.54697,,,,,,,,,-1.94146,,6.64967,18385.0,,-1.60228,,,,-2.71454,6.70971,18551.0,,,,A,1
2025-12-14 15:10:23.691000+00:00,,,,,,,,,,,,,,,,,6.49993,17971.0,,,,,,,6.49993,17971.0,,,,A,1
2025-12-14 15:10:23.790000+00:00,-2.40798,,,,,-0.27349,,,,,,,,,-1.77187,,6.34983,17556.0,,-1.4974,,,,-2.40798,6.27966,17362.0,,-2.0978,,A,1
2025-12-14 15:10:23.890000+00:00,-2.25289,,,,,-0.13674,,,,,,,,,-1.63463,,6.18996,17114.0,,-1.50101,,,,-2.25289,6.06988,16782.0,,-2.20269,,A,1
2025-12-14 15:10:23.990000+00:00,-2.22779,,,,,-0.06837,,,,,,,,,-1.56782,,6.03986,16699.0,,-1.59867,,,,-2.22779,5.85974,16201.0,,-2.0978,,A,1
2025-12-14 15:10:24.092000+00:00,-2.16279,,,,,-0.03419,,,,,,,,,-1.58325,,5.88976,16284.0,,-1.50101,,,,-2.16279,5.63983,15593.0,,-2.10142,,A,1
2025-12-14 15:10:24.191000+00:00,-2.13211,,,,,-0.01709,,,,,,,,,-1.54213,,5.72989,15842.0,,-1.50102,,,,-2.13211,5.42969,15012.0,,-2.19907,,A,1
2025-12-14 15:10:24.291000+00:00,-2.16559,,,,,-0.00855,,,,,,,,,-1.52157,,5.57979,15427.0,,-1.59867,,,0.0,-2.16559,5.21991,14432.0,,-2.10142,,A,1
2025-12-14 15:10:24.390000+00:00,-2.1335,,,,,-0.00427,,,,,,,,,-1.56012,,5.3899,14902.0,,-1.50101,27000.0,,,-2.1335,4.95985,13713.0,,-2.0978,,A,1
2025-12-14 15:10:24.492000+00:00,-2.11565,,,,,-0.00214,,,,,,0.0,,,-1.53057,,5.2398,14487.0,,-3.39988,0.0,,,-2.11565,4.86979,13464.0,,-3.50116,,A,1
2025-12-14 15:10:24.591000+00:00,-2.80841,,,,,-0.00107,,,,,,,27000.0,,-2.46522,,5.0897,14072.0,,,,,,-2.80841,,,,,,A,1
2025-12-14 15:10:24.690000+00:00,,,,,,,,,,,,,,,,,,,,-1.50102,,,,,,,,0.0,,A,1
2025-12-14 15:10:24.791000+00:00,-1.4042,,,,,-0.00053,,,,,,,,,-1.98312,,5.02966,13906.0,,-0.6004,,1.0,,-1.4042,,,,,,A,1
2025-12-14 15:10:24.892000+00:00,-0.7021,,,,,-0.00027,,,,,,,,,-1.29176,,,,,0.0,,,,-0.7021,,,,,,A,1
2025-12-14 15:10:24.991000+00:00,-0.35105,1.0,,,,-0.00013,,,,0.0,,,,1.0,-0.64588,,,,0.0,,,,,-0.35105,,,0.0,,,A,1
2025-12-14 15:10:25.092000+00:00,-0.17552,0.0,1.0,,0.0,-7e-05,,,,,,1.0,,0.0,-0.32294,,,,,,,0.0,1.0,-0.17552,,,,,,A,1
2025-12-14 15:10:25.192000+00:00,-0.08776,,,,,-3e-05,,,,,,,,,-0.16147,,,,,,,,,-0.08776,,,,,,A,1
2025-12-14 15:10:25.290000+00:00,-0.04388,,,,,-2e-05,,4.57972,12662.0,,-1.69994,,,,-0.08074,,5.01989,13879.0,,-0.09766,,,,-0.04388,4.79999,13271.0,,-0.69806,,A,1
2025-12-14 15:10:25.392000+00:00,-0.37097,,,,,-0.84998,,4.3099,11916.0,,-2.6982,,,,-0.0892,,,,,0.0,,,,-0.37097,4.58984,12690.0,,-2.10142,,A,1
2025-12-14 15:10:25.491000+00:00,,,,,,,,4.02995,11142.0,,,,,,,,,,,,,,,,4.3797,12109.0,,,,A,1
2025-12-14 15:10:25.591000+00:00,-1.23619,,,,,-1.77409,,3.75,10368.0,,-2.79948,,,,-0.0446,,5.00977,13851.0,,,,,,-1.23619,4.15979,11501.0,,,,A,1
2025-12-14 15:10:25.690000+00:00,-1.66881,,,,,-2.28679,,3.47982,9621.0,,-5.5013,,,,-0.0223,,,,,-0.10127,,,,-1.66881,3.94965,10920.0,,-4.30049,,A,1
2025-12-14 15:10:25.791000+00:00,-2.98465,,,,,-3.89404,,3.19987,8847.0,,-2.79948,,,,-0.06178,,,,,0.0,,,,-2.98465,3.73987,10340.0,,-2.0978,,A,1
2025-12-14 15:10:25.891000+00:00,-2.54122,,,,,-3.34676,,2.92969,8100.0,,-2.70182,,,,-0.03089,,5.0,13824.0,,-0.09766,,,,-2.54122,3.51997,9732.0,,-2.19908,,A,1
2025-12-14 15:10:25.990000+00:00,-2.37015,,,,,-3.02429,,2.5897,7160.0,,-3.39988,,,,-0.06427,,,,,0.0,,,,-2.37015,3.26968,9040.0,,-2.50289,,A,1
2025-12-14 15:10:26.093000+00:00,-2.43652,,,,,-3.21209,,2.31988,6414.0,,-2.69821,,,,-0.03214,,4.98987,13796.0,,-0.10128,,,,-2.43652,3.04977,8432.0,,-2.19908,,A,1
2025-12-14 15:10:26.192000+00:00,-2.3178,,,,,-2.95515,,2.03993,5640.0,,-2.79948,,,,-0.06671,,,,,0.0,,,,-2.3178,2.83999,7852.0,,-2.0978,,A,1
2025-12-14 15:10:26.292000+00:00,-2.2078,,,,,-2.87731,,1.76975,4893.0,,,,,,-0.03335,,,,,,,,,-2.2078,2.62985,7271.0,,,,A,1
2025-12-14 15:10:26.391000+00:00,,,,,,,,1.4898,4119.0,,-2.70182,,,,,,4.97975,13768.0,,,,,,,2.4197,6690.0,,-2.10142,,A,1
2025-12-14 15:10:26.492000+00:00,-2.15461,,,,,-2.78957,,1.21998,3373.0,,-2.79948,,,,-0.01668,,,,,-0.10127,,,,-2.15461,2.1998,6082.0,,-2.10142,,A,1
2025-12-14 15:10:26.590000+00:00,-2.12801,,,,,-2.79452,,0.93967,2598.0,,-2.69821,,,,-0.05897,,,,,0.0,,,,-2.12801,1.98966,5501.0,,-2.19908,,A,1
2025-12-14 15:10:26.692000+00:00,-2.16354,,,,,-2.74636,,0.65972,1824.0,,-2.8031,,,,-0.02949,,4.96998,13741.0,,,,,,-2.16354,1.77988,4921.0,,-2.10142,,A,1
2025-12-14 15:10:26.789000+00:00,-2.13248,,,,,-2.77473,,0.32986,912.0,,-6.09809,,,,-0.01474,,,,,-0.09766,,,,-2.13248,1.51982,4202.0,,-4.69835,,A,1
2025-12-14 15:10:26.891000+00:00,-3.41542,,0.0,,,-4.43641,,0.05968,165.0,,-2.70182,,,,-0.0562,,,,,0.0,,,,-3.41542,1.30968,3621.0,,-2.10142,,A,1
2025-12-14 15:10:26.993000+00:00,-2.75842,,,,,-3.56912,,0.0,0.0,,-0.59679,,,,-0.0281,,4.95985,13713.0,,-0.10128,,,,-2.75842,1.08977,3013.0,,-2.19907,,A,1
2025-12-14 15:10:27.090000+00:00,-2.47875,,,,,-2.08295,,,,,0.0,,,,-0.06469,,,,,0.0,,,,-2.47875,0.87999,2433.0,,-2.0978,,A,1
2025-12-14 15:10:27.192000+00:00,,,,,,,,,,,,,,,,,4.94973,13685.0,,,,,,,0.66985,1852.0,,,,A,1
2025-12-14 15:10:27.292000+00:00,-2.28827,,,,,-1.04148,,,,,,,,,-0.03234,,,,,-0.10127,,,,-2.28827,0.44994,1244.0,,-2.10142,,A,1
2025-12-14 15:10:27.393000+00:00,-2.19485,,,,1.0,-0.52074,,,,,,,,,-0.06681,,,,,0.0,,,0.0,-2.19485,0.19965,552.0,,-2.19907,,A,1
2025-12-14 15:10:27.491000+00:00,-2.19696,,,,,-0.26037,,,,,,,,,-0.0334,,4.93996,13658.0,,,,,,-2.19696,0.0,0.0,,-2.50289,,A,1
2025-12-14 15:10:27.592000+00:00,-2.34993,,,,,-0.13018,,,,,,,,,-0.0167,,,,,-0.09766,,,,-2.34993,,,,-1.99653,,A,1
2025-12-14 15:10:27.691000+00:00,-2.17323,,,,,-0.06509,,,,,,,,,-0.05718,,,,,0.0,,,,-2.17323,,,,0.0,,A,1
2025-12-14 15:10:27.791000+00:00,-1.08661,,,,,-0.03255,,,,,,,,,-0.02859,,4.92983,13630.0,,,,,,-1.08661,,,,,,A,1
2025-12-14 15:10:27.892000+00:00,-0.54331,,,,,-0.01627,,,,,,,,,-0.01429,,,,,-0.10128,,1.0,,-0.54331,,,,,,A,1
2025-12-14 15:10:27.992000+00:00,-0.27165,,,,,-0.00814,,,,,,,,,-0.05779,,4.9197,13602.0,,,,,,-0.27165,,,,,,A,1
2025-12-14 15:10:28.091000+00:00,,,,,,,,,,,,,,,,,,,,-0.10127,,,,,,,,,,A,1
2025-12-14 15:10:28.191000+00:00,-0.13583,,,,,-0.00407,,,,,,,,,-0.07953,,,,,0.0,,,,-0.13583,,,,,,A,1
2025-12-14 15:10:28.291000+00:00,-0.06791,,,,,-0.00203,,,,,,,,,-0.03976,,,,,,,,,-0.06791,,,,,,A,1
2025-12-14 15:10:28.392000+00:00,-0.03396,,,,,-0.00102,,,,,,,,,-0.01988,,4.90994,13575.0,,-0.09766,,,,-0.03396,,,,,,A,1
2025-12-14 15:10:28.491000+00:00,-0.01698,,,,,-0.00051,,,,,,,,,-0.05877,,,,,0.0,,,,-0.01698,,,,,,A,1
2025-12-14 15:10:28.591000+00:00,-0.00849,,,,,-0.00025,,,,,,,,,-0.02938,,,,,,,,,-0.00849,,,,,,A,1
2025-12-14 15:10:28.690000+00:00,-0.00424,,,,,-0.00013,,,,,,,0.0,,-0.01469,,4.89981,13547.0,,-0.10128,,,,-0.00424,,,,,,A,1
2025-12-14 15:10:28.790000+00:00,-0.00212,,,,,-6e-05,,,,,,,,,-0.05798,,4.83977,13381.0,,,,,,-0.00212,,,,,,A,1
2025-12-14 15:10:28.891000+00:00,,,,,,,,,,,,,,,,,4.6799,12939.0,,-0.6004,,,,,,,,,,A,1
2025-12-14 15:10:28.992000+00:00,-0.00106,,,,,-3e-05,,,,,,,,,-0.32919,,4.5298,12524.0,,-1.59867,,,,-0.00106,,,,,,A,1
2025-12-14 15:10:29.091000+00:00,-0.00053,,,,,-2e-05,,,,,,,,,-0.96393,,4.34968,12026.0,,-3.30223,,,,-0.00053,,,,,,A,1
2025-12-14 15:10:29.193000+00:00,-0.00027,,,,,-1e-05,,,,,,,,,-2.13308,,4.18981,11584.0,,-1.59867,,,,-0.00027,,,,,,A,1
2025-12-14 15:10:29.290000+00:00,-0.00013,,,,,-0.0,,,,,,,,,-1.86588,,4.03971,11169.0,,-1.50101,,,,-0.00013,,,,,,A,1
2025-12-14 15:10:29.392000+00:00,-7e-05,,,,,-0.0,,,,,,,,,-1.68344,,3.88997,10755.0,,-1.4974,,,,-7e-05,,,,,,A,1
2025-12-14 15:10:29.492000+00:00,-3e-05,,,,,-0.0,,,,,,,,,-1.59042,,3.72975,10312.0,,-1.60228,,,,-3e-05,,,,,,A,1
2025-12-14 15:10:29.590000+00:00,-2e-05,,,,,-0.0,,,,,,,,,-1.59635,,3.57964,9897.0,,-1.50101,,,,-2e-05,,,,,,A,1
2025-12-14 15:10:29.692000+00:00,-1e-05,,,,,-0.0,,,,,,,,,-1.54868,,3.4299,9483.0,,,,,,-1e-05,,,,,,A,1
2025-12-14 15:10:29.790000+00:00,,,,,,,,,,,,,,,,,3.23966,8957.0,,-1.4974,,,,,,,,,,A,1
2025-12-14 15:10:29.890000+00:00,-0.0,,,,,-0.0,,,,,,,,,-1.52304,,3.08992,8543.0,,-1.90249,,,,-0.0,,,,,,A,1
2025-12-14 15:10:29.992000+00:00,-0.0,,,,,-0.0,,,,,,,,,-1.71276,,2.93981,8128.0,,-1.4974,,,,-0.0,,,,,,A,1
2025-12-14 15:10:30.090000+00:00,-0.0,,,,,-0.0,,,,,,,,,-1.60508,,2.77995,7686.0,,-1.50101,,,,-0.0,,,,,,A,1
2025-12-14 15:10:30.192000+00:00,-0.0,,,,,-0.0,,,,,,,,,-1.55305,,2.62985,7271.0,,-3.09968,,,,-0.0,,,,,,A,1
2025-12-14 15:10:30.291000+00:00,-0.0,,,,,-0.0,,,,,,,,,-2.32636,,2.47975,6856.0,,-1.50101,,,,-0.0,,,,,,A,1
2025-12-14 15:10:30.391000+00:00,-0.0,,,,,-0.0,,,,,,,,,-1.91369,,2.28986,6331.0,,-1.89887,,,,-0.0,,,,,,A,1
2025-12-14 15:10:30.491000+00:00,-0.0,,,,,-0.0,,,,,,,,,-1.90628,,2.13976,5916.0,,,,,,-0.0,,,,,,A,1
2025-12-14 15:10:30.590000+00:00,,,,,,,,,,,,,,,,,1.98966,5501.0,,-1.50101,,,,,,,,,,A,1
2025-12-14 15:10:30.691000+00:00,-0.0,,,,,-0.0,,,,,,,,,-1.70365,,1.82979,5059.0,,-1.50101,,,,-0.0,,,,,,A,1
2025-12-14 15:10:30.793000+00:00,-0.0,,,,,-0.0,,,,,,,,,-1.60233,,1.67969,4644.0,,-1.59867,,,,-0.0,,,,,,A,1
2025-12-14 15:10:30.892000+00:00,-0.0,,,,,-0.0,,,,,,,,,-1.6005,,1.52995,4230.0,,-1.50101,,,,-0.0,,,,,,A,1
2025-12-14 15:10:30.989000+00:00,-0.0,,,,,-0.0,,,,,,,,,-1.55076,,1.36972,3787.0,,-1.4974,,,,-0.0,,,,,,A,1
2025-12-14 15:10:31.092000+00:00,-0.0,,,,,-0.0,,,,,,,,,-1.52408,,1.18996,3290.0,,-1.60229,,,,-0.0,,,,,,A,1
2025-12-14 15:10:31.191000+00:00,-0.0,,,,,-0.0,,,,,,,,,-1.56318,,1.02973,2847.0,,-1.7976,,,,-0.0,,,,,,A,1
2025-12-14 15:10:31.291000+00:00,-0.0,,,,,-0.0,,,,,,,,,-1.68039,,,2433.0,,,,,,-0.0,,,,,,A,1
2025-12-14 15:10:31.391000+00:00,,,,,,,,,,,,,,,,,0.87999,,,-3.09968,,,,,,,,,,A,1
2025-12-14 15:10:31.490000+00:00,-0.0,,,,,-0.0,,,,,,,,,-2.39004,,0.72989,2018.0,,-1.50101,,,,-0.0,,,,,,A,1
2025-12-14 15:10:31.592000+00:00,-0.0,,,,,-0.0,,,,,,,,,-1.94552,,0.53964,1492.0,,-1.90249,,,,-0.0,,,,,,A,1
2025-12-14 15:10:31.690000+00:00,-0.0,,,,,-0.0,,,,,,,,,-1.92401,,0.3899,1078.0,,-1.4974,,,,-0.0,,,,,,A,1
2025-12-14 15:10:31.792000+00:00,-0.0,,,,,-0.0,,,,,,0.0,,,-1.7107,,0.2398,663.0,,-1.50101,,,,-0.0,,,,,,A,1
2025-12-14 15:10:31.891000+00:00,-0.0,,,,,-0.0,,,,,,,,,-1.60586,,0.07993,221.0,,-1.59867,,,,-0.0,,,,,,A,1
2025-12-14 15:10:31.992000+00:00,-0.0,,,,,-0.0,,,,,,,,,-1.60226,,0.0,0.0,,-0.79934,,,,-0.0,,,,,,A,1
2025-12-14 15:10:32.090000+00:00,-0.0,,,,,-0.0,,,,,,,,,-1.2008,,,,,,,,,-0.0,,,,,,A,1
2025-12-14 15:10:32.191000+00:00,,,,,,,,,,,,,,,,,,,,0.0,,,,,,,,,,A,1
2025-12-14 15:10:32.292000+00:00,-0.0,,,,0.0,-0.0,1.0,,,8.0,,,,,-0.6004,1.0,,,9.0,,,0.0,,-0.0,,,10.0,,1.0,A,1
2025-12-14 15:10:32.392000+00:00,-0.0,,,,,-0.0,,,,,,,,,-0.3002,,,,,,,,,-0.0,,,,,,A,1
2025-12-14 15:10:32.491000+00:00,-0.0,,,,,-0.0,,0.15987,442.0,,1.59867,,,,-0.1501,,0.07993,221.0,,0.79934,,,,-0.0,0.05968,165.0,,0.59679,,A,1
2025-12-14 15:10:32.592000+00:00,0.29839,,,,,0.79934,,0.43982,1216.0,,2.79948,,,,0.32462,,0.2398,663.0,,1.59867,,,,0.29839,0.26982,746.0,,2.10142,,A,1
2025-12-14 15:10:32.692000+00:00,1.19991,,,,,1.79941,,0.71,1963.0,,2.70182,,,,0.96164,,0.3899,1078.0,,1.50101,,,,1.19991,0.48973,1354.0,,2.19907,,A,1
2025-12-14 15:10:32.790000+00:00,1.69949,,,,,2.25062,,1.03986,2875.0,,3.29861,,,,1.23133,,0.56966,1575.0,,1.7976,,,,1.69949,0.73966,2045.0,,2.49928,,A,1
2025-12-14 15:10:32.891000+00:00,2.09938,,,,,2.77461,,1.26989,3511.0,,2.30035,,,,1.51446,,0.69987,1935.0,,1.30208,,,,2.09938,0.90965,2515.0,,1.69994,,A,1
2025-12-14 15:10:32.993000+00:00,1.89966,,,,,2.53748,,1.59975,4423.0,,,,,,1.40827,,0.87999,2433.0,,,,,,1.89966,1.1697,3234.0,,,,A,1
2025-12-14 15:10:33.094000+00:00,,,,,,,,1.86994,5170.0,,3.29861,,,,,,1.02973,2847.0,,1.80122,,,,,1.37985,3815.0,,2.60055,,A,1
2025-12-14 15:10:33.192000+00:00,2.25011,,,,,2.91805,,2.14988,5944.0,,2.70182,,,,1.60474,,1.18996,3290.0,,1.4974,,,,2.25011,1.58999,4396.0,,2.10142,,A,1
2025-12-14 15:10:33.290000+00:00,2.17576,,,,,2.80993,,2.4197,6690.0,,2.79948,,,,1.55107,,1.3397,3704.0,,1.60229,,,,2.17576,1.8099,5004.0,,,,A,1
2025-12-14 15:10:33.390000+00:00,2.13859,,,,,2.80471,,2.69965,7464.0,,2.69821,,,,1.57668,,1.4898,4119.0,,1.4974,,,,2.13859,2.01968,5584.0,,2.19907,,A,1
2025-12-14 15:10:33.490000+00:00,2.16883,,,,,2.75146,,2.97996,8239.0,,2.79948,,,,1.53704,,1.64967,4561.0,,1.50101,,,,2.16883,2.22982,6165.0,,2.0978,,A,1
2025-12-14 15:10:33.592000+00:00,2.13332,,,,,2.77547,,3.24978,8985.0,,5.5013,,,,1.51902,,1.79977,4976.0,,3.09968,,,,2.13332,2.44973,6773.0,,4.30049,,A,1
2025-12-14 15:10:33.692000+00:00,3.2169,,,,,4.13839,,3.57964,9897.0,,3.29861,,,,2.30935,,1.98966,5501.0,,1.89887,,,,3.2169,2.69965,7464.0,,2.49928,,A,1
2025-12-14 15:10:33.790000+00:00,2.85809,,,,,3.7185,,3.85995,10672.0,,2.8031,,,,2.10411,,2.13976,5916.0,,1.50101,,,,2.85809,2.91992,8073.0,,2.20269,,A,1
2025-12-14 15:10:33.891000+00:00,,,,,,,,4.12977,11418.0,,,,,,,,2.28986,6331.0,,,,,,,3.1297,8653.0,,,,A,1
2025-12-14 15:10:33.991000+00:00,2.53039,,,,,3.2608,,4.40972,12192.0,,2.6982,,,,1.80256,,2.44973,6773.0,,1.50101,,,,2.53039,3.33984,9234.0,,2.0978,,A,1
2025-12-14 15:10:34.091000+00:00,2.3141,,,,,2.9795,,4.68967,12966.0,,2.79948,,,,1.65179,,2.59983,7188.0,,1.59867,,,,2.3141,3.54999,9815.0,,2.10142,,A,1
2025-12-14 15:10:34.190000+00:00,2.20776,,,27000.0,,2.88949,,5.01989,13879.0,,2.79948,,,,1.62523,,2.77995,7686.0,,1.50101,,,,2.20776,3.80968,10533.0,,2.10142,,A,1
2025-12-14 15:10:34.293000+00:00,2.15459,,,0.0,,2.84448,,5.18989,14349.0,,3.30223,,,,1.56312,,2.93981,8128.0,,1.80121,,,,2.15459,4.01982,11114.0,,2.59693,,A,1
2025-12-14 15:10:34.392000+00:00,2.37576,,,,,3.07336,,5.29984,14653.0,,1.69994,,,,1.68217,,3.08992,8543.0,,1.59867,,,,2.37576,4.23973,11722.0,,2.10142,,A,1
2025-12-14 15:10:34.490000+00:00,2.23859,,,,,2.38665,,,,,1.09954,,,,1.64042,,,,,1.50101,,,,2.23859,,,,2.19907,,A,1
2025-12-14 15:10:34.592000+00:00,2.21883,,,,,1.74309,,5.57979,15427.0,,2.79948,,,,1.57072,,3.23966,8957.0,,1.4974,,,,2.21883,4.44987,12303.0,,2.10142,,A,1
2025-12-14 15:10:34.692000+00:00,2.16012,,,,,2.27129,,5.84997,16174.0,,,,,,1.53406,,3.39988,9400.0,,,,,,2.16012,4.65965,12883.0,,,,A,1
2025-12-14 15:10:34.791000+00:00,,,,,,,,6.12992,16948.0,,5.5013,,,,,,3.54999,9815.0,,3.1033,,,,,4.87992,13492.0,,4.30049,,A,1
2025-12-14 15:10:34.890000+00:00,3.23031,,,,,3.88629,,6.45978,17860.0,,3.29861,,,,2.31868,,3.72975,10312.0,,1.7976,,,,3.23031,5.12985,14183.0,,2.49928,,A,1
2025-12-14 15:10:34.989000+00:00,2.86479,,,,,3.59245,,6.72996,18607.0,,2.70182,,,,2.05814,,3.88997,10755.0,,1.60228,,,,2.86479,5.33999,14764.0,,2.10142,,A,1
2025-12-14 15:10:35.092000+00:00,2.4831,,,,,3.14714,,7.00991,19381.0,,2.79948,,,,1.83021,,4.03971,11169.0,,1.4974,,,,2.4831,5.5599,15372.0,,2.19907,,A,1
2025-12-14 15:10:35.191000+00:00,2.34109,,,,,2.97331,,7.28986,20155.0,,,,,,1.6638,,4.18981,11584.0,,1.50101,,,,2.34109,5.76968,15952.0,,2.0978,,A,1
2025-12-14 15:10:35.291000+00:00,2.21945,,,,,2.88639,,7.55968,20901.0,,2.69821,,,,1.58241,,4.34968,12026.0,,1.59867,,,,2.21945,5.97982,16533.0,,2.10142,,A,1
2025-12-14 15:10:35.392000+00:00,2.16043,,,,,2.7923,0.0,7.8899,21814.0,,3.30223,,,,1.59054,,4.5298,12524.0,,1.80121,,,,2.16043,6.23987,17252.0,,2.60055,,A,1
2025-12-14 15:10:35.490000+00:00,,,,,,,,8.16985,22588.0,,,,,,,,4.6799,12939.0,,,,,,,6.44965,17832.0,,,,A,1
2025-12-14 15:10:35.592000+00:00,2.38049,,,,,3.04727,,8.2798,22892.0,,2.79948,,,,1.69588,,4.83977,13381.0,,1.50101,,,,2.38049,6.66992,18441.0,,2.0978,,A,1
2025-12-14 15:10:35.690000+00:00,2.23915,,,,,2.92337,,,,,1.09954,,27000.0,,1.59844,,4.98987,13796.0,,1.59867,,,,2.23915,6.8797,19021.0,,2.20269,,A,1
2025-12-14 15:10:35.791000+00:00,2.22092,,,,,2.01146,,,,,0.0,,0.0,,1.59856,,5.11972,14155.0,,1.50101,,,,2.22092,7.08984,19602.0,,2.0978,,A,1
2025-12-14 15:10:35.891000+00:00,2.15936,,,,1.0,1.00573,,,,,,,,,1.54978,,5.17976,14321.0,,1.89888,,,,2.15936,7.3499,20321.0,,4.70197,,A,1
2025-12-14 15:10:35.990000+00:00,3.43067,,,,,0.50286,,,,,,,,,1.72433,,5.32986,14736.0,,1.50101,,,,3.43067,7.55968,20901.0,,2.0978,,A,1
2025-12-14 15:10:36.090000+00:00,2.76423,,,,,0.25143,,,,,,,,,1.61267,,5.48973,15178.0,,1.59867,,,,2.76423,7.76982,21482.0,,2.10142,,A,1
2025-12-14 15:10:36.191000+00:00,2.43283,,,,,0.12572,,,,,,,,,1.60567,,5.63983,15593.0,,1.50101,,,,2.43283,7.98973,22090.0,,2.19907,,A,1
2025-12-14 15:10:36.292000+00:00,2.31595,,,,,0.06286,,,,,,,,,1.55334,,5.78993,16008.0,,,,,,2.31595,8.19987,22671.0,,,,A,1
2025-12-14 15:10:36.392000+00:00,,,,,,,,,,,,,,,,,5.9498,16450.0,,,,,,,8.40965,23251.0,,2.10142,,A,1
2025-12-14 15:10:36.492000+00:00,2.20869,,,,,0.03143,,,,,,,,,1.52718,,6.12992,16948.0,,1.59867,,,,2.20869,8.6697,23970.0,,2.0978,,A,1
2025-12-14 15:10:36.590000+00:00,2.15324,,,,,0.01571,,,,,,,,,1.56292,,6.27966,17362.0,,1.80122,,,,2.15324,8.87985,24551.0,,2.60055,,A,1
2025-12-14 15:10:36.690000+00:00,2.37689,,,,,0.00786,,,,,,,,,1.68207,,6.43989,17805.0,,1.49739,,,,2.37689,9.09975,25159.0,,2.10142,,A,1
2025-12-14 15:10:36.789000+00:00,2.23916,,,,,0.00393,,,,,,,,,1.58973,,6.58999,18220.0,,1.60229,,,,2.23916,9.3099,25740.0,,2.19908,,A,1
2025-12-14 15:10:36.891000+00:00,2.21912,,,,,0.00196,,,,,,,,,1.59601,,6.73973,18634.0,,1.50101,,,,2.21912,9.51968,26320.0,,2.10141,,A,1
2025-12-14 15:10:36.990000+00:00,2.16026,,,,,0.00098,,,,,,,,,1.54851,,6.92998,19160.0,,3.39989,,,,2.16026,9.77973,27039.0,,4.69835,0.0,A,1
2025-12-14 15:10:37.191000+00:00,3.42931,,,,,0.00049,,,,,,,,,2.4742,,7.07972,19574.0,,1.49739,,,,3.42931,9.98987,27620.0,,2.10142,,A,1
2025-12-14 15:10:37.289000+00:00,2.76537,,,,,0.00025,,,,,,,,,1.9858,,7.22982,19989.0,,1.50101,,,,2.76537,10.0,27648.0,,0.10127,,A,1
2025-12-14 15:10:37.390000+00:00,1.43332,,,,,0.00012,,,,,,,,,1.7434,,7.38968,20431.0,,1.59867,,,,1.43332,,,,0.0,,A,1
2025-12-14 15:10:37.491000+00:00,0.71666,,,,,6e-05,,,,,,,,,1.67104,,7.53979,20846.0,,1.50101,,,,0.71666,,,,,,A,1
2025-12-14 15:10:37.592000+00:00,0.35833,,,,,3e-05,,,,,,,,,1.58603,,7.68989,21261.0,,,,1.0,,0.35833,,,,,,A,1
2025-12-14 15:10:37.691000+00:00,0.17916,,,,,2e-05,,,,,,,,,1.54352,,7.87977,21786.0,,1.89887,,,,0.17916,,,,,,A,1
2025-12-14 15:10:37.791000+00:00,0.08958,,,,,1e-05,,,,,,,,,1.72119,,8.02988,22201.0,,1.50102,,,,0.08958,,,,,,A,1
2025-12-14 15:10:37.891000+00:00,0.04479,,,,,0.0,,,,,,,,,1.61111,,8.18974,22643.0,,,,,,0.04479,,,,,,A,1
2025-12-14 15:10:37.990000+00:00,,,,,,,,,,,,,,,,,8.33984,23058.0,,1.59866,,,,,,,,,,A,1
2025-12-14 15:10:38.092000+00:00,0.0224,,,,,0.0,,,,,,,,,1.60488,,8.48994,23473.0,,1.50102,,,,0.0224,,,,,,A,1
2025-12-14 15:10:38.190000+00:00,0.0112,,,,,0.0,,,,,,,,,1.55295,,8.67983,23998.0,,3.39989,,,,0.0112,,,,,,A,1
2025-12-14 15:10:38.290000+00:00,0.0056,,,,,0.0,,,,,,,,,2.47642,0.0,8.82993,24413.0,,1.50101,,,,0.0056,,,,,,A,1
2025-12-14 15:10:38.390000+00:00,0.0028,,,,,0.0,,,,,,,,,1.98871,,8.97967,24827.0,,1.49739,,,,0.0028,,,,,,A,1
2025-12-14 15:10:38.490000+00:00,0.0014,,,,,0.0,,,,,,,,,1.74305,,9.03971,24993.0,,0.6004,,,,0.0014,,,,,,A,1
2025-12-14 15:10:38.592000+00:00,0.0007,,,,,0.0,,,,,,,,,1.17173,,,,,0.0,,,,0.0007,,,,,,A,1
2025-12-14 15:10:38.691000+00:00,0.00035,,,,,0.0,,,,,,,,,0.58586,,,,,,,,,0.00035,,,,,,A,1
2025-12-14 15:10:38.791000+00:00,,,1.0,,0.0,,,,,5.0,,1.0,,,,,,,5.0,,,0.0,1.0,,,,5.0,,,A,1
2025-12-14 15:10:38.892000+00:00,0.00017,,,,,0.0,,,,,,,,,0.29293,,,,,,,,,0.00017,,,,,,A,1
2025-12-14 15:10:38.990000+00:00,9e-05,,,,,0.0,,8.10981,22422.0,,,,,,0.14647,,8.94965,24744.0,,,,,,9e-05,9.95985,27537.0,,,,A,1
2025-12-14 15:10:39.091000+00:00,4e-05,,,,,0.0,,7.83999,21676.0,,-1.69994,,,,0.07323,,8.79991,24330.0,,-0.9006,,,,4e-05,9.74971,26956.0,,-0.40148,,A,1
2025-12-14 15:10:39.192000+00:00,-0.20072,,,,,-0.84997,,7.55968,20901.0,,-2.69821,,,,-0.41368,,8.64981,23915.0,,-1.49739,,,,-0.20072,9.5298,26348.0,,-2.10142,,A,1
2025-12-14 15:10:39.290000+00:00,-1.15107,,,,,-1.77409,,7.22982,19989.0,,-6.10171,,,,-0.95554,,8.45992,23390.0,,-3.39989,,,,-1.15107,9.27988,25657.0,,-4.69834,,A,1
2025-12-14 15:10:39.392000+00:00,-2.92471,,,,,-3.9379,,6.94987,19215.0,,-2.79948,,,,-2.17771,,8.30982,22975.0,,-1.50102,,,,-2.92471,9.05997,25049.0,,-2.19908,,A,1
2025-12-14 15:10:39.491000+00:00,-2.56189,,,,,-3.36869,,6.67969,18468.0,,,,,,-1.83936,,8.14996,22533.0,,,,,,-2.56189,8.84983,24468.0,,,,A,1
2025-12-14 15:10:39.590000+00:00,,,,,,,,6.39974,17694.0,,-2.70182,,,,,,7.99986,22118.0,,-1.59866,,,,,8.63968,23887.0,,-2.10142,,A,1
2025-12-14 15:10:39.692000+00:00,-2.33166,,,,,-3.03525,,6.12992,16948.0,,-2.79948,,,,-1.71901,,7.84975,21703.0,,-1.50102,,,,-2.33166,8.4299,23307.0,,-2.10141,,A,1
2025-12-14 15:10:39.790000+00:00,-2.21653,,,,,-2.91737,,5.7997,16035.0,,-2.6982,,,,-1.61002,,7.65987,21178.0,,-1.50101,,,,-2.21653,8.16985,22588.0,,-2.09781,,A,1
2025-12-14 15:10:39.890000+00:00,-2.15717,,,,,-2.80779,,5.51975,15261.0,,-3.30223,,,,-1.55551,,7.50977,20763.0,,-1.89887,,,,-2.15717,7.95971,22007.0,,-2.60055,,A,1
2025-12-14 15:10:39.991000+00:00,-2.37886,,0.0,,,-3.05501,,5.2398,14487.0,,-2.79948,,,,-1.72719,,7.35966,20348.0,,-1.50101,,,,-2.37886,7.7398,21399.0,,-2.10142,,A,1
2025-12-14 15:10:40.091000+00:00,-2.24014,,,27000.0,,-2.92724,,4.96998,13741.0,,,,,,-1.6141,,7.1998,19906.0,,,,,,-2.24014,7.52966,20818.0,,-2.19908,,A,1
2025-12-14 15:10:40.192000+00:00,-2.21961,,,,,-2.86336,,,13436.0,,-2.69821,,,,-1.55756,,,19491.0,,-1.59867,,,,-2.21961,,20238.0,,-2.10142,,A,1
2025-12-14 15:10:40.292000+00:00,-2.16051,,,0.0,,-2.78078,,4.85966,,,-1.10315,,,,-1.57811,,7.0497,,,-1.50101,,,,-2.16051,7.31988,,,-2.0978,,A,1
2025-12-14 15:10:40.390000+00:00,-2.12915,,,,,-1.94197,,,,,,,,,-1.53956,,6.89996,19077.0,,,,,,-2.12915,7.09997,19630.0,,,,A,1
2025-12-14 15:10:40.491000+00:00,,,,,,,,,,,0.0,,,,,,6.70971,18551.0,,-3.39988,,,,,6.84968,18938.0,,-4.70197,,A,1
2025-12-14 15:10:40.592000+00:00,-3.41556,,,,1.0,-0.97098,,,,,,,,,-2.46972,,6.55997,18137.0,,-1.4974,,,,-3.41556,6.62977,18330.0,,-2.19907,,A,1
2025-12-14 15:10:40.691000+00:00,-2.80732,,,,,-0.48549,,,,,,,,,-1.98356,,6.40987,17722.0,,-1.50101,,,,-2.80732,6.41999,17750.0,,-2.0978,,A,1
2025-12-14 15:10:40.790000+00:00,-2.45256,,,,,-0.24275,,,,,,,,,-1.74229,,6.25,17280.0,,-1.59867,,,,-2.45256,6.20985,17169.0,,-2.10142,,A,1
2025-12-14 15:10:40.891000+00:00,-2.27699,,,,,-0.12137,,,,,,,,,-1.67048,,6.0999,16865.0,,-1.50101,,,,-2.27699,5.99971,16588.0,,,,A,1
2025-12-14 15:10:40.993000+00:00,-2.1892,,,,,-0.06069,,,,,,,,,-1.58574,,5.91978,16367.0,,-1.80122,,,,-2.1892,5.73966,15869.0,,-2.60055,,A,1
2025-12-14 15:10:41.090000+00:00,-2.39488,,,,,-0.03034,,,,,,,,,-1.69348,,5.75991,15925.0,,-1.59867,,,,-2.39488,5.52988,15289.0,,-2.0978,,A,1
2025-12-14 15:10:41.192000+00:00,-2.24634,,,,,-0.01517,,,,,,,,,-1.64607,,5.60981,15510.0,,,,,,-2.24634,5.30997,14681.0,,,,A,1
2025-12-14 15:10:41.290000+00:00,,,,,,,,,,,,,,,,,5.45971,15095.0,,-1.50101,27000.0,,0.0,,5.09983,14100.0,,-2.19907,,A,1
2025-12-14 15:10:41.393000+00:00,-2.22271,,,,,-0.00759,,,,,,0.0,,,-1.57354,,5.29984,14653.0,,,,,,-2.22271,4.9197,13602.0,,-2.10142,,A,1
2025-12-14 15:10:41.492000+00:00,-2.16206,,,,,-0.00379,,,,,,,,,-1.53728,,5.14974,14238.0,,-1.59867,,,,-2.16206,4.90994,13575.0,,-1.80121,,A,1
2025-12-14 15:10:41.591000+00:00,-1.98164,,,,,-0.0019,,,,,,,27000.0,,-1.56797,,5.05968,13989.0,,-2.40162,,,,-1.98164,,,,-0.09766,,A,1
2025-12-14 15:10:41.691000+00:00,-1.03965,,,,,-0.00095,,,,,,,,,-1.9848,,,,,0.0,,,,-1.03965,,,,0.0,,A,1
2025-12-14 15:10:41.789000+00:00,-0.51982,,,,,-0.00047,,,,,,,,,-0.9924,,,,,,,1.0,,-0.51982,,,,,,A,1
2025-12-14 15:10:41.892000+00:00,-0.25991,,1.0,,0.0,-0.00024,,,,0.0,,1.0,,,-0.4962,,,,0.0,,,0.0,1.0,-0.25991,,,0.0,,,A,1
2025-12-14 15:10:41.990000+00:00,-0.12996,,,,,-0.00012,,,,,,,,,-0.2481,,,,,,,,,-0.12996,,,,,,A,1
2025-12-14 15:10:42.091000+00:00,,,,,,,,4.68967,12966.0,,,,,,,,5.04991,13962.0,,,,,,,,,,,,A,1
2025-12-14 15:10:42.192000+00:00,-0.06498,,,,,-6e-05,,4.41985,12220.0,,-1.69994,,,,-0.12405,,,,,-0.09766,,,,-0.06498,,,,,,A,1
2025-12-14 15:10:42.291000+00:00,-0.03249,,,,,-0.85,,4.19994,11612.0,,-2.69821,,,,-0.11085,,,,,0.0,0.0,,,-0.03249,4.89981,13547.0,,,,A,1
2025-12-14 15:10:42.391000+00:00,-0.01624,,,,,-1.7741,,3.86972,10699.0,,-2.19907,,,,-0.05543,,5.03979,13934.0,,,,,,-0.01624,4.81988,13326.0,,-0.10128,,A,1
2025-12-14 15:10:42.489000+00:00,-0.05876,,,,,-1.98659,,3.58977,9925.0,,-3.30223,,,,-0.02771,,,,,-0.10127,,,,-0.05876,4.60974,12745.0,,-0.79933,,A,1
2025-12-14 15:10:42.591000+00:00,-0.42905,,,,,-2.64441,,3.30982,9151.0,,-2.79948,,,,-0.06449,,,,,0.0,,,,-0.42905,4.39996,12165.0,,-2.10142,,A,1
2025-12-14 15:10:42.690000+00:00,-1.26523,,,,,-2.72194,,3.03964,8404.0,,-5.5013,,,,-0.03225,,5.02966,13906.0,,-0.10128,,,,-1.26523,4.18981,11584.0,,-4.19922,,A,1
2025-12-14 15:10:42.793000+00:00,-2.73223,,,,,-4.11162,,2.75969,7630.0,,-2.79948,,,,-0.06676,,,,,0.0,,,,-2.73223,3.96991,10976.0,,-2.19907,,A,1
2025-12-14 15:10:42.891000+00:00,-2.46565,,,,,-3.45555,,2.48987,6884.0,,,,,,-0.03338,,,,,,,,,-2.46565,3.75977,10395.0,,,,A,1
2025-12-14 15:10:42.990000+00:00,,,,,,,,2.14988,5944.0,,-2.6982,,,,,,5.01989,13879.0,,,,,,,3.49971,9676.0,,-2.10142,,A,1
2025-12-14 15:10:43.090000+00:00,-2.28353,,,,,-3.07688,,1.8797,5197.0,,-3.39988,,,,-0.01669,,,,,-0.09766,,,,-2.28353,3.28993,9096.0,,-2.60055,,A,1
2025-12-14 15:10:43.191000+00:00,-2.44204,,,,,-3.23838,,1.59975,4423.0,,-2.70182,,,,-0.05717,,5.00977,13851.0,,0.0,,,,-2.44204,3.07979,8515.0,,-2.0978,,A,1
2025-12-14 15:10:43.292000+00:00,-2.26992,,,,,-2.9701,,1.32993,3677.0,,-2.79948,,,,-0.02859,,,,,-0.10127,,,,-2.26992,2.85988,7907.0,,-2.10142,,A,1
2025-12-14 15:10:43.391000+00:00,-2.18567,,,,,-2.88479,,,2903.0,,-2.69821,,,,-0.06493,,,,,0.0,,,,-2.18567,,7326.0,,-2.19907,,A,1
2025-12-14 15:10:43.491000+00:00,-2.19237,,,,,-2.7915,,1.04999,,,-2.79948,,,,-0.03246,,,,,,,,,-2.19237,2.64974,,,-2.10142,,A,1
2025-12-14 15:10:43.592000+00:00,-2.1469,,,,,-2.79549,,0.7798,2156.0,,-2.70182,,,,-0.01623,,5.0,13824.0,,-0.09766,,,,-2.1469,2.43996,6746.0,,-2.0978,,A,1
2025-12-14 15:10:43.692000+00:00,-2.12235,,,,,-2.74866,,0.43982,1216.0,,-3.39988,,,,-0.05694,,,,,0.0,,,,-2.12235,2.1799,6027.0,,-2.60055,,A,1
2025-12-14 15:10:43.789000+00:00,,,0.0,,,,,0.21991,608.0,,,,,,,,,,,,,,,,2.00991,5557.0,,,,A,1
2025-12-14 15:10:43.893000+00:00,-2.36145,,,,,-3.07427,,0.0,0.0,,-4.39815,,,,-0.02847,,4.98987,13796.0,,-0.10128,,,,-2.36145,1.79977,4976.0,,-3.80136,,A,1
2025-12-14 15:10:43.991000+00:00,-3.0814,,,,,-3.73621,,,,,0.0,,,,-0.06487,,,,,0.0,,,,-3.0814,1.58999,4396.0,,-2.0978,,A,1
2025-12-14 15:10:44.093000+00:00,-2.5896,,,,,-1.8681,,,,,,,,,-0.03244,,4.97975,13768.0,,-0.10127,,,,-2.5896,1.32993,3677.0,,-2.60055,,A,1
2025-12-14 15:10:44.190000+00:00,-2.59508,,,,,-0.93405,,,,,,,,,-0.06685,,,,,0.0,,,,-2.59508,1.11979,3096.0,,-2.10142,,A,1
2025-12-14 15:10:44.290000+00:00,-2.34825,,,,1.0,-0.46703,,,,,,,,,-0.03343,,,,,,,,,-2.34825,0.89988,2488.0,,-2.19907,,A,1
2025-12-14 15:10:44.393000+00:00,-2.27366,,,,,-0.23351,,,,,,,,,-0.01671,,4.96998,13741.0,,-0.09766,,,,-2.27366,0.68974,1907.0,,-2.10142,,A,1
2025-12-14 15:10:44.491000+00:00,-2.18754,,,,,-0.11676,,,,,,,,,-0.05718,,,,,0.0,,,,-2.18754,0.43982,1216.0,,-2.49928,,A,1
2025-12-14 15:10:44.590000+00:00,-2.34341,,,,,-0.05838,,,,,,,,,-0.02859,,,,,,,,0.0,-2.34341,0.21991,608.0,,,,A,1
2025-12-14 15:10:44.691000+00:00,,,,,,,,,,,,,,,,,4.95985,13713.0,,,,,,,0.00977,27.0,,-2.19907,,A,1
2025-12-14 15:10:44.793000+00:00,-2.27124,,,,,-0.02919,,,,,,,,,-0.0143,,,,,-0.10128,,,,-2.27124,,,,-2.10142,,A,1
2025-12-14 15:10:44.890000+00:00,-2.18633,,,,,-0.01459,,,,,,,,,-0.05779,,,,,0.0,,,,-2.18633,,,,0.0,,A,1
2025-12-14 15:10:44.991000+00:00,-1.09316,,,,,-0.0073,,,,,,,,,-0.02889,,4.94973,13685.0,,-0.10127,,,,-1.09316,,,,,,A,1
2025-12-14 15:10:45.091000+00:00,-0.54658,,,,,-0.00365,,,,,,,,,-0.06508,,,,,0.0,,1.0,,-0.54658,,,,,,A,1
2025-12-14 15:10:45.190000+00:00,-0.27329,,,,,-0.00182,,,,,,,,,-0.03254,,4.93996,13658.0,,-0.09766,,,,-0.27329,,,,,,A,1
2025-12-14 15:10:45.290000+00:00,-0.13665,,,,,-0.00091,,,,,,,,,-0.0651,,,,,0.0,,,,-0.13665,,,,,,A,1
2025-12-14 15:10:45.390000+00:00,-0.06832,,,,,-0.00046,,,,,,,,,-0.03255,,,,,,,,,-0.06832,,,,,,A,1
2025-12-14 15:10:45.492000+00:00,,,,,,,,,,,,,,,,,4.92983,13630.0,,,,,,,,,,,,A,1
2025-12-14 15:10:45.591000+00:00,-0.03416,,,,,-0.00023,,,,,,,,,-0.01627,,,,,-0.10128,,,,-0.03416,,,,,,A,1
2025-12-14 15:10:45.693000+00:00,-0.01708,,,,,-0.00011,,,,,,,,,-0.05878,,,,,0.0,,,,-0.01708,,,,,,A,1
2025-12-14 15:10:45.790000+00:00,-0.00854,,,,,-6e-05,,,,,,,,,-0.02939,,4.9197,13602.0,,,,,,-0.00854,,,,,,A,1
2025-12-14 15:10:45.893000+00:00,-0.00427,,,,,-3e-05,,,,,,,,,-0.01469,,,,,-0.10127,,,,-0.00427,,,,,,A,1
2025-12-14 15:10:45.992000+00:00,-0.00214,,,,,-1e-05,,,,,,,,,-0.05798,,4.90994,13575.0,,0.0,,,,-0.00214,,,,,,A,1
2025-12-14 15:10:46.090000+00:00,-0.00107,,,,,-1e-05,,,,,,,,,-0.02899,,,,,-0.09766,,,,-0.00107,,,,,,A,1
2025-12-14 15:10:46.191000+00:00,-0.00053,,,,,-0.0,,,,,,,,,-0.06332,,,,,,,,,-0.00053,,,,,,A,1
2025-12-14 15:10:46.292000+00:00,,,,,,,,,,,,,,,,,,,,0.0,,,,,,,,,,A,1
2025-12-14 15:10:46.390000+00:00,-0.00027,,,,,-0.0,,,,,,,0.0,,-0.03166,,4.89981,13547.0,,-0.10128,,,,-0.00027,,,,,,A,1
2025-12-14 15:10:46.492000+00:00,-0.00013,,,,,-0.0,,,,,,,,,-0.06647,,4.83977,13381.0,,-0.6004,,,,-0.00013,,,,,,A,1
2025-12-14 15:10:46.589000+00:00,-7e-05,,,,,-0.0,,,,,,,,,-0.33344,,4.68967,12966.0,,-1.50101,,,,-7e-05,,,,,,A,1
2025-12-14 15:10:46.690000+00:00,-3e-05,,,,,-0.0,,,,,,,,,-0.91722,,4.5298,12524.0,,-1.59867,,,,-3e-05,,,,,,A,1
2025-12-14 15:10:46.792000+00:00,-2e-05,,,,,-0.0,,,,,,,,,-1.25795,,4.3797,12109.0,,-1.50101,,,,-2e-05,,,,,,A,1
2025-12-14 15:10:46.889000+00:00,-1e-05,,,,,-0.0,,,,,,,,,-1.37948,,4.19994,11612.0,,-1.7976,,,,-1e-05,,,,,,A,1
2025-12-14 15:10:46.991000+00:00,-0.0,,,,,-0.0,,,,,,,,,-1.58854,,4.03971,11169.0,,,,,,-0.0,,,,,,A,1
2025-12-14 15:10:47.092000+00:00,,,,,,,,,,,,,,,,,3.88997,10755.0,,-1.60229,,,,,,,,,,A,1
2025-12-14 15:10:47.191000+00:00,-0.0,,,,,-0.0,,,,,,,,,-1.59541,,3.73987,10340.0,,-1.4974,,,,-0.0,,,,,,A,1
2025-12-14 15:10:47.290000+00:00,-0.0,,,,,-0.0,,,,,,,,,-1.5464,,3.57964,9897.0,,-3.1033,,,,-0.0,,,,,,A,1
2025-12-14 15:10:47.390000+00:00,-0.0,,,,,-0.0,,,,,,,,,-2.32485,,3.4299,9483.0,,-1.4974,,,,-0.0,,,,,,A,1
2025-12-14 15:10:47.492000+00:00,-0.0,,,,,-0.0,,,,,,,,,-1.91112,,3.23966,8957.0,,-1.90249,,,,-0.0,,,,,,A,1
2025-12-14 15:10:47.589000+00:00,-0.0,,,,,-0.0,,,,,,,,,-1.90681,,3.08992,8543.0,,-1.4974,,,,-0.0,,,,,,A,1
2025-12-14 15:10:47.690000+00:00,-0.0,,,,,-0.0,,,,,,,,,-1.7021,,2.93981,8128.0,,-1.50101,,,,-0.0,,,,,,A,1
2025-12-14 15:10:47.790000+00:00,-0.0,,,,,-0.0,,,,,,,,,-1.60156,,2.77995,7686.0,,,,,,-0.0,,,,,,A,1
2025-12-14 15:10:47.890000+00:00,,,,,,,,,,,,,,,,,2.59983,7188.0,,-1.59867,,,,,,,,,,A,1
2025-12-14 15:10:47.992000+00:00,-0.0,,,,,-0.0,,,,,,,,,-1.60011,,2.44973,6773.0,,-1.80121,,,,-0.0,,,,,,A,1
2025-12-14 15:10:48.090000+00:00,-0.0,,,,,-0.0,,,,,,,,,-1.70066,,2.28986,6331.0,,-1.50101,,,,-0.0,,,,,,A,1
2025-12-14 15:10:48.191000+00:00,-0.0,,,,,-0.0,,,,,,,,,-1.60084,,2.13976,5916.0,,-1.59867,,,,-0.0,,,,,,A,1
2025-12-14 15:10:48.290000+00:00,-0.0,,,,,-0.0,,,,,,,,,-1.59975,,1.96,5419.0,,-1.50101,,,,-0.0,,,,,,A,1
2025-12-14 15:10:48.391000+00:00,-0.0,,,,,-0.0,,,,,,,,,-1.55038,,1.79977,4976.0,,-3.39988,,,,-0.0,,,,,,A,1
2025-12-14 15:10:48.490000+00:00,-0.0,,,,,-0.0,,,,,,,,,-2.47513,,1.64967,4561.0,,-1.50101,,,,-0.0,,,,,,A,1
2025-12-14 15:10:48.592000+00:00,-0.0,,,,,-0.0,,,,,,,,,-1.98807,,1.49993,4147.0,,,,,,-0.0,,,,,,A,1
2025-12-14 15:10:48.691000+00:00,,,,,,,,,,,,,,,,,1.3397,3704.0,,-1.4974,,,,,,,,,,A,1
2025-12-14 15:10:48.791000+00:00,-0.0,,,,,-0.0,,,,,,,,,-1.74273,,1.15994,3207.0,,-1.60229,,,,-0.0,,,,,,A,1
2025-12-14 15:10:48.892000+00:00,-0.0,,,,,-0.0,,,,,,,,,-1.67251,,,,,-1.7976,,,,-0.0,,,,,,A,1
2025-12-14 15:10:48.990000+00:00,-0.0,,,,,-0.0,,,,,,,,,-1.73505,,1.00984,2792.0,,-1.50101,,,,-0.0,,,,,,A,1
2025-12-14 15:10:49.092000+00:00,-0.0,,,,,-0.0,,,,,,,,,-1.61803,,0.84997,2350.0,,-1.59867,,,,-0.0,,,,,,A,1
2025-12-14 15:10:49.190000+00:00,-0.0,,,,,-0.0,,,,,,,,,-1.60835,,0.69987,1935.0,,-1.50101,,,,-0.0,,,,,,A,1
2025-12-14 15:10:49.292000+00:00,-0.0,,,,,-0.0,,,,,,,,,-1.55468,,0.53964,1492.0,,-1.60229,,,,-0.0,,,,,,A,1
2025-12-14 15:10:49.391000+00:00,,,,,,,,,,,,,,,,,0.35988,995.0,,,,,,,,,,,,A,1
2025-12-14 15:10:49.491000+00:00,-0.0,,,,,-0.0,,,,,,0.0,,,-1.57848,,0.20978,580.0,,-1.7976,,,,-0.0,,,,,,A,1
2025-12-14 15:10:49.590000+00:00,-0.0,,,,,-0.0,,,,,,,,,-1.68804,,0.04991,138.0,,-3.09968,,,,-0.0,,,,,,A,1
2025-12-14 15:10:49.691000+00:00,-0.0,,,,,-0.0,,,,,,,,,-2.39386,,0.0,0.0,,-0.49913,,,,-0.0,,,,,,A,1
2025-12-14 15:10:49.790000+00:00,-0.0,,,,,-0.0,,,,,,,,,-1.4465,,,,,0.0,,,,-0.0,,,,,,A,1
2025-12-14 15:10:49.891000+00:00,-0.0,,,,,-0.0,,,,,,,,,-0.72325,,,,,,,,,-0.0,,,,,,A,1
2025-12-14 15:10:49.991000+00:00,-0.0,,,,0.0,-0.0,1.0,,,8.0,,,,,-0.36162,1.0,,,9.0,,,0.0,,-0.0,,,10.0,,1.0,A,1
2025-12-14 15:10:50.090000+00:00,-0.0,,,,,-0.0,,,,,,,,,-0.18081,,,,,,,,,-0.0,,,,,,A,1
2025-12-14 15:10:50.191000+00:00,,,,,,,,0.15987,442.0,,,,,,,,0.06981,193.0,,,,,,,0.07993,221.0,,,,A,1
2025-12-14 15:10:50.291000+00:00,-0.0,,,,,-0.0,,0.43982,1216.0,,1.59867,,,,-0.09041,,0.22967,635.0,,0.69806,,,,-0.0,0.29984,829.0,,0.70168,,A,1
2025-12-14 15:10:50.391000+00:00,0.35084,,,,,0.79934,,0.76968,2128.0,,2.79948,,,,0.30383,,0.4098,1133.0,,1.59867,,,,0.35084,0.54977,1520.0,,2.19907,,A,1
2025-12-14 15:10:50.492000+00:00,1.27496,,,,,1.79941,,1.03986,2875.0,,3.29861,,,,0.95125,,0.56966,1575.0,,1.80122,,,,1.27496,0.75991,2101.0,,2.49928,,A,1
2025-12-14 15:10:50.591000+00:00,1.88712,,,,,2.54901,,1.31981,3649.0,,2.70182,,,,1.37623,,0.71976,1990.0,,1.59867,,,,1.88712,0.97982,2709.0,,2.10142,,A,1
2025-12-14 15:10:50.691000+00:00,1.99427,,,,,2.62542,,1.59975,4423.0,,5.59896,,,,1.48745,,0.86986,2405.0,,3.00203,,,,1.99427,1.18996,3290.0,,4.30049,,A,1
2025-12-14 15:10:50.790000+00:00,3.14738,,,,,4.11219,,1.92998,5336.0,,3.30223,,,,2.24474,,1.05975,2930.0,,1.89887,,,,3.14738,1.44965,4008.0,,2.59693,,A,1
2025-12-14 15:10:50.892000+00:00,2.87216,,,,,3.70721,,2.1998,6082.0,,2.69821,,,,2.07181,,1.20985,3345.0,,1.50101,,,,2.87216,1.65979,4589.0,,2.10142,,A,1
2025-12-14 15:10:50.991000+00:00,,,,,,,,2.47975,6856.0,,,,,,,,1.35995,3760.0,,,,,,,1.86994,5170.0,,,,A,1
2025-12-14 15:10:51.092000+00:00,2.48679,,,,,3.20271,,2.75969,7630.0,,2.79948,,,,1.78641,,1.51982,4202.0,,1.50101,,,,2.48679,2.08984,5778.0,,,,A,1
2025-12-14 15:10:51.192000+00:00,2.2941,,,,,3.00109,,3.02988,8377.0,,2.79948,,,,1.64371,,1.66992,4617.0,,1.59867,,,,2.2941,2.29999,6359.0,,2.19907,,A,1
2025-12-14 15:10:51.290000+00:00,2.24659,,,,,2.90029,,3.30982,9151.0,,2.70182,,,,1.62119,,1.81966,5031.0,,1.50101,,,,2.24659,2.50977,6939.0,,2.10142,,A,1
2025-12-14 15:10:51.392000+00:00,2.174,,,,,2.80105,,3.57964,9897.0,,2.79948,,,,1.5611,,1.97989,5474.0,,1.4974,,,,2.174,2.72967,7547.0,,2.0978,,A,1
2025-12-14 15:10:51.490000+00:00,2.1359,,,,,2.80027,,3.85995,10672.0,,2.6982,,,,1.52925,,2.12999,5889.0,,1.60229,,,,2.1359,2.93981,8128.0,,2.19907,,A,1
2025-12-14 15:10:51.591000+00:00,2.16749,,,,,2.74924,,4.12977,11418.0,,2.8031,,,,1.56577,,2.27973,6303.0,,1.50101,,,,2.16749,3.14996,8709.0,,2.10142,,A,1
2025-12-14 15:10:51.692000+00:00,2.13445,,,,,2.77617,,4.40972,12192.0,,2.6982,,,,1.53339,,2.43996,6746.0,,1.4974,,,,2.13445,3.35974,9289.0,,2.10142,,A,1
2025-12-14 15:10:51.793000+00:00,2.11793,,,,,2.73719,,4.73994,13105.0,,6.10171,,,,1.51539,,2.61972,7243.0,,3.39988,,,,2.11793,3.61979,10008.0,,4.69835,,A,1
2025-12-14 15:10:51.892000+00:00,3.40814,,,27000.0,,4.41945,,5.01989,13879.0,,,,,,2.45764,,2.76982,7658.0,,,,,,3.40814,3.82993,10589.0,,,,A,1
2025-12-14 15:10:51.992000+00:00,,,,,,,,,,,2.79948,,,,,,,,,1.50101,,,,,,,,2.10142,,A,1
2025-12-14 15:10:52.090000+00:00,2.75478,,,0.0,,3.60946,,5.18989,14349.0,,1.69994,,,,1.97933,,2.92969,8100.0,,1.59867,,,,2.75478,4.04984,11197.0,,2.19908,,A,1
2025-12-14 15:10:52.190000+00:00,2.47693,,,,,2.6547,,5.29984,14653.0,,1.09954,,,,1.789,,3.07979,8515.0,,1.50101,,,,2.47693,4.25998,11778.0,,2.10142,,A,1
2025-12-14 15:10:52.292000+00:00,2.28917,,,,,1.87712,,5.57979,15427.0,,2.79948,,,,1.645,,3.22989,8930.0,,1.50101,,,,2.28917,4.46976,12358.0,,2.0978,,A,1
2025-12-14 15:10:52.390000+00:00,2.19349,,,,,2.3383,,5.84997,16174.0,,2.70182,,,,1.57301,,3.38976,9372.0,,1.59867,,,,2.19349,4.68967,12966.0,,2.19907,,A,1
2025-12-14 15:10:52.490000+00:00,2.19628,,,,,2.52006,,6.12992,16948.0,,2.79948,,,,1.58584,,3.53986,9787.0,,1.50101,,,,2.19628,4.89981,13547.0,,2.10142,,A,1
2025-12-14 15:10:52.592000+00:00,2.14885,,,,,2.65977,,6.45978,17860.0,,3.29861,,,,1.54343,,3.71998,10285.0,,1.80122,,,,2.14885,5.14974,14238.0,,2.49928,,A,1
2025-12-14 15:10:52.691000+00:00,2.32406,,,,,2.97919,,6.72996,18607.0,,,,,,1.67232,,3.87985,10727.0,,,,,,2.32406,5.36965,14846.0,,,,A,1
2025-12-14 15:10:52.791000+00:00,,,,,,,,7.00991,19381.0,,2.70182,,,,,,4.02995,11142.0,,1.59867,,,,,5.57979,15427.0,,2.19908,,A,1
2025-12-14 15:10:52.892000+00:00,2.26157,,,,,2.84051,,7.28986,20155.0,,2.79948,,,,1.63549,,4.17969,11556.0,,1.50101,,,,2.26157,5.78993,16008.0,,2.10142,,A,1
2025-12-14 15:10:52.992000+00:00,2.18149,,,,,2.81999,,7.55968,20901.0,,5.49768,,,,1.56825,,4.33992,11999.0,,3.09968,,,,2.18149,6.00984,16616.0,,4.30049,,A,1
2025-12-14 15:10:53.089000+00:00,3.24099,,,,,4.15884,0.0,7.83999,21676.0,,2.8031,,,,2.33397,,4.48966,12413.0,,1.49739,,,,3.24099,6.21998,17197.0,,2.10142,,A,1
2025-12-14 15:10:53.190000+00:00,2.67121,,,,,3.48097,,8.10981,22422.0,,2.69821,,,,1.91568,,4.63976,12828.0,,1.50101,,,,2.67121,6.42976,17777.0,,2.0978,,A,1
2025-12-14 15:10:53.290000+00:00,2.3845,,,,,3.08959,,8.2798,22892.0,,1.69994,,,,1.70835,,4.79999,13271.0,,1.60229,,,,2.3845,6.64967,18385.0,,2.19908,,A,1
2025-12-14 15:10:53.392000+00:00,2.29179,,,,,2.39477,,,,,0.0,,27000.0,,1.65532,,4.94973,13685.0,,1.4974,,,,2.29179,6.85981,18966.0,,2.10142,,A,1
2025-12-14 15:10:53.490000+00:00,2.1966,,,,,1.19738,,,,,,,,,1.57636,,5.07993,14045.0,,1.30208,,,,2.1966,7.11986,19685.0,,2.60055,,A,1
2025-12-14 15:10:53.591000+00:00,2.39858,,,,1.0,0.59869,,,,,,,,,1.43922,,,,,,,,,2.39858,7.32964,20265.0,,,,A,1
2025-12-14 15:10:53.690000+00:00,,,,,,,,,,,,,,,,,,,,0.0,,,,,7.53979,20846.0,,2.0978,,A,1
2025-12-14 15:10:53.791000+00:00,2.24819,,,,,0.29935,,,,,,,,,0.71961,,5.0897,14072.0,,,,,,2.24819,7.74993,21427.0,,2.10142,,A,1
2025-12-14 15:10:53.890000+00:00,2.1748,,,,,0.14967,,,,,,,,,0.3598,,,,,0.09766,,,,2.1748,8.00998,22146.0,,,,A,1
2025-12-14 15:10:53.990000+00:00,2.13811,,,,,0.07484,,,,,,,,,0.22873,,,,,0.0,,,,2.13811,8.21976,22726.0,,2.60055,,A,1
2025-12-14 15:10:54.090000+00:00,2.36933,,,,,0.03742,,,,,,,,,0.11436,,5.09983,14100.0,,0.10128,,,,2.36933,8.43967,23334.0,,4.29688,,A,1
2025-12-14 15:10:54.191000+00:00,3.3331,,,,,0.01871,,,,,,,,,0.10782,,,,,0.0,,,,3.3331,8.64981,23915.0,,2.10142,,A,1
2025-12-14 15:10:54.290000+00:00,2.71726,,,,,0.00935,,,,,,,0.0,,0.05391,,5.10995,14128.0,,0.10127,,,,2.71726,8.85995,24496.0,,,,A,1
2025-12-14 15:10:54.393000+00:00,2.40934,,,,,0.00468,,,,,,,,,0.07759,,5.16999,14294.0,,0.60041,,,,2.40934,9.07986,25104.0,,2.19907,,A,1
2025-12-14 15:10:54.492000+00:00,,,,,,,,,,,,,,,,,5.34975,14791.0,,,,,,,9.32979,25795.0,,,,A,1
2025-12-14 15:10:54.590000+00:00,2.3042,,,,,0.00234,,,,,,,,,0.339,,5.50998,15234.0,,1.7976,,,,2.3042,9.53993,26376.0,,2.49928,,A,1
2025-12-14 15:10:54.691000+00:00,2.40174,,,,,0.00117,,,,,,,,,1.0683,,5.65972,15648.0,,1.60229,,,,2.40174,9.75984,26984.0,,2.10142,0.0,A,1
2025-12-14 15:10:54.792000+00:00,2.25158,,,,,0.00058,,,,,,,,,1.33529,,5.80982,16063.0,,1.4974,,,,2.25158,9.96998,27565.0,,2.19908,,A,1
2025-12-14 15:10:54.891000+00:00,2.22533,,,,,0.00029,,,,,,,,,1.41634,,5.96969,16505.0,,1.50101,,,,2.22533,10.0,27648.0,,2.10141,,A,1
2025-12-14 15:10:54.990000+00:00,2.16337,,,,,0.00015,,,,,,,,,1.45868,,6.11979,16920.0,,1.59867,,,,2.16337,,,,0.30021,,A,1
2025-12-14 15:10:55.091000+00:00,1.23179,,,,,7e-05,,,,,,,,,1.52867,,6.26989,17335.0,,1.50101,,,,1.23179,,,,0.0,,A,1
2025-12-14 15:10:55.192000+00:00,0.61589,,,,,4e-05,,,,,,,,,1.51484,,6.42976,17777.0,,3.09968,,1.0,,0.61589,,,,,,A,1
2025-12-14 15:10:55.290000+00:00,0.30795,,,,,2e-05,,,,,,,,,2.30726,,6.60988,18275.0,,,,,,0.30795,,,,,,A,1
2025-12-14 15:10:55.392000+00:00,,,,,,,,,,,,,,,,,6.75998,18690.0,,1.80122,,,,,,,,,,A,1
2025-12-14 15:10:55.492000+00:00,0.15397,,,,,1e-05,,,,,,,,,2.05424,,6.91985,19132.0,,1.50101,,,,0.15397,,,,,,A,1
2025-12-14 15:10:55.590000+00:00,0.07699,,,,,0.0,,,,,,,,,1.77763,,,,,1.59867,,,,0.07699,,,,,,A,1
2025-12-14 15:10:55.691000+00:00,0.03849,,,,,0.0,,,,,,,,,1.68815,,7.06995,19547.0,,1.50101,,,,0.03849,,,,,,A,1
2025-12-14 15:10:55.792000+00:00,0.01925,,,,,0.0,,,,,,,,,1.59458,,7.24971,20044.0,,1.7976,,,,0.01925,,,,,,A,1
2025-12-14 15:10:55.893000+00:00,0.00962,,,,,0.0,,,,,,,,,1.69609,,7.40994,20487.0,,1.60229,,,,0.00962,,,,,,A,1
2025-12-14 15:10:55.991000+00:00,0.00481,,,,,0.0,,,,,,,,,1.64919,,7.55968,20901.0,,1.49739,,,,0.00481,,,,,,A,1
2025-12-14 15:10:56.089000+00:00,0.00241,,,,,0.0,,,,,,,,,1.57329,,7.70978,21316.0,,,,,,0.00241,,,,,,A,1
2025-12-14 15:10:56.190000+00:00,,,,,,,,,,,,,,,,,7.86965,21758.0,,1.50101,,,,,,,,,,A,1
2025-12-14 15:10:56.292000+00:00,0.0012,,,,,0.0,,,,,,,,,1.53715,,8.01975,22173.0,,1.59867,,,,0.0012,,,,,,A,1
2025-12-14 15:10:56.390000+00:00,0.0006,,,,,0.0,,,,,,,,,1.56791,,8.16985,22588.0,,3.00202,,,,0.0006,,,,,,A,1
2025-12-14 15:10:56.492000+00:00,0.0003,,,,,0.0,,,,,,,,,2.28497,,8.32972,23030.0,,1.59867,,,,0.0003,,,,,,A,1
2025-12-14 15:10:56.591000+00:00,0.00015,,,,,0.0,,,,,,,,,1.94182,,8.50984,23528.0,,1.80121,,,,0.00015,,,,,,A,1
2025-12-14 15:10:56.691000+00:00,8e-05,,,,,0.0,,,,,,,,,1.87152,,8.6697,23970.0,,1.59866,,,,8e-05,,,,,,A,1
2025-12-14 15:10:56.792000+00:00,4e-05,,,,,0.0,,,,,,,,,1.73509,0.0,8.81981,24385.0,,1.50102,,,,4e-05,,,,,,A,1
2025-12-14 15:10:56.891000+00:00,2e-05,,,,,0.0,,,,,,,,,1.61805,,8.96991,24800.0,,1.50101,,,,2e-05,,,,,,A,1
2025-12-14 15:10:56.991000+00:00,1e-05,,,,,0.0,,,,,,,,,1.55953,,9.05997,25049.0,,,,,,1e-05,,,,,,A,1
2025-12-14 15:10:57.093000+00:00,,,,,,,,,,,,,,,,,,,,0.90061,,,,,,,,,,A,1
2025-12-14 15:10:57.192000+00:00,0.0,,,,,0.0,,,,,,,,,1.23007,,,,,0.0,,,,0.0,,,,,,A,1
2025-12-14 15:10:57.292000+00:00,0.0,,1.0,,0.0,0.0,,,,5.0,,1.0,,,0.61504,,,,5.0,,,0.0,1.0,0.0,,,5.0,,,A,1
2025-12-14 15:10:57.392000+00:00,0.0,,,,,0.0,,,,,,,,,0.30752,,,,,,,,,0.0,,,,,,A,1
2025-12-14 15:10:57.491000+00:00,0.0,,,,,0.0,,8.10981,22422.0,,-1.69994,,,,0.15376,,8.96991,24800.0,,-0.90061,,,,0.0,9.93996,27482.0,,-0.6004,,A,1
2025-12-14 15:10:57.590000+00:00,-0.3002,,,,,-0.84997,,7.83999,21676.0,,-2.69821,,,,-0.37343,,8.81981,24385.0,,-1.50101,,,,-0.3002,9.72982,26901.0,,-2.10142,,A,1
2025-12-14 15:10:57.691000+00:00,-1.20081,,,,,-1.77409,,7.55968,20901.0,,-2.8031,,,,-0.93722,,8.6697,23970.0,,-1.50102,,,,-1.20081,9.50991,26293.0,,-2.19907,,A,1
2025-12-14 15:10:57.793000+00:00,-1.69994,,,,,-2.28859,,7.28986,20155.0,,-2.69821,,,,-1.21912,,8.50984,23528.0,,-1.59866,,,,-1.69994,9.29977,25712.0,,-2.10142,,A,1
2025-12-14 15:10:57.890000+00:00,,,,,,,,6.94987,19215.0,,,,,,,,8.32972,23030.0,,,,,,,9.04984,25021.0,,,,A,1
2025-12-14 15:10:57.991000+00:00,-1.90068,,,,,-2.4934,,6.67969,18468.0,,-3.39988,,,,-1.40889,,8.16985,22588.0,,-1.80121,,,,-1.90068,8.82993,24413.0,,-2.49928,,A,1
2025-12-14 15:10:58.091000+00:00,-2.19998,,,,,-2.94664,,6.39974,17694.0,,-2.70182,,,,-1.60505,,8.01975,22173.0,,-1.59867,,,,-2.19998,8.61979,23832.0,,-2.19908,,A,1
2025-12-14 15:10:58.191000+00:00,-2.19953,,,,,-2.82423,,6.12992,16948.0,,-2.79948,,,,-1.60186,,7.86965,21758.0,,-1.50102,,,,-2.19953,8.40965,23251.0,,-2.10141,,A,1
2025-12-14 15:10:58.289000+00:00,-2.15047,,,,,-2.81186,,5.84997,16174.0,,-2.6982,,,,-1.55144,,7.70978,21316.0,,-1.50101,,,,-2.15047,8.18974,22643.0,,-2.10142,,A,1
2025-12-14 15:10:58.390000+00:00,-2.12595,,,,,-2.75503,,5.57979,15427.0,,-2.79948,,,,-1.52622,,7.55968,20901.0,,-1.59867,,,,-2.12595,7.97996,22063.0,,-2.19908,,A,1
2025-12-14 15:10:58.492000+00:00,-2.16251,,0.0,,,-2.77726,,5.29984,14653.0,,-2.70182,,,,-1.56245,,7.40994,20487.0,,-1.50101,,,,-2.16251,7.76982,21482.0,,-2.0978,,A,1
2025-12-14 15:10:58.590000+00:00,-2.13015,,,27000.0,,-2.73954,,4.96998,13741.0,,-6.09809,,,,-1.53173,,7.21969,19961.0,,-3.39988,,,,-2.13015,7.50977,20763.0,,-4.70197,,A,1
2025-12-14 15:10:58.692000+00:00,-3.41606,,,0.0,,-4.41881,,4.85966,13436.0,,,,,,-2.46581,,7.06995,19547.0,,,,,,-3.41606,7.29999,20183.0,,,,A,1
2025-12-14 15:10:58.794000+00:00,,,,,,,,,,,-1.10315,,,,,,6.91985,19132.0,,-1.4974,,,,,7.07972,19574.0,,-2.0978,,A,1
2025-12-14 15:10:58.892000+00:00,-2.75693,,,,,-2.76098,,,,,0.0,,,,-1.9816,,,,,-1.50101,,,,-2.75693,,,,-2.20269,,A,1
2025-12-14 15:10:58.989000+00:00,-2.47981,,,,1.0,-1.38049,,,,,,,,,-1.74131,,6.75998,18690.0,,-1.59867,,,,-2.47981,6.86994,18994.0,,-2.0978,,A,1
2025-12-14 15:10:59.090000+00:00,-2.28881,,,,,-0.69025,,,,,,,,,-1.66999,,6.60988,18275.0,,-1.50101,,,,-2.28881,6.65979,18413.0,,-2.10142,,A,1
2025-12-14 15:10:59.193000+00:00,-2.19511,,,,,-0.34512,,,,,,,,,-1.5855,,6.45978,17860.0,,,,,,-2.19511,6.44965,17832.0,,,,A,1
2025-12-14 15:10:59.291000+00:00,-2.14826,,,,,-0.17256,,,,,,,,,-1.54326,,6.26989,17335.0,,-1.89888,,,,-2.14826,6.18996,17114.0,,-2.59693,,A,1
2025-12-14 15:10:59.392000+00:00,-2.3726,,,,,-0.08628,,,,,,,,,-1.72107,,6.11979,16920.0,,-1.50101,,,,-2.3726,5.97982,16533.0,,-2.10142,,A,1
2025-12-14 15:10:59.492000+00:00,-2.23701,,,,,-0.04314,,,,,,,,,-1.61104,,5.96969,16505.0,,,,,,-2.23701,5.75991,15925.0,,,,A,1
2025-12-14 15:10:59.593000+00:00,,,,,,,,,,,,,,,,,5.80982,16063.0,,,,,,,5.54977,15344.0,,-2.19907,,A,1
2025-12-14 15:10:59.690000+00:00,-2.21804,,,,,-0.02157,,,,,,,,,-1.55603,,5.65972,15648.0,,-1.59867,,,,-2.21804,5.33999,14764.0,,-2.10142,,A,1
2025-12-14 15:10:59.791000+00:00,-2.15973,,,,,-0.01079,,,,,,,,,-1.57735,,5.50998,15234.0,,-2.99841,,,0.0,-2.15973,5.11972,14155.0,,-4.30049,,A,1
2025-12-14 15:10:59.892000+00:00,-3.23011,,,,,-0.00539,,,,,,,,,-2.28788,,5.31973,14708.0,,-1.90249,,,,-3.23011,4.86979,13464.0,,-2.49928,,A,1
2025-12-14 15:10:59.991000+00:00,-2.86469,,,,,-0.0027,,,,,,0.0,,,-2.09518,,5.16999,14294.0,,-1.49739,,,,-2.86469,4.77973,13215.0,,-0.90061,,A,1
2025-12-14 15:11:00.092000+00:00,-1.88265,,,,,-0.00135,,,,,,,27000.0,,-1.79629,,5.01989,13879.0,,-1.50102,,,,-1.88265,,,,0.0,,A,1
2025-12-14 15:11:00.192000+00:00,-0.94132,,,,,-0.00067,,,,,,,,,-1.64865,,4.94973,13685.0,,-0.70168,,,,-0.94132,,,,,,A,1
2025-12-14 15:11:00.291000+00:00,-0.47066,,,,,-0.00034,,,,,,,,,-1.17516,,,,,0.0,,1.0,,-0.47066,,,,,,A,1
2025-12-14 15:11:00.490000+00:00,-0.23533,,1.0,,0.0,-0.00017,,,,0.0,,1.0,,,-0.58758,,,,0.0,,,0.0,1.0,-0.23533,,,0.0,,,A,1
2025-12-14 15:11:00.591000+00:00,-0.11767,,,,,-8e-05,,,,,,,,,-0.29379,,,,,,,,,-0.11767,,,,,,A,1
2025-12-14 15:11:00.693000+00:00,-0.05883,,,,,-4e-05,,4.68967,12966.0,,,,,,-0.1469,,,,,,,,,-0.05883,4.70992,13022.0,,,,A,1
2025-12-14 15:11:00.791000+00:00,-0.02942,,,,,-2e-05,,4.41985,12220.0,,-1.69994,,,,-0.07345,,,,,,,,,-0.02942,4.49978,12441.0,,-0.69806,,A,1
2025-12-14 15:11:00.891000+00:00,-0.36374,,,,,-0.84998,,4.1399,11446.0,,-5.49768,,,,-0.03672,,4.93996,13658.0,,-0.09766,,,,-0.36374,4.27988,11833.0,,-4.30049,,A,1
2025-12-14 15:11:00.990000+00:00,-2.33212,,,,,-3.17383,,3.86972,10699.0,,-2.70182,,,,-0.06719,,,,,0.0,,,,-2.33212,4.06973,11252.0,,-2.10142,,A,1
2025-12-14 15:11:01.090000+00:00,-2.21677,,,,,-2.93783,,3.52973,9759.0,,-3.39988,,,,-0.0336,,,,,,,,,-2.21677,3.80968,10533.0,,-2.60055,,A,1
2025-12-14 15:11:01.190000+00:00,-2.40866,,,,,-3.16886,,3.25991,9013.0,,,,,,-0.0168,,4.92983,13630.0,,,,,,-2.40866,3.5999,9953.0,,,,A,1
2025-12-14 15:11:01.291000+00:00,,,,,,,,2.97996,8239.0,,-2.6982,,,,,,,,,-0.10128,,,,,3.38976,9372.0,,-2.0978,,A,1
2025-12-14 15:11:01.392000+00:00,-2.25323,,,,,-2.93353,,2.70978,7492.0,,-2.79948,,,,-0.05904,,,,,0.0,,,,-2.25323,3.16985,8764.0,,-2.10142,,A,1
2025-12-14 15:11:01.490000+00:00,-2.17732,,,,,-2.86651,,2.42983,6718.0,,-2.70182,,,,-0.02952,,4.9197,13602.0,,,,,,-2.17732,2.95971,8183.0,,-2.19908,,A,1
2025-12-14 15:11:01.589000+00:00,-2.1882,,,,,-2.78416,,2.14988,5944.0,,-2.79948,,,,-0.01476,,,,,-0.10127,,,,-2.1882,2.74993,7603.0,,-2.10142,,A,1
2025-12-14 15:11:01.691000+00:00,-2.14481,,,,,-2.79182,,1.8797,5197.0,,-2.79948,,,,-0.05801,,,,,0.0,,,,-2.14481,2.53979,7022.0,,-2.0978,,A,1
2025-12-14 15:11:01.792000+00:00,-2.1213,,,,,-2.79565,,1.59975,4423.0,,-2.70182,,,,-0.02901,,4.90994,13575.0,,,,,,-2.1213,2.31988,6414.0,,-2.10142,,A,1
2025-12-14 15:11:01.892000+00:00,-2.11136,,,,,-2.74874,,1.32993,3677.0,,-2.79948,,,,-0.0145,,,,,-0.09766,,,,-2.11136,2.10974,5833.0,,-2.19908,,A,1
2025-12-14 15:11:01.991000+00:00,-2.15522,,,,,-2.77411,,0.99971,2764.0,,-6.00043,,0.0,,-0.05608,,4.89981,13547.0,,-0.10128,,,,-2.15522,1.84968,5114.0,,-4.70197,,A,1
2025-12-14 15:11:02.089000+00:00,-3.42859,,,,,-4.38727,,0.71976,1990.0,,,,,,-0.07868,,4.83977,13381.0,,,,,,-3.42859,1.6399,4534.0,,,,A,1
2025-12-14 15:11:02.190000+00:00,,,,,,,,,,,-2.79948,,,,,,,,,-0.6004,,,,,,,,-2.0978,,A,1
2025-12-14 15:11:02.289000+00:00,-2.7632,,,,,-3.59337,,0.43982,1216.0,,-2.79948,,,,-0.33954,,4.68967,12966.0,,-1.50101,,,,-2.7632,1.42976,3953.0,,-2.10142,,A,1
2025-12-14 15:11:02.391000+00:00,-2.43231,,0.0,,,-3.19643,,0.16999,470.0,,-2.69821,,,,-0.92028,,4.5298,12524.0,,-1.59867,,,,-2.43231,1.20985,3345.0,,-2.19907,,A,1
2025-12-14 15:11:02.489000+00:00,-2.31569,,,,,-2.94732,,0.0,0.0,,-1.69994,,,,-1.25947,,4.3797,12109.0,,-1.50101,,,,-2.31569,0.99971,2764.0,,-2.10142,,A,1
2025-12-14 15:11:02.590000+00:00,-2.20855,,,,,-2.32363,,,,,0.0,,,,-1.38024,,4.22996,11695.0,,-1.4974,,,,-2.20855,0.78993,2184.0,,-2.0978,,A,1
2025-12-14 15:11:02.690000+00:00,-2.15318,,,,,-1.16181,,,,,,,,,-1.43882,,4.06973,11252.0,,-1.60229,,,,-2.15318,0.56966,1575.0,,-2.20269,,A,1
2025-12-14 15:11:02.791000+00:00,-2.17793,,,,,-0.58091,,,,,,,,,-1.52055,,3.91999,10838.0,,-1.4974,,,,-2.17793,0.35988,995.0,,-2.0978,,A,1
2025-12-14 15:11:02.892000+00:00,-2.13787,,,,1.0,-0.29045,,,,,,,,,-1.50897,,3.73987,10340.0,,-1.80121,,,0.0,-2.13787,0.10995,304.0,,-2.49928,,A,1
2025-12-14 15:11:02.992000+00:00,,,,,,,,,,,,,,,,,3.57964,9897.0,,,,,,,0.01989,55.0,,,,A,1
2025-12-14 15:11:03.090000+00:00,-2.31857,,,,,-0.14523,,,,,,,,,-1.65509,,3.4299,9483.0,,-1.60229,,,,-2.31857,,,,-0.90061,,A,1
2025-12-14 15:11:03.190000+00:00,-1.60959,,,,,-0.07261,,,,,,,,,-1.62869,,3.2798,9068.0,,-2.99841,,,,-1.60959,,,,0.0,,A,1
2025-12-14 15:11:03.290000+00:00,-0.8048,,,,,-0.03631,,,,,,,,,-2.31355,,3.11994,8626.0,,-1.59867,,,,-0.8048,,,,,,A,1
2025-12-14 15:11:03.391000+00:00,-0.4024,,,,,-0.01815,,,,,,,,,-1.95611,,2.96984,8211.0,,-1.50101,,1.0,,-0.4024,,,,,,A,1
2025-12-14 15:11:03.490000+00:00,-0.2012,,,,,-0.00908,,,,,,,,,-1.72856,,2.81973,7796.0,,,,,,-0.2012,,,,,,A,1
2025-12-14 15:11:03.591000+00:00,-0.1006,,,,,-0.00454,,,,,,,,,-1.61479,,2.65987,7354.0,,-1.59867,,,,-0.1006,,,,,,A,1
2025-12-14 15:11:03.691000+00:00,-0.0503,,,,,-0.00227,,,,,,,,,-1.60673,,2.47975,6856.0,,-1.80121,,,,-0.0503,,,,,,A,1
2025-12-14 15:11:03.790000+00:00,-0.02515,,,,,-0.00113,,,,,,,,,-1.70397,,2.31988,6414.0,,,,,,-0.02515,,,,,,A,1
2025-12-14 15:11:03.891000+00:00,,,,,,,,,,,,,,,,,2.16978,5999.0,,-1.59867,,,,,,,,,,A,1
2025-12-14 15:11:03.990000+00:00,-0.01257,,,,,-0.00057,,,,,,,,,-1.65132,,2.01968,5584.0,,-1.50101,,,,-0.01257,,,,,,A,1
2025-12-14 15:11:04.090000+00:00,-0.00629,,,,,-0.00028,,,,,,,,,-1.57617,,1.85981,5142.0,,,,,,-0.00629,,,,,,A,1
2025-12-14 15:11:04.191000+00:00,-0.00314,,,,,-0.00014,,,,,,,,,-1.53859,,1.70971,4727.0,,-1.59867,,,,-0.00314,,,,,,A,1
2025-12-14 15:11:04.294000+00:00,-0.00157,,,,,-7e-05,,,,,,,,,-1.56863,,1.55997,4313.0,,-2.99841,,,,-0.00157,,,,,,A,1
2025-12-14 15:11:04.389000+00:00,-0.00079,,,,,-4e-05,,,,,,,,,-2.28352,,1.36972,3787.0,,-1.90249,,,,-0.00079,,,,,,A,1
2025-12-14 15:11:04.490000+00:00,-0.00039,,,,,-2e-05,,,,,,,,,-2.093,,1.21998,3373.0,,-1.4974,,,,-0.00039,,,,,,A,1
2025-12-14 15:11:04.591000+00:00,-0.0002,,,,,-1e-05,,,,,,,,,-1.7952,,1.06988,2958.0,,,,,,-0.0002,,,,,,A,1
2025-12-14 15:11:04.690000+00:00,,,,,,,,,,,,,,,,,0.90965,2515.0,,-1.50101,,,,,,,,,,A,1
2025-12-14 15:11:04.792000+00:00,-0.0001,,,,,-0.0,,,,,,,,,-1.64811,,0.75991,2101.0,,-1.60229,,,,-0.0001,,,,,,A,1
2025-12-14 15:11:04.893000+00:00,-5e-05,,,,,-0.0,,,,,,,,,-1.6252,,0.60981,1686.0,,-1.4974,,,,-5e-05,,,,,,A,1
2025-12-14 15:11:04.990000+00:00,-2e-05,,,,,-0.0,,,,,,,,,-1.5613,,0.41992,1161.0,,-1.50101,,,,-2e-05,,,,,,A,1
2025-12-14 15:11:05.090000+00:00,-1e-05,,,,,-0.0,,,,,,0.0,,,-1.53115,,0.26982,746.0,,-1.89887,,,,-1e-05,,,,,,A,1
2025-12-14 15:11:05.191000+00:00,-1e-05,,,,,-0.0,,,,,,,,,-1.71501,,0.11972,331.0,,-1.50101,,,,-1e-05,,,,,,A,1
2025-12-14 15:11:05.291000+00:00,-0.0,,,,,-0.0,,,,,,,,,-1.60801,,0.01989,55.0,,,,,,-0.0,,,,,,A,1
2025-12-14 15:11:05.392000+00:00,-0.0,,,,,-0.0,,,,,,,,,-1.55451,,,,,-0.99826,,,,-0.0,,,,,,A,1
2025-12-14 15:11:05.491000+00:00,-0.0,,,,,-0.0,,,,,,,,,-1.27639,,,,,,,,,-0.0,,,,,,A,1
2025-12-14 15:11:05.589000+00:00,,1.0,,,,,,,,8.0,,,,1.0,,,,,9.0,0.0,,,,,,,10.0,,,A,1
2025-12-14 15:11:05.690000+00:00,-0.0,0.0,,,0.0,-0.0,1.0,,,,,,,0.0,-0.63819,1.0,,,,,,0.0,,-0.0,,,,,1.0,A,1
2025-12-14 15:11:05.791000+00:00,-0.0,,,,,-0.0,,,,,,,,,-0.3191,,,,,,,,,-0.0,,,,,,A,1
2025-12-14 15:11:05.892000+00:00,-0.0,,,,,-0.0,,0.10995,304.0,,1.09954,,,,-0.15955,,0.0897,248.0,,0.69806,,,,-0.0,0.04991,138.0,,0.3002,,A,1
2025-12-14 15:11:05.990000+00:00,0.1501,,,,,0.54977,,0.37977,1050.0,,2.69821,,,,0.26926,,0.2398,663.0,,1.50101,,,,0.1501,0.25969,718.0,,2.0978,,A,1
2025-12-14 15:11:06.092000+00:00,1.12395,,,,,1.62399,,0.65972,1824.0,,2.79948,,,,0.88514,,0.3899,1078.0,,1.50101,,,,1.12395,0.47996,1327.0,,2.20269,,A,1
2025-12-14 15:11:06.192000+00:00,1.66332,,,,,2.21173,,0.9299,2571.0,,2.70182,,,,1.19307,,0.54977,1520.0,,1.59867,,,,1.66332,0.68974,1907.0,,2.0978,,A,1
2025-12-14 15:11:06.294000+00:00,1.88056,,,,,2.45678,,1.20985,3345.0,,2.79948,,,,1.39587,,0.69987,1935.0,,1.50101,,,,1.88056,0.89988,2488.0,,2.10142,,A,1
2025-12-14 15:11:06.390000+00:00,,,,,,,,1.53971,4257.0,,,,,,,,0.87999,2433.0,,,,,,,1.15994,3207.0,,,,A,1
2025-12-14 15:11:06.489000+00:00,1.99099,,,,,2.62813,,1.81966,5031.0,,3.29861,,,,1.44844,,1.03986,2875.0,,1.80122,,,,1.99099,1.36972,3787.0,,2.60055,,A,1
2025-12-14 15:11:06.590000+00:00,2.29577,,,,,2.96337,,2.08984,5778.0,,5.5013,,,,1.62483,,1.18996,3290.0,,3.09968,,,,2.29577,1.58999,4396.0,,4.30049,,A,1
2025-12-14 15:11:06.691000+00:00,3.29813,,,,,4.23234,,2.36979,6552.0,,2.79948,,,,2.36226,,1.3397,3704.0,,1.4974,,,,3.29813,1.79977,4976.0,,2.0978,,A,1
2025-12-14 15:11:06.791000+00:00,2.69797,,,,,3.51591,,2.63997,7299.0,,2.70182,,,,1.92983,,1.49993,4147.0,,1.60229,,,,2.69797,2.00991,5557.0,,2.10142,,A,1
2025-12-14 15:11:06.889000+00:00,2.39969,,,,,3.10887,,2.91992,8073.0,,2.79948,,,,1.76606,,1.64967,4561.0,,1.4974,,,,2.39969,2.21969,6137.0,,2.0978,,A,1
2025-12-14 15:11:06.992000+00:00,2.24875,,,,,2.95417,,3.24978,8985.0,,3.29861,,,,1.63173,,1.82979,5059.0,,1.80121,,,,2.24875,2.47975,6856.0,,2.60055,,A,1
2025-12-14 15:11:07.090000+00:00,2.42465,,,,,3.12639,,3.52973,9759.0,,2.79948,,,,1.71647,,1.98966,5501.0,,1.59867,,,,2.42465,2.68989,7437.0,,2.10142,,A,1
2025-12-14 15:11:07.190000+00:00,2.26303,,,,,2.96293,,3.79991,10506.0,,,,,,1.65757,,2.13976,5916.0,,,,,,2.26303,2.90979,8045.0,,,,A,1
2025-12-14 15:11:07.293000+00:00,,,,,,,,4.07986,11280.0,,2.70182,,,,,,2.28986,6331.0,,1.50101,,,,,3.11994,8626.0,,2.19908,,A,1
2025-12-14 15:11:07.390000+00:00,2.23105,,,,,2.83238,,4.35981,12054.0,,2.79948,,,,1.57929,,2.44973,6773.0,,1.50101,,,,2.23105,3.32972,9206.0,,2.10142,,A,1
2025-12-14 15:11:07.491000+00:00,2.16624,,,,,2.81593,,4.62999,12801.0,,2.79948,,,,1.54015,,2.59983,7188.0,,1.59867,,,,2.16624,3.54999,9815.0,,2.0978,,A,1
2025-12-14 15:11:07.591000+00:00,2.13202,,,27000.0,,2.8077,,4.90994,13575.0,,2.70182,,,,1.56941,,2.74993,7603.0,,1.50101,,,,2.13202,3.75977,10395.0,,2.20269,,A,1
2025-12-14 15:11:07.692000+00:00,2.16735,,,,,2.75476,,5.07993,14045.0,,4.49942,,,,1.53521,,2.93981,8128.0,,3.39988,,,,2.16735,4.01982,11114.0,,4.69835,,A,1
2025-12-14 15:11:07.792000+00:00,3.43285,,,,,3.62709,,,,,0.0,,,,2.46755,,3.08992,8543.0,,1.50101,,,,3.43285,4.22996,11695.0,,2.10142,,A,1
2025-12-14 15:11:07.890000+00:00,2.76714,,,,,1.81355,,5.0897,14072.0,,0.09766,,,,1.98428,,3.23966,8957.0,,1.4974,,,,2.76714,4.43974,12275.0,,2.0978,,A,1
2025-12-14 15:11:07.992000+00:00,2.43247,,,,,0.9556,,5.09983,14100.0,,0.10128,,,,1.74084,,3.39988,9400.0,,1.60228,,,,2.43247,4.64988,12856.0,,2.10142,,A,1
2025-12-14 15:11:08.092000+00:00,2.26694,,,,,0.52844,,,,,,,,,1.67156,,3.57964,9897.0,,,27000.0,,,2.26694,4.90994,13575.0,,,,A,1
2025-12-14 15:11:08.190000+00:00,,,,0.0,,,,5.10995,14128.0,,0.0,,,,,,3.73987,10340.0,,1.7976,,,,,5.0897,14072.0,,2.60055,,A,1
2025-12-14 15:11:08.291000+00:00,2.43375,,,,,0.26422,,5.21991,14432.0,,0.10127,,,,1.73458,,3.88997,10755.0,,1.60229,,,,2.43375,5.09983,14100.0,,1.7976,,A,1
2025-12-14 15:11:08.391000+00:00,2.11567,,,,,0.18274,,5.49986,15206.0,,1.09954,,,,1.66843,,4.03971,11169.0,,1.50101,,,,2.11567,,,,0.10128,,A,1
2025-12-14 15:11:08.492000+00:00,1.10847,,,,,0.64114,,5.7798,15980.0,,2.79948,,,,1.58472,,4.19994,11612.0,,1.4974,0.0,,,1.10847,5.10995,14128.0,,0.0,,A,1
2025-12-14 15:11:08.592000+00:00,0.55424,,,,,1.72031,,6.04999,16727.0,,2.79948,,,,1.54106,,4.34968,12026.0,,1.60229,,,,0.55424,,,,0.10127,,A,1
2025-12-14 15:11:08.690000+00:00,0.32775,,,,,2.2599,,6.32993,17501.0,,2.70182,,,,1.57167,,4.49978,12441.0,,1.4974,,,,0.32775,5.30997,14681.0,,0.0,,A,1
2025-12-14 15:11:08.789000+00:00,0.16388,,,,,2.48086,,6.65979,18413.0,,6.09809,,,,1.53454,,4.68967,12966.0,,3.39988,,,,0.16388,5.56966,15399.0,,4.59708,,A,1
2025-12-14 15:11:08.891000+00:00,2.38048,,,,,4.28947,,6.92998,19160.0,,,,,,2.46721,,4.83977,13381.0,,,,,,2.38048,5.7798,15980.0,,,,A,1
2025-12-14 15:11:08.991000+00:00,,,,,,,,7.20992,19934.0,,2.70183,,27000.0,,,,4.98987,13796.0,,1.50101,,,,,5.99971,16588.0,,2.10142,,A,1
2025-12-14 15:11:09.092000+00:00,2.24095,,,,,3.49565,,7.48987,20708.0,,2.79948,,,,1.98411,,5.0897,14072.0,,,,,,2.24095,6.20985,17169.0,,2.19907,,A,1
2025-12-14 15:11:09.191000+00:00,2.22001,,,,,3.14756,,,,,,,,,1.74256,,,,,0.99826,,,,2.22001,,,,2.10142,,A,1
2025-12-14 15:11:09.292000+00:00,2.16071,,,,,2.97352,0.0,7.75969,21454.0,,2.69821,,,,1.37041,,,,,0.0,,,,2.16071,6.41999,17750.0,,,,A,1
2025-12-14 15:11:09.391000+00:00,2.13107,,,,,2.83586,,8.03964,22228.0,,2.79948,,,,0.68521,,,,,,,,,2.13107,6.6399,18358.0,,2.19908,,A,1
2025-12-14 15:11:09.491000+00:00,2.16507,,,,,2.81767,,8.19987,22671.0,,1.60229,,,,0.3426,,5.09983,14100.0,,0.10128,,,,2.16507,6.84968,18938.0,,2.0978,,A,1
2025-12-14 15:11:09.592000+00:00,2.13143,,,,,2.20998,,,,,0.0,,,,0.22194,,,,,0.0,,,,2.13143,7.09997,19630.0,,2.50289,,A,1
2025-12-14 15:11:09.692000+00:00,2.31716,,,,,1.10499,,,,,,,0.0,,0.11097,,5.10995,14128.0,,0.10127,,,,2.31716,7.31988,20238.0,,2.19908,,A,1
2025-12-14 15:11:09.792000+00:00,2.25812,,,,1.0,0.55249,,,,,,,,,0.10612,,5.16999,14294.0,,,,,,2.25812,7.52966,20818.0,,,,A,1
2025-12-14 15:11:09.890000+00:00,,,,,,,,,,,,,,,,,5.31973,14708.0,,0.60041,,,,,7.7398,21399.0,,2.0978,,A,1
2025-12-14 15:11:09.992000+00:00,2.17796,,,,,0.27625,,,,,,,,,0.35326,,5.47996,15151.0,,3.09968,,,,2.17796,7.95971,22007.0,,4.30049,,A,1
2025-12-14 15:11:10.090000+00:00,3.23923,,,,,0.13812,,,,,,,,,1.72647,,5.6297,15565.0,,1.4974,,,,3.23923,8.16985,22588.0,,2.10142,,A,1
2025-12-14 15:11:10.190000+00:00,2.67032,,,,,0.06906,,,,,,,,,1.61193,,5.7798,15980.0,,1.50101,,,,2.67032,8.37999,23169.0,,2.10142,,A,1
2025-12-14 15:11:10.290000+00:00,2.38587,,,,,0.03453,,,,,,,,,1.55647,,5.93967,16422.0,,1.59867,,,,2.38587,8.5999,23777.0,,2.19907,,A,1
2025-12-14 15:11:10.392000+00:00,2.29247,,,,,0.01727,,,,,,,,,1.57757,,6.11979,16920.0,,1.80121,,,,2.29247,8.84983,24468.0,,2.49928,,A,1
2025-12-14 15:11:10.490000+00:00,2.39587,,,,,0.00863,,,,,,,,,1.68939,,6.23987,17252.0,,1.20081,,,,2.39587,9.01982,24938.0,,1.69994,,A,1
2025-12-14 15:11:10.591000+00:00,2.04791,,,,,0.00432,,,,,,,,,1.4451,,6.42976,17777.0,,1.89887,,,,2.04791,9.27988,25657.0,,2.60056,,A,1
2025-12-14 15:11:10.691000+00:00,2.32423,,,,,0.00216,,,,,,,,,1.67199,,6.57986,18192.0,,,,,,2.32423,9.48966,26237.0,,,,A,1
2025-12-14 15:11:10.790000+00:00,,,,,,,,,,,,,,,,,6.72996,18607.0,,1.50102,,,,,9.6998,26818.0,,2.0978,,A,1
2025-12-14 15:11:10.890000+00:00,2.21101,,,,,0.00108,,,,,,,,,1.5865,,6.88983,19049.0,,1.50101,,,,2.21101,9.9197,27426.0,,2.10142,0.0,A,1
2025-12-14 15:11:10.992000+00:00,2.15622,,,,,0.00054,,,,,,,,,1.54376,,7.03993,19464.0,,1.59867,,,,2.15622,10.0,27648.0,,2.19907,,A,1
2025-12-14 15:11:11.090000+00:00,2.17764,,,,,0.00027,,,,,,,,,1.57121,,7.18967,19878.0,,2.99841,,,,2.17764,,,,0.80296,,A,1
2025-12-14 15:11:11.190000+00:00,1.4903,,,,,0.00013,,,,,,,,,2.28481,,7.37992,20404.0,,1.90249,,,,1.4903,,,,0.0,,A,1
2025-12-14 15:11:11.290000+00:00,0.74515,,,,,7e-05,,,,,,,,,2.09365,,7.52966,20818.0,,1.49739,,,,0.74515,,,,,,A,1
2025-12-14 15:11:11.393000+00:00,0.37258,,,,,3e-05,,,,,,,,,1.79552,,7.67976,21233.0,,1.50101,,1.0,,0.37258,,,,,,A,1
2025-12-14 15:11:11.490000+00:00,0.18629,,,,,2e-05,,,,,,,,,1.64827,,7.83999,21676.0,,,,,,0.18629,,,,,,A,1
2025-12-14 15:11:11.590000+00:00,,,,,,,,,,,,,,,,,7.98973,22090.0,,1.60229,,,,,,,,,,A,1
2025-12-14 15:11:11.690000+00:00,0.09314,,,,,1e-05,,,,,,,,,1.62528,,8.17998,22616.0,,1.4974,,,,0.09314,,,,,,A,1
2025-12-14 15:11:11.790000+00:00,0.04657,,,,,0.0,,,,,,,,,1.56134,,8.32972,23030.0,,1.90248,,,,0.04657,,,,,,A,1
2025-12-14 15:11:11.890000+00:00,0.02329,,,,,0.0,,,,,,,,,1.73191,,8.47982,23445.0,,1.4974,,,,0.02329,,,,,,A,1
2025-12-14 15:11:11.990000+00:00,0.01164,,,,,0.0,,,,,,,,,1.61466,,8.63968,23887.0,,1.50101,,,,0.01164,,,,,,A,1
2025-12-14 15:11:12.092000+00:00,0.00582,,,,,0.0,,,,,,,,,1.55783,0.0,8.78979,24302.0,,1.59867,,,,0.00582,,,,,,A,1
2025-12-14 15:11:12.192000+00:00,0.00291,,,,,0.0,,,,,,,,,1.57825,,8.93989,24717.0,,3.00202,,,,0.00291,,,,,,A,1
2025-12-14 15:11:12.290000+00:00,0.00146,,,,,0.0,,,,,,,,,2.29014,,8.99993,24883.0,,0.6004,,,,0.00146,,,,,,A,1
2025-12-14 15:11:12.393000+00:00,0.00073,,,,,0.0,,,,,,,,,1.44527,,,,,,,,,0.00073,,,,,,A,1
2025-12-14 15:11:12.491000+00:00,,,,,,,,,,,,,,,,,,,,0.0,,,,,,,,,,A,1
2025-12-14 15:11:12.589000+00:00,0.00036,,1.0,,0.0,0.0,,,,5.0,,1.0,,,0.72264,,,,5.0,,,0.0,1.0,0.00036,,,5.0,,,A,1
2025-12-14 15:11:12.691000+00:00,0.00018,,,,,0.0,,,,,,,,,0.36132,,,,,,,,,0.00018,,,,,,A,1
2025-12-14 15:11:12.789000+00:00,9e-05,,,,,0.0,,,,,,,,,0.18066,,,,,,,,,9e-05,,,,,,A,1
2025-12-14 15:11:12.889000+00:00,5e-05,,,,,0.0,,8.03964,22228.0,,-1.60229,,,,0.09033,,8.90987,24634.0,,-0.90061,,,,5e-05,9.96998,27565.0,,-0.30021,,A,1
2025-12-14 15:11:12.992000+00:00,-0.15008,,,,,-0.80114,,7.75969,21454.0,,-2.79948,,,,-0.40514,,8.75977,24219.0,,-1.50101,,,,-0.15008,9.75984,26984.0,,-2.10141,,A,1
2025-12-14 15:11:13.090000+00:00,-1.12575,,,,,-1.80031,,7.48987,20708.0,,-2.69821,,,,-0.95307,,8.5999,23777.0,,-1.59867,,,,-1.12575,9.5497,26403.0,,-2.10142,,A,1
2025-12-14 15:11:13.192000+00:00,-1.61358,,,,,-2.24926,,7.20992,19934.0,,-2.79948,,,,-1.27587,,8.4498,23362.0,,-1.50101,,,,-1.61358,9.32979,25795.0,,-2.19908,,A,1
2025-12-14 15:11:13.291000+00:00,,,,,,,,6.92998,19160.0,,,,,,,,8.2997,22947.0,,,,,,,9.11965,25214.0,,,,A,1
2025-12-14 15:11:13.390000+00:00,-1.90633,,,,,-2.52437,,6.65979,18413.0,,-5.5013,,,,-1.38844,,8.13983,22505.0,,-3.09969,,,,-1.90633,8.90987,24634.0,,-4.19922,,A,1
2025-12-14 15:11:13.489000+00:00,-3.05277,,,,,-4.01284,,6.32993,17501.0,,-3.29861,,,,-2.24406,,7.95971,22007.0,,-1.80121,,,,-3.05277,8.64981,23915.0,,-2.60055,,A,1
2025-12-14 15:11:13.590000+00:00,-2.82666,,,,,-3.65572,,6.04999,16727.0,,-2.79948,,,,-2.02264,,7.80997,21593.0,,-1.4974,,,,-2.82666,8.43967,23334.0,,-2.10142,,A,1
2025-12-14 15:11:13.690000+00:00,-2.46404,,,,,-3.2276,,5.7798,15980.0,,-2.70182,,,,-1.76002,,7.64974,21150.0,,-1.60229,,,,-2.46404,8.21976,22726.0,,-2.19907,,A,1
2025-12-14 15:11:13.790000+00:00,-2.33155,,,,,-2.96471,,5.49986,15206.0,,-2.79948,,,,-1.68115,,7.5,20736.0,,-1.49739,,,,-2.33155,8.00998,22146.0,,-2.09781,,A,1
2025-12-14 15:11:13.892000+00:00,-2.21468,,0.0,,,-2.8821,,5.21991,14432.0,,-2.79948,,,,-1.58927,,7.3499,20321.0,,-1.50101,,,,-2.21468,7.79984,21565.0,,-2.10141,,A,1
2025-12-14 15:11:13.990000+00:00,-2.15805,,,27000.0,,-2.84079,,4.94973,13685.0,,-2.70182,,,,-1.54514,,7.18967,19878.0,,-1.60229,,,,-2.15805,7.5897,20984.0,,-2.10142,,A,1
2025-12-14 15:11:14.092000+00:00,-2.12973,,,0.0,,-2.7713,,4.77973,13215.0,,,,,,-1.57371,,7.00991,19381.0,,,,,,-2.12973,7.32964,20265.0,,,,A,1
2025-12-14 15:11:14.192000+00:00,,,,,,,,,,,-1.69994,,,,,,6.85981,18966.0,,-1.7976,,,,,7.11986,19685.0,,-2.60055,,A,1
2025-12-14 15:11:14.291000+00:00,-2.36514,,,,,-2.23562,,,,,0.0,,,,-1.68566,,6.69994,18524.0,,-1.50101,,,,-2.36514,6.89996,19077.0,,-2.0978,,A,1
2025-12-14 15:11:14.391000+00:00,-2.23147,,,,1.0,-1.11781,,,,,,,,,-1.59333,,6.54984,18109.0,,-1.59867,,,,-2.23147,6.68981,18496.0,,-2.19907,,A,1
2025-12-14 15:11:14.491000+00:00,-2.21527,,,,,-0.55891,,,,,,,,,-1.596,,6.39974,17694.0,,-3.00203,,,,-2.21527,6.47967,17915.0,,-4.20284,,A,1
2025-12-14 15:11:14.593000+00:00,-3.20905,,,,,-0.27945,,,,,,,,,-2.29902,,6.23987,17252.0,,-1.59867,,,,-3.20905,6.25977,17307.0,,-2.19907,,A,1
2025-12-14 15:11:14.693000+00:00,-2.70406,,,,,-0.13973,,,,,,,,,-1.94884,,6.08977,16837.0,,-1.50101,,,,-2.70406,6.04999,16727.0,,-2.0978,,A,1
2025-12-14 15:11:14.791000+00:00,-2.40093,,,,,-0.06986,,,,,,,,,-1.72493,,5.90965,16339.0,,-1.80121,,,,-2.40093,5.7997,16035.0,,-2.50289,,A,1
2025-12-14 15:11:14.892000+00:00,-2.45191,,,,,-0.03493,,,,,,,,,-1.76307,,5.74978,15897.0,,-1.59867,,,,-2.45191,5.57979,15427.0,,-2.19907,,A,1
2025-12-14 15:11:14.992000+00:00,-2.32549,,,,,-0.01747,,,,,,,,,-1.68087,,5.59968,15482.0,,,,,,-2.32549,5.36965,14846.0,,,,A,1
2025-12-14 15:11:15.091000+00:00,,,,,,,,,,,,,,,,,5.44994,15068.0,,-1.50102,,,0.0,,5.15987,14266.0,,-2.10142,,A,1
2025-12-14 15:11:15.192000+00:00,-2.21345,,,,,-0.00873,,,,,,0.0,,,-1.59094,,5.28971,14625.0,,-1.49739,27000.0,,,-2.21345,4.93996,13658.0,,-2.0978,,A,1
2025-12-14 15:11:15.290000+00:00,-2.15563,,,,,-0.00437,,,,,,,,,-1.54417,,5.13997,14211.0,,-1.60229,0.0,,,-2.15563,4.85966,13436.0,,-2.19907,,A,1
2025-12-14 15:11:15.391000+00:00,-2.17735,,,,,-0.00218,,,,,,,27000.0,,-1.57323,,5.07993,14045.0,,-1.4974,,,,-2.17735,,,,-0.80295,,A,1
2025-12-14 15:11:15.491000+00:00,-1.49015,,,,,-0.00109,,,,,,,,,-1.53531,,,,,-0.6004,,,,-1.49015,,,,0.0,,A,1
2025-12-14 15:11:15.593000+00:00,-0.74508,,,,,-0.00055,,,,,,,,,-1.06786,,,,,0.0,,1.0,,-0.74508,,,,,,A,1
2025-12-14 15:11:15.692000+00:00,-0.37254,,1.0,,0.0,-0.00027,,,,0.0,,1.0,,,-0.53393,,,,0.0,,,0.0,1.0,-0.37254,,,0.0,,,A,1
2025-12-14 15:11:15.790000+00:00,-0.18627,,,,,-0.00014,,,,,,,,,-0.26696,,,,,,,,,-0.18627,,,,,,A,1
2025-12-14 15:11:15.890000+00:00,,,,,,,,4.61986,12773.0,,,,,,,,5.06981,14017.0,,,,,,,4.77973,13215.0,,,,A,1
2025-12-14 15:11:15.993000+00:00,-0.09313,,,,,-7e-05,,4.33992,11999.0,,-1.59867,,,,-0.13348,,,,,-0.10127,,,,-0.09313,4.56995,12635.0,,-0.79934,,A,1
2025-12-14 15:11:16.094000+00:00,-0.44624,,,,,-0.79937,,4.06973,11252.0,,-2.79948,,,,-0.11738,,,,,0.0,,,,-0.44624,4.35981,12054.0,,-2.0978,,A,1
2025-12-14 15:11:16.190000+00:00,-1.27202,,,,,-1.79942,,3.78979,10478.0,,-2.70183,,,,-0.05869,,5.05968,13989.0,,,,,,-1.27202,4.1399,11446.0,,-2.10142,,A,1
2025-12-14 15:11:16.290000+00:00,-1.68672,,,,,-2.25062,,3.45992,9566.0,,-2.79948,,,,-0.02934,,,,,-0.10128,,,,-1.68672,3.88997,10755.0,,-2.19907,,A,1
2025-12-14 15:11:16.392000+00:00,-1.9429,,,,,-2.52505,,3.17998,8792.0,,-3.29861,,,,-0.06531,,,,,0.0,,,,-1.9429,3.67983,10174.0,,-2.49928,,A,1
2025-12-14 15:11:16.490000+00:00,-2.22109,,,,,-2.91183,,,,,-2.79948,,,,-0.03265,,,,,,,,,-2.22109,,,,-2.10142,,A,1
2025-12-14 15:11:16.591000+00:00,-2.16125,,,,,-2.85566,,2.90979,8045.0,,-2.70182,,,,-0.01633,,5.04991,13962.0,,-0.09766,,,,-2.16125,3.45992,9566.0,,-2.19908,,A,1
2025-12-14 15:11:16.690000+00:00,-2.18016,,,,,-2.77874,,2.62985,7271.0,,,,,,-0.05699,,,,,,,,,-2.18016,3.24978,8985.0,,,,A,1
2025-12-14 15:11:16.791000+00:00,,,,,,,,2.35966,6524.0,,-5.5013,,,,,,,,,0.0,,,,,3.03964,8404.0,,-4.20284,,A,1
2025-12-14 15:11:16.890000+00:00,-3.1915,,,,,-4.14002,,2.07972,5750.0,,-2.79948,,,,-0.0285,,5.03979,13934.0,,-0.10127,,,,-3.1915,2.81973,7796.0,,-2.19907,,A,1
2025-12-14 15:11:16.990000+00:00,-2.69529,,,,,-3.46975,,1.79977,4976.0,,-2.79948,,,,-0.06488,,,,,0.0,,,,-2.69529,2.60995,7216.0,,-2.0978,,A,1
2025-12-14 15:11:17.091000+00:00,-2.39654,,,,,-3.13461,,1.52995,4230.0,,-2.69821,,,,-0.03244,,5.02966,13906.0,,-0.10128,,,,-2.39654,2.39981,6635.0,,-2.10142,,A,1
2025-12-14 15:11:17.192000+00:00,-2.24898,,,,,-2.91641,,1.25,3456.0,,-2.79948,,,,-0.06686,,,,,0.0,,,,-2.24898,2.1799,6027.0,,-2.19908,,A,1
2025-12-14 15:11:17.293000+00:00,-2.22403,,,,,-2.85794,,0.91978,2543.0,,-3.30223,,,,-0.03343,,,,,,,,,-2.22403,1.92998,5336.0,,-2.49928,,A,1
2025-12-14 15:11:17.389000+00:00,-2.36165,,,,,-3.08009,,0.63983,1769.0,,-2.79948,,,,-0.01671,,5.01989,13879.0,,-0.09766,,,,-2.36165,1.71984,4755.0,,-2.10142,,A,1
2025-12-14 15:11:17.490000+00:00,-2.23153,,,,,-2.93978,,0.36965,1022.0,,-2.70182,,,,-0.05719,,,,,0.0,,,,-2.23153,1.49993,4147.0,,-2.19907,,A,1
2025-12-14 15:11:17.593000+00:00,-2.2153,,0.0,,,-2.8208,,0.0897,248.0,,,,,,-0.02859,,,,,,,,,-2.2153,1.28979,3566.0,,,,A,1
2025-12-14 15:11:17.693000+00:00,,,,,,,,0.0,0.0,,-2.79948,,,,,,5.00977,13851.0,,,,,,,1.07964,2985.0,,-2.10142,,A,1
2025-12-14 15:11:17.791000+00:00,-2.15836,,,,,-2.81014,,,,,-0.89699,,,,-0.0143,,,,,-0.10127,,,,-2.15836,0.85974,2377.0,,,,A,1
2025-12-14 15:11:17.890000+00:00,-2.12989,,,,,-1.85357,,,,,0.0,,,,-0.05778,,5.0,13824.0,,-0.09766,,,,-2.12989,0.60981,1686.0,,-4.69835,,A,1
2025-12-14 15:11:17.991000+00:00,-3.41412,,,,,-0.92678,,,,,,,,,-0.07772,,,,,0.0,,,,-3.41412,0.3899,1078.0,,-2.19907,,A,1
2025-12-14 15:11:18.091000+00:00,-2.8066,,,,1.0,-0.46339,,,,,,,,,-0.03886,,,,,,,,0.0,-2.8066,0.17976,497.0,,-2.10142,,A,1
2025-12-14 15:11:18.191000+00:00,-2.45401,,,,,-0.2317,,,,,,,,,-0.01943,,4.98987,13796.0,,-0.10128,,,,-2.45401,0.00977,27.0,,-1.69994,,A,1
2025-12-14 15:11:18.290000+00:00,-2.07697,,,,,-0.11585,,,,,,,,,-0.06035,,,,,0.0,,,,-2.07697,,,,0.0,,A,1
2025-12-14 15:11:18.391000+00:00,-1.03849,,,,,-0.05792,,,,,,,,,-0.03018,,,,,,,,,-1.03849,,,,,,A,1
2025-12-14 15:11:18.492000+00:00,,,,,,,,,,,,,,,,,4.97975,13768.0,,,,,,,,,,,,A,1
2025-12-14 15:11:18.590000+00:00,-0.51924,,,,,-0.02896,,,,,,,,,-0.01509,,,,,-0.10127,,1.0,,-0.51924,,,,,,A,1
2025-12-14 15:11:18.690000+00:00,-0.25962,,,,,-0.01448,,,,,,,,,-0.05818,,,,,0.0,,,,-0.25962,,,,,,A,1
2025-12-14 15:11:18.791000+00:00,-0.12981,,,,,-0.00724,,,,,,,,,-0.02909,,4.96998,13741.0,,,,,,-0.12981,,,,,,A,1
2025-12-14 15:11:18.891000+00:00,-0.06491,,,,,-0.00362,,,,,,,,,-0.01454,,,,,-0.09766,,,,-0.06491,,,,,,A,1
2025-12-14 15:11:18.992000+00:00,-0.03245,,,,,-0.00181,,,,,,,,,-0.0561,,4.95985,13713.0,,-0.10128,,,,-0.03245,,,,,,A,1
2025-12-14 15:11:19.090000+00:00,-0.01623,,,,,-0.00091,,,,,,,,,-0.07869,,,,,0.0,,,,-0.01623,,,,,,A,1
2025-12-14 15:11:19.192000+00:00,-0.00811,,,,,-0.00045,,,,,,,,,-0.03934,,,,,,,,,-0.00811,,,,,,A,1
2025-12-14 15:11:19.292000+00:00,-0.00406,,,,,-0.00023,,,,,,,,,-0.01967,,4.94973,13685.0,,,,,,-0.00406,,,,,,A,1
2025-12-14 15:11:19.391000+00:00,,,,,,,,,,,,,,,,,,,,-0.10127,,,,,,,,,,A,1
2025-12-14 15:11:19.489000+00:00,-0.00203,,,,,-0.00011,,,,,,,,,-0.06047,,,,,0.0,,,,-0.00203,,,,,,A,1
2025-12-14 15:11:19.589000+00:00,-0.00101,,,,,-6e-05,,,,,,,,,-0.03024,,4.93996,13658.0,,,,,,-0.00101,,,,,,A,1
2025-12-14 15:11:19.691000+00:00,-0.00051,,,,,-3e-05,,,,,,,,,-0.01512,,,,,-0.09766,,,,-0.00051,,,,,,A,1
2025-12-14 15:11:19.792000+00:00,-0.00025,,,,,-1e-05,,,,,,,,,-0.05639,,4.92983,13630.0,,0.0,,,,-0.00025,,,,,,A,1
2025-12-14 15:11:19.891000+00:00,-0.00013,,,,,-1e-05,,,,,,,,,-0.02819,,,,,-0.10128,,,,-0.00013,,,,,,A,1
2025-12-14 15:11:19.992000+00:00,-6e-05,,,,,-0.0,,,,,,,,,-0.06473,,,,,0.0,,,,-6e-05,,,,,,A,1
2025-12-14 15:11:20.090000+00:00,-3e-05,,,,,-0.0,,,,,,,,,-0.03237,,,,,,,,,-3e-05,,,,,,A,1
2025-12-14 15:11:20.192000+00:00,,,,,,,,,,,,,,,,,4.9197,13602.0,,-0.10127,,,,,,,,,,A,1
2025-12-14 15:11:20.289000+00:00,-2e-05,,,,,-0.0,,,,,,,,,-0.06682,,,,,0.0,,,,-2e-05,,,,,,A,1
2025-12-14 15:11:20.389000+00:00,-1e-05,,,,,-0.0,,,,,,,,,-0.03341,,,,,,,,,-1e-05,,,,,,A,1
2025-12-14 15:11:20.489000+00:00,-0.0,,,,,-0.0,,,,,,,,,-0.0167,,4.90994,13575.0,,-0.09766,,,,-0.0,,,,,,A,1
2025-12-14 15:11:20.591000+00:00,-0.0,,,,,-0.0,,,,,,,,,-0.05718,,,,,0.0,,,,-0.0,,,,,,A,1
2025-12-14 15:11:20.691000+00:00,-0.0,,,,,-0.0,,,,,,,0.0,,-0.02859,,4.89981,13547.0,,-0.10128,,,,-0.0,,,,,,A,1
2025-12-14 15:11:20.790000+00:00,-0.0,,,,,-0.0,,,,,,,,,-0.06493,,4.86979,13464.0,,-0.3002,,,,-0.0,,,,,,A,1
2025-12-14 15:11:20.890000+00:00,-0.0,,,,,-0.0,,,,,,,,,-0.18257,,4.71969,13049.0,,,,,,-0.0,,,,,,A,1
2025-12-14 15:11:20.991000+00:00,,,,,,,,,,,,,,,,,4.55982,12607.0,,-1.50101,,,,,,,,,,A,1
2025-12-14 15:11:21.089000+00:00,-0.0,,,,,-0.0,,,,,,,,,-0.84179,,4.3797,12109.0,,-1.59867,,,,-0.0,,,,,,A,1
2025-12-14 15:11:21.190000+00:00,-0.0,,,,,-0.0,,,,,,,,,-1.22023,,4.22996,11695.0,,-1.80121,,,,-0.0,,,,,,A,1
2025-12-14 15:11:21.291000+00:00,-0.0,,,,,-0.0,,,,,,,,,-1.51072,,4.06973,11252.0,,-3.09968,,,,-0.0,,,,,,A,1
2025-12-14 15:11:21.389000+00:00,-0.0,,,,,-0.0,,,,,,,,,-2.3052,,3.91999,10838.0,,-1.4974,,,,-0.0,,,,,,A,1
2025-12-14 15:11:21.491000+00:00,-0.0,,,,,-0.0,,,,,,,,,-1.9013,,3.76989,10423.0,,-1.50101,,,,-0.0,,,,,,A,1
2025-12-14 15:11:21.590000+00:00,-0.0,,,,,-0.0,,,,,,,,,-1.70116,,3.57964,9897.0,,-1.90249,,,,-0.0,,,,,,A,1
2025-12-14 15:11:21.689000+00:00,-0.0,,,,,-0.0,,,,,,,,,-1.80182,,3.4299,9483.0,,-1.4974,,,,-0.0,,,,,,A,1
2025-12-14 15:11:21.790000+00:00,-0.0,,,,,-0.0,,,,,,,,,-1.64961,,3.2798,9068.0,,,,,,-0.0,,,,,,A,1
2025-12-14 15:11:21.893000+00:00,,,,,,,,,,,,,,,,,3.11994,8626.0,,-1.50101,,,,,,,,,,A,1
2025-12-14 15:11:21.989000+00:00,-0.0,,,,,-0.0,,,,,,,,,-1.57531,,2.96984,8211.0,,-1.59867,,,,-0.0,,,,,,A,1
2025-12-14 15:11:22.090000+00:00,-0.0,,,,,-0.0,,,,,,,,,-1.58699,,2.81973,7796.0,,-1.50101,,,,-0.0,,,,,,A,1
2025-12-14 15:11:22.191000+00:00,-0.0,,,,,-0.0,,,,,,,,,-1.544,,2.65987,7354.0,,,,,,-0.0,,,,,,A,1
2025-12-14 15:11:22.290000+00:00,-0.0,,,,,-0.0,,,,,,,,,-1.52251,,2.47975,6856.0,,-1.59867,,,,-0.0,,,,,,A,1
2025-12-14 15:11:22.390000+00:00,-0.0,,,,,-0.0,,,,,,,,,-1.56059,,2.32964,6441.0,,-3.30223,,,,-0.0,,,,,,A,1
2025-12-14 15:11:22.491000+00:00,-0.0,,,,,-0.0,,,,,,,,,-2.43141,,2.16978,5999.0,,-1.59867,,,,-0.0,,,,,,A,1
2025-12-14 15:11:22.590000+00:00,-0.0,,,,,-0.0,,,,,,,,,-2.01504,,2.01968,5584.0,,,,,,-0.0,,,,,,A,1
2025-12-14 15:11:22.690000+00:00,,,,,,,,,,,,,,,,,1.85981,5142.0,,-1.50101,,,,,,,,,,A,1
2025-12-14 15:11:22.791000+00:00,-0.0,,,,,-0.0,,,,,,,,,-1.75803,,1.70971,4727.0,,-1.59867,,,,-0.0,,,,,,A,1
2025-12-14 15:11:22.890000+00:00,-0.0,,,,,-0.0,,,,,,,,,-1.67835,,1.55997,4313.0,,-1.50101,,,,-0.0,,,,,,A,1
2025-12-14 15:11:22.991000+00:00,-0.0,,,,,-0.0,,,,,,,,,-1.58968,,1.39974,3870.0,,-1.4974,,,,-0.0,,,,,,A,1
2025-12-14 15:11:23.090000+00:00,-0.0,,,,,-0.0,,,,,,,,,-1.54354,,1.21998,3373.0,,-1.60229,,,,-0.0,,,,,,A,1
2025-12-14 15:11:23.191000+00:00,-0.0,,,,,-0.0,,,,,,,,,-1.57291,,1.06988,2958.0,,-1.7976,,,,-0.0,,,,,,A,1
2025-12-14 15:11:23.291000+00:00,-0.0,,,,,-0.0,,,,,,,,,-1.68525,,0.90965,2515.0,,-1.50101,,,,-0.0,,,,,,A,1
2025-12-14 15:11:23.390000+00:00,-0.0,,,,,-0.0,,,,,,,,,-1.59313,,,,,-1.60229,,,,-0.0,,,,,,A,1
2025-12-14 15:11:23.490000+00:00,-0.0,,,,,-0.0,,,,,,,,,-1.59771,,0.75991,2101.0,,,,,,-0.0,,,,,,A,1
2025-12-14 15:11:23.589000+00:00,,,,,,,,,,,,,,,,,0.60981,1686.0,,-2.99841,,,,,,,,,,A,1
2025-12-14 15:11:23.690000+00:00,-0.0,,,,,-0.0,,,,,,,,,-2.29806,,0.44994,1244.0,,-1.59867,,,,-0.0,,,,,,A,1
2025-12-14 15:11:23.792000+00:00,-0.0,,,,,-0.0,,,,,,0.0,,,-1.94836,,0.29984,829.0,,-1.50101,,,,-0.0,,,,,,A,1
2025-12-14 15:11:23.892000+00:00,-0.0,,,,,-0.0,,,,,,,,,-1.72469,,0.14974,414.0,,-1.50101,,,,-0.0,,,,,,A,1
2025-12-14 15:11:23.992000+00:00,-0.0,,,,,-0.0,,,,,,,,,-1.61285,,0.05968,165.0,,-0.90061,,,,-0.0,,,,,,A,1
2025-12-14 15:11:24.089000+00:00,-0.0,,,,,-0.0,,,,,,,,,-1.25673,,,,,0.0,,,,-0.0,,,,,,A,1
2025-12-14 15:11:24.190000+00:00,-0.0,,,,,-0.0,,,,,,,,,-0.62836,,,,,,,,,-0.0,,,,,,A,1
2025-12-14 15:11:24.290000+00:00,-0.0,,,,0.0,-0.0,1.0,,,8.0,,,,,-0.31418,1.0,,,9.0,,,0.0,,-0.0,,,10.0,,1.0,A,1
2025-12-14 15:11:24.491000+00:00,-0.0,,,,,-0.0,,0.10995,304.0,,,,,,-0.15709,,0.11972,331.0,,,,,,-0.0,0.03979,110.0,,,,A,1
2025-12-14 15:11:24.591000+00:00,-0.0,,,,,-0.0,,0.37977,1050.0,,1.09954,,,,-0.07855,,0.26982,746.0,,0.6004,,,,-0.0,0.24993,691.0,,0.3002,,A,1
2025-12-14 15:11:24.689000+00:00,0.1501,,,,,0.54977,,0.71,1963.0,,6.00043,,,,0.26093,,0.44994,1244.0,,3.30223,,,,0.1501,0.50998,1410.0,,4.70197,,A,1
2025-12-14 15:11:24.789000+00:00,2.42603,,,,,3.2751,,0.98994,2737.0,,2.79948,,,,1.78158,,0.60981,1686.0,,1.59867,,,,2.42603,0.71976,1990.0,,2.0978,,A,1
2025-12-14 15:11:24.889000+00:00,2.26192,,,,,3.03729,,1.26989,3511.0,,2.79948,,,,1.69012,,0.75991,2101.0,,1.50101,,,,2.26192,0.93967,2598.0,,2.19907,,A,1
2025-12-14 15:11:24.989000+00:00,2.2305,,,,,2.91838,,1.53971,4257.0,,2.69821,,,,1.59557,,0.90965,2515.0,,1.4974,,,,2.2305,1.14981,3179.0,,2.10142,,A,1
2025-12-14 15:11:25.091000+00:00,2.16596,,,,,2.8083,,1.81966,5031.0,,2.79948,,,,1.54648,,1.06988,2958.0,,1.60229,,,,2.16596,1.35995,3760.0,,2.10142,,A,1
2025-12-14 15:11:25.189000+00:00,2.13369,,,,,2.80389,,2.08984,5778.0,,,,,,1.57438,,1.21998,3373.0,,,,,,2.13369,1.57986,4368.0,,,,A,1
2025-12-14 15:11:25.291000+00:00,,,,,,,,2.36979,6552.0,,2.70182,,,,,,1.36972,3787.0,,1.50101,,,,,1.78964,4948.0,,2.19907,,A,1
2025-12-14 15:11:25.390000+00:00,2.16638,,,,,2.75286,,2.69965,7464.0,,2.79948,,,,1.5377,,1.55997,4313.0,,1.4974,,,,2.16638,2.03993,5640.0,,2.0978,,A,1
2025-12-14 15:11:25.491000+00:00,2.13209,,,,,2.77617,,2.97996,8239.0,,3.29861,,,,1.51755,,1.70971,4727.0,,1.90249,,,,2.13209,2.25984,6248.0,,2.50289,,A,1
2025-12-14 15:11:25.591000+00:00,2.31749,,,,,3.03739,,3.24978,8985.0,,2.8031,,,,1.71002,,1.85981,5142.0,,1.4974,,,,2.31749,2.46998,6829.0,,2.19907,,A,1
2025-12-14 15:11:25.692000+00:00,2.25828,,,,,2.92024,,3.52973,9759.0,,2.69821,,,,1.60371,,2.01968,5584.0,,1.50101,,,,2.25828,2.67976,7409.0,,2.10142,,A,1
2025-12-14 15:11:25.791000+00:00,2.17985,,,,,2.80922,,3.79991,10506.0,,5.5013,,,,1.55236,,2.16978,5999.0,,3.09968,,,,2.17985,2.89967,8017.0,,4.29688,,A,1
2025-12-14 15:11:25.890000+00:00,3.23836,,,,,4.15526,,4.07986,11280.0,,2.79948,,,,2.32602,,2.32964,6441.0,,1.59867,,,,3.23836,3.10981,8598.0,,2.10142,,A,1
2025-12-14 15:11:25.989000+00:00,2.66989,,,,,3.47737,,4.40972,12192.0,,,,,,1.96234,,2.50977,6939.0,,,,,,2.66989,3.36986,9317.0,,,,A,1
2025-12-14 15:11:26.091000+00:00,,,,,,3.38799,,4.68967,12966.0,,3.29861,,,,1.88178,,2.65987,7354.0,,1.80122,,,,2.63522,3.57964,9897.0,,2.60055,,A,1
2025-12-14 15:11:26.189000+00:00,2.63522,,,27000.0,,,,4.95985,13713.0,,2.79948,,,,,,2.81973,7796.0,,1.50101,,,,,3.78979,10478.0,,2.0978,,A,1
2025-12-14 15:11:26.291000+00:00,2.36651,,,,,,,,,,2.70182,,,,,,,,,1.59867,,,,,,,,2.10142,,A,1
