SourceTimeStamp,AVG_SPEED,JOB_DONE,claw_ccw,claw_cw,claw_pos,claw_pos_AI,claw_sp_pos,disturbance_pos_end,disturbance_pos_ini,disturbance_value,err,home,x_bwd,x_disturbance,x_done,x_filt_speed,x_fwd,x_pos,x_pos_AI,x_sp_pos,x_speed,y_bwd,y_disturbance,y_done,y_filt_speed,y_fwd,y_pos,y_pos_AI,y_sp_pos,y_speed,z_disturbance,z_done,z_dwn,z_filt_speed,z_pos,z_pos_AI,z_sp_pos,z_speed,z_up,client_id,has_fault
2025-12-14 15:16:02.949000+00:00,2.1229,0.0,0.0,0.0,0.0,0.0,0.0,0.0,0.0,0.0,0.0,0.0,0.0,0.0,1.0,0.00394,0.0,8.22989,22754.0,8.0,0.0,0.0,0.0,0.0,1.53518,1.0,3.84983,10644.0,9.0,3.09968,0.0,0.0,0.0,2.1229,5.32986,14736.0,10.0,4.30049,1.0,A,0
2025-12-14 15:16:03.050000+00:00,3.2117,,,,,,,,,,,,,,,0.00197,,,,,,,,,2.31743,,3.99993,11059.0,,1.50101,,,,3.2117,5.53964,15316.0,,2.0978,,A,0
2025-12-14 15:16:03.154000+00:00,2.65475,,,,,,,,,,,,,,,0.00099,,,,,,,,,1.90922,,4.17969,11556.0,,1.7976,,,,2.65475,5.7997,16035.0,,2.60055,,A,0
2025-12-14 15:16:03.249000+00:00,2.62765,,,,,,,,,,,,,,,0.00049,,,,,,,,,1.85341,,4.33992,11999.0,,1.60229,,,,2.62765,6.00984,16616.0,,2.10142,,A,0
2025-12-14 15:16:03.351000+00:00,2.36453,,,,,,,,,,,,,,,0.00025,,,,,,,,,1.72785,,4.48966,12413.0,,1.49739,,,,2.36453,6.21998,17197.0,,2.10142,,A,0
2025-12-14 15:16:03.449000+00:00,2.23298,,,,,,,,,,,,,,,0.00012,,,,,,,,,1.61262,,4.63976,12828.0,,1.50101,,,,2.23298,6.43989,17805.0,,2.19907,,A,0
2025-12-14 15:16:03.552000+00:00,2.21602,,,,,,,,,,,,,,,6e-05,,,,,,,,,1.55682,,4.79999,13271.0,,1.60229,,,,2.21602,6.64967,18385.0,,2.0978,,A,0
2025-12-14 15:16:03.650000+00:00,2.15691,,,,,,,,,,,,,,,3e-05,,,,,,,,,1.57955,,4.94973,13685.0,,,,,,2.15691,6.85981,18966.0,,,,A,0
2025-12-14 15:16:03.753000+00:00,,,,,,,,,,,,,,,,,,,,,,,,,,,5.09983,14100.0,,1.4974,,,,,7.07972,19574.0,,2.10142,,A,0
2025-12-14 15:16:03.849000+00:00,2.12917,,,,,,,,,,,,,,,2e-05,,,,,,,,,1.53847,,5.25969,14542.0,,1.50101,,,,2.12917,7.28986,20155.0,,2.19907,,A,0
2025-12-14 15:16:03.950000+00:00,2.16412,,,,,,,,,,,,,,,1e-05,,,,,,,,,1.51974,,5.40979,14957.0,,1.59867,,,,2.16412,7.5,20736.0,,2.10142,,A,0
2025-12-14 15:16:04.050000+00:00,2.13277,,,,,,,,,,,,,,,0.0,,,,,,,,,1.55921,,5.59968,15482.0,,3.39988,,,,2.13277,7.75969,21454.0,,4.69835,,A,0
2025-12-14 15:16:04.151000+00:00,3.41556,,,,,,,,,,,,,,,0.0,,,,,,,,,2.47954,,5.74978,15897.0,,1.50102,,,,3.41556,7.96983,22035.0,,2.10142,,A,0
2025-12-14 15:16:04.251000+00:00,2.75849,,,,,,,,,,,,,,,0.0,,,,,,,,,1.99028,,5.89988,16312.0,,1.50101,,,,2.75849,8.18974,22643.0,,2.19907,,A,0
2025-12-14 15:16:04.351000+00:00,2.47878,,,,,,,,,,,,,,,0.0,,,,,,,,,1.74565,,6.05975,16754.0,,1.59867,,,,2.47878,8.39988,23224.0,,2.10142,,A,0
2025-12-14 15:16:04.451000+00:00,2.2901,,,,,,,,,,,,,,,0.0,,,,,,,,,1.67216,,6.20985,17169.0,,1.50101,,,,2.2901,8.60966,23804.0,,2.0978,,A,0
2025-12-14 15:16:04.552000+00:00,2.19395,,,,,,,,,,,,,,,0.0,,,,,,,,,1.58658,,6.35995,17584.0,,,,,,2.19395,8.81981,24385.0,,,,A,0
2025-12-14 15:16:04.650000+00:00,,,,,,,,,,,,,,,,,,,,,,,,,,,6.51982,18026.0,,,,,,,9.03971,24993.0,,2.10142,,A,0
2025-12-14 15:16:04.750000+00:00,2.14769,,,,,,,,,,,,,,,0.0,,,,,,,,,1.5438,,6.66992,18441.0,,1.59867,,,,2.14769,9.24986,25574.0,,2.19907,,A,0
2025-12-14 15:16:04.852000+00:00,2.17338,,,,,,,,,,,,,,,0.0,,,,,,,,,1.57124,,6.84968,18938.0,,1.50101,,,,2.17338,9.50991,26293.0,,2.10142,,A,0
2025-12-14 15:16:04.951000+00:00,2.1374,,,,,,,,,,,,,,,0.0,,,,,,,,,1.53612,,7.00991,19381.0,,1.7976,,,,2.1374,9.71969,26873.0,,2.60056,0.0,A,0
2025-12-14 15:16:05.051000+00:00,2.36898,,,,,,,,,,,,,,,0.0,,,,,,,,,1.66686,,7.15965,19795.0,,1.60229,,,,2.36898,9.92983,27454.0,,2.0978,,A,0
2025-12-14 15:16:05.152000+00:00,2.23339,,,,,,,,,,,,,,,0.0,,,,,,,,,1.63457,,7.33977,20293.0,,3.29861,,,,2.23339,10.0,27648.0,,2.8031,,A,0
2025-12-14 15:16:05.252000+00:00,2.51824,,,,,,,,,,,,,,,0.0,,,,,,,,,2.46659,,7.5,20736.0,,1.60229,,,,2.51824,,,,0.0,,A,0
2025-12-14 15:16:05.351000+00:00,1.25912,,,,,,,,,,,,,,,0.0,,,,,,,,,2.03444,,7.64974,21150.0,,1.49739,,,,1.25912,,,,,,A,0
2025-12-14 15:16:05.450000+00:00,0.62956,,,,,,,,,,,,,,,0.0,,,,,,,,,1.76592,,7.79984,21565.0,,,,1.0,,0.62956,,,,,,A,0
2025-12-14 15:16:05.550000+00:00,,,,,,,,,,,,,,,,,,,,,,,,,,,7.95971,22007.0,,1.50102,,,,,,,,,,A,0
2025-12-14 15:16:05.652000+00:00,0.31478,,,,,,,,,,,,,,,0.0,,,,,,,,,1.63347,,8.10981,22422.0,,1.59867,,,,0.31478,,,,,,A,0
2025-12-14 15:16:05.750000+00:00,0.15739,,,,,,,,,,,,,,,0.0,,,,,,,,,1.61607,,8.25991,22837.0,,1.50101,,,,0.15739,,,,,,A,0
2025-12-14 15:16:05.851000+00:00,0.0787,,,,,,,,,,,,,,,0.0,,,,,,,,,1.55854,,8.41978,23279.0,,1.50102,,,,0.0787,,,,,,A,0
2025-12-14 15:16:05.950000+00:00,0.03935,,,,,,,,,,,,,,,0.0,,,,,,,,,1.52978,,8.5999,23777.0,,1.59866,,,,0.03935,,,,,,A,0
2025-12-14 15:16:06.052000+00:00,0.01967,,,,,,,,,,,,,,,0.0,,,,,,,,,1.56422,0.0,8.75977,24219.0,,1.80121,,,,0.01967,,,,,,A,0
2025-12-14 15:16:06.152000+00:00,0.00984,,,,,,,,,,,,,,,0.0,,,,,,,,,1.68272,,8.90987,24634.0,,1.59867,,,,0.00984,,,,,,A,0
2025-12-14 15:16:06.250000+00:00,0.00492,,,,,,,,,,,,,,,0.0,,,,,,,,,1.6407,,,,,,,,,0.00492,,,,,,A,0
2025-12-14 15:16:06.351000+00:00,,,,,,,,,,,,,,,,,,,,,,,,,,,8.96991,24800.0,,2.10141,,,,,,,,,,A,0
2025-12-14 15:16:06.452000+00:00,0.00246,,,,,,,,,,,,,,,0.0,,,,,,,,,1.87105,,,,,0.0,,,,0.00246,,,,,,A,0
2025-12-14 15:16:06.552000+00:00,0.00123,1.0,,,,,,,,,,,,,,0.0,,,,5.0,,,,1.0,0.93553,,,,5.0,,,,,0.00123,,,5.0,,,A,0
2025-12-14 15:16:06.651000+00:00,0.00061,0.0,,,,,,,,,,,1.0,,0.0,0.0,,,,,,1.0,,0.0,0.46776,,,,,,,0.0,1.0,0.00061,,,,,,A,0
2025-12-14 15:16:06.751000+00:00,0.00031,,,,,,,,,,,,,,,0.0,,,,,,,,,0.23388,,,,,,,,,0.00031,,,,,,A,0
2025-12-14 15:16:06.853000+00:00,0.00015,,,,,,,,,,,,,,,0.0,,8.0599,22284.0,,-1.69994,,,,0.11694,,8.87985,24551.0,,-0.9006,,,,0.00015,9.93996,27482.0,,-0.6004,,A,0
2025-12-14 15:16:06.952000+00:00,-0.30013,,,,,,,,,,,,,,,-0.84997,,7.77995,21510.0,,-2.79948,,,,-0.39183,,8.71998,24109.0,,-1.59867,,,,-0.30013,9.72982,26901.0,,-2.10142,,A,0
2025-12-14 15:16:07.052000+00:00,-1.20077,,,,,,,,,,,,,,,-1.82472,,7.50977,20763.0,,-2.70182,,,,-0.99525,,8.56988,23694.0,,-1.50101,,,,-1.20077,9.51968,26320.0,,-2.10141,,A,0
2025-12-14 15:16:07.151000+00:00,-1.65109,,,,,,,,,,,,,,,-2.26327,,7.22982,19989.0,,,,,,-1.24813,,8.41978,23279.0,,,,,,-1.65109,9.3099,25740.0,,,,A,0
2025-12-14 15:16:07.252000+00:00,,,,,,,,,,,,,,,,,,6.96,19243.0,,-2.79948,,,,,,8.25991,22837.0,,-1.50102,,,,,9.08999,25132.0,,-2.09781,,A,0
2025-12-14 15:16:07.350000+00:00,-1.87445,,,,,,,,,,,,,,,-2.53138,,6.62977,18330.0,,-2.6982,,,,-1.37457,,8.07979,22339.0,,-1.59866,,,,-1.87445,8.8397,24440.0,,-2.19907,,A,0
2025-12-14 15:16:07.454000+00:00,-2.03676,,,,,,,,,,,,,,,-2.61479,,6.34983,17556.0,,-6.10171,,,,-1.48662,,7.92969,21924.0,,-3.30223,,,,-2.03676,8.61979,23832.0,,-4.70197,,A,0
2025-12-14 15:16:07.551000+00:00,-3.36936,,,,,,,,,,,,,,,-4.35825,,6.06988,16782.0,,-2.79948,,,,-2.39442,,7.76982,21482.0,,-1.59867,,,,-3.36936,8.40965,23251.0,,-2.10142,,A,0
2025-12-14 15:16:07.651000+00:00,-2.73539,,,,,,,,,,,,,,,-3.57886,,5.7997,16035.0,,-2.70183,,,,-1.99655,,7.61972,21067.0,,-1.50102,,,,-2.73539,8.19987,22671.0,,-2.0978,,A,0
2025-12-14 15:16:07.751000+00:00,-2.41659,,,,,,,,,,,,,,,-3.14034,,5.51975,15261.0,,-2.79948,,,,-1.74878,,7.46998,20653.0,,-1.49739,,,,-2.41659,7.97996,22063.0,,-2.19908,,A,0
2025-12-14 15:16:07.850000+00:00,-2.30784,,,,,,,,,,,,0.0,,,-2.96991,,5.18989,14349.0,,-3.29861,,,,-1.62309,,7.27973,20127.0,,-1.90249,,,,-2.30784,7.72967,21371.0,,-2.50289,,A,0
2025-12-14 15:16:07.951000+00:00,-2.40537,,,,,,,,,,,,,,,-3.13426,,4.9197,13602.0,,,,,,-1.76279,,7.12999,19713.0,,,,,,-2.40537,7.50977,20763.0,,,,A,0
2025-12-14 15:16:08.051000+00:00,,,,,,,,,,,,,,,,,,4.80975,13298.0,,-2.70182,,,,,,6.97989,19298.0,,-1.4974,,,,,7.29999,20183.0,,-2.19907,,A,0
2025-12-14 15:16:08.152000+00:00,-2.30222,,,,,,,,,,,,,,,-2.91804,,,,,-1.09954,,,,-1.63009,,6.81966,18855.0,,-1.50101,,,,-2.30222,7.08984,19602.0,,-2.0978,,A,0
2025-12-14 15:16:08.251000+00:00,-2.20001,,,,,,,,,,,,,,,-2.00879,,,,,0.0,,,,-1.56555,,6.66992,18441.0,,-1.60229,,,,-2.20001,6.8797,19021.0,,-2.10142,,A,0
2025-12-14 15:16:08.351000+00:00,-2.15071,,,,,,,,,,,,,,1.0,-1.0044,,,,,,,,,-1.58392,,6.51982,18026.0,,-1.49739,,,,-2.15071,6.65979,18413.0,,-2.10142,,A,0
2025-12-14 15:16:08.450000+00:00,-2.12607,,,,,,,,,,,,,,,-0.5022,,,,,,,,,-1.54066,,6.35995,17584.0,,-1.50101,,,,-2.12607,6.44965,17832.0,,-2.19907,,A,0
2025-12-14 15:16:08.552000+00:00,-2.16257,,,,,,,,,,,,,,,-0.2511,,,,,,,,,-1.52083,,6.17983,17086.0,,-3.39989,,,,-2.16257,6.18996,17114.0,,-4.69835,,A,0
2025-12-14 15:16:08.650000+00:00,-3.43046,,,,,,,,,,,,,,,-0.12555,,,,,,,,,-2.46036,,6.02973,16671.0,,-1.50101,,,,-3.43046,5.97982,16533.0,,-2.10142,,A,0
2025-12-14 15:16:08.751000+00:00,-2.76594,,,,,,,,,,,,,,,-0.06277,,,,,,,,,-1.98069,,5.86986,16229.0,,-1.59867,,,,-2.76594,5.76968,15952.0,,-2.10142,,A,0
2025-12-14 15:16:08.850000+00:00,,,,,,,,,,,,,,,,,,,,,,,,,,,5.71976,15814.0,,,,,,,5.54977,15344.0,,,,A,0
2025-12-14 15:16:08.950000+00:00,-2.43368,,,,,,,,,,,,,,,-0.03139,,,,,,,,,-1.78968,,5.5599,15372.0,,-1.50101,,,,-2.43368,5.33999,14764.0,,-2.19907,,A,0
2025-12-14 15:16:09.050000+00:00,-2.31638,,,,,,,,,,,,,,,-0.01569,,,,,,,,,-1.64534,,5.40979,14957.0,,-1.59867,,,0.0,-2.31638,5.12985,14183.0,,-2.0978,,A,0
2025-12-14 15:16:09.151000+00:00,-2.20709,,,,,,,,,,,,,,,-0.00785,,,,,,0.0,,,-1.62201,,5.25969,14542.0,,-1.50101,,,,-2.20709,4.90994,13575.0,,-2.10142,,A,0
2025-12-14 15:16:09.250000+00:00,-2.15425,,,,,,,,,,,,,,,-0.00392,,,,,,,,,-1.56151,,5.06981,14017.0,,,,,,-2.15425,4.78986,13243.0,,-2.19907,,A,0
2025-12-14 15:16:09.352000+00:00,-2.17666,,,,,,,,,,,,,,,-0.00196,,,,,,,,,-1.53126,,5.00977,13851.0,,-1.89887,,,,-2.17666,,,,-1.20081,,A,0
2025-12-14 15:16:09.451000+00:00,-1.68874,,,,,,,,,,,,,,,-0.00098,,,,,,,,,-1.71507,,,,,-0.6004,,,,-1.68874,,,,0.0,,A,0
2025-12-14 15:16:09.552000+00:00,-0.84437,,,,,,,,,,,,,,,-0.00049,,,,,,,,,-1.15774,,,,,0.0,,1.0,,-0.84437,,,,,,A,0
2025-12-14 15:16:09.654000+00:00,-0.42218,1.0,,,,,,,,,,,,,,-0.00025,,,,0.0,,,,1.0,-0.57887,,,,0.0,,,,,-0.42218,,,0.0,,,A,0
2025-12-14 15:16:09.751000+00:00,,0.0,,,,,,,,,,,1.0,,0.0,,,,,,,1.0,,0.0,,,,,,,,0.0,1.0,,,,,,,A,0
2025-12-14 15:16:09.852000+00:00,-0.21109,,,,,,,,,,,,,,,-0.00012,,,,,,,,,-0.28943,,,,,,,,,-0.21109,,,,,,A,0
2025-12-14 15:16:09.951000+00:00,-0.10555,,,,,,,,,,,,,,,-6e-05,,4.6998,12994.0,,-1.09954,,,,-0.14472,,4.94973,13685.0,,-0.6004,,,,-0.10555,4.74971,13132.0,,-0.40148,,A,0
2025-12-14 15:16:10.052000+00:00,-0.25351,,,,,,,,,,,,,,,-0.5498,,4.41985,12220.0,,-2.79948,,,,-0.37256,,4.79999,13271.0,,-1.4974,,,,-0.25351,4.53993,12552.0,,-2.0978,,A,0
2025-12-14 15:16:10.150000+00:00,-1.17566,,,,,,,,,,,,,,,-1.67464,,4.1399,11446.0,,,,,,-0.93498,,4.63976,12828.0,,-1.60229,,,,-1.17566,4.32979,11971.0,,-2.10142,,A,0
2025-12-14 15:16:10.251000+00:00,-1.63854,,,,,,,,,,,,,,,-2.23706,,3.86972,10699.0,,-2.70182,,,,-1.26863,,4.48966,12413.0,,-1.50101,,,,-1.63854,4.11965,11390.0,,,,A,0
2025-12-14 15:16:10.351000+00:00,-1.86998,,,,,,,,,,,,,,,-2.46944,,3.53986,9787.0,,-3.29861,,,,-1.38482,,4.3099,11916.0,,-1.7976,,,,-1.86998,3.85995,10672.0,,-2.59693,,A,0
2025-12-14 15:16:10.452000+00:00,-2.23346,,,,,,,,,,,,,,,-2.88403,,3.25991,9013.0,,,,,,-1.59121,,4.14967,11473.0,,,,,,-2.23346,3.64981,10091.0,,,,A,0
2025-12-14 15:16:10.551000+00:00,,,,,,,,,,,,,,,,,,2.97996,8239.0,,-2.79948,,,,,,3.99993,11059.0,,-1.60229,,,,,3.4299,9483.0,,-2.10142,,A,0
2025-12-14 15:16:10.652000+00:00,-2.16744,,,,,,,,,,,,,,,-2.84175,,2.70978,7492.0,,-2.79948,,,,-1.59675,,3.84983,10644.0,,-1.4974,,,,-2.16744,3.21976,8902.0,,-2.19907,,A,0
2025-12-14 15:16:10.752000+00:00,-2.18325,,,,,,,,,,,,,,,-2.82062,,2.42983,6718.0,,-2.70182,,,,-1.54707,,3.68996,10202.0,,-1.50101,,,,-2.18325,3.00998,8322.0,,-2.10142,,A,0
2025-12-14 15:16:10.850000+00:00,-2.14234,,,,,,,,,,,,,,,-2.76122,,2.09997,5806.0,,-6.09809,,,,-1.52404,,3.50984,9704.0,,-3.39988,,,,-2.14234,2.74993,7603.0,,-4.69835,,A,0
2025-12-14 15:16:10.950000+00:00,-3.42034,,,,,,,,,,,,,,,-4.42965,,1.82979,5059.0,,-2.70182,,,,-2.46196,,3.35974,9289.0,,-1.50101,,,,-3.42034,2.53979,7022.0,,-2.10142,,A,0
2025-12-14 15:16:11.052000+00:00,-2.76088,,,,,,,,,,,,,,,-3.56574,,1.54984,4285.0,,-2.79948,,,,-1.98149,,3.19987,8847.0,,-1.59867,,,,-2.76088,2.32964,6441.0,,-2.10142,,A,0
2025-12-14 15:16:11.150000+00:00,-2.43115,,,,,,,,,,,,,,,-3.18261,,1.26989,3511.0,,,,,,-1.79008,,3.04977,8432.0,,-1.50101,,,,-2.43115,2.10974,5833.0,,-2.19907,,A,0
2025-12-14 15:16:11.252000+00:00,-2.31511,,,,,,,,,,,,,,,-2.99104,,0.99971,2764.0,,-2.70182,,,,-1.64555,,2.89967,8017.0,,,,,,-2.31511,1.89996,5253.0,,-2.0978,,A,0
2025-12-14 15:16:11.350000+00:00,,,,,,,,,,,,,,,,-2.84643,,0.71976,1990.0,,,,,,-1.57328,,2.7398,7575.0,,,,,,-2.20646,1.68981,4672.0,,,,A,0
2025-12-14 15:16:11.450000+00:00,-2.20646,,,,,,,,,,,,,,,,,0.3899,1078.0,,-2.79948,,,,,,2.55968,7077.0,,-1.59867,,,,,1.42976,3953.0,,-2.10142,,A,0
2025-12-14 15:16:11.551000+00:00,-2.15394,,,,,,,,,,,,0.0,,,-2.82296,,0.11972,331.0,,-3.29861,,,,-1.58597,,2.40994,6663.0,,-1.80121,,,,-2.15394,1.21998,3373.0,,-2.60055,,A,0
2025-12-14 15:16:11.649000+00:00,-2.37724,,,,,,,,,,,,,,,-3.06078,,0.0,0.0,,-2.70182,,,,-1.69359,,2.24971,6220.0,,-1.4974,,,,-2.37724,0.99971,2764.0,,-2.0978,,A,0
2025-12-14 15:16:11.750000+00:00,-2.23752,,,,,,,,,,,,,,,-2.8813,,,,,-1.19719,,,,-1.59549,,2.09997,5806.0,,-1.60229,,,,-2.23752,0.78993,2184.0,,-2.20269,,A,0
2025-12-14 15:16:11.850000+00:00,-2.22011,,,,,,,,,,,,,,,-2.03925,,,,,0.0,,,,-1.59889,,1.94987,5391.0,,-1.4974,,,,-2.22011,0.57979,1603.0,,-2.0978,,A,0
2025-12-14 15:16:11.951000+00:00,-2.15895,,,,,,,,,,,,,,,-1.01962,,,,,,,,,-1.54814,,1.78964,4948.0,,-3.1033,,,,-2.15895,0.36965,1022.0,,-4.20284,,A,0
2025-12-14 15:16:12.051000+00:00,-3.18089,,,,,,,,,,,,,,1.0,-0.50981,,,,,,,,,-2.32572,,1.60988,4451.0,,-1.7976,,,0.0,-3.18089,0.10995,304.0,,-2.59693,,A,0
2025-12-14 15:16:12.150000+00:00,-2.88891,,,,,,,,,,,,,,,-0.25491,,,,,,,,,-2.06166,,1.44965,4008.0,,,,,,-2.88891,0.0,0.0,,,,A,0
2025-12-14 15:16:12.251000+00:00,,,,,,,,,,,,,,,,,,,,,,,,,,,1.29991,3594.0,,-1.60228,,,,,,,,-1.09954,,A,0
2025-12-14 15:16:12.351000+00:00,-1.99423,,,,,,,,,,,,,,,-0.12745,,,,,,,,,-1.83197,,1.14981,3179.0,,-1.4974,,,,-1.99423,,,,0.0,,A,0
2025-12-14 15:16:12.450000+00:00,-0.99711,,,,,,,,,,,,,,,-0.06373,,,,,,,,,-1.66468,,0.98994,2737.0,,-1.50101,,,,-0.99711,,,,,,A,0
2025-12-14 15:16:12.553000+00:00,-0.49856,,,,,,,,,,,,,,,-0.03186,,,,,,,,,-1.58285,,0.83984,2322.0,,-1.59867,,1.0,,-0.49856,,,,,,A,0
2025-12-14 15:16:12.652000+00:00,-0.24928,,,,,,,,,,,,,,,-0.01593,,,,,,,,,-1.59076,,,,,-1.50101,,,,-0.24928,,,,,,A,0
2025-12-14 15:16:12.752000+00:00,-0.12464,,,,,,,,,,,,,,,-0.00797,,,,,,,,,-1.54589,,0.65972,1824.0,,-1.80122,,,,-0.12464,,,,,,A,0
2025-12-14 15:16:12.849000+00:00,-0.06232,,,,,,,,,,,,,,,-0.00398,,,,,,,,,-1.67355,,0.49986,1382.0,,-1.59867,,,,-0.06232,,,,,,A,0
2025-12-14 15:16:12.950000+00:00,-0.03116,,,,,,,,,,,,,,,-0.00199,,,,,,,,,-1.63611,,0.34975,967.0,,,,,,-0.03116,,,,,,A,0
2025-12-14 15:16:13.050000+00:00,,,,,,,,,,,,,,,,,,,,,,0.0,,,,,0.19965,552.0,,-1.50101,,,,,,,,,,A,0
2025-12-14 15:16:13.150000+00:00,-0.01558,,,,,,,,,,,,,,,-0.001,,,,,,,,,-1.56856,,0.03979,110.0,,-3.09968,,,,-0.01558,,,,,,A,0
2025-12-14 15:16:13.251000+00:00,-0.00779,,,,,,,,,,,,,,,-0.0005,,,,,,,,,-2.33412,,0.0,0.0,,-0.39786,,,,-0.00779,,,,,,A,0
2025-12-14 15:16:13.350000+00:00,-0.00389,,,,,,,,,,,,,,,-0.00025,,,,,,,,,-1.36599,,,,,0.0,,,,-0.00389,,,,,,A,0
2025-12-14 15:16:13.452000+00:00,-0.00195,,,,,,,,,,,,,,,-0.00012,,,,,,,,,-0.683,,,,,,,,,-0.00195,,,,,,A,0
2025-12-14 15:16:13.551000+00:00,-0.00097,,,,,,,,,,,,,,0.0,-6e-05,1.0,,,8.0,,,,,-0.3415,1.0,,,9.0,,,0.0,,-0.00097,,,10.0,,1.0,A,0
2025-12-14 15:16:13.652000+00:00,-0.00049,,,,,,,,,,,,,,,-3e-05,,,,,,,,,-0.17075,,,,,,,,,-0.00049,,,,,,A,0
2025-12-14 15:16:13.750000+00:00,-0.00024,,,,,,,,,,,,,,,-2e-05,,0.15987,442.0,,1.59867,,,,-0.08537,,0.07993,221.0,,0.79934,,,,-0.00024,0.05968,165.0,,0.59679,,A,0
2025-12-14 15:16:13.851000+00:00,0.29827,,,,,,,,,,,,,,,0.79933,,0.43982,1216.0,,,,,,0.35698,,0.22967,635.0,,,,,,0.29827,0.26982,746.0,,,,A,0
2025-12-14 15:16:13.950000+00:00,,,,,,,,,,,,,,,,,,0.71,1963.0,,2.79948,,,,,,0.3899,1078.0,,1.4974,,,,,0.47996,1327.0,,2.10142,,A,0
2025-12-14 15:16:14.050000+00:00,1.19985,,,,,,,,,,,,,,,1.7994,,1.03986,2875.0,,2.70182,,,,0.92719,,0.56966,1575.0,,1.60229,,,,1.19985,0.73966,2045.0,,,,A,0
2025-12-14 15:16:14.151000+00:00,1.65063,,,,,,,,,,,,,,,2.25061,,1.31981,3649.0,,3.29861,,,,1.26474,,0.71976,1990.0,,1.7976,,,,1.65063,0.9498,2626.0,,2.59693,,A,0
2025-12-14 15:16:14.250000+00:00,2.12378,,,,,,,,,,,,,,,2.77461,,1.59975,4423.0,,5.59896,,,,1.53117,,0.87999,2433.0,,3.1033,,,,2.12378,1.15994,3207.0,,4.20284,,A,0
2025-12-14 15:16:14.350000+00:00,3.16331,,,,,,,,,,,,,,,4.18678,,1.86994,5170.0,,2.70182,,,,2.31723,,1.02973,2847.0,,1.4974,,,,3.16331,1.37985,3815.0,,2.19907,,A,0
2025-12-14 15:16:14.452000+00:00,2.68119,,,,,,,,,,,,,,,3.4443,,2.14988,5944.0,,2.79948,,,,1.90731,,1.17983,3262.0,,1.50101,,,,2.68119,1.58999,4396.0,,2.10142,,A,0
2025-12-14 15:16:14.550000+00:00,2.3913,,,,,,,,,,,,,,,3.12189,,2.4197,6690.0,,2.69821,,,,1.70416,,1.3397,3704.0,,1.59867,,,,2.3913,1.79977,4976.0,,2.0978,,A,0
2025-12-14 15:16:14.652000+00:00,2.24455,,,,,,,,,,,,,,,2.91005,,2.75969,7630.0,,3.39988,,,,1.65142,,1.51982,4202.0,,1.80122,,,,2.24455,2.05982,5695.0,,2.60055,,A,0
2025-12-14 15:16:14.750000+00:00,2.42255,,,,,,,,,,,,,,,3.15497,,3.02988,8377.0,,,,,,1.72632,,1.66992,4617.0,,,,,,2.42255,2.26997,6276.0,,,,A,0
2025-12-14 15:16:14.850000+00:00,,,,,,,,,,,,,,,,,,3.30982,9151.0,,2.70182,,,,,,1.82979,5059.0,,1.50101,,,,,2.48987,6884.0,,2.10142,,A,0
2025-12-14 15:16:14.952000+00:00,2.26198,,,,,,,,,,,,,,,2.92839,,3.57964,9897.0,,2.79948,,,,1.61366,,1.97989,5474.0,,1.59867,,,,2.26198,2.69965,7464.0,,2.19908,,A,0
2025-12-14 15:16:15.050000+00:00,2.23053,,,,,,,,,,,,,,,2.86394,,3.85995,10672.0,,2.6982,,,,1.60617,,2.12999,5889.0,,1.50101,,,,2.23053,2.90979,8045.0,,2.0978,,A,0
2025-12-14 15:16:15.152000+00:00,2.16416,,,,,,,,,,,,,,,2.78107,,4.12977,11418.0,,2.8031,,,,1.55359,,2.28986,6331.0,,,,,,2.16416,3.11994,8626.0,,2.10142,,A,0
2025-12-14 15:16:15.251000+00:00,2.13279,,,,,,,,,,,,,,,2.79208,,4.46976,12358.0,,2.6982,,,,1.5273,,2.46998,6829.0,,1.59867,,,,2.13279,3.37999,9345.0,,2.10142,,A,0
2025-12-14 15:16:15.352000+00:00,2.1171,,,,,,,,,,,,,,,2.74514,,4.73994,13105.0,,6.10171,,,,1.56298,,2.61972,7243.0,,3.29861,,,,2.1171,3.58977,9925.0,,4.69835,,A,0
2025-12-14 15:16:15.451000+00:00,3.40773,,,,,,,,,,,,,,,4.42343,,5.01989,13879.0,,2.79948,,,,2.4308,,2.77995,7686.0,,1.60228,,,,3.40773,3.80968,10533.0,,2.19908,,A,0
2025-12-14 15:16:15.549000+00:00,2.8034,,,,,,,,,,,,,,,3.61145,,5.28971,14625.0,,,,,,2.01654,,2.92969,8100.0,,,,,,2.8034,4.01982,11114.0,,,,A,0
2025-12-14 15:16:15.652000+00:00,,,,,,,,,,,,,,,,,,5.56966,15399.0,,2.69821,,,,,,3.07979,8515.0,,1.4974,,,,,4.22996,11695.0,,2.10142,,A,0
2025-12-14 15:16:15.750000+00:00,2.45241,,,,,,,,,,,,,,,3.15483,,5.83984,16146.0,,2.79948,,,,1.75697,,3.23966,8957.0,,1.50101,,,,2.45241,4.44987,12303.0,,2.10142,,A,0
2025-12-14 15:16:15.852000+00:00,2.27691,,,,,,,,,,,,,,,2.97715,,6.11979,16920.0,,2.70183,,,,1.62899,,3.38976,9372.0,,1.59867,,,,2.27691,4.65965,12883.0,,2.19907,,A,0
2025-12-14 15:16:15.949000+00:00,2.23799,,,,,,,,,,,,,,,2.83949,,6.44965,17832.0,,2.79948,,,,1.61383,,3.57964,9897.0,,1.50101,,,,2.23799,4.9197,13602.0,,2.0978,,A,0
2025-12-14 15:16:16.052000+00:00,2.1679,,,,,,,,,,,,,,,2.81948,,6.72996,18607.0,,3.29861,,,,1.55742,,3.72975,10312.0,,1.89887,,,,2.1679,5.12985,14183.0,,2.60055,,A,0
2025-12-14 15:16:16.153000+00:00,2.38422,,,,,,,,,,,,,,,3.05905,,6.99978,19353.0,,2.8031,,,,1.72815,,3.87985,10727.0,,1.50101,,,,2.38422,5.33999,14764.0,,2.10142,,A,0
2025-12-14 15:16:16.252000+00:00,2.24282,,,,,,,,,,,,,,,2.93107,,,,,2.69821,,,,1.61458,,,,,1.50101,,,,2.24282,,,,,,A,0
2025-12-14 15:16:16.350000+00:00,2.17212,,,,,,,,,,,,,,,2.81464,,7.27973,20127.0,,2.79948,,,,1.5578,,4.03971,11169.0,,1.59867,,,,2.17212,5.54977,15344.0,,2.0978,,A,0
2025-12-14 15:16:16.450000+00:00,,,,,,,,,,,,,,,,,,7.55968,20901.0,,,,,,,,4.18981,11584.0,,,,,,,5.76968,15952.0,,,,A,0
2025-12-14 15:16:16.551000+00:00,2.13496,,,,,,,,,,,,,,,2.80706,0.0,7.8899,21814.0,,6.10171,,,,1.57823,,4.36994,12082.0,,3.30223,,,,2.13496,6.01997,16644.0,,4.70197,,A,0
2025-12-14 15:16:16.654000+00:00,3.41846,,,,,,,,,,,,,,,4.45438,,8.15972,22560.0,,2.69821,,,,2.44023,,4.5298,12524.0,,1.59867,,,,3.41846,6.23987,17252.0,,2.19907,,A,0
2025-12-14 15:16:16.754000+00:00,2.80877,,,,,,,,,,,,,,,3.5763,,8.26968,22864.0,,1.09954,,,,2.01945,,4.6799,12939.0,,1.50101,,,,2.80877,6.44965,17832.0,,2.0978,,A,0
2025-12-14 15:16:16.851000+00:00,2.45329,,,,,,,,,,,,,,,2.33792,,,,,0.0,,,,1.76023,,4.82964,13353.0,,1.4974,,,,2.45329,6.65979,18413.0,,2.10142,,A,0
2025-12-14 15:16:16.951000+00:00,2.27735,,,,,,,,,,,,,,,1.16896,,,,,,,,,1.62881,,4.98987,13796.0,,1.60228,,,,2.27735,6.8797,19021.0,,2.19907,,A,0
2025-12-14 15:16:17.054000+00:00,2.23821,,,,,,,,,,,,,,1.0,0.58448,,,,,,,,,1.61555,,5.13997,14211.0,,1.50101,,,,2.23821,7.08984,19602.0,,2.10142,,A,0
2025-12-14 15:16:17.152000+00:00,2.16982,,,,,,,,,,,,,,,0.29224,,,,,,,,,1.55828,,5.31973,14708.0,,1.7976,,,,2.16982,7.33977,20293.0,,2.49928,,A,0
2025-12-14 15:16:17.251000+00:00,2.33455,,,,,,,,,,,,,,,0.14612,,,,,,,,,1.67794,,5.47996,15151.0,,,,,,2.33455,7.55968,20901.0,,,,A,0
2025-12-14 15:16:17.351000+00:00,,,,,,,,,,,,,,,,,,,,,,,,,,,5.6297,15565.0,,1.60229,,,,,7.76982,21482.0,,2.19907,,A,0
2025-12-14 15:16:17.450000+00:00,2.26681,,,,,,,,,,,,,,,0.07306,,,,,,,,,1.64011,,5.7798,15980.0,,1.4974,,,,2.26681,7.97996,22063.0,,2.10142,,A,0
2025-12-14 15:16:17.552000+00:00,2.18412,,,,,,,,,,,,,,,0.03653,,,,,,,,,1.56876,,5.93967,16422.0,,1.50101,,,,2.18412,8.19987,22671.0,,2.10142,,A,0
2025-12-14 15:16:17.652000+00:00,2.14277,,,,,,,,,,,,,,,0.01826,,,,,,,,,1.53488,,6.08977,16837.0,,3.09968,,,,2.14277,8.40965,23251.0,,4.29688,,A,0
2025-12-14 15:16:17.752000+00:00,3.21982,,,,,,,,,,,,,,,0.00913,,,,,,,,,2.31728,,6.26989,17335.0,,1.80121,,,,3.21982,8.6697,23970.0,,2.60055,,A,0
2025-12-14 15:16:17.853000+00:00,2.91018,,,,,,,,,,,,,,,0.00457,,,,,,,,,2.05925,,6.42976,17777.0,,1.59867,,,,2.91018,8.87985,24551.0,,2.10142,,A,0
2025-12-14 15:16:17.950000+00:00,2.5058,,,,,,,,,,,,,,,0.00228,,,,,,,,,1.82896,,6.57986,18192.0,,1.50102,,,,2.5058,9.08999,25132.0,,,,A,0
2025-12-14 15:16:18.049000+00:00,2.30361,,,,,,,,,,,,,,,0.00114,,,,,,,,,1.66499,,6.72996,18607.0,,,,,,2.30361,9.3099,25740.0,,,,A,0
2025-12-14 15:16:18.152000+00:00,,,,,,,,,,,,,,,,,,,,,,,,,,,6.88983,19049.0,,1.50101,,,,,9.51968,26320.0,,2.19907,,A,0
2025-12-14 15:16:18.251000+00:00,2.25134,,,,,,,,,,,,,,,0.00057,,,,,,,,,1.583,,7.03993,19464.0,,1.59867,,,,2.25134,9.72982,26901.0,,2.09781,0.0,A,0
2025-12-14 15:16:18.349000+00:00,2.17457,,,,,,,,,,,,,,,0.00029,,,,,,,,,1.59083,,7.22982,19989.0,,1.50101,,,,2.17457,9.98987,27620.0,,2.10141,,A,0
2025-12-14 15:16:18.449000+00:00,2.13799,,,,,,,,,,,,,,,0.00014,,,,,,,,,1.54592,,7.37992,20404.0,,1.89887,,,,2.13799,10.0,27648.0,,2.60056,,A,0
2025-12-14 15:16:18.552000+00:00,2.36927,,,,,,,,,,,,,,,7e-05,,,,,,,,,1.7224,,7.52966,20818.0,,1.50102,,,,2.36927,,,,0.10127,,A,0
2025-12-14 15:16:18.650000+00:00,1.23527,,,,,,,,,,,,,,,4e-05,,,,,,,,,1.61171,,7.68989,21261.0,,1.49739,,,,1.23527,,,,0.0,,A,0
2025-12-14 15:16:18.750000+00:00,0.61764,,,,,,,,,,,,,,,2e-05,,,,,,,,,1.55455,,7.83999,21676.0,,3.1033,,1.0,,0.61764,,,,,,A,0
2025-12-14 15:16:18.851000+00:00,0.30882,,,,,,,,,,,,,,,1e-05,,,,,,,,,2.32892,,7.98973,22090.0,,1.4974,,,,0.30882,,,,,,A,0
2025-12-14 15:16:18.950000+00:00,0.15441,,,,,,,,,,,,,,,0.0,,,,,,,,,1.91316,,8.14996,22533.0,,,,,,0.15441,,,,,,A,0
2025-12-14 15:16:19.052000+00:00,,,,,,,,,,,,,,,,,,,,,,,,,,,8.32972,23030.0,,1.60229,,,,,,,,,,A,0
2025-12-14 15:16:19.151000+00:00,0.0772,,,,,,,,,,,,,,,0.0,,,,,,,,,1.75772,,8.47982,23445.0,,1.7976,,,,0.0772,,,,,,A,0
2025-12-14 15:16:19.251000+00:00,0.0386,,,,,,,,,,,,,,,0.0,,,,,,,,,1.77766,,8.63968,23887.0,,1.50101,,,,0.0386,,,,,,A,0
2025-12-14 15:16:19.352000+00:00,0.0193,,,,,,,,,,,,,,,0.0,,,,,,,,,1.63933,,,,,1.59867,,,,0.0193,,,,,,A,0
2025-12-14 15:16:19.452000+00:00,0.00965,,,,,,,,,,,,,,,0.0,,,,,,,,,1.619,0.0,8.78979,24302.0,,1.50101,,,,0.00965,,,,,,A,0
2025-12-14 15:16:19.552000+00:00,0.00483,,,,,,,,,,,,,,,0.0,,,,,,,,,1.56001,,8.93989,24717.0,,1.50102,,,,0.00483,,,,,,A,0
2025-12-14 15:16:19.652000+00:00,0.00241,,,,,,,,,,,,,,,0.0,,,,,,,,,1.53051,,9.03971,24993.0,,0.99826,,,,0.00241,,,,,,A,0
2025-12-14 15:16:19.752000+00:00,0.00121,,,,,,,,,,,,,,,0.0,,,,,,,,,1.26438,,,,,,,,,0.00121,,,,,,A,0
2025-12-14 15:16:19.853000+00:00,,,,,,,,,,,,,,,,,,,,,,,,,,,,,,0.0,,,,,,,,,,A,0
2025-12-14 15:16:19.949000+00:00,0.0006,,,,,,,,,,,,1.0,,0.0,0.0,,,,5.0,,1.0,,,0.63219,,,,5.0,,,0.0,1.0,0.0006,,,5.0,,,A,0
2025-12-14 15:16:20.052000+00:00,0.0003,,,,,,,,,,,,,,,0.0,,,,,,,,,0.3161,,,,,,,,,0.0003,,,,,,A,0
2025-12-14 15:16:20.152000+00:00,0.00015,,,,,,,,,,,,,,,0.0,,8.10981,22422.0,,-1.59867,,,,0.15805,,8.93989,24717.0,,-0.99826,,,,0.00015,9.95985,27537.0,,-0.40148,,A,0
2025-12-14 15:16:20.251000+00:00,-0.20066,,,,,,,,,,,,,,,-0.79934,,7.82986,21648.0,,-2.79948,,,,-0.4201,,8.78979,24302.0,,-1.50102,,,,-0.20066,9.73994,26929.0,,-2.19908,,A,0
2025-12-14 15:16:20.353000+00:00,-1.19987,,,,,,,,,,,,,,,-1.79941,,7.54991,20874.0,,-2.79948,,,,-0.96056,,8.63968,23887.0,,-1.50101,,,,-1.19987,9.5298,26348.0,,-2.10141,,A,0
2025-12-14 15:16:20.451000+00:00,-1.65064,,,,,,,,,,,,,,,-2.29944,,7.27973,20127.0,,-2.70182,,,,-1.23078,,8.47982,23445.0,,-1.59867,,,,-1.65064,9.31966,25767.0,,-2.10142,,A,0
2025-12-14 15:16:20.551000+00:00,-1.87603,,,,,,,,,,,,,,,-2.50063,,6.99978,19353.0,,,,,,-1.41473,,8.32972,23030.0,,,,,,-1.87603,9.09975,25159.0,,,,A,0
2025-12-14 15:16:20.650000+00:00,,,,,,,,,,,,,,,,,,6.72996,18607.0,,-2.79948,,,,,,8.17998,22616.0,,-1.50101,,,,,8.88997,24579.0,,-2.19907,,A,0
2025-12-14 15:16:20.751000+00:00,-2.03755,,,,,,,,,,,,,,,-2.65006,,6.39974,17694.0,,-2.69821,,,,-1.45787,,7.98973,22090.0,,-1.4974,,,,-2.03755,8.62992,23860.0,,-2.09781,,A,0
2025-12-14 15:16:20.853000+00:00,-2.06768,,,,,,,,,,,,,,,-2.67413,,6.11979,16920.0,,-3.30223,,,,-1.47763,,7.83999,21676.0,,-1.90248,,,,-2.06768,8.41978,23279.0,,-2.60055,,A,0
2025-12-14 15:16:20.950000+00:00,-2.33411,,,,,,,,,,,,,,,-2.98818,,5.83984,16146.0,,-2.79948,,,,-1.69006,,7.68989,21261.0,,-1.4974,,,,-2.33411,8.21,22699.0,,-2.10142,,A,0
2025-12-14 15:16:21.050000+00:00,-2.21777,,,,,,,,,,,,,,,-2.89383,,5.56966,15399.0,,-5.5013,,,,-1.59373,,7.52966,20818.0,,-3.1033,,,,-2.21777,7.99986,22118.0,,-4.19922,,A,0
2025-12-14 15:16:21.150000+00:00,-3.20849,,,,,,,,,,,,0.0,,,-4.19757,,5.28971,14625.0,,-2.79948,,,,-2.34851,,7.37992,20404.0,,-1.49739,,,,-3.20849,7.77995,21510.0,,-2.19907,,A,0
2025-12-14 15:16:21.251000+00:00,-2.70378,,,,,,,,,,,,,,,-3.49852,,5.01989,13879.0,,-2.69821,,,,-1.92295,,7.22982,19989.0,,-1.50102,,,,-2.70378,7.56981,20929.0,,-2.10142,,A,0
2025-12-14 15:16:21.350000+00:00,-2.4026,,,,,,,,,,,,,,,-3.09836,,4.90994,13575.0,,-1.09953,,,,-1.71198,,7.06995,19547.0,,-1.59867,,,,-2.4026,7.35966,20348.0,,,,A,0
2025-12-14 15:16:21.451000+00:00,-2.25201,,,,,,,,,,,,,,,-2.09895,,,,,,,,,-1.65533,,6.91985,19132.0,,,,,,-2.25201,7.13976,19740.0,,,,A,0
2025-12-14 15:16:21.551000+00:00,,,,,,,,,,,,,,,,,,,,,0.0,,,,,,6.76975,18717.0,,-1.50101,,,,,6.92998,19160.0,,-2.19908,,A,0
2025-12-14 15:16:21.652000+00:00,-2.22554,,,,,,,,,,,,,,1.0,-1.04947,,,,,,,,,-1.57817,,6.60988,18275.0,,,,,,-2.22554,6.71983,18579.0,,-2.0978,,A,0
2025-12-14 15:16:21.752000+00:00,-2.16167,,,,,,,,,,,,,,,-0.52474,,,,,,,,,-1.53959,,6.45978,17860.0,,-1.59867,,,,-2.16167,6.49993,17971.0,,-2.10142,,A,0
2025-12-14 15:16:21.850000+00:00,-2.13155,,,,,,,,,,,,,,,-0.26237,,,,,,,,,-1.56913,,6.30968,17445.0,,-1.50101,,,,-2.13155,6.28979,17390.0,,-2.19907,,A,0
2025-12-14 15:16:21.951000+00:00,-2.16531,,,,,,,,,,,,,,,-0.13118,,,,,,,,,-1.53507,,6.14981,17003.0,,-1.50102,,,,-2.16531,6.07964,16809.0,,-2.10142,,A,0
2025-12-14 15:16:22.051000+00:00,-2.13336,,,,,,,,,,,,,,,-0.06559,,,,,,,,,-1.51804,,5.99971,16588.0,,-1.59867,,,,-2.13336,5.85974,16201.0,,,,A,0
2025-12-14 15:16:22.150000+00:00,-2.11739,,,,,,,,,,,,,,,-0.0328,,,,,,,,,-1.55836,,5.80982,16063.0,,-3.39988,,,,-2.11739,5.60981,15510.0,,-4.69835,,A,0
2025-12-14 15:16:22.254000+00:00,-3.40787,,,,,,,,,,,,,,,-0.0164,,,,,,,,,-2.47912,,5.65972,15648.0,,-1.50101,,,,-3.40787,5.39967,14929.0,,-2.10142,,A,0
2025-12-14 15:16:22.352000+00:00,-2.75464,,,,,,,,,,,,,,,-0.0082,,,,,,,,,-1.99007,,5.50998,15234.0,,-1.4974,,,0.0,-2.75464,5.17976,14321.0,,-2.19907,,A,0
2025-12-14 15:16:22.452000+00:00,,,,,,,,,,,,,,,,,,,,,,,,,,,5.34975,14791.0,,,,,,,4.96998,13741.0,,,,A,0
2025-12-14 15:16:22.551000+00:00,-2.47686,,,,,,,,,,,,,,,-0.0041,,,,,,0.0,,,-1.74373,,5.19965,14376.0,,-1.60229,,,,-2.47686,4.87992,13492.0,,-2.0978,,A,0
2025-12-14 15:16:22.651000+00:00,-2.28733,,,,,,,,,,,,,,,-0.00205,,,,,,,,,-1.67301,,5.04991,13962.0,,-1.50101,,,,-2.28733,,,,-0.90061,,A,0
2025-12-14 15:16:22.751000+00:00,-1.59397,,,,,,,,,,,,,,,-0.00102,,,,,,,,,-1.58701,,4.98987,13796.0,,-1.4974,,,,-1.59397,,,,0.0,,A,0
2025-12-14 15:16:22.851000+00:00,-0.79698,,,,,,,,,,,,,,,-0.00051,,,,,,,,,-1.5422,,,,,-0.6004,,1.0,,-0.79698,,,,,,A,0
2025-12-14 15:16:22.951000+00:00,-0.39849,,,,,,,,,,,,,,,-0.00026,,,,,,,,,-1.0713,,,,,0.0,,,,-0.39849,,,,,,A,0
2025-12-14 15:16:23.051000+00:00,-0.19925,,,,,,,,,,,,1.0,,0.0,-0.00013,,,,0.0,,1.0,,,-0.53565,,,,0.0,,,0.0,1.0,-0.19925,,,0.0,,,A,0
2025-12-14 15:16:23.152000+00:00,-0.09962,,,,,,,,,,,,,,,-6e-05,,,,,,,,,-0.26783,,,,,,,,,-0.09962,,,,,,A,0
2025-12-14 15:16:23.250000+00:00,-0.04981,,,,,,,,,,,,,,,-3e-05,,4.79999,13271.0,,-1.09954,,,,-0.13391,,4.9197,13602.0,,-0.70168,,,,-0.04981,4.8499,13409.0,,-0.3002,,A,0
2025-12-14 15:16:23.351000+00:00,-0.17501,,,,,,,,,,,,,,,-0.54978,,4.46,12331.0,,,,,,-0.41779,,4.73994,13105.0,,,,,,-0.17501,4.59997,12718.0,,,,A,0
2025-12-14 15:16:23.450000+00:00,,,,,,,,,,,,,,,,,,,,,-3.39988,,,,,,,,,-1.7976,,,,,,,,-2.49928,,A,0
2025-12-14 15:16:23.550000+00:00,-1.33714,,,,,,,,,,,,,,,-1.97483,,4.18981,11584.0,,-2.70183,,,,-1.1077,,4.58984,12690.0,,-1.50101,,,,-1.33714,4.3797,12109.0,,-2.20269,,A,0
2025-12-14 15:16:23.650000+00:00,-1.76992,,,,,,,,,,,,,,,-2.33833,,3.90987,10810.0,,-2.79948,,,,-1.30435,,4.42998,12248.0,,-1.59867,,,,-1.76992,4.16992,11529.0,,-2.0978,,A,0
2025-12-14 15:16:23.749000+00:00,-1.93386,,,,,,,,,,,,,,,-2.5689,,3.63968,10063.0,,-2.70182,,,,-1.45151,,4.27988,11833.0,,-1.50102,,,,-1.93386,3.95978,10948.0,,-2.10142,,A,0
2025-12-14 15:16:23.852000+00:00,-2.01764,,,,,,,,,,,,,,,-2.63536,,3.35974,9289.0,,-2.79948,,,,-1.47626,,4.12977,11418.0,,-1.50101,,,,-2.01764,3.73987,10340.0,,-2.19907,,A,0
2025-12-14 15:16:23.954000+00:00,-2.10836,,,,,,,,,,,,,,,-2.71742,,3.08992,8543.0,,-2.69821,,,,-1.48864,,3.96991,10976.0,,-1.59867,,,,-2.10836,3.52973,9759.0,,-2.10142,,A,0
2025-12-14 15:16:24.050000+00:00,-2.10489,,,,,,,,,,,,,,,-2.70781,,2.80997,7769.0,,-2.79948,,,,-1.54365,,3.81981,10561.0,,-1.50101,,,,-2.10489,3.31995,9179.0,,-2.0978,,A,0
2025-12-14 15:16:24.150000+00:00,-2.10134,,,,,,,,,,,,,,,-2.75365,,2.52966,6994.0,,-2.8031,,,,-1.52233,,3.6697,10146.0,,,,,,-2.10134,3.09968,8570.0,,-2.20269,,A,0
2025-12-14 15:16:24.249000+00:00,-2.15202,,,,,,,,,,,,,,,-2.77837,,2.25984,6248.0,,,,,,-1.51167,,3.50984,9704.0,,,,,,-2.15202,2.8899,7990.0,,,,A,0
2025-12-14 15:16:24.352000+00:00,,,,,,,,,,,,,,,,,,1.97989,5474.0,,-2.69821,,,,,,3.35974,9289.0,,-1.59867,,,,,2.67976,7409.0,,-2.0978,,A,0
2025-12-14 15:16:24.451000+00:00,-2.12491,,,,,,,,,,,,,,,-2.73829,,1.70971,4727.0,,-5.5013,,,,-1.55517,,3.21,8875.0,,-2.99841,,,,-2.12491,2.46998,6829.0,,-4.19922,,A,0
2025-12-14 15:16:24.551000+00:00,-3.16206,,,,,,,,,,,,,,,-4.1198,,1.42976,3953.0,,-2.79948,,,,-2.27679,,3.04977,8432.0,,-1.60228,,,,-3.16206,2.24971,6220.0,,-2.20269,,A,0
2025-12-14 15:16:24.652000+00:00,-2.68238,,,,,,,,,,,,,,,-3.45964,,1.0999,3041.0,,-3.29861,,,,-1.93954,,2.86965,7934.0,,-1.80121,,,,-2.68238,1.99978,5529.0,,-2.49928,,A,0
2025-12-14 15:16:24.751000+00:00,-2.59083,,,,,,,,,,,,,,,-3.37912,,0.81995,2267.0,,-2.79948,,,,-1.87038,,2.71991,7520.0,,-1.4974,,,,-2.59083,1.77988,4921.0,,-2.19907,,A,0
2025-12-14 15:16:24.851000+00:00,-2.39495,,,,,,,,,,,,,,,-3.0893,,0.54977,1520.0,,-2.70182,,,,-1.68389,,2.55968,7077.0,,-1.60228,,,,-2.39495,1.56973,4340.0,,-2.10142,,A,0
2025-12-14 15:16:24.950000+00:00,-2.24818,,,,,,,,,,,,0.0,,,-2.89556,,0.26982,746.0,,-2.79948,,,,-1.64309,,2.40994,6663.0,,-1.4974,,,,-2.24818,1.35995,3760.0,,-2.0978,,A,0
2025-12-14 15:16:25.050000+00:00,-2.17299,,,,,,,,,,,,,,,-2.84752,,0.00977,27.0,,-2.60055,,,,-1.57024,,2.25984,6248.0,,-1.50101,,,,-2.17299,1.13968,3151.0,,-2.20269,,A,0
2025-12-14 15:16:25.151000+00:00,-2.18784,,,,,,,,,,,,,,,-2.72404,,0.0,0.0,,,,,,-1.53563,,2.09997,5806.0,,,,,,-2.18784,0.9299,2571.0,,,,A,0
2025-12-14 15:16:25.250000+00:00,,,,,,,,,,,,,,,,,,,,,-0.09766,,,,,,1.94987,5391.0,,-1.59867,,,,,0.71976,1990.0,,-2.0978,,A,0
2025-12-14 15:16:25.352000+00:00,-2.14282,,,,,,,,,,,,,,,-1.41085,,,,,0.0,,,,-1.56715,,1.79977,4976.0,,-1.50101,,,,-2.14282,0.49986,1382.0,,-2.10142,,A,0
2025-12-14 15:16:25.452000+00:00,-2.12212,,,,,,,,,,,,,,1.0,-0.70542,,,,,,,,,-1.53408,,1.6399,4534.0,,,,,0.0,-2.12212,0.28971,801.0,,-2.19907,,A,0
2025-12-14 15:16:25.552000+00:00,-2.1606,,,,,,,,,,,,,,,-0.35271,,,,,,,,,-1.51755,,1.45978,4036.0,,-3.39988,,,,-2.1606,0.03979,110.0,,-4.60069,,A,0
2025-12-14 15:16:25.649000+00:00,-3.38065,,,,,,,,,,,,,,,-0.17636,,,,,,,,,-2.45871,,1.30968,3621.0,,-1.50101,,,,-3.38065,0.0,0.0,,-0.39786,,A,0
2025-12-14 15:16:25.751000+00:00,-1.88925,,,,,,,,,,,,,,,-0.08818,,,,,,,,,-1.97986,,1.14981,3179.0,,-1.59867,,,,-1.88925,,,,0.0,,A,0
2025-12-14 15:16:25.852000+00:00,-0.94463,,,,,,,,,,,,,,,-0.04409,,,,,,,,,-1.78927,,0.99971,2764.0,,-1.50101,,,,-0.94463,,,,,,A,0
2025-12-14 15:16:25.950000+00:00,-0.47231,,,,,,,,,,,,,,,-0.02204,,,,,,,,,-1.64514,,0.84997,2350.0,,-1.4974,,1.0,,-0.47231,,,,,,A,0
2025-12-14 15:16:26.052000+00:00,-0.23616,,,,,,,,,,,,,,,-0.01102,,,,,,,,,-1.57127,,0.68974,1907.0,,,,,,-0.23616,,,,,,A,0
2025-12-14 15:16:26.151000+00:00,,,,,,,,,,,,,,,,,,,,,,,,,,,0.50998,1410.0,,-1.60229,,,,,,,,,,A,0
2025-12-14 15:16:26.250000+00:00,-0.11808,,,,,,,,,,,,,,,-0.00551,,,,,,,,,-1.58678,,0.34975,967.0,,-1.7976,,,,-0.11808,,,,,,A,0
2025-12-14 15:16:26.351000+00:00,-0.05904,,,,,,,,,,,,,,,-0.00276,,,,,,0.0,,,-1.69219,,0.19965,552.0,,-1.60229,,,,-0.05904,,,,,,A,0
2025-12-14 15:16:26.452000+00:00,-0.02952,,,,,,,,,,,,,,,-0.00138,,,,,,,,,-1.64724,,0.04991,138.0,,-1.50101,,,,-0.02952,,,,,,A,0
2025-12-14 15:16:26.550000+00:00,-0.01476,,,,,,,,,,,,,,,-0.00069,,,,,,,,,-1.57412,,0.0,0.0,,-1.4974,,,,-0.01476,,,,,,A,0
2025-12-14 15:16:26.652000+00:00,-0.00738,,,,,,,,,,,,,,,-0.00034,,,,,,,,,-1.53576,,,,,-0.49913,,,,-0.00738,,,,,,A,0
2025-12-14 15:16:26.750000+00:00,-0.00369,,,,,,,,,,,,,,,-0.00017,,,,,,,,,-1.01745,,,,,0.0,,,,-0.00369,,,,,,A,0
2025-12-14 15:16:26.851000+00:00,-0.00184,,,,,,,,,,,,,,0.0,-9e-05,1.0,,,8.0,,,,,-0.50872,1.0,,,9.0,,,0.0,,-0.00184,,,10.0,,1.0,A,0
2025-12-14 15:16:27.051000+00:00,-0.00092,,,,,,,,,,,,,,,-4e-05,,0.15987,442.0,,,,,,-0.25436,,0.07993,221.0,,,,,,-0.00092,0.06981,193.0,,,,A,0
2025-12-14 15:16:27.151000+00:00,-0.00046,,,,,,,,,,,,,,,-2e-05,,0.43982,1216.0,,1.59867,,,,-0.12718,,0.22967,635.0,,0.79934,,,,-0.00046,0.27995,774.0,,0.69806,,A,0
2025-12-14 15:16:27.251000+00:00,0.3488,,,,,,,,,,,,,,,0.79932,,0.71,1963.0,,2.79948,,,,0.33608,,0.3899,1078.0,,1.4974,,,,0.3488,0.48973,1354.0,,2.10142,,A,0
2025-12-14 15:16:27.349000+00:00,1.22511,,,,,,,,,,,,,,,1.7994,,0.98994,2737.0,,2.70182,,,,0.91674,,0.53964,1492.0,,1.60229,,,,1.22511,0.71,1963.0,,2.0978,,A,0
2025-12-14 15:16:27.451000+00:00,1.66145,,,,,,,,,,,,,,,2.25061,,1.26989,3511.0,,2.79948,,,,1.25951,,0.68974,1907.0,,1.4974,,,,1.66145,0.91978,2543.0,,2.20269,,A,0
2025-12-14 15:16:27.550000+00:00,1.93207,,,,,,,,,,,,,,,2.52505,,,,,2.79948,,,,1.37845,,,,,1.50101,,,,1.93207,,,,2.0978,,A,0
2025-12-14 15:16:27.650000+00:00,2.01494,,,,,,,,,,,,,,,2.66226,,1.59975,4423.0,,3.29861,,,,1.43973,,0.87999,2433.0,,1.90249,,,,2.01494,1.17983,3262.0,,2.60055,,A,0
2025-12-14 15:16:27.750000+00:00,2.30774,,,,,,,,,,,,,,,2.98044,,1.86994,5170.0,,,,,,1.67111,,1.02973,2847.0,,,,,,2.30774,1.38997,3843.0,,,,A,0
2025-12-14 15:16:27.849000+00:00,,,,,,,,,,,,,,,,,,2.14988,5944.0,,5.5013,,,,,,1.17983,3262.0,,2.99841,,,,,1.59975,4423.0,,4.19922,,A,0
2025-12-14 15:16:27.950000+00:00,3.25348,,,,,,,,,,,,,,,4.24087,,2.4197,6690.0,,2.69821,,,,2.33476,,1.3397,3704.0,,1.59867,,,,3.25348,1.8099,5004.0,,2.10142,,A,0
2025-12-14 15:16:28.050000+00:00,2.67745,,,,,,,,,,,,,,,3.46954,,2.69965,7464.0,,2.79948,,,,1.96671,,1.4898,4119.0,,1.50101,,,,2.67745,2.0298,5612.0,,2.19908,,A,0
2025-12-14 15:16:28.152000+00:00,2.43826,,,,,,,,,,,,,,,3.13451,,2.97996,8239.0,,2.8031,,,,1.73386,,1.6399,4534.0,,,,,,2.43826,2.23994,6193.0,,2.10142,,A,0
2025-12-14 15:16:28.250000+00:00,2.26984,,,,,,,,,,,,,,,2.9688,,3.30982,9151.0,,3.29861,,,,1.61744,,1.82979,5059.0,,1.89887,,,,2.26984,2.5,6912.0,,2.60055,,A,0
2025-12-14 15:16:28.352000+00:00,2.43519,,,,,,,,,,,,,,,3.13371,,3.57964,9897.0,,2.6982,,,,1.75815,,1.97989,5474.0,,1.50101,,,,2.43519,2.70978,7492.0,,2.0978,,A,0
2025-12-14 15:16:28.450000+00:00,2.2665,,,,,,,,,,,,,,,2.91596,,3.85995,10672.0,,2.8031,,,,1.62958,,2.13976,5916.0,,1.59867,,,,2.2665,2.91992,8073.0,,2.10142,,A,0
2025-12-14 15:16:28.550000+00:00,2.18396,,,,,,,,,,,,,,,2.85953,,4.12977,11418.0,,2.6982,,,,1.61413,,2.28986,6331.0,,1.50101,,,,2.18396,3.13983,8681.0,,2.19907,,A,0
2025-12-14 15:16:28.650000+00:00,,,,,,,,,,,,,,,,,,4.40972,12192.0,,,,,,,,2.43996,6746.0,,,,,,,3.34997,9262.0,,,,A,0
2025-12-14 15:16:28.751000+00:00,2.19152,,,,,,,,,,,,,,,2.77887,,4.68967,12966.0,,2.79948,,,,1.55757,,2.59983,7188.0,,1.50101,,,,2.19152,3.55975,9842.0,,2.10142,,A,0
2025-12-14 15:16:28.851000+00:00,2.14647,,,,,,,,,,,,,,,2.78917,,5.01989,13879.0,,2.79948,,,,1.52929,,2.77995,7686.0,,1.59867,,,,2.14647,3.81981,10561.0,,2.0978,,A,0
2025-12-14 15:16:28.952000+00:00,2.12213,,,,,,,,,,,,,,,2.79433,,5.28971,14625.0,,6.00043,,,,1.56398,,2.92969,8100.0,,3.29861,,,,2.12213,4.02995,11142.0,,4.70197,,A,0
2025-12-14 15:16:29.054000+00:00,3.41205,,,,,,,,,,,,,,,4.39738,,5.56966,15399.0,,2.79948,,,,2.4313,,3.08992,8543.0,,1.60228,,,,3.41205,4.23973,11722.0,,2.0978,,A,0
2025-12-14 15:16:29.149000+00:00,2.75493,,,,,,,,,,,,,,,3.59843,,5.84997,16174.0,,2.8031,,,,2.01679,,3.23966,8957.0,,1.4974,,,,2.75493,4.46,12331.0,,2.20269,,A,0
2025-12-14 15:16:29.250000+00:00,2.47881,,,,,,,,,,,,,,,3.20076,,6.11979,16920.0,,2.69821,,,,1.75709,,3.38976,9372.0,,1.50101,,,,2.47881,4.66978,12911.0,,2.0978,,A,0
2025-12-14 15:16:29.353000+00:00,2.2883,,,,,,,,,,,,,,,2.94948,,6.44965,17832.0,,3.29861,,,,1.62905,,3.57964,9897.0,,1.89887,,,,2.2883,4.92983,13630.0,,2.60055,,A,0
2025-12-14 15:16:29.449000+00:00,2.44443,,,,,,,,,,,,,,,3.12405,,6.72996,18607.0,,,,,,1.76396,,3.72975,10312.0,,,,,,2.44443,5.13997,14211.0,,,,A,0
2025-12-14 15:16:29.551000+00:00,,,,,,,,,,,,,,,,,,6.99978,19353.0,,2.8031,,,,,,3.87985,10727.0,,1.50101,,,,,5.34975,14791.0,,2.10142,,A,0
2025-12-14 15:16:29.650000+00:00,2.27292,,,,,,,,,,,,,,,2.96357,,7.27973,20127.0,,2.69821,,,,1.63249,,4.03971,11169.0,,1.50101,,,,2.27292,5.56966,15399.0,,2.0978,,A,0
2025-12-14 15:16:29.750000+00:00,2.18536,,,,,,,,,,,,,,,2.83089,,7.55968,20901.0,,2.79948,,,,1.56675,,4.18981,11584.0,,1.59867,,,,2.18536,5.7798,15980.0,,2.19907,,A,0
2025-12-14 15:16:29.851000+00:00,2.19222,,,,,,,,,,,,,,,2.81518,0.0,7.82986,21648.0,,,,,,1.58271,,4.33992,11999.0,,1.50101,,,,2.19222,5.98994,16561.0,,2.10142,,A,0
2025-12-14 15:16:29.950000+00:00,2.14682,,,,,,,,,,,,,,,2.80733,,8.10981,22422.0,,2.70183,,,,1.54186,,4.49978,12441.0,,1.50102,,,,2.14682,6.19973,17141.0,,2.10142,,A,0
2025-12-14 15:16:30.051000+00:00,2.12412,,,,,,,,,,,,,,,2.75458,,8.26968,22864.0,,4.39815,,,,1.52144,,4.6799,12939.0,,3.39988,,,,2.12412,6.45978,17860.0,,4.69835,,A,0
2025-12-14 15:16:30.152000+00:00,3.41124,,,,,,,,,,,,,,,3.57636,,,,,0.0,,,,2.46066,,4.82964,13353.0,,1.4974,,,,3.41124,6.66992,18441.0,,2.10142,,A,0
2025-12-14 15:16:30.250000+00:00,2.75633,,,,,,,,,,,,,,,1.78818,,,,,,,,,1.97903,,4.98987,13796.0,,1.60228,,,,2.75633,6.88983,19049.0,,2.19907,,A,0
2025-12-14 15:16:30.354000+00:00,2.4777,,,,,,,,,,,,,,1.0,0.89409,,,,,,,,,1.79066,,5.13997,14211.0,,,,,,2.4777,7.09997,19630.0,,,,A,0
2025-12-14 15:16:30.452000+00:00,,,,,,,,,,,,,,,,,,,,,,,,,,,5.28971,14625.0,,1.50101,,,,,7.30975,20210.0,,2.10142,,A,0
2025-12-14 15:16:30.551000+00:00,2.28956,,,,,,,,,,,,,,,0.44705,,,,,,,,,1.64583,,5.44994,15068.0,,1.4974,,,,2.28956,7.52966,20818.0,,2.0978,,A,0
2025-12-14 15:16:30.651000+00:00,2.19368,,,,,,,,,,,,,,,0.22352,,,,,,,,,1.57162,,5.59968,15482.0,,1.60229,,,,2.19368,7.7398,21399.0,,2.19907,,A,0
2025-12-14 15:16:30.749000+00:00,2.19638,,,,,,,,,,,,,,,0.11176,,,,,,,,,1.58695,,5.75991,15925.0,,1.49739,,,,2.19638,7.94994,21980.0,,2.10142,,A,0
2025-12-14 15:16:30.850000+00:00,2.1489,,,,,,,,,,,,,,,0.05588,,,,,,,,,1.54217,,5.93967,16422.0,,1.60229,,,,2.1489,8.21,22699.0,,2.10142,,A,0
2025-12-14 15:16:30.949000+00:00,2.12516,,,,,,,,,,,,,,,0.02794,,,,,,,,,1.57223,,6.08977,16837.0,,1.7976,,,,2.12516,8.41978,23279.0,,2.60055,,A,0
2025-12-14 15:16:31.052000+00:00,2.36285,,,,,,,,,,,,,,,0.01397,,,,,,,,,1.68491,,6.25,17280.0,,1.50101,,,,2.36285,8.62992,23860.0,,2.0978,,A,0
2025-12-14 15:16:31.151000+00:00,2.23033,,,,,,,,,,,,,,,0.00699,,,,,,,,,1.59296,,,,,,,,,2.23033,,,,,,A,0
2025-12-14 15:16:31.252000+00:00,,,,,,,,,,,,,,,,,,,,,,,,,,,6.39974,17694.0,,3.09968,,,,,8.84983,24468.0,,4.30049,,A,0
2025-12-14 15:16:31.352000+00:00,3.26541,,,,,,,,,,,,,,,0.00349,,,,,,,,,2.34632,,6.54984,18109.0,,1.50102,,,,3.26541,9.05997,25049.0,,2.10142,,A,0
2025-12-14 15:16:31.452000+00:00,2.68341,,,,,,,,,,,,,,,0.00175,,,,,,,,,1.92367,,6.70971,18551.0,,1.59867,,,,2.68341,9.26975,25629.0,,2.0978,,A,0
2025-12-14 15:16:31.553000+00:00,2.39061,,,,,,,,,,,,,,,0.00087,,,,,,,,,1.76117,,6.88983,19049.0,,1.80121,,,,2.39061,9.5298,26348.0,,2.60056,,A,0
2025-12-14 15:16:31.652000+00:00,2.49558,,,,,,,,,,,,,,,0.00044,,,,,,,,,1.78119,,7.03993,19464.0,,1.50101,,,,2.49558,9.73994,26929.0,,2.10141,0.0,A,0
2025-12-14 15:16:31.750000+00:00,2.2985,,,,,,,,,,,,,,,0.00022,,,,,,,,,1.6411,,7.1998,19906.0,,1.59867,,,,2.2985,9.95985,27537.0,,2.19908,,A,0
2025-12-14 15:16:31.850000+00:00,2.24879,,,,,,,,,,,,,,,0.00011,,,,,,,,,1.61988,,7.3499,20321.0,,1.50102,,,,2.24879,10.0,27648.0,,0.40148,,A,0
2025-12-14 15:16:31.953000+00:00,1.32513,,,,,,,,,,,,,,,5e-05,,,,,,,,,1.56045,,7.5,20736.0,,,,,,1.32513,,,,,,A,0
2025-12-14 15:16:32.050000+00:00,,,,,,,,,,,,,,,,,,,,,,,,,,,7.68989,21261.0,,1.50101,,,,,,,,0.0,,A,0
2025-12-14 15:16:32.152000+00:00,0.66257,,,,,,,,,,,,,,,3e-05,,,,,,,,,1.53073,,7.83999,21676.0,,1.89887,,1.0,,0.66257,,,,,,A,0
2025-12-14 15:16:32.252000+00:00,0.33128,,,,,,,,,,,,,,,1e-05,,,,,,,,,1.7148,,7.98973,22090.0,,1.50101,,,,0.33128,,,,,,A,0
2025-12-14 15:16:32.352000+00:00,0.16564,,,,,,,,,,,,,,,1e-05,,,,,,,,,1.60791,,8.14996,22533.0,,3.09968,,,,0.16564,,,,,,A,0
2025-12-14 15:16:32.451000+00:00,0.08282,,,,,,,,,,,,,,,0.0,,,,,,,,,2.3538,,8.2997,22947.0,,1.49739,,,,0.08282,,,,,,A,0
2025-12-14 15:16:32.551000+00:00,0.04141,,,,,,,,,,,,,,,0.0,,,,,,,,,1.92559,,8.4498,23362.0,,1.50102,,,,0.04141,,,,,,A,0
2025-12-14 15:16:32.650000+00:00,0.02071,,,,,,,,,,,,,,,0.0,,,,,,,,,1.71331,,8.60966,23804.0,,1.59866,,,,0.02071,,,,,,A,0
2025-12-14 15:16:32.752000+00:00,0.01035,,,,,,,,,,,,,,,0.0,,,,,,,,,1.65598,0.0,8.75977,24219.0,,1.50102,,,,0.01035,,,,,,A,0
2025-12-14 15:16:32.853000+00:00,0.00518,,,,,,,,,,,,,,,0.0,,,,,,,,,1.5785,,8.90987,24634.0,,1.50101,,,,0.00518,,,,,,A,0
2025-12-14 15:16:32.949000+00:00,,,,,,,,,,,,,,,,,,,,,,,,,,,9.00969,24910.0,,,,,,,,,,,,A,0
2025-12-14 15:16:33.049000+00:00,0.00259,,,,,,,,,,,,,,,0.0,,,,,,,,,1.53975,,,,,0.99827,,,,0.00259,,,,,,A,0
2025-12-14 15:16:33.152000+00:00,0.00129,,,,,,,,,,,,,,,0.0,,,,,,,,,1.26901,,,,,0.0,,,,0.00129,,,,,,A,0
2025-12-14 15:16:33.252000+00:00,0.00065,,,,,,,,,,,,1.0,,0.0,0.0,,,,5.0,,1.0,,,0.63451,,,,5.0,,,0.0,1.0,0.00065,,,5.0,,,A,0
2025-12-14 15:16:33.351000+00:00,0.00032,,,,,,,,,,,,,,,0.0,,,,,,,,,0.31725,,,,,,,,,0.00032,,,,,,A,0
2025-12-14 15:16:33.452000+00:00,0.00016,,,,,,,,,,,,,,,0.0,,8.15972,22560.0,,-1.09954,,,,0.15863,,8.94965,24744.0,,-0.6004,,,,0.00016,,,,,,A,0
2025-12-14 15:16:33.552000+00:00,8e-05,,,,,,,,,,,,,,,-0.54977,,7.8899,21814.0,,-2.69821,,,,-0.22089,,8.78979,24302.0,,-1.59867,,,,8e-05,9.79998,27095.0,,-2.00015,,A,0
2025-12-14 15:16:33.652000+00:00,-1.00003,,,,,,,,,,,,,,,-1.62399,,7.60995,21040.0,,-2.79948,,,,-0.90978,,8.63968,23887.0,,-1.50101,,,,-1.00003,9.57972,26486.0,,-2.20268,,A,0
2025-12-14 15:16:33.750000+00:00,-1.60136,,,,,,,,,,,,,,,-2.21174,,7.32964,20265.0,,,,,,-1.20539,,8.48994,23473.0,,,,,,-1.60136,9.36994,25906.0,,,,A,0
2025-12-14 15:16:33.852000+00:00,,,,,,,,,,,,,,,,,,6.99978,19353.0,,-2.80309,,,,,,8.2997,22947.0,,-1.4974,,,,,9.11965,25214.0,,-2.09781,,A,0
2025-12-14 15:16:33.949000+00:00,-1.84958,,,,,,,,,,,,,,,-2.50741,,6.72996,18607.0,,-3.29861,,,,-1.3514,,8.14996,22533.0,,-1.90248,,,,-1.84958,8.89974,24606.0,,-2.50289,,A,0
2025-12-14 15:16:34.051000+00:00,-2.17624,,,,,,,,,,,,,,,-2.90301,,6.44965,17832.0,,-2.69821,,,,-1.62694,,7.98973,22090.0,,-1.49739,,,,-2.17624,8.68996,24026.0,,-2.19908,,A,0
2025-12-14 15:16:34.151000+00:00,-2.18766,,,,,,,,,,,,,,,-2.80061,,6.17983,17086.0,,-2.8031,,,,-1.56217,,7.83999,21676.0,,-1.60229,,,,-2.18766,8.47982,23445.0,,-2.0978,,A,0
2025-12-14 15:16:34.250000+00:00,-2.14273,,,,,,,,,,,,,,,-2.80185,,5.89988,16312.0,,-2.69821,,,,-1.58223,,7.68989,21261.0,,-1.4974,,,,-2.14273,8.25991,22837.0,,-2.10142,,A,0
2025-12-14 15:16:34.353000+00:00,-2.12207,,,,,,,,,,,,,,,-2.75003,,5.61994,15538.0,,-2.79948,,,,-1.53981,,7.52966,20818.0,,-1.50101,,,,-2.12207,8.04977,22256.0,,-2.19907,,A,0
2025-12-14 15:16:34.450000+00:00,-2.16057,,,,,,,,,,,,0.0,,,-2.77475,,5.28971,14625.0,,,,,,-1.52041,,7.3499,20321.0,,-1.60229,,,,-2.16057,7.78971,21537.0,,-2.10142,,A,0
2025-12-14 15:16:34.550000+00:00,-2.131,,,,,,,,,,,,,,,-2.78712,,5.01989,13879.0,,,,,,-1.56135,,,19906.0,,,,,,-2.131,,20957.0,,,,A,0
2025-12-14 15:16:34.650000+00:00,,,,,,,,,,,,,,,,,,,,,-6.00044,,,,,,7.1998,,,-3.29861,,,,,7.57993,,,-4.69835,,A,0
2025-12-14 15:16:34.753000+00:00,-3.41467,,,,,,,,,,,,,,,-4.39378,,4.90994,13575.0,,-1.09953,,,,-2.42998,,7.03993,19464.0,,-1.59867,,,,-3.41467,7.36979,20376.0,,-2.10142,,A,0
2025-12-14 15:16:34.850000+00:00,-2.75805,,,,,,,,,,,,,,,-2.74666,,,,,0.0,,,,-2.01432,,6.88983,19049.0,,-1.50101,,,,-2.75805,7.14988,19768.0,,-2.19907,,A,0
2025-12-14 15:16:34.953000+00:00,-2.47856,,,,,,,,,,,,,,1.0,-1.37333,,,,,,,,,-1.75767,,6.73973,18634.0,,,,,,-2.47856,6.93974,19187.0,,-2.10142,,A,0
2025-12-14 15:16:35.050000+00:00,-2.28999,,,,,,,,,,,,,,,-0.68666,,,,,,,,,-1.62934,,6.57986,18192.0,,-1.59867,,,,-2.28999,6.72996,18607.0,,-2.0978,,A,0
2025-12-14 15:16:35.150000+00:00,-2.1939,,,,,,,,,,,,,,,-0.34333,,,,,,,,,-1.614,,6.42976,17777.0,,-1.50102,,,,-2.1939,6.51982,18026.0,,-2.10142,,A,0
2025-12-14 15:16:35.252000+00:00,-2.14766,,,,,,,,,,,,,,,-0.17167,,,,,,,,,-1.55751,,6.25,17280.0,,-1.7976,,,,-2.14766,6.25977,17307.0,,-2.60055,,A,0
2025-12-14 15:16:35.350000+00:00,-2.3741,,,,,,,,,,,,,,,-0.08583,,,,,,,,,-1.67755,,6.08977,16837.0,,-1.60229,,,,-2.3741,6.04999,16727.0,,-2.0978,,A,0
2025-12-14 15:16:35.451000+00:00,-2.23595,,,,,,,,,,,,,,,-0.04292,,,,,,,,,-1.63992,,5.93967,16422.0,,,,,,-2.23595,5.82972,16118.0,,,,A,0
2025-12-14 15:16:35.551000+00:00,,,,,,,,,,,,,,,,,,,,,,,,,,,5.78993,16008.0,,-1.50101,,,,,5.61994,15538.0,,-2.20269,,A,0
2025-12-14 15:16:35.652000+00:00,-2.21932,,,,,,,,,,,,,,,-0.02146,,,,,,,,,-1.57047,,5.59968,15482.0,,-1.4974,,,,-2.21932,5.35988,14819.0,,-2.0978,,A,0
2025-12-14 15:16:35.751000+00:00,-2.15856,,,,,,,,,,,,,,,-0.01073,,,,,,,,,-1.53393,,5.44994,15068.0,,-3.39988,,,0.0,-2.15856,5.14974,14238.0,,-4.70197,,A,0
2025-12-14 15:16:35.851000+00:00,-3.43027,,,,,,,,,,,,,,,-0.00536,,,,,,0.0,,,-2.46691,,5.28971,14625.0,,-1.60229,,,,-3.43027,4.93996,13658.0,,-2.0978,,A,0
2025-12-14 15:16:35.951000+00:00,-2.76403,,,,,,,,,,,,,,,-0.00268,,,,,,,,,-2.0346,,5.13997,14211.0,,-1.4974,,,,-2.76403,4.8499,13409.0,,-0.90061,,A,0
2025-12-14 15:16:36.050000+00:00,-1.83232,,,,,,,,,,,,,,,-0.00134,,,,,,,,,-1.766,,5.07993,14045.0,,-0.6004,,,,-1.83232,,,,0.0,,A,0
2025-12-14 15:16:36.152000+00:00,-0.91616,,,,,,,,,,,,,,,-0.00067,,,,,,,,,-1.1832,,,,,0.0,,,,-0.91616,,,,,,A,0
2025-12-14 15:16:36.251000+00:00,-0.45808,,,,,,,,,,,,,,,-0.00034,,,,,,,,,-0.5916,,,,,,,1.0,,-0.45808,,,,,,A,0
2025-12-14 15:16:36.350000+00:00,,,,,,,,,,,,,1.0,,0.0,,,,,0.0,,1.0,,,,,,,0.0,,,0.0,1.0,,,,0.0,,,A,0
2025-12-14 15:16:36.450000+00:00,-0.22904,,,,,,,,,,,,,,,-0.00017,,,,,,,,,-0.2958,,,,,,,,,-0.22904,,,,,,A,0
2025-12-14 15:16:36.552000+00:00,-0.11452,,,,,,,,,,,,,,,-8e-05,,4.73994,13105.0,,,,,,-0.1479,,4.98987,13796.0,,,,,,-0.11452,4.77973,13215.0,,,,A,0
2025-12-14 15:16:36.650000+00:00,-0.05726,,,,,,,,,,,,,,,-4e-05,,4.46976,12358.0,,-1.69994,,,,-0.07395,,4.82964,13353.0,,-0.90061,,,,-0.05726,4.56995,12635.0,,-0.70168,,A,0
2025-12-14 15:16:36.750000+00:00,-0.37947,,,,,,,,,,,,,,,-0.84999,,4.18981,11584.0,,-2.70182,,,,-0.48728,,4.6799,12939.0,,-1.60228,,,,-0.37947,4.34968,12026.0,,-2.0978,,A,0
2025-12-14 15:16:36.850000+00:00,-1.23864,,,,,,,,,,,,,,,-1.77591,,3.90987,10810.0,,-5.59896,,,,-1.04478,,4.5298,12524.0,,-2.99841,,,,-1.23864,4.1399,11446.0,,-4.30049,,A,0
2025-12-14 15:16:36.950000+00:00,-2.76956,,,,,,,,,,,,,,,-3.68743,,3.63968,10063.0,,-2.70182,,,,-2.0216,,4.36994,12082.0,,-1.59867,,,,-2.76956,3.92976,10865.0,,-2.10142,,A,0
2025-12-14 15:16:37.051000+00:00,-2.43549,,,,,,,,,,,,,,,-3.19463,,3.35974,9289.0,,-2.79948,,,,-1.81013,,4.21983,11667.0,,-1.50102,,,,-2.43549,3.70985,10257.0,,-2.19907,,A,0
2025-12-14 15:16:37.151000+00:00,-2.31728,,,,,,,,,,,,,,,-2.99705,,3.02988,8377.0,,,,,,-1.65557,,4.03971,11169.0,,,,,,-2.31728,3.45992,9566.0,,,,A,0
2025-12-14 15:16:37.251000+00:00,,,,,,,,,,,,,,,,,,2.74993,7603.0,,-3.29861,,,,,,3.87985,10727.0,,-1.80121,,,,,3.23966,8957.0,,-2.49928,,A,0
2025-12-14 15:16:37.350000+00:00,-2.40828,,,,,,,,,,,,,,,-3.14783,,2.47975,6856.0,,-2.79948,,,,-1.72839,,3.72975,10312.0,,-1.59867,,,,-2.40828,3.02988,8377.0,,-2.20269,,A,0
2025-12-14 15:16:37.452000+00:00,-2.30548,,,,,,,,,,,,,,,-2.97366,,2.1998,6082.0,,-2.70182,,,,-1.66353,,3.57964,9897.0,,-1.50101,,,,-2.30548,2.81973,7796.0,,-2.0978,,A,0
2025-12-14 15:16:37.552000+00:00,-2.20164,,,,,,,,,,,,,,,-2.83774,,1.92998,5336.0,,-2.79948,,,,-1.58227,,3.41978,9455.0,,-1.50101,,,,-2.20164,2.60995,7216.0,,-2.10142,,A,0
2025-12-14 15:16:37.650000+00:00,-2.15153,,,,,,,,,,,,,,,-2.81861,,1.59975,4423.0,,-2.69821,,,,-1.54164,,3.23966,8957.0,,-1.59867,,,,-2.15153,2.3499,6497.0,,-2.0978,,A,0
2025-12-14 15:16:37.750000+00:00,-2.12467,,,,,,,,,,,,,,,-2.75841,,1.31981,3649.0,,-3.30223,,,,-1.57016,,3.08992,8543.0,,-1.80121,,,,-2.12467,2.13976,5916.0,,-2.60055,,A,0
2025-12-14 15:16:37.852000+00:00,-2.36261,,,,,,,,,,,,,,,-3.03032,,,,,-2.79948,,,,-1.68568,,,,,-1.4974,,,,-2.36261,,,,-2.10142,,A,0
2025-12-14 15:16:37.951000+00:00,-2.23201,,,,,,,,,,,,,,,-2.9149,,1.03986,2875.0,,,,,,-1.59154,,2.92969,8100.0,,,,,,-2.23201,1.91985,5308.0,,,,A,0
2025-12-14 15:16:38.052000+00:00,,,,,,,,,,,,,,,,,,0.76968,2128.0,,-5.5013,,,,,,2.77995,7686.0,,-3.09968,,,,,1.70971,4727.0,,-4.30049,,A,0
2025-12-14 15:16:38.152000+00:00,-3.26625,,,,,,,,,,,,,,,-4.2081,,0.48973,1354.0,,-2.79948,,,,-2.34561,,2.62985,7271.0,,-1.50101,,,,-3.26625,1.49993,4147.0,,-2.0978,,A,0
2025-12-14 15:16:38.250000+00:00,-2.68203,,,,,,,,,,,,0.0,,,-3.50379,,0.15987,442.0,,-3.29861,,,,-1.92331,,2.43996,6746.0,,-1.89887,,,,-2.68203,1.23987,3428.0,,-2.60055,,A,0
2025-12-14 15:16:38.350000+00:00,-2.64129,,,,,,,,,,,,,,,-3.4012,,0.0,0.0,,-1.59867,,,,-1.91109,,2.31988,6414.0,,-1.20081,,,,-2.64129,1.06988,2958.0,,-1.69994,,A,0
2025-12-14 15:16:38.453000+00:00,-2.17062,,,,,,,,,,,,,,,-2.49993,,,,,0.0,,,,-1.55595,,2.13976,5916.0,,-1.80121,,,,-2.17062,0.81995,2267.0,,-2.49928,,A,0
2025-12-14 15:16:38.550000+00:00,-2.33495,,,,,,,,,,,,,,,-1.24997,,,,,,,,,-1.67858,,1.97989,5474.0,,-1.59867,,,,-2.33495,0.59968,1658.0,,-2.20269,,A,0
2025-12-14 15:16:38.650000+00:00,-2.26882,,,,,,,,,,,,,,,-0.62498,,,,,,,,,-1.63863,,1.82979,5059.0,,-1.50101,,,,-2.26882,0.3899,1078.0,,-2.0978,,A,0
2025-12-14 15:16:38.752000+00:00,-2.18331,,,,,,,,,,,,,,1.0,-0.31249,,,,,,,,,-1.56982,,1.67969,4644.0,,-1.50101,,,0.0,-2.18331,0.17976,497.0,,-2.10142,,A,0
2025-12-14 15:16:38.850000+00:00,,,,,,,,,,,,,,,,,,,,,,,,,,,1.51982,4202.0,,,,,,,0.00977,27.0,,,,A,0
2025-12-14 15:16:38.950000+00:00,-2.14236,,,,,,,,,,,,,,,-0.15625,,,,,,,,,-1.53542,,1.36972,3787.0,,-1.59867,,,,-2.14236,,,,-1.69994,,A,0
2025-12-14 15:16:39.050000+00:00,-1.92115,,,,,,,,,,,,,,,-0.07812,,,,,,,,,-1.56704,,1.17983,3262.0,,-1.50101,,,,-1.92115,,,,0.0,,A,0
2025-12-14 15:16:39.152000+00:00,-0.96058,,,,,,,,,,,,,,,-0.03906,,,,,,,,,-1.53403,,1.02973,2847.0,,-3.39988,,,,-0.96058,,,,,,A,0
2025-12-14 15:16:39.252000+00:00,-0.48029,,,,,,,,,,,,,,,-0.01953,,,,,,,,,-2.46696,,0.87999,2433.0,,-1.4974,,1.0,,-0.48029,,,,,,A,0
2025-12-14 15:16:39.350000+00:00,-0.24014,,,,,,,,,,,,,,,-0.00977,,,,,,,,,-1.98218,,0.71976,1990.0,,-1.60229,,,,-0.24014,,,,,,A,0
2025-12-14 15:16:39.451000+00:00,-0.12007,,,,,,,,,,,,,,,-0.00488,,,,,,,,,-1.79223,,0.56966,1575.0,,-1.50101,,,,-0.12007,,,,,,A,0
2025-12-14 15:16:39.550000+00:00,-0.06004,,,,,,,,,,,,,,,-0.00244,,,,,,,,,-1.64662,,0.3899,1078.0,,-1.7976,,,,-0.06004,,,,,,A,0
2025-12-14 15:16:39.651000+00:00,-0.03002,,,,,,,,,,,,,,,-0.00122,,,,,,0.0,,,-1.72211,,0.22967,635.0,,,,,,-0.03002,,,,,,A,0
2025-12-14 15:16:39.752000+00:00,,,,,,,,,,,,,,,,,,,,,,,,,,,0.07993,221.0,,-1.60229,,,,,,,,,,A,0
2025-12-14 15:16:39.850000+00:00,-0.01501,,,,,,,,,,,,,,,-0.00061,,,,,,,,,-1.6622,,0.01989,55.0,,-1.4974,,,,-0.01501,,,,,,A,0
2025-12-14 15:16:39.950000+00:00,-0.0075,,,,,,,,,,,,,,,-0.00031,,,,,,,,,-1.5798,,,,,-0.6004,,,,-0.0075,,,,,,A,0
2025-12-14 15:16:40.050000+00:00,-0.00375,,,,,,,,,,,,,,,-0.00015,,,,,,,,,-1.0901,,,,,0.0,,,,-0.00375,,,,,,A,0
2025-12-14 15:16:40.152000+00:00,-0.00188,,,,,,,,,,,,,,0.0,-8e-05,1.0,,,8.0,,,,,-0.54505,1.0,,,9.0,,,0.0,,-0.00188,,,10.0,,1.0,A,0
2025-12-14 15:16:40.251000+00:00,-0.00094,,,,,,,,,,,,,,,-4e-05,,,,,,,,,-0.27252,,,,,,,,,-0.00094,,,,,,A,0
2025-12-14 15:16:40.351000+00:00,-0.00047,,,,,,,,,,,,,,,-2e-05,,0.15987,442.0,,1.59867,,,,-0.13626,,0.10995,304.0,,0.90061,,,,-0.00047,0.07993,221.0,,0.70168,,A,0
2025-12-14 15:16:40.450000+00:00,0.3506,,,,,,,,,,,,,,,0.79932,,0.43982,1216.0,,,,,,0.38217,,0.25969,718.0,,,,,,0.3506,0.28971,801.0,,,,A,0
2025-12-14 15:16:40.552000+00:00,,,,,,,,,,,,,,,,,,0.71,1963.0,,2.79948,,,,,,0.41992,1161.0,,1.4974,,,,,0.50998,1410.0,,2.0978,,A,0
2025-12-14 15:16:40.650000+00:00,1.2242,,,,,,,,,,,,,,,1.7994,,1.03986,2875.0,,2.70182,,,,0.93978,,0.59968,1658.0,,1.60229,,,,1.2242,0.75991,2101.0,,2.20269,,A,0
2025-12-14 15:16:40.752000+00:00,1.71345,,,,,,,,,,,,,,,2.25061,,1.31981,3649.0,,3.29861,,,,1.27104,,0.75991,2101.0,,1.7976,,,,1.71345,0.96969,2681.0,,2.49928,,A,0
2025-12-14 15:16:40.851000+00:00,2.10636,,,,,,,,,,,,,,,2.77461,,1.59975,4423.0,,2.79948,,,,1.53432,,0.90965,2515.0,,1.60229,,,,2.10636,1.18996,3290.0,,2.0978,,A,0
2025-12-14 15:16:40.950000+00:00,2.10208,,,,,,,,,,,,,,,2.78705,,,,,,,,,1.5683,,,,,1.4974,,,,2.10208,,,,2.20269,,A,0
2025-12-14 15:16:41.051000+00:00,2.15239,,,,,,,,,,,,,,,2.79326,,1.86994,5170.0,,2.70182,,,,1.53285,,1.05975,2930.0,,1.50101,,,,2.15239,1.39974,3870.0,,2.0978,,A,0
2025-12-14 15:16:41.150000+00:00,2.12509,,,,,,,,,,,,,,,2.74754,,2.14988,5944.0,,2.79948,,,,1.51693,,1.21998,3373.0,,1.60229,,,,2.12509,1.60988,4451.0,,2.10142,,A,0
2025-12-14 15:16:41.252000+00:00,2.11326,,,,,,,,,,,,,,,2.77351,,2.4197,6690.0,,,,,,1.55961,,1.36972,3787.0,,,,,,2.11326,1.82979,5059.0,,,,A,0
2025-12-14 15:16:41.350000+00:00,,,,,,,,,,,,,,,,,,2.69965,7464.0,,2.69821,,,,,,1.51982,4202.0,,1.4974,,,,,2.03993,5640.0,,2.19907,,A,0
2025-12-14 15:16:41.450000+00:00,2.15616,,,,,,,,,,,,,,,2.73586,,2.97996,8239.0,,5.60257,,,,1.5285,,1.67969,4644.0,,3.09968,,,,2.15616,2.24971,6220.0,,4.19922,,A,0
2025-12-14 15:16:41.550000+00:00,3.17769,,,,,,,,,,,,,,,4.16922,,3.30982,9151.0,,3.29861,,,,2.31409,,1.85981,5142.0,,1.80122,,,,3.17769,2.50977,6939.0,,2.60055,,A,0
2025-12-14 15:16:41.652000+00:00,2.88912,,,,,,,,,,,,,,,3.73391,,3.57964,9897.0,,2.6982,,,,2.05765,,2.00991,5557.0,,1.50101,,,,2.88912,2.71991,7520.0,,2.10142,,A,0
2025-12-14 15:16:41.751000+00:00,2.49527,,,,,,,,,,,,,,,3.21606,,3.85995,10672.0,,2.8031,,,,1.77933,,2.16978,5999.0,,1.59867,,,,2.49527,2.93981,8128.0,,2.19908,,A,0
2025-12-14 15:16:41.851000+00:00,2.34717,,,,,,,,,,,,,,,3.00958,,4.12977,11418.0,,2.6982,,,,1.689,,2.31988,6414.0,,1.50101,,,,2.34717,3.14996,8709.0,,2.10142,,A,0
2025-12-14 15:16:41.950000+00:00,2.22429,,,,,,,,,,,,,,,2.85389,,4.40972,12192.0,,2.79948,,,,1.59501,,2.46998,6829.0,,1.50101,,,,2.22429,3.35974,9289.0,,2.0978,,A,0
2025-12-14 15:16:42.051000+00:00,2.16105,,,,,,,,,,,,,,,2.82669,,4.73994,13105.0,,,,,,1.54801,,2.65987,7354.0,,,,,,2.16105,3.61979,10008.0,,,,A,0
2025-12-14 15:16:42.152000+00:00,,,,,,,,,,,,,,,,,,5.01989,13879.0,,3.30223,,,,,,2.80997,7769.0,,1.89887,,,,,3.82993,10589.0,,2.60055,,A,0
2025-12-14 15:16:42.252000+00:00,2.3808,,,,,,,,,,,,,,,3.06446,,5.34975,14791.0,,2.79948,,,,1.72344,,2.98973,8266.0,,1.50101,,,,2.3808,4.08999,11308.0,,2.10142,,A,0
2025-12-14 15:16:42.350000+00:00,2.24111,,,,,,,,,,,,,,,2.93197,,5.56966,15399.0,,3.29861,,,,1.61223,,3.11994,8626.0,,1.7976,,,,2.24111,4.25998,11778.0,,2.60055,,A,0
2025-12-14 15:16:42.449000+00:00,2.42083,,,,,,,,,,,,,,,3.11529,,5.83984,16146.0,,2.19907,,,,1.70491,,3.26968,9040.0,,1.30208,,,,2.42083,4.46976,12358.0,,1.69994,,A,0
2025-12-14 15:16:42.552000+00:00,2.06039,,,,,,,,,,,,,,,2.65718,,6.11979,16920.0,,5.5013,,,,1.5035,,3.41978,9455.0,,2.99841,,,,2.06039,4.6799,12939.0,,4.19922,,A,0
2025-12-14 15:16:42.652000+00:00,3.1298,,,,,,,,,,,,,,,4.07924,,6.39974,17694.0,,2.79948,,,,2.25095,,3.57964,9897.0,,1.59867,,,,3.1298,4.89981,13547.0,,2.19907,,A,0
2025-12-14 15:16:42.751000+00:00,2.66444,,,,,,,,,,,,,,,3.43936,,6.72996,18607.0,,3.30223,,,,1.92481,,3.75977,10395.0,,1.80122,,,,2.66444,5.14974,14238.0,,2.49928,,A,0
2025-12-14 15:16:42.851000+00:00,2.58186,,,,,,,,,,,,,,,3.3708,,6.99978,19353.0,,,,,,1.86301,,3.90987,10810.0,,,,,,2.58186,5.35988,14819.0,,,,A,0
2025-12-14 15:16:42.950000+00:00,,,,,,,,,,,,,,,,,,7.27973,20127.0,,2.69821,,,,,,4.06973,11252.0,,1.50101,,,,,5.57979,15427.0,,2.10142,,A,0
2025-12-14 15:16:43.053000+00:00,2.34164,,,,,,,,,,,,,,,3.0345,,7.55968,20901.0,,2.79948,,,,1.68201,,4.21983,11667.0,,1.59867,,,,2.34164,5.78993,16008.0,,2.19907,,A,0
2025-12-14 15:16:43.151000+00:00,2.27036,,,,,,,,,,,,,,,2.91699,0.0,7.82986,21648.0,,,,,,1.64034,,4.36994,12082.0,,1.50101,,,,2.27036,5.99971,16588.0,,2.10142,,A,0
2025-12-14 15:16:43.251000+00:00,2.18589,,,,,,,,,,,,,,,2.85823,,8.15972,22560.0,,2.70183,,,,1.57068,,4.55982,12607.0,,1.50102,,,,2.18589,6.25977,17307.0,,2.0978,,A,0
2025-12-14 15:16:43.351000+00:00,2.14184,,,,,,,,,,,,,,,2.78003,,8.26968,22864.0,,3.29861,,,,1.53585,,4.70992,13022.0,,1.89887,,,,2.14184,6.46991,17888.0,,2.60055,,A,0
2025-12-14 15:16:43.450000+00:00,2.3712,,,,,,,,,,,,,,,3.03932,,,,,1.09954,,,,1.71736,,4.86979,13464.0,,1.50101,,,,2.3712,6.68981,18496.0,,2.10142,,A,0
2025-12-14 15:16:43.550000+00:00,2.23631,,,,,,,,,,,,,,,2.06943,,,,,0.0,,,,1.60919,,5.01989,13879.0,,1.59867,,,,2.23631,6.89996,19077.0,,2.19907,,A,0
2025-12-14 15:16:43.652000+00:00,2.21769,,,,,,,,,,,,,,1.0,1.03471,,,,,,,,,1.60393,,5.16999,14294.0,,3.00203,,,,2.21769,7.10974,19657.0,,4.19922,,A,0
2025-12-14 15:16:43.852000+00:00,3.20845,,,,,,,,,,,,,,,0.51736,,,,,,,,,2.30298,,5.35988,14819.0,,1.89887,,,,3.20845,7.36979,20376.0,,2.60055,,A,0
2025-12-14 15:16:43.952000+00:00,2.9045,,,,,,,,,,,,,,,0.25868,,,,,,,,,2.10092,,5.50998,15234.0,,1.50101,,,,2.9045,7.57993,20957.0,,2.10142,,A,0
2025-12-14 15:16:44.051000+00:00,2.50296,,,,,,,,,,,,,,,0.12934,,,,,,,,,1.80097,,5.65972,15648.0,,1.4974,,,,2.50296,7.78971,21537.0,,2.0978,,A,0
2025-12-14 15:16:44.150000+00:00,2.30038,,,,,,,,,,,,,,,0.06467,,,,,,,,,1.64918,,5.81995,16091.0,,1.60228,,,,2.30038,8.00998,22146.0,,2.20269,,A,0
2025-12-14 15:16:44.250000+00:00,2.25153,,,,,,,,,,,,,,,0.03233,,,,,,,,,1.62573,,5.96969,16505.0,,1.4974,,,,2.25153,8.21976,22726.0,,2.09781,,A,0
2025-12-14 15:16:44.352000+00:00,2.17467,,,,,,,,,,,,,,,0.01617,,,,,,,,,1.56157,,6.11979,16920.0,,1.50101,,,,2.17467,8.4299,23307.0,,2.10141,,A,0
2025-12-14 15:16:44.450000+00:00,2.13804,,,,,,,,,,,,,,,0.00808,,,,,,,,,1.53129,,6.30968,17445.0,,1.89887,,,,2.13804,8.68996,24026.0,,2.60056,,A,0
2025-12-14 15:16:44.550000+00:00,,,,,,,,,,,,,,,,,,,,,,,,,,,6.45978,17860.0,,,,,,,8.89974,24606.0,,,,A,0
2025-12-14 15:16:44.652000+00:00,2.3693,,,,,,,,,,,,,,,0.00404,,,,,,,,,1.71508,,6.60988,18275.0,,1.50102,,,,2.3693,9.11965,25214.0,,2.0978,,A,0
2025-12-14 15:16:44.749000+00:00,2.23355,,,,,,,,,,,,,,,0.00202,,,,,,,,,1.60805,,6.76975,18717.0,,1.50101,,,,2.23355,9.32979,25795.0,,2.19908,,A,0
2025-12-14 15:16:44.850000+00:00,2.21631,,,,,,,,,,,,,,,0.00101,,,,,,,,,1.55453,,6.91985,19132.0,,3.09968,,,,2.21631,9.53993,26376.0,,4.20283,,A,0
2025-12-14 15:16:44.952000+00:00,3.20957,,,,,,,,,,,,,,,0.00051,,,,,,,,,2.32711,,7.09997,19630.0,,1.80121,,,,3.20957,9.79998,27095.0,,2.60055,0.0,A,0
2025-12-14 15:16:45.050000+00:00,2.90506,,,,,,,,,,,,,,,0.00025,,,,,,,,,2.06416,,7.25984,20072.0,,1.59867,,,,2.90506,10.0,27648.0,,2.00015,,A,0
2025-12-14 15:16:45.152000+00:00,2.45261,,,,,,,,,,,,,,,0.00013,,,,,,,,,1.83141,,7.40994,20487.0,,1.50102,,,,2.45261,,,,0.0,,A,0
2025-12-14 15:16:45.252000+00:00,1.2263,,,,,,,,,,,,,,,6e-05,,,,,,,,,1.66622,,7.55968,20901.0,,1.49739,,,,1.2263,,,,,,A,0
2025-12-14 15:16:45.350000+00:00,,,,,,,,,,,,,,,,,,,,,,,,,,,7.71991,21344.0,,,,,,,,,,,,A,0
2025-12-14 15:16:45.449000+00:00,0.61315,,,,,,,,,,,,,,,3e-05,,,,,,,,,1.5818,,7.89967,21841.0,,1.60229,,1.0,,0.61315,,,,,,A,0
2025-12-14 15:16:45.550000+00:00,0.30658,,,,,,,,,,,,,,,2e-05,,,,,,,,,1.59205,,8.0599,22284.0,,1.7976,,,,0.30658,,,,,,A,0
2025-12-14 15:16:45.653000+00:00,0.15329,,,,,,,,,,,,,,,1e-05,,,,,,,,,1.69482,,8.21,22699.0,,1.60228,,,,0.15329,,,,,,A,0
2025-12-14 15:16:45.751000+00:00,0.07664,,,,,,,,,,,,,,,0.0,,,,,,,,,1.64855,,8.35974,23113.0,,1.50102,,,,0.07664,,,,,,A,0
2025-12-14 15:16:45.852000+00:00,0.03832,,,,,,,,,,,,,,,0.0,,,,,,,,,1.57478,,8.51997,23556.0,,1.49739,,,,0.03832,,,,,,A,0
2025-12-14 15:16:45.952000+00:00,0.01916,,,,,,,,,,,,,,,0.0,,,,,,,,,1.53609,,8.69973,24053.0,,3.39989,,,,0.01916,,,,,,A,0
2025-12-14 15:16:46.053000+00:00,0.00958,,,,,,,,,,,,,,,0.0,,,,,,,,,2.46799,0.0,8.84983,24468.0,,1.50101,,,,0.00958,,,,,,A,0
2025-12-14 15:16:46.150000+00:00,,,,,,,,,,,,,,,,,,,,,,,,,,,9.00969,24910.0,,,,,,,,,,,,A,0
2025-12-14 15:16:46.250000+00:00,0.00479,,,,,,,,,,,,,,,0.0,,,,,,,,,1.9845,,9.06973,25076.0,,1.59867,,,,0.00479,,,,,,A,0
2025-12-14 15:16:46.352000+00:00,0.0024,,,,,,,,,,,,,,,0.0,,,,,,,,,1.79159,,,,,0.6004,,,,0.0024,,,,,,A,0
2025-12-14 15:16:46.451000+00:00,0.0012,,,,,,,,,,,,,,,0.0,,,,,,,,,1.19599,,,,,0.0,,,,0.0012,,,,,,A,0
2025-12-14 15:16:46.552000+00:00,0.0006,1.0,,,,,,,,,,,1.0,,,0.0,,,,5.0,,1.0,,1.0,0.598,,,,5.0,,,,1.0,0.0006,,,5.0,,,A,0
2025-12-14 15:16:46.650000+00:00,0.0003,0.0,,,,,,,,,,,,,0.0,0.0,,,,,,,,0.0,0.299,,,,,,,0.0,,0.0003,,,,,,A,0
2025-12-14 15:16:46.751000+00:00,0.00015,,,,,,,,,,,,,,,0.0,,,,,,,,,0.1495,,,,,,,,,0.00015,,,,,,A,0
2025-12-14 15:16:46.850000+00:00,7e-05,,,,,,,,,,,,,,,0.0,,8.15972,22560.0,,-1.09954,,,,0.07475,,9.00969,24910.0,,-0.6004,,,,7e-05,9.97974,27592.0,,-0.20255,,A,0
2025-12-14 15:16:46.952000+00:00,-0.10124,,,,,,,,,,,,,,,-0.54977,,7.8899,21814.0,,,,,,-0.26283,,8.84983,24468.0,,,,,,-0.10124,9.76997,27012.0,,,,A,0
2025-12-14 15:16:47.051000+00:00,,,,,,,,,,,,,,,,,,7.60995,21040.0,,-2.69821,,,,,,8.69973,24053.0,,-1.59867,,,,,9.5497,26403.0,,-2.0978,,A,0
2025-12-14 15:16:47.150000+00:00,-1.09952,,,,,,,,,,,,,,,-1.62399,,7.32964,20265.0,,-5.60257,,,,-0.93075,,8.54998,23639.0,,-2.99841,,,,-1.09952,9.33992,25823.0,,-4.30049,,A,0
2025-12-14 15:16:47.252000+00:00,-2.7,,,,,,,,,,,,,,,-3.61328,,6.99978,19353.0,,-3.29861,,,,-1.96458,,8.35974,23113.0,,-1.90248,,,,-2.7,9.07986,25104.0,,-2.60056,,A,0
2025-12-14 15:16:47.352000+00:00,-2.65028,,,,,,,,,,,,,,,-3.45595,,6.72996,18607.0,,-2.69821,,,,-1.93353,,8.21,22699.0,,-1.49739,,,,-2.65028,8.86972,24523.0,,-2.10141,,A,0
2025-12-14 15:16:47.452000+00:00,-2.37585,,,,,,,,,,,,,,,-3.07708,,6.44965,17832.0,,-2.8031,,,,-1.71546,,8.0599,22284.0,,-1.50102,,,,-2.37585,8.65994,23943.0,,-2.09781,,A,0
2025-12-14 15:16:47.550000+00:00,-2.23683,,,,,,,,,,,,,,,-2.94009,,6.11979,16920.0,,-3.29861,,,,-1.60824,,7.86965,21758.0,,-1.90248,,,,-2.23683,8.39988,23224.0,,-2.60055,,A,0
2025-12-14 15:16:47.652000+00:00,-2.41869,,,,,,,,,,,,,,,-3.11935,,5.89988,16312.0,,-2.19907,,,,-1.75536,,7.74993,21427.0,,-1.1972,,,,-2.41869,8.22989,22754.0,,-1.69994,,A,0
2025-12-14 15:16:47.750000+00:00,-2.05931,,,,,,,,,,,,,,,-2.65921,,5.56966,15399.0,,,,,,-1.47628,,7.55968,20901.0,,,,,,-2.05931,7.97996,22063.0,,,,A,0
2025-12-14 15:16:47.853000+00:00,,,,,,,,,,,,,0.0,,,,,5.2398,14487.0,,-3.30223,,,,,,7.37992,20404.0,,-1.90249,,,,,7.71991,21344.0,,-2.49928,,A,0
2025-12-14 15:16:47.953000+00:00,-2.27929,,,,,,,,,,,,,,,-2.98072,,4.95985,13713.0,,-3.29861,,,,-1.68938,,7.22982,19989.0,,-1.7976,,,,-2.27929,7.50977,20763.0,,-2.60055,,A,0
2025-12-14 15:16:48.050000+00:00,-2.43992,,,,,,,,,,,,,,,-3.13966,,4.8499,13409.0,,-2.79948,,,,-1.74349,,7.06995,19547.0,,-1.50102,,,,-2.43992,7.28986,20155.0,,-2.10142,,A,0
2025-12-14 15:16:48.151000+00:00,-2.27067,,,,,,,,,,,,,,,-2.96957,,,,,-1.09953,,,,-1.62225,,6.91985,19132.0,,-1.59867,,,,-2.27067,7.07972,19574.0,,-2.19908,,A,0
2025-12-14 15:16:48.250000+00:00,-2.23487,,,,,,,,,,,,,,,-2.03455,,,,,0.0,,,,-1.61046,,6.76975,18717.0,,-3.00202,,,,-2.23487,6.86994,18994.0,,-4.19922,,A,0
2025-12-14 15:16:48.351000+00:00,-3.21705,,,,,,,,,,,,,,1.0,-1.01728,,,,,,,,,-2.30624,,6.60988,18275.0,,-1.59867,,,,-3.21705,6.64967,18385.0,,-2.20269,,A,0
2025-12-14 15:16:48.452000+00:00,-2.70987,,,,,,,,,,,,,,,-0.50864,,,,,,,,,-1.95246,,6.45978,17860.0,,-1.50101,,,,-2.70987,6.43989,17805.0,,-2.0978,,A,0
2025-12-14 15:16:48.550000+00:00,-2.40383,,,,,,,,,,,,,,,-0.25432,,,,,,,,,-1.72673,,6.27966,17362.0,,,,,,-2.40383,6.18996,17114.0,,,,A,0
2025-12-14 15:16:48.650000+00:00,,,,,,,,,,,,,,,,,,,,,,,,,,,6.11979,16920.0,,-1.80122,,,,,5.96969,16505.0,,-2.49928,,A,0
2025-12-14 15:16:48.752000+00:00,-2.45155,,,,,,,,,,,,,,,-0.12716,,,,,,,,,-1.76398,,5.96969,16505.0,,-1.59867,,,,-2.45155,5.75991,15925.0,,-2.20269,,A,0
2025-12-14 15:16:48.850000+00:00,-2.32712,,,,,,,,,,,,,,,-0.06358,,,,,,,,,-1.68132,,5.81995,16091.0,,-1.50101,,,,-2.32712,5.54977,15344.0,,-2.0978,,A,0
2025-12-14 15:16:48.949000+00:00,-2.21246,,,,,,,,,,,,,,,-0.03179,,,,,,,,,-1.59117,,5.65972,15648.0,,-1.4974,,,,-2.21246,5.32986,14736.0,,-2.10142,,A,0
2025-12-14 15:16:49.052000+00:00,-2.15694,,,,,,,,,,,,,,,-0.01589,,,,,,,,,-1.54428,,5.50998,15234.0,,-1.60228,,,0.0,-2.15694,5.11972,14155.0,,-2.19907,,A,0
2025-12-14 15:16:49.152000+00:00,-2.17801,,,,,,,,,,,,,,,-0.00795,,,,,,,,,-1.57328,,5.32986,14736.0,,-1.4974,,,,-2.17801,4.85966,13436.0,,-2.10142,,A,0
2025-12-14 15:16:49.253000+00:00,-2.13971,,,,,,,,,,,,,,,-0.00397,,,,,,0.0,,,-1.53534,,5.16999,14294.0,,-1.80121,,,,-2.13971,4.77973,13215.0,,-2.60055,,A,0
2025-12-14 15:16:49.353000+00:00,-2.37013,,,,,,,,,,,,,,,-0.00199,,,,,,,,,-1.66828,,5.01989,13879.0,,-3.09968,,,,-2.37013,,,,-0.79934,,A,0
2025-12-14 15:16:49.451000+00:00,-1.58473,,,,,,,,,,,,,,,-0.00099,,,,,,,,,-2.38398,,4.95985,13713.0,,,,,,-1.58473,,,,,,A,0
2025-12-14 15:16:49.550000+00:00,,,,,,,,,,,,,,,,,,,,,,,,,,,,,,-0.6004,,1.0,,,,,,0.0,,A,0
2025-12-14 15:16:49.650000+00:00,-0.79237,,,,,,,,,,,,,,,-0.0005,,,,,,,,,-1.49219,,,,,0.0,,,,-0.79237,,,,,,A,0
2025-12-14 15:16:49.750000+00:00,-0.39618,1.0,,,,,,,,,,,,,,-0.00025,,,,0.0,,,,1.0,-0.7461,,,,0.0,,,,,-0.39618,,,0.0,,,A,0
2025-12-14 15:16:49.854000+00:00,-0.19809,0.0,,,,,,,,,,,1.0,,0.0,-0.00012,,,,,,1.0,,0.0,-0.37305,,,,,,,0.0,1.0,-0.19809,,,,,,A,0
2025-12-14 15:16:49.950000+00:00,-0.09905,,,,,,,,,,,,,,,-6e-05,,,,,,,,,-0.18652,,,,,,,,,-0.09905,,,,,,A,0
2025-12-14 15:16:50.052000+00:00,-0.04952,,,,,,,,,,,,,,,-3e-05,,4.73994,13105.0,,-1.09954,,,,-0.09326,,4.89981,13547.0,,-0.6004,,,,-0.04952,4.74971,13132.0,,-0.3002,,A,0
2025-12-14 15:16:50.152000+00:00,-0.17486,,,,,,,,,,,,,,,-0.54978,,4.40972,12192.0,,-3.30223,,,,-0.34683,,4.70992,13022.0,,-1.89887,,,,-0.17486,4.48966,12413.0,,-2.60055,,A,0
2025-12-14 15:16:50.250000+00:00,-1.38771,,,,,,,,,,,,,,,-1.92601,,4.12977,11418.0,,,,,,-1.12285,,4.55982,12607.0,,,,,,-1.38771,4.27988,11833.0,,,,A,0
2025-12-14 15:16:50.350000+00:00,,,,,,,,,,,,,,,,-2.36274,,3.85995,10672.0,,-2.79948,,,,-1.31193,,4.40972,12192.0,,-1.50101,,,,-1.74275,4.06973,11252.0,,-2.0978,,A,0
2025-12-14 15:16:50.450000+00:00,-1.74275,,,,,,,,,,,,,,,,,3.57964,9897.0,,-2.6982,,,,,,4.24986,11750.0,,,,,,,3.84983,10644.0,,-2.10142,,A,0
2025-12-14 15:16:50.552000+00:00,-1.92209,,,,,,,,,,,,,,,-2.53047,,3.30982,9151.0,,-5.5013,,,,-1.40647,,4.09975,11335.0,,-3.09968,,,,-1.92209,3.63968,10063.0,,-4.30049,,A,0
2025-12-14 15:16:50.651000+00:00,-3.11129,,,,,,,,,,,,,,,-4.01589,,3.02988,8377.0,,-2.79948,,,,-2.25308,,3.94965,10920.0,,-1.50101,,,,-3.11129,3.4299,9483.0,,-2.0978,,A,0
2025-12-14 15:16:50.752000+00:00,-2.60454,,,,,,,,,,,,,,,-3.40768,,2.74993,7603.0,,,,,,-1.87705,,3.78979,10478.0,,-1.59867,,,,-2.60454,3.21,8875.0,,-2.19908,,A,0
2025-12-14 15:16:50.850000+00:00,-2.40181,,,,,,,,,,,,,,,-3.10358,,2.47975,6856.0,,-2.70182,,,,-1.73786,,3.63968,10063.0,,-1.50101,,,,-2.40181,2.99986,8294.0,,-2.10142,,A,0
2025-12-14 15:16:50.954000+00:00,-2.25161,,,,,,,,,,,,,,,-2.9027,,2.14988,5944.0,,-3.29861,,,,-1.61944,,3.4498,9538.0,,-1.89887,,,,-2.25161,2.7398,7575.0,,-2.60055,,A,0
2025-12-14 15:16:51.051000+00:00,-2.42608,,,,,,,,,,,,,,,-3.10066,,1.86994,5170.0,,-2.79948,,,,-1.75915,,3.2997,9123.0,,-1.50101,,,,-2.42608,2.52966,6994.0,,-2.10142,,A,0
2025-12-14 15:16:51.152000+00:00,-2.26375,,,,,,,,,,,,,,,-2.95007,,1.59975,4423.0,,,,,,-1.63008,,3.14996,8709.0,,,,,,-2.26375,2.31988,6414.0,,,,A,0
2025-12-14 15:16:51.251000+00:00,,,,,,,,,,,,,,,,,,1.31981,3649.0,,-2.70182,,,,,,2.98973,8266.0,,-1.4974,,,,,2.10974,5833.0,,-2.0978,,A,0
2025-12-14 15:16:51.350000+00:00,-2.18078,,,,,,,,,,,,,,,-2.82595,,1.03986,2875.0,,-2.79948,,,,-1.56374,,2.83999,7852.0,,-1.60228,,,,-2.18078,1.88983,5225.0,,-2.10142,,A,0
2025-12-14 15:16:51.451000+00:00,-2.1411,,,,,,,,,,,,,,,-2.81271,,0.76968,2128.0,,,,,,-1.58301,,2.68989,7437.0,,-1.4974,,,,-2.1411,1.67969,4644.0,,-2.19907,,A,0
2025-12-14 15:16:51.550000+00:00,-2.17008,,,,,,,,,,,,,,,-2.8061,,0.48973,1354.0,,-2.70182,,,,-1.5402,,2.52966,6994.0,,-1.50101,,,,-2.17008,1.46991,4064.0,,-2.10142,,A,0
2025-12-14 15:16:51.651000+00:00,-2.13575,,,,,,,,,,,,0.0,,,-2.75396,,0.21991,608.0,,-5.49768,,,,-1.52061,,2.37992,6580.0,,-3.09968,,,,-2.13575,1.25,3456.0,,-4.29688,,A,0
2025-12-14 15:16:51.750000+00:00,-3.21631,,,,,,,,,,,,,,,-4.12582,,0.0,0.0,,-2.19907,,,,-2.31014,,2.22982,6165.0,,-1.50101,,,,-3.21631,1.03986,2875.0,,-2.10142,,A,0
2025-12-14 15:16:51.852000+00:00,-2.65887,,,,,,,,,,,,,,,-3.16245,,,,,0.0,,,,-1.90558,,2.06995,5723.0,,-1.59867,,,,-2.65887,0.82972,2294.0,,,,A,0
2025-12-14 15:16:51.951000+00:00,-2.38014,,,,,,,,,,,,,,,-1.58122,,,,,,,,,-1.75212,,1.88983,5225.0,,-1.80122,,,,-2.38014,0.56966,1575.0,,-2.60055,,A,0
2025-12-14 15:16:52.051000+00:00,-2.49035,,,,,,,,,,,,,,,-0.79061,,,,,,,,,-1.77667,,1.73973,4810.0,,-1.50101,,,,-2.49035,0.35988,995.0,,-2.0978,,A,0
2025-12-14 15:16:52.152000+00:00,,,,,,,,,,,,,,,1.0,,,,,,,,,,,,1.57986,4368.0,,,,,0.0,,0.13997,387.0,,,,A,0
2025-12-14 15:16:52.252000+00:00,-2.29407,,,,,,,,,,,,,,,-0.39531,,,,,,,,,-1.63884,,1.42976,3953.0,,-1.59867,,,,-2.29407,0.01989,55.0,,-2.19907,,A,0
2025-12-14 15:16:52.352000+00:00,-2.24657,,,,,,,,,,,,,,,-0.19765,,,,,,,,,-1.61876,,1.27966,3538.0,,-1.50101,,,,-2.24657,,,,-1.20081,,A,0
2025-12-14 15:16:52.451000+00:00,-1.72369,,,,,,,,,,,,,,,-0.09883,,,,,,,,,-1.55988,,1.11979,3096.0,,-1.50101,,,,-1.72369,,,,0.0,,A,0
2025-12-14 15:16:52.550000+00:00,-0.86185,,,,,,,,,,,,,,,-0.04941,,,,,,,,,-1.53045,,0.96969,2681.0,,-1.59867,,,,-0.86185,,,,,,A,0
2025-12-14 15:16:52.650000+00:00,-0.43092,,,,,,,,,,,,,,,-0.02471,,,,,,,,,-1.56456,,0.81995,2267.0,,-1.50101,,1.0,,-0.43092,,,,,,A,0
2025-12-14 15:16:52.750000+00:00,-0.21546,,,,,,,,,,,,,,,-0.01235,,,,,,,,,-1.53279,,0.65972,1824.0,,-3.09968,,,,-0.21546,,,,,,A,0
2025-12-14 15:16:52.851000+00:00,-0.10773,,,,,,,,,,,,,,,-0.00618,,,,,,,,,-2.31623,,0.50998,1410.0,,-1.4974,,,,-0.10773,,,,,,A,0
2025-12-14 15:16:52.951000+00:00,-0.05387,,,,,,,,,,,,,,,-0.00309,,,,,,,,,-1.90681,,0.35988,995.0,,-1.50101,,,,-0.05387,,,,,,A,0
2025-12-14 15:16:53.051000+00:00,-0.02693,,,,,,,,,,,,,,,-0.00154,,,,,,0.0,,,-1.70391,,0.16999,470.0,,,,,,-0.02693,,,,,,A,0
2025-12-14 15:16:53.150000+00:00,,,,,,,,,,,,,,,,,,,,,,,,,,,0.01989,55.0,,-1.89887,,,,,,,,,,A,0
2025-12-14 15:16:53.252000+00:00,-0.01347,,,,,,,,,,,,,,,-0.00077,,,,,,,,,-1.80139,,0.0,0.0,,-1.50101,,,,-0.01347,,,,,,A,0
2025-12-14 15:16:53.351000+00:00,-0.00673,,,,,,,,,,,,,,,-0.00039,,,,,,,,,-1.6512,,,,,-0.19893,,,,-0.00673,,,,,,A,0
2025-12-14 15:16:53.451000+00:00,-0.00337,,,,,,,,,,,,,,,-0.00019,,,,,,,,,-0.92507,,,,,0.0,,,,-0.00337,,,,,,A,0
2025-12-14 15:16:53.549000+00:00,-0.00168,,,,,,,,,,,,,,0.0,-0.0001,1.0,,,8.0,,,,,-0.46253,1.0,,,9.0,,,0.0,,-0.00168,,,10.0,,1.0,A,0
2025-12-14 15:16:53.650000+00:00,-0.00084,,,,,,,,,,,,,,,-5e-05,,,,,,,,,-0.23127,,,,,,,,,-0.00084,,,,,,A,0
2025-12-14 15:16:53.750000+00:00,-0.00042,,,,,,,,,,,,,,,-2e-05,,0.10995,304.0,,,,,,-0.11563,,0.03979,110.0,,,,,,-0.00042,0.04991,138.0,,,,A,0
2025-12-14 15:16:53.852000+00:00,-0.00021,,,,,,,,,,,,,,,-1e-05,,0.43982,1216.0,,4.39815,,,,-0.05782,,0.22967,635.0,,2.29673,,,,-0.00021,0.29984,829.0,,2.79948,,A,0
2025-12-14 15:16:53.950000+00:00,1.39963,,,,,,,,,,,,,,,2.19907,,0.71,1963.0,,,,,,1.11946,,0.37977,1050.0,,,,,,1.39963,0.51975,1437.0,,,,A,0
2025-12-14 15:16:54.049000+00:00,,,,,,,,,,,,,,,,,,,,,2.70182,,,,,,,,,1.50101,,,,,,,,2.19907,,A,0
2025-12-14 15:16:54.151000+00:00,1.79935,,,,,,,,,,,,,,,2.45045,,0.98994,2737.0,,2.79948,,,,1.31023,,0.52988,1465.0,,,,,,1.79935,0.72989,2018.0,,2.10142,,A,0
2025-12-14 15:16:54.254000+00:00,1.95039,,,,,,,,,,,,,,,2.62496,,1.26989,3511.0,,2.79948,,,,1.40562,,0.68974,1907.0,,1.59867,,,,1.95039,0.93967,2598.0,,2.0978,,A,0
2025-12-14 15:16:54.349000+00:00,2.02409,,,,,,,,,,,,,,,2.71222,,1.53971,4257.0,,2.69821,,,,1.50215,,0.83984,2322.0,,1.50101,,,,2.02409,1.15994,3207.0,,2.20269,,A,0
2025-12-14 15:16:54.450000+00:00,2.11339,,,,,,,,,,,,,,,2.70521,,1.81966,5031.0,,2.79948,,,,1.50158,,0.98994,2737.0,,1.50101,,,,2.11339,1.36972,3787.0,,2.0978,,A,0
2025-12-14 15:16:54.552000+00:00,2.1056,,,,,,,,,,,,,,,2.75235,,2.08984,5778.0,,2.70182,,,,1.5013,,1.14981,3179.0,,1.59867,,,,2.1056,1.57986,4368.0,,2.10142,,A,0
2025-12-14 15:16:54.650000+00:00,2.10351,,,,,,,,,,,,,,,2.72708,,2.36979,6552.0,,2.79948,,,,1.54998,,1.29991,3594.0,,1.50101,,,,2.10351,1.78964,4948.0,,2.0978,,A,0
2025-12-14 15:16:54.750000+00:00,2.10065,,,,,,,,,,,,,,,2.76328,,2.63997,7299.0,,,,,,1.5255,,1.44965,4008.0,,,,,,2.10065,2.00991,5557.0,,,,A,0
2025-12-14 15:16:54.854000+00:00,2.15167,,,,,,,,,,,,,,,2.73255,,2.97996,8239.0,,2.70182,,,,1.51145,,1.6399,4534.0,,1.4974,,,,2.15167,2.25984,6248.0,,2.20269,,A,0
2025-12-14 15:16:54.949000+00:00,,,,,,,,,,,,,,,,,,3.24978,8985.0,,3.39988,,,,,,1.78964,4948.0,,1.90249,,,,,2.47975,6856.0,,2.49928,,A,0
2025-12-14 15:16:55.050000+00:00,2.32547,,,,,,,,,,,,,,,3.06622,,3.52973,9759.0,,5.49768,,,,1.70697,,1.94987,5391.0,,3.09968,,,,2.32547,2.68989,7437.0,,4.30049,,A,0
2025-12-14 15:16:55.151000+00:00,3.31298,,,,,,,,,,,,,,,4.28195,,3.79991,10506.0,,2.70182,,,,2.40332,,2.09997,5806.0,,1.50101,,,,3.31298,2.89967,8017.0,,2.0978,,A,0
2025-12-14 15:16:55.252000+00:00,2.70539,,,,,,,,,,,,,,,3.49189,,4.07986,11280.0,,2.79948,,,,1.95217,,2.24971,6220.0,,1.4974,,,,2.70539,3.11994,8626.0,,2.20269,,A,0
2025-12-14 15:16:55.351000+00:00,2.45404,,,,,,,,,,,,,,,3.14568,,4.35981,12054.0,,2.79948,,,,1.72478,,2.40994,6663.0,,1.60229,,,,2.45404,3.32972,9206.0,,2.0978,,A,0
2025-12-14 15:16:55.450000+00:00,2.27592,,,,,,,,,,,,,,,2.97258,,4.68967,12966.0,,3.29861,,,,1.66353,,2.5897,7160.0,,1.7976,,,,2.27592,3.58977,9925.0,,2.60055,,A,0
2025-12-14 15:16:55.550000+00:00,2.43823,,,,,,,,,,,,,,,3.1356,,4.90994,13575.0,,2.20269,,,,1.73057,,2.70978,7492.0,,1.20081,,,,2.43823,3.75977,10395.0,,1.69994,,A,0
2025-12-14 15:16:55.652000+00:00,2.06909,,,,,,,,,,,,,,,2.66914,,5.2398,14487.0,,,,,,1.46569,,2.89967,8017.0,,,,,,2.06909,4.00969,11086.0,,,,A,0
2025-12-14 15:16:55.750000+00:00,,,,,,,,,,,,,,,,,,5.56966,15399.0,,3.29861,,,,,,3.07979,8515.0,,1.89887,,,,,4.26975,11805.0,,2.49928,,A,0
2025-12-14 15:16:55.852000+00:00,2.28418,,,,,,,,,,,,,,,2.98388,,5.83984,16146.0,,3.29861,,,,1.68228,,3.22989,8930.0,,1.80121,,,,2.28418,4.47989,12386.0,,2.60055,,A,0
2025-12-14 15:16:55.950000+00:00,2.44237,,,,,,,,,,,,,,,3.14124,,6.11979,16920.0,,2.70183,,,,1.74175,,3.38976,9372.0,,1.50101,,,,2.44237,4.68967,12966.0,,2.10142,,A,0
2025-12-14 15:16:56.051000+00:00,2.27189,,,,,,,,,,,,,,,2.92153,,6.39974,17694.0,,2.79948,,,,1.62138,,3.53986,9787.0,,1.59867,,,,2.27189,4.90994,13575.0,,2.0978,,A,0
2025-12-14 15:16:56.150000+00:00,2.18485,,,,,,,,,,,,,,,2.86051,,6.66992,18441.0,,5.5013,,,,1.61002,,3.68996,10202.0,,3.00203,,,,2.18485,5.11972,14155.0,,4.30049,,A,0
2025-12-14 15:16:56.253000+00:00,3.24267,,,,,,,,,,,,,,,4.1809,,6.94987,19215.0,,2.79948,,,,2.30603,,3.84983,10644.0,,1.59867,,,,3.24267,5.32986,14736.0,,2.10142,,A,0
2025-12-14 15:16:56.352000+00:00,2.67204,,,,,,,,,,,,,,,3.49019,,7.21969,19961.0,,2.69821,,,,1.95235,,3.99993,11059.0,,1.50101,,,,2.67204,5.54977,15344.0,,2.19907,,A,0
2025-12-14 15:16:56.450000+00:00,2.43556,,,,,,,,,,,,,,,3.0942,,7.5,20736.0,,,,,,1.72668,,4.14967,11473.0,,,,,,2.43556,5.75991,15925.0,,,,A,0
2025-12-14 15:16:56.551000+00:00,2.26849,,,,,,,,,,,,,,,2.94865,0.0,7.77995,21510.0,,2.8031,,,,1.61204,,4.3099,11916.0,,1.4974,,,,2.26849,5.96969,16505.0,,2.10142,,A,0
2025-12-14 15:16:56.650000+00:00,,,,,,,,,,,,,,,,,,8.10981,22422.0,,2.79948,,,,,,4.48966,12413.0,,1.60229,,,,,6.22975,17224.0,,2.0978,,A,0
2025-12-14 15:16:56.750000+00:00,2.18315,,,,,,,,,,,,,,,2.87406,,8.21976,22726.0,,3.29861,,,,1.60716,,4.63976,12828.0,,1.7976,,,,2.18315,6.43989,17805.0,,2.60055,,A,0
2025-12-14 15:16:56.850000+00:00,2.39185,,,,,,,,,,,,,,,3.08634,,,,,1.09954,,,,1.70238,,4.79999,13271.0,,1.50101,,,,2.39185,6.64967,18385.0,,2.10142,,A,0
2025-12-14 15:16:56.951000+00:00,2.24663,,,,,,,,,,,,,,,2.09294,,,,,0.0,,,,1.6017,,4.94973,13685.0,,1.60229,,,,2.24663,6.86994,18994.0,,2.0978,,A,0
2025-12-14 15:16:57.052000+00:00,2.17222,,,,,,,,,,,,,,1.0,1.04647,,,,,,,,,1.60199,,5.09983,14100.0,,1.4974,,,,2.17222,7.07972,19574.0,,2.20269,,A,0
2025-12-14 15:16:57.151000+00:00,2.18745,,,,,,,,,,,,,,,0.52323,,,,,,,,,1.54969,,5.25969,14542.0,,1.50101,,,,2.18745,7.28986,20155.0,,2.0978,,A,0
2025-12-14 15:16:57.251000+00:00,2.14263,,,,,,,,,,,,,,,0.26162,,,,,,,,,1.52535,,5.40979,14957.0,,3.09968,,,,2.14263,7.50977,20763.0,,4.30049,,A,0
2025-12-14 15:16:57.354000+00:00,3.22156,,,,,,,,,,,,,,,0.13081,,,,,,,,,2.31252,,5.59968,15482.0,,,,,,3.22156,7.75969,21454.0,,,,A,0
2025-12-14 15:16:57.451000+00:00,,,,,,,,,,,,,,,,,,,,,,,,,,,5.74978,15897.0,,1.89887,,,,,7.97996,22063.0,,2.49928,,A,0
2025-12-14 15:16:57.552000+00:00,2.86042,,,,,,,,,,,,,,,0.0654,,,,,,,,,2.10569,,5.89988,16312.0,,1.50102,,,,2.86042,8.18974,22643.0,,2.20269,,A,0
2025-12-14 15:16:57.651000+00:00,2.53155,,,,,,,,,,,,,,,0.0327,,,,,,,,,1.80336,,6.05975,16754.0,,1.50101,,,,2.53155,8.39988,23224.0,,2.0978,,A,0
2025-12-14 15:16:57.749000+00:00,2.31468,,,,,,,,,,,,,,,0.01635,,,,,,,,,1.65218,,,,,1.59867,,,,2.31468,,,,2.10142,,A,0
2025-12-14 15:16:57.850000+00:00,2.20805,,,,,,,,,,,,,,,0.00818,,,,,,,,,1.62543,,6.20985,17169.0,,1.50101,,,,2.20805,8.60966,23804.0,,2.0978,,A,0
2025-12-14 15:16:57.952000+00:00,2.15292,,,,,,,,,,,,,,,0.00409,,,,,,,,,1.56322,,6.35995,17584.0,,,,,,2.15292,8.82993,24413.0,,2.20269,,A,0
2025-12-14 15:16:58.052000+00:00,2.17781,,,,,,,,,,,,,,,0.00204,,,,,,,,,1.53212,,6.51982,18026.0,,1.59867,,,,2.17781,9.03971,24993.0,,2.0978,,A,0
2025-12-14 15:16:58.152000+00:00,2.1378,,,,,,,,,,,,,,,0.00102,,,,,,,,,1.56539,,6.66992,18441.0,,1.50101,,,,2.1378,9.24986,25574.0,,2.10142,,A,0
2025-12-14 15:16:58.254000+00:00,2.11961,,,,,,,,,,,,,,,0.00051,,,,,,,,,1.5332,,6.84968,18938.0,,,,,,2.11961,9.50991,26293.0,,,,A,0
2025-12-14 15:16:58.350000+00:00,,,,,,,,,,,,,,,,,,,,,,,,,,,7.00991,19381.0,,1.7976,,,,,9.71969,26873.0,,2.60056,0.0,A,0
2025-12-14 15:16:58.450000+00:00,2.36008,,,,,,,,,,,,,,,0.00026,,,,,,,,,1.6654,,7.15965,19795.0,,3.09968,,,,2.36008,9.93996,27482.0,,4.30049,,A,0
2025-12-14 15:16:58.554000+00:00,3.33029,,,,,,,,,,,,,,,0.00013,,,,,,,,,2.38254,,7.30975,20210.0,,1.50101,,,,3.33029,10.0,27648.0,,0.6004,,A,0
2025-12-14 15:16:58.652000+00:00,1.96535,,,,,,,,,,,,,,,6e-05,,,,,,,,,1.94178,,7.46998,20653.0,,1.60229,,,,1.96535,,,,0.0,,A,0
2025-12-14 15:16:58.752000+00:00,0.98267,,,,,,,,,,,,,,,3e-05,,,,,,,,,1.77203,,7.61972,21067.0,,1.49739,,,,0.98267,,,,,,A,0
2025-12-14 15:16:58.851000+00:00,0.49134,,,,,,,,,,,,,,,2e-05,,,,,,,,,1.63471,,7.79984,21565.0,,1.80122,,1.0,,0.49134,,,,,,A,0
2025-12-14 15:16:58.951000+00:00,0.24567,,,,,,,,,,,,,,,1e-05,,,,,,,,,1.71797,,7.95971,22007.0,,1.59867,,,,0.24567,,,,,,A,0
2025-12-14 15:16:59.051000+00:00,0.12283,,,,,,,,,,,,,,,0.0,,,,,,,,,1.65832,,8.10981,22422.0,,1.50101,,,,0.12283,,,,,,A,0
2025-12-14 15:16:59.150000+00:00,0.06142,,,,,,,,,,,,,,,0.0,,,,,,,,,1.57966,,8.25991,22837.0,,,,,,0.06142,,,,,,A,0
2025-12-14 15:16:59.252000+00:00,,,,,,,,,,,,,,,,,,,,,,,,,,,8.41978,23279.0,,1.50102,,,,,,,,,,A,0
2025-12-14 15:16:59.350000+00:00,0.03071,,,,,,,,,,,,,,,0.0,,,,,,,,,1.54034,,8.56988,23694.0,,1.59866,,,,0.03071,,,,,,A,0
2025-12-14 15:16:59.453000+00:00,0.01535,,,,,,,,,,,,,,,0.0,,,,,,,,,1.5695,0.0,8.71998,24109.0,,1.50102,,,,0.01535,,,,,,A,0
2025-12-14 15:16:59.552000+00:00,0.00768,,,,,,,,,,,,,,,0.0,,,,,,,,,1.53526,,8.90987,24634.0,,3.39988,,,,0.00768,,,,,,A,0
2025-12-14 15:16:59.653000+00:00,0.00384,,,,,,,,,,,,,,,0.0,,,,,,,,,2.46757,,8.96991,24800.0,,0.6004,,,,0.00384,,,,,,A,0
2025-12-14 15:16:59.751000+00:00,0.00192,,,,,,,,,,,,,,,0.0,,,,,,,,,1.53399,,,,,0.0,,,,0.00192,,,,,,A,0
2025-12-14 15:16:59.850000+00:00,0.00096,,,,,,,,,,,,,,,0.0,,,,,,,,,0.76699,,,,,,,,,0.00096,,,,,,A,0
2025-12-14 15:16:59.950000+00:00,0.00048,,,,,,,,,,,,1.0,,0.0,0.0,,,,5.0,,1.0,,,0.3835,,,,5.0,,,0.0,1.0,0.00048,,,5.0,,,A,0
2025-12-14 15:17:00.154000+00:00,0.00024,,,,,,,,,,,,,,,0.0,,8.10981,22422.0,,,,,,0.19175,,8.90987,24634.0,,,,,,0.00024,9.98987,27620.0,,,,A,0
2025-12-14 15:17:00.251000+00:00,0.00012,,,,,,,,,,,,,,,0.0,,7.77995,21510.0,,-1.09954,,,,0.09587,,8.71998,24109.0,,-0.6004,,,,0.00012,9.72982,26901.0,,-0.10127,,A,0
2025-12-14 15:17:00.350000+00:00,-0.05058,,,,,,,,,,,,,,,-0.54977,,7.5,20736.0,,-3.29861,,,,-0.25226,,8.56988,23694.0,,-1.89887,,,,-0.05058,9.51968,26320.0,,-2.60056,,A,0
2025-12-14 15:17:00.451000+00:00,-1.32557,,,,,,,,,,,,,,,-1.92419,,7.21969,19961.0,,-2.79948,,,,-1.07557,,8.41978,23279.0,,-1.50101,,,,-1.32557,9.3099,25740.0,,-2.10141,,A,0
2025-12-14 15:17:00.549000+00:00,-1.71349,,,,,,,,,,,,,,,-2.36183,,6.94987,19215.0,,-2.8031,,,,-1.28829,,8.25991,22837.0,,-1.50102,,,,-1.71349,9.08999,25132.0,,-2.09781,,A,0
2025-12-14 15:17:00.652000+00:00,-1.90565,,,,,,,,,,,,,,,-2.58247,,6.66992,18441.0,,-5.49768,,,,-1.39465,,8.10981,22422.0,,-3.09968,,,,-1.90565,8.87985,24551.0,,-4.30049,,A,0
2025-12-14 15:17:00.752000+00:00,-3.10307,,,,,,,,,,,,,,,-4.04007,,6.39974,17694.0,,,,,,-2.24717,,7.95971,22007.0,,,,,,-3.10307,8.6697,23970.0,,,,A,0
2025-12-14 15:17:00.852000+00:00,,,,,,,,,,,,,,,,,,6.06988,16782.0,,-2.70183,,,,,,7.76982,21482.0,,-1.50101,,,,,8.40965,23251.0,,-2.10142,,A,0
2025-12-14 15:17:00.951000+00:00,-2.60224,,,,,,,,,,,,,,,-3.37095,,,,,-3.29861,,,,-1.87409,,,,,-1.89887,,,,-2.60224,,,,-2.60055,,A,0
2025-12-14 15:17:01.052000+00:00,-2.6014,,,,,,,,,,,,,,,-3.33478,,5.78993,16008.0,,-2.79948,,,,-1.88648,,7.61972,21067.0,,-1.50102,,,,-2.6014,8.19987,22671.0,,-2.0978,,A,0
2025-12-14 15:17:01.150000+00:00,-2.3496,,,,,,,,,,,,,,,-3.06713,,5.50998,15234.0,,-2.79948,,,,-1.69375,,7.46998,20653.0,,-1.49739,,,,-2.3496,7.98973,22090.0,,-2.10142,,A,0
2025-12-14 15:17:01.252000+00:00,-2.22551,,,,,,,,,,,,0.0,,,-2.9333,,5.2398,14487.0,,-2.70182,,,,-1.59557,,7.30975,20210.0,,-1.60229,,,,-2.22551,7.76982,21482.0,,-2.19907,,A,0
2025-12-14 15:17:01.352000+00:00,-2.21229,,,,,,,,,,,,,,,-2.81756,,4.95985,13713.0,,-2.79948,,,,-1.59893,,7.15965,19795.0,,-1.50101,,,,-2.21229,7.55968,20901.0,,-2.10142,,A,0
2025-12-14 15:17:01.452000+00:00,-2.15686,,,,,,,,,,,,,,,-2.80852,,4.79999,13271.0,,-1.59867,,,,-1.54997,,7.00991,19381.0,,-1.4974,,,,-2.15686,7.3499,20321.0,,-2.0978,,A,0
2025-12-14 15:17:01.550000+00:00,-2.12733,,,,,,,,,,,,,,,-2.2036,,,,,,,,,-1.52368,,6.81966,18855.0,,,,,,-2.12733,7.08984,19602.0,,,,A,0
2025-12-14 15:17:01.653000+00:00,,,,,,,,,,,,,,,,,,,,,0.0,,,,,,6.69994,18524.0,,-1.90249,,,,,6.91985,19132.0,,-2.60055,,A,0
2025-12-14 15:17:01.753000+00:00,-2.36394,,,,,,,,,,,,,,1.0,-1.1018,,,,,,,,,-1.71309,,6.54984,18109.0,,-1.19719,,,,-2.36394,6.70971,18551.0,,-1.69994,,A,0
2025-12-14 15:17:01.852000+00:00,-2.03194,,,,,,,,,,,,,,,-0.5509,,,,,,,,,-1.45514,,6.35995,17584.0,,-3.39989,,,,-2.03194,6.44965,17832.0,,-4.70197,,A,0
2025-12-14 15:17:01.950000+00:00,-3.36695,,,,,,,,,,,,,,,-0.27545,,,,,,,,,-2.42751,,6.20985,17169.0,,-1.50101,,,,-3.36695,6.23987,17252.0,,-2.0978,,A,0
2025-12-14 15:17:02.052000+00:00,-2.73238,,,,,,,,,,,,,,,-0.13772,,,,,,,,,-1.96426,,6.05975,16754.0,,,,,,-2.73238,6.02973,16671.0,,-2.10142,,A,0
2025-12-14 15:17:02.151000+00:00,-2.4169,,,,,,,,,,,,,,,-0.06886,,,,,,,,,-1.73264,,5.89988,16312.0,,-1.59867,,,,-2.4169,5.80982,16063.0,,-2.19907,,A,0
2025-12-14 15:17:02.253000+00:00,-2.30799,,,,,,,,,,,,,,,-0.03443,,,,,,,,,-1.66565,,5.74978,15897.0,,-1.50101,,,,-2.30799,5.59968,15482.0,,-2.10142,,A,0
2025-12-14 15:17:02.350000+00:00,-2.2047,,,,,,,,,,,,,,,-0.01722,,,,,,,,,-1.58333,,5.59968,15482.0,,-1.50102,,,,-2.2047,5.3899,14902.0,,-2.0978,,A,0
2025-12-14 15:17:02.450000+00:00,-2.15125,,,,,,,,,,,,,,,-0.00861,,,,,,,,,-1.54217,,5.43981,15040.0,,,,,0.0,-2.15125,5.16999,14294.0,,,,A,0
2025-12-14 15:17:02.551000+00:00,,,,,,,,,,,,,,,,,,,,,,0.0,,,,,5.25969,14542.0,,-1.59867,,,,,4.9197,13602.0,,-2.19907,,A,0
2025-12-14 15:17:02.652000+00:00,-2.17516,,,,,,,,,,,,,,,-0.0043,,,,,,,,,-1.57042,,5.09983,14100.0,,-1.80121,,,,-2.17516,4.78986,13243.0,,-2.50289,,A,0
2025-12-14 15:17:02.750000+00:00,-2.33903,,,,,,,,,,,,,,,-0.00215,,,,,,,,,-1.68582,,5.00977,13851.0,,-1.59867,,,,-2.33903,,,,-1.29847,,A,0
2025-12-14 15:17:02.850000+00:00,-1.81875,,,,,,,,,,,,,,,-0.00108,,,,,,,,,-1.64224,,,,,-0.90061,,,,-1.81875,,,,0.0,,A,0
2025-12-14 15:17:02.951000+00:00,-0.90937,,,,,,,,,,,,,,,-0.00054,,,,,,,,,-1.27143,,,,,0.0,,1.0,,-0.90937,,,,,,A,0
2025-12-14 15:17:03.050000+00:00,-0.45469,,,,,,,,,,,,1.0,,0.0,-0.00027,,,,0.0,,1.0,,,-0.63571,,,,0.0,,,0.0,1.0,-0.45469,,,0.0,,,A,0
2025-12-14 15:17:03.151000+00:00,-0.22734,,,,,,,,,,,,,,,-0.00013,,,,,,,,,-0.31786,,,,,,,,,-0.22734,,,,,,A,0
2025-12-14 15:17:03.250000+00:00,-0.11367,,,,,,,,,,,,,,,-7e-05,,4.68967,12966.0,,-1.10315,,,,-0.15893,,4.94973,13685.0,,-0.6004,,,,-0.11367,4.75984,13160.0,,-0.3002,,A,0
2025-12-14 15:17:03.351000+00:00,-0.20694,,,,,,,,,,,,,,,-0.55161,,4.40972,12192.0,,,,,,-0.37967,,4.79999,13271.0,,,,,,-0.20694,4.5497,12579.0,,,,A,0
2025-12-14 15:17:03.450000+00:00,,,,,,,,,,,,,,,,,,4.12977,11418.0,,-2.79948,,,,,,4.63976,12828.0,,-1.4974,,,,,4.32979,11971.0,,-2.10142,,A,0
2025-12-14 15:17:03.550000+00:00,-1.15418,,,,,,,,,,,,,,,-1.67554,,3.79991,10506.0,,-2.79948,,,,-0.93853,,4.46,12331.0,,-1.60229,,,,-1.15418,4.07986,11280.0,,-2.19907,,A,0
2025-12-14 15:17:03.650000+00:00,-1.67663,,,,,,,,,,,,,,,-2.23751,,3.52973,9759.0,,-3.29861,,,,-1.27041,,4.3099,11916.0,,-1.7976,,,,-1.67663,3.85995,10672.0,,-2.49928,,A,0
2025-12-14 15:17:03.750000+00:00,-2.08795,,,,,,,,,,,,,,,-2.76806,,3.24978,8985.0,,-2.70182,,,,-1.534,,4.14967,11473.0,,-1.50101,,,,-2.08795,3.64981,10091.0,,-2.19908,,A,0
2025-12-14 15:17:03.850000+00:00,-2.14351,,,,,,,,,,,,,,,-2.73494,,2.97996,8239.0,,-2.79948,,,,-1.51751,,3.99993,11059.0,,-1.60229,,,,-2.14351,3.43967,9510.0,,-2.10142,,A,0
2025-12-14 15:17:03.952000+00:00,-2.12247,,,,,,,,,,,,,,,-2.76721,,2.69965,7464.0,,-2.69821,,,,-1.5599,,3.84983,10644.0,,-1.4974,,,,-2.12247,3.21976,8902.0,,-2.10142,,A,0
2025-12-14 15:17:04.050000+00:00,-2.11194,,,,,,,,,,,,,,,-2.73271,,2.4197,6690.0,,-5.60257,,,,-1.52865,,3.68996,10202.0,,-3.09968,,,,-2.11194,3.00998,8322.0,,-4.29688,,A,0
2025-12-14 15:17:04.151000+00:00,-3.20441,,,,,,,,,,,,,,,-4.16764,,2.14988,5944.0,,,,,,-2.31416,,3.53986,9787.0,,,,,,-3.20441,2.79984,7741.0,,,,A,0
2025-12-14 15:17:04.251000+00:00,,,,,,,,,,,,,,,,,,1.81966,5031.0,,-2.69821,,,,,,3.35974,9289.0,,-1.50101,,,,,2.53979,7022.0,,-2.10142,,A,0
2025-12-14 15:17:04.351000+00:00,-2.65291,,,,,,,,,,,,,,,-3.43292,,,,,-3.30223,,,,-1.90759,,,,,-1.80121,,,,-2.65291,,,,-2.60055,,A,0
2025-12-14 15:17:04.451000+00:00,-2.62673,,,,,,,,,,,,,,,-3.36758,,1.53971,4257.0,,-2.79948,,,,-1.8544,,3.19987,8847.0,,-1.59867,,,,-2.62673,2.32964,6441.0,,-2.10142,,A,0
2025-12-14 15:17:04.550000+00:00,-2.36407,,,,,,,,,,,,,,,-3.08353,,1.25977,3483.0,,,,,,-1.72654,,3.04977,8432.0,,-1.50101,,,,-2.36407,2.11986,5861.0,,-2.0978,,A,0
2025-12-14 15:17:04.650000+00:00,-2.23094,,,,,,,,,,,,,,,-2.9415,,0.9299,2571.0,,-3.29861,,,,-1.61377,,2.86965,7934.0,,-1.80121,,,,-2.23094,1.85981,5142.0,,-2.60055,,A,0
2025-12-14 15:17:04.752000+00:00,-2.41574,,,,,,,,,,,,,,,-3.12006,,0.71,1963.0,,-2.19907,,,,-1.70749,,2.7398,7575.0,,-1.29847,,,,-2.41574,1.68981,4672.0,,-1.69994,,A,0
2025-12-14 15:17:04.851000+00:00,-2.05784,,,,,,,,,,,,,,,-2.65957,,0.37977,1050.0,,-3.30223,,,,-1.50298,,2.55968,7077.0,,-1.80121,,,,-2.05784,1.42976,3953.0,,-2.60055,,A,0
2025-12-14 15:17:04.949000+00:00,-2.3292,,,,,,,,,,,,0.0,,,-2.9809,,0.10995,304.0,,-2.69821,,,,-1.6521,,2.40994,6663.0,,-1.4974,,,,-2.3292,1.21998,3373.0,,-2.0978,,A,0
2025-12-14 15:17:05.050000+00:00,,,,,,,,,,,,,,,,,,0.0,0.0,,,,,,,,2.24971,6220.0,,,,,,,1.00984,2792.0,,,,A,0
2025-12-14 15:17:05.152000+00:00,-2.2135,,,,,,,,,,,,,,,-2.83955,,,,,-1.09954,,,,-1.57475,,2.09997,5806.0,,-1.60229,,,,-2.2135,0.78993,2184.0,,-2.10142,,A,0
2025-12-14 15:17:05.250000+00:00,-2.15746,,,,,,,,,,,,,,,-1.96954,,,,,0.0,,,,-1.58852,,1.94987,5391.0,,-2.99841,,,,-2.15746,0.57979,1603.0,,-4.30049,,A,0
2025-12-14 15:17:05.350000+00:00,-3.22898,,,,,,,,,,,,,,,-0.98477,,,,,,,,,-2.29346,,1.78964,4948.0,,-1.60229,,,,-3.22898,0.36965,1022.0,,-2.10142,,A,0
2025-12-14 15:17:05.451000+00:00,-2.6652,,,,,,,,,,,,,,1.0,-0.49239,,,,,,,,,-1.94787,,1.6399,4534.0,,-1.4974,,,0.0,-2.6652,0.14974,414.0,,-2.19907,,A,0
2025-12-14 15:17:05.551000+00:00,-2.43214,,,,,,,,,,,,,,,-0.24619,,,,,,,,,-1.72263,,1.44965,4008.0,,-1.90249,,,,-2.43214,0.0,0.0,,-1.4974,,A,0
2025-12-14 15:17:05.650000+00:00,-1.96477,,,,,,,,,,,,,,,-0.1231,,,,,,,,,-1.81256,,1.29991,3594.0,,-1.4974,,,,-1.96477,,,,0.0,,A,0
2025-12-14 15:17:05.752000+00:00,-0.98238,,,,,,,,,,,,,,,-0.06155,,,,,,,,,-1.65498,,1.14981,3179.0,,-1.50101,,,,-0.98238,,,,,,A,0
2025-12-14 15:17:05.851000+00:00,-0.49119,,,,,,,,,,,,,,,-0.03077,,,,,,,,,-1.578,,0.98994,2737.0,,,,,,-0.49119,,,,,,A,0
2025-12-14 15:17:05.952000+00:00,,,,,,,,,,,,,,,,,,,,,,,,,,,0.83984,2322.0,,-1.59867,,1.0,,,,,,,,A,0
2025-12-14 15:17:06.051000+00:00,-0.2456,,,,,,,,,,,,,,,-0.01539,,,,,,,,,-1.58833,,0.65972,1824.0,,-1.50101,,,,-0.2456,,,,,,A,0
2025-12-14 15:17:06.152000+00:00,-0.1228,,,,,,,,,,,,,,,-0.00769,,,,,,,,,-1.54467,,0.49986,1382.0,,-1.80122,,,,-0.1228,,,,,,A,0
2025-12-14 15:17:06.250000+00:00,-0.0614,,,,,,,,,,,,,,,-0.00385,,,,,,,,,-1.67294,,0.34975,967.0,,-1.59867,,,,-0.0614,,,,,,A,0
2025-12-14 15:17:06.351000+00:00,-0.0307,,,,,,,,,,,,,,,-0.00192,,,,,,0.0,,,-1.63581,,0.19965,552.0,,-3.00203,,,,-0.0307,,,,,,A,0
2025-12-14 15:17:06.450000+00:00,-0.01535,,,,,,,,,,,,,,,-0.00096,,,,,,,,,-2.31892,,0.03979,110.0,,-1.59867,,,,-0.01535,,,,,,A,0
2025-12-14 15:17:06.550000+00:00,-0.00767,,,,,,,,,,,,,,,-0.00048,,,,,,,,,-1.95879,,0.0,0.0,,-0.39786,,,,-0.00767,,,,,,A,0
2025-12-14 15:17:06.650000+00:00,-0.00384,,,,,,,,,,,,,,,-0.00024,,,,,,,,,-1.17833,,,,,,,,,-0.00384,,,,,,A,0
2025-12-14 15:17:06.750000+00:00,,,,,,,,,,,,,,,,,,,,,,,,,,,,,,0.0,,,,,,,,,,A,0
2025-12-14 15:17:06.850000+00:00,-0.00192,,,,,,,,,,,,,,0.0,-0.00012,1.0,,,8.0,,,,,-0.58916,1.0,,,9.0,,,0.0,,-0.00192,,,10.0,,1.0,A,0
2025-12-14 15:17:06.950000+00:00,-0.00096,,,,,,,,,,,,,,,-6e-05,,,,,,,,,-0.29458,,,,,,,,,-0.00096,,,,,,A,0
2025-12-14 15:17:07.050000+00:00,-0.00048,,,,,,,,,,,,,,,-3e-05,,0.10995,304.0,,,,,,-0.14729,,0.04991,138.0,,,,,,-0.00048,0.01989,55.0,,,,A,0
2025-12-14 15:17:07.150000+00:00,-0.00024,,,,,,,,,,,,,,,-2e-05,,0.43982,1216.0,,1.09954,,,,-0.07365,,0.22967,635.0,,0.49913,,,,-0.00024,0.26982,746.0,,0.19893,,A,0
2025-12-14 15:17:07.250000+00:00,0.09934,,,,,,,,,,,,,,,0.54976,,0.71,1963.0,,3.29861,,,,0.21274,,0.3899,1078.0,,1.7976,,,,0.09934,0.47996,1327.0,,2.49928,,A,0
2025-12-14 15:17:07.352000+00:00,1.29931,,,,,,,,,,,,,,,1.92419,,0.98994,2737.0,,2.70182,,,,1.00517,,0.53964,1492.0,,1.60229,,,,1.29931,0.69987,1935.0,,2.10142,,A,0
2025-12-14 15:17:07.450000+00:00,1.70036,,,,,,,,,,,,,,,2.313,,1.26989,3511.0,,5.59896,,,,1.30373,,0.68974,1907.0,,2.99841,,,,1.70036,0.90965,2515.0,,4.29687,,A,0
2025-12-14 15:17:07.651000+00:00,2.99862,,,,,,,,,,,,,,,3.95598,,1.53971,4257.0,,2.69821,,,,2.15107,,0.84997,2350.0,,1.60229,,,,2.99862,1.11979,3096.0,,2.10142,,A,0
2025-12-14 15:17:07.751000+00:00,2.55002,,,,,,,,,,,,,,,3.32709,,1.81966,5031.0,,2.79948,,,,1.87668,,0.99971,2764.0,,1.4974,,,,2.55002,1.3397,3704.0,,2.19907,,A,0
2025-12-14 15:17:07.851000+00:00,2.37455,,,,,,,,,,,,,,,3.06329,,2.14988,5944.0,,3.30223,,,,1.68704,,1.17983,3262.0,,1.80121,,,,2.37455,1.58999,4396.0,,2.50289,,A,0
2025-12-14 15:17:07.950000+00:00,2.43872,,,,,,,,,,,,,,,3.18276,,2.4197,6690.0,,2.69821,,,,1.74413,,1.3397,3704.0,,1.59867,,,,2.43872,1.8099,5004.0,,2.19907,,A,0
2025-12-14 15:17:08.050000+00:00,2.3189,,,,,,,,,,,,,,,2.94048,,2.69965,7464.0,,2.79948,,,,1.6714,,1.4898,4119.0,,1.50101,,,,2.3189,2.01968,5584.0,,2.0978,,A,0
2025-12-14 15:17:08.151000+00:00,2.20835,,,,,,,,,,,,,,,2.86998,,2.97996,8239.0,,2.8031,,,,1.58621,,1.6399,4534.0,,,,,,2.20835,2.22982,6165.0,,2.10142,,A,0
2025-12-14 15:17:08.251000+00:00,2.15488,,,,,,,,,,,,,,,2.83654,,3.24978,8985.0,,2.69821,,,,1.54361,,1.79977,4976.0,,1.59867,,,,2.15488,2.43996,6746.0,,2.10142,,A,0
2025-12-14 15:17:08.351000+00:00,2.12815,,,,,,,,,,,,,,,2.76737,,3.52973,9759.0,,,,,,1.57114,,1.94987,5391.0,,,,,,2.12815,2.65987,7354.0,,,,A,0
2025-12-14 15:17:08.450000+00:00,,,,,,,,,,,,,,,,,,3.79991,10506.0,,2.79948,,,,,,2.09997,5806.0,,1.50101,,,,,2.86965,7934.0,,2.19907,,A,0
2025-12-14 15:17:08.550000+00:00,2.16361,,,,,,,,,,,,,,,2.78343,,4.12977,11418.0,,2.70182,,,,1.53608,,2.28986,6331.0,,,,,,2.16361,3.1297,8653.0,,2.0978,,A,0
2025-12-14 15:17:08.649000+00:00,2.13071,,,,,,,,,,,,,,,2.74262,,4.40972,12192.0,,6.09809,,,,1.51854,,2.43996,6746.0,,3.39988,,,,2.13071,3.33984,9234.0,,4.70197,,A,0
2025-12-14 15:17:08.750000+00:00,3.41634,,,,,,,,,,,,,,,4.42036,,4.68967,12966.0,,2.79948,,,,2.45921,,2.5897,7160.0,,1.4974,,,,3.41634,3.54999,9815.0,,2.10142,,A,0
2025-12-14 15:17:08.851000+00:00,2.75888,,,,,,,,,,,,,,,3.60992,,4.95985,13713.0,,2.70182,,,,1.9783,,2.74993,7603.0,,1.60228,,,,2.75888,3.76989,10423.0,,2.19908,,A,0
2025-12-14 15:17:08.951000+00:00,2.47898,,,,,,,,,,,,,,,3.15587,,5.2398,14487.0,,2.79948,,,,1.79029,,2.89967,8017.0,,1.4974,,,,2.47898,3.97967,11003.0,,2.0978,,A,0
2025-12-14 15:17:09.050000+00:00,2.28839,,,,,,,,,,,,,,,2.97768,,5.50998,15234.0,,2.70182,,,,1.64385,,3.04977,8432.0,,1.50101,,,,2.28839,4.18981,11584.0,,2.10142,,A,0
2025-12-14 15:17:09.150000+00:00,2.1949,,,,,,,,,,,,,,,2.83975,,5.83984,16146.0,,,,,,1.57243,,3.23966,8957.0,,,,,,2.1949,4.44987,12303.0,,,,A,0
2025-12-14 15:17:09.252000+00:00,,,,,,,,,,,,,,,,,,6.11979,16920.0,,3.29861,,,,,,3.38976,9372.0,,1.89887,,,,,4.65965,12883.0,,2.60055,,A,0
2025-12-14 15:17:09.350000+00:00,2.39773,,,,,,,,,,,,,,,3.06918,,6.39974,17694.0,,2.79948,,,,1.73565,,3.53986,9787.0,,1.50101,,,,2.39773,4.86979,13464.0,,2.0978,,A,0
2025-12-14 15:17:09.451000+00:00,2.24776,,,,,,,,,,,,,,,2.93433,,6.66992,18441.0,,,,,,1.61833,,3.69973,10229.0,,,,,,2.24776,5.0897,14072.0,,2.10142,,A,0
2025-12-14 15:17:09.551000+00:00,2.17459,,,,,,,,,,,,,,,2.8669,,6.94987,19215.0,,2.70183,,,,1.55967,,3.84983,10644.0,,1.59867,,,,2.17459,5.29984,14653.0,,2.19907,,A,0
2025-12-14 15:17:09.651000+00:00,2.18683,,,,,,,,,,,,,,,2.78436,,7.21969,19961.0,,2.79948,,,,1.57917,,3.99993,11059.0,,1.50101,,,,2.18683,5.50998,15234.0,,2.10142,,A,0
2025-12-14 15:17:09.751000+00:00,2.14413,,,,,,,,,,,,,,,2.79192,,7.5,20736.0,,5.5013,,,,1.54009,,4.15979,11501.0,,3.09968,,,,2.14413,5.72989,15842.0,,4.30049,,A,0
2025-12-14 15:17:09.852000+00:00,3.22231,,,,,,,,,,,,,,,4.14661,0.0,7.82986,21648.0,,3.29861,,,,2.31989,,4.33992,11999.0,,1.80122,,,,3.22231,5.97982,16533.0,,2.49928,,A,0
2025-12-14 15:17:09.951000+00:00,2.86079,,,,,,,,,,,,,,,3.72261,,8.10981,22422.0,,2.79948,,,,2.06055,,4.49978,12441.0,,1.59867,,,,2.86079,6.19973,17141.0,,2.19908,,A,0
2025-12-14 15:17:10.050000+00:00,2.52993,,,,,,,,,,,,,,,3.26104,,8.21976,22726.0,,,,,,1.82961,,4.64988,12856.0,,,,,,2.52993,6.40987,17722.0,,,,A,0
2025-12-14 15:17:10.151000+00:00,,,,,,,,,,,,,,,,,,,,,1.09954,,,,,,4.79999,13271.0,,1.50101,,,,,6.61965,18302.0,,2.10142,,A,0
2025-12-14 15:17:10.252000+00:00,2.31568,,,,,,,,,,,,,,,2.18029,,,,,0.0,,,,1.66531,,4.95985,13713.0,,,,,,2.31568,6.83992,18911.0,,2.0978,,A,0
2025-12-14 15:17:10.351000+00:00,2.20674,,,,,,,,,,,,,,1.0,1.09015,,,,,,,,,1.58316,,5.10995,14128.0,,1.59867,,,,2.20674,7.0497,19491.0,,2.20269,,A,0
2025-12-14 15:17:10.452000+00:00,2.20471,,,,,,,,,,,,,,,0.54507,,,,,,,,,1.59091,,5.25969,14542.0,,1.50101,,,,2.20471,7.25984,20072.0,,2.0978,,A,0
2025-12-14 15:17:10.552000+00:00,2.15126,,,,,,,,,,,,,,,0.27254,,,,,,,,,1.54596,,5.44994,15068.0,,1.4974,,,,2.15126,7.51989,20791.0,,2.10142,,A,0
2025-12-14 15:17:10.650000+00:00,2.12634,,,,,,,,,,,,,,,0.13627,,,,,,,,,1.52168,,5.59968,15482.0,,1.90249,,,,2.12634,7.72967,21371.0,,2.60055,,A,0
2025-12-14 15:17:10.751000+00:00,2.36344,,,,,,,,,,,,,,,0.06813,,,,,,,,,1.71209,,5.74978,15897.0,,1.49739,,,,2.36344,7.93981,21952.0,,2.0978,,A,0
2025-12-14 15:17:10.850000+00:00,2.23062,,,,,,,,,,,,,,,0.03407,,,,,,,,,1.60474,,5.90965,16339.0,,3.09968,,,,2.23062,8.15972,22560.0,,4.30049,,A,0
2025-12-14 15:17:11.049000+00:00,3.26556,,,,,,,,,,,,,,,0.01703,,,,,,,,,2.35221,,6.05975,16754.0,,1.50101,,,,3.26556,8.36986,23141.0,,2.10141,,A,0
2025-12-14 15:17:11.150000+00:00,2.68349,,,,,,,,,,,,,,,0.00852,,,,,,,,,1.92661,,6.20985,17169.0,,,,,,2.68349,8.57964,23721.0,,2.09781,,A,0
2025-12-14 15:17:11.253000+00:00,2.39065,,,,,,,,,,,,,,,0.00426,,,,,,,,,1.71381,,6.36972,17611.0,,1.59867,,,,2.39065,8.79991,24330.0,,2.20269,,A,0
2025-12-14 15:17:11.350000+00:00,2.29667,,,,,,,,,,,,,,,0.00213,,,,,,,,,1.65624,,6.51982,18026.0,,1.50102,,,,2.29667,9.00969,24910.0,,2.0978,,A,0
2025-12-14 15:17:11.452000+00:00,2.19723,,,,,,,,,,,,,,,0.00106,,,,,,,,,1.57863,,6.66992,18441.0,,1.50101,,,,2.19723,9.21984,25491.0,,2.10142,,A,0
2025-12-14 15:17:11.550000+00:00,2.14933,,,,,,,,,,,,,,,0.00053,,,,,,,,,1.53982,,6.82979,18883.0,,1.59867,,,,2.14933,9.43974,26099.0,,2.19907,,A,0
2025-12-14 15:17:11.653000+00:00,2.1742,,,,,,,,,,,,,,,0.00027,,,,,,,,,1.56924,,7.00991,19381.0,,1.80121,,,,2.1742,9.68967,26790.0,,2.49928,,A,0
2025-12-14 15:17:11.751000+00:00,2.33674,,,,,,,,,,,,,,,0.00013,,,,,,,,,1.68523,,7.15965,19795.0,,,,,,2.33674,9.90994,27399.0,,,0.0,A,0
2025-12-14 15:17:11.851000+00:00,,,,,,,,,,,,,,,,,,,,,,,,,,,7.31988,20238.0,,1.4974,,,,,10.0,27648.0,,2.20269,,A,0
2025-12-14 15:17:11.952000+00:00,2.26971,,,,,,,,,,,,,,,7e-05,,,,,,,,,1.59131,,7.46998,20653.0,,1.60229,,,,2.26971,,,,0.90061,,A,0
2025-12-14 15:17:12.050000+00:00,1.58516,,,,,,,,,,,,,,,3e-05,,,,,,,,,1.5968,,7.61972,21067.0,,2.9984,,,,1.58516,,,,0.0,,A,0
2025-12-14 15:17:12.150000+00:00,0.79258,,,,,,,,,,,,,,,2e-05,,,,,,,,,2.2976,,7.77995,21510.0,,1.60229,,,,0.79258,,,,,,A,0
2025-12-14 15:17:12.250000+00:00,0.39629,,,,,,,,,,,,,,,1e-05,,,,,,,,,1.94994,,7.95971,22007.0,,1.7976,,1.0,,0.39629,,,,,,A,0
2025-12-14 15:17:12.350000+00:00,0.19814,,,,,,,,,,,,,,,0.0,,,,,,,,,1.87377,,8.11994,22450.0,,1.60228,,,,0.19814,,,,,,A,0
2025-12-14 15:17:12.451000+00:00,0.09907,,,,,,,,,,,,,,,0.0,,,,,,,,,1.73803,,8.26968,22864.0,,1.4974,,,,0.09907,,,,,,A,0
2025-12-14 15:17:12.552000+00:00,0.04954,,,,,,,,,,,,,,,0.0,,,,,,,,,1.61771,,8.41978,23279.0,,1.50101,,,,0.04954,,,,,,A,0
2025-12-14 15:17:12.650000+00:00,0.02477,,,,,,,,,,,,,,,0.0,,,,,,,,,1.55936,,8.57964,23721.0,,,,,,0.02477,,,,,,A,0
2025-12-14 15:17:12.751000+00:00,,,,,,,,,,,,,,,,,,,,,,,,,,0.0,8.72974,24136.0,,1.59867,,,,,,,,,,A,0
2025-12-14 15:17:12.852000+00:00,0.01238,,,,,,,,,,,,,,,0.0,,,,,,,,,1.57902,,8.87985,24551.0,,1.50101,,,,0.01238,,,,,,A,0
2025-12-14 15:17:12.952000+00:00,0.00619,,,,,,,,,,,,,,,0.0,,,,,,,,,1.54001,,8.93989,24717.0,,1.50102,,,,0.00619,,,,,,A,0
2025-12-14 15:17:13.051000+00:00,0.0031,,,,,,,,,,,,,,,0.0,,,,,,,,,1.52051,,,,,0.6004,,,,0.0031,,,,,,A,0
2025-12-14 15:17:13.150000+00:00,0.00155,,,,,,,,,,,,,,,0.0,,,,,,,,,1.06046,,,,,0.0,,,,0.00155,,,,,,A,0
2025-12-14 15:17:13.251000+00:00,0.00077,,,,,,,,,,,,1.0,,0.0,0.0,,,,5.0,,1.0,,,0.53023,,,,5.0,,,0.0,1.0,0.00077,,,5.0,,,A,0
2025-12-14 15:17:13.349000+00:00,0.00039,,,,,,,,,,,,,,,0.0,,,,,,,,,0.26512,,,,,,,,,0.00039,,,,,,A,0
2025-12-14 15:17:13.452000+00:00,0.00019,,,,,,,,,,,,,,,0.0,,8.10981,22422.0,,-1.09954,,,,0.13256,,8.87985,24551.0,,-0.6004,,,,0.00019,,,,,,A,0
2025-12-14 15:17:13.550000+00:00,,,,,,,,,,,,,,,,,,7.82986,21648.0,,,,,,,,8.72974,24136.0,,,,,,,9.78986,27067.0,,,,A,0
2025-12-14 15:17:13.650000+00:00,0.0001,,,,,,,,,,,,,,,-0.54977,,7.54991,20874.0,,-2.79948,,,,-0.23392,,8.57964,23721.0,,-1.50102,,,,0.0001,9.57972,26486.0,,-2.10142,,A,0
2025-12-14 15:17:13.750000+00:00,-1.05066,,,,,,,,,,,,,,,-1.67462,,7.21969,19961.0,,-2.79948,,,,-0.86747,,8.38976,23196.0,,-1.50101,,,,-1.05066,9.31966,25767.0,,-2.10141,,A,0
2025-12-14 15:17:13.853000+00:00,-1.57604,,,,,,,,,,,,,,,-2.23705,,6.94987,19215.0,,-3.30223,,,,-1.18424,,8.23966,22781.0,,-1.89887,,,,-1.57604,9.10988,25187.0,,-2.60056,,A,0
2025-12-14 15:17:13.949000+00:00,-2.0883,,,,,,,,,,,,,,,-2.76964,,6.66992,18441.0,,-2.69821,,,,-1.54155,,8.07979,22339.0,,-1.50102,,,,-2.0883,8.88997,24579.0,,-2.0978,,A,0
2025-12-14 15:17:14.051000+00:00,-2.09305,,,,,,,,,,,,,,,-2.73392,,6.39974,17694.0,,-2.79948,,,,-1.52129,,7.92969,21924.0,,-1.59867,,,,-2.09305,8.67983,23998.0,,-2.19908,,A,0
2025-12-14 15:17:14.152000+00:00,-2.14606,,,,,,,,,,,,,,,-2.7667,,6.11979,16920.0,,-2.70183,,,,-1.55998,,7.77995,21510.0,,-1.50101,,,,-2.14606,8.46969,23417.0,,-2.10141,,A,0
2025-12-14 15:17:14.251000+00:00,-2.12374,,,,,,,,,,,,,,,-2.73426,,5.78993,16008.0,,-6.09809,,,,-1.53049,,7.5897,20984.0,,-3.39989,,,,-2.12374,8.21,22699.0,,-4.69835,,A,0
2025-12-14 15:17:14.351000+00:00,-3.41104,,,,,,,,,,,,,,,-4.41618,,5.50998,15234.0,,,,,,-2.46519,,7.43996,20570.0,,,,,,-3.41104,7.99986,22118.0,,,,A,0
2025-12-14 15:17:14.452000+00:00,,,,,,,,,,,,,0.0,,,,,5.2398,14487.0,,-2.79948,,,,,,7.28986,20155.0,,-1.49739,,,,,7.78971,21537.0,,-2.10142,,A,0
2025-12-14 15:17:14.550000+00:00,-2.75623,,,,,,,,,,,,,,,-3.60783,,,,,-2.70182,,,,-1.98129,,,,,-1.50102,,,,-2.75623,,,,-2.10142,,A,0
2025-12-14 15:17:14.650000+00:00,-2.42882,,,,,,,,,,,,,,,-3.15482,,4.95985,13713.0,,-2.79948,,,,-1.74115,,7.12999,19713.0,,-1.59867,,,,-2.42882,7.56981,20929.0,,-2.19907,,A,0
2025-12-14 15:17:14.750000+00:00,-2.31395,,,,,,,,,,,,,,,-2.97715,,4.8499,13409.0,,-1.09953,,,,-1.66991,,6.97989,19298.0,,-1.50101,,,,-2.31395,7.35966,20348.0,,-2.10142,,A,0
2025-12-14 15:17:14.850000+00:00,-2.20768,,,,,,,,,,,,,,,-2.03834,,,,,0.0,,,,-1.58546,,6.82979,18883.0,,,,,,-2.20768,7.14988,19768.0,,-2.0978,,A,0
2025-12-14 15:17:14.950000+00:00,-2.15274,,,,,,,,,,,,,,,-1.01917,,,,,,,,,-1.54324,,6.66992,18441.0,,-1.59867,,,,-2.15274,6.92998,19160.0,,-2.19907,,A,0
2025-12-14 15:17:15.050000+00:00,-2.17591,,,,,,,,,,,,,,1.0,-0.50959,,,,,,,,,-1.57095,,6.51982,18026.0,,-1.50101,,,,-2.17591,6.71983,18579.0,,-2.10142,,A,0
2025-12-14 15:17:15.150000+00:00,-2.13866,,,,,,,,,,,,,,,-0.25479,,,,,,,,,-1.53598,,6.3397,17528.0,,-1.80122,,,,-2.13866,6.45978,17860.0,,-2.60055,,A,0
2025-12-14 15:17:15.250000+00:00,,,,,,,,,,,,,,,,,,,,,,,,,,,6.17983,17086.0,,,,,,,6.25,17280.0,,,,A,0
2025-12-14 15:17:15.350000+00:00,-2.36961,,,,,,,,,,,,,,,-0.1274,,,,,,,,,-1.6686,,6.02973,16671.0,,-1.59867,,,,-2.36961,6.03986,16699.0,,-2.0978,,A,0
2025-12-14 15:17:15.449000+00:00,-2.2337,,,,,,,,,,,,,,,-0.0637,,,,,,,,,-1.63363,,5.87999,16257.0,,-2.99841,,,,-2.2337,5.82972,16118.0,,-4.20284,,A,0
2025-12-14 15:17:15.550000+00:00,-3.21827,,,,,,,,,,,,,,,-0.03185,,,,,,,,,-2.31602,,5.71976,15814.0,,-1.60228,,,,-3.21827,5.60981,15510.0,,-2.19907,,A,0
2025-12-14 15:17:15.649000+00:00,-2.70867,,,,,,,,,,,,,,,-0.01592,,,,,,,,,-1.95915,,5.56966,15399.0,,-1.50102,,,,-2.70867,5.39967,14929.0,,-2.10142,,A,0
2025-12-14 15:17:15.749000+00:00,-2.40504,,,,,,,,,,,,,,,-0.00796,,,,,,,,,-1.73008,,5.41992,14985.0,,-1.49739,,,0.0,-2.40504,5.18989,14349.0,,-2.0978,,A,0
2025-12-14 15:17:15.849000+00:00,-2.25142,,,,,,,,,,,,,,,-0.00398,,,,,,0.0,,,-1.61374,,5.25969,14542.0,,-1.60229,,,,-2.25142,4.96998,13741.0,,-2.19907,,A,0
2025-12-14 15:17:15.950000+00:00,-2.22525,,,,,,,,,,,,,,,-0.00199,,,,,,,,,-1.60801,,5.07993,14045.0,,-1.7976,,,,-2.22525,4.83977,13381.0,,-1.30208,,A,0
2025-12-14 15:17:16.050000+00:00,-1.76367,,,,,,,,,,,,,,,-0.001,,,,,,,,,-1.70281,,5.01989,13879.0,,,,,,-1.76367,,,,,,A,0
2025-12-14 15:17:16.154000+00:00,,,,,,,,,,,,,,,,,,,,,,,,,,,,,,-0.6004,,,,,,,,0.0,,A,0
2025-12-14 15:17:16.251000+00:00,-0.88183,,,,,,,,,,,,,,,-0.0005,,,,,,,,,-1.15161,,,,,0.0,,1.0,,-0.88183,,,,,,A,0
2025-12-14 15:17:16.350000+00:00,-0.44092,,,,,,,,,,,,1.0,,0.0,-0.00025,,,,0.0,,1.0,,,-0.5758,,,,0.0,,,0.0,1.0,-0.44092,,,0.0,,,A,0
2025-12-14 15:17:16.450000+00:00,-0.22046,,,,,,,,,,,,,,,-0.00012,,,,,,,,,-0.2879,,,,,,,,,-0.22046,,,,,,A,0
2025-12-14 15:17:16.551000+00:00,-0.11023,,,,,,,,,,,,,,,-6e-05,,4.73994,13105.0,,-1.09954,,,,-0.14395,,4.95985,13713.0,,-0.6004,,,,-0.11023,4.80975,13298.0,,-0.3002,,A,0
2025-12-14 15:17:16.650000+00:00,-0.20522,,,,,,,,,,,,,,,-0.5498,,4.46976,12358.0,,-2.70182,,,,-0.37218,,4.79999,13271.0,,-1.59867,,,,-0.20522,4.59997,12718.0,,-2.0978,,A,0
2025-12-14 15:17:16.750000+00:00,-1.15151,,,,,,,,,,,,,,,-1.62581,,4.18981,11584.0,,-2.79948,,,,-0.98542,,4.64988,12856.0,,-1.50101,,,,-1.15151,4.38983,12137.0,,-2.10142,,A,0
2025-12-14 15:17:16.849000+00:00,-1.62646,,,,,,,,,,,,,,,-2.21265,,3.85995,10672.0,,-3.29861,,,,-1.24322,,4.46,12331.0,,-1.89887,,,,-1.62646,4.12977,11418.0,,-2.60055,,A,0
2025-12-14 15:17:16.950000+00:00,-2.11351,,,,,,,,,,,,,,,-2.75563,,3.57964,9897.0,,,,,,-1.57104,,4.3099,11916.0,,,,,,-2.11351,3.91999,10838.0,,,,A,0
2025-12-14 15:17:17.049000+00:00,,,,,,,,,,,,,,,,,,3.30982,9151.0,,-2.8031,,,,,,4.15979,11501.0,,-1.50101,,,,,3.70985,10257.0,,-2.0978,,A,0
2025-12-14 15:17:17.150000+00:00,-2.10565,,,,,,,,,,,,,,,-2.77936,,3.02988,8377.0,,-2.6982,,,,-1.53603,,3.99993,11059.0,,-1.50102,,,,-2.10565,3.48994,9649.0,,-2.10142,,A,0
2025-12-14 15:17:17.251000+00:00,-2.10353,,,,,,,,,,,,,,,-2.73878,,2.74993,7603.0,,-2.79948,,,,-1.51852,,3.84983,10644.0,,-1.59867,,,,-2.10353,3.2798,9068.0,,-2.19908,,A,0
2025-12-14 15:17:17.351000+00:00,-2.15131,,,,,,,,,,,,,,,-2.76913,,2.47975,6856.0,,,,,,-1.5586,,3.69973,10229.0,,-1.50101,,,,-2.15131,3.06966,8487.0,,-2.10142,,A,0
2025-12-14 15:17:17.450000+00:00,-2.12636,,,,,,,,,,,,,,,-2.78431,,2.1998,6082.0,,-2.70182,,,,-1.5298,,3.53986,9787.0,,,,,,-2.12636,2.84975,7879.0,,-2.10142,,A,0
2025-12-14 15:17:17.550000+00:00,-2.11389,,,,,,,,,,,,,,,-2.74306,,1.92998,5336.0,,-2.79948,,,,-1.51541,,3.38976,9372.0,,-1.59867,,,,-2.11389,2.63997,7299.0,,-2.19907,,A,0
2025-12-14 15:17:17.653000+00:00,-2.15648,,,,,,,,,,,,,,,-2.77127,,1.59975,4423.0,,-6.00043,,,,-1.55704,,3.21,8875.0,,-3.29861,,,,-2.15648,2.37992,6580.0,,-4.69835,,A,0
2025-12-14 15:17:17.750000+00:00,-3.42742,,,,,,,,,,,,,,,-4.38585,,1.31981,3649.0,,-2.79948,,,,-2.42783,,3.04977,8432.0,,-1.60228,,,,-3.42742,2.16978,5999.0,,-2.10142,,A,0
2025-12-14 15:17:17.851000+00:00,-2.76442,,,,,,,,,,,,,,,-3.59267,,1.03986,2875.0,,,,,,-2.01506,,2.89967,8017.0,,,,,,-2.76442,1.96,5419.0,,,,A,0
2025-12-14 15:17:17.951000+00:00,,,,,,,,,,,,,,,,,,0.76968,2128.0,,,,,,,,2.74993,7603.0,,-1.50101,,,,,1.74986,4838.0,,-2.0978,,A,0
2025-12-14 15:17:18.050000+00:00,-2.43111,,,,,,,,,,,,,,,-3.19607,,0.48973,1354.0,,-2.70182,,,,-1.75803,,2.5897,7160.0,,-1.4974,,,,-2.43111,1.52995,4230.0,,-2.10142,,A,0
2025-12-14 15:17:18.150000+00:00,-2.26626,,,,,,,,,,,,0.0,,,-2.94895,,0.21991,608.0,,-2.79948,,,,-1.62772,,2.43996,6746.0,,-1.60228,,,,-2.26626,1.31981,3649.0,,-2.19907,,A,0
2025-12-14 15:17:18.250000+00:00,-2.23267,,,,,,,,,,,,,,,-2.87421,,0.0,0.0,,-2.69821,,,,-1.615,,2.28986,6331.0,,-1.4974,,,,-2.23267,1.10966,3068.0,,-2.10142,,A,0
2025-12-14 15:17:18.350000+00:00,-2.16704,,,,,,,,,,,,,,,-2.78621,,,,,-2.19907,,,,-1.5562,,2.12999,5889.0,,-1.50101,,,,-2.16704,0.88976,2460.0,,,,A,0
2025-12-14 15:17:18.450000+00:00,-2.13423,,,,,,,,,,,,,,,-2.49264,,,,,0.0,,,,-1.52861,,,,,-1.59867,,,,-2.13423,,,,-2.19907,,A,0
2025-12-14 15:17:18.550000+00:00,-2.16665,,,,,,,,,,,,,,,-1.24632,,,,,,,,,-1.56364,,1.94987,5391.0,,-1.80122,,,,-2.16665,0.63983,1769.0,,-2.49928,,A,0
2025-12-14 15:17:18.650000+00:00,-2.33296,,,,,,,,,,,,,,,-0.62316,,,,,,,,,-1.68243,,1.79977,4976.0,,,,,,-2.33296,0.41992,1161.0,,,,A,0
2025-12-14 15:17:18.752000+00:00,,,,,,,,,,,,,,,1.0,,,,,,,,,,,,1.6399,4534.0,,-1.50101,,,0.0,,0.20978,580.0,,-2.19907,,A,0
2025-12-14 15:17:18.852000+00:00,-2.26602,,,,,,,,,,,,,,,-0.31158,,,,,,,,,-1.59172,,1.4898,4119.0,,-3.09968,,,,-2.26602,0.0,0.0,,-4.19922,,A,0
2025-12-14 15:17:18.951000+00:00,-3.23262,,,,,,,,,,,,,,,-0.15579,,,,,,,,,-2.3457,,1.3397,3704.0,,-1.50101,,,,-3.23262,,,,0.0,,A,0
2025-12-14 15:17:19.050000+00:00,-1.61631,,,,,,,,,,,,,,,-0.0779,,,,,,,,,-1.92336,,1.17983,3262.0,,-1.59867,,,,-1.61631,,,,,,A,0
2025-12-14 15:17:19.151000+00:00,-0.80816,,,,,,,,,,,,,,,-0.03895,,,,,,,,,-1.76101,,1.02973,2847.0,,-1.50101,,,,-0.80816,,,,,,A,0
2025-12-14 15:17:19.252000+00:00,-0.40408,,,,,,,,,,,,,,,-0.01947,,,,,,,,,-1.63101,,0.84997,2350.0,,-1.7976,,1.0,,-0.40408,,,,,,A,0
2025-12-14 15:17:19.351000+00:00,-0.20204,,,,,,,,,,,,,,,-0.00974,,,,,,,,,-1.71431,,0.68974,1907.0,,-1.60229,,,,-0.20204,,,,,,A,0
2025-12-14 15:17:19.450000+00:00,-0.10102,,,,,,,,,,,,,,,-0.00487,,,,,,,,,-1.6583,,0.53964,1492.0,,-1.50101,,,,-0.10102,,,,,,A,0
2025-12-14 15:17:19.551000+00:00,-0.05051,,,,,,,,,,,,,,,-0.00243,,,,,,,,,-1.57965,,0.3899,1078.0,,,,,,-0.05051,,,,,,A,0
2025-12-14 15:17:19.650000+00:00,,,,,,,,,,,,,,,,,,,,,,0.0,,,,,0.22967,635.0,,-1.4974,,,,,,,,,,A,0
2025-12-14 15:17:19.751000+00:00,-0.02525,,,,,,,,,,,,,,,-0.00122,,,,,,,,,-1.53853,,0.07993,221.0,,-1.60229,,,,-0.02525,,,,,,A,0
2025-12-14 15:17:19.850000+00:00,-0.01263,,,,,,,,,,,,,,,-0.00061,,,,,,,,,-1.57041,,0.0,0.0,,-1.4974,,,,-0.01263,,,,,,A,0
2025-12-14 15:17:19.951000+00:00,-0.00631,,,,,,,,,,,,,,,-0.0003,,,,,,,,,-1.5339,,,,,-0.79934,,,,-0.00631,,,,,,A,0
2025-12-14 15:17:20.051000+00:00,-0.00316,,,,,,,,,,,,,,,-0.00015,,,,,,,,,-1.16662,,,,,0.0,,,,-0.00316,,,,,,A,0
2025-12-14 15:17:20.151000+00:00,-0.00158,,,,,,,,,,,,,,0.0,-8e-05,1.0,,,8.0,,,,,-0.58331,1.0,,,9.0,,,0.0,,-0.00158,,,10.0,,1.0,A,0
2025-12-14 15:17:20.251000+00:00,-0.00079,,,,,,,,,,,,,,,-4e-05,,,,,,,,,-0.29165,,,,,,,,,-0.00079,,,,,,A,0
2025-12-14 15:17:20.350000+00:00,-0.00039,,,,,,,,,,,,,,,-2e-05,,0.15987,442.0,,1.59867,,,,-0.14583,,0.07993,221.0,,0.79934,,,,-0.00039,0.06981,193.0,,0.69806,,A,0
2025-12-14 15:17:20.450000+00:00,0.34883,,,,,,,,,,,,,,,0.79932,,0.43982,1216.0,,,,,,0.32675,,0.22967,635.0,,,,,,0.34883,0.27995,774.0,,,,A,0
2025-12-14 15:17:20.551000+00:00,,,,,,,,,,,,,,,,,,0.76968,2128.0,,2.79948,,,,,,0.41992,1161.0,,1.4974,,,,,0.53964,1492.0,,2.10142,,A,0
2025-12-14 15:17:20.649000+00:00,1.22513,,,,,,,,,,,,,,,1.7994,,1.03986,2875.0,,3.29861,,,,0.91208,,0.56966,1575.0,,1.90249,,,,1.22513,0.74978,2073.0,,2.59693,,A,0
2025-12-14 15:17:20.751000+00:00,1.91103,,,,,,,,,,,,,,,2.54901,,1.31981,3649.0,,2.70182,,,,1.40728,,0.71976,1990.0,,1.4974,,,,1.91103,0.96969,2681.0,,2.10142,,A,0
2025-12-14 15:17:20.850000+00:00,2.00622,,,,,,,,,,,,,,,2.62541,,1.59975,4423.0,,2.79948,,,,1.45234,,0.87999,2433.0,,1.50101,,,,2.00622,1.17983,3262.0,,2.19907,,A,0
2025-12-14 15:17:20.950000+00:00,2.10265,,,,,,,,,,,,,,,2.71245,,1.86994,5170.0,,,,,,1.47668,,1.02973,2847.0,,1.60229,,,,2.10265,1.38997,3843.0,,2.10142,,A,0
2025-12-14 15:17:21.050000+00:00,2.10203,,,,,,,,,,,,,,,2.75596,,2.14988,5944.0,,5.5013,,,,1.53948,,1.17983,3262.0,,2.99841,,,,2.10203,1.60988,4451.0,,4.30049,,A,0
2025-12-14 15:17:21.151000+00:00,3.20126,,,,,,,,,,,,,,,4.12863,,2.4197,6690.0,,2.69821,,,,2.26894,,1.3397,3704.0,,1.59867,,,,3.20126,1.81966,5031.0,,2.0978,,A,0
2025-12-14 15:17:21.251000+00:00,2.64953,,,,,,,,,,,,,,,3.41342,,2.75969,7630.0,,,,,,1.93381,,1.51982,4202.0,,,,,,2.64953,2.06995,5723.0,,,,A,0
2025-12-14 15:17:21.352000+00:00,,,,,,,,,,,,,,,,,,3.02988,8377.0,,3.39988,,,,,,1.67969,4644.0,,1.80122,,,,,2.28986,6331.0,,2.50289,,A,0
2025-12-14 15:17:21.452000+00:00,2.57621,,,,,,,,,,,,,,,3.40665,,3.30982,9151.0,,2.70182,,,,1.86751,,1.82979,5059.0,,1.59867,,,,2.57621,2.5,6912.0,,2.19907,,A,0
2025-12-14 15:17:21.550000+00:00,2.38764,,,,,,,,,,,,,,,3.05424,,3.57964,9897.0,,2.79948,,,,1.73309,,1.97989,5474.0,,1.50101,,,,2.38764,2.70978,7492.0,,2.10142,,A,0
2025-12-14 15:17:21.652000+00:00,2.24453,,,,,,,,,,,,,,,2.92686,,3.85995,10672.0,,2.6982,,,,1.61705,,2.13976,5916.0,,1.50101,,,,2.24453,2.92969,8100.0,,2.0978,,A,0
2025-12-14 15:17:21.750000+00:00,2.17117,,,,,,,,,,,,,,,2.81253,,,11418.0,,2.8031,,,,1.55903,,,6331.0,,1.59867,,,,2.17117,,8681.0,,2.19908,,A,0
2025-12-14 15:17:21.850000+00:00,2.18512,,,,,,,,,,,,,,,2.80781,,4.12977,12192.0,,2.6982,,,,1.57885,,2.28986,6746.0,,1.50101,,,,2.18512,3.13983,9262.0,,2.10142,,A,0
2025-12-14 15:17:21.951000+00:00,2.14327,,,,,,,,,,,,,,,2.75301,,4.40972,12966.0,,2.79948,,,,1.53993,,2.43996,7188.0,,1.50101,,,,2.14327,3.34997,9870.0,,2.10142,,A,0
2025-12-14 15:17:22.051000+00:00,2.12234,,,,,,,,,,,,,,,2.77625,,4.68967,13879.0,,2.79948,,,,1.52047,,2.59983,7686.0,,1.59867,,,,2.12234,3.56988,10561.0,,2.19907,,A,0
2025-12-14 15:17:22.153000+00:00,2.16071,,,,,,,,,,,,,,,2.78786,,5.01989,,,,,,,1.55957,,2.77995,,,,,,,2.16071,3.81981,,,,,A,0
2025-12-14 15:17:22.251000+00:00,,,,,,,,,,,,,,,,,,5.28971,14625.0,,6.00043,,,,,,2.92969,8100.0,,3.29861,,,,,4.03971,11169.0,,4.69835,,A,0
2025-12-14 15:17:22.351000+00:00,3.42953,,,,,,,,,,,,,,,4.39415,,5.56966,15399.0,,2.79948,,,,2.42909,,3.08992,8543.0,,1.60228,,,,3.42953,4.24986,11750.0,,2.10142,,A,0
2025-12-14 15:17:22.452000+00:00,2.76547,,,,,,,,,,,,,,,3.59681,,5.83984,16146.0,,2.70183,,,,2.01569,,3.23966,8957.0,,1.4974,,,,2.76547,4.46,12331.0,,2.10142,,A,0
2025-12-14 15:17:22.550000+00:00,2.43345,,,,,,,,,,,,,,,3.14932,,6.17983,17086.0,,3.39988,,,,1.75654,,3.41978,9455.0,,1.80121,,,,2.43345,4.71969,13049.0,,2.59693,,A,0
2025-12-14 15:17:22.652000+00:00,2.51519,,,,,,,,,,,,,,,3.2746,,6.44965,17832.0,,2.69821,,,,1.77888,,3.57964,9897.0,,1.59867,,,,2.51519,4.92983,13630.0,,2.10142,,A,0
2025-12-14 15:17:22.752000+00:00,2.3083,,,,,,,,,,,,,,,2.9864,,6.72996,18607.0,,2.8031,,,,1.68877,,3.72975,10312.0,,1.50101,,,,2.3083,5.13997,14211.0,,,,A,0
2025-12-14 15:17:22.851000+00:00,2.20486,,,,,,,,,,,,,,,2.89475,,6.99978,19353.0,,2.69821,,,,1.59489,,3.87985,10727.0,,1.50101,,,,2.20486,5.35988,14819.0,,2.19908,,A,0
2025-12-14 15:17:22.952000+00:00,2.20197,,,,,,,,,,,,,,,2.79648,,7.27973,20127.0,,2.79948,,,,1.54795,,4.03971,11169.0,,1.59867,,,,2.20197,5.56966,15399.0,,2.0978,,A,0
2025-12-14 15:17:23.050000+00:00,2.14988,,,,,,,,,,,,,,,2.79798,,7.55968,20901.0,,,,,,1.57331,,4.18981,11584.0,,,,,,2.14988,5.7798,15980.0,,,,A,0
2025-12-14 15:17:23.150000+00:00,,,,,,,,,,,,,,,,,0.0,7.82986,21648.0,,,,,,,,4.33992,11999.0,,1.50101,,,,,5.99971,16588.0,,2.10142,,A,0
2025-12-14 15:17:23.249000+00:00,2.12565,,,,,,,,,,,,,,,2.79873,,8.15972,22560.0,,2.70183,,,,1.53716,,4.5298,12524.0,,1.50102,,,,2.12565,6.25,17280.0,,2.19907,,A,0
2025-12-14 15:17:23.353000+00:00,2.16236,,,,,,,,,,,,,,,2.75028,,8.26968,22864.0,,4.39815,,,,1.51909,,4.6799,12939.0,,3.39988,,,,2.16236,6.46991,17888.0,,4.70197,,A,0
2025-12-14 15:17:23.450000+00:00,3.43216,,,,,,,,,,,,,,,3.57421,,,,,0.0,,,,2.45949,,4.82964,13353.0,,1.4974,,,,3.43216,6.67969,18468.0,,2.0978,,A,0
2025-12-14 15:17:23.551000+00:00,2.76498,,,,,,,,,,,,,,,1.78711,,,,,,,,,1.97844,,4.98987,13796.0,,1.60228,,,,2.76498,6.88983,19049.0,,2.10142,,A,0
2025-12-14 15:17:23.651000+00:00,2.4332,,,,,,,,,,,,,,1.0,0.89355,,,,,,,,,1.79036,,5.13997,14211.0,,1.50101,,,,2.4332,7.09997,19630.0,,,,A,0
2025-12-14 15:17:23.750000+00:00,2.26731,,,,,,,,,,,,,,,0.44678,,,,,,,,,1.64569,,5.28971,14625.0,,1.4974,,,,2.26731,7.31988,20238.0,,2.19908,,A,0
2025-12-14 15:17:23.851000+00:00,2.23319,,,,,,,,,,,,,,,0.22339,,,,,,,,,1.57154,,5.47996,15151.0,,1.90249,,,,2.23319,7.56981,20929.0,,2.49928,,A,0
2025-12-14 15:17:23.952000+00:00,,,,,,,,,,,,,,,,0.11169,,,,,,,,,1.73702,,5.6297,15565.0,,,,,,2.36623,7.78971,21537.0,,,,A,0
2025-12-14 15:17:24.052000+00:00,2.36623,,,,,,,,,,,,,,,,,,,,,,,,,,5.78993,16008.0,,1.4974,,,,,7.99986,22118.0,,2.19907,,A,0
2025-12-14 15:17:24.151000+00:00,2.28265,,,,,,,,,,,,,,,0.05585,,,,,,,,,1.61721,,5.93967,16422.0,,1.60228,,,,2.28265,8.21,22699.0,,2.10142,,A,0
2025-12-14 15:17:24.252000+00:00,2.19203,,,,,,,,,,,,,,,0.02792,,,,,,,,,1.60974,,6.08977,16837.0,,1.4974,,,,2.19203,8.4299,23307.0,,2.10142,,A,0
2025-12-14 15:17:24.351000+00:00,2.14673,,,,,,,,,,,,,,,0.01396,,,,,,,,,1.55357,,6.25,17280.0,,1.50101,,,,2.14673,8.63968,23887.0,,2.19907,,A,0
2025-12-14 15:17:24.449000+00:00,2.1729,,,,,,,,,,,,,,,0.00698,,,,,,,,,1.52729,,6.39974,17694.0,,3.09968,,,,2.1729,8.84983,24468.0,,4.19922,,A,0
2025-12-14 15:17:24.550000+00:00,3.18606,,,,,,,,,,,,,,,0.00349,,,,,,,,,2.31349,,6.54984,18109.0,,1.50102,,,,3.18606,9.05997,25049.0,,2.10142,,A,0
2025-12-14 15:17:24.650000+00:00,2.64374,,,,,,,,,,,,,,,0.00175,,,,,,,,,1.90725,,6.70971,18551.0,,1.59867,,,,2.64374,9.27988,25657.0,,2.19908,,A,0
2025-12-14 15:17:24.751000+00:00,2.42141,,,,,,,,,,,,,,,0.00087,,,,,,,,,1.75296,,6.88983,19049.0,,,,,,2.42141,9.5298,26348.0,,,,A,0
2025-12-14 15:17:24.849000+00:00,,,,,,,,,,,,,,,,,,,,,,,,,,,7.03993,19464.0,,1.80121,,,,,9.74971,26956.0,,2.49928,0.0,A,0
2025-12-14 15:17:24.951000+00:00,2.46034,,,,,,,,,,,,,,,0.00044,,,,,,,,,1.77709,,7.1998,19906.0,,1.50101,,,,2.46034,9.95985,27537.0,,2.19907,,A,0
2025-12-14 15:17:25.050000+00:00,2.3297,,,,,,,,,,,,,,,0.00022,,,,,,,,,1.63905,,7.3499,20321.0,,1.59867,,,,2.3297,10.0,27648.0,,2.10142,,A,0
2025-12-14 15:17:25.153000+00:00,2.21556,,,,,,,,,,,,,,,0.00011,,,,,,,,,1.61886,,7.5,20736.0,,1.50102,,,,2.21556,,,,0.40148,,A,0
2025-12-14 15:17:25.250000+00:00,1.30852,,,,,,,,,,,,,,,5e-05,,,,,,,,,1.55994,,7.68989,21261.0,,1.50101,,,,1.30852,,,,0.0,,A,0
2025-12-14 15:17:25.350000+00:00,0.65426,,,,,,,,,,,,,,,3e-05,,,,,,,,,1.53047,,7.83999,21676.0,,1.89887,,1.0,,0.65426,,,,,,A,0
2025-12-14 15:17:25.450000+00:00,0.32713,,,,,,,,,,,,,,,1e-05,,,,,,,,,1.71467,,7.98973,22090.0,,1.50101,,,,0.32713,,,,,,A,0
2025-12-14 15:17:25.552000+00:00,0.16356,,,,,,,,,,,,,,,1e-05,,,,,,,,,1.60784,,8.14996,22533.0,,3.09968,,,,0.16356,,,,,,A,0
2025-12-14 15:17:25.652000+00:00,0.08178,,,,,,,,,,,,,,,0.0,,,,,,,,,2.35376,,8.2997,22947.0,,,,,,0.08178,,,,,,A,0
2025-12-14 15:17:25.752000+00:00,,,,,,,,,,,,,,,,,,,,,,,,,,,,,,1.49739,,,,,,,,,,A,0
2025-12-14 15:17:25.852000+00:00,0.04089,,,,,,,,,,,,,,,0.0,,,,,,,,,1.92558,,8.4498,23362.0,,1.50102,,,,0.04089,,,,,,A,0
2025-12-14 15:17:25.951000+00:00,0.02045,,,,,,,,,,,,,,,0.0,,,,,,,,,1.7133,,8.60966,23804.0,,1.59866,,,,0.02045,,,,,,A,0
2025-12-14 15:17:26.052000+00:00,0.01022,,,,,,,,,,,,,,,0.0,,,,,,,,,1.65598,0.0,8.75977,24219.0,,1.50102,,,,0.01022,,,,,,A,0
2025-12-14 15:17:26.151000+00:00,0.00511,,,,,,,,,,,,,,,0.0,,,,,,,,,1.5785,,8.94965,24744.0,,1.89887,,,,0.00511,,,,,,A,0
2025-12-14 15:17:26.252000+00:00,0.00256,,,,,,,,,,,,,,,0.0,,,,,,,,,1.73868,,9.00969,24910.0,,0.6004,,,,0.00256,,,,,,A,0
2025-12-14 15:17:26.351000+00:00,0.00128,,,,,,,,,,,,,,,0.0,,,,,,,,,1.16954,,,,,0.0,,,,0.00128,,,,,,A,0
2025-12-14 15:17:26.450000+00:00,0.00064,,,,,,,,,,,,,,,0.0,,,,,,,,,0.58477,,,,,,,,,0.00064,,,,,,A,0
2025-12-14 15:17:26.551000+00:00,0.00032,,,,,,,,,,,,1.0,,0.0,0.0,,,,5.0,,1.0,,,0.29239,,,,5.0,,,0.0,1.0,0.00032,,,5.0,,,A,0
2025-12-14 15:17:26.749000+00:00,0.00016,,,,,,,,,,,,,,,0.0,,8.15972,22560.0,,-1.09954,,,,0.14619,,8.94965,24744.0,,-0.6004,,,,0.00016,,,,,,A,0
2025-12-14 15:17:26.851000+00:00,8e-05,,,,,,,,,,,,,,,-0.54977,,7.8899,21814.0,,-2.69821,,,,-0.22711,,8.78979,24302.0,,-1.59867,,,,8e-05,9.79998,27095.0,,-2.00015,,A,0
2025-12-14 15:17:26.950000+00:00,-1.00004,,,,,,,,,,,,,,,-1.62399,,7.55968,20901.0,,-3.30223,,,,-0.91289,,8.60966,23804.0,,-1.80121,,,,-1.00004,9.5497,26403.0,,-2.50289,,A,0
2025-12-14 15:17:27.049000+00:00,-1.75146,,,,,,,,,,,,,,,-2.46311,,7.27973,20127.0,,-2.79948,,,,-1.35705,,8.4498,23362.0,,-1.59866,,,,-1.75146,9.32979,25795.0,,-2.19908,,A,0
2025-12-14 15:17:27.150000+00:00,-1.97527,,,,,,,,,,,,,,,-2.63129,,7.05982,19519.0,,-2.19907,,,,-1.47786,,8.32972,23030.0,,-1.20081,,,,-1.97527,9.15979,25325.0,,-1.69993,,A,0
2025-12-14 15:17:27.252000+00:00,-1.8376,,,,,,,,,,,,,,,-2.41518,,6.72996,18607.0,,-3.29861,,,,-1.33933,,8.14996,22533.0,,-1.7976,,,,-1.8376,8.90987,24634.0,,-2.49928,,A,0
2025-12-14 15:17:27.354000+00:00,-2.16844,,,,,,,,,,,,,,,-2.8569,,6.44965,17832.0,,,,,,-1.56847,,7.98973,22090.0,,,,,,-2.16844,8.68996,24026.0,,,,A,0
2025-12-14 15:17:27.452000+00:00,,,,,,,,,,,,,,,,,,6.17983,17086.0,,-2.8031,,,,,,7.83999,21676.0,,-1.60229,,,,,8.47982,23445.0,,-2.19907,,A,0
2025-12-14 15:17:27.552000+00:00,-2.18376,,,,,,,,,,,,,,,-2.83,,5.89988,16312.0,,-2.69821,,,,-1.58538,,7.68989,21261.0,,-1.4974,,,,-2.18376,8.26968,22864.0,,-2.10142,,A,0
2025-12-14 15:17:27.651000+00:00,-2.14259,,,,,,,,,,,,,,,-2.7641,,5.61994,15538.0,,-2.79948,,,,-1.54139,,7.52966,20818.0,,-1.50101,,,,-2.14259,8.04977,22256.0,,-2.10141,,A,0
2025-12-14 15:17:27.751000+00:00,-2.122,,,,,,,,,,,,0.0,,,-2.78179,,5.28971,14625.0,,,,,,-1.5212,,7.3499,20321.0,,-1.60229,,,,-2.122,7.79984,21565.0,,-2.19908,,A,0
2025-12-14 15:17:27.851000+00:00,-2.16054,,,,,,,,,,,,,,,-2.79063,,5.01989,13879.0,,-6.00044,,,,-1.56174,,7.1998,19906.0,,-3.29861,,,,-2.16054,7.57993,20957.0,,-4.69835,,A,0
2025-12-14 15:17:27.953000+00:00,-3.42945,,,,,,,,,,,,,,,-4.39554,,4.90994,13575.0,,-1.09953,,,,-2.43018,,7.03993,19464.0,,-1.59867,,,,-3.42945,7.36979,20376.0,,-2.10142,,A,0
2025-12-14 15:17:28.052000+00:00,-2.76543,,,,,,,,,,,,,,,-2.74753,,,,,0.0,,,,-2.01442,,6.88983,19049.0,,-1.50101,,,,-2.76543,7.15965,19795.0,,,,A,0
2025-12-14 15:17:28.152000+00:00,-2.43342,,,,,,,,,,,,,,,-1.37377,,,,,,,,,-1.75772,,6.73973,18634.0,,,,,,-2.43342,6.94987,19215.0,,-2.0978,,A,0
2025-12-14 15:17:28.251000+00:00,-2.26561,,,,,,,,,,,,,,1.0,-0.68688,,,,,,,,,-1.62936,,6.57986,18192.0,,,,,,-2.26561,6.72996,18607.0,,,,A,0
2025-12-14 15:17:28.352000+00:00,,,,,,,,,,,,,,,,,,,,,,,,,,,6.42976,17777.0,,-1.59867,,,,,6.51982,18026.0,,-2.19907,,A,0
2025-12-14 15:17:28.453000+00:00,-2.23234,,,,,,,,,,,,,,,-0.34344,,,,,,,,,-1.61402,,6.27966,17362.0,,-1.50102,,,,-2.23234,6.30968,17445.0,,-2.10142,,A,0
2025-12-14 15:17:28.552000+00:00,-2.16688,,,,,,,,,,,,,,,-0.17172,,,,,,,,,-1.55752,,6.11979,16920.0,,-1.50101,,,,-2.16688,6.08977,16837.0,,-2.10142,,A,0
2025-12-14 15:17:28.651000+00:00,-2.13415,,,,,,,,,,,,,,,-0.08586,,,,,,,,,-1.52926,,5.93967,16422.0,,-1.59867,,,,-2.13415,5.83984,16146.0,,-2.19907,,A,0
2025-12-14 15:17:28.751000+00:00,-2.16661,,,,,,,,,,,,,,,-0.04293,,,,,,,,,-1.56397,,5.78993,16008.0,,-1.80121,,,,-2.16661,5.61994,15538.0,,-2.49928,,A,0
2025-12-14 15:17:28.850000+00:00,-2.33294,,,,,,,,,,,,,,,-0.02147,,,,,,,,,-1.68259,,5.6297,15565.0,,-1.4974,,,,-2.33294,5.40979,14957.0,,-2.19907,,A,0
2025-12-14 15:17:28.951000+00:00,-2.26601,,,,,,,,,,,,,,,-0.01073,,,,,,,,,-1.58999,,5.47996,15151.0,,-3.09968,,,0.0,-2.26601,5.19965,14376.0,,-4.20284,,A,0
2025-12-14 15:17:29.052000+00:00,-3.23442,,,,,,,,,,,,,,,-0.00537,,,,,,,,,-2.34484,,5.32986,14736.0,,-1.50101,,,,-3.23442,4.97975,13768.0,,-2.19907,,A,0
2025-12-14 15:17:29.149000+00:00,,,,,,,,,,,,,,,,,,,,,,0.0,,,,,5.16999,14294.0,,,,,,,4.85966,13436.0,,,,A,0
2025-12-14 15:17:29.253000+00:00,,,,,,,,,,,,,,,,,,,,,,,,,,,,,,,,,,,,,,-1.20081,,A,0
