PrimaryKey,DataType,Value,StatusCode,SourceTimeStamp,ServerTimeStamp
42,0x0001,false,0x00000000,2025-12-14T14:58:12.769Z,2025-12-14T14:58:12.769Z
41,0x0001,false,0x00000000,2025-12-14T14:58:12.769Z,2025-12-14T14:58:12.769Z
40,0x0001,true,0x00000000,2025-12-14T14:58:12.769Z,2025-12-14T14:58:12.769Z
39,0x000a,-4.09795,0x00000000,2025-12-14T14:58:12.769Z,2025-12-14T14:58:12.769Z
38,0x000a,-3.00202,0x00000000,2025-12-14T14:58:12.769Z,2025-12-14T14:58:12.769Z
37,0x000a,0,0x00000000,2025-12-14T14:58:12.769Z,2025-12-14T14:58:12.769Z
36,0x000a,-2.18633,0x00000000,2025-12-14T14:58:12.769Z,2025-12-14T14:58:12.769Z
35,0x000a,-1.54898,0x00000000,2025-12-14T14:58:12.769Z,2025-12-14T14:58:12.769Z
34,0x000a,0.0370311,0x00000000,2025-12-14T14:58:12.769Z,2025-12-14T14:58:12.769Z
33,0x000a,0,0x00000000,2025-12-14T14:58:12.769Z,2025-12-14T14:58:12.769Z
32,0x000a,0,0x00000000,2025-12-14T14:58:12.769Z,2025-12-14T14:58:12.769Z
31,0x000a,0,0x00000000,2025-12-14T14:58:12.769Z,2025-12-14T14:58:12.769Z
30,0x0004,1000,0x00000000,2025-12-14T14:58:12.769Z,2025-12-14T14:58:12.769Z
29,0x0004,1000,0x00000000,2025-12-14T14:58:12.769Z,2025-12-14T14:58:12.769Z
28,0x0004,1000,0x00000000,2025-12-14T14:58:12.769Z,2025-12-14T14:58:12.769Z
27,0x0001,false,0x00000000,2025-12-14T14:58:12.769Z,2025-12-14T14:58:12.769Z
26,0x000a,5.30997,0x00000000,2025-12-14T14:58:12.769Z,2025-12-14T14:58:12.769Z
25,0x000a,5.51975,0x00000000,2025-12-14T14:58:12.769Z,2025-12-14T14:58:12.769Z
24,0x000a,5.21991,0x00000000,2025-12-14T14:58:12.769Z,2025-12-14T14:58:12.769Z
23,0x000a,-2.18633,0x00000000,2025-12-14T14:58:12.769Z,2025-12-14T14:58:12.769Z
22,0x000a,-1.54898,0x00000000,2025-12-14T14:58:12.769Z,2025-12-14T14:58:12.769Z
21,0x000a,0.0370311,0x00000000,2025-12-14T14:58:12.769Z,2025-12-14T14:58:12.769Z
20,0x0001,false,0x00000000,2025-12-14T14:58:12.769Z,2025-12-14T14:58:12.769Z
19,0x0001,false,0x00000000,2025-12-14T14:58:12.769Z,2025-12-14T14:58:12.769Z
18,0x0001,true,0x00000000,2025-12-14T14:58:12.769Z,2025-12-14T14:58:12.769Z
17,0x0001,false,0x00000000,2025-12-14T14:58:12.769Z,2025-12-14T14:58:12.769Z
16,0x0001,true,0x00000000,2025-12-14T14:58:12.769Z,2025-12-14T14:58:12.769Z
15,0x0001,false,0x00000000,2025-12-14T14:58:12.769Z,2025-12-14T14:58:12.769Z
14,0x0001,false,0x00000000,2025-12-14T14:58:12.769Z,2025-12-14T14:58:12.769Z
13,0x0001,false,0x00000000,2025-12-14T14:58:12.769Z,2025-12-14T14:58:12.769Z
12,0x000a,10,0x00000000,2025-12-14T14:58:12.767Z,2025-12-14T14:58:12.767Z
11,0x000a,0,0x00000000,2025-12-14T14:58:12.767Z,2025-12-14T14:58:12.767Z
10,0x0004,1000,0x00000000,2025-12-14T14:58:12.767Z,2025-12-14T14:58:12.767Z
9,0x0004,0,0x00000000,2025-12-14T14:58:12.767Z,2025-12-14T14:58:12.767Z
8,0x0004,14681,0x00000000,2025-12-14T14:58:12.767Z,2025-12-14T14:58:12.767Z
7,0x0004,15261,0x00000000,2025-12-14T14:58:12.767Z,2025-12-14T14:58:12.767Z
6,0x0004,14432,0x00000000,2025-12-14T14:58:12.767Z,2025-12-14T14:58:12.767Z
5,0x000a,0,0x00000000,2025-12-14T14:58:12.767Z,2025-12-14T14:58:12.767Z
4,0x000a,5,0x00000000,2025-12-14T14:58:12.767Z,2025-12-14T14:58:12.767Z
3,0x000a,5,0x00000000,2025-12-14T14:58:12.767Z,2025-12-14T14:58:12.767Z
2,0x000a,5,0x00000000,2025-12-14T14:58:12.767Z,2025-12-14T14:58:12.767Z
1,0x0001,false,0x00000000,2025-12-14T14:58:12.767Z,2025-12-14T14:58:12.767Z
39,0x000a,-2.10142,0x00000000,2025-12-14T14:58:13.070Z,2025-12-14T14:58:13.070Z
38,0x000a,-1.39974,0x00000000,2025-12-14T14:58:13.070Z,2025-12-14T14:58:13.070Z
36,0x000a,-2.57114,0x00000000,2025-12-14T14:58:13.070Z,2025-12-14T14:58:13.070Z
35,0x000a,-1.88826,0x00000000,2025-12-14T14:58:13.070Z,2025-12-14T14:58:13.070Z
34,0x000a,0.00925777,0x00000000,2025-12-14T14:58:13.070Z,2025-12-14T14:58:13.070Z
26,0x000a,4.77973,0x00000000,2025-12-14T14:58:13.070Z,2025-12-14T14:58:13.070Z
25,0x000a,5.07993,0x00000000,2025-12-14T14:58:13.070Z,2025-12-14T14:58:13.070Z
23,0x000a,-2.57114,0x00000000,2025-12-14T14:58:13.070Z,2025-12-14T14:58:13.070Z
22,0x000a,-1.88826,0x00000000,2025-12-14T14:58:13.070Z,2025-12-14T14:58:13.070Z
21,0x000a,0.00925777,0x00000000,2025-12-14T14:58:13.070Z,2025-12-14T14:58:13.070Z
18,0x0001,false,0x00000000,2025-12-14T14:58:13.070Z,2025-12-14T14:58:13.070Z
16,0x0001,false,0x00000000,2025-12-14T14:58:13.070Z,2025-12-14T14:58:13.070Z
8,0x0004,13215,0x00000000,2025-12-14T14:58:13.070Z,2025-12-14T14:58:13.070Z
7,0x0004,14045,0x00000000,2025-12-14T14:58:13.070Z,2025-12-14T14:58:13.070Z
42,0x0001,true,0x00000000,2025-12-14T14:58:13.370Z,2025-12-14T14:58:13.370Z
39,0x000a,0,0x00000000,2025-12-14T14:58:13.370Z,2025-12-14T14:58:13.370Z
38,0x000a,0,0x00000000,2025-12-14T14:58:13.370Z,2025-12-14T14:58:13.370Z
36,0x000a,-0.884272,0x00000000,2025-12-14T14:58:13.370Z,2025-12-14T14:58:13.370Z
35,0x000a,-1.23565,0x00000000,2025-12-14T14:58:13.370Z,2025-12-14T14:58:13.370Z
34,0x000a,0.00115722,0x00000000,2025-12-14T14:58:13.370Z,2025-12-14T14:58:13.370Z
25,0x000a,4.98987,0x00000000,2025-12-14T14:58:13.370Z,2025-12-14T14:58:13.370Z
23,0x000a,-0.884272,0x00000000,2025-12-14T14:58:13.370Z,2025-12-14T14:58:13.370Z
22,0x000a,-1.23565,0x00000000,2025-12-14T14:58:13.370Z,2025-12-14T14:58:13.370Z
21,0x000a,0.00115722,0x00000000,2025-12-14T14:58:13.370Z,2025-12-14T14:58:13.370Z
7,0x0004,13796,0x00000000,2025-12-14T14:58:13.368Z,2025-12-14T14:58:13.368Z
42,0x0001,false,0x00000000,2025-12-14T14:58:13.669Z,2025-12-14T14:58:13.669Z
40,0x0001,false,0x00000000,2025-12-14T14:58:13.669Z,2025-12-14T14:58:13.669Z
36,0x000a,-0.110534,0x00000000,2025-12-14T14:58:13.669Z,2025-12-14T14:58:13.669Z
35,0x000a,-0.154457,0x00000000,2025-12-14T14:58:13.669Z,2025-12-14T14:58:13.669Z
34,0x000a,0.000144653,0x00000000,2025-12-14T14:58:13.669Z,2025-12-14T14:58:13.669Z
23,0x000a,-0.110534,0x00000000,2025-12-14T14:58:13.669Z,2025-12-14T14:58:13.669Z
22,0x000a,-0.154457,0x00000000,2025-12-14T14:58:13.669Z,2025-12-14T14:58:13.669Z
21,0x000a,0.000144653,0x00000000,2025-12-14T14:58:13.669Z,2025-12-14T14:58:13.669Z
18,0x0001,true,0x00000000,2025-12-14T14:58:13.669Z,2025-12-14T14:58:13.669Z
16,0x0001,true,0x00000000,2025-12-14T14:58:13.669Z,2025-12-14T14:58:13.669Z
14,0x0001,true,0x00000000,2025-12-14T14:58:13.669Z,2025-12-14T14:58:13.669Z
4,0x000a,0,0x00000000,2025-12-14T14:58:13.669Z,2025-12-14T14:58:13.669Z
3,0x000a,0,0x00000000,2025-12-14T14:58:13.669Z,2025-12-14T14:58:13.669Z
2,0x000a,0,0x00000000,2025-12-14T14:58:13.669Z,2025-12-14T14:58:13.669Z
39,0x000a,-4.49942,0x00000000,2025-12-14T14:58:13.970Z,2025-12-14T14:58:13.970Z
38,0x000a,-3.20096,0x00000000,2025-12-14T14:58:13.970Z,2025-12-14T14:58:13.970Z
37,0x000a,-5.8015,0x00000000,2025-12-14T14:58:13.970Z,2025-12-14T14:58:13.970Z
36,0x000a,-0.177735,0x00000000,2025-12-14T14:58:13.970Z,2025-12-14T14:58:13.970Z
35,0x000a,-0.338817,0x00000000,2025-12-14T14:58:13.970Z,2025-12-14T14:58:13.970Z
34,0x000a,-0.549733,0x00000000,2025-12-14T14:58:13.970Z,2025-12-14T14:58:13.970Z
26,0x000a,4.29977,0x00000000,2025-12-14T14:58:13.970Z,2025-12-14T14:58:13.970Z
25,0x000a,4.60974,0x00000000,2025-12-14T14:58:13.970Z,2025-12-14T14:58:13.970Z
24,0x000a,4.5298,0x00000000,2025-12-14T14:58:13.970Z,2025-12-14T14:58:13.970Z
23,0x000a,-0.177735,0x00000000,2025-12-14T14:58:13.970Z,2025-12-14T14:58:13.970Z
22,0x000a,-0.338817,0x00000000,2025-12-14T14:58:13.970Z,2025-12-14T14:58:13.970Z
21,0x000a,-0.549733,0x00000000,2025-12-14T14:58:13.970Z,2025-12-14T14:58:13.970Z
8,0x0004,11888,0x00000000,2025-12-14T14:58:13.970Z,2025-12-14T14:58:13.970Z
7,0x0004,12745,0x00000000,2025-12-14T14:58:13.970Z,2025-12-14T14:58:13.970Z
6,0x0004,12524,0x00000000,2025-12-14T14:58:13.970Z,2025-12-14T14:58:13.970Z
39,0x000a,-2.10142,0x00000000,2025-12-14T14:58:14.270Z,2025-12-14T14:58:14.270Z
38,0x000a,-1.50102,0x00000000,2025-12-14T14:58:14.270Z,2025-12-14T14:58:14.270Z
37,0x000a,-2.70182,0x00000000,2025-12-14T14:58:14.270Z,2025-12-14T14:58:14.270Z
36,0x000a,-2.10917,0x00000000,2025-12-14T14:58:14.270Z,2025-12-14T14:58:14.270Z
35,0x000a,-1.56733,0x00000000,2025-12-14T14:58:14.270Z,2025-12-14T14:58:14.270Z
34,0x000a,-2.76873,0x00000000,2025-12-14T14:58:14.270Z,2025-12-14T14:58:14.270Z
26,0x000a,3.67983,0x00000000,2025-12-14T14:58:14.270Z,2025-12-14T14:58:14.270Z
25,0x000a,4.15979,0x00000000,2025-12-14T14:58:14.270Z,2025-12-14T14:58:14.270Z
24,0x000a,3.72975,0x00000000,2025-12-14T14:58:14.270Z,2025-12-14T14:58:14.270Z
23,0x000a,-2.10917,0x00000000,2025-12-14T14:58:14.270Z,2025-12-14T14:58:14.270Z
22,0x000a,-1.56733,0x00000000,2025-12-14T14:58:14.270Z,2025-12-14T14:58:14.270Z
21,0x000a,-2.76873,0x00000000,2025-12-14T14:58:14.270Z,2025-12-14T14:58:14.270Z
8,0x0004,10174,0x00000000,2025-12-14T14:58:14.270Z,2025-12-14T14:58:14.270Z
7,0x0004,11501,0x00000000,2025-12-14T14:58:14.270Z,2025-12-14T14:58:14.270Z
6,0x0004,10312,0x00000000,2025-12-14T14:58:14.270Z,2025-12-14T14:58:14.270Z
39,0x000a,-2.49928,0x00000000,2025-12-14T14:58:14.570Z,2025-12-14T14:58:14.570Z
38,0x000a,-1.7976,0x00000000,2025-12-14T14:58:14.570Z,2025-12-14T14:58:14.570Z
37,0x000a,-3.20095,0x00000000,2025-12-14T14:58:14.570Z,2025-12-14T14:58:14.570Z
36,0x000a,-2.07707,0x00000000,2025-12-14T14:58:14.570Z,2025-12-14T14:58:14.570Z
35,0x000a,-1.45867,0x00000000,2025-12-14T14:58:14.570Z,2025-12-14T14:58:14.570Z
34,0x000a,-2.65865,0x00000000,2025-12-14T14:58:14.570Z,2025-12-14T14:58:14.570Z
26,0x000a,3.01975,0x00000000,2025-12-14T14:58:14.570Z,2025-12-14T14:58:14.570Z
25,0x000a,3.68996,0x00000000,2025-12-14T14:58:14.570Z,2025-12-14T14:58:14.570Z
24,0x000a,2.87977,0x00000000,2025-12-14T14:58:14.570Z,2025-12-14T14:58:14.570Z
23,0x000a,-2.07707,0x00000000,2025-12-14T14:58:14.570Z,2025-12-14T14:58:14.570Z
22,0x000a,-1.45867,0x00000000,2025-12-14T14:58:14.570Z,2025-12-14T14:58:14.570Z
21,0x000a,-2.65865,0x00000000,2025-12-14T14:58:14.570Z,2025-12-14T14:58:14.570Z
8,0x0004,8349,0x00000000,2025-12-14T14:58:14.568Z,2025-12-14T14:58:14.568Z
7,0x0004,10202,0x00000000,2025-12-14T14:58:14.568Z,2025-12-14T14:58:14.568Z
6,0x0004,7962,0x00000000,2025-12-14T14:58:14.568Z,2025-12-14T14:58:14.568Z
39,0x000a,-2.0978,0x00000000,2025-12-14T14:58:14.871Z,2025-12-14T14:58:14.871Z
38,0x000a,-1.50101,0x00000000,2025-12-14T14:58:14.871Z,2025-12-14T14:58:14.871Z
37,0x000a,-2.60055,0x00000000,2025-12-14T14:58:14.871Z,2025-12-14T14:58:14.871Z
36,0x000a,-2.14416,0x00000000,2025-12-14T14:58:14.871Z,2025-12-14T14:58:14.871Z
35,0x000a,-1.56457,0x00000000,2025-12-14T14:58:14.871Z,2025-12-14T14:58:14.871Z
34,0x000a,-2.814,0x00000000,2025-12-14T14:58:14.871Z,2025-12-14T14:58:14.871Z
26,0x000a,2.40994,0x00000000,2025-12-14T14:58:14.871Z,2025-12-14T14:58:14.871Z
25,0x000a,3.24978,0x00000000,2025-12-14T14:58:14.871Z,2025-12-14T14:58:14.871Z
24,0x000a,2.07972,0x00000000,2025-12-14T14:58:14.871Z,2025-12-14T14:58:14.871Z
23,0x000a,-2.14416,0x00000000,2025-12-14T14:58:14.871Z,2025-12-14T14:58:14.871Z
22,0x000a,-1.56457,0x00000000,2025-12-14T14:58:14.871Z,2025-12-14T14:58:14.871Z
21,0x000a,-2.814,0x00000000,2025-12-14T14:58:14.871Z,2025-12-14T14:58:14.871Z
8,0x0004,6663,0x00000000,2025-12-14T14:58:14.871Z,2025-12-14T14:58:14.871Z
7,0x0004,8985,0x00000000,2025-12-14T14:58:14.871Z,2025-12-14T14:58:14.871Z
6,0x0004,5750,0x00000000,2025-12-14T14:58:14.871Z,2025-12-14T14:58:14.871Z
39,0x000a,-2.10142,0x00000000,2025-12-14T14:58:15.170Z,2025-12-14T14:58:15.170Z
38,0x000a,-1.50101,0x00000000,2025-12-14T14:58:15.170Z,2025-12-14T14:58:15.170Z
37,0x000a,-2.70182,0x00000000,2025-12-14T14:58:15.170Z,2025-12-14T14:58:15.170Z
36,0x000a,-3.08106,0x00000000,2025-12-14T14:58:15.170Z,2025-12-14T14:58:15.170Z
35,0x000a,-2.23234,0x00000000,2025-12-14T14:58:15.170Z,2025-12-14T14:58:15.170Z
34,0x000a,-4.00165,0x00000000,2025-12-14T14:58:15.170Z,2025-12-14T14:58:15.170Z
26,0x000a,1.78964,0x00000000,2025-12-14T14:58:15.170Z,2025-12-14T14:58:15.170Z
25,0x000a,2.79984,0x00000000,2025-12-14T14:58:15.170Z,2025-12-14T14:58:15.170Z
24,0x000a,1.27966,0x00000000,2025-12-14T14:58:15.170Z,2025-12-14T14:58:15.170Z
23,0x000a,-3.08106,0x00000000,2025-12-14T14:58:15.170Z,2025-12-14T14:58:15.170Z
22,0x000a,-2.23234,0x00000000,2025-12-14T14:58:15.170Z,2025-12-14T14:58:15.170Z
21,0x000a,-4.00165,0x00000000,2025-12-14T14:58:15.170Z,2025-12-14T14:58:15.170Z
8,0x0004,4948,0x00000000,2025-12-14T14:58:15.168Z,2025-12-14T14:58:15.168Z
7,0x0004,7741,0x00000000,2025-12-14T14:58:15.168Z,2025-12-14T14:58:15.168Z
6,0x0004,3538,0x00000000,2025-12-14T14:58:15.168Z,2025-12-14T14:58:15.168Z
39,0x000a,-2.49928,0x00000000,2025-12-14T14:58:15.472Z,2025-12-14T14:58:15.472Z
38,0x000a,-1.80122,0x00000000,2025-12-14T14:58:15.472Z,2025-12-14T14:58:15.472Z
37,0x000a,-3.20095,0x00000000,2025-12-14T14:58:15.472Z,2025-12-14T14:58:15.472Z
36,0x000a,-2.19765,0x00000000,2025-12-14T14:58:15.472Z,2025-12-14T14:58:15.472Z
35,0x000a,-1.54179,0x00000000,2025-12-14T14:58:15.472Z,2025-12-14T14:58:15.472Z
34,0x000a,-2.83808,0x00000000,2025-12-14T14:58:15.472Z,2025-12-14T14:58:15.472Z
26,0x000a,1.12992,0x00000000,2025-12-14T14:58:15.472Z,2025-12-14T14:58:15.472Z
25,0x000a,2.32964,0x00000000,2025-12-14T14:58:15.472Z,2025-12-14T14:58:15.472Z
24,0x000a,0.429688,0x00000000,2025-12-14T14:58:15.472Z,2025-12-14T14:58:15.472Z
23,0x000a,-2.19765,0x00000000,2025-12-14T14:58:15.472Z,2025-12-14T14:58:15.472Z
22,0x000a,-1.54179,0x00000000,2025-12-14T14:58:15.472Z,2025-12-14T14:58:15.472Z
21,0x000a,-2.83808,0x00000000,2025-12-14T14:58:15.472Z,2025-12-14T14:58:15.472Z
8,0x0004,3124,0x00000000,2025-12-14T14:58:15.470Z,2025-12-14T14:58:15.470Z
7,0x0004,6441,0x00000000,2025-12-14T14:58:15.470Z,2025-12-14T14:58:15.470Z
6,0x0004,1188,0x00000000,2025-12-14T14:58:15.470Z,2025-12-14T14:58:15.470Z
39,0x000a,-2.10142,0x00000000,2025-12-14T14:58:15.770Z,2025-12-14T14:58:15.770Z
38,0x000a,-1.50101,0x00000000,2025-12-14T14:58:15.770Z,2025-12-14T14:58:15.770Z
37,0x000a,-1.69994,0x00000000,2025-12-14T14:58:15.770Z,2025-12-14T14:58:15.770Z
36,0x000a,-2.1743,0x00000000,2025-12-14T14:58:15.770Z,2025-12-14T14:58:15.770Z
35,0x000a,-1.58445,0x00000000,2025-12-14T14:58:15.770Z,2025-12-14T14:58:15.770Z
34,0x000a,-2.80822,0x00000000,2025-12-14T14:58:15.770Z,2025-12-14T14:58:15.770Z
28,0x0004,0,0x00000000,2025-12-14T14:58:15.770Z,2025-12-14T14:58:15.770Z
26,0x000a,0.519748,0x00000000,2025-12-14T14:58:15.770Z,2025-12-14T14:58:15.770Z
25,0x000a,1.88983,0x00000000,2025-12-14T14:58:15.770Z,2025-12-14T14:58:15.770Z
24,0x000a,0,0x00000000,2025-12-14T14:58:15.770Z,2025-12-14T14:58:15.770Z
23,0x000a,-2.1743,0x00000000,2025-12-14T14:58:15.770Z,2025-12-14T14:58:15.770Z
22,0x000a,-1.58445,0x00000000,2025-12-14T14:58:15.770Z,2025-12-14T14:58:15.770Z
21,0x000a,-2.80822,0x00000000,2025-12-14T14:58:15.770Z,2025-12-14T14:58:15.770Z
14,0x0001,false,0x00000000,2025-12-14T14:58:15.770Z,2025-12-14T14:58:15.770Z
8,0x0004,1437,0x00000000,2025-12-14T14:58:15.768Z,2025-12-14T14:58:15.768Z
7,0x0004,5225,0x00000000,2025-12-14T14:58:15.768Z,2025-12-14T14:58:15.768Z
6,0x0004,0,0x00000000,2025-12-14T14:58:15.768Z,2025-12-14T14:58:15.768Z
40,0x0001,true,0x00000000,2025-12-14T14:58:16.069Z,2025-12-14T14:58:16.069Z
39,0x000a,-2.00014,0x00000000,2025-12-14T14:58:16.069Z,2025-12-14T14:58:16.069Z
38,0x000a,-1.4974,0x00000000,2025-12-14T14:58:16.069Z,2025-12-14T14:58:16.069Z
37,0x000a,0,0x00000000,2025-12-14T14:58:16.069Z,2025-12-14T14:58:16.069Z
36,0x000a,-2.0834,0x00000000,2025-12-14T14:58:16.069Z,2025-12-14T14:58:16.069Z
35,0x000a,-1.48612,0x00000000,2025-12-14T14:58:16.069Z,2025-12-14T14:58:16.069Z
34,0x000a,-0.563521,0x00000000,2025-12-14T14:58:16.069Z,2025-12-14T14:58:16.069Z
30,0x0004,0,0x00000000,2025-12-14T14:58:16.069Z,2025-12-14T14:58:16.069Z
26,0x000a,0,0x00000000,2025-12-14T14:58:16.069Z,2025-12-14T14:58:16.069Z
25,0x000a,1.43989,0x00000000,2025-12-14T14:58:16.069Z,2025-12-14T14:58:16.069Z
23,0x000a,-2.0834,0x00000000,2025-12-14T14:58:16.069Z,2025-12-14T14:58:16.069Z
22,0x000a,-1.48612,0x00000000,2025-12-14T14:58:16.069Z,2025-12-14T14:58:16.069Z
21,0x000a,-0.563521,0x00000000,2025-12-14T14:58:16.069Z,2025-12-14T14:58:16.069Z
18,0x0001,false,0x00000000,2025-12-14T14:58:16.069Z,2025-12-14T14:58:16.069Z
8,0x0004,0,0x00000000,2025-12-14T14:58:16.069Z,2025-12-14T14:58:16.069Z
7,0x0004,3981,0x00000000,2025-12-14T14:58:16.069Z,2025-12-14T14:58:16.069Z
39,0x000a,0,0x00000000,2025-12-14T14:58:16.370Z,2025-12-14T14:58:16.370Z
38,0x000a,-1.50101,0x00000000,2025-12-14T14:58:16.370Z,2025-12-14T14:58:16.370Z
36,0x000a,-0.785328,0x00000000,2025-12-14T14:58:16.370Z,2025-12-14T14:58:16.370Z
35,0x000a,-1.92369,0x00000000,2025-12-14T14:58:16.370Z,2025-12-14T14:58:16.370Z
34,0x000a,-0.0704401,0x00000000,2025-12-14T14:58:16.370Z,2025-12-14T14:58:16.370Z
25,0x000a,0.96969,0x00000000,2025-12-14T14:58:16.370Z,2025-12-14T14:58:16.370Z
23,0x000a,-0.785328,0x00000000,2025-12-14T14:58:16.370Z,2025-12-14T14:58:16.370Z
22,0x000a,-1.92369,0x00000000,2025-12-14T14:58:16.370Z,2025-12-14T14:58:16.370Z
21,0x000a,-0.0704401,0x00000000,2025-12-14T14:58:16.370Z,2025-12-14T14:58:16.370Z
7,0x0004,2681,0x00000000,2025-12-14T14:58:16.368Z,2025-12-14T14:58:16.368Z
42,0x0001,true,0x00000000,2025-12-14T14:58:16.672Z,2025-12-14T14:58:16.672Z
36,0x000a,-0.196332,0x00000000,2025-12-14T14:58:16.672Z,2025-12-14T14:58:16.672Z
35,0x000a,-1.60487,0x00000000,2025-12-14T14:58:16.672Z,2025-12-14T14:58:16.672Z
34,0x000a,-0.01761,0x00000000,2025-12-14T14:58:16.672Z,2025-12-14T14:58:16.672Z
25,0x000a,0.529876,0x00000000,2025-12-14T14:58:16.672Z,2025-12-14T14:58:16.672Z
23,0x000a,-0.196332,0x00000000,2025-12-14T14:58:16.672Z,2025-12-14T14:58:16.672Z
22,0x000a,-1.60487,0x00000000,2025-12-14T14:58:16.672Z,2025-12-14T14:58:16.672Z
21,0x000a,-0.01761,0x00000000,2025-12-14T14:58:16.672Z,2025-12-14T14:58:16.672Z
7,0x0004,1465,0x00000000,2025-12-14T14:58:16.667Z,2025-12-14T14:58:16.667Z
38,0x000a,-1.80122,0x00000000,2025-12-14T14:58:16.970Z,2025-12-14T14:58:16.970Z
36,0x000a,-0.0245415,0x00000000,2025-12-14T14:58:16.970Z,2025-12-14T14:58:16.970Z
35,0x000a,-1.48868,0x00000000,2025-12-14T14:58:16.970Z,2025-12-14T14:58:16.970Z
34,0x000a,-0.00220125,0x00000000,2025-12-14T14:58:16.970Z,2025-12-14T14:58:16.970Z
25,0x000a,0.0499132,0x00000000,2025-12-14T14:58:16.970Z,2025-12-14T14:58:16.970Z
23,0x000a,-0.0245415,0x00000000,2025-12-14T14:58:16.970Z,2025-12-14T14:58:16.970Z
22,0x000a,-1.48868,0x00000000,2025-12-14T14:58:16.970Z,2025-12-14T14:58:16.970Z
21,0x000a,-0.00220125,0x00000000,2025-12-14T14:58:16.970Z,2025-12-14T14:58:16.970Z
16,0x0001,false,0x00000000,2025-12-14T14:58:16.970Z,2025-12-14T14:58:16.970Z
7,0x0004,138,0x00000000,2025-12-14T14:58:16.970Z,2025-12-14T14:58:16.970Z
38,0x000a,-0.499132,0x00000000,2025-12-14T14:58:17.271Z,2025-12-14T14:58:17.271Z
36,0x000a,-0.00306769,0x00000000,2025-12-14T14:58:17.271Z,2025-12-14T14:58:17.271Z
35,0x000a,-1.03515,0x00000000,2025-12-14T14:58:17.271Z,2025-12-14T14:58:17.271Z
34,0x000a,-0.000275157,0x00000000,2025-12-14T14:58:17.271Z,2025-12-14T14:58:17.271Z
29,0x0004,0,0x00000000,2025-12-14T14:58:17.271Z,2025-12-14T14:58:17.271Z
25,0x000a,0,0x00000000,2025-12-14T14:58:17.271Z,2025-12-14T14:58:17.271Z
23,0x000a,-0.00306769,0x00000000,2025-12-14T14:58:17.271Z,2025-12-14T14:58:17.271Z
22,0x000a,-1.03515,0x00000000,2025-12-14T14:58:17.271Z,2025-12-14T14:58:17.271Z
21,0x000a,-0.000275157,0x00000000,2025-12-14T14:58:17.271Z,2025-12-14T14:58:17.271Z
7,0x0004,0,0x00000000,2025-12-14T14:58:17.269Z,2025-12-14T14:58:17.269Z
42,0x0001,false,0x00000000,2025-12-14T14:58:17.571Z,2025-12-14T14:58:17.571Z
40,0x0001,false,0x00000000,2025-12-14T14:58:17.571Z,2025-12-14T14:58:17.571Z
38,0x000a,0,0x00000000,2025-12-14T14:58:17.571Z,2025-12-14T14:58:17.571Z
36,0x000a,-0.000766921,0x00000000,2025-12-14T14:58:17.571Z,2025-12-14T14:58:17.571Z
35,0x000a,-0.258788,0x00000000,2025-12-14T14:58:17.571Z,2025-12-14T14:58:17.571Z
34,0x000a,-6.87892e-05,0x00000000,2025-12-14T14:58:17.571Z,2025-12-14T14:58:17.571Z
23,0x000a,-0.000766921,0x00000000,2025-12-14T14:58:17.571Z,2025-12-14T14:58:17.571Z
22,0x000a,-0.258788,0x00000000,2025-12-14T14:58:17.571Z,2025-12-14T14:58:17.571Z
21,0x000a,-6.87892e-05,0x00000000,2025-12-14T14:58:17.571Z,2025-12-14T14:58:17.571Z
17,0x0001,true,0x00000000,2025-12-14T14:58:17.571Z,2025-12-14T14:58:17.571Z
15,0x0001,true,0x00000000,2025-12-14T14:58:17.571Z,2025-12-14T14:58:17.571Z
13,0x0001,true,0x00000000,2025-12-14T14:58:17.571Z,2025-12-14T14:58:17.571Z
4,0x000a,10,0x00000000,2025-12-14T14:58:17.569Z,2025-12-14T14:58:17.569Z
3,0x000a,9,0x00000000,2025-12-14T14:58:17.569Z,2025-12-14T14:58:17.569Z
2,0x000a,8,0x00000000,2025-12-14T14:58:17.569Z,2025-12-14T14:58:17.569Z
39,0x000a,2.00014,0x00000000,2025-12-14T14:58:17.872Z,2025-12-14T14:58:17.872Z
38,0x000a,1.50101,0x00000000,2025-12-14T14:58:17.872Z,2025-12-14T14:58:17.872Z
37,0x000a,2.70182,0x00000000,2025-12-14T14:58:17.872Z,2025-12-14T14:58:17.872Z
36,0x000a,1.09854,0x00000000,2025-12-14T14:58:17.872Z,2025-12-14T14:58:17.872Z
35,0x000a,0.867355,0x00000000,2025-12-14T14:58:17.872Z,2025-12-14T14:58:17.872Z
34,0x000a,1.62398,0x00000000,2025-12-14T14:58:17.872Z,2025-12-14T14:58:17.872Z
30,0x0004,1000,0x00000000,2025-12-14T14:58:17.872Z,2025-12-14T14:58:17.872Z
29,0x0004,1000,0x00000000,2025-12-14T14:58:17.872Z,2025-12-14T14:58:17.872Z
28,0x0004,1000,0x00000000,2025-12-14T14:58:17.872Z,2025-12-14T14:58:17.872Z
26,0x000a,0.429688,0x00000000,2025-12-14T14:58:17.872Z,2025-12-14T14:58:17.872Z
25,0x000a,0.359881,0x00000000,2025-12-14T14:58:17.872Z,2025-12-14T14:58:17.872Z
24,0x000a,0.649957,0x00000000,2025-12-14T14:58:17.872Z,2025-12-14T14:58:17.872Z
23,0x000a,1.09854,0x00000000,2025-12-14T14:58:17.872Z,2025-12-14T14:58:17.872Z
22,0x000a,0.867355,0x00000000,2025-12-14T14:58:17.872Z,2025-12-14T14:58:17.872Z
21,0x000a,1.62398,0x00000000,2025-12-14T14:58:17.872Z,2025-12-14T14:58:17.872Z
8,0x0004,1188,0x00000000,2025-12-14T14:58:17.868Z,2025-12-14T14:58:17.868Z
7,0x0004,995,0x00000000,2025-12-14T14:58:17.868Z,2025-12-14T14:58:17.868Z
6,0x0004,1797,0x00000000,2025-12-14T14:58:17.868Z,2025-12-14T14:58:17.868Z
38,0x000a,1.50101,0x00000000,2025-12-14T14:58:18.170Z,2025-12-14T14:58:18.170Z
37,0x000a,2.60055,0x00000000,2025-12-14T14:58:18.170Z,2025-12-14T14:58:18.170Z
36,0x000a,2.02612,0x00000000,2025-12-14T14:58:18.170Z,2025-12-14T14:58:18.170Z
35,0x000a,1.44206,0x00000000,2025-12-14T14:58:18.170Z,2025-12-14T14:58:18.170Z
34,0x000a,2.68012,0x00000000,2025-12-14T14:58:18.170Z,2025-12-14T14:58:18.170Z
26,0x000a,1.08977,0x00000000,2025-12-14T14:58:18.170Z,2025-12-14T14:58:18.170Z
25,0x000a,0.829716,0x00000000,2025-12-14T14:58:18.170Z,2025-12-14T14:58:18.170Z
24,0x000a,1.49993,0x00000000,2025-12-14T14:58:18.170Z,2025-12-14T14:58:18.170Z
23,0x000a,2.02612,0x00000000,2025-12-14T14:58:18.170Z,2025-12-14T14:58:18.170Z
22,0x000a,1.44206,0x00000000,2025-12-14T14:58:18.170Z,2025-12-14T14:58:18.170Z
21,0x000a,2.68012,0x00000000,2025-12-14T14:58:18.170Z,2025-12-14T14:58:18.170Z
8,0x0004,3013,0x00000000,2025-12-14T14:58:18.168Z,2025-12-14T14:58:18.168Z
7,0x0004,2294,0x00000000,2025-12-14T14:58:18.168Z,2025-12-14T14:58:18.168Z
6,0x0004,4147,0x00000000,2025-12-14T14:58:18.168Z,2025-12-14T14:58:18.168Z
39,0x000a,4.49942,0x00000000,2025-12-14T14:58:18.470Z,2025-12-14T14:58:18.470Z
38,0x000a,3.20095,0x00000000,2025-12-14T14:58:18.470Z,2025-12-14T14:58:18.470Z
37,0x000a,5.89916,0x00000000,2025-12-14T14:58:18.470Z,2025-12-14T14:58:18.470Z
36,0x000a,2.07844,0x00000000,2025-12-14T14:58:18.470Z,2025-12-14T14:58:18.470Z
35,0x000a,1.49274,0x00000000,2025-12-14T14:58:18.470Z,2025-12-14T14:58:18.470Z
34,0x000a,2.63581,0x00000000,2025-12-14T14:58:18.470Z,2025-12-14T14:58:18.470Z
26,0x000a,1.74986,0x00000000,2025-12-14T14:58:18.470Z,2025-12-14T14:58:18.470Z
25,0x000a,1.29991,0x00000000,2025-12-14T14:58:18.470Z,2025-12-14T14:58:18.470Z
24,0x000a,2.3499,0x00000000,2025-12-14T14:58:18.470Z,2025-12-14T14:58:18.470Z
23,0x000a,2.07844,0x00000000,2025-12-14T14:58:18.470Z,2025-12-14T14:58:18.470Z
22,0x000a,1.49274,0x00000000,2025-12-14T14:58:18.470Z,2025-12-14T14:58:18.470Z
21,0x000a,2.63581,0x00000000,2025-12-14T14:58:18.470Z,2025-12-14T14:58:18.470Z
8,0x0004,4838,0x00000000,2025-12-14T14:58:18.470Z,2025-12-14T14:58:18.470Z
7,0x0004,3594,0x00000000,2025-12-14T14:58:18.470Z,2025-12-14T14:58:18.470Z
6,0x0004,6497,0x00000000,2025-12-14T14:58:18.470Z,2025-12-14T14:58:18.470Z
39,0x000a,2.00014,0x00000000,2025-12-14T14:58:18.771Z,2025-12-14T14:58:18.771Z
38,0x000a,1.39974,0x00000000,2025-12-14T14:58:18.771Z,2025-12-14T14:58:18.771Z
37,0x000a,2.70182,0x00000000,2025-12-14T14:58:18.771Z,2025-12-14T14:58:18.771Z
36,0x000a,2.37117,0x00000000,2025-12-14T14:58:18.771Z,2025-12-14T14:58:18.771Z
35,0x000a,1.71157,0x00000000,2025-12-14T14:58:18.771Z,2025-12-14T14:58:18.771Z
34,0x000a,3.06611,0x00000000,2025-12-14T14:58:18.771Z,2025-12-14T14:58:18.771Z
26,0x000a,2.35966,0x00000000,2025-12-14T14:58:18.771Z,2025-12-14T14:58:18.771Z
25,0x000a,1.73973,0x00000000,2025-12-14T14:58:18.771Z,2025-12-14T14:58:18.771Z
24,0x000a,3.14996,0x00000000,2025-12-14T14:58:18.771Z,2025-12-14T14:58:18.771Z
23,0x000a,2.37117,0x00000000,2025-12-14T14:58:18.771Z,2025-12-14T14:58:18.771Z
22,0x000a,1.71157,0x00000000,2025-12-14T14:58:18.771Z,2025-12-14T14:58:18.771Z
21,0x000a,3.06611,0x00000000,2025-12-14T14:58:18.771Z,2025-12-14T14:58:18.771Z
8,0x0004,6524,0x00000000,2025-12-14T14:58:18.771Z,2025-12-14T14:58:18.771Z
7,0x0004,4810,0x00000000,2025-12-14T14:58:18.771Z,2025-12-14T14:58:18.771Z
6,0x0004,8709,0x00000000,2025-12-14T14:58:18.771Z,2025-12-14T14:58:18.771Z
38,0x000a,1.50101,0x00000000,2025-12-14T14:58:19.070Z,2025-12-14T14:58:19.070Z
37,0x000a,2.70182,0x00000000,2025-12-14T14:58:19.070Z,2025-12-14T14:58:19.070Z
36,0x000a,2.14354,0x00000000,2025-12-14T14:58:19.070Z,2025-12-14T14:58:19.070Z
35,0x000a,1.52833,0x00000000,2025-12-14T14:58:19.070Z,2025-12-14T14:58:19.070Z
34,0x000a,2.74045,0x00000000,2025-12-14T14:58:19.070Z,2025-12-14T14:58:19.070Z
26,0x000a,3.01975,0x00000000,2025-12-14T14:58:19.070Z,2025-12-14T14:58:19.070Z
25,0x000a,2.21969,0x00000000,2025-12-14T14:58:19.070Z,2025-12-14T14:58:19.070Z
24,0x000a,3.99993,0x00000000,2025-12-14T14:58:19.070Z,2025-12-14T14:58:19.070Z
23,0x000a,2.14354,0x00000000,2025-12-14T14:58:19.070Z,2025-12-14T14:58:19.070Z
22,0x000a,1.52833,0x00000000,2025-12-14T14:58:19.070Z,2025-12-14T14:58:19.070Z
21,0x000a,2.74045,0x00000000,2025-12-14T14:58:19.070Z,2025-12-14T14:58:19.070Z
8,0x0004,8349,0x00000000,2025-12-14T14:58:19.068Z,2025-12-14T14:58:19.068Z
7,0x0004,6137,0x00000000,2025-12-14T14:58:19.068Z,2025-12-14T14:58:19.068Z
6,0x0004,11059,0x00000000,2025-12-14T14:58:19.068Z,2025-12-14T14:58:19.068Z
38,0x000a,1.39974,0x00000000,2025-12-14T14:58:19.372Z,2025-12-14T14:58:19.372Z
37,0x000a,2.69821,0x00000000,2025-12-14T14:58:19.372Z,2025-12-14T14:58:19.372Z
36,0x000a,2.19349,0x00000000,2025-12-14T14:58:19.372Z,2025-12-14T14:58:19.372Z
35,0x000a,1.57857,0x00000000,2025-12-14T14:58:19.372Z,2025-12-14T14:58:19.372Z
34,0x000a,2.7808,0x00000000,2025-12-14T14:58:19.372Z,2025-12-14T14:58:19.372Z
26,0x000a,3.63968,0x00000000,2025-12-14T14:58:19.372Z,2025-12-14T14:58:19.372Z
25,0x000a,2.65987,0x00000000,2025-12-14T14:58:19.372Z,2025-12-14T14:58:19.372Z
24,0x000a,4.78986,0x00000000,2025-12-14T14:58:19.372Z,2025-12-14T14:58:19.372Z
23,0x000a,2.19349,0x00000000,2025-12-14T14:58:19.372Z,2025-12-14T14:58:19.372Z
22,0x000a,1.57857,0x00000000,2025-12-14T14:58:19.372Z,2025-12-14T14:58:19.372Z
21,0x000a,2.7808,0x00000000,2025-12-14T14:58:19.372Z,2025-12-14T14:58:19.372Z
8,0x0004,10063,0x00000000,2025-12-14T14:58:19.368Z,2025-12-14T14:58:19.368Z
7,0x0004,7354,0x00000000,2025-12-14T14:58:19.368Z,2025-12-14T14:58:19.368Z
6,0x0004,13243,0x00000000,2025-12-14T14:58:19.368Z,2025-12-14T14:58:19.368Z
39,0x000a,1.99653,0x00000000,2025-12-14T14:58:19.673Z,2025-12-14T14:58:19.673Z
38,0x000a,1.39974,0x00000000,2025-12-14T14:58:19.673Z,2025-12-14T14:58:19.673Z
37,0x000a,2.70183,0x00000000,2025-12-14T14:58:19.673Z,2025-12-14T14:58:19.673Z
36,0x000a,3.30017,0x00000000,2025-12-14T14:58:19.673Z,2025-12-14T14:58:19.673Z
35,0x000a,2.39685,0x00000000,2025-12-14T14:58:19.673Z,2025-12-14T14:58:19.673Z
34,0x000a,4.28459,0x00000000,2025-12-14T14:58:19.673Z,2025-12-14T14:58:19.673Z
26,0x000a,4.28964,0x00000000,2025-12-14T14:58:19.673Z,2025-12-14T14:58:19.673Z
25,0x000a,3.1297,0x00000000,2025-12-14T14:58:19.673Z,2025-12-14T14:58:19.673Z
24,0x000a,5.64996,0x00000000,2025-12-14T14:58:19.673Z,2025-12-14T14:58:19.673Z
23,0x000a,3.30017,0x00000000,2025-12-14T14:58:19.673Z,2025-12-14T14:58:19.673Z
22,0x000a,2.39685,0x00000000,2025-12-14T14:58:19.673Z,2025-12-14T14:58:19.673Z
21,0x000a,4.28459,0x00000000,2025-12-14T14:58:19.673Z,2025-12-14T14:58:19.673Z
8,0x0004,11860,0x00000000,2025-12-14T14:58:19.668Z,2025-12-14T14:58:19.668Z
7,0x0004,8653,0x00000000,2025-12-14T14:58:19.668Z,2025-12-14T14:58:19.668Z
6,0x0004,15621,0x00000000,2025-12-14T14:58:19.668Z,2025-12-14T14:58:19.668Z
39,0x000a,2.10142,0x00000000,2025-12-14T14:58:19.970Z,2025-12-14T14:58:19.970Z
38,0x000a,1.50101,0x00000000,2025-12-14T14:58:19.970Z,2025-12-14T14:58:19.970Z
37,0x000a,2.70182,0x00000000,2025-12-14T14:58:19.970Z,2025-12-14T14:58:19.970Z
36,0x000a,2.37489,0x00000000,2025-12-14T14:58:19.970Z,2025-12-14T14:58:19.970Z
35,0x000a,1.69965,0x00000000,2025-12-14T14:58:19.970Z,2025-12-14T14:58:19.970Z
34,0x000a,3.04507,0x00000000,2025-12-14T14:58:19.970Z,2025-12-14T14:58:19.970Z
26,0x000a,4.90994,0x00000000,2025-12-14T14:58:19.970Z,2025-12-14T14:58:19.970Z
25,0x000a,3.57964,0x00000000,2025-12-14T14:58:19.970Z,2025-12-14T14:58:19.970Z
24,0x000a,6.43989,0x00000000,2025-12-14T14:58:19.970Z,2025-12-14T14:58:19.970Z
23,0x000a,2.37489,0x00000000,2025-12-14T14:58:19.970Z,2025-12-14T14:58:19.970Z
22,0x000a,1.69965,0x00000000,2025-12-14T14:58:19.970Z,2025-12-14T14:58:19.970Z
21,0x000a,3.04507,0x00000000,2025-12-14T14:58:19.970Z,2025-12-14T14:58:19.970Z
8,0x0004,13575,0x00000000,2025-12-14T14:58:19.970Z,2025-12-14T14:58:19.970Z
7,0x0004,9897,0x00000000,2025-12-14T14:58:19.970Z,2025-12-14T14:58:19.970Z
6,0x0004,17805,0x00000000,2025-12-14T14:58:19.970Z,2025-12-14T14:58:19.970Z
39,0x000a,2.40162,0x00000000,2025-12-14T14:58:20.271Z,2025-12-14T14:58:20.271Z
38,0x000a,1.69994,0x00000000,2025-12-14T14:58:20.271Z,2025-12-14T14:58:20.271Z
37,0x000a,3.20096,0x00000000,2025-12-14T14:58:20.271Z,2025-12-14T14:58:20.271Z
36,0x000a,2.10847,0x00000000,2025-12-14T14:58:20.271Z,2025-12-14T14:58:20.271Z
35,0x000a,1.52494,0x00000000,2025-12-14T14:58:20.271Z,2025-12-14T14:58:20.271Z
34,0x000a,2.7176,0x00000000,2025-12-14T14:58:20.271Z,2025-12-14T14:58:20.271Z
26,0x000a,5.35988,0x00000000,2025-12-14T14:58:20.271Z,2025-12-14T14:58:20.271Z
25,0x000a,3.89974,0x00000000,2025-12-14T14:58:20.271Z,2025-12-14T14:58:20.271Z
24,0x000a,7.0298,0x00000000,2025-12-14T14:58:20.271Z,2025-12-14T14:58:20.271Z
23,0x000a,2.10847,0x00000000,2025-12-14T14:58:20.271Z,2025-12-14T14:58:20.271Z
22,0x000a,1.52494,0x00000000,2025-12-14T14:58:20.271Z,2025-12-14T14:58:20.271Z
21,0x000a,2.7176,0x00000000,2025-12-14T14:58:20.271Z,2025-12-14T14:58:20.271Z
8,0x0004,14819,0x00000000,2025-12-14T14:58:20.268Z,2025-12-14T14:58:20.268Z
7,0x0004,10782,0x00000000,2025-12-14T14:58:20.268Z,2025-12-14T14:58:20.268Z
6,0x0004,19436,0x00000000,2025-12-14T14:58:20.268Z,2025-12-14T14:58:20.268Z
39,0x000a,2.00015,0x00000000,2025-12-14T14:58:20.571Z,2025-12-14T14:58:20.571Z
38,0x000a,1.50101,0x00000000,2025-12-14T14:58:20.571Z,2025-12-14T14:58:20.571Z
37,0x000a,2.69821,0x00000000,2025-12-14T14:58:20.571Z,2025-12-14T14:58:20.571Z
36,0x000a,2.08828,0x00000000,2025-12-14T14:58:20.571Z,2025-12-14T14:58:20.571Z
35,0x000a,1.52887,0x00000000,2025-12-14T14:58:20.571Z,2025-12-14T14:58:20.571Z
34,0x000a,2.73906,0x00000000,2025-12-14T14:58:20.571Z,2025-12-14T14:58:20.571Z
26,0x000a,5.97982,0x00000000,2025-12-14T14:58:20.571Z,2025-12-14T14:58:20.571Z
25,0x000a,4.34968,0x00000000,2025-12-14T14:58:20.571Z,2025-12-14T14:58:20.571Z
24,0x000a,7.82986,0x00000000,2025-12-14T14:58:20.571Z,2025-12-14T14:58:20.571Z
23,0x000a,2.08828,0x00000000,2025-12-14T14:58:20.571Z,2025-12-14T14:58:20.571Z
22,0x000a,1.52887,0x00000000,2025-12-14T14:58:20.571Z,2025-12-14T14:58:20.571Z
21,0x000a,2.73906,0x00000000,2025-12-14T14:58:20.571Z,2025-12-14T14:58:20.571Z
13,0x0001,false,0x00000000,2025-12-14T14:58:20.571Z,2025-12-14T14:58:20.571Z
8,0x0004,16533,0x00000000,2025-12-14T14:58:20.568Z,2025-12-14T14:58:20.568Z
7,0x0004,12026,0x00000000,2025-12-14T14:58:20.568Z,2025-12-14T14:58:20.568Z
6,0x0004,21648,0x00000000,2025-12-14T14:58:20.568Z,2025-12-14T14:58:20.568Z
39,0x000a,2.49928,0x00000000,2025-12-14T14:58:20.870Z,2025-12-14T14:58:20.870Z
38,0x000a,1.80122,0x00000000,2025-12-14T14:58:20.870Z,2025-12-14T14:58:20.870Z
37,0x000a,0,0x00000000,2025-12-14T14:58:20.870Z,2025-12-14T14:58:20.870Z
36,0x000a,3.09821,0x00000000,2025-12-14T14:58:20.870Z,2025-12-14T14:58:20.870Z
35,0x000a,2.20694,0x00000000,2025-12-14T14:58:20.870Z,2025-12-14T14:58:20.870Z
34,0x000a,3.45983,0x00000000,2025-12-14T14:58:20.870Z,2025-12-14T14:58:20.870Z
26,0x000a,6.6399,0x00000000,2025-12-14T14:58:20.870Z,2025-12-14T14:58:20.870Z
25,0x000a,4.81988,0x00000000,2025-12-14T14:58:20.870Z,2025-12-14T14:58:20.870Z
24,0x000a,8.24978,0x00000000,2025-12-14T14:58:20.870Z,2025-12-14T14:58:20.870Z
23,0x000a,3.09821,0x00000000,2025-12-14T14:58:20.870Z,2025-12-14T14:58:20.870Z
22,0x000a,2.20694,0x00000000,2025-12-14T14:58:20.870Z,2025-12-14T14:58:20.870Z
21,0x000a,3.45983,0x00000000,2025-12-14T14:58:20.870Z,2025-12-14T14:58:20.870Z
8,0x0004,18358,0x00000000,2025-12-14T14:58:20.870Z,2025-12-14T14:58:20.870Z
7,0x0004,13326,0x00000000,2025-12-14T14:58:20.870Z,2025-12-14T14:58:20.870Z
6,0x0004,22809,0x00000000,2025-12-14T14:58:20.870Z,2025-12-14T14:58:20.870Z
40,0x0001,true,0x00000000,2025-12-14T14:58:21.171Z,2025-12-14T14:58:21.171Z
39,0x000a,2.00015,0x00000000,2025-12-14T14:58:21.171Z,2025-12-14T14:58:21.171Z
38,0x000a,1.39974,0x00000000,2025-12-14T14:58:21.171Z,2025-12-14T14:58:21.171Z
36,0x000a,2.24862,0x00000000,2025-12-14T14:58:21.171Z,2025-12-14T14:58:21.171Z
35,0x000a,1.62497,0x00000000,2025-12-14T14:58:21.171Z,2025-12-14T14:58:21.171Z
34,0x000a,0.432479,0x00000000,2025-12-14T14:58:21.171Z,2025-12-14T14:58:21.171Z
26,0x000a,7.24971,0x00000000,2025-12-14T14:58:21.171Z,2025-12-14T14:58:21.171Z
25,0x000a,5.25969,0x00000000,2025-12-14T14:58:21.171Z,2025-12-14T14:58:21.171Z
23,0x000a,2.24862,0x00000000,2025-12-14T14:58:21.171Z,2025-12-14T14:58:21.171Z
22,0x000a,1.62497,0x00000000,2025-12-14T14:58:21.171Z,2025-12-14T14:58:21.171Z
21,0x000a,0.432479,0x00000000,2025-12-14T14:58:21.171Z,2025-12-14T14:58:21.171Z
8,0x0004,20044,0x00000000,2025-12-14T14:58:21.169Z,2025-12-14T14:58:21.169Z
7,0x0004,14542,0x00000000,2025-12-14T14:58:21.169Z,2025-12-14T14:58:21.169Z
38,0x000a,1.50101,0x00000000,2025-12-14T14:58:21.472Z,2025-12-14T14:58:21.472Z
36,0x000a,2.05652,0x00000000,2025-12-14T14:58:21.472Z,2025-12-14T14:58:21.472Z
35,0x000a,1.50385,0x00000000,2025-12-14T14:58:21.472Z,2025-12-14T14:58:21.472Z
34,0x000a,0.0540598,0x00000000,2025-12-14T14:58:21.472Z,2025-12-14T14:58:21.472Z
26,0x000a,7.86965,0x00000000,2025-12-14T14:58:21.472Z,2025-12-14T14:58:21.472Z
25,0x000a,5.71,0x00000000,2025-12-14T14:58:21.472Z,2025-12-14T14:58:21.472Z
23,0x000a,2.05652,0x00000000,2025-12-14T14:58:21.472Z,2025-12-14T14:58:21.472Z
22,0x000a,1.50385,0x00000000,2025-12-14T14:58:21.472Z,2025-12-14T14:58:21.472Z
21,0x000a,0.0540598,0x00000000,2025-12-14T14:58:21.472Z,2025-12-14T14:58:21.472Z
8,0x0004,21758,0x00000000,2025-12-14T14:58:21.469Z,2025-12-14T14:58:21.469Z
7,0x0004,15787,0x00000000,2025-12-14T14:58:21.469Z,2025-12-14T14:58:21.469Z
39,0x000a,2.10142,0x00000000,2025-12-14T14:58:21.769Z,2025-12-14T14:58:21.769Z
38,0x000a,1.4974,0x00000000,2025-12-14T14:58:21.769Z,2025-12-14T14:58:21.769Z
36,0x000a,2.23939,0x00000000,2025-12-14T14:58:21.769Z,2025-12-14T14:58:21.769Z
35,0x000a,1.60119,0x00000000,2025-12-14T14:58:21.769Z,2025-12-14T14:58:21.769Z
34,0x000a,0.013515,0x00000000,2025-12-14T14:58:21.769Z,2025-12-14T14:58:21.769Z
26,0x000a,8.52973,0x00000000,2025-12-14T14:58:21.769Z,2025-12-14T14:58:21.769Z
25,0x000a,6.17983,0x00000000,2025-12-14T14:58:21.769Z,2025-12-14T14:58:21.769Z
23,0x000a,2.23939,0x00000000,2025-12-14T14:58:21.769Z,2025-12-14T14:58:21.769Z
22,0x000a,1.60119,0x00000000,2025-12-14T14:58:21.769Z,2025-12-14T14:58:21.769Z
21,0x000a,0.013515,0x00000000,2025-12-14T14:58:21.769Z,2025-12-14T14:58:21.769Z
8,0x0004,23583,0x00000000,2025-12-14T14:58:21.767Z,2025-12-14T14:58:21.767Z
7,0x0004,17086,0x00000000,2025-12-14T14:58:21.767Z,2025-12-14T14:58:21.767Z
39,0x000a,2.00014,0x00000000,2025-12-14T14:58:22.072Z,2025-12-14T14:58:22.072Z
38,0x000a,1.39974,0x00000000,2025-12-14T14:58:22.072Z,2025-12-14T14:58:22.072Z
36,0x000a,2.6178,0x00000000,2025-12-14T14:58:22.072Z,2025-12-14T14:58:22.072Z
35,0x000a,1.88653,0x00000000,2025-12-14T14:58:22.072Z,2025-12-14T14:58:22.072Z
34,0x000a,0.00168937,0x00000000,2025-12-14T14:58:22.072Z,2025-12-14T14:58:22.072Z
26,0x000a,9.1399,0x00000000,2025-12-14T14:58:22.072Z,2025-12-14T14:58:22.072Z
25,0x000a,6.61965,0x00000000,2025-12-14T14:58:22.072Z,2025-12-14T14:58:22.072Z
23,0x000a,2.6178,0x00000000,2025-12-14T14:58:22.072Z,2025-12-14T14:58:22.072Z
22,0x000a,1.88653,0x00000000,2025-12-14T14:58:22.072Z,2025-12-14T14:58:22.072Z
21,0x000a,0.00168937,0x00000000,2025-12-14T14:58:22.072Z,2025-12-14T14:58:22.072Z
8,0x0004,25270,0x00000000,2025-12-14T14:58:22.070Z,2025-12-14T14:58:22.070Z
7,0x0004,18302,0x00000000,2025-12-14T14:58:22.070Z,2025-12-14T14:58:22.070Z
39,0x000a,2.79948,0x00000000,2025-12-14T14:58:22.370Z,2025-12-14T14:58:22.370Z
38,0x000a,2.10142,0x00000000,2025-12-14T14:58:22.370Z,2025-12-14T14:58:22.370Z
36,0x000a,2.00446,0x00000000,2025-12-14T14:58:22.370Z,2025-12-14T14:58:22.370Z
35,0x000a,1.42197,0x00000000,2025-12-14T14:58:22.370Z,2025-12-14T14:58:22.370Z
34,0x000a,0.000422342,0x00000000,2025-12-14T14:58:22.370Z,2025-12-14T14:58:22.370Z
26,0x000a,9.79998,0x00000000,2025-12-14T14:58:22.370Z,2025-12-14T14:58:22.370Z
25,0x000a,7.09997,0x00000000,2025-12-14T14:58:22.370Z,2025-12-14T14:58:22.370Z
23,0x000a,2.00446,0x00000000,2025-12-14T14:58:22.370Z,2025-12-14T14:58:22.370Z
22,0x000a,1.42197,0x00000000,2025-12-14T14:58:22.370Z,2025-12-14T14:58:22.370Z
21,0x000a,0.000422342,0x00000000,2025-12-14T14:58:22.370Z,2025-12-14T14:58:22.370Z
17,0x0001,false,0x00000000,2025-12-14T14:58:22.370Z,2025-12-14T14:58:22.370Z
8,0x0004,27095,0x00000000,2025-12-14T14:58:22.370Z,2025-12-14T14:58:22.370Z
7,0x0004,19630,0x00000000,2025-12-14T14:58:22.370Z,2025-12-14T14:58:22.370Z
39,0x000a,0,0x00000000,2025-12-14T14:58:22.670Z,2025-12-14T14:58:22.670Z
38,0x000a,1.4974,0x00000000,2025-12-14T14:58:22.670Z,2025-12-14T14:58:22.670Z
36,0x000a,2.12592,0x00000000,2025-12-14T14:58:22.670Z,2025-12-14T14:58:22.670Z
35,0x000a,1.51555,0x00000000,2025-12-14T14:58:22.670Z,2025-12-14T14:58:22.670Z
34,0x000a,5.27928e-05,0x00000000,2025-12-14T14:58:22.670Z,2025-12-14T14:58:22.670Z
30,0x0004,0,0x00000000,2025-12-14T14:58:22.670Z,2025-12-14T14:58:22.670Z
26,0x000a,10,0x00000000,2025-12-14T14:58:22.670Z,2025-12-14T14:58:22.670Z
25,0x000a,7.53979,0x00000000,2025-12-14T14:58:22.670Z,2025-12-14T14:58:22.670Z
23,0x000a,2.12592,0x00000000,2025-12-14T14:58:22.670Z,2025-12-14T14:58:22.670Z
22,0x000a,1.51555,0x00000000,2025-12-14T14:58:22.670Z,2025-12-14T14:58:22.670Z
21,0x000a,5.27928e-05,0x00000000,2025-12-14T14:58:22.670Z,2025-12-14T14:58:22.670Z
8,0x0004,27648,0x00000000,2025-12-14T14:58:22.670Z,2025-12-14T14:58:22.670Z
7,0x0004,20846,0x00000000,2025-12-14T14:58:22.670Z,2025-12-14T14:58:22.670Z
42,0x0001,true,0x00000000,2025-12-14T14:58:22.970Z,2025-12-14T14:58:22.970Z
38,0x000a,3.20095,0x00000000,2025-12-14T14:58:22.970Z,2025-12-14T14:58:22.970Z
36,0x000a,0.26574,0x00000000,2025-12-14T14:58:22.970Z,2025-12-14T14:58:22.970Z
35,0x000a,1.50238,0x00000000,2025-12-14T14:58:22.970Z,2025-12-14T14:58:22.970Z
34,0x000a,6.5991e-06,0x00000000,2025-12-14T14:58:22.970Z,2025-12-14T14:58:22.970Z
25,0x000a,8.00998,0x00000000,2025-12-14T14:58:22.970Z,2025-12-14T14:58:22.970Z
23,0x000a,0.26574,0x00000000,2025-12-14T14:58:22.970Z,2025-12-14T14:58:22.970Z
22,0x000a,1.50238,0x00000000,2025-12-14T14:58:22.970Z,2025-12-14T14:58:22.970Z
21,0x000a,6.5991e-06,0x00000000,2025-12-14T14:58:22.970Z,2025-12-14T14:58:22.970Z
7,0x0004,22146,0x00000000,2025-12-14T14:58:22.970Z,2025-12-14T14:58:22.970Z
38,0x000a,1.50101,0x00000000,2025-12-14T14:58:23.269Z,2025-12-14T14:58:23.269Z
36,0x000a,0.066435,0x00000000,2025-12-14T14:58:23.269Z,2025-12-14T14:58:23.269Z
35,0x000a,1.92453,0x00000000,2025-12-14T14:58:23.269Z,2025-12-14T14:58:23.269Z
34,0x000a,1.64977e-06,0x00000000,2025-12-14T14:58:23.269Z,2025-12-14T14:58:23.269Z
25,0x000a,8.45992,0x00000000,2025-12-14T14:58:23.269Z,2025-12-14T14:58:23.269Z
23,0x000a,0.066435,0x00000000,2025-12-14T14:58:23.269Z,2025-12-14T14:58:23.269Z
22,0x000a,1.92453,0x00000000,2025-12-14T14:58:23.269Z,2025-12-14T14:58:23.269Z
21,0x000a,1.64977e-06,0x00000000,2025-12-14T14:58:23.269Z,2025-12-14T14:58:23.269Z
7,0x0004,23390,0x00000000,2025-12-14T14:58:23.269Z,2025-12-14T14:58:23.269Z
38,0x000a,1.50102,0x00000000,2025-12-14T14:58:23.570Z,2025-12-14T14:58:23.570Z
36,0x000a,0.00830438,0x00000000,2025-12-14T14:58:23.570Z,2025-12-14T14:58:23.570Z
35,0x000a,1.50331,0x00000000,2025-12-14T14:58:23.570Z,2025-12-14T14:58:23.570Z
34,0x000a,2.06222e-07,0x00000000,2025-12-14T14:58:23.570Z,2025-12-14T14:58:23.570Z
25,0x000a,8.89974,0x00000000,2025-12-14T14:58:23.570Z,2025-12-14T14:58:23.570Z
23,0x000a,0.00830438,0x00000000,2025-12-14T14:58:23.570Z,2025-12-14T14:58:23.570Z
22,0x000a,1.50331,0x00000000,2025-12-14T14:58:23.570Z,2025-12-14T14:58:23.570Z
21,0x000a,2.06222e-07,0x00000000,2025-12-14T14:58:23.570Z,2025-12-14T14:58:23.570Z
15,0x0001,false,0x00000000,2025-12-14T14:58:23.570Z,2025-12-14T14:58:23.570Z
7,0x0004,24606,0x00000000,2025-12-14T14:58:23.570Z,2025-12-14T14:58:23.570Z
38,0x000a,0,0x00000000,2025-12-14T14:58:23.871Z,2025-12-14T14:58:23.871Z
36,0x000a,0.00103805,0x00000000,2025-12-14T14:58:23.871Z,2025-12-14T14:58:23.871Z
35,0x000a,1.05009,0x00000000,2025-12-14T14:58:23.871Z,2025-12-14T14:58:23.871Z
34,0x000a,2.57777e-08,0x00000000,2025-12-14T14:58:23.871Z,2025-12-14T14:58:23.871Z
25,0x000a,8.95978,0x00000000,2025-12-14T14:58:23.871Z,2025-12-14T14:58:23.871Z
23,0x000a,0.00103805,0x00000000,2025-12-14T14:58:23.871Z,2025-12-14T14:58:23.871Z
22,0x000a,1.05009,0x00000000,2025-12-14T14:58:23.871Z,2025-12-14T14:58:23.871Z
21,0x000a,2.57777e-08,0x00000000,2025-12-14T14:58:23.871Z,2025-12-14T14:58:23.871Z
7,0x0004,24772,0x00000000,2025-12-14T14:58:23.871Z,2025-12-14T14:58:23.871Z
42,0x0001,false,0x00000000,2025-12-14T14:58:24.173Z,2025-12-14T14:58:24.173Z
40,0x0001,false,0x00000000,2025-12-14T14:58:24.173Z,2025-12-14T14:58:24.173Z
36,0x000a,0.000259512,0x00000000,2025-12-14T14:58:24.173Z,2025-12-14T14:58:24.173Z
35,0x000a,0.262523,0x00000000,2025-12-14T14:58:24.173Z,2025-12-14T14:58:24.173Z
34,0x000a,6.44443e-09,0x00000000,2025-12-14T14:58:24.173Z,2025-12-14T14:58:24.173Z
23,0x000a,0.000259512,0x00000000,2025-12-14T14:58:24.173Z,2025-12-14T14:58:24.173Z
22,0x000a,0.262523,0x00000000,2025-12-14T14:58:24.173Z,2025-12-14T14:58:24.173Z
21,0x000a,6.44443e-09,0x00000000,2025-12-14T14:58:24.173Z,2025-12-14T14:58:24.173Z
18,0x0001,true,0x00000000,2025-12-14T14:58:24.173Z,2025-12-14T14:58:24.173Z
16,0x0001,true,0x00000000,2025-12-14T14:58:24.173Z,2025-12-14T14:58:24.173Z
14,0x0001,true,0x00000000,2025-12-14T14:58:24.173Z,2025-12-14T14:58:24.173Z
4,0x000a,5,0x00000000,2025-12-14T14:58:24.169Z,2025-12-14T14:58:24.169Z
3,0x000a,5,0x00000000,2025-12-14T14:58:24.169Z,2025-12-14T14:58:24.169Z
2,0x000a,5,0x00000000,2025-12-14T14:58:24.169Z,2025-12-14T14:58:24.169Z
39,0x000a,-2.10142,0x00000000,2025-12-14T14:58:24.470Z,2025-12-14T14:58:24.470Z
38,0x000a,-1.50101,0x00000000,2025-12-14T14:58:24.470Z,2025-12-14T14:58:24.470Z
37,0x000a,-2.70183,0x00000000,2025-12-14T14:58:24.470Z,2025-12-14T14:58:24.470Z
36,0x000a,-1.12573,0x00000000,2025-12-14T14:58:24.470Z,2025-12-14T14:58:24.470Z
35,0x000a,-0.941036,0x00000000,2025-12-14T14:58:24.470Z,2025-12-14T14:58:24.470Z
34,0x000a,-1.69994,0x00000000,2025-12-14T14:58:24.470Z,2025-12-14T14:58:24.470Z
30,0x0004,1000,0x00000000,2025-12-14T14:58:24.470Z,2025-12-14T14:58:24.470Z
26,0x000a,9.5497,0x00000000,2025-12-14T14:58:24.470Z,2025-12-14T14:58:24.470Z
25,0x000a,8.56988,0x00000000,2025-12-14T14:58:24.470Z,2025-12-14T14:58:24.470Z
24,0x000a,7.55968,0x00000000,2025-12-14T14:58:24.470Z,2025-12-14T14:58:24.470Z
23,0x000a,-1.12573,0x00000000,2025-12-14T14:58:24.470Z,2025-12-14T14:58:24.470Z
22,0x000a,-0.941036,0x00000000,2025-12-14T14:58:24.470Z,2025-12-14T14:58:24.470Z
21,0x000a,-1.69994,0x00000000,2025-12-14T14:58:24.470Z,2025-12-14T14:58:24.470Z
8,0x0004,26403,0x00000000,2025-12-14T14:58:24.468Z,2025-12-14T14:58:24.468Z
7,0x0004,23694,0x00000000,2025-12-14T14:58:24.468Z,2025-12-14T14:58:24.468Z
6,0x0004,20901,0x00000000,2025-12-14T14:58:24.468Z,2025-12-14T14:58:24.468Z
39,0x000a,-2.00015,0x00000000,2025-12-14T14:58:24.770Z,2025-12-14T14:58:24.770Z
37,0x000a,-2.60055,0x00000000,2025-12-14T14:58:24.770Z,2025-12-14T14:58:24.770Z
36,0x000a,-2.15307,0x00000000,2025-12-14T14:58:24.770Z,2025-12-14T14:58:24.770Z
35,0x000a,-1.5558,0x00000000,2025-12-14T14:58:24.770Z,2025-12-14T14:58:24.770Z
34,0x000a,-2.82525,0x00000000,2025-12-14T14:58:24.770Z,2025-12-14T14:58:24.770Z
26,0x000a,8.89974,0x00000000,2025-12-14T14:58:24.770Z,2025-12-14T14:58:24.770Z
25,0x000a,8.09968,0x00000000,2025-12-14T14:58:24.770Z,2025-12-14T14:58:24.770Z
24,0x000a,6.70971,0x00000000,2025-12-14T14:58:24.770Z,2025-12-14T14:58:24.770Z
23,0x000a,-2.15307,0x00000000,2025-12-14T14:58:24.770Z,2025-12-14T14:58:24.770Z
22,0x000a,-1.5558,0x00000000,2025-12-14T14:58:24.770Z,2025-12-14T14:58:24.770Z
21,0x000a,-2.82525,0x00000000,2025-12-14T14:58:24.770Z,2025-12-14T14:58:24.770Z
8,0x0004,24606,0x00000000,2025-12-14T14:58:24.768Z,2025-12-14T14:58:24.768Z
7,0x0004,22394,0x00000000,2025-12-14T14:58:24.768Z,2025-12-14T14:58:24.768Z
6,0x0004,18551,0x00000000,2025-12-14T14:58:24.768Z,2025-12-14T14:58:24.768Z
38,0x000a,-1.39974,0x00000000,2025-12-14T14:58:25.071Z,2025-12-14T14:58:25.071Z
36,0x000a,-2.0872,0x00000000,2025-12-14T14:58:25.071Z,2025-12-14T14:58:25.071Z
35,0x000a,-1.5129,0x00000000,2025-12-14T14:58:25.071Z,2025-12-14T14:58:25.071Z
34,0x000a,-2.70555,0x00000000,2025-12-14T14:58:25.071Z,2025-12-14T14:58:25.071Z
26,0x000a,8.2798,0x00000000,2025-12-14T14:58:25.071Z,2025-12-14T14:58:25.071Z
25,0x000a,7.65987,0x00000000,2025-12-14T14:58:25.071Z,2025-12-14T14:58:25.071Z
24,0x000a,5.90965,0x00000000,2025-12-14T14:58:25.071Z,2025-12-14T14:58:25.071Z
23,0x000a,-2.0872,0x00000000,2025-12-14T14:58:25.071Z,2025-12-14T14:58:25.071Z
22,0x000a,-1.5129,0x00000000,2025-12-14T14:58:25.071Z,2025-12-14T14:58:25.071Z
21,0x000a,-2.70555,0x00000000,2025-12-14T14:58:25.071Z,2025-12-14T14:58:25.071Z
8,0x0004,22892,0x00000000,2025-12-14T14:58:25.069Z,2025-12-14T14:58:25.069Z
7,0x0004,21178,0x00000000,2025-12-14T14:58:25.069Z,2025-12-14T14:58:25.069Z
6,0x0004,16339,0x00000000,2025-12-14T14:58:25.069Z,2025-12-14T14:58:25.069Z
39,0x000a,-2.10142,0x00000000,2025-12-14T14:58:25.371Z,2025-12-14T14:58:25.371Z
38,0x000a,-1.4974,0x00000000,2025-12-14T14:58:25.371Z,2025-12-14T14:58:25.371Z
37,0x000a,-2.70183,0x00000000,2025-12-14T14:58:25.371Z,2025-12-14T14:58:25.371Z
36,0x000a,-3.28598,0x00000000,2025-12-14T14:58:25.371Z,2025-12-14T14:58:25.371Z
35,0x000a,-2.39045,0x00000000,2025-12-14T14:58:25.371Z,2025-12-14T14:58:25.371Z
34,0x000a,-4.23766,0x00000000,2025-12-14T14:58:25.371Z,2025-12-14T14:58:25.371Z
26,0x000a,7.61972,0x00000000,2025-12-14T14:58:25.371Z,2025-12-14T14:58:25.371Z
25,0x000a,7.1799,0x00000000,2025-12-14T14:58:25.371Z,2025-12-14T14:58:25.371Z
24,0x000a,5.05968,0x00000000,2025-12-14T14:58:25.371Z,2025-12-14T14:58:25.371Z
23,0x000a,-3.28598,0x00000000,2025-12-14T14:58:25.371Z,2025-12-14T14:58:25.371Z
22,0x000a,-2.39045,0x00000000,2025-12-14T14:58:25.371Z,2025-12-14T14:58:25.371Z
21,0x000a,-4.23766,0x00000000,2025-12-14T14:58:25.371Z,2025-12-14T14:58:25.371Z
14,0x0001,false,0x00000000,2025-12-14T14:58:25.371Z,2025-12-14T14:58:25.371Z
8,0x0004,21067,0x00000000,2025-12-14T14:58:25.369Z,2025-12-14T14:58:25.369Z
7,0x0004,19851,0x00000000,2025-12-14T14:58:25.369Z,2025-12-14T14:58:25.369Z
6,0x0004,13989,0x00000000,2025-12-14T14:58:25.369Z,2025-12-14T14:58:25.369Z
39,0x000a,-2.00015,0x00000000,2025-12-14T14:58:25.670Z,2025-12-14T14:58:25.670Z
38,0x000a,-1.50101,0x00000000,2025-12-14T14:58:25.670Z,2025-12-14T14:58:25.670Z
37,0x000a,0,0x00000000,2025-12-14T14:58:25.670Z,2025-12-14T14:58:25.670Z
36,0x000a,-2.22236,0x00000000,2025-12-14T14:58:25.670Z,2025-12-14T14:58:25.670Z
35,0x000a,-1.58642,0x00000000,2025-12-14T14:58:25.670Z,2025-12-14T14:58:25.670Z
34,0x000a,-2.04293,0x00000000,2025-12-14T14:58:25.670Z,2025-12-14T14:58:25.670Z
26,0x000a,7.00991,0x00000000,2025-12-14T14:58:25.670Z,2025-12-14T14:58:25.670Z
25,0x000a,6.73973,0x00000000,2025-12-14T14:58:25.670Z,2025-12-14T14:58:25.670Z
24,0x000a,4.68967,0x00000000,2025-12-14T14:58:25.670Z,2025-12-14T14:58:25.670Z
23,0x000a,-2.22236,0x00000000,2025-12-14T14:58:25.670Z,2025-12-14T14:58:25.670Z
22,0x000a,-1.58642,0x00000000,2025-12-14T14:58:25.670Z,2025-12-14T14:58:25.670Z
21,0x000a,-2.04293,0x00000000,2025-12-14T14:58:25.670Z,2025-12-14T14:58:25.670Z
13,0x0001,true,0x00000000,2025-12-14T14:58:25.670Z,2025-12-14T14:58:25.670Z
8,0x0004,19381,0x00000000,2025-12-14T14:58:25.670Z,2025-12-14T14:58:25.670Z
7,0x0004,18634,0x00000000,2025-12-14T14:58:25.670Z,2025-12-14T14:58:25.670Z
6,0x0004,12966,0x00000000,2025-12-14T14:58:25.670Z,2025-12-14T14:58:25.670Z
38,0x000a,-1.40336,0x00000000,2025-12-14T14:58:25.971Z,2025-12-14T14:58:25.971Z
37,0x000a,2.6982,0x00000000,2025-12-14T14:58:25.971Z,2025-12-14T14:58:25.971Z
36,0x000a,-2.10634,0x00000000,2025-12-14T14:58:25.971Z,2025-12-14T14:58:25.971Z
35,0x000a,-1.52056,0x00000000,2025-12-14T14:58:25.971Z,2025-12-14T14:58:25.971Z
34,0x000a,-0.00979066,0x00000000,2025-12-14T14:58:25.971Z,2025-12-14T14:58:25.971Z
26,0x000a,6.34983,0x00000000,2025-12-14T14:58:25.971Z,2025-12-14T14:58:25.971Z
25,0x000a,6.26989,0x00000000,2025-12-14T14:58:25.971Z,2025-12-14T14:58:25.971Z
24,0x000a,5.21991,0x00000000,2025-12-14T14:58:25.971Z,2025-12-14T14:58:25.971Z
23,0x000a,-2.10634,0x00000000,2025-12-14T14:58:25.971Z,2025-12-14T14:58:25.971Z
22,0x000a,-1.52056,0x00000000,2025-12-14T14:58:25.971Z,2025-12-14T14:58:25.971Z
21,0x000a,-0.00979066,0x00000000,2025-12-14T14:58:25.971Z,2025-12-14T14:58:25.971Z
13,0x0001,false,0x00000000,2025-12-14T14:58:25.971Z,2025-12-14T14:58:25.971Z
8,0x0004,17556,0x00000000,2025-12-14T14:58:25.971Z,2025-12-14T14:58:25.971Z
7,0x0004,17335,0x00000000,2025-12-14T14:58:25.971Z,2025-12-14T14:58:25.971Z
6,0x0004,14432,0x00000000,2025-12-14T14:58:25.971Z,2025-12-14T14:58:25.971Z
40,0x0001,true,0x00000000,2025-12-14T14:58:26.269Z,2025-12-14T14:58:26.269Z
38,0x000a,-1.50101,0x00000000,2025-12-14T14:58:26.269Z,2025-12-14T14:58:26.269Z
37,0x000a,0,0x00000000,2025-12-14T14:58:26.269Z,2025-12-14T14:58:26.269Z
36,0x000a,-2.18884,0x00000000,2025-12-14T14:58:26.269Z,2025-12-14T14:58:26.269Z
35,0x000a,-1.56539,0x00000000,2025-12-14T14:58:26.269Z,2025-12-14T14:58:26.269Z
34,0x000a,0.736623,0x00000000,2025-12-14T14:58:26.269Z,2025-12-14T14:58:26.269Z
26,0x000a,5.72989,0x00000000,2025-12-14T14:58:26.269Z,2025-12-14T14:58:26.269Z
25,0x000a,5.81995,0x00000000,2025-12-14T14:58:26.269Z,2025-12-14T14:58:26.269Z
23,0x000a,-2.18884,0x00000000,2025-12-14T14:58:26.269Z,2025-12-14T14:58:26.269Z
22,0x000a,-1.56539,0x00000000,2025-12-14T14:58:26.269Z,2025-12-14T14:58:26.269Z
21,0x000a,0.736623,0x00000000,2025-12-14T14:58:26.269Z,2025-12-14T14:58:26.269Z
8,0x0004,15842,0x00000000,2025-12-14T14:58:26.269Z,2025-12-14T14:58:26.269Z
7,0x0004,16091,0x00000000,2025-12-14T14:58:26.269Z,2025-12-14T14:58:26.269Z
36,0x000a,-2.59882,0x00000000,2025-12-14T14:58:26.572Z,2025-12-14T14:58:26.572Z
35,0x000a,-1.85809,0x00000000,2025-12-14T14:58:26.572Z,2025-12-14T14:58:26.572Z
34,0x000a,0.0920779,0x00000000,2025-12-14T14:58:26.572Z,2025-12-14T14:58:26.572Z
26,0x000a,5.11972,0x00000000,2025-12-14T14:58:26.572Z,2025-12-14T14:58:26.572Z
25,0x000a,5.37977,0x00000000,2025-12-14T14:58:26.572Z,2025-12-14T14:58:26.572Z
23,0x000a,-2.59882,0x00000000,2025-12-14T14:58:26.572Z,2025-12-14T14:58:26.572Z
22,0x000a,-1.85809,0x00000000,2025-12-14T14:58:26.572Z,2025-12-14T14:58:26.572Z
21,0x000a,0.0920779,0x00000000,2025-12-14T14:58:26.572Z,2025-12-14T14:58:26.572Z
18,0x0001,false,0x00000000,2025-12-14T14:58:26.572Z,2025-12-14T14:58:26.572Z
8,0x0004,14155,0x00000000,2025-12-14T14:58:26.570Z,2025-12-14T14:58:26.570Z
7,0x0004,14874,0x00000000,2025-12-14T14:58:26.570Z,2025-12-14T14:58:26.570Z
39,0x000a,-1.20081,0x00000000,2025-12-14T14:58:26.870Z,2025-12-14T14:58:26.870Z
38,0x000a,-1.69994,0x00000000,2025-12-14T14:58:26.870Z,2025-12-14T14:58:26.870Z
36,0x000a,-2.19864,0x00000000,2025-12-14T14:58:26.870Z,2025-12-14T14:58:26.870Z
35,0x000a,-1.59028,0x00000000,2025-12-14T14:58:26.870Z,2025-12-14T14:58:26.870Z
34,0x000a,0.0230195,0x00000000,2025-12-14T14:58:26.870Z,2025-12-14T14:58:26.870Z
26,0x000a,4.78986,0x00000000,2025-12-14T14:58:26.870Z,2025-12-14T14:58:26.870Z
25,0x000a,5,0x00000000,2025-12-14T14:58:26.870Z,2025-12-14T14:58:26.870Z
23,0x000a,-2.19864,0x00000000,2025-12-14T14:58:26.870Z,2025-12-14T14:58:26.870Z
22,0x000a,-1.59028,0x00000000,2025-12-14T14:58:26.870Z,2025-12-14T14:58:26.870Z
21,0x000a,0.0230195,0x00000000,2025-12-14T14:58:26.870Z,2025-12-14T14:58:26.870Z
16,0x0001,false,0x00000000,2025-12-14T14:58:26.870Z,2025-12-14T14:58:26.870Z
8,0x0004,13243,0x00000000,2025-12-14T14:58:26.870Z,2025-12-14T14:58:26.870Z
7,0x0004,13824,0x00000000,2025-12-14T14:58:26.870Z,2025-12-14T14:58:26.870Z
40,0x0001,false,0x00000000,2025-12-14T14:58:27.171Z,2025-12-14T14:58:27.171Z
39,0x000a,0,0x00000000,2025-12-14T14:58:27.171Z,2025-12-14T14:58:27.171Z
38,0x000a,0,0x00000000,2025-12-14T14:58:27.171Z,2025-12-14T14:58:27.171Z
36,0x000a,-0.424931,0x00000000,2025-12-14T14:58:27.171Z,2025-12-14T14:58:27.171Z
35,0x000a,-0.560475,0x00000000,2025-12-14T14:58:27.171Z,2025-12-14T14:58:27.171Z
34,0x000a,0.00287743,0x00000000,2025-12-14T14:58:27.171Z,2025-12-14T14:58:27.171Z
23,0x000a,-0.424931,0x00000000,2025-12-14T14:58:27.171Z,2025-12-14T14:58:27.171Z
22,0x000a,-0.560475,0x00000000,2025-12-14T14:58:27.171Z,2025-12-14T14:58:27.171Z
21,0x000a,0.00287743,0x00000000,2025-12-14T14:58:27.171Z,2025-12-14T14:58:27.171Z
18,0x0001,true,0x00000000,2025-12-14T14:58:27.171Z,2025-12-14T14:58:27.171Z
16,0x0001,true,0x00000000,2025-12-14T14:58:27.171Z,2025-12-14T14:58:27.171Z
14,0x0001,true,0x00000000,2025-12-14T14:58:27.171Z,2025-12-14T14:58:27.171Z
4,0x000a,0,0x00000000,2025-12-14T14:58:27.168Z,2025-12-14T14:58:27.168Z
3,0x000a,0,0x00000000,2025-12-14T14:58:27.168Z,2025-12-14T14:58:27.168Z
2,0x000a,0,0x00000000,2025-12-14T14:58:27.168Z,2025-12-14T14:58:27.168Z
36,0x000a,-0.0531164,0x00000000,2025-12-14T14:58:27.471Z,2025-12-14T14:58:27.471Z
35,0x000a,-0.0700593,0x00000000,2025-12-14T14:58:27.471Z,2025-12-14T14:58:27.471Z
34,0x000a,0.000359679,0x00000000,2025-12-14T14:58:27.471Z,2025-12-14T14:58:27.471Z
26,0x000a,4.71969,0x00000000,2025-12-14T14:58:27.471Z,2025-12-14T14:58:27.471Z
25,0x000a,4.90994,0x00000000,2025-12-14T14:58:27.471Z,2025-12-14T14:58:27.471Z
24,0x000a,5.05968,0x00000000,2025-12-14T14:58:27.471Z,2025-12-14T14:58:27.471Z
23,0x000a,-0.0531164,0x00000000,2025-12-14T14:58:27.471Z,2025-12-14T14:58:27.471Z
22,0x000a,-0.0700593,0x00000000,2025-12-14T14:58:27.471Z,2025-12-14T14:58:27.471Z
21,0x000a,0.000359679,0x00000000,2025-12-14T14:58:27.471Z,2025-12-14T14:58:27.471Z
8,0x0004,13049,0x00000000,2025-12-14T14:58:27.468Z,2025-12-14T14:58:27.468Z
7,0x0004,13575,0x00000000,2025-12-14T14:58:27.468Z,2025-12-14T14:58:27.468Z
6,0x0004,13989,0x00000000,2025-12-14T14:58:27.468Z,2025-12-14T14:58:27.468Z
39,0x000a,-2.10142,0x00000000,2025-12-14T14:58:27.773Z,2025-12-14T14:58:27.773Z
38,0x000a,-1.49739,0x00000000,2025-12-14T14:58:27.773Z,2025-12-14T14:58:27.773Z
37,0x000a,-2.69821,0x00000000,2025-12-14T14:58:27.773Z,2025-12-14T14:58:27.773Z
36,0x000a,-1.71322,0x00000000,2025-12-14T14:58:27.773Z,2025-12-14T14:58:27.773Z
35,0x000a,-1.36843,0x00000000,2025-12-14T14:58:27.773Z,2025-12-14T14:58:27.773Z
34,0x000a,-2.37531,0x00000000,2025-12-14T14:58:27.773Z,2025-12-14T14:58:27.773Z
26,0x000a,4.09975,0x00000000,2025-12-14T14:58:27.773Z,2025-12-14T14:58:27.773Z
25,0x000a,4.46,0x00000000,2025-12-14T14:58:27.773Z,2025-12-14T14:58:27.773Z
24,0x000a,4.25998,0x00000000,2025-12-14T14:58:27.773Z,2025-12-14T14:58:27.773Z
23,0x000a,-1.71322,0x00000000,2025-12-14T14:58:27.773Z,2025-12-14T14:58:27.773Z
22,0x000a,-1.36843,0x00000000,2025-12-14T14:58:27.773Z,2025-12-14T14:58:27.773Z
21,0x000a,-2.37531,0x00000000,2025-12-14T14:58:27.773Z,2025-12-14T14:58:27.773Z
8,0x0004,11335,0x00000000,2025-12-14T14:58:27.769Z,2025-12-14T14:58:27.769Z
7,0x0004,12331,0x00000000,2025-12-14T14:58:27.769Z,2025-12-14T14:58:27.769Z
6,0x0004,11778,0x00000000,2025-12-14T14:58:27.769Z,2025-12-14T14:58:27.769Z
39,0x000a,-2.50289,0x00000000,2025-12-14T14:58:28.070Z,2025-12-14T14:58:28.070Z
38,0x000a,-1.80122,0x00000000,2025-12-14T14:58:28.070Z,2025-12-14T14:58:28.070Z
37,0x000a,-3.20096,0x00000000,2025-12-14T14:58:28.070Z,2025-12-14T14:58:28.070Z
36,0x000a,-2.02577,0x00000000,2025-12-14T14:58:28.070Z,2025-12-14T14:58:28.070Z
35,0x000a,-1.45777,0x00000000,2025-12-14T14:58:28.070Z,2025-12-14T14:58:28.070Z
34,0x000a,-2.63524,0x00000000,2025-12-14T14:58:28.070Z,2025-12-14T14:58:28.070Z
26,0x000a,3.43967,0x00000000,2025-12-14T14:58:28.070Z,2025-12-14T14:58:28.070Z
25,0x000a,3.9898,0x00000000,2025-12-14T14:58:28.070Z,2025-12-14T14:58:28.070Z
24,0x000a,3.40965,0x00000000,2025-12-14T14:58:28.070Z,2025-12-14T14:58:28.070Z
23,0x000a,-2.02577,0x00000000,2025-12-14T14:58:28.070Z,2025-12-14T14:58:28.070Z
22,0x000a,-1.45777,0x00000000,2025-12-14T14:58:28.070Z,2025-12-14T14:58:28.070Z
21,0x000a,-2.63524,0x00000000,2025-12-14T14:58:28.070Z,2025-12-14T14:58:28.070Z
8,0x0004,9510,0x00000000,2025-12-14T14:58:28.068Z,2025-12-14T14:58:28.068Z
7,0x0004,11031,0x00000000,2025-12-14T14:58:28.068Z,2025-12-14T14:58:28.068Z
6,0x0004,9427,0x00000000,2025-12-14T14:58:28.068Z,2025-12-14T14:58:28.068Z
39,0x000a,-2.0978,0x00000000,2025-12-14T14:58:28.371Z,2025-12-14T14:58:28.371Z
38,0x000a,-1.39974,0x00000000,2025-12-14T14:58:28.371Z,2025-12-14T14:58:28.371Z
37,0x000a,-2.70182,0x00000000,2025-12-14T14:58:28.371Z,2025-12-14T14:58:28.371Z
36,0x000a,-2.13224,0x00000000,2025-12-14T14:58:28.371Z,2025-12-14T14:58:28.371Z
35,0x000a,-1.56525,0x00000000,2025-12-14T14:58:28.371Z,2025-12-14T14:58:28.371Z
34,0x000a,-2.75752,0x00000000,2025-12-14T14:58:28.371Z,2025-12-14T14:58:28.371Z
26,0x000a,2.82986,0x00000000,2025-12-14T14:58:28.371Z,2025-12-14T14:58:28.371Z
25,0x000a,3.54999,0x00000000,2025-12-14T14:58:28.371Z,2025-12-14T14:58:28.371Z
24,0x000a,2.60995,0x00000000,2025-12-14T14:58:28.371Z,2025-12-14T14:58:28.371Z
23,0x000a,-2.13224,0x00000000,2025-12-14T14:58:28.371Z,2025-12-14T14:58:28.371Z
22,0x000a,-1.56525,0x00000000,2025-12-14T14:58:28.371Z,2025-12-14T14:58:28.371Z
21,0x000a,-2.75752,0x00000000,2025-12-14T14:58:28.371Z,2025-12-14T14:58:28.371Z
8,0x0004,7824,0x00000000,2025-12-14T14:58:28.371Z,2025-12-14T14:58:28.371Z
7,0x0004,9815,0x00000000,2025-12-14T14:58:28.371Z,2025-12-14T14:58:28.371Z
6,0x0004,7216,0x00000000,2025-12-14T14:58:28.371Z,2025-12-14T14:58:28.371Z
39,0x000a,-4.49942,0x00000000,2025-12-14T14:58:28.670Z,2025-12-14T14:58:28.670Z
38,0x000a,-3.20096,0x00000000,2025-12-14T14:58:28.670Z,2025-12-14T14:58:28.670Z
37,0x000a,-5.89916,0x00000000,2025-12-14T14:58:28.670Z,2025-12-14T14:58:28.670Z
36,0x000a,-2.0795,0x00000000,2025-12-14T14:58:28.670Z,2025-12-14T14:58:28.670Z
35,0x000a,-1.49548,0x00000000,2025-12-14T14:58:28.670Z,2025-12-14T14:58:28.670Z
34,0x000a,-2.65724,0x00000000,2025-12-14T14:58:28.670Z,2025-12-14T14:58:28.670Z
26,0x000a,2.16978,0x00000000,2025-12-14T14:58:28.670Z,2025-12-14T14:58:28.670Z
25,0x000a,3.07979,0x00000000,2025-12-14T14:58:28.670Z,2025-12-14T14:58:28.670Z
24,0x000a,1.75998,0x00000000,2025-12-14T14:58:28.670Z,2025-12-14T14:58:28.670Z
23,0x000a,-2.0795,0x00000000,2025-12-14T14:58:28.670Z,2025-12-14T14:58:28.670Z
22,0x000a,-1.49548,0x00000000,2025-12-14T14:58:28.670Z,2025-12-14T14:58:28.670Z
21,0x000a,-2.65724,0x00000000,2025-12-14T14:58:28.670Z,2025-12-14T14:58:28.670Z
8,0x0004,5999,0x00000000,2025-12-14T14:58:28.668Z,2025-12-14T14:58:28.668Z
7,0x0004,8515,0x00000000,2025-12-14T14:58:28.668Z,2025-12-14T14:58:28.668Z
6,0x0004,4866,0x00000000,2025-12-14T14:58:28.668Z,2025-12-14T14:58:28.668Z
39,0x000a,-2.10142,0x00000000,2025-12-14T14:58:28.972Z,2025-12-14T14:58:28.972Z
38,0x000a,-1.50101,0x00000000,2025-12-14T14:58:28.972Z,2025-12-14T14:58:28.972Z
37,0x000a,-2.60055,0x00000000,2025-12-14T14:58:28.972Z,2025-12-14T14:58:28.972Z
36,0x000a,-2.34689,0x00000000,2025-12-14T14:58:28.972Z,2025-12-14T14:58:28.972Z
35,0x000a,-1.71101,0x00000000,2025-12-14T14:58:28.972Z,2025-12-14T14:58:28.972Z
34,0x000a,-3.0706,0x00000000,2025-12-14T14:58:28.972Z,2025-12-14T14:58:28.972Z
26,0x000a,1.54984,0x00000000,2025-12-14T14:58:28.972Z,2025-12-14T14:58:28.972Z
25,0x000a,2.62985,0x00000000,2025-12-14T14:58:28.972Z,2025-12-14T14:58:28.972Z
24,0x000a,0.96969,0x00000000,2025-12-14T14:58:28.972Z,2025-12-14T14:58:28.972Z
23,0x000a,-2.34689,0x00000000,2025-12-14T14:58:28.972Z,2025-12-14T14:58:28.972Z
22,0x000a,-1.71101,0x00000000,2025-12-14T14:58:28.972Z,2025-12-14T14:58:28.972Z
21,0x000a,-3.0706,0x00000000,2025-12-14T14:58:28.972Z,2025-12-14T14:58:28.972Z
8,0x0004,4285,0x00000000,2025-12-14T14:58:28.968Z,2025-12-14T14:58:28.968Z
7,0x0004,7271,0x00000000,2025-12-14T14:58:28.968Z,2025-12-14T14:58:28.968Z
6,0x0004,2681,0x00000000,2025-12-14T14:58:28.968Z,2025-12-14T14:58:28.968Z
39,0x000a,-2.49928,0x00000000,2025-12-14T14:58:29.271Z,2025-12-14T14:58:29.271Z
38,0x000a,-1.69994,0x00000000,2025-12-14T14:58:29.271Z,2025-12-14T14:58:29.271Z
37,0x000a,-3.20095,0x00000000,2025-12-14T14:58:29.271Z,2025-12-14T14:58:29.271Z
36,0x000a,-2.11215,0x00000000,2025-12-14T14:58:29.271Z,2025-12-14T14:58:29.271Z
35,0x000a,-1.55351,0x00000000,2025-12-14T14:58:29.271Z,2025-12-14T14:58:29.271Z
34,0x000a,-2.76689,0x00000000,2025-12-14T14:58:29.271Z,2025-12-14T14:58:29.271Z
26,0x000a,0.899884,0x00000000,2025-12-14T14:58:29.271Z,2025-12-14T14:58:29.271Z
25,0x000a,2.15965,0x00000000,2025-12-14T14:58:29.271Z,2025-12-14T14:58:29.271Z
24,0x000a,0.109954,0x00000000,2025-12-14T14:58:29.271Z,2025-12-14T14:58:29.271Z
23,0x000a,-2.11215,0x00000000,2025-12-14T14:58:29.271Z,2025-12-14T14:58:29.271Z
22,0x000a,-1.55351,0x00000000,2025-12-14T14:58:29.271Z,2025-12-14T14:58:29.271Z
21,0x000a,-2.76689,0x00000000,2025-12-14T14:58:29.271Z,2025-12-14T14:58:29.271Z
14,0x0001,false,0x00000000,2025-12-14T14:58:29.271Z,2025-12-14T14:58:29.271Z
8,0x0004,2488,0x00000000,2025-12-14T14:58:29.271Z,2025-12-14T14:58:29.271Z
7,0x0004,5971,0x00000000,2025-12-14T14:58:29.271Z,2025-12-14T14:58:29.271Z
6,0x0004,304,0x00000000,2025-12-14T14:58:29.271Z,2025-12-14T14:58:29.271Z
39,0x000a,-2.0978,0x00000000,2025-12-14T14:58:29.571Z,2025-12-14T14:58:29.571Z
38,0x000a,-1.50101,0x00000000,2025-12-14T14:58:29.571Z,2025-12-14T14:58:29.571Z
37,0x000a,0,0x00000000,2025-12-14T14:58:29.571Z,2025-12-14T14:58:29.571Z
36,0x000a,-2.12717,0x00000000,2025-12-14T14:58:29.571Z,2025-12-14T14:58:29.571Z
35,0x000a,-1.53063,0x00000000,2025-12-14T14:58:29.571Z,2025-12-14T14:58:29.571Z
34,0x000a,-1.9703,0x00000000,2025-12-14T14:58:29.571Z,2025-12-14T14:58:29.571Z
28,0x0004,0,0x00000000,2025-12-14T14:58:29.571Z,2025-12-14T14:58:29.571Z
26,0x000a,0.279948,0x00000000,2025-12-14T14:58:29.571Z,2025-12-14T14:58:29.571Z
25,0x000a,1.71984,0x00000000,2025-12-14T14:58:29.571Z,2025-12-14T14:58:29.571Z
24,0x000a,0,0x00000000,2025-12-14T14:58:29.571Z,2025-12-14T14:58:29.571Z
23,0x000a,-2.12717,0x00000000,2025-12-14T14:58:29.571Z,2025-12-14T14:58:29.571Z
22,0x000a,-1.53063,0x00000000,2025-12-14T14:58:29.571Z,2025-12-14T14:58:29.571Z
21,0x000a,-1.9703,0x00000000,2025-12-14T14:58:29.571Z,2025-12-14T14:58:29.571Z
18,0x0001,false,0x00000000,2025-12-14T14:58:29.571Z,2025-12-14T14:58:29.571Z
8,0x0004,774,0x00000000,2025-12-14T14:58:29.569Z,2025-12-14T14:58:29.569Z
7,0x0004,4755,0x00000000,2025-12-14T14:58:29.569Z,2025-12-14T14:58:29.569Z
6,0x0004,0,0x00000000,2025-12-14T14:58:29.569Z,2025-12-14T14:58:29.569Z
40,0x0001,true,0x00000000,2025-12-14T14:58:29.869Z,2025-12-14T14:58:29.869Z
39,0x000a,0,0x00000000,2025-12-14T14:58:29.869Z,2025-12-14T14:58:29.869Z
38,0x000a,-1.50101,0x00000000,2025-12-14T14:58:29.869Z,2025-12-14T14:58:29.869Z
36,0x000a,-2.4279,0x00000000,2025-12-14T14:58:29.869Z,2025-12-14T14:58:29.869Z
35,0x000a,-2.3782,0x00000000,2025-12-14T14:58:29.869Z,2025-12-14T14:58:29.869Z
34,0x000a,-0.246288,0x00000000,2025-12-14T14:58:29.869Z,2025-12-14T14:58:29.869Z
30,0x0004,0,0x00000000,2025-12-14T14:58:29.869Z,2025-12-14T14:58:29.869Z
26,0x000a,0,0x00000000,2025-12-14T14:58:29.869Z,2025-12-14T14:58:29.869Z
25,0x000a,1.23987,0x00000000,2025-12-14T14:58:29.869Z,2025-12-14T14:58:29.869Z
23,0x000a,-2.4279,0x00000000,2025-12-14T14:58:29.869Z,2025-12-14T14:58:29.869Z
22,0x000a,-2.3782,0x00000000,2025-12-14T14:58:29.869Z,2025-12-14T14:58:29.869Z
21,0x000a,-0.246288,0x00000000,2025-12-14T14:58:29.869Z,2025-12-14T14:58:29.869Z
8,0x0004,0,0x00000000,2025-12-14T14:58:29.869Z,2025-12-14T14:58:29.869Z
7,0x0004,3428,0x00000000,2025-12-14T14:58:29.869Z,2025-12-14T14:58:29.869Z
42,0x0001,true,0x00000000,2025-12-14T14:58:30.172Z,2025-12-14T14:58:30.172Z
38,0x000a,-1.39974,0x00000000,2025-12-14T14:58:30.172Z,2025-12-14T14:58:30.172Z
36,0x000a,-0.606974,0x00000000,2025-12-14T14:58:30.172Z,2025-12-14T14:58:30.172Z
35,0x000a,-1.72031,0x00000000,2025-12-14T14:58:30.172Z,2025-12-14T14:58:30.172Z
34,0x000a,-0.0615719,0x00000000,2025-12-14T14:58:30.172Z,2025-12-14T14:58:30.172Z
25,0x000a,0.799696,0x00000000,2025-12-14T14:58:30.172Z,2025-12-14T14:58:30.172Z
23,0x000a,-0.606974,0x00000000,2025-12-14T14:58:30.172Z,2025-12-14T14:58:30.172Z
22,0x000a,-1.72031,0x00000000,2025-12-14T14:58:30.172Z,2025-12-14T14:58:30.172Z
21,0x000a,-0.0615719,0x00000000,2025-12-14T14:58:30.172Z,2025-12-14T14:58:30.172Z
7,0x0004,2211,0x00000000,2025-12-14T14:58:30.169Z,2025-12-14T14:58:30.169Z
38,0x000a,-1.50101,0x00000000,2025-12-14T14:58:30.471Z,2025-12-14T14:58:30.471Z
36,0x000a,-0.0758718,0x00000000,2025-12-14T14:58:30.471Z,2025-12-14T14:58:30.471Z
35,0x000a,-1.66406,0x00000000,2025-12-14T14:58:30.471Z,2025-12-14T14:58:30.471Z
34,0x000a,-0.00769649,0x00000000,2025-12-14T14:58:30.471Z,2025-12-14T14:58:30.471Z
25,0x000a,0.329861,0x00000000,2025-12-14T14:58:30.471Z,2025-12-14T14:58:30.471Z
23,0x000a,-0.0758718,0x00000000,2025-12-14T14:58:30.471Z,2025-12-14T14:58:30.471Z
22,0x000a,-1.66406,0x00000000,2025-12-14T14:58:30.471Z,2025-12-14T14:58:30.471Z
21,0x000a,-0.00769649,0x00000000,2025-12-14T14:58:30.471Z,2025-12-14T14:58:30.471Z
7,0x0004,1299,0x00000000,2025-12-14T14:58:30.471Z,2025-12-14T14:58:30.471Z
36,0x000a,-0.00948397,0x00000000,2025-12-14T14:58:30.773Z,2025-12-14T14:58:30.773Z
35,0x000a,-1.49608,0x00000000,2025-12-14T14:58:30.773Z,2025-12-14T14:58:30.773Z
34,0x000a,-0.000962061,0x00000000,2025-12-14T14:58:30.773Z,2025-12-14T14:58:30.773Z
25,0x000a,0.0296586,0x00000000,2025-12-14T14:58:30.773Z,2025-12-14T14:58:30.773Z
23,0x000a,-0.00948397,0x00000000,2025-12-14T14:58:30.773Z,2025-12-14T14:58:30.773Z
22,0x000a,-1.49608,0x00000000,2025-12-14T14:58:30.773Z,2025-12-14T14:58:30.773Z
21,0x000a,-0.000962061,0x00000000,2025-12-14T14:58:30.773Z,2025-12-14T14:58:30.773Z
16,0x0001,false,0x00000000,2025-12-14T14:58:30.773Z,2025-12-14T14:58:30.773Z
7,0x0004,82,0x00000000,2025-12-14T14:58:30.769Z,2025-12-14T14:58:30.769Z
38,0x000a,0,0x00000000,2025-12-14T14:58:31.069Z,2025-12-14T14:58:31.069Z
36,0x000a,-0.00237099,0x00000000,2025-12-14T14:58:31.069Z,2025-12-14T14:58:31.069Z
35,0x000a,-0.897565,0x00000000,2025-12-14T14:58:31.069Z,2025-12-14T14:58:31.069Z
34,0x000a,-0.000240515,0x00000000,2025-12-14T14:58:31.069Z,2025-12-14T14:58:31.069Z
29,0x0004,0,0x00000000,2025-12-14T14:58:31.069Z,2025-12-14T14:58:31.069Z
25,0x000a,0,0x00000000,2025-12-14T14:58:31.069Z,2025-12-14T14:58:31.069Z
23,0x000a,-0.00237099,0x00000000,2025-12-14T14:58:31.069Z,2025-12-14T14:58:31.069Z
22,0x000a,-0.897565,0x00000000,2025-12-14T14:58:31.069Z,2025-12-14T14:58:31.069Z
21,0x000a,-0.000240515,0x00000000,2025-12-14T14:58:31.069Z,2025-12-14T14:58:31.069Z
7,0x0004,0,0x00000000,2025-12-14T14:58:31.069Z,2025-12-14T14:58:31.069Z
42,0x0001,false,0x00000000,2025-12-14T14:58:31.370Z,2025-12-14T14:58:31.370Z
40,0x0001,false,0x00000000,2025-12-14T14:58:31.370Z,2025-12-14T14:58:31.370Z
39,0x000a,0.296586,0x00000000,2025-12-14T14:58:31.370Z,2025-12-14T14:58:31.370Z
38,0x000a,0.397859,0x00000000,2025-12-14T14:58:31.370Z,2025-12-14T14:58:31.370Z
37,0x000a,1.09954,0x00000000,2025-12-14T14:58:31.370Z,2025-12-14T14:58:31.370Z
36,0x000a,-0.000296374,0x00000000,2025-12-14T14:58:31.370Z,2025-12-14T14:58:31.370Z
35,0x000a,-0.112196,0x00000000,2025-12-14T14:58:31.370Z,2025-12-14T14:58:31.370Z
34,0x000a,-3.00644e-05,0x00000000,2025-12-14T14:58:31.370Z,2025-12-14T14:58:31.370Z
30,0x0004,1000,0x00000000,2025-12-14T14:58:31.370Z,2025-12-14T14:58:31.370Z
29,0x0004,1000,0x00000000,2025-12-14T14:58:31.370Z,2025-12-14T14:58:31.370Z
28,0x0004,1000,0x00000000,2025-12-14T14:58:31.370Z,2025-12-14T14:58:31.370Z
26,0x000a,0.0296586,0x00000000,2025-12-14T14:58:31.370Z,2025-12-14T14:58:31.370Z
25,0x000a,0.0397859,0x00000000,2025-12-14T14:58:31.370Z,2025-12-14T14:58:31.370Z
24,0x000a,0.109954,0x00000000,2025-12-14T14:58:31.370Z,2025-12-14T14:58:31.370Z
23,0x000a,-0.000296374,0x00000000,2025-12-14T14:58:31.370Z,2025-12-14T14:58:31.370Z
22,0x000a,-0.112196,0x00000000,2025-12-14T14:58:31.370Z,2025-12-14T14:58:31.370Z
21,0x000a,-3.00644e-05,0x00000000,2025-12-14T14:58:31.370Z,2025-12-14T14:58:31.370Z
17,0x0001,true,0x00000000,2025-12-14T14:58:31.370Z,2025-12-14T14:58:31.370Z
15,0x0001,true,0x00000000,2025-12-14T14:58:31.370Z,2025-12-14T14:58:31.370Z
13,0x0001,true,0x00000000,2025-12-14T14:58:31.370Z,2025-12-14T14:58:31.370Z
8,0x0004,82,0x00000000,2025-12-14T14:58:31.370Z,2025-12-14T14:58:31.370Z
7,0x0004,110,0x00000000,2025-12-14T14:58:31.370Z,2025-12-14T14:58:31.370Z
6,0x0004,304,0x00000000,2025-12-14T14:58:31.370Z,2025-12-14T14:58:31.370Z
4,0x000a,10,0x00000000,2025-12-14T14:58:31.370Z,2025-12-14T14:58:31.370Z
3,0x000a,9,0x00000000,2025-12-14T14:58:31.370Z,2025-12-14T14:58:31.370Z
2,0x000a,8,0x00000000,2025-12-14T14:58:31.370Z,2025-12-14T14:58:31.370Z
39,0x000a,2.00014,0x00000000,2025-12-14T14:58:31.671Z,2025-12-14T14:58:31.671Z
38,0x000a,1.4974,0x00000000,2025-12-14T14:58:31.671Z,2025-12-14T14:58:31.671Z
37,0x000a,2.70182,0x00000000,2025-12-14T14:58:31.671Z,2025-12-14T14:58:31.671Z
36,0x000a,1.66283,0x00000000,2025-12-14T14:58:31.671Z,2025-12-14T14:58:31.671Z
35,0x000a,1.23471,0x00000000,2025-12-14T14:58:31.671Z,2025-12-14T14:58:31.671Z
34,0x000a,2.28768,0x00000000,2025-12-14T14:58:31.671Z,2025-12-14T14:58:31.671Z
26,0x000a,0.689742,0x00000000,2025-12-14T14:58:31.671Z,2025-12-14T14:58:31.671Z
25,0x000a,0.519748,0x00000000,2025-12-14T14:58:31.671Z,2025-12-14T14:58:31.671Z
24,0x000a,0.959925,0x00000000,2025-12-14T14:58:31.671Z,2025-12-14T14:58:31.671Z
23,0x000a,1.66283,0x00000000,2025-12-14T14:58:31.671Z,2025-12-14T14:58:31.671Z
22,0x000a,1.23471,0x00000000,2025-12-14T14:58:31.671Z,2025-12-14T14:58:31.671Z
21,0x000a,2.28768,0x00000000,2025-12-14T14:58:31.671Z,2025-12-14T14:58:31.671Z
8,0x0004,1907,0x00000000,2025-12-14T14:58:31.671Z,2025-12-14T14:58:31.671Z
7,0x0004,1437,0x00000000,2025-12-14T14:58:31.671Z,2025-12-14T14:58:31.671Z
6,0x0004,2654,0x00000000,2025-12-14T14:58:31.671Z,2025-12-14T14:58:31.671Z
39,0x000a,2.10142,0x00000000,2025-12-14T14:58:31.971Z,2025-12-14T14:58:31.971Z
38,0x000a,1.50101,0x00000000,2025-12-14T14:58:31.971Z,2025-12-14T14:58:31.971Z
36,0x000a,1.94023,0x00000000,2025-12-14T14:58:31.971Z,2025-12-14T14:58:31.971Z
35,0x000a,1.43444,0x00000000,2025-12-14T14:58:31.971Z,2025-12-14T14:58:31.971Z
34,0x000a,2.57116,0x00000000,2025-12-14T14:58:31.971Z,2025-12-14T14:58:31.971Z
26,0x000a,1.3397,0x00000000,2025-12-14T14:58:31.971Z,2025-12-14T14:58:31.971Z
25,0x000a,0.989945,0x00000000,2025-12-14T14:58:31.971Z,2025-12-14T14:58:31.971Z
24,0x000a,1.8099,0x00000000,2025-12-14T14:58:31.971Z,2025-12-14T14:58:31.971Z
23,0x000a,1.94023,0x00000000,2025-12-14T14:58:31.971Z,2025-12-14T14:58:31.971Z
22,0x000a,1.43444,0x00000000,2025-12-14T14:58:31.971Z,2025-12-14T14:58:31.971Z
21,0x000a,2.57116,0x00000000,2025-12-14T14:58:31.971Z,2025-12-14T14:58:31.971Z
8,0x0004,3704,0x00000000,2025-12-14T14:58:31.968Z,2025-12-14T14:58:31.968Z
7,0x0004,2737,0x00000000,2025-12-14T14:58:31.968Z,2025-12-14T14:58:31.968Z
6,0x0004,5004,0x00000000,2025-12-14T14:58:31.968Z,2025-12-14T14:58:31.968Z
37,0x000a,2.69821,0x00000000,2025-12-14T14:58:32.272Z,2025-12-14T14:58:32.272Z
36,0x000a,2.52976,0x00000000,2025-12-14T14:58:32.272Z,2025-12-14T14:58:32.272Z
35,0x000a,1.84172,0x00000000,2025-12-14T14:58:32.272Z,2025-12-14T14:58:32.272Z
34,0x000a,3.28409,0x00000000,2025-12-14T14:58:32.272Z,2025-12-14T14:58:32.272Z
26,0x000a,1.91985,0x00000000,2025-12-14T14:58:32.272Z,2025-12-14T14:58:32.272Z
25,0x000a,1.40987,0x00000000,2025-12-14T14:58:32.272Z,2025-12-14T14:58:32.272Z
24,0x000a,2.55968,0x00000000,2025-12-14T14:58:32.272Z,2025-12-14T14:58:32.272Z
23,0x000a,2.52976,0x00000000,2025-12-14T14:58:32.272Z,2025-12-14T14:58:32.272Z
22,0x000a,1.84172,0x00000000,2025-12-14T14:58:32.272Z,2025-12-14T14:58:32.272Z
21,0x000a,3.28409,0x00000000,2025-12-14T14:58:32.272Z,2025-12-14T14:58:32.272Z
8,0x0004,5308,0x00000000,2025-12-14T14:58:32.269Z,2025-12-14T14:58:32.269Z
7,0x0004,3898,0x00000000,2025-12-14T14:58:32.269Z,2025-12-14T14:58:32.269Z
6,0x0004,7077,0x00000000,2025-12-14T14:58:32.269Z,2025-12-14T14:58:32.269Z
39,0x000a,2.00014,0x00000000,2025-12-14T14:58:32.571Z,2025-12-14T14:58:32.571Z
37,0x000a,2.60055,0x00000000,2025-12-14T14:58:32.571Z,2025-12-14T14:58:32.571Z
36,0x000a,2.40743,0x00000000,2025-12-14T14:58:32.571Z,2025-12-14T14:58:32.571Z
35,0x000a,1.68565,0x00000000,2025-12-14T14:58:32.571Z,2025-12-14T14:58:32.571Z
34,0x000a,3.09605,0x00000000,2025-12-14T14:58:32.571Z,2025-12-14T14:58:32.571Z
26,0x000a,2.57993,0x00000000,2025-12-14T14:58:32.571Z,2025-12-14T14:58:32.571Z
25,0x000a,1.8797,0x00000000,2025-12-14T14:58:32.571Z,2025-12-14T14:58:32.571Z
24,0x000a,3.40965,0x00000000,2025-12-14T14:58:32.571Z,2025-12-14T14:58:32.571Z
23,0x000a,2.40743,0x00000000,2025-12-14T14:58:32.571Z,2025-12-14T14:58:32.571Z
22,0x000a,1.68565,0x00000000,2025-12-14T14:58:32.571Z,2025-12-14T14:58:32.571Z
21,0x000a,3.09605,0x00000000,2025-12-14T14:58:32.571Z,2025-12-14T14:58:32.571Z
8,0x0004,7133,0x00000000,2025-12-14T14:58:32.568Z,2025-12-14T14:58:32.568Z
7,0x0004,5197,0x00000000,2025-12-14T14:58:32.568Z,2025-12-14T14:58:32.568Z
6,0x0004,9427,0x00000000,2025-12-14T14:58:32.568Z,2025-12-14T14:58:32.568Z
39,0x000a,2.0978,0x00000000,2025-12-14T14:58:32.870Z,2025-12-14T14:58:32.870Z
38,0x000a,1.50101,0x00000000,2025-12-14T14:58:32.870Z,2025-12-14T14:58:32.870Z
36,0x000a,2.07637,0x00000000,2025-12-14T14:58:32.870Z,2025-12-14T14:58:32.870Z
35,0x000a,1.52319,0x00000000,2025-12-14T14:58:32.870Z,2025-12-14T14:58:32.870Z
34,0x000a,2.73754,0x00000000,2025-12-14T14:58:32.870Z,2025-12-14T14:58:32.870Z
26,0x000a,3.22989,0x00000000,2025-12-14T14:58:32.870Z,2025-12-14T14:58:32.870Z
25,0x000a,2.3499,0x00000000,2025-12-14T14:58:32.870Z,2025-12-14T14:58:32.870Z
24,0x000a,4.25998,0x00000000,2025-12-14T14:58:32.870Z,2025-12-14T14:58:32.870Z
23,0x000a,2.07637,0x00000000,2025-12-14T14:58:32.870Z,2025-12-14T14:58:32.870Z
22,0x000a,1.52319,0x00000000,2025-12-14T14:58:32.870Z,2025-12-14T14:58:32.870Z
21,0x000a,2.73754,0x00000000,2025-12-14T14:58:32.870Z,2025-12-14T14:58:32.870Z
8,0x0004,8930,0x00000000,2025-12-14T14:58:32.870Z,2025-12-14T14:58:32.870Z
7,0x0004,6497,0x00000000,2025-12-14T14:58:32.870Z,2025-12-14T14:58:32.870Z
6,0x0004,11778,0x00000000,2025-12-14T14:58:32.870Z,2025-12-14T14:58:32.870Z
39,0x000a,4.10156,0x00000000,2025-12-14T14:58:33.170Z,2025-12-14T14:58:33.170Z
38,0x000a,2.99841,0x00000000,2025-12-14T14:58:33.170Z,2025-12-14T14:58:33.170Z
37,0x000a,5.29875,0x00000000,2025-12-14T14:58:33.170Z,2025-12-14T14:58:33.170Z
36,0x000a,2.17108,0x00000000,2025-12-14T14:58:33.170Z,2025-12-14T14:58:33.170Z
35,0x000a,1.55352,0x00000000,2025-12-14T14:58:33.170Z,2025-12-14T14:58:33.170Z
34,0x000a,2.8166,0x00000000,2025-12-14T14:58:33.170Z,2025-12-14T14:58:33.170Z
26,0x000a,3.84983,0x00000000,2025-12-14T14:58:33.170Z,2025-12-14T14:58:33.170Z
25,0x000a,2.79984,0x00000000,2025-12-14T14:58:33.170Z,2025-12-14T14:58:33.170Z
24,0x000a,5.05968,0x00000000,2025-12-14T14:58:33.170Z,2025-12-14T14:58:33.170Z
23,0x000a,2.17108,0x00000000,2025-12-14T14:58:33.170Z,2025-12-14T14:58:33.170Z
22,0x000a,1.55352,0x00000000,2025-12-14T14:58:33.170Z,2025-12-14T14:58:33.170Z
21,0x000a,2.8166,0x00000000,2025-12-14T14:58:33.170Z,2025-12-14T14:58:33.170Z
8,0x0004,10644,0x00000000,2025-12-14T14:58:33.168Z,2025-12-14T14:58:33.168Z
7,0x0004,7741,0x00000000,2025-12-14T14:58:33.168Z,2025-12-14T14:58:33.168Z
6,0x0004,13989,0x00000000,2025-12-14T14:58:33.168Z,2025-12-14T14:58:33.168Z
39,0x000a,2.00015,0x00000000,2025-12-14T14:58:33.470Z,2025-12-14T14:58:33.470Z
38,0x000a,1.50101,0x00000000,2025-12-14T14:58:33.470Z,2025-12-14T14:58:33.470Z
37,0x000a,2.70182,0x00000000,2025-12-14T14:58:33.470Z,2025-12-14T14:58:33.470Z
36,0x000a,2.61887,0x00000000,2025-12-14T14:58:33.470Z,2025-12-14T14:58:33.470Z
35,0x000a,1.83785,0x00000000,2025-12-14T14:58:33.470Z,2025-12-14T14:58:33.470Z
34,0x000a,3.32911,0x00000000,2025-12-14T14:58:33.470Z,2025-12-14T14:58:33.470Z
26,0x000a,4.46976,0x00000000,2025-12-14T14:58:33.470Z,2025-12-14T14:58:33.470Z
25,0x000a,3.23966,0x00000000,2025-12-14T14:58:33.470Z,2025-12-14T14:58:33.470Z
24,0x000a,5.85974,0x00000000,2025-12-14T14:58:33.470Z,2025-12-14T14:58:33.470Z
23,0x000a,2.61887,0x00000000,2025-12-14T14:58:33.470Z,2025-12-14T14:58:33.470Z
22,0x000a,1.83785,0x00000000,2025-12-14T14:58:33.470Z,2025-12-14T14:58:33.470Z
21,0x000a,3.32911,0x00000000,2025-12-14T14:58:33.470Z,2025-12-14T14:58:33.470Z
8,0x0004,12358,0x00000000,2025-12-14T14:58:33.470Z,2025-12-14T14:58:33.470Z
7,0x0004,8957,0x00000000,2025-12-14T14:58:33.470Z,2025-12-14T14:58:33.470Z
6,0x0004,16201,0x00000000,2025-12-14T14:58:33.470Z,2025-12-14T14:58:33.470Z
39,0x000a,2.0978,0x00000000,2025-12-14T14:58:33.772Z,2025-12-14T14:58:33.772Z
37,0x000a,2.60055,0x00000000,2025-12-14T14:58:33.772Z,2025-12-14T14:58:33.772Z
36,0x000a,2.30264,0x00000000,2025-12-14T14:58:33.772Z,2025-12-14T14:58:33.772Z
35,0x000a,1.69231,0x00000000,2025-12-14T14:58:33.772Z,2025-12-14T14:58:33.772Z
34,0x000a,3.0289,0x00000000,2025-12-14T14:58:33.772Z,2025-12-14T14:58:33.772Z
26,0x000a,4.9197,0x00000000,2025-12-14T14:58:33.772Z,2025-12-14T14:58:33.772Z
25,0x000a,3.56988,0x00000000,2025-12-14T14:58:33.772Z,2025-12-14T14:58:33.772Z
24,0x000a,6.43989,0x00000000,2025-12-14T14:58:33.772Z,2025-12-14T14:58:33.772Z
23,0x000a,2.30264,0x00000000,2025-12-14T14:58:33.772Z,2025-12-14T14:58:33.772Z
22,0x000a,1.69231,0x00000000,2025-12-14T14:58:33.772Z,2025-12-14T14:58:33.772Z
21,0x000a,3.0289,0x00000000,2025-12-14T14:58:33.772Z,2025-12-14T14:58:33.772Z
8,0x0004,13602,0x00000000,2025-12-14T14:58:33.769Z,2025-12-14T14:58:33.769Z
7,0x0004,9870,0x00000000,2025-12-14T14:58:33.769Z,2025-12-14T14:58:33.769Z
6,0x0004,17805,0x00000000,2025-12-14T14:58:33.769Z,2025-12-14T14:58:33.769Z
39,0x000a,2.00014,0x00000000,2025-12-14T14:58:34.072Z,2025-12-14T14:58:34.072Z
38,0x000a,1.4974,0x00000000,2025-12-14T14:58:34.072Z,2025-12-14T14:58:34.072Z
37,0x000a,2.70182,0x00000000,2025-12-14T14:58:34.072Z,2025-12-14T14:58:34.072Z
36,0x000a,2.1008,0x00000000,2025-12-14T14:58:34.072Z,2025-12-14T14:58:34.072Z
35,0x000a,1.49961,0x00000000,2025-12-14T14:58:34.072Z,2025-12-14T14:58:34.072Z
34,0x000a,2.67851,0x00000000,2025-12-14T14:58:34.072Z,2025-12-14T14:58:34.072Z
26,0x000a,5.52988,0x00000000,2025-12-14T14:58:34.072Z,2025-12-14T14:58:34.072Z
25,0x000a,4.00969,0x00000000,2025-12-14T14:58:34.072Z,2025-12-14T14:58:34.072Z
24,0x000a,7.23994,0x00000000,2025-12-14T14:58:34.072Z,2025-12-14T14:58:34.072Z
23,0x000a,2.1008,0x00000000,2025-12-14T14:58:34.072Z,2025-12-14T14:58:34.072Z
22,0x000a,1.49961,0x00000000,2025-12-14T14:58:34.072Z,2025-12-14T14:58:34.072Z
21,0x000a,2.67851,0x00000000,2025-12-14T14:58:34.072Z,2025-12-14T14:58:34.072Z
8,0x0004,15289,0x00000000,2025-12-14T14:58:34.068Z,2025-12-14T14:58:34.068Z
7,0x0004,11086,0x00000000,2025-12-14T14:58:34.068Z,2025-12-14T14:58:34.068Z
6,0x0004,20017,0x00000000,2025-12-14T14:58:34.068Z,2025-12-14T14:58:34.068Z
39,0x000a,4.50304,0x00000000,2025-12-14T14:58:34.373Z,2025-12-14T14:58:34.373Z
38,0x000a,3.20096,0x00000000,2025-12-14T14:58:34.373Z,2025-12-14T14:58:34.373Z
37,0x000a,5.89916,0x00000000,2025-12-14T14:58:34.373Z,2025-12-14T14:58:34.373Z
36,0x000a,2.07414,0x00000000,2025-12-14T14:58:34.373Z,2025-12-14T14:58:34.373Z
35,0x000a,1.49976,0x00000000,2025-12-14T14:58:34.373Z,2025-12-14T14:58:34.373Z
34,0x000a,2.64536,0x00000000,2025-12-14T14:58:34.373Z,2025-12-14T14:58:34.373Z
26,0x000a,6.18996,0x00000000,2025-12-14T14:58:34.373Z,2025-12-14T14:58:34.373Z
25,0x000a,4.47989,0x00000000,2025-12-14T14:58:34.373Z,2025-12-14T14:58:34.373Z
24,0x000a,8.08992,0x00000000,2025-12-14T14:58:34.373Z,2025-12-14T14:58:34.373Z
23,0x000a,2.07414,0x00000000,2025-12-14T14:58:34.373Z,2025-12-14T14:58:34.373Z
22,0x000a,1.49976,0x00000000,2025-12-14T14:58:34.373Z,2025-12-14T14:58:34.373Z
21,0x000a,2.64536,0x00000000,2025-12-14T14:58:34.373Z,2025-12-14T14:58:34.373Z
13,0x0001,false,0x00000000,2025-12-14T14:58:34.373Z,2025-12-14T14:58:34.373Z
8,0x0004,17114,0x00000000,2025-12-14T14:58:34.369Z,2025-12-14T14:58:34.369Z
7,0x0004,12386,0x00000000,2025-12-14T14:58:34.369Z,2025-12-14T14:58:34.369Z
6,0x0004,22367,0x00000000,2025-12-14T14:58:34.369Z,2025-12-14T14:58:34.369Z
39,0x000a,2.10142,0x00000000,2025-12-14T14:58:34.671Z,2025-12-14T14:58:34.671Z
38,0x000a,1.50101,0x00000000,2025-12-14T14:58:34.671Z,2025-12-14T14:58:34.671Z
37,0x000a,0,0x00000000,2025-12-14T14:58:34.671Z,2025-12-14T14:58:34.671Z
36,0x000a,2.34667,0x00000000,2025-12-14T14:58:34.671Z,2025-12-14T14:58:34.671Z
35,0x000a,1.71154,0x00000000,2025-12-14T14:58:34.671Z,2025-12-14T14:58:34.671Z
34,0x000a,1.46773,0x00000000,2025-12-14T14:58:34.671Z,2025-12-14T14:58:34.671Z
26,0x000a,6.8099,0x00000000,2025-12-14T14:58:34.671Z,2025-12-14T14:58:34.671Z
25,0x000a,4.92983,0x00000000,2025-12-14T14:58:34.671Z,2025-12-14T14:58:34.671Z
24,0x000a,8.24978,0x00000000,2025-12-14T14:58:34.671Z,2025-12-14T14:58:34.671Z
23,0x000a,2.34667,0x00000000,2025-12-14T14:58:34.671Z,2025-12-14T14:58:34.671Z
22,0x000a,1.71154,0x00000000,2025-12-14T14:58:34.671Z,2025-12-14T14:58:34.671Z
21,0x000a,1.46773,0x00000000,2025-12-14T14:58:34.671Z,2025-12-14T14:58:34.671Z
8,0x0004,18828,0x00000000,2025-12-14T14:58:34.669Z,2025-12-14T14:58:34.669Z
7,0x0004,13630,0x00000000,2025-12-14T14:58:34.669Z,2025-12-14T14:58:34.669Z
6,0x0004,22809,0x00000000,2025-12-14T14:58:34.669Z,2025-12-14T14:58:34.669Z
40,0x0001,true,0x00000000,2025-12-14T14:58:34.970Z,2025-12-14T14:58:34.970Z
39,0x000a,2.0978,0x00000000,2025-12-14T14:58:34.970Z,2025-12-14T14:58:34.970Z
36,0x000a,2.10495,0x00000000,2025-12-14T14:58:34.970Z,2025-12-14T14:58:34.970Z
35,0x000a,1.50201,0x00000000,2025-12-14T14:58:34.970Z,2025-12-14T14:58:34.970Z
34,0x000a,0.183466,0x00000000,2025-12-14T14:58:34.970Z,2025-12-14T14:58:34.970Z
26,0x000a,7.45985,0x00000000,2025-12-14T14:58:34.970Z,2025-12-14T14:58:34.970Z
25,0x000a,5.39967,0x00000000,2025-12-14T14:58:34.970Z,2025-12-14T14:58:34.970Z
23,0x000a,2.10495,0x00000000,2025-12-14T14:58:34.970Z,2025-12-14T14:58:34.970Z
22,0x000a,1.50201,0x00000000,2025-12-14T14:58:34.970Z,2025-12-14T14:58:34.970Z
21,0x000a,0.183466,0x00000000,2025-12-14T14:58:34.970Z,2025-12-14T14:58:34.970Z
8,0x0004,20625,0x00000000,2025-12-14T14:58:34.968Z,2025-12-14T14:58:34.968Z
7,0x0004,14929,0x00000000,2025-12-14T14:58:34.968Z,2025-12-14T14:58:34.968Z
38,0x000a,1.39974,0x00000000,2025-12-14T14:58:35.271Z,2025-12-14T14:58:35.271Z
36,0x000a,2.17735,0x00000000,2025-12-14T14:58:35.271Z,2025-12-14T14:58:35.271Z
35,0x000a,1.57541,0x00000000,2025-12-14T14:58:35.271Z,2025-12-14T14:58:35.271Z
34,0x000a,0.0458666,0x00000000,2025-12-14T14:58:35.271Z,2025-12-14T14:58:35.271Z
26,0x000a,8.07979,0x00000000,2025-12-14T14:58:35.271Z,2025-12-14T14:58:35.271Z
25,0x000a,5.83984,0x00000000,2025-12-14T14:58:35.271Z,2025-12-14T14:58:35.271Z
23,0x000a,2.17735,0x00000000,2025-12-14T14:58:35.271Z,2025-12-14T14:58:35.271Z
22,0x000a,1.57541,0x00000000,2025-12-14T14:58:35.271Z,2025-12-14T14:58:35.271Z
21,0x000a,0.0458666,0x00000000,2025-12-14T14:58:35.271Z,2025-12-14T14:58:35.271Z
8,0x0004,22339,0x00000000,2025-12-14T14:58:35.269Z,2025-12-14T14:58:35.269Z
7,0x0004,16146,0x00000000,2025-12-14T14:58:35.269Z,2025-12-14T14:58:35.269Z
39,0x000a,2.09781,0x00000000,2025-12-14T14:58:35.569Z,2025-12-14T14:58:35.569Z
38,0x000a,1.50101,0x00000000,2025-12-14T14:58:35.569Z,2025-12-14T14:58:35.569Z
36,0x000a,3.08521,0x00000000,2025-12-14T14:58:35.569Z,2025-12-14T14:58:35.569Z
35,0x000a,2.24635,0x00000000,2025-12-14T14:58:35.569Z,2025-12-14T14:58:35.569Z
34,0x000a,0.00573332,0x00000000,2025-12-14T14:58:35.569Z,2025-12-14T14:58:35.569Z
26,0x000a,8.69973,0x00000000,2025-12-14T14:58:35.569Z,2025-12-14T14:58:35.569Z
25,0x000a,6.28979,0x00000000,2025-12-14T14:58:35.569Z,2025-12-14T14:58:35.569Z
23,0x000a,3.08521,0x00000000,2025-12-14T14:58:35.569Z,2025-12-14T14:58:35.569Z
22,0x000a,2.24635,0x00000000,2025-12-14T14:58:35.569Z,2025-12-14T14:58:35.569Z
21,0x000a,0.00573332,0x00000000,2025-12-14T14:58:35.569Z,2025-12-14T14:58:35.569Z
8,0x0004,24053,0x00000000,2025-12-14T14:58:35.569Z,2025-12-14T14:58:35.569Z
7,0x0004,17390,0x00000000,2025-12-14T14:58:35.569Z,2025-12-14T14:58:35.569Z
39,0x000a,2.0978,0x00000000,2025-12-14T14:58:35.871Z,2025-12-14T14:58:35.871Z
36,0x000a,2.49656,0x00000000,2025-12-14T14:58:35.871Z,2025-12-14T14:58:35.871Z
35,0x000a,1.78681,0x00000000,2025-12-14T14:58:35.871Z,2025-12-14T14:58:35.871Z
34,0x000a,0.00143333,0x00000000,2025-12-14T14:58:35.871Z,2025-12-14T14:58:35.871Z
26,0x000a,9.34968,0x00000000,2025-12-14T14:58:35.871Z,2025-12-14T14:58:35.871Z
25,0x000a,6.75998,0x00000000,2025-12-14T14:58:35.871Z,2025-12-14T14:58:35.871Z
23,0x000a,2.49656,0x00000000,2025-12-14T14:58:35.871Z,2025-12-14T14:58:35.871Z
22,0x000a,1.78681,0x00000000,2025-12-14T14:58:35.871Z,2025-12-14T14:58:35.871Z
21,0x000a,0.00143333,0x00000000,2025-12-14T14:58:35.871Z,2025-12-14T14:58:35.871Z
8,0x0004,25850,0x00000000,2025-12-14T14:58:35.871Z,2025-12-14T14:58:35.871Z
7,0x0004,18690,0x00000000,2025-12-14T14:58:35.871Z,2025-12-14T14:58:35.871Z
39,0x000a,2.10142,0x00000000,2025-12-14T14:58:36.172Z,2025-12-14T14:58:36.172Z
38,0x000a,1.39974,0x00000000,2025-12-14T14:58:36.172Z,2025-12-14T14:58:36.172Z
36,0x000a,2.12504,0x00000000,2025-12-14T14:58:36.172Z,2025-12-14T14:58:36.172Z
35,0x000a,1.53493,0x00000000,2025-12-14T14:58:36.172Z,2025-12-14T14:58:36.172Z
34,0x000a,0.000179166,0x00000000,2025-12-14T14:58:36.172Z,2025-12-14T14:58:36.172Z
26,0x000a,9.96998,0x00000000,2025-12-14T14:58:36.172Z,2025-12-14T14:58:36.172Z
25,0x000a,7.1998,0x00000000,2025-12-14T14:58:36.172Z,2025-12-14T14:58:36.172Z
23,0x000a,2.12504,0x00000000,2025-12-14T14:58:36.172Z,2025-12-14T14:58:36.172Z
22,0x000a,1.53493,0x00000000,2025-12-14T14:58:36.172Z,2025-12-14T14:58:36.172Z
21,0x000a,0.000179166,0x00000000,2025-12-14T14:58:36.172Z,2025-12-14T14:58:36.172Z
17,0x0001,false,0x00000000,2025-12-14T14:58:36.172Z,2025-12-14T14:58:36.172Z
8,0x0004,27565,0x00000000,2025-12-14T14:58:36.169Z,2025-12-14T14:58:36.169Z
7,0x0004,19906,0x00000000,2025-12-14T14:58:36.169Z,2025-12-14T14:58:36.169Z
39,0x000a,0,0x00000000,2025-12-14T14:58:36.472Z,2025-12-14T14:58:36.472Z
38,0x000a,1.49739,0x00000000,2025-12-14T14:58:36.472Z,2025-12-14T14:58:36.472Z
36,0x000a,1.17845,0x00000000,2025-12-14T14:58:36.472Z,2025-12-14T14:58:36.472Z
35,0x000a,1.6427,0x00000000,2025-12-14T14:58:36.472Z,2025-12-14T14:58:36.472Z
34,0x000a,2.23958e-05,0x00000000,2025-12-14T14:58:36.472Z,2025-12-14T14:58:36.472Z
30,0x0004,0,0x00000000,2025-12-14T14:58:36.472Z,2025-12-14T14:58:36.472Z
26,0x000a,10,0x00000000,2025-12-14T14:58:36.472Z,2025-12-14T14:58:36.472Z
25,0x000a,7.66999,0x00000000,2025-12-14T14:58:36.472Z,2025-12-14T14:58:36.472Z
23,0x000a,1.17845,0x00000000,2025-12-14T14:58:36.472Z,2025-12-14T14:58:36.472Z
22,0x000a,1.6427,0x00000000,2025-12-14T14:58:36.472Z,2025-12-14T14:58:36.472Z
21,0x000a,2.23958e-05,0x00000000,2025-12-14T14:58:36.472Z,2025-12-14T14:58:36.472Z
8,0x0004,27648,0x00000000,2025-12-14T14:58:36.468Z,2025-12-14T14:58:36.468Z
7,0x0004,21206,0x00000000,2025-12-14T14:58:36.468Z,2025-12-14T14:58:36.468Z
42,0x0001,true,0x00000000,2025-12-14T14:58:36.769Z,2025-12-14T14:58:36.769Z
38,0x000a,1.50101,0x00000000,2025-12-14T14:58:36.769Z,2025-12-14T14:58:36.769Z
36,0x000a,0.294612,0x00000000,2025-12-14T14:58:36.769Z,2025-12-14T14:58:36.769Z
35,0x000a,2.2354,0x00000000,2025-12-14T14:58:36.769Z,2025-12-14T14:58:36.769Z
34,0x000a,5.59895e-06,0x00000000,2025-12-14T14:58:36.769Z,2025-12-14T14:58:36.769Z
25,0x000a,8.11994,0x00000000,2025-12-14T14:58:36.769Z,2025-12-14T14:58:36.769Z
23,0x000a,0.294612,0x00000000,2025-12-14T14:58:36.769Z,2025-12-14T14:58:36.769Z
22,0x000a,2.2354,0x00000000,2025-12-14T14:58:36.769Z,2025-12-14T14:58:36.769Z
21,0x000a,5.59895e-06,0x00000000,2025-12-14T14:58:36.769Z,2025-12-14T14:58:36.769Z
7,0x0004,22450,0x00000000,2025-12-14T14:58:36.769Z,2025-12-14T14:58:36.769Z
38,0x000a,1.69993,0x00000000,2025-12-14T14:58:37.070Z,2025-12-14T14:58:37.070Z
36,0x000a,0.0368264,0x00000000,2025-12-14T14:58:37.070Z,2025-12-14T14:58:37.070Z
35,0x000a,1.59101,0x00000000,2025-12-14T14:58:37.070Z,2025-12-14T14:58:37.070Z
34,0x000a,6.99869e-07,0x00000000,2025-12-14T14:58:37.070Z,2025-12-14T14:58:37.070Z
25,0x000a,8.43967,0x00000000,2025-12-14T14:58:37.070Z,2025-12-14T14:58:37.070Z
23,0x000a,0.0368264,0x00000000,2025-12-14T14:58:37.070Z,2025-12-14T14:58:37.070Z
22,0x000a,1.59101,0x00000000,2025-12-14T14:58:37.070Z,2025-12-14T14:58:37.070Z
21,0x000a,6.99869e-07,0x00000000,2025-12-14T14:58:37.070Z,2025-12-14T14:58:37.070Z
7,0x0004,23334,0x00000000,2025-12-14T14:58:37.068Z,2025-12-14T14:58:37.068Z
38,0x000a,1.50101,0x00000000,2025-12-14T14:58:37.370Z,2025-12-14T14:58:37.370Z
36,0x000a,0.00460331,0x00000000,2025-12-14T14:58:37.370Z,2025-12-14T14:58:37.370Z
35,0x000a,1.53713,0x00000000,2025-12-14T14:58:37.370Z,2025-12-14T14:58:37.370Z
34,0x000a,8.74836e-08,0x00000000,2025-12-14T14:58:37.370Z,2025-12-14T14:58:37.370Z
25,0x000a,8.88997,0x00000000,2025-12-14T14:58:37.370Z,2025-12-14T14:58:37.370Z
23,0x000a,0.00460331,0x00000000,2025-12-14T14:58:37.370Z,2025-12-14T14:58:37.370Z
22,0x000a,1.53713,0x00000000,2025-12-14T14:58:37.370Z,2025-12-14T14:58:37.370Z
21,0x000a,8.74836e-08,0x00000000,2025-12-14T14:58:37.370Z,2025-12-14T14:58:37.370Z
15,0x0001,false,0x00000000,2025-12-14T14:58:37.370Z,2025-12-14T14:58:37.370Z
7,0x0004,24579,0x00000000,2025-12-14T14:58:37.370Z,2025-12-14T14:58:37.370Z
38,0x000a,0,0x00000000,2025-12-14T14:58:37.670Z,2025-12-14T14:58:37.670Z
36,0x000a,0.00115083,0x00000000,2025-12-14T14:58:37.670Z,2025-12-14T14:58:37.670Z
35,0x000a,1.05793,0x00000000,2025-12-14T14:58:37.670Z,2025-12-14T14:58:37.670Z
34,0x000a,2.18709e-08,0x00000000,2025-12-14T14:58:37.670Z,2025-12-14T14:58:37.670Z
25,0x000a,8.94965,0x00000000,2025-12-14T14:58:37.670Z,2025-12-14T14:58:37.670Z
23,0x000a,0.00115083,0x00000000,2025-12-14T14:58:37.670Z,2025-12-14T14:58:37.670Z
22,0x000a,1.05793,0x00000000,2025-12-14T14:58:37.670Z,2025-12-14T14:58:37.670Z
21,0x000a,2.18709e-08,0x00000000,2025-12-14T14:58:37.670Z,2025-12-14T14:58:37.670Z
7,0x0004,24744,0x00000000,2025-12-14T14:58:37.670Z,2025-12-14T14:58:37.670Z
42,0x0001,false,0x00000000,2025-12-14T14:58:37.969Z,2025-12-14T14:58:37.969Z
40,0x0001,false,0x00000000,2025-12-14T14:58:37.969Z,2025-12-14T14:58:37.969Z
39,0x000a,-0.600405,0x00000000,2025-12-14T14:58:37.969Z,2025-12-14T14:58:37.969Z
38,0x000a,-0.896988,0x00000000,2025-12-14T14:58:37.969Z,2025-12-14T14:58:37.969Z
37,0x000a,-1.59866,0x00000000,2025-12-14T14:58:37.969Z,2025-12-14T14:58:37.969Z
36,0x000a,0.000143853,0x00000000,2025-12-14T14:58:37.969Z,2025-12-14T14:58:37.969Z
35,0x000a,0.132241,0x00000000,2025-12-14T14:58:37.969Z,2025-12-14T14:58:37.969Z
34,0x000a,2.73386e-09,0x00000000,2025-12-14T14:58:37.969Z,2025-12-14T14:58:37.969Z
30,0x0004,1000,0x00000000,2025-12-14T14:58:37.969Z,2025-12-14T14:58:37.969Z
26,0x000a,9.93996,0x00000000,2025-12-14T14:58:37.969Z,2025-12-14T14:58:37.969Z
25,0x000a,8.85995,0x00000000,2025-12-14T14:58:37.969Z,2025-12-14T14:58:37.969Z
24,0x000a,8.08992,0x00000000,2025-12-14T14:58:37.969Z,2025-12-14T14:58:37.969Z
23,0x000a,0.000143853,0x00000000,2025-12-14T14:58:37.969Z,2025-12-14T14:58:37.969Z
22,0x000a,0.132241,0x00000000,2025-12-14T14:58:37.969Z,2025-12-14T14:58:37.969Z
21,0x000a,2.73386e-09,0x00000000,2025-12-14T14:58:37.969Z,2025-12-14T14:58:37.969Z
18,0x0001,true,0x00000000,2025-12-14T14:58:37.969Z,2025-12-14T14:58:37.969Z
16,0x0001,true,0x00000000,2025-12-14T14:58:37.969Z,2025-12-14T14:58:37.969Z
14,0x0001,true,0x00000000,2025-12-14T14:58:37.969Z,2025-12-14T14:58:37.969Z
8,0x0004,27482,0x00000000,2025-12-14T14:58:37.969Z,2025-12-14T14:58:37.969Z
7,0x0004,24496,0x00000000,2025-12-14T14:58:37.969Z,2025-12-14T14:58:37.969Z
6,0x0004,22367,0x00000000,2025-12-14T14:58:37.969Z,2025-12-14T14:58:37.969Z
4,0x000a,5,0x00000000,2025-12-14T14:58:37.969Z,2025-12-14T14:58:37.969Z
3,0x000a,5,0x00000000,2025-12-14T14:58:37.969Z,2025-12-14T14:58:37.969Z
2,0x000a,5,0x00000000,2025-12-14T14:58:37.969Z,2025-12-14T14:58:37.969Z
39,0x000a,-2.10142,0x00000000,2025-12-14T14:58:38.270Z,2025-12-14T14:58:38.270Z
38,0x000a,-1.49739,0x00000000,2025-12-14T14:58:38.270Z,2025-12-14T14:58:38.270Z
37,0x000a,-2.60055,0x00000000,2025-12-14T14:58:38.270Z,2025-12-14T14:58:38.270Z
36,0x000a,-1.85003,0x00000000,2025-12-14T14:58:38.270Z,2025-12-14T14:58:38.270Z
35,0x000a,-1.37145,0x00000000,2025-12-14T14:58:38.270Z,2025-12-14T14:58:38.270Z
34,0x000a,-2.47396,0x00000000,2025-12-14T14:58:38.270Z,2025-12-14T14:58:38.270Z
26,0x000a,9.26975,0x00000000,2025-12-14T14:58:38.270Z,2025-12-14T14:58:38.270Z
25,0x000a,8.37999,0x00000000,2025-12-14T14:58:38.270Z,2025-12-14T14:58:38.270Z
24,0x000a,7.23994,0x00000000,2025-12-14T14:58:38.270Z,2025-12-14T14:58:38.270Z
23,0x000a,-1.85003,0x00000000,2025-12-14T14:58:38.270Z,2025-12-14T14:58:38.270Z
22,0x000a,-1.37145,0x00000000,2025-12-14T14:58:38.270Z,2025-12-14T14:58:38.270Z
21,0x000a,-2.47396,0x00000000,2025-12-14T14:58:38.270Z,2025-12-14T14:58:38.270Z
8,0x0004,25629,0x00000000,2025-12-14T14:58:38.270Z,2025-12-14T14:58:38.270Z
7,0x0004,23169,0x00000000,2025-12-14T14:58:38.270Z,2025-12-14T14:58:38.270Z
6,0x0004,20017,0x00000000,2025-12-14T14:58:38.270Z,2025-12-14T14:58:38.270Z
39,0x000a,-2.0978,0x00000000,2025-12-14T14:58:38.570Z,2025-12-14T14:58:38.570Z
36,0x000a,-1.98793,0x00000000,2025-12-14T14:58:38.570Z,2025-12-14T14:58:38.570Z
35,0x000a,-1.41889,0x00000000,2025-12-14T14:58:38.570Z,2025-12-14T14:58:38.570Z
34,0x000a,-2.61954,0x00000000,2025-12-14T14:58:38.570Z,2025-12-14T14:58:38.570Z
26,0x000a,8.65994,0x00000000,2025-12-14T14:58:38.570Z,2025-12-14T14:58:38.570Z
25,0x000a,7.93981,0x00000000,2025-12-14T14:58:38.570Z,2025-12-14T14:58:38.570Z
24,0x000a,6.43989,0x00000000,2025-12-14T14:58:38.570Z,2025-12-14T14:58:38.570Z
23,0x000a,-1.98793,0x00000000,2025-12-14T14:58:38.570Z,2025-12-14T14:58:38.570Z
22,0x000a,-1.41889,0x00000000,2025-12-14T14:58:38.570Z,2025-12-14T14:58:38.570Z
21,0x000a,-2.61954,0x00000000,2025-12-14T14:58:38.570Z,2025-12-14T14:58:38.570Z
8,0x0004,23943,0x00000000,2025-12-14T14:58:38.568Z,2025-12-14T14:58:38.568Z
7,0x0004,21952,0x00000000,2025-12-14T14:58:38.568Z,2025-12-14T14:58:38.568Z
6,0x0004,17805,0x00000000,2025-12-14T14:58:38.568Z,2025-12-14T14:58:38.568Z
39,0x000a,-4.49943,0x00000000,2025-12-14T14:58:38.871Z,2025-12-14T14:58:38.871Z
38,0x000a,-3.19734,0x00000000,2025-12-14T14:58:38.871Z,2025-12-14T14:58:38.871Z
37,0x000a,-5.79789,0x00000000,2025-12-14T14:58:38.871Z,2025-12-14T14:58:38.871Z
36,0x000a,-2.06146,0x00000000,2025-12-14T14:58:38.871Z,2025-12-14T14:58:38.871Z
35,0x000a,-1.4903,0x00000000,2025-12-14T14:58:38.871Z,2025-12-14T14:58:38.871Z
34,0x000a,-2.67797,0x00000000,2025-12-14T14:58:38.871Z,2025-12-14T14:58:38.871Z
26,0x000a,7.99986,0x00000000,2025-12-14T14:58:38.871Z,2025-12-14T14:58:38.871Z
25,0x000a,7.46998,0x00000000,2025-12-14T14:58:38.871Z,2025-12-14T14:58:38.871Z
24,0x000a,5.58992,0x00000000,2025-12-14T14:58:38.871Z,2025-12-14T14:58:38.871Z
23,0x000a,-2.06146,0x00000000,2025-12-14T14:58:38.871Z,2025-12-14T14:58:38.871Z
22,0x000a,-1.4903,0x00000000,2025-12-14T14:58:38.871Z,2025-12-14T14:58:38.871Z
21,0x000a,-2.67797,0x00000000,2025-12-14T14:58:38.871Z,2025-12-14T14:58:38.871Z
8,0x0004,22118,0x00000000,2025-12-14T14:58:38.871Z,2025-12-14T14:58:38.871Z
7,0x0004,20653,0x00000000,2025-12-14T14:58:38.871Z,2025-12-14T14:58:38.871Z
6,0x0004,15455,0x00000000,2025-12-14T14:58:38.871Z,2025-12-14T14:58:38.871Z
39,0x000a,-2.00015,0x00000000,2025-12-14T14:58:39.171Z,2025-12-14T14:58:39.171Z
38,0x000a,-1.50102,0x00000000,2025-12-14T14:58:39.171Z,2025-12-14T14:58:39.171Z
37,0x000a,-2.60055,0x00000000,2025-12-14T14:58:39.171Z,2025-12-14T14:58:39.171Z
36,0x000a,-2.34554,0x00000000,2025-12-14T14:58:39.171Z,2025-12-14T14:58:39.171Z
35,0x000a,-1.71172,0x00000000,2025-12-14T14:58:39.171Z,2025-12-14T14:58:39.171Z
34,0x000a,-3.03521,0x00000000,2025-12-14T14:58:39.171Z,2025-12-14T14:58:39.171Z
26,0x000a,7.37992,0x00000000,2025-12-14T14:58:39.171Z,2025-12-14T14:58:39.171Z
25,0x000a,7.01968,0x00000000,2025-12-14T14:58:39.171Z,2025-12-14T14:58:39.171Z
24,0x000a,4.78986,0x00000000,2025-12-14T14:58:39.171Z,2025-12-14T14:58:39.171Z
23,0x000a,-2.34554,0x00000000,2025-12-14T14:58:39.171Z,2025-12-14T14:58:39.171Z
22,0x000a,-1.71172,0x00000000,2025-12-14T14:58:39.171Z,2025-12-14T14:58:39.171Z
21,0x000a,-3.03521,0x00000000,2025-12-14T14:58:39.171Z,2025-12-14T14:58:39.171Z
14,0x0001,false,0x00000000,2025-12-14T14:58:39.171Z,2025-12-14T14:58:39.171Z
8,0x0004,20404,0x00000000,2025-12-14T14:58:39.169Z,2025-12-14T14:58:39.169Z
7,0x0004,19408,0x00000000,2025-12-14T14:58:39.169Z,2025-12-14T14:58:39.169Z
6,0x0004,13243,0x00000000,2025-12-14T14:58:39.169Z,2025-12-14T14:58:39.169Z
39,0x000a,-2.10142,0x00000000,2025-12-14T14:58:39.471Z,2025-12-14T14:58:39.471Z
38,0x000a,-1.49739,0x00000000,2025-12-14T14:58:39.471Z,2025-12-14T14:58:39.471Z
37,0x000a,0,0x00000000,2025-12-14T14:58:39.471Z,2025-12-14T14:58:39.471Z
36,0x000a,-2.11091,0x00000000,2025-12-14T14:58:39.471Z,2025-12-14T14:58:39.471Z
35,0x000a,-1.50305,0x00000000,2025-12-14T14:58:39.471Z,2025-12-14T14:58:39.471Z
34,0x000a,-1.9343,0x00000000,2025-12-14T14:58:39.471Z,2025-12-14T14:58:39.471Z
26,0x000a,6.76975,0x00000000,2025-12-14T14:58:39.471Z,2025-12-14T14:58:39.471Z
25,0x000a,6.57986,0x00000000,2025-12-14T14:58:39.471Z,2025-12-14T14:58:39.471Z
23,0x000a,-2.11091,0x00000000,2025-12-14T14:58:39.471Z,2025-12-14T14:58:39.471Z
22,0x000a,-1.50305,0x00000000,2025-12-14T14:58:39.471Z,2025-12-14T14:58:39.471Z
21,0x000a,-1.9343,0x00000000,2025-12-14T14:58:39.471Z,2025-12-14T14:58:39.471Z
8,0x0004,18717,0x00000000,2025-12-14T14:58:39.468Z,2025-12-14T14:58:39.468Z
7,0x0004,18192,0x00000000,2025-12-14T14:58:39.468Z,2025-12-14T14:58:39.468Z
39,0x000a,-2.50289,0x00000000,2025-12-14T14:58:39.771Z,2025-12-14T14:58:39.771Z
38,0x000a,-1.69994,0x00000000,2025-12-14T14:58:39.771Z,2025-12-14T14:58:39.771Z
37,0x000a,1.60229,0x00000000,2025-12-14T14:58:39.771Z,2025-12-14T14:58:39.771Z
36,0x000a,-2.07548,0x00000000,2025-12-14T14:58:39.771Z,2025-12-14T14:58:39.771Z
35,0x000a,-1.50082,0x00000000,2025-12-14T14:58:39.771Z,2025-12-14T14:58:39.771Z
34,0x000a,1.35778,0x00000000,2025-12-14T14:58:39.771Z,2025-12-14T14:58:39.771Z
26,0x000a,6.10966,0x00000000,2025-12-14T14:58:39.771Z,2025-12-14T14:58:39.771Z
25,0x000a,6.10966,0x00000000,2025-12-14T14:58:39.771Z,2025-12-14T14:58:39.771Z
24,0x000a,5.21991,0x00000000,2025-12-14T14:58:39.771Z,2025-12-14T14:58:39.771Z
23,0x000a,-2.07548,0x00000000,2025-12-14T14:58:39.771Z,2025-12-14T14:58:39.771Z
22,0x000a,-1.50082,0x00000000,2025-12-14T14:58:39.771Z,2025-12-14T14:58:39.771Z
21,0x000a,1.35778,0x00000000,2025-12-14T14:58:39.771Z,2025-12-14T14:58:39.771Z
8,0x0004,16892,0x00000000,2025-12-14T14:58:39.768Z,2025-12-14T14:58:39.768Z
7,0x0004,16892,0x00000000,2025-12-14T14:58:39.768Z,2025-12-14T14:58:39.768Z
6,0x0004,14432,0x00000000,2025-12-14T14:58:39.768Z,2025-12-14T14:58:39.768Z
40,0x0001,true,0x00000000,2025-12-14T14:58:40.071Z,2025-12-14T14:58:40.071Z
39,0x000a,-4.09795,0x00000000,2025-12-14T14:58:40.071Z,2025-12-14T14:58:40.071Z
38,0x000a,-2.99841,0x00000000,2025-12-14T14:58:40.071Z,2025-12-14T14:58:40.071Z
37,0x000a,0,0x00000000,2025-12-14T14:58:40.071Z,2025-12-14T14:58:40.071Z
36,0x000a,-3.12131,0x00000000,2025-12-14T14:58:40.071Z,2025-12-14T14:58:40.071Z
35,0x000a,-2.27455,0x00000000,2025-12-14T14:58:40.071Z,2025-12-14T14:58:40.071Z
34,0x000a,0.370009,0x00000000,2025-12-14T14:58:40.071Z,2025-12-14T14:58:40.071Z
26,0x000a,5.48973,0x00000000,2025-12-14T14:58:40.071Z,2025-12-14T14:58:40.071Z
25,0x000a,5.65972,0x00000000,2025-12-14T14:58:40.071Z,2025-12-14T14:58:40.071Z
23,0x000a,-3.12131,0x00000000,2025-12-14T14:58:40.071Z,2025-12-14T14:58:40.071Z
22,0x000a,-2.27455,0x00000000,2025-12-14T14:58:40.071Z,2025-12-14T14:58:40.071Z
21,0x000a,0.370009,0x00000000,2025-12-14T14:58:40.071Z,2025-12-14T14:58:40.071Z
8,0x0004,15178,0x00000000,2025-12-14T14:58:40.068Z,2025-12-14T14:58:40.068Z
7,0x0004,15648,0x00000000,2025-12-14T14:58:40.068Z,2025-12-14T14:58:40.068Z
39,0x000a,-2.49928,0x00000000,2025-12-14T14:58:40.370Z,2025-12-14T14:58:40.370Z
38,0x000a,-1.7976,0x00000000,2025-12-14T14:58:40.370Z,2025-12-14T14:58:40.370Z
36,0x000a,-2.30575,0x00000000,2025-12-14T14:58:40.370Z,2025-12-14T14:58:40.370Z
35,0x000a,-1.64376,0x00000000,2025-12-14T14:58:40.370Z,2025-12-14T14:58:40.370Z
34,0x000a,0.0925023,0x00000000,2025-12-14T14:58:40.370Z,2025-12-14T14:58:40.370Z
26,0x000a,5.03979,0x00000000,2025-12-14T14:58:40.370Z,2025-12-14T14:58:40.370Z
25,0x000a,5.33999,0x00000000,2025-12-14T14:58:40.370Z,2025-12-14T14:58:40.370Z
23,0x000a,-2.30575,0x00000000,2025-12-14T14:58:40.370Z,2025-12-14T14:58:40.370Z
22,0x000a,-1.64376,0x00000000,2025-12-14T14:58:40.370Z,2025-12-14T14:58:40.370Z
21,0x000a,0.0925023,0x00000000,2025-12-14T14:58:40.370Z,2025-12-14T14:58:40.370Z
18,0x0001,false,0x00000000,2025-12-14T14:58:40.370Z,2025-12-14T14:58:40.370Z
8,0x0004,13934,0x00000000,2025-12-14T14:58:40.370Z,2025-12-14T14:58:40.370Z
7,0x0004,14764,0x00000000,2025-12-14T14:58:40.370Z,2025-12-14T14:58:40.370Z
39,0x000a,0,0x00000000,2025-12-14T14:58:40.671Z,2025-12-14T14:58:40.671Z
38,0x000a,-0.900607,0x00000000,2025-12-14T14:58:40.671Z,2025-12-14T14:58:40.671Z
36,0x000a,-0.900831,0x00000000,2025-12-14T14:58:40.671Z,2025-12-14T14:58:40.671Z
35,0x000a,-1.55593,0x00000000,2025-12-14T14:58:40.671Z,2025-12-14T14:58:40.671Z
34,0x000a,0.0115628,0x00000000,2025-12-14T14:58:40.671Z,2025-12-14T14:58:40.671Z
26,0x000a,4.9197,0x00000000,2025-12-14T14:58:40.671Z,2025-12-14T14:58:40.671Z
25,0x000a,4.94973,0x00000000,2025-12-14T14:58:40.671Z,2025-12-14T14:58:40.671Z
23,0x000a,-0.900831,0x00000000,2025-12-14T14:58:40.671Z,2025-12-14T14:58:40.671Z
22,0x000a,-1.55593,0x00000000,2025-12-14T14:58:40.671Z,2025-12-14T14:58:40.671Z
21,0x000a,0.0115628,0x00000000,2025-12-14T14:58:40.671Z,2025-12-14T14:58:40.671Z
16,0x0001,false,0x00000000,2025-12-14T14:58:40.671Z,2025-12-14T14:58:40.671Z
8,0x0004,13602,0x00000000,2025-12-14T14:58:40.667Z,2025-12-14T14:58:40.667Z
7,0x0004,13685,0x00000000,2025-12-14T14:58:40.667Z,2025-12-14T14:58:40.667Z
40,0x0001,false,0x00000000,2025-12-14T14:58:40.971Z,2025-12-14T14:58:40.971Z
38,0x000a,0,0x00000000,2025-12-14T14:58:40.971Z,2025-12-14T14:58:40.971Z
36,0x000a,-0.225208,0x00000000,2025-12-14T14:58:40.971Z,2025-12-14T14:58:40.971Z
35,0x000a,-0.614134,0x00000000,2025-12-14T14:58:40.971Z,2025-12-14T14:58:40.971Z
34,0x000a,0.0028907,0x00000000,2025-12-14T14:58:40.971Z,2025-12-14T14:58:40.971Z
23,0x000a,-0.225208,0x00000000,2025-12-14T14:58:40.971Z,2025-12-14T14:58:40.971Z
22,0x000a,-0.614134,0x00000000,2025-12-14T14:58:40.971Z,2025-12-14T14:58:40.971Z
21,0x000a,0.0028907,0x00000000,2025-12-14T14:58:40.971Z,2025-12-14T14:58:40.971Z
18,0x0001,true,0x00000000,2025-12-14T14:58:40.971Z,2025-12-14T14:58:40.971Z
16,0x0001,true,0x00000000,2025-12-14T14:58:40.971Z,2025-12-14T14:58:40.971Z
14,0x0001,true,0x00000000,2025-12-14T14:58:40.971Z,2025-12-14T14:58:40.971Z
4,0x000a,0,0x00000000,2025-12-14T14:58:40.969Z,2025-12-14T14:58:40.969Z
3,0x000a,0,0x00000000,2025-12-14T14:58:40.969Z,2025-12-14T14:58:40.969Z
2,0x000a,0,0x00000000,2025-12-14T14:58:40.969Z,2025-12-14T14:58:40.969Z
39,0x000a,-2.0978,0x00000000,2025-12-14T14:58:41.272Z,2025-12-14T14:58:41.272Z
38,0x000a,-1.50101,0x00000000,2025-12-14T14:58:41.272Z,2025-12-14T14:58:41.272Z
37,0x000a,-2.60055,0x00000000,2025-12-14T14:58:41.272Z,2025-12-14T14:58:41.272Z
36,0x000a,-0.178252,0x00000000,2025-12-14T14:58:41.272Z,2025-12-14T14:58:41.272Z
35,0x000a,-0.326334,0x00000000,2025-12-14T14:58:41.272Z,2025-12-14T14:58:41.272Z
34,0x000a,-0.549408,0x00000000,2025-12-14T14:58:41.272Z,2025-12-14T14:58:41.272Z
26,0x000a,4.6799,0x00000000,2025-12-14T14:58:41.272Z,2025-12-14T14:58:41.272Z
25,0x000a,4.74971,0x00000000,2025-12-14T14:58:41.272Z,2025-12-14T14:58:41.272Z
24,0x000a,4.8499,0x00000000,2025-12-14T14:58:41.272Z,2025-12-14T14:58:41.272Z
23,0x000a,-0.178252,0x00000000,2025-12-14T14:58:41.272Z,2025-12-14T14:58:41.272Z
22,0x000a,-0.326334,0x00000000,2025-12-14T14:58:41.272Z,2025-12-14T14:58:41.272Z
21,0x000a,-0.549408,0x00000000,2025-12-14T14:58:41.272Z,2025-12-14T14:58:41.272Z
8,0x0004,12939,0x00000000,2025-12-14T14:58:41.269Z,2025-12-14T14:58:41.269Z
7,0x0004,13132,0x00000000,2025-12-14T14:58:41.269Z,2025-12-14T14:58:41.269Z
6,0x0004,13409,0x00000000,2025-12-14T14:58:41.269Z,2025-12-14T14:58:41.269Z
39,0x000a,-2.00015,0x00000000,2025-12-14T14:58:41.571Z,2025-12-14T14:58:41.571Z
37,0x000a,-2.70182,0x00000000,2025-12-14T14:58:41.571Z,2025-12-14T14:58:41.571Z
36,0x000a,-1.93381,0x00000000,2025-12-14T14:58:41.571Z,2025-12-14T14:58:41.571Z
35,0x000a,-1.42832,0x00000000,2025-12-14T14:58:41.571Z,2025-12-14T14:58:41.571Z
34,0x000a,-2.54309,0x00000000,2025-12-14T14:58:41.571Z,2025-12-14T14:58:41.571Z
26,0x000a,4.02995,0x00000000,2025-12-14T14:58:41.571Z,2025-12-14T14:58:41.571Z
25,0x000a,4.26975,0x00000000,2025-12-14T14:58:41.571Z,2025-12-14T14:58:41.571Z
24,0x000a,3.9898,0x00000000,2025-12-14T14:58:41.571Z,2025-12-14T14:58:41.571Z
23,0x000a,-1.93381,0x00000000,2025-12-14T14:58:41.571Z,2025-12-14T14:58:41.571Z
22,0x000a,-1.42832,0x00000000,2025-12-14T14:58:41.571Z,2025-12-14T14:58:41.571Z
21,0x000a,-2.54309,0x00000000,2025-12-14T14:58:41.571Z,2025-12-14T14:58:41.571Z
8,0x0004,11142,0x00000000,2025-12-14T14:58:41.569Z,2025-12-14T14:58:41.569Z
7,0x0004,11805,0x00000000,2025-12-14T14:58:41.569Z,2025-12-14T14:58:41.569Z
6,0x0004,11031,0x00000000,2025-12-14T14:58:41.569Z,2025-12-14T14:58:41.569Z
39,0x000a,-2.10142,0x00000000,2025-12-14T14:58:41.872Z,2025-12-14T14:58:41.872Z
37,0x000a,-2.69821,0x00000000,2025-12-14T14:58:41.872Z,2025-12-14T14:58:41.872Z
36,0x000a,-2.0342,0x00000000,2025-12-14T14:58:41.872Z,2025-12-14T14:58:41.872Z
35,0x000a,-1.4322,0x00000000,2025-12-14T14:58:41.872Z,2025-12-14T14:58:41.872Z
34,0x000a,-2.6115,0x00000000,2025-12-14T14:58:41.872Z,2025-12-14T14:58:41.872Z
26,0x000a,3.40965,0x00000000,2025-12-14T14:58:41.872Z,2025-12-14T14:58:41.872Z
25,0x000a,3.82993,0x00000000,2025-12-14T14:58:41.872Z,2025-12-14T14:58:41.872Z
24,0x000a,3.19987,0x00000000,2025-12-14T14:58:41.872Z,2025-12-14T14:58:41.872Z
23,0x000a,-2.0342,0x00000000,2025-12-14T14:58:41.872Z,2025-12-14T14:58:41.872Z
22,0x000a,-1.4322,0x00000000,2025-12-14T14:58:41.872Z,2025-12-14T14:58:41.872Z
21,0x000a,-2.6115,0x00000000,2025-12-14T14:58:41.872Z,2025-12-14T14:58:41.872Z
8,0x0004,9427,0x00000000,2025-12-14T14:58:41.869Z,2025-12-14T14:58:41.869Z
7,0x0004,10589,0x00000000,2025-12-14T14:58:41.869Z,2025-12-14T14:58:41.869Z
6,0x0004,8847,0x00000000,2025-12-14T14:58:41.869Z,2025-12-14T14:58:41.869Z
39,0x000a,-2.00014,0x00000000,2025-12-14T14:58:42.171Z,2025-12-14T14:58:42.171Z
38,0x000a,-1.39974,0x00000000,2025-12-14T14:58:42.171Z,2025-12-14T14:58:42.171Z
37,0x000a,-2.59693,0x00000000,2025-12-14T14:58:42.171Z,2025-12-14T14:58:42.171Z
36,0x000a,-2.06589,0x00000000,2025-12-14T14:58:42.171Z,2025-12-14T14:58:42.171Z
35,0x000a,-1.49151,0x00000000,2025-12-14T14:58:42.171Z,2025-12-14T14:58:42.171Z
34,0x000a,-2.66476,0x00000000,2025-12-14T14:58:42.171Z,2025-12-14T14:58:42.171Z
26,0x000a,2.74993,0x00000000,2025-12-14T14:58:42.171Z,2025-12-14T14:58:42.171Z
25,0x000a,3.35974,0x00000000,2025-12-14T14:58:42.171Z,2025-12-14T14:58:42.171Z
24,0x000a,2.3499,0x00000000,2025-12-14T14:58:42.171Z,2025-12-14T14:58:42.171Z
23,0x000a,-2.06589,0x00000000,2025-12-14T14:58:42.171Z,2025-12-14T14:58:42.171Z
22,0x000a,-1.49151,0x00000000,2025-12-14T14:58:42.171Z,2025-12-14T14:58:42.171Z
21,0x000a,-2.66476,0x00000000,2025-12-14T14:58:42.171Z,2025-12-14T14:58:42.171Z
8,0x0004,7603,0x00000000,2025-12-14T14:58:42.171Z,2025-12-14T14:58:42.171Z
7,0x0004,9289,0x00000000,2025-12-14T14:58:42.171Z,2025-12-14T14:58:42.171Z
6,0x0004,6497,0x00000000,2025-12-14T14:58:42.171Z,2025-12-14T14:58:42.171Z
38,0x000a,-1.50101,0x00000000,2025-12-14T14:58:42.471Z,2025-12-14T14:58:42.471Z
37,0x000a,-2.60055,0x00000000,2025-12-14T14:58:42.471Z,2025-12-14T14:58:42.471Z
36,0x000a,-2.78328,0x00000000,2025-12-14T14:58:42.471Z,2025-12-14T14:58:42.471Z
35,0x000a,-2.01071,0x00000000,2025-12-14T14:58:42.471Z,2025-12-14T14:58:42.471Z
34,0x000a,-3.6082,0x00000000,2025-12-14T14:58:42.471Z,2025-12-14T14:58:42.471Z
26,0x000a,2.13976,0x00000000,2025-12-14T14:58:42.471Z,2025-12-14T14:58:42.471Z
25,0x000a,2.90979,0x00000000,2025-12-14T14:58:42.471Z,2025-12-14T14:58:42.471Z
24,0x000a,1.54984,0x00000000,2025-12-14T14:58:42.471Z,2025-12-14T14:58:42.471Z
23,0x000a,-2.78328,0x00000000,2025-12-14T14:58:42.471Z,2025-12-14T14:58:42.471Z
22,0x000a,-2.01071,0x00000000,2025-12-14T14:58:42.471Z,2025-12-14T14:58:42.471Z
21,0x000a,-3.6082,0x00000000,2025-12-14T14:58:42.471Z,2025-12-14T14:58:42.471Z
8,0x0004,5916,0x00000000,2025-12-14T14:58:42.469Z,2025-12-14T14:58:42.469Z
7,0x0004,8045,0x00000000,2025-12-14T14:58:42.469Z,2025-12-14T14:58:42.469Z
6,0x0004,4285,0x00000000,2025-12-14T14:58:42.469Z,2025-12-14T14:58:42.469Z
39,0x000a,-2.10142,0x00000000,2025-12-14T14:58:42.770Z,2025-12-14T14:58:42.770Z
37,0x000a,-2.59693,0x00000000,2025-12-14T14:58:42.770Z,2025-12-14T14:58:42.770Z
36,0x000a,-2.24476,0x00000000,2025-12-14T14:58:42.770Z,2025-12-14T14:58:42.770Z
35,0x000a,-1.5778,0x00000000,2025-12-14T14:58:42.770Z,2025-12-14T14:58:42.770Z
34,0x000a,-2.9031,0x00000000,2025-12-14T14:58:42.770Z,2025-12-14T14:58:42.770Z
26,0x000a,1.51982,0x00000000,2025-12-14T14:58:42.770Z,2025-12-14T14:58:42.770Z
25,0x000a,2.46998,0x00000000,2025-12-14T14:58:42.770Z,2025-12-14T14:58:42.770Z
24,0x000a,0.749783,0x00000000,2025-12-14T14:58:42.770Z,2025-12-14T14:58:42.770Z
23,0x000a,-2.24476,0x00000000,2025-12-14T14:58:42.770Z,2025-12-14T14:58:42.770Z
22,0x000a,-1.5778,0x00000000,2025-12-14T14:58:42.770Z,2025-12-14T14:58:42.770Z
21,0x000a,-2.9031,0x00000000,2025-12-14T14:58:42.770Z,2025-12-14T14:58:42.770Z
8,0x0004,4202,0x00000000,2025-12-14T14:58:42.768Z,2025-12-14T14:58:42.768Z
7,0x0004,6829,0x00000000,2025-12-14T14:58:42.768Z,2025-12-14T14:58:42.768Z
6,0x0004,2073,0x00000000,2025-12-14T14:58:42.768Z,2025-12-14T14:58:42.768Z
39,0x000a,-2.00014,0x00000000,2025-12-14T14:58:43.070Z,2025-12-14T14:58:43.070Z
38,0x000a,-1.39974,0x00000000,2025-12-14T14:58:43.070Z,2025-12-14T14:58:43.070Z
37,0x000a,-2.69821,0x00000000,2025-12-14T14:58:43.070Z,2025-12-14T14:58:43.070Z
36,0x000a,-2.09402,0x00000000,2025-12-14T14:58:43.070Z,2025-12-14T14:58:43.070Z
35,0x000a,-1.50971,0x00000000,2025-12-14T14:58:43.070Z,2025-12-14T14:58:43.070Z
34,0x000a,-2.66323,0x00000000,2025-12-14T14:58:43.070Z,2025-12-14T14:58:43.070Z
28,0x0004,0,0x00000000,2025-12-14T14:58:43.070Z,2025-12-14T14:58:43.070Z
26,0x000a,0.899884,0x00000000,2025-12-14T14:58:43.070Z,2025-12-14T14:58:43.070Z
25,0x000a,2.0298,0x00000000,2025-12-14T14:58:43.070Z,2025-12-14T14:58:43.070Z
24,0x000a,0,0x00000000,2025-12-14T14:58:43.070Z,2025-12-14T14:58:43.070Z
23,0x000a,-2.09402,0x00000000,2025-12-14T14:58:43.070Z,2025-12-14T14:58:43.070Z
22,0x000a,-1.50971,0x00000000,2025-12-14T14:58:43.070Z,2025-12-14T14:58:43.070Z
21,0x000a,-2.66323,0x00000000,2025-12-14T14:58:43.070Z,2025-12-14T14:58:43.070Z
14,0x0001,false,0x00000000,2025-12-14T14:58:43.070Z,2025-12-14T14:58:43.070Z
8,0x0004,2488,0x00000000,2025-12-14T14:58:43.068Z,2025-12-14T14:58:43.068Z
7,0x0004,5612,0x00000000,2025-12-14T14:58:43.068Z,2025-12-14T14:58:43.068Z
6,0x0004,0,0x00000000,2025-12-14T14:58:43.068Z,2025-12-14T14:58:43.068Z
39,0x000a,-3.70009,0x00000000,2025-12-14T14:58:43.372Z,2025-12-14T14:58:43.372Z
38,0x000a,-2.69821,0x00000000,2025-12-14T14:58:43.372Z,2025-12-14T14:58:43.372Z
37,0x000a,0,0x00000000,2025-12-14T14:58:43.372Z,2025-12-14T14:58:43.372Z
36,0x000a,-2.23703,0x00000000,2025-12-14T14:58:43.372Z,2025-12-14T14:58:43.372Z
35,0x000a,-1.63954,0x00000000,2025-12-14T14:58:43.372Z,2025-12-14T14:58:43.372Z
34,0x000a,-1.21995,0x00000000,2025-12-14T14:58:43.372Z,2025-12-14T14:58:43.372Z
26,0x000a,0.289714,0x00000000,2025-12-14T14:58:43.372Z,2025-12-14T14:58:43.372Z
25,0x000a,1.57986,0x00000000,2025-12-14T14:58:43.372Z,2025-12-14T14:58:43.372Z
23,0x000a,-2.23703,0x00000000,2025-12-14T14:58:43.372Z,2025-12-14T14:58:43.372Z
22,0x000a,-1.63954,0x00000000,2025-12-14T14:58:43.372Z,2025-12-14T14:58:43.372Z
21,0x000a,-1.21995,0x00000000,2025-12-14T14:58:43.372Z,2025-12-14T14:58:43.372Z
18,0x0001,false,0x00000000,2025-12-14T14:58:43.372Z,2025-12-14T14:58:43.372Z
8,0x0004,801,0x00000000,2025-12-14T14:58:43.369Z,2025-12-14T14:58:43.369Z
7,0x0004,4368,0x00000000,2025-12-14T14:58:43.369Z,2025-12-14T14:58:43.369Z
40,0x0001,true,0x00000000,2025-12-14T14:58:43.672Z,2025-12-14T14:58:43.672Z
39,0x000a,-0.397859,0x00000000,2025-12-14T14:58:43.672Z,2025-12-14T14:58:43.672Z
38,0x000a,-1.20081,0x00000000,2025-12-14T14:58:43.672Z,2025-12-14T14:58:43.672Z
36,0x000a,-2.73392,0x00000000,2025-12-14T14:58:43.672Z,2025-12-14T14:58:43.672Z
35,0x000a,-1.93441,0x00000000,2025-12-14T14:58:43.672Z,2025-12-14T14:58:43.672Z
34,0x000a,-0.304987,0x00000000,2025-12-14T14:58:43.672Z,2025-12-14T14:58:43.672Z
30,0x0004,0,0x00000000,2025-12-14T14:58:43.672Z,2025-12-14T14:58:43.672Z
26,0x000a,0,0x00000000,2025-12-14T14:58:43.672Z,2025-12-14T14:58:43.672Z
25,0x000a,1.10966,0x00000000,2025-12-14T14:58:43.672Z,2025-12-14T14:58:43.672Z
23,0x000a,-2.73392,0x00000000,2025-12-14T14:58:43.672Z,2025-12-14T14:58:43.672Z
22,0x000a,-1.93441,0x00000000,2025-12-14T14:58:43.672Z,2025-12-14T14:58:43.672Z
21,0x000a,-0.304987,0x00000000,2025-12-14T14:58:43.672Z,2025-12-14T14:58:43.672Z
8,0x0004,0,0x00000000,2025-12-14T14:58:43.672Z,2025-12-14T14:58:43.672Z
7,0x0004,3068,0x00000000,2025-12-14T14:58:43.672Z,2025-12-14T14:58:43.672Z
42,0x0001,true,0x00000000,2025-12-14T14:58:43.970Z,2025-12-14T14:58:43.970Z
39,0x000a,0,0x00000000,2025-12-14T14:58:43.970Z,2025-12-14T14:58:43.970Z
38,0x000a,-1.39974,0x00000000,2025-12-14T14:58:43.970Z,2025-12-14T14:58:43.970Z
36,0x000a,-0.391472,0x00000000,2025-12-14T14:58:43.970Z,2025-12-14T14:58:43.970Z
35,0x000a,-1.5909,0x00000000,2025-12-14T14:58:43.970Z,2025-12-14T14:58:43.970Z
34,0x000a,-0.0381234,0x00000000,2025-12-14T14:58:43.970Z,2025-12-14T14:58:43.970Z
25,0x000a,0.639829,0x00000000,2025-12-14T14:58:43.970Z,2025-12-14T14:58:43.970Z
23,0x000a,-0.391472,0x00000000,2025-12-14T14:58:43.970Z,2025-12-14T14:58:43.970Z
22,0x000a,-1.5909,0x00000000,2025-12-14T14:58:43.970Z,2025-12-14T14:58:43.970Z
21,0x000a,-0.0381234,0x00000000,2025-12-14T14:58:43.970Z,2025-12-14T14:58:43.970Z
7,0x0004,2267,0x00000000,2025-12-14T14:58:43.968Z,2025-12-14T14:58:43.968Z
38,0x000a,-1.4974,0x00000000,2025-12-14T14:58:44.271Z,2025-12-14T14:58:44.271Z
36,0x000a,-0.048934,0x00000000,2025-12-14T14:58:44.271Z,2025-12-14T14:58:44.271Z
35,0x000a,-1.57464,0x00000000,2025-12-14T14:58:44.271Z,2025-12-14T14:58:44.271Z
34,0x000a,-0.00476542,0x00000000,2025-12-14T14:58:44.271Z,2025-12-14T14:58:44.271Z
25,0x000a,0.339988,0x00000000,2025-12-14T14:58:44.271Z,2025-12-14T14:58:44.271Z
23,0x000a,-0.048934,0x00000000,2025-12-14T14:58:44.271Z,2025-12-14T14:58:44.271Z
22,0x000a,-1.57464,0x00000000,2025-12-14T14:58:44.271Z,2025-12-14T14:58:44.271Z
21,0x000a,-0.00476542,0x00000000,2025-12-14T14:58:44.271Z,2025-12-14T14:58:44.271Z
7,0x0004,940,0x00000000,2025-12-14T14:58:44.269Z,2025-12-14T14:58:44.269Z
38,0x000a,-1.89887,0x00000000,2025-12-14T14:58:44.571Z,2025-12-14T14:58:44.571Z
36,0x000a,-0.0122335,0x00000000,2025-12-14T14:58:44.571Z,2025-12-14T14:58:44.571Z
35,0x000a,-1.51852,0x00000000,2025-12-14T14:58:44.571Z,2025-12-14T14:58:44.571Z
34,0x000a,-0.00119136,0x00000000,2025-12-14T14:58:44.571Z,2025-12-14T14:58:44.571Z
29,0x0004,0,0x00000000,2025-12-14T14:58:44.571Z,2025-12-14T14:58:44.571Z
25,0x000a,0,0x00000000,2025-12-14T14:58:44.571Z,2025-12-14T14:58:44.571Z
23,0x000a,-0.0122335,0x00000000,2025-12-14T14:58:44.571Z,2025-12-14T14:58:44.571Z
22,0x000a,-1.51852,0x00000000,2025-12-14T14:58:44.571Z,2025-12-14T14:58:44.571Z
21,0x000a,-0.00119136,0x00000000,2025-12-14T14:58:44.571Z,2025-12-14T14:58:44.571Z
16,0x0001,false,0x00000000,2025-12-14T14:58:44.571Z,2025-12-14T14:58:44.571Z
7,0x0004,0,0x00000000,2025-12-14T14:58:44.569Z,2025-12-14T14:58:44.569Z
42,0x0001,false,0x00000000,2025-12-14T14:58:44.871Z,2025-12-14T14:58:44.871Z
40,0x0001,false,0x00000000,2025-12-14T14:58:44.871Z,2025-12-14T14:58:44.871Z
38,0x000a,0,0x00000000,2025-12-14T14:58:44.871Z,2025-12-14T14:58:44.871Z
36,0x000a,-0.00152919,0x00000000,2025-12-14T14:58:44.871Z,2025-12-14T14:58:44.871Z
35,0x000a,-0.427173,0x00000000,2025-12-14T14:58:44.871Z,2025-12-14T14:58:44.871Z
34,0x000a,-0.000148919,0x00000000,2025-12-14T14:58:44.871Z,2025-12-14T14:58:44.871Z
23,0x000a,-0.00152919,0x00000000,2025-12-14T14:58:44.871Z,2025-12-14T14:58:44.871Z
22,0x000a,-0.427173,0x00000000,2025-12-14T14:58:44.871Z,2025-12-14T14:58:44.871Z
21,0x000a,-0.000148919,0x00000000,2025-12-14T14:58:44.871Z,2025-12-14T14:58:44.871Z
17,0x0001,true,0x00000000,2025-12-14T14:58:44.871Z,2025-12-14T14:58:44.871Z
15,0x0001,true,0x00000000,2025-12-14T14:58:44.871Z,2025-12-14T14:58:44.871Z
13,0x0001,true,0x00000000,2025-12-14T14:58:44.871Z,2025-12-14T14:58:44.871Z
4,0x000a,10,0x00000000,2025-12-14T14:58:44.869Z,2025-12-14T14:58:44.869Z
3,0x000a,9,0x00000000,2025-12-14T14:58:44.869Z,2025-12-14T14:58:44.869Z
2,0x000a,8,0x00000000,2025-12-14T14:58:44.869Z,2025-12-14T14:58:44.869Z
39,0x000a,2.10142,0x00000000,2025-12-14T14:58:45.172Z,2025-12-14T14:58:45.172Z
38,0x000a,1.4974,0x00000000,2025-12-14T14:58:45.172Z,2025-12-14T14:58:45.172Z
37,0x000a,2.69821,0x00000000,2025-12-14T14:58:45.172Z,2025-12-14T14:58:45.172Z
36,0x000a,0.148102,0x00000000,2025-12-14T14:58:45.172Z,2025-12-14T14:58:45.172Z
35,0x000a,0.196169,0x00000000,2025-12-14T14:58:45.172Z,2025-12-14T14:58:45.172Z
34,0x000a,0.54975,0x00000000,2025-12-14T14:58:45.172Z,2025-12-14T14:58:45.172Z
30,0x0004,1000,0x00000000,2025-12-14T14:58:45.172Z,2025-12-14T14:58:45.172Z
29,0x0004,1000,0x00000000,2025-12-14T14:58:45.172Z,2025-12-14T14:58:45.172Z
28,0x0004,1000,0x00000000,2025-12-14T14:58:45.172Z,2025-12-14T14:58:45.172Z
26,0x000a,0.2398,0x00000000,2025-12-14T14:58:45.172Z,2025-12-14T14:58:45.172Z
25,0x000a,0.199653,0x00000000,2025-12-14T14:58:45.172Z,2025-12-14T14:58:45.172Z
24,0x000a,0.379774,0x00000000,2025-12-14T14:58:45.172Z,2025-12-14T14:58:45.172Z
23,0x000a,0.148102,0x00000000,2025-12-14T14:58:45.172Z,2025-12-14T14:58:45.172Z
22,0x000a,0.196169,0x00000000,2025-12-14T14:58:45.172Z,2025-12-14T14:58:45.172Z
21,0x000a,0.54975,0x00000000,2025-12-14T14:58:45.172Z,2025-12-14T14:58:45.172Z
8,0x0004,663,0x00000000,2025-12-14T14:58:45.169Z,2025-12-14T14:58:45.169Z
7,0x0004,552,0x00000000,2025-12-14T14:58:45.169Z,2025-12-14T14:58:45.169Z
6,0x0004,1050,0x00000000,2025-12-14T14:58:45.169Z,2025-12-14T14:58:45.169Z
39,0x000a,2.00014,0x00000000,2025-12-14T14:58:45.471Z,2025-12-14T14:58:45.471Z
38,0x000a,1.50101,0x00000000,2025-12-14T14:58:45.471Z,2025-12-14T14:58:45.471Z
37,0x000a,2.60055,0x00000000,2025-12-14T14:58:45.471Z,2025-12-14T14:58:45.471Z
36,0x000a,1.81202,0x00000000,2025-12-14T14:58:45.471Z,2025-12-14T14:58:45.471Z
35,0x000a,1.324,0x00000000,2025-12-14T14:58:45.471Z,2025-12-14T14:58:45.471Z
34,0x000a,2.41247,0x00000000,2025-12-14T14:58:45.471Z,2025-12-14T14:58:45.471Z
26,0x000a,0.899884,0x00000000,2025-12-14T14:58:45.471Z,2025-12-14T14:58:45.471Z
25,0x000a,0.66985,0x00000000,2025-12-14T14:58:45.471Z,2025-12-14T14:58:45.471Z
24,0x000a,1.22975,0x00000000,2025-12-14T14:58:45.471Z,2025-12-14T14:58:45.471Z
23,0x000a,1.81202,0x00000000,2025-12-14T14:58:45.471Z,2025-12-14T14:58:45.471Z
22,0x000a,1.324,0x00000000,2025-12-14T14:58:45.471Z,2025-12-14T14:58:45.471Z
21,0x000a,2.41247,0x00000000,2025-12-14T14:58:45.471Z,2025-12-14T14:58:45.471Z
8,0x0004,2488,0x00000000,2025-12-14T14:58:45.469Z,2025-12-14T14:58:45.469Z
7,0x0004,1852,0x00000000,2025-12-14T14:58:45.469Z,2025-12-14T14:58:45.469Z
6,0x0004,3400,0x00000000,2025-12-14T14:58:45.469Z,2025-12-14T14:58:45.469Z
39,0x000a,2.10142,0x00000000,2025-12-14T14:58:45.771Z,2025-12-14T14:58:45.771Z
38,0x000a,1.50101,0x00000000,2025-12-14T14:58:45.771Z,2025-12-14T14:58:45.771Z
37,0x000a,2.69821,0x00000000,2025-12-14T14:58:45.771Z,2025-12-14T14:58:45.771Z
36,0x000a,3.05085,0x00000000,2025-12-14T14:58:45.771Z,2025-12-14T14:58:45.771Z
35,0x000a,2.20227,0x00000000,2025-12-14T14:58:45.771Z,2025-12-14T14:58:45.771Z
34,0x000a,3.95236,0x00000000,2025-12-14T14:58:45.771Z,2025-12-14T14:58:45.771Z
26,0x000a,1.51982,0x00000000,2025-12-14T14:58:45.771Z,2025-12-14T14:58:45.771Z
25,0x000a,1.11979,0x00000000,2025-12-14T14:58:45.771Z,2025-12-14T14:58:45.771Z
24,0x000a,2.0298,0x00000000,2025-12-14T14:58:45.771Z,2025-12-14T14:58:45.771Z
23,0x000a,3.05085,0x00000000,2025-12-14T14:58:45.771Z,2025-12-14T14:58:45.771Z
22,0x000a,2.20227,0x00000000,2025-12-14T14:58:45.771Z,2025-12-14T14:58:45.771Z
21,0x000a,3.95236,0x00000000,2025-12-14T14:58:45.771Z,2025-12-14T14:58:45.771Z
8,0x0004,4202,0x00000000,2025-12-14T14:58:45.769Z,2025-12-14T14:58:45.769Z
7,0x0004,3096,0x00000000,2025-12-14T14:58:45.769Z,2025-12-14T14:58:45.769Z
6,0x0004,5612,0x00000000,2025-12-14T14:58:45.769Z,2025-12-14T14:58:45.769Z
39,0x000a,2.00014,0x00000000,2025-12-14T14:58:46.070Z,2025-12-14T14:58:46.070Z
38,0x000a,1.50101,0x00000000,2025-12-14T14:58:46.070Z,2025-12-14T14:58:46.070Z
36,0x000a,2.39371,0x00000000,2025-12-14T14:58:46.070Z,2025-12-14T14:58:46.070Z
35,0x000a,1.68813,0x00000000,2025-12-14T14:58:46.070Z,2025-12-14T14:58:46.070Z
34,0x000a,3.08194,0x00000000,2025-12-14T14:58:46.070Z,2025-12-14T14:58:46.070Z
26,0x000a,2.16978,0x00000000,2025-12-14T14:58:46.070Z,2025-12-14T14:58:46.070Z
25,0x000a,1.58999,0x00000000,2025-12-14T14:58:46.070Z,2025-12-14T14:58:46.070Z
24,0x000a,2.87977,0x00000000,2025-12-14T14:58:46.070Z,2025-12-14T14:58:46.070Z
23,0x000a,2.39371,0x00000000,2025-12-14T14:58:46.070Z,2025-12-14T14:58:46.070Z
22,0x000a,1.68813,0x00000000,2025-12-14T14:58:46.070Z,2025-12-14T14:58:46.070Z
21,0x000a,3.08194,0x00000000,2025-12-14T14:58:46.070Z,2025-12-14T14:58:46.070Z
8,0x0004,5999,0x00000000,2025-12-14T14:58:46.070Z,2025-12-14T14:58:46.070Z
7,0x0004,4396,0x00000000,2025-12-14T14:58:46.070Z,2025-12-14T14:58:46.070Z
6,0x0004,7962,0x00000000,2025-12-14T14:58:46.070Z,2025-12-14T14:58:46.070Z
39,0x000a,2.00014,0x00000000,2025-12-14T14:58:46.370Z,2025-12-14T14:58:46.370Z
38,0x000a,1.50101,0x00000000,2025-12-14T14:58:46.370Z,2025-12-14T14:58:46.370Z
36,0x000a,2.14917,0x00000000,2025-12-14T14:58:46.370Z,2025-12-14T14:58:46.370Z
35,0x000a,1.54598,0x00000000,2025-12-14T14:58:46.370Z,2025-12-14T14:58:46.370Z
34,0x000a,2.74531,0x00000000,2025-12-14T14:58:46.370Z,2025-12-14T14:58:46.370Z
26,0x000a,2.78971,0x00000000,2025-12-14T14:58:46.370Z,2025-12-14T14:58:46.370Z
25,0x000a,2.0298,0x00000000,2025-12-14T14:58:46.370Z,2025-12-14T14:58:46.370Z
24,0x000a,3.67983,0x00000000,2025-12-14T14:58:46.370Z,2025-12-14T14:58:46.370Z
23,0x000a,2.14917,0x00000000,2025-12-14T14:58:46.370Z,2025-12-14T14:58:46.370Z
22,0x000a,1.54598,0x00000000,2025-12-14T14:58:46.370Z,2025-12-14T14:58:46.370Z
21,0x000a,2.74531,0x00000000,2025-12-14T14:58:46.370Z,2025-12-14T14:58:46.370Z
8,0x0004,7713,0x00000000,2025-12-14T14:58:46.368Z,2025-12-14T14:58:46.368Z
7,0x0004,5612,0x00000000,2025-12-14T14:58:46.368Z,2025-12-14T14:58:46.368Z
6,0x0004,10174,0x00000000,2025-12-14T14:58:46.368Z,2025-12-14T14:58:46.368Z
39,0x000a,2.10142,0x00000000,2025-12-14T14:58:46.671Z,2025-12-14T14:58:46.671Z
38,0x000a,1.4974,0x00000000,2025-12-14T14:58:46.671Z,2025-12-14T14:58:46.671Z
36,0x000a,2.04319,0x00000000,2025-12-14T14:58:46.671Z,2025-12-14T14:58:46.671Z
35,0x000a,1.48132,0x00000000,2025-12-14T14:58:46.671Z,2025-12-14T14:58:46.671Z
34,0x000a,2.65617,0x00000000,2025-12-14T14:58:46.671Z,2025-12-14T14:58:46.671Z
26,0x000a,3.40965,0x00000000,2025-12-14T14:58:46.671Z,2025-12-14T14:58:46.671Z
25,0x000a,2.47975,0x00000000,2025-12-14T14:58:46.671Z,2025-12-14T14:58:46.671Z
24,0x000a,4.46976,0x00000000,2025-12-14T14:58:46.671Z,2025-12-14T14:58:46.671Z
23,0x000a,2.04319,0x00000000,2025-12-14T14:58:46.671Z,2025-12-14T14:58:46.671Z
22,0x000a,1.48132,0x00000000,2025-12-14T14:58:46.671Z,2025-12-14T14:58:46.671Z
21,0x000a,2.65617,0x00000000,2025-12-14T14:58:46.671Z,2025-12-14T14:58:46.671Z
8,0x0004,9427,0x00000000,2025-12-14T14:58:46.671Z,2025-12-14T14:58:46.671Z
7,0x0004,6856,0x00000000,2025-12-14T14:58:46.671Z,2025-12-14T14:58:46.671Z
6,0x0004,12358,0x00000000,2025-12-14T14:58:46.671Z,2025-12-14T14:58:46.671Z
39,0x000a,2.10142,0x00000000,2025-12-14T14:58:46.969Z,2025-12-14T14:58:46.969Z
38,0x000a,1.39974,0x00000000,2025-12-14T14:58:46.969Z,2025-12-14T14:58:46.969Z
37,0x000a,2.6982,0x00000000,2025-12-14T14:58:46.969Z,2025-12-14T14:58:46.969Z
36,0x000a,2.69364,0x00000000,2025-12-14T14:58:46.969Z,2025-12-14T14:58:46.969Z
35,0x000a,1.89777,0x00000000,2025-12-14T14:58:46.969Z,2025-12-14T14:58:46.969Z
34,0x000a,3.46877,0x00000000,2025-12-14T14:58:46.969Z,2025-12-14T14:58:46.969Z
26,0x000a,4.05997,0x00000000,2025-12-14T14:58:46.969Z,2025-12-14T14:58:46.969Z
25,0x000a,2.94994,0x00000000,2025-12-14T14:58:46.969Z,2025-12-14T14:58:46.969Z
24,0x000a,5.31973,0x00000000,2025-12-14T14:58:46.969Z,2025-12-14T14:58:46.969Z
23,0x000a,2.69364,0x00000000,2025-12-14T14:58:46.969Z,2025-12-14T14:58:46.969Z
22,0x000a,1.89777,0x00000000,2025-12-14T14:58:46.969Z,2025-12-14T14:58:46.969Z
21,0x000a,3.46877,0x00000000,2025-12-14T14:58:46.969Z,2025-12-14T14:58:46.969Z
8,0x0004,11225,0x00000000,2025-12-14T14:58:46.969Z,2025-12-14T14:58:46.969Z
7,0x0004,8156,0x00000000,2025-12-14T14:58:46.969Z,2025-12-14T14:58:46.969Z
6,0x0004,14708,0x00000000,2025-12-14T14:58:46.969Z,2025-12-14T14:58:46.969Z
39,0x000a,2.00015,0x00000000,2025-12-14T14:58:47.270Z,2025-12-14T14:58:47.270Z
38,0x000a,1.50101,0x00000000,2025-12-14T14:58:47.270Z,2025-12-14T14:58:47.270Z
37,0x000a,2.69821,0x00000000,2025-12-14T14:58:47.270Z,2025-12-14T14:58:47.270Z
36,0x000a,2.22235,0x00000000,2025-12-14T14:58:47.270Z,2025-12-14T14:58:47.270Z
35,0x000a,1.59839,0x00000000,2025-12-14T14:58:47.270Z,2025-12-14T14:58:47.270Z
34,0x000a,2.86824,0x00000000,2025-12-14T14:58:47.270Z,2025-12-14T14:58:47.270Z
26,0x000a,4.6799,0x00000000,2025-12-14T14:58:47.270Z,2025-12-14T14:58:47.270Z
25,0x000a,3.38976,0x00000000,2025-12-14T14:58:47.270Z,2025-12-14T14:58:47.270Z
24,0x000a,6.11979,0x00000000,2025-12-14T14:58:47.270Z,2025-12-14T14:58:47.270Z
23,0x000a,2.22235,0x00000000,2025-12-14T14:58:47.270Z,2025-12-14T14:58:47.270Z
22,0x000a,1.59839,0x00000000,2025-12-14T14:58:47.270Z,2025-12-14T14:58:47.270Z
21,0x000a,2.86824,0x00000000,2025-12-14T14:58:47.270Z,2025-12-14T14:58:47.270Z
8,0x0004,12939,0x00000000,2025-12-14T14:58:47.270Z,2025-12-14T14:58:47.270Z
7,0x0004,9372,0x00000000,2025-12-14T14:58:47.270Z,2025-12-14T14:58:47.270Z
6,0x0004,16920,0x00000000,2025-12-14T14:58:47.270Z,2025-12-14T14:58:47.270Z
36,0x000a,2.3028,0x00000000,2025-12-14T14:58:47.571Z,2025-12-14T14:58:47.571Z
35,0x000a,1.63797,0x00000000,2025-12-14T14:58:47.571Z,2025-12-14T14:58:47.571Z
34,0x000a,2.94642,0x00000000,2025-12-14T14:58:47.571Z,2025-12-14T14:58:47.571Z
26,0x000a,5.33999,0x00000000,2025-12-14T14:58:47.571Z,2025-12-14T14:58:47.571Z
25,0x000a,3.86972,0x00000000,2025-12-14T14:58:47.571Z,2025-12-14T14:58:47.571Z
24,0x000a,6.96976,0x00000000,2025-12-14T14:58:47.571Z,2025-12-14T14:58:47.571Z
23,0x000a,2.3028,0x00000000,2025-12-14T14:58:47.571Z,2025-12-14T14:58:47.571Z
22,0x000a,1.63797,0x00000000,2025-12-14T14:58:47.571Z,2025-12-14T14:58:47.571Z
21,0x000a,2.94642,0x00000000,2025-12-14T14:58:47.571Z,2025-12-14T14:58:47.571Z
8,0x0004,14764,0x00000000,2025-12-14T14:58:47.571Z,2025-12-14T14:58:47.571Z
7,0x0004,10699,0x00000000,2025-12-14T14:58:47.571Z,2025-12-14T14:58:47.571Z
6,0x0004,19270,0x00000000,2025-12-14T14:58:47.571Z,2025-12-14T14:58:47.571Z
39,0x000a,1.99653,0x00000000,2025-12-14T14:58:47.873Z,2025-12-14T14:58:47.873Z
37,0x000a,2.70182,0x00000000,2025-12-14T14:58:47.873Z,2025-12-14T14:58:47.873Z
36,0x000a,2.06149,0x00000000,2025-12-14T14:58:47.873Z,2025-12-14T14:58:47.873Z
35,0x000a,1.51723,0x00000000,2025-12-14T14:58:47.873Z,2025-12-14T14:58:47.873Z
34,0x000a,2.70663,0x00000000,2025-12-14T14:58:47.873Z,2025-12-14T14:58:47.873Z
26,0x000a,5.74978,0x00000000,2025-12-14T14:58:47.873Z,2025-12-14T14:58:47.873Z
25,0x000a,4.15979,0x00000000,2025-12-14T14:58:47.873Z,2025-12-14T14:58:47.873Z
24,0x000a,7.5,0x00000000,2025-12-14T14:58:47.873Z,2025-12-14T14:58:47.873Z
23,0x000a,2.06149,0x00000000,2025-12-14T14:58:47.873Z,2025-12-14T14:58:47.873Z
22,0x000a,1.51723,0x00000000,2025-12-14T14:58:47.873Z,2025-12-14T14:58:47.873Z
21,0x000a,2.70663,0x00000000,2025-12-14T14:58:47.873Z,2025-12-14T14:58:47.873Z
8,0x0004,15897,0x00000000,2025-12-14T14:58:47.868Z,2025-12-14T14:58:47.868Z
7,0x0004,11501,0x00000000,2025-12-14T14:58:47.868Z,2025-12-14T14:58:47.868Z
6,0x0004,20736,0x00000000,2025-12-14T14:58:47.868Z,2025-12-14T14:58:47.868Z
39,0x000a,2.00014,0x00000000,2025-12-14T14:58:48.170Z,2025-12-14T14:58:48.170Z
38,0x000a,1.50101,0x00000000,2025-12-14T14:58:48.170Z,2025-12-14T14:58:48.170Z
37,0x000a,1.09954,0x00000000,2025-12-14T14:58:48.170Z,2025-12-14T14:58:48.170Z
36,0x000a,2.7904,0x00000000,2025-12-14T14:58:48.170Z,2025-12-14T14:58:48.170Z
35,0x000a,2.00329,0x00000000,2025-12-14T14:58:48.170Z,2025-12-14T14:58:48.170Z
34,0x000a,3.60182,0x00000000,2025-12-14T14:58:48.170Z,2025-12-14T14:58:48.170Z
26,0x000a,6.39974,0x00000000,2025-12-14T14:58:48.170Z,2025-12-14T14:58:48.170Z
25,0x000a,4.63976,0x00000000,2025-12-14T14:58:48.170Z,2025-12-14T14:58:48.170Z
24,0x000a,8.19987,0x00000000,2025-12-14T14:58:48.170Z,2025-12-14T14:58:48.170Z
23,0x000a,2.7904,0x00000000,2025-12-14T14:58:48.170Z,2025-12-14T14:58:48.170Z
22,0x000a,2.00329,0x00000000,2025-12-14T14:58:48.170Z,2025-12-14T14:58:48.170Z
21,0x000a,3.60182,0x00000000,2025-12-14T14:58:48.170Z,2025-12-14T14:58:48.170Z
13,0x0001,false,0x00000000,2025-12-14T14:58:48.170Z,2025-12-14T14:58:48.170Z
8,0x0004,17694,0x00000000,2025-12-14T14:58:48.168Z,2025-12-14T14:58:48.168Z
7,0x0004,12828,0x00000000,2025-12-14T14:58:48.168Z,2025-12-14T14:58:48.168Z
6,0x0004,22671,0x00000000,2025-12-14T14:58:48.168Z,2025-12-14T14:58:48.168Z
40,0x0001,true,0x00000000,2025-12-14T14:58:48.469Z,2025-12-14T14:58:48.469Z
39,0x000a,2.0978,0x00000000,2025-12-14T14:58:48.469Z,2025-12-14T14:58:48.469Z
37,0x000a,0,0x00000000,2025-12-14T14:58:48.469Z,2025-12-14T14:58:48.469Z
36,0x000a,2.12424,0x00000000,2025-12-14T14:58:48.469Z,2025-12-14T14:58:48.469Z
35,0x000a,1.53848,0x00000000,2025-12-14T14:58:48.469Z,2025-12-14T14:58:48.469Z
34,0x000a,0.58767,0x00000000,2025-12-14T14:58:48.469Z,2025-12-14T14:58:48.469Z
26,0x000a,7.01968,0x00000000,2025-12-14T14:58:48.469Z,2025-12-14T14:58:48.469Z
25,0x000a,5.07993,0x00000000,2025-12-14T14:58:48.469Z,2025-12-14T14:58:48.469Z
23,0x000a,2.12424,0x00000000,2025-12-14T14:58:48.469Z,2025-12-14T14:58:48.469Z
22,0x000a,1.53848,0x00000000,2025-12-14T14:58:48.469Z,2025-12-14T14:58:48.469Z
21,0x000a,0.58767,0x00000000,2025-12-14T14:58:48.469Z,2025-12-14T14:58:48.469Z
8,0x0004,19408,0x00000000,2025-12-14T14:58:48.469Z,2025-12-14T14:58:48.469Z
7,0x0004,14045,0x00000000,2025-12-14T14:58:48.469Z,2025-12-14T14:58:48.469Z
39,0x000a,2.00015,0x00000000,2025-12-14T14:58:48.771Z,2025-12-14T14:58:48.771Z
38,0x000a,1.39974,0x00000000,2025-12-14T14:58:48.771Z,2025-12-14T14:58:48.771Z
36,0x000a,2.30696,0x00000000,2025-12-14T14:58:48.771Z,2025-12-14T14:58:48.771Z
35,0x000a,1.65867,0x00000000,2025-12-14T14:58:48.771Z,2025-12-14T14:58:48.771Z
34,0x000a,0.146918,0x00000000,2025-12-14T14:58:48.771Z,2025-12-14T14:58:48.771Z
26,0x000a,7.67976,0x00000000,2025-12-14T14:58:48.771Z,2025-12-14T14:58:48.771Z
25,0x000a,5.54977,0x00000000,2025-12-14T14:58:48.771Z,2025-12-14T14:58:48.771Z
23,0x000a,2.30696,0x00000000,2025-12-14T14:58:48.771Z,2025-12-14T14:58:48.771Z
22,0x000a,1.65867,0x00000000,2025-12-14T14:58:48.771Z,2025-12-14T14:58:48.771Z
21,0x000a,0.146918,0x00000000,2025-12-14T14:58:48.771Z,2025-12-14T14:58:48.771Z
8,0x0004,21233,0x00000000,2025-12-14T14:58:48.769Z,2025-12-14T14:58:48.769Z
7,0x0004,15344,0x00000000,2025-12-14T14:58:48.769Z,2025-12-14T14:58:48.769Z
39,0x000a,4.10156,0x00000000,2025-12-14T14:58:49.071Z,2025-12-14T14:58:49.071Z
38,0x000a,2.99841,0x00000000,2025-12-14T14:58:49.071Z,2025-12-14T14:58:49.071Z
36,0x000a,2.06291,0x00000000,2025-12-14T14:58:49.071Z,2025-12-14T14:58:49.071Z
35,0x000a,1.50806,0x00000000,2025-12-14T14:58:49.071Z,2025-12-14T14:58:49.071Z
34,0x000a,0.0183647,0x00000000,2025-12-14T14:58:49.071Z,2025-12-14T14:58:49.071Z
26,0x000a,8.28993,0x00000000,2025-12-14T14:58:49.071Z,2025-12-14T14:58:49.071Z
25,0x000a,5.99971,0x00000000,2025-12-14T14:58:49.071Z,2025-12-14T14:58:49.071Z
23,0x000a,2.06291,0x00000000,2025-12-14T14:58:49.071Z,2025-12-14T14:58:49.071Z
22,0x000a,1.50806,0x00000000,2025-12-14T14:58:49.071Z,2025-12-14T14:58:49.071Z
21,0x000a,0.0183647,0x00000000,2025-12-14T14:58:49.071Z,2025-12-14T14:58:49.071Z
8,0x0004,22920,0x00000000,2025-12-14T14:58:49.071Z,2025-12-14T14:58:49.071Z
7,0x0004,16588,0x00000000,2025-12-14T14:58:49.071Z,2025-12-14T14:58:49.071Z
39,0x000a,2.49928,0x00000000,2025-12-14T14:58:49.370Z,2025-12-14T14:58:49.370Z
38,0x000a,1.80121,0x00000000,2025-12-14T14:58:49.370Z,2025-12-14T14:58:49.370Z
36,0x000a,2.29508,0x00000000,2025-12-14T14:58:49.370Z,2025-12-14T14:58:49.370Z
35,0x000a,1.66375,0x00000000,2025-12-14T14:58:49.370Z,2025-12-14T14:58:49.370Z
34,0x000a,0.00229559,0x00000000,2025-12-14T14:58:49.370Z,2025-12-14T14:58:49.370Z
26,0x000a,8.94965,0x00000000,2025-12-14T14:58:49.370Z,2025-12-14T14:58:49.370Z
25,0x000a,6.46991,0x00000000,2025-12-14T14:58:49.370Z,2025-12-14T14:58:49.370Z
23,0x000a,2.29508,0x00000000,2025-12-14T14:58:49.370Z,2025-12-14T14:58:49.370Z
22,0x000a,1.66375,0x00000000,2025-12-14T14:58:49.370Z,2025-12-14T14:58:49.370Z
21,0x000a,0.00229559,0x00000000,2025-12-14T14:58:49.370Z,2025-12-14T14:58:49.370Z
8,0x0004,24744,0x00000000,2025-12-14T14:58:49.368Z,2025-12-14T14:58:49.368Z
7,0x0004,17888,0x00000000,2025-12-14T14:58:49.368Z,2025-12-14T14:58:49.368Z
39,0x000a,2.00014,0x00000000,2025-12-14T14:58:49.673Z,2025-12-14T14:58:49.673Z
38,0x000a,1.40336,0x00000000,2025-12-14T14:58:49.673Z,2025-12-14T14:58:49.673Z
36,0x000a,2.2493,0x00000000,2025-12-14T14:58:49.673Z,2025-12-14T14:58:49.673Z
35,0x000a,1.61494,0x00000000,2025-12-14T14:58:49.673Z,2025-12-14T14:58:49.673Z
34,0x000a,0.000573897,0x00000000,2025-12-14T14:58:49.673Z,2025-12-14T14:58:49.673Z
26,0x000a,9.56995,0x00000000,2025-12-14T14:58:49.673Z,2025-12-14T14:58:49.673Z
25,0x000a,6.90972,0x00000000,2025-12-14T14:58:49.673Z,2025-12-14T14:58:49.673Z
23,0x000a,2.2493,0x00000000,2025-12-14T14:58:49.673Z,2025-12-14T14:58:49.673Z
22,0x000a,1.61494,0x00000000,2025-12-14T14:58:49.673Z,2025-12-14T14:58:49.673Z
21,0x000a,0.000573897,0x00000000,2025-12-14T14:58:49.673Z,2025-12-14T14:58:49.673Z
8,0x0004,26459,0x00000000,2025-12-14T14:58:49.669Z,2025-12-14T14:58:49.669Z
7,0x0004,19104,0x00000000,2025-12-14T14:58:49.669Z,2025-12-14T14:58:49.669Z
39,0x000a,2.0978,0x00000000,2025-12-14T14:58:49.971Z,2025-12-14T14:58:49.971Z
38,0x000a,1.50101,0x00000000,2025-12-14T14:58:49.971Z,2025-12-14T14:58:49.971Z
36,0x000a,2.05661,0x00000000,2025-12-14T14:58:49.971Z,2025-12-14T14:58:49.971Z
35,0x000a,1.50214,0x00000000,2025-12-14T14:58:49.971Z,2025-12-14T14:58:49.971Z
34,0x000a,7.17371e-05,0x00000000,2025-12-14T14:58:49.971Z,2025-12-14T14:58:49.971Z
30,0x0004,0,0x00000000,2025-12-14T14:58:49.971Z,2025-12-14T14:58:49.971Z
26,0x000a,10,0x00000000,2025-12-14T14:58:49.971Z,2025-12-14T14:58:49.971Z
25,0x000a,7.38968,0x00000000,2025-12-14T14:58:49.971Z,2025-12-14T14:58:49.971Z
23,0x000a,2.05661,0x00000000,2025-12-14T14:58:49.971Z,2025-12-14T14:58:49.971Z
22,0x000a,1.50214,0x00000000,2025-12-14T14:58:49.971Z,2025-12-14T14:58:49.971Z
21,0x000a,7.17371e-05,0x00000000,2025-12-14T14:58:49.971Z,2025-12-14T14:58:49.971Z
17,0x0001,false,0x00000000,2025-12-14T14:58:49.971Z,2025-12-14T14:58:49.971Z
8,0x0004,27648,0x00000000,2025-12-14T14:58:49.971Z,2025-12-14T14:58:49.971Z
7,0x0004,20431,0x00000000,2025-12-14T14:58:49.971Z,2025-12-14T14:58:49.971Z
42,0x0001,true,0x00000000,2025-12-14T14:58:50.270Z,2025-12-14T14:58:50.270Z
39,0x000a,0,0x00000000,2025-12-14T14:58:50.270Z,2025-12-14T14:58:50.270Z
38,0x000a,1.50102,0x00000000,2025-12-14T14:58:50.270Z,2025-12-14T14:58:50.270Z
36,0x000a,0.569938,0x00000000,2025-12-14T14:58:50.270Z,2025-12-14T14:58:50.270Z
35,0x000a,2.27517,0x00000000,2025-12-14T14:58:50.270Z,2025-12-14T14:58:50.270Z
34,0x000a,8.96714e-06,0x00000000,2025-12-14T14:58:50.270Z,2025-12-14T14:58:50.270Z
25,0x000a,7.82986,0x00000000,2025-12-14T14:58:50.270Z,2025-12-14T14:58:50.270Z
23,0x000a,0.569938,0x00000000,2025-12-14T14:58:50.270Z,2025-12-14T14:58:50.270Z
22,0x000a,2.27517,0x00000000,2025-12-14T14:58:50.270Z,2025-12-14T14:58:50.270Z
21,0x000a,8.96714e-06,0x00000000,2025-12-14T14:58:50.270Z,2025-12-14T14:58:50.270Z
7,0x0004,21648,0x00000000,2025-12-14T14:58:50.270Z,2025-12-14T14:58:50.270Z
38,0x000a,1.39974,0x00000000,2025-12-14T14:58:50.571Z,2025-12-14T14:58:50.571Z
36,0x000a,0.142485,0x00000000,2025-12-14T14:58:50.571Z,2025-12-14T14:58:50.571Z
35,0x000a,1.69455,0x00000000,2025-12-14T14:58:50.571Z,2025-12-14T14:58:50.571Z
34,0x000a,2.24178e-06,0x00000000,2025-12-14T14:58:50.571Z,2025-12-14T14:58:50.571Z
25,0x000a,8.2997,0x00000000,2025-12-14T14:58:50.571Z,2025-12-14T14:58:50.571Z
23,0x000a,0.142485,0x00000000,2025-12-14T14:58:50.571Z,2025-12-14T14:58:50.571Z
22,0x000a,1.69455,0x00000000,2025-12-14T14:58:50.571Z,2025-12-14T14:58:50.571Z
21,0x000a,2.24178e-06,0x00000000,2025-12-14T14:58:50.571Z,2025-12-14T14:58:50.571Z
7,0x0004,22947,0x00000000,2025-12-14T14:58:50.569Z,2025-12-14T14:58:50.569Z
38,0x000a,1.50101,0x00000000,2025-12-14T14:58:50.871Z,2025-12-14T14:58:50.871Z
36,0x000a,0.0178106,0x00000000,2025-12-14T14:58:50.871Z,2025-12-14T14:58:50.871Z
35,0x000a,1.58669,0x00000000,2025-12-14T14:58:50.871Z,2025-12-14T14:58:50.871Z
34,0x000a,2.80223e-07,0x00000000,2025-12-14T14:58:50.871Z,2025-12-14T14:58:50.871Z
25,0x000a,8.5999,0x00000000,2025-12-14T14:58:50.871Z,2025-12-14T14:58:50.871Z
23,0x000a,0.0178106,0x00000000,2025-12-14T14:58:50.871Z,2025-12-14T14:58:50.871Z
22,0x000a,1.58669,0x00000000,2025-12-14T14:58:50.871Z,2025-12-14T14:58:50.871Z
21,0x000a,2.80223e-07,0x00000000,2025-12-14T14:58:50.871Z,2025-12-14T14:58:50.871Z
7,0x0004,23777,0x00000000,2025-12-14T14:58:50.869Z,2025-12-14T14:58:50.869Z
38,0x000a,1.39974,0x00000000,2025-12-14T14:58:51.169Z,2025-12-14T14:58:51.169Z
36,0x000a,0.00222632,0x00000000,2025-12-14T14:58:51.169Z,2025-12-14T14:58:51.169Z
35,0x000a,1.46109,0x00000000,2025-12-14T14:58:51.169Z,2025-12-14T14:58:51.169Z
34,0x000a,3.50279e-08,0x00000000,2025-12-14T14:58:51.169Z,2025-12-14T14:58:51.169Z
25,0x000a,8.97967,0x00000000,2025-12-14T14:58:51.169Z,2025-12-14T14:58:51.169Z
23,0x000a,0.00222632,0x00000000,2025-12-14T14:58:51.169Z,2025-12-14T14:58:51.169Z
22,0x000a,1.46109,0x00000000,2025-12-14T14:58:51.169Z,2025-12-14T14:58:51.169Z
21,0x000a,3.50279e-08,0x00000000,2025-12-14T14:58:51.169Z,2025-12-14T14:58:51.169Z
15,0x0001,false,0x00000000,2025-12-14T14:58:51.169Z,2025-12-14T14:58:51.169Z
7,0x0004,24827,0x00000000,2025-12-14T14:58:51.169Z,2025-12-14T14:58:51.169Z
42,0x0001,false,0x00000000,2025-12-14T14:58:51.471Z,2025-12-14T14:58:51.471Z
40,0x0001,false,0x00000000,2025-12-14T14:58:51.471Z,2025-12-14T14:58:51.471Z
38,0x000a,0,0x00000000,2025-12-14T14:58:51.471Z,2025-12-14T14:58:51.471Z
36,0x000a,0.00055658,0x00000000,2025-12-14T14:58:51.471Z,2025-12-14T14:58:51.471Z
35,0x000a,0.589518,0x00000000,2025-12-14T14:58:51.471Z,2025-12-14T14:58:51.471Z
34,0x000a,8.75697e-09,0x00000000,2025-12-14T14:58:51.471Z,2025-12-14T14:58:51.471Z
23,0x000a,0.00055658,0x00000000,2025-12-14T14:58:51.471Z,2025-12-14T14:58:51.471Z
22,0x000a,0.589518,0x00000000,2025-12-14T14:58:51.471Z,2025-12-14T14:58:51.471Z
21,0x000a,8.75697e-09,0x00000000,2025-12-14T14:58:51.471Z,2025-12-14T14:58:51.471Z
18,0x0001,true,0x00000000,2025-12-14T14:58:51.471Z,2025-12-14T14:58:51.471Z
16,0x0001,true,0x00000000,2025-12-14T14:58:51.471Z,2025-12-14T14:58:51.471Z
14,0x0001,true,0x00000000,2025-12-14T14:58:51.471Z,2025-12-14T14:58:51.471Z
4,0x000a,5,0x00000000,2025-12-14T14:58:51.471Z,2025-12-14T14:58:51.471Z
3,0x000a,5,0x00000000,2025-12-14T14:58:51.471Z,2025-12-14T14:58:51.471Z
2,0x000a,5,0x00000000,2025-12-14T14:58:51.471Z,2025-12-14T14:58:51.471Z
39,0x000a,-2.19908,0x00000000,2025-12-14T14:58:51.770Z,2025-12-14T14:58:51.770Z
38,0x000a,-1.39974,0x00000000,2025-12-14T14:58:51.770Z,2025-12-14T14:58:51.770Z
37,0x000a,-2.69821,0x00000000,2025-12-14T14:58:51.770Z,2025-12-14T14:58:51.770Z
36,0x000a,-0.251305,0x00000000,2025-12-14T14:58:51.770Z,2025-12-14T14:58:51.770Z
35,0x000a,-0.374804,0x00000000,2025-12-14T14:58:51.770Z,2025-12-14T14:58:51.770Z
34,0x000a,-0.801144,0x00000000,2025-12-14T14:58:51.770Z,2025-12-14T14:58:51.770Z
30,0x0004,1000,0x00000000,2025-12-14T14:58:51.770Z,2025-12-14T14:58:51.770Z
26,0x000a,9.72982,0x00000000,2025-12-14T14:58:51.770Z,2025-12-14T14:58:51.770Z
25,0x000a,8.75,0x00000000,2025-12-14T14:58:51.770Z,2025-12-14T14:58:51.770Z
24,0x000a,7.76982,0x00000000,2025-12-14T14:58:51.770Z,2025-12-14T14:58:51.770Z
23,0x000a,-0.251305,0x00000000,2025-12-14T14:58:51.770Z,2025-12-14T14:58:51.770Z
22,0x000a,-0.374804,0x00000000,2025-12-14T14:58:51.770Z,2025-12-14T14:58:51.770Z
21,0x000a,-0.801144,0x00000000,2025-12-14T14:58:51.770Z,2025-12-14T14:58:51.770Z
8,0x0004,26901,0x00000000,2025-12-14T14:58:51.770Z,2025-12-14T14:58:51.770Z
7,0x0004,24192,0x00000000,2025-12-14T14:58:51.770Z,2025-12-14T14:58:51.770Z
6,0x0004,21482,0x00000000,2025-12-14T14:58:51.770Z,2025-12-14T14:58:51.770Z
39,0x000a,-2.10142,0x00000000,2025-12-14T14:58:52.069Z,2025-12-14T14:58:52.069Z
38,0x000a,-1.50101,0x00000000,2025-12-14T14:58:52.069Z,2025-12-14T14:58:52.069Z
37,0x000a,-2.60055,0x00000000,2025-12-14T14:58:52.069Z,2025-12-14T14:58:52.069Z
36,0x000a,-1.85704,0x00000000,2025-12-14T14:58:52.069Z,2025-12-14T14:58:52.069Z
35,0x000a,-1.34758,0x00000000,2025-12-14T14:58:52.069Z,2025-12-14T14:58:52.069Z
34,0x000a,-2.41225,0x00000000,2025-12-14T14:58:52.069Z,2025-12-14T14:58:52.069Z
26,0x000a,9.06973,0x00000000,2025-12-14T14:58:52.069Z,2025-12-14T14:58:52.069Z
25,0x000a,8.26968,0x00000000,2025-12-14T14:58:52.069Z,2025-12-14T14:58:52.069Z
24,0x000a,6.91985,0x00000000,2025-12-14T14:58:52.069Z,2025-12-14T14:58:52.069Z
23,0x000a,-1.85704,0x00000000,2025-12-14T14:58:52.069Z,2025-12-14T14:58:52.069Z
22,0x000a,-1.34758,0x00000000,2025-12-14T14:58:52.069Z,2025-12-14T14:58:52.069Z
21,0x000a,-2.41225,0x00000000,2025-12-14T14:58:52.069Z,2025-12-14T14:58:52.069Z
8,0x0004,25076,0x00000000,2025-12-14T14:58:52.069Z,2025-12-14T14:58:52.069Z
7,0x0004,22864,0x00000000,2025-12-14T14:58:52.069Z,2025-12-14T14:58:52.069Z
6,0x0004,19132,0x00000000,2025-12-14T14:58:52.069Z,2025-12-14T14:58:52.069Z
39,0x000a,-2.09781,0x00000000,2025-12-14T14:58:52.371Z,2025-12-14T14:58:52.371Z
38,0x000a,-1.39974,0x00000000,2025-12-14T14:58:52.371Z,2025-12-14T14:58:52.371Z
37,0x000a,-2.59694,0x00000000,2025-12-14T14:58:52.371Z,2025-12-14T14:58:52.371Z
36,0x000a,-2.08915,0x00000000,2025-12-14T14:58:52.371Z,2025-12-14T14:58:52.371Z
35,0x000a,-1.5359,0x00000000,2025-12-14T14:58:52.371Z,2025-12-14T14:58:52.371Z
34,0x000a,-2.75421,0x00000000,2025-12-14T14:58:52.371Z,2025-12-14T14:58:52.371Z
26,0x000a,8.45992,0x00000000,2025-12-14T14:58:52.371Z,2025-12-14T14:58:52.371Z
25,0x000a,7.82986,0x00000000,2025-12-14T14:58:52.371Z,2025-12-14T14:58:52.371Z
24,0x000a,6.11979,0x00000000,2025-12-14T14:58:52.371Z,2025-12-14T14:58:52.371Z
23,0x000a,-2.08915,0x00000000,2025-12-14T14:58:52.371Z,2025-12-14T14:58:52.371Z
22,0x000a,-1.5359,0x00000000,2025-12-14T14:58:52.371Z,2025-12-14T14:58:52.371Z
21,0x000a,-2.75421,0x00000000,2025-12-14T14:58:52.371Z,2025-12-14T14:58:52.371Z
8,0x0004,23390,0x00000000,2025-12-14T14:58:52.367Z,2025-12-14T14:58:52.367Z
7,0x0004,21648,0x00000000,2025-12-14T14:58:52.367Z,2025-12-14T14:58:52.367Z
6,0x0004,16920,0x00000000,2025-12-14T14:58:52.367Z,2025-12-14T14:58:52.367Z
39,0x000a,-2.0978,0x00000000,2025-12-14T14:58:52.671Z,2025-12-14T14:58:52.671Z
37,0x000a,-2.70182,0x00000000,2025-12-14T14:58:52.671Z,2025-12-14T14:58:52.671Z
36,0x000a,-2.54883,0x00000000,2025-12-14T14:58:52.671Z,2025-12-14T14:58:52.671Z
35,0x000a,-1.86797,0x00000000,2025-12-14T14:58:52.671Z,2025-12-14T14:58:52.671Z
34,0x000a,-3.34359,0x00000000,2025-12-14T14:58:52.671Z,2025-12-14T14:58:52.671Z
26,0x000a,7.83999,0x00000000,2025-12-14T14:58:52.671Z,2025-12-14T14:58:52.671Z
25,0x000a,7.38968,0x00000000,2025-12-14T14:58:52.671Z,2025-12-14T14:58:52.671Z
24,0x000a,5.31973,0x00000000,2025-12-14T14:58:52.671Z,2025-12-14T14:58:52.671Z
23,0x000a,-2.54883,0x00000000,2025-12-14T14:58:52.671Z,2025-12-14T14:58:52.671Z
22,0x000a,-1.86797,0x00000000,2025-12-14T14:58:52.671Z,2025-12-14T14:58:52.671Z
21,0x000a,-3.34359,0x00000000,2025-12-14T14:58:52.671Z,2025-12-14T14:58:52.671Z
8,0x0004,21676,0x00000000,2025-12-14T14:58:52.671Z,2025-12-14T14:58:52.671Z
7,0x0004,20431,0x00000000,2025-12-14T14:58:52.671Z,2025-12-14T14:58:52.671Z
6,0x0004,14708,0x00000000,2025-12-14T14:58:52.671Z,2025-12-14T14:58:52.671Z
39,0x000a,-2.10142,0x00000000,2025-12-14T14:58:52.973Z,2025-12-14T14:58:52.973Z
38,0x000a,-1.50101,0x00000000,2025-12-14T14:58:52.973Z,2025-12-14T14:58:52.973Z
37,0x000a,-2.69821,0x00000000,2025-12-14T14:58:52.973Z,2025-12-14T14:58:52.973Z
36,0x000a,-2.36247,0x00000000,2025-12-14T14:58:52.973Z,2025-12-14T14:58:52.973Z
35,0x000a,-1.71573,0x00000000,2025-12-14T14:58:52.973Z,2025-12-14T14:58:52.973Z
34,0x000a,-3.06119,0x00000000,2025-12-14T14:58:52.973Z,2025-12-14T14:58:52.973Z
26,0x000a,7.18967,0x00000000,2025-12-14T14:58:52.973Z,2025-12-14T14:58:52.973Z
25,0x000a,6.90972,0x00000000,2025-12-14T14:58:52.973Z,2025-12-14T14:58:52.973Z
24,0x000a,4.62999,0x00000000,2025-12-14T14:58:52.973Z,2025-12-14T14:58:52.973Z
23,0x000a,-2.36247,0x00000000,2025-12-14T14:58:52.973Z,2025-12-14T14:58:52.973Z
22,0x000a,-1.71573,0x00000000,2025-12-14T14:58:52.973Z,2025-12-14T14:58:52.973Z
21,0x000a,-3.06119,0x00000000,2025-12-14T14:58:52.973Z,2025-12-14T14:58:52.973Z
14,0x0001,false,0x00000000,2025-12-14T14:58:52.973Z,2025-12-14T14:58:52.973Z
13,0x0001,true,0x00000000,2025-12-14T14:58:52.973Z,2025-12-14T14:58:52.973Z
8,0x0004,19878,0x00000000,2025-12-14T14:58:52.968Z,2025-12-14T14:58:52.968Z
7,0x0004,19104,0x00000000,2025-12-14T14:58:52.968Z,2025-12-14T14:58:52.968Z
6,0x0004,12801,0x00000000,2025-12-14T14:58:52.968Z,2025-12-14T14:58:52.968Z
38,0x000a,-1.40336,0x00000000,2025-12-14T14:58:53.272Z,2025-12-14T14:58:53.272Z
37,0x000a,1.59867,0x00000000,2025-12-14T14:58:53.272Z,2025-12-14T14:58:53.272Z
36,0x000a,-2.10692,0x00000000,2025-12-14T14:58:53.272Z,2025-12-14T14:58:53.272Z
35,0x000a,-1.52604,0x00000000,2025-12-14T14:58:53.272Z,2025-12-14T14:58:53.272Z
34,0x000a,-0.99481,0x00000000,2025-12-14T14:58:53.272Z,2025-12-14T14:58:53.272Z
26,0x000a,6.56973,0x00000000,2025-12-14T14:58:53.272Z,2025-12-14T14:58:53.272Z
25,0x000a,6.46991,0x00000000,2025-12-14T14:58:53.272Z,2025-12-14T14:58:53.272Z
24,0x000a,5.05968,0x00000000,2025-12-14T14:58:53.272Z,2025-12-14T14:58:53.272Z
23,0x000a,-2.10692,0x00000000,2025-12-14T14:58:53.272Z,2025-12-14T14:58:53.272Z
22,0x000a,-1.52604,0x00000000,2025-12-14T14:58:53.272Z,2025-12-14T14:58:53.272Z
21,0x000a,-0.99481,0x00000000,2025-12-14T14:58:53.272Z,2025-12-14T14:58:53.272Z
13,0x0001,false,0x00000000,2025-12-14T14:58:53.272Z,2025-12-14T14:58:53.272Z
8,0x0004,18164,0x00000000,2025-12-14T14:58:53.269Z,2025-12-14T14:58:53.269Z
7,0x0004,17888,0x00000000,2025-12-14T14:58:53.269Z,2025-12-14T14:58:53.269Z
6,0x0004,13989,0x00000000,2025-12-14T14:58:53.269Z,2025-12-14T14:58:53.269Z
39,0x000a,-4.50304,0x00000000,2025-12-14T14:58:53.570Z,2025-12-14T14:58:53.570Z
38,0x000a,-3.20096,0x00000000,2025-12-14T14:58:53.570Z,2025-12-14T14:58:53.570Z
37,0x000a,0,0x00000000,2025-12-14T14:58:53.570Z,2025-12-14T14:58:53.570Z
36,0x000a,-2.07498,0x00000000,2025-12-14T14:58:53.570Z,2025-12-14T14:58:53.570Z
35,0x000a,-1.49103,0x00000000,2025-12-14T14:58:53.570Z,2025-12-14T14:58:53.570Z
34,0x000a,1.55118,0x00000000,2025-12-14T14:58:53.570Z,2025-12-14T14:58:53.570Z
26,0x000a,5.90965,0x00000000,2025-12-14T14:58:53.570Z,2025-12-14T14:58:53.570Z
25,0x000a,5.99971,0x00000000,2025-12-14T14:58:53.570Z,2025-12-14T14:58:53.570Z
24,0x000a,5.21991,0x00000000,2025-12-14T14:58:53.570Z,2025-12-14T14:58:53.570Z
23,0x000a,-2.07498,0x00000000,2025-12-14T14:58:53.570Z,2025-12-14T14:58:53.570Z
22,0x000a,-1.49103,0x00000000,2025-12-14T14:58:53.570Z,2025-12-14T14:58:53.570Z
21,0x000a,1.55118,0x00000000,2025-12-14T14:58:53.570Z,2025-12-14T14:58:53.570Z
8,0x0004,16339,0x00000000,2025-12-14T14:58:53.570Z,2025-12-14T14:58:53.570Z
7,0x0004,16588,0x00000000,2025-12-14T14:58:53.570Z,2025-12-14T14:58:53.570Z
6,0x0004,14432,0x00000000,2025-12-14T14:58:53.570Z,2025-12-14T14:58:53.570Z
40,0x0001,true,0x00000000,2025-12-14T14:58:53.870Z,2025-12-14T14:58:53.870Z
39,0x000a,-2.10142,0x00000000,2025-12-14T14:58:53.870Z,2025-12-14T14:58:53.870Z
38,0x000a,-1.50101,0x00000000,2025-12-14T14:58:53.870Z,2025-12-14T14:58:53.870Z
36,0x000a,-2.64277,0x00000000,2025-12-14T14:58:53.870Z,2025-12-14T14:58:53.870Z
35,0x000a,-1.9217,0x00000000,2025-12-14T14:58:53.870Z,2025-12-14T14:58:53.870Z
34,0x000a,0.387794,0x00000000,2025-12-14T14:58:53.870Z,2025-12-14T14:58:53.870Z
26,0x000a,5.28971,0x00000000,2025-12-14T14:58:53.870Z,2025-12-14T14:58:53.870Z
25,0x000a,5.54977,0x00000000,2025-12-14T14:58:53.870Z,2025-12-14T14:58:53.870Z
23,0x000a,-2.64277,0x00000000,2025-12-14T14:58:53.870Z,2025-12-14T14:58:53.870Z
22,0x000a,-1.9217,0x00000000,2025-12-14T14:58:53.870Z,2025-12-14T14:58:53.870Z
21,0x000a,0.387794,0x00000000,2025-12-14T14:58:53.870Z,2025-12-14T14:58:53.870Z
18,0x0001,false,0x00000000,2025-12-14T14:58:53.870Z,2025-12-14T14:58:53.870Z
8,0x0004,14625,0x00000000,2025-12-14T14:58:53.868Z,2025-12-14T14:58:53.868Z
7,0x0004,15344,0x00000000,2025-12-14T14:58:53.868Z,2025-12-14T14:58:53.868Z
39,0x000a,-0.799332,0x00000000,2025-12-14T14:58:54.169Z,2025-12-14T14:58:54.169Z
38,0x000a,-1.39974,0x00000000,2025-12-14T14:58:54.169Z,2025-12-14T14:58:54.169Z
36,0x000a,-2.11845,0x00000000,2025-12-14T14:58:54.169Z,2025-12-14T14:58:54.169Z
35,0x000a,-1.5536,0x00000000,2025-12-14T14:58:54.169Z,2025-12-14T14:58:54.169Z
34,0x000a,0.0484743,0x00000000,2025-12-14T14:58:54.169Z,2025-12-14T14:58:54.169Z
26,0x000a,5.00977,0x00000000,2025-12-14T14:58:54.169Z,2025-12-14T14:58:54.169Z
25,0x000a,5.10995,0x00000000,2025-12-14T14:58:54.169Z,2025-12-14T14:58:54.169Z
23,0x000a,-2.11845,0x00000000,2025-12-14T14:58:54.169Z,2025-12-14T14:58:54.169Z
22,0x000a,-1.5536,0x00000000,2025-12-14T14:58:54.169Z,2025-12-14T14:58:54.169Z
21,0x000a,0.0484743,0x00000000,2025-12-14T14:58:54.169Z,2025-12-14T14:58:54.169Z
16,0x0001,false,0x00000000,2025-12-14T14:58:54.169Z,2025-12-14T14:58:54.169Z
8,0x0004,13851,0x00000000,2025-12-14T14:58:54.169Z,2025-12-14T14:58:54.169Z
7,0x0004,14128,0x00000000,2025-12-14T14:58:54.169Z,2025-12-14T14:58:54.169Z
42,0x0001,true,0x00000000,2025-12-14T14:58:54.471Z,2025-12-14T14:58:54.471Z
39,0x000a,0,0x00000000,2025-12-14T14:58:54.471Z,2025-12-14T14:58:54.471Z
38,0x000a,0,0x00000000,2025-12-14T14:58:54.471Z,2025-12-14T14:58:54.471Z
36,0x000a,-0.364723,0x00000000,2025-12-14T14:58:54.471Z,2025-12-14T14:58:54.471Z
35,0x000a,-1.19382,0x00000000,2025-12-14T14:58:54.471Z,2025-12-14T14:58:54.471Z
34,0x000a,0.00605929,0x00000000,2025-12-14T14:58:54.471Z,2025-12-14T14:58:54.471Z
25,0x000a,5.01989,0x00000000,2025-12-14T14:58:54.471Z,2025-12-14T14:58:54.471Z
23,0x000a,-0.364723,0x00000000,2025-12-14T14:58:54.471Z,2025-12-14T14:58:54.471Z
22,0x000a,-1.19382,0x00000000,2025-12-14T14:58:54.471Z,2025-12-14T14:58:54.471Z
21,0x000a,0.00605929,0x00000000,2025-12-14T14:58:54.471Z,2025-12-14T14:58:54.471Z
7,0x0004,13879,0x00000000,2025-12-14T14:58:54.471Z,2025-12-14T14:58:54.471Z
42,0x0001,false,0x00000000,2025-12-14T14:58:54.769Z,2025-12-14T14:58:54.769Z
40,0x0001,false,0x00000000,2025-12-14T14:58:54.769Z,2025-12-14T14:58:54.769Z
36,0x000a,-0.0911807,0x00000000,2025-12-14T14:58:54.769Z,2025-12-14T14:58:54.769Z
35,0x000a,-0.298455,0x00000000,2025-12-14T14:58:54.769Z,2025-12-14T14:58:54.769Z
34,0x000a,0.00151482,0x00000000,2025-12-14T14:58:54.769Z,2025-12-14T14:58:54.769Z
23,0x000a,-0.0911807,0x00000000,2025-12-14T14:58:54.769Z,2025-12-14T14:58:54.769Z
22,0x000a,-0.298455,0x00000000,2025-12-14T14:58:54.769Z,2025-12-14T14:58:54.769Z
21,0x000a,0.00151482,0x00000000,2025-12-14T14:58:54.769Z,2025-12-14T14:58:54.769Z
18,0x0001,true,0x00000000,2025-12-14T14:58:54.769Z,2025-12-14T14:58:54.769Z
16,0x0001,true,0x00000000,2025-12-14T14:58:54.769Z,2025-12-14T14:58:54.769Z
14,0x0001,true,0x00000000,2025-12-14T14:58:54.769Z,2025-12-14T14:58:54.769Z
4,0x000a,0,0x00000000,2025-12-14T14:58:54.769Z,2025-12-14T14:58:54.769Z
3,0x000a,0,0x00000000,2025-12-14T14:58:54.769Z,2025-12-14T14:58:54.769Z
2,0x000a,0,0x00000000,2025-12-14T14:58:54.769Z,2025-12-14T14:58:54.769Z
39,0x000a,-2.00014,0x00000000,2025-12-14T14:58:55.071Z,2025-12-14T14:58:55.071Z
38,0x000a,-1.39974,0x00000000,2025-12-14T14:58:55.071Z,2025-12-14T14:58:55.071Z
37,0x000a,-2.60055,0x00000000,2025-12-14T14:58:55.071Z,2025-12-14T14:58:55.071Z
36,0x000a,-1.23662,0x00000000,2025-12-14T14:58:55.071Z,2025-12-14T14:58:55.071Z
35,0x000a,-1.01296,0x00000000,2025-12-14T14:58:55.071Z,2025-12-14T14:58:55.071Z
34,0x000a,-1.74948,0x00000000,2025-12-14T14:58:55.071Z,2025-12-14T14:58:55.071Z
26,0x000a,4.5298,0x00000000,2025-12-14T14:58:55.071Z,2025-12-14T14:58:55.071Z
25,0x000a,4.63976,0x00000000,2025-12-14T14:58:55.071Z,2025-12-14T14:58:55.071Z
24,0x000a,4.5298,0x00000000,2025-12-14T14:58:55.071Z,2025-12-14T14:58:55.071Z
23,0x000a,-1.23662,0x00000000,2025-12-14T14:58:55.071Z,2025-12-14T14:58:55.071Z
22,0x000a,-1.01296,0x00000000,2025-12-14T14:58:55.071Z,2025-12-14T14:58:55.071Z
21,0x000a,-1.74948,0x00000000,2025-12-14T14:58:55.071Z,2025-12-14T14:58:55.071Z
8,0x0004,12524,0x00000000,2025-12-14T14:58:55.070Z,2025-12-14T14:58:55.070Z
7,0x0004,12828,0x00000000,2025-12-14T14:58:55.070Z,2025-12-14T14:58:55.070Z
6,0x0004,12524,0x00000000,2025-12-14T14:58:55.070Z,2025-12-14T14:58:55.070Z
39,0x000a,-2.00015,0x00000000,2025-12-14T14:58:55.370Z,2025-12-14T14:58:55.370Z
38,0x000a,-1.50102,0x00000000,2025-12-14T14:58:55.370Z,2025-12-14T14:58:55.370Z
37,0x000a,-2.60055,0x00000000,2025-12-14T14:58:55.370Z,2025-12-14T14:58:55.370Z
36,0x000a,-1.97885,0x00000000,2025-12-14T14:58:55.370Z,2025-12-14T14:58:55.370Z
35,0x000a,-1.42554,0x00000000,2025-12-14T14:58:55.370Z,2025-12-14T14:58:55.370Z
34,0x000a,-2.56922,0x00000000,2025-12-14T14:58:55.370Z,2025-12-14T14:58:55.370Z
26,0x000a,3.90987,0x00000000,2025-12-14T14:58:55.370Z,2025-12-14T14:58:55.370Z
25,0x000a,4.18981,0x00000000,2025-12-14T14:58:55.370Z,2025-12-14T14:58:55.370Z
24,0x000a,3.72975,0x00000000,2025-12-14T14:58:55.370Z,2025-12-14T14:58:55.370Z
23,0x000a,-1.97885,0x00000000,2025-12-14T14:58:55.370Z,2025-12-14T14:58:55.370Z
22,0x000a,-1.42554,0x00000000,2025-12-14T14:58:55.370Z,2025-12-14T14:58:55.370Z
21,0x000a,-2.56922,0x00000000,2025-12-14T14:58:55.370Z,2025-12-14T14:58:55.370Z
8,0x0004,10810,0x00000000,2025-12-14T14:58:55.368Z,2025-12-14T14:58:55.368Z
7,0x0004,11584,0x00000000,2025-12-14T14:58:55.368Z,2025-12-14T14:58:55.368Z
6,0x0004,10312,0x00000000,2025-12-14T14:58:55.368Z,2025-12-14T14:58:55.368Z
38,0x000a,-1.50101,0x00000000,2025-12-14T14:58:55.670Z,2025-12-14T14:58:55.670Z
37,0x000a,-2.69821,0x00000000,2025-12-14T14:58:55.670Z,2025-12-14T14:58:55.670Z
36,0x000a,-2.24439,0x00000000,2025-12-14T14:58:55.670Z,2025-12-14T14:58:55.670Z
35,0x000a,-1.58161,0x00000000,2025-12-14T14:58:55.670Z,2025-12-14T14:58:55.670Z
34,0x000a,-2.89292,0x00000000,2025-12-14T14:58:55.670Z,2025-12-14T14:58:55.670Z
26,0x000a,3.21,0x00000000,2025-12-14T14:58:55.670Z,2025-12-14T14:58:55.670Z
25,0x000a,3.68996,0x00000000,2025-12-14T14:58:55.670Z,2025-12-14T14:58:55.670Z
24,0x000a,2.81973,0x00000000,2025-12-14T14:58:55.670Z,2025-12-14T14:58:55.670Z
23,0x000a,-2.24439,0x00000000,2025-12-14T14:58:55.670Z,2025-12-14T14:58:55.670Z
22,0x000a,-1.58161,0x00000000,2025-12-14T14:58:55.670Z,2025-12-14T14:58:55.670Z
21,0x000a,-2.89292,0x00000000,2025-12-14T14:58:55.670Z,2025-12-14T14:58:55.670Z
8,0x0004,8875,0x00000000,2025-12-14T14:58:55.670Z,2025-12-14T14:58:55.670Z
7,0x0004,10202,0x00000000,2025-12-14T14:58:55.670Z,2025-12-14T14:58:55.670Z
6,0x0004,7796,0x00000000,2025-12-14T14:58:55.670Z,2025-12-14T14:58:55.670Z
39,0x000a,-2.10142,0x00000000,2025-12-14T14:58:55.971Z,2025-12-14T14:58:55.971Z
38,0x000a,-1.39974,0x00000000,2025-12-14T14:58:55.971Z,2025-12-14T14:58:55.971Z
37,0x000a,-2.60055,0x00000000,2025-12-14T14:58:55.971Z,2025-12-14T14:58:55.971Z
36,0x000a,-3.20617,0x00000000,2025-12-14T14:58:55.971Z,2025-12-14T14:58:55.971Z
35,0x000a,-2.33574,0x00000000,2025-12-14T14:58:55.971Z,2025-12-14T14:58:55.971Z
34,0x000a,-4.14851,0x00000000,2025-12-14T14:58:55.971Z,2025-12-14T14:58:55.971Z
26,0x000a,2.5897,0x00000000,2025-12-14T14:58:55.971Z,2025-12-14T14:58:55.971Z
25,0x000a,3.24978,0x00000000,2025-12-14T14:58:55.971Z,2025-12-14T14:58:55.971Z
24,0x000a,2.0298,0x00000000,2025-12-14T14:58:55.971Z,2025-12-14T14:58:55.971Z
23,0x000a,-3.20617,0x00000000,2025-12-14T14:58:55.971Z,2025-12-14T14:58:55.971Z
22,0x000a,-2.33574,0x00000000,2025-12-14T14:58:55.971Z,2025-12-14T14:58:55.971Z
21,0x000a,-4.14851,0x00000000,2025-12-14T14:58:55.971Z,2025-12-14T14:58:55.971Z
8,0x0004,7160,0x00000000,2025-12-14T14:58:55.968Z,2025-12-14T14:58:55.968Z
7,0x0004,8985,0x00000000,2025-12-14T14:58:55.968Z,2025-12-14T14:58:55.968Z
6,0x0004,5612,0x00000000,2025-12-14T14:58:55.968Z,2025-12-14T14:58:55.968Z
39,0x000a,-2.00014,0x00000000,2025-12-14T14:58:56.273Z,2025-12-14T14:58:56.273Z
38,0x000a,-1.50101,0x00000000,2025-12-14T14:58:56.273Z,2025-12-14T14:58:56.273Z
37,0x000a,-2.70182,0x00000000,2025-12-14T14:58:56.273Z,2025-12-14T14:58:56.273Z
36,0x000a,-2.21238,0x00000000,2025-12-14T14:58:56.273Z,2025-12-14T14:58:56.273Z
35,0x000a,-1.59089,0x00000000,2025-12-14T14:58:56.273Z,2025-12-14T14:58:56.273Z
34,0x000a,-2.81846,0x00000000,2025-12-14T14:58:56.273Z,2025-12-14T14:58:56.273Z
26,0x000a,1.97989,0x00000000,2025-12-14T14:58:56.273Z,2025-12-14T14:58:56.273Z
25,0x000a,2.79984,0x00000000,2025-12-14T14:58:56.273Z,2025-12-14T14:58:56.273Z
24,0x000a,1.22975,0x00000000,2025-12-14T14:58:56.273Z,2025-12-14T14:58:56.273Z
23,0x000a,-2.21238,0x00000000,2025-12-14T14:58:56.273Z,2025-12-14T14:58:56.273Z
22,0x000a,-1.59089,0x00000000,2025-12-14T14:58:56.273Z,2025-12-14T14:58:56.273Z
21,0x000a,-2.81846,0x00000000,2025-12-14T14:58:56.273Z,2025-12-14T14:58:56.273Z
8,0x0004,5474,0x00000000,2025-12-14T14:58:56.267Z,2025-12-14T14:58:56.267Z
7,0x0004,7741,0x00000000,2025-12-14T14:58:56.267Z,2025-12-14T14:58:56.267Z
6,0x0004,3400,0x00000000,2025-12-14T14:58:56.267Z,2025-12-14T14:58:56.267Z
38,0x000a,-1.50101,0x00000000,2025-12-14T14:58:56.571Z,2025-12-14T14:58:56.571Z
37,0x000a,-2.60055,0x00000000,2025-12-14T14:58:56.571Z,2025-12-14T14:58:56.571Z
36,0x000a,-2.10384,0x00000000,2025-12-14T14:58:56.571Z,2025-12-14T14:58:56.571Z
35,0x000a,-1.47284,0x00000000,2025-12-14T14:58:56.571Z,2025-12-14T14:58:56.571Z
34,0x000a,-2.72917,0x00000000,2025-12-14T14:58:56.571Z,2025-12-14T14:58:56.571Z
26,0x000a,1.31981,0x00000000,2025-12-14T14:58:56.571Z,2025-12-14T14:58:56.571Z
25,0x000a,2.32964,0x00000000,2025-12-14T14:58:56.571Z,2025-12-14T14:58:56.571Z
24,0x000a,0.379774,0x00000000,2025-12-14T14:58:56.571Z,2025-12-14T14:58:56.571Z
23,0x000a,-2.10384,0x00000000,2025-12-14T14:58:56.571Z,2025-12-14T14:58:56.571Z
22,0x000a,-1.47284,0x00000000,2025-12-14T14:58:56.571Z,2025-12-14T14:58:56.571Z
21,0x000a,-2.72917,0x00000000,2025-12-14T14:58:56.571Z,2025-12-14T14:58:56.571Z
8,0x0004,3649,0x00000000,2025-12-14T14:58:56.569Z,2025-12-14T14:58:56.569Z
7,0x0004,6441,0x00000000,2025-12-14T14:58:56.569Z,2025-12-14T14:58:56.569Z
6,0x0004,1050,0x00000000,2025-12-14T14:58:56.569Z,2025-12-14T14:58:56.569Z
39,0x000a,-2.10142,0x00000000,2025-12-14T14:58:56.872Z,2025-12-14T14:58:56.872Z
37,0x000a,-1.09954,0x00000000,2025-12-14T14:58:56.872Z,2025-12-14T14:58:56.872Z
36,0x000a,-2.13789,0x00000000,2025-12-14T14:58:56.872Z,2025-12-14T14:58:56.872Z
35,0x000a,-1.57073,0x00000000,2025-12-14T14:58:56.872Z,2025-12-14T14:58:56.872Z
34,0x000a,-2.81556,0x00000000,2025-12-14T14:58:56.872Z,2025-12-14T14:58:56.872Z
28,0x0004,0,0x00000000,2025-12-14T14:58:56.872Z,2025-12-14T14:58:56.872Z
26,0x000a,0.69987,0x00000000,2025-12-14T14:58:56.872Z,2025-12-14T14:58:56.872Z
25,0x000a,1.88983,0x00000000,2025-12-14T14:58:56.872Z,2025-12-14T14:58:56.872Z
24,0x000a,0,0x00000000,2025-12-14T14:58:56.872Z,2025-12-14T14:58:56.872Z
23,0x000a,-2.13789,0x00000000,2025-12-14T14:58:56.872Z,2025-12-14T14:58:56.872Z
22,0x000a,-1.57073,0x00000000,2025-12-14T14:58:56.872Z,2025-12-14T14:58:56.872Z
21,0x000a,-2.81556,0x00000000,2025-12-14T14:58:56.872Z,2025-12-14T14:58:56.872Z
14,0x0001,false,0x00000000,2025-12-14T14:58:56.872Z,2025-12-14T14:58:56.872Z
8,0x0004,1935,0x00000000,2025-12-14T14:58:56.870Z,2025-12-14T14:58:56.870Z
7,0x0004,5225,0x00000000,2025-12-14T14:58:56.870Z,2025-12-14T14:58:56.870Z
6,0x0004,0,0x00000000,2025-12-14T14:58:56.870Z,2025-12-14T14:58:56.870Z
40,0x0001,true,0x00000000,2025-12-14T14:58:57.171Z,2025-12-14T14:58:57.171Z
39,0x000a,-2.398,0x00000000,2025-12-14T14:58:57.171Z,2025-12-14T14:58:57.171Z
38,0x000a,-1.80121,0x00000000,2025-12-14T14:58:57.171Z,2025-12-14T14:58:57.171Z
37,0x000a,0,0x00000000,2025-12-14T14:58:57.171Z,2025-12-14T14:58:57.171Z
36,0x000a,-2.50474,0x00000000,2025-12-14T14:58:57.171Z,2025-12-14T14:58:57.171Z
35,0x000a,-1.7828,0x00000000,2025-12-14T14:58:57.171Z,2025-12-14T14:58:57.171Z
34,0x000a,-0.489387,0x00000000,2025-12-14T14:58:57.171Z,2025-12-14T14:58:57.171Z
26,0x000a,0.0499132,0x00000000,2025-12-14T14:58:57.171Z,2025-12-14T14:58:57.171Z
25,0x000a,1.40987,0x00000000,2025-12-14T14:58:57.171Z,2025-12-14T14:58:57.171Z
23,0x000a,-2.50474,0x00000000,2025-12-14T14:58:57.171Z,2025-12-14T14:58:57.171Z
22,0x000a,-1.7828,0x00000000,2025-12-14T14:58:57.171Z,2025-12-14T14:58:57.171Z
21,0x000a,-0.489387,0x00000000,2025-12-14T14:58:57.171Z,2025-12-14T14:58:57.171Z
18,0x0001,false,0x00000000,2025-12-14T14:58:57.171Z,2025-12-14T14:58:57.171Z
8,0x0004,138,0x00000000,2025-12-14T14:58:57.168Z,2025-12-14T14:58:57.168Z
7,0x0004,3898,0x00000000,2025-12-14T14:58:57.168Z,2025-12-14T14:58:57.168Z
39,0x000a,0,0x00000000,2025-12-14T14:58:57.471Z,2025-12-14T14:58:57.471Z
38,0x000a,-1.50101,0x00000000,2025-12-14T14:58:57.471Z,2025-12-14T14:58:57.471Z
36,0x000a,-1.42642,0x00000000,2025-12-14T14:58:57.471Z,2025-12-14T14:58:57.471Z
35,0x000a,-1.59587,0x00000000,2025-12-14T14:58:57.471Z,2025-12-14T14:58:57.471Z
34,0x000a,-0.122347,0x00000000,2025-12-14T14:58:57.471Z,2025-12-14T14:58:57.471Z
26,0x000a,0.00976562,0x00000000,2025-12-14T14:58:57.471Z,2025-12-14T14:58:57.471Z
25,0x000a,0.96969,0x00000000,2025-12-14T14:58:57.471Z,2025-12-14T14:58:57.471Z
23,0x000a,-1.42642,0x00000000,2025-12-14T14:58:57.471Z,2025-12-14T14:58:57.471Z
22,0x000a,-1.59587,0x00000000,2025-12-14T14:58:57.471Z,2025-12-14T14:58:57.471Z
21,0x000a,-0.122347,0x00000000,2025-12-14T14:58:57.471Z,2025-12-14T14:58:57.471Z
8,0x0004,27,0x00000000,2025-12-14T14:58:57.468Z,2025-12-14T14:58:57.468Z
7,0x0004,2681,0x00000000,2025-12-14T14:58:57.468Z,2025-12-14T14:58:57.468Z
42,0x0001,true,0x00000000,2025-12-14T14:58:57.771Z,2025-12-14T14:58:57.771Z
36,0x000a,-0.178303,0x00000000,2025-12-14T14:58:57.771Z,2025-12-14T14:58:57.771Z
35,0x000a,-1.51106,0x00000000,2025-12-14T14:58:57.771Z,2025-12-14T14:58:57.771Z
34,0x000a,-0.0152933,0x00000000,2025-12-14T14:58:57.771Z,2025-12-14T14:58:57.771Z
25,0x000a,0.529876,0x00000000,2025-12-14T14:58:57.771Z,2025-12-14T14:58:57.771Z
23,0x000a,-0.178303,0x00000000,2025-12-14T14:58:57.771Z,2025-12-14T14:58:57.771Z
22,0x000a,-1.51106,0x00000000,2025-12-14T14:58:57.771Z,2025-12-14T14:58:57.771Z
21,0x000a,-0.0152933,0x00000000,2025-12-14T14:58:57.771Z,2025-12-14T14:58:57.771Z
7,0x0004,1465,0x00000000,2025-12-14T14:58:57.771Z,2025-12-14T14:58:57.771Z
38,0x000a,-3.29861,0x00000000,2025-12-14T14:58:58.073Z,2025-12-14T14:58:58.073Z
36,0x000a,-0.0222879,0x00000000,2025-12-14T14:58:58.073Z,2025-12-14T14:58:58.073Z
35,0x000a,-1.47695,0x00000000,2025-12-14T14:58:58.073Z,2025-12-14T14:58:58.073Z
34,0x000a,-0.00191167,0x00000000,2025-12-14T14:58:58.073Z,2025-12-14T14:58:58.073Z
25,0x000a,0.0499132,0x00000000,2025-12-14T14:58:58.073Z,2025-12-14T14:58:58.073Z
23,0x000a,-0.0222879,0x00000000,2025-12-14T14:58:58.073Z,2025-12-14T14:58:58.073Z
22,0x000a,-1.47695,0x00000000,2025-12-14T14:58:58.073Z,2025-12-14T14:58:58.073Z
21,0x000a,-0.00191167,0x00000000,2025-12-14T14:58:58.073Z,2025-12-14T14:58:58.073Z
16,0x0001,false,0x00000000,2025-12-14T14:58:58.073Z,2025-12-14T14:58:58.073Z
7,0x0004,138,0x00000000,2025-12-14T14:58:58.068Z,2025-12-14T14:58:58.068Z
38,0x000a,0,0x00000000,2025-12-14T14:58:58.370Z,2025-12-14T14:58:58.370Z
36,0x000a,-0.00557197,0x00000000,2025-12-14T14:58:58.370Z,2025-12-14T14:58:58.370Z
35,0x000a,-1.44346,0x00000000,2025-12-14T14:58:58.370Z,2025-12-14T14:58:58.370Z
34,0x000a,-0.000477917,0x00000000,2025-12-14T14:58:58.370Z,2025-12-14T14:58:58.370Z
29,0x0004,0,0x00000000,2025-12-14T14:58:58.370Z,2025-12-14T14:58:58.370Z
25,0x000a,0,0x00000000,2025-12-14T14:58:58.370Z,2025-12-14T14:58:58.370Z
23,0x000a,-0.00557197,0x00000000,2025-12-14T14:58:58.370Z,2025-12-14T14:58:58.370Z
22,0x000a,-1.44346,0x00000000,2025-12-14T14:58:58.370Z,2025-12-14T14:58:58.370Z
21,0x000a,-0.000477917,0x00000000,2025-12-14T14:58:58.370Z,2025-12-14T14:58:58.370Z
7,0x0004,0,0x00000000,2025-12-14T14:58:58.370Z,2025-12-14T14:58:58.370Z
42,0x0001,false,0x00000000,2025-12-14T14:58:58.669Z,2025-12-14T14:58:58.669Z
40,0x0001,false,0x00000000,2025-12-14T14:58:58.669Z,2025-12-14T14:58:58.669Z
36,0x000a,-0.000696496,0x00000000,2025-12-14T14:58:58.669Z,2025-12-14T14:58:58.669Z
35,0x000a,-0.180432,0x00000000,2025-12-14T14:58:58.669Z,2025-12-14T14:58:58.669Z
34,0x000a,-5.97396e-05,0x00000000,2025-12-14T14:58:58.669Z,2025-12-14T14:58:58.669Z
23,0x000a,-0.000696496,0x00000000,2025-12-14T14:58:58.669Z,2025-12-14T14:58:58.669Z
22,0x000a,-0.180432,0x00000000,2025-12-14T14:58:58.669Z,2025-12-14T14:58:58.669Z
21,0x000a,-5.97396e-05,0x00000000,2025-12-14T14:58:58.669Z,2025-12-14T14:58:58.669Z
17,0x0001,true,0x00000000,2025-12-14T14:58:58.669Z,2025-12-14T14:58:58.669Z
15,0x0001,true,0x00000000,2025-12-14T14:58:58.669Z,2025-12-14T14:58:58.669Z
13,0x0001,true,0x00000000,2025-12-14T14:58:58.669Z,2025-12-14T14:58:58.669Z
4,0x000a,10,0x00000000,2025-12-14T14:58:58.669Z,2025-12-14T14:58:58.669Z
3,0x000a,9,0x00000000,2025-12-14T14:58:58.669Z,2025-12-14T14:58:58.669Z
2,0x000a,8,0x00000000,2025-12-14T14:58:58.669Z,2025-12-14T14:58:58.669Z
39,0x000a,2.0978,0x00000000,2025-12-14T14:58:58.969Z,2025-12-14T14:58:58.969Z
38,0x000a,1.50101,0x00000000,2025-12-14T14:58:58.969Z,2025-12-14T14:58:58.969Z
37,0x000a,2.60055,0x00000000,2025-12-14T14:58:58.969Z,2025-12-14T14:58:58.969Z
36,0x000a,1.1754,0x00000000,2025-12-14T14:58:58.969Z,2025-12-14T14:58:58.969Z
35,0x000a,0.9522,0x00000000,2025-12-14T14:58:58.969Z,2025-12-14T14:58:58.969Z
34,0x000a,1.7994,0x00000000,2025-12-14T14:58:58.969Z,2025-12-14T14:58:58.969Z
29,0x0004,1000,0x00000000,2025-12-14T14:58:58.969Z,2025-12-14T14:58:58.969Z
28,0x0004,1000,0x00000000,2025-12-14T14:58:58.969Z,2025-12-14T14:58:58.969Z
26,0x000a,0.489728,0x00000000,2025-12-14T14:58:58.969Z,2025-12-14T14:58:58.969Z
25,0x000a,0.389902,0x00000000,2025-12-14T14:58:58.969Z,2025-12-14T14:58:58.969Z
24,0x000a,0.69987,0x00000000,2025-12-14T14:58:58.969Z,2025-12-14T14:58:58.969Z
23,0x000a,1.1754,0x00000000,2025-12-14T14:58:58.969Z,2025-12-14T14:58:58.969Z
22,0x000a,0.9522,0x00000000,2025-12-14T14:58:58.969Z,2025-12-14T14:58:58.969Z
21,0x000a,1.7994,0x00000000,2025-12-14T14:58:58.969Z,2025-12-14T14:58:58.969Z
8,0x0004,1354,0x00000000,2025-12-14T14:58:58.969Z,2025-12-14T14:58:58.969Z
7,0x0004,1078,0x00000000,2025-12-14T14:58:58.969Z,2025-12-14T14:58:58.969Z
6,0x0004,1935,0x00000000,2025-12-14T14:58:58.969Z,2025-12-14T14:58:58.969Z
39,0x000a,4.60069,0x00000000,2025-12-14T14:58:59.270Z,2025-12-14T14:58:59.270Z
38,0x000a,3.29861,0x00000000,2025-12-14T14:58:59.270Z,2025-12-14T14:58:59.270Z
37,0x000a,5.8015,0x00000000,2025-12-14T14:58:59.270Z,2025-12-14T14:58:59.270Z
36,0x000a,1.81837,0x00000000,2025-12-14T14:58:59.270Z,2025-12-14T14:58:59.270Z
35,0x000a,1.31317,0x00000000,2025-12-14T14:58:59.270Z,2025-12-14T14:58:59.270Z
34,0x000a,2.44909,0x00000000,2025-12-14T14:58:59.270Z,2025-12-14T14:58:59.270Z
26,0x000a,1.14981,0x00000000,2025-12-14T14:58:59.270Z,2025-12-14T14:58:59.270Z
25,0x000a,0.859737,0x00000000,2025-12-14T14:58:59.270Z,2025-12-14T14:58:59.270Z
24,0x000a,1.54984,0x00000000,2025-12-14T14:58:59.270Z,2025-12-14T14:58:59.270Z
23,0x000a,1.81837,0x00000000,2025-12-14T14:58:59.270Z,2025-12-14T14:58:59.270Z
22,0x000a,1.31317,0x00000000,2025-12-14T14:58:59.270Z,2025-12-14T14:58:59.270Z
21,0x000a,2.44909,0x00000000,2025-12-14T14:58:59.270Z,2025-12-14T14:58:59.270Z
8,0x0004,3179,0x00000000,2025-12-14T14:58:59.268Z,2025-12-14T14:58:59.268Z
7,0x0004,2377,0x00000000,2025-12-14T14:58:59.268Z,2025-12-14T14:58:59.268Z
6,0x0004,4285,0x00000000,2025-12-14T14:58:59.268Z,2025-12-14T14:58:59.268Z
39,0x000a,2.00014,0x00000000,2025-12-14T14:58:59.571Z,2025-12-14T14:58:59.571Z
38,0x000a,1.39974,0x00000000,2025-12-14T14:58:59.571Z,2025-12-14T14:58:59.571Z
37,0x000a,2.70182,0x00000000,2025-12-14T14:58:59.571Z,2025-12-14T14:58:59.571Z
36,0x000a,2.35313,0x00000000,2025-12-14T14:58:59.571Z,2025-12-14T14:58:59.571Z
35,0x000a,1.70223,0x00000000,2025-12-14T14:58:59.571Z,2025-12-14T14:58:59.571Z
34,0x000a,3.00615,0x00000000,2025-12-14T14:58:59.571Z,2025-12-14T14:58:59.571Z
26,0x000a,1.75998,0x00000000,2025-12-14T14:58:59.571Z,2025-12-14T14:58:59.571Z
25,0x000a,1.29991,0x00000000,2025-12-14T14:58:59.571Z,2025-12-14T14:58:59.571Z
24,0x000a,2.3499,0x00000000,2025-12-14T14:58:59.571Z,2025-12-14T14:58:59.571Z
23,0x000a,2.35313,0x00000000,2025-12-14T14:58:59.571Z,2025-12-14T14:58:59.571Z
22,0x000a,1.70223,0x00000000,2025-12-14T14:58:59.571Z,2025-12-14T14:58:59.571Z
21,0x000a,3.00615,0x00000000,2025-12-14T14:58:59.571Z,2025-12-14T14:58:59.571Z
8,0x0004,4866,0x00000000,2025-12-14T14:58:59.568Z,2025-12-14T14:58:59.568Z
7,0x0004,3594,0x00000000,2025-12-14T14:58:59.568Z,2025-12-14T14:58:59.568Z
6,0x0004,6497,0x00000000,2025-12-14T14:58:59.568Z,2025-12-14T14:58:59.568Z
38,0x000a,1.50101,0x00000000,2025-12-14T14:58:59.871Z,2025-12-14T14:58:59.871Z
37,0x000a,2.60055,0x00000000,2025-12-14T14:58:59.871Z,2025-12-14T14:58:59.871Z
36,0x000a,2.06868,0x00000000,2025-12-14T14:58:59.871Z,2025-12-14T14:58:59.871Z
35,0x000a,1.5126,0x00000000,2025-12-14T14:58:59.871Z,2025-12-14T14:58:59.871Z
34,0x000a,2.68832,0x00000000,2025-12-14T14:58:59.871Z,2025-12-14T14:58:59.871Z
26,0x000a,2.37992,0x00000000,2025-12-14T14:58:59.871Z,2025-12-14T14:58:59.871Z
25,0x000a,1.74986,0x00000000,2025-12-14T14:58:59.871Z,2025-12-14T14:58:59.871Z
24,0x000a,3.14996,0x00000000,2025-12-14T14:58:59.871Z,2025-12-14T14:58:59.871Z
23,0x000a,2.06868,0x00000000,2025-12-14T14:58:59.871Z,2025-12-14T14:58:59.871Z
22,0x000a,1.5126,0x00000000,2025-12-14T14:58:59.871Z,2025-12-14T14:58:59.871Z
21,0x000a,2.68832,0x00000000,2025-12-14T14:58:59.871Z,2025-12-14T14:58:59.871Z
8,0x0004,6580,0x00000000,2025-12-14T14:58:59.868Z,2025-12-14T14:58:59.868Z
7,0x0004,4838,0x00000000,2025-12-14T14:58:59.868Z,2025-12-14T14:58:59.868Z
6,0x0004,8709,0x00000000,2025-12-14T14:58:59.868Z,2025-12-14T14:58:59.868Z
39,0x000a,2.10142,0x00000000,2025-12-14T14:59:00.170Z,2025-12-14T14:59:00.170Z
38,0x000a,1.50101,0x00000000,2025-12-14T14:59:00.170Z,2025-12-14T14:59:00.170Z
36,0x000a,2.24153,0x00000000,2025-12-14T14:59:00.170Z,2025-12-14T14:59:00.170Z
35,0x000a,1.60337,0x00000000,2025-12-14T14:59:00.170Z,2025-12-14T14:59:00.170Z
34,0x000a,2.94621,0x00000000,2025-12-14T14:59:00.170Z,2025-12-14T14:59:00.170Z
26,0x000a,3.02988,0x00000000,2025-12-14T14:59:00.170Z,2025-12-14T14:59:00.170Z
25,0x000a,2.21969,0x00000000,2025-12-14T14:59:00.170Z,2025-12-14T14:59:00.170Z
24,0x000a,3.99993,0x00000000,2025-12-14T14:59:00.170Z,2025-12-14T14:59:00.170Z
23,0x000a,2.24153,0x00000000,2025-12-14T14:59:00.170Z,2025-12-14T14:59:00.170Z
22,0x000a,1.60337,0x00000000,2025-12-14T14:59:00.170Z,2025-12-14T14:59:00.170Z
21,0x000a,2.94621,0x00000000,2025-12-14T14:59:00.170Z,2025-12-14T14:59:00.170Z
8,0x0004,8377,0x00000000,2025-12-14T14:59:00.170Z,2025-12-14T14:59:00.170Z
7,0x0004,6137,0x00000000,2025-12-14T14:59:00.170Z,2025-12-14T14:59:00.170Z
6,0x0004,11059,0x00000000,2025-12-14T14:59:00.170Z,2025-12-14T14:59:00.170Z
39,0x000a,2.00014,0x00000000,2025-12-14T14:59:00.472Z,2025-12-14T14:59:00.472Z
38,0x000a,1.39974,0x00000000,2025-12-14T14:59:00.472Z,2025-12-14T14:59:00.472Z
37,0x000a,2.70182,0x00000000,2025-12-14T14:59:00.472Z,2025-12-14T14:59:00.472Z
36,0x000a,3.14251,0x00000000,2025-12-14T14:59:00.472Z,2025-12-14T14:59:00.472Z
35,0x000a,2.26341,0x00000000,2025-12-14T14:59:00.472Z,2025-12-14T14:59:00.472Z
34,0x000a,4.01818,0x00000000,2025-12-14T14:59:00.472Z,2025-12-14T14:59:00.472Z
26,0x000a,3.64981,0x00000000,2025-12-14T14:59:00.472Z,2025-12-14T14:59:00.472Z
25,0x000a,2.65987,0x00000000,2025-12-14T14:59:00.472Z,2025-12-14T14:59:00.472Z
24,0x000a,4.79999,0x00000000,2025-12-14T14:59:00.472Z,2025-12-14T14:59:00.472Z
23,0x000a,3.14251,0x00000000,2025-12-14T14:59:00.472Z,2025-12-14T14:59:00.472Z
22,0x000a,2.26341,0x00000000,2025-12-14T14:59:00.472Z,2025-12-14T14:59:00.472Z
21,0x000a,4.01818,0x00000000,2025-12-14T14:59:00.472Z,2025-12-14T14:59:00.472Z
8,0x0004,10091,0x00000000,2025-12-14T14:59:00.468Z,2025-12-14T14:59:00.468Z
7,0x0004,7354,0x00000000,2025-12-14T14:59:00.468Z,2025-12-14T14:59:00.468Z
6,0x0004,13271,0x00000000,2025-12-14T14:59:00.468Z,2025-12-14T14:59:00.468Z
38,0x000a,1.4974,0x00000000,2025-12-14T14:59:00.772Z,2025-12-14T14:59:00.772Z
37,0x000a,2.70183,0x00000000,2025-12-14T14:59:00.772Z,2025-12-14T14:59:00.772Z
36,0x000a,2.16826,0x00000000,2025-12-14T14:59:00.772Z,2025-12-14T14:59:00.772Z
35,0x000a,1.58184,0x00000000,2025-12-14T14:59:00.772Z,2025-12-14T14:59:00.772Z
34,0x000a,2.84015,0x00000000,2025-12-14T14:59:00.772Z,2025-12-14T14:59:00.772Z
26,0x000a,4.26975,0x00000000,2025-12-14T14:59:00.772Z,2025-12-14T14:59:00.772Z
25,0x000a,3.10981,0x00000000,2025-12-14T14:59:00.772Z,2025-12-14T14:59:00.772Z
24,0x000a,5.58992,0x00000000,2025-12-14T14:59:00.772Z,2025-12-14T14:59:00.772Z
23,0x000a,2.16826,0x00000000,2025-12-14T14:59:00.772Z,2025-12-14T14:59:00.772Z
22,0x000a,1.58184,0x00000000,2025-12-14T14:59:00.772Z,2025-12-14T14:59:00.772Z
21,0x000a,2.84015,0x00000000,2025-12-14T14:59:00.772Z,2025-12-14T14:59:00.772Z
8,0x0004,11805,0x00000000,2025-12-14T14:59:00.768Z,2025-12-14T14:59:00.768Z
7,0x0004,8598,0x00000000,2025-12-14T14:59:00.768Z,2025-12-14T14:59:00.768Z
6,0x0004,15455,0x00000000,2025-12-14T14:59:00.768Z,2025-12-14T14:59:00.768Z
39,0x000a,2.0978,0x00000000,2025-12-14T14:59:01.071Z,2025-12-14T14:59:01.071Z
38,0x000a,1.50101,0x00000000,2025-12-14T14:59:01.071Z,2025-12-14T14:59:01.071Z
37,0x000a,2.70182,0x00000000,2025-12-14T14:59:01.071Z,2025-12-14T14:59:01.071Z
36,0x000a,2.26732,0x00000000,2025-12-14T14:59:01.071Z,2025-12-14T14:59:01.071Z
35,0x000a,1.62069,0x00000000,2025-12-14T14:59:01.071Z,2025-12-14T14:59:01.071Z
34,0x000a,2.95884,0x00000000,2025-12-14T14:59:01.071Z,2025-12-14T14:59:01.071Z
26,0x000a,4.9197,0x00000000,2025-12-14T14:59:01.071Z,2025-12-14T14:59:01.071Z
25,0x000a,3.57964,0x00000000,2025-12-14T14:59:01.071Z,2025-12-14T14:59:01.071Z
24,0x000a,6.43989,0x00000000,2025-12-14T14:59:01.071Z,2025-12-14T14:59:01.071Z
23,0x000a,2.26732,0x00000000,2025-12-14T14:59:01.071Z,2025-12-14T14:59:01.071Z
22,0x000a,1.62069,0x00000000,2025-12-14T14:59:01.071Z,2025-12-14T14:59:01.071Z
21,0x000a,2.95884,0x00000000,2025-12-14T14:59:01.071Z,2025-12-14T14:59:01.071Z
8,0x0004,13602,0x00000000,2025-12-14T14:59:01.071Z,2025-12-14T14:59:01.071Z
7,0x0004,9897,0x00000000,2025-12-14T14:59:01.071Z,2025-12-14T14:59:01.071Z
6,0x0004,17805,0x00000000,2025-12-14T14:59:01.071Z,2025-12-14T14:59:01.071Z
39,0x000a,2.10142,0x00000000,2025-12-14T14:59:01.371Z,2025-12-14T14:59:01.371Z
36,0x000a,2.09639,0x00000000,2025-12-14T14:59:01.371Z,2025-12-14T14:59:01.371Z
35,0x000a,1.51507,0x00000000,2025-12-14T14:59:01.371Z,2025-12-14T14:59:01.371Z
34,0x000a,2.70682,0x00000000,2025-12-14T14:59:01.371Z,2025-12-14T14:59:01.371Z
26,0x000a,5.53964,0x00000000,2025-12-14T14:59:01.371Z,2025-12-14T14:59:01.371Z
25,0x000a,4.01982,0x00000000,2025-12-14T14:59:01.371Z,2025-12-14T14:59:01.371Z
24,0x000a,7.23994,0x00000000,2025-12-14T14:59:01.371Z,2025-12-14T14:59:01.371Z
23,0x000a,2.09639,0x00000000,2025-12-14T14:59:01.371Z,2025-12-14T14:59:01.371Z
22,0x000a,1.51507,0x00000000,2025-12-14T14:59:01.371Z,2025-12-14T14:59:01.371Z
21,0x000a,2.70682,0x00000000,2025-12-14T14:59:01.371Z,2025-12-14T14:59:01.371Z
8,0x0004,15316,0x00000000,2025-12-14T14:59:01.371Z,2025-12-14T14:59:01.371Z
7,0x0004,11114,0x00000000,2025-12-14T14:59:01.371Z,2025-12-14T14:59:01.371Z
6,0x0004,20017,0x00000000,2025-12-14T14:59:01.371Z,2025-12-14T14:59:01.371Z
39,0x000a,2.00015,0x00000000,2025-12-14T14:59:01.671Z,2025-12-14T14:59:01.671Z
38,0x000a,1.4974,0x00000000,2025-12-14T14:59:01.671Z,2025-12-14T14:59:01.671Z
37,0x000a,2.70183,0x00000000,2025-12-14T14:59:01.671Z,2025-12-14T14:59:01.671Z
36,0x000a,2.64965,0x00000000,2025-12-14T14:59:01.671Z,2025-12-14T14:59:01.671Z
35,0x000a,1.92595,0x00000000,2025-12-14T14:59:01.671Z,2025-12-14T14:59:01.671Z
34,0x000a,3.47647,0x00000000,2025-12-14T14:59:01.671Z,2025-12-14T14:59:01.671Z
26,0x000a,6.19973,0x00000000,2025-12-14T14:59:01.671Z,2025-12-14T14:59:01.671Z
25,0x000a,4.49978,0x00000000,2025-12-14T14:59:01.671Z,2025-12-14T14:59:01.671Z
24,0x000a,8.08992,0x00000000,2025-12-14T14:59:01.671Z,2025-12-14T14:59:01.671Z
23,0x000a,2.64965,0x00000000,2025-12-14T14:59:01.671Z,2025-12-14T14:59:01.671Z
22,0x000a,1.92595,0x00000000,2025-12-14T14:59:01.671Z,2025-12-14T14:59:01.671Z
21,0x000a,3.47647,0x00000000,2025-12-14T14:59:01.671Z,2025-12-14T14:59:01.671Z
13,0x0001,false,0x00000000,2025-12-14T14:59:01.671Z,2025-12-14T14:59:01.671Z
8,0x0004,17141,0x00000000,2025-12-14T14:59:01.668Z,2025-12-14T14:59:01.668Z
7,0x0004,12441,0x00000000,2025-12-14T14:59:01.668Z,2025-12-14T14:59:01.668Z
6,0x0004,22367,0x00000000,2025-12-14T14:59:01.668Z,2025-12-14T14:59:01.668Z
39,0x000a,2.49928,0x00000000,2025-12-14T14:59:01.971Z,2025-12-14T14:59:01.971Z
38,0x000a,1.80122,0x00000000,2025-12-14T14:59:01.971Z,2025-12-14T14:59:01.971Z
37,0x000a,0,0x00000000,2025-12-14T14:59:01.971Z,2025-12-14T14:59:01.971Z
36,0x000a,2.18693,0x00000000,2025-12-14T14:59:01.971Z,2025-12-14T14:59:01.971Z
35,0x000a,1.55661,0x00000000,2025-12-14T14:59:01.971Z,2025-12-14T14:59:01.971Z
34,0x000a,2.31859,0x00000000,2025-12-14T14:59:01.971Z,2025-12-14T14:59:01.971Z
26,0x000a,6.8099,0x00000000,2025-12-14T14:59:01.971Z,2025-12-14T14:59:01.971Z
25,0x000a,4.93996,0x00000000,2025-12-14T14:59:01.971Z,2025-12-14T14:59:01.971Z
24,0x000a,8.24978,0x00000000,2025-12-14T14:59:01.971Z,2025-12-14T14:59:01.971Z
23,0x000a,2.18693,0x00000000,2025-12-14T14:59:01.971Z,2025-12-14T14:59:01.971Z
22,0x000a,1.55661,0x00000000,2025-12-14T14:59:01.971Z,2025-12-14T14:59:01.971Z
21,0x000a,2.31859,0x00000000,2025-12-14T14:59:01.971Z,2025-12-14T14:59:01.971Z
8,0x0004,18385,0x00000000,2025-12-14T14:59:01.968Z,2025-12-14T14:59:01.968Z
7,0x0004,13326,0x00000000,2025-12-14T14:59:01.968Z,2025-12-14T14:59:01.968Z
6,0x0004,22809,0x00000000,2025-12-14T14:59:01.968Z,2025-12-14T14:59:01.968Z
40,0x0001,true,0x00000000,2025-12-14T14:59:02.270Z,2025-12-14T14:59:02.270Z
39,0x000a,2.50289,0x00000000,2025-12-14T14:59:02.270Z,2025-12-14T14:59:02.270Z
38,0x000a,1.69994,0x00000000,2025-12-14T14:59:02.270Z,2025-12-14T14:59:02.270Z
36,0x000a,2.03525,0x00000000,2025-12-14T14:59:02.270Z,2025-12-14T14:59:02.270Z
35,0x000a,1.46863,0x00000000,2025-12-14T14:59:02.270Z,2025-12-14T14:59:02.270Z
34,0x000a,0.289823,0x00000000,2025-12-14T14:59:02.270Z,2025-12-14T14:59:02.270Z
26,0x000a,7.26997,0x00000000,2025-12-14T14:59:02.270Z,2025-12-14T14:59:02.270Z
25,0x000a,5.25969,0x00000000,2025-12-14T14:59:02.270Z,2025-12-14T14:59:02.270Z
23,0x000a,2.03525,0x00000000,2025-12-14T14:59:02.270Z,2025-12-14T14:59:02.270Z
22,0x000a,1.46863,0x00000000,2025-12-14T14:59:02.270Z,2025-12-14T14:59:02.270Z
21,0x000a,0.289823,0x00000000,2025-12-14T14:59:02.270Z,2025-12-14T14:59:02.270Z
8,0x0004,20100,0x00000000,2025-12-14T14:59:02.270Z,2025-12-14T14:59:02.270Z
7,0x0004,14542,0x00000000,2025-12-14T14:59:02.270Z,2025-12-14T14:59:02.270Z
39,0x000a,2.0978,0x00000000,2025-12-14T14:59:02.570Z,2025-12-14T14:59:02.570Z
38,0x000a,1.50101,0x00000000,2025-12-14T14:59:02.570Z,2025-12-14T14:59:02.570Z
36,0x000a,2.13461,0x00000000,2025-12-14T14:59:02.570Z,2025-12-14T14:59:02.570Z
35,0x000a,1.54265,0x00000000,2025-12-14T14:59:02.570Z,2025-12-14T14:59:02.570Z
34,0x000a,0.0724558,0x00000000,2025-12-14T14:59:02.570Z,2025-12-14T14:59:02.570Z
26,0x000a,7.87977,0x00000000,2025-12-14T14:59:02.570Z,2025-12-14T14:59:02.570Z
25,0x000a,5.71,0x00000000,2025-12-14T14:59:02.570Z,2025-12-14T14:59:02.570Z
23,0x000a,2.13461,0x00000000,2025-12-14T14:59:02.570Z,2025-12-14T14:59:02.570Z
22,0x000a,1.54265,0x00000000,2025-12-14T14:59:02.570Z,2025-12-14T14:59:02.570Z
21,0x000a,0.0724558,0x00000000,2025-12-14T14:59:02.570Z,2025-12-14T14:59:02.570Z
8,0x0004,21786,0x00000000,2025-12-14T14:59:02.568Z,2025-12-14T14:59:02.568Z
7,0x0004,15787,0x00000000,2025-12-14T14:59:02.568Z,2025-12-14T14:59:02.568Z
36,0x000a,2.55451,0x00000000,2025-12-14T14:59:02.871Z,2025-12-14T14:59:02.871Z
35,0x000a,1.82993,0x00000000,2025-12-14T14:59:02.871Z,2025-12-14T14:59:02.871Z
34,0x000a,0.00905698,0x00000000,2025-12-14T14:59:02.871Z,2025-12-14T14:59:02.871Z
26,0x000a,8.49971,0x00000000,2025-12-14T14:59:02.871Z,2025-12-14T14:59:02.871Z
25,0x000a,6.14981,0x00000000,2025-12-14T14:59:02.871Z,2025-12-14T14:59:02.871Z
23,0x000a,2.55451,0x00000000,2025-12-14T14:59:02.871Z,2025-12-14T14:59:02.871Z
22,0x000a,1.82993,0x00000000,2025-12-14T14:59:02.871Z,2025-12-14T14:59:02.871Z
21,0x000a,0.00905698,0x00000000,2025-12-14T14:59:02.871Z,2025-12-14T14:59:02.871Z
8,0x0004,23500,0x00000000,2025-12-14T14:59:02.869Z,2025-12-14T14:59:02.869Z
7,0x0004,17003,0x00000000,2025-12-14T14:59:02.869Z,2025-12-14T14:59:02.869Z
39,0x000a,2.10142,0x00000000,2025-12-14T14:59:03.172Z,2025-12-14T14:59:03.172Z
38,0x000a,1.39974,0x00000000,2025-12-14T14:59:03.172Z,2025-12-14T14:59:03.172Z
36,0x000a,2.33121,0x00000000,2025-12-14T14:59:03.172Z,2025-12-14T14:59:03.172Z
35,0x000a,1.69042,0x00000000,2025-12-14T14:59:03.172Z,2025-12-14T14:59:03.172Z
34,0x000a,0.00113212,0x00000000,2025-12-14T14:59:03.172Z,2025-12-14T14:59:03.172Z
26,0x000a,9.15979,0x00000000,2025-12-14T14:59:03.172Z,2025-12-14T14:59:03.172Z
25,0x000a,6.61965,0x00000000,2025-12-14T14:59:03.172Z,2025-12-14T14:59:03.172Z
23,0x000a,2.33121,0x00000000,2025-12-14T14:59:03.172Z,2025-12-14T14:59:03.172Z
22,0x000a,1.69042,0x00000000,2025-12-14T14:59:03.172Z,2025-12-14T14:59:03.172Z
21,0x000a,0.00113212,0x00000000,2025-12-14T14:59:03.172Z,2025-12-14T14:59:03.172Z
8,0x0004,25325,0x00000000,2025-12-14T14:59:03.168Z,2025-12-14T14:59:03.168Z
7,0x0004,18302,0x00000000,2025-12-14T14:59:03.168Z,2025-12-14T14:59:03.168Z
39,0x000a,2.49928,0x00000000,2025-12-14T14:59:03.471Z,2025-12-14T14:59:03.471Z
38,0x000a,1.80121,0x00000000,2025-12-14T14:59:03.471Z,2025-12-14T14:59:03.471Z
36,0x000a,2.10823,0x00000000,2025-12-14T14:59:03.471Z,2025-12-14T14:59:03.471Z
35,0x000a,1.52305,0x00000000,2025-12-14T14:59:03.471Z,2025-12-14T14:59:03.471Z
34,0x000a,0.00028303,0x00000000,2025-12-14T14:59:03.471Z,2025-12-14T14:59:03.471Z
26,0x000a,9.76997,0x00000000,2025-12-14T14:59:03.471Z,2025-12-14T14:59:03.471Z
25,0x000a,7.06995,0x00000000,2025-12-14T14:59:03.471Z,2025-12-14T14:59:03.471Z
23,0x000a,2.10823,0x00000000,2025-12-14T14:59:03.471Z,2025-12-14T14:59:03.471Z
22,0x000a,1.52305,0x00000000,2025-12-14T14:59:03.471Z,2025-12-14T14:59:03.471Z
21,0x000a,0.00028303,0x00000000,2025-12-14T14:59:03.471Z,2025-12-14T14:59:03.471Z
17,0x0001,false,0x00000000,2025-12-14T14:59:03.471Z,2025-12-14T14:59:03.471Z
8,0x0004,27012,0x00000000,2025-12-14T14:59:03.469Z,2025-12-14T14:59:03.469Z
7,0x0004,19547,0x00000000,2025-12-14T14:59:03.469Z,2025-12-14T14:59:03.469Z
39,0x000a,0.202551,0x00000000,2025-12-14T14:59:03.770Z,2025-12-14T14:59:03.770Z
38,0x000a,3.20096,0x00000000,2025-12-14T14:59:03.770Z,2025-12-14T14:59:03.770Z
36,0x000a,2.02541,0x00000000,2025-12-14T14:59:03.770Z,2025-12-14T14:59:03.770Z
35,0x000a,1.46443,0x00000000,2025-12-14T14:59:03.770Z,2025-12-14T14:59:03.770Z
34,0x000a,3.53788e-05,0x00000000,2025-12-14T14:59:03.770Z,2025-12-14T14:59:03.770Z
30,0x0004,0,0x00000000,2025-12-14T14:59:03.770Z,2025-12-14T14:59:03.770Z
26,0x000a,10,0x00000000,2025-12-14T14:59:03.770Z,2025-12-14T14:59:03.770Z
25,0x000a,7.53979,0x00000000,2025-12-14T14:59:03.770Z,2025-12-14T14:59:03.770Z
23,0x000a,2.02541,0x00000000,2025-12-14T14:59:03.770Z,2025-12-14T14:59:03.770Z
22,0x000a,1.46443,0x00000000,2025-12-14T14:59:03.770Z,2025-12-14T14:59:03.770Z
21,0x000a,3.53788e-05,0x00000000,2025-12-14T14:59:03.770Z,2025-12-14T14:59:03.770Z
8,0x0004,27648,0x00000000,2025-12-14T14:59:03.768Z,2025-12-14T14:59:03.768Z
7,0x0004,20846,0x00000000,2025-12-14T14:59:03.768Z,2025-12-14T14:59:03.768Z
42,0x0001,true,0x00000000,2025-12-14T14:59:04.070Z,2025-12-14T14:59:04.070Z
39,0x000a,0,0x00000000,2025-12-14T14:59:04.070Z,2025-12-14T14:59:04.070Z
38,0x000a,1.39974,0x00000000,2025-12-14T14:59:04.070Z,2025-12-14T14:59:04.070Z
36,0x000a,0.278495,0x00000000,2025-12-14T14:59:04.070Z,2025-12-14T14:59:04.070Z
35,0x000a,1.70893,0x00000000,2025-12-14T14:59:04.070Z,2025-12-14T14:59:04.070Z
34,0x000a,4.42235e-06,0x00000000,2025-12-14T14:59:04.070Z,2025-12-14T14:59:04.070Z
25,0x000a,7.97996,0x00000000,2025-12-14T14:59:04.070Z,2025-12-14T14:59:04.070Z
23,0x000a,0.278495,0x00000000,2025-12-14T14:59:04.070Z,2025-12-14T14:59:04.070Z
22,0x000a,1.70893,0x00000000,2025-12-14T14:59:04.070Z,2025-12-14T14:59:04.070Z
21,0x000a,4.42235e-06,0x00000000,2025-12-14T14:59:04.070Z,2025-12-14T14:59:04.070Z
7,0x0004,22063,0x00000000,2025-12-14T14:59:04.070Z,2025-12-14T14:59:04.070Z
38,0x000a,1.50101,0x00000000,2025-12-14T14:59:04.370Z,2025-12-14T14:59:04.370Z
36,0x000a,0.0696237,0x00000000,2025-12-14T14:59:04.370Z,2025-12-14T14:59:04.370Z
35,0x000a,1.67597,0x00000000,2025-12-14T14:59:04.370Z,2025-12-14T14:59:04.370Z
34,0x000a,1.10559e-06,0x00000000,2025-12-14T14:59:04.370Z,2025-12-14T14:59:04.370Z
25,0x000a,8.45992,0x00000000,2025-12-14T14:59:04.370Z,2025-12-14T14:59:04.370Z
23,0x000a,0.0696237,0x00000000,2025-12-14T14:59:04.370Z,2025-12-14T14:59:04.370Z
22,0x000a,1.67597,0x00000000,2025-12-14T14:59:04.370Z,2025-12-14T14:59:04.370Z
21,0x000a,1.10559e-06,0x00000000,2025-12-14T14:59:04.370Z,2025-12-14T14:59:04.370Z
7,0x0004,23390,0x00000000,2025-12-14T14:59:04.370Z,2025-12-14T14:59:04.370Z
38,0x000a,1.40336,0x00000000,2025-12-14T14:59:04.673Z,2025-12-14T14:59:04.673Z
36,0x000a,0.00870297,0x00000000,2025-12-14T14:59:04.673Z,2025-12-14T14:59:04.673Z
35,0x000a,1.52107,0x00000000,2025-12-14T14:59:04.673Z,2025-12-14T14:59:04.673Z
34,0x000a,1.38198e-07,0x00000000,2025-12-14T14:59:04.673Z,2025-12-14T14:59:04.673Z
25,0x000a,8.89974,0x00000000,2025-12-14T14:59:04.673Z,2025-12-14T14:59:04.673Z
23,0x000a,0.00870297,0x00000000,2025-12-14T14:59:04.673Z,2025-12-14T14:59:04.673Z
22,0x000a,1.52107,0x00000000,2025-12-14T14:59:04.673Z,2025-12-14T14:59:04.673Z
21,0x000a,1.38198e-07,0x00000000,2025-12-14T14:59:04.673Z,2025-12-14T14:59:04.673Z
15,0x0001,false,0x00000000,2025-12-14T14:59:04.673Z,2025-12-14T14:59:04.673Z
7,0x0004,24606,0x00000000,2025-12-14T14:59:04.668Z,2025-12-14T14:59:04.668Z
38,0x000a,0,0x00000000,2025-12-14T14:59:04.970Z,2025-12-14T14:59:04.970Z
36,0x000a,0.00108787,0x00000000,2025-12-14T14:59:04.970Z,2025-12-14T14:59:04.970Z
35,0x000a,1.19021,0x00000000,2025-12-14T14:59:04.970Z,2025-12-14T14:59:04.970Z
34,0x000a,1.72748e-08,0x00000000,2025-12-14T14:59:04.970Z,2025-12-14T14:59:04.970Z
25,0x000a,8.9898,0x00000000,2025-12-14T14:59:04.970Z,2025-12-14T14:59:04.970Z
23,0x000a,0.00108787,0x00000000,2025-12-14T14:59:04.970Z,2025-12-14T14:59:04.970Z
22,0x000a,1.19021,0x00000000,2025-12-14T14:59:04.970Z,2025-12-14T14:59:04.970Z
21,0x000a,1.72748e-08,0x00000000,2025-12-14T14:59:04.970Z,2025-12-14T14:59:04.970Z
7,0x0004,24855,0x00000000,2025-12-14T14:59:04.970Z,2025-12-14T14:59:04.970Z
42,0x0001,false,0x00000000,2025-12-14T14:59:05.270Z,2025-12-14T14:59:05.270Z
40,0x0001,false,0x00000000,2025-12-14T14:59:05.270Z,2025-12-14T14:59:05.270Z
36,0x000a,0.000271968,0x00000000,2025-12-14T14:59:05.270Z,2025-12-14T14:59:05.270Z
35,0x000a,0.297552,0x00000000,2025-12-14T14:59:05.270Z,2025-12-14T14:59:05.270Z
34,0x000a,4.3187e-09,0x00000000,2025-12-14T14:59:05.270Z,2025-12-14T14:59:05.270Z
30,0x0004,1000,0x00000000,2025-12-14T14:59:05.270Z,2025-12-14T14:59:05.270Z
26,0x000a,9.93996,0x00000000,2025-12-14T14:59:05.270Z,2025-12-14T14:59:05.270Z
25,0x000a,8.89974,0x00000000,2025-12-14T14:59:05.270Z,2025-12-14T14:59:05.270Z
24,0x000a,8.08992,0x00000000,2025-12-14T14:59:05.270Z,2025-12-14T14:59:05.270Z
23,0x000a,0.000271968,0x00000000,2025-12-14T14:59:05.270Z,2025-12-14T14:59:05.270Z
22,0x000a,0.297552,0x00000000,2025-12-14T14:59:05.270Z,2025-12-14T14:59:05.270Z
21,0x000a,4.3187e-09,0x00000000,2025-12-14T14:59:05.270Z,2025-12-14T14:59:05.270Z
18,0x0001,true,0x00000000,2025-12-14T14:59:05.270Z,2025-12-14T14:59:05.270Z
16,0x0001,true,0x00000000,2025-12-14T14:59:05.270Z,2025-12-14T14:59:05.270Z
14,0x0001,true,0x00000000,2025-12-14T14:59:05.270Z,2025-12-14T14:59:05.270Z
8,0x0004,27482,0x00000000,2025-12-14T14:59:05.270Z,2025-12-14T14:59:05.270Z
7,0x0004,24606,0x00000000,2025-12-14T14:59:05.270Z,2025-12-14T14:59:05.270Z
6,0x0004,22367,0x00000000,2025-12-14T14:59:05.270Z,2025-12-14T14:59:05.270Z
4,0x000a,5,0x00000000,2025-12-14T14:59:05.270Z,2025-12-14T14:59:05.270Z
3,0x000a,5,0x00000000,2025-12-14T14:59:05.270Z,2025-12-14T14:59:05.270Z
2,0x000a,5,0x00000000,2025-12-14T14:59:05.270Z,2025-12-14T14:59:05.270Z
39,0x000a,-2.00014,0x00000000,2025-12-14T14:59:05.570Z,2025-12-14T14:59:05.570Z
38,0x000a,-1.40336,0x00000000,2025-12-14T14:59:05.570Z,2025-12-14T14:59:05.570Z
37,0x000a,-2.70183,0x00000000,2025-12-14T14:59:05.570Z,2025-12-14T14:59:05.570Z
36,0x000a,-1.20078,0x00000000,2025-12-14T14:59:05.570Z,2025-12-14T14:59:05.570Z
35,0x000a,-0.936655,0x00000000,2025-12-14T14:59:05.570Z,2025-12-14T14:59:05.570Z
34,0x000a,-1.69994,0x00000000,2025-12-14T14:59:05.570Z,2025-12-14T14:59:05.570Z
26,0x000a,9.31966,0x00000000,2025-12-14T14:59:05.570Z,2025-12-14T14:59:05.570Z
25,0x000a,8.45992,0x00000000,2025-12-14T14:59:05.570Z,2025-12-14T14:59:05.570Z
24,0x000a,7.29999,0x00000000,2025-12-14T14:59:05.570Z,2025-12-14T14:59:05.570Z
23,0x000a,-1.20078,0x00000000,2025-12-14T14:59:05.570Z,2025-12-14T14:59:05.570Z
22,0x000a,-0.936655,0x00000000,2025-12-14T14:59:05.570Z,2025-12-14T14:59:05.570Z
21,0x000a,-1.69994,0x00000000,2025-12-14T14:59:05.570Z,2025-12-14T14:59:05.570Z
8,0x0004,25767,0x00000000,2025-12-14T14:59:05.570Z,2025-12-14T14:59:05.570Z
7,0x0004,23390,0x00000000,2025-12-14T14:59:05.570Z,2025-12-14T14:59:05.570Z
6,0x0004,20183,0x00000000,2025-12-14T14:59:05.570Z,2025-12-14T14:59:05.570Z
39,0x000a,-2.49928,0x00000000,2025-12-14T14:59:05.870Z,2025-12-14T14:59:05.870Z
38,0x000a,-1.80121,0x00000000,2025-12-14T14:59:05.870Z,2025-12-14T14:59:05.870Z
37,0x000a,-3.20096,0x00000000,2025-12-14T14:59:05.870Z,2025-12-14T14:59:05.870Z
36,0x000a,-1.92554,0x00000000,2025-12-14T14:59:05.870Z,2025-12-14T14:59:05.870Z
35,0x000a,-1.41736,0x00000000,2025-12-14T14:59:05.870Z,2025-12-14T14:59:05.870Z
34,0x000a,-2.55036,0x00000000,2025-12-14T14:59:05.870Z,2025-12-14T14:59:05.870Z
26,0x000a,8.86972,0x00000000,2025-12-14T14:59:05.870Z,2025-12-14T14:59:05.870Z
25,0x000a,8.1297,0x00000000,2025-12-14T14:59:05.870Z,2025-12-14T14:59:05.870Z
24,0x000a,6.70971,0x00000000,2025-12-14T14:59:05.870Z,2025-12-14T14:59:05.870Z
23,0x000a,-1.92554,0x00000000,2025-12-14T14:59:05.870Z,2025-12-14T14:59:05.870Z
22,0x000a,-1.41736,0x00000000,2025-12-14T14:59:05.870Z,2025-12-14T14:59:05.870Z
21,0x000a,-2.55036,0x00000000,2025-12-14T14:59:05.870Z,2025-12-14T14:59:05.870Z
8,0x0004,24523,0x00000000,2025-12-14T14:59:05.870Z,2025-12-14T14:59:05.870Z
7,0x0004,22477,0x00000000,2025-12-14T14:59:05.870Z,2025-12-14T14:59:05.870Z
6,0x0004,18551,0x00000000,2025-12-14T14:59:05.870Z,2025-12-14T14:59:05.870Z
39,0x000a,-2.10142,0x00000000,2025-12-14T14:59:06.170Z,2025-12-14T14:59:06.170Z
38,0x000a,-1.50101,0x00000000,2025-12-14T14:59:06.170Z,2025-12-14T14:59:06.170Z
37,0x000a,-2.70182,0x00000000,2025-12-14T14:59:06.170Z,2025-12-14T14:59:06.170Z
36,0x000a,-3.15518,0x00000000,2025-12-14T14:59:06.170Z,2025-12-14T14:59:06.170Z
35,0x000a,-2.25321,0x00000000,2025-12-14T14:59:06.170Z,2025-12-14T14:59:06.170Z
34,0x000a,-4.08721,0x00000000,2025-12-14T14:59:06.170Z,2025-12-14T14:59:06.170Z
26,0x000a,8.24978,0x00000000,2025-12-14T14:59:06.170Z,2025-12-14T14:59:06.170Z
25,0x000a,7.68989,0x00000000,2025-12-14T14:59:06.170Z,2025-12-14T14:59:06.170Z
24,0x000a,5.90965,0x00000000,2025-12-14T14:59:06.170Z,2025-12-14T14:59:06.170Z
23,0x000a,-3.15518,0x00000000,2025-12-14T14:59:06.170Z,2025-12-14T14:59:06.170Z
22,0x000a,-2.25321,0x00000000,2025-12-14T14:59:06.170Z,2025-12-14T14:59:06.170Z
21,0x000a,-4.08721,0x00000000,2025-12-14T14:59:06.170Z,2025-12-14T14:59:06.170Z
8,0x0004,22809,0x00000000,2025-12-14T14:59:06.170Z,2025-12-14T14:59:06.170Z
7,0x0004,21261,0x00000000,2025-12-14T14:59:06.170Z,2025-12-14T14:59:06.170Z
6,0x0004,16339,0x00000000,2025-12-14T14:59:06.170Z,2025-12-14T14:59:06.170Z
39,0x000a,-2.40162,0x00000000,2025-12-14T14:59:06.471Z,2025-12-14T14:59:06.471Z
38,0x000a,-1.69994,0x00000000,2025-12-14T14:59:06.471Z,2025-12-14T14:59:06.471Z
37,0x000a,-3.20096,0x00000000,2025-12-14T14:59:06.471Z,2025-12-14T14:59:06.471Z
36,0x000a,-2.20601,0x00000000,2025-12-14T14:59:06.471Z,2025-12-14T14:59:06.471Z
35,0x000a,-1.59504,0x00000000,2025-12-14T14:59:06.471Z,2025-12-14T14:59:06.471Z
34,0x000a,-2.84877,0x00000000,2025-12-14T14:59:06.471Z,2025-12-14T14:59:06.471Z
26,0x000a,7.59983,0x00000000,2025-12-14T14:59:06.471Z,2025-12-14T14:59:06.471Z
25,0x000a,7.21969,0x00000000,2025-12-14T14:59:06.471Z,2025-12-14T14:59:06.471Z
24,0x000a,5.05968,0x00000000,2025-12-14T14:59:06.471Z,2025-12-14T14:59:06.471Z
23,0x000a,-2.20601,0x00000000,2025-12-14T14:59:06.471Z,2025-12-14T14:59:06.471Z
22,0x000a,-1.59504,0x00000000,2025-12-14T14:59:06.471Z,2025-12-14T14:59:06.471Z
21,0x000a,-2.84877,0x00000000,2025-12-14T14:59:06.471Z,2025-12-14T14:59:06.471Z
14,0x0001,false,0x00000000,2025-12-14T14:59:06.471Z,2025-12-14T14:59:06.471Z
8,0x0004,21012,0x00000000,2025-12-14T14:59:06.469Z,2025-12-14T14:59:06.469Z
7,0x0004,19961,0x00000000,2025-12-14T14:59:06.469Z,2025-12-14T14:59:06.469Z
6,0x0004,13989,0x00000000,2025-12-14T14:59:06.469Z,2025-12-14T14:59:06.469Z
39,0x000a,-2.00015,0x00000000,2025-12-14T14:59:06.770Z,2025-12-14T14:59:06.770Z
38,0x000a,-1.50101,0x00000000,2025-12-14T14:59:06.770Z,2025-12-14T14:59:06.770Z
37,0x000a,0,0x00000000,2025-12-14T14:59:06.770Z,2025-12-14T14:59:06.770Z
36,0x000a,-2.15021,0x00000000,2025-12-14T14:59:06.770Z,2025-12-14T14:59:06.770Z
35,0x000a,-1.53673,0x00000000,2025-12-14T14:59:06.770Z,2025-12-14T14:59:06.770Z
34,0x000a,-1.95703,0x00000000,2025-12-14T14:59:06.770Z,2025-12-14T14:59:06.770Z
26,0x000a,6.97989,0x00000000,2025-12-14T14:59:06.770Z,2025-12-14T14:59:06.770Z
25,0x000a,6.76975,0x00000000,2025-12-14T14:59:06.770Z,2025-12-14T14:59:06.770Z
24,0x000a,4.68967,0x00000000,2025-12-14T14:59:06.770Z,2025-12-14T14:59:06.770Z
23,0x000a,-2.15021,0x00000000,2025-12-14T14:59:06.770Z,2025-12-14T14:59:06.770Z
22,0x000a,-1.53673,0x00000000,2025-12-14T14:59:06.770Z,2025-12-14T14:59:06.770Z
21,0x000a,-1.95703,0x00000000,2025-12-14T14:59:06.770Z,2025-12-14T14:59:06.770Z
13,0x0001,true,0x00000000,2025-12-14T14:59:06.770Z,2025-12-14T14:59:06.770Z
8,0x0004,19298,0x00000000,2025-12-14T14:59:06.768Z,2025-12-14T14:59:06.768Z
7,0x0004,18717,0x00000000,2025-12-14T14:59:06.768Z,2025-12-14T14:59:06.768Z
6,0x0004,12966,0x00000000,2025-12-14T14:59:06.768Z,2025-12-14T14:59:06.768Z
38,0x000a,-1.39974,0x00000000,2025-12-14T14:59:07.071Z,2025-12-14T14:59:07.071Z
37,0x000a,2.6982,0x00000000,2025-12-14T14:59:07.071Z,2025-12-14T14:59:07.071Z
36,0x000a,-2.0883,0x00000000,2025-12-14T14:59:07.071Z,2025-12-14T14:59:07.071Z
35,0x000a,-1.50994,0x00000000,2025-12-14T14:59:07.071Z,2025-12-14T14:59:07.071Z
34,0x000a,0.311887,0x00000000,2025-12-14T14:59:07.071Z,2025-12-14T14:59:07.071Z
26,0x000a,6.35995,0x00000000,2025-12-14T14:59:07.071Z,2025-12-14T14:59:07.071Z
25,0x000a,6.32993,0x00000000,2025-12-14T14:59:07.071Z,2025-12-14T14:59:07.071Z
24,0x000a,5.26982,0x00000000,2025-12-14T14:59:07.071Z,2025-12-14T14:59:07.071Z
23,0x000a,-2.0883,0x00000000,2025-12-14T14:59:07.071Z,2025-12-14T14:59:07.071Z
22,0x000a,-1.50994,0x00000000,2025-12-14T14:59:07.071Z,2025-12-14T14:59:07.071Z
21,0x000a,0.311887,0x00000000,2025-12-14T14:59:07.071Z,2025-12-14T14:59:07.071Z
13,0x0001,false,0x00000000,2025-12-14T14:59:07.071Z,2025-12-14T14:59:07.071Z
8,0x0004,17584,0x00000000,2025-12-14T14:59:07.068Z,2025-12-14T14:59:07.068Z
7,0x0004,17501,0x00000000,2025-12-14T14:59:07.068Z,2025-12-14T14:59:07.068Z
6,0x0004,14570,0x00000000,2025-12-14T14:59:07.068Z,2025-12-14T14:59:07.068Z
40,0x0001,true,0x00000000,2025-12-14T14:59:07.371Z,2025-12-14T14:59:07.371Z
39,0x000a,-2.398,0x00000000,2025-12-14T14:59:07.371Z,2025-12-14T14:59:07.371Z
38,0x000a,-1.69994,0x00000000,2025-12-14T14:59:07.371Z,2025-12-14T14:59:07.371Z
37,0x000a,0,0x00000000,2025-12-14T14:59:07.371Z,2025-12-14T14:59:07.371Z
36,0x000a,-2.58625,0x00000000,2025-12-14T14:59:07.371Z,2025-12-14T14:59:07.371Z
35,0x000a,-1.86382,0x00000000,2025-12-14T14:59:07.371Z,2025-12-14T14:59:07.371Z
34,0x000a,0.751515,0x00000000,2025-12-14T14:59:07.371Z,2025-12-14T14:59:07.371Z
26,0x000a,5.71,0x00000000,2025-12-14T14:59:07.371Z,2025-12-14T14:59:07.371Z
25,0x000a,5.85974,0x00000000,2025-12-14T14:59:07.371Z,2025-12-14T14:59:07.371Z
23,0x000a,-2.58625,0x00000000,2025-12-14T14:59:07.371Z,2025-12-14T14:59:07.371Z
22,0x000a,-1.86382,0x00000000,2025-12-14T14:59:07.371Z,2025-12-14T14:59:07.371Z
21,0x000a,0.751515,0x00000000,2025-12-14T14:59:07.371Z,2025-12-14T14:59:07.371Z
8,0x0004,15787,0x00000000,2025-12-14T14:59:07.371Z,2025-12-14T14:59:07.371Z
7,0x0004,16201,0x00000000,2025-12-14T14:59:07.371Z,2025-12-14T14:59:07.371Z
39,0x000a,-2.10142,0x00000000,2025-12-14T14:59:07.671Z,2025-12-14T14:59:07.671Z
38,0x000a,-1.50102,0x00000000,2025-12-14T14:59:07.671Z,2025-12-14T14:59:07.671Z
36,0x000a,-2.1991,0x00000000,2025-12-14T14:59:07.671Z,2025-12-14T14:59:07.671Z
35,0x000a,-1.57033,0x00000000,2025-12-14T14:59:07.671Z,2025-12-14T14:59:07.671Z
34,0x000a,0.0939394,0x00000000,2025-12-14T14:59:07.671Z,2025-12-14T14:59:07.671Z
26,0x000a,5.0897,0x00000000,2025-12-14T14:59:07.671Z,2025-12-14T14:59:07.671Z
25,0x000a,5.40979,0x00000000,2025-12-14T14:59:07.671Z,2025-12-14T14:59:07.671Z
23,0x000a,-2.1991,0x00000000,2025-12-14T14:59:07.671Z,2025-12-14T14:59:07.671Z
22,0x000a,-1.57033,0x00000000,2025-12-14T14:59:07.671Z,2025-12-14T14:59:07.671Z
21,0x000a,0.0939394,0x00000000,2025-12-14T14:59:07.671Z,2025-12-14T14:59:07.671Z
18,0x0001,false,0x00000000,2025-12-14T14:59:07.671Z,2025-12-14T14:59:07.671Z
8,0x0004,14072,0x00000000,2025-12-14T14:59:07.669Z,2025-12-14T14:59:07.669Z
7,0x0004,14957,0x00000000,2025-12-14T14:59:07.669Z,2025-12-14T14:59:07.669Z
39,0x000a,0,0x00000000,2025-12-14T14:59:07.971Z,2025-12-14T14:59:07.971Z
36,0x000a,-1.64841,0x00000000,2025-12-14T14:59:07.971Z,2025-12-14T14:59:07.971Z
35,0x000a,-1.6178,0x00000000,2025-12-14T14:59:07.971Z,2025-12-14T14:59:07.971Z
34,0x000a,0.0234849,0x00000000,2025-12-14T14:59:07.971Z,2025-12-14T14:59:07.971Z
26,0x000a,4.96998,0x00000000,2025-12-14T14:59:07.971Z,2025-12-14T14:59:07.971Z
25,0x000a,5.02966,0x00000000,2025-12-14T14:59:07.971Z,2025-12-14T14:59:07.971Z
23,0x000a,-1.64841,0x00000000,2025-12-14T14:59:07.971Z,2025-12-14T14:59:07.971Z
22,0x000a,-1.6178,0x00000000,2025-12-14T14:59:07.971Z,2025-12-14T14:59:07.971Z
21,0x000a,0.0234849,0x00000000,2025-12-14T14:59:07.971Z,2025-12-14T14:59:07.971Z
16,0x0001,false,0x00000000,2025-12-14T14:59:07.971Z,2025-12-14T14:59:07.971Z
8,0x0004,13741,0x00000000,2025-12-14T14:59:07.971Z,2025-12-14T14:59:07.971Z
7,0x0004,13906,0x00000000,2025-12-14T14:59:07.971Z,2025-12-14T14:59:07.971Z
40,0x0001,false,0x00000000,2025-12-14T14:59:08.274Z,2025-12-14T14:59:08.274Z
38,0x000a,0,0x00000000,2025-12-14T14:59:08.274Z,2025-12-14T14:59:08.274Z
36,0x000a,-0.206051,0x00000000,2025-12-14T14:59:08.274Z,2025-12-14T14:59:08.274Z
35,0x000a,-0.539954,0x00000000,2025-12-14T14:59:08.274Z,2025-12-14T14:59:08.274Z
34,0x000a,0.00293561,0x00000000,2025-12-14T14:59:08.274Z,2025-12-14T14:59:08.274Z
23,0x000a,-0.206051,0x00000000,2025-12-14T14:59:08.274Z,2025-12-14T14:59:08.274Z
22,0x000a,-0.539954,0x00000000,2025-12-14T14:59:08.274Z,2025-12-14T14:59:08.274Z
21,0x000a,0.00293561,0x00000000,2025-12-14T14:59:08.274Z,2025-12-14T14:59:08.274Z
18,0x0001,true,0x00000000,2025-12-14T14:59:08.274Z,2025-12-14T14:59:08.274Z
16,0x0001,true,0x00000000,2025-12-14T14:59:08.274Z,2025-12-14T14:59:08.274Z
14,0x0001,true,0x00000000,2025-12-14T14:59:08.274Z,2025-12-14T14:59:08.274Z
4,0x000a,0,0x00000000,2025-12-14T14:59:08.270Z,2025-12-14T14:59:08.270Z
3,0x000a,0,0x00000000,2025-12-14T14:59:08.270Z,2025-12-14T14:59:08.270Z
2,0x000a,0,0x00000000,2025-12-14T14:59:08.270Z,2025-12-14T14:59:08.270Z
39,0x000a,-0.802951,0x00000000,2025-12-14T14:59:08.570Z,2025-12-14T14:59:08.570Z
38,0x000a,-0.896988,0x00000000,2025-12-14T14:59:08.570Z,2025-12-14T14:59:08.570Z
37,0x000a,-1.50102,0x00000000,2025-12-14T14:59:08.570Z,2025-12-14T14:59:08.570Z
36,0x000a,-0.0515127,0x00000000,2025-12-14T14:59:08.570Z,2025-12-14T14:59:08.570Z
35,0x000a,-0.134988,0x00000000,2025-12-14T14:59:08.570Z,2025-12-14T14:59:08.570Z
34,0x000a,0.000733902,0x00000000,2025-12-14T14:59:08.570Z,2025-12-14T14:59:08.570Z
26,0x000a,4.68967,0x00000000,2025-12-14T14:59:08.570Z,2025-12-14T14:59:08.570Z
25,0x000a,4.78986,0x00000000,2025-12-14T14:59:08.570Z,2025-12-14T14:59:08.570Z
24,0x000a,4.8499,0x00000000,2025-12-14T14:59:08.570Z,2025-12-14T14:59:08.570Z
23,0x000a,-0.0515127,0x00000000,2025-12-14T14:59:08.570Z,2025-12-14T14:59:08.570Z
22,0x000a,-0.134988,0x00000000,2025-12-14T14:59:08.570Z,2025-12-14T14:59:08.570Z
21,0x000a,0.000733902,0x00000000,2025-12-14T14:59:08.570Z,2025-12-14T14:59:08.570Z
8,0x0004,12966,0x00000000,2025-12-14T14:59:08.570Z,2025-12-14T14:59:08.570Z
7,0x0004,13243,0x00000000,2025-12-14T14:59:08.570Z,2025-12-14T14:59:08.570Z
6,0x0004,13409,0x00000000,2025-12-14T14:59:08.570Z,2025-12-14T14:59:08.570Z
39,0x000a,-2.00015,0x00000000,2025-12-14T14:59:08.871Z,2025-12-14T14:59:08.871Z
38,0x000a,-1.39974,0x00000000,2025-12-14T14:59:08.871Z,2025-12-14T14:59:08.871Z
37,0x000a,-2.60055,0x00000000,2025-12-14T14:59:08.871Z,2025-12-14T14:59:08.871Z
36,0x000a,-1.65575,0x00000000,2025-12-14T14:59:08.871Z,2025-12-14T14:59:08.871Z
35,0x000a,-1.25476,0x00000000,2025-12-14T14:59:08.871Z,2025-12-14T14:59:08.871Z
34,0x000a,-2.213,0x00000000,2025-12-14T14:59:08.871Z,2025-12-14T14:59:08.871Z
26,0x000a,4.06973,0x00000000,2025-12-14T14:59:08.871Z,2025-12-14T14:59:08.871Z
25,0x000a,4.34968,0x00000000,2025-12-14T14:59:08.871Z,2025-12-14T14:59:08.871Z
24,0x000a,4.04984,0x00000000,2025-12-14T14:59:08.871Z,2025-12-14T14:59:08.871Z
23,0x000a,-1.65575,0x00000000,2025-12-14T14:59:08.871Z,2025-12-14T14:59:08.871Z
22,0x000a,-1.25476,0x00000000,2025-12-14T14:59:08.871Z,2025-12-14T14:59:08.871Z
21,0x000a,-2.213,0x00000000,2025-12-14T14:59:08.871Z,2025-12-14T14:59:08.871Z
8,0x0004,11252,0x00000000,2025-12-14T14:59:08.869Z,2025-12-14T14:59:08.869Z
7,0x0004,12026,0x00000000,2025-12-14T14:59:08.869Z,2025-12-14T14:59:08.869Z
6,0x0004,11197,0x00000000,2025-12-14T14:59:08.869Z,2025-12-14T14:59:08.869Z
39,0x000a,-2.0978,0x00000000,2025-12-14T14:59:09.172Z,2025-12-14T14:59:09.172Z
38,0x000a,-1.50101,0x00000000,2025-12-14T14:59:09.172Z,2025-12-14T14:59:09.172Z
37,0x000a,-2.69821,0x00000000,2025-12-14T14:59:09.172Z,2025-12-14T14:59:09.172Z
36,0x000a,-1.98241,0x00000000,2025-12-14T14:59:09.172Z,2025-12-14T14:59:09.172Z
35,0x000a,-1.45576,0x00000000,2025-12-14T14:59:09.172Z,2025-12-14T14:59:09.172Z
34,0x000a,-2.57652,0x00000000,2025-12-14T14:59:09.172Z,2025-12-14T14:59:09.172Z
26,0x000a,3.41978,0x00000000,2025-12-14T14:59:09.172Z,2025-12-14T14:59:09.172Z
25,0x000a,3.87985,0x00000000,2025-12-14T14:59:09.172Z,2025-12-14T14:59:09.172Z
24,0x000a,3.19987,0x00000000,2025-12-14T14:59:09.172Z,2025-12-14T14:59:09.172Z
23,0x000a,-1.98241,0x00000000,2025-12-14T14:59:09.172Z,2025-12-14T14:59:09.172Z
22,0x000a,-1.45576,0x00000000,2025-12-14T14:59:09.172Z,2025-12-14T14:59:09.172Z
21,0x000a,-2.57652,0x00000000,2025-12-14T14:59:09.172Z,2025-12-14T14:59:09.172Z
8,0x0004,10119,0x00000000,2025-12-14T14:59:09.168Z,2025-12-14T14:59:09.168Z
7,0x0004,11197,0x00000000,2025-12-14T14:59:09.168Z,2025-12-14T14:59:09.168Z
6,0x0004,9732,0x00000000,2025-12-14T14:59:09.168Z,2025-12-14T14:59:09.168Z
39,0x000a,-4.09795,0x00000000,2025-12-14T14:59:09.471Z,2025-12-14T14:59:09.471Z
38,0x000a,-3.00203,0x00000000,2025-12-14T14:59:09.471Z,2025-12-14T14:59:09.471Z
37,0x000a,-5.29876,0x00000000,2025-12-14T14:59:09.471Z,2025-12-14T14:59:09.471Z
36,0x000a,-2.22086,0x00000000,2025-12-14T14:59:09.471Z,2025-12-14T14:59:09.471Z
35,0x000a,-1.58917,0x00000000,2025-12-14T14:59:09.471Z,2025-12-14T14:59:09.471Z
34,0x000a,-2.91916,0x00000000,2025-12-14T14:59:09.471Z,2025-12-14T14:59:09.471Z
26,0x000a,3.00998,0x00000000,2025-12-14T14:59:09.471Z,2025-12-14T14:59:09.471Z
25,0x000a,3.57964,0x00000000,2025-12-14T14:59:09.471Z,2025-12-14T14:59:09.471Z
24,0x000a,2.66999,0x00000000,2025-12-14T14:59:09.471Z,2025-12-14T14:59:09.471Z
23,0x000a,-2.22086,0x00000000,2025-12-14T14:59:09.471Z,2025-12-14T14:59:09.471Z
22,0x000a,-1.58917,0x00000000,2025-12-14T14:59:09.471Z,2025-12-14T14:59:09.471Z
21,0x000a,-2.91916,0x00000000,2025-12-14T14:59:09.471Z,2025-12-14T14:59:09.471Z
8,0x0004,8322,0x00000000,2025-12-14T14:59:09.468Z,2025-12-14T14:59:09.468Z
7,0x0004,9897,0x00000000,2025-12-14T14:59:09.468Z,2025-12-14T14:59:09.468Z
6,0x0004,7382,0x00000000,2025-12-14T14:59:09.468Z,2025-12-14T14:59:09.468Z
39,0x000a,-2.00014,0x00000000,2025-12-14T14:59:09.770Z,2025-12-14T14:59:09.770Z
38,0x000a,-1.39974,0x00000000,2025-12-14T14:59:09.770Z,2025-12-14T14:59:09.770Z
37,0x000a,-2.69821,0x00000000,2025-12-14T14:59:09.770Z,2025-12-14T14:59:09.770Z
36,0x000a,-2.36591,0x00000000,2025-12-14T14:59:09.770Z,2025-12-14T14:59:09.770Z
35,0x000a,-1.69875,0x00000000,2025-12-14T14:59:09.770Z,2025-12-14T14:59:09.770Z
34,0x000a,-3.00297,0x00000000,2025-12-14T14:59:09.770Z,2025-12-14T14:59:09.770Z
26,0x000a,2.38968,0x00000000,2025-12-14T14:59:09.770Z,2025-12-14T14:59:09.770Z
25,0x000a,3.13983,0x00000000,2025-12-14T14:59:09.770Z,2025-12-14T14:59:09.770Z
24,0x000a,1.86994,0x00000000,2025-12-14T14:59:09.770Z,2025-12-14T14:59:09.770Z
23,0x000a,-2.36591,0x00000000,2025-12-14T14:59:09.770Z,2025-12-14T14:59:09.770Z
22,0x000a,-1.69875,0x00000000,2025-12-14T14:59:09.770Z,2025-12-14T14:59:09.770Z
21,0x000a,-3.00297,0x00000000,2025-12-14T14:59:09.770Z,2025-12-14T14:59:09.770Z
8,0x0004,6607,0x00000000,2025-12-14T14:59:09.770Z,2025-12-14T14:59:09.770Z
7,0x0004,8681,0x00000000,2025-12-14T14:59:09.770Z,2025-12-14T14:59:09.770Z
6,0x0004,5170,0x00000000,2025-12-14T14:59:09.770Z,2025-12-14T14:59:09.770Z
39,0x000a,-2.49928,0x00000000,2025-12-14T14:59:10.070Z,2025-12-14T14:59:10.070Z
38,0x000a,-1.80122,0x00000000,2025-12-14T14:59:10.070Z,2025-12-14T14:59:10.070Z
37,0x000a,-3.19734,0x00000000,2025-12-14T14:59:10.070Z,2025-12-14T14:59:10.070Z
36,0x000a,-2.07028,0x00000000,2025-12-14T14:59:10.070Z,2025-12-14T14:59:10.070Z
35,0x000a,-1.51126,0x00000000,2025-12-14T14:59:10.070Z,2025-12-14T14:59:10.070Z
34,0x000a,-2.7137,0x00000000,2025-12-14T14:59:10.070Z,2025-12-14T14:59:10.070Z
26,0x000a,1.72996,0x00000000,2025-12-14T14:59:10.070Z,2025-12-14T14:59:10.070Z
25,0x000a,2.65987,0x00000000,2025-12-14T14:59:10.070Z,2025-12-14T14:59:10.070Z
24,0x000a,1.01997,0x00000000,2025-12-14T14:59:10.070Z,2025-12-14T14:59:10.070Z
23,0x000a,-2.07028,0x00000000,2025-12-14T14:59:10.070Z,2025-12-14T14:59:10.070Z
22,0x000a,-1.51126,0x00000000,2025-12-14T14:59:10.070Z,2025-12-14T14:59:10.070Z
21,0x000a,-2.7137,0x00000000,2025-12-14T14:59:10.070Z,2025-12-14T14:59:10.070Z
8,0x0004,4783,0x00000000,2025-12-14T14:59:10.068Z,2025-12-14T14:59:10.068Z
7,0x0004,7354,0x00000000,2025-12-14T14:59:10.068Z,2025-12-14T14:59:10.068Z
6,0x0004,2820,0x00000000,2025-12-14T14:59:10.068Z,2025-12-14T14:59:10.068Z
39,0x000a,-2.10142,0x00000000,2025-12-14T14:59:10.371Z,2025-12-14T14:59:10.371Z
38,0x000a,-1.50101,0x00000000,2025-12-14T14:59:10.371Z,2025-12-14T14:59:10.371Z
37,0x000a,-2.60055,0x00000000,2025-12-14T14:59:10.371Z,2025-12-14T14:59:10.371Z
36,0x000a,-2.14246,0x00000000,2025-12-14T14:59:10.371Z,2025-12-14T14:59:10.371Z
35,0x000a,-1.52799,0x00000000,2025-12-14T14:59:10.371Z,2025-12-14T14:59:10.371Z
34,0x000a,-2.82867,0x00000000,2025-12-14T14:59:10.371Z,2025-12-14T14:59:10.371Z
26,0x000a,1.11979,0x00000000,2025-12-14T14:59:10.371Z,2025-12-14T14:59:10.371Z
25,0x000a,2.21969,0x00000000,2025-12-14T14:59:10.371Z,2025-12-14T14:59:10.371Z
24,0x000a,0.219907,0x00000000,2025-12-14T14:59:10.371Z,2025-12-14T14:59:10.371Z
23,0x000a,-2.14246,0x00000000,2025-12-14T14:59:10.371Z,2025-12-14T14:59:10.371Z
22,0x000a,-1.52799,0x00000000,2025-12-14T14:59:10.371Z,2025-12-14T14:59:10.371Z
21,0x000a,-2.82867,0x00000000,2025-12-14T14:59:10.371Z,2025-12-14T14:59:10.371Z
14,0x0001,false,0x00000000,2025-12-14T14:59:10.371Z,2025-12-14T14:59:10.371Z
8,0x0004,3096,0x00000000,2025-12-14T14:59:10.368Z,2025-12-14T14:59:10.368Z
7,0x0004,6137,0x00000000,2025-12-14T14:59:10.368Z,2025-12-14T14:59:10.368Z
6,0x0004,608,0x00000000,2025-12-14T14:59:10.368Z,2025-12-14T14:59:10.368Z
39,0x000a,-2.40162,0x00000000,2025-12-14T14:59:10.672Z,2025-12-14T14:59:10.672Z
38,0x000a,-1.69994,0x00000000,2025-12-14T14:59:10.672Z,2025-12-14T14:59:10.672Z
37,0x000a,0,0x00000000,2025-12-14T14:59:10.672Z,2025-12-14T14:59:10.672Z
36,0x000a,-3.13013,0x00000000,2025-12-14T14:59:10.672Z,2025-12-14T14:59:10.672Z
35,0x000a,-2.25308,0x00000000,2025-12-14T14:59:10.672Z,2025-12-14T14:59:10.672Z
34,0x000a,-2.45274,0x00000000,2025-12-14T14:59:10.672Z,2025-12-14T14:59:10.672Z
28,0x0004,0,0x00000000,2025-12-14T14:59:10.672Z,2025-12-14T14:59:10.672Z
26,0x000a,0.459708,0x00000000,2025-12-14T14:59:10.672Z,2025-12-14T14:59:10.672Z
25,0x000a,1.74986,0x00000000,2025-12-14T14:59:10.672Z,2025-12-14T14:59:10.672Z
24,0x000a,0,0x00000000,2025-12-14T14:59:10.672Z,2025-12-14T14:59:10.672Z
23,0x000a,-3.13013,0x00000000,2025-12-14T14:59:10.672Z,2025-12-14T14:59:10.672Z
22,0x000a,-2.25308,0x00000000,2025-12-14T14:59:10.672Z,2025-12-14T14:59:10.672Z
21,0x000a,-2.45274,0x00000000,2025-12-14T14:59:10.672Z,2025-12-14T14:59:10.672Z
8,0x0004,1271,0x00000000,2025-12-14T14:59:10.670Z,2025-12-14T14:59:10.670Z
7,0x0004,4838,0x00000000,2025-12-14T14:59:10.670Z,2025-12-14T14:59:10.670Z
6,0x0004,0,0x00000000,2025-12-14T14:59:10.670Z,2025-12-14T14:59:10.670Z
40,0x0001,true,0x00000000,2025-12-14T14:59:10.970Z,2025-12-14T14:59:10.970Z
39,0x000a,-0.401476,0x00000000,2025-12-14T14:59:10.970Z,2025-12-14T14:59:10.970Z
38,0x000a,-1.4974,0x00000000,2025-12-14T14:59:10.970Z,2025-12-14T14:59:10.970Z
36,0x000a,-2.21599,0x00000000,2025-12-14T14:59:10.970Z,2025-12-14T14:59:10.970Z
35,0x000a,-1.61989,0x00000000,2025-12-14T14:59:10.970Z,2025-12-14T14:59:10.970Z
34,0x000a,-0.306593,0x00000000,2025-12-14T14:59:10.970Z,2025-12-14T14:59:10.970Z
26,0x000a,0.00976562,0x00000000,2025-12-14T14:59:10.970Z,2025-12-14T14:59:10.970Z
25,0x000a,1.29991,0x00000000,2025-12-14T14:59:10.970Z,2025-12-14T14:59:10.970Z
23,0x000a,-2.21599,0x00000000,2025-12-14T14:59:10.970Z,2025-12-14T14:59:10.970Z
22,0x000a,-1.61989,0x00000000,2025-12-14T14:59:10.970Z,2025-12-14T14:59:10.970Z
21,0x000a,-0.306593,0x00000000,2025-12-14T14:59:10.970Z,2025-12-14T14:59:10.970Z
18,0x0001,false,0x00000000,2025-12-14T14:59:10.970Z,2025-12-14T14:59:10.970Z
8,0x0004,27,0x00000000,2025-12-14T14:59:10.968Z,2025-12-14T14:59:10.968Z
7,0x0004,3594,0x00000000,2025-12-14T14:59:10.968Z,2025-12-14T14:59:10.968Z
42,0x0001,true,0x00000000,2025-12-14T14:59:11.270Z,2025-12-14T14:59:11.270Z
39,0x000a,0,0x00000000,2025-12-14T14:59:11.270Z,2025-12-14T14:59:11.270Z
38,0x000a,-1.50101,0x00000000,2025-12-14T14:59:11.270Z,2025-12-14T14:59:11.270Z
36,0x000a,-0.654367,0x00000000,2025-12-14T14:59:11.270Z,2025-12-14T14:59:11.270Z
35,0x000a,-1.47919,0x00000000,2025-12-14T14:59:11.270Z,2025-12-14T14:59:11.270Z
34,0x000a,-0.0766482,0x00000000,2025-12-14T14:59:11.270Z,2025-12-14T14:59:11.270Z
25,0x000a,0.859737,0x00000000,2025-12-14T14:59:11.270Z,2025-12-14T14:59:11.270Z
23,0x000a,-0.654367,0x00000000,2025-12-14T14:59:11.270Z,2025-12-14T14:59:11.270Z
22,0x000a,-1.47919,0x00000000,2025-12-14T14:59:11.270Z,2025-12-14T14:59:11.270Z
21,0x000a,-0.0766482,0x00000000,2025-12-14T14:59:11.270Z,2025-12-14T14:59:11.270Z
7,0x0004,2377,0x00000000,2025-12-14T14:59:11.270Z,2025-12-14T14:59:11.270Z
38,0x000a,-1.50101,0x00000000,2025-12-14T14:59:11.571Z,2025-12-14T14:59:11.571Z
36,0x000a,-0.0817958,0x00000000,2025-12-14T14:59:11.571Z,2025-12-14T14:59:11.571Z
35,0x000a,-1.64658,0x00000000,2025-12-14T14:59:11.571Z,2025-12-14T14:59:11.571Z
34,0x000a,-0.00958102,0x00000000,2025-12-14T14:59:11.571Z,2025-12-14T14:59:11.571Z
25,0x000a,0.389902,0x00000000,2025-12-14T14:59:11.571Z,2025-12-14T14:59:11.571Z
23,0x000a,-0.0817958,0x00000000,2025-12-14T14:59:11.571Z,2025-12-14T14:59:11.571Z
22,0x000a,-1.64658,0x00000000,2025-12-14T14:59:11.571Z,2025-12-14T14:59:11.571Z
21,0x000a,-0.00958102,0x00000000,2025-12-14T14:59:11.571Z,2025-12-14T14:59:11.571Z
7,0x0004,1078,0x00000000,2025-12-14T14:59:11.571Z,2025-12-14T14:59:11.571Z
38,0x000a,-1.50101,0x00000000,2025-12-14T14:59:11.870Z,2025-12-14T14:59:11.870Z
36,0x000a,-0.0102245,0x00000000,2025-12-14T14:59:11.870Z,2025-12-14T14:59:11.870Z
35,0x000a,-1.86914,0x00000000,2025-12-14T14:59:11.870Z,2025-12-14T14:59:11.870Z
34,0x000a,-0.00119763,0x00000000,2025-12-14T14:59:11.870Z,2025-12-14T14:59:11.870Z
29,0x0004,0,0x00000000,2025-12-14T14:59:11.870Z,2025-12-14T14:59:11.870Z
25,0x000a,0,0x00000000,2025-12-14T14:59:11.870Z,2025-12-14T14:59:11.870Z
23,0x000a,-0.0102245,0x00000000,2025-12-14T14:59:11.870Z,2025-12-14T14:59:11.870Z
22,0x000a,-1.86914,0x00000000,2025-12-14T14:59:11.870Z,2025-12-14T14:59:11.870Z
21,0x000a,-0.00119763,0x00000000,2025-12-14T14:59:11.870Z,2025-12-14T14:59:11.870Z
16,0x0001,false,0x00000000,2025-12-14T14:59:11.870Z,2025-12-14T14:59:11.870Z
7,0x0004,0,0x00000000,2025-12-14T14:59:11.870Z,2025-12-14T14:59:11.870Z
42,0x0001,false,0x00000000,2025-12-14T14:59:12.172Z,2025-12-14T14:59:12.172Z
40,0x0001,false,0x00000000,2025-12-14T14:59:12.172Z,2025-12-14T14:59:12.172Z
38,0x000a,0,0x00000000,2025-12-14T14:59:12.172Z,2025-12-14T14:59:12.172Z
36,0x000a,-0.00255612,0x00000000,2025-12-14T14:59:12.172Z,2025-12-14T14:59:12.172Z
35,0x000a,-0.691534,0x00000000,2025-12-14T14:59:12.172Z,2025-12-14T14:59:12.172Z
34,0x000a,-0.000299407,0x00000000,2025-12-14T14:59:12.172Z,2025-12-14T14:59:12.172Z
23,0x000a,-0.00255612,0x00000000,2025-12-14T14:59:12.172Z,2025-12-14T14:59:12.172Z
22,0x000a,-0.691534,0x00000000,2025-12-14T14:59:12.172Z,2025-12-14T14:59:12.172Z
21,0x000a,-0.000299407,0x00000000,2025-12-14T14:59:12.172Z,2025-12-14T14:59:12.172Z
17,0x0001,true,0x00000000,2025-12-14T14:59:12.172Z,2025-12-14T14:59:12.172Z
15,0x0001,true,0x00000000,2025-12-14T14:59:12.172Z,2025-12-14T14:59:12.172Z
13,0x0001,true,0x00000000,2025-12-14T14:59:12.172Z,2025-12-14T14:59:12.172Z
4,0x000a,10,0x00000000,2025-12-14T14:59:12.172Z,2025-12-14T14:59:12.172Z
3,0x000a,9,0x00000000,2025-12-14T14:59:12.172Z,2025-12-14T14:59:12.172Z
2,0x000a,8,0x00000000,2025-12-14T14:59:12.172Z,2025-12-14T14:59:12.172Z
39,0x000a,0.300203,0x00000000,2025-12-14T14:59:12.470Z,2025-12-14T14:59:12.470Z
38,0x000a,0.596788,0x00000000,2025-12-14T14:59:12.470Z,2025-12-14T14:59:12.470Z
37,0x000a,1.09954,0x00000000,2025-12-14T14:59:12.470Z,2025-12-14T14:59:12.470Z
36,0x000a,-0.000319515,0x00000000,2025-12-14T14:59:12.470Z,2025-12-14T14:59:12.470Z
35,0x000a,-0.0864417,0x00000000,2025-12-14T14:59:12.470Z,2025-12-14T14:59:12.470Z
34,0x000a,-3.74259e-05,0x00000000,2025-12-14T14:59:12.470Z,2025-12-14T14:59:12.470Z
29,0x0004,1000,0x00000000,2025-12-14T14:59:12.470Z,2025-12-14T14:59:12.470Z
28,0x0004,1000,0x00000000,2025-12-14T14:59:12.470Z,2025-12-14T14:59:12.470Z
26,0x000a,0.2398,0x00000000,2025-12-14T14:59:12.470Z,2025-12-14T14:59:12.470Z
25,0x000a,0.219907,0x00000000,2025-12-14T14:59:12.470Z,2025-12-14T14:59:12.470Z
24,0x000a,0.379774,0x00000000,2025-12-14T14:59:12.470Z,2025-12-14T14:59:12.470Z
23,0x000a,-0.000319515,0x00000000,2025-12-14T14:59:12.470Z,2025-12-14T14:59:12.470Z
22,0x000a,-0.0864417,0x00000000,2025-12-14T14:59:12.470Z,2025-12-14T14:59:12.470Z
21,0x000a,-3.74259e-05,0x00000000,2025-12-14T14:59:12.470Z,2025-12-14T14:59:12.470Z
8,0x0004,663,0x00000000,2025-12-14T14:59:12.468Z,2025-12-14T14:59:12.468Z
7,0x0004,608,0x00000000,2025-12-14T14:59:12.468Z,2025-12-14T14:59:12.468Z
6,0x0004,1050,0x00000000,2025-12-14T14:59:12.468Z,2025-12-14T14:59:12.468Z
39,0x000a,2.10142,0x00000000,2025-12-14T14:59:12.771Z,2025-12-14T14:59:12.771Z
38,0x000a,1.39974,0x00000000,2025-12-14T14:59:12.771Z,2025-12-14T14:59:12.771Z
37,0x000a,2.70182,0x00000000,2025-12-14T14:59:12.771Z,2025-12-14T14:59:12.771Z
36,0x000a,1.58823,0x00000000,2025-12-14T14:59:12.771Z,2025-12-14T14:59:12.771Z
35,0x000a,1.16423,0x00000000,2025-12-14T14:59:12.771Z,2025-12-14T14:59:12.771Z
34,0x000a,2.1629,0x00000000,2025-12-14T14:59:12.771Z,2025-12-14T14:59:12.771Z
26,0x000a,0.689742,0x00000000,2025-12-14T14:59:12.771Z,2025-12-14T14:59:12.771Z
25,0x000a,0.539641,0x00000000,2025-12-14T14:59:12.771Z,2025-12-14T14:59:12.771Z
24,0x000a,0.96969,0x00000000,2025-12-14T14:59:12.771Z,2025-12-14T14:59:12.771Z
23,0x000a,1.58823,0x00000000,2025-12-14T14:59:12.771Z,2025-12-14T14:59:12.771Z
22,0x000a,1.16423,0x00000000,2025-12-14T14:59:12.771Z,2025-12-14T14:59:12.771Z
21,0x000a,2.1629,0x00000000,2025-12-14T14:59:12.771Z,2025-12-14T14:59:12.771Z
8,0x0004,1907,0x00000000,2025-12-14T14:59:12.769Z,2025-12-14T14:59:12.769Z
7,0x0004,1492,0x00000000,2025-12-14T14:59:12.769Z,2025-12-14T14:59:12.769Z
6,0x0004,2681,0x00000000,2025-12-14T14:59:12.769Z,2025-12-14T14:59:12.769Z
39,0x000a,2.0978,0x00000000,2025-12-14T14:59:13.071Z,2025-12-14T14:59:13.071Z
38,0x000a,1.39974,0x00000000,2025-12-14T14:59:13.071Z,2025-12-14T14:59:13.071Z
37,0x000a,2.60055,0x00000000,2025-12-14T14:59:13.071Z,2025-12-14T14:59:13.071Z
36,0x000a,2.52199,0x00000000,2025-12-14T14:59:13.071Z,2025-12-14T14:59:13.071Z
35,0x000a,1.86622,0x00000000,2025-12-14T14:59:13.071Z,2025-12-14T14:59:13.071Z
34,0x000a,3.34111,0x00000000,2025-12-14T14:59:13.071Z,2025-12-14T14:59:13.071Z
26,0x000a,1.30968,0x00000000,2025-12-14T14:59:13.071Z,2025-12-14T14:59:13.071Z
25,0x000a,0.979818,0x00000000,2025-12-14T14:59:13.071Z,2025-12-14T14:59:13.071Z
24,0x000a,1.75998,0x00000000,2025-12-14T14:59:13.071Z,2025-12-14T14:59:13.071Z
23,0x000a,2.52199,0x00000000,2025-12-14T14:59:13.071Z,2025-12-14T14:59:13.071Z
22,0x000a,1.86622,0x00000000,2025-12-14T14:59:13.071Z,2025-12-14T14:59:13.071Z
21,0x000a,3.34111,0x00000000,2025-12-14T14:59:13.071Z,2025-12-14T14:59:13.071Z
8,0x0004,3621,0x00000000,2025-12-14T14:59:13.071Z,2025-12-14T14:59:13.071Z
7,0x0004,2709,0x00000000,2025-12-14T14:59:13.071Z,2025-12-14T14:59:13.071Z
6,0x0004,4866,0x00000000,2025-12-14T14:59:13.071Z,2025-12-14T14:59:13.071Z
39,0x000a,2.10142,0x00000000,2025-12-14T14:59:13.370Z,2025-12-14T14:59:13.370Z
38,0x000a,1.50101,0x00000000,2025-12-14T14:59:13.370Z,2025-12-14T14:59:13.370Z
37,0x000a,2.59693,0x00000000,2025-12-14T14:59:13.370Z,2025-12-14T14:59:13.370Z
36,0x000a,2.12822,0x00000000,2025-12-14T14:59:13.370Z,2025-12-14T14:59:13.370Z
35,0x000a,1.5322,0x00000000,2025-12-14T14:59:13.370Z,2025-12-14T14:59:13.370Z
34,0x000a,2.76817,0x00000000,2025-12-14T14:59:13.370Z,2025-12-14T14:59:13.370Z
26,0x000a,1.92998,0x00000000,2025-12-14T14:59:13.370Z,2025-12-14T14:59:13.370Z
25,0x000a,1.42976,0x00000000,2025-12-14T14:59:13.370Z,2025-12-14T14:59:13.370Z
24,0x000a,2.55968,0x00000000,2025-12-14T14:59:13.370Z,2025-12-14T14:59:13.370Z
23,0x000a,2.12822,0x00000000,2025-12-14T14:59:13.370Z,2025-12-14T14:59:13.370Z
22,0x000a,1.5322,0x00000000,2025-12-14T14:59:13.370Z,2025-12-14T14:59:13.370Z
21,0x000a,2.76817,0x00000000,2025-12-14T14:59:13.370Z,2025-12-14T14:59:13.370Z
8,0x0004,5336,0x00000000,2025-12-14T14:59:13.370Z,2025-12-14T14:59:13.370Z
7,0x0004,3953,0x00000000,2025-12-14T14:59:13.370Z,2025-12-14T14:59:13.370Z
6,0x0004,7077,0x00000000,2025-12-14T14:59:13.370Z,2025-12-14T14:59:13.370Z
39,0x000a,2.10142,0x00000000,2025-12-14T14:59:13.670Z,2025-12-14T14:59:13.670Z
38,0x000a,1.39974,0x00000000,2025-12-14T14:59:13.670Z,2025-12-14T14:59:13.670Z
37,0x000a,2.70182,0x00000000,2025-12-14T14:59:13.670Z,2025-12-14T14:59:13.670Z
36,0x000a,2.25641,0x00000000,2025-12-14T14:59:13.670Z,2025-12-14T14:59:13.670Z
35,0x000a,1.65891,0x00000000,2025-12-14T14:59:13.670Z,2025-12-14T14:59:13.670Z
34,0x000a,2.94175,0x00000000,2025-12-14T14:59:13.670Z,2025-12-14T14:59:13.670Z
26,0x000a,2.57993,0x00000000,2025-12-14T14:59:13.670Z,2025-12-14T14:59:13.670Z
25,0x000a,1.89996,0x00000000,2025-12-14T14:59:13.670Z,2025-12-14T14:59:13.670Z
24,0x000a,3.40965,0x00000000,2025-12-14T14:59:13.670Z,2025-12-14T14:59:13.670Z
23,0x000a,2.25641,0x00000000,2025-12-14T14:59:13.670Z,2025-12-14T14:59:13.670Z
22,0x000a,1.65891,0x00000000,2025-12-14T14:59:13.670Z,2025-12-14T14:59:13.670Z
21,0x000a,2.94175,0x00000000,2025-12-14T14:59:13.670Z,2025-12-14T14:59:13.670Z
8,0x0004,7133,0x00000000,2025-12-14T14:59:13.668Z,2025-12-14T14:59:13.668Z
7,0x0004,5253,0x00000000,2025-12-14T14:59:13.668Z,2025-12-14T14:59:13.668Z
6,0x0004,9427,0x00000000,2025-12-14T14:59:13.668Z,2025-12-14T14:59:13.668Z
39,0x000a,4.10156,0x00000000,2025-12-14T14:59:13.972Z,2025-12-14T14:59:13.972Z
38,0x000a,2.90075,0x00000000,2025-12-14T14:59:13.972Z,2025-12-14T14:59:13.972Z
37,0x000a,5.29876,0x00000000,2025-12-14T14:59:13.972Z,2025-12-14T14:59:13.972Z
36,0x000a,2.09366,0x00000000,2025-12-14T14:59:13.972Z,2025-12-14T14:59:13.972Z
35,0x000a,1.50628,0x00000000,2025-12-14T14:59:13.972Z,2025-12-14T14:59:13.972Z
34,0x000a,2.70559,0x00000000,2025-12-14T14:59:13.972Z,2025-12-14T14:59:13.972Z
26,0x000a,3.19987,0x00000000,2025-12-14T14:59:13.972Z,2025-12-14T14:59:13.972Z
25,0x000a,2.33977,0x00000000,2025-12-14T14:59:13.972Z,2025-12-14T14:59:13.972Z
24,0x000a,4.20971,0x00000000,2025-12-14T14:59:13.972Z,2025-12-14T14:59:13.972Z
23,0x000a,2.09366,0x00000000,2025-12-14T14:59:13.972Z,2025-12-14T14:59:13.972Z
22,0x000a,1.50628,0x00000000,2025-12-14T14:59:13.972Z,2025-12-14T14:59:13.972Z
21,0x000a,2.70559,0x00000000,2025-12-14T14:59:13.972Z,2025-12-14T14:59:13.972Z
8,0x0004,8847,0x00000000,2025-12-14T14:59:13.968Z,2025-12-14T14:59:13.968Z
7,0x0004,6469,0x00000000,2025-12-14T14:59:13.968Z,2025-12-14T14:59:13.968Z
6,0x0004,11639,0x00000000,2025-12-14T14:59:13.968Z,2025-12-14T14:59:13.968Z
39,0x000a,2.10142,0x00000000,2025-12-14T14:59:14.272Z,2025-12-14T14:59:14.272Z
38,0x000a,1.4974,0x00000000,2025-12-14T14:59:14.272Z,2025-12-14T14:59:14.272Z
37,0x000a,2.6982,0x00000000,2025-12-14T14:59:14.272Z,2025-12-14T14:59:14.272Z
36,0x000a,2.39929,0x00000000,2025-12-14T14:59:14.272Z,2025-12-14T14:59:14.272Z
35,0x000a,1.75169,0x00000000,2025-12-14T14:59:14.272Z,2025-12-14T14:59:14.272Z
34,0x000a,3.10106,0x00000000,2025-12-14T14:59:14.272Z,2025-12-14T14:59:14.272Z
26,0x000a,3.85995,0x00000000,2025-12-14T14:59:14.272Z,2025-12-14T14:59:14.272Z
25,0x000a,2.81973,0x00000000,2025-12-14T14:59:14.272Z,2025-12-14T14:59:14.272Z
24,0x000a,5.05968,0x00000000,2025-12-14T14:59:14.272Z,2025-12-14T14:59:14.272Z
23,0x000a,2.39929,0x00000000,2025-12-14T14:59:14.272Z,2025-12-14T14:59:14.272Z
22,0x000a,1.75169,0x00000000,2025-12-14T14:59:14.272Z,2025-12-14T14:59:14.272Z
21,0x000a,3.10106,0x00000000,2025-12-14T14:59:14.272Z,2025-12-14T14:59:14.272Z
8,0x0004,10672,0x00000000,2025-12-14T14:59:14.270Z,2025-12-14T14:59:14.270Z
7,0x0004,7796,0x00000000,2025-12-14T14:59:14.270Z,2025-12-14T14:59:14.270Z
6,0x0004,13989,0x00000000,2025-12-14T14:59:14.270Z,2025-12-14T14:59:14.270Z
39,0x000a,2.49928,0x00000000,2025-12-14T14:59:14.569Z,2025-12-14T14:59:14.569Z
38,0x000a,1.69994,0x00000000,2025-12-14T14:59:14.569Z,2025-12-14T14:59:14.569Z
37,0x000a,3.20096,0x00000000,2025-12-14T14:59:14.569Z,2025-12-14T14:59:14.569Z
36,0x000a,2.12525,0x00000000,2025-12-14T14:59:14.569Z,2025-12-14T14:59:14.569Z
35,0x000a,1.56278,0x00000000,2025-12-14T14:59:14.569Z,2025-12-14T14:59:14.569Z
34,0x000a,2.80073,0x00000000,2025-12-14T14:59:14.569Z,2025-12-14T14:59:14.569Z
26,0x000a,4.50991,0x00000000,2025-12-14T14:59:14.569Z,2025-12-14T14:59:14.569Z
25,0x000a,3.28993,0x00000000,2025-12-14T14:59:14.569Z,2025-12-14T14:59:14.569Z
24,0x000a,5.90965,0x00000000,2025-12-14T14:59:14.569Z,2025-12-14T14:59:14.569Z
23,0x000a,2.12525,0x00000000,2025-12-14T14:59:14.569Z,2025-12-14T14:59:14.569Z
22,0x000a,1.56278,0x00000000,2025-12-14T14:59:14.569Z,2025-12-14T14:59:14.569Z
21,0x000a,2.80073,0x00000000,2025-12-14T14:59:14.569Z,2025-12-14T14:59:14.569Z
8,0x0004,12469,0x00000000,2025-12-14T14:59:14.569Z,2025-12-14T14:59:14.569Z
7,0x0004,9096,0x00000000,2025-12-14T14:59:14.569Z,2025-12-14T14:59:14.569Z
6,0x0004,16339,0x00000000,2025-12-14T14:59:14.569Z,2025-12-14T14:59:14.569Z
39,0x000a,2.00015,0x00000000,2025-12-14T14:59:14.870Z,2025-12-14T14:59:14.870Z
38,0x000a,1.50101,0x00000000,2025-12-14T14:59:14.870Z,2025-12-14T14:59:14.870Z
37,0x000a,2.60055,0x00000000,2025-12-14T14:59:14.870Z,2025-12-14T14:59:14.870Z
36,0x000a,2.127,0x00000000,2025-12-14T14:59:14.870Z,2025-12-14T14:59:14.870Z
35,0x000a,1.53179,0x00000000,2025-12-14T14:59:14.870Z,2025-12-14T14:59:14.870Z
34,0x000a,2.75035,0x00000000,2025-12-14T14:59:14.870Z,2025-12-14T14:59:14.870Z
26,0x000a,5.12985,0x00000000,2025-12-14T14:59:14.870Z,2025-12-14T14:59:14.870Z
25,0x000a,3.72975,0x00000000,2025-12-14T14:59:14.870Z,2025-12-14T14:59:14.870Z
24,0x000a,6.70971,0x00000000,2025-12-14T14:59:14.870Z,2025-12-14T14:59:14.870Z
23,0x000a,2.127,0x00000000,2025-12-14T14:59:14.870Z,2025-12-14T14:59:14.870Z
22,0x000a,1.53179,0x00000000,2025-12-14T14:59:14.870Z,2025-12-14T14:59:14.870Z
21,0x000a,2.75035,0x00000000,2025-12-14T14:59:14.870Z,2025-12-14T14:59:14.870Z
8,0x0004,14183,0x00000000,2025-12-14T14:59:14.868Z,2025-12-14T14:59:14.868Z
7,0x0004,10312,0x00000000,2025-12-14T14:59:14.868Z,2025-12-14T14:59:14.868Z
6,0x0004,18551,0x00000000,2025-12-14T14:59:14.868Z,2025-12-14T14:59:14.868Z
39,0x000a,2.10142,0x00000000,2025-12-14T14:59:15.172Z,2025-12-14T14:59:15.172Z
38,0x000a,1.4974,0x00000000,2025-12-14T14:59:15.172Z,2025-12-14T14:59:15.172Z
37,0x000a,2.69821,0x00000000,2025-12-14T14:59:15.172Z,2025-12-14T14:59:15.172Z
36,0x000a,3.29096,0x00000000,2025-12-14T14:59:15.172Z,2025-12-14T14:59:15.172Z
35,0x000a,2.38015,0x00000000,2025-12-14T14:59:15.172Z,2025-12-14T14:59:15.172Z
34,0x000a,4.24417,0x00000000,2025-12-14T14:59:15.172Z,2025-12-14T14:59:15.172Z
26,0x000a,5.78993,0x00000000,2025-12-14T14:59:15.172Z,2025-12-14T14:59:15.172Z
25,0x000a,4.20971,0x00000000,2025-12-14T14:59:15.172Z,2025-12-14T14:59:15.172Z
24,0x000a,7.55968,0x00000000,2025-12-14T14:59:15.172Z,2025-12-14T14:59:15.172Z
23,0x000a,3.29096,0x00000000,2025-12-14T14:59:15.172Z,2025-12-14T14:59:15.172Z
22,0x000a,2.38015,0x00000000,2025-12-14T14:59:15.172Z,2025-12-14T14:59:15.172Z
21,0x000a,4.24417,0x00000000,2025-12-14T14:59:15.172Z,2025-12-14T14:59:15.172Z
8,0x0004,16008,0x00000000,2025-12-14T14:59:15.169Z,2025-12-14T14:59:15.169Z
7,0x0004,11639,0x00000000,2025-12-14T14:59:15.169Z,2025-12-14T14:59:15.169Z
6,0x0004,20901,0x00000000,2025-12-14T14:59:15.169Z,2025-12-14T14:59:15.169Z
39,0x000a,2.0978,0x00000000,2025-12-14T14:59:15.472Z,2025-12-14T14:59:15.472Z
38,0x000a,1.50101,0x00000000,2025-12-14T14:59:15.472Z,2025-12-14T14:59:15.472Z
37,0x000a,2.60055,0x00000000,2025-12-14T14:59:15.472Z,2025-12-14T14:59:15.472Z
36,0x000a,2.34817,0x00000000,2025-12-14T14:59:15.472Z,2025-12-14T14:59:15.472Z
35,0x000a,1.66926,0x00000000,2025-12-14T14:59:15.472Z,2025-12-14T14:59:15.472Z
34,0x000a,3.08651,0x00000000,2025-12-14T14:59:15.472Z,2025-12-14T14:59:15.472Z
26,0x000a,6.39974,0x00000000,2025-12-14T14:59:15.472Z,2025-12-14T14:59:15.472Z
25,0x000a,4.64988,0x00000000,2025-12-14T14:59:15.472Z,2025-12-14T14:59:15.472Z
24,0x000a,8.24978,0x00000000,2025-12-14T14:59:15.472Z,2025-12-14T14:59:15.472Z
23,0x000a,2.34817,0x00000000,2025-12-14T14:59:15.472Z,2025-12-14T14:59:15.472Z
22,0x000a,1.66926,0x00000000,2025-12-14T14:59:15.472Z,2025-12-14T14:59:15.472Z
21,0x000a,3.08651,0x00000000,2025-12-14T14:59:15.472Z,2025-12-14T14:59:15.472Z
13,0x0001,false,0x00000000,2025-12-14T14:59:15.472Z,2025-12-14T14:59:15.472Z
8,0x0004,17694,0x00000000,2025-12-14T14:59:15.468Z,2025-12-14T14:59:15.468Z
7,0x0004,12856,0x00000000,2025-12-14T14:59:15.468Z,2025-12-14T14:59:15.468Z
6,0x0004,22809,0x00000000,2025-12-14T14:59:15.468Z,2025-12-14T14:59:15.468Z
40,0x0001,true,0x00000000,2025-12-14T14:59:15.772Z,2025-12-14T14:59:15.772Z
39,0x000a,2.00014,0x00000000,2025-12-14T14:59:15.772Z,2025-12-14T14:59:15.772Z
37,0x000a,0,0x00000000,2025-12-14T14:59:15.772Z,2025-12-14T14:59:15.772Z
36,0x000a,2.30542,0x00000000,2025-12-14T14:59:15.772Z,2025-12-14T14:59:15.772Z
35,0x000a,1.67034,0x00000000,2025-12-14T14:59:15.772Z,2025-12-14T14:59:15.772Z
34,0x000a,1.11055,0x00000000,2025-12-14T14:59:15.772Z,2025-12-14T14:59:15.772Z
26,0x000a,7.05982,0x00000000,2025-12-14T14:59:15.772Z,2025-12-14T14:59:15.772Z
25,0x000a,5.11972,0x00000000,2025-12-14T14:59:15.772Z,2025-12-14T14:59:15.772Z
23,0x000a,2.30542,0x00000000,2025-12-14T14:59:15.772Z,2025-12-14T14:59:15.772Z
22,0x000a,1.67034,0x00000000,2025-12-14T14:59:15.772Z,2025-12-14T14:59:15.772Z
21,0x000a,1.11055,0x00000000,2025-12-14T14:59:15.772Z,2025-12-14T14:59:15.772Z
8,0x0004,18938,0x00000000,2025-12-14T14:59:15.770Z,2025-12-14T14:59:15.770Z
7,0x0004,13768,0x00000000,2025-12-14T14:59:15.770Z,2025-12-14T14:59:15.770Z
39,0x000a,2.00015,0x00000000,2025-12-14T14:59:16.071Z,2025-12-14T14:59:16.071Z
36,0x000a,2.11426,0x00000000,2025-12-14T14:59:16.071Z,2025-12-14T14:59:16.071Z
35,0x000a,1.49686,0x00000000,2025-12-14T14:59:16.071Z,2025-12-14T14:59:16.071Z
34,0x000a,0.138818,0x00000000,2025-12-14T14:59:16.071Z,2025-12-14T14:59:16.071Z
26,0x000a,7.46998,0x00000000,2025-12-14T14:59:16.071Z,2025-12-14T14:59:16.071Z
25,0x000a,5.41992,0x00000000,2025-12-14T14:59:16.071Z,2025-12-14T14:59:16.071Z
23,0x000a,2.11426,0x00000000,2025-12-14T14:59:16.071Z,2025-12-14T14:59:16.071Z
22,0x000a,1.49686,0x00000000,2025-12-14T14:59:16.071Z,2025-12-14T14:59:16.071Z
21,0x000a,0.138818,0x00000000,2025-12-14T14:59:16.071Z,2025-12-14T14:59:16.071Z
8,0x0004,20653,0x00000000,2025-12-14T14:59:16.068Z,2025-12-14T14:59:16.068Z
7,0x0004,14985,0x00000000,2025-12-14T14:59:16.068Z,2025-12-14T14:59:16.068Z
39,0x000a,2.49928,0x00000000,2025-12-14T14:59:16.372Z,2025-12-14T14:59:16.372Z
38,0x000a,1.7976,0x00000000,2025-12-14T14:59:16.372Z,2025-12-14T14:59:16.372Z
36,0x000a,3.07757,0x00000000,2025-12-14T14:59:16.372Z,2025-12-14T14:59:16.372Z
35,0x000a,2.19984,0x00000000,2025-12-14T14:59:16.372Z,2025-12-14T14:59:16.372Z
34,0x000a,0.0347046,0x00000000,2025-12-14T14:59:16.372Z,2025-12-14T14:59:16.372Z
26,0x000a,8.1297,0x00000000,2025-12-14T14:59:16.372Z,2025-12-14T14:59:16.372Z
25,0x000a,5.88976,0x00000000,2025-12-14T14:59:16.372Z,2025-12-14T14:59:16.372Z
23,0x000a,3.07757,0x00000000,2025-12-14T14:59:16.372Z,2025-12-14T14:59:16.372Z
22,0x000a,2.19984,0x00000000,2025-12-14T14:59:16.372Z,2025-12-14T14:59:16.372Z
21,0x000a,0.0347046,0x00000000,2025-12-14T14:59:16.372Z,2025-12-14T14:59:16.372Z
8,0x0004,22477,0x00000000,2025-12-14T14:59:16.369Z,2025-12-14T14:59:16.369Z
7,0x0004,16284,0x00000000,2025-12-14T14:59:16.369Z,2025-12-14T14:59:16.369Z
39,0x000a,2.00015,0x00000000,2025-12-14T14:59:16.670Z,2025-12-14T14:59:16.670Z
38,0x000a,1.49739,0x00000000,2025-12-14T14:59:16.670Z,2025-12-14T14:59:16.670Z
36,0x000a,2.24785,0x00000000,2025-12-14T14:59:16.670Z,2025-12-14T14:59:16.670Z
35,0x000a,1.62544,0x00000000,2025-12-14T14:59:16.670Z,2025-12-14T14:59:16.670Z
34,0x000a,0.00433808,0x00000000,2025-12-14T14:59:16.670Z,2025-12-14T14:59:16.670Z
26,0x000a,8.73987,0x00000000,2025-12-14T14:59:16.670Z,2025-12-14T14:59:16.670Z
25,0x000a,6.3397,0x00000000,2025-12-14T14:59:16.670Z,2025-12-14T14:59:16.670Z
23,0x000a,2.24785,0x00000000,2025-12-14T14:59:16.670Z,2025-12-14T14:59:16.670Z
22,0x000a,1.62544,0x00000000,2025-12-14T14:59:16.670Z,2025-12-14T14:59:16.670Z
21,0x000a,0.00433808,0x00000000,2025-12-14T14:59:16.670Z,2025-12-14T14:59:16.670Z
8,0x0004,24164,0x00000000,2025-12-14T14:59:16.670Z,2025-12-14T14:59:16.670Z
7,0x0004,17528,0x00000000,2025-12-14T14:59:16.670Z,2025-12-14T14:59:16.670Z
39,0x000a,2.10142,0x00000000,2025-12-14T14:59:16.972Z,2025-12-14T14:59:16.972Z
38,0x000a,1.50101,0x00000000,2025-12-14T14:59:16.972Z,2025-12-14T14:59:16.972Z
36,0x000a,2.10616,0x00000000,2025-12-14T14:59:16.972Z,2025-12-14T14:59:16.972Z
35,0x000a,1.4908,0x00000000,2025-12-14T14:59:16.972Z,2025-12-14T14:59:16.972Z
34,0x000a,0.00054226,0x00000000,2025-12-14T14:59:16.972Z,2025-12-14T14:59:16.972Z
26,0x000a,9.39996,0x00000000,2025-12-14T14:59:16.972Z,2025-12-14T14:59:16.972Z
25,0x000a,6.8099,0x00000000,2025-12-14T14:59:16.972Z,2025-12-14T14:59:16.972Z
23,0x000a,2.10616,0x00000000,2025-12-14T14:59:16.972Z,2025-12-14T14:59:16.972Z
22,0x000a,1.4908,0x00000000,2025-12-14T14:59:16.972Z,2025-12-14T14:59:16.972Z
21,0x000a,0.00054226,0x00000000,2025-12-14T14:59:16.972Z,2025-12-14T14:59:16.972Z
8,0x0004,25989,0x00000000,2025-12-14T14:59:16.969Z,2025-12-14T14:59:16.969Z
7,0x0004,18828,0x00000000,2025-12-14T14:59:16.969Z,2025-12-14T14:59:16.969Z
39,0x000a,2.00014,0x00000000,2025-12-14T14:59:17.270Z,2025-12-14T14:59:17.270Z
38,0x000a,1.39974,0x00000000,2025-12-14T14:59:17.270Z,2025-12-14T14:59:17.270Z
36,0x000a,2.17584,0x00000000,2025-12-14T14:59:17.270Z,2025-12-14T14:59:17.270Z
35,0x000a,1.57351,0x00000000,2025-12-14T14:59:17.270Z,2025-12-14T14:59:17.270Z
34,0x000a,0.000135565,0x00000000,2025-12-14T14:59:17.270Z,2025-12-14T14:59:17.270Z
30,0x0004,0,0x00000000,2025-12-14T14:59:17.270Z,2025-12-14T14:59:17.270Z
26,0x000a,10,0x00000000,2025-12-14T14:59:17.270Z,2025-12-14T14:59:17.270Z
25,0x000a,7.24971,0x00000000,2025-12-14T14:59:17.270Z,2025-12-14T14:59:17.270Z
23,0x000a,2.17584,0x00000000,2025-12-14T14:59:17.270Z,2025-12-14T14:59:17.270Z
22,0x000a,1.57351,0x00000000,2025-12-14T14:59:17.270Z,2025-12-14T14:59:17.270Z
21,0x000a,0.000135565,0x00000000,2025-12-14T14:59:17.270Z,2025-12-14T14:59:17.270Z
17,0x0001,false,0x00000000,2025-12-14T14:59:17.270Z,2025-12-14T14:59:17.270Z
8,0x0004,27648,0x00000000,2025-12-14T14:59:17.270Z,2025-12-14T14:59:17.270Z
7,0x0004,20044,0x00000000,2025-12-14T14:59:17.270Z,2025-12-14T14:59:17.270Z
39,0x000a,0,0x00000000,2025-12-14T14:59:17.572Z,2025-12-14T14:59:17.572Z
38,0x000a,1.4974,0x00000000,2025-12-14T14:59:17.572Z,2025-12-14T14:59:17.572Z
36,0x000a,0.997622,0x00000000,2025-12-14T14:59:17.572Z,2025-12-14T14:59:17.572Z
35,0x000a,1.87176,0x00000000,2025-12-14T14:59:17.572Z,2025-12-14T14:59:17.572Z
34,0x000a,1.69456e-05,0x00000000,2025-12-14T14:59:17.572Z,2025-12-14T14:59:17.572Z
25,0x000a,7.69965,0x00000000,2025-12-14T14:59:17.572Z,2025-12-14T14:59:17.572Z
23,0x000a,0.997622,0x00000000,2025-12-14T14:59:17.572Z,2025-12-14T14:59:17.572Z
22,0x000a,1.87176,0x00000000,2025-12-14T14:59:17.572Z,2025-12-14T14:59:17.572Z
21,0x000a,1.69456e-05,0x00000000,2025-12-14T14:59:17.572Z,2025-12-14T14:59:17.572Z
7,0x0004,21288,0x00000000,2025-12-14T14:59:17.572Z,2025-12-14T14:59:17.572Z
42,0x0001,true,0x00000000,2025-12-14T14:59:17.872Z,2025-12-14T14:59:17.872Z
36,0x000a,0.249405,0x00000000,2025-12-14T14:59:17.872Z,2025-12-14T14:59:17.872Z
35,0x000a,1.54397,0x00000000,2025-12-14T14:59:17.872Z,2025-12-14T14:59:17.872Z
34,0x000a,4.2364e-06,0x00000000,2025-12-14T14:59:17.872Z,2025-12-14T14:59:17.872Z
25,0x000a,8.16985,0x00000000,2025-12-14T14:59:17.872Z,2025-12-14T14:59:17.872Z
23,0x000a,0.249405,0x00000000,2025-12-14T14:59:17.872Z,2025-12-14T14:59:17.872Z
22,0x000a,1.54397,0x00000000,2025-12-14T14:59:17.872Z,2025-12-14T14:59:17.872Z
21,0x000a,4.2364e-06,0x00000000,2025-12-14T14:59:17.872Z,2025-12-14T14:59:17.872Z
7,0x0004,22588,0x00000000,2025-12-14T14:59:17.868Z,2025-12-14T14:59:17.868Z
38,0x000a,1.39974,0x00000000,2025-12-14T14:59:18.170Z,2025-12-14T14:59:18.170Z
36,0x000a,0.0311757,0x00000000,2025-12-14T14:59:18.170Z,2025-12-14T14:59:18.170Z
35,0x000a,1.58098,0x00000000,2025-12-14T14:59:18.170Z,2025-12-14T14:59:18.170Z
34,0x000a,5.29551e-07,0x00000000,2025-12-14T14:59:18.170Z,2025-12-14T14:59:18.170Z
25,0x000a,8.60966,0x00000000,2025-12-14T14:59:18.170Z,2025-12-14T14:59:18.170Z
23,0x000a,0.0311757,0x00000000,2025-12-14T14:59:18.170Z,2025-12-14T14:59:18.170Z
22,0x000a,1.58098,0x00000000,2025-12-14T14:59:18.170Z,2025-12-14T14:59:18.170Z
21,0x000a,5.29551e-07,0x00000000,2025-12-14T14:59:18.170Z,2025-12-14T14:59:18.170Z
7,0x0004,23804,0x00000000,2025-12-14T14:59:18.170Z,2025-12-14T14:59:18.170Z
38,0x000a,2.10142,0x00000000,2025-12-14T14:59:18.471Z,2025-12-14T14:59:18.471Z
36,0x000a,0.00389696,0x00000000,2025-12-14T14:59:18.471Z,2025-12-14T14:59:18.471Z
35,0x000a,1.64755,0x00000000,2025-12-14T14:59:18.471Z,2025-12-14T14:59:18.471Z
34,0x000a,6.61938e-08,0x00000000,2025-12-14T14:59:18.471Z,2025-12-14T14:59:18.471Z
25,0x000a,8.99993,0x00000000,2025-12-14T14:59:18.471Z,2025-12-14T14:59:18.471Z
23,0x000a,0.00389696,0x00000000,2025-12-14T14:59:18.471Z,2025-12-14T14:59:18.471Z
22,0x000a,1.64755,0x00000000,2025-12-14T14:59:18.471Z,2025-12-14T14:59:18.471Z
21,0x000a,6.61938e-08,0x00000000,2025-12-14T14:59:18.471Z,2025-12-14T14:59:18.471Z
15,0x0001,false,0x00000000,2025-12-14T14:59:18.471Z,2025-12-14T14:59:18.471Z
7,0x0004,24883,0x00000000,2025-12-14T14:59:18.468Z,2025-12-14T14:59:18.468Z
41,0x0001,true,0x00000000,2025-12-14T14:59:18.772Z,2025-12-14T14:59:18.772Z
38,0x000a,0,0x00000000,2025-12-14T14:59:18.772Z,2025-12-14T14:59:18.772Z
36,0x000a,0.00097424,0x00000000,2025-12-14T14:59:18.772Z,2025-12-14T14:59:18.772Z
35,0x000a,0.937242,0x00000000,2025-12-14T14:59:18.772Z,2025-12-14T14:59:18.772Z
34,0x000a,1.65485e-08,0x00000000,2025-12-14T14:59:18.772Z,2025-12-14T14:59:18.772Z
27,0x0001,true,0x00000000,2025-12-14T14:59:18.772Z,2025-12-14T14:59:18.772Z
23,0x000a,0.00097424,0x00000000,2025-12-14T14:59:18.772Z,2025-12-14T14:59:18.772Z
22,0x000a,0.937242,0x00000000,2025-12-14T14:59:18.772Z,2025-12-14T14:59:18.772Z
21,0x000a,1.65485e-08,0x00000000,2025-12-14T14:59:18.772Z,2025-12-14T14:59:18.772Z
4,0x000a,5,0x00000000,2025-12-14T14:59:18.769Z,2025-12-14T14:59:18.769Z
3,0x000a,5,0x00000000,2025-12-14T14:59:18.769Z,2025-12-14T14:59:18.769Z
2,0x000a,5,0x00000000,2025-12-14T14:59:18.769Z,2025-12-14T14:59:18.769Z
42,0x0001,false,0x00000000,2025-12-14T14:59:19.070Z,2025-12-14T14:59:19.070Z
41,0x0001,false,0x00000000,2025-12-14T14:59:19.070Z,2025-12-14T14:59:19.070Z
40,0x0001,false,0x00000000,2025-12-14T14:59:19.070Z,2025-12-14T14:59:19.070Z
39,0x000a,-0.600405,0x00000000,2025-12-14T14:59:19.070Z,2025-12-14T14:59:19.070Z
38,0x000a,-0.900612,0x00000000,2025-12-14T14:59:19.070Z,2025-12-14T14:59:19.070Z
37,0x000a,-1.59866,0x00000000,2025-12-14T14:59:19.070Z,2025-12-14T14:59:19.070Z
36,0x000a,0.00012178,0x00000000,2025-12-14T14:59:19.070Z,2025-12-14T14:59:19.070Z
35,0x000a,0.117155,0x00000000,2025-12-14T14:59:19.070Z,2025-12-14T14:59:19.070Z
34,0x000a,2.06856e-09,0x00000000,2025-12-14T14:59:19.070Z,2025-12-14T14:59:19.070Z
30,0x0004,1000,0x00000000,2025-12-14T14:59:19.070Z,2025-12-14T14:59:19.070Z
27,0x0001,false,0x00000000,2025-12-14T14:59:19.070Z,2025-12-14T14:59:19.070Z
26,0x000a,9.93996,0x00000000,2025-12-14T14:59:19.070Z,2025-12-14T14:59:19.070Z
25,0x000a,8.90987,0x00000000,2025-12-14T14:59:19.070Z,2025-12-14T14:59:19.070Z
24,0x000a,8.08992,0x00000000,2025-12-14T14:59:19.070Z,2025-12-14T14:59:19.070Z
23,0x000a,0.00012178,0x00000000,2025-12-14T14:59:19.070Z,2025-12-14T14:59:19.070Z
22,0x000a,0.117155,0x00000000,2025-12-14T14:59:19.070Z,2025-12-14T14:59:19.070Z
21,0x000a,2.06856e-09,0x00000000,2025-12-14T14:59:19.070Z,2025-12-14T14:59:19.070Z
18,0x0001,true,0x00000000,2025-12-14T14:59:19.070Z,2025-12-14T14:59:19.070Z
16,0x0001,true,0x00000000,2025-12-14T14:59:19.070Z,2025-12-14T14:59:19.070Z
14,0x0001,true,0x00000000,2025-12-14T14:59:19.070Z,2025-12-14T14:59:19.070Z
8,0x0004,27482,0x00000000,2025-12-14T14:59:19.068Z,2025-12-14T14:59:19.068Z
7,0x0004,24634,0x00000000,2025-12-14T14:59:19.068Z,2025-12-14T14:59:19.068Z
6,0x0004,22367,0x00000000,2025-12-14T14:59:19.068Z,2025-12-14T14:59:19.068Z
39,0x000a,-2.49928,0x00000000,2025-12-14T14:59:19.371Z,2025-12-14T14:59:19.371Z
38,0x000a,-1.80121,0x00000000,2025-12-14T14:59:19.371Z,2025-12-14T14:59:19.371Z
37,0x000a,-3.20096,0x00000000,2025-12-14T14:59:19.371Z,2025-12-14T14:59:19.371Z
36,0x000a,-1.85003,0x00000000,2025-12-14T14:59:19.371Z,2025-12-14T14:59:19.371Z
35,0x000a,-1.37379,0x00000000,2025-12-14T14:59:19.371Z,2025-12-14T14:59:19.371Z
34,0x000a,-2.45045,0x00000000,2025-12-14T14:59:19.371Z,2025-12-14T14:59:19.371Z
26,0x000a,9.27988,0x00000000,2025-12-14T14:59:19.371Z,2025-12-14T14:59:19.371Z
25,0x000a,8.4299,0x00000000,2025-12-14T14:59:19.371Z,2025-12-14T14:59:19.371Z
24,0x000a,7.23994,0x00000000,2025-12-14T14:59:19.371Z,2025-12-14T14:59:19.371Z
23,0x000a,-1.85003,0x00000000,2025-12-14T14:59:19.371Z,2025-12-14T14:59:19.371Z
22,0x000a,-1.37379,0x00000000,2025-12-14T14:59:19.371Z,2025-12-14T14:59:19.371Z
21,0x000a,-2.45045,0x00000000,2025-12-14T14:59:19.371Z,2025-12-14T14:59:19.371Z
8,0x0004,25657,0x00000000,2025-12-14T14:59:19.371Z,2025-12-14T14:59:19.371Z
7,0x0004,23307,0x00000000,2025-12-14T14:59:19.371Z,2025-12-14T14:59:19.371Z
6,0x0004,20017,0x00000000,2025-12-14T14:59:19.371Z,2025-12-14T14:59:19.371Z
39,0x000a,-4.09795,0x00000000,2025-12-14T14:59:19.671Z,2025-12-14T14:59:19.671Z
38,0x000a,-3.00202,0x00000000,2025-12-14T14:59:19.671Z,2025-12-14T14:59:19.671Z
37,0x000a,-5.29876,0x00000000,2025-12-14T14:59:19.671Z,2025-12-14T14:59:19.671Z
36,0x000a,-2.01325,0x00000000,2025-12-14T14:59:19.671Z,2025-12-14T14:59:19.671Z
35,0x000a,-1.41767,0x00000000,2025-12-14T14:59:19.671Z,2025-12-14T14:59:19.671Z
34,0x000a,-2.63807,0x00000000,2025-12-14T14:59:19.671Z,2025-12-14T14:59:19.671Z
26,0x000a,8.65994,0x00000000,2025-12-14T14:59:19.671Z,2025-12-14T14:59:19.671Z
25,0x000a,7.98973,0x00000000,2025-12-14T14:59:19.671Z,2025-12-14T14:59:19.671Z
24,0x000a,6.43989,0x00000000,2025-12-14T14:59:19.671Z,2025-12-14T14:59:19.671Z
23,0x000a,-2.01325,0x00000000,2025-12-14T14:59:19.671Z,2025-12-14T14:59:19.671Z
22,0x000a,-1.41767,0x00000000,2025-12-14T14:59:19.671Z,2025-12-14T14:59:19.671Z
21,0x000a,-2.63807,0x00000000,2025-12-14T14:59:19.671Z,2025-12-14T14:59:19.671Z
8,0x0004,23943,0x00000000,2025-12-14T14:59:19.671Z,2025-12-14T14:59:19.671Z
7,0x0004,22090,0x00000000,2025-12-14T14:59:19.671Z,2025-12-14T14:59:19.671Z
6,0x0004,17805,0x00000000,2025-12-14T14:59:19.671Z,2025-12-14T14:59:19.671Z
39,0x000a,-2.00015,0x00000000,2025-12-14T14:59:19.970Z,2025-12-14T14:59:19.970Z
38,0x000a,-1.50101,0x00000000,2025-12-14T14:59:19.970Z,2025-12-14T14:59:19.970Z
37,0x000a,-2.69821,0x00000000,2025-12-14T14:59:19.970Z,2025-12-14T14:59:19.970Z
36,0x000a,-2.4132,0x00000000,2025-12-14T14:59:19.970Z,2025-12-14T14:59:19.970Z
35,0x000a,-1.70173,0x00000000,2025-12-14T14:59:19.970Z,2025-12-14T14:59:19.970Z
34,0x000a,-3.09262,0x00000000,2025-12-14T14:59:19.970Z,2025-12-14T14:59:19.970Z
26,0x000a,8.00998,0x00000000,2025-12-14T14:59:19.970Z,2025-12-14T14:59:19.970Z
25,0x000a,7.51989,0x00000000,2025-12-14T14:59:19.970Z,2025-12-14T14:59:19.970Z
24,0x000a,5.58992,0x00000000,2025-12-14T14:59:19.970Z,2025-12-14T14:59:19.970Z
23,0x000a,-2.4132,0x00000000,2025-12-14T14:59:19.970Z,2025-12-14T14:59:19.970Z
22,0x000a,-1.70173,0x00000000,2025-12-14T14:59:19.970Z,2025-12-14T14:59:19.970Z
21,0x000a,-3.09262,0x00000000,2025-12-14T14:59:19.970Z,2025-12-14T14:59:19.970Z
8,0x0004,22146,0x00000000,2025-12-14T14:59:19.968Z,2025-12-14T14:59:19.968Z
7,0x0004,20791,0x00000000,2025-12-14T14:59:19.968Z,2025-12-14T14:59:19.968Z
6,0x0004,15455,0x00000000,2025-12-14T14:59:19.968Z,2025-12-14T14:59:19.968Z
39,0x000a,-2.10142,0x00000000,2025-12-14T14:59:20.271Z,2025-12-14T14:59:20.271Z
37,0x000a,-2.70183,0x00000000,2025-12-14T14:59:20.271Z,2025-12-14T14:59:20.271Z
36,0x000a,-2.15404,0x00000000,2025-12-14T14:59:20.271Z,2025-12-14T14:59:20.271Z
35,0x000a,-1.55119,0x00000000,2025-12-14T14:59:20.271Z,2025-12-14T14:59:20.271Z
34,0x000a,-2.74798,0x00000000,2025-12-14T14:59:20.271Z,2025-12-14T14:59:20.271Z
26,0x000a,7.38968,0x00000000,2025-12-14T14:59:20.271Z,2025-12-14T14:59:20.271Z
25,0x000a,7.06995,0x00000000,2025-12-14T14:59:20.271Z,2025-12-14T14:59:20.271Z
24,0x000a,4.78986,0x00000000,2025-12-14T14:59:20.271Z,2025-12-14T14:59:20.271Z
23,0x000a,-2.15404,0x00000000,2025-12-14T14:59:20.271Z,2025-12-14T14:59:20.271Z
22,0x000a,-1.55119,0x00000000,2025-12-14T14:59:20.271Z,2025-12-14T14:59:20.271Z
21,0x000a,-2.74798,0x00000000,2025-12-14T14:59:20.271Z,2025-12-14T14:59:20.271Z
14,0x0001,false,0x00000000,2025-12-14T14:59:20.271Z,2025-12-14T14:59:20.271Z
8,0x0004,20431,0x00000000,2025-12-14T14:59:20.271Z,2025-12-14T14:59:20.271Z
7,0x0004,19547,0x00000000,2025-12-14T14:59:20.271Z,2025-12-14T14:59:20.271Z
6,0x0004,13243,0x00000000,2025-12-14T14:59:20.271Z,2025-12-14T14:59:20.271Z
39,0x000a,-2.40162,0x00000000,2025-12-14T14:59:20.570Z,2025-12-14T14:59:20.570Z
38,0x000a,-1.80122,0x00000000,2025-12-14T14:59:20.570Z,2025-12-14T14:59:20.570Z
37,0x000a,0,0x00000000,2025-12-14T14:59:20.570Z,2025-12-14T14:59:20.570Z
36,0x000a,-2.08087,0x00000000,2025-12-14T14:59:20.570Z,2025-12-14T14:59:20.570Z
35,0x000a,-1.45574,0x00000000,2025-12-14T14:59:20.570Z,2025-12-14T14:59:20.570Z
34,0x000a,-2.15511,0x00000000,2025-12-14T14:59:20.570Z,2025-12-14T14:59:20.570Z
26,0x000a,6.72996,0x00000000,2025-12-14T14:59:20.570Z,2025-12-14T14:59:20.570Z
25,0x000a,6.59975,0x00000000,2025-12-14T14:59:20.570Z,2025-12-14T14:59:20.570Z
23,0x000a,-2.08087,0x00000000,2025-12-14T14:59:20.570Z,2025-12-14T14:59:20.570Z
22,0x000a,-1.45574,0x00000000,2025-12-14T14:59:20.570Z,2025-12-14T14:59:20.570Z
21,0x000a,-2.15511,0x00000000,2025-12-14T14:59:20.570Z,2025-12-14T14:59:20.570Z
8,0x0004,18607,0x00000000,2025-12-14T14:59:20.570Z,2025-12-14T14:59:20.570Z
7,0x0004,18247,0x00000000,2025-12-14T14:59:20.570Z,2025-12-14T14:59:20.570Z
39,0x000a,-2.00015,0x00000000,2025-12-14T14:59:20.870Z,2025-12-14T14:59:20.870Z
38,0x000a,-1.49739,0x00000000,2025-12-14T14:59:20.870Z,2025-12-14T14:59:20.870Z
36,0x000a,-3.13554,0x00000000,2025-12-14T14:59:20.870Z,2025-12-14T14:59:20.870Z
35,0x000a,-2.23275,0x00000000,2025-12-14T14:59:20.870Z,2025-12-14T14:59:20.870Z
34,0x000a,2.03096,0x00000000,2025-12-14T14:59:20.870Z,2025-12-14T14:59:20.870Z
26,0x000a,6.11979,0x00000000,2025-12-14T14:59:20.870Z,2025-12-14T14:59:20.870Z
25,0x000a,6.15994,0x00000000,2025-12-14T14:59:20.870Z,2025-12-14T14:59:20.870Z
24,0x000a,5.16999,0x00000000,2025-12-14T14:59:20.870Z,2025-12-14T14:59:20.870Z
23,0x000a,-3.13554,0x00000000,2025-12-14T14:59:20.870Z,2025-12-14T14:59:20.870Z
22,0x000a,-2.23275,0x00000000,2025-12-14T14:59:20.870Z,2025-12-14T14:59:20.870Z
21,0x000a,2.03096,0x00000000,2025-12-14T14:59:20.870Z,2025-12-14T14:59:20.870Z
8,0x0004,16920,0x00000000,2025-12-14T14:59:20.870Z,2025-12-14T14:59:20.870Z
7,0x0004,17031,0x00000000,2025-12-14T14:59:20.870Z,2025-12-14T14:59:20.870Z
6,0x0004,14294,0x00000000,2025-12-14T14:59:20.870Z,2025-12-14T14:59:20.870Z
40,0x0001,true,0x00000000,2025-12-14T14:59:21.172Z,2025-12-14T14:59:21.172Z
39,0x000a,-2.49928,0x00000000,2025-12-14T14:59:21.172Z,2025-12-14T14:59:21.172Z
38,0x000a,-1.80121,0x00000000,2025-12-14T14:59:21.172Z,2025-12-14T14:59:21.172Z
36,0x000a,-2.33463,0x00000000,2025-12-14T14:59:21.172Z,2025-12-14T14:59:21.172Z
35,0x000a,-1.68304,0x00000000,2025-12-14T14:59:21.172Z,2025-12-14T14:59:21.172Z
34,0x000a,0.50774,0x00000000,2025-12-14T14:59:21.172Z,2025-12-14T14:59:21.172Z
26,0x000a,5.45971,0x00000000,2025-12-14T14:59:21.172Z,2025-12-14T14:59:21.172Z
25,0x000a,5.68974,0x00000000,2025-12-14T14:59:21.172Z,2025-12-14T14:59:21.172Z
23,0x000a,-2.33463,0x00000000,2025-12-14T14:59:21.172Z,2025-12-14T14:59:21.172Z
22,0x000a,-1.68304,0x00000000,2025-12-14T14:59:21.172Z,2025-12-14T14:59:21.172Z
21,0x000a,0.50774,0x00000000,2025-12-14T14:59:21.172Z,2025-12-14T14:59:21.172Z
8,0x0004,15095,0x00000000,2025-12-14T14:59:21.170Z,2025-12-14T14:59:21.170Z
7,0x0004,15731,0x00000000,2025-12-14T14:59:21.170Z,2025-12-14T14:59:21.170Z
39,0x000a,-2.00015,0x00000000,2025-12-14T14:59:21.471Z,2025-12-14T14:59:21.471Z
38,0x000a,-1.49739,0x00000000,2025-12-14T14:59:21.471Z,2025-12-14T14:59:21.471Z
36,0x000a,-2.15318,0x00000000,2025-12-14T14:59:21.471Z,2025-12-14T14:59:21.471Z
35,0x000a,-1.53597,0x00000000,2025-12-14T14:59:21.471Z,2025-12-14T14:59:21.471Z
34,0x000a,0.0634675,0x00000000,2025-12-14T14:59:21.471Z,2025-12-14T14:59:21.471Z
26,0x000a,4.9197,0x00000000,2025-12-14T14:59:21.471Z,2025-12-14T14:59:21.471Z
25,0x000a,5.2398,0x00000000,2025-12-14T14:59:21.471Z,2025-12-14T14:59:21.471Z
23,0x000a,-2.15318,0x00000000,2025-12-14T14:59:21.471Z,2025-12-14T14:59:21.471Z
22,0x000a,-1.53597,0x00000000,2025-12-14T14:59:21.471Z,2025-12-14T14:59:21.471Z
21,0x000a,0.0634675,0x00000000,2025-12-14T14:59:21.471Z,2025-12-14T14:59:21.471Z
18,0x0001,false,0x00000000,2025-12-14T14:59:21.471Z,2025-12-14T14:59:21.471Z
16,0x0001,false,0x00000000,2025-12-14T14:59:21.471Z,2025-12-14T14:59:21.471Z
8,0x0004,13602,0x00000000,2025-12-14T14:59:21.469Z,2025-12-14T14:59:21.469Z
7,0x0004,14487,0x00000000,2025-12-14T14:59:21.469Z,2025-12-14T14:59:21.469Z
42,0x0001,true,0x00000000,2025-12-14T14:59:21.771Z,2025-12-14T14:59:21.771Z
39,0x000a,0,0x00000000,2025-12-14T14:59:21.771Z,2025-12-14T14:59:21.771Z
38,0x000a,-0.499129,0x00000000,2025-12-14T14:59:21.771Z,2025-12-14T14:59:21.771Z
36,0x000a,-0.844685,0x00000000,2025-12-14T14:59:21.771Z,2025-12-14T14:59:21.771Z
35,0x000a,-1.65503,0x00000000,2025-12-14T14:59:21.771Z,2025-12-14T14:59:21.771Z
34,0x000a,0.00793343,0x00000000,2025-12-14T14:59:21.771Z,2025-12-14T14:59:21.771Z
25,0x000a,5.00977,0x00000000,2025-12-14T14:59:21.771Z,2025-12-14T14:59:21.771Z
23,0x000a,-0.844685,0x00000000,2025-12-14T14:59:21.771Z,2025-12-14T14:59:21.771Z
22,0x000a,-1.65503,0x00000000,2025-12-14T14:59:21.771Z,2025-12-14T14:59:21.771Z
21,0x000a,0.00793343,0x00000000,2025-12-14T14:59:21.771Z,2025-12-14T14:59:21.771Z
7,0x0004,13851,0x00000000,2025-12-14T14:59:21.769Z,2025-12-14T14:59:21.769Z
42,0x0001,false,0x00000000,2025-12-14T14:59:22.072Z,2025-12-14T14:59:22.072Z
40,0x0001,false,0x00000000,2025-12-14T14:59:22.072Z,2025-12-14T14:59:22.072Z
38,0x000a,0,0x00000000,2025-12-14T14:59:22.072Z,2025-12-14T14:59:22.072Z
36,0x000a,-0.211171,0x00000000,2025-12-14T14:59:22.072Z,2025-12-14T14:59:22.072Z
35,0x000a,-0.538541,0x00000000,2025-12-14T14:59:22.072Z,2025-12-14T14:59:22.072Z
34,0x000a,0.00198336,0x00000000,2025-12-14T14:59:22.072Z,2025-12-14T14:59:22.072Z
23,0x000a,-0.211171,0x00000000,2025-12-14T14:59:22.072Z,2025-12-14T14:59:22.072Z
22,0x000a,-0.538541,0x00000000,2025-12-14T14:59:22.072Z,2025-12-14T14:59:22.072Z
21,0x000a,0.00198336,0x00000000,2025-12-14T14:59:22.072Z,2025-12-14T14:59:22.072Z
18,0x0001,true,0x00000000,2025-12-14T14:59:22.072Z,2025-12-14T14:59:22.072Z
16,0x0001,true,0x00000000,2025-12-14T14:59:22.072Z,2025-12-14T14:59:22.072Z
14,0x0001,true,0x00000000,2025-12-14T14:59:22.072Z,2025-12-14T14:59:22.072Z
4,0x000a,0,0x00000000,2025-12-14T14:59:22.072Z,2025-12-14T14:59:22.072Z
3,0x000a,0,0x00000000,2025-12-14T14:59:22.072Z,2025-12-14T14:59:22.072Z
2,0x000a,0,0x00000000,2025-12-14T14:59:22.072Z,2025-12-14T14:59:22.072Z
39,0x000a,-2.00015,0x00000000,2025-12-14T14:59:22.371Z,2025-12-14T14:59:22.371Z
38,0x000a,-1.4974,0x00000000,2025-12-14T14:59:22.371Z,2025-12-14T14:59:22.371Z
37,0x000a,-2.69821,0x00000000,2025-12-14T14:59:22.371Z,2025-12-14T14:59:22.371Z
36,0x000a,-0.375427,0x00000000,2025-12-14T14:59:22.371Z,2025-12-14T14:59:22.371Z
35,0x000a,-0.517621,0x00000000,2025-12-14T14:59:22.371Z,2025-12-14T14:59:22.371Z
34,0x000a,-0.800896,0x00000000,2025-12-14T14:59:22.371Z,2025-12-14T14:59:22.371Z
26,0x000a,4.64988,0x00000000,2025-12-14T14:59:22.371Z,2025-12-14T14:59:22.371Z
25,0x000a,4.76997,0x00000000,2025-12-14T14:59:22.371Z,2025-12-14T14:59:22.371Z
24,0x000a,4.73994,0x00000000,2025-12-14T14:59:22.371Z,2025-12-14T14:59:22.371Z
23,0x000a,-0.375427,0x00000000,2025-12-14T14:59:22.371Z,2025-12-14T14:59:22.371Z
22,0x000a,-0.517621,0x00000000,2025-12-14T14:59:22.371Z,2025-12-14T14:59:22.371Z
21,0x000a,-0.800896,0x00000000,2025-12-14T14:59:22.371Z,2025-12-14T14:59:22.371Z
8,0x0004,12856,0x00000000,2025-12-14T14:59:22.371Z,2025-12-14T14:59:22.371Z
7,0x0004,13188,0x00000000,2025-12-14T14:59:22.371Z,2025-12-14T14:59:22.371Z
6,0x0004,13105,0x00000000,2025-12-14T14:59:22.371Z,2025-12-14T14:59:22.371Z
38,0x000a,-1.50101,0x00000000,2025-12-14T14:59:22.673Z,2025-12-14T14:59:22.673Z
37,0x000a,-2.70182,0x00000000,2025-12-14T14:59:22.673Z,2025-12-14T14:59:22.673Z
36,0x000a,-1.82237,0x00000000,2025-12-14T14:59:22.673Z,2025-12-14T14:59:22.673Z
35,0x000a,-1.37764,0x00000000,2025-12-14T14:59:22.673Z,2025-12-14T14:59:22.673Z
34,0x000a,-2.43844,0x00000000,2025-12-14T14:59:22.673Z,2025-12-14T14:59:22.673Z
26,0x000a,4.02995,0x00000000,2025-12-14T14:59:22.673Z,2025-12-14T14:59:22.673Z
25,0x000a,4.32979,0x00000000,2025-12-14T14:59:22.673Z,2025-12-14T14:59:22.673Z
24,0x000a,3.93989,0x00000000,2025-12-14T14:59:22.673Z,2025-12-14T14:59:22.673Z
23,0x000a,-1.82237,0x00000000,2025-12-14T14:59:22.673Z,2025-12-14T14:59:22.673Z
22,0x000a,-1.37764,0x00000000,2025-12-14T14:59:22.673Z,2025-12-14T14:59:22.673Z
21,0x000a,-2.43844,0x00000000,2025-12-14T14:59:22.673Z,2025-12-14T14:59:22.673Z
8,0x0004,11142,0x00000000,2025-12-14T14:59:22.669Z,2025-12-14T14:59:22.669Z
7,0x0004,11971,0x00000000,2025-12-14T14:59:22.669Z,2025-12-14T14:59:22.669Z
6,0x0004,10893,0x00000000,2025-12-14T14:59:22.669Z,2025-12-14T14:59:22.669Z
38,0x000a,-1.4974,0x00000000,2025-12-14T14:59:22.972Z,2025-12-14T14:59:22.972Z
37,0x000a,-2.60055,0x00000000,2025-12-14T14:59:22.972Z,2025-12-14T14:59:22.972Z
36,0x000a,-2.23149,0x00000000,2025-12-14T14:59:22.972Z,2025-12-14T14:59:22.972Z
35,0x000a,-1.59495,0x00000000,2025-12-14T14:59:22.972Z,2025-12-14T14:59:22.972Z
34,0x000a,-2.88464,0x00000000,2025-12-14T14:59:22.972Z,2025-12-14T14:59:22.972Z
26,0x000a,3.36986,0x00000000,2025-12-14T14:59:22.972Z,2025-12-14T14:59:22.972Z
25,0x000a,3.84983,0x00000000,2025-12-14T14:59:22.972Z,2025-12-14T14:59:22.972Z
24,0x000a,3.08992,0x00000000,2025-12-14T14:59:22.972Z,2025-12-14T14:59:22.972Z
23,0x000a,-2.23149,0x00000000,2025-12-14T14:59:22.972Z,2025-12-14T14:59:22.972Z
22,0x000a,-1.59495,0x00000000,2025-12-14T14:59:22.972Z,2025-12-14T14:59:22.972Z
21,0x000a,-2.88464,0x00000000,2025-12-14T14:59:22.972Z,2025-12-14T14:59:22.972Z
8,0x0004,9317,0x00000000,2025-12-14T14:59:22.970Z,2025-12-14T14:59:22.970Z
7,0x0004,10644,0x00000000,2025-12-14T14:59:22.970Z,2025-12-14T14:59:22.970Z
6,0x0004,8543,0x00000000,2025-12-14T14:59:22.970Z,2025-12-14T14:59:22.970Z
38,0x000a,-1.50101,0x00000000,2025-12-14T14:59:23.273Z,2025-12-14T14:59:23.273Z
37,0x000a,-2.59693,0x00000000,2025-12-14T14:59:23.273Z,2025-12-14T14:59:23.273Z
36,0x000a,-2.60415,0x00000000,2025-12-14T14:59:23.273Z,2025-12-14T14:59:23.273Z
35,0x000a,-1.83692,0x00000000,2025-12-14T14:59:23.273Z,2025-12-14T14:59:23.273Z
34,0x000a,-3.36125,0x00000000,2025-12-14T14:59:23.273Z,2025-12-14T14:59:23.273Z
26,0x000a,2.75969,0x00000000,2025-12-14T14:59:23.273Z,2025-12-14T14:59:23.273Z
25,0x000a,3.40965,0x00000000,2025-12-14T14:59:23.273Z,2025-12-14T14:59:23.273Z
24,0x000a,2.29999,0x00000000,2025-12-14T14:59:23.273Z,2025-12-14T14:59:23.273Z
23,0x000a,-2.60415,0x00000000,2025-12-14T14:59:23.273Z,2025-12-14T14:59:23.273Z
22,0x000a,-1.83692,0x00000000,2025-12-14T14:59:23.273Z,2025-12-14T14:59:23.273Z
21,0x000a,-3.36125,0x00000000,2025-12-14T14:59:23.273Z,2025-12-14T14:59:23.273Z
8,0x0004,7630,0x00000000,2025-12-14T14:59:23.269Z,2025-12-14T14:59:23.269Z
7,0x0004,9427,0x00000000,2025-12-14T14:59:23.269Z,2025-12-14T14:59:23.269Z
6,0x0004,6359,0x00000000,2025-12-14T14:59:23.269Z,2025-12-14T14:59:23.269Z
38,0x000a,-1.50101,0x00000000,2025-12-14T14:59:23.571Z,2025-12-14T14:59:23.571Z
37,0x000a,-2.69821,0x00000000,2025-12-14T14:59:23.571Z,2025-12-14T14:59:23.571Z
36,0x000a,-2.10006,0x00000000,2025-12-14T14:59:23.571Z,2025-12-14T14:59:23.571Z
35,0x000a,-1.5421,0x00000000,2025-12-14T14:59:23.571Z,2025-12-14T14:59:23.571Z
34,0x000a,-2.76933,0x00000000,2025-12-14T14:59:23.571Z,2025-12-14T14:59:23.571Z
26,0x000a,2.09997,0x00000000,2025-12-14T14:59:23.571Z,2025-12-14T14:59:23.571Z
25,0x000a,2.93981,0x00000000,2025-12-14T14:59:23.571Z,2025-12-14T14:59:23.571Z
24,0x000a,1.43989,0x00000000,2025-12-14T14:59:23.571Z,2025-12-14T14:59:23.571Z
23,0x000a,-2.10006,0x00000000,2025-12-14T14:59:23.571Z,2025-12-14T14:59:23.571Z
22,0x000a,-1.5421,0x00000000,2025-12-14T14:59:23.571Z,2025-12-14T14:59:23.571Z
21,0x000a,-2.76933,0x00000000,2025-12-14T14:59:23.571Z,2025-12-14T14:59:23.571Z
8,0x0004,5806,0x00000000,2025-12-14T14:59:23.568Z,2025-12-14T14:59:23.568Z
7,0x0004,8128,0x00000000,2025-12-14T14:59:23.568Z,2025-12-14T14:59:23.568Z
6,0x0004,3981,0x00000000,2025-12-14T14:59:23.568Z,2025-12-14T14:59:23.568Z
39,0x000a,-2.00014,0x00000000,2025-12-14T14:59:23.870Z,2025-12-14T14:59:23.870Z
38,0x000a,-1.4974,0x00000000,2025-12-14T14:59:23.870Z,2025-12-14T14:59:23.870Z
37,0x000a,-2.70182,0x00000000,2025-12-14T14:59:23.870Z,2025-12-14T14:59:23.870Z
36,0x000a,-2.20054,0x00000000,2025-12-14T14:59:23.870Z,2025-12-14T14:59:23.870Z
35,0x000a,-1.56102,0x00000000,2025-12-14T14:59:23.870Z,2025-12-14T14:59:23.870Z
34,0x000a,-2.79285,0x00000000,2025-12-14T14:59:23.870Z,2025-12-14T14:59:23.870Z
26,0x000a,1.47967,0x00000000,2025-12-14T14:59:23.870Z,2025-12-14T14:59:23.870Z
25,0x000a,2.48987,0x00000000,2025-12-14T14:59:23.870Z,2025-12-14T14:59:23.870Z
24,0x000a,0.649957,0x00000000,2025-12-14T14:59:23.870Z,2025-12-14T14:59:23.870Z
23,0x000a,-2.20054,0x00000000,2025-12-14T14:59:23.870Z,2025-12-14T14:59:23.870Z
22,0x000a,-1.56102,0x00000000,2025-12-14T14:59:23.870Z,2025-12-14T14:59:23.870Z
21,0x000a,-2.79285,0x00000000,2025-12-14T14:59:23.870Z,2025-12-14T14:59:23.870Z
8,0x0004,4091,0x00000000,2025-12-14T14:59:23.868Z,2025-12-14T14:59:23.868Z
7,0x0004,6884,0x00000000,2025-12-14T14:59:23.868Z,2025-12-14T14:59:23.868Z
6,0x0004,1797,0x00000000,2025-12-14T14:59:23.868Z,2025-12-14T14:59:23.868Z
39,0x000a,-4.49942,0x00000000,2025-12-14T14:59:24.170Z,2025-12-14T14:59:24.170Z
38,0x000a,-3.20095,0x00000000,2025-12-14T14:59:24.170Z,2025-12-14T14:59:24.170Z
37,0x000a,-3.79774,0x00000000,2025-12-14T14:59:24.170Z,2025-12-14T14:59:24.170Z
36,0x000a,-2.05051,0x00000000,2025-12-14T14:59:24.170Z,2025-12-14T14:59:24.170Z
35,0x000a,-1.50806,0x00000000,2025-12-14T14:59:24.170Z,2025-12-14T14:59:24.170Z
34,0x000a,-2.68698,0x00000000,2025-12-14T14:59:24.170Z,2025-12-14T14:59:24.170Z
28,0x0004,0,0x00000000,2025-12-14T14:59:24.170Z,2025-12-14T14:59:24.170Z
26,0x000a,0.829716,0x00000000,2025-12-14T14:59:24.170Z,2025-12-14T14:59:24.170Z
25,0x000a,2.01968,0x00000000,2025-12-14T14:59:24.170Z,2025-12-14T14:59:24.170Z
24,0x000a,0,0x00000000,2025-12-14T14:59:24.170Z,2025-12-14T14:59:24.170Z
23,0x000a,-2.05051,0x00000000,2025-12-14T14:59:24.170Z,2025-12-14T14:59:24.170Z
22,0x000a,-1.50806,0x00000000,2025-12-14T14:59:24.170Z,2025-12-14T14:59:24.170Z
21,0x000a,-2.68698,0x00000000,2025-12-14T14:59:24.170Z,2025-12-14T14:59:24.170Z
14,0x0001,false,0x00000000,2025-12-14T14:59:24.170Z,2025-12-14T14:59:24.170Z
8,0x0004,2294,0x00000000,2025-12-14T14:59:24.168Z,2025-12-14T14:59:24.168Z
7,0x0004,5584,0x00000000,2025-12-14T14:59:24.168Z,2025-12-14T14:59:24.168Z
6,0x0004,0,0x00000000,2025-12-14T14:59:24.168Z,2025-12-14T14:59:24.168Z
39,0x000a,-2.00014,0x00000000,2025-12-14T14:59:24.471Z,2025-12-14T14:59:24.471Z
38,0x000a,-1.50101,0x00000000,2025-12-14T14:59:24.471Z,2025-12-14T14:59:24.471Z
37,0x000a,0,0x00000000,2025-12-14T14:59:24.471Z,2025-12-14T14:59:24.471Z
36,0x000a,-2.68638,0x00000000,2025-12-14T14:59:24.471Z,2025-12-14T14:59:24.471Z
35,0x000a,-1.92595,0x00000000,2025-12-14T14:59:24.471Z,2025-12-14T14:59:24.471Z
34,0x000a,-1.62118,0x00000000,2025-12-14T14:59:24.471Z,2025-12-14T14:59:24.471Z
26,0x000a,0.20978,0x00000000,2025-12-14T14:59:24.471Z,2025-12-14T14:59:24.471Z
25,0x000a,1.57986,0x00000000,2025-12-14T14:59:24.471Z,2025-12-14T14:59:24.471Z
23,0x000a,-2.68638,0x00000000,2025-12-14T14:59:24.471Z,2025-12-14T14:59:24.471Z
22,0x000a,-1.92595,0x00000000,2025-12-14T14:59:24.471Z,2025-12-14T14:59:24.471Z
21,0x000a,-1.62118,0x00000000,2025-12-14T14:59:24.471Z,2025-12-14T14:59:24.471Z
18,0x0001,false,0x00000000,2025-12-14T14:59:24.471Z,2025-12-14T14:59:24.471Z
8,0x0004,580,0x00000000,2025-12-14T14:59:24.468Z,2025-12-14T14:59:24.468Z
7,0x0004,4368,0x00000000,2025-12-14T14:59:24.468Z,2025-12-14T14:59:24.468Z
40,0x0001,true,0x00000000,2025-12-14T14:59:24.770Z,2025-12-14T14:59:24.770Z
39,0x000a,0,0x00000000,2025-12-14T14:59:24.770Z,2025-12-14T14:59:24.770Z
38,0x000a,-1.7976,0x00000000,2025-12-14T14:59:24.770Z,2025-12-14T14:59:24.770Z
36,0x000a,-2.16007,0x00000000,2025-12-14T14:59:24.770Z,2025-12-14T14:59:24.770Z
35,0x000a,-1.52881,0x00000000,2025-12-14T14:59:24.770Z,2025-12-14T14:59:24.770Z
34,0x000a,-0.202648,0x00000000,2025-12-14T14:59:24.770Z,2025-12-14T14:59:24.770Z
30,0x0004,0,0x00000000,2025-12-14T14:59:24.770Z,2025-12-14T14:59:24.770Z
26,0x000a,0,0x00000000,2025-12-14T14:59:24.770Z,2025-12-14T14:59:24.770Z
25,0x000a,1.0999,0x00000000,2025-12-14T14:59:24.770Z,2025-12-14T14:59:24.770Z
23,0x000a,-2.16007,0x00000000,2025-12-14T14:59:24.770Z,2025-12-14T14:59:24.770Z
22,0x000a,-1.52881,0x00000000,2025-12-14T14:59:24.770Z,2025-12-14T14:59:24.770Z
21,0x000a,-0.202648,0x00000000,2025-12-14T14:59:24.770Z,2025-12-14T14:59:24.770Z
8,0x0004,0,0x00000000,2025-12-14T14:59:24.768Z,2025-12-14T14:59:24.768Z
7,0x0004,3041,0x00000000,2025-12-14T14:59:24.768Z,2025-12-14T14:59:24.768Z
42,0x0001,true,0x00000000,2025-12-14T14:59:25.071Z,2025-12-14T14:59:25.071Z
38,0x000a,-1.39974,0x00000000,2025-12-14T14:59:25.071Z,2025-12-14T14:59:25.071Z
36,0x000a,-0.270009,0x00000000,2025-12-14T14:59:25.071Z,2025-12-14T14:59:25.071Z
35,0x000a,-1.54156,0x00000000,2025-12-14T14:59:25.071Z,2025-12-14T14:59:25.071Z
34,0x000a,-0.0253309,0x00000000,2025-12-14T14:59:25.071Z,2025-12-14T14:59:25.071Z
25,0x000a,0.809823,0x00000000,2025-12-14T14:59:25.071Z,2025-12-14T14:59:25.071Z
23,0x000a,-0.270009,0x00000000,2025-12-14T14:59:25.071Z,2025-12-14T14:59:25.071Z
22,0x000a,-1.54156,0x00000000,2025-12-14T14:59:25.071Z,2025-12-14T14:59:25.071Z
21,0x000a,-0.0253309,0x00000000,2025-12-14T14:59:25.071Z,2025-12-14T14:59:25.071Z
7,0x0004,2239,0x00000000,2025-12-14T14:59:25.071Z,2025-12-14T14:59:25.071Z
38,0x000a,-2.99841,0x00000000,2025-12-14T14:59:25.370Z,2025-12-14T14:59:25.370Z
36,0x000a,-0.0675022,0x00000000,2025-12-14T14:59:25.370Z,2025-12-14T14:59:25.370Z
35,0x000a,-1.48583,0x00000000,2025-12-14T14:59:25.370Z,2025-12-14T14:59:25.370Z
34,0x000a,-0.00633274,0x00000000,2025-12-14T14:59:25.370Z,2025-12-14T14:59:25.370Z
25,0x000a,0.359881,0x00000000,2025-12-14T14:59:25.370Z,2025-12-14T14:59:25.370Z
23,0x000a,-0.0675022,0x00000000,2025-12-14T14:59:25.370Z,2025-12-14T14:59:25.370Z
22,0x000a,-1.48583,0x00000000,2025-12-14T14:59:25.370Z,2025-12-14T14:59:25.370Z
21,0x000a,-0.00633274,0x00000000,2025-12-14T14:59:25.370Z,2025-12-14T14:59:25.370Z
7,0x0004,995,0x00000000,2025-12-14T14:59:25.368Z,2025-12-14T14:59:25.368Z
38,0x000a,-0.397859,0x00000000,2025-12-14T14:59:25.670Z,2025-12-14T14:59:25.670Z
36,0x000a,-0.00843778,0x00000000,2025-12-14T14:59:25.670Z,2025-12-14T14:59:25.670Z
35,0x000a,-1.73602,0x00000000,2025-12-14T14:59:25.670Z,2025-12-14T14:59:25.670Z
34,0x000a,-0.000791592,0x00000000,2025-12-14T14:59:25.670Z,2025-12-14T14:59:25.670Z
29,0x0004,0,0x00000000,2025-12-14T14:59:25.670Z,2025-12-14T14:59:25.670Z
25,0x000a,0,0x00000000,2025-12-14T14:59:25.670Z,2025-12-14T14:59:25.670Z
23,0x000a,-0.00843778,0x00000000,2025-12-14T14:59:25.670Z,2025-12-14T14:59:25.670Z
22,0x000a,-1.73602,0x00000000,2025-12-14T14:59:25.670Z,2025-12-14T14:59:25.670Z
21,0x000a,-0.000791592,0x00000000,2025-12-14T14:59:25.670Z,2025-12-14T14:59:25.670Z
16,0x0001,false,0x00000000,2025-12-14T14:59:25.670Z,2025-12-14T14:59:25.670Z
7,0x0004,0,0x00000000,2025-12-14T14:59:25.670Z,2025-12-14T14:59:25.670Z
42,0x0001,false,0x00000000,2025-12-14T14:59:25.971Z,2025-12-14T14:59:25.971Z
40,0x0001,false,0x00000000,2025-12-14T14:59:25.971Z,2025-12-14T14:59:25.971Z
38,0x000a,0,0x00000000,2025-12-14T14:59:25.971Z,2025-12-14T14:59:25.971Z
36,0x000a,-0.00105472,0x00000000,2025-12-14T14:59:25.971Z,2025-12-14T14:59:25.971Z
35,0x000a,-0.266735,0x00000000,2025-12-14T14:59:25.971Z,2025-12-14T14:59:25.971Z
34,0x000a,-9.8949e-05,0x00000000,2025-12-14T14:59:25.971Z,2025-12-14T14:59:25.971Z
23,0x000a,-0.00105472,0x00000000,2025-12-14T14:59:25.971Z,2025-12-14T14:59:25.971Z
22,0x000a,-0.266735,0x00000000,2025-12-14T14:59:25.971Z,2025-12-14T14:59:25.971Z
21,0x000a,-9.8949e-05,0x00000000,2025-12-14T14:59:25.971Z,2025-12-14T14:59:25.971Z
17,0x0001,true,0x00000000,2025-12-14T14:59:25.971Z,2025-12-14T14:59:25.971Z
15,0x0001,true,0x00000000,2025-12-14T14:59:25.971Z,2025-12-14T14:59:25.971Z
13,0x0001,true,0x00000000,2025-12-14T14:59:25.971Z,2025-12-14T14:59:25.971Z
4,0x000a,10,0x00000000,2025-12-14T14:59:25.971Z,2025-12-14T14:59:25.971Z
3,0x000a,9,0x00000000,2025-12-14T14:59:25.971Z,2025-12-14T14:59:25.971Z
2,0x000a,8,0x00000000,2025-12-14T14:59:25.971Z,2025-12-14T14:59:25.971Z
39,0x000a,0.799335,0x00000000,2025-12-14T14:59:26.271Z,2025-12-14T14:59:26.271Z
38,0x000a,0.799335,0x00000000,2025-12-14T14:59:26.271Z,2025-12-14T14:59:26.271Z
37,0x000a,1.59867,0x00000000,2025-12-14T14:59:26.271Z,2025-12-14T14:59:26.271Z
36,0x000a,-0.000263681,0x00000000,2025-12-14T14:59:26.271Z,2025-12-14T14:59:26.271Z
35,0x000a,-0.0666838,0x00000000,2025-12-14T14:59:26.271Z,2025-12-14T14:59:26.271Z
34,0x000a,-2.47372e-05,0x00000000,2025-12-14T14:59:26.271Z,2025-12-14T14:59:26.271Z
30,0x0004,1000,0x00000000,2025-12-14T14:59:26.271Z,2025-12-14T14:59:26.271Z
29,0x0004,1000,0x00000000,2025-12-14T14:59:26.271Z,2025-12-14T14:59:26.271Z
28,0x0004,1000,0x00000000,2025-12-14T14:59:26.271Z,2025-12-14T14:59:26.271Z
26,0x000a,0.289714,0x00000000,2025-12-14T14:59:26.271Z,2025-12-14T14:59:26.271Z
25,0x000a,0.229673,0x00000000,2025-12-14T14:59:26.271Z,2025-12-14T14:59:26.271Z
24,0x000a,0.429688,0x00000000,2025-12-14T14:59:26.271Z,2025-12-14T14:59:26.271Z
23,0x000a,-0.000263681,0x00000000,2025-12-14T14:59:26.271Z,2025-12-14T14:59:26.271Z
22,0x000a,-0.0666838,0x00000000,2025-12-14T14:59:26.271Z,2025-12-14T14:59:26.271Z
21,0x000a,-2.47372e-05,0x00000000,2025-12-14T14:59:26.271Z,2025-12-14T14:59:26.271Z
8,0x0004,801,0x00000000,2025-12-14T14:59:26.271Z,2025-12-14T14:59:26.271Z
7,0x0004,635,0x00000000,2025-12-14T14:59:26.271Z,2025-12-14T14:59:26.271Z
6,0x0004,1188,0x00000000,2025-12-14T14:59:26.271Z,2025-12-14T14:59:26.271Z
39,0x000a,2.0978,0x00000000,2025-12-14T14:59:26.570Z,2025-12-14T14:59:26.570Z
38,0x000a,1.50101,0x00000000,2025-12-14T14:59:26.570Z,2025-12-14T14:59:26.570Z
37,0x000a,2.60055,0x00000000,2025-12-14T14:59:26.570Z,2025-12-14T14:59:26.570Z
36,0x000a,2.67512,0x00000000,2025-12-14T14:59:26.570Z,2025-12-14T14:59:26.570Z
35,0x000a,1.91631,0x00000000,2025-12-14T14:59:26.570Z,2025-12-14T14:59:26.570Z
34,0x000a,3.5744,0x00000000,2025-12-14T14:59:26.570Z,2025-12-14T14:59:26.570Z
26,0x000a,0.90965,0x00000000,2025-12-14T14:59:26.570Z,2025-12-14T14:59:26.570Z
25,0x000a,0.66985,0x00000000,2025-12-14T14:59:26.570Z,2025-12-14T14:59:26.570Z
24,0x000a,1.22975,0x00000000,2025-12-14T14:59:26.570Z,2025-12-14T14:59:26.570Z
23,0x000a,2.67512,0x00000000,2025-12-14T14:59:26.570Z,2025-12-14T14:59:26.570Z
22,0x000a,1.91631,0x00000000,2025-12-14T14:59:26.570Z,2025-12-14T14:59:26.570Z
21,0x000a,3.5744,0x00000000,2025-12-14T14:59:26.570Z,2025-12-14T14:59:26.570Z
8,0x0004,2515,0x00000000,2025-12-14T14:59:26.568Z,2025-12-14T14:59:26.568Z
7,0x0004,1852,0x00000000,2025-12-14T14:59:26.568Z,2025-12-14T14:59:26.568Z
6,0x0004,3400,0x00000000,2025-12-14T14:59:26.568Z,2025-12-14T14:59:26.568Z
39,0x000a,2.50289,0x00000000,2025-12-14T14:59:26.870Z,2025-12-14T14:59:26.870Z
38,0x000a,1.7976,0x00000000,2025-12-14T14:59:26.870Z,2025-12-14T14:59:26.870Z
37,0x000a,3.19734,0x00000000,2025-12-14T14:59:26.870Z,2025-12-14T14:59:26.870Z
36,0x000a,2.3481,0x00000000,2025-12-14T14:59:26.870Z,2025-12-14T14:59:26.870Z
35,0x000a,1.70122,0x00000000,2025-12-14T14:59:26.870Z,2025-12-14T14:59:26.870Z
34,0x000a,3.04599,0x00000000,2025-12-14T14:59:26.870Z,2025-12-14T14:59:26.870Z
26,0x000a,1.55997,0x00000000,2025-12-14T14:59:26.870Z,2025-12-14T14:59:26.870Z
25,0x000a,1.13968,0x00000000,2025-12-14T14:59:26.870Z,2025-12-14T14:59:26.870Z
24,0x000a,2.07972,0x00000000,2025-12-14T14:59:26.870Z,2025-12-14T14:59:26.870Z
23,0x000a,2.3481,0x00000000,2025-12-14T14:59:26.870Z,2025-12-14T14:59:26.870Z
22,0x000a,1.70122,0x00000000,2025-12-14T14:59:26.870Z,2025-12-14T14:59:26.870Z
21,0x000a,3.04599,0x00000000,2025-12-14T14:59:26.870Z,2025-12-14T14:59:26.870Z
8,0x0004,4313,0x00000000,2025-12-14T14:59:26.868Z,2025-12-14T14:59:26.868Z
7,0x0004,3151,0x00000000,2025-12-14T14:59:26.868Z,2025-12-14T14:59:26.868Z
6,0x0004,5750,0x00000000,2025-12-14T14:59:26.868Z,2025-12-14T14:59:26.868Z
39,0x000a,2.00014,0x00000000,2025-12-14T14:59:27.170Z,2025-12-14T14:59:27.170Z
38,0x000a,1.50101,0x00000000,2025-12-14T14:59:27.170Z,2025-12-14T14:59:27.170Z
37,0x000a,2.60055,0x00000000,2025-12-14T14:59:27.170Z,2025-12-14T14:59:27.170Z
36,0x000a,2.13596,0x00000000,2025-12-14T14:59:27.170Z,2025-12-14T14:59:27.170Z
35,0x000a,1.52575,0x00000000,2025-12-14T14:59:27.170Z,2025-12-14T14:59:27.170Z
34,0x000a,2.76255,0x00000000,2025-12-14T14:59:27.170Z,2025-12-14T14:59:27.170Z
26,0x000a,2.1799,0x00000000,2025-12-14T14:59:27.170Z,2025-12-14T14:59:27.170Z
25,0x000a,1.58999,0x00000000,2025-12-14T14:59:27.170Z,2025-12-14T14:59:27.170Z
24,0x000a,2.87977,0x00000000,2025-12-14T14:59:27.170Z,2025-12-14T14:59:27.170Z
23,0x000a,2.13596,0x00000000,2025-12-14T14:59:27.170Z,2025-12-14T14:59:27.170Z
22,0x000a,1.52575,0x00000000,2025-12-14T14:59:27.170Z,2025-12-14T14:59:27.170Z
21,0x000a,2.76255,0x00000000,2025-12-14T14:59:27.170Z,2025-12-14T14:59:27.170Z
8,0x0004,6027,0x00000000,2025-12-14T14:59:27.170Z,2025-12-14T14:59:27.170Z
7,0x0004,4396,0x00000000,2025-12-14T14:59:27.170Z,2025-12-14T14:59:27.170Z
6,0x0004,7962,0x00000000,2025-12-14T14:59:27.170Z,2025-12-14T14:59:27.170Z
39,0x000a,2.00014,0x00000000,2025-12-14T14:59:27.470Z,2025-12-14T14:59:27.470Z
38,0x000a,1.39974,0x00000000,2025-12-14T14:59:27.470Z,2025-12-14T14:59:27.470Z
37,0x000a,2.59693,0x00000000,2025-12-14T14:59:27.470Z,2025-12-14T14:59:27.470Z
36,0x000a,2.09127,0x00000000,2025-12-14T14:59:27.470Z,2025-12-14T14:59:27.470Z
35,0x000a,1.5023,0x00000000,2025-12-14T14:59:27.470Z,2025-12-14T14:59:27.470Z
34,0x000a,2.69585,0x00000000,2025-12-14T14:59:27.470Z,2025-12-14T14:59:27.470Z
26,0x000a,2.83999,0x00000000,2025-12-14T14:59:27.470Z,2025-12-14T14:59:27.470Z
25,0x000a,2.05982,0x00000000,2025-12-14T14:59:27.470Z,2025-12-14T14:59:27.470Z
24,0x000a,3.72975,0x00000000,2025-12-14T14:59:27.470Z,2025-12-14T14:59:27.470Z
23,0x000a,2.09127,0x00000000,2025-12-14T14:59:27.470Z,2025-12-14T14:59:27.470Z
22,0x000a,1.5023,0x00000000,2025-12-14T14:59:27.470Z,2025-12-14T14:59:27.470Z
21,0x000a,2.69585,0x00000000,2025-12-14T14:59:27.470Z,2025-12-14T14:59:27.470Z
8,0x0004,7852,0x00000000,2025-12-14T14:59:27.470Z,2025-12-14T14:59:27.470Z
7,0x0004,5695,0x00000000,2025-12-14T14:59:27.470Z,2025-12-14T14:59:27.470Z
6,0x0004,10312,0x00000000,2025-12-14T14:59:27.470Z,2025-12-14T14:59:27.470Z
39,0x000a,2.10142,0x00000000,2025-12-14T14:59:27.774Z,2025-12-14T14:59:27.774Z
38,0x000a,1.4974,0x00000000,2025-12-14T14:59:27.774Z,2025-12-14T14:59:27.774Z
37,0x000a,2.60055,0x00000000,2025-12-14T14:59:27.774Z,2025-12-14T14:59:27.774Z
36,0x000a,2.68699,0x00000000,2025-12-14T14:59:27.774Z,2025-12-14T14:59:27.774Z
35,0x000a,1.93701,0x00000000,2025-12-14T14:59:27.774Z,2025-12-14T14:59:27.774Z
34,0x000a,3.43757,0x00000000,2025-12-14T14:59:27.774Z,2025-12-14T14:59:27.774Z
26,0x000a,3.4498,0x00000000,2025-12-14T14:59:27.774Z,2025-12-14T14:59:27.774Z
25,0x000a,2.5,0x00000000,2025-12-14T14:59:27.774Z,2025-12-14T14:59:27.774Z
24,0x000a,4.5298,0x00000000,2025-12-14T14:59:27.774Z,2025-12-14T14:59:27.774Z
23,0x000a,2.68699,0x00000000,2025-12-14T14:59:27.774Z,2025-12-14T14:59:27.774Z
22,0x000a,1.93701,0x00000000,2025-12-14T14:59:27.774Z,2025-12-14T14:59:27.774Z
21,0x000a,3.43757,0x00000000,2025-12-14T14:59:27.774Z,2025-12-14T14:59:27.774Z
8,0x0004,9538,0x00000000,2025-12-14T14:59:27.769Z,2025-12-14T14:59:27.769Z
7,0x0004,6912,0x00000000,2025-12-14T14:59:27.769Z,2025-12-14T14:59:27.769Z
6,0x0004,12524,0x00000000,2025-12-14T14:59:27.769Z,2025-12-14T14:59:27.769Z
39,0x000a,2.00014,0x00000000,2025-12-14T14:59:28.070Z,2025-12-14T14:59:28.070Z
38,0x000a,1.50101,0x00000000,2025-12-14T14:59:28.070Z,2025-12-14T14:59:28.070Z
37,0x000a,2.6982,0x00000000,2025-12-14T14:59:28.070Z,2025-12-14T14:59:28.070Z
36,0x000a,2.22249,0x00000000,2025-12-14T14:59:28.070Z,2025-12-14T14:59:28.070Z
35,0x000a,1.58379,0x00000000,2025-12-14T14:59:28.070Z,2025-12-14T14:59:28.070Z
34,0x000a,2.83422,0x00000000,2025-12-14T14:59:28.070Z,2025-12-14T14:59:28.070Z
26,0x000a,3.85995,0x00000000,2025-12-14T14:59:28.070Z,2025-12-14T14:59:28.070Z
25,0x000a,2.79984,0x00000000,2025-12-14T14:59:28.070Z,2025-12-14T14:59:28.070Z
24,0x000a,5.05968,0x00000000,2025-12-14T14:59:28.070Z,2025-12-14T14:59:28.070Z
23,0x000a,2.22249,0x00000000,2025-12-14T14:59:28.070Z,2025-12-14T14:59:28.070Z
22,0x000a,1.58379,0x00000000,2025-12-14T14:59:28.070Z,2025-12-14T14:59:28.070Z
21,0x000a,2.83422,0x00000000,2025-12-14T14:59:28.070Z,2025-12-14T14:59:28.070Z
8,0x0004,10672,0x00000000,2025-12-14T14:59:28.068Z,2025-12-14T14:59:28.068Z
7,0x0004,7741,0x00000000,2025-12-14T14:59:28.068Z,2025-12-14T14:59:28.068Z
6,0x0004,13989,0x00000000,2025-12-14T14:59:28.068Z,2025-12-14T14:59:28.068Z
39,0x000a,2.00014,0x00000000,2025-12-14T14:59:28.371Z,2025-12-14T14:59:28.371Z
38,0x000a,1.39974,0x00000000,2025-12-14T14:59:28.371Z,2025-12-14T14:59:28.371Z
37,0x000a,2.59693,0x00000000,2025-12-14T14:59:28.371Z,2025-12-14T14:59:28.371Z
36,0x000a,2.30192,0x00000000,2025-12-14T14:59:28.371Z,2025-12-14T14:59:28.371Z
35,0x000a,1.65965,0x00000000,2025-12-14T14:59:28.371Z,2025-12-14T14:59:28.371Z
34,0x000a,2.96749,0x00000000,2025-12-14T14:59:28.371Z,2025-12-14T14:59:28.371Z
26,0x000a,4.51968,0x00000000,2025-12-14T14:59:28.371Z,2025-12-14T14:59:28.371Z
25,0x000a,3.26968,0x00000000,2025-12-14T14:59:28.371Z,2025-12-14T14:59:28.371Z
24,0x000a,5.90965,0x00000000,2025-12-14T14:59:28.371Z,2025-12-14T14:59:28.371Z
23,0x000a,2.30192,0x00000000,2025-12-14T14:59:28.371Z,2025-12-14T14:59:28.371Z
22,0x000a,1.65965,0x00000000,2025-12-14T14:59:28.371Z,2025-12-14T14:59:28.371Z
21,0x000a,2.96749,0x00000000,2025-12-14T14:59:28.371Z,2025-12-14T14:59:28.371Z
8,0x0004,12496,0x00000000,2025-12-14T14:59:28.369Z,2025-12-14T14:59:28.369Z
7,0x0004,9040,0x00000000,2025-12-14T14:59:28.369Z,2025-12-14T14:59:28.369Z
6,0x0004,16339,0x00000000,2025-12-14T14:59:28.369Z,2025-12-14T14:59:28.369Z
39,0x000a,2.00015,0x00000000,2025-12-14T14:59:28.670Z,2025-12-14T14:59:28.670Z
38,0x000a,1.50101,0x00000000,2025-12-14T14:59:28.670Z,2025-12-14T14:59:28.670Z
37,0x000a,2.60055,0x00000000,2025-12-14T14:59:28.670Z,2025-12-14T14:59:28.670Z
36,0x000a,2.12622,0x00000000,2025-12-14T14:59:28.670Z,2025-12-14T14:59:28.670Z
35,0x000a,1.51535,0x00000000,2025-12-14T14:59:28.670Z,2025-12-14T14:59:28.670Z
34,0x000a,2.74202,0x00000000,2025-12-14T14:59:28.670Z,2025-12-14T14:59:28.670Z
26,0x000a,5.13997,0x00000000,2025-12-14T14:59:28.670Z,2025-12-14T14:59:28.670Z
25,0x000a,3.71998,0x00000000,2025-12-14T14:59:28.670Z,2025-12-14T14:59:28.670Z
24,0x000a,6.70971,0x00000000,2025-12-14T14:59:28.670Z,2025-12-14T14:59:28.670Z
23,0x000a,2.12622,0x00000000,2025-12-14T14:59:28.670Z,2025-12-14T14:59:28.670Z
22,0x000a,1.51535,0x00000000,2025-12-14T14:59:28.670Z,2025-12-14T14:59:28.670Z
21,0x000a,2.74202,0x00000000,2025-12-14T14:59:28.670Z,2025-12-14T14:59:28.670Z
8,0x0004,14211,0x00000000,2025-12-14T14:59:28.670Z,2025-12-14T14:59:28.670Z
7,0x0004,10285,0x00000000,2025-12-14T14:59:28.670Z,2025-12-14T14:59:28.670Z
6,0x0004,18551,0x00000000,2025-12-14T14:59:28.670Z,2025-12-14T14:59:28.670Z
39,0x000a,2.49928,0x00000000,2025-12-14T14:59:28.970Z,2025-12-14T14:59:28.970Z
38,0x000a,1.80121,0x00000000,2025-12-14T14:59:28.970Z,2025-12-14T14:59:28.970Z
37,0x000a,3.19734,0x00000000,2025-12-14T14:59:28.970Z,2025-12-14T14:59:28.970Z
36,0x000a,2.59009,0x00000000,2025-12-14T14:59:28.970Z,2025-12-14T14:59:28.970Z
35,0x000a,1.85093,0x00000000,2025-12-14T14:59:28.970Z,2025-12-14T14:59:28.970Z
34,0x000a,3.34342,0x00000000,2025-12-14T14:59:28.970Z,2025-12-14T14:59:28.970Z
26,0x000a,5.7997,0x00000000,2025-12-14T14:59:28.970Z,2025-12-14T14:59:28.970Z
25,0x000a,4.18981,0x00000000,2025-12-14T14:59:28.970Z,2025-12-14T14:59:28.970Z
24,0x000a,7.55968,0x00000000,2025-12-14T14:59:28.970Z,2025-12-14T14:59:28.970Z
23,0x000a,2.59009,0x00000000,2025-12-14T14:59:28.970Z,2025-12-14T14:59:28.970Z
22,0x000a,1.85093,0x00000000,2025-12-14T14:59:28.970Z,2025-12-14T14:59:28.970Z
21,0x000a,3.34342,0x00000000,2025-12-14T14:59:28.970Z,2025-12-14T14:59:28.970Z
8,0x0004,16035,0x00000000,2025-12-14T14:59:28.968Z,2025-12-14T14:59:28.968Z
7,0x0004,11584,0x00000000,2025-12-14T14:59:28.968Z,2025-12-14T14:59:28.968Z
6,0x0004,20901,0x00000000,2025-12-14T14:59:28.968Z,2025-12-14T14:59:28.968Z
39,0x000a,2.00015,0x00000000,2025-12-14T14:59:29.269Z,2025-12-14T14:59:29.269Z
38,0x000a,1.40336,0x00000000,2025-12-14T14:59:29.269Z,2025-12-14T14:59:29.269Z
37,0x000a,1.59866,0x00000000,2025-12-14T14:59:29.269Z,2025-12-14T14:59:29.269Z
36,0x000a,2.18692,0x00000000,2025-12-14T14:59:29.269Z,2025-12-14T14:59:29.269Z
35,0x000a,1.58047,0x00000000,2025-12-14T14:59:29.269Z,2025-12-14T14:59:29.269Z
34,0x000a,2.79333,0x00000000,2025-12-14T14:59:29.269Z,2025-12-14T14:59:29.269Z
26,0x000a,6.40987,0x00000000,2025-12-14T14:59:29.269Z,2025-12-14T14:59:29.269Z
25,0x000a,4.62999,0x00000000,2025-12-14T14:59:29.269Z,2025-12-14T14:59:29.269Z
24,0x000a,8.24978,0x00000000,2025-12-14T14:59:29.269Z,2025-12-14T14:59:29.269Z
23,0x000a,2.18692,0x00000000,2025-12-14T14:59:29.269Z,2025-12-14T14:59:29.269Z
22,0x000a,1.58047,0x00000000,2025-12-14T14:59:29.269Z,2025-12-14T14:59:29.269Z
21,0x000a,2.79333,0x00000000,2025-12-14T14:59:29.269Z,2025-12-14T14:59:29.269Z
13,0x0001,false,0x00000000,2025-12-14T14:59:29.269Z,2025-12-14T14:59:29.269Z
8,0x0004,17722,0x00000000,2025-12-14T14:59:29.269Z,2025-12-14T14:59:29.269Z
7,0x0004,12801,0x00000000,2025-12-14T14:59:29.269Z,2025-12-14T14:59:29.269Z
6,0x0004,22809,0x00000000,2025-12-14T14:59:29.269Z,2025-12-14T14:59:29.269Z
40,0x0001,true,0x00000000,2025-12-14T14:59:29.571Z,2025-12-14T14:59:29.571Z
38,0x000a,1.50101,0x00000000,2025-12-14T14:59:29.571Z,2025-12-14T14:59:29.571Z
37,0x000a,0,0x00000000,2025-12-14T14:59:29.571Z,2025-12-14T14:59:29.571Z
36,0x000a,2.2964,0x00000000,2025-12-14T14:59:29.571Z,2025-12-14T14:59:29.571Z
35,0x000a,1.64476,0x00000000,2025-12-14T14:59:29.571Z,2025-12-14T14:59:29.571Z
34,0x000a,1.098,0x00000000,2025-12-14T14:59:29.571Z,2025-12-14T14:59:29.571Z
26,0x000a,7.06995,0x00000000,2025-12-14T14:59:29.571Z,2025-12-14T14:59:29.571Z
25,0x000a,5.10995,0x00000000,2025-12-14T14:59:29.571Z,2025-12-14T14:59:29.571Z
23,0x000a,2.2964,0x00000000,2025-12-14T14:59:29.571Z,2025-12-14T14:59:29.571Z
22,0x000a,1.64476,0x00000000,2025-12-14T14:59:29.571Z,2025-12-14T14:59:29.571Z
21,0x000a,1.098,0x00000000,2025-12-14T14:59:29.571Z,2025-12-14T14:59:29.571Z
8,0x0004,19547,0x00000000,2025-12-14T14:59:29.569Z,2025-12-14T14:59:29.569Z
7,0x0004,14128,0x00000000,2025-12-14T14:59:29.569Z,2025-12-14T14:59:29.569Z
39,0x000a,4.59708,0x00000000,2025-12-14T14:59:29.869Z,2025-12-14T14:59:29.869Z
38,0x000a,3.29861,0x00000000,2025-12-14T14:59:29.869Z,2025-12-14T14:59:29.869Z
36,0x000a,2.0625,0x00000000,2025-12-14T14:59:29.869Z,2025-12-14T14:59:29.869Z
35,0x000a,1.46834,0x00000000,2025-12-14T14:59:29.869Z,2025-12-14T14:59:29.869Z
34,0x000a,0.13725,0x00000000,2025-12-14T14:59:29.869Z,2025-12-14T14:59:29.869Z
26,0x000a,7.72967,0x00000000,2025-12-14T14:59:29.869Z,2025-12-14T14:59:29.869Z
25,0x000a,5.57979,0x00000000,2025-12-14T14:59:29.869Z,2025-12-14T14:59:29.869Z
23,0x000a,2.0625,0x00000000,2025-12-14T14:59:29.869Z,2025-12-14T14:59:29.869Z
22,0x000a,1.46834,0x00000000,2025-12-14T14:59:29.869Z,2025-12-14T14:59:29.869Z
21,0x000a,0.13725,0x00000000,2025-12-14T14:59:29.869Z,2025-12-14T14:59:29.869Z
8,0x0004,21371,0x00000000,2025-12-14T14:59:29.869Z,2025-12-14T14:59:29.869Z
7,0x0004,15427,0x00000000,2025-12-14T14:59:29.869Z,2025-12-14T14:59:29.869Z
39,0x000a,2.00015,0x00000000,2025-12-14T14:59:30.171Z,2025-12-14T14:59:30.171Z
38,0x000a,1.50101,0x00000000,2025-12-14T14:59:30.171Z,2025-12-14T14:59:30.171Z
36,0x000a,2.38319,0x00000000,2025-12-14T14:59:30.171Z,2025-12-14T14:59:30.171Z
35,0x000a,1.67099,0x00000000,2025-12-14T14:59:30.171Z,2025-12-14T14:59:30.171Z
34,0x000a,0.0171562,0x00000000,2025-12-14T14:59:30.171Z,2025-12-14T14:59:30.171Z
26,0x000a,8.33984,0x00000000,2025-12-14T14:59:30.171Z,2025-12-14T14:59:30.171Z
25,0x000a,6.01997,0x00000000,2025-12-14T14:59:30.171Z,2025-12-14T14:59:30.171Z
23,0x000a,2.38319,0x00000000,2025-12-14T14:59:30.171Z,2025-12-14T14:59:30.171Z
22,0x000a,1.67099,0x00000000,2025-12-14T14:59:30.171Z,2025-12-14T14:59:30.171Z
21,0x000a,0.0171562,0x00000000,2025-12-14T14:59:30.171Z,2025-12-14T14:59:30.171Z
8,0x0004,23058,0x00000000,2025-12-14T14:59:30.170Z,2025-12-14T14:59:30.170Z
7,0x0004,16644,0x00000000,2025-12-14T14:59:30.170Z,2025-12-14T14:59:30.170Z
36,0x000a,2.14654,0x00000000,2025-12-14T14:59:30.471Z,2025-12-14T14:59:30.471Z
35,0x000a,1.5417,0x00000000,2025-12-14T14:59:30.471Z,2025-12-14T14:59:30.471Z
34,0x000a,0.00428905,0x00000000,2025-12-14T14:59:30.471Z,2025-12-14T14:59:30.471Z
26,0x000a,8.95978,0x00000000,2025-12-14T14:59:30.471Z,2025-12-14T14:59:30.471Z
25,0x000a,6.46991,0x00000000,2025-12-14T14:59:30.471Z,2025-12-14T14:59:30.471Z
23,0x000a,2.14654,0x00000000,2025-12-14T14:59:30.471Z,2025-12-14T14:59:30.471Z
22,0x000a,1.5417,0x00000000,2025-12-14T14:59:30.471Z,2025-12-14T14:59:30.471Z
21,0x000a,0.00428905,0x00000000,2025-12-14T14:59:30.471Z,2025-12-14T14:59:30.471Z
8,0x0004,24772,0x00000000,2025-12-14T14:59:30.468Z,2025-12-14T14:59:30.468Z
7,0x0004,17888,0x00000000,2025-12-14T14:59:30.468Z,2025-12-14T14:59:30.468Z
38,0x000a,1.49739,0x00000000,2025-12-14T14:59:30.770Z,2025-12-14T14:59:30.770Z
36,0x000a,2.29242,0x00000000,2025-12-14T14:59:30.770Z,2025-12-14T14:59:30.770Z
35,0x000a,1.60556,0x00000000,2025-12-14T14:59:30.770Z,2025-12-14T14:59:30.770Z
34,0x000a,0.000536132,0x00000000,2025-12-14T14:59:30.770Z,2025-12-14T14:59:30.770Z
26,0x000a,9.61986,0x00000000,2025-12-14T14:59:30.770Z,2025-12-14T14:59:30.770Z
25,0x000a,6.93974,0x00000000,2025-12-14T14:59:30.770Z,2025-12-14T14:59:30.770Z
23,0x000a,2.29242,0x00000000,2025-12-14T14:59:30.770Z,2025-12-14T14:59:30.770Z
22,0x000a,1.60556,0x00000000,2025-12-14T14:59:30.770Z,2025-12-14T14:59:30.770Z
21,0x000a,0.000536132,0x00000000,2025-12-14T14:59:30.770Z,2025-12-14T14:59:30.770Z
8,0x0004,26597,0x00000000,2025-12-14T14:59:30.770Z,2025-12-14T14:59:30.770Z
7,0x0004,19187,0x00000000,2025-12-14T14:59:30.770Z,2025-12-14T14:59:30.770Z
39,0x000a,3.80136,0x00000000,2025-12-14T14:59:31.071Z,2025-12-14T14:59:31.071Z
38,0x000a,3.20095,0x00000000,2025-12-14T14:59:31.071Z,2025-12-14T14:59:31.071Z
36,0x000a,2.12385,0x00000000,2025-12-14T14:59:31.071Z,2025-12-14T14:59:31.071Z
35,0x000a,1.52625,0x00000000,2025-12-14T14:59:31.071Z,2025-12-14T14:59:31.071Z
34,0x000a,0.000134033,0x00000000,2025-12-14T14:59:31.071Z,2025-12-14T14:59:31.071Z
30,0x0004,0,0x00000000,2025-12-14T14:59:31.071Z,2025-12-14T14:59:31.071Z
26,0x000a,10,0x00000000,2025-12-14T14:59:31.071Z,2025-12-14T14:59:31.071Z
25,0x000a,7.25984,0x00000000,2025-12-14T14:59:31.071Z,2025-12-14T14:59:31.071Z
23,0x000a,2.12385,0x00000000,2025-12-14T14:59:31.071Z,2025-12-14T14:59:31.071Z
22,0x000a,1.52625,0x00000000,2025-12-14T14:59:31.071Z,2025-12-14T14:59:31.071Z
21,0x000a,0.000134033,0x00000000,2025-12-14T14:59:31.071Z,2025-12-14T14:59:31.071Z
17,0x0001,false,0x00000000,2025-12-14T14:59:31.071Z,2025-12-14T14:59:31.071Z
8,0x0004,27648,0x00000000,2025-12-14T14:59:31.069Z,2025-12-14T14:59:31.069Z
7,0x0004,20072,0x00000000,2025-12-14T14:59:31.069Z,2025-12-14T14:59:31.069Z
42,0x0001,true,0x00000000,2025-12-14T14:59:31.371Z,2025-12-14T14:59:31.371Z
39,0x000a,0,0x00000000,2025-12-14T14:59:31.371Z,2025-12-14T14:59:31.371Z
38,0x000a,1.50101,0x00000000,2025-12-14T14:59:31.371Z,2025-12-14T14:59:31.371Z
36,0x000a,0.740652,0x00000000,2025-12-14T14:59:31.371Z,2025-12-14T14:59:31.371Z
35,0x000a,1.71485,0x00000000,2025-12-14T14:59:31.371Z,2025-12-14T14:59:31.371Z
34,0x000a,1.67541e-05,0x00000000,2025-12-14T14:59:31.371Z,2025-12-14T14:59:31.371Z
25,0x000a,7.70978,0x00000000,2025-12-14T14:59:31.371Z,2025-12-14T14:59:31.371Z
23,0x000a,0.740652,0x00000000,2025-12-14T14:59:31.371Z,2025-12-14T14:59:31.371Z
22,0x000a,1.71485,0x00000000,2025-12-14T14:59:31.371Z,2025-12-14T14:59:31.371Z
21,0x000a,1.67541e-05,0x00000000,2025-12-14T14:59:31.371Z,2025-12-14T14:59:31.371Z
7,0x0004,21316,0x00000000,2025-12-14T14:59:31.368Z,2025-12-14T14:59:31.368Z
38,0x000a,1.50101,0x00000000,2025-12-14T14:59:31.670Z,2025-12-14T14:59:31.670Z
36,0x000a,0.0925815,0x00000000,2025-12-14T14:59:31.670Z,2025-12-14T14:59:31.670Z
35,0x000a,1.62721,0x00000000,2025-12-14T14:59:31.670Z,2025-12-14T14:59:31.670Z
34,0x000a,2.09426e-06,0x00000000,2025-12-14T14:59:31.670Z,2025-12-14T14:59:31.670Z
25,0x000a,8.17998,0x00000000,2025-12-14T14:59:31.670Z,2025-12-14T14:59:31.670Z
23,0x000a,0.0925815,0x00000000,2025-12-14T14:59:31.670Z,2025-12-14T14:59:31.670Z
22,0x000a,1.62721,0x00000000,2025-12-14T14:59:31.670Z,2025-12-14T14:59:31.670Z
21,0x000a,2.09426e-06,0x00000000,2025-12-14T14:59:31.670Z,2025-12-14T14:59:31.670Z
7,0x0004,22616,0x00000000,2025-12-14T14:59:31.670Z,2025-12-14T14:59:31.670Z
36,0x000a,0.0231454,0x00000000,2025-12-14T14:59:31.972Z,2025-12-14T14:59:31.972Z
35,0x000a,1.53076,0x00000000,2025-12-14T14:59:31.972Z,2025-12-14T14:59:31.972Z
34,0x000a,5.23566e-07,0x00000000,2025-12-14T14:59:31.972Z,2025-12-14T14:59:31.972Z
25,0x000a,8.61979,0x00000000,2025-12-14T14:59:31.972Z,2025-12-14T14:59:31.972Z
23,0x000a,0.0231454,0x00000000,2025-12-14T14:59:31.972Z,2025-12-14T14:59:31.972Z
22,0x000a,1.53076,0x00000000,2025-12-14T14:59:31.972Z,2025-12-14T14:59:31.972Z
21,0x000a,5.23566e-07,0x00000000,2025-12-14T14:59:31.972Z,2025-12-14T14:59:31.972Z
7,0x0004,23832,0x00000000,2025-12-14T14:59:31.969Z,2025-12-14T14:59:31.969Z
38,0x000a,0.896988,0x00000000,2025-12-14T14:59:32.270Z,2025-12-14T14:59:32.270Z
36,0x000a,0.00289317,0x00000000,2025-12-14T14:59:32.270Z,2025-12-14T14:59:32.270Z
35,0x000a,2.22992,0x00000000,2025-12-14T14:59:32.270Z,2025-12-14T14:59:32.270Z
34,0x000a,6.54457e-08,0x00000000,2025-12-14T14:59:32.270Z,2025-12-14T14:59:32.270Z
25,0x000a,9.00969,0x00000000,2025-12-14T14:59:32.270Z,2025-12-14T14:59:32.270Z
23,0x000a,0.00289317,0x00000000,2025-12-14T14:59:32.270Z,2025-12-14T14:59:32.270Z
22,0x000a,2.22992,0x00000000,2025-12-14T14:59:32.270Z,2025-12-14T14:59:32.270Z
21,0x000a,6.54457e-08,0x00000000,2025-12-14T14:59:32.270Z,2025-12-14T14:59:32.270Z
15,0x0001,false,0x00000000,2025-12-14T14:59:32.270Z,2025-12-14T14:59:32.270Z
7,0x0004,24910,0x00000000,2025-12-14T14:59:32.270Z,2025-12-14T14:59:32.270Z
42,0x0001,false,0x00000000,2025-12-14T14:59:32.569Z,2025-12-14T14:59:32.569Z
40,0x0001,false,0x00000000,2025-12-14T14:59:32.569Z,2025-12-14T14:59:32.569Z
38,0x000a,0,0x00000000,2025-12-14T14:59:32.569Z,2025-12-14T14:59:32.569Z
36,0x000a,0.000361646,0x00000000,2025-12-14T14:59:32.569Z,2025-12-14T14:59:32.569Z
35,0x000a,0.390863,0x00000000,2025-12-14T14:59:32.569Z,2025-12-14T14:59:32.569Z
34,0x000a,8.18072e-09,0x00000000,2025-12-14T14:59:32.569Z,2025-12-14T14:59:32.569Z
23,0x000a,0.000361646,0x00000000,2025-12-14T14:59:32.569Z,2025-12-14T14:59:32.569Z
22,0x000a,0.390863,0x00000000,2025-12-14T14:59:32.569Z,2025-12-14T14:59:32.569Z
21,0x000a,8.18072e-09,0x00000000,2025-12-14T14:59:32.569Z,2025-12-14T14:59:32.569Z
18,0x0001,true,0x00000000,2025-12-14T14:59:32.569Z,2025-12-14T14:59:32.569Z
16,0x0001,true,0x00000000,2025-12-14T14:59:32.569Z,2025-12-14T14:59:32.569Z
14,0x0001,true,0x00000000,2025-12-14T14:59:32.569Z,2025-12-14T14:59:32.569Z
4,0x000a,5,0x00000000,2025-12-14T14:59:32.569Z,2025-12-14T14:59:32.569Z
3,0x000a,5,0x00000000,2025-12-14T14:59:32.569Z,2025-12-14T14:59:32.569Z
2,0x000a,5,0x00000000,2025-12-14T14:59:32.569Z,2025-12-14T14:59:32.569Z
39,0x000a,-0.502748,0x00000000,2025-12-14T14:59:32.869Z,2025-12-14T14:59:32.869Z
38,0x000a,-0.896988,0x00000000,2025-12-14T14:59:32.869Z,2025-12-14T14:59:32.869Z
37,0x000a,-1.59866,0x00000000,2025-12-14T14:59:32.869Z,2025-12-14T14:59:32.869Z
36,0x000a,9.04116e-05,0x00000000,2025-12-14T14:59:32.869Z,2025-12-14T14:59:32.869Z
35,0x000a,0.0977158,0x00000000,2025-12-14T14:59:32.869Z,2025-12-14T14:59:32.869Z
34,0x000a,2.04518e-09,0x00000000,2025-12-14T14:59:32.869Z,2025-12-14T14:59:32.869Z
30,0x0004,1000,0x00000000,2025-12-14T14:59:32.869Z,2025-12-14T14:59:32.869Z
26,0x000a,9.73994,0x00000000,2025-12-14T14:59:32.869Z,2025-12-14T14:59:32.869Z
25,0x000a,8.76989,0x00000000,2025-12-14T14:59:32.869Z,2025-12-14T14:59:32.869Z
24,0x000a,7.82986,0x00000000,2025-12-14T14:59:32.869Z,2025-12-14T14:59:32.869Z
23,0x000a,9.04116e-05,0x00000000,2025-12-14T14:59:32.869Z,2025-12-14T14:59:32.869Z
22,0x000a,0.0977158,0x00000000,2025-12-14T14:59:32.869Z,2025-12-14T14:59:32.869Z
21,0x000a,2.04518e-09,0x00000000,2025-12-14T14:59:32.869Z,2025-12-14T14:59:32.869Z
8,0x0004,26929,0x00000000,2025-12-14T14:59:32.869Z,2025-12-14T14:59:32.869Z
7,0x0004,24247,0x00000000,2025-12-14T14:59:32.869Z,2025-12-14T14:59:32.869Z
6,0x0004,21648,0x00000000,2025-12-14T14:59:32.869Z,2025-12-14T14:59:32.869Z
39,0x000a,-2.00014,0x00000000,2025-12-14T14:59:33.171Z,2025-12-14T14:59:33.171Z
38,0x000a,-1.39974,0x00000000,2025-12-14T14:59:33.171Z,2025-12-14T14:59:33.171Z
37,0x000a,-2.69821,0x00000000,2025-12-14T14:59:33.171Z,2025-12-14T14:59:33.171Z
36,0x000a,-1.83873,0x00000000,2025-12-14T14:59:33.171Z,2025-12-14T14:59:33.171Z
35,0x000a,-1.37577,0x00000000,2025-12-14T14:59:33.171Z,2025-12-14T14:59:33.171Z
34,0x000a,-2.45045,0x00000000,2025-12-14T14:59:33.171Z,2025-12-14T14:59:33.171Z
26,0x000a,9.07986,0x00000000,2025-12-14T14:59:33.171Z,2025-12-14T14:59:33.171Z
25,0x000a,8.2997,0x00000000,2025-12-14T14:59:33.171Z,2025-12-14T14:59:33.171Z
24,0x000a,6.96976,0x00000000,2025-12-14T14:59:33.171Z,2025-12-14T14:59:33.171Z
23,0x000a,-1.83873,0x00000000,2025-12-14T14:59:33.171Z,2025-12-14T14:59:33.171Z
22,0x000a,-1.37577,0x00000000,2025-12-14T14:59:33.171Z,2025-12-14T14:59:33.171Z
21,0x000a,-2.45045,0x00000000,2025-12-14T14:59:33.171Z,2025-12-14T14:59:33.171Z
8,0x0004,25104,0x00000000,2025-12-14T14:59:33.168Z,2025-12-14T14:59:33.168Z
7,0x0004,22947,0x00000000,2025-12-14T14:59:33.168Z,2025-12-14T14:59:33.168Z
6,0x0004,19270,0x00000000,2025-12-14T14:59:33.168Z,2025-12-14T14:59:33.168Z
39,0x000a,-2.10142,0x00000000,2025-12-14T14:59:33.472Z,2025-12-14T14:59:33.472Z
38,0x000a,-1.50102,0x00000000,2025-12-14T14:59:33.472Z,2025-12-14T14:59:33.472Z
36,0x000a,-3.00869,0x00000000,2025-12-14T14:59:33.472Z,2025-12-14T14:59:33.472Z
35,0x000a,-2.19308,0x00000000,2025-12-14T14:59:33.472Z,2025-12-14T14:59:33.472Z
34,0x000a,-3.93835,0x00000000,2025-12-14T14:59:33.472Z,2025-12-14T14:59:33.472Z
26,0x000a,8.46969,0x00000000,2025-12-14T14:59:33.472Z,2025-12-14T14:59:33.472Z
25,0x000a,7.85988,0x00000000,2025-12-14T14:59:33.472Z,2025-12-14T14:59:33.472Z
24,0x000a,6.17983,0x00000000,2025-12-14T14:59:33.472Z,2025-12-14T14:59:33.472Z
23,0x000a,-3.00869,0x00000000,2025-12-14T14:59:33.472Z,2025-12-14T14:59:33.472Z
22,0x000a,-2.19308,0x00000000,2025-12-14T14:59:33.472Z,2025-12-14T14:59:33.472Z
21,0x000a,-3.93835,0x00000000,2025-12-14T14:59:33.472Z,2025-12-14T14:59:33.472Z
8,0x0004,23417,0x00000000,2025-12-14T14:59:33.468Z,2025-12-14T14:59:33.468Z
7,0x0004,21731,0x00000000,2025-12-14T14:59:33.468Z,2025-12-14T14:59:33.468Z
6,0x0004,17086,0x00000000,2025-12-14T14:59:33.468Z,2025-12-14T14:59:33.468Z
39,0x000a,-2.00015,0x00000000,2025-12-14T14:59:33.771Z,2025-12-14T14:59:33.771Z
38,0x000a,-1.50101,0x00000000,2025-12-14T14:59:33.771Z,2025-12-14T14:59:33.771Z
36,0x000a,-2.38844,0x00000000,2025-12-14T14:59:33.771Z,2025-12-14T14:59:33.771Z
35,0x000a,-1.71231,0x00000000,2025-12-14T14:59:33.771Z,2025-12-14T14:59:33.771Z
34,0x000a,-3.08018,0x00000000,2025-12-14T14:59:33.771Z,2025-12-14T14:59:33.771Z
26,0x000a,8.01975,0x00000000,2025-12-14T14:59:33.771Z,2025-12-14T14:59:33.771Z
25,0x000a,7.52966,0x00000000,2025-12-14T14:59:33.771Z,2025-12-14T14:59:33.771Z
24,0x000a,5.58992,0x00000000,2025-12-14T14:59:33.771Z,2025-12-14T14:59:33.771Z
23,0x000a,-2.38844,0x00000000,2025-12-14T14:59:33.771Z,2025-12-14T14:59:33.771Z
22,0x000a,-1.71231,0x00000000,2025-12-14T14:59:33.771Z,2025-12-14T14:59:33.771Z
21,0x000a,-3.08018,0x00000000,2025-12-14T14:59:33.771Z,2025-12-14T14:59:33.771Z
8,0x0004,22173,0x00000000,2025-12-14T14:59:33.769Z,2025-12-14T14:59:33.769Z
7,0x0004,20818,0x00000000,2025-12-14T14:59:33.769Z,2025-12-14T14:59:33.769Z
6,0x0004,15455,0x00000000,2025-12-14T14:59:33.769Z,2025-12-14T14:59:33.769Z
39,0x000a,-2.10142,0x00000000,2025-12-14T14:59:34.071Z,2025-12-14T14:59:34.071Z
38,0x000a,-1.39974,0x00000000,2025-12-14T14:59:34.071Z,2025-12-14T14:59:34.071Z
37,0x000a,-2.6982,0x00000000,2025-12-14T14:59:34.071Z,2025-12-14T14:59:34.071Z
36,0x000a,-2.0731,0x00000000,2025-12-14T14:59:34.071Z,2025-12-14T14:59:34.071Z
35,0x000a,-1.52652,0x00000000,2025-12-14T14:59:34.071Z,2025-12-14T14:59:34.071Z
34,0x000a,-2.72335,0x00000000,2025-12-14T14:59:34.071Z,2025-12-14T14:59:34.071Z
26,0x000a,7.39981,0x00000000,2025-12-14T14:59:34.071Z,2025-12-14T14:59:34.071Z
25,0x000a,7.08984,0x00000000,2025-12-14T14:59:34.071Z,2025-12-14T14:59:34.071Z
24,0x000a,4.78986,0x00000000,2025-12-14T14:59:34.071Z,2025-12-14T14:59:34.071Z
23,0x000a,-2.0731,0x00000000,2025-12-14T14:59:34.071Z,2025-12-14T14:59:34.071Z
22,0x000a,-1.52652,0x00000000,2025-12-14T14:59:34.071Z,2025-12-14T14:59:34.071Z
21,0x000a,-2.72335,0x00000000,2025-12-14T14:59:34.071Z,2025-12-14T14:59:34.071Z
14,0x0001,false,0x00000000,2025-12-14T14:59:34.071Z,2025-12-14T14:59:34.071Z
8,0x0004,20459,0x00000000,2025-12-14T14:59:34.067Z,2025-12-14T14:59:34.067Z
7,0x0004,19602,0x00000000,2025-12-14T14:59:34.067Z,2025-12-14T14:59:34.067Z
6,0x0004,13243,0x00000000,2025-12-14T14:59:34.067Z,2025-12-14T14:59:34.067Z
39,0x000a,-2.00015,0x00000000,2025-12-14T14:59:34.373Z,2025-12-14T14:59:34.373Z
38,0x000a,-1.4974,0x00000000,2025-12-14T14:59:34.373Z,2025-12-14T14:59:34.373Z
37,0x000a,0,0x00000000,2025-12-14T14:59:34.373Z,2025-12-14T14:59:34.373Z
36,0x000a,-2.29327,0x00000000,2025-12-14T14:59:34.373Z,2025-12-14T14:59:34.373Z
35,0x000a,-1.63217,0x00000000,2025-12-14T14:59:34.373Z,2025-12-14T14:59:34.373Z
34,0x000a,-2.15472,0x00000000,2025-12-14T14:59:34.373Z,2025-12-14T14:59:34.373Z
26,0x000a,6.73973,0x00000000,2025-12-14T14:59:34.373Z,2025-12-14T14:59:34.373Z
25,0x000a,6.60988,0x00000000,2025-12-14T14:59:34.373Z,2025-12-14T14:59:34.373Z
23,0x000a,-2.29327,0x00000000,2025-12-14T14:59:34.373Z,2025-12-14T14:59:34.373Z
22,0x000a,-1.63217,0x00000000,2025-12-14T14:59:34.373Z,2025-12-14T14:59:34.373Z
21,0x000a,-2.15472,0x00000000,2025-12-14T14:59:34.373Z,2025-12-14T14:59:34.373Z
8,0x0004,18634,0x00000000,2025-12-14T14:59:34.368Z,2025-12-14T14:59:34.368Z
7,0x0004,18275,0x00000000,2025-12-14T14:59:34.368Z,2025-12-14T14:59:34.368Z
39,0x000a,-2.00014,0x00000000,2025-12-14T14:59:34.671Z,2025-12-14T14:59:34.671Z
38,0x000a,-1.50101,0x00000000,2025-12-14T14:59:34.671Z,2025-12-14T14:59:34.671Z
36,0x000a,-2.61097,0x00000000,2025-12-14T14:59:34.671Z,2025-12-14T14:59:34.671Z
35,0x000a,-1.86689,0x00000000,2025-12-14T14:59:34.671Z,2025-12-14T14:59:34.671Z
34,0x000a,1.60602,0x00000000,2025-12-14T14:59:34.671Z,2025-12-14T14:59:34.671Z
26,0x000a,6.12992,0x00000000,2025-12-14T14:59:34.671Z,2025-12-14T14:59:34.671Z
25,0x000a,6.1697,0x00000000,2025-12-14T14:59:34.671Z,2025-12-14T14:59:34.671Z
24,0x000a,5.21991,0x00000000,2025-12-14T14:59:34.671Z,2025-12-14T14:59:34.671Z
23,0x000a,-2.61097,0x00000000,2025-12-14T14:59:34.671Z,2025-12-14T14:59:34.671Z
22,0x000a,-1.86689,0x00000000,2025-12-14T14:59:34.671Z,2025-12-14T14:59:34.671Z
21,0x000a,1.60602,0x00000000,2025-12-14T14:59:34.671Z,2025-12-14T14:59:34.671Z
8,0x0004,16948,0x00000000,2025-12-14T14:59:34.671Z,2025-12-14T14:59:34.671Z
7,0x0004,17058,0x00000000,2025-12-14T14:59:34.671Z,2025-12-14T14:59:34.671Z
6,0x0004,14432,0x00000000,2025-12-14T14:59:34.671Z,2025-12-14T14:59:34.671Z
40,0x0001,true,0x00000000,2025-12-14T14:59:34.969Z,2025-12-14T14:59:34.969Z
39,0x000a,-2.00015,0x00000000,2025-12-14T14:59:34.969Z,2025-12-14T14:59:34.969Z
36,0x000a,-2.25192,0x00000000,2025-12-14T14:59:34.969Z,2025-12-14T14:59:34.969Z
35,0x000a,-1.57026,0x00000000,2025-12-14T14:59:34.969Z,2025-12-14T14:59:34.969Z
34,0x000a,0.200753,0x00000000,2025-12-14T14:59:34.969Z,2025-12-14T14:59:34.969Z
26,0x000a,5.46983,0x00000000,2025-12-14T14:59:34.969Z,2025-12-14T14:59:34.969Z
25,0x000a,5.69987,0x00000000,2025-12-14T14:59:34.969Z,2025-12-14T14:59:34.969Z
23,0x000a,-2.25192,0x00000000,2025-12-14T14:59:34.969Z,2025-12-14T14:59:34.969Z
22,0x000a,-1.57026,0x00000000,2025-12-14T14:59:34.969Z,2025-12-14T14:59:34.969Z
21,0x000a,0.200753,0x00000000,2025-12-14T14:59:34.969Z,2025-12-14T14:59:34.969Z
8,0x0004,15123,0x00000000,2025-12-14T14:59:34.969Z,2025-12-14T14:59:34.969Z
7,0x0004,15759,0x00000000,2025-12-14T14:59:34.969Z,2025-12-14T14:59:34.969Z
36,0x000a,-2.11372,0x00000000,2025-12-14T14:59:35.271Z,2025-12-14T14:59:35.271Z
35,0x000a,-1.51832,0x00000000,2025-12-14T14:59:35.271Z,2025-12-14T14:59:35.271Z
34,0x000a,0.0501882,0x00000000,2025-12-14T14:59:35.271Z,2025-12-14T14:59:35.271Z
26,0x000a,4.92983,0x00000000,2025-12-14T14:59:35.271Z,2025-12-14T14:59:35.271Z
25,0x000a,5.24993,0x00000000,2025-12-14T14:59:35.271Z,2025-12-14T14:59:35.271Z
23,0x000a,-2.11372,0x00000000,2025-12-14T14:59:35.271Z,2025-12-14T14:59:35.271Z
22,0x000a,-1.51832,0x00000000,2025-12-14T14:59:35.271Z,2025-12-14T14:59:35.271Z
21,0x000a,0.0501882,0x00000000,2025-12-14T14:59:35.271Z,2025-12-14T14:59:35.271Z
18,0x0001,false,0x00000000,2025-12-14T14:59:35.271Z,2025-12-14T14:59:35.271Z
16,0x0001,false,0x00000000,2025-12-14T14:59:35.271Z,2025-12-14T14:59:35.271Z
8,0x0004,13630,0x00000000,2025-12-14T14:59:35.271Z,2025-12-14T14:59:35.271Z
7,0x0004,14515,0x00000000,2025-12-14T14:59:35.271Z,2025-12-14T14:59:35.271Z
42,0x0001,true,0x00000000,2025-12-14T14:59:35.569Z,2025-12-14T14:59:35.569Z
39,0x000a,0,0x00000000,2025-12-14T14:59:35.569Z,2025-12-14T14:59:35.569Z
38,0x000a,-0.900607,0x00000000,2025-12-14T14:59:35.569Z,2025-12-14T14:59:35.569Z
36,0x000a,-0.83885,0x00000000,2025-12-14T14:59:35.569Z,2025-12-14T14:59:35.569Z
35,0x000a,-1.45164,0x00000000,2025-12-14T14:59:35.569Z,2025-12-14T14:59:35.569Z
34,0x000a,0.00627352,0x00000000,2025-12-14T14:59:35.569Z,2025-12-14T14:59:35.569Z
25,0x000a,5.01989,0x00000000,2025-12-14T14:59:35.569Z,2025-12-14T14:59:35.569Z
23,0x000a,-0.83885,0x00000000,2025-12-14T14:59:35.569Z,2025-12-14T14:59:35.569Z
22,0x000a,-1.45164,0x00000000,2025-12-14T14:59:35.569Z,2025-12-14T14:59:35.569Z
21,0x000a,0.00627352,0x00000000,2025-12-14T14:59:35.569Z,2025-12-14T14:59:35.569Z
7,0x0004,13879,0x00000000,2025-12-14T14:59:35.569Z,2025-12-14T14:59:35.569Z
42,0x0001,false,0x00000000,2025-12-14T14:59:35.870Z,2025-12-14T14:59:35.870Z
40,0x0001,false,0x00000000,2025-12-14T14:59:35.870Z,2025-12-14T14:59:35.870Z
38,0x000a,0,0x00000000,2025-12-14T14:59:35.870Z,2025-12-14T14:59:35.870Z
36,0x000a,-0.104856,0x00000000,2025-12-14T14:59:35.870Z,2025-12-14T14:59:35.870Z
35,0x000a,-0.29403,0x00000000,2025-12-14T14:59:35.870Z,2025-12-14T14:59:35.870Z
34,0x000a,0.00078419,0x00000000,2025-12-14T14:59:35.870Z,2025-12-14T14:59:35.870Z
23,0x000a,-0.104856,0x00000000,2025-12-14T14:59:35.870Z,2025-12-14T14:59:35.870Z
22,0x000a,-0.29403,0x00000000,2025-12-14T14:59:35.870Z,2025-12-14T14:59:35.870Z
21,0x000a,0.00078419,0x00000000,2025-12-14T14:59:35.870Z,2025-12-14T14:59:35.870Z
18,0x0001,true,0x00000000,2025-12-14T14:59:35.870Z,2025-12-14T14:59:35.870Z
16,0x0001,true,0x00000000,2025-12-14T14:59:35.870Z,2025-12-14T14:59:35.870Z
14,0x0001,true,0x00000000,2025-12-14T14:59:35.870Z,2025-12-14T14:59:35.870Z
4,0x000a,0,0x00000000,2025-12-14T14:59:35.870Z,2025-12-14T14:59:35.870Z
3,0x000a,0,0x00000000,2025-12-14T14:59:35.870Z,2025-12-14T14:59:35.870Z
2,0x000a,0,0x00000000,2025-12-14T14:59:35.870Z,2025-12-14T14:59:35.870Z
39,0x000a,-2.40162,0x00000000,2025-12-14T14:59:36.172Z,2025-12-14T14:59:36.172Z
38,0x000a,-1.80121,0x00000000,2025-12-14T14:59:36.172Z,2025-12-14T14:59:36.172Z
37,0x000a,-3.20095,0x00000000,2025-12-14T14:59:36.172Z,2025-12-14T14:59:36.172Z
36,0x000a,-0.176315,0x00000000,2025-12-14T14:59:36.172Z,2025-12-14T14:59:36.172Z
35,0x000a,-0.37371,0x00000000,2025-12-14T14:59:36.172Z,2025-12-14T14:59:36.172Z
34,0x000a,-0.549573,0x00000000,2025-12-14T14:59:36.172Z,2025-12-14T14:59:36.172Z
26,0x000a,4.44987,0x00000000,2025-12-14T14:59:36.172Z,2025-12-14T14:59:36.172Z
25,0x000a,4.62999,0x00000000,2025-12-14T14:59:36.172Z,2025-12-14T14:59:36.172Z
24,0x000a,4.5298,0x00000000,2025-12-14T14:59:36.172Z,2025-12-14T14:59:36.172Z
23,0x000a,-0.176315,0x00000000,2025-12-14T14:59:36.172Z,2025-12-14T14:59:36.172Z
22,0x000a,-0.37371,0x00000000,2025-12-14T14:59:36.172Z,2025-12-14T14:59:36.172Z
21,0x000a,-0.549573,0x00000000,2025-12-14T14:59:36.172Z,2025-12-14T14:59:36.172Z
8,0x0004,12303,0x00000000,2025-12-14T14:59:36.170Z,2025-12-14T14:59:36.170Z
7,0x0004,12801,0x00000000,2025-12-14T14:59:36.170Z,2025-12-14T14:59:36.170Z
6,0x0004,12524,0x00000000,2025-12-14T14:59:36.170Z,2025-12-14T14:59:36.170Z
39,0x000a,-2.10142,0x00000000,2025-12-14T14:59:36.471Z,2025-12-14T14:59:36.471Z
38,0x000a,-1.49739,0x00000000,2025-12-14T14:59:36.471Z,2025-12-14T14:59:36.471Z
37,0x000a,-2.60055,0x00000000,2025-12-14T14:59:36.471Z,2025-12-14T14:59:36.471Z
36,0x000a,-1.84677,0x00000000,2025-12-14T14:59:36.471Z,2025-12-14T14:59:36.471Z
35,0x000a,-1.34789,0x00000000,2025-12-14T14:59:36.471Z,2025-12-14T14:59:36.471Z
34,0x000a,-2.46806,0x00000000,2025-12-14T14:59:36.471Z,2025-12-14T14:59:36.471Z
26,0x000a,3.8397,0x00000000,2025-12-14T14:59:36.471Z,2025-12-14T14:59:36.471Z
25,0x000a,4.18981,0x00000000,2025-12-14T14:59:36.471Z,2025-12-14T14:59:36.471Z
24,0x000a,3.72975,0x00000000,2025-12-14T14:59:36.471Z,2025-12-14T14:59:36.471Z
23,0x000a,-1.84677,0x00000000,2025-12-14T14:59:36.471Z,2025-12-14T14:59:36.471Z
22,0x000a,-1.34789,0x00000000,2025-12-14T14:59:36.471Z,2025-12-14T14:59:36.471Z
21,0x000a,-2.46806,0x00000000,2025-12-14T14:59:36.471Z,2025-12-14T14:59:36.471Z
8,0x0004,10616,0x00000000,2025-12-14T14:59:36.469Z,2025-12-14T14:59:36.469Z
7,0x0004,11584,0x00000000,2025-12-14T14:59:36.469Z,2025-12-14T14:59:36.469Z
6,0x0004,10312,0x00000000,2025-12-14T14:59:36.469Z,2025-12-14T14:59:36.469Z
39,0x000a,-4.59708,0x00000000,2025-12-14T14:59:36.769Z,2025-12-14T14:59:36.769Z
38,0x000a,-3.29861,0x00000000,2025-12-14T14:59:36.769Z,2025-12-14T14:59:36.769Z
37,0x000a,-5.79789,0x00000000,2025-12-14T14:59:36.769Z,2025-12-14T14:59:36.769Z
36,0x000a,-1.98712,0x00000000,2025-12-14T14:59:36.769Z,2025-12-14T14:59:36.769Z
35,0x000a,-1.46183,0x00000000,2025-12-14T14:59:36.769Z,2025-12-14T14:59:36.769Z
34,0x000a,-2.61806,0x00000000,2025-12-14T14:59:36.769Z,2025-12-14T14:59:36.769Z
26,0x000a,3.37999,0x00000000,2025-12-14T14:59:36.769Z,2025-12-14T14:59:36.769Z
25,0x000a,3.85995,0x00000000,2025-12-14T14:59:36.769Z,2025-12-14T14:59:36.769Z
24,0x000a,3.14996,0x00000000,2025-12-14T14:59:36.769Z,2025-12-14T14:59:36.769Z
23,0x000a,-1.98712,0x00000000,2025-12-14T14:59:36.769Z,2025-12-14T14:59:36.769Z
22,0x000a,-1.46183,0x00000000,2025-12-14T14:59:36.769Z,2025-12-14T14:59:36.769Z
21,0x000a,-2.61806,0x00000000,2025-12-14T14:59:36.769Z,2025-12-14T14:59:36.769Z
8,0x0004,9345,0x00000000,2025-12-14T14:59:36.769Z,2025-12-14T14:59:36.769Z
7,0x0004,10672,0x00000000,2025-12-14T14:59:36.769Z,2025-12-14T14:59:36.769Z
6,0x0004,8709,0x00000000,2025-12-14T14:59:36.769Z,2025-12-14T14:59:36.769Z
39,0x000a,-2.00015,0x00000000,2025-12-14T14:59:37.070Z,2025-12-14T14:59:37.070Z
38,0x000a,-1.50101,0x00000000,2025-12-14T14:59:37.070Z,2025-12-14T14:59:37.070Z
37,0x000a,-2.60055,0x00000000,2025-12-14T14:59:37.070Z,2025-12-14T14:59:37.070Z
36,0x000a,-2.37377,0x00000000,2025-12-14T14:59:37.070Z,2025-12-14T14:59:37.070Z
35,0x000a,-1.6955,0x00000000,2025-12-14T14:59:37.070Z,2025-12-14T14:59:37.070Z
34,0x000a,-3.07655,0x00000000,2025-12-14T14:59:37.070Z,2025-12-14T14:59:37.070Z
26,0x000a,2.76982,0x00000000,2025-12-14T14:59:37.070Z,2025-12-14T14:59:37.070Z
25,0x000a,3.41978,0x00000000,2025-12-14T14:59:37.070Z,2025-12-14T14:59:37.070Z
24,0x000a,2.3499,0x00000000,2025-12-14T14:59:37.070Z,2025-12-14T14:59:37.070Z
23,0x000a,-2.37377,0x00000000,2025-12-14T14:59:37.070Z,2025-12-14T14:59:37.070Z
22,0x000a,-1.6955,0x00000000,2025-12-14T14:59:37.070Z,2025-12-14T14:59:37.070Z
21,0x000a,-3.07655,0x00000000,2025-12-14T14:59:37.070Z,2025-12-14T14:59:37.070Z
8,0x0004,7658,0x00000000,2025-12-14T14:59:37.068Z,2025-12-14T14:59:37.068Z
7,0x0004,9455,0x00000000,2025-12-14T14:59:37.068Z,2025-12-14T14:59:37.068Z
6,0x0004,6497,0x00000000,2025-12-14T14:59:37.068Z,2025-12-14T14:59:37.068Z
39,0x000a,-2.0978,0x00000000,2025-12-14T14:59:37.370Z,2025-12-14T14:59:37.370Z
38,0x000a,-1.4974,0x00000000,2025-12-14T14:59:37.370Z,2025-12-14T14:59:37.370Z
37,0x000a,-2.69821,0x00000000,2025-12-14T14:59:37.370Z,2025-12-14T14:59:37.370Z
36,0x000a,-2.07217,0x00000000,2025-12-14T14:59:37.370Z,2025-12-14T14:59:37.370Z
35,0x000a,-1.47469,0x00000000,2025-12-14T14:59:37.370Z,2025-12-14T14:59:37.370Z
34,0x000a,-2.68537,0x00000000,2025-12-14T14:59:37.370Z,2025-12-14T14:59:37.370Z
26,0x000a,2.14988,0x00000000,2025-12-14T14:59:37.370Z,2025-12-14T14:59:37.370Z
25,0x000a,2.97996,0x00000000,2025-12-14T14:59:37.370Z,2025-12-14T14:59:37.370Z
24,0x000a,1.54984,0x00000000,2025-12-14T14:59:37.370Z,2025-12-14T14:59:37.370Z
23,0x000a,-2.07217,0x00000000,2025-12-14T14:59:37.370Z,2025-12-14T14:59:37.370Z
22,0x000a,-1.47469,0x00000000,2025-12-14T14:59:37.370Z,2025-12-14T14:59:37.370Z
21,0x000a,-2.68537,0x00000000,2025-12-14T14:59:37.370Z,2025-12-14T14:59:37.370Z
8,0x0004,5944,0x00000000,2025-12-14T14:59:37.368Z,2025-12-14T14:59:37.368Z
7,0x0004,8239,0x00000000,2025-12-14T14:59:37.368Z,2025-12-14T14:59:37.368Z
6,0x0004,4285,0x00000000,2025-12-14T14:59:37.368Z,2025-12-14T14:59:37.368Z
39,0x000a,-2.0978,0x00000000,2025-12-14T14:59:37.671Z,2025-12-14T14:59:37.671Z
38,0x000a,-1.50101,0x00000000,2025-12-14T14:59:37.671Z,2025-12-14T14:59:37.671Z
37,0x000a,-2.60055,0x00000000,2025-12-14T14:59:37.671Z,2025-12-14T14:59:37.671Z
36,0x000a,-2.2433,0x00000000,2025-12-14T14:59:37.671Z,2025-12-14T14:59:37.671Z
35,0x000a,-1.64363,0x00000000,2025-12-14T14:59:37.671Z,2025-12-14T14:59:37.671Z
34,0x000a,-2.94637,0x00000000,2025-12-14T14:59:37.671Z,2025-12-14T14:59:37.671Z
26,0x000a,1.4898,0x00000000,2025-12-14T14:59:37.671Z,2025-12-14T14:59:37.671Z
25,0x000a,2.5,0x00000000,2025-12-14T14:59:37.671Z,2025-12-14T14:59:37.671Z
24,0x000a,0.69987,0x00000000,2025-12-14T14:59:37.671Z,2025-12-14T14:59:37.671Z
23,0x000a,-2.2433,0x00000000,2025-12-14T14:59:37.671Z,2025-12-14T14:59:37.671Z
22,0x000a,-1.64363,0x00000000,2025-12-14T14:59:37.671Z,2025-12-14T14:59:37.671Z
21,0x000a,-2.94637,0x00000000,2025-12-14T14:59:37.671Z,2025-12-14T14:59:37.671Z
8,0x0004,4119,0x00000000,2025-12-14T14:59:37.669Z,2025-12-14T14:59:37.669Z
7,0x0004,6912,0x00000000,2025-12-14T14:59:37.669Z,2025-12-14T14:59:37.669Z
6,0x0004,1935,0x00000000,2025-12-14T14:59:37.669Z,2025-12-14T14:59:37.669Z
39,0x000a,-1.99653,0x00000000,2025-12-14T14:59:37.971Z,2025-12-14T14:59:37.971Z
37,0x000a,-1.69994,0x00000000,2025-12-14T14:59:37.971Z,2025-12-14T14:59:37.971Z
36,0x000a,-3.11877,0x00000000,2025-12-14T14:59:37.971Z,2025-12-14T14:59:37.971Z
35,0x000a,-2.21781,0x00000000,2025-12-14T14:59:37.971Z,2025-12-14T14:59:37.971Z
34,0x000a,-4.01729,0x00000000,2025-12-14T14:59:37.971Z,2025-12-14T14:59:37.971Z
28,0x0004,0,0x00000000,2025-12-14T14:59:37.971Z,2025-12-14T14:59:37.971Z
26,0x000a,0.879991,0x00000000,2025-12-14T14:59:37.971Z,2025-12-14T14:59:37.971Z
25,0x000a,2.05982,0x00000000,2025-12-14T14:59:37.971Z,2025-12-14T14:59:37.971Z
24,0x000a,0,0x00000000,2025-12-14T14:59:37.971Z,2025-12-14T14:59:37.971Z
23,0x000a,-3.11877,0x00000000,2025-12-14T14:59:37.971Z,2025-12-14T14:59:37.971Z
22,0x000a,-2.21781,0x00000000,2025-12-14T14:59:37.971Z,2025-12-14T14:59:37.971Z
21,0x000a,-4.01729,0x00000000,2025-12-14T14:59:37.971Z,2025-12-14T14:59:37.971Z
14,0x0001,false,0x00000000,2025-12-14T14:59:37.971Z,2025-12-14T14:59:37.971Z
8,0x0004,2433,0x00000000,2025-12-14T14:59:37.970Z,2025-12-14T14:59:37.970Z
7,0x0004,5695,0x00000000,2025-12-14T14:59:37.970Z,2025-12-14T14:59:37.970Z
6,0x0004,0,0x00000000,2025-12-14T14:59:37.970Z,2025-12-14T14:59:37.970Z
39,0x000a,-2.0978,0x00000000,2025-12-14T14:59:38.269Z,2025-12-14T14:59:38.269Z
38,0x000a,-1.4974,0x00000000,2025-12-14T14:59:38.269Z,2025-12-14T14:59:38.269Z
37,0x000a,0,0x00000000,2025-12-14T14:59:38.269Z,2025-12-14T14:59:38.269Z
36,0x000a,-2.26521,0x00000000,2025-12-14T14:59:38.269Z,2025-12-14T14:59:38.269Z
35,0x000a,-1.61503,0x00000000,2025-12-14T14:59:38.269Z,2025-12-14T14:59:38.269Z
34,0x000a,-0.714655,0x00000000,2025-12-14T14:59:38.269Z,2025-12-14T14:59:38.269Z
26,0x000a,0.219907,0x00000000,2025-12-14T14:59:38.269Z,2025-12-14T14:59:38.269Z
25,0x000a,1.58999,0x00000000,2025-12-14T14:59:38.269Z,2025-12-14T14:59:38.269Z
23,0x000a,-2.26521,0x00000000,2025-12-14T14:59:38.269Z,2025-12-14T14:59:38.269Z
22,0x000a,-1.61503,0x00000000,2025-12-14T14:59:38.269Z,2025-12-14T14:59:38.269Z
21,0x000a,-0.714655,0x00000000,2025-12-14T14:59:38.269Z,2025-12-14T14:59:38.269Z
18,0x0001,false,0x00000000,2025-12-14T14:59:38.269Z,2025-12-14T14:59:38.269Z
8,0x0004,608,0x00000000,2025-12-14T14:59:38.269Z,2025-12-14T14:59:38.269Z
7,0x0004,4396,0x00000000,2025-12-14T14:59:38.269Z,2025-12-14T14:59:38.269Z
40,0x0001,true,0x00000000,2025-12-14T14:59:38.569Z,2025-12-14T14:59:38.569Z
39,0x000a,0,0x00000000,2025-12-14T14:59:38.569Z,2025-12-14T14:59:38.569Z
38,0x000a,-1.50101,0x00000000,2025-12-14T14:59:38.569Z,2025-12-14T14:59:38.569Z
36,0x000a,-2.09082,0x00000000,2025-12-14T14:59:38.569Z,2025-12-14T14:59:38.569Z
35,0x000a,-1.52861,0x00000000,2025-12-14T14:59:38.569Z,2025-12-14T14:59:38.569Z
34,0x000a,-0.178664,0x00000000,2025-12-14T14:59:38.569Z,2025-12-14T14:59:38.569Z
26,0x000a,0.0198929,0x00000000,2025-12-14T14:59:38.569Z,2025-12-14T14:59:38.569Z
25,0x000a,1.13968,0x00000000,2025-12-14T14:59:38.569Z,2025-12-14T14:59:38.569Z
23,0x000a,-2.09082,0x00000000,2025-12-14T14:59:38.569Z,2025-12-14T14:59:38.569Z
22,0x000a,-1.52861,0x00000000,2025-12-14T14:59:38.569Z,2025-12-14T14:59:38.569Z
21,0x000a,-0.178664,0x00000000,2025-12-14T14:59:38.569Z,2025-12-14T14:59:38.569Z
8,0x0004,55,0x00000000,2025-12-14T14:59:38.569Z,2025-12-14T14:59:38.569Z
7,0x0004,3151,0x00000000,2025-12-14T14:59:38.569Z,2025-12-14T14:59:38.569Z
42,0x0001,true,0x00000000,2025-12-14T14:59:38.871Z,2025-12-14T14:59:38.871Z
38,0x000a,-1.4974,0x00000000,2025-12-14T14:59:38.871Z,2025-12-14T14:59:38.871Z
36,0x000a,-0.261353,0x00000000,2025-12-14T14:59:38.871Z,2025-12-14T14:59:38.871Z
35,0x000a,-1.60393,0x00000000,2025-12-14T14:59:38.871Z,2025-12-14T14:59:38.871Z
34,0x000a,-0.022333,0x00000000,2025-12-14T14:59:38.871Z,2025-12-14T14:59:38.871Z
25,0x000a,0.69987,0x00000000,2025-12-14T14:59:38.871Z,2025-12-14T14:59:38.871Z
23,0x000a,-0.261353,0x00000000,2025-12-14T14:59:38.871Z,2025-12-14T14:59:38.871Z
22,0x000a,-1.60393,0x00000000,2025-12-14T14:59:38.871Z,2025-12-14T14:59:38.871Z
21,0x000a,-0.022333,0x00000000,2025-12-14T14:59:38.871Z,2025-12-14T14:59:38.871Z
7,0x0004,1935,0x00000000,2025-12-14T14:59:38.868Z,2025-12-14T14:59:38.868Z
38,0x000a,-1.50101,0x00000000,2025-12-14T14:59:39.173Z,2025-12-14T14:59:39.173Z
36,0x000a,-0.0326691,0x00000000,2025-12-14T14:59:39.173Z,2025-12-14T14:59:39.173Z
35,0x000a,-1.83804,0x00000000,2025-12-14T14:59:39.173Z,2025-12-14T14:59:39.173Z
34,0x000a,-0.00279162,0x00000000,2025-12-14T14:59:39.173Z,2025-12-14T14:59:39.173Z
25,0x000a,0.229673,0x00000000,2025-12-14T14:59:39.173Z,2025-12-14T14:59:39.173Z
23,0x000a,-0.0326691,0x00000000,2025-12-14T14:59:39.173Z,2025-12-14T14:59:39.173Z
22,0x000a,-1.83804,0x00000000,2025-12-14T14:59:39.173Z,2025-12-14T14:59:39.173Z
21,0x000a,-0.00279162,0x00000000,2025-12-14T14:59:39.173Z,2025-12-14T14:59:39.173Z
16,0x0001,false,0x00000000,2025-12-14T14:59:39.173Z,2025-12-14T14:59:39.173Z
7,0x0004,635,0x00000000,2025-12-14T14:59:39.169Z,2025-12-14T14:59:39.169Z
38,0x000a,-0.600405,0x00000000,2025-12-14T14:59:39.470Z,2025-12-14T14:59:39.470Z
36,0x000a,-0.00816728,0x00000000,2025-12-14T14:59:39.470Z,2025-12-14T14:59:39.470Z
35,0x000a,-1.58346,0x00000000,2025-12-14T14:59:39.470Z,2025-12-14T14:59:39.470Z
34,0x000a,-0.000697905,0x00000000,2025-12-14T14:59:39.470Z,2025-12-14T14:59:39.470Z
25,0x000a,0.0198929,0x00000000,2025-12-14T14:59:39.470Z,2025-12-14T14:59:39.470Z
23,0x000a,-0.00816728,0x00000000,2025-12-14T14:59:39.470Z,2025-12-14T14:59:39.470Z
22,0x000a,-1.58346,0x00000000,2025-12-14T14:59:39.470Z,2025-12-14T14:59:39.470Z
21,0x000a,-0.000697905,0x00000000,2025-12-14T14:59:39.470Z,2025-12-14T14:59:39.470Z
7,0x0004,55,0x00000000,2025-12-14T14:59:39.470Z,2025-12-14T14:59:39.470Z
42,0x0001,false,0x00000000,2025-12-14T14:59:39.773Z,2025-12-14T14:59:39.773Z
40,0x0001,false,0x00000000,2025-12-14T14:59:39.773Z,2025-12-14T14:59:39.773Z
38,0x000a,0,0x00000000,2025-12-14T14:59:39.773Z,2025-12-14T14:59:39.773Z
36,0x000a,-0.00102091,0x00000000,2025-12-14T14:59:39.773Z,2025-12-14T14:59:39.773Z
35,0x000a,-0.272983,0x00000000,2025-12-14T14:59:39.773Z,2025-12-14T14:59:39.773Z
34,0x000a,-8.72381e-05,0x00000000,2025-12-14T14:59:39.773Z,2025-12-14T14:59:39.773Z
23,0x000a,-0.00102091,0x00000000,2025-12-14T14:59:39.773Z,2025-12-14T14:59:39.773Z
22,0x000a,-0.272983,0x00000000,2025-12-14T14:59:39.773Z,2025-12-14T14:59:39.773Z
21,0x000a,-8.72381e-05,0x00000000,2025-12-14T14:59:39.773Z,2025-12-14T14:59:39.773Z
17,0x0001,true,0x00000000,2025-12-14T14:59:39.773Z,2025-12-14T14:59:39.773Z
15,0x0001,true,0x00000000,2025-12-14T14:59:39.773Z,2025-12-14T14:59:39.773Z
13,0x0001,true,0x00000000,2025-12-14T14:59:39.773Z,2025-12-14T14:59:39.773Z
4,0x000a,10,0x00000000,2025-12-14T14:59:39.769Z,2025-12-14T14:59:39.769Z
3,0x000a,9,0x00000000,2025-12-14T14:59:39.769Z,2025-12-14T14:59:39.769Z
2,0x000a,8,0x00000000,2025-12-14T14:59:39.769Z,2025-12-14T14:59:39.769Z
39,0x000a,4.10156,0x00000000,2025-12-14T14:59:40.070Z,2025-12-14T14:59:40.070Z
38,0x000a,2.99841,0x00000000,2025-12-14T14:59:40.070Z,2025-12-14T14:59:40.070Z
37,0x000a,5.40003,0x00000000,2025-12-14T14:59:40.070Z,2025-12-14T14:59:40.070Z
36,0x000a,0.348903,0x00000000,2025-12-14T14:59:40.070Z,2025-12-14T14:59:40.070Z
35,0x000a,0.416181,0x00000000,2025-12-14T14:59:40.070Z,2025-12-14T14:59:40.070Z
34,0x000a,0.799324,0x00000000,2025-12-14T14:59:40.070Z,2025-12-14T14:59:40.070Z
28,0x0004,1000,0x00000000,2025-12-14T14:59:40.070Z,2025-12-14T14:59:40.070Z
26,0x000a,0.499855,0x00000000,2025-12-14T14:59:40.070Z,2025-12-14T14:59:40.070Z
25,0x000a,0.409795,0x00000000,2025-12-14T14:59:40.070Z,2025-12-14T14:59:40.070Z
24,0x000a,0.69987,0x00000000,2025-12-14T14:59:40.070Z,2025-12-14T14:59:40.070Z
23,0x000a,0.348903,0x00000000,2025-12-14T14:59:40.070Z,2025-12-14T14:59:40.070Z
22,0x000a,0.416181,0x00000000,2025-12-14T14:59:40.070Z,2025-12-14T14:59:40.070Z
21,0x000a,0.799324,0x00000000,2025-12-14T14:59:40.070Z,2025-12-14T14:59:40.070Z
8,0x0004,1382,0x00000000,2025-12-14T14:59:40.070Z,2025-12-14T14:59:40.070Z
7,0x0004,1133,0x00000000,2025-12-14T14:59:40.070Z,2025-12-14T14:59:40.070Z
6,0x0004,1935,0x00000000,2025-12-14T14:59:40.070Z,2025-12-14T14:59:40.070Z
39,0x000a,2.0978,0x00000000,2025-12-14T14:59:40.369Z,2025-12-14T14:59:40.369Z
38,0x000a,1.50101,0x00000000,2025-12-14T14:59:40.369Z,2025-12-14T14:59:40.369Z
37,0x000a,2.60055,0x00000000,2025-12-14T14:59:40.369Z,2025-12-14T14:59:40.369Z
36,0x000a,2.11269,0x00000000,2025-12-14T14:59:40.369Z,2025-12-14T14:59:40.369Z
35,0x000a,1.55352,0x00000000,2025-12-14T14:59:40.369Z,2025-12-14T14:59:40.369Z
34,0x000a,2.89894,0x00000000,2025-12-14T14:59:40.369Z,2025-12-14T14:59:40.369Z
26,0x000a,0.90965,0x00000000,2025-12-14T14:59:40.369Z,2025-12-14T14:59:40.369Z
25,0x000a,0.69987,0x00000000,2025-12-14T14:59:40.369Z,2025-12-14T14:59:40.369Z
24,0x000a,1.22975,0x00000000,2025-12-14T14:59:40.369Z,2025-12-14T14:59:40.369Z
23,0x000a,2.11269,0x00000000,2025-12-14T14:59:40.369Z,2025-12-14T14:59:40.369Z
22,0x000a,1.55352,0x00000000,2025-12-14T14:59:40.369Z,2025-12-14T14:59:40.369Z
21,0x000a,2.89894,0x00000000,2025-12-14T14:59:40.369Z,2025-12-14T14:59:40.369Z
8,0x0004,2515,0x00000000,2025-12-14T14:59:40.367Z,2025-12-14T14:59:40.367Z
7,0x0004,1935,0x00000000,2025-12-14T14:59:40.367Z,2025-12-14T14:59:40.367Z
6,0x0004,3400,0x00000000,2025-12-14T14:59:40.367Z,2025-12-14T14:59:40.367Z
38,0x000a,1.39974,0x00000000,2025-12-14T14:59:40.669Z,2025-12-14T14:59:40.669Z
37,0x000a,2.60055,0x00000000,2025-12-14T14:59:40.669Z,2025-12-14T14:59:40.669Z
36,0x000a,2.05264,0x00000000,2025-12-14T14:59:40.669Z,2025-12-14T14:59:40.669Z
35,0x000a,1.50667,0x00000000,2025-12-14T14:59:40.669Z,2025-12-14T14:59:40.669Z
34,0x000a,2.68668,0x00000000,2025-12-14T14:59:40.669Z,2025-12-14T14:59:40.669Z
26,0x000a,1.56973,0x00000000,2025-12-14T14:59:40.669Z,2025-12-14T14:59:40.669Z
25,0x000a,1.1697,0x00000000,2025-12-14T14:59:40.669Z,2025-12-14T14:59:40.669Z
24,0x000a,2.07972,0x00000000,2025-12-14T14:59:40.669Z,2025-12-14T14:59:40.669Z
23,0x000a,2.05264,0x00000000,2025-12-14T14:59:40.669Z,2025-12-14T14:59:40.669Z
22,0x000a,1.50667,0x00000000,2025-12-14T14:59:40.669Z,2025-12-14T14:59:40.669Z
21,0x000a,2.68668,0x00000000,2025-12-14T14:59:40.669Z,2025-12-14T14:59:40.669Z
8,0x0004,4340,0x00000000,2025-12-14T14:59:40.669Z,2025-12-14T14:59:40.669Z
7,0x0004,3234,0x00000000,2025-12-14T14:59:40.669Z,2025-12-14T14:59:40.669Z
6,0x0004,5750,0x00000000,2025-12-14T14:59:40.669Z,2025-12-14T14:59:40.669Z
39,0x000a,2.49928,0x00000000,2025-12-14T14:59:40.970Z,2025-12-14T14:59:40.970Z
38,0x000a,1.80122,0x00000000,2025-12-14T14:59:40.970Z,2025-12-14T14:59:40.970Z
37,0x000a,3.20096,0x00000000,2025-12-14T14:59:40.970Z,2025-12-14T14:59:40.970Z
36,0x000a,2.26848,0x00000000,2025-12-14T14:59:40.970Z,2025-12-14T14:59:40.970Z
35,0x000a,1.63916,0x00000000,2025-12-14T14:59:40.970Z,2025-12-14T14:59:40.970Z
34,0x000a,2.93684,0x00000000,2025-12-14T14:59:40.970Z,2025-12-14T14:59:40.970Z
26,0x000a,2.21969,0x00000000,2025-12-14T14:59:40.970Z,2025-12-14T14:59:40.970Z
25,0x000a,1.64967,0x00000000,2025-12-14T14:59:40.970Z,2025-12-14T14:59:40.970Z
24,0x000a,2.93981,0x00000000,2025-12-14T14:59:40.970Z,2025-12-14T14:59:40.970Z
23,0x000a,2.26848,0x00000000,2025-12-14T14:59:40.970Z,2025-12-14T14:59:40.970Z
22,0x000a,1.63916,0x00000000,2025-12-14T14:59:40.970Z,2025-12-14T14:59:40.970Z
21,0x000a,2.93684,0x00000000,2025-12-14T14:59:40.970Z,2025-12-14T14:59:40.970Z
8,0x0004,6137,0x00000000,2025-12-14T14:59:40.968Z,2025-12-14T14:59:40.968Z
7,0x0004,4561,0x00000000,2025-12-14T14:59:40.968Z,2025-12-14T14:59:40.968Z
6,0x0004,8128,0x00000000,2025-12-14T14:59:40.968Z,2025-12-14T14:59:40.968Z
39,0x000a,4.49942,0x00000000,2025-12-14T14:59:41.271Z,2025-12-14T14:59:41.271Z
38,0x000a,3.30223,0x00000000,2025-12-14T14:59:41.271Z,2025-12-14T14:59:41.271Z
37,0x000a,5.89916,0x00000000,2025-12-14T14:59:41.271Z,2025-12-14T14:59:41.271Z
36,0x000a,2.11787,0x00000000,2025-12-14T14:59:41.271Z,2025-12-14T14:59:41.271Z
35,0x000a,1.48401,0x00000000,2025-12-14T14:59:41.271Z,2025-12-14T14:59:41.271Z
34,0x000a,2.70903,0x00000000,2025-12-14T14:59:41.271Z,2025-12-14T14:59:41.271Z
26,0x000a,2.87977,0x00000000,2025-12-14T14:59:41.271Z,2025-12-14T14:59:41.271Z
25,0x000a,2.11986,0x00000000,2025-12-14T14:59:41.271Z,2025-12-14T14:59:41.271Z
24,0x000a,3.78979,0x00000000,2025-12-14T14:59:41.271Z,2025-12-14T14:59:41.271Z
23,0x000a,2.11787,0x00000000,2025-12-14T14:59:41.271Z,2025-12-14T14:59:41.271Z
22,0x000a,1.48401,0x00000000,2025-12-14T14:59:41.271Z,2025-12-14T14:59:41.271Z
21,0x000a,2.70903,0x00000000,2025-12-14T14:59:41.271Z,2025-12-14T14:59:41.271Z
8,0x0004,7962,0x00000000,2025-12-14T14:59:41.268Z,2025-12-14T14:59:41.268Z
7,0x0004,5861,0x00000000,2025-12-14T14:59:41.268Z,2025-12-14T14:59:41.268Z
6,0x0004,10478,0x00000000,2025-12-14T14:59:41.268Z,2025-12-14T14:59:41.268Z
39,0x000a,2.0978,0x00000000,2025-12-14T14:59:41.570Z,2025-12-14T14:59:41.570Z
38,0x000a,1.39974,0x00000000,2025-12-14T14:59:41.570Z,2025-12-14T14:59:41.570Z
37,0x000a,2.60055,0x00000000,2025-12-14T14:59:41.570Z,2025-12-14T14:59:41.570Z
36,0x000a,2.35259,0x00000000,2025-12-14T14:59:41.570Z,2025-12-14T14:59:41.570Z
35,0x000a,1.72223,0x00000000,2025-12-14T14:59:41.570Z,2025-12-14T14:59:41.570Z
34,0x000a,3.07527,0x00000000,2025-12-14T14:59:41.570Z,2025-12-14T14:59:41.570Z
26,0x000a,3.49971,0x00000000,2025-12-14T14:59:41.570Z,2025-12-14T14:59:41.570Z
25,0x000a,2.55968,0x00000000,2025-12-14T14:59:41.570Z,2025-12-14T14:59:41.570Z
24,0x000a,4.57972,0x00000000,2025-12-14T14:59:41.570Z,2025-12-14T14:59:41.570Z
23,0x000a,2.35259,0x00000000,2025-12-14T14:59:41.570Z,2025-12-14T14:59:41.570Z
22,0x000a,1.72223,0x00000000,2025-12-14T14:59:41.570Z,2025-12-14T14:59:41.570Z
21,0x000a,3.07527,0x00000000,2025-12-14T14:59:41.570Z,2025-12-14T14:59:41.570Z
8,0x0004,9676,0x00000000,2025-12-14T14:59:41.568Z,2025-12-14T14:59:41.568Z
7,0x0004,7077,0x00000000,2025-12-14T14:59:41.568Z,2025-12-14T14:59:41.568Z
6,0x0004,12662,0x00000000,2025-12-14T14:59:41.568Z,2025-12-14T14:59:41.568Z
39,0x000a,2.10142,0x00000000,2025-12-14T14:59:41.869Z,2025-12-14T14:59:41.869Z
38,0x000a,1.50101,0x00000000,2025-12-14T14:59:41.869Z,2025-12-14T14:59:41.869Z
37,0x000a,2.6982,0x00000000,2025-12-14T14:59:41.869Z,2025-12-14T14:59:41.869Z
36,0x000a,2.10704,0x00000000,2025-12-14T14:59:41.869Z,2025-12-14T14:59:41.869Z
35,0x000a,1.51601,0x00000000,2025-12-14T14:59:41.869Z,2025-12-14T14:59:41.869Z
34,0x000a,2.73403,0x00000000,2025-12-14T14:59:41.869Z,2025-12-14T14:59:41.869Z
26,0x000a,4.10988,0x00000000,2025-12-14T14:59:41.869Z,2025-12-14T14:59:41.869Z
25,0x000a,3.00998,0x00000000,2025-12-14T14:59:41.869Z,2025-12-14T14:59:41.869Z
24,0x000a,5.37977,0x00000000,2025-12-14T14:59:41.869Z,2025-12-14T14:59:41.869Z
23,0x000a,2.10704,0x00000000,2025-12-14T14:59:41.869Z,2025-12-14T14:59:41.869Z
22,0x000a,1.51601,0x00000000,2025-12-14T14:59:41.869Z,2025-12-14T14:59:41.869Z
21,0x000a,2.73403,0x00000000,2025-12-14T14:59:41.869Z,2025-12-14T14:59:41.869Z
8,0x0004,11363,0x00000000,2025-12-14T14:59:41.867Z,2025-12-14T14:59:41.867Z
7,0x0004,8322,0x00000000,2025-12-14T14:59:41.867Z,2025-12-14T14:59:41.867Z
6,0x0004,14874,0x00000000,2025-12-14T14:59:41.867Z,2025-12-14T14:59:41.867Z
39,0x000a,2.40162,0x00000000,2025-12-14T14:59:42.171Z,2025-12-14T14:59:42.171Z
38,0x000a,1.7976,0x00000000,2025-12-14T14:59:42.171Z,2025-12-14T14:59:42.171Z
37,0x000a,3.19734,0x00000000,2025-12-14T14:59:42.171Z,2025-12-14T14:59:42.171Z
36,0x000a,2.0757,0x00000000,2025-12-14T14:59:42.171Z,2025-12-14T14:59:42.171Z
35,0x000a,1.45412,0x00000000,2025-12-14T14:59:42.171Z,2025-12-14T14:59:42.171Z
34,0x000a,2.68456,0x00000000,2025-12-14T14:59:42.171Z,2025-12-14T14:59:42.171Z
26,0x000a,4.76997,0x00000000,2025-12-14T14:59:42.171Z,2025-12-14T14:59:42.171Z
25,0x000a,3.47982,0x00000000,2025-12-14T14:59:42.171Z,2025-12-14T14:59:42.171Z
24,0x000a,6.22975,0x00000000,2025-12-14T14:59:42.171Z,2025-12-14T14:59:42.171Z
23,0x000a,2.0757,0x00000000,2025-12-14T14:59:42.171Z,2025-12-14T14:59:42.171Z
22,0x000a,1.45412,0x00000000,2025-12-14T14:59:42.171Z,2025-12-14T14:59:42.171Z
21,0x000a,2.68456,0x00000000,2025-12-14T14:59:42.171Z,2025-12-14T14:59:42.171Z
8,0x0004,13188,0x00000000,2025-12-14T14:59:42.169Z,2025-12-14T14:59:42.169Z
7,0x0004,9621,0x00000000,2025-12-14T14:59:42.169Z,2025-12-14T14:59:42.169Z
6,0x0004,17224,0x00000000,2025-12-14T14:59:42.169Z,2025-12-14T14:59:42.169Z
39,0x000a,2.10142,0x00000000,2025-12-14T14:59:42.471Z,2025-12-14T14:59:42.471Z
38,0x000a,1.40336,0x00000000,2025-12-14T14:59:42.471Z,2025-12-14T14:59:42.471Z
37,0x000a,2.69821,0x00000000,2025-12-14T14:59:42.471Z,2025-12-14T14:59:42.471Z
36,0x000a,3.13399,0x00000000,2025-12-14T14:59:42.471Z,2025-12-14T14:59:42.471Z
35,0x000a,2.28092,0x00000000,2025-12-14T14:59:42.471Z,2025-12-14T14:59:42.471Z
34,0x000a,4.03656,0x00000000,2025-12-14T14:59:42.471Z,2025-12-14T14:59:42.471Z
26,0x000a,5.3899,0x00000000,2025-12-14T14:59:42.471Z,2025-12-14T14:59:42.471Z
25,0x000a,3.91999,0x00000000,2025-12-14T14:59:42.471Z,2025-12-14T14:59:42.471Z
24,0x000a,7.0298,0x00000000,2025-12-14T14:59:42.471Z,2025-12-14T14:59:42.471Z
23,0x000a,3.13399,0x00000000,2025-12-14T14:59:42.471Z,2025-12-14T14:59:42.471Z
22,0x000a,2.28092,0x00000000,2025-12-14T14:59:42.471Z,2025-12-14T14:59:42.471Z
21,0x000a,4.03656,0x00000000,2025-12-14T14:59:42.471Z,2025-12-14T14:59:42.471Z
8,0x0004,14902,0x00000000,2025-12-14T14:59:42.469Z,2025-12-14T14:59:42.469Z
7,0x0004,10838,0x00000000,2025-12-14T14:59:42.469Z,2025-12-14T14:59:42.469Z
6,0x0004,19436,0x00000000,2025-12-14T14:59:42.469Z,2025-12-14T14:59:42.469Z
39,0x000a,2.0978,0x00000000,2025-12-14T14:59:42.770Z,2025-12-14T14:59:42.770Z
38,0x000a,1.50101,0x00000000,2025-12-14T14:59:42.770Z,2025-12-14T14:59:42.770Z
37,0x000a,2.59693,0x00000000,2025-12-14T14:59:42.770Z,2025-12-14T14:59:42.770Z
36,0x000a,2.30892,0x00000000,2025-12-14T14:59:42.770Z,2025-12-14T14:59:42.770Z
35,0x000a,1.66977,0x00000000,2025-12-14T14:59:42.770Z,2025-12-14T14:59:42.770Z
34,0x000a,3.0346,0x00000000,2025-12-14T14:59:42.770Z,2025-12-14T14:59:42.770Z
26,0x000a,5.99971,0x00000000,2025-12-14T14:59:42.770Z,2025-12-14T14:59:42.770Z
25,0x000a,4.36994,0x00000000,2025-12-14T14:59:42.770Z,2025-12-14T14:59:42.770Z
24,0x000a,7.82986,0x00000000,2025-12-14T14:59:42.770Z,2025-12-14T14:59:42.770Z
23,0x000a,2.30892,0x00000000,2025-12-14T14:59:42.770Z,2025-12-14T14:59:42.770Z
22,0x000a,1.66977,0x00000000,2025-12-14T14:59:42.770Z,2025-12-14T14:59:42.770Z
21,0x000a,3.0346,0x00000000,2025-12-14T14:59:42.770Z,2025-12-14T14:59:42.770Z
13,0x0001,false,0x00000000,2025-12-14T14:59:42.770Z,2025-12-14T14:59:42.770Z
8,0x0004,16588,0x00000000,2025-12-14T14:59:42.770Z,2025-12-14T14:59:42.770Z
7,0x0004,12082,0x00000000,2025-12-14T14:59:42.770Z,2025-12-14T14:59:42.770Z
6,0x0004,21648,0x00000000,2025-12-14T14:59:42.770Z,2025-12-14T14:59:42.770Z
39,0x000a,1.99653,0x00000000,2025-12-14T14:59:43.070Z,2025-12-14T14:59:43.070Z
38,0x000a,1.4974,0x00000000,2025-12-14T14:59:43.070Z,2025-12-14T14:59:43.070Z
37,0x000a,0.998259,0x00000000,2025-12-14T14:59:43.070Z,2025-12-14T14:59:43.070Z
36,0x000a,2.30232,0x00000000,2025-12-14T14:59:43.070Z,2025-12-14T14:59:43.070Z
35,0x000a,1.62157,0x00000000,2025-12-14T14:59:43.070Z,2025-12-14T14:59:43.070Z
34,0x000a,2.97988,0x00000000,2025-12-14T14:59:43.070Z,2025-12-14T14:59:43.070Z
26,0x000a,6.65979,0x00000000,2025-12-14T14:59:43.070Z,2025-12-14T14:59:43.070Z
25,0x000a,4.83977,0x00000000,2025-12-14T14:59:43.070Z,2025-12-14T14:59:43.070Z
24,0x000a,8.24978,0x00000000,2025-12-14T14:59:43.070Z,2025-12-14T14:59:43.070Z
23,0x000a,2.30232,0x00000000,2025-12-14T14:59:43.070Z,2025-12-14T14:59:43.070Z
22,0x000a,1.62157,0x00000000,2025-12-14T14:59:43.070Z,2025-12-14T14:59:43.070Z
21,0x000a,2.97988,0x00000000,2025-12-14T14:59:43.070Z,2025-12-14T14:59:43.070Z
8,0x0004,18413,0x00000000,2025-12-14T14:59:43.070Z,2025-12-14T14:59:43.070Z
7,0x0004,13381,0x00000000,2025-12-14T14:59:43.070Z,2025-12-14T14:59:43.070Z
6,0x0004,22809,0x00000000,2025-12-14T14:59:43.070Z,2025-12-14T14:59:43.070Z
40,0x0001,true,0x00000000,2025-12-14T14:59:43.371Z,2025-12-14T14:59:43.371Z
39,0x000a,2.10142,0x00000000,2025-12-14T14:59:43.371Z,2025-12-14T14:59:43.371Z
38,0x000a,1.50101,0x00000000,2025-12-14T14:59:43.371Z,2025-12-14T14:59:43.371Z
37,0x000a,0,0x00000000,2025-12-14T14:59:43.371Z,2025-12-14T14:59:43.371Z
36,0x000a,2.06278,0x00000000,2025-12-14T14:59:43.371Z,2025-12-14T14:59:43.371Z
35,0x000a,1.51563,0x00000000,2025-12-14T14:59:43.371Z,2025-12-14T14:59:43.371Z
34,0x000a,0.497267,0x00000000,2025-12-14T14:59:43.371Z,2025-12-14T14:59:43.371Z
26,0x000a,7.31988,0x00000000,2025-12-14T14:59:43.371Z,2025-12-14T14:59:43.371Z
25,0x000a,5.30997,0x00000000,2025-12-14T14:59:43.371Z,2025-12-14T14:59:43.371Z
23,0x000a,2.06278,0x00000000,2025-12-14T14:59:43.371Z,2025-12-14T14:59:43.371Z
22,0x000a,1.51563,0x00000000,2025-12-14T14:59:43.371Z,2025-12-14T14:59:43.371Z
21,0x000a,0.497267,0x00000000,2025-12-14T14:59:43.371Z,2025-12-14T14:59:43.371Z
8,0x0004,20238,0x00000000,2025-12-14T14:59:43.371Z,2025-12-14T14:59:43.371Z
7,0x0004,14681,0x00000000,2025-12-14T14:59:43.371Z,2025-12-14T14:59:43.371Z
39,0x000a,2.0978,0x00000000,2025-12-14T14:59:43.672Z,2025-12-14T14:59:43.672Z
36,0x000a,3.29076,0x00000000,2025-12-14T14:59:43.672Z,2025-12-14T14:59:43.672Z
35,0x000a,2.35283,0x00000000,2025-12-14T14:59:43.672Z,2025-12-14T14:59:43.672Z
34,0x000a,0.124317,0x00000000,2025-12-14T14:59:43.672Z,2025-12-14T14:59:43.672Z
26,0x000a,7.92969,0x00000000,2025-12-14T14:59:43.672Z,2025-12-14T14:59:43.672Z
25,0x000a,5.75991,0x00000000,2025-12-14T14:59:43.672Z,2025-12-14T14:59:43.672Z
23,0x000a,3.29076,0x00000000,2025-12-14T14:59:43.672Z,2025-12-14T14:59:43.672Z
22,0x000a,2.35283,0x00000000,2025-12-14T14:59:43.672Z,2025-12-14T14:59:43.672Z
21,0x000a,0.124317,0x00000000,2025-12-14T14:59:43.672Z,2025-12-14T14:59:43.672Z
8,0x0004,21371,0x00000000,2025-12-14T14:59:43.670Z,2025-12-14T14:59:43.670Z
7,0x0004,15510,0x00000000,2025-12-14T14:59:43.670Z,2025-12-14T14:59:43.670Z
39,0x000a,2.00015,0x00000000,2025-12-14T14:59:43.970Z,2025-12-14T14:59:43.970Z
36,0x000a,2.22431,0x00000000,2025-12-14T14:59:43.970Z,2025-12-14T14:59:43.970Z
35,0x000a,1.55685,0x00000000,2025-12-14T14:59:43.970Z,2025-12-14T14:59:43.970Z
34,0x000a,0.0155396,0x00000000,2025-12-14T14:59:43.970Z,2025-12-14T14:59:43.970Z
26,0x000a,8.33984,0x00000000,2025-12-14T14:59:43.970Z,2025-12-14T14:59:43.970Z
25,0x000a,6.04999,0x00000000,2025-12-14T14:59:43.970Z,2025-12-14T14:59:43.970Z
23,0x000a,2.22431,0x00000000,2025-12-14T14:59:43.970Z,2025-12-14T14:59:43.970Z
22,0x000a,1.55685,0x00000000,2025-12-14T14:59:43.970Z,2025-12-14T14:59:43.970Z
21,0x000a,0.0155396,0x00000000,2025-12-14T14:59:43.970Z,2025-12-14T14:59:43.970Z
8,0x0004,23058,0x00000000,2025-12-14T14:59:43.968Z,2025-12-14T14:59:43.968Z
7,0x0004,16727,0x00000000,2025-12-14T14:59:43.968Z,2025-12-14T14:59:43.968Z
39,0x000a,2.00014,0x00000000,2025-12-14T14:59:44.270Z,2025-12-14T14:59:44.270Z
36,0x000a,2.20359,0x00000000,2025-12-14T14:59:44.270Z,2025-12-14T14:59:44.270Z
35,0x000a,1.58214,0x00000000,2025-12-14T14:59:44.270Z,2025-12-14T14:59:44.270Z
34,0x000a,0.00194245,0x00000000,2025-12-14T14:59:44.270Z,2025-12-14T14:59:44.270Z
26,0x000a,8.99993,0x00000000,2025-12-14T14:59:44.270Z,2025-12-14T14:59:44.270Z
25,0x000a,6.52995,0x00000000,2025-12-14T14:59:44.270Z,2025-12-14T14:59:44.270Z
23,0x000a,2.20359,0x00000000,2025-12-14T14:59:44.270Z,2025-12-14T14:59:44.270Z
22,0x000a,1.58214,0x00000000,2025-12-14T14:59:44.270Z,2025-12-14T14:59:44.270Z
21,0x000a,0.00194245,0x00000000,2025-12-14T14:59:44.270Z,2025-12-14T14:59:44.270Z
8,0x0004,24883,0x00000000,2025-12-14T14:59:44.268Z,2025-12-14T14:59:44.268Z
7,0x0004,18054,0x00000000,2025-12-14T14:59:44.268Z,2025-12-14T14:59:44.268Z
39,0x000a,2.00015,0x00000000,2025-12-14T14:59:44.569Z,2025-12-14T14:59:44.569Z
38,0x000a,1.49739,0x00000000,2025-12-14T14:59:44.569Z,2025-12-14T14:59:44.569Z
36,0x000a,2.09983,0x00000000,2025-12-14T14:59:44.569Z,2025-12-14T14:59:44.569Z
35,0x000a,1.47066,0x00000000,2025-12-14T14:59:44.569Z,2025-12-14T14:59:44.569Z
34,0x000a,0.000485612,0x00000000,2025-12-14T14:59:44.569Z,2025-12-14T14:59:44.569Z
26,0x000a,9.61986,0x00000000,2025-12-14T14:59:44.569Z,2025-12-14T14:59:44.569Z
25,0x000a,6.96976,0x00000000,2025-12-14T14:59:44.569Z,2025-12-14T14:59:44.569Z
23,0x000a,2.09983,0x00000000,2025-12-14T14:59:44.569Z,2025-12-14T14:59:44.569Z
22,0x000a,1.47066,0x00000000,2025-12-14T14:59:44.569Z,2025-12-14T14:59:44.569Z
21,0x000a,0.000485612,0x00000000,2025-12-14T14:59:44.569Z,2025-12-14T14:59:44.569Z
8,0x0004,26597,0x00000000,2025-12-14T14:59:44.569Z,2025-12-14T14:59:44.569Z
7,0x0004,19270,0x00000000,2025-12-14T14:59:44.569Z,2025-12-14T14:59:44.569Z
39,0x000a,0,0x00000000,2025-12-14T14:59:44.871Z,2025-12-14T14:59:44.871Z
38,0x000a,1.50102,0x00000000,2025-12-14T14:59:44.871Z,2025-12-14T14:59:44.871Z
36,0x000a,2.4385,0x00000000,2025-12-14T14:59:44.871Z,2025-12-14T14:59:44.871Z
35,0x000a,1.97148,0x00000000,2025-12-14T14:59:44.871Z,2025-12-14T14:59:44.871Z
34,0x000a,6.07015e-05,0x00000000,2025-12-14T14:59:44.871Z,2025-12-14T14:59:44.871Z
30,0x0004,0,0x00000000,2025-12-14T14:59:44.871Z,2025-12-14T14:59:44.871Z
26,0x000a,10,0x00000000,2025-12-14T14:59:44.871Z,2025-12-14T14:59:44.871Z
25,0x000a,7.43996,0x00000000,2025-12-14T14:59:44.871Z,2025-12-14T14:59:44.871Z
23,0x000a,2.4385,0x00000000,2025-12-14T14:59:44.871Z,2025-12-14T14:59:44.871Z
22,0x000a,1.97148,0x00000000,2025-12-14T14:59:44.871Z,2025-12-14T14:59:44.871Z
21,0x000a,6.07015e-05,0x00000000,2025-12-14T14:59:44.871Z,2025-12-14T14:59:44.871Z
17,0x0001,false,0x00000000,2025-12-14T14:59:44.871Z,2025-12-14T14:59:44.871Z
8,0x0004,27648,0x00000000,2025-12-14T14:59:44.871Z,2025-12-14T14:59:44.871Z
7,0x0004,20570,0x00000000,2025-12-14T14:59:44.871Z,2025-12-14T14:59:44.871Z
42,0x0001,true,0x00000000,2025-12-14T14:59:45.171Z,2025-12-14T14:59:45.171Z
36,0x000a,0.304812,0x00000000,2025-12-14T14:59:45.171Z,2025-12-14T14:59:45.171Z
35,0x000a,1.55892,0x00000000,2025-12-14T14:59:45.171Z,2025-12-14T14:59:45.171Z
34,0x000a,7.58769e-06,0x00000000,2025-12-14T14:59:45.171Z,2025-12-14T14:59:45.171Z
25,0x000a,7.8899,0x00000000,2025-12-14T14:59:45.171Z,2025-12-14T14:59:45.171Z
23,0x000a,0.304812,0x00000000,2025-12-14T14:59:45.171Z,2025-12-14T14:59:45.171Z
22,0x000a,1.55892,0x00000000,2025-12-14T14:59:45.171Z,2025-12-14T14:59:45.171Z
21,0x000a,7.58769e-06,0x00000000,2025-12-14T14:59:45.171Z,2025-12-14T14:59:45.171Z
7,0x0004,21814,0x00000000,2025-12-14T14:59:45.169Z,2025-12-14T14:59:45.169Z
38,0x000a,1.80121,0x00000000,2025-12-14T14:59:45.470Z,2025-12-14T14:59:45.470Z
36,0x000a,0.076203,0x00000000,2025-12-14T14:59:45.470Z,2025-12-14T14:59:45.470Z
35,0x000a,1.46485,0x00000000,2025-12-14T14:59:45.470Z,2025-12-14T14:59:45.470Z
34,0x000a,1.89692e-06,0x00000000,2025-12-14T14:59:45.470Z,2025-12-14T14:59:45.470Z
25,0x000a,8.35974,0x00000000,2025-12-14T14:59:45.470Z,2025-12-14T14:59:45.470Z
23,0x000a,0.076203,0x00000000,2025-12-14T14:59:45.470Z,2025-12-14T14:59:45.470Z
22,0x000a,1.46485,0x00000000,2025-12-14T14:59:45.470Z,2025-12-14T14:59:45.470Z
21,0x000a,1.89692e-06,0x00000000,2025-12-14T14:59:45.470Z,2025-12-14T14:59:45.470Z
7,0x0004,23113,0x00000000,2025-12-14T14:59:45.467Z,2025-12-14T14:59:45.467Z
38,0x000a,2.90075,0x00000000,2025-12-14T14:59:45.770Z,2025-12-14T14:59:45.770Z
36,0x000a,0.00952537,0x00000000,2025-12-14T14:59:45.770Z,2025-12-14T14:59:45.770Z
35,0x000a,1.53311,0x00000000,2025-12-14T14:59:45.770Z,2025-12-14T14:59:45.770Z
34,0x000a,2.37115e-07,0x00000000,2025-12-14T14:59:45.770Z,2025-12-14T14:59:45.770Z
25,0x000a,8.79991,0x00000000,2025-12-14T14:59:45.770Z,2025-12-14T14:59:45.770Z
23,0x000a,0.00952537,0x00000000,2025-12-14T14:59:45.770Z,2025-12-14T14:59:45.770Z
22,0x000a,1.53311,0x00000000,2025-12-14T14:59:45.770Z,2025-12-14T14:59:45.770Z
21,0x000a,2.37115e-07,0x00000000,2025-12-14T14:59:45.770Z,2025-12-14T14:59:45.770Z
15,0x0001,false,0x00000000,2025-12-14T14:59:45.770Z,2025-12-14T14:59:45.770Z
7,0x0004,24330,0x00000000,2025-12-14T14:59:45.770Z,2025-12-14T14:59:45.770Z
38,0x000a,0.900602,0x00000000,2025-12-14T14:59:46.071Z,2025-12-14T14:59:46.071Z
36,0x000a,0.00119067,0x00000000,2025-12-14T14:59:46.071Z,2025-12-14T14:59:46.071Z
35,0x000a,1.37888,0x00000000,2025-12-14T14:59:46.071Z,2025-12-14T14:59:46.071Z
34,0x000a,2.96394e-08,0x00000000,2025-12-14T14:59:46.071Z,2025-12-14T14:59:46.071Z
25,0x000a,9.03971,0x00000000,2025-12-14T14:59:46.071Z,2025-12-14T14:59:46.071Z
23,0x000a,0.00119067,0x00000000,2025-12-14T14:59:46.071Z,2025-12-14T14:59:46.071Z
22,0x000a,1.37888,0x00000000,2025-12-14T14:59:46.071Z,2025-12-14T14:59:46.071Z
21,0x000a,2.96394e-08,0x00000000,2025-12-14T14:59:46.071Z,2025-12-14T14:59:46.071Z
7,0x0004,24993,0x00000000,2025-12-14T14:59:46.068Z,2025-12-14T14:59:46.068Z
42,0x0001,false,0x00000000,2025-12-14T14:59:46.370Z,2025-12-14T14:59:46.370Z
40,0x0001,false,0x00000000,2025-12-14T14:59:46.370Z,2025-12-14T14:59:46.370Z
38,0x000a,0,0x00000000,2025-12-14T14:59:46.370Z,2025-12-14T14:59:46.370Z
36,0x000a,0.000297668,0x00000000,2025-12-14T14:59:46.370Z,2025-12-14T14:59:46.370Z
35,0x000a,0.344721,0x00000000,2025-12-14T14:59:46.370Z,2025-12-14T14:59:46.370Z
34,0x000a,7.40985e-09,0x00000000,2025-12-14T14:59:46.370Z,2025-12-14T14:59:46.370Z
23,0x000a,0.000297668,0x00000000,2025-12-14T14:59:46.370Z,2025-12-14T14:59:46.370Z
22,0x000a,0.344721,0x00000000,2025-12-14T14:59:46.370Z,2025-12-14T14:59:46.370Z
21,0x000a,7.40985e-09,0x00000000,2025-12-14T14:59:46.370Z,2025-12-14T14:59:46.370Z
18,0x0001,true,0x00000000,2025-12-14T14:59:46.370Z,2025-12-14T14:59:46.370Z
16,0x0001,true,0x00000000,2025-12-14T14:59:46.370Z,2025-12-14T14:59:46.370Z
14,0x0001,true,0x00000000,2025-12-14T14:59:46.370Z,2025-12-14T14:59:46.370Z
4,0x000a,5,0x00000000,2025-12-14T14:59:46.368Z,2025-12-14T14:59:46.368Z
3,0x000a,5,0x00000000,2025-12-14T14:59:46.368Z,2025-12-14T14:59:46.368Z
2,0x000a,5,0x00000000,2025-12-14T14:59:46.368Z,2025-12-14T14:59:46.368Z
39,0x000a,-2.10142,0x00000000,2025-12-14T14:59:46.672Z,2025-12-14T14:59:46.672Z
38,0x000a,-1.49739,0x00000000,2025-12-14T14:59:46.672Z,2025-12-14T14:59:46.672Z
37,0x000a,-2.70183,0x00000000,2025-12-14T14:59:46.672Z,2025-12-14T14:59:46.672Z
36,0x000a,-0.0505981,0x00000000,2025-12-14T14:59:46.672Z,2025-12-14T14:59:46.672Z
35,0x000a,-0.257112,0x00000000,2025-12-14T14:59:46.672Z,2025-12-14T14:59:46.672Z
34,0x000a,-0.499129,0x00000000,2025-12-14T14:59:46.672Z,2025-12-14T14:59:46.672Z
30,0x0004,1000,0x00000000,2025-12-14T14:59:46.672Z,2025-12-14T14:59:46.672Z
26,0x000a,9.53993,0x00000000,2025-12-14T14:59:46.672Z,2025-12-14T14:59:46.672Z
25,0x000a,8.64981,0x00000000,2025-12-14T14:59:46.672Z,2025-12-14T14:59:46.672Z
24,0x000a,7.55968,0x00000000,2025-12-14T14:59:46.672Z,2025-12-14T14:59:46.672Z
23,0x000a,-0.0505981,0x00000000,2025-12-14T14:59:46.672Z,2025-12-14T14:59:46.672Z
22,0x000a,-0.257112,0x00000000,2025-12-14T14:59:46.672Z,2025-12-14T14:59:46.672Z
21,0x000a,-0.499129,0x00000000,2025-12-14T14:59:46.672Z,2025-12-14T14:59:46.672Z
8,0x0004,26376,0x00000000,2025-12-14T14:59:46.669Z,2025-12-14T14:59:46.669Z
7,0x0004,23915,0x00000000,2025-12-14T14:59:46.669Z,2025-12-14T14:59:46.669Z
6,0x0004,20901,0x00000000,2025-12-14T14:59:46.669Z,2025-12-14T14:59:46.669Z
39,0x000a,-4.10156,0x00000000,2025-12-14T14:59:46.970Z,2025-12-14T14:59:46.970Z
38,0x000a,-2.90075,0x00000000,2025-12-14T14:59:46.970Z,2025-12-14T14:59:46.970Z
37,0x000a,-5.29875,0x00000000,2025-12-14T14:59:46.970Z,2025-12-14T14:59:46.970Z
36,0x000a,-2.91928,0x00000000,2025-12-14T14:59:46.970Z,2025-12-14T14:59:46.970Z
35,0x000a,-2.11999,0x00000000,2025-12-14T14:59:46.970Z,2025-12-14T14:59:46.970Z
34,0x000a,-3.84973,0x00000000,2025-12-14T14:59:46.970Z,2025-12-14T14:59:46.970Z
26,0x000a,8.91999,0x00000000,2025-12-14T14:59:46.970Z,2025-12-14T14:59:46.970Z
25,0x000a,8.21,0x00000000,2025-12-14T14:59:46.970Z,2025-12-14T14:59:46.970Z
24,0x000a,6.75998,0x00000000,2025-12-14T14:59:46.970Z,2025-12-14T14:59:46.970Z
23,0x000a,-2.91928,0x00000000,2025-12-14T14:59:46.970Z,2025-12-14T14:59:46.970Z
22,0x000a,-2.11999,0x00000000,2025-12-14T14:59:46.970Z,2025-12-14T14:59:46.970Z
21,0x000a,-3.84973,0x00000000,2025-12-14T14:59:46.970Z,2025-12-14T14:59:46.970Z
8,0x0004,24662,0x00000000,2025-12-14T14:59:46.968Z,2025-12-14T14:59:46.968Z
7,0x0004,22699,0x00000000,2025-12-14T14:59:46.968Z,2025-12-14T14:59:46.968Z
6,0x0004,18690,0x00000000,2025-12-14T14:59:46.968Z,2025-12-14T14:59:46.968Z
39,0x000a,-2.10141,0x00000000,2025-12-14T14:59:47.271Z,2025-12-14T14:59:47.271Z
38,0x000a,-1.50101,0x00000000,2025-12-14T14:59:47.271Z,2025-12-14T14:59:47.271Z
37,0x000a,-2.70182,0x00000000,2025-12-14T14:59:47.271Z,2025-12-14T14:59:47.271Z
36,0x000a,-2.25435,0x00000000,2025-12-14T14:59:47.271Z,2025-12-14T14:59:47.271Z
35,0x000a,-1.65485,0x00000000,2025-12-14T14:59:47.271Z,2025-12-14T14:59:47.271Z
34,0x000a,-2.93726,0x00000000,2025-12-14T14:59:47.271Z,2025-12-14T14:59:47.271Z
26,0x000a,8.50984,0x00000000,2025-12-14T14:59:47.271Z,2025-12-14T14:59:47.271Z
25,0x000a,7.90979,0x00000000,2025-12-14T14:59:47.271Z,2025-12-14T14:59:47.271Z
24,0x000a,6.22975,0x00000000,2025-12-14T14:59:47.271Z,2025-12-14T14:59:47.271Z
23,0x000a,-2.25435,0x00000000,2025-12-14T14:59:47.271Z,2025-12-14T14:59:47.271Z
22,0x000a,-1.65485,0x00000000,2025-12-14T14:59:47.271Z,2025-12-14T14:59:47.271Z
21,0x000a,-2.93726,0x00000000,2025-12-14T14:59:47.271Z,2025-12-14T14:59:47.271Z
8,0x0004,23528,0x00000000,2025-12-14T14:59:47.271Z,2025-12-14T14:59:47.271Z
7,0x0004,21869,0x00000000,2025-12-14T14:59:47.271Z,2025-12-14T14:59:47.271Z
6,0x0004,17224,0x00000000,2025-12-14T14:59:47.271Z,2025-12-14T14:59:47.271Z
39,0x000a,-2.49928,0x00000000,2025-12-14T14:59:47.571Z,2025-12-14T14:59:47.571Z
38,0x000a,-1.7976,0x00000000,2025-12-14T14:59:47.571Z,2025-12-14T14:59:47.571Z
37,0x000a,-3.20096,0x00000000,2025-12-14T14:59:47.571Z,2025-12-14T14:59:47.571Z
36,0x000a,-2.0699,0x00000000,2025-12-14T14:59:47.571Z,2025-12-14T14:59:47.571Z
35,0x000a,-1.49493,0x00000000,2025-12-14T14:59:47.571Z,2025-12-14T14:59:47.571Z
34,0x000a,-2.70413,0x00000000,2025-12-14T14:59:47.571Z,2025-12-14T14:59:47.571Z
26,0x000a,7.84975,0x00000000,2025-12-14T14:59:47.571Z,2025-12-14T14:59:47.571Z
25,0x000a,7.43996,0x00000000,2025-12-14T14:59:47.571Z,2025-12-14T14:59:47.571Z
24,0x000a,5.37977,0x00000000,2025-12-14T14:59:47.571Z,2025-12-14T14:59:47.571Z
23,0x000a,-2.0699,0x00000000,2025-12-14T14:59:47.571Z,2025-12-14T14:59:47.571Z
22,0x000a,-1.49493,0x00000000,2025-12-14T14:59:47.571Z,2025-12-14T14:59:47.571Z
21,0x000a,-2.70413,0x00000000,2025-12-14T14:59:47.571Z,2025-12-14T14:59:47.571Z
8,0x0004,21703,0x00000000,2025-12-14T14:59:47.569Z,2025-12-14T14:59:47.569Z
7,0x0004,20570,0x00000000,2025-12-14T14:59:47.569Z,2025-12-14T14:59:47.569Z
6,0x0004,14874,0x00000000,2025-12-14T14:59:47.569Z,2025-12-14T14:59:47.569Z
39,0x000a,-2.0978,0x00000000,2025-12-14T14:59:47.871Z,2025-12-14T14:59:47.871Z
38,0x000a,-1.39974,0x00000000,2025-12-14T14:59:47.871Z,2025-12-14T14:59:47.871Z
37,0x000a,-2.6982,0x00000000,2025-12-14T14:59:47.871Z,2025-12-14T14:59:47.871Z
36,0x000a,-2.14237,0x00000000,2025-12-14T14:59:47.871Z,2025-12-14T14:59:47.871Z
35,0x000a,-1.57364,0x00000000,2025-12-14T14:59:47.871Z,2025-12-14T14:59:47.871Z
34,0x000a,-2.77655,0x00000000,2025-12-14T14:59:47.871Z,2025-12-14T14:59:47.871Z
26,0x000a,7.23994,0x00000000,2025-12-14T14:59:47.871Z,2025-12-14T14:59:47.871Z
25,0x000a,6.99978,0x00000000,2025-12-14T14:59:47.871Z,2025-12-14T14:59:47.871Z
24,0x000a,4.73994,0x00000000,2025-12-14T14:59:47.871Z,2025-12-14T14:59:47.871Z
23,0x000a,-2.14237,0x00000000,2025-12-14T14:59:47.871Z,2025-12-14T14:59:47.871Z
22,0x000a,-1.57364,0x00000000,2025-12-14T14:59:47.871Z,2025-12-14T14:59:47.871Z
21,0x000a,-2.77655,0x00000000,2025-12-14T14:59:47.871Z,2025-12-14T14:59:47.871Z
14,0x0001,false,0x00000000,2025-12-14T14:59:47.871Z,2025-12-14T14:59:47.871Z
8,0x0004,20017,0x00000000,2025-12-14T14:59:47.868Z,2025-12-14T14:59:47.868Z
7,0x0004,19353,0x00000000,2025-12-14T14:59:47.868Z,2025-12-14T14:59:47.868Z
6,0x0004,13105,0x00000000,2025-12-14T14:59:47.868Z,2025-12-14T14:59:47.868Z
40,0x0001,true,0x00000000,2025-12-14T14:59:48.172Z,2025-12-14T14:59:48.172Z
39,0x000a,-2.00014,0x00000000,2025-12-14T14:59:48.172Z,2025-12-14T14:59:48.172Z
38,0x000a,-1.39974,0x00000000,2025-12-14T14:59:48.172Z,2025-12-14T14:59:48.172Z
37,0x000a,0,0x00000000,2025-12-14T14:59:48.172Z,2025-12-14T14:59:48.172Z
36,0x000a,-3.33041,0x00000000,2025-12-14T14:59:48.172Z,2025-12-14T14:59:48.172Z
35,0x000a,-2.39623,0x00000000,2025-12-14T14:59:48.172Z,2025-12-14T14:59:48.172Z
34,0x000a,-0.959228,0x00000000,2025-12-14T14:59:48.172Z,2025-12-14T14:59:48.172Z
26,0x000a,6.57986,0x00000000,2025-12-14T14:59:48.172Z,2025-12-14T14:59:48.172Z
25,0x000a,6.52995,0x00000000,2025-12-14T14:59:48.172Z,2025-12-14T14:59:48.172Z
23,0x000a,-3.33041,0x00000000,2025-12-14T14:59:48.172Z,2025-12-14T14:59:48.172Z
22,0x000a,-2.39623,0x00000000,2025-12-14T14:59:48.172Z,2025-12-14T14:59:48.172Z
21,0x000a,-0.959228,0x00000000,2025-12-14T14:59:48.172Z,2025-12-14T14:59:48.172Z
8,0x0004,18192,0x00000000,2025-12-14T14:59:48.167Z,2025-12-14T14:59:48.167Z
7,0x0004,18054,0x00000000,2025-12-14T14:59:48.167Z,2025-12-14T14:59:48.167Z
39,0x000a,-2.0978,0x00000000,2025-12-14T14:59:48.471Z,2025-12-14T14:59:48.471Z
38,0x000a,-1.50101,0x00000000,2025-12-14T14:59:48.471Z,2025-12-14T14:59:48.471Z
36,0x000a,-2.19174,0x00000000,2025-12-14T14:59:48.471Z,2025-12-14T14:59:48.471Z
35,0x000a,-1.60026,0x00000000,2025-12-14T14:59:48.471Z,2025-12-14T14:59:48.471Z
34,0x000a,-0.119904,0x00000000,2025-12-14T14:59:48.471Z,2025-12-14T14:59:48.471Z
26,0x000a,5.95992,0x00000000,2025-12-14T14:59:48.471Z,2025-12-14T14:59:48.471Z
25,0x000a,6.07964,0x00000000,2025-12-14T14:59:48.471Z,2025-12-14T14:59:48.471Z
23,0x000a,-2.19174,0x00000000,2025-12-14T14:59:48.471Z,2025-12-14T14:59:48.471Z
22,0x000a,-1.60026,0x00000000,2025-12-14T14:59:48.471Z,2025-12-14T14:59:48.471Z
21,0x000a,-0.119904,0x00000000,2025-12-14T14:59:48.471Z,2025-12-14T14:59:48.471Z
8,0x0004,16478,0x00000000,2025-12-14T14:59:48.469Z,2025-12-14T14:59:48.469Z
7,0x0004,16809,0x00000000,2025-12-14T14:59:48.469Z,2025-12-14T14:59:48.469Z
39,0x000a,-2.10142,0x00000000,2025-12-14T14:59:48.771Z,2025-12-14T14:59:48.771Z
38,0x000a,-1.39974,0x00000000,2025-12-14T14:59:48.771Z,2025-12-14T14:59:48.771Z
36,0x000a,-2.07246,0x00000000,2025-12-14T14:59:48.771Z,2025-12-14T14:59:48.771Z
35,0x000a,-1.52402,0x00000000,2025-12-14T14:59:48.771Z,2025-12-14T14:59:48.771Z
34,0x000a,-0.0299759,0x00000000,2025-12-14T14:59:48.771Z,2025-12-14T14:59:48.771Z
26,0x000a,5.34975,0x00000000,2025-12-14T14:59:48.771Z,2025-12-14T14:59:48.771Z
25,0x000a,5.63983,0x00000000,2025-12-14T14:59:48.771Z,2025-12-14T14:59:48.771Z
23,0x000a,-2.07246,0x00000000,2025-12-14T14:59:48.771Z,2025-12-14T14:59:48.771Z
22,0x000a,-1.52402,0x00000000,2025-12-14T14:59:48.771Z,2025-12-14T14:59:48.771Z
21,0x000a,-0.0299759,0x00000000,2025-12-14T14:59:48.771Z,2025-12-14T14:59:48.771Z
8,0x0004,14791,0x00000000,2025-12-14T14:59:48.769Z,2025-12-14T14:59:48.769Z
7,0x0004,15593,0x00000000,2025-12-14T14:59:48.769Z,2025-12-14T14:59:48.769Z
38,0x000a,-1.4974,0x00000000,2025-12-14T14:59:49.070Z,2025-12-14T14:59:49.070Z
36,0x000a,-2.27141,0x00000000,2025-12-14T14:59:49.070Z,2025-12-14T14:59:49.070Z
35,0x000a,-1.64133,0x00000000,2025-12-14T14:59:49.070Z,2025-12-14T14:59:49.070Z
34,0x000a,-0.00374698,0x00000000,2025-12-14T14:59:49.070Z,2025-12-14T14:59:49.070Z
26,0x000a,4.80975,0x00000000,2025-12-14T14:59:49.070Z,2025-12-14T14:59:49.070Z
25,0x000a,5.16999,0x00000000,2025-12-14T14:59:49.070Z,2025-12-14T14:59:49.070Z
23,0x000a,-2.27141,0x00000000,2025-12-14T14:59:49.070Z,2025-12-14T14:59:49.070Z
22,0x000a,-1.64133,0x00000000,2025-12-14T14:59:49.070Z,2025-12-14T14:59:49.070Z
21,0x000a,-0.00374698,0x00000000,2025-12-14T14:59:49.070Z,2025-12-14T14:59:49.070Z
18,0x0001,false,0x00000000,2025-12-14T14:59:49.070Z,2025-12-14T14:59:49.070Z
16,0x0001,false,0x00000000,2025-12-14T14:59:49.070Z,2025-12-14T14:59:49.070Z
8,0x0004,13298,0x00000000,2025-12-14T14:59:49.070Z,2025-12-14T14:59:49.070Z
7,0x0004,14294,0x00000000,2025-12-14T14:59:49.070Z,2025-12-14T14:59:49.070Z
42,0x0001,true,0x00000000,2025-12-14T14:59:49.372Z,2025-12-14T14:59:49.372Z
39,0x000a,0,0x00000000,2025-12-14T14:59:49.372Z,2025-12-14T14:59:49.372Z
38,0x000a,0,0x00000000,2025-12-14T14:59:49.372Z,2025-12-14T14:59:49.372Z
36,0x000a,-0.746437,0x00000000,2025-12-14T14:59:49.372Z,2025-12-14T14:59:49.372Z
35,0x000a,-1.41773,0x00000000,2025-12-14T14:59:49.372Z,2025-12-14T14:59:49.372Z
34,0x000a,-0.000468373,0x00000000,2025-12-14T14:59:49.372Z,2025-12-14T14:59:49.372Z
25,0x000a,4.95985,0x00000000,2025-12-14T14:59:49.372Z,2025-12-14T14:59:49.372Z
23,0x000a,-0.746437,0x00000000,2025-12-14T14:59:49.372Z,2025-12-14T14:59:49.372Z
22,0x000a,-1.41773,0x00000000,2025-12-14T14:59:49.372Z,2025-12-14T14:59:49.372Z
21,0x000a,-0.000468373,0x00000000,2025-12-14T14:59:49.372Z,2025-12-14T14:59:49.372Z
7,0x0004,13713,0x00000000,2025-12-14T14:59:49.368Z,2025-12-14T14:59:49.368Z
42,0x0001,false,0x00000000,2025-12-14T14:59:49.671Z,2025-12-14T14:59:49.671Z
40,0x0001,false,0x00000000,2025-12-14T14:59:49.671Z,2025-12-14T14:59:49.671Z
36,0x000a,-0.186609,0x00000000,2025-12-14T14:59:49.671Z,2025-12-14T14:59:49.671Z
35,0x000a,-0.354433,0x00000000,2025-12-14T14:59:49.671Z,2025-12-14T14:59:49.671Z
34,0x000a,-0.000117093,0x00000000,2025-12-14T14:59:49.671Z,2025-12-14T14:59:49.671Z
23,0x000a,-0.186609,0x00000000,2025-12-14T14:59:49.671Z,2025-12-14T14:59:49.671Z
22,0x000a,-0.354433,0x00000000,2025-12-14T14:59:49.671Z,2025-12-14T14:59:49.671Z
21,0x000a,-0.000117093,0x00000000,2025-12-14T14:59:49.671Z,2025-12-14T14:59:49.671Z
18,0x0001,true,0x00000000,2025-12-14T14:59:49.671Z,2025-12-14T14:59:49.671Z
16,0x0001,true,0x00000000,2025-12-14T14:59:49.671Z,2025-12-14T14:59:49.671Z
14,0x0001,true,0x00000000,2025-12-14T14:59:49.671Z,2025-12-14T14:59:49.671Z
4,0x000a,0,0x00000000,2025-12-14T14:59:49.669Z,2025-12-14T14:59:49.669Z
3,0x000a,0,0x00000000,2025-12-14T14:59:49.669Z,2025-12-14T14:59:49.669Z
2,0x000a,0,0x00000000,2025-12-14T14:59:49.669Z,2025-12-14T14:59:49.669Z
39,0x000a,-2.398,0x00000000,2025-12-14T14:59:49.970Z,2025-12-14T14:59:49.970Z
38,0x000a,-1.80121,0x00000000,2025-12-14T14:59:49.970Z,2025-12-14T14:59:49.970Z
37,0x000a,-3.20095,0x00000000,2025-12-14T14:59:49.970Z,2025-12-14T14:59:49.970Z
36,0x000a,-0.173427,0x00000000,2025-12-14T14:59:49.970Z,2025-12-14T14:59:49.970Z
35,0x000a,-0.344506,0x00000000,2025-12-14T14:59:49.970Z,2025-12-14T14:59:49.970Z
34,0x000a,-0.500956,0x00000000,2025-12-14T14:59:49.970Z,2025-12-14T14:59:49.970Z
26,0x000a,4.32979,0x00000000,2025-12-14T14:59:49.970Z,2025-12-14T14:59:49.970Z
25,0x000a,4.56995,0x00000000,2025-12-14T14:59:49.970Z,2025-12-14T14:59:49.970Z
24,0x000a,4.04984,0x00000000,2025-12-14T14:59:49.970Z,2025-12-14T14:59:49.970Z
23,0x000a,-0.173427,0x00000000,2025-12-14T14:59:49.970Z,2025-12-14T14:59:49.970Z
22,0x000a,-0.344506,0x00000000,2025-12-14T14:59:49.970Z,2025-12-14T14:59:49.970Z
21,0x000a,-0.500956,0x00000000,2025-12-14T14:59:49.970Z,2025-12-14T14:59:49.970Z
8,0x0004,11971,0x00000000,2025-12-14T14:59:49.968Z,2025-12-14T14:59:49.968Z
7,0x0004,12635,0x00000000,2025-12-14T14:59:49.968Z,2025-12-14T14:59:49.968Z
6,0x0004,11197,0x00000000,2025-12-14T14:59:49.968Z,2025-12-14T14:59:49.968Z
39,0x000a,-4.19922,0x00000000,2025-12-14T14:59:50.270Z,2025-12-14T14:59:50.270Z
38,0x000a,-3.00203,0x00000000,2025-12-14T14:59:50.270Z,2025-12-14T14:59:50.270Z
37,0x000a,-5.40003,0x00000000,2025-12-14T14:59:50.270Z,2025-12-14T14:59:50.270Z
36,0x000a,-1.84686,0x00000000,2025-12-14T14:59:50.270Z,2025-12-14T14:59:50.270Z
35,0x000a,-1.34243,0x00000000,2025-12-14T14:59:50.270Z,2025-12-14T14:59:50.270Z
34,0x000a,-2.43757,0x00000000,2025-12-14T14:59:50.270Z,2025-12-14T14:59:50.270Z
26,0x000a,3.70985,0x00000000,2025-12-14T14:59:50.270Z,2025-12-14T14:59:50.270Z
25,0x000a,4.12977,0x00000000,2025-12-14T14:59:50.270Z,2025-12-14T14:59:50.270Z
24,0x000a,3.24978,0x00000000,2025-12-14T14:59:50.270Z,2025-12-14T14:59:50.270Z
23,0x000a,-1.84686,0x00000000,2025-12-14T14:59:50.270Z,2025-12-14T14:59:50.270Z
22,0x000a,-1.34243,0x00000000,2025-12-14T14:59:50.270Z,2025-12-14T14:59:50.270Z
21,0x000a,-2.43757,0x00000000,2025-12-14T14:59:50.270Z,2025-12-14T14:59:50.270Z
8,0x0004,10257,0x00000000,2025-12-14T14:59:50.270Z,2025-12-14T14:59:50.270Z
7,0x0004,11418,0x00000000,2025-12-14T14:59:50.270Z,2025-12-14T14:59:50.270Z
6,0x0004,8985,0x00000000,2025-12-14T14:59:50.270Z,2025-12-14T14:59:50.270Z
39,0x000a,-2.10142,0x00000000,2025-12-14T14:59:50.570Z,2025-12-14T14:59:50.570Z
38,0x000a,-1.4974,0x00000000,2025-12-14T14:59:50.570Z,2025-12-14T14:59:50.570Z
37,0x000a,-2.69821,0x00000000,2025-12-14T14:59:50.570Z,2025-12-14T14:59:50.570Z
36,0x000a,-2.51159,0x00000000,2025-12-14T14:59:50.570Z,2025-12-14T14:59:50.570Z
35,0x000a,-1.83662,0x00000000,2025-12-14T14:59:50.570Z,2025-12-14T14:59:50.570Z
34,0x000a,-3.25967,0x00000000,2025-12-14T14:59:50.570Z,2025-12-14T14:59:50.570Z
26,0x000a,3.0599,0x00000000,2025-12-14T14:59:50.570Z,2025-12-14T14:59:50.570Z
25,0x000a,3.65994,0x00000000,2025-12-14T14:59:50.570Z,2025-12-14T14:59:50.570Z
24,0x000a,2.39981,0x00000000,2025-12-14T14:59:50.570Z,2025-12-14T14:59:50.570Z
23,0x000a,-2.51159,0x00000000,2025-12-14T14:59:50.570Z,2025-12-14T14:59:50.570Z
22,0x000a,-1.83662,0x00000000,2025-12-14T14:59:50.570Z,2025-12-14T14:59:50.570Z
21,0x000a,-3.25967,0x00000000,2025-12-14T14:59:50.570Z,2025-12-14T14:59:50.570Z
8,0x0004,8460,0x00000000,2025-12-14T14:59:50.570Z,2025-12-14T14:59:50.570Z
7,0x0004,10119,0x00000000,2025-12-14T14:59:50.570Z,2025-12-14T14:59:50.570Z
6,0x0004,6635,0x00000000,2025-12-14T14:59:50.570Z,2025-12-14T14:59:50.570Z
39,0x000a,-2.00015,0x00000000,2025-12-14T14:59:50.872Z,2025-12-14T14:59:50.872Z
38,0x000a,-1.50101,0x00000000,2025-12-14T14:59:50.872Z,2025-12-14T14:59:50.872Z
37,0x000a,-2.69821,0x00000000,2025-12-14T14:59:50.872Z,2025-12-14T14:59:50.872Z
36,0x000a,-2.22684,0x00000000,2025-12-14T14:59:50.872Z,2025-12-14T14:59:50.872Z
35,0x000a,-1.59224,0x00000000,2025-12-14T14:59:50.872Z,2025-12-14T14:59:50.872Z
34,0x000a,-2.84525,0x00000000,2025-12-14T14:59:50.872Z,2025-12-14T14:59:50.872Z
26,0x000a,2.64974,0x00000000,2025-12-14T14:59:50.872Z,2025-12-14T14:59:50.872Z
25,0x000a,3.35974,0x00000000,2025-12-14T14:59:50.872Z,2025-12-14T14:59:50.872Z
24,0x000a,1.86994,0x00000000,2025-12-14T14:59:50.872Z,2025-12-14T14:59:50.872Z
23,0x000a,-2.22684,0x00000000,2025-12-14T14:59:50.872Z,2025-12-14T14:59:50.872Z
22,0x000a,-1.59224,0x00000000,2025-12-14T14:59:50.872Z,2025-12-14T14:59:50.872Z
21,0x000a,-2.84525,0x00000000,2025-12-14T14:59:50.872Z,2025-12-14T14:59:50.872Z
8,0x0004,7326,0x00000000,2025-12-14T14:59:50.869Z,2025-12-14T14:59:50.869Z
7,0x0004,9289,0x00000000,2025-12-14T14:59:50.869Z,2025-12-14T14:59:50.869Z
6,0x0004,5170,0x00000000,2025-12-14T14:59:50.869Z,2025-12-14T14:59:50.869Z
39,0x000a,-2.10142,0x00000000,2025-12-14T14:59:51.170Z,2025-12-14T14:59:51.170Z
38,0x000a,-1.4974,0x00000000,2025-12-14T14:59:51.170Z,2025-12-14T14:59:51.170Z
36,0x000a,-2.0529,0x00000000,2025-12-14T14:59:51.170Z,2025-12-14T14:59:51.170Z
35,0x000a,-1.46268,0x00000000,2025-12-14T14:59:51.170Z,2025-12-14T14:59:51.170Z
34,0x000a,-2.69398,0x00000000,2025-12-14T14:59:51.170Z,2025-12-14T14:59:51.170Z
26,0x000a,2.0298,0x00000000,2025-12-14T14:59:51.170Z,2025-12-14T14:59:51.170Z
25,0x000a,2.91992,0x00000000,2025-12-14T14:59:51.170Z,2025-12-14T14:59:51.170Z
24,0x000a,1.06988,0x00000000,2025-12-14T14:59:51.170Z,2025-12-14T14:59:51.170Z
23,0x000a,-2.0529,0x00000000,2025-12-14T14:59:51.170Z,2025-12-14T14:59:51.170Z
22,0x000a,-1.46268,0x00000000,2025-12-14T14:59:51.170Z,2025-12-14T14:59:51.170Z
21,0x000a,-2.69398,0x00000000,2025-12-14T14:59:51.170Z,2025-12-14T14:59:51.170Z
8,0x0004,5612,0x00000000,2025-12-14T14:59:51.168Z,2025-12-14T14:59:51.168Z
7,0x0004,8073,0x00000000,2025-12-14T14:59:51.168Z,2025-12-14T14:59:51.168Z
6,0x0004,2958,0x00000000,2025-12-14T14:59:51.168Z,2025-12-14T14:59:51.168Z
39,0x000a,-4.10156,0x00000000,2025-12-14T14:59:51.473Z,2025-12-14T14:59:51.473Z
38,0x000a,-2.90075,0x00000000,2025-12-14T14:59:51.473Z,2025-12-14T14:59:51.473Z
37,0x000a,-5.29876,0x00000000,2025-12-14T14:59:51.473Z,2025-12-14T14:59:51.473Z
36,0x000a,-2.28822,0x00000000,2025-12-14T14:59:51.473Z,2025-12-14T14:59:51.473Z
35,0x000a,-1.64063,0x00000000,2025-12-14T14:59:51.473Z,2025-12-14T14:59:51.473Z
34,0x000a,-2.94852,0x00000000,2025-12-14T14:59:51.473Z,2025-12-14T14:59:51.473Z
26,0x000a,1.36972,0x00000000,2025-12-14T14:59:51.473Z,2025-12-14T14:59:51.473Z
25,0x000a,2.44973,0x00000000,2025-12-14T14:59:51.473Z,2025-12-14T14:59:51.473Z
24,0x000a,0.219907,0x00000000,2025-12-14T14:59:51.473Z,2025-12-14T14:59:51.473Z
23,0x000a,-2.28822,0x00000000,2025-12-14T14:59:51.473Z,2025-12-14T14:59:51.473Z
22,0x000a,-1.64063,0x00000000,2025-12-14T14:59:51.473Z,2025-12-14T14:59:51.473Z
21,0x000a,-2.94852,0x00000000,2025-12-14T14:59:51.473Z,2025-12-14T14:59:51.473Z
14,0x0001,false,0x00000000,2025-12-14T14:59:51.473Z,2025-12-14T14:59:51.473Z
8,0x0004,3787,0x00000000,2025-12-14T14:59:51.469Z,2025-12-14T14:59:51.469Z
7,0x0004,6773,0x00000000,2025-12-14T14:59:51.469Z,2025-12-14T14:59:51.469Z
6,0x0004,608,0x00000000,2025-12-14T14:59:51.469Z,2025-12-14T14:59:51.469Z
39,0x000a,-2.00014,0x00000000,2025-12-14T14:59:51.770Z,2025-12-14T14:59:51.770Z
38,0x000a,-1.50101,0x00000000,2025-12-14T14:59:51.770Z,2025-12-14T14:59:51.770Z
37,0x000a,0,0x00000000,2025-12-14T14:59:51.770Z,2025-12-14T14:59:51.770Z
36,0x000a,-2.34766,0x00000000,2025-12-14T14:59:51.770Z,2025-12-14T14:59:51.770Z
35,0x000a,-1.69253,0x00000000,2025-12-14T14:59:51.770Z,2025-12-14T14:59:51.770Z
34,0x000a,-1.58068,0x00000000,2025-12-14T14:59:51.770Z,2025-12-14T14:59:51.770Z
28,0x0004,0,0x00000000,2025-12-14T14:59:51.770Z,2025-12-14T14:59:51.770Z
26,0x000a,0.75991,0x00000000,2025-12-14T14:59:51.770Z,2025-12-14T14:59:51.770Z
25,0x000a,1.99978,0x00000000,2025-12-14T14:59:51.770Z,2025-12-14T14:59:51.770Z
24,0x000a,0,0x00000000,2025-12-14T14:59:51.770Z,2025-12-14T14:59:51.770Z
23,0x000a,-2.34766,0x00000000,2025-12-14T14:59:51.770Z,2025-12-14T14:59:51.770Z
22,0x000a,-1.69253,0x00000000,2025-12-14T14:59:51.770Z,2025-12-14T14:59:51.770Z
21,0x000a,-1.58068,0x00000000,2025-12-14T14:59:51.770Z,2025-12-14T14:59:51.770Z
8,0x0004,2101,0x00000000,2025-12-14T14:59:51.768Z,2025-12-14T14:59:51.768Z
7,0x0004,5529,0x00000000,2025-12-14T14:59:51.768Z,2025-12-14T14:59:51.768Z
6,0x0004,0,0x00000000,2025-12-14T14:59:51.768Z,2025-12-14T14:59:51.768Z
40,0x0001,true,0x00000000,2025-12-14T14:59:52.071Z,2025-12-14T14:59:52.071Z
39,0x000a,-2.49928,0x00000000,2025-12-14T14:59:52.071Z,2025-12-14T14:59:52.071Z
38,0x000a,-1.69994,0x00000000,2025-12-14T14:59:52.071Z,2025-12-14T14:59:52.071Z
36,0x000a,-2.31847,0x00000000,2025-12-14T14:59:52.071Z,2025-12-14T14:59:52.071Z
35,0x000a,-1.62442,0x00000000,2025-12-14T14:59:52.071Z,2025-12-14T14:59:52.071Z
34,0x000a,-0.197585,0x00000000,2025-12-14T14:59:52.071Z,2025-12-14T14:59:52.071Z
26,0x000a,0.0998264,0x00000000,2025-12-14T14:59:52.071Z,2025-12-14T14:59:52.071Z
25,0x000a,1.52995,0x00000000,2025-12-14T14:59:52.071Z,2025-12-14T14:59:52.071Z
23,0x000a,-2.31847,0x00000000,2025-12-14T14:59:52.071Z,2025-12-14T14:59:52.071Z
22,0x000a,-1.62442,0x00000000,2025-12-14T14:59:52.071Z,2025-12-14T14:59:52.071Z
21,0x000a,-0.197585,0x00000000,2025-12-14T14:59:52.071Z,2025-12-14T14:59:52.071Z
18,0x0001,false,0x00000000,2025-12-14T14:59:52.071Z,2025-12-14T14:59:52.071Z
8,0x0004,276,0x00000000,2025-12-14T14:59:52.071Z,2025-12-14T14:59:52.071Z
7,0x0004,4230,0x00000000,2025-12-14T14:59:52.071Z,2025-12-14T14:59:52.071Z
39,0x000a,0,0x00000000,2025-12-14T14:59:52.372Z,2025-12-14T14:59:52.372Z
38,0x000a,-1.50101,0x00000000,2025-12-14T14:59:52.372Z,2025-12-14T14:59:52.372Z
36,0x000a,-1.47932,0x00000000,2025-12-14T14:59:52.372Z,2025-12-14T14:59:52.372Z
35,0x000a,-1.53096,0x00000000,2025-12-14T14:59:52.372Z,2025-12-14T14:59:52.372Z
34,0x000a,-0.0493962,0x00000000,2025-12-14T14:59:52.372Z,2025-12-14T14:59:52.372Z
26,0x000a,0.0198929,0x00000000,2025-12-14T14:59:52.372Z,2025-12-14T14:59:52.372Z
25,0x000a,1.08977,0x00000000,2025-12-14T14:59:52.372Z,2025-12-14T14:59:52.372Z
23,0x000a,-1.47932,0x00000000,2025-12-14T14:59:52.372Z,2025-12-14T14:59:52.372Z
22,0x000a,-1.53096,0x00000000,2025-12-14T14:59:52.372Z,2025-12-14T14:59:52.372Z
21,0x000a,-0.0493962,0x00000000,2025-12-14T14:59:52.372Z,2025-12-14T14:59:52.372Z
8,0x0004,55,0x00000000,2025-12-14T14:59:52.368Z,2025-12-14T14:59:52.368Z
7,0x0004,3013,0x00000000,2025-12-14T14:59:52.368Z,2025-12-14T14:59:52.368Z
42,0x0001,true,0x00000000,2025-12-14T14:59:52.670Z,2025-12-14T14:59:52.670Z
38,0x000a,-1.50101,0x00000000,2025-12-14T14:59:52.670Z,2025-12-14T14:59:52.670Z
36,0x000a,-0.184915,0x00000000,2025-12-14T14:59:52.670Z,2025-12-14T14:59:52.670Z
35,0x000a,-2.22814,0x00000000,2025-12-14T14:59:52.670Z,2025-12-14T14:59:52.670Z
34,0x000a,-0.00617453,0x00000000,2025-12-14T14:59:52.670Z,2025-12-14T14:59:52.670Z
25,0x000a,0.639829,0x00000000,2025-12-14T14:59:52.670Z,2025-12-14T14:59:52.670Z
23,0x000a,-0.184915,0x00000000,2025-12-14T14:59:52.670Z,2025-12-14T14:59:52.670Z
22,0x000a,-2.22814,0x00000000,2025-12-14T14:59:52.670Z,2025-12-14T14:59:52.670Z
21,0x000a,-0.00617453,0x00000000,2025-12-14T14:59:52.670Z,2025-12-14T14:59:52.670Z
7,0x0004,1769,0x00000000,2025-12-14T14:59:52.668Z,2025-12-14T14:59:52.668Z
38,0x000a,-1.69994,0x00000000,2025-12-14T14:59:52.970Z,2025-12-14T14:59:52.970Z
36,0x000a,-0.0231144,0x00000000,2025-12-14T14:59:52.970Z,2025-12-14T14:59:52.970Z
35,0x000a,-1.69137,0x00000000,2025-12-14T14:59:52.970Z,2025-12-14T14:59:52.970Z
34,0x000a,-0.000771816,0x00000000,2025-12-14T14:59:52.970Z,2025-12-14T14:59:52.970Z
25,0x000a,0.169994,0x00000000,2025-12-14T14:59:52.970Z,2025-12-14T14:59:52.970Z
23,0x000a,-0.0231144,0x00000000,2025-12-14T14:59:52.970Z,2025-12-14T14:59:52.970Z
22,0x000a,-1.69137,0x00000000,2025-12-14T14:59:52.970Z,2025-12-14T14:59:52.970Z
21,0x000a,-0.000771816,0x00000000,2025-12-14T14:59:52.970Z,2025-12-14T14:59:52.970Z
16,0x0001,false,0x00000000,2025-12-14T14:59:52.970Z,2025-12-14T14:59:52.970Z
7,0x0004,470,0x00000000,2025-12-14T14:59:52.968Z,2025-12-14T14:59:52.968Z
38,0x000a,-0.198929,0x00000000,2025-12-14T14:59:53.270Z,2025-12-14T14:59:53.270Z
36,0x000a,-0.0057786,0x00000000,2025-12-14T14:59:53.270Z,2025-12-14T14:59:53.270Z
35,0x000a,-1.5477,0x00000000,2025-12-14T14:59:53.270Z,2025-12-14T14:59:53.270Z
34,0x000a,-0.000192954,0x00000000,2025-12-14T14:59:53.270Z,2025-12-14T14:59:53.270Z
29,0x0004,0,0x00000000,2025-12-14T14:59:53.270Z,2025-12-14T14:59:53.270Z
25,0x000a,0,0x00000000,2025-12-14T14:59:53.270Z,2025-12-14T14:59:53.270Z
23,0x000a,-0.0057786,0x00000000,2025-12-14T14:59:53.270Z,2025-12-14T14:59:53.270Z
22,0x000a,-1.5477,0x00000000,2025-12-14T14:59:53.270Z,2025-12-14T14:59:53.270Z
21,0x000a,-0.000192954,0x00000000,2025-12-14T14:59:53.270Z,2025-12-14T14:59:53.270Z
7,0x0004,0,0x00000000,2025-12-14T14:59:53.270Z,2025-12-14T14:59:53.270Z
42,0x0001,false,0x00000000,2025-12-14T14:59:53.571Z,2025-12-14T14:59:53.571Z
40,0x0001,false,0x00000000,2025-12-14T14:59:53.571Z,2025-12-14T14:59:53.571Z
38,0x000a,0,0x00000000,2025-12-14T14:59:53.571Z,2025-12-14T14:59:53.571Z
36,0x000a,-0.000722324,0x00000000,2025-12-14T14:59:53.571Z,2025-12-14T14:59:53.571Z
35,0x000a,-0.218328,0x00000000,2025-12-14T14:59:53.571Z,2025-12-14T14:59:53.571Z
34,0x000a,-2.41192e-05,0x00000000,2025-12-14T14:59:53.571Z,2025-12-14T14:59:53.571Z
23,0x000a,-0.000722324,0x00000000,2025-12-14T14:59:53.571Z,2025-12-14T14:59:53.571Z
22,0x000a,-0.218328,0x00000000,2025-12-14T14:59:53.571Z,2025-12-14T14:59:53.571Z
21,0x000a,-2.41192e-05,0x00000000,2025-12-14T14:59:53.571Z,2025-12-14T14:59:53.571Z
17,0x0001,true,0x00000000,2025-12-14T14:59:53.571Z,2025-12-14T14:59:53.571Z
15,0x0001,true,0x00000000,2025-12-14T14:59:53.571Z,2025-12-14T14:59:53.571Z
13,0x0001,true,0x00000000,2025-12-14T14:59:53.571Z,2025-12-14T14:59:53.571Z
4,0x000a,10,0x00000000,2025-12-14T14:59:53.571Z,2025-12-14T14:59:53.571Z
3,0x000a,9,0x00000000,2025-12-14T14:59:53.571Z,2025-12-14T14:59:53.571Z
2,0x000a,8,0x00000000,2025-12-14T14:59:53.571Z,2025-12-14T14:59:53.571Z
39,0x000a,2.00014,0x00000000,2025-12-14T14:59:53.871Z,2025-12-14T14:59:53.871Z
38,0x000a,1.59867,0x00000000,2025-12-14T14:59:53.871Z,2025-12-14T14:59:53.871Z
37,0x000a,2.79948,0x00000000,2025-12-14T14:59:53.871Z,2025-12-14T14:59:53.871Z
36,0x000a,0.34885,0x00000000,2025-12-14T14:59:53.871Z,2025-12-14T14:59:53.871Z
35,0x000a,0.294449,0x00000000,2025-12-14T14:59:53.871Z,2025-12-14T14:59:53.871Z
34,0x000a,0.799329,0x00000000,2025-12-14T14:59:53.871Z,2025-12-14T14:59:53.871Z
29,0x0004,1000,0x00000000,2025-12-14T14:59:53.871Z,2025-12-14T14:59:53.871Z
28,0x0004,1000,0x00000000,2025-12-14T14:59:53.871Z,2025-12-14T14:59:53.871Z
26,0x000a,0.499855,0x00000000,2025-12-14T14:59:53.871Z,2025-12-14T14:59:53.871Z
25,0x000a,0.369647,0x00000000,2025-12-14T14:59:53.871Z,2025-12-14T14:59:53.871Z
24,0x000a,0.69987,0x00000000,2025-12-14T14:59:53.871Z,2025-12-14T14:59:53.871Z
23,0x000a,0.34885,0x00000000,2025-12-14T14:59:53.871Z,2025-12-14T14:59:53.871Z
22,0x000a,0.294449,0x00000000,2025-12-14T14:59:53.871Z,2025-12-14T14:59:53.871Z
21,0x000a,0.799329,0x00000000,2025-12-14T14:59:53.871Z,2025-12-14T14:59:53.871Z
8,0x0004,1382,0x00000000,2025-12-14T14:59:53.869Z,2025-12-14T14:59:53.869Z
7,0x0004,1022,0x00000000,2025-12-14T14:59:53.869Z,2025-12-14T14:59:53.869Z
6,0x0004,1935,0x00000000,2025-12-14T14:59:53.869Z,2025-12-14T14:59:53.869Z
39,0x000a,2.0978,0x00000000,2025-12-14T14:59:54.171Z,2025-12-14T14:59:54.171Z
38,0x000a,1.50101,0x00000000,2025-12-14T14:59:54.171Z,2025-12-14T14:59:54.171Z
37,0x000a,2.60055,0x00000000,2025-12-14T14:59:54.171Z,2025-12-14T14:59:54.171Z
36,0x000a,1.81905,0x00000000,2025-12-14T14:59:54.171Z,2025-12-14T14:59:54.171Z
35,0x000a,1.33708,0x00000000,2025-12-14T14:59:54.171Z,2025-12-14T14:59:54.171Z
34,0x000a,2.44909,0x00000000,2025-12-14T14:59:54.171Z,2025-12-14T14:59:54.171Z
26,0x000a,1.15994,0x00000000,2025-12-14T14:59:54.171Z,2025-12-14T14:59:54.171Z
25,0x000a,0.849971,0x00000000,2025-12-14T14:59:54.171Z,2025-12-14T14:59:54.171Z
24,0x000a,1.54984,0x00000000,2025-12-14T14:59:54.171Z,2025-12-14T14:59:54.171Z
23,0x000a,1.81905,0x00000000,2025-12-14T14:59:54.171Z,2025-12-14T14:59:54.171Z
22,0x000a,1.33708,0x00000000,2025-12-14T14:59:54.171Z,2025-12-14T14:59:54.171Z
21,0x000a,2.44909,0x00000000,2025-12-14T14:59:54.171Z,2025-12-14T14:59:54.171Z
8,0x0004,3207,0x00000000,2025-12-14T14:59:54.171Z,2025-12-14T14:59:54.171Z
7,0x0004,2350,0x00000000,2025-12-14T14:59:54.171Z,2025-12-14T14:59:54.171Z
6,0x0004,4285,0x00000000,2025-12-14T14:59:54.171Z,2025-12-14T14:59:54.171Z
38,0x000a,1.39974,0x00000000,2025-12-14T14:59:54.470Z,2025-12-14T14:59:54.470Z
37,0x000a,2.60055,0x00000000,2025-12-14T14:59:54.470Z,2025-12-14T14:59:54.470Z
36,0x000a,2.1154,0x00000000,2025-12-14T14:59:54.470Z,2025-12-14T14:59:54.470Z
35,0x000a,1.55376,0x00000000,2025-12-14T14:59:54.470Z,2025-12-14T14:59:54.470Z
34,0x000a,2.78055,0x00000000,2025-12-14T14:59:54.470Z,2025-12-14T14:59:54.470Z
26,0x000a,1.56973,0x00000000,2025-12-14T14:59:54.470Z,2025-12-14T14:59:54.470Z
25,0x000a,1.13968,0x00000000,2025-12-14T14:59:54.470Z,2025-12-14T14:59:54.470Z
24,0x000a,2.07972,0x00000000,2025-12-14T14:59:54.470Z,2025-12-14T14:59:54.470Z
23,0x000a,2.1154,0x00000000,2025-12-14T14:59:54.470Z,2025-12-14T14:59:54.470Z
22,0x000a,1.55376,0x00000000,2025-12-14T14:59:54.470Z,2025-12-14T14:59:54.470Z
21,0x000a,2.78055,0x00000000,2025-12-14T14:59:54.470Z,2025-12-14T14:59:54.470Z
8,0x0004,4340,0x00000000,2025-12-14T14:59:54.470Z,2025-12-14T14:59:54.470Z
7,0x0004,3151,0x00000000,2025-12-14T14:59:54.470Z,2025-12-14T14:59:54.470Z
6,0x0004,5750,0x00000000,2025-12-14T14:59:54.470Z,2025-12-14T14:59:54.470Z
39,0x000a,2.10142,0x00000000,2025-12-14T14:59:54.771Z,2025-12-14T14:59:54.771Z
38,0x000a,1.50101,0x00000000,2025-12-14T14:59:54.771Z,2025-12-14T14:59:54.771Z
37,0x000a,2.69821,0x00000000,2025-12-14T14:59:54.771Z,2025-12-14T14:59:54.771Z
36,0x000a,2.05337,0x00000000,2025-12-14T14:59:54.771Z,2025-12-14T14:59:54.771Z
35,0x000a,1.48888,0x00000000,2025-12-14T14:59:54.771Z,2025-12-14T14:59:54.771Z
34,0x000a,2.69619,0x00000000,2025-12-14T14:59:54.771Z,2025-12-14T14:59:54.771Z
26,0x000a,2.1799,0x00000000,2025-12-14T14:59:54.771Z,2025-12-14T14:59:54.771Z
25,0x000a,1.58999,0x00000000,2025-12-14T14:59:54.771Z,2025-12-14T14:59:54.771Z
24,0x000a,2.87977,0x00000000,2025-12-14T14:59:54.771Z,2025-12-14T14:59:54.771Z
23,0x000a,2.05337,0x00000000,2025-12-14T14:59:54.771Z,2025-12-14T14:59:54.771Z
22,0x000a,1.48888,0x00000000,2025-12-14T14:59:54.771Z,2025-12-14T14:59:54.771Z
21,0x000a,2.69619,0x00000000,2025-12-14T14:59:54.771Z,2025-12-14T14:59:54.771Z
8,0x0004,6027,0x00000000,2025-12-14T14:59:54.769Z,2025-12-14T14:59:54.769Z
7,0x0004,4396,0x00000000,2025-12-14T14:59:54.769Z,2025-12-14T14:59:54.769Z
6,0x0004,7962,0x00000000,2025-12-14T14:59:54.769Z,2025-12-14T14:59:54.769Z
39,0x000a,2.10142,0x00000000,2025-12-14T14:59:55.072Z,2025-12-14T14:59:55.072Z
37,0x000a,2.70182,0x00000000,2025-12-14T14:59:55.072Z,2025-12-14T14:59:55.072Z
36,0x000a,2.54391,0x00000000,2025-12-14T14:59:55.072Z,2025-12-14T14:59:55.072Z
35,0x000a,1.84762,0x00000000,2025-12-14T14:59:55.072Z,2025-12-14T14:59:55.072Z
34,0x000a,3.29836,0x00000000,2025-12-14T14:59:55.072Z,2025-12-14T14:59:55.072Z
26,0x000a,2.79984,0x00000000,2025-12-14T14:59:55.072Z,2025-12-14T14:59:55.072Z
25,0x000a,2.0298,0x00000000,2025-12-14T14:59:55.072Z,2025-12-14T14:59:55.072Z
24,0x000a,3.67983,0x00000000,2025-12-14T14:59:55.072Z,2025-12-14T14:59:55.072Z
23,0x000a,2.54391,0x00000000,2025-12-14T14:59:55.072Z,2025-12-14T14:59:55.072Z
22,0x000a,1.84762,0x00000000,2025-12-14T14:59:55.072Z,2025-12-14T14:59:55.072Z
21,0x000a,3.29836,0x00000000,2025-12-14T14:59:55.072Z,2025-12-14T14:59:55.072Z
8,0x0004,7741,0x00000000,2025-12-14T14:59:55.068Z,2025-12-14T14:59:55.068Z
7,0x0004,5612,0x00000000,2025-12-14T14:59:55.068Z,2025-12-14T14:59:55.068Z
6,0x0004,10174,0x00000000,2025-12-14T14:59:55.068Z,2025-12-14T14:59:55.068Z
39,0x000a,2.49928,0x00000000,2025-12-14T14:59:55.371Z,2025-12-14T14:59:55.371Z
38,0x000a,1.70356,0x00000000,2025-12-14T14:59:55.371Z,2025-12-14T14:59:55.371Z
37,0x000a,3.20096,0x00000000,2025-12-14T14:59:55.371Z,2025-12-14T14:59:55.371Z
36,0x000a,2.13141,0x00000000,2025-12-14T14:59:55.371Z,2025-12-14T14:59:55.371Z
35,0x000a,1.54253,0x00000000,2025-12-14T14:59:55.371Z,2025-12-14T14:59:55.371Z
34,0x000a,2.72485,0x00000000,2025-12-14T14:59:55.371Z,2025-12-14T14:59:55.371Z
26,0x000a,3.45992,0x00000000,2025-12-14T14:59:55.371Z,2025-12-14T14:59:55.371Z
25,0x000a,2.5,0x00000000,2025-12-14T14:59:55.371Z,2025-12-14T14:59:55.371Z
24,0x000a,4.5298,0x00000000,2025-12-14T14:59:55.371Z,2025-12-14T14:59:55.371Z
23,0x000a,2.13141,0x00000000,2025-12-14T14:59:55.371Z,2025-12-14T14:59:55.371Z
22,0x000a,1.54253,0x00000000,2025-12-14T14:59:55.371Z,2025-12-14T14:59:55.371Z
21,0x000a,2.72485,0x00000000,2025-12-14T14:59:55.371Z,2025-12-14T14:59:55.371Z
8,0x0004,9566,0x00000000,2025-12-14T14:59:55.367Z,2025-12-14T14:59:55.367Z
7,0x0004,6912,0x00000000,2025-12-14T14:59:55.367Z,2025-12-14T14:59:55.367Z
6,0x0004,12524,0x00000000,2025-12-14T14:59:55.367Z,2025-12-14T14:59:55.367Z
39,0x000a,2.0978,0x00000000,2025-12-14T14:59:55.670Z,2025-12-14T14:59:55.670Z
38,0x000a,1.50101,0x00000000,2025-12-14T14:59:55.670Z,2025-12-14T14:59:55.670Z
37,0x000a,2.59693,0x00000000,2025-12-14T14:59:55.670Z,2025-12-14T14:59:55.670Z
36,0x000a,2.15774,0x00000000,2025-12-14T14:59:55.670Z,2025-12-14T14:59:55.670Z
35,0x000a,1.56022,0x00000000,2025-12-14T14:59:55.670Z,2025-12-14T14:59:55.670Z
34,0x000a,2.83236,0x00000000,2025-12-14T14:59:55.670Z,2025-12-14T14:59:55.670Z
26,0x000a,4.06973,0x00000000,2025-12-14T14:59:55.670Z,2025-12-14T14:59:55.670Z
25,0x000a,2.94994,0x00000000,2025-12-14T14:59:55.670Z,2025-12-14T14:59:55.670Z
24,0x000a,5.32986,0x00000000,2025-12-14T14:59:55.670Z,2025-12-14T14:59:55.670Z
23,0x000a,2.15774,0x00000000,2025-12-14T14:59:55.670Z,2025-12-14T14:59:55.670Z
22,0x000a,1.56022,0x00000000,2025-12-14T14:59:55.670Z,2025-12-14T14:59:55.670Z
21,0x000a,2.83236,0x00000000,2025-12-14T14:59:55.670Z,2025-12-14T14:59:55.670Z
8,0x0004,11252,0x00000000,2025-12-14T14:59:55.668Z,2025-12-14T14:59:55.668Z
7,0x0004,8156,0x00000000,2025-12-14T14:59:55.668Z,2025-12-14T14:59:55.668Z
6,0x0004,14736,0x00000000,2025-12-14T14:59:55.668Z,2025-12-14T14:59:55.668Z
39,0x000a,4.09795,0x00000000,2025-12-14T14:59:55.972Z,2025-12-14T14:59:55.972Z
38,0x000a,2.99841,0x00000000,2025-12-14T14:59:55.972Z,2025-12-14T14:59:55.972Z
37,0x000a,5.40003,0x00000000,2025-12-14T14:59:55.972Z,2025-12-14T14:59:55.972Z
36,0x000a,2.08269,0x00000000,2025-12-14T14:59:55.972Z,2025-12-14T14:59:55.972Z
35,0x000a,1.45778,0x00000000,2025-12-14T14:59:55.972Z,2025-12-14T14:59:55.972Z
34,0x000a,2.65439,0x00000000,2025-12-14T14:59:55.972Z,2025-12-14T14:59:55.972Z
26,0x000a,4.68967,0x00000000,2025-12-14T14:59:55.972Z,2025-12-14T14:59:55.972Z
25,0x000a,3.38976,0x00000000,2025-12-14T14:59:55.972Z,2025-12-14T14:59:55.972Z
24,0x000a,6.12992,0x00000000,2025-12-14T14:59:55.972Z,2025-12-14T14:59:55.972Z
23,0x000a,2.08269,0x00000000,2025-12-14T14:59:55.972Z,2025-12-14T14:59:55.972Z
22,0x000a,1.45778,0x00000000,2025-12-14T14:59:55.972Z,2025-12-14T14:59:55.972Z
21,0x000a,2.65439,0x00000000,2025-12-14T14:59:55.972Z,2025-12-14T14:59:55.972Z
8,0x0004,12966,0x00000000,2025-12-14T14:59:55.968Z,2025-12-14T14:59:55.968Z
7,0x0004,9372,0x00000000,2025-12-14T14:59:55.968Z,2025-12-14T14:59:55.968Z
6,0x0004,16948,0x00000000,2025-12-14T14:59:55.968Z,2025-12-14T14:59:55.968Z
39,0x000a,2.0978,0x00000000,2025-12-14T14:59:56.271Z,2025-12-14T14:59:56.271Z
38,0x000a,1.39974,0x00000000,2025-12-14T14:59:56.271Z,2025-12-14T14:59:56.271Z
37,0x000a,2.70182,0x00000000,2025-12-14T14:59:56.271Z,2025-12-14T14:59:56.271Z
36,0x000a,2.42369,0x00000000,2025-12-14T14:59:56.271Z,2025-12-14T14:59:56.271Z
35,0x000a,1.75783,0x00000000,2025-12-14T14:59:56.271Z,2025-12-14T14:59:56.271Z
34,0x000a,3.13083,0x00000000,2025-12-14T14:59:56.271Z,2025-12-14T14:59:56.271Z
26,0x000a,5.34975,0x00000000,2025-12-14T14:59:56.271Z,2025-12-14T14:59:56.271Z
25,0x000a,3.85995,0x00000000,2025-12-14T14:59:56.271Z,2025-12-14T14:59:56.271Z
24,0x000a,6.97989,0x00000000,2025-12-14T14:59:56.271Z,2025-12-14T14:59:56.271Z
23,0x000a,2.42369,0x00000000,2025-12-14T14:59:56.271Z,2025-12-14T14:59:56.271Z
22,0x000a,1.75783,0x00000000,2025-12-14T14:59:56.271Z,2025-12-14T14:59:56.271Z
21,0x000a,3.13083,0x00000000,2025-12-14T14:59:56.271Z,2025-12-14T14:59:56.271Z
8,0x0004,14791,0x00000000,2025-12-14T14:59:56.269Z,2025-12-14T14:59:56.269Z
7,0x0004,10672,0x00000000,2025-12-14T14:59:56.269Z,2025-12-14T14:59:56.269Z
6,0x0004,19298,0x00000000,2025-12-14T14:59:56.269Z,2025-12-14T14:59:56.269Z
39,0x000a,2.10142,0x00000000,2025-12-14T14:59:56.571Z,2025-12-14T14:59:56.571Z
38,0x000a,1.50101,0x00000000,2025-12-14T14:59:56.571Z,2025-12-14T14:59:56.571Z
37,0x000a,2.69821,0x00000000,2025-12-14T14:59:56.571Z,2025-12-14T14:59:56.571Z
36,0x000a,2.13045,0x00000000,2025-12-14T14:59:56.571Z,2025-12-14T14:59:56.571Z
35,0x000a,1.53809,0x00000000,2025-12-14T14:59:56.571Z,2025-12-14T14:59:56.571Z
34,0x000a,2.75844,0x00000000,2025-12-14T14:59:56.571Z,2025-12-14T14:59:56.571Z
26,0x000a,5.95992,0x00000000,2025-12-14T14:59:56.571Z,2025-12-14T14:59:56.571Z
25,0x000a,4.3099,0x00000000,2025-12-14T14:59:56.571Z,2025-12-14T14:59:56.571Z
24,0x000a,7.76982,0x00000000,2025-12-14T14:59:56.571Z,2025-12-14T14:59:56.571Z
23,0x000a,2.13045,0x00000000,2025-12-14T14:59:56.571Z,2025-12-14T14:59:56.571Z
22,0x000a,1.53809,0x00000000,2025-12-14T14:59:56.571Z,2025-12-14T14:59:56.571Z
21,0x000a,2.75844,0x00000000,2025-12-14T14:59:56.571Z,2025-12-14T14:59:56.571Z
13,0x0001,false,0x00000000,2025-12-14T14:59:56.571Z,2025-12-14T14:59:56.571Z
8,0x0004,16478,0x00000000,2025-12-14T14:59:56.571Z,2025-12-14T14:59:56.571Z
7,0x0004,11916,0x00000000,2025-12-14T14:59:56.571Z,2025-12-14T14:59:56.571Z
6,0x0004,21482,0x00000000,2025-12-14T14:59:56.571Z,2025-12-14T14:59:56.571Z
39,0x000a,2.00014,0x00000000,2025-12-14T14:59:56.870Z,2025-12-14T14:59:56.870Z
37,0x000a,1.60229,0x00000000,2025-12-14T14:59:56.870Z,2025-12-14T14:59:56.870Z
36,0x000a,2.07792,0x00000000,2025-12-14T14:59:56.870Z,2025-12-14T14:59:56.870Z
35,0x000a,1.45501,0x00000000,2025-12-14T14:59:56.870Z,2025-12-14T14:59:56.870Z
34,0x000a,2.68132,0x00000000,2025-12-14T14:59:56.870Z,2025-12-14T14:59:56.870Z
26,0x000a,6.61965,0x00000000,2025-12-14T14:59:56.870Z,2025-12-14T14:59:56.870Z
25,0x000a,4.77973,0x00000000,2025-12-14T14:59:56.870Z,2025-12-14T14:59:56.870Z
24,0x000a,8.19987,0x00000000,2025-12-14T14:59:56.870Z,2025-12-14T14:59:56.870Z
23,0x000a,2.07792,0x00000000,2025-12-14T14:59:56.870Z,2025-12-14T14:59:56.870Z
22,0x000a,1.45501,0x00000000,2025-12-14T14:59:56.870Z,2025-12-14T14:59:56.870Z
21,0x000a,2.68132,0x00000000,2025-12-14T14:59:56.870Z,2025-12-14T14:59:56.870Z
8,0x0004,18302,0x00000000,2025-12-14T14:59:56.870Z,2025-12-14T14:59:56.870Z
7,0x0004,13215,0x00000000,2025-12-14T14:59:56.870Z,2025-12-14T14:59:56.870Z
6,0x0004,22671,0x00000000,2025-12-14T14:59:56.870Z,2025-12-14T14:59:56.870Z
40,0x0001,true,0x00000000,2025-12-14T14:59:57.171Z,2025-12-14T14:59:57.171Z
39,0x000a,2.49928,0x00000000,2025-12-14T14:59:57.171Z,2025-12-14T14:59:57.171Z
38,0x000a,1.69994,0x00000000,2025-12-14T14:59:57.171Z,2025-12-14T14:59:57.171Z
37,0x000a,0,0x00000000,2025-12-14T14:59:57.171Z,2025-12-14T14:59:57.171Z
36,0x000a,3.18536,0x00000000,2025-12-14T14:59:57.171Z,2025-12-14T14:59:57.171Z
35,0x000a,2.31991,0x00000000,2025-12-14T14:59:57.171Z,2025-12-14T14:59:57.171Z
34,0x000a,0.535451,0x00000000,2025-12-14T14:59:57.171Z,2025-12-14T14:59:57.171Z
26,0x000a,7.27973,0x00000000,2025-12-14T14:59:57.171Z,2025-12-14T14:59:57.171Z
25,0x000a,5.24993,0x00000000,2025-12-14T14:59:57.171Z,2025-12-14T14:59:57.171Z
23,0x000a,3.18536,0x00000000,2025-12-14T14:59:57.171Z,2025-12-14T14:59:57.171Z
22,0x000a,2.31991,0x00000000,2025-12-14T14:59:57.171Z,2025-12-14T14:59:57.171Z
21,0x000a,0.535451,0x00000000,2025-12-14T14:59:57.171Z,2025-12-14T14:59:57.171Z
8,0x0004,20127,0x00000000,2025-12-14T14:59:57.169Z,2025-12-14T14:59:57.169Z
7,0x0004,14515,0x00000000,2025-12-14T14:59:57.169Z,2025-12-14T14:59:57.169Z
39,0x000a,2.10142,0x00000000,2025-12-14T14:59:57.470Z,2025-12-14T14:59:57.470Z
38,0x000a,1.50101,0x00000000,2025-12-14T14:59:57.470Z,2025-12-14T14:59:57.470Z
36,0x000a,2.42123,0x00000000,2025-12-14T14:59:57.470Z,2025-12-14T14:59:57.470Z
35,0x000a,1.75366,0x00000000,2025-12-14T14:59:57.470Z,2025-12-14T14:59:57.470Z
34,0x000a,0.133863,0x00000000,2025-12-14T14:59:57.470Z,2025-12-14T14:59:57.470Z
26,0x000a,7.8899,0x00000000,2025-12-14T14:59:57.470Z,2025-12-14T14:59:57.470Z
25,0x000a,5.69987,0x00000000,2025-12-14T14:59:57.470Z,2025-12-14T14:59:57.470Z
23,0x000a,2.42123,0x00000000,2025-12-14T14:59:57.470Z,2025-12-14T14:59:57.470Z
22,0x000a,1.75366,0x00000000,2025-12-14T14:59:57.470Z,2025-12-14T14:59:57.470Z
21,0x000a,0.133863,0x00000000,2025-12-14T14:59:57.470Z,2025-12-14T14:59:57.470Z
8,0x0004,21814,0x00000000,2025-12-14T14:59:57.470Z,2025-12-14T14:59:57.470Z
7,0x0004,15759,0x00000000,2025-12-14T14:59:57.470Z,2025-12-14T14:59:57.470Z
39,0x000a,2.00014,0x00000000,2025-12-14T14:59:57.773Z,2025-12-14T14:59:57.773Z
36,0x000a,2.11427,0x00000000,2025-12-14T14:59:57.773Z,2025-12-14T14:59:57.773Z
35,0x000a,1.48196,0x00000000,2025-12-14T14:59:57.773Z,2025-12-14T14:59:57.773Z
34,0x000a,0.0167328,0x00000000,2025-12-14T14:59:57.773Z,2025-12-14T14:59:57.773Z
26,0x000a,8.54998,0x00000000,2025-12-14T14:59:57.773Z,2025-12-14T14:59:57.773Z
25,0x000a,6.1697,0x00000000,2025-12-14T14:59:57.773Z,2025-12-14T14:59:57.773Z
23,0x000a,2.11427,0x00000000,2025-12-14T14:59:57.773Z,2025-12-14T14:59:57.773Z
22,0x000a,1.48196,0x00000000,2025-12-14T14:59:57.773Z,2025-12-14T14:59:57.773Z
21,0x000a,0.0167328,0x00000000,2025-12-14T14:59:57.773Z,2025-12-14T14:59:57.773Z
8,0x0004,23639,0x00000000,2025-12-14T14:59:57.771Z,2025-12-14T14:59:57.771Z
7,0x0004,17058,0x00000000,2025-12-14T14:59:57.771Z,2025-12-14T14:59:57.771Z
38,0x000a,1.39974,0x00000000,2025-12-14T14:59:58.071Z,2025-12-14T14:59:58.071Z
36,0x000a,2.18893,0x00000000,2025-12-14T14:59:58.071Z,2025-12-14T14:59:58.071Z
35,0x000a,1.57278,0x00000000,2025-12-14T14:59:58.071Z,2025-12-14T14:59:58.071Z
34,0x000a,0.00209161,0x00000000,2025-12-14T14:59:58.071Z,2025-12-14T14:59:58.071Z
26,0x000a,9.16992,0x00000000,2025-12-14T14:59:58.071Z,2025-12-14T14:59:58.071Z
25,0x000a,6.60988,0x00000000,2025-12-14T14:59:58.071Z,2025-12-14T14:59:58.071Z
23,0x000a,2.18893,0x00000000,2025-12-14T14:59:58.071Z,2025-12-14T14:59:58.071Z
22,0x000a,1.57278,0x00000000,2025-12-14T14:59:58.071Z,2025-12-14T14:59:58.071Z
21,0x000a,0.00209161,0x00000000,2025-12-14T14:59:58.071Z,2025-12-14T14:59:58.071Z
8,0x0004,25353,0x00000000,2025-12-14T14:59:58.069Z,2025-12-14T14:59:58.069Z
7,0x0004,18275,0x00000000,2025-12-14T14:59:58.069Z,2025-12-14T14:59:58.069Z
39,0x000a,2.09781,0x00000000,2025-12-14T14:59:58.370Z,2025-12-14T14:59:58.370Z
38,0x000a,1.4974,0x00000000,2025-12-14T14:59:58.370Z,2025-12-14T14:59:58.370Z
36,0x000a,3.09805,0x00000000,2025-12-14T14:59:58.370Z,2025-12-14T14:59:58.370Z
35,0x000a,2.24414,0x00000000,2025-12-14T14:59:58.370Z,2025-12-14T14:59:58.370Z
34,0x000a,0.000522901,0x00000000,2025-12-14T14:59:58.370Z,2025-12-14T14:59:58.370Z
26,0x000a,9.57972,0x00000000,2025-12-14T14:59:58.370Z,2025-12-14T14:59:58.370Z
25,0x000a,6.90972,0x00000000,2025-12-14T14:59:58.370Z,2025-12-14T14:59:58.370Z
23,0x000a,3.09805,0x00000000,2025-12-14T14:59:58.370Z,2025-12-14T14:59:58.370Z
22,0x000a,2.24414,0x00000000,2025-12-14T14:59:58.370Z,2025-12-14T14:59:58.370Z
21,0x000a,0.000522901,0x00000000,2025-12-14T14:59:58.370Z,2025-12-14T14:59:58.370Z
8,0x0004,26486,0x00000000,2025-12-14T14:59:58.370Z,2025-12-14T14:59:58.370Z
7,0x0004,19104,0x00000000,2025-12-14T14:59:58.370Z,2025-12-14T14:59:58.370Z
39,0x000a,0.101271,0x00000000,2025-12-14T14:59:58.670Z,2025-12-14T14:59:58.670Z
38,0x000a,1.50102,0x00000000,2025-12-14T14:59:58.670Z,2025-12-14T14:59:58.670Z
36,0x000a,2.20023,0x00000000,2025-12-14T14:59:58.670Z,2025-12-14T14:59:58.670Z
35,0x000a,1.54281,0x00000000,2025-12-14T14:59:58.670Z,2025-12-14T14:59:58.670Z
34,0x000a,6.53627e-05,0x00000000,2025-12-14T14:59:58.670Z,2025-12-14T14:59:58.670Z
30,0x0004,0,0x00000000,2025-12-14T14:59:58.670Z,2025-12-14T14:59:58.670Z
26,0x000a,10,0x00000000,2025-12-14T14:59:58.670Z,2025-12-14T14:59:58.670Z
25,0x000a,7.3499,0x00000000,2025-12-14T14:59:58.670Z,2025-12-14T14:59:58.670Z
23,0x000a,2.20023,0x00000000,2025-12-14T14:59:58.670Z,2025-12-14T14:59:58.670Z
22,0x000a,1.54281,0x00000000,2025-12-14T14:59:58.670Z,2025-12-14T14:59:58.670Z
21,0x000a,6.53627e-05,0x00000000,2025-12-14T14:59:58.670Z,2025-12-14T14:59:58.670Z
17,0x0001,false,0x00000000,2025-12-14T14:59:58.670Z,2025-12-14T14:59:58.670Z
8,0x0004,27648,0x00000000,2025-12-14T14:59:58.668Z,2025-12-14T14:59:58.668Z
7,0x0004,20321,0x00000000,2025-12-14T14:59:58.668Z,2025-12-14T14:59:58.668Z
42,0x0001,true,0x00000000,2025-12-14T14:59:58.971Z,2025-12-14T14:59:58.971Z
39,0x000a,0,0x00000000,2025-12-14T14:59:58.971Z,2025-12-14T14:59:58.971Z
36,0x000a,0.287687,0x00000000,2025-12-14T14:59:58.971Z,2025-12-14T14:59:58.971Z
35,0x000a,1.50443,0x00000000,2025-12-14T14:59:58.971Z,2025-12-14T14:59:58.971Z
34,0x000a,8.17034e-06,0x00000000,2025-12-14T14:59:58.971Z,2025-12-14T14:59:58.971Z
25,0x000a,7.79984,0x00000000,2025-12-14T14:59:58.971Z,2025-12-14T14:59:58.971Z
23,0x000a,0.287687,0x00000000,2025-12-14T14:59:58.971Z,2025-12-14T14:59:58.971Z
22,0x000a,1.50443,0x00000000,2025-12-14T14:59:58.971Z,2025-12-14T14:59:58.971Z
21,0x000a,8.17034e-06,0x00000000,2025-12-14T14:59:58.971Z,2025-12-14T14:59:58.971Z
7,0x0004,21565,0x00000000,2025-12-14T14:59:58.969Z,2025-12-14T14:59:58.969Z
38,0x000a,1.50101,0x00000000,2025-12-14T14:59:59.270Z,2025-12-14T14:59:59.270Z
36,0x000a,0.0719218,0x00000000,2025-12-14T14:59:59.270Z,2025-12-14T14:59:59.270Z
35,0x000a,1.60133,0x00000000,2025-12-14T14:59:59.270Z,2025-12-14T14:59:59.270Z
34,0x000a,2.04258e-06,0x00000000,2025-12-14T14:59:59.270Z,2025-12-14T14:59:59.270Z
25,0x000a,8.26968,0x00000000,2025-12-14T14:59:59.270Z,2025-12-14T14:59:59.270Z
23,0x000a,0.0719218,0x00000000,2025-12-14T14:59:59.270Z,2025-12-14T14:59:59.270Z
22,0x000a,1.60133,0x00000000,2025-12-14T14:59:59.270Z,2025-12-14T14:59:59.270Z
21,0x000a,2.04258e-06,0x00000000,2025-12-14T14:59:59.270Z,2025-12-14T14:59:59.270Z
7,0x0004,22864,0x00000000,2025-12-14T14:59:59.270Z,2025-12-14T14:59:59.270Z
38,0x000a,1.50102,0x00000000,2025-12-14T14:59:59.571Z,2025-12-14T14:59:59.571Z
36,0x000a,0.00899023,0x00000000,2025-12-14T14:59:59.571Z,2025-12-14T14:59:59.571Z
35,0x000a,1.91232,0x00000000,2025-12-14T14:59:59.571Z,2025-12-14T14:59:59.571Z
34,0x000a,2.55323e-07,0x00000000,2025-12-14T14:59:59.571Z,2025-12-14T14:59:59.571Z
25,0x000a,8.73987,0x00000000,2025-12-14T14:59:59.571Z,2025-12-14T14:59:59.571Z
23,0x000a,0.00899023,0x00000000,2025-12-14T14:59:59.571Z,2025-12-14T14:59:59.571Z
22,0x000a,1.91232,0x00000000,2025-12-14T14:59:59.571Z,2025-12-14T14:59:59.571Z
21,0x000a,2.55323e-07,0x00000000,2025-12-14T14:59:59.571Z,2025-12-14T14:59:59.571Z
15,0x0001,false,0x00000000,2025-12-14T14:59:59.571Z,2025-12-14T14:59:59.571Z
7,0x0004,24164,0x00000000,2025-12-14T14:59:59.569Z,2025-12-14T14:59:59.569Z
38,0x000a,0,0x00000000,2025-12-14T14:59:59.871Z,2025-12-14T14:59:59.871Z
36,0x000a,0.00112378,0x00000000,2025-12-14T14:59:59.871Z,2025-12-14T14:59:59.871Z
35,0x000a,1.10031,0x00000000,2025-12-14T14:59:59.871Z,2025-12-14T14:59:59.871Z
34,0x000a,3.19154e-08,0x00000000,2025-12-14T14:59:59.871Z,2025-12-14T14:59:59.871Z
25,0x000a,8.94965,0x00000000,2025-12-14T14:59:59.871Z,2025-12-14T14:59:59.871Z
23,0x000a,0.00112378,0x00000000,2025-12-14T14:59:59.871Z,2025-12-14T14:59:59.871Z
22,0x000a,1.10031,0x00000000,2025-12-14T14:59:59.871Z,2025-12-14T14:59:59.871Z
21,0x000a,3.19154e-08,0x00000000,2025-12-14T14:59:59.871Z,2025-12-14T14:59:59.871Z
7,0x0004,24744,0x00000000,2025-12-14T14:59:59.869Z,2025-12-14T14:59:59.869Z
42,0x0001,false,0x00000000,2025-12-14T15:00:00.171Z,2025-12-14T15:00:00.171Z
40,0x0001,false,0x00000000,2025-12-14T15:00:00.171Z,2025-12-14T15:00:00.171Z
36,0x000a,0.000280945,0x00000000,2025-12-14T15:00:00.171Z,2025-12-14T15:00:00.171Z
35,0x000a,0.275078,0x00000000,2025-12-14T15:00:00.171Z,2025-12-14T15:00:00.171Z
34,0x000a,7.97884e-09,0x00000000,2025-12-14T15:00:00.171Z,2025-12-14T15:00:00.171Z
23,0x000a,0.000280945,0x00000000,2025-12-14T15:00:00.171Z,2025-12-14T15:00:00.171Z
22,0x000a,0.275078,0x00000000,2025-12-14T15:00:00.171Z,2025-12-14T15:00:00.171Z
21,0x000a,7.97884e-09,0x00000000,2025-12-14T15:00:00.171Z,2025-12-14T15:00:00.171Z
18,0x0001,true,0x00000000,2025-12-14T15:00:00.171Z,2025-12-14T15:00:00.171Z
16,0x0001,true,0x00000000,2025-12-14T15:00:00.171Z,2025-12-14T15:00:00.171Z
14,0x0001,true,0x00000000,2025-12-14T15:00:00.171Z,2025-12-14T15:00:00.171Z
4,0x000a,5,0x00000000,2025-12-14T15:00:00.169Z,2025-12-14T15:00:00.169Z
3,0x000a,5,0x00000000,2025-12-14T15:00:00.169Z,2025-12-14T15:00:00.169Z
2,0x000a,5,0x00000000,2025-12-14T15:00:00.169Z,2025-12-14T15:00:00.169Z
39,0x000a,-4.09795,0x00000000,2025-12-14T15:00:00.470Z,2025-12-14T15:00:00.470Z
38,0x000a,-3.00203,0x00000000,2025-12-14T15:00:00.470Z,2025-12-14T15:00:00.470Z
37,0x000a,-5.29876,0x00000000,2025-12-14T15:00:00.470Z,2025-12-14T15:00:00.470Z
36,0x000a,-0.251339,0x00000000,2025-12-14T15:00:00.470Z,2025-12-14T15:00:00.470Z
35,0x000a,-0.414109,0x00000000,2025-12-14T15:00:00.470Z,2025-12-14T15:00:00.470Z
34,0x000a,-0.801144,0x00000000,2025-12-14T15:00:00.470Z,2025-12-14T15:00:00.470Z
30,0x0004,1000,0x00000000,2025-12-14T15:00:00.470Z,2025-12-14T15:00:00.470Z
26,0x000a,9.53993,0x00000000,2025-12-14T15:00:00.470Z,2025-12-14T15:00:00.470Z
25,0x000a,8.55975,0x00000000,2025-12-14T15:00:00.470Z,2025-12-14T15:00:00.470Z
24,0x000a,7.50977,0x00000000,2025-12-14T15:00:00.470Z,2025-12-14T15:00:00.470Z
23,0x000a,-0.251339,0x00000000,2025-12-14T15:00:00.470Z,2025-12-14T15:00:00.470Z
22,0x000a,-0.414109,0x00000000,2025-12-14T15:00:00.470Z,2025-12-14T15:00:00.470Z
21,0x000a,-0.801144,0x00000000,2025-12-14T15:00:00.470Z,2025-12-14T15:00:00.470Z
8,0x0004,26376,0x00000000,2025-12-14T15:00:00.468Z,2025-12-14T15:00:00.468Z
7,0x0004,23666,0x00000000,2025-12-14T15:00:00.468Z,2025-12-14T15:00:00.468Z
6,0x0004,20763,0x00000000,2025-12-14T15:00:00.468Z,2025-12-14T15:00:00.468Z
39,0x000a,-2.00014,0x00000000,2025-12-14T15:00:00.770Z,2025-12-14T15:00:00.770Z
38,0x000a,-1.50101,0x00000000,2025-12-14T15:00:00.770Z,2025-12-14T15:00:00.770Z
37,0x000a,-2.60055,0x00000000,2025-12-14T15:00:00.770Z,2025-12-14T15:00:00.770Z
36,0x000a,-2.06909,0x00000000,2025-12-14T15:00:00.770Z,2025-12-14T15:00:00.770Z
35,0x000a,-1.52746,0x00000000,2025-12-14T15:00:00.770Z,2025-12-14T15:00:00.770Z
34,0x000a,-2.73731,0x00000000,2025-12-14T15:00:00.770Z,2025-12-14T15:00:00.770Z
26,0x000a,8.87985,0x00000000,2025-12-14T15:00:00.770Z,2025-12-14T15:00:00.770Z
25,0x000a,8.08992,0x00000000,2025-12-14T15:00:00.770Z,2025-12-14T15:00:00.770Z
24,0x000a,6.65979,0x00000000,2025-12-14T15:00:00.770Z,2025-12-14T15:00:00.770Z
23,0x000a,-2.06909,0x00000000,2025-12-14T15:00:00.770Z,2025-12-14T15:00:00.770Z
22,0x000a,-1.52746,0x00000000,2025-12-14T15:00:00.770Z,2025-12-14T15:00:00.770Z
21,0x000a,-2.73731,0x00000000,2025-12-14T15:00:00.770Z,2025-12-14T15:00:00.770Z
8,0x0004,24551,0x00000000,2025-12-14T15:00:00.770Z,2025-12-14T15:00:00.770Z
7,0x0004,22367,0x00000000,2025-12-14T15:00:00.770Z,2025-12-14T15:00:00.770Z
6,0x0004,18413,0x00000000,2025-12-14T15:00:00.770Z,2025-12-14T15:00:00.770Z
39,0x000a,-2.10142,0x00000000,2025-12-14T15:00:01.070Z,2025-12-14T15:00:01.070Z
38,0x000a,-1.39974,0x00000000,2025-12-14T15:00:01.070Z,2025-12-14T15:00:01.070Z
37,0x000a,-2.60055,0x00000000,2025-12-14T15:00:01.070Z,2025-12-14T15:00:01.070Z
36,0x000a,-2.14216,0x00000000,2025-12-14T15:00:01.070Z,2025-12-14T15:00:01.070Z
35,0x000a,-1.58177,0x00000000,2025-12-14T15:00:01.070Z,2025-12-14T15:00:01.070Z
34,0x000a,-2.83367,0x00000000,2025-12-14T15:00:01.070Z,2025-12-14T15:00:01.070Z
26,0x000a,8.25991,0x00000000,2025-12-14T15:00:01.070Z,2025-12-14T15:00:01.070Z
25,0x000a,7.64974,0x00000000,2025-12-14T15:00:01.070Z,2025-12-14T15:00:01.070Z
24,0x000a,5.85974,0x00000000,2025-12-14T15:00:01.070Z,2025-12-14T15:00:01.070Z
23,0x000a,-2.14216,0x00000000,2025-12-14T15:00:01.070Z,2025-12-14T15:00:01.070Z
22,0x000a,-1.58177,0x00000000,2025-12-14T15:00:01.070Z,2025-12-14T15:00:01.070Z
21,0x000a,-2.83367,0x00000000,2025-12-14T15:00:01.070Z,2025-12-14T15:00:01.070Z
8,0x0004,22837,0x00000000,2025-12-14T15:00:01.069Z,2025-12-14T15:00:01.069Z
7,0x0004,21150,0x00000000,2025-12-14T15:00:01.069Z,2025-12-14T15:00:01.069Z
6,0x0004,16201,0x00000000,2025-12-14T15:00:01.069Z,2025-12-14T15:00:01.069Z
39,0x000a,-2.10142,0x00000000,2025-12-14T15:00:01.369Z,2025-12-14T15:00:01.369Z
38,0x000a,-1.50101,0x00000000,2025-12-14T15:00:01.369Z,2025-12-14T15:00:01.369Z
36,0x000a,-2.05497,0x00000000,2025-12-14T15:00:01.369Z,2025-12-14T15:00:01.369Z
35,0x000a,-1.49664,0x00000000,2025-12-14T15:00:01.369Z,2025-12-14T15:00:01.369Z
34,0x000a,-2.70384,0x00000000,2025-12-14T15:00:01.369Z,2025-12-14T15:00:01.369Z
26,0x000a,7.60995,0x00000000,2025-12-14T15:00:01.369Z,2025-12-14T15:00:01.369Z
25,0x000a,7.16978,0x00000000,2025-12-14T15:00:01.369Z,2025-12-14T15:00:01.369Z
24,0x000a,5.00977,0x00000000,2025-12-14T15:00:01.369Z,2025-12-14T15:00:01.369Z
23,0x000a,-2.05497,0x00000000,2025-12-14T15:00:01.369Z,2025-12-14T15:00:01.369Z
22,0x000a,-1.49664,0x00000000,2025-12-14T15:00:01.369Z,2025-12-14T15:00:01.369Z
21,0x000a,-2.70384,0x00000000,2025-12-14T15:00:01.369Z,2025-12-14T15:00:01.369Z
14,0x0001,false,0x00000000,2025-12-14T15:00:01.369Z,2025-12-14T15:00:01.369Z
8,0x0004,21040,0x00000000,2025-12-14T15:00:01.369Z,2025-12-14T15:00:01.369Z
7,0x0004,19823,0x00000000,2025-12-14T15:00:01.369Z,2025-12-14T15:00:01.369Z
6,0x0004,13851,0x00000000,2025-12-14T15:00:01.369Z,2025-12-14T15:00:01.369Z
39,0x000a,-4.10156,0x00000000,2025-12-14T15:00:01.670Z,2025-12-14T15:00:01.670Z
38,0x000a,-2.90075,0x00000000,2025-12-14T15:00:01.670Z,2025-12-14T15:00:01.670Z
37,0x000a,-3.70009,0x00000000,2025-12-14T15:00:01.670Z,2025-12-14T15:00:01.670Z
36,0x000a,-2.2381,0x00000000,2025-12-14T15:00:01.670Z,2025-12-14T15:00:01.670Z
35,0x000a,-1.65002,0x00000000,2025-12-14T15:00:01.670Z,2025-12-14T15:00:01.670Z
34,0x000a,-2.92657,0x00000000,2025-12-14T15:00:01.670Z,2025-12-14T15:00:01.670Z
26,0x000a,7.1998,0x00000000,2025-12-14T15:00:01.670Z,2025-12-14T15:00:01.670Z
25,0x000a,6.8797,0x00000000,2025-12-14T15:00:01.670Z,2025-12-14T15:00:01.670Z
24,0x000a,4.63976,0x00000000,2025-12-14T15:00:01.670Z,2025-12-14T15:00:01.670Z
23,0x000a,-2.2381,0x00000000,2025-12-14T15:00:01.670Z,2025-12-14T15:00:01.670Z
22,0x000a,-1.65002,0x00000000,2025-12-14T15:00:01.670Z,2025-12-14T15:00:01.670Z
21,0x000a,-2.92657,0x00000000,2025-12-14T15:00:01.670Z,2025-12-14T15:00:01.670Z
13,0x0001,true,0x00000000,2025-12-14T15:00:01.670Z,2025-12-14T15:00:01.670Z
8,0x0004,19906,0x00000000,2025-12-14T15:00:01.670Z,2025-12-14T15:00:01.670Z
7,0x0004,19021,0x00000000,2025-12-14T15:00:01.670Z,2025-12-14T15:00:01.670Z
6,0x0004,12828,0x00000000,2025-12-14T15:00:01.670Z,2025-12-14T15:00:01.670Z
39,0x000a,-2.49928,0x00000000,2025-12-14T15:00:01.972Z,2025-12-14T15:00:01.972Z
38,0x000a,-1.69994,0x00000000,2025-12-14T15:00:01.972Z,2025-12-14T15:00:01.972Z
37,0x000a,3.19734,0x00000000,2025-12-14T15:00:01.972Z,2025-12-14T15:00:01.972Z
36,0x000a,-2.31788,0x00000000,2025-12-14T15:00:01.972Z,2025-12-14T15:00:01.972Z
35,0x000a,-1.6937,0x00000000,2025-12-14T15:00:01.972Z,2025-12-14T15:00:01.972Z
34,0x000a,-0.327392,0x00000000,2025-12-14T15:00:01.972Z,2025-12-14T15:00:01.972Z
26,0x000a,6.53971,0x00000000,2025-12-14T15:00:01.972Z,2025-12-14T15:00:01.972Z
25,0x000a,6.40987,0x00000000,2025-12-14T15:00:01.972Z,2025-12-14T15:00:01.972Z
24,0x000a,5.05968,0x00000000,2025-12-14T15:00:01.972Z,2025-12-14T15:00:01.972Z
23,0x000a,-2.31788,0x00000000,2025-12-14T15:00:01.972Z,2025-12-14T15:00:01.972Z
22,0x000a,-1.6937,0x00000000,2025-12-14T15:00:01.972Z,2025-12-14T15:00:01.972Z
21,0x000a,-0.327392,0x00000000,2025-12-14T15:00:01.972Z,2025-12-14T15:00:01.972Z
13,0x0001,false,0x00000000,2025-12-14T15:00:01.972Z,2025-12-14T15:00:01.972Z
8,0x0004,18081,0x00000000,2025-12-14T15:00:01.970Z,2025-12-14T15:00:01.970Z
7,0x0004,17722,0x00000000,2025-12-14T15:00:01.970Z,2025-12-14T15:00:01.970Z
6,0x0004,13989,0x00000000,2025-12-14T15:00:01.970Z,2025-12-14T15:00:01.970Z
39,0x000a,-2.10142,0x00000000,2025-12-14T15:00:02.272Z,2025-12-14T15:00:02.272Z
38,0x000a,-1.4974,0x00000000,2025-12-14T15:00:02.272Z,2025-12-14T15:00:02.272Z
37,0x000a,0,0x00000000,2025-12-14T15:00:02.272Z,2025-12-14T15:00:02.272Z
36,0x000a,-2.12667,0x00000000,2025-12-14T15:00:02.272Z,2025-12-14T15:00:02.272Z
35,0x000a,-1.54996,0x00000000,2025-12-14T15:00:02.272Z,2025-12-14T15:00:02.272Z
34,0x000a,0.634533,0x00000000,2025-12-14T15:00:02.272Z,2025-12-14T15:00:02.272Z
26,0x000a,5.91978,0x00000000,2025-12-14T15:00:02.272Z,2025-12-14T15:00:02.272Z
25,0x000a,5.95992,0x00000000,2025-12-14T15:00:02.272Z,2025-12-14T15:00:02.272Z
24,0x000a,5.16999,0x00000000,2025-12-14T15:00:02.272Z,2025-12-14T15:00:02.272Z
23,0x000a,-2.12667,0x00000000,2025-12-14T15:00:02.272Z,2025-12-14T15:00:02.272Z
22,0x000a,-1.54996,0x00000000,2025-12-14T15:00:02.272Z,2025-12-14T15:00:02.272Z
21,0x000a,0.634533,0x00000000,2025-12-14T15:00:02.272Z,2025-12-14T15:00:02.272Z
8,0x0004,16367,0x00000000,2025-12-14T15:00:02.269Z,2025-12-14T15:00:02.269Z
7,0x0004,16478,0x00000000,2025-12-14T15:00:02.269Z,2025-12-14T15:00:02.269Z
6,0x0004,14294,0x00000000,2025-12-14T15:00:02.269Z,2025-12-14T15:00:02.269Z
40,0x0001,true,0x00000000,2025-12-14T15:00:02.570Z,2025-12-14T15:00:02.570Z
39,0x000a,-2.0978,0x00000000,2025-12-14T15:00:02.570Z,2025-12-14T15:00:02.570Z
38,0x000a,-1.39974,0x00000000,2025-12-14T15:00:02.570Z,2025-12-14T15:00:02.570Z
36,0x000a,-2.05709,0x00000000,2025-12-14T15:00:02.570Z,2025-12-14T15:00:02.570Z
35,0x000a,-1.51235,0x00000000,2025-12-14T15:00:02.570Z,2025-12-14T15:00:02.570Z
34,0x000a,0.158633,0x00000000,2025-12-14T15:00:02.570Z,2025-12-14T15:00:02.570Z
26,0x000a,5.26982,0x00000000,2025-12-14T15:00:02.570Z,2025-12-14T15:00:02.570Z
25,0x000a,5.48973,0x00000000,2025-12-14T15:00:02.570Z,2025-12-14T15:00:02.570Z
23,0x000a,-2.05709,0x00000000,2025-12-14T15:00:02.570Z,2025-12-14T15:00:02.570Z
22,0x000a,-1.51235,0x00000000,2025-12-14T15:00:02.570Z,2025-12-14T15:00:02.570Z
21,0x000a,0.158633,0x00000000,2025-12-14T15:00:02.570Z,2025-12-14T15:00:02.570Z
18,0x0001,false,0x00000000,2025-12-14T15:00:02.570Z,2025-12-14T15:00:02.570Z
8,0x0004,14570,0x00000000,2025-12-14T15:00:02.568Z,2025-12-14T15:00:02.568Z
7,0x0004,15178,0x00000000,2025-12-14T15:00:02.568Z,2025-12-14T15:00:02.568Z
39,0x000a,0,0x00000000,2025-12-14T15:00:02.870Z,2025-12-14T15:00:02.870Z
36,0x000a,-2.57014,0x00000000,2025-12-14T15:00:02.870Z,2025-12-14T15:00:02.870Z
35,0x000a,-2.31352,0x00000000,2025-12-14T15:00:02.870Z,2025-12-14T15:00:02.870Z
34,0x000a,0.0198291,0x00000000,2025-12-14T15:00:02.870Z,2025-12-14T15:00:02.870Z
26,0x000a,4.97975,0x00000000,2025-12-14T15:00:02.870Z,2025-12-14T15:00:02.870Z
25,0x000a,5.04991,0x00000000,2025-12-14T15:00:02.870Z,2025-12-14T15:00:02.870Z
23,0x000a,-2.57014,0x00000000,2025-12-14T15:00:02.870Z,2025-12-14T15:00:02.870Z
22,0x000a,-2.31352,0x00000000,2025-12-14T15:00:02.870Z,2025-12-14T15:00:02.870Z
21,0x000a,0.0198291,0x00000000,2025-12-14T15:00:02.870Z,2025-12-14T15:00:02.870Z
16,0x0001,false,0x00000000,2025-12-14T15:00:02.870Z,2025-12-14T15:00:02.870Z
8,0x0004,13768,0x00000000,2025-12-14T15:00:02.870Z,2025-12-14T15:00:02.870Z
7,0x0004,13962,0x00000000,2025-12-14T15:00:02.870Z,2025-12-14T15:00:02.870Z
42,0x0001,true,0x00000000,2025-12-14T15:00:03.170Z,2025-12-14T15:00:03.170Z
38,0x000a,0,0x00000000,2025-12-14T15:00:03.170Z,2025-12-14T15:00:03.170Z
36,0x000a,-0.321268,0x00000000,2025-12-14T15:00:03.170Z,2025-12-14T15:00:03.170Z
35,0x000a,-0.614259,0x00000000,2025-12-14T15:00:03.170Z,2025-12-14T15:00:03.170Z
34,0x000a,0.00247864,0x00000000,2025-12-14T15:00:03.170Z,2025-12-14T15:00:03.170Z
25,0x000a,4.98987,0x00000000,2025-12-14T15:00:03.170Z,2025-12-14T15:00:03.170Z
23,0x000a,-0.321268,0x00000000,2025-12-14T15:00:03.170Z,2025-12-14T15:00:03.170Z
22,0x000a,-0.614259,0x00000000,2025-12-14T15:00:03.170Z,2025-12-14T15:00:03.170Z
21,0x000a,0.00247864,0x00000000,2025-12-14T15:00:03.170Z,2025-12-14T15:00:03.170Z
7,0x0004,13796,0x00000000,2025-12-14T15:00:03.168Z,2025-12-14T15:00:03.168Z
42,0x0001,false,0x00000000,2025-12-14T15:00:03.469Z,2025-12-14T15:00:03.469Z
40,0x0001,false,0x00000000,2025-12-14T15:00:03.469Z,2025-12-14T15:00:03.469Z
36,0x000a,-0.080317,0x00000000,2025-12-14T15:00:03.469Z,2025-12-14T15:00:03.469Z
35,0x000a,-0.153565,0x00000000,2025-12-14T15:00:03.469Z,2025-12-14T15:00:03.469Z
34,0x000a,0.000619661,0x00000000,2025-12-14T15:00:03.469Z,2025-12-14T15:00:03.469Z
26,0x000a,4.90994,0x00000000,2025-12-14T15:00:03.469Z,2025-12-14T15:00:03.469Z
25,0x000a,4.89981,0x00000000,2025-12-14T15:00:03.469Z,2025-12-14T15:00:03.469Z
24,0x000a,5.00977,0x00000000,2025-12-14T15:00:03.469Z,2025-12-14T15:00:03.469Z
23,0x000a,-0.080317,0x00000000,2025-12-14T15:00:03.469Z,2025-12-14T15:00:03.469Z
22,0x000a,-0.153565,0x00000000,2025-12-14T15:00:03.469Z,2025-12-14T15:00:03.469Z
21,0x000a,0.000619661,0x00000000,2025-12-14T15:00:03.469Z,2025-12-14T15:00:03.469Z
18,0x0001,true,0x00000000,2025-12-14T15:00:03.469Z,2025-12-14T15:00:03.469Z
16,0x0001,true,0x00000000,2025-12-14T15:00:03.469Z,2025-12-14T15:00:03.469Z
14,0x0001,true,0x00000000,2025-12-14T15:00:03.469Z,2025-12-14T15:00:03.469Z
8,0x0004,13575,0x00000000,2025-12-14T15:00:03.467Z,2025-12-14T15:00:03.467Z
7,0x0004,13547,0x00000000,2025-12-14T15:00:03.467Z,2025-12-14T15:00:03.467Z
6,0x0004,13851,0x00000000,2025-12-14T15:00:03.467Z,2025-12-14T15:00:03.467Z
4,0x000a,0,0x00000000,2025-12-14T15:00:03.467Z,2025-12-14T15:00:03.467Z
3,0x000a,0,0x00000000,2025-12-14T15:00:03.467Z,2025-12-14T15:00:03.467Z
2,0x000a,0,0x00000000,2025-12-14T15:00:03.467Z,2025-12-14T15:00:03.467Z
39,0x000a,-2.49928,0x00000000,2025-12-14T15:00:03.771Z,2025-12-14T15:00:03.771Z
38,0x000a,-1.7976,0x00000000,2025-12-14T15:00:03.771Z,2025-12-14T15:00:03.771Z
37,0x000a,-3.20096,0x00000000,2025-12-14T15:00:03.771Z,2025-12-14T15:00:03.771Z
36,0x000a,-1.23527,0x00000000,2025-12-14T15:00:03.771Z,2025-12-14T15:00:03.771Z
35,0x000a,-0.994853,0x00000000,2025-12-14T15:00:03.771Z,2025-12-14T15:00:03.771Z
34,0x000a,-1.7496,0x00000000,2025-12-14T15:00:03.771Z,2025-12-14T15:00:03.771Z
26,0x000a,4.24986,0x00000000,2025-12-14T15:00:03.771Z,2025-12-14T15:00:03.771Z
25,0x000a,4.41985,0x00000000,2025-12-14T15:00:03.771Z,2025-12-14T15:00:03.771Z
24,0x000a,4.15979,0x00000000,2025-12-14T15:00:03.771Z,2025-12-14T15:00:03.771Z
23,0x000a,-1.23527,0x00000000,2025-12-14T15:00:03.771Z,2025-12-14T15:00:03.771Z
22,0x000a,-0.994853,0x00000000,2025-12-14T15:00:03.771Z,2025-12-14T15:00:03.771Z
21,0x000a,-1.7496,0x00000000,2025-12-14T15:00:03.771Z,2025-12-14T15:00:03.771Z
8,0x0004,11750,0x00000000,2025-12-14T15:00:03.770Z,2025-12-14T15:00:03.770Z
7,0x0004,12220,0x00000000,2025-12-14T15:00:03.770Z,2025-12-14T15:00:03.770Z
6,0x0004,11501,0x00000000,2025-12-14T15:00:03.770Z,2025-12-14T15:00:03.770Z
39,0x000a,-2.00014,0x00000000,2025-12-14T15:00:04.069Z,2025-12-14T15:00:04.069Z
38,0x000a,-1.50101,0x00000000,2025-12-14T15:00:04.069Z,2025-12-14T15:00:04.069Z
37,0x000a,-2.60055,0x00000000,2025-12-14T15:00:04.069Z,2025-12-14T15:00:04.069Z
36,0x000a,-2.49228,0x00000000,2025-12-14T15:00:04.069Z,2025-12-14T15:00:04.069Z
35,0x000a,-1.82475,0x00000000,2025-12-14T15:00:04.069Z,2025-12-14T15:00:04.069Z
34,0x000a,-3.24378,0x00000000,2025-12-14T15:00:04.069Z,2025-12-14T15:00:04.069Z
26,0x000a,3.62992,0x00000000,2025-12-14T15:00:04.069Z,2025-12-14T15:00:04.069Z
25,0x000a,3.97967,0x00000000,2025-12-14T15:00:04.069Z,2025-12-14T15:00:04.069Z
24,0x000a,3.35974,0x00000000,2025-12-14T15:00:04.069Z,2025-12-14T15:00:04.069Z
23,0x000a,-2.49228,0x00000000,2025-12-14T15:00:04.069Z,2025-12-14T15:00:04.069Z
22,0x000a,-1.82475,0x00000000,2025-12-14T15:00:04.069Z,2025-12-14T15:00:04.069Z
21,0x000a,-3.24378,0x00000000,2025-12-14T15:00:04.069Z,2025-12-14T15:00:04.069Z
8,0x0004,10036,0x00000000,2025-12-14T15:00:04.069Z,2025-12-14T15:00:04.069Z
7,0x0004,11003,0x00000000,2025-12-14T15:00:04.069Z,2025-12-14T15:00:04.069Z
6,0x0004,9289,0x00000000,2025-12-14T15:00:04.069Z,2025-12-14T15:00:04.069Z
39,0x000a,-2.49928,0x00000000,2025-12-14T15:00:04.370Z,2025-12-14T15:00:04.370Z
38,0x000a,-1.69994,0x00000000,2025-12-14T15:00:04.370Z,2025-12-14T15:00:04.370Z
37,0x000a,-3.09968,0x00000000,2025-12-14T15:00:04.370Z,2025-12-14T15:00:04.370Z
36,0x000a,-2.14759,0x00000000,2025-12-14T15:00:04.370Z,2025-12-14T15:00:04.370Z
35,0x000a,-1.58014,0x00000000,2025-12-14T15:00:04.370Z,2025-12-14T15:00:04.370Z
34,0x000a,-2.8355,0x00000000,2025-12-14T15:00:04.370Z,2025-12-14T15:00:04.370Z
26,0x000a,2.97996,0x00000000,2025-12-14T15:00:04.370Z,2025-12-14T15:00:04.370Z
25,0x000a,3.50984,0x00000000,2025-12-14T15:00:04.370Z,2025-12-14T15:00:04.370Z
24,0x000a,2.50977,0x00000000,2025-12-14T15:00:04.370Z,2025-12-14T15:00:04.370Z
23,0x000a,-2.14759,0x00000000,2025-12-14T15:00:04.370Z,2025-12-14T15:00:04.370Z
22,0x000a,-1.58014,0x00000000,2025-12-14T15:00:04.370Z,2025-12-14T15:00:04.370Z
21,0x000a,-2.8355,0x00000000,2025-12-14T15:00:04.370Z,2025-12-14T15:00:04.370Z
8,0x0004,8239,0x00000000,2025-12-14T15:00:04.370Z,2025-12-14T15:00:04.370Z
7,0x0004,9704,0x00000000,2025-12-14T15:00:04.370Z,2025-12-14T15:00:04.370Z
6,0x0004,6939,0x00000000,2025-12-14T15:00:04.370Z,2025-12-14T15:00:04.370Z
39,0x000a,-2.10142,0x00000000,2025-12-14T15:00:04.671Z,2025-12-14T15:00:04.671Z
38,0x000a,-1.4974,0x00000000,2025-12-14T15:00:04.671Z,2025-12-14T15:00:04.671Z
37,0x000a,-2.60055,0x00000000,2025-12-14T15:00:04.671Z,2025-12-14T15:00:04.671Z
36,0x000a,-2.1316,0x00000000,2025-12-14T15:00:04.671Z,2025-12-14T15:00:04.671Z
35,0x000a,-1.53577,0x00000000,2025-12-14T15:00:04.671Z,2025-12-14T15:00:04.671Z
34,0x000a,-2.76646,0x00000000,2025-12-14T15:00:04.671Z,2025-12-14T15:00:04.671Z
26,0x000a,2.55968,0x00000000,2025-12-14T15:00:04.671Z,2025-12-14T15:00:04.671Z
25,0x000a,3.21,0x00000000,2025-12-14T15:00:04.671Z,2025-12-14T15:00:04.671Z
24,0x000a,1.97989,0x00000000,2025-12-14T15:00:04.671Z,2025-12-14T15:00:04.671Z
23,0x000a,-2.1316,0x00000000,2025-12-14T15:00:04.671Z,2025-12-14T15:00:04.671Z
22,0x000a,-1.53577,0x00000000,2025-12-14T15:00:04.671Z,2025-12-14T15:00:04.671Z
21,0x000a,-2.76646,0x00000000,2025-12-14T15:00:04.671Z,2025-12-14T15:00:04.671Z
8,0x0004,7077,0x00000000,2025-12-14T15:00:04.671Z,2025-12-14T15:00:04.671Z
7,0x0004,8875,0x00000000,2025-12-14T15:00:04.671Z,2025-12-14T15:00:04.671Z
6,0x0004,5474,0x00000000,2025-12-14T15:00:04.671Z,2025-12-14T15:00:04.671Z
39,0x000a,-2.49928,0x00000000,2025-12-14T15:00:04.972Z,2025-12-14T15:00:04.972Z
38,0x000a,-1.69994,0x00000000,2025-12-14T15:00:04.972Z,2025-12-14T15:00:04.972Z
37,0x000a,-3.19734,0x00000000,2025-12-14T15:00:04.972Z,2025-12-14T15:00:04.972Z
36,0x000a,-2.05833,0x00000000,2025-12-14T15:00:04.972Z,2025-12-14T15:00:04.972Z
35,0x000a,-1.5088,0x00000000,2025-12-14T15:00:04.972Z,2025-12-14T15:00:04.972Z
34,0x000a,-2.69266,0x00000000,2025-12-14T15:00:04.972Z,2025-12-14T15:00:04.972Z
26,0x000a,1.90972,0x00000000,2025-12-14T15:00:04.972Z,2025-12-14T15:00:04.972Z
25,0x000a,2.7398,0x00000000,2025-12-14T15:00:04.972Z,2025-12-14T15:00:04.972Z
24,0x000a,1.12992,0x00000000,2025-12-14T15:00:04.972Z,2025-12-14T15:00:04.972Z
23,0x000a,-2.05833,0x00000000,2025-12-14T15:00:04.972Z,2025-12-14T15:00:04.972Z
22,0x000a,-1.5088,0x00000000,2025-12-14T15:00:04.972Z,2025-12-14T15:00:04.972Z
21,0x000a,-2.69266,0x00000000,2025-12-14T15:00:04.972Z,2025-12-14T15:00:04.972Z
8,0x0004,5280,0x00000000,2025-12-14T15:00:04.969Z,2025-12-14T15:00:04.969Z
7,0x0004,7575,0x00000000,2025-12-14T15:00:04.969Z,2025-12-14T15:00:04.969Z
6,0x0004,3124,0x00000000,2025-12-14T15:00:04.969Z,2025-12-14T15:00:04.969Z
39,0x000a,-2.10142,0x00000000,2025-12-14T15:00:05.270Z,2025-12-14T15:00:05.270Z
38,0x000a,-1.39974,0x00000000,2025-12-14T15:00:05.270Z,2025-12-14T15:00:05.270Z
37,0x000a,-2.69821,0x00000000,2025-12-14T15:00:05.270Z,2025-12-14T15:00:05.270Z
36,0x000a,-2.59426,0x00000000,2025-12-14T15:00:05.270Z,2025-12-14T15:00:05.270Z
35,0x000a,-1.9003,0x00000000,2025-12-14T15:00:05.270Z,2025-12-14T15:00:05.270Z
34,0x000a,-3.36212,0x00000000,2025-12-14T15:00:05.270Z,2025-12-14T15:00:05.270Z
26,0x000a,1.28979,0x00000000,2025-12-14T15:00:05.270Z,2025-12-14T15:00:05.270Z
25,0x000a,2.29999,0x00000000,2025-12-14T15:00:05.270Z,2025-12-14T15:00:05.270Z
24,0x000a,0.329861,0x00000000,2025-12-14T15:00:05.270Z,2025-12-14T15:00:05.270Z
23,0x000a,-2.59426,0x00000000,2025-12-14T15:00:05.270Z,2025-12-14T15:00:05.270Z
22,0x000a,-1.9003,0x00000000,2025-12-14T15:00:05.270Z,2025-12-14T15:00:05.270Z
21,0x000a,-3.36212,0x00000000,2025-12-14T15:00:05.270Z,2025-12-14T15:00:05.270Z
8,0x0004,3566,0x00000000,2025-12-14T15:00:05.268Z,2025-12-14T15:00:05.268Z
7,0x0004,6359,0x00000000,2025-12-14T15:00:05.268Z,2025-12-14T15:00:05.268Z
6,0x0004,912,0x00000000,2025-12-14T15:00:05.268Z,2025-12-14T15:00:05.268Z
38,0x000a,-1.50101,0x00000000,2025-12-14T15:00:05.571Z,2025-12-14T15:00:05.571Z
37,0x000a,0,0x00000000,2025-12-14T15:00:05.571Z,2025-12-14T15:00:05.571Z
36,0x000a,-2.33663,0x00000000,2025-12-14T15:00:05.571Z,2025-12-14T15:00:05.571Z
35,0x000a,-1.68837,0x00000000,2025-12-14T15:00:05.571Z,2025-12-14T15:00:05.571Z
34,0x000a,-1.73139,0x00000000,2025-12-14T15:00:05.571Z,2025-12-14T15:00:05.571Z
28,0x0004,0,0x00000000,2025-12-14T15:00:05.571Z,2025-12-14T15:00:05.571Z
26,0x000a,0.629702,0x00000000,2025-12-14T15:00:05.571Z,2025-12-14T15:00:05.571Z
25,0x000a,1.81966,0x00000000,2025-12-14T15:00:05.571Z,2025-12-14T15:00:05.571Z
24,0x000a,0,0x00000000,2025-12-14T15:00:05.571Z,2025-12-14T15:00:05.571Z
23,0x000a,-2.33663,0x00000000,2025-12-14T15:00:05.571Z,2025-12-14T15:00:05.571Z
22,0x000a,-1.68837,0x00000000,2025-12-14T15:00:05.571Z,2025-12-14T15:00:05.571Z
21,0x000a,-1.73139,0x00000000,2025-12-14T15:00:05.571Z,2025-12-14T15:00:05.571Z
14,0x0001,false,0x00000000,2025-12-14T15:00:05.571Z,2025-12-14T15:00:05.571Z
8,0x0004,1741,0x00000000,2025-12-14T15:00:05.569Z,2025-12-14T15:00:05.569Z
7,0x0004,5031,0x00000000,2025-12-14T15:00:05.569Z,2025-12-14T15:00:05.569Z
6,0x0004,0,0x00000000,2025-12-14T15:00:05.569Z,2025-12-14T15:00:05.569Z
40,0x0001,true,0x00000000,2025-12-14T15:00:05.870Z,2025-12-14T15:00:05.870Z
39,0x000a,-2.0978,0x00000000,2025-12-14T15:00:05.870Z,2025-12-14T15:00:05.870Z
38,0x000a,-1.4974,0x00000000,2025-12-14T15:00:05.870Z,2025-12-14T15:00:05.870Z
36,0x000a,-2.10959,0x00000000,2025-12-14T15:00:05.870Z,2025-12-14T15:00:05.870Z
35,0x000a,-1.49721,0x00000000,2025-12-14T15:00:05.870Z,2025-12-14T15:00:05.870Z
34,0x000a,-0.432848,0x00000000,2025-12-14T15:00:05.870Z,2025-12-14T15:00:05.870Z
26,0x000a,0.0198929,0x00000000,2025-12-14T15:00:05.870Z,2025-12-14T15:00:05.870Z
25,0x000a,1.37985,0x00000000,2025-12-14T15:00:05.870Z,2025-12-14T15:00:05.870Z
23,0x000a,-2.10959,0x00000000,2025-12-14T15:00:05.870Z,2025-12-14T15:00:05.870Z
22,0x000a,-1.49721,0x00000000,2025-12-14T15:00:05.870Z,2025-12-14T15:00:05.870Z
21,0x000a,-0.432848,0x00000000,2025-12-14T15:00:05.870Z,2025-12-14T15:00:05.870Z
18,0x0001,false,0x00000000,2025-12-14T15:00:05.870Z,2025-12-14T15:00:05.870Z
8,0x0004,55,0x00000000,2025-12-14T15:00:05.868Z,2025-12-14T15:00:05.868Z
7,0x0004,3815,0x00000000,2025-12-14T15:00:05.868Z,2025-12-14T15:00:05.868Z
39,0x000a,0,0x00000000,2025-12-14T15:00:06.170Z,2025-12-14T15:00:06.170Z
38,0x000a,-2.90075,0x00000000,2025-12-14T15:00:06.170Z,2025-12-14T15:00:06.170Z
36,0x000a,-1.02596,0x00000000,2025-12-14T15:00:06.170Z,2025-12-14T15:00:06.170Z
35,0x000a,-1.50009,0x00000000,2025-12-14T15:00:06.170Z,2025-12-14T15:00:06.170Z
34,0x000a,-0.0541059,0x00000000,2025-12-14T15:00:06.170Z,2025-12-14T15:00:06.170Z
25,0x000a,0.93967,0x00000000,2025-12-14T15:00:06.170Z,2025-12-14T15:00:06.170Z
23,0x000a,-1.02596,0x00000000,2025-12-14T15:00:06.170Z,2025-12-14T15:00:06.170Z
22,0x000a,-1.50009,0x00000000,2025-12-14T15:00:06.170Z,2025-12-14T15:00:06.170Z
21,0x000a,-0.0541059,0x00000000,2025-12-14T15:00:06.170Z,2025-12-14T15:00:06.170Z
7,0x0004,2598,0x00000000,2025-12-14T15:00:06.170Z,2025-12-14T15:00:06.170Z
42,0x0001,true,0x00000000,2025-12-14T15:00:06.470Z,2025-12-14T15:00:06.470Z
38,0x000a,-1.80122,0x00000000,2025-12-14T15:00:06.470Z,2025-12-14T15:00:06.470Z
36,0x000a,-0.128245,0x00000000,2025-12-14T15:00:06.470Z,2025-12-14T15:00:06.470Z
35,0x000a,-1.67496,0x00000000,2025-12-14T15:00:06.470Z,2025-12-14T15:00:06.470Z
34,0x000a,-0.00676324,0x00000000,2025-12-14T15:00:06.470Z,2025-12-14T15:00:06.470Z
25,0x000a,0.459708,0x00000000,2025-12-14T15:00:06.470Z,2025-12-14T15:00:06.470Z
23,0x000a,-0.128245,0x00000000,2025-12-14T15:00:06.470Z,2025-12-14T15:00:06.470Z
22,0x000a,-1.67496,0x00000000,2025-12-14T15:00:06.470Z,2025-12-14T15:00:06.470Z
21,0x000a,-0.00676324,0x00000000,2025-12-14T15:00:06.470Z,2025-12-14T15:00:06.470Z
7,0x0004,1271,0x00000000,2025-12-14T15:00:06.470Z,2025-12-14T15:00:06.470Z
38,0x000a,-1.4974,0x00000000,2025-12-14T15:00:06.770Z,2025-12-14T15:00:06.770Z
36,0x000a,-0.0320612,0x00000000,2025-12-14T15:00:06.770Z,2025-12-14T15:00:06.770Z
35,0x000a,-1.56891,0x00000000,2025-12-14T15:00:06.770Z,2025-12-14T15:00:06.770Z
34,0x000a,-0.00169081,0x00000000,2025-12-14T15:00:06.770Z,2025-12-14T15:00:06.770Z
25,0x000a,0.0198929,0x00000000,2025-12-14T15:00:06.770Z,2025-12-14T15:00:06.770Z
23,0x000a,-0.0320612,0x00000000,2025-12-14T15:00:06.770Z,2025-12-14T15:00:06.770Z
22,0x000a,-1.56891,0x00000000,2025-12-14T15:00:06.770Z,2025-12-14T15:00:06.770Z
21,0x000a,-0.00169081,0x00000000,2025-12-14T15:00:06.770Z,2025-12-14T15:00:06.770Z
16,0x0001,false,0x00000000,2025-12-14T15:00:06.770Z,2025-12-14T15:00:06.770Z
7,0x0004,55,0x00000000,2025-12-14T15:00:06.768Z,2025-12-14T15:00:06.768Z
38,0x000a,0,0x00000000,2025-12-14T15:00:07.070Z,2025-12-14T15:00:07.070Z
36,0x000a,-0.00400765,0x00000000,2025-12-14T15:00:07.070Z,2025-12-14T15:00:07.070Z
35,0x000a,-0.858007,0x00000000,2025-12-14T15:00:07.070Z,2025-12-14T15:00:07.070Z
34,0x000a,-0.000211351,0x00000000,2025-12-14T15:00:07.070Z,2025-12-14T15:00:07.070Z
29,0x0004,0,0x00000000,2025-12-14T15:00:07.070Z,2025-12-14T15:00:07.070Z
25,0x000a,0,0x00000000,2025-12-14T15:00:07.070Z,2025-12-14T15:00:07.070Z
23,0x000a,-0.00400765,0x00000000,2025-12-14T15:00:07.070Z,2025-12-14T15:00:07.070Z
22,0x000a,-0.858007,0x00000000,2025-12-14T15:00:07.070Z,2025-12-14T15:00:07.070Z
21,0x000a,-0.000211351,0x00000000,2025-12-14T15:00:07.070Z,2025-12-14T15:00:07.070Z
7,0x0004,0,0x00000000,2025-12-14T15:00:07.070Z,2025-12-14T15:00:07.070Z
42,0x0001,false,0x00000000,2025-12-14T15:00:07.369Z,2025-12-14T15:00:07.369Z
40,0x0001,false,0x00000000,2025-12-14T15:00:07.369Z,2025-12-14T15:00:07.369Z
39,0x000a,0.300203,0x00000000,2025-12-14T15:00:07.369Z,2025-12-14T15:00:07.369Z
38,0x000a,0.397859,0x00000000,2025-12-14T15:00:07.369Z,2025-12-14T15:00:07.369Z
37,0x000a,1.09954,0x00000000,2025-12-14T15:00:07.369Z,2025-12-14T15:00:07.369Z
36,0x000a,-0.000500957,0x00000000,2025-12-14T15:00:07.369Z,2025-12-14T15:00:07.369Z
35,0x000a,-0.107251,0x00000000,2025-12-14T15:00:07.369Z,2025-12-14T15:00:07.369Z
34,0x000a,-2.64189e-05,0x00000000,2025-12-14T15:00:07.369Z,2025-12-14T15:00:07.369Z
29,0x0004,1000,0x00000000,2025-12-14T15:00:07.369Z,2025-12-14T15:00:07.369Z
28,0x0004,1000,0x00000000,2025-12-14T15:00:07.369Z,2025-12-14T15:00:07.369Z
26,0x000a,0.0499132,0x00000000,2025-12-14T15:00:07.369Z,2025-12-14T15:00:07.369Z
25,0x000a,0.0397859,0x00000000,2025-12-14T15:00:07.369Z,2025-12-14T15:00:07.369Z
24,0x000a,0.109954,0x00000000,2025-12-14T15:00:07.369Z,2025-12-14T15:00:07.369Z
23,0x000a,-0.000500957,0x00000000,2025-12-14T15:00:07.369Z,2025-12-14T15:00:07.369Z
22,0x000a,-0.107251,0x00000000,2025-12-14T15:00:07.369Z,2025-12-14T15:00:07.369Z
21,0x000a,-2.64189e-05,0x00000000,2025-12-14T15:00:07.369Z,2025-12-14T15:00:07.369Z
17,0x0001,true,0x00000000,2025-12-14T15:00:07.369Z,2025-12-14T15:00:07.369Z
15,0x0001,true,0x00000000,2025-12-14T15:00:07.369Z,2025-12-14T15:00:07.369Z
13,0x0001,true,0x00000000,2025-12-14T15:00:07.369Z,2025-12-14T15:00:07.369Z
8,0x0004,138,0x00000000,2025-12-14T15:00:07.367Z,2025-12-14T15:00:07.367Z
7,0x0004,110,0x00000000,2025-12-14T15:00:07.367Z,2025-12-14T15:00:07.367Z
6,0x0004,304,0x00000000,2025-12-14T15:00:07.367Z,2025-12-14T15:00:07.367Z
4,0x000a,10,0x00000000,2025-12-14T15:00:07.367Z,2025-12-14T15:00:07.367Z
3,0x000a,9,0x00000000,2025-12-14T15:00:07.367Z,2025-12-14T15:00:07.367Z
2,0x000a,8,0x00000000,2025-12-14T15:00:07.367Z,2025-12-14T15:00:07.367Z
39,0x000a,2.0978,0x00000000,2025-12-14T15:00:07.671Z,2025-12-14T15:00:07.671Z
38,0x000a,1.50101,0x00000000,2025-12-14T15:00:07.671Z,2025-12-14T15:00:07.671Z
37,0x000a,2.60055,0x00000000,2025-12-14T15:00:07.671Z,2025-12-14T15:00:07.671Z
36,0x000a,1.075,0x00000000,2025-12-14T15:00:07.671Z,2025-12-14T15:00:07.671Z
35,0x000a,0.823158,0x00000000,2025-12-14T15:00:07.671Z,2025-12-14T15:00:07.671Z
34,0x000a,1.62398,0x00000000,2025-12-14T15:00:07.671Z,2025-12-14T15:00:07.671Z
26,0x000a,0.659722,0x00000000,2025-12-14T15:00:07.671Z,2025-12-14T15:00:07.671Z
25,0x000a,0.489728,0x00000000,2025-12-14T15:00:07.671Z,2025-12-14T15:00:07.671Z
24,0x000a,0.90965,0x00000000,2025-12-14T15:00:07.671Z,2025-12-14T15:00:07.671Z
23,0x000a,1.075,0x00000000,2025-12-14T15:00:07.671Z,2025-12-14T15:00:07.671Z
22,0x000a,0.823158,0x00000000,2025-12-14T15:00:07.671Z,2025-12-14T15:00:07.671Z
21,0x000a,1.62398,0x00000000,2025-12-14T15:00:07.671Z,2025-12-14T15:00:07.671Z
8,0x0004,1824,0x00000000,2025-12-14T15:00:07.669Z,2025-12-14T15:00:07.669Z
7,0x0004,1354,0x00000000,2025-12-14T15:00:07.669Z,2025-12-14T15:00:07.669Z
6,0x0004,2515,0x00000000,2025-12-14T15:00:07.669Z,2025-12-14T15:00:07.669Z
39,0x000a,2.10142,0x00000000,2025-12-14T15:00:07.972Z,2025-12-14T15:00:07.972Z
38,0x000a,1.50101,0x00000000,2025-12-14T15:00:07.972Z,2025-12-14T15:00:07.972Z
37,0x000a,2.70182,0x00000000,2025-12-14T15:00:07.972Z,2025-12-14T15:00:07.972Z
36,0x000a,2.14627,0x00000000,2025-12-14T15:00:07.972Z,2025-12-14T15:00:07.972Z
35,0x000a,1.56548,0x00000000,2025-12-14T15:00:07.972Z,2025-12-14T15:00:07.972Z
34,0x000a,2.8031,0x00000000,2025-12-14T15:00:07.972Z,2025-12-14T15:00:07.972Z
26,0x000a,1.11979,0x00000000,2025-12-14T15:00:07.972Z,2025-12-14T15:00:07.972Z
25,0x000a,0.819951,0x00000000,2025-12-14T15:00:07.972Z,2025-12-14T15:00:07.972Z
24,0x000a,1.49993,0x00000000,2025-12-14T15:00:07.972Z,2025-12-14T15:00:07.972Z
23,0x000a,2.14627,0x00000000,2025-12-14T15:00:07.972Z,2025-12-14T15:00:07.972Z
22,0x000a,1.56548,0x00000000,2025-12-14T15:00:07.972Z,2025-12-14T15:00:07.972Z
21,0x000a,2.8031,0x00000000,2025-12-14T15:00:07.972Z,2025-12-14T15:00:07.972Z
8,0x0004,3096,0x00000000,2025-12-14T15:00:07.968Z,2025-12-14T15:00:07.968Z
7,0x0004,2267,0x00000000,2025-12-14T15:00:07.968Z,2025-12-14T15:00:07.968Z
6,0x0004,4147,0x00000000,2025-12-14T15:00:07.968Z,2025-12-14T15:00:07.968Z
39,0x000a,2.49928,0x00000000,2025-12-14T15:00:08.272Z,2025-12-14T15:00:08.272Z
38,0x000a,1.7976,0x00000000,2025-12-14T15:00:08.272Z,2025-12-14T15:00:08.272Z
37,0x000a,3.19734,0x00000000,2025-12-14T15:00:08.272Z,2025-12-14T15:00:08.272Z
36,0x000a,2.28064,0x00000000,2025-12-14T15:00:08.272Z,2025-12-14T15:00:08.272Z
35,0x000a,1.63205,0x00000000,2025-12-14T15:00:08.272Z,2025-12-14T15:00:08.272Z
34,0x000a,2.93692,0x00000000,2025-12-14T15:00:08.272Z,2025-12-14T15:00:08.272Z
26,0x000a,1.76975,0x00000000,2025-12-14T15:00:08.272Z,2025-12-14T15:00:08.272Z
25,0x000a,1.28979,0x00000000,2025-12-14T15:00:08.272Z,2025-12-14T15:00:08.272Z
24,0x000a,2.3499,0x00000000,2025-12-14T15:00:08.272Z,2025-12-14T15:00:08.272Z
23,0x000a,2.28064,0x00000000,2025-12-14T15:00:08.272Z,2025-12-14T15:00:08.272Z
22,0x000a,1.63205,0x00000000,2025-12-14T15:00:08.272Z,2025-12-14T15:00:08.272Z
21,0x000a,2.93692,0x00000000,2025-12-14T15:00:08.272Z,2025-12-14T15:00:08.272Z
8,0x0004,4893,0x00000000,2025-12-14T15:00:08.269Z,2025-12-14T15:00:08.269Z
7,0x0004,3566,0x00000000,2025-12-14T15:00:08.269Z,2025-12-14T15:00:08.269Z
6,0x0004,6497,0x00000000,2025-12-14T15:00:08.269Z,2025-12-14T15:00:08.269Z
39,0x000a,2.0978,0x00000000,2025-12-14T15:00:08.570Z,2025-12-14T15:00:08.570Z
38,0x000a,1.50101,0x00000000,2025-12-14T15:00:08.570Z,2025-12-14T15:00:08.570Z
37,0x000a,2.60055,0x00000000,2025-12-14T15:00:08.570Z,2025-12-14T15:00:08.570Z
36,0x000a,3.12098,0x00000000,2025-12-14T15:00:08.570Z,2025-12-14T15:00:08.570Z
35,0x000a,2.23364,0x00000000,2025-12-14T15:00:08.570Z,2025-12-14T15:00:08.570Z
34,0x000a,4.05906,0x00000000,2025-12-14T15:00:08.570Z,2025-12-14T15:00:08.570Z
26,0x000a,2.38968,0x00000000,2025-12-14T15:00:08.570Z,2025-12-14T15:00:08.570Z
25,0x000a,1.72996,0x00000000,2025-12-14T15:00:08.570Z,2025-12-14T15:00:08.570Z
24,0x000a,3.13983,0x00000000,2025-12-14T15:00:08.570Z,2025-12-14T15:00:08.570Z
23,0x000a,3.12098,0x00000000,2025-12-14T15:00:08.570Z,2025-12-14T15:00:08.570Z
22,0x000a,2.23364,0x00000000,2025-12-14T15:00:08.570Z,2025-12-14T15:00:08.570Z
21,0x000a,4.05906,0x00000000,2025-12-14T15:00:08.570Z,2025-12-14T15:00:08.570Z
8,0x0004,6607,0x00000000,2025-12-14T15:00:08.568Z,2025-12-14T15:00:08.568Z
7,0x0004,4783,0x00000000,2025-12-14T15:00:08.568Z,2025-12-14T15:00:08.568Z
6,0x0004,8681,0x00000000,2025-12-14T15:00:08.568Z,2025-12-14T15:00:08.568Z
39,0x000a,2.10142,0x00000000,2025-12-14T15:00:08.872Z,2025-12-14T15:00:08.872Z
38,0x000a,1.50101,0x00000000,2025-12-14T15:00:08.872Z,2025-12-14T15:00:08.872Z
36,0x000a,2.20309,0x00000000,2025-12-14T15:00:08.872Z,2025-12-14T15:00:08.872Z
35,0x000a,1.59169,0x00000000,2025-12-14T15:00:08.872Z,2025-12-14T15:00:08.872Z
34,0x000a,2.85792,0x00000000,2025-12-14T15:00:08.872Z,2025-12-14T15:00:08.872Z
26,0x000a,3.00998,0x00000000,2025-12-14T15:00:08.872Z,2025-12-14T15:00:08.872Z
25,0x000a,2.1799,0x00000000,2025-12-14T15:00:08.872Z,2025-12-14T15:00:08.872Z
24,0x000a,3.93989,0x00000000,2025-12-14T15:00:08.872Z,2025-12-14T15:00:08.872Z
23,0x000a,2.20309,0x00000000,2025-12-14T15:00:08.872Z,2025-12-14T15:00:08.872Z
22,0x000a,1.59169,0x00000000,2025-12-14T15:00:08.872Z,2025-12-14T15:00:08.872Z
21,0x000a,2.85792,0x00000000,2025-12-14T15:00:08.872Z,2025-12-14T15:00:08.872Z
8,0x0004,8322,0x00000000,2025-12-14T15:00:08.872Z,2025-12-14T15:00:08.872Z
7,0x0004,6027,0x00000000,2025-12-14T15:00:08.872Z,2025-12-14T15:00:08.872Z
6,0x0004,10893,0x00000000,2025-12-14T15:00:08.872Z,2025-12-14T15:00:08.872Z
39,0x000a,2.10142,0x00000000,2025-12-14T15:00:09.170Z,2025-12-14T15:00:09.170Z
38,0x000a,1.50101,0x00000000,2025-12-14T15:00:09.170Z,2025-12-14T15:00:09.170Z
37,0x000a,2.69821,0x00000000,2025-12-14T15:00:09.170Z,2025-12-14T15:00:09.170Z
36,0x000a,2.18827,0x00000000,2025-12-14T15:00:09.170Z,2025-12-14T15:00:09.170Z
35,0x000a,1.56208,0x00000000,2025-12-14T15:00:09.170Z,2025-12-14T15:00:09.170Z
34,0x000a,2.83165,0x00000000,2025-12-14T15:00:09.170Z,2025-12-14T15:00:09.170Z
26,0x000a,3.65994,0x00000000,2025-12-14T15:00:09.170Z,2025-12-14T15:00:09.170Z
25,0x000a,2.64974,0x00000000,2025-12-14T15:00:09.170Z,2025-12-14T15:00:09.170Z
24,0x000a,4.78986,0x00000000,2025-12-14T15:00:09.170Z,2025-12-14T15:00:09.170Z
23,0x000a,2.18827,0x00000000,2025-12-14T15:00:09.170Z,2025-12-14T15:00:09.170Z
22,0x000a,1.56208,0x00000000,2025-12-14T15:00:09.170Z,2025-12-14T15:00:09.170Z
21,0x000a,2.83165,0x00000000,2025-12-14T15:00:09.170Z,2025-12-14T15:00:09.170Z
8,0x0004,10119,0x00000000,2025-12-14T15:00:09.168Z,2025-12-14T15:00:09.168Z
7,0x0004,7326,0x00000000,2025-12-14T15:00:09.168Z,2025-12-14T15:00:09.168Z
6,0x0004,13243,0x00000000,2025-12-14T15:00:09.168Z,2025-12-14T15:00:09.168Z
8,0x0004,11833,0x00000000,2025-12-14T15:00:09.469Z,2025-12-14T15:00:09.469Z
7,0x0004,8543,0x00000000,2025-12-14T15:00:09.469Z,2025-12-14T15:00:09.469Z
6,0x0004,15455,0x00000000,2025-12-14T15:00:09.469Z,2025-12-14T15:00:09.469Z
39,0x000a,2.00014,0x00000000,2025-12-14T15:00:09.473Z,2025-12-14T15:00:09.473Z
38,0x000a,1.39974,0x00000000,2025-12-14T15:00:09.473Z,2025-12-14T15:00:09.473Z
37,0x000a,2.60055,0x00000000,2025-12-14T15:00:09.473Z,2025-12-14T15:00:09.473Z
36,0x000a,2.096,0x00000000,2025-12-14T15:00:09.473Z,2025-12-14T15:00:09.473Z
35,0x000a,1.51537,0x00000000,2025-12-14T15:00:09.473Z,2025-12-14T15:00:09.473Z
34,0x000a,2.70715,0x00000000,2025-12-14T15:00:09.473Z,2025-12-14T15:00:09.473Z
26,0x000a,4.27988,0x00000000,2025-12-14T15:00:09.473Z,2025-12-14T15:00:09.473Z
25,0x000a,3.08992,0x00000000,2025-12-14T15:00:09.473Z,2025-12-14T15:00:09.473Z
24,0x000a,5.58992,0x00000000,2025-12-14T15:00:09.473Z,2025-12-14T15:00:09.473Z
23,0x000a,2.096,0x00000000,2025-12-14T15:00:09.473Z,2025-12-14T15:00:09.473Z
22,0x000a,1.51537,0x00000000,2025-12-14T15:00:09.473Z,2025-12-14T15:00:09.473Z
21,0x000a,2.70715,0x00000000,2025-12-14T15:00:09.473Z,2025-12-14T15:00:09.473Z
39,0x000a,2.10142,0x00000000,2025-12-14T15:00:09.771Z,2025-12-14T15:00:09.771Z
38,0x000a,1.50101,0x00000000,2025-12-14T15:00:09.771Z,2025-12-14T15:00:09.771Z
37,0x000a,2.70182,0x00000000,2025-12-14T15:00:09.771Z,2025-12-14T15:00:09.771Z
36,0x000a,2.58631,0x00000000,2025-12-14T15:00:09.771Z,2025-12-14T15:00:09.771Z
35,0x000a,1.8645,0x00000000,2025-12-14T15:00:09.771Z,2025-12-14T15:00:09.771Z
34,0x000a,3.31375,0x00000000,2025-12-14T15:00:09.771Z,2025-12-14T15:00:09.771Z
26,0x000a,4.89981,0x00000000,2025-12-14T15:00:09.771Z,2025-12-14T15:00:09.771Z
25,0x000a,3.53986,0x00000000,2025-12-14T15:00:09.771Z,2025-12-14T15:00:09.771Z
24,0x000a,6.38997,0x00000000,2025-12-14T15:00:09.771Z,2025-12-14T15:00:09.771Z
23,0x000a,2.58631,0x00000000,2025-12-14T15:00:09.771Z,2025-12-14T15:00:09.771Z
22,0x000a,1.8645,0x00000000,2025-12-14T15:00:09.771Z,2025-12-14T15:00:09.771Z
21,0x000a,3.31375,0x00000000,2025-12-14T15:00:09.771Z,2025-12-14T15:00:09.771Z
8,0x0004,13547,0x00000000,2025-12-14T15:00:09.769Z,2025-12-14T15:00:09.769Z
7,0x0004,9787,0x00000000,2025-12-14T15:00:09.769Z,2025-12-14T15:00:09.769Z
6,0x0004,17667,0x00000000,2025-12-14T15:00:09.769Z,2025-12-14T15:00:09.769Z
39,0x000a,2.0978,0x00000000,2025-12-14T15:00:10.072Z,2025-12-14T15:00:10.072Z
37,0x000a,2.60055,0x00000000,2025-12-14T15:00:10.072Z,2025-12-14T15:00:10.072Z
36,0x000a,2.23527,0x00000000,2025-12-14T15:00:10.072Z,2025-12-14T15:00:10.072Z
35,0x000a,1.59618,0x00000000,2025-12-14T15:00:10.072Z,2025-12-14T15:00:10.072Z
34,0x000a,2.85156,0x00000000,2025-12-14T15:00:10.072Z,2025-12-14T15:00:10.072Z
26,0x000a,5.54977,0x00000000,2025-12-14T15:00:10.072Z,2025-12-14T15:00:10.072Z
25,0x000a,4.00969,0x00000000,2025-12-14T15:00:10.072Z,2025-12-14T15:00:10.072Z
24,0x000a,7.23994,0x00000000,2025-12-14T15:00:10.072Z,2025-12-14T15:00:10.072Z
23,0x000a,2.23527,0x00000000,2025-12-14T15:00:10.072Z,2025-12-14T15:00:10.072Z
22,0x000a,1.59618,0x00000000,2025-12-14T15:00:10.072Z,2025-12-14T15:00:10.072Z
21,0x000a,2.85156,0x00000000,2025-12-14T15:00:10.072Z,2025-12-14T15:00:10.072Z
8,0x0004,15344,0x00000000,2025-12-14T15:00:10.069Z,2025-12-14T15:00:10.069Z
7,0x0004,11086,0x00000000,2025-12-14T15:00:10.069Z,2025-12-14T15:00:10.069Z
6,0x0004,20017,0x00000000,2025-12-14T15:00:10.069Z,2025-12-14T15:00:10.069Z
39,0x000a,2.00015,0x00000000,2025-12-14T15:00:10.372Z,2025-12-14T15:00:10.372Z
38,0x000a,1.39974,0x00000000,2025-12-14T15:00:10.372Z,2025-12-14T15:00:10.372Z
37,0x000a,2.69821,0x00000000,2025-12-14T15:00:10.372Z,2025-12-14T15:00:10.372Z
36,0x000a,2.10956,0x00000000,2025-12-14T15:00:10.372Z,2025-12-14T15:00:10.372Z
35,0x000a,1.5239,0x00000000,2025-12-14T15:00:10.372Z,2025-12-14T15:00:10.372Z
34,0x000a,2.68862,0x00000000,2025-12-14T15:00:10.372Z,2025-12-14T15:00:10.372Z
26,0x000a,6.1697,0x00000000,2025-12-14T15:00:10.372Z,2025-12-14T15:00:10.372Z
25,0x000a,4.44987,0x00000000,2025-12-14T15:00:10.372Z,2025-12-14T15:00:10.372Z
24,0x000a,8.03964,0x00000000,2025-12-14T15:00:10.372Z,2025-12-14T15:00:10.372Z
23,0x000a,2.10956,0x00000000,2025-12-14T15:00:10.372Z,2025-12-14T15:00:10.372Z
22,0x000a,1.5239,0x00000000,2025-12-14T15:00:10.372Z,2025-12-14T15:00:10.372Z
21,0x000a,2.68862,0x00000000,2025-12-14T15:00:10.372Z,2025-12-14T15:00:10.372Z
13,0x0001,false,0x00000000,2025-12-14T15:00:10.372Z,2025-12-14T15:00:10.372Z
8,0x0004,17058,0x00000000,2025-12-14T15:00:10.370Z,2025-12-14T15:00:10.370Z
7,0x0004,12303,0x00000000,2025-12-14T15:00:10.370Z,2025-12-14T15:00:10.370Z
6,0x0004,22228,0x00000000,2025-12-14T15:00:10.370Z,2025-12-14T15:00:10.370Z
39,0x000a,4.6007,0x00000000,2025-12-14T15:00:10.670Z,2025-12-14T15:00:10.670Z
38,0x000a,3.29861,0x00000000,2025-12-14T15:00:10.670Z,2025-12-14T15:00:10.670Z
37,0x000a,0,0x00000000,2025-12-14T15:00:10.670Z,2025-12-14T15:00:10.670Z
36,0x000a,2.03823,0x00000000,2025-12-14T15:00:10.670Z,2025-12-14T15:00:10.670Z
35,0x000a,1.49121,0x00000000,2025-12-14T15:00:10.670Z,2025-12-14T15:00:10.670Z
34,0x000a,2.14905,0x00000000,2025-12-14T15:00:10.670Z,2025-12-14T15:00:10.670Z
26,0x000a,6.82979,0x00000000,2025-12-14T15:00:10.670Z,2025-12-14T15:00:10.670Z
25,0x000a,4.92983,0x00000000,2025-12-14T15:00:10.670Z,2025-12-14T15:00:10.670Z
24,0x000a,8.19987,0x00000000,2025-12-14T15:00:10.670Z,2025-12-14T15:00:10.670Z
23,0x000a,2.03823,0x00000000,2025-12-14T15:00:10.670Z,2025-12-14T15:00:10.670Z
22,0x000a,1.49121,0x00000000,2025-12-14T15:00:10.670Z,2025-12-14T15:00:10.670Z
21,0x000a,2.14905,0x00000000,2025-12-14T15:00:10.670Z,2025-12-14T15:00:10.670Z
8,0x0004,18883,0x00000000,2025-12-14T15:00:10.670Z,2025-12-14T15:00:10.670Z
7,0x0004,13630,0x00000000,2025-12-14T15:00:10.670Z,2025-12-14T15:00:10.670Z
6,0x0004,22671,0x00000000,2025-12-14T15:00:10.670Z,2025-12-14T15:00:10.670Z
40,0x0001,true,0x00000000,2025-12-14T15:00:10.971Z,2025-12-14T15:00:10.971Z
39,0x000a,2.10142,0x00000000,2025-12-14T15:00:10.971Z,2025-12-14T15:00:10.971Z
38,0x000a,1.50101,0x00000000,2025-12-14T15:00:10.971Z,2025-12-14T15:00:10.971Z
36,0x000a,2.65981,0x00000000,2025-12-14T15:00:10.971Z,2025-12-14T15:00:10.971Z
35,0x000a,1.89733,0x00000000,2025-12-14T15:00:10.971Z,2025-12-14T15:00:10.971Z
34,0x000a,0.537262,0x00000000,2025-12-14T15:00:10.971Z,2025-12-14T15:00:10.971Z
26,0x000a,7.47975,0x00000000,2025-12-14T15:00:10.971Z,2025-12-14T15:00:10.971Z
25,0x000a,5.39967,0x00000000,2025-12-14T15:00:10.971Z,2025-12-14T15:00:10.971Z
23,0x000a,2.65981,0x00000000,2025-12-14T15:00:10.971Z,2025-12-14T15:00:10.971Z
22,0x000a,1.89733,0x00000000,2025-12-14T15:00:10.971Z,2025-12-14T15:00:10.971Z
21,0x000a,0.537262,0x00000000,2025-12-14T15:00:10.971Z,2025-12-14T15:00:10.971Z
8,0x0004,20680,0x00000000,2025-12-14T15:00:10.971Z,2025-12-14T15:00:10.971Z
7,0x0004,14929,0x00000000,2025-12-14T15:00:10.971Z,2025-12-14T15:00:10.971Z
39,0x000a,2.00015,0x00000000,2025-12-14T15:00:11.269Z,2025-12-14T15:00:11.269Z
38,0x000a,1.39974,0x00000000,2025-12-14T15:00:11.269Z,2025-12-14T15:00:11.269Z
36,0x000a,2.24536,0x00000000,2025-12-14T15:00:11.269Z,2025-12-14T15:00:11.269Z
35,0x000a,1.6247,0x00000000,2025-12-14T15:00:11.269Z,2025-12-14T15:00:11.269Z
34,0x000a,0.0671578,0x00000000,2025-12-14T15:00:11.269Z,2025-12-14T15:00:11.269Z
26,0x000a,7.8899,0x00000000,2025-12-14T15:00:11.269Z,2025-12-14T15:00:11.269Z
25,0x000a,5.68974,0x00000000,2025-12-14T15:00:11.269Z,2025-12-14T15:00:11.269Z
23,0x000a,2.24536,0x00000000,2025-12-14T15:00:11.269Z,2025-12-14T15:00:11.269Z
22,0x000a,1.6247,0x00000000,2025-12-14T15:00:11.269Z,2025-12-14T15:00:11.269Z
21,0x000a,0.0671578,0x00000000,2025-12-14T15:00:11.269Z,2025-12-14T15:00:11.269Z
8,0x0004,21814,0x00000000,2025-12-14T15:00:11.269Z,2025-12-14T15:00:11.269Z
7,0x0004,15731,0x00000000,2025-12-14T15:00:11.269Z,2025-12-14T15:00:11.269Z
39,0x000a,2.00015,0x00000000,2025-12-14T15:00:11.571Z,2025-12-14T15:00:11.571Z
38,0x000a,1.4974,0x00000000,2025-12-14T15:00:11.571Z,2025-12-14T15:00:11.571Z
36,0x000a,2.10584,0x00000000,2025-12-14T15:00:11.571Z,2025-12-14T15:00:11.571Z
35,0x000a,1.50381,0x00000000,2025-12-14T15:00:11.571Z,2025-12-14T15:00:11.571Z
34,0x000a,0.00839472,0x00000000,2025-12-14T15:00:11.571Z,2025-12-14T15:00:11.571Z
26,0x000a,8.50984,0x00000000,2025-12-14T15:00:11.571Z,2025-12-14T15:00:11.571Z
25,0x000a,6.13968,0x00000000,2025-12-14T15:00:11.571Z,2025-12-14T15:00:11.571Z
23,0x000a,2.10584,0x00000000,2025-12-14T15:00:11.571Z,2025-12-14T15:00:11.571Z
22,0x000a,1.50381,0x00000000,2025-12-14T15:00:11.571Z,2025-12-14T15:00:11.571Z
21,0x000a,0.00839472,0x00000000,2025-12-14T15:00:11.571Z,2025-12-14T15:00:11.571Z
8,0x0004,23528,0x00000000,2025-12-14T15:00:11.571Z,2025-12-14T15:00:11.571Z
7,0x0004,16975,0x00000000,2025-12-14T15:00:11.571Z,2025-12-14T15:00:11.571Z
39,0x000a,4.49943,0x00000000,2025-12-14T15:00:11.870Z,2025-12-14T15:00:11.870Z
38,0x000a,3.20096,0x00000000,2025-12-14T15:00:11.870Z,2025-12-14T15:00:11.870Z
36,0x000a,2.0772,0x00000000,2025-12-14T15:00:11.870Z,2025-12-14T15:00:11.870Z
35,0x000a,1.50081,0x00000000,2025-12-14T15:00:11.870Z,2025-12-14T15:00:11.870Z
34,0x000a,0.00209868,0x00000000,2025-12-14T15:00:11.870Z,2025-12-14T15:00:11.870Z
26,0x000a,9.16992,0x00000000,2025-12-14T15:00:11.870Z,2025-12-14T15:00:11.870Z
25,0x000a,6.60988,0x00000000,2025-12-14T15:00:11.870Z,2025-12-14T15:00:11.870Z
23,0x000a,2.0772,0x00000000,2025-12-14T15:00:11.870Z,2025-12-14T15:00:11.870Z
22,0x000a,1.50081,0x00000000,2025-12-14T15:00:11.870Z,2025-12-14T15:00:11.870Z
21,0x000a,0.00209868,0x00000000,2025-12-14T15:00:11.870Z,2025-12-14T15:00:11.870Z
8,0x0004,25353,0x00000000,2025-12-14T15:00:11.868Z,2025-12-14T15:00:11.868Z
7,0x0004,18275,0x00000000,2025-12-14T15:00:11.868Z,2025-12-14T15:00:11.868Z
39,0x000a,2.00014,0x00000000,2025-12-14T15:00:12.170Z,2025-12-14T15:00:12.170Z
38,0x000a,1.39974,0x00000000,2025-12-14T15:00:12.170Z,2025-12-14T15:00:12.170Z
36,0x000a,2.37102,0x00000000,2025-12-14T15:00:12.170Z,2025-12-14T15:00:12.170Z
35,0x000a,1.71167,0x00000000,2025-12-14T15:00:12.170Z,2025-12-14T15:00:12.170Z
34,0x000a,0.000262335,0x00000000,2025-12-14T15:00:12.170Z,2025-12-14T15:00:12.170Z
26,0x000a,9.77973,0x00000000,2025-12-14T15:00:12.170Z,2025-12-14T15:00:12.170Z
25,0x000a,7.0497,0x00000000,2025-12-14T15:00:12.170Z,2025-12-14T15:00:12.170Z
23,0x000a,2.37102,0x00000000,2025-12-14T15:00:12.170Z,2025-12-14T15:00:12.170Z
22,0x000a,1.71167,0x00000000,2025-12-14T15:00:12.170Z,2025-12-14T15:00:12.170Z
21,0x000a,0.000262335,0x00000000,2025-12-14T15:00:12.170Z,2025-12-14T15:00:12.170Z
17,0x0001,false,0x00000000,2025-12-14T15:00:12.170Z,2025-12-14T15:00:12.170Z
8,0x0004,27039,0x00000000,2025-12-14T15:00:12.170Z,2025-12-14T15:00:12.170Z
7,0x0004,19491,0x00000000,2025-12-14T15:00:12.170Z,2025-12-14T15:00:12.170Z
39,0x000a,0,0x00000000,2025-12-14T15:00:12.473Z,2025-12-14T15:00:12.473Z
38,0x000a,1.50101,0x00000000,2025-12-14T15:00:12.473Z,2025-12-14T15:00:12.473Z
36,0x000a,1.12239,0x00000000,2025-12-14T15:00:12.473Z,2025-12-14T15:00:12.473Z
35,0x000a,1.51469,0x00000000,2025-12-14T15:00:12.473Z,2025-12-14T15:00:12.473Z
34,0x000a,3.27919e-05,0x00000000,2025-12-14T15:00:12.473Z,2025-12-14T15:00:12.473Z
30,0x0004,0,0x00000000,2025-12-14T15:00:12.473Z,2025-12-14T15:00:12.473Z
26,0x000a,10,0x00000000,2025-12-14T15:00:12.473Z,2025-12-14T15:00:12.473Z
25,0x000a,7.5,0x00000000,2025-12-14T15:00:12.473Z,2025-12-14T15:00:12.473Z
23,0x000a,1.12239,0x00000000,2025-12-14T15:00:12.473Z,2025-12-14T15:00:12.473Z
22,0x000a,1.51469,0x00000000,2025-12-14T15:00:12.473Z,2025-12-14T15:00:12.473Z
21,0x000a,3.27919e-05,0x00000000,2025-12-14T15:00:12.473Z,2025-12-14T15:00:12.473Z
8,0x0004,27648,0x00000000,2025-12-14T15:00:12.469Z,2025-12-14T15:00:12.469Z
7,0x0004,20736,0x00000000,2025-12-14T15:00:12.469Z,2025-12-14T15:00:12.469Z
42,0x0001,true,0x00000000,2025-12-14T15:00:12.771Z,2025-12-14T15:00:12.771Z
38,0x000a,1.4974,0x00000000,2025-12-14T15:00:12.771Z,2025-12-14T15:00:12.771Z
36,0x000a,0.280596,0x00000000,2025-12-14T15:00:12.771Z,2025-12-14T15:00:12.771Z
35,0x000a,1.60389,0x00000000,2025-12-14T15:00:12.771Z,2025-12-14T15:00:12.771Z
34,0x000a,8.19797e-06,0x00000000,2025-12-14T15:00:12.771Z,2025-12-14T15:00:12.771Z
25,0x000a,7.96983,0x00000000,2025-12-14T15:00:12.771Z,2025-12-14T15:00:12.771Z
23,0x000a,0.280596,0x00000000,2025-12-14T15:00:12.771Z,2025-12-14T15:00:12.771Z
22,0x000a,1.60389,0x00000000,2025-12-14T15:00:12.771Z,2025-12-14T15:00:12.771Z
21,0x000a,8.19797e-06,0x00000000,2025-12-14T15:00:12.771Z,2025-12-14T15:00:12.771Z
7,0x0004,22035,0x00000000,2025-12-14T15:00:12.768Z,2025-12-14T15:00:12.768Z
38,0x000a,1.69993,0x00000000,2025-12-14T15:00:13.071Z,2025-12-14T15:00:13.071Z
36,0x000a,0.0350745,0x00000000,2025-12-14T15:00:13.071Z,2025-12-14T15:00:13.071Z
35,0x000a,2.26212,0x00000000,2025-12-14T15:00:13.071Z,2025-12-14T15:00:13.071Z
34,0x000a,1.02475e-06,0x00000000,2025-12-14T15:00:13.071Z,2025-12-14T15:00:13.071Z
25,0x000a,8.43967,0x00000000,2025-12-14T15:00:13.071Z,2025-12-14T15:00:13.071Z
23,0x000a,0.0350745,0x00000000,2025-12-14T15:00:13.071Z,2025-12-14T15:00:13.071Z
22,0x000a,2.26212,0x00000000,2025-12-14T15:00:13.071Z,2025-12-14T15:00:13.071Z
21,0x000a,1.02475e-06,0x00000000,2025-12-14T15:00:13.071Z,2025-12-14T15:00:13.071Z
7,0x0004,23334,0x00000000,2025-12-14T15:00:13.067Z,2025-12-14T15:00:13.067Z
38,0x000a,1.80121,0x00000000,2025-12-14T15:00:13.369Z,2025-12-14T15:00:13.369Z
36,0x000a,0.00876864,0x00000000,2025-12-14T15:00:13.369Z,2025-12-14T15:00:13.369Z
35,0x000a,1.74102,0x00000000,2025-12-14T15:00:13.369Z,2025-12-14T15:00:13.369Z
34,0x000a,2.56187e-07,0x00000000,2025-12-14T15:00:13.369Z,2025-12-14T15:00:13.369Z
25,0x000a,8.91999,0x00000000,2025-12-14T15:00:13.369Z,2025-12-14T15:00:13.369Z
23,0x000a,0.00876864,0x00000000,2025-12-14T15:00:13.369Z,2025-12-14T15:00:13.369Z
22,0x000a,1.74102,0x00000000,2025-12-14T15:00:13.369Z,2025-12-14T15:00:13.369Z
21,0x000a,2.56187e-07,0x00000000,2025-12-14T15:00:13.369Z,2025-12-14T15:00:13.369Z
15,0x0001,false,0x00000000,2025-12-14T15:00:13.369Z,2025-12-14T15:00:13.369Z
7,0x0004,24662,0x00000000,2025-12-14T15:00:13.367Z,2025-12-14T15:00:13.367Z
38,0x000a,0,0x00000000,2025-12-14T15:00:13.670Z,2025-12-14T15:00:13.670Z
36,0x000a,0.00109608,0x00000000,2025-12-14T15:00:13.670Z,2025-12-14T15:00:13.670Z
35,0x000a,1.11642,0x00000000,2025-12-14T15:00:13.670Z,2025-12-14T15:00:13.670Z
34,0x000a,3.20233e-08,0x00000000,2025-12-14T15:00:13.670Z,2025-12-14T15:00:13.670Z
25,0x000a,8.97967,0x00000000,2025-12-14T15:00:13.670Z,2025-12-14T15:00:13.670Z
23,0x000a,0.00109608,0x00000000,2025-12-14T15:00:13.670Z,2025-12-14T15:00:13.670Z
22,0x000a,1.11642,0x00000000,2025-12-14T15:00:13.670Z,2025-12-14T15:00:13.670Z
21,0x000a,3.20233e-08,0x00000000,2025-12-14T15:00:13.670Z,2025-12-14T15:00:13.670Z
7,0x0004,24827,0x00000000,2025-12-14T15:00:13.670Z,2025-12-14T15:00:13.670Z
42,0x0001,false,0x00000000,2025-12-14T15:00:13.970Z,2025-12-14T15:00:13.970Z
40,0x0001,false,0x00000000,2025-12-14T15:00:13.970Z,2025-12-14T15:00:13.970Z
36,0x000a,0.00013701,0x00000000,2025-12-14T15:00:13.970Z,2025-12-14T15:00:13.970Z
35,0x000a,0.139553,0x00000000,2025-12-14T15:00:13.970Z,2025-12-14T15:00:13.970Z
34,0x000a,4.00292e-09,0x00000000,2025-12-14T15:00:13.970Z,2025-12-14T15:00:13.970Z
25,0x000a,8.91999,0x00000000,2025-12-14T15:00:13.970Z,2025-12-14T15:00:13.970Z
24,0x000a,8.08992,0x00000000,2025-12-14T15:00:13.970Z,2025-12-14T15:00:13.970Z
23,0x000a,0.00013701,0x00000000,2025-12-14T15:00:13.970Z,2025-12-14T15:00:13.970Z
22,0x000a,0.139553,0x00000000,2025-12-14T15:00:13.970Z,2025-12-14T15:00:13.970Z
21,0x000a,4.00292e-09,0x00000000,2025-12-14T15:00:13.970Z,2025-12-14T15:00:13.970Z
18,0x0001,true,0x00000000,2025-12-14T15:00:13.970Z,2025-12-14T15:00:13.970Z
16,0x0001,true,0x00000000,2025-12-14T15:00:13.970Z,2025-12-14T15:00:13.970Z
14,0x0001,true,0x00000000,2025-12-14T15:00:13.970Z,2025-12-14T15:00:13.970Z
7,0x0004,24662,0x00000000,2025-12-14T15:00:13.970Z,2025-12-14T15:00:13.970Z
6,0x0004,22367,0x00000000,2025-12-14T15:00:13.970Z,2025-12-14T15:00:13.970Z
4,0x000a,5,0x00000000,2025-12-14T15:00:13.970Z,2025-12-14T15:00:13.970Z
3,0x000a,5,0x00000000,2025-12-14T15:00:13.970Z,2025-12-14T15:00:13.970Z
2,0x000a,5,0x00000000,2025-12-14T15:00:13.970Z,2025-12-14T15:00:13.970Z
39,0x000a,-2.10141,0x00000000,2025-12-14T15:00:14.271Z,2025-12-14T15:00:14.271Z
38,0x000a,-1.50102,0x00000000,2025-12-14T15:00:14.271Z,2025-12-14T15:00:14.271Z
37,0x000a,-2.69821,0x00000000,2025-12-14T15:00:14.271Z,2025-12-14T15:00:14.271Z
36,0x000a,-1.30024,0x00000000,2025-12-14T15:00:14.271Z,2025-12-14T15:00:14.271Z
35,0x000a,-1.16411,0x00000000,2025-12-14T15:00:14.271Z,2025-12-14T15:00:14.271Z
34,0x000a,-2.15025,0x00000000,2025-12-14T15:00:14.271Z,2025-12-14T15:00:14.271Z
30,0x0004,1000,0x00000000,2025-12-14T15:00:14.271Z,2025-12-14T15:00:14.271Z
26,0x000a,9.32979,0x00000000,2025-12-14T15:00:14.271Z,2025-12-14T15:00:14.271Z
25,0x000a,8.43967,0x00000000,2025-12-14T15:00:14.271Z,2025-12-14T15:00:14.271Z
24,0x000a,7.23994,0x00000000,2025-12-14T15:00:14.271Z,2025-12-14T15:00:14.271Z
23,0x000a,-1.30024,0x00000000,2025-12-14T15:00:14.271Z,2025-12-14T15:00:14.271Z
22,0x000a,-1.16411,0x00000000,2025-12-14T15:00:14.271Z,2025-12-14T15:00:14.271Z
21,0x000a,-2.15025,0x00000000,2025-12-14T15:00:14.271Z,2025-12-14T15:00:14.271Z
8,0x0004,25795,0x00000000,2025-12-14T15:00:14.269Z,2025-12-14T15:00:14.269Z
7,0x0004,23334,0x00000000,2025-12-14T15:00:14.269Z,2025-12-14T15:00:14.269Z
6,0x0004,20017,0x00000000,2025-12-14T15:00:14.269Z,2025-12-14T15:00:14.269Z
39,0x000a,-1.99653,0x00000000,2025-12-14T15:00:14.570Z,2025-12-14T15:00:14.570Z
38,0x000a,-1.49739,0x00000000,2025-12-14T15:00:14.570Z,2025-12-14T15:00:14.570Z
37,0x000a,-2.60055,0x00000000,2025-12-14T15:00:14.570Z,2025-12-14T15:00:14.570Z
36,0x000a,-1.97595,0x00000000,2025-12-14T15:00:14.570Z,2025-12-14T15:00:14.570Z
35,0x000a,-1.40826,0x00000000,2025-12-14T15:00:14.570Z,2025-12-14T15:00:14.570Z
34,0x000a,-2.60711,0x00000000,2025-12-14T15:00:14.570Z,2025-12-14T15:00:14.570Z
26,0x000a,8.91999,0x00000000,2025-12-14T15:00:14.570Z,2025-12-14T15:00:14.570Z
25,0x000a,8.14996,0x00000000,2025-12-14T15:00:14.570Z,2025-12-14T15:00:14.570Z
24,0x000a,6.70971,0x00000000,2025-12-14T15:00:14.570Z,2025-12-14T15:00:14.570Z
23,0x000a,-1.97595,0x00000000,2025-12-14T15:00:14.570Z,2025-12-14T15:00:14.570Z
22,0x000a,-1.40826,0x00000000,2025-12-14T15:00:14.570Z,2025-12-14T15:00:14.570Z
21,0x000a,-2.60711,0x00000000,2025-12-14T15:00:14.570Z,2025-12-14T15:00:14.570Z
8,0x0004,24662,0x00000000,2025-12-14T15:00:14.570Z,2025-12-14T15:00:14.570Z
7,0x0004,22533,0x00000000,2025-12-14T15:00:14.570Z,2025-12-14T15:00:14.570Z
6,0x0004,18551,0x00000000,2025-12-14T15:00:14.570Z,2025-12-14T15:00:14.570Z
39,0x000a,-2.39799,0x00000000,2025-12-14T15:00:14.872Z,2025-12-14T15:00:14.872Z
38,0x000a,-1.7976,0x00000000,2025-12-14T15:00:14.872Z,2025-12-14T15:00:14.872Z
37,0x000a,-3.09968,0x00000000,2025-12-14T15:00:14.872Z,2025-12-14T15:00:14.872Z
36,0x000a,-2.07263,0x00000000,2025-12-14T15:00:14.872Z,2025-12-14T15:00:14.872Z
35,0x000a,-1.48897,0x00000000,2025-12-14T15:00:14.872Z,2025-12-14T15:00:14.872Z
34,0x000a,-2.67642,0x00000000,2025-12-14T15:00:14.872Z,2025-12-14T15:00:14.872Z
26,0x000a,8.25991,0x00000000,2025-12-14T15:00:14.872Z,2025-12-14T15:00:14.872Z
25,0x000a,7.66999,0x00000000,2025-12-14T15:00:14.872Z,2025-12-14T15:00:14.872Z
24,0x000a,5.85974,0x00000000,2025-12-14T15:00:14.872Z,2025-12-14T15:00:14.872Z
23,0x000a,-2.07263,0x00000000,2025-12-14T15:00:14.872Z,2025-12-14T15:00:14.872Z
22,0x000a,-1.48897,0x00000000,2025-12-14T15:00:14.872Z,2025-12-14T15:00:14.872Z
21,0x000a,-2.67642,0x00000000,2025-12-14T15:00:14.872Z,2025-12-14T15:00:14.872Z
8,0x0004,22837,0x00000000,2025-12-14T15:00:14.870Z,2025-12-14T15:00:14.870Z
7,0x0004,21206,0x00000000,2025-12-14T15:00:14.870Z,2025-12-14T15:00:14.870Z
6,0x0004,16201,0x00000000,2025-12-14T15:00:14.870Z,2025-12-14T15:00:14.870Z
39,0x000a,-2.00015,0x00000000,2025-12-14T15:00:15.173Z,2025-12-14T15:00:15.173Z
38,0x000a,-1.49739,0x00000000,2025-12-14T15:00:15.173Z,2025-12-14T15:00:15.173Z
37,0x000a,-2.70182,0x00000000,2025-12-14T15:00:15.173Z,2025-12-14T15:00:15.173Z
36,0x000a,-2.16837,0x00000000,2025-12-14T15:00:15.173Z,2025-12-14T15:00:15.173Z
35,0x000a,-1.52332,0x00000000,2025-12-14T15:00:15.173Z,2025-12-14T15:00:15.173Z
34,0x000a,-2.79313,0x00000000,2025-12-14T15:00:15.173Z,2025-12-14T15:00:15.173Z
26,0x000a,7.63997,0x00000000,2025-12-14T15:00:15.173Z,2025-12-14T15:00:15.173Z
25,0x000a,7.22982,0x00000000,2025-12-14T15:00:15.173Z,2025-12-14T15:00:15.173Z
24,0x000a,5.05968,0x00000000,2025-12-14T15:00:15.173Z,2025-12-14T15:00:15.173Z
23,0x000a,-2.16837,0x00000000,2025-12-14T15:00:15.173Z,2025-12-14T15:00:15.173Z
22,0x000a,-1.52332,0x00000000,2025-12-14T15:00:15.173Z,2025-12-14T15:00:15.173Z
21,0x000a,-2.79313,0x00000000,2025-12-14T15:00:15.173Z,2025-12-14T15:00:15.173Z
14,0x0001,false,0x00000000,2025-12-14T15:00:15.173Z,2025-12-14T15:00:15.173Z
8,0x0004,21123,0x00000000,2025-12-14T15:00:15.169Z,2025-12-14T15:00:15.169Z
7,0x0004,19989,0x00000000,2025-12-14T15:00:15.169Z,2025-12-14T15:00:15.169Z
6,0x0004,13989,0x00000000,2025-12-14T15:00:15.169Z,2025-12-14T15:00:15.169Z
39,0x000a,-2.00014,0x00000000,2025-12-14T15:00:15.473Z,2025-12-14T15:00:15.473Z
38,0x000a,-1.50102,0x00000000,2025-12-14T15:00:15.473Z,2025-12-14T15:00:15.473Z
37,0x000a,0,0x00000000,2025-12-14T15:00:15.473Z,2025-12-14T15:00:15.473Z
36,0x000a,-2.59626,0x00000000,2025-12-14T15:00:15.473Z,2025-12-14T15:00:15.473Z
35,0x000a,-1.82796,0x00000000,2025-12-14T15:00:15.473Z,2025-12-14T15:00:15.473Z
34,0x000a,-2.5125,0x00000000,2025-12-14T15:00:15.473Z,2025-12-14T15:00:15.473Z
26,0x000a,7.0298,0x00000000,2025-12-14T15:00:15.473Z,2025-12-14T15:00:15.473Z
25,0x000a,6.78964,0x00000000,2025-12-14T15:00:15.473Z,2025-12-14T15:00:15.473Z
24,0x000a,4.68967,0x00000000,2025-12-14T15:00:15.473Z,2025-12-14T15:00:15.473Z
23,0x000a,-2.59626,0x00000000,2025-12-14T15:00:15.473Z,2025-12-14T15:00:15.473Z
22,0x000a,-1.82796,0x00000000,2025-12-14T15:00:15.473Z,2025-12-14T15:00:15.473Z
21,0x000a,-2.5125,0x00000000,2025-12-14T15:00:15.473Z,2025-12-14T15:00:15.473Z
13,0x0001,true,0x00000000,2025-12-14T15:00:15.473Z,2025-12-14T15:00:15.473Z
8,0x0004,19436,0x00000000,2025-12-14T15:00:15.471Z,2025-12-14T15:00:15.471Z
7,0x0004,18772,0x00000000,2025-12-14T15:00:15.471Z,2025-12-14T15:00:15.471Z
6,0x0004,12966,0x00000000,2025-12-14T15:00:15.471Z,2025-12-14T15:00:15.471Z
39,0x000a,-2.00015,0x00000000,2025-12-14T15:00:15.770Z,2025-12-14T15:00:15.770Z
37,0x000a,1.09954,0x00000000,2025-12-14T15:00:15.770Z,2025-12-14T15:00:15.770Z
36,0x000a,-2.34954,0x00000000,2025-12-14T15:00:15.770Z,2025-12-14T15:00:15.770Z
35,0x000a,-1.69108,0x00000000,2025-12-14T15:00:15.770Z,2025-12-14T15:00:15.770Z
34,0x000a,1.53688,0x00000000,2025-12-14T15:00:15.770Z,2025-12-14T15:00:15.770Z
26,0x000a,6.36972,0x00000000,2025-12-14T15:00:15.770Z,2025-12-14T15:00:15.770Z
25,0x000a,6.30968,0x00000000,2025-12-14T15:00:15.770Z,2025-12-14T15:00:15.770Z
24,0x000a,5.21991,0x00000000,2025-12-14T15:00:15.770Z,2025-12-14T15:00:15.770Z
23,0x000a,-2.34954,0x00000000,2025-12-14T15:00:15.770Z,2025-12-14T15:00:15.770Z
22,0x000a,-1.69108,0x00000000,2025-12-14T15:00:15.770Z,2025-12-14T15:00:15.770Z
21,0x000a,1.53688,0x00000000,2025-12-14T15:00:15.770Z,2025-12-14T15:00:15.770Z
13,0x0001,false,0x00000000,2025-12-14T15:00:15.770Z,2025-12-14T15:00:15.770Z
8,0x0004,17611,0x00000000,2025-12-14T15:00:15.770Z,2025-12-14T15:00:15.770Z
7,0x0004,17445,0x00000000,2025-12-14T15:00:15.770Z,2025-12-14T15:00:15.770Z
6,0x0004,14432,0x00000000,2025-12-14T15:00:15.770Z,2025-12-14T15:00:15.770Z
40,0x0001,true,0x00000000,2025-12-14T15:00:16.069Z,2025-12-14T15:00:16.069Z
38,0x000a,-1.4974,0x00000000,2025-12-14T15:00:16.069Z,2025-12-14T15:00:16.069Z
37,0x000a,0,0x00000000,2025-12-14T15:00:16.069Z,2025-12-14T15:00:16.069Z
36,0x000a,-2.13632,0x00000000,2025-12-14T15:00:16.069Z,2025-12-14T15:00:16.069Z
35,0x000a,-1.49789,0x00000000,2025-12-14T15:00:16.069Z,2025-12-14T15:00:16.069Z
34,0x000a,0.659106,0x00000000,2025-12-14T15:00:16.069Z,2025-12-14T15:00:16.069Z
26,0x000a,5.74978,0x00000000,2025-12-14T15:00:16.069Z,2025-12-14T15:00:16.069Z
25,0x000a,5.86986,0x00000000,2025-12-14T15:00:16.069Z,2025-12-14T15:00:16.069Z
23,0x000a,-2.13632,0x00000000,2025-12-14T15:00:16.069Z,2025-12-14T15:00:16.069Z
22,0x000a,-1.49789,0x00000000,2025-12-14T15:00:16.069Z,2025-12-14T15:00:16.069Z
21,0x000a,0.659106,0x00000000,2025-12-14T15:00:16.069Z,2025-12-14T15:00:16.069Z
8,0x0004,15897,0x00000000,2025-12-14T15:00:16.069Z,2025-12-14T15:00:16.069Z
7,0x0004,16229,0x00000000,2025-12-14T15:00:16.069Z,2025-12-14T15:00:16.069Z
39,0x000a,-4.6007,0x00000000,2025-12-14T15:00:16.372Z,2025-12-14T15:00:16.372Z
38,0x000a,-3.20096,0x00000000,2025-12-14T15:00:16.372Z,2025-12-14T15:00:16.372Z
36,0x000a,-2.04249,0x00000000,2025-12-14T15:00:16.372Z,2025-12-14T15:00:16.372Z
35,0x000a,-1.50017,0x00000000,2025-12-14T15:00:16.372Z,2025-12-14T15:00:16.372Z
34,0x000a,0.0823882,0x00000000,2025-12-14T15:00:16.372Z,2025-12-14T15:00:16.372Z
26,0x000a,5.0897,0x00000000,2025-12-14T15:00:16.372Z,2025-12-14T15:00:16.372Z
25,0x000a,5.39967,0x00000000,2025-12-14T15:00:16.372Z,2025-12-14T15:00:16.372Z
23,0x000a,-2.04249,0x00000000,2025-12-14T15:00:16.372Z,2025-12-14T15:00:16.372Z
22,0x000a,-1.50017,0x00000000,2025-12-14T15:00:16.372Z,2025-12-14T15:00:16.372Z
21,0x000a,0.0823882,0x00000000,2025-12-14T15:00:16.372Z,2025-12-14T15:00:16.372Z
18,0x0001,false,0x00000000,2025-12-14T15:00:16.372Z,2025-12-14T15:00:16.372Z
8,0x0004,14072,0x00000000,2025-12-14T15:00:16.370Z,2025-12-14T15:00:16.370Z
7,0x0004,14929,0x00000000,2025-12-14T15:00:16.370Z,2025-12-14T15:00:16.370Z
39,0x000a,0,0x00000000,2025-12-14T15:00:16.670Z,2025-12-14T15:00:16.670Z
38,0x000a,-0.600405,0x00000000,2025-12-14T15:00:16.670Z,2025-12-14T15:00:16.670Z
36,0x000a,-1.03023,0x00000000,2025-12-14T15:00:16.670Z,2025-12-14T15:00:16.670Z
35,0x000a,-1.7125,0x00000000,2025-12-14T15:00:16.670Z,2025-12-14T15:00:16.670Z
34,0x000a,0.0102985,0x00000000,2025-12-14T15:00:16.670Z,2025-12-14T15:00:16.670Z
26,0x000a,5.00977,0x00000000,2025-12-14T15:00:16.670Z,2025-12-14T15:00:16.670Z
25,0x000a,5.03979,0x00000000,2025-12-14T15:00:16.670Z,2025-12-14T15:00:16.670Z
23,0x000a,-1.03023,0x00000000,2025-12-14T15:00:16.670Z,2025-12-14T15:00:16.670Z
22,0x000a,-1.7125,0x00000000,2025-12-14T15:00:16.670Z,2025-12-14T15:00:16.670Z
21,0x000a,0.0102985,0x00000000,2025-12-14T15:00:16.670Z,2025-12-14T15:00:16.670Z
16,0x0001,false,0x00000000,2025-12-14T15:00:16.670Z,2025-12-14T15:00:16.670Z
8,0x0004,13851,0x00000000,2025-12-14T15:00:16.668Z,2025-12-14T15:00:16.668Z
7,0x0004,13934,0x00000000,2025-12-14T15:00:16.668Z,2025-12-14T15:00:16.668Z
40,0x0001,false,0x00000000,2025-12-14T15:00:16.972Z,2025-12-14T15:00:16.972Z
38,0x000a,0,0x00000000,2025-12-14T15:00:16.972Z,2025-12-14T15:00:16.972Z
36,0x000a,-0.257558,0x00000000,2025-12-14T15:00:16.972Z,2025-12-14T15:00:16.972Z
35,0x000a,-0.578225,0x00000000,2025-12-14T15:00:16.972Z,2025-12-14T15:00:16.972Z
34,0x000a,0.00257463,0x00000000,2025-12-14T15:00:16.972Z,2025-12-14T15:00:16.972Z
23,0x000a,-0.257558,0x00000000,2025-12-14T15:00:16.972Z,2025-12-14T15:00:16.972Z
22,0x000a,-0.578225,0x00000000,2025-12-14T15:00:16.972Z,2025-12-14T15:00:16.972Z
21,0x000a,0.00257463,0x00000000,2025-12-14T15:00:16.972Z,2025-12-14T15:00:16.972Z
18,0x0001,true,0x00000000,2025-12-14T15:00:16.972Z,2025-12-14T15:00:16.972Z
16,0x0001,true,0x00000000,2025-12-14T15:00:16.972Z,2025-12-14T15:00:16.972Z
14,0x0001,true,0x00000000,2025-12-14T15:00:16.972Z,2025-12-14T15:00:16.972Z
4,0x000a,0,0x00000000,2025-12-14T15:00:16.969Z,2025-12-14T15:00:16.969Z
3,0x000a,0,0x00000000,2025-12-14T15:00:16.969Z,2025-12-14T15:00:16.969Z
2,0x000a,0,0x00000000,2025-12-14T15:00:16.969Z,2025-12-14T15:00:16.969Z
39,0x000a,-0.698061,0x00000000,2025-12-14T15:00:17.270Z,2025-12-14T15:00:17.270Z
38,0x000a,-0.900607,0x00000000,2025-12-14T15:00:17.270Z,2025-12-14T15:00:17.270Z
37,0x000a,-1.60229,0x00000000,2025-12-14T15:00:17.270Z,2025-12-14T15:00:17.270Z
36,0x000a,-0.0321947,0x00000000,2025-12-14T15:00:17.270Z,2025-12-14T15:00:17.270Z
35,0x000a,-0.0722781,0x00000000,2025-12-14T15:00:17.270Z,2025-12-14T15:00:17.270Z
34,0x000a,0.000321829,0x00000000,2025-12-14T15:00:17.270Z,2025-12-14T15:00:17.270Z
26,0x000a,4.73994,0x00000000,2025-12-14T15:00:17.270Z,2025-12-14T15:00:17.270Z
25,0x000a,4.80975,0x00000000,2025-12-14T15:00:17.270Z,2025-12-14T15:00:17.270Z
24,0x000a,4.78986,0x00000000,2025-12-14T15:00:17.270Z,2025-12-14T15:00:17.270Z
23,0x000a,-0.0321947,0x00000000,2025-12-14T15:00:17.270Z,2025-12-14T15:00:17.270Z
22,0x000a,-0.0722781,0x00000000,2025-12-14T15:00:17.270Z,2025-12-14T15:00:17.270Z
21,0x000a,0.000321829,0x00000000,2025-12-14T15:00:17.270Z,2025-12-14T15:00:17.270Z
8,0x0004,13105,0x00000000,2025-12-14T15:00:17.268Z,2025-12-14T15:00:17.268Z
7,0x0004,13298,0x00000000,2025-12-14T15:00:17.268Z,2025-12-14T15:00:17.268Z
6,0x0004,13243,0x00000000,2025-12-14T15:00:17.268Z,2025-12-14T15:00:17.268Z
39,0x000a,-2.10142,0x00000000,2025-12-14T15:00:17.570Z,2025-12-14T15:00:17.570Z
38,0x000a,-1.50101,0x00000000,2025-12-14T15:00:17.570Z,2025-12-14T15:00:17.570Z
37,0x000a,-2.70182,0x00000000,2025-12-14T15:00:17.570Z,2025-12-14T15:00:17.570Z
36,0x000a,-2.6421,0x00000000,2025-12-14T15:00:17.570Z,2025-12-14T15:00:17.570Z
35,0x000a,-1.97075,0x00000000,2025-12-14T15:00:17.570Z,2025-12-14T15:00:17.570Z
34,0x000a,-3.52417,0x00000000,2025-12-14T15:00:17.570Z,2025-12-14T15:00:17.570Z
26,0x000a,4.11965,0x00000000,2025-12-14T15:00:17.570Z,2025-12-14T15:00:17.570Z
25,0x000a,4.35981,0x00000000,2025-12-14T15:00:17.570Z,2025-12-14T15:00:17.570Z
24,0x000a,3.9898,0x00000000,2025-12-14T15:00:17.570Z,2025-12-14T15:00:17.570Z
23,0x000a,-2.6421,0x00000000,2025-12-14T15:00:17.570Z,2025-12-14T15:00:17.570Z
22,0x000a,-1.97075,0x00000000,2025-12-14T15:00:17.570Z,2025-12-14T15:00:17.570Z
21,0x000a,-3.52417,0x00000000,2025-12-14T15:00:17.570Z,2025-12-14T15:00:17.570Z
8,0x0004,11390,0x00000000,2025-12-14T15:00:17.570Z,2025-12-14T15:00:17.570Z
7,0x0004,12054,0x00000000,2025-12-14T15:00:17.570Z,2025-12-14T15:00:17.570Z
6,0x0004,11031,0x00000000,2025-12-14T15:00:17.570Z,2025-12-14T15:00:17.570Z
39,0x000a,-2.40162,0x00000000,2025-12-14T15:00:17.874Z,2025-12-14T15:00:17.874Z
38,0x000a,-1.80121,0x00000000,2025-12-14T15:00:17.874Z,2025-12-14T15:00:17.874Z
37,0x000a,-3.20096,0x00000000,2025-12-14T15:00:17.874Z,2025-12-14T15:00:17.874Z
36,0x000a,-2.23478,0x00000000,2025-12-14T15:00:17.874Z,2025-12-14T15:00:17.874Z
35,0x000a,-1.56781,0x00000000,2025-12-14T15:00:17.874Z,2025-12-14T15:00:17.874Z
34,0x000a,-2.85677,0x00000000,2025-12-14T15:00:17.874Z,2025-12-14T15:00:17.874Z
26,0x000a,3.45992,0x00000000,2025-12-14T15:00:17.874Z,2025-12-14T15:00:17.874Z
25,0x000a,3.88997,0x00000000,2025-12-14T15:00:17.874Z,2025-12-14T15:00:17.874Z
24,0x000a,3.13983,0x00000000,2025-12-14T15:00:17.874Z,2025-12-14T15:00:17.874Z
23,0x000a,-2.23478,0x00000000,2025-12-14T15:00:17.874Z,2025-12-14T15:00:17.874Z
22,0x000a,-1.56781,0x00000000,2025-12-14T15:00:17.874Z,2025-12-14T15:00:17.874Z
21,0x000a,-2.85677,0x00000000,2025-12-14T15:00:17.874Z,2025-12-14T15:00:17.874Z
8,0x0004,9566,0x00000000,2025-12-14T15:00:17.871Z,2025-12-14T15:00:17.871Z
7,0x0004,10755,0x00000000,2025-12-14T15:00:17.871Z,2025-12-14T15:00:17.871Z
6,0x0004,8681,0x00000000,2025-12-14T15:00:17.871Z,2025-12-14T15:00:17.871Z
39,0x000a,-2.10142,0x00000000,2025-12-14T15:00:18.171Z,2025-12-14T15:00:18.171Z
38,0x000a,-1.50101,0x00000000,2025-12-14T15:00:18.171Z,2025-12-14T15:00:18.171Z
37,0x000a,-2.69821,0x00000000,2025-12-14T15:00:18.171Z,2025-12-14T15:00:18.171Z
36,0x000a,-2.10407,0x00000000,2025-12-14T15:00:18.171Z,2025-12-14T15:00:18.171Z
35,0x000a,-1.54598,0x00000000,2025-12-14T15:00:18.171Z,2025-12-14T15:00:18.171Z
34,0x000a,-2.73204,0x00000000,2025-12-14T15:00:18.171Z,2025-12-14T15:00:18.171Z
26,0x000a,3.04977,0x00000000,2025-12-14T15:00:18.171Z,2025-12-14T15:00:18.171Z
25,0x000a,3.58977,0x00000000,2025-12-14T15:00:18.171Z,2025-12-14T15:00:18.171Z
24,0x000a,2.60995,0x00000000,2025-12-14T15:00:18.171Z,2025-12-14T15:00:18.171Z
23,0x000a,-2.10407,0x00000000,2025-12-14T15:00:18.171Z,2025-12-14T15:00:18.171Z
22,0x000a,-1.54598,0x00000000,2025-12-14T15:00:18.171Z,2025-12-14T15:00:18.171Z
21,0x000a,-2.73204,0x00000000,2025-12-14T15:00:18.171Z,2025-12-14T15:00:18.171Z
8,0x0004,8432,0x00000000,2025-12-14T15:00:18.169Z,2025-12-14T15:00:18.169Z
7,0x0004,9925,0x00000000,2025-12-14T15:00:18.169Z,2025-12-14T15:00:18.169Z
6,0x0004,7216,0x00000000,2025-12-14T15:00:18.169Z,2025-12-14T15:00:18.169Z
39,0x000a,-2.0978,0x00000000,2025-12-14T15:00:18.470Z,2025-12-14T15:00:18.470Z
38,0x000a,-1.50101,0x00000000,2025-12-14T15:00:18.470Z,2025-12-14T15:00:18.470Z
37,0x000a,-2.70182,0x00000000,2025-12-14T15:00:18.470Z,2025-12-14T15:00:18.470Z
36,0x000a,-2.07462,0x00000000,2025-12-14T15:00:18.470Z,2025-12-14T15:00:18.470Z
35,0x000a,-1.48132,0x00000000,2025-12-14T15:00:18.470Z,2025-12-14T15:00:18.470Z
34,0x000a,-2.67983,0x00000000,2025-12-14T15:00:18.470Z,2025-12-14T15:00:18.470Z
26,0x000a,2.38968,0x00000000,2025-12-14T15:00:18.470Z,2025-12-14T15:00:18.470Z
25,0x000a,3.11994,0x00000000,2025-12-14T15:00:18.470Z,2025-12-14T15:00:18.470Z
24,0x000a,1.75998,0x00000000,2025-12-14T15:00:18.470Z,2025-12-14T15:00:18.470Z
23,0x000a,-2.07462,0x00000000,2025-12-14T15:00:18.470Z,2025-12-14T15:00:18.470Z
22,0x000a,-1.48132,0x00000000,2025-12-14T15:00:18.470Z,2025-12-14T15:00:18.470Z
21,0x000a,-2.67983,0x00000000,2025-12-14T15:00:18.470Z,2025-12-14T15:00:18.470Z
8,0x0004,6607,0x00000000,2025-12-14T15:00:18.470Z,2025-12-14T15:00:18.470Z
7,0x0004,8626,0x00000000,2025-12-14T15:00:18.470Z,2025-12-14T15:00:18.470Z
6,0x0004,4866,0x00000000,2025-12-14T15:00:18.470Z,2025-12-14T15:00:18.470Z
39,0x000a,-2.00014,0x00000000,2025-12-14T15:00:18.770Z,2025-12-14T15:00:18.770Z
38,0x000a,-1.50101,0x00000000,2025-12-14T15:00:18.770Z,2025-12-14T15:00:18.770Z
37,0x000a,-2.69821,0x00000000,2025-12-14T15:00:18.770Z,2025-12-14T15:00:18.770Z
36,0x000a,-3.19335,0x00000000,2025-12-14T15:00:18.770Z,2025-12-14T15:00:18.770Z
35,0x000a,-2.2701,0x00000000,2025-12-14T15:00:18.770Z,2025-12-14T15:00:18.770Z
34,0x000a,-4.12048,0x00000000,2025-12-14T15:00:18.770Z,2025-12-14T15:00:18.770Z
26,0x000a,1.77988,0x00000000,2025-12-14T15:00:18.770Z,2025-12-14T15:00:18.770Z
25,0x000a,2.67976,0x00000000,2025-12-14T15:00:18.770Z,2025-12-14T15:00:18.770Z
24,0x000a,0.959925,0x00000000,2025-12-14T15:00:18.770Z,2025-12-14T15:00:18.770Z
23,0x000a,-3.19335,0x00000000,2025-12-14T15:00:18.770Z,2025-12-14T15:00:18.770Z
22,0x000a,-2.2701,0x00000000,2025-12-14T15:00:18.770Z,2025-12-14T15:00:18.770Z
21,0x000a,-4.12048,0x00000000,2025-12-14T15:00:18.770Z,2025-12-14T15:00:18.770Z
8,0x0004,4921,0x00000000,2025-12-14T15:00:18.770Z,2025-12-14T15:00:18.770Z
7,0x0004,7409,0x00000000,2025-12-14T15:00:18.770Z,2025-12-14T15:00:18.770Z
6,0x0004,2654,0x00000000,2025-12-14T15:00:18.770Z,2025-12-14T15:00:18.770Z
39,0x000a,-2.0978,0x00000000,2025-12-14T15:00:19.069Z,2025-12-14T15:00:19.069Z
37,0x000a,-2.59693,0x00000000,2025-12-14T15:00:19.069Z,2025-12-14T15:00:19.069Z
36,0x000a,-2.17461,0x00000000,2025-12-14T15:00:19.069Z,2025-12-14T15:00:19.069Z
35,0x000a,-1.59534,0x00000000,2025-12-14T15:00:19.069Z,2025-12-14T15:00:19.069Z
34,0x000a,-2.85338,0x00000000,2025-12-14T15:00:19.069Z,2025-12-14T15:00:19.069Z
26,0x000a,1.15994,0x00000000,2025-12-14T15:00:19.069Z,2025-12-14T15:00:19.069Z
25,0x000a,2.22982,0x00000000,2025-12-14T15:00:19.069Z,2025-12-14T15:00:19.069Z
24,0x000a,0.169994,0x00000000,2025-12-14T15:00:19.069Z,2025-12-14T15:00:19.069Z
23,0x000a,-2.17461,0x00000000,2025-12-14T15:00:19.069Z,2025-12-14T15:00:19.069Z
22,0x000a,-1.59534,0x00000000,2025-12-14T15:00:19.069Z,2025-12-14T15:00:19.069Z
21,0x000a,-2.85338,0x00000000,2025-12-14T15:00:19.069Z,2025-12-14T15:00:19.069Z
14,0x0001,false,0x00000000,2025-12-14T15:00:19.069Z,2025-12-14T15:00:19.069Z
8,0x0004,3207,0x00000000,2025-12-14T15:00:19.069Z,2025-12-14T15:00:19.069Z
7,0x0004,6165,0x00000000,2025-12-14T15:00:19.069Z,2025-12-14T15:00:19.069Z
6,0x0004,470,0x00000000,2025-12-14T15:00:19.069Z,2025-12-14T15:00:19.069Z
39,0x000a,-2.10142,0x00000000,2025-12-14T15:00:19.370Z,2025-12-14T15:00:19.370Z
38,0x000a,-1.50101,0x00000000,2025-12-14T15:00:19.370Z,2025-12-14T15:00:19.370Z
37,0x000a,0,0x00000000,2025-12-14T15:00:19.370Z,2025-12-14T15:00:19.370Z
36,0x000a,-2.0848,0x00000000,2025-12-14T15:00:19.370Z,2025-12-14T15:00:19.370Z
35,0x000a,-1.48749,0x00000000,2025-12-14T15:00:19.370Z,2025-12-14T15:00:19.370Z
34,0x000a,-1.10628,0x00000000,2025-12-14T15:00:19.370Z,2025-12-14T15:00:19.370Z
28,0x0004,0,0x00000000,2025-12-14T15:00:19.370Z,2025-12-14T15:00:19.370Z
26,0x000a,0.549769,0x00000000,2025-12-14T15:00:19.370Z,2025-12-14T15:00:19.370Z
25,0x000a,1.78964,0x00000000,2025-12-14T15:00:19.370Z,2025-12-14T15:00:19.370Z
24,0x000a,0,0x00000000,2025-12-14T15:00:19.370Z,2025-12-14T15:00:19.370Z
23,0x000a,-2.0848,0x00000000,2025-12-14T15:00:19.370Z,2025-12-14T15:00:19.370Z
22,0x000a,-1.48749,0x00000000,2025-12-14T15:00:19.370Z,2025-12-14T15:00:19.370Z
21,0x000a,-1.10628,0x00000000,2025-12-14T15:00:19.370Z,2025-12-14T15:00:19.370Z
8,0x0004,1520,0x00000000,2025-12-14T15:00:19.370Z,2025-12-14T15:00:19.370Z
7,0x0004,4948,0x00000000,2025-12-14T15:00:19.370Z,2025-12-14T15:00:19.370Z
6,0x0004,0,0x00000000,2025-12-14T15:00:19.370Z,2025-12-14T15:00:19.370Z
40,0x0001,true,0x00000000,2025-12-14T15:00:19.670Z,2025-12-14T15:00:19.670Z
39,0x000a,-2.50289,0x00000000,2025-12-14T15:00:19.670Z,2025-12-14T15:00:19.670Z
38,0x000a,-1.69994,0x00000000,2025-12-14T15:00:19.670Z,2025-12-14T15:00:19.670Z
36,0x000a,-2.07014,0x00000000,2025-12-14T15:00:19.670Z,2025-12-14T15:00:19.670Z
35,0x000a,-1.49582,0x00000000,2025-12-14T15:00:19.670Z,2025-12-14T15:00:19.670Z
34,0x000a,-0.276569,0x00000000,2025-12-14T15:00:19.670Z,2025-12-14T15:00:19.670Z
26,0x000a,0.00976562,0x00000000,2025-12-14T15:00:19.670Z,2025-12-14T15:00:19.670Z
25,0x000a,1.31981,0x00000000,2025-12-14T15:00:19.670Z,2025-12-14T15:00:19.670Z
23,0x000a,-2.07014,0x00000000,2025-12-14T15:00:19.670Z,2025-12-14T15:00:19.670Z
22,0x000a,-1.49582,0x00000000,2025-12-14T15:00:19.670Z,2025-12-14T15:00:19.670Z
21,0x000a,-0.276569,0x00000000,2025-12-14T15:00:19.670Z,2025-12-14T15:00:19.670Z
18,0x0001,false,0x00000000,2025-12-14T15:00:19.670Z,2025-12-14T15:00:19.670Z
8,0x0004,27,0x00000000,2025-12-14T15:00:19.670Z,2025-12-14T15:00:19.670Z
7,0x0004,3649,0x00000000,2025-12-14T15:00:19.670Z,2025-12-14T15:00:19.670Z
39,0x000a,0,0x00000000,2025-12-14T15:00:19.972Z,2025-12-14T15:00:19.972Z
38,0x000a,-1.50101,0x00000000,2025-12-14T15:00:19.972Z,2025-12-14T15:00:19.972Z
36,0x000a,-0.771462,0x00000000,2025-12-14T15:00:19.972Z,2025-12-14T15:00:19.972Z
35,0x000a,-1.89867,0x00000000,2025-12-14T15:00:19.972Z,2025-12-14T15:00:19.972Z
34,0x000a,-0.0345711,0x00000000,2025-12-14T15:00:19.972Z,2025-12-14T15:00:19.972Z
25,0x000a,0.869864,0x00000000,2025-12-14T15:00:19.972Z,2025-12-14T15:00:19.972Z
23,0x000a,-0.771462,0x00000000,2025-12-14T15:00:19.972Z,2025-12-14T15:00:19.972Z
22,0x000a,-1.89867,0x00000000,2025-12-14T15:00:19.972Z,2025-12-14T15:00:19.972Z
21,0x000a,-0.0345711,0x00000000,2025-12-14T15:00:19.972Z,2025-12-14T15:00:19.972Z
7,0x0004,2405,0x00000000,2025-12-14T15:00:19.969Z,2025-12-14T15:00:19.969Z
42,0x0001,true,0x00000000,2025-12-14T15:00:20.273Z,2025-12-14T15:00:20.273Z
36,0x000a,-0.0964328,0x00000000,2025-12-14T15:00:20.273Z,2025-12-14T15:00:20.273Z
35,0x000a,-1.5254,0x00000000,2025-12-14T15:00:20.273Z,2025-12-14T15:00:20.273Z
34,0x000a,-0.00432139,0x00000000,2025-12-14T15:00:20.273Z,2025-12-14T15:00:20.273Z
25,0x000a,0.399667,0x00000000,2025-12-14T15:00:20.273Z,2025-12-14T15:00:20.273Z
23,0x000a,-0.0964328,0x00000000,2025-12-14T15:00:20.273Z,2025-12-14T15:00:20.273Z
22,0x000a,-1.5254,0x00000000,2025-12-14T15:00:20.273Z,2025-12-14T15:00:20.273Z
21,0x000a,-0.00432139,0x00000000,2025-12-14T15:00:20.273Z,2025-12-14T15:00:20.273Z
7,0x0004,1105,0x00000000,2025-12-14T15:00:20.269Z,2025-12-14T15:00:20.269Z
38,0x000a,-1.39974,0x00000000,2025-12-14T15:00:20.570Z,2025-12-14T15:00:20.570Z
36,0x000a,-0.0241082,0x00000000,2025-12-14T15:00:20.570Z,2025-12-14T15:00:20.570Z
35,0x000a,-1.58035,0x00000000,2025-12-14T15:00:20.570Z,2025-12-14T15:00:20.570Z
34,0x000a,-0.00108035,0x00000000,2025-12-14T15:00:20.570Z,2025-12-14T15:00:20.570Z
25,0x000a,0.0499132,0x00000000,2025-12-14T15:00:20.570Z,2025-12-14T15:00:20.570Z
23,0x000a,-0.0241082,0x00000000,2025-12-14T15:00:20.570Z,2025-12-14T15:00:20.570Z
22,0x000a,-1.58035,0x00000000,2025-12-14T15:00:20.570Z,2025-12-14T15:00:20.570Z
21,0x000a,-0.00108035,0x00000000,2025-12-14T15:00:20.570Z,2025-12-14T15:00:20.570Z
16,0x0001,false,0x00000000,2025-12-14T15:00:20.570Z,2025-12-14T15:00:20.570Z
7,0x0004,138,0x00000000,2025-12-14T15:00:20.568Z,2025-12-14T15:00:20.568Z
42,0x0001,false,0x00000000,2025-12-14T15:00:20.870Z,2025-12-14T15:00:20.870Z
40,0x0001,false,0x00000000,2025-12-14T15:00:20.870Z,2025-12-14T15:00:20.870Z
38,0x000a,0,0x00000000,2025-12-14T15:00:20.870Z,2025-12-14T15:00:20.870Z
36,0x000a,-0.00301352,0x00000000,2025-12-14T15:00:20.870Z,2025-12-14T15:00:20.870Z
35,0x000a,-0.522613,0x00000000,2025-12-14T15:00:20.870Z,2025-12-14T15:00:20.870Z
34,0x000a,-0.000135043,0x00000000,2025-12-14T15:00:20.870Z,2025-12-14T15:00:20.870Z
23,0x000a,-0.00301352,0x00000000,2025-12-14T15:00:20.870Z,2025-12-14T15:00:20.870Z
22,0x000a,-0.522613,0x00000000,2025-12-14T15:00:20.870Z,2025-12-14T15:00:20.870Z
21,0x000a,-0.000135043,0x00000000,2025-12-14T15:00:20.870Z,2025-12-14T15:00:20.870Z
17,0x0001,true,0x00000000,2025-12-14T15:00:20.870Z,2025-12-14T15:00:20.870Z
15,0x0001,true,0x00000000,2025-12-14T15:00:20.870Z,2025-12-14T15:00:20.870Z
13,0x0001,true,0x00000000,2025-12-14T15:00:20.870Z,2025-12-14T15:00:20.870Z
4,0x000a,10,0x00000000,2025-12-14T15:00:20.870Z,2025-12-14T15:00:20.870Z
3,0x000a,9,0x00000000,2025-12-14T15:00:20.870Z,2025-12-14T15:00:20.870Z
2,0x000a,8,0x00000000,2025-12-14T15:00:20.870Z,2025-12-14T15:00:20.870Z
39,0x000a,0.701678,0x00000000,2025-12-14T15:00:21.172Z,2025-12-14T15:00:21.172Z
38,0x000a,0.900608,0x00000000,2025-12-14T15:00:21.172Z,2025-12-14T15:00:21.172Z
37,0x000a,1.59867,0x00000000,2025-12-14T15:00:21.172Z,2025-12-14T15:00:21.172Z
36,0x000a,-0.000753381,0x00000000,2025-12-14T15:00:21.172Z,2025-12-14T15:00:21.172Z
35,0x000a,-0.130653,0x00000000,2025-12-14T15:00:21.172Z,2025-12-14T15:00:21.172Z
34,0x000a,-3.37608e-05,0x00000000,2025-12-14T15:00:21.172Z,2025-12-14T15:00:21.172Z
28,0x0004,1000,0x00000000,2025-12-14T15:00:21.172Z,2025-12-14T15:00:21.172Z
26,0x000a,0.289714,0x00000000,2025-12-14T15:00:21.172Z,2025-12-14T15:00:21.172Z
25,0x000a,0.279948,0x00000000,2025-12-14T15:00:21.172Z,2025-12-14T15:00:21.172Z
24,0x000a,0.429688,0x00000000,2025-12-14T15:00:21.172Z,2025-12-14T15:00:21.172Z
23,0x000a,-0.000753381,0x00000000,2025-12-14T15:00:21.172Z,2025-12-14T15:00:21.172Z
22,0x000a,-0.130653,0x00000000,2025-12-14T15:00:21.172Z,2025-12-14T15:00:21.172Z
21,0x000a,-3.37608e-05,0x00000000,2025-12-14T15:00:21.172Z,2025-12-14T15:00:21.172Z
8,0x0004,801,0x00000000,2025-12-14T15:00:21.168Z,2025-12-14T15:00:21.168Z
7,0x0004,774,0x00000000,2025-12-14T15:00:21.168Z,2025-12-14T15:00:21.168Z
6,0x0004,1188,0x00000000,2025-12-14T15:00:21.168Z,2025-12-14T15:00:21.168Z
39,0x000a,2.10142,0x00000000,2025-12-14T15:00:21.471Z,2025-12-14T15:00:21.471Z
38,0x000a,1.50101,0x00000000,2025-12-14T15:00:21.471Z,2025-12-14T15:00:21.471Z
37,0x000a,2.69821,0x00000000,2025-12-14T15:00:21.471Z,2025-12-14T15:00:21.471Z
36,0x000a,1.61214,0x00000000,2025-12-14T15:00:21.471Z,2025-12-14T15:00:21.471Z
35,0x000a,1.19488,0x00000000,2025-12-14T15:00:21.471Z,2025-12-14T15:00:21.471Z
34,0x000a,2.22529,0x00000000,2025-12-14T15:00:21.471Z,2025-12-14T15:00:21.471Z
26,0x000a,0.899884,0x00000000,2025-12-14T15:00:21.471Z,2025-12-14T15:00:21.471Z
25,0x000a,0.72989,0x00000000,2025-12-14T15:00:21.471Z,2025-12-14T15:00:21.471Z
24,0x000a,1.22975,0x00000000,2025-12-14T15:00:21.471Z,2025-12-14T15:00:21.471Z
23,0x000a,1.61214,0x00000000,2025-12-14T15:00:21.471Z,2025-12-14T15:00:21.471Z
22,0x000a,1.19488,0x00000000,2025-12-14T15:00:21.471Z,2025-12-14T15:00:21.471Z
21,0x000a,2.22529,0x00000000,2025-12-14T15:00:21.471Z,2025-12-14T15:00:21.471Z
8,0x0004,2488,0x00000000,2025-12-14T15:00:21.468Z,2025-12-14T15:00:21.468Z
7,0x0004,2018,0x00000000,2025-12-14T15:00:21.468Z,2025-12-14T15:00:21.468Z
6,0x0004,3400,0x00000000,2025-12-14T15:00:21.468Z,2025-12-14T15:00:21.468Z
39,0x000a,2.00014,0x00000000,2025-12-14T15:00:21.772Z,2025-12-14T15:00:21.772Z
38,0x000a,1.50101,0x00000000,2025-12-14T15:00:21.772Z,2025-12-14T15:00:21.772Z
37,0x000a,2.60055,0x00000000,2025-12-14T15:00:21.772Z,2025-12-14T15:00:21.772Z
36,0x000a,2.01313,0x00000000,2025-12-14T15:00:21.772Z,2025-12-14T15:00:21.772Z
35,0x000a,1.41211,0x00000000,2025-12-14T15:00:21.772Z,2025-12-14T15:00:21.772Z
34,0x000a,2.61649,0x00000000,2025-12-14T15:00:21.772Z,2025-12-14T15:00:21.772Z
26,0x000a,1.55997,0x00000000,2025-12-14T15:00:21.772Z,2025-12-14T15:00:21.772Z
25,0x000a,1.19973,0x00000000,2025-12-14T15:00:21.772Z,2025-12-14T15:00:21.772Z
24,0x000a,2.07972,0x00000000,2025-12-14T15:00:21.772Z,2025-12-14T15:00:21.772Z
23,0x000a,2.01313,0x00000000,2025-12-14T15:00:21.772Z,2025-12-14T15:00:21.772Z
22,0x000a,1.41211,0x00000000,2025-12-14T15:00:21.772Z,2025-12-14T15:00:21.772Z
21,0x000a,2.61649,0x00000000,2025-12-14T15:00:21.772Z,2025-12-14T15:00:21.772Z
8,0x0004,3621,0x00000000,2025-12-14T15:00:21.768Z,2025-12-14T15:00:21.768Z
7,0x0004,2820,0x00000000,2025-12-14T15:00:21.768Z,2025-12-14T15:00:21.768Z
6,0x0004,4866,0x00000000,2025-12-14T15:00:21.768Z,2025-12-14T15:00:21.768Z
39,0x000a,4.09795,0x00000000,2025-12-14T15:00:22.069Z,2025-12-14T15:00:22.069Z
38,0x000a,3.00202,0x00000000,2025-12-14T15:00:22.069Z,2025-12-14T15:00:22.069Z
37,0x000a,5.30237,0x00000000,2025-12-14T15:00:22.069Z,2025-12-14T15:00:22.069Z
36,0x000a,2.25477,0x00000000,2025-12-14T15:00:22.069Z,2025-12-14T15:00:22.069Z
35,0x000a,1.62708,0x00000000,2025-12-14T15:00:22.069Z,2025-12-14T15:00:22.069Z
34,0x000a,2.90293,0x00000000,2025-12-14T15:00:22.069Z,2025-12-14T15:00:22.069Z
26,0x000a,1.96976,0x00000000,2025-12-14T15:00:22.069Z,2025-12-14T15:00:22.069Z
25,0x000a,1.49993,0x00000000,2025-12-14T15:00:22.069Z,2025-12-14T15:00:22.069Z
24,0x000a,2.60995,0x00000000,2025-12-14T15:00:22.069Z,2025-12-14T15:00:22.069Z
23,0x000a,2.25477,0x00000000,2025-12-14T15:00:22.069Z,2025-12-14T15:00:22.069Z
22,0x000a,1.62708,0x00000000,2025-12-14T15:00:22.069Z,2025-12-14T15:00:22.069Z
21,0x000a,2.90293,0x00000000,2025-12-14T15:00:22.069Z,2025-12-14T15:00:22.069Z
8,0x0004,5446,0x00000000,2025-12-14T15:00:22.069Z,2025-12-14T15:00:22.069Z
7,0x0004,4147,0x00000000,2025-12-14T15:00:22.069Z,2025-12-14T15:00:22.069Z
6,0x0004,7216,0x00000000,2025-12-14T15:00:22.069Z,2025-12-14T15:00:22.069Z
39,0x000a,2.0978,0x00000000,2025-12-14T15:00:22.371Z,2025-12-14T15:00:22.371Z
38,0x000a,1.50101,0x00000000,2025-12-14T15:00:22.371Z,2025-12-14T15:00:22.371Z
37,0x000a,2.59693,0x00000000,2025-12-14T15:00:22.371Z,2025-12-14T15:00:22.371Z
36,0x000a,2.31952,0x00000000,2025-12-14T15:00:22.371Z,2025-12-14T15:00:22.371Z
35,0x000a,1.67727,0x00000000,2025-12-14T15:00:22.371Z,2025-12-14T15:00:22.371Z
34,0x000a,3.05113,0x00000000,2025-12-14T15:00:22.371Z,2025-12-14T15:00:22.371Z
26,0x000a,2.5897,0x00000000,2025-12-14T15:00:22.371Z,2025-12-14T15:00:22.371Z
25,0x000a,1.93974,0x00000000,2025-12-14T15:00:22.371Z,2025-12-14T15:00:22.371Z
24,0x000a,3.40965,0x00000000,2025-12-14T15:00:22.371Z,2025-12-14T15:00:22.371Z
23,0x000a,2.31952,0x00000000,2025-12-14T15:00:22.371Z,2025-12-14T15:00:22.371Z
22,0x000a,1.67727,0x00000000,2025-12-14T15:00:22.371Z,2025-12-14T15:00:22.371Z
21,0x000a,3.05113,0x00000000,2025-12-14T15:00:22.371Z,2025-12-14T15:00:22.371Z
8,0x0004,7160,0x00000000,2025-12-14T15:00:22.368Z,2025-12-14T15:00:22.368Z
7,0x0004,5363,0x00000000,2025-12-14T15:00:22.368Z,2025-12-14T15:00:22.368Z
6,0x0004,9427,0x00000000,2025-12-14T15:00:22.368Z,2025-12-14T15:00:22.368Z
39,0x000a,2.10142,0x00000000,2025-12-14T15:00:22.671Z,2025-12-14T15:00:22.671Z
38,0x000a,1.50101,0x00000000,2025-12-14T15:00:22.671Z,2025-12-14T15:00:22.671Z
37,0x000a,2.60055,0x00000000,2025-12-14T15:00:22.671Z,2025-12-14T15:00:22.671Z
36,0x000a,2.20147,0x00000000,2025-12-14T15:00:22.671Z,2025-12-14T15:00:22.671Z
35,0x000a,1.54746,0x00000000,2025-12-14T15:00:22.671Z,2025-12-14T15:00:22.671Z
34,0x000a,2.85716,0x00000000,2025-12-14T15:00:22.671Z,2025-12-14T15:00:22.671Z
26,0x000a,3.24978,0x00000000,2025-12-14T15:00:22.671Z,2025-12-14T15:00:22.671Z
25,0x000a,2.40994,0x00000000,2025-12-14T15:00:22.671Z,2025-12-14T15:00:22.671Z
24,0x000a,4.25998,0x00000000,2025-12-14T15:00:22.671Z,2025-12-14T15:00:22.671Z
23,0x000a,2.20147,0x00000000,2025-12-14T15:00:22.671Z,2025-12-14T15:00:22.671Z
22,0x000a,1.54746,0x00000000,2025-12-14T15:00:22.671Z,2025-12-14T15:00:22.671Z
21,0x000a,2.85716,0x00000000,2025-12-14T15:00:22.671Z,2025-12-14T15:00:22.671Z
8,0x0004,8985,0x00000000,2025-12-14T15:00:22.671Z,2025-12-14T15:00:22.671Z
7,0x0004,6663,0x00000000,2025-12-14T15:00:22.671Z,2025-12-14T15:00:22.671Z
6,0x0004,11778,0x00000000,2025-12-14T15:00:22.671Z,2025-12-14T15:00:22.671Z
38,0x000a,1.50101,0x00000000,2025-12-14T15:00:22.970Z,2025-12-14T15:00:22.970Z
36,0x000a,2.07579,0x00000000,2025-12-14T15:00:22.970Z,2025-12-14T15:00:22.970Z
35,0x000a,1.51082,0x00000000,2025-12-14T15:00:22.970Z,2025-12-14T15:00:22.970Z
34,0x000a,2.71353,0x00000000,2025-12-14T15:00:22.970Z,2025-12-14T15:00:22.970Z
26,0x000a,3.85995,0x00000000,2025-12-14T15:00:22.970Z,2025-12-14T15:00:22.970Z
25,0x000a,2.85988,0x00000000,2025-12-14T15:00:22.970Z,2025-12-14T15:00:22.970Z
24,0x000a,5.05968,0x00000000,2025-12-14T15:00:22.970Z,2025-12-14T15:00:22.970Z
23,0x000a,2.07579,0x00000000,2025-12-14T15:00:22.970Z,2025-12-14T15:00:22.970Z
22,0x000a,1.51082,0x00000000,2025-12-14T15:00:22.970Z,2025-12-14T15:00:22.970Z
21,0x000a,2.71353,0x00000000,2025-12-14T15:00:22.970Z,2025-12-14T15:00:22.970Z
8,0x0004,10672,0x00000000,2025-12-14T15:00:22.970Z,2025-12-14T15:00:22.970Z
7,0x0004,7907,0x00000000,2025-12-14T15:00:22.970Z,2025-12-14T15:00:22.970Z
6,0x0004,13989,0x00000000,2025-12-14T15:00:22.970Z,2025-12-14T15:00:22.970Z
39,0x000a,2.0978,0x00000000,2025-12-14T15:00:23.269Z,2025-12-14T15:00:23.269Z
38,0x000a,1.4974,0x00000000,2025-12-14T15:00:23.269Z,2025-12-14T15:00:23.269Z
37,0x000a,2.59693,0x00000000,2025-12-14T15:00:23.269Z,2025-12-14T15:00:23.269Z
36,0x000a,3.2719,0x00000000,2025-12-14T15:00:23.269Z,2025-12-14T15:00:23.269Z
35,0x000a,2.35221,0x00000000,2025-12-14T15:00:23.269Z,2025-12-14T15:00:23.269Z
34,0x000a,4.2902,0x00000000,2025-12-14T15:00:23.269Z,2025-12-14T15:00:23.269Z
26,0x000a,4.51968,0x00000000,2025-12-14T15:00:23.269Z,2025-12-14T15:00:23.269Z
25,0x000a,3.32972,0x00000000,2025-12-14T15:00:23.269Z,2025-12-14T15:00:23.269Z
24,0x000a,5.90965,0x00000000,2025-12-14T15:00:23.269Z,2025-12-14T15:00:23.269Z
23,0x000a,3.2719,0x00000000,2025-12-14T15:00:23.269Z,2025-12-14T15:00:23.269Z
22,0x000a,2.35221,0x00000000,2025-12-14T15:00:23.269Z,2025-12-14T15:00:23.269Z
21,0x000a,4.2902,0x00000000,2025-12-14T15:00:23.269Z,2025-12-14T15:00:23.269Z
8,0x0004,12496,0x00000000,2025-12-14T15:00:23.269Z,2025-12-14T15:00:23.269Z
7,0x0004,9206,0x00000000,2025-12-14T15:00:23.269Z,2025-12-14T15:00:23.269Z
6,0x0004,16339,0x00000000,2025-12-14T15:00:23.269Z,2025-12-14T15:00:23.269Z
39,0x000a,2.10142,0x00000000,2025-12-14T15:00:23.570Z,2025-12-14T15:00:23.570Z
38,0x000a,1.50101,0x00000000,2025-12-14T15:00:23.570Z,2025-12-14T15:00:23.570Z
37,0x000a,2.69821,0x00000000,2025-12-14T15:00:23.570Z,2025-12-14T15:00:23.570Z
36,0x000a,2.22196,0x00000000,2025-12-14T15:00:23.570Z,2025-12-14T15:00:23.570Z
35,0x000a,1.55632,0x00000000,2025-12-14T15:00:23.570Z,2025-12-14T15:00:23.570Z
34,0x000a,2.83662,0x00000000,2025-12-14T15:00:23.570Z,2025-12-14T15:00:23.570Z
26,0x000a,5.13997,0x00000000,2025-12-14T15:00:23.570Z,2025-12-14T15:00:23.570Z
25,0x000a,3.76989,0x00000000,2025-12-14T15:00:23.570Z,2025-12-14T15:00:23.570Z
24,0x000a,6.70971,0x00000000,2025-12-14T15:00:23.570Z,2025-12-14T15:00:23.570Z
23,0x000a,2.22196,0x00000000,2025-12-14T15:00:23.570Z,2025-12-14T15:00:23.570Z
22,0x000a,1.55632,0x00000000,2025-12-14T15:00:23.570Z,2025-12-14T15:00:23.570Z
21,0x000a,2.83662,0x00000000,2025-12-14T15:00:23.570Z,2025-12-14T15:00:23.570Z
8,0x0004,14211,0x00000000,2025-12-14T15:00:23.570Z,2025-12-14T15:00:23.570Z
7,0x0004,10423,0x00000000,2025-12-14T15:00:23.570Z,2025-12-14T15:00:23.570Z
6,0x0004,18551,0x00000000,2025-12-14T15:00:23.570Z,2025-12-14T15:00:23.570Z
39,0x000a,2.0978,0x00000000,2025-12-14T15:00:23.871Z,2025-12-14T15:00:23.871Z
38,0x000a,1.4974,0x00000000,2025-12-14T15:00:23.871Z,2025-12-14T15:00:23.871Z
37,0x000a,2.70182,0x00000000,2025-12-14T15:00:23.871Z,2025-12-14T15:00:23.871Z
36,0x000a,2.08092,0x00000000,2025-12-14T15:00:23.871Z,2025-12-14T15:00:23.871Z
35,0x000a,1.51484,0x00000000,2025-12-14T15:00:23.871Z,2025-12-14T15:00:23.871Z
34,0x000a,2.68398,0x00000000,2025-12-14T15:00:23.871Z,2025-12-14T15:00:23.871Z
26,0x000a,5.74978,0x00000000,2025-12-14T15:00:23.871Z,2025-12-14T15:00:23.871Z
25,0x000a,4.21983,0x00000000,2025-12-14T15:00:23.871Z,2025-12-14T15:00:23.871Z
24,0x000a,7.50977,0x00000000,2025-12-14T15:00:23.871Z,2025-12-14T15:00:23.871Z
23,0x000a,2.08092,0x00000000,2025-12-14T15:00:23.871Z,2025-12-14T15:00:23.871Z
22,0x000a,1.51484,0x00000000,2025-12-14T15:00:23.871Z,2025-12-14T15:00:23.871Z
21,0x000a,2.68398,0x00000000,2025-12-14T15:00:23.871Z,2025-12-14T15:00:23.871Z
8,0x0004,15897,0x00000000,2025-12-14T15:00:23.868Z,2025-12-14T15:00:23.868Z
7,0x0004,11667,0x00000000,2025-12-14T15:00:23.868Z,2025-12-14T15:00:23.868Z
6,0x0004,20763,0x00000000,2025-12-14T15:00:23.868Z,2025-12-14T15:00:23.868Z
39,0x000a,2.00015,0x00000000,2025-12-14T15:00:24.169Z,2025-12-14T15:00:24.169Z
38,0x000a,1.50101,0x00000000,2025-12-14T15:00:24.169Z,2025-12-14T15:00:24.169Z
37,0x000a,2.60055,0x00000000,2025-12-14T15:00:24.169Z,2025-12-14T15:00:24.169Z
36,0x000a,2.27201,0x00000000,2025-12-14T15:00:24.169Z,2025-12-14T15:00:24.169Z
35,0x000a,1.60175,0x00000000,2025-12-14T15:00:24.169Z,2025-12-14T15:00:24.169Z
34,0x000a,2.94826,0x00000000,2025-12-14T15:00:24.169Z,2025-12-14T15:00:24.169Z
26,0x000a,6.40987,0x00000000,2025-12-14T15:00:24.169Z,2025-12-14T15:00:24.169Z
25,0x000a,4.68967,0x00000000,2025-12-14T15:00:24.169Z,2025-12-14T15:00:24.169Z
24,0x000a,8.19987,0x00000000,2025-12-14T15:00:24.169Z,2025-12-14T15:00:24.169Z
23,0x000a,2.27201,0x00000000,2025-12-14T15:00:24.169Z,2025-12-14T15:00:24.169Z
22,0x000a,1.60175,0x00000000,2025-12-14T15:00:24.169Z,2025-12-14T15:00:24.169Z
21,0x000a,2.94826,0x00000000,2025-12-14T15:00:24.169Z,2025-12-14T15:00:24.169Z
13,0x0001,false,0x00000000,2025-12-14T15:00:24.169Z,2025-12-14T15:00:24.169Z
8,0x0004,17722,0x00000000,2025-12-14T15:00:24.169Z,2025-12-14T15:00:24.169Z
7,0x0004,12966,0x00000000,2025-12-14T15:00:24.169Z,2025-12-14T15:00:24.169Z
6,0x0004,22671,0x00000000,2025-12-14T15:00:24.169Z,2025-12-14T15:00:24.169Z
40,0x0001,true,0x00000000,2025-12-14T15:00:24.470Z,2025-12-14T15:00:24.470Z
39,0x000a,2.10142,0x00000000,2025-12-14T15:00:24.470Z,2025-12-14T15:00:24.470Z
37,0x000a,0,0x00000000,2025-12-14T15:00:24.470Z,2025-12-14T15:00:24.470Z
36,0x000a,2.60831,0x00000000,2025-12-14T15:00:24.470Z,2025-12-14T15:00:24.470Z
35,0x000a,1.83732,0x00000000,2025-12-14T15:00:24.470Z,2025-12-14T15:00:24.470Z
34,0x000a,0.968485,0x00000000,2025-12-14T15:00:24.470Z,2025-12-14T15:00:24.470Z
26,0x000a,7.0298,0x00000000,2025-12-14T15:00:24.470Z,2025-12-14T15:00:24.470Z
25,0x000a,5.12985,0x00000000,2025-12-14T15:00:24.470Z,2025-12-14T15:00:24.470Z
23,0x000a,2.60831,0x00000000,2025-12-14T15:00:24.470Z,2025-12-14T15:00:24.470Z
22,0x000a,1.83732,0x00000000,2025-12-14T15:00:24.470Z,2025-12-14T15:00:24.470Z
21,0x000a,0.968485,0x00000000,2025-12-14T15:00:24.470Z,2025-12-14T15:00:24.470Z
8,0x0004,19436,0x00000000,2025-12-14T15:00:24.470Z,2025-12-14T15:00:24.470Z
7,0x0004,14183,0x00000000,2025-12-14T15:00:24.470Z,2025-12-14T15:00:24.470Z
39,0x000a,2.49928,0x00000000,2025-12-14T15:00:24.770Z,2025-12-14T15:00:24.770Z
38,0x000a,1.7976,0x00000000,2025-12-14T15:00:24.770Z,2025-12-14T15:00:24.770Z
36,0x000a,2.1775,0x00000000,2025-12-14T15:00:24.770Z,2025-12-14T15:00:24.770Z
35,0x000a,1.58509,0x00000000,2025-12-14T15:00:24.770Z,2025-12-14T15:00:24.770Z
34,0x000a,0.242121,0x00000000,2025-12-14T15:00:24.770Z,2025-12-14T15:00:24.770Z
26,0x000a,7.67976,0x00000000,2025-12-14T15:00:24.770Z,2025-12-14T15:00:24.770Z
25,0x000a,5.60981,0x00000000,2025-12-14T15:00:24.770Z,2025-12-14T15:00:24.770Z
23,0x000a,2.1775,0x00000000,2025-12-14T15:00:24.770Z,2025-12-14T15:00:24.770Z
22,0x000a,1.58509,0x00000000,2025-12-14T15:00:24.770Z,2025-12-14T15:00:24.770Z
21,0x000a,0.242121,0x00000000,2025-12-14T15:00:24.770Z,2025-12-14T15:00:24.770Z
8,0x0004,21233,0x00000000,2025-12-14T15:00:24.769Z,2025-12-14T15:00:24.769Z
7,0x0004,15510,0x00000000,2025-12-14T15:00:24.769Z,2025-12-14T15:00:24.769Z
39,0x000a,2.00015,0x00000000,2025-12-14T15:00:25.071Z,2025-12-14T15:00:25.071Z
38,0x000a,1.50101,0x00000000,2025-12-14T15:00:25.071Z,2025-12-14T15:00:25.071Z
36,0x000a,2.13534,0x00000000,2025-12-14T15:00:25.071Z,2025-12-14T15:00:25.071Z
35,0x000a,1.49796,0x00000000,2025-12-14T15:00:25.071Z,2025-12-14T15:00:25.071Z
34,0x000a,0.0302652,0x00000000,2025-12-14T15:00:25.071Z,2025-12-14T15:00:25.071Z
26,0x000a,8.2997,0x00000000,2025-12-14T15:00:25.071Z,2025-12-14T15:00:25.071Z
25,0x000a,6.04999,0x00000000,2025-12-14T15:00:25.071Z,2025-12-14T15:00:25.071Z
23,0x000a,2.13534,0x00000000,2025-12-14T15:00:25.071Z,2025-12-14T15:00:25.071Z
22,0x000a,1.49796,0x00000000,2025-12-14T15:00:25.071Z,2025-12-14T15:00:25.071Z
21,0x000a,0.0302652,0x00000000,2025-12-14T15:00:25.071Z,2025-12-14T15:00:25.071Z
8,0x0004,22947,0x00000000,2025-12-14T15:00:25.069Z,2025-12-14T15:00:25.069Z
7,0x0004,16727,0x00000000,2025-12-14T15:00:25.069Z,2025-12-14T15:00:25.069Z
39,0x000a,2.00014,0x00000000,2025-12-14T15:00:25.371Z,2025-12-14T15:00:25.371Z
38,0x000a,1.4974,0x00000000,2025-12-14T15:00:25.371Z,2025-12-14T15:00:25.371Z
36,0x000a,2.04146,0x00000000,2025-12-14T15:00:25.371Z,2025-12-14T15:00:25.371Z
35,0x000a,1.49882,0x00000000,2025-12-14T15:00:25.371Z,2025-12-14T15:00:25.371Z
34,0x000a,0.00378315,0x00000000,2025-12-14T15:00:25.371Z,2025-12-14T15:00:25.371Z
26,0x000a,8.70985,0x00000000,2025-12-14T15:00:25.371Z,2025-12-14T15:00:25.371Z
25,0x000a,6.3397,0x00000000,2025-12-14T15:00:25.371Z,2025-12-14T15:00:25.371Z
23,0x000a,2.04146,0x00000000,2025-12-14T15:00:25.371Z,2025-12-14T15:00:25.371Z
22,0x000a,1.49882,0x00000000,2025-12-14T15:00:25.371Z,2025-12-14T15:00:25.371Z
21,0x000a,0.00378315,0x00000000,2025-12-14T15:00:25.371Z,2025-12-14T15:00:25.371Z
8,0x0004,24081,0x00000000,2025-12-14T15:00:25.368Z,2025-12-14T15:00:25.368Z
7,0x0004,17528,0x00000000,2025-12-14T15:00:25.368Z,2025-12-14T15:00:25.368Z
39,0x000a,2.10141,0x00000000,2025-12-14T15:00:25.671Z,2025-12-14T15:00:25.671Z
38,0x000a,1.49739,0x00000000,2025-12-14T15:00:25.671Z,2025-12-14T15:00:25.671Z
36,0x000a,2.66061,0x00000000,2025-12-14T15:00:25.671Z,2025-12-14T15:00:25.671Z
35,0x000a,1.92545,0x00000000,2025-12-14T15:00:25.671Z,2025-12-14T15:00:25.671Z
34,0x000a,0.000945787,0x00000000,2025-12-14T15:00:25.671Z,2025-12-14T15:00:25.671Z
26,0x000a,9.36994,0x00000000,2025-12-14T15:00:25.671Z,2025-12-14T15:00:25.671Z
25,0x000a,6.81966,0x00000000,2025-12-14T15:00:25.671Z,2025-12-14T15:00:25.671Z
23,0x000a,2.66061,0x00000000,2025-12-14T15:00:25.671Z,2025-12-14T15:00:25.671Z
22,0x000a,1.92545,0x00000000,2025-12-14T15:00:25.671Z,2025-12-14T15:00:25.671Z
21,0x000a,0.000945787,0x00000000,2025-12-14T15:00:25.671Z,2025-12-14T15:00:25.671Z
8,0x0004,25906,0x00000000,2025-12-14T15:00:25.669Z,2025-12-14T15:00:25.669Z
7,0x0004,18855,0x00000000,2025-12-14T15:00:25.669Z,2025-12-14T15:00:25.669Z
39,0x000a,2.00014,0x00000000,2025-12-14T15:00:25.971Z,2025-12-14T15:00:25.971Z
38,0x000a,1.50101,0x00000000,2025-12-14T15:00:25.971Z,2025-12-14T15:00:25.971Z
36,0x000a,2.14419,0x00000000,2025-12-14T15:00:25.971Z,2025-12-14T15:00:25.971Z
35,0x000a,1.50298,0x00000000,2025-12-14T15:00:25.971Z,2025-12-14T15:00:25.971Z
34,0x000a,0.000118223,0x00000000,2025-12-14T15:00:25.971Z,2025-12-14T15:00:25.971Z
26,0x000a,9.97974,0x00000000,2025-12-14T15:00:25.971Z,2025-12-14T15:00:25.971Z
25,0x000a,7.25984,0x00000000,2025-12-14T15:00:25.971Z,2025-12-14T15:00:25.971Z
23,0x000a,2.14419,0x00000000,2025-12-14T15:00:25.971Z,2025-12-14T15:00:25.971Z
22,0x000a,1.50298,0x00000000,2025-12-14T15:00:25.971Z,2025-12-14T15:00:25.971Z
21,0x000a,0.000118223,0x00000000,2025-12-14T15:00:25.971Z,2025-12-14T15:00:25.971Z
17,0x0001,false,0x00000000,2025-12-14T15:00:25.971Z,2025-12-14T15:00:25.971Z
8,0x0004,27592,0x00000000,2025-12-14T15:00:25.971Z,2025-12-14T15:00:25.971Z
7,0x0004,20072,0x00000000,2025-12-14T15:00:25.971Z,2025-12-14T15:00:25.971Z
39,0x000a,0,0x00000000,2025-12-14T15:00:26.269Z,2025-12-14T15:00:26.269Z
38,0x000a,1.49739,0x00000000,2025-12-14T15:00:26.269Z,2025-12-14T15:00:26.269Z
36,0x000a,0.568679,0x00000000,2025-12-14T15:00:26.269Z,2025-12-14T15:00:26.269Z
35,0x000a,1.49945,0x00000000,2025-12-14T15:00:26.269Z,2025-12-14T15:00:26.269Z
34,0x000a,1.47779e-05,0x00000000,2025-12-14T15:00:26.269Z,2025-12-14T15:00:26.269Z
30,0x0004,0,0x00000000,2025-12-14T15:00:26.269Z,2025-12-14T15:00:26.269Z
26,0x000a,10,0x00000000,2025-12-14T15:00:26.269Z,2025-12-14T15:00:26.269Z
25,0x000a,7.72967,0x00000000,2025-12-14T15:00:26.269Z,2025-12-14T15:00:26.269Z
23,0x000a,0.568679,0x00000000,2025-12-14T15:00:26.269Z,2025-12-14T15:00:26.269Z
22,0x000a,1.49945,0x00000000,2025-12-14T15:00:26.269Z,2025-12-14T15:00:26.269Z
21,0x000a,1.47779e-05,0x00000000,2025-12-14T15:00:26.269Z,2025-12-14T15:00:26.269Z
8,0x0004,27648,0x00000000,2025-12-14T15:00:26.268Z,2025-12-14T15:00:26.268Z
7,0x0004,21371,0x00000000,2025-12-14T15:00:26.268Z,2025-12-14T15:00:26.268Z
42,0x0001,true,0x00000000,2025-12-14T15:00:26.572Z,2025-12-14T15:00:26.572Z
38,0x000a,3.00202,0x00000000,2025-12-14T15:00:26.572Z,2025-12-14T15:00:26.572Z
36,0x000a,0.14217,0x00000000,2025-12-14T15:00:26.572Z,2025-12-14T15:00:26.572Z
35,0x000a,1.55035,0x00000000,2025-12-14T15:00:26.572Z,2025-12-14T15:00:26.572Z
34,0x000a,3.69448e-06,0x00000000,2025-12-14T15:00:26.572Z,2025-12-14T15:00:26.572Z
25,0x000a,8.17998,0x00000000,2025-12-14T15:00:26.572Z,2025-12-14T15:00:26.572Z
23,0x000a,0.14217,0x00000000,2025-12-14T15:00:26.572Z,2025-12-14T15:00:26.572Z
22,0x000a,1.55035,0x00000000,2025-12-14T15:00:26.572Z,2025-12-14T15:00:26.572Z
21,0x000a,3.69448e-06,0x00000000,2025-12-14T15:00:26.572Z,2025-12-14T15:00:26.572Z
7,0x0004,22616,0x00000000,2025-12-14T15:00:26.572Z,2025-12-14T15:00:26.572Z
38,0x000a,1.50102,0x00000000,2025-12-14T15:00:26.871Z,2025-12-14T15:00:26.871Z
36,0x000a,0.0177712,0x00000000,2025-12-14T15:00:26.871Z,2025-12-14T15:00:26.871Z
35,0x000a,1.64327,0x00000000,2025-12-14T15:00:26.871Z,2025-12-14T15:00:26.871Z
34,0x000a,4.6181e-07,0x00000000,2025-12-14T15:00:26.871Z,2025-12-14T15:00:26.871Z
25,0x000a,8.61979,0x00000000,2025-12-14T15:00:26.871Z,2025-12-14T15:00:26.871Z
23,0x000a,0.0177712,0x00000000,2025-12-14T15:00:26.871Z,2025-12-14T15:00:26.871Z
22,0x000a,1.64327,0x00000000,2025-12-14T15:00:26.871Z,2025-12-14T15:00:26.871Z
21,0x000a,4.6181e-07,0x00000000,2025-12-14T15:00:26.871Z,2025-12-14T15:00:26.871Z
7,0x0004,23832,0x00000000,2025-12-14T15:00:26.871Z,2025-12-14T15:00:26.871Z
38,0x000a,1.7976,0x00000000,2025-12-14T15:00:27.171Z,2025-12-14T15:00:27.171Z
36,0x000a,0.0022214,0x00000000,2025-12-14T15:00:27.171Z,2025-12-14T15:00:27.171Z
35,0x000a,1.66709,0x00000000,2025-12-14T15:00:27.171Z,2025-12-14T15:00:27.171Z
34,0x000a,5.77262e-08,0x00000000,2025-12-14T15:00:27.171Z,2025-12-14T15:00:27.171Z
25,0x000a,9.00969,0x00000000,2025-12-14T15:00:27.171Z,2025-12-14T15:00:27.171Z
23,0x000a,0.0022214,0x00000000,2025-12-14T15:00:27.171Z,2025-12-14T15:00:27.171Z
22,0x000a,1.66709,0x00000000,2025-12-14T15:00:27.171Z,2025-12-14T15:00:27.171Z
21,0x000a,5.77262e-08,0x00000000,2025-12-14T15:00:27.171Z,2025-12-14T15:00:27.171Z
15,0x0001,false,0x00000000,2025-12-14T15:00:27.171Z,2025-12-14T15:00:27.171Z
7,0x0004,24910,0x00000000,2025-12-14T15:00:27.168Z,2025-12-14T15:00:27.168Z
42,0x0001,false,0x00000000,2025-12-14T15:00:27.471Z,2025-12-14T15:00:27.471Z
40,0x0001,false,0x00000000,2025-12-14T15:00:27.471Z,2025-12-14T15:00:27.471Z
38,0x000a,0,0x00000000,2025-12-14T15:00:27.471Z,2025-12-14T15:00:27.471Z
36,0x000a,0.000555351,0x00000000,2025-12-14T15:00:27.471Z,2025-12-14T15:00:27.471Z
35,0x000a,0.566873,0x00000000,2025-12-14T15:00:27.471Z,2025-12-14T15:00:27.471Z
34,0x000a,1.44316e-08,0x00000000,2025-12-14T15:00:27.471Z,2025-12-14T15:00:27.471Z
23,0x000a,0.000555351,0x00000000,2025-12-14T15:00:27.471Z,2025-12-14T15:00:27.471Z
22,0x000a,0.566873,0x00000000,2025-12-14T15:00:27.471Z,2025-12-14T15:00:27.471Z
21,0x000a,1.44316e-08,0x00000000,2025-12-14T15:00:27.471Z,2025-12-14T15:00:27.471Z
18,0x0001,true,0x00000000,2025-12-14T15:00:27.471Z,2025-12-14T15:00:27.471Z
16,0x0001,true,0x00000000,2025-12-14T15:00:27.471Z,2025-12-14T15:00:27.471Z
14,0x0001,true,0x00000000,2025-12-14T15:00:27.471Z,2025-12-14T15:00:27.471Z
4,0x000a,5,0x00000000,2025-12-14T15:00:27.467Z,2025-12-14T15:00:27.467Z
3,0x000a,5,0x00000000,2025-12-14T15:00:27.467Z,2025-12-14T15:00:27.467Z
2,0x000a,5,0x00000000,2025-12-14T15:00:27.467Z,2025-12-14T15:00:27.467Z
39,0x000a,-2.49928,0x00000000,2025-12-14T15:00:27.774Z,2025-12-14T15:00:27.774Z
38,0x000a,-1.7976,0x00000000,2025-12-14T15:00:27.774Z,2025-12-14T15:00:27.774Z
37,0x000a,-3.20096,0x00000000,2025-12-14T15:00:27.774Z,2025-12-14T15:00:27.774Z
36,0x000a,-0.0505659,0x00000000,2025-12-14T15:00:27.774Z,2025-12-14T15:00:27.774Z
35,0x000a,-0.229343,0x00000000,2025-12-14T15:00:27.774Z,2025-12-14T15:00:27.774Z
34,0x000a,-0.549769,0x00000000,2025-12-14T15:00:27.774Z,2025-12-14T15:00:27.774Z
30,0x0004,1000,0x00000000,2025-12-14T15:00:27.774Z,2025-12-14T15:00:27.774Z
26,0x000a,9.73994,0x00000000,2025-12-14T15:00:27.774Z,2025-12-14T15:00:27.774Z
25,0x000a,8.76989,0x00000000,2025-12-14T15:00:27.774Z,2025-12-14T15:00:27.774Z
24,0x000a,7.76982,0x00000000,2025-12-14T15:00:27.774Z,2025-12-14T15:00:27.774Z
23,0x000a,-0.0505659,0x00000000,2025-12-14T15:00:27.774Z,2025-12-14T15:00:27.774Z
22,0x000a,-0.229343,0x00000000,2025-12-14T15:00:27.774Z,2025-12-14T15:00:27.774Z
21,0x000a,-0.549769,0x00000000,2025-12-14T15:00:27.774Z,2025-12-14T15:00:27.774Z
8,0x0004,26929,0x00000000,2025-12-14T15:00:27.770Z,2025-12-14T15:00:27.770Z
7,0x0004,24247,0x00000000,2025-12-14T15:00:27.770Z,2025-12-14T15:00:27.770Z
6,0x0004,21482,0x00000000,2025-12-14T15:00:27.770Z,2025-12-14T15:00:27.770Z
39,0x000a,-2.00015,0x00000000,2025-12-14T15:00:28.071Z,2025-12-14T15:00:28.071Z
38,0x000a,-1.50102,0x00000000,2025-12-14T15:00:28.071Z,2025-12-14T15:00:28.071Z
37,0x000a,-2.69821,0x00000000,2025-12-14T15:00:28.071Z,2025-12-14T15:00:28.071Z
36,0x000a,-1.84416,0x00000000,2025-12-14T15:00:28.071Z,2025-12-14T15:00:28.071Z
35,0x000a,-1.37913,0x00000000,2025-12-14T15:00:28.071Z,2025-12-14T15:00:28.071Z
34,0x000a,-2.46808,0x00000000,2025-12-14T15:00:28.071Z,2025-12-14T15:00:28.071Z
26,0x000a,9.11965,0x00000000,2025-12-14T15:00:28.071Z,2025-12-14T15:00:28.071Z
25,0x000a,8.32972,0x00000000,2025-12-14T15:00:28.071Z,2025-12-14T15:00:28.071Z
24,0x000a,6.96976,0x00000000,2025-12-14T15:00:28.071Z,2025-12-14T15:00:28.071Z
23,0x000a,-1.84416,0x00000000,2025-12-14T15:00:28.071Z,2025-12-14T15:00:28.071Z
22,0x000a,-1.37913,0x00000000,2025-12-14T15:00:28.071Z,2025-12-14T15:00:28.071Z
21,0x000a,-2.46808,0x00000000,2025-12-14T15:00:28.071Z,2025-12-14T15:00:28.071Z
8,0x0004,25214,0x00000000,2025-12-14T15:00:28.068Z,2025-12-14T15:00:28.068Z
7,0x0004,23030,0x00000000,2025-12-14T15:00:28.068Z,2025-12-14T15:00:28.068Z
6,0x0004,19270,0x00000000,2025-12-14T15:00:28.068Z,2025-12-14T15:00:28.068Z
39,0x000a,-2.10142,0x00000000,2025-12-14T15:00:28.372Z,2025-12-14T15:00:28.372Z
38,0x000a,-1.50101,0x00000000,2025-12-14T15:00:28.372Z,2025-12-14T15:00:28.372Z
36,0x000a,-1.98466,0x00000000,2025-12-14T15:00:28.372Z,2025-12-14T15:00:28.372Z
35,0x000a,-1.44342,0x00000000,2025-12-14T15:00:28.372Z,2025-12-14T15:00:28.372Z
34,0x000a,-2.59275,0x00000000,2025-12-14T15:00:28.372Z,2025-12-14T15:00:28.372Z
26,0x000a,8.50984,0x00000000,2025-12-14T15:00:28.372Z,2025-12-14T15:00:28.372Z
25,0x000a,7.87977,0x00000000,2025-12-14T15:00:28.372Z,2025-12-14T15:00:28.372Z
24,0x000a,6.17983,0x00000000,2025-12-14T15:00:28.372Z,2025-12-14T15:00:28.372Z
23,0x000a,-1.98466,0x00000000,2025-12-14T15:00:28.372Z,2025-12-14T15:00:28.372Z
22,0x000a,-1.44342,0x00000000,2025-12-14T15:00:28.372Z,2025-12-14T15:00:28.372Z
21,0x000a,-2.59275,0x00000000,2025-12-14T15:00:28.372Z,2025-12-14T15:00:28.372Z
8,0x0004,23528,0x00000000,2025-12-14T15:00:28.369Z,2025-12-14T15:00:28.369Z
7,0x0004,21786,0x00000000,2025-12-14T15:00:28.369Z,2025-12-14T15:00:28.369Z
6,0x0004,17086,0x00000000,2025-12-14T15:00:28.369Z,2025-12-14T15:00:28.369Z
38,0x000a,-1.39974,0x00000000,2025-12-14T15:00:28.670Z,2025-12-14T15:00:28.670Z
36,0x000a,-2.26043,0x00000000,2025-12-14T15:00:28.670Z,2025-12-14T15:00:28.670Z
35,0x000a,-1.64391,0x00000000,2025-12-14T15:00:28.670Z,2025-12-14T15:00:28.670Z
34,0x000a,-2.91199,0x00000000,2025-12-14T15:00:28.670Z,2025-12-14T15:00:28.670Z
26,0x000a,7.84975,0x00000000,2025-12-14T15:00:28.670Z,2025-12-14T15:00:28.670Z
25,0x000a,7.40994,0x00000000,2025-12-14T15:00:28.670Z,2025-12-14T15:00:28.670Z
24,0x000a,5.32986,0x00000000,2025-12-14T15:00:28.670Z,2025-12-14T15:00:28.670Z
23,0x000a,-2.26043,0x00000000,2025-12-14T15:00:28.670Z,2025-12-14T15:00:28.670Z
22,0x000a,-1.64391,0x00000000,2025-12-14T15:00:28.670Z,2025-12-14T15:00:28.670Z
21,0x000a,-2.91199,0x00000000,2025-12-14T15:00:28.670Z,2025-12-14T15:00:28.670Z
8,0x0004,21703,0x00000000,2025-12-14T15:00:28.668Z,2025-12-14T15:00:28.668Z
7,0x0004,20487,0x00000000,2025-12-14T15:00:28.668Z,2025-12-14T15:00:28.668Z
6,0x0004,14736,0x00000000,2025-12-14T15:00:28.668Z,2025-12-14T15:00:28.668Z
39,0x000a,-2.00014,0x00000000,2025-12-14T15:00:28.971Z,2025-12-14T15:00:28.971Z
38,0x000a,-1.50101,0x00000000,2025-12-14T15:00:28.971Z,2025-12-14T15:00:28.971Z
37,0x000a,-2.6982,0x00000000,2025-12-14T15:00:28.971Z,2025-12-14T15:00:28.971Z
36,0x000a,-3.13944,0x00000000,2025-12-14T15:00:28.971Z,2025-12-14T15:00:28.971Z
35,0x000a,-2.26012,0x00000000,2025-12-14T15:00:28.971Z,2025-12-14T15:00:28.971Z
34,0x000a,-4.05373,0x00000000,2025-12-14T15:00:28.971Z,2025-12-14T15:00:28.971Z
26,0x000a,7.22982,0x00000000,2025-12-14T15:00:28.971Z,2025-12-14T15:00:28.971Z
25,0x000a,6.96976,0x00000000,2025-12-14T15:00:28.971Z,2025-12-14T15:00:28.971Z
24,0x000a,4.62999,0x00000000,2025-12-14T15:00:28.971Z,2025-12-14T15:00:28.971Z
23,0x000a,-3.13944,0x00000000,2025-12-14T15:00:28.971Z,2025-12-14T15:00:28.971Z
22,0x000a,-2.26012,0x00000000,2025-12-14T15:00:28.971Z,2025-12-14T15:00:28.971Z
21,0x000a,-4.05373,0x00000000,2025-12-14T15:00:28.971Z,2025-12-14T15:00:28.971Z
14,0x0001,false,0x00000000,2025-12-14T15:00:28.971Z,2025-12-14T15:00:28.971Z
13,0x0001,true,0x00000000,2025-12-14T15:00:28.971Z,2025-12-14T15:00:28.971Z
8,0x0004,19989,0x00000000,2025-12-14T15:00:28.967Z,2025-12-14T15:00:28.967Z
7,0x0004,19270,0x00000000,2025-12-14T15:00:28.967Z,2025-12-14T15:00:28.967Z
6,0x0004,12801,0x00000000,2025-12-14T15:00:28.967Z,2025-12-14T15:00:28.967Z
39,0x000a,-2.49928,0x00000000,2025-12-14T15:00:29.270Z,2025-12-14T15:00:29.270Z
38,0x000a,-1.7976,0x00000000,2025-12-14T15:00:29.270Z,2025-12-14T15:00:29.270Z
37,0x000a,1.59867,0x00000000,2025-12-14T15:00:29.270Z,2025-12-14T15:00:29.270Z
36,0x000a,-2.16787,0x00000000,2025-12-14T15:00:29.270Z,2025-12-14T15:00:29.270Z
35,0x000a,-1.57058,0x00000000,2025-12-14T15:00:29.270Z,2025-12-14T15:00:29.270Z
34,0x000a,-1.24366,0x00000000,2025-12-14T15:00:29.270Z,2025-12-14T15:00:29.270Z
26,0x000a,6.57986,0x00000000,2025-12-14T15:00:29.270Z,2025-12-14T15:00:29.270Z
25,0x000a,6.4898,0x00000000,2025-12-14T15:00:29.270Z,2025-12-14T15:00:29.270Z
24,0x000a,5.05968,0x00000000,2025-12-14T15:00:29.270Z,2025-12-14T15:00:29.270Z
23,0x000a,-2.16787,0x00000000,2025-12-14T15:00:29.270Z,2025-12-14T15:00:29.270Z
22,0x000a,-1.57058,0x00000000,2025-12-14T15:00:29.270Z,2025-12-14T15:00:29.270Z
21,0x000a,-1.24366,0x00000000,2025-12-14T15:00:29.270Z,2025-12-14T15:00:29.270Z
13,0x0001,false,0x00000000,2025-12-14T15:00:29.270Z,2025-12-14T15:00:29.270Z
8,0x0004,18745,0x00000000,2025-12-14T15:00:29.268Z,2025-12-14T15:00:29.268Z
7,0x0004,18358,0x00000000,2025-12-14T15:00:29.268Z,2025-12-14T15:00:29.268Z
6,0x0004,13243,0x00000000,2025-12-14T15:00:29.268Z,2025-12-14T15:00:29.268Z
39,0x000a,-2.0978,0x00000000,2025-12-14T15:00:29.570Z,2025-12-14T15:00:29.570Z
38,0x000a,-1.39974,0x00000000,2025-12-14T15:00:29.570Z,2025-12-14T15:00:29.570Z
37,0x000a,0,0x00000000,2025-12-14T15:00:29.570Z,2025-12-14T15:00:29.570Z
36,0x000a,-2.13414,0x00000000,2025-12-14T15:00:29.570Z,2025-12-14T15:00:29.570Z
35,0x000a,-1.54678,0x00000000,2025-12-14T15:00:29.570Z,2025-12-14T15:00:29.570Z
34,0x000a,1.27051,0x00000000,2025-12-14T15:00:29.570Z,2025-12-14T15:00:29.570Z
26,0x000a,6.15994,0x00000000,2025-12-14T15:00:29.570Z,2025-12-14T15:00:29.570Z
25,0x000a,6.19973,0x00000000,2025-12-14T15:00:29.570Z,2025-12-14T15:00:29.570Z
24,0x000a,5.16999,0x00000000,2025-12-14T15:00:29.570Z,2025-12-14T15:00:29.570Z
23,0x000a,-2.13414,0x00000000,2025-12-14T15:00:29.570Z,2025-12-14T15:00:29.570Z
22,0x000a,-1.54678,0x00000000,2025-12-14T15:00:29.570Z,2025-12-14T15:00:29.570Z
21,0x000a,1.27051,0x00000000,2025-12-14T15:00:29.570Z,2025-12-14T15:00:29.570Z
8,0x0004,17031,0x00000000,2025-12-14T15:00:29.570Z,2025-12-14T15:00:29.570Z
7,0x0004,17141,0x00000000,2025-12-14T15:00:29.570Z,2025-12-14T15:00:29.570Z
6,0x0004,14294,0x00000000,2025-12-14T15:00:29.570Z,2025-12-14T15:00:29.570Z
40,0x0001,true,0x00000000,2025-12-14T15:00:29.871Z,2025-12-14T15:00:29.871Z
39,0x000a,-2.10142,0x00000000,2025-12-14T15:00:29.871Z,2025-12-14T15:00:29.871Z
38,0x000a,-1.50101,0x00000000,2025-12-14T15:00:29.871Z,2025-12-14T15:00:29.871Z
36,0x000a,-2.05806,0x00000000,2025-12-14T15:00:29.871Z,2025-12-14T15:00:29.871Z
35,0x000a,-1.48533,0x00000000,2025-12-14T15:00:29.871Z,2025-12-14T15:00:29.871Z
34,0x000a,0.317627,0x00000000,2025-12-14T15:00:29.871Z,2025-12-14T15:00:29.871Z
26,0x000a,5.50998,0x00000000,2025-12-14T15:00:29.871Z,2025-12-14T15:00:29.871Z
25,0x000a,5.71976,0x00000000,2025-12-14T15:00:29.871Z,2025-12-14T15:00:29.871Z
23,0x000a,-2.05806,0x00000000,2025-12-14T15:00:29.871Z,2025-12-14T15:00:29.871Z
22,0x000a,-1.48533,0x00000000,2025-12-14T15:00:29.871Z,2025-12-14T15:00:29.871Z
21,0x000a,0.317627,0x00000000,2025-12-14T15:00:29.871Z,2025-12-14T15:00:29.871Z
8,0x0004,15234,0x00000000,2025-12-14T15:00:29.871Z,2025-12-14T15:00:29.871Z
7,0x0004,15814,0x00000000,2025-12-14T15:00:29.871Z,2025-12-14T15:00:29.871Z
39,0x000a,-1.29847,0x00000000,2025-12-14T15:00:30.172Z,2025-12-14T15:00:30.172Z
38,0x000a,-1.4974,0x00000000,2025-12-14T15:00:30.172Z,2025-12-14T15:00:30.172Z
36,0x000a,-2.64486,0x00000000,2025-12-14T15:00:30.172Z,2025-12-14T15:00:30.172Z
35,0x000a,-1.92404,0x00000000,2025-12-14T15:00:30.172Z,2025-12-14T15:00:30.172Z
34,0x000a,0.0397033,0x00000000,2025-12-14T15:00:30.172Z,2025-12-14T15:00:30.172Z
26,0x000a,4.96998,0x00000000,2025-12-14T15:00:30.172Z,2025-12-14T15:00:30.172Z
25,0x000a,5.27995,0x00000000,2025-12-14T15:00:30.172Z,2025-12-14T15:00:30.172Z
23,0x000a,-2.64486,0x00000000,2025-12-14T15:00:30.172Z,2025-12-14T15:00:30.172Z
22,0x000a,-1.92404,0x00000000,2025-12-14T15:00:30.172Z,2025-12-14T15:00:30.172Z
21,0x000a,0.0397033,0x00000000,2025-12-14T15:00:30.172Z,2025-12-14T15:00:30.172Z
18,0x0001,false,0x00000000,2025-12-14T15:00:30.172Z,2025-12-14T15:00:30.172Z
16,0x0001,false,0x00000000,2025-12-14T15:00:30.172Z,2025-12-14T15:00:30.172Z
8,0x0004,13741,0x00000000,2025-12-14T15:00:30.168Z,2025-12-14T15:00:30.168Z
7,0x0004,14598,0x00000000,2025-12-14T15:00:30.168Z,2025-12-14T15:00:30.168Z
42,0x0001,true,0x00000000,2025-12-14T15:00:30.472Z,2025-12-14T15:00:30.472Z
39,0x000a,0,0x00000000,2025-12-14T15:00:30.472Z,2025-12-14T15:00:30.472Z
38,0x000a,0,0x00000000,2025-12-14T15:00:30.472Z,2025-12-14T15:00:30.472Z
36,0x000a,-0.492916,0x00000000,2025-12-14T15:00:30.472Z,2025-12-14T15:00:30.472Z
35,0x000a,-1.25324,0x00000000,2025-12-14T15:00:30.472Z,2025-12-14T15:00:30.472Z
34,0x000a,0.00496291,0x00000000,2025-12-14T15:00:30.472Z,2025-12-14T15:00:30.472Z
25,0x000a,5.03979,0x00000000,2025-12-14T15:00:30.472Z,2025-12-14T15:00:30.472Z
23,0x000a,-0.492916,0x00000000,2025-12-14T15:00:30.472Z,2025-12-14T15:00:30.472Z
22,0x000a,-1.25324,0x00000000,2025-12-14T15:00:30.472Z,2025-12-14T15:00:30.472Z
21,0x000a,0.00496291,0x00000000,2025-12-14T15:00:30.472Z,2025-12-14T15:00:30.472Z
7,0x0004,13934,0x00000000,2025-12-14T15:00:30.468Z,2025-12-14T15:00:30.468Z
42,0x0001,false,0x00000000,2025-12-14T15:00:30.771Z,2025-12-14T15:00:30.771Z
40,0x0001,false,0x00000000,2025-12-14T15:00:30.771Z,2025-12-14T15:00:30.771Z
36,0x000a,-0.123229,0x00000000,2025-12-14T15:00:30.771Z,2025-12-14T15:00:30.771Z
35,0x000a,-0.313309,0x00000000,2025-12-14T15:00:30.771Z,2025-12-14T15:00:30.771Z
34,0x000a,0.00124073,0x00000000,2025-12-14T15:00:30.771Z,2025-12-14T15:00:30.771Z
23,0x000a,-0.123229,0x00000000,2025-12-14T15:00:30.771Z,2025-12-14T15:00:30.771Z
22,0x000a,-0.313309,0x00000000,2025-12-14T15:00:30.771Z,2025-12-14T15:00:30.771Z
21,0x000a,0.00124073,0x00000000,2025-12-14T15:00:30.771Z,2025-12-14T15:00:30.771Z
18,0x0001,true,0x00000000,2025-12-14T15:00:30.771Z,2025-12-14T15:00:30.771Z
16,0x0001,true,0x00000000,2025-12-14T15:00:30.771Z,2025-12-14T15:00:30.771Z
14,0x0001,true,0x00000000,2025-12-14T15:00:30.771Z,2025-12-14T15:00:30.771Z
4,0x000a,0,0x00000000,2025-12-14T15:00:30.769Z,2025-12-14T15:00:30.769Z
3,0x000a,0,0x00000000,2025-12-14T15:00:30.769Z,2025-12-14T15:00:30.769Z
2,0x000a,0,0x00000000,2025-12-14T15:00:30.769Z,2025-12-14T15:00:30.769Z
39,0x000a,-4.50304,0x00000000,2025-12-14T15:00:31.070Z,2025-12-14T15:00:31.070Z
38,0x000a,-3.20096,0x00000000,2025-12-14T15:00:31.070Z,2025-12-14T15:00:31.070Z
37,0x000a,-5.79789,0x00000000,2025-12-14T15:00:31.070Z,2025-12-14T15:00:31.070Z
36,0x000a,-0.165505,0x00000000,2025-12-14T15:00:31.070Z,2025-12-14T15:00:31.070Z
35,0x000a,-0.339366,0x00000000,2025-12-14T15:00:31.070Z,2025-12-14T15:00:31.070Z
34,0x000a,-0.551424,0x00000000,2025-12-14T15:00:31.070Z,2025-12-14T15:00:31.070Z
26,0x000a,4.48966,0x00000000,2025-12-14T15:00:31.070Z,2025-12-14T15:00:31.070Z
25,0x000a,4.65965,0x00000000,2025-12-14T15:00:31.070Z,2025-12-14T15:00:31.070Z
24,0x000a,4.47989,0x00000000,2025-12-14T15:00:31.070Z,2025-12-14T15:00:31.070Z
23,0x000a,-0.165505,0x00000000,2025-12-14T15:00:31.070Z,2025-12-14T15:00:31.070Z
22,0x000a,-0.339366,0x00000000,2025-12-14T15:00:31.070Z,2025-12-14T15:00:31.070Z
21,0x000a,-0.551424,0x00000000,2025-12-14T15:00:31.070Z,2025-12-14T15:00:31.070Z
8,0x0004,12413,0x00000000,2025-12-14T15:00:31.068Z,2025-12-14T15:00:31.068Z
7,0x0004,12883,0x00000000,2025-12-14T15:00:31.068Z,2025-12-14T15:00:31.068Z
6,0x0004,12386,0x00000000,2025-12-14T15:00:31.068Z,2025-12-14T15:00:31.068Z
39,0x000a,-2.00015,0x00000000,2025-12-14T15:00:31.370Z,2025-12-14T15:00:31.370Z
38,0x000a,-1.39974,0x00000000,2025-12-14T15:00:31.370Z,2025-12-14T15:00:31.370Z
37,0x000a,-2.60055,0x00000000,2025-12-14T15:00:31.370Z,2025-12-14T15:00:31.370Z
36,0x000a,-2.1325,0x00000000,2025-12-14T15:00:31.370Z,2025-12-14T15:00:31.370Z
35,0x000a,-1.5674,0x00000000,2025-12-14T15:00:31.370Z,2025-12-14T15:00:31.370Z
34,0x000a,-2.81822,0x00000000,2025-12-14T15:00:31.370Z,2025-12-14T15:00:31.370Z
26,0x000a,3.87985,0x00000000,2025-12-14T15:00:31.370Z,2025-12-14T15:00:31.370Z
25,0x000a,4.21983,0x00000000,2025-12-14T15:00:31.370Z,2025-12-14T15:00:31.370Z
24,0x000a,3.67983,0x00000000,2025-12-14T15:00:31.370Z,2025-12-14T15:00:31.370Z
23,0x000a,-2.1325,0x00000000,2025-12-14T15:00:31.370Z,2025-12-14T15:00:31.370Z
22,0x000a,-1.5674,0x00000000,2025-12-14T15:00:31.370Z,2025-12-14T15:00:31.370Z
21,0x000a,-2.81822,0x00000000,2025-12-14T15:00:31.370Z,2025-12-14T15:00:31.370Z
8,0x0004,10727,0x00000000,2025-12-14T15:00:31.370Z,2025-12-14T15:00:31.370Z
7,0x0004,11667,0x00000000,2025-12-14T15:00:31.370Z,2025-12-14T15:00:31.370Z
6,0x0004,10174,0x00000000,2025-12-14T15:00:31.370Z,2025-12-14T15:00:31.370Z
39,0x000a,-2.0978,0x00000000,2025-12-14T15:00:31.673Z,2025-12-14T15:00:31.673Z
38,0x000a,-1.4974,0x00000000,2025-12-14T15:00:31.673Z,2025-12-14T15:00:31.673Z
37,0x000a,-2.59693,0x00000000,2025-12-14T15:00:31.673Z,2025-12-14T15:00:31.673Z
36,0x000a,-2.08387,0x00000000,2025-12-14T15:00:31.673Z,2025-12-14T15:00:31.673Z
35,0x000a,-1.49229,0x00000000,2025-12-14T15:00:31.673Z,2025-12-14T15:00:31.673Z
34,0x000a,-2.7056,0x00000000,2025-12-14T15:00:31.673Z,2025-12-14T15:00:31.673Z
26,0x000a,3.21976,0x00000000,2025-12-14T15:00:31.673Z,2025-12-14T15:00:31.673Z
25,0x000a,3.73987,0x00000000,2025-12-14T15:00:31.673Z,2025-12-14T15:00:31.673Z
24,0x000a,2.82986,0x00000000,2025-12-14T15:00:31.673Z,2025-12-14T15:00:31.673Z
23,0x000a,-2.08387,0x00000000,2025-12-14T15:00:31.673Z,2025-12-14T15:00:31.673Z
22,0x000a,-1.49229,0x00000000,2025-12-14T15:00:31.673Z,2025-12-14T15:00:31.673Z
21,0x000a,-2.7056,0x00000000,2025-12-14T15:00:31.673Z,2025-12-14T15:00:31.673Z
8,0x0004,8902,0x00000000,2025-12-14T15:00:31.669Z,2025-12-14T15:00:31.669Z
7,0x0004,10340,0x00000000,2025-12-14T15:00:31.669Z,2025-12-14T15:00:31.669Z
6,0x0004,7824,0x00000000,2025-12-14T15:00:31.669Z,2025-12-14T15:00:31.669Z
39,0x000a,-2.00014,0x00000000,2025-12-14T15:00:31.971Z,2025-12-14T15:00:31.971Z
38,0x000a,-1.39974,0x00000000,2025-12-14T15:00:31.971Z,2025-12-14T15:00:31.971Z
36,0x000a,-2.17201,0x00000000,2025-12-14T15:00:31.971Z,2025-12-14T15:00:31.971Z
35,0x000a,-1.57452,0x00000000,2025-12-14T15:00:31.971Z,2025-12-14T15:00:31.971Z
34,0x000a,-2.81397,0x00000000,2025-12-14T15:00:31.971Z,2025-12-14T15:00:31.971Z
26,0x000a,2.59983,0x00000000,2025-12-14T15:00:31.971Z,2025-12-14T15:00:31.971Z
25,0x000a,3.2997,0x00000000,2025-12-14T15:00:31.971Z,2025-12-14T15:00:31.971Z
24,0x000a,2.0298,0x00000000,2025-12-14T15:00:31.971Z,2025-12-14T15:00:31.971Z
23,0x000a,-2.17201,0x00000000,2025-12-14T15:00:31.971Z,2025-12-14T15:00:31.971Z
22,0x000a,-1.57452,0x00000000,2025-12-14T15:00:31.971Z,2025-12-14T15:00:31.971Z
21,0x000a,-2.81397,0x00000000,2025-12-14T15:00:31.971Z,2025-12-14T15:00:31.971Z
8,0x0004,7188,0x00000000,2025-12-14T15:00:31.969Z,2025-12-14T15:00:31.969Z
7,0x0004,9123,0x00000000,2025-12-14T15:00:31.969Z,2025-12-14T15:00:31.969Z
6,0x0004,5612,0x00000000,2025-12-14T15:00:31.969Z,2025-12-14T15:00:31.969Z
39,0x000a,-4.49942,0x00000000,2025-12-14T15:00:32.270Z,2025-12-14T15:00:32.270Z
38,0x000a,-3.29861,0x00000000,2025-12-14T15:00:32.270Z,2025-12-14T15:00:32.270Z
37,0x000a,-5.89916,0x00000000,2025-12-14T15:00:32.270Z,2025-12-14T15:00:32.270Z
36,0x000a,-2.09375,0x00000000,2025-12-14T15:00:32.270Z,2025-12-14T15:00:32.270Z
35,0x000a,-1.49407,0x00000000,2025-12-14T15:00:32.270Z,2025-12-14T15:00:32.270Z
34,0x000a,-2.70364,0x00000000,2025-12-14T15:00:32.270Z,2025-12-14T15:00:32.270Z
26,0x000a,1.93974,0x00000000,2025-12-14T15:00:32.270Z,2025-12-14T15:00:32.270Z
25,0x000a,2.82986,0x00000000,2025-12-14T15:00:32.270Z,2025-12-14T15:00:32.270Z
24,0x000a,1.17983,0x00000000,2025-12-14T15:00:32.270Z,2025-12-14T15:00:32.270Z
23,0x000a,-3.29659,0x00000000,2025-12-14T15:00:32.270Z,2025-12-14T15:00:32.270Z
22,0x000a,-2.39634,0x00000000,2025-12-14T15:00:32.270Z,2025-12-14T15:00:32.270Z
21,0x000a,-4.3014,0x00000000,2025-12-14T15:00:32.270Z,2025-12-14T15:00:32.270Z
8,0x0004,5363,0x00000000,2025-12-14T15:00:32.270Z,2025-12-14T15:00:32.270Z
7,0x0004,7824,0x00000000,2025-12-14T15:00:32.270Z,2025-12-14T15:00:32.270Z
6,0x0004,3262,0x00000000,2025-12-14T15:00:32.270Z,2025-12-14T15:00:32.270Z
39,0x000a,-2.0978,0x00000000,2025-12-14T15:00:32.572Z,2025-12-14T15:00:32.572Z
38,0x000a,-1.50101,0x00000000,2025-12-14T15:00:32.572Z,2025-12-14T15:00:32.572Z
37,0x000a,-2.59693,0x00000000,2025-12-14T15:00:32.572Z,2025-12-14T15:00:32.572Z
36,0x000a,-2.34957,0x00000000,2025-12-14T15:00:32.572Z,2025-12-14T15:00:32.572Z
35,0x000a,-1.69953,0x00000000,2025-12-14T15:00:32.572Z,2025-12-14T15:00:32.572Z
34,0x000a,-3.0764,0x00000000,2025-12-14T15:00:32.572Z,2025-12-14T15:00:32.572Z
26,0x000a,1.52995,0x00000000,2025-12-14T15:00:32.572Z,2025-12-14T15:00:32.572Z
25,0x000a,2.52966,0x00000000,2025-12-14T15:00:32.572Z,2025-12-14T15:00:32.572Z
24,0x000a,0.649957,0x00000000,2025-12-14T15:00:32.572Z,2025-12-14T15:00:32.572Z
23,0x000a,-2.34957,0x00000000,2025-12-14T15:00:32.572Z,2025-12-14T15:00:32.572Z
22,0x000a,-1.69953,0x00000000,2025-12-14T15:00:32.572Z,2025-12-14T15:00:32.572Z
21,0x000a,-3.0764,0x00000000,2025-12-14T15:00:32.572Z,2025-12-14T15:00:32.572Z
8,0x0004,4230,0x00000000,2025-12-14T15:00:32.568Z,2025-12-14T15:00:32.568Z
7,0x0004,6994,0x00000000,2025-12-14T15:00:32.568Z,2025-12-14T15:00:32.568Z
6,0x0004,1797,0x00000000,2025-12-14T15:00:32.568Z,2025-12-14T15:00:32.568Z
39,0x000a,-1.99653,0x00000000,2025-12-14T15:00:32.869Z,2025-12-14T15:00:32.869Z
37,0x000a,-0.596788,0x00000000,2025-12-14T15:00:32.869Z,2025-12-14T15:00:32.869Z
36,0x000a,-2.3074,0x00000000,2025-12-14T15:00:32.869Z,2025-12-14T15:00:32.869Z
35,0x000a,-1.62439,0x00000000,2025-12-14T15:00:32.869Z,2025-12-14T15:00:32.869Z
34,0x000a,-2.9851,0x00000000,2025-12-14T15:00:32.869Z,2025-12-14T15:00:32.869Z
28,0x0004,0,0x00000000,2025-12-14T15:00:32.869Z,2025-12-14T15:00:32.869Z
26,0x000a,0.879991,0x00000000,2025-12-14T15:00:32.869Z,2025-12-14T15:00:32.869Z
25,0x000a,2.05982,0x00000000,2025-12-14T15:00:32.869Z,2025-12-14T15:00:32.869Z
24,0x000a,0,0x00000000,2025-12-14T15:00:32.869Z,2025-12-14T15:00:32.869Z
23,0x000a,-2.3074,0x00000000,2025-12-14T15:00:32.869Z,2025-12-14T15:00:32.869Z
22,0x000a,-1.62439,0x00000000,2025-12-14T15:00:32.869Z,2025-12-14T15:00:32.869Z
21,0x000a,-2.9851,0x00000000,2025-12-14T15:00:32.869Z,2025-12-14T15:00:32.869Z
14,0x0001,false,0x00000000,2025-12-14T15:00:32.869Z,2025-12-14T15:00:32.869Z
8,0x0004,2433,0x00000000,2025-12-14T15:00:32.869Z,2025-12-14T15:00:32.869Z
7,0x0004,5695,0x00000000,2025-12-14T15:00:32.869Z,2025-12-14T15:00:32.869Z
6,0x0004,0,0x00000000,2025-12-14T15:00:32.869Z,2025-12-14T15:00:32.869Z
39,0x000a,-2.10142,0x00000000,2025-12-14T15:00:33.171Z,2025-12-14T15:00:33.171Z
38,0x000a,-1.4974,0x00000000,2025-12-14T15:00:33.171Z,2025-12-14T15:00:33.171Z
37,0x000a,0,0x00000000,2025-12-14T15:00:33.171Z,2025-12-14T15:00:33.171Z
36,0x000a,-2.12669,0x00000000,2025-12-14T15:00:33.171Z,2025-12-14T15:00:33.171Z
35,0x000a,-1.53186,0x00000000,2025-12-14T15:00:33.171Z,2025-12-14T15:00:33.171Z
34,0x000a,-0.895472,0x00000000,2025-12-14T15:00:33.171Z,2025-12-14T15:00:33.171Z
26,0x000a,0.259693,0x00000000,2025-12-14T15:00:33.171Z,2025-12-14T15:00:33.171Z
25,0x000a,1.60988,0x00000000,2025-12-14T15:00:33.171Z,2025-12-14T15:00:33.171Z
23,0x000a,-2.12669,0x00000000,2025-12-14T15:00:33.171Z,2025-12-14T15:00:33.171Z
22,0x000a,-1.53186,0x00000000,2025-12-14T15:00:33.171Z,2025-12-14T15:00:33.171Z
21,0x000a,-0.895472,0x00000000,2025-12-14T15:00:33.171Z,2025-12-14T15:00:33.171Z
18,0x0001,false,0x00000000,2025-12-14T15:00:33.171Z,2025-12-14T15:00:33.171Z
8,0x0004,718,0x00000000,2025-12-14T15:00:33.170Z,2025-12-14T15:00:33.170Z
7,0x0004,4451,0x00000000,2025-12-14T15:00:33.170Z,2025-12-14T15:00:33.170Z
40,0x0001,true,0x00000000,2025-12-14T15:00:33.471Z,2025-12-14T15:00:33.471Z
39,0x000a,0,0x00000000,2025-12-14T15:00:33.471Z,2025-12-14T15:00:33.471Z
38,0x000a,-1.50101,0x00000000,2025-12-14T15:00:33.471Z,2025-12-14T15:00:33.471Z
36,0x000a,-2.27819,0x00000000,2025-12-14T15:00:33.471Z,2025-12-14T15:00:33.471Z
35,0x000a,-2.35439,0x00000000,2025-12-14T15:00:33.471Z,2025-12-14T15:00:33.471Z
34,0x000a,-0.111934,0x00000000,2025-12-14T15:00:33.471Z,2025-12-14T15:00:33.471Z
26,0x000a,0.00976562,0x00000000,2025-12-14T15:00:33.471Z,2025-12-14T15:00:33.471Z
25,0x000a,1.13968,0x00000000,2025-12-14T15:00:33.471Z,2025-12-14T15:00:33.471Z
23,0x000a,-2.27819,0x00000000,2025-12-14T15:00:33.471Z,2025-12-14T15:00:33.471Z
22,0x000a,-2.35439,0x00000000,2025-12-14T15:00:33.471Z,2025-12-14T15:00:33.471Z
21,0x000a,-0.111934,0x00000000,2025-12-14T15:00:33.471Z,2025-12-14T15:00:33.471Z
8,0x0004,27,0x00000000,2025-12-14T15:00:33.471Z,2025-12-14T15:00:33.471Z
7,0x0004,3151,0x00000000,2025-12-14T15:00:33.471Z,2025-12-14T15:00:33.471Z
42,0x0001,true,0x00000000,2025-12-14T15:00:33.773Z,2025-12-14T15:00:33.773Z
38,0x000a,-1.80122,0x00000000,2025-12-14T15:00:33.773Z,2025-12-14T15:00:33.773Z
36,0x000a,-0.284774,0x00000000,2025-12-14T15:00:33.773Z,2025-12-14T15:00:33.773Z
35,0x000a,-1.55614,0x00000000,2025-12-14T15:00:33.773Z,2025-12-14T15:00:33.773Z
34,0x000a,-0.0139917,0x00000000,2025-12-14T15:00:33.773Z,2025-12-14T15:00:33.773Z
25,0x000a,0.66985,0x00000000,2025-12-14T15:00:33.773Z,2025-12-14T15:00:33.773Z
23,0x000a,-0.284774,0x00000000,2025-12-14T15:00:33.773Z,2025-12-14T15:00:33.773Z
22,0x000a,-1.55614,0x00000000,2025-12-14T15:00:33.773Z,2025-12-14T15:00:33.773Z
21,0x000a,-0.0139917,0x00000000,2025-12-14T15:00:33.773Z,2025-12-14T15:00:33.773Z
7,0x0004,1852,0x00000000,2025-12-14T15:00:33.769Z,2025-12-14T15:00:33.769Z
38,0x000a,-1.50101,0x00000000,2025-12-14T15:00:34.071Z,2025-12-14T15:00:34.071Z
36,0x000a,-0.0711934,0x00000000,2025-12-14T15:00:34.071Z,2025-12-14T15:00:34.071Z
35,0x000a,-1.58985,0x00000000,2025-12-14T15:00:34.071Z,2025-12-14T15:00:34.071Z
34,0x000a,-0.00349794,0x00000000,2025-12-14T15:00:34.071Z,2025-12-14T15:00:34.071Z
25,0x000a,0.219907,0x00000000,2025-12-14T15:00:34.071Z,2025-12-14T15:00:34.071Z
23,0x000a,-0.0711934,0x00000000,2025-12-14T15:00:34.071Z,2025-12-14T15:00:34.071Z
22,0x000a,-1.58985,0x00000000,2025-12-14T15:00:34.071Z,2025-12-14T15:00:34.071Z
21,0x000a,-0.00349794,0x00000000,2025-12-14T15:00:34.071Z,2025-12-14T15:00:34.071Z
16,0x0001,false,0x00000000,2025-12-14T15:00:34.071Z,2025-12-14T15:00:34.071Z
7,0x0004,608,0x00000000,2025-12-14T15:00:34.069Z,2025-12-14T15:00:34.069Z
38,0x000a,-0.799335,0x00000000,2025-12-14T15:00:34.372Z,2025-12-14T15:00:34.372Z
36,0x000a,-0.00889917,0x00000000,2025-12-14T15:00:34.372Z,2025-12-14T15:00:34.372Z
35,0x000a,-1.46058,0x00000000,2025-12-14T15:00:34.372Z,2025-12-14T15:00:34.372Z
34,0x000a,-0.000437242,0x00000000,2025-12-14T15:00:34.372Z,2025-12-14T15:00:34.372Z
29,0x0004,0,0x00000000,2025-12-14T15:00:34.372Z,2025-12-14T15:00:34.372Z
25,0x000a,0,0x00000000,2025-12-14T15:00:34.372Z,2025-12-14T15:00:34.372Z
23,0x000a,-0.00889917,0x00000000,2025-12-14T15:00:34.372Z,2025-12-14T15:00:34.372Z
22,0x000a,-1.46058,0x00000000,2025-12-14T15:00:34.372Z,2025-12-14T15:00:34.372Z
21,0x000a,-0.000437242,0x00000000,2025-12-14T15:00:34.372Z,2025-12-14T15:00:34.372Z
7,0x0004,0,0x00000000,2025-12-14T15:00:34.368Z,2025-12-14T15:00:34.368Z
42,0x0001,false,0x00000000,2025-12-14T15:00:34.670Z,2025-12-14T15:00:34.670Z
40,0x0001,false,0x00000000,2025-12-14T15:00:34.670Z,2025-12-14T15:00:34.670Z
38,0x000a,0,0x00000000,2025-12-14T15:00:34.670Z,2025-12-14T15:00:34.670Z
36,0x000a,-0.0011124,0x00000000,2025-12-14T15:00:34.670Z,2025-12-14T15:00:34.670Z
35,0x000a,-0.282489,0x00000000,2025-12-14T15:00:34.670Z,2025-12-14T15:00:34.670Z
34,0x000a,-5.46553e-05,0x00000000,2025-12-14T15:00:34.670Z,2025-12-14T15:00:34.670Z
23,0x000a,-0.0011124,0x00000000,2025-12-14T15:00:34.670Z,2025-12-14T15:00:34.670Z
22,0x000a,-0.282489,0x00000000,2025-12-14T15:00:34.670Z,2025-12-14T15:00:34.670Z
21,0x000a,-5.46553e-05,0x00000000,2025-12-14T15:00:34.670Z,2025-12-14T15:00:34.670Z
17,0x0001,true,0x00000000,2025-12-14T15:00:34.670Z,2025-12-14T15:00:34.670Z
15,0x0001,true,0x00000000,2025-12-14T15:00:34.670Z,2025-12-14T15:00:34.670Z
13,0x0001,true,0x00000000,2025-12-14T15:00:34.670Z,2025-12-14T15:00:34.670Z
4,0x000a,10,0x00000000,2025-12-14T15:00:34.668Z,2025-12-14T15:00:34.668Z
3,0x000a,9,0x00000000,2025-12-14T15:00:34.668Z,2025-12-14T15:00:34.668Z
2,0x000a,8,0x00000000,2025-12-14T15:00:34.668Z,2025-12-14T15:00:34.668Z
39,0x000a,2.0978,0x00000000,2025-12-14T15:00:34.970Z,2025-12-14T15:00:34.970Z
38,0x000a,1.4974,0x00000000,2025-12-14T15:00:34.970Z,2025-12-14T15:00:34.970Z
37,0x000a,2.79948,0x00000000,2025-12-14T15:00:34.970Z,2025-12-14T15:00:34.970Z
36,0x000a,0.350561,0x00000000,2025-12-14T15:00:34.970Z,2025-12-14T15:00:34.970Z
35,0x000a,0.329045,0x00000000,2025-12-14T15:00:34.970Z,2025-12-14T15:00:34.970Z
34,0x000a,0.799321,0x00000000,2025-12-14T15:00:34.970Z,2025-12-14T15:00:34.970Z
29,0x0004,1000,0x00000000,2025-12-14T15:00:34.970Z,2025-12-14T15:00:34.970Z
28,0x0004,1000,0x00000000,2025-12-14T15:00:34.970Z,2025-12-14T15:00:34.970Z
26,0x000a,0.489728,0x00000000,2025-12-14T15:00:34.970Z,2025-12-14T15:00:34.970Z
25,0x000a,0.379774,0x00000000,2025-12-14T15:00:34.970Z,2025-12-14T15:00:34.970Z
24,0x000a,0.69987,0x00000000,2025-12-14T15:00:34.970Z,2025-12-14T15:00:34.970Z
23,0x000a,0.350561,0x00000000,2025-12-14T15:00:34.970Z,2025-12-14T15:00:34.970Z
22,0x000a,0.329045,0x00000000,2025-12-14T15:00:34.970Z,2025-12-14T15:00:34.970Z
21,0x000a,0.799321,0x00000000,2025-12-14T15:00:34.970Z,2025-12-14T15:00:34.970Z
8,0x0004,1354,0x00000000,2025-12-14T15:00:34.970Z,2025-12-14T15:00:34.970Z
7,0x0004,1050,0x00000000,2025-12-14T15:00:34.970Z,2025-12-14T15:00:34.970Z
6,0x0004,1935,0x00000000,2025-12-14T15:00:34.970Z,2025-12-14T15:00:34.970Z
39,0x000a,2.49928,0x00000000,2025-12-14T15:00:35.272Z,2025-12-14T15:00:35.272Z
38,0x000a,1.80122,0x00000000,2025-12-14T15:00:35.272Z,2025-12-14T15:00:35.272Z
37,0x000a,3.20095,0x00000000,2025-12-14T15:00:35.272Z,2025-12-14T15:00:35.272Z
36,0x000a,1.85679,0x00000000,2025-12-14T15:00:35.272Z,2025-12-14T15:00:35.272Z
35,0x000a,1.35406,0x00000000,2025-12-14T15:00:35.272Z,2025-12-14T15:00:35.272Z
34,0x000a,2.44909,0x00000000,2025-12-14T15:00:35.272Z,2025-12-14T15:00:35.272Z
26,0x000a,1.14981,0x00000000,2025-12-14T15:00:35.272Z,2025-12-14T15:00:35.272Z
25,0x000a,0.849971,0x00000000,2025-12-14T15:00:35.272Z,2025-12-14T15:00:35.272Z
24,0x000a,1.54984,0x00000000,2025-12-14T15:00:35.272Z,2025-12-14T15:00:35.272Z
23,0x000a,1.85679,0x00000000,2025-12-14T15:00:35.272Z,2025-12-14T15:00:35.272Z
22,0x000a,1.35406,0x00000000,2025-12-14T15:00:35.272Z,2025-12-14T15:00:35.272Z
21,0x000a,2.44909,0x00000000,2025-12-14T15:00:35.272Z,2025-12-14T15:00:35.272Z
8,0x0004,2626,0x00000000,2025-12-14T15:00:35.268Z,2025-12-14T15:00:35.268Z
7,0x0004,1963,0x00000000,2025-12-14T15:00:35.268Z,2025-12-14T15:00:35.268Z
6,0x0004,3566,0x00000000,2025-12-14T15:00:35.268Z,2025-12-14T15:00:35.268Z
39,0x000a,2.10142,0x00000000,2025-12-14T15:00:35.569Z,2025-12-14T15:00:35.569Z
38,0x000a,1.4974,0x00000000,2025-12-14T15:00:35.569Z,2025-12-14T15:00:35.569Z
37,0x000a,2.69821,0x00000000,2025-12-14T15:00:35.569Z,2025-12-14T15:00:35.569Z
36,0x000a,2.08909,0x00000000,2025-12-14T15:00:35.569Z,2025-12-14T15:00:35.569Z
35,0x000a,1.48869,0x00000000,2025-12-14T15:00:35.569Z,2025-12-14T15:00:35.569Z
34,0x000a,2.71279,0x00000000,2025-12-14T15:00:35.569Z,2025-12-14T15:00:35.569Z
26,0x000a,1.55997,0x00000000,2025-12-14T15:00:35.569Z,2025-12-14T15:00:35.569Z
25,0x000a,1.14981,0x00000000,2025-12-14T15:00:35.569Z,2025-12-14T15:00:35.569Z
24,0x000a,2.07972,0x00000000,2025-12-14T15:00:35.569Z,2025-12-14T15:00:35.569Z
23,0x000a,2.08909,0x00000000,2025-12-14T15:00:35.569Z,2025-12-14T15:00:35.569Z
22,0x000a,1.48869,0x00000000,2025-12-14T15:00:35.569Z,2025-12-14T15:00:35.569Z
21,0x000a,2.71279,0x00000000,2025-12-14T15:00:35.569Z,2025-12-14T15:00:35.569Z
8,0x0004,4313,0x00000000,2025-12-14T15:00:35.569Z,2025-12-14T15:00:35.569Z
7,0x0004,3179,0x00000000,2025-12-14T15:00:35.569Z,2025-12-14T15:00:35.569Z
6,0x0004,5750,0x00000000,2025-12-14T15:00:35.569Z,2025-12-14T15:00:35.569Z
39,0x000a,2.0978,0x00000000,2025-12-14T15:00:35.869Z,2025-12-14T15:00:35.869Z
38,0x000a,1.4974,0x00000000,2025-12-14T15:00:35.869Z,2025-12-14T15:00:35.869Z
37,0x000a,2.69821,0x00000000,2025-12-14T15:00:35.869Z,2025-12-14T15:00:35.869Z
36,0x000a,2.64874,0x00000000,2025-12-14T15:00:35.869Z,2025-12-14T15:00:35.869Z
35,0x000a,1.89869,0x00000000,2025-12-14T15:00:35.869Z,2025-12-14T15:00:35.869Z
34,0x000a,3.47766,0x00000000,2025-12-14T15:00:35.869Z,2025-12-14T15:00:35.869Z
26,0x000a,2.21969,0x00000000,2025-12-14T15:00:35.869Z,2025-12-14T15:00:35.869Z
25,0x000a,1.61965,0x00000000,2025-12-14T15:00:35.869Z,2025-12-14T15:00:35.869Z
24,0x000a,2.93981,0x00000000,2025-12-14T15:00:35.869Z,2025-12-14T15:00:35.869Z
23,0x000a,2.64874,0x00000000,2025-12-14T15:00:35.869Z,2025-12-14T15:00:35.869Z
22,0x000a,1.89869,0x00000000,2025-12-14T15:00:35.869Z,2025-12-14T15:00:35.869Z
21,0x000a,3.47766,0x00000000,2025-12-14T15:00:35.869Z,2025-12-14T15:00:35.869Z
8,0x0004,6137,0x00000000,2025-12-14T15:00:35.869Z,2025-12-14T15:00:35.869Z
7,0x0004,4478,0x00000000,2025-12-14T15:00:35.869Z,2025-12-14T15:00:35.869Z
6,0x0004,8128,0x00000000,2025-12-14T15:00:35.869Z,2025-12-14T15:00:35.869Z
39,0x000a,2.49928,0x00000000,2025-12-14T15:00:36.173Z,2025-12-14T15:00:36.173Z
38,0x000a,1.80122,0x00000000,2025-12-14T15:00:36.173Z,2025-12-14T15:00:36.173Z
37,0x000a,3.20096,0x00000000,2025-12-14T15:00:36.173Z,2025-12-14T15:00:36.173Z
36,0x000a,2.11874,0x00000000,2025-12-14T15:00:36.173Z,2025-12-14T15:00:36.173Z
35,0x000a,1.55027,0x00000000,2025-12-14T15:00:36.173Z,2025-12-14T15:00:36.173Z
34,0x000a,2.77122,0x00000000,2025-12-14T15:00:36.173Z,2025-12-14T15:00:36.173Z
26,0x000a,2.87977,0x00000000,2025-12-14T15:00:36.173Z,2025-12-14T15:00:36.173Z
25,0x000a,2.09997,0x00000000,2025-12-14T15:00:36.173Z,2025-12-14T15:00:36.173Z
24,0x000a,3.78979,0x00000000,2025-12-14T15:00:36.173Z,2025-12-14T15:00:36.173Z
23,0x000a,2.11874,0x00000000,2025-12-14T15:00:36.173Z,2025-12-14T15:00:36.173Z
22,0x000a,1.55027,0x00000000,2025-12-14T15:00:36.173Z,2025-12-14T15:00:36.173Z
21,0x000a,2.77122,0x00000000,2025-12-14T15:00:36.173Z,2025-12-14T15:00:36.173Z
8,0x0004,7962,0x00000000,2025-12-14T15:00:36.169Z,2025-12-14T15:00:36.169Z
7,0x0004,5806,0x00000000,2025-12-14T15:00:36.169Z,2025-12-14T15:00:36.169Z
6,0x0004,10478,0x00000000,2025-12-14T15:00:36.169Z,2025-12-14T15:00:36.169Z
39,0x000a,2.10142,0x00000000,2025-12-14T15:00:36.471Z,2025-12-14T15:00:36.471Z
38,0x000a,1.4974,0x00000000,2025-12-14T15:00:36.471Z,2025-12-14T15:00:36.471Z
37,0x000a,2.69821,0x00000000,2025-12-14T15:00:36.471Z,2025-12-14T15:00:36.471Z
36,0x000a,2.15458,0x00000000,2025-12-14T15:00:36.471Z,2025-12-14T15:00:36.471Z
35,0x000a,1.53774,0x00000000,2025-12-14T15:00:36.471Z,2025-12-14T15:00:36.471Z
34,0x000a,2.79332,0x00000000,2025-12-14T15:00:36.471Z,2025-12-14T15:00:36.471Z
26,0x000a,3.48994,0x00000000,2025-12-14T15:00:36.471Z,2025-12-14T15:00:36.471Z
25,0x000a,2.53979,0x00000000,2025-12-14T15:00:36.471Z,2025-12-14T15:00:36.471Z
24,0x000a,4.57972,0x00000000,2025-12-14T15:00:36.471Z,2025-12-14T15:00:36.471Z
23,0x000a,2.15458,0x00000000,2025-12-14T15:00:36.471Z,2025-12-14T15:00:36.471Z
22,0x000a,1.53774,0x00000000,2025-12-14T15:00:36.471Z,2025-12-14T15:00:36.471Z
21,0x000a,2.79332,0x00000000,2025-12-14T15:00:36.471Z,2025-12-14T15:00:36.471Z
8,0x0004,9649,0x00000000,2025-12-14T15:00:36.470Z,2025-12-14T15:00:36.470Z
7,0x0004,7022,0x00000000,2025-12-14T15:00:36.470Z,2025-12-14T15:00:36.470Z
6,0x0004,12662,0x00000000,2025-12-14T15:00:36.470Z,2025-12-14T15:00:36.470Z
39,0x000a,4.49942,0x00000000,2025-12-14T15:00:36.771Z,2025-12-14T15:00:36.771Z
38,0x000a,3.20096,0x00000000,2025-12-14T15:00:36.771Z,2025-12-14T15:00:36.771Z
37,0x000a,5.79789,0x00000000,2025-12-14T15:00:36.771Z,2025-12-14T15:00:36.771Z
36,0x000a,2.08094,0x00000000,2025-12-14T15:00:36.771Z,2025-12-14T15:00:36.771Z
35,0x000a,1.50515,0x00000000,2025-12-14T15:00:36.771Z,2025-12-14T15:00:36.771Z
34,0x000a,2.68749,0x00000000,2025-12-14T15:00:36.771Z,2025-12-14T15:00:36.771Z
26,0x000a,4.14967,0x00000000,2025-12-14T15:00:36.771Z,2025-12-14T15:00:36.771Z
25,0x000a,3.00998,0x00000000,2025-12-14T15:00:36.771Z,2025-12-14T15:00:36.771Z
24,0x000a,5.42969,0x00000000,2025-12-14T15:00:36.771Z,2025-12-14T15:00:36.771Z
23,0x000a,2.08094,0x00000000,2025-12-14T15:00:36.771Z,2025-12-14T15:00:36.771Z
22,0x000a,1.50515,0x00000000,2025-12-14T15:00:36.771Z,2025-12-14T15:00:36.771Z
21,0x000a,2.68749,0x00000000,2025-12-14T15:00:36.771Z,2025-12-14T15:00:36.771Z
8,0x0004,11473,0x00000000,2025-12-14T15:00:36.769Z,2025-12-14T15:00:36.769Z
7,0x0004,8322,0x00000000,2025-12-14T15:00:36.769Z,2025-12-14T15:00:36.769Z
6,0x0004,15012,0x00000000,2025-12-14T15:00:36.769Z,2025-12-14T15:00:36.769Z
39,0x000a,2.49928,0x00000000,2025-12-14T15:00:37.072Z,2025-12-14T15:00:37.072Z
38,0x000a,1.80121,0x00000000,2025-12-14T15:00:37.072Z,2025-12-14T15:00:37.072Z
37,0x000a,3.20096,0x00000000,2025-12-14T15:00:37.072Z,2025-12-14T15:00:37.072Z
36,0x000a,2.34797,0x00000000,2025-12-14T15:00:37.072Z,2025-12-14T15:00:37.072Z
35,0x000a,1.71312,0x00000000,2025-12-14T15:00:37.072Z,2025-12-14T15:00:37.072Z
34,0x000a,3.08523,0x00000000,2025-12-14T15:00:37.072Z,2025-12-14T15:00:37.072Z
26,0x000a,4.80975,0x00000000,2025-12-14T15:00:37.072Z,2025-12-14T15:00:37.072Z
25,0x000a,3.48994,0x00000000,2025-12-14T15:00:37.072Z,2025-12-14T15:00:37.072Z
24,0x000a,6.28979,0x00000000,2025-12-14T15:00:37.072Z,2025-12-14T15:00:37.072Z
23,0x000a,2.34797,0x00000000,2025-12-14T15:00:37.072Z,2025-12-14T15:00:37.072Z
22,0x000a,1.71312,0x00000000,2025-12-14T15:00:37.072Z,2025-12-14T15:00:37.072Z
21,0x000a,3.08523,0x00000000,2025-12-14T15:00:37.072Z,2025-12-14T15:00:37.072Z
8,0x0004,13298,0x00000000,2025-12-14T15:00:37.072Z,2025-12-14T15:00:37.072Z
7,0x0004,9649,0x00000000,2025-12-14T15:00:37.072Z,2025-12-14T15:00:37.072Z
6,0x0004,17390,0x00000000,2025-12-14T15:00:37.072Z,2025-12-14T15:00:37.072Z
39,0x000a,2.10142,0x00000000,2025-12-14T15:00:37.370Z,2025-12-14T15:00:37.370Z
38,0x000a,1.4974,0x00000000,2025-12-14T15:00:37.370Z,2025-12-14T15:00:37.370Z
37,0x000a,2.6982,0x00000000,2025-12-14T15:00:37.370Z,2025-12-14T15:00:37.370Z
36,0x000a,2.21188,0x00000000,2025-12-14T15:00:37.370Z,2025-12-14T15:00:37.370Z
35,0x000a,1.57845,0x00000000,2025-12-14T15:00:37.370Z,2025-12-14T15:00:37.370Z
34,0x000a,2.87182,0x00000000,2025-12-14T15:00:37.370Z,2025-12-14T15:00:37.370Z
26,0x000a,5.41992,0x00000000,2025-12-14T15:00:37.370Z,2025-12-14T15:00:37.370Z
25,0x000a,3.92976,0x00000000,2025-12-14T15:00:37.370Z,2025-12-14T15:00:37.370Z
24,0x000a,7.07972,0x00000000,2025-12-14T15:00:37.370Z,2025-12-14T15:00:37.370Z
23,0x000a,2.21188,0x00000000,2025-12-14T15:00:37.370Z,2025-12-14T15:00:37.370Z
22,0x000a,1.57845,0x00000000,2025-12-14T15:00:37.370Z,2025-12-14T15:00:37.370Z
21,0x000a,2.87182,0x00000000,2025-12-14T15:00:37.370Z,2025-12-14T15:00:37.370Z
8,0x0004,14985,0x00000000,2025-12-14T15:00:37.368Z,2025-12-14T15:00:37.368Z
7,0x0004,10865,0x00000000,2025-12-14T15:00:37.368Z,2025-12-14T15:00:37.368Z
6,0x0004,19574,0x00000000,2025-12-14T15:00:37.368Z,2025-12-14T15:00:37.368Z
38,0x000a,1.39974,0x00000000,2025-12-14T15:00:37.671Z,2025-12-14T15:00:37.671Z
37,0x000a,2.60055,0x00000000,2025-12-14T15:00:37.671Z,2025-12-14T15:00:37.671Z
36,0x000a,2.0881,0x00000000,2025-12-14T15:00:37.671Z,2025-12-14T15:00:37.671Z
35,0x000a,1.51024,0x00000000,2025-12-14T15:00:37.671Z,2025-12-14T15:00:37.671Z
34,0x000a,2.6973,0x00000000,2025-12-14T15:00:37.671Z,2025-12-14T15:00:37.671Z
26,0x000a,6.03986,0x00000000,2025-12-14T15:00:37.671Z,2025-12-14T15:00:37.671Z
25,0x000a,4.36994,0x00000000,2025-12-14T15:00:37.671Z,2025-12-14T15:00:37.671Z
24,0x000a,7.87977,0x00000000,2025-12-14T15:00:37.671Z,2025-12-14T15:00:37.671Z
23,0x000a,2.0881,0x00000000,2025-12-14T15:00:37.671Z,2025-12-14T15:00:37.671Z
22,0x000a,1.51024,0x00000000,2025-12-14T15:00:37.671Z,2025-12-14T15:00:37.671Z
21,0x000a,2.6973,0x00000000,2025-12-14T15:00:37.671Z,2025-12-14T15:00:37.671Z
13,0x0001,false,0x00000000,2025-12-14T15:00:37.671Z,2025-12-14T15:00:37.671Z
8,0x0004,16699,0x00000000,2025-12-14T15:00:37.671Z,2025-12-14T15:00:37.671Z
7,0x0004,12082,0x00000000,2025-12-14T15:00:37.671Z,2025-12-14T15:00:37.671Z
6,0x0004,21786,0x00000000,2025-12-14T15:00:37.671Z,2025-12-14T15:00:37.671Z
39,0x000a,4.49942,0x00000000,2025-12-14T15:00:37.971Z,2025-12-14T15:00:37.971Z
38,0x000a,3.29861,0x00000000,2025-12-14T15:00:37.971Z,2025-12-14T15:00:37.971Z
37,0x000a,4.30049,0x00000000,2025-12-14T15:00:37.971Z,2025-12-14T15:00:37.971Z
36,0x000a,2.04745,0x00000000,2025-12-14T15:00:37.971Z,2025-12-14T15:00:37.971Z
35,0x000a,1.478,0x00000000,2025-12-14T15:00:37.971Z,2025-12-14T15:00:37.971Z
34,0x000a,2.67357,0x00000000,2025-12-14T15:00:37.971Z,2025-12-14T15:00:37.971Z
26,0x000a,6.4898,0x00000000,2025-12-14T15:00:37.971Z,2025-12-14T15:00:37.971Z
25,0x000a,4.6998,0x00000000,2025-12-14T15:00:37.971Z,2025-12-14T15:00:37.971Z
24,0x000a,8.30982,0x00000000,2025-12-14T15:00:37.971Z,2025-12-14T15:00:37.971Z
23,0x000a,2.04745,0x00000000,2025-12-14T15:00:37.971Z,2025-12-14T15:00:37.971Z
22,0x000a,1.478,0x00000000,2025-12-14T15:00:37.971Z,2025-12-14T15:00:37.971Z
21,0x000a,2.67357,0x00000000,2025-12-14T15:00:37.971Z,2025-12-14T15:00:37.971Z
14,0x0001,true,0x00000000,2025-12-14T15:00:37.971Z,2025-12-14T15:00:37.971Z
8,0x0004,17943,0x00000000,2025-12-14T15:00:37.968Z,2025-12-14T15:00:37.968Z
7,0x0004,12994,0x00000000,2025-12-14T15:00:37.968Z,2025-12-14T15:00:37.968Z
6,0x0004,22975,0x00000000,2025-12-14T15:00:37.968Z,2025-12-14T15:00:37.968Z
39,0x000a,2.49928,0x00000000,2025-12-14T15:00:38.270Z,2025-12-14T15:00:38.270Z
38,0x000a,1.80122,0x00000000,2025-12-14T15:00:38.270Z,2025-12-14T15:00:38.270Z
37,0x000a,-3.20096,0x00000000,2025-12-14T15:00:38.270Z,2025-12-14T15:00:38.270Z
36,0x000a,2.34379,0x00000000,2025-12-14T15:00:38.270Z,2025-12-14T15:00:38.270Z
35,0x000a,1.6722,0x00000000,2025-12-14T15:00:38.270Z,2025-12-14T15:00:38.270Z
34,0x000a,0.0724252,0x00000000,2025-12-14T15:00:38.270Z,2025-12-14T15:00:38.270Z
26,0x000a,7.14988,0x00000000,2025-12-14T15:00:38.270Z,2025-12-14T15:00:38.270Z
25,0x000a,5.16999,0x00000000,2025-12-14T15:00:38.270Z,2025-12-14T15:00:38.270Z
24,0x000a,7.82986,0x00000000,2025-12-14T15:00:38.270Z,2025-12-14T15:00:38.270Z
23,0x000a,2.34379,0x00000000,2025-12-14T15:00:38.270Z,2025-12-14T15:00:38.270Z
22,0x000a,1.6722,0x00000000,2025-12-14T15:00:38.270Z,2025-12-14T15:00:38.270Z
21,0x000a,0.0724252,0x00000000,2025-12-14T15:00:38.270Z,2025-12-14T15:00:38.270Z
14,0x0001,false,0x00000000,2025-12-14T15:00:38.270Z,2025-12-14T15:00:38.270Z
8,0x0004,19768,0x00000000,2025-12-14T15:00:38.268Z,2025-12-14T15:00:38.268Z
7,0x0004,14294,0x00000000,2025-12-14T15:00:38.268Z,2025-12-14T15:00:38.268Z
6,0x0004,21648,0x00000000,2025-12-14T15:00:38.268Z,2025-12-14T15:00:38.268Z
39,0x000a,2.10142,0x00000000,2025-12-14T15:00:38.569Z,2025-12-14T15:00:38.569Z
38,0x000a,1.39974,0x00000000,2025-12-14T15:00:38.569Z,2025-12-14T15:00:38.569Z
37,0x000a,0,0x00000000,2025-12-14T15:00:38.569Z,2025-12-14T15:00:38.569Z
36,0x000a,2.1299,0x00000000,2025-12-14T15:00:38.569Z,2025-12-14T15:00:38.569Z
35,0x000a,1.55903,0x00000000,2025-12-14T15:00:38.569Z,2025-12-14T15:00:38.569Z
34,0x000a,-0.665951,0x00000000,2025-12-14T15:00:38.569Z,2025-12-14T15:00:38.569Z
26,0x000a,7.76982,0x00000000,2025-12-14T15:00:38.569Z,2025-12-14T15:00:38.569Z
25,0x000a,5.60981,0x00000000,2025-12-14T15:00:38.569Z,2025-12-14T15:00:38.569Z
24,0x000a,7.71991,0x00000000,2025-12-14T15:00:38.569Z,2025-12-14T15:00:38.569Z
23,0x000a,2.1299,0x00000000,2025-12-14T15:00:38.569Z,2025-12-14T15:00:38.569Z
22,0x000a,1.55903,0x00000000,2025-12-14T15:00:38.569Z,2025-12-14T15:00:38.569Z
21,0x000a,-0.665951,0x00000000,2025-12-14T15:00:38.569Z,2025-12-14T15:00:38.569Z
8,0x0004,21482,0x00000000,2025-12-14T15:00:38.569Z,2025-12-14T15:00:38.569Z
7,0x0004,15510,0x00000000,2025-12-14T15:00:38.569Z,2025-12-14T15:00:38.569Z
6,0x0004,21344,0x00000000,2025-12-14T15:00:38.569Z,2025-12-14T15:00:38.569Z
40,0x0001,true,0x00000000,2025-12-14T15:00:38.873Z,2025-12-14T15:00:38.873Z
39,0x000a,2.49928,0x00000000,2025-12-14T15:00:38.873Z,2025-12-14T15:00:38.873Z
38,0x000a,1.7976,0x00000000,2025-12-14T15:00:38.873Z,2025-12-14T15:00:38.873Z
36,0x000a,2.0579,0x00000000,2025-12-14T15:00:38.873Z,2025-12-14T15:00:38.873Z
35,0x000a,1.4902,0x00000000,2025-12-14T15:00:38.873Z,2025-12-14T15:00:38.873Z
34,0x000a,-0.166488,0x00000000,2025-12-14T15:00:38.873Z,2025-12-14T15:00:38.873Z
26,0x000a,8.41978,0x00000000,2025-12-14T15:00:38.873Z,2025-12-14T15:00:38.873Z
25,0x000a,6.08977,0x00000000,2025-12-14T15:00:38.873Z,2025-12-14T15:00:38.873Z
23,0x000a,2.0579,0x00000000,2025-12-14T15:00:38.873Z,2025-12-14T15:00:38.873Z
22,0x000a,1.4902,0x00000000,2025-12-14T15:00:38.873Z,2025-12-14T15:00:38.873Z
21,0x000a,-0.166488,0x00000000,2025-12-14T15:00:38.873Z,2025-12-14T15:00:38.873Z
8,0x0004,23279,0x00000000,2025-12-14T15:00:38.868Z,2025-12-14T15:00:38.868Z
7,0x0004,16837,0x00000000,2025-12-14T15:00:38.868Z,2025-12-14T15:00:38.868Z
39,0x000a,2.0978,0x00000000,2025-12-14T15:00:39.171Z,2025-12-14T15:00:39.171Z
38,0x000a,1.50101,0x00000000,2025-12-14T15:00:39.171Z,2025-12-14T15:00:39.171Z
36,0x000a,3.12046,0x00000000,2025-12-14T15:00:39.171Z,2025-12-14T15:00:39.171Z
35,0x000a,2.2366,0x00000000,2025-12-14T15:00:39.171Z,2025-12-14T15:00:39.171Z
34,0x000a,-0.020811,0x00000000,2025-12-14T15:00:39.171Z,2025-12-14T15:00:39.171Z
26,0x000a,9.03971,0x00000000,2025-12-14T15:00:39.171Z,2025-12-14T15:00:39.171Z
25,0x000a,6.52995,0x00000000,2025-12-14T15:00:39.171Z,2025-12-14T15:00:39.171Z
23,0x000a,3.12046,0x00000000,2025-12-14T15:00:39.171Z,2025-12-14T15:00:39.171Z
22,0x000a,2.2366,0x00000000,2025-12-14T15:00:39.171Z,2025-12-14T15:00:39.171Z
21,0x000a,-0.020811,0x00000000,2025-12-14T15:00:39.171Z,2025-12-14T15:00:39.171Z
8,0x0004,24993,0x00000000,2025-12-14T15:00:39.171Z,2025-12-14T15:00:39.171Z
7,0x0004,18054,0x00000000,2025-12-14T15:00:39.171Z,2025-12-14T15:00:39.171Z
39,0x000a,2.09781,0x00000000,2025-12-14T15:00:39.471Z,2025-12-14T15:00:39.471Z
38,0x000a,1.39974,0x00000000,2025-12-14T15:00:39.471Z,2025-12-14T15:00:39.471Z
36,0x000a,2.17771,0x00000000,2025-12-14T15:00:39.471Z,2025-12-14T15:00:39.471Z
35,0x000a,1.59206,0x00000000,2025-12-14T15:00:39.471Z,2025-12-14T15:00:39.471Z
34,0x000a,-0.00260137,0x00000000,2025-12-14T15:00:39.471Z,2025-12-14T15:00:39.471Z
26,0x000a,9.65965,0x00000000,2025-12-14T15:00:39.471Z,2025-12-14T15:00:39.471Z
25,0x000a,6.96976,0x00000000,2025-12-14T15:00:39.471Z,2025-12-14T15:00:39.471Z
23,0x000a,2.17771,0x00000000,2025-12-14T15:00:39.471Z,2025-12-14T15:00:39.471Z
22,0x000a,1.59206,0x00000000,2025-12-14T15:00:39.471Z,2025-12-14T15:00:39.471Z
21,0x000a,-0.00260137,0x00000000,2025-12-14T15:00:39.471Z,2025-12-14T15:00:39.471Z
8,0x0004,26707,0x00000000,2025-12-14T15:00:39.469Z,2025-12-14T15:00:39.469Z
7,0x0004,19270,0x00000000,2025-12-14T15:00:39.469Z,2025-12-14T15:00:39.469Z
39,0x000a,1.40336,0x00000000,2025-12-14T15:00:39.770Z,2025-12-14T15:00:39.770Z
38,0x000a,1.50101,0x00000000,2025-12-14T15:00:39.770Z,2025-12-14T15:00:39.770Z
36,0x000a,2.06895,0x00000000,2025-12-14T15:00:39.770Z,2025-12-14T15:00:39.770Z
35,0x000a,1.49846,0x00000000,2025-12-14T15:00:39.770Z,2025-12-14T15:00:39.770Z
34,0x000a,-0.000650343,0x00000000,2025-12-14T15:00:39.770Z,2025-12-14T15:00:39.770Z
30,0x0004,0,0x00000000,2025-12-14T15:00:39.770Z,2025-12-14T15:00:39.770Z
26,0x000a,10,0x00000000,2025-12-14T15:00:39.770Z,2025-12-14T15:00:39.770Z
25,0x000a,7.44973,0x00000000,2025-12-14T15:00:39.770Z,2025-12-14T15:00:39.770Z
23,0x000a,2.06895,0x00000000,2025-12-14T15:00:39.770Z,2025-12-14T15:00:39.770Z
22,0x000a,1.49846,0x00000000,2025-12-14T15:00:39.770Z,2025-12-14T15:00:39.770Z
21,0x000a,-0.000650343,0x00000000,2025-12-14T15:00:39.770Z,2025-12-14T15:00:39.770Z
17,0x0001,false,0x00000000,2025-12-14T15:00:39.770Z,2025-12-14T15:00:39.770Z
8,0x0004,27648,0x00000000,2025-12-14T15:00:39.768Z,2025-12-14T15:00:39.768Z
7,0x0004,20597,0x00000000,2025-12-14T15:00:39.768Z,2025-12-14T15:00:39.768Z
42,0x0001,true,0x00000000,2025-12-14T15:00:40.071Z,2025-12-14T15:00:40.071Z
39,0x000a,0,0x00000000,2025-12-14T15:00:40.071Z,2025-12-14T15:00:40.071Z
36,0x000a,0.434039,0x00000000,2025-12-14T15:00:40.071Z,2025-12-14T15:00:40.071Z
35,0x000a,1.5242,0x00000000,2025-12-14T15:00:40.071Z,2025-12-14T15:00:40.071Z
34,0x000a,-8.12928e-05,0x00000000,2025-12-14T15:00:40.071Z,2025-12-14T15:00:40.071Z
25,0x000a,7.8899,0x00000000,2025-12-14T15:00:40.071Z,2025-12-14T15:00:40.071Z
23,0x000a,0.434039,0x00000000,2025-12-14T15:00:40.071Z,2025-12-14T15:00:40.071Z
22,0x000a,1.5242,0x00000000,2025-12-14T15:00:40.071Z,2025-12-14T15:00:40.071Z
21,0x000a,-8.12928e-05,0x00000000,2025-12-14T15:00:40.071Z,2025-12-14T15:00:40.071Z
7,0x0004,21814,0x00000000,2025-12-14T15:00:40.070Z,2025-12-14T15:00:40.070Z
38,0x000a,1.50102,0x00000000,2025-12-14T15:00:40.370Z,2025-12-14T15:00:40.370Z
36,0x000a,0.10851,0x00000000,2025-12-14T15:00:40.370Z,2025-12-14T15:00:40.370Z
35,0x000a,2.40561,0x00000000,2025-12-14T15:00:40.370Z,2025-12-14T15:00:40.370Z
34,0x000a,-2.03232e-05,0x00000000,2025-12-14T15:00:40.370Z,2025-12-14T15:00:40.370Z
25,0x000a,8.35974,0x00000000,2025-12-14T15:00:40.370Z,2025-12-14T15:00:40.370Z
23,0x000a,0.10851,0x00000000,2025-12-14T15:00:40.370Z,2025-12-14T15:00:40.370Z
22,0x000a,2.40561,0x00000000,2025-12-14T15:00:40.370Z,2025-12-14T15:00:40.370Z
21,0x000a,-2.03232e-05,0x00000000,2025-12-14T15:00:40.370Z,2025-12-14T15:00:40.370Z
7,0x0004,23113,0x00000000,2025-12-14T15:00:40.368Z,2025-12-14T15:00:40.368Z
38,0x000a,1.50101,0x00000000,2025-12-14T15:00:40.672Z,2025-12-14T15:00:40.672Z
36,0x000a,0.0135637,0x00000000,2025-12-14T15:00:40.672Z,2025-12-14T15:00:40.672Z
35,0x000a,1.58877,0x00000000,2025-12-14T15:00:40.672Z,2025-12-14T15:00:40.672Z
34,0x000a,-2.5404e-06,0x00000000,2025-12-14T15:00:40.672Z,2025-12-14T15:00:40.672Z
25,0x000a,8.80968,0x00000000,2025-12-14T15:00:40.672Z,2025-12-14T15:00:40.672Z
23,0x000a,0.0135637,0x00000000,2025-12-14T15:00:40.672Z,2025-12-14T15:00:40.672Z
22,0x000a,1.58877,0x00000000,2025-12-14T15:00:40.672Z,2025-12-14T15:00:40.672Z
21,0x000a,-2.5404e-06,0x00000000,2025-12-14T15:00:40.672Z,2025-12-14T15:00:40.672Z
15,0x0001,false,0x00000000,2025-12-14T15:00:40.672Z,2025-12-14T15:00:40.672Z
7,0x0004,23943,0x00000000,2025-12-14T15:00:40.669Z,2025-12-14T15:00:40.669Z
38,0x000a,0.600405,0x00000000,2025-12-14T15:00:40.970Z,2025-12-14T15:00:40.970Z
36,0x000a,0.00169546,0x00000000,2025-12-14T15:00:40.970Z,2025-12-14T15:00:40.970Z
35,0x000a,1.61054,0x00000000,2025-12-14T15:00:40.970Z,2025-12-14T15:00:40.970Z
34,0x000a,-3.1755e-07,0x00000000,2025-12-14T15:00:40.970Z,2025-12-14T15:00:40.970Z
25,0x000a,9.03971,0x00000000,2025-12-14T15:00:40.970Z,2025-12-14T15:00:40.970Z
23,0x000a,0.00169546,0x00000000,2025-12-14T15:00:40.970Z,2025-12-14T15:00:40.970Z
22,0x000a,1.61054,0x00000000,2025-12-14T15:00:40.970Z,2025-12-14T15:00:40.970Z
21,0x000a,-3.1755e-07,0x00000000,2025-12-14T15:00:40.970Z,2025-12-14T15:00:40.970Z
7,0x0004,24993,0x00000000,2025-12-14T15:00:40.970Z,2025-12-14T15:00:40.970Z
42,0x0001,false,0x00000000,2025-12-14T15:00:41.272Z,2025-12-14T15:00:41.272Z
40,0x0001,false,0x00000000,2025-12-14T15:00:41.272Z,2025-12-14T15:00:41.272Z
38,0x000a,0,0x00000000,2025-12-14T15:00:41.272Z,2025-12-14T15:00:41.272Z
36,0x000a,0.000423866,0x00000000,2025-12-14T15:00:41.272Z,2025-12-14T15:00:41.272Z
35,0x000a,0.552736,0x00000000,2025-12-14T15:00:41.272Z,2025-12-14T15:00:41.272Z
34,0x000a,-7.93875e-08,0x00000000,2025-12-14T15:00:41.272Z,2025-12-14T15:00:41.272Z
23,0x000a,0.000423866,0x00000000,2025-12-14T15:00:41.272Z,2025-12-14T15:00:41.272Z
22,0x000a,0.552736,0x00000000,2025-12-14T15:00:41.272Z,2025-12-14T15:00:41.272Z
21,0x000a,-7.93875e-08,0x00000000,2025-12-14T15:00:41.272Z,2025-12-14T15:00:41.272Z
18,0x0001,true,0x00000000,2025-12-14T15:00:41.272Z,2025-12-14T15:00:41.272Z
16,0x0001,true,0x00000000,2025-12-14T15:00:41.272Z,2025-12-14T15:00:41.272Z
14,0x0001,true,0x00000000,2025-12-14T15:00:41.272Z,2025-12-14T15:00:41.272Z
4,0x000a,5,0x00000000,2025-12-14T15:00:41.270Z,2025-12-14T15:00:41.270Z
3,0x000a,5,0x00000000,2025-12-14T15:00:41.270Z,2025-12-14T15:00:41.270Z
2,0x000a,5,0x00000000,2025-12-14T15:00:41.270Z,2025-12-14T15:00:41.270Z
39,0x000a,-2.09781,0x00000000,2025-12-14T15:00:41.571Z,2025-12-14T15:00:41.571Z
38,0x000a,-1.39974,0x00000000,2025-12-14T15:00:41.571Z,2025-12-14T15:00:41.571Z
37,0x000a,-2.59693,0x00000000,2025-12-14T15:00:41.571Z,2025-12-14T15:00:41.571Z
36,0x000a,-0.251321,0x00000000,2025-12-14T15:00:41.571Z,2025-12-14T15:00:41.571Z
35,0x000a,-0.381209,0x00000000,2025-12-14T15:00:41.571Z,2025-12-14T15:00:41.571Z
34,0x000a,-0.801144,0x00000000,2025-12-14T15:00:41.571Z,2025-12-14T15:00:41.571Z
30,0x0004,1000,0x00000000,2025-12-14T15:00:41.571Z,2025-12-14T15:00:41.571Z
26,0x000a,9.73994,0x00000000,2025-12-14T15:00:41.571Z,2025-12-14T15:00:41.571Z
25,0x000a,8.80968,0x00000000,2025-12-14T15:00:41.571Z,2025-12-14T15:00:41.571Z
24,0x000a,7.29999,0x00000000,2025-12-14T15:00:41.571Z,2025-12-14T15:00:41.571Z
23,0x000a,-0.251321,0x00000000,2025-12-14T15:00:41.571Z,2025-12-14T15:00:41.571Z
22,0x000a,-0.381209,0x00000000,2025-12-14T15:00:41.571Z,2025-12-14T15:00:41.571Z
21,0x000a,-0.801144,0x00000000,2025-12-14T15:00:41.571Z,2025-12-14T15:00:41.571Z
8,0x0004,26929,0x00000000,2025-12-14T15:00:41.568Z,2025-12-14T15:00:41.568Z
7,0x0004,24357,0x00000000,2025-12-14T15:00:41.568Z,2025-12-14T15:00:41.568Z
6,0x0004,20183,0x00000000,2025-12-14T15:00:41.568Z,2025-12-14T15:00:41.568Z
39,0x000a,-2.10141,0x00000000,2025-12-14T15:00:41.870Z,2025-12-14T15:00:41.870Z
38,0x000a,-1.50102,0x00000000,2025-12-14T15:00:41.870Z,2025-12-14T15:00:41.870Z
37,0x000a,-2.60055,0x00000000,2025-12-14T15:00:41.870Z,2025-12-14T15:00:41.870Z
36,0x000a,-1.84439,0x00000000,2025-12-14T15:00:41.870Z,2025-12-14T15:00:41.870Z
35,0x000a,-1.34747,0x00000000,2025-12-14T15:00:41.870Z,2025-12-14T15:00:41.870Z
34,0x000a,-2.44932,0x00000000,2025-12-14T15:00:41.870Z,2025-12-14T15:00:41.870Z
26,0x000a,9.11965,0x00000000,2025-12-14T15:00:41.870Z,2025-12-14T15:00:41.870Z
25,0x000a,8.35974,0x00000000,2025-12-14T15:00:41.870Z,2025-12-14T15:00:41.870Z
24,0x000a,6.49993,0x00000000,2025-12-14T15:00:41.870Z,2025-12-14T15:00:41.870Z
23,0x000a,-1.84439,0x00000000,2025-12-14T15:00:41.870Z,2025-12-14T15:00:41.870Z
22,0x000a,-1.34747,0x00000000,2025-12-14T15:00:41.870Z,2025-12-14T15:00:41.870Z
21,0x000a,-2.44932,0x00000000,2025-12-14T15:00:41.870Z,2025-12-14T15:00:41.870Z
8,0x0004,25214,0x00000000,2025-12-14T15:00:41.870Z,2025-12-14T15:00:41.870Z
7,0x0004,23113,0x00000000,2025-12-14T15:00:41.870Z,2025-12-14T15:00:41.870Z
6,0x0004,17971,0x00000000,2025-12-14T15:00:41.870Z,2025-12-14T15:00:41.870Z
39,0x000a,-2.5029,0x00000000,2025-12-14T15:00:42.172Z,2025-12-14T15:00:42.172Z
38,0x000a,-1.80121,0x00000000,2025-12-14T15:00:42.172Z,2025-12-14T15:00:42.172Z
37,0x000a,-3.20096,0x00000000,2025-12-14T15:00:42.172Z,2025-12-14T15:00:42.172Z
36,0x000a,-1.98471,0x00000000,2025-12-14T15:00:42.172Z,2025-12-14T15:00:42.172Z
35,0x000a,-1.41199,0x00000000,2025-12-14T15:00:42.172Z,2025-12-14T15:00:42.172Z
34,0x000a,-2.61338,0x00000000,2025-12-14T15:00:42.172Z,2025-12-14T15:00:42.172Z
26,0x000a,8.46969,0x00000000,2025-12-14T15:00:42.172Z,2025-12-14T15:00:42.172Z
25,0x000a,7.8899,0x00000000,2025-12-14T15:00:42.172Z,2025-12-14T15:00:42.172Z
24,0x000a,5.64996,0x00000000,2025-12-14T15:00:42.172Z,2025-12-14T15:00:42.172Z
23,0x000a,-1.98471,0x00000000,2025-12-14T15:00:42.172Z,2025-12-14T15:00:42.172Z
22,0x000a,-1.41199,0x00000000,2025-12-14T15:00:42.172Z,2025-12-14T15:00:42.172Z
21,0x000a,-2.61338,0x00000000,2025-12-14T15:00:42.172Z,2025-12-14T15:00:42.172Z
8,0x0004,23417,0x00000000,2025-12-14T15:00:42.170Z,2025-12-14T15:00:42.170Z
7,0x0004,21814,0x00000000,2025-12-14T15:00:42.170Z,2025-12-14T15:00:42.170Z
6,0x0004,15621,0x00000000,2025-12-14T15:00:42.170Z,2025-12-14T15:00:42.170Z
39,0x000a,-4.10157,0x00000000,2025-12-14T15:00:42.473Z,2025-12-14T15:00:42.473Z
38,0x000a,-2.90075,0x00000000,2025-12-14T15:00:42.473Z,2025-12-14T15:00:42.473Z
37,0x000a,-5.29875,0x00000000,2025-12-14T15:00:42.473Z,2025-12-14T15:00:42.473Z
36,0x000a,-2.10989,0x00000000,2025-12-14T15:00:42.473Z,2025-12-14T15:00:42.473Z
35,0x000a,-1.52651,0x00000000,2025-12-14T15:00:42.473Z,2025-12-14T15:00:42.473Z
34,0x000a,-2.72694,0x00000000,2025-12-14T15:00:42.473Z,2025-12-14T15:00:42.473Z
26,0x000a,7.84975,0x00000000,2025-12-14T15:00:42.473Z,2025-12-14T15:00:42.473Z
25,0x000a,7.44973,0x00000000,2025-12-14T15:00:42.473Z,2025-12-14T15:00:42.473Z
24,0x000a,4.8499,0x00000000,2025-12-14T15:00:42.473Z,2025-12-14T15:00:42.473Z
23,0x000a,-2.10989,0x00000000,2025-12-14T15:00:42.473Z,2025-12-14T15:00:42.473Z
22,0x000a,-1.52651,0x00000000,2025-12-14T15:00:42.473Z,2025-12-14T15:00:42.473Z
21,0x000a,-2.72694,0x00000000,2025-12-14T15:00:42.473Z,2025-12-14T15:00:42.473Z
14,0x0001,false,0x00000000,2025-12-14T15:00:42.473Z,2025-12-14T15:00:42.473Z
8,0x0004,21703,0x00000000,2025-12-14T15:00:42.469Z,2025-12-14T15:00:42.469Z
7,0x0004,20597,0x00000000,2025-12-14T15:00:42.469Z,2025-12-14T15:00:42.469Z
6,0x0004,13409,0x00000000,2025-12-14T15:00:42.469Z,2025-12-14T15:00:42.469Z
39,0x000a,-2.10142,0x00000000,2025-12-14T15:00:42.771Z,2025-12-14T15:00:42.771Z
38,0x000a,-1.50101,0x00000000,2025-12-14T15:00:42.771Z,2025-12-14T15:00:42.771Z
37,0x000a,1.60229,0x00000000,2025-12-14T15:00:42.771Z,2025-12-14T15:00:42.771Z
36,0x000a,-2.52611,0x00000000,2025-12-14T15:00:42.771Z,2025-12-14T15:00:42.771Z
35,0x000a,-1.82836,0x00000000,2025-12-14T15:00:42.771Z,2025-12-14T15:00:42.771Z
34,0x000a,-1.40378,0x00000000,2025-12-14T15:00:42.771Z,2025-12-14T15:00:42.771Z
26,0x000a,7.18967,0x00000000,2025-12-14T15:00:42.771Z,2025-12-14T15:00:42.771Z
25,0x000a,6.96976,0x00000000,2025-12-14T15:00:42.771Z,2025-12-14T15:00:42.771Z
23,0x000a,-2.52611,0x00000000,2025-12-14T15:00:42.771Z,2025-12-14T15:00:42.771Z
22,0x000a,-1.82836,0x00000000,2025-12-14T15:00:42.771Z,2025-12-14T15:00:42.771Z
21,0x000a,-1.40378,0x00000000,2025-12-14T15:00:42.771Z,2025-12-14T15:00:42.771Z
8,0x0004,19878,0x00000000,2025-12-14T15:00:42.769Z,2025-12-14T15:00:42.769Z
7,0x0004,19270,0x00000000,2025-12-14T15:00:42.769Z,2025-12-14T15:00:42.769Z
39,0x000a,-2.0978,0x00000000,2025-12-14T15:00:43.071Z,2025-12-14T15:00:43.071Z
37,0x000a,1.00188,0x00000000,2025-12-14T15:00:43.071Z,2025-12-14T15:00:43.071Z
36,0x000a,-2.15695,0x00000000,2025-12-14T15:00:43.071Z,2025-12-14T15:00:43.071Z
35,0x000a,-1.53221,0x00000000,2025-12-14T15:00:43.071Z,2025-12-14T15:00:43.071Z
34,0x000a,1.39873,0x00000000,2025-12-14T15:00:43.071Z,2025-12-14T15:00:43.071Z
26,0x000a,6.57986,0x00000000,2025-12-14T15:00:43.071Z,2025-12-14T15:00:43.071Z
25,0x000a,6.52995,0x00000000,2025-12-14T15:00:43.071Z,2025-12-14T15:00:43.071Z
24,0x000a,5.21991,0x00000000,2025-12-14T15:00:43.071Z,2025-12-14T15:00:43.071Z
23,0x000a,-2.15695,0x00000000,2025-12-14T15:00:43.071Z,2025-12-14T15:00:43.071Z
22,0x000a,-1.53221,0x00000000,2025-12-14T15:00:43.071Z,2025-12-14T15:00:43.071Z
21,0x000a,1.39873,0x00000000,2025-12-14T15:00:43.071Z,2025-12-14T15:00:43.071Z
8,0x0004,18192,0x00000000,2025-12-14T15:00:43.070Z,2025-12-14T15:00:43.070Z
7,0x0004,18054,0x00000000,2025-12-14T15:00:43.070Z,2025-12-14T15:00:43.070Z
6,0x0004,14432,0x00000000,2025-12-14T15:00:43.070Z,2025-12-14T15:00:43.070Z
40,0x0001,true,0x00000000,2025-12-14T15:00:43.373Z,2025-12-14T15:00:43.373Z
39,0x000a,-2.10142,0x00000000,2025-12-14T15:00:43.373Z,2025-12-14T15:00:43.373Z
38,0x000a,-1.39974,0x00000000,2025-12-14T15:00:43.373Z,2025-12-14T15:00:43.373Z
37,0x000a,0,0x00000000,2025-12-14T15:00:43.373Z,2025-12-14T15:00:43.373Z
36,0x000a,-2.28152,0x00000000,2025-12-14T15:00:43.373Z,2025-12-14T15:00:43.373Z
35,0x000a,-1.65411,0x00000000,2025-12-14T15:00:43.373Z,2025-12-14T15:00:43.373Z
34,0x000a,0.300076,0x00000000,2025-12-14T15:00:43.373Z,2025-12-14T15:00:43.373Z
26,0x000a,5.91978,0x00000000,2025-12-14T15:00:43.373Z,2025-12-14T15:00:43.373Z
25,0x000a,6.05975,0x00000000,2025-12-14T15:00:43.373Z,2025-12-14T15:00:43.373Z
23,0x000a,-2.28152,0x00000000,2025-12-14T15:00:43.373Z,2025-12-14T15:00:43.373Z
22,0x000a,-1.65411,0x00000000,2025-12-14T15:00:43.373Z,2025-12-14T15:00:43.373Z
21,0x000a,0.300076,0x00000000,2025-12-14T15:00:43.373Z,2025-12-14T15:00:43.373Z
8,0x0004,16367,0x00000000,2025-12-14T15:00:43.369Z,2025-12-14T15:00:43.369Z
7,0x0004,16754,0x00000000,2025-12-14T15:00:43.369Z,2025-12-14T15:00:43.369Z
39,0x000a,-4.09794,0x00000000,2025-12-14T15:00:43.670Z,2025-12-14T15:00:43.670Z
38,0x000a,-2.99841,0x00000000,2025-12-14T15:00:43.670Z,2025-12-14T15:00:43.670Z
36,0x000a,-3.09688,0x00000000,2025-12-14T15:00:43.670Z,2025-12-14T15:00:43.670Z
35,0x000a,-2.25619,0x00000000,2025-12-14T15:00:43.670Z,2025-12-14T15:00:43.670Z
34,0x000a,0.0375095,0x00000000,2025-12-14T15:00:43.670Z,2025-12-14T15:00:43.670Z
26,0x000a,5.29984,0x00000000,2025-12-14T15:00:43.670Z,2025-12-14T15:00:43.670Z
25,0x000a,5.60981,0x00000000,2025-12-14T15:00:43.670Z,2025-12-14T15:00:43.670Z
23,0x000a,-3.09688,0x00000000,2025-12-14T15:00:43.670Z,2025-12-14T15:00:43.670Z
22,0x000a,-2.25619,0x00000000,2025-12-14T15:00:43.670Z,2025-12-14T15:00:43.670Z
21,0x000a,0.0375095,0x00000000,2025-12-14T15:00:43.670Z,2025-12-14T15:00:43.670Z
18,0x0001,false,0x00000000,2025-12-14T15:00:43.670Z,2025-12-14T15:00:43.670Z
8,0x0004,14653,0x00000000,2025-12-14T15:00:43.670Z,2025-12-14T15:00:43.670Z
7,0x0004,15510,0x00000000,2025-12-14T15:00:43.670Z,2025-12-14T15:00:43.670Z
39,0x000a,-1.29847,0x00000000,2025-12-14T15:00:43.971Z,2025-12-14T15:00:43.971Z
38,0x000a,-1.80121,0x00000000,2025-12-14T15:00:43.971Z,2025-12-14T15:00:43.971Z
36,0x000a,-2.29965,0x00000000,2025-12-14T15:00:43.971Z,2025-12-14T15:00:43.971Z
35,0x000a,-1.63917,0x00000000,2025-12-14T15:00:43.971Z,2025-12-14T15:00:43.971Z
34,0x000a,0.00937738,0x00000000,2025-12-14T15:00:43.971Z,2025-12-14T15:00:43.971Z
26,0x000a,4.96998,0x00000000,2025-12-14T15:00:43.971Z,2025-12-14T15:00:43.971Z
25,0x000a,5.28971,0x00000000,2025-12-14T15:00:43.971Z,2025-12-14T15:00:43.971Z
23,0x000a,-2.29965,0x00000000,2025-12-14T15:00:43.971Z,2025-12-14T15:00:43.971Z
22,0x000a,-1.63917,0x00000000,2025-12-14T15:00:43.971Z,2025-12-14T15:00:43.971Z
21,0x000a,0.00937738,0x00000000,2025-12-14T15:00:43.971Z,2025-12-14T15:00:43.971Z
16,0x0001,false,0x00000000,2025-12-14T15:00:43.971Z,2025-12-14T15:00:43.971Z
8,0x0004,13741,0x00000000,2025-12-14T15:00:43.971Z,2025-12-14T15:00:43.971Z
7,0x0004,14625,0x00000000,2025-12-14T15:00:43.971Z,2025-12-14T15:00:43.971Z
42,0x0001,true,0x00000000,2025-12-14T15:00:44.271Z,2025-12-14T15:00:44.271Z
39,0x000a,0,0x00000000,2025-12-14T15:00:44.271Z,2025-12-14T15:00:44.271Z
38,0x000a,0,0x00000000,2025-12-14T15:00:44.271Z,2025-12-14T15:00:44.271Z
36,0x000a,-0.449764,0x00000000,2025-12-14T15:00:44.271Z,2025-12-14T15:00:44.271Z
35,0x000a,-1.1046,0x00000000,2025-12-14T15:00:44.271Z,2025-12-14T15:00:44.271Z
34,0x000a,0.00117217,0x00000000,2025-12-14T15:00:44.271Z,2025-12-14T15:00:44.271Z
25,0x000a,5.07993,0x00000000,2025-12-14T15:00:44.271Z,2025-12-14T15:00:44.271Z
23,0x000a,-0.449764,0x00000000,2025-12-14T15:00:44.271Z,2025-12-14T15:00:44.271Z
22,0x000a,-1.1046,0x00000000,2025-12-14T15:00:44.271Z,2025-12-14T15:00:44.271Z
21,0x000a,0.00117217,0x00000000,2025-12-14T15:00:44.271Z,2025-12-14T15:00:44.271Z
7,0x0004,14045,0x00000000,2025-12-14T15:00:44.268Z,2025-12-14T15:00:44.268Z
42,0x0001,false,0x00000000,2025-12-14T15:00:44.570Z,2025-12-14T15:00:44.570Z
40,0x0001,false,0x00000000,2025-12-14T15:00:44.570Z,2025-12-14T15:00:44.570Z
36,0x000a,-0.112441,0x00000000,2025-12-14T15:00:44.570Z,2025-12-14T15:00:44.570Z
35,0x000a,-0.27615,0x00000000,2025-12-14T15:00:44.570Z,2025-12-14T15:00:44.570Z
34,0x000a,0.000293043,0x00000000,2025-12-14T15:00:44.570Z,2025-12-14T15:00:44.570Z
23,0x000a,-0.112441,0x00000000,2025-12-14T15:00:44.570Z,2025-12-14T15:00:44.570Z
22,0x000a,-0.27615,0x00000000,2025-12-14T15:00:44.570Z,2025-12-14T15:00:44.570Z
21,0x000a,0.000293043,0x00000000,2025-12-14T15:00:44.570Z,2025-12-14T15:00:44.570Z
18,0x0001,true,0x00000000,2025-12-14T15:00:44.570Z,2025-12-14T15:00:44.570Z
16,0x0001,true,0x00000000,2025-12-14T15:00:44.570Z,2025-12-14T15:00:44.570Z
14,0x0001,true,0x00000000,2025-12-14T15:00:44.570Z,2025-12-14T15:00:44.570Z
4,0x000a,0,0x00000000,2025-12-14T15:00:44.568Z,2025-12-14T15:00:44.568Z
3,0x000a,0,0x00000000,2025-12-14T15:00:44.568Z,2025-12-14T15:00:44.568Z
2,0x000a,0,0x00000000,2025-12-14T15:00:44.568Z,2025-12-14T15:00:44.568Z
39,0x000a,-2.10142,0x00000000,2025-12-14T15:00:44.872Z,2025-12-14T15:00:44.872Z
38,0x000a,-1.50102,0x00000000,2025-12-14T15:00:44.872Z,2025-12-14T15:00:44.872Z
37,0x000a,-2.70182,0x00000000,2025-12-14T15:00:44.872Z,2025-12-14T15:00:44.872Z
36,0x000a,-1.36497,0x00000000,2025-12-14T15:00:44.872Z,2025-12-14T15:00:44.872Z
35,0x000a,-1.18469,0x00000000,2025-12-14T15:00:44.872Z,2025-12-14T15:00:44.872Z
34,0x000a,-2.09957,0x00000000,2025-12-14T15:00:44.872Z,2025-12-14T15:00:44.872Z
26,0x000a,4.48966,0x00000000,2025-12-14T15:00:44.872Z,2025-12-14T15:00:44.872Z
25,0x000a,4.6998,0x00000000,2025-12-14T15:00:44.872Z,2025-12-14T15:00:44.872Z
24,0x000a,4.5298,0x00000000,2025-12-14T15:00:44.872Z,2025-12-14T15:00:44.872Z
23,0x000a,-1.36497,0x00000000,2025-12-14T15:00:44.872Z,2025-12-14T15:00:44.872Z
22,0x000a,-1.18469,0x00000000,2025-12-14T15:00:44.872Z,2025-12-14T15:00:44.872Z
21,0x000a,-2.09957,0x00000000,2025-12-14T15:00:44.872Z,2025-12-14T15:00:44.872Z
8,0x0004,12413,0x00000000,2025-12-14T15:00:44.868Z,2025-12-14T15:00:44.868Z
7,0x0004,12994,0x00000000,2025-12-14T15:00:44.868Z,2025-12-14T15:00:44.868Z
6,0x0004,12524,0x00000000,2025-12-14T15:00:44.868Z,2025-12-14T15:00:44.868Z
39,0x000a,-2.0978,0x00000000,2025-12-14T15:00:45.171Z,2025-12-14T15:00:45.171Z
37,0x000a,-2.6982,0x00000000,2025-12-14T15:00:45.171Z,2025-12-14T15:00:45.171Z
36,0x000a,-2.18297,0x00000000,2025-12-14T15:00:45.171Z,2025-12-14T15:00:45.171Z
35,0x000a,-1.60976,0x00000000,2025-12-14T15:00:45.171Z,2025-12-14T15:00:45.171Z
34,0x000a,-2.82638,0x00000000,2025-12-14T15:00:45.171Z,2025-12-14T15:00:45.171Z
26,0x000a,3.82993,0x00000000,2025-12-14T15:00:45.171Z,2025-12-14T15:00:45.171Z
25,0x000a,4.21983,0x00000000,2025-12-14T15:00:45.171Z,2025-12-14T15:00:45.171Z
24,0x000a,3.67983,0x00000000,2025-12-14T15:00:45.171Z,2025-12-14T15:00:45.171Z
23,0x000a,-2.18297,0x00000000,2025-12-14T15:00:45.171Z,2025-12-14T15:00:45.171Z
22,0x000a,-1.60976,0x00000000,2025-12-14T15:00:45.171Z,2025-12-14T15:00:45.171Z
21,0x000a,-2.82638,0x00000000,2025-12-14T15:00:45.171Z,2025-12-14T15:00:45.171Z
8,0x0004,10589,0x00000000,2025-12-14T15:00:45.168Z,2025-12-14T15:00:45.168Z
7,0x0004,11667,0x00000000,2025-12-14T15:00:45.168Z,2025-12-14T15:00:45.168Z
6,0x0004,10174,0x00000000,2025-12-14T15:00:45.168Z,2025-12-14T15:00:45.168Z
39,0x000a,-2.10142,0x00000000,2025-12-14T15:00:45.472Z,2025-12-14T15:00:45.472Z
38,0x000a,-1.50101,0x00000000,2025-12-14T15:00:45.472Z,2025-12-14T15:00:45.472Z
37,0x000a,-2.59693,0x00000000,2025-12-14T15:00:45.472Z,2025-12-14T15:00:45.472Z
36,0x000a,-2.07027,0x00000000,2025-12-14T15:00:45.472Z,2025-12-14T15:00:45.472Z
35,0x000a,-1.47756,0x00000000,2025-12-14T15:00:45.472Z,2025-12-14T15:00:45.472Z
34,0x000a,-2.73206,0x00000000,2025-12-14T15:00:45.472Z,2025-12-14T15:00:45.472Z
26,0x000a,3.21976,0x00000000,2025-12-14T15:00:45.472Z,2025-12-14T15:00:45.472Z
25,0x000a,3.77966,0x00000000,2025-12-14T15:00:45.472Z,2025-12-14T15:00:45.472Z
24,0x000a,2.87977,0x00000000,2025-12-14T15:00:45.472Z,2025-12-14T15:00:45.472Z
23,0x000a,-2.07027,0x00000000,2025-12-14T15:00:45.472Z,2025-12-14T15:00:45.472Z
22,0x000a,-1.47756,0x00000000,2025-12-14T15:00:45.472Z,2025-12-14T15:00:45.472Z
21,0x000a,-2.73206,0x00000000,2025-12-14T15:00:45.472Z,2025-12-14T15:00:45.472Z
8,0x0004,8902,0x00000000,2025-12-14T15:00:45.469Z,2025-12-14T15:00:45.469Z
7,0x0004,10450,0x00000000,2025-12-14T15:00:45.469Z,2025-12-14T15:00:45.469Z
6,0x0004,7962,0x00000000,2025-12-14T15:00:45.469Z,2025-12-14T15:00:45.469Z
39,0x000a,-2.40162,0x00000000,2025-12-14T15:00:45.771Z,2025-12-14T15:00:45.771Z
38,0x000a,-1.69994,0x00000000,2025-12-14T15:00:45.771Z,2025-12-14T15:00:45.771Z
37,0x000a,-3.19734,0x00000000,2025-12-14T15:00:45.771Z,2025-12-14T15:00:45.771Z
36,0x000a,-2.0704,0x00000000,2025-12-14T15:00:45.771Z,2025-12-14T15:00:45.771Z
35,0x000a,-1.49627,0x00000000,2025-12-14T15:00:45.771Z,2025-12-14T15:00:45.771Z
34,0x000a,-2.64185,0x00000000,2025-12-14T15:00:45.771Z,2025-12-14T15:00:45.771Z
26,0x000a,2.55968,0x00000000,2025-12-14T15:00:45.771Z,2025-12-14T15:00:45.771Z
25,0x000a,3.30982,0x00000000,2025-12-14T15:00:45.771Z,2025-12-14T15:00:45.771Z
24,0x000a,2.0298,0x00000000,2025-12-14T15:00:45.771Z,2025-12-14T15:00:45.771Z
23,0x000a,-2.0704,0x00000000,2025-12-14T15:00:45.771Z,2025-12-14T15:00:45.771Z
22,0x000a,-1.49627,0x00000000,2025-12-14T15:00:45.771Z,2025-12-14T15:00:45.771Z
21,0x000a,-2.64185,0x00000000,2025-12-14T15:00:45.771Z,2025-12-14T15:00:45.771Z
8,0x0004,7077,0x00000000,2025-12-14T15:00:45.769Z,2025-12-14T15:00:45.769Z
7,0x0004,9151,0x00000000,2025-12-14T15:00:45.769Z,2025-12-14T15:00:45.769Z
6,0x0004,5612,0x00000000,2025-12-14T15:00:45.769Z,2025-12-14T15:00:45.769Z
39,0x000a,-2.10142,0x00000000,2025-12-14T15:00:46.071Z,2025-12-14T15:00:46.071Z
38,0x000a,-1.50101,0x00000000,2025-12-14T15:00:46.071Z,2025-12-14T15:00:46.071Z
37,0x000a,-2.70182,0x00000000,2025-12-14T15:00:46.071Z,2025-12-14T15:00:46.071Z
36,0x000a,-2.63329,0x00000000,2025-12-14T15:00:46.071Z,2025-12-14T15:00:46.071Z
35,0x000a,-1.89873,0x00000000,2025-12-14T15:00:46.071Z,2025-12-14T15:00:46.071Z
34,0x000a,-3.40459,0x00000000,2025-12-14T15:00:46.071Z,2025-12-14T15:00:46.071Z
26,0x000a,1.93974,0x00000000,2025-12-14T15:00:46.071Z,2025-12-14T15:00:46.071Z
25,0x000a,2.85988,0x00000000,2025-12-14T15:00:46.071Z,2025-12-14T15:00:46.071Z
24,0x000a,1.22975,0x00000000,2025-12-14T15:00:46.071Z,2025-12-14T15:00:46.071Z
23,0x000a,-2.63329,0x00000000,2025-12-14T15:00:46.071Z,2025-12-14T15:00:46.071Z
22,0x000a,-1.89873,0x00000000,2025-12-14T15:00:46.071Z,2025-12-14T15:00:46.071Z
21,0x000a,-3.40459,0x00000000,2025-12-14T15:00:46.071Z,2025-12-14T15:00:46.071Z
8,0x0004,5363,0x00000000,2025-12-14T15:00:46.071Z,2025-12-14T15:00:46.071Z
7,0x0004,7907,0x00000000,2025-12-14T15:00:46.071Z,2025-12-14T15:00:46.071Z
6,0x0004,3400,0x00000000,2025-12-14T15:00:46.071Z,2025-12-14T15:00:46.071Z
39,0x000a,-2.0978,0x00000000,2025-12-14T15:00:46.370Z,2025-12-14T15:00:46.370Z
37,0x000a,-2.69821,0x00000000,2025-12-14T15:00:46.370Z,2025-12-14T15:00:46.370Z
36,0x000a,-2.18375,0x00000000,2025-12-14T15:00:46.370Z,2025-12-14T15:00:46.370Z
35,0x000a,-1.54981,0x00000000,2025-12-14T15:00:46.370Z,2025-12-14T15:00:46.370Z
34,0x000a,-2.82688,0x00000000,2025-12-14T15:00:46.370Z,2025-12-14T15:00:46.370Z
26,0x000a,1.28979,0x00000000,2025-12-14T15:00:46.370Z,2025-12-14T15:00:46.370Z
25,0x000a,2.38968,0x00000000,2025-12-14T15:00:46.370Z,2025-12-14T15:00:46.370Z
24,0x000a,0.379774,0x00000000,2025-12-14T15:00:46.370Z,2025-12-14T15:00:46.370Z
23,0x000a,-2.18375,0x00000000,2025-12-14T15:00:46.370Z,2025-12-14T15:00:46.370Z
22,0x000a,-1.54981,0x00000000,2025-12-14T15:00:46.370Z,2025-12-14T15:00:46.370Z
21,0x000a,-2.82688,0x00000000,2025-12-14T15:00:46.370Z,2025-12-14T15:00:46.370Z
8,0x0004,3566,0x00000000,2025-12-14T15:00:46.370Z,2025-12-14T15:00:46.370Z
7,0x0004,6607,0x00000000,2025-12-14T15:00:46.370Z,2025-12-14T15:00:46.370Z
6,0x0004,1050,0x00000000,2025-12-14T15:00:46.370Z,2025-12-14T15:00:46.370Z
39,0x000a,-1.99653,0x00000000,2025-12-14T15:00:46.671Z,2025-12-14T15:00:46.671Z
38,0x000a,-1.39974,0x00000000,2025-12-14T15:00:46.671Z,2025-12-14T15:00:46.671Z
37,0x000a,-1.19719,0x00000000,2025-12-14T15:00:46.671Z,2025-12-14T15:00:46.671Z
36,0x000a,-2.18631,0x00000000,2025-12-14T15:00:46.671Z,2025-12-14T15:00:46.671Z
35,0x000a,-1.58035,0x00000000,2025-12-14T15:00:46.671Z,2025-12-14T15:00:46.671Z
34,0x000a,-2.79115,0x00000000,2025-12-14T15:00:46.671Z,2025-12-14T15:00:46.671Z
28,0x0004,0,0x00000000,2025-12-14T15:00:46.671Z,2025-12-14T15:00:46.671Z
26,0x000a,0.66985,0x00000000,2025-12-14T15:00:46.671Z,2025-12-14T15:00:46.671Z
25,0x000a,1.94987,0x00000000,2025-12-14T15:00:46.671Z,2025-12-14T15:00:46.671Z
24,0x000a,0,0x00000000,2025-12-14T15:00:46.671Z,2025-12-14T15:00:46.671Z
23,0x000a,-2.18631,0x00000000,2025-12-14T15:00:46.671Z,2025-12-14T15:00:46.671Z
22,0x000a,-1.58035,0x00000000,2025-12-14T15:00:46.671Z,2025-12-14T15:00:46.671Z
21,0x000a,-2.79115,0x00000000,2025-12-14T15:00:46.671Z,2025-12-14T15:00:46.671Z
14,0x0001,false,0x00000000,2025-12-14T15:00:46.671Z,2025-12-14T15:00:46.671Z
8,0x0004,1852,0x00000000,2025-12-14T15:00:46.668Z,2025-12-14T15:00:46.668Z
7,0x0004,5391,0x00000000,2025-12-14T15:00:46.668Z,2025-12-14T15:00:46.668Z
6,0x0004,0,0x00000000,2025-12-14T15:00:46.668Z,2025-12-14T15:00:46.668Z
40,0x0001,true,0x00000000,2025-12-14T15:00:46.970Z,2025-12-14T15:00:46.970Z
39,0x000a,-2.49928,0x00000000,2025-12-14T15:00:46.970Z,2025-12-14T15:00:46.970Z
38,0x000a,-1.80122,0x00000000,2025-12-14T15:00:46.970Z,2025-12-14T15:00:46.970Z
37,0x000a,0,0x00000000,2025-12-14T15:00:46.970Z,2025-12-14T15:00:46.970Z
36,0x000a,-2.29785,0x00000000,2025-12-14T15:00:46.970Z,2025-12-14T15:00:46.970Z
35,0x000a,-1.64837,0x00000000,2025-12-14T15:00:46.970Z,2025-12-14T15:00:46.970Z
34,0x000a,-0.498543,0x00000000,2025-12-14T15:00:46.970Z,2025-12-14T15:00:46.970Z
26,0x000a,0.219907,0x00000000,2025-12-14T15:00:46.970Z,2025-12-14T15:00:46.970Z
25,0x000a,1.61965,0x00000000,2025-12-14T15:00:46.970Z,2025-12-14T15:00:46.970Z
23,0x000a,-2.29785,0x00000000,2025-12-14T15:00:46.970Z,2025-12-14T15:00:46.970Z
22,0x000a,-1.64837,0x00000000,2025-12-14T15:00:46.970Z,2025-12-14T15:00:46.970Z
21,0x000a,-0.498543,0x00000000,2025-12-14T15:00:46.970Z,2025-12-14T15:00:46.970Z
18,0x0001,false,0x00000000,2025-12-14T15:00:46.970Z,2025-12-14T15:00:46.970Z
8,0x0004,608,0x00000000,2025-12-14T15:00:46.968Z,2025-12-14T15:00:46.968Z
7,0x0004,4478,0x00000000,2025-12-14T15:00:46.968Z,2025-12-14T15:00:46.968Z
39,0x000a,0,0x00000000,2025-12-14T15:00:47.270Z,2025-12-14T15:00:47.270Z
38,0x000a,-1.50101,0x00000000,2025-12-14T15:00:47.270Z,2025-12-14T15:00:47.270Z
36,0x000a,-1.59985,0x00000000,2025-12-14T15:00:47.270Z,2025-12-14T15:00:47.270Z
35,0x000a,-1.86157,0x00000000,2025-12-14T15:00:47.270Z,2025-12-14T15:00:47.270Z
34,0x000a,-0.124636,0x00000000,2025-12-14T15:00:47.270Z,2025-12-14T15:00:47.270Z
26,0x000a,0.00976562,0x00000000,2025-12-14T15:00:47.270Z,2025-12-14T15:00:47.270Z
25,0x000a,1.17983,0x00000000,2025-12-14T15:00:47.270Z,2025-12-14T15:00:47.270Z
23,0x000a,-1.59985,0x00000000,2025-12-14T15:00:47.270Z,2025-12-14T15:00:47.270Z
22,0x000a,-1.86157,0x00000000,2025-12-14T15:00:47.270Z,2025-12-14T15:00:47.270Z
21,0x000a,-0.124636,0x00000000,2025-12-14T15:00:47.270Z,2025-12-14T15:00:47.270Z
8,0x0004,27,0x00000000,2025-12-14T15:00:47.268Z,2025-12-14T15:00:47.268Z
7,0x0004,3262,0x00000000,2025-12-14T15:00:47.268Z,2025-12-14T15:00:47.268Z
42,0x0001,true,0x00000000,2025-12-14T15:00:47.570Z,2025-12-14T15:00:47.570Z
38,0x000a,-1.40336,0x00000000,2025-12-14T15:00:47.570Z,2025-12-14T15:00:47.570Z
36,0x000a,-0.199982,0x00000000,2025-12-14T15:00:47.570Z,2025-12-14T15:00:47.570Z
35,0x000a,-1.54427,0x00000000,2025-12-14T15:00:47.570Z,2025-12-14T15:00:47.570Z
34,0x000a,-0.0155795,0x00000000,2025-12-14T15:00:47.570Z,2025-12-14T15:00:47.570Z
25,0x000a,0.739656,0x00000000,2025-12-14T15:00:47.570Z,2025-12-14T15:00:47.570Z
23,0x000a,-0.199982,0x00000000,2025-12-14T15:00:47.570Z,2025-12-14T15:00:47.570Z
22,0x000a,-1.54427,0x00000000,2025-12-14T15:00:47.570Z,2025-12-14T15:00:47.570Z
21,0x000a,-0.0155795,0x00000000,2025-12-14T15:00:47.570Z,2025-12-14T15:00:47.570Z
7,0x0004,2045,0x00000000,2025-12-14T15:00:47.570Z,2025-12-14T15:00:47.570Z
38,0x000a,-1.50101,0x00000000,2025-12-14T15:00:47.871Z,2025-12-14T15:00:47.871Z
36,0x000a,-0.0249977,0x00000000,2025-12-14T15:00:47.871Z,2025-12-14T15:00:47.871Z
35,0x000a,-1.56836,0x00000000,2025-12-14T15:00:47.871Z,2025-12-14T15:00:47.871Z
34,0x000a,-0.00194743,0x00000000,2025-12-14T15:00:47.871Z,2025-12-14T15:00:47.871Z
25,0x000a,0.259693,0x00000000,2025-12-14T15:00:47.871Z,2025-12-14T15:00:47.871Z
23,0x000a,-0.0249977,0x00000000,2025-12-14T15:00:47.871Z,2025-12-14T15:00:47.871Z
22,0x000a,-1.56836,0x00000000,2025-12-14T15:00:47.871Z,2025-12-14T15:00:47.871Z
21,0x000a,-0.00194743,0x00000000,2025-12-14T15:00:47.871Z,2025-12-14T15:00:47.871Z
16,0x0001,false,0x00000000,2025-12-14T15:00:47.871Z,2025-12-14T15:00:47.871Z
7,0x0004,718,0x00000000,2025-12-14T15:00:47.871Z,2025-12-14T15:00:47.871Z
38,0x000a,-0.802951,0x00000000,2025-12-14T15:00:48.173Z,2025-12-14T15:00:48.173Z
36,0x000a,-0.00624942,0x00000000,2025-12-14T15:00:48.173Z,2025-12-14T15:00:48.173Z
35,0x000a,-1.51604,0x00000000,2025-12-14T15:00:48.173Z,2025-12-14T15:00:48.173Z
34,0x000a,-0.000486858,0x00000000,2025-12-14T15:00:48.173Z,2025-12-14T15:00:48.173Z
25,0x000a,0.0296586,0x00000000,2025-12-14T15:00:48.173Z,2025-12-14T15:00:48.173Z
23,0x000a,-0.00624942,0x00000000,2025-12-14T15:00:48.173Z,2025-12-14T15:00:48.173Z
22,0x000a,-1.51604,0x00000000,2025-12-14T15:00:48.173Z,2025-12-14T15:00:48.173Z
21,0x000a,-0.000486858,0x00000000,2025-12-14T15:00:48.173Z,2025-12-14T15:00:48.173Z
7,0x0004,82,0x00000000,2025-12-14T15:00:48.167Z,2025-12-14T15:00:48.167Z
42,0x0001,false,0x00000000,2025-12-14T15:00:48.471Z,2025-12-14T15:00:48.471Z
40,0x0001,false,0x00000000,2025-12-14T15:00:48.471Z,2025-12-14T15:00:48.471Z
38,0x000a,0,0x00000000,2025-12-14T15:00:48.471Z,2025-12-14T15:00:48.471Z
36,0x000a,-0.000781178,0x00000000,2025-12-14T15:00:48.471Z,2025-12-14T15:00:48.471Z
35,0x000a,-0.289874,0x00000000,2025-12-14T15:00:48.471Z,2025-12-14T15:00:48.471Z
34,0x000a,-6.08573e-05,0x00000000,2025-12-14T15:00:48.471Z,2025-12-14T15:00:48.471Z
23,0x000a,-0.000781178,0x00000000,2025-12-14T15:00:48.471Z,2025-12-14T15:00:48.471Z
22,0x000a,-0.289874,0x00000000,2025-12-14T15:00:48.471Z,2025-12-14T15:00:48.471Z
21,0x000a,-6.08573e-05,0x00000000,2025-12-14T15:00:48.471Z,2025-12-14T15:00:48.471Z
17,0x0001,true,0x00000000,2025-12-14T15:00:48.471Z,2025-12-14T15:00:48.471Z
15,0x0001,true,0x00000000,2025-12-14T15:00:48.471Z,2025-12-14T15:00:48.471Z
13,0x0001,true,0x00000000,2025-12-14T15:00:48.471Z,2025-12-14T15:00:48.471Z
4,0x000a,10,0x00000000,2025-12-14T15:00:48.469Z,2025-12-14T15:00:48.469Z
3,0x000a,9,0x00000000,2025-12-14T15:00:48.469Z,2025-12-14T15:00:48.469Z
2,0x000a,8,0x00000000,2025-12-14T15:00:48.469Z,2025-12-14T15:00:48.469Z
39,0x000a,2.398,0x00000000,2025-12-14T15:00:48.770Z,2025-12-14T15:00:48.770Z
38,0x000a,1.69994,0x00000000,2025-12-14T15:00:48.770Z,2025-12-14T15:00:48.770Z
37,0x000a,3.19734,0x00000000,2025-12-14T15:00:48.770Z,2025-12-14T15:00:48.770Z
36,0x000a,0.200543,0x00000000,2025-12-14T15:00:48.770Z,2025-12-14T15:00:48.770Z
35,0x000a,0.227734,0x00000000,2025-12-14T15:00:48.770Z,2025-12-14T15:00:48.770Z
34,0x000a,0.549753,0x00000000,2025-12-14T15:00:48.770Z,2025-12-14T15:00:48.770Z
28,0x0004,1000,0x00000000,2025-12-14T15:00:48.770Z,2025-12-14T15:00:48.770Z
26,0x000a,0.499855,0x00000000,2025-12-14T15:00:48.770Z,2025-12-14T15:00:48.770Z
25,0x000a,0.409795,0x00000000,2025-12-14T15:00:48.770Z,2025-12-14T15:00:48.770Z
24,0x000a,0.69987,0x00000000,2025-12-14T15:00:48.770Z,2025-12-14T15:00:48.770Z
23,0x000a,0.200543,0x00000000,2025-12-14T15:00:48.770Z,2025-12-14T15:00:48.770Z
22,0x000a,0.227734,0x00000000,2025-12-14T15:00:48.770Z,2025-12-14T15:00:48.770Z
21,0x000a,0.549753,0x00000000,2025-12-14T15:00:48.770Z,2025-12-14T15:00:48.770Z
8,0x0004,1382,0x00000000,2025-12-14T15:00:48.768Z,2025-12-14T15:00:48.768Z
7,0x0004,1133,0x00000000,2025-12-14T15:00:48.768Z,2025-12-14T15:00:48.768Z
6,0x0004,1935,0x00000000,2025-12-14T15:00:48.768Z,2025-12-14T15:00:48.768Z
39,0x000a,2.0978,0x00000000,2025-12-14T15:00:49.071Z,2025-12-14T15:00:49.071Z
38,0x000a,1.50101,0x00000000,2025-12-14T15:00:49.071Z,2025-12-14T15:00:49.071Z
37,0x000a,2.60055,0x00000000,2025-12-14T15:00:49.071Z,2025-12-14T15:00:49.071Z
36,0x000a,1.85024,0x00000000,2025-12-14T15:00:49.071Z,2025-12-14T15:00:49.071Z
35,0x000a,1.36672,0x00000000,2025-12-14T15:00:49.071Z,2025-12-14T15:00:49.071Z
34,0x000a,2.49295,0x00000000,2025-12-14T15:00:49.071Z,2025-12-14T15:00:49.071Z
26,0x000a,1.10966,0x00000000,2025-12-14T15:00:49.071Z,2025-12-14T15:00:49.071Z
25,0x000a,0.849971,0x00000000,2025-12-14T15:00:49.071Z,2025-12-14T15:00:49.071Z
24,0x000a,1.49993,0x00000000,2025-12-14T15:00:49.071Z,2025-12-14T15:00:49.071Z
23,0x000a,1.85024,0x00000000,2025-12-14T15:00:49.071Z,2025-12-14T15:00:49.071Z
22,0x000a,1.36672,0x00000000,2025-12-14T15:00:49.071Z,2025-12-14T15:00:49.071Z
21,0x000a,2.49295,0x00000000,2025-12-14T15:00:49.071Z,2025-12-14T15:00:49.071Z
8,0x0004,3068,0x00000000,2025-12-14T15:00:49.071Z,2025-12-14T15:00:49.071Z
7,0x0004,2350,0x00000000,2025-12-14T15:00:49.071Z,2025-12-14T15:00:49.071Z
6,0x0004,4147,0x00000000,2025-12-14T15:00:49.071Z,2025-12-14T15:00:49.071Z
39,0x000a,2.10142,0x00000000,2025-12-14T15:00:49.371Z,2025-12-14T15:00:49.371Z
37,0x000a,2.70182,0x00000000,2025-12-14T15:00:49.371Z,2025-12-14T15:00:49.371Z
36,0x000a,3.04432,0x00000000,2025-12-14T15:00:49.371Z,2025-12-14T15:00:49.371Z
35,0x000a,2.20761,0x00000000,2025-12-14T15:00:49.371Z,2025-12-14T15:00:49.371Z
34,0x000a,3.96152,0x00000000,2025-12-14T15:00:49.371Z,2025-12-14T15:00:49.371Z
26,0x000a,1.72996,0x00000000,2025-12-14T15:00:49.371Z,2025-12-14T15:00:49.371Z
25,0x000a,1.29991,0x00000000,2025-12-14T15:00:49.371Z,2025-12-14T15:00:49.371Z
24,0x000a,2.29999,0x00000000,2025-12-14T15:00:49.371Z,2025-12-14T15:00:49.371Z
23,0x000a,3.04432,0x00000000,2025-12-14T15:00:49.371Z,2025-12-14T15:00:49.371Z
22,0x000a,2.20761,0x00000000,2025-12-14T15:00:49.371Z,2025-12-14T15:00:49.371Z
21,0x000a,3.96152,0x00000000,2025-12-14T15:00:49.371Z,2025-12-14T15:00:49.371Z
8,0x0004,4783,0x00000000,2025-12-14T15:00:49.371Z,2025-12-14T15:00:49.371Z
7,0x0004,3594,0x00000000,2025-12-14T15:00:49.371Z,2025-12-14T15:00:49.371Z
6,0x0004,6359,0x00000000,2025-12-14T15:00:49.371Z,2025-12-14T15:00:49.371Z
38,0x000a,1.4974,0x00000000,2025-12-14T15:00:49.673Z,2025-12-14T15:00:49.673Z
37,0x000a,2.69821,0x00000000,2025-12-14T15:00:49.673Z,2025-12-14T15:00:49.673Z
36,0x000a,2.48544,0x00000000,2025-12-14T15:00:49.673Z,2025-12-14T15:00:49.673Z
35,0x000a,1.77713,0x00000000,2025-12-14T15:00:49.673Z,2025-12-14T15:00:49.673Z
34,0x000a,3.21568,0x00000000,2025-12-14T15:00:49.673Z,2025-12-14T15:00:49.673Z
26,0x000a,2.38968,0x00000000,2025-12-14T15:00:49.673Z,2025-12-14T15:00:49.673Z
25,0x000a,1.76975,0x00000000,2025-12-14T15:00:49.673Z,2025-12-14T15:00:49.673Z
24,0x000a,3.14996,0x00000000,2025-12-14T15:00:49.673Z,2025-12-14T15:00:49.673Z
23,0x000a,2.48544,0x00000000,2025-12-14T15:00:49.673Z,2025-12-14T15:00:49.673Z
22,0x000a,1.77713,0x00000000,2025-12-14T15:00:49.673Z,2025-12-14T15:00:49.673Z
21,0x000a,3.21568,0x00000000,2025-12-14T15:00:49.673Z,2025-12-14T15:00:49.673Z
8,0x0004,6607,0x00000000,2025-12-14T15:00:49.671Z,2025-12-14T15:00:49.671Z
7,0x0004,4893,0x00000000,2025-12-14T15:00:49.671Z,2025-12-14T15:00:49.671Z
6,0x0004,8709,0x00000000,2025-12-14T15:00:49.671Z,2025-12-14T15:00:49.671Z
39,0x000a,2.50289,0x00000000,2025-12-14T15:00:49.970Z,2025-12-14T15:00:49.970Z
38,0x000a,1.80122,0x00000000,2025-12-14T15:00:49.970Z,2025-12-14T15:00:49.970Z
37,0x000a,3.20096,0x00000000,2025-12-14T15:00:49.970Z,2025-12-14T15:00:49.970Z
36,0x000a,2.09788,0x00000000,2025-12-14T15:00:49.970Z,2025-12-14T15:00:49.970Z
35,0x000a,1.53507,0x00000000,2025-12-14T15:00:49.970Z,2025-12-14T15:00:49.970Z
34,0x000a,2.71316,0x00000000,2025-12-14T15:00:49.970Z,2025-12-14T15:00:49.970Z
26,0x000a,2.83999,0x00000000,2025-12-14T15:00:49.970Z,2025-12-14T15:00:49.970Z
25,0x000a,2.09997,0x00000000,2025-12-14T15:00:49.970Z,2025-12-14T15:00:49.970Z
24,0x000a,3.72975,0x00000000,2025-12-14T15:00:49.970Z,2025-12-14T15:00:49.970Z
23,0x000a,2.09788,0x00000000,2025-12-14T15:00:49.970Z,2025-12-14T15:00:49.970Z
22,0x000a,1.53507,0x00000000,2025-12-14T15:00:49.970Z,2025-12-14T15:00:49.970Z
21,0x000a,2.71316,0x00000000,2025-12-14T15:00:49.970Z,2025-12-14T15:00:49.970Z
8,0x0004,7852,0x00000000,2025-12-14T15:00:49.970Z,2025-12-14T15:00:49.970Z
7,0x0004,5806,0x00000000,2025-12-14T15:00:49.970Z,2025-12-14T15:00:49.970Z
6,0x0004,10312,0x00000000,2025-12-14T15:00:49.970Z,2025-12-14T15:00:49.970Z
39,0x000a,2.00014,0x00000000,2025-12-14T15:00:50.272Z,2025-12-14T15:00:50.272Z
38,0x000a,1.50101,0x00000000,2025-12-14T15:00:50.272Z,2025-12-14T15:00:50.272Z
37,0x000a,2.69821,0x00000000,2025-12-14T15:00:50.272Z,2025-12-14T15:00:50.272Z
36,0x000a,2.12494,0x00000000,2025-12-14T15:00:50.272Z,2025-12-14T15:00:50.272Z
35,0x000a,1.51567,0x00000000,2025-12-14T15:00:50.272Z,2025-12-14T15:00:50.272Z
34,0x000a,2.71499,0x00000000,2025-12-14T15:00:50.272Z,2025-12-14T15:00:50.272Z
26,0x000a,3.4498,0x00000000,2025-12-14T15:00:50.272Z,2025-12-14T15:00:50.272Z
25,0x000a,2.53979,0x00000000,2025-12-14T15:00:50.272Z,2025-12-14T15:00:50.272Z
24,0x000a,4.5298,0x00000000,2025-12-14T15:00:50.272Z,2025-12-14T15:00:50.272Z
23,0x000a,2.12494,0x00000000,2025-12-14T15:00:50.272Z,2025-12-14T15:00:50.272Z
22,0x000a,1.51567,0x00000000,2025-12-14T15:00:50.272Z,2025-12-14T15:00:50.272Z
21,0x000a,2.71499,0x00000000,2025-12-14T15:00:50.272Z,2025-12-14T15:00:50.272Z
8,0x0004,9538,0x00000000,2025-12-14T15:00:50.268Z,2025-12-14T15:00:50.268Z
7,0x0004,7022,0x00000000,2025-12-14T15:00:50.268Z,2025-12-14T15:00:50.268Z
6,0x0004,12524,0x00000000,2025-12-14T15:00:50.268Z,2025-12-14T15:00:50.268Z
39,0x000a,2.0978,0x00000000,2025-12-14T15:00:50.571Z,2025-12-14T15:00:50.571Z
37,0x000a,2.70183,0x00000000,2025-12-14T15:00:50.571Z,2025-12-14T15:00:50.571Z
36,0x000a,3.08205,0x00000000,2025-12-14T15:00:50.571Z,2025-12-14T15:00:50.571Z
35,0x000a,2.20455,0x00000000,2025-12-14T15:00:50.571Z,2025-12-14T15:00:50.571Z
34,0x000a,4.00268,0x00000000,2025-12-14T15:00:50.571Z,2025-12-14T15:00:50.571Z
26,0x000a,4.06973,0x00000000,2025-12-14T15:00:50.571Z,2025-12-14T15:00:50.571Z
25,0x000a,2.97996,0x00000000,2025-12-14T15:00:50.571Z,2025-12-14T15:00:50.571Z
24,0x000a,5.32986,0x00000000,2025-12-14T15:00:50.571Z,2025-12-14T15:00:50.571Z
23,0x000a,3.08205,0x00000000,2025-12-14T15:00:50.571Z,2025-12-14T15:00:50.571Z
22,0x000a,2.20455,0x00000000,2025-12-14T15:00:50.571Z,2025-12-14T15:00:50.571Z
21,0x000a,4.00268,0x00000000,2025-12-14T15:00:50.571Z,2025-12-14T15:00:50.571Z
8,0x0004,11252,0x00000000,2025-12-14T15:00:50.568Z,2025-12-14T15:00:50.568Z
7,0x0004,8239,0x00000000,2025-12-14T15:00:50.568Z,2025-12-14T15:00:50.568Z
6,0x0004,14736,0x00000000,2025-12-14T15:00:50.568Z,2025-12-14T15:00:50.568Z
39,0x000a,2.10142,0x00000000,2025-12-14T15:00:50.873Z,2025-12-14T15:00:50.873Z
37,0x000a,2.70182,0x00000000,2025-12-14T15:00:50.873Z,2025-12-14T15:00:50.873Z
36,0x000a,2.37184,0x00000000,2025-12-14T15:00:50.873Z,2025-12-14T15:00:50.873Z
35,0x000a,1.73815,0x00000000,2025-12-14T15:00:50.873Z,2025-12-14T15:00:50.873Z
34,0x000a,3.08687,0x00000000,2025-12-14T15:00:50.873Z,2025-12-14T15:00:50.873Z
26,0x000a,4.72982,0x00000000,2025-12-14T15:00:50.873Z,2025-12-14T15:00:50.873Z
25,0x000a,3.45992,0x00000000,2025-12-14T15:00:50.873Z,2025-12-14T15:00:50.873Z
24,0x000a,6.17983,0x00000000,2025-12-14T15:00:50.873Z,2025-12-14T15:00:50.873Z
23,0x000a,2.37184,0x00000000,2025-12-14T15:00:50.873Z,2025-12-14T15:00:50.873Z
22,0x000a,1.73815,0x00000000,2025-12-14T15:00:50.873Z,2025-12-14T15:00:50.873Z
21,0x000a,3.08687,0x00000000,2025-12-14T15:00:50.873Z,2025-12-14T15:00:50.873Z
8,0x0004,13077,0x00000000,2025-12-14T15:00:50.869Z,2025-12-14T15:00:50.869Z
7,0x0004,9566,0x00000000,2025-12-14T15:00:50.869Z,2025-12-14T15:00:50.869Z
6,0x0004,17086,0x00000000,2025-12-14T15:00:50.869Z,2025-12-14T15:00:50.869Z
38,0x000a,1.50101,0x00000000,2025-12-14T15:00:51.172Z,2025-12-14T15:00:51.172Z
37,0x000a,2.69821,0x00000000,2025-12-14T15:00:51.172Z,2025-12-14T15:00:51.172Z
36,0x000a,2.1099,0x00000000,2025-12-14T15:00:51.172Z,2025-12-14T15:00:51.172Z
35,0x000a,1.50534,0x00000000,2025-12-14T15:00:51.172Z,2025-12-14T15:00:51.172Z
34,0x000a,2.72283,0x00000000,2025-12-14T15:00:51.172Z,2025-12-14T15:00:51.172Z
26,0x000a,5.33999,0x00000000,2025-12-14T15:00:51.172Z,2025-12-14T15:00:51.172Z
25,0x000a,3.89974,0x00000000,2025-12-14T15:00:51.172Z,2025-12-14T15:00:51.172Z
24,0x000a,6.96976,0x00000000,2025-12-14T15:00:51.172Z,2025-12-14T15:00:51.172Z
23,0x000a,2.1099,0x00000000,2025-12-14T15:00:51.172Z,2025-12-14T15:00:51.172Z
22,0x000a,1.50534,0x00000000,2025-12-14T15:00:51.172Z,2025-12-14T15:00:51.172Z
21,0x000a,2.72283,0x00000000,2025-12-14T15:00:51.172Z,2025-12-14T15:00:51.172Z
8,0x0004,14764,0x00000000,2025-12-14T15:00:51.168Z,2025-12-14T15:00:51.168Z
7,0x0004,10782,0x00000000,2025-12-14T15:00:51.168Z,2025-12-14T15:00:51.168Z
6,0x0004,19270,0x00000000,2025-12-14T15:00:51.168Z,2025-12-14T15:00:51.168Z
39,0x000a,2.00015,0x00000000,2025-12-14T15:00:51.471Z,2025-12-14T15:00:51.471Z
38,0x000a,1.39974,0x00000000,2025-12-14T15:00:51.471Z,2025-12-14T15:00:51.471Z
36,0x000a,2.07641,0x00000000,2025-12-14T15:00:51.471Z,2025-12-14T15:00:51.471Z
35,0x000a,1.50119,0x00000000,2025-12-14T15:00:51.471Z,2025-12-14T15:00:51.471Z
34,0x000a,2.68176,0x00000000,2025-12-14T15:00:51.471Z,2025-12-14T15:00:51.471Z
26,0x000a,5.99971,0x00000000,2025-12-14T15:00:51.471Z,2025-12-14T15:00:51.471Z
25,0x000a,4.36994,0x00000000,2025-12-14T15:00:51.471Z,2025-12-14T15:00:51.471Z
24,0x000a,7.82986,0x00000000,2025-12-14T15:00:51.471Z,2025-12-14T15:00:51.471Z
23,0x000a,2.07641,0x00000000,2025-12-14T15:00:51.471Z,2025-12-14T15:00:51.471Z
22,0x000a,1.50119,0x00000000,2025-12-14T15:00:51.471Z,2025-12-14T15:00:51.471Z
21,0x000a,2.68176,0x00000000,2025-12-14T15:00:51.471Z,2025-12-14T15:00:51.471Z
13,0x0001,false,0x00000000,2025-12-14T15:00:51.471Z,2025-12-14T15:00:51.471Z
8,0x0004,16588,0x00000000,2025-12-14T15:00:51.468Z,2025-12-14T15:00:51.468Z
7,0x0004,12082,0x00000000,2025-12-14T15:00:51.468Z,2025-12-14T15:00:51.468Z
6,0x0004,21648,0x00000000,2025-12-14T15:00:51.468Z,2025-12-14T15:00:51.468Z
39,0x000a,2.0978,0x00000000,2025-12-14T15:00:51.770Z,2025-12-14T15:00:51.770Z
38,0x000a,1.50102,0x00000000,2025-12-14T15:00:51.770Z,2025-12-14T15:00:51.770Z
37,0x000a,0,0x00000000,2025-12-14T15:00:51.770Z,2025-12-14T15:00:51.770Z
36,0x000a,2.65982,0x00000000,2025-12-14T15:00:51.770Z,2025-12-14T15:00:51.770Z
35,0x000a,1.93777,0x00000000,2025-12-14T15:00:51.770Z,2025-12-14T15:00:51.770Z
34,0x000a,2.9222,0x00000000,2025-12-14T15:00:51.770Z,2025-12-14T15:00:51.770Z
26,0x000a,6.61965,0x00000000,2025-12-14T15:00:51.770Z,2025-12-14T15:00:51.770Z
25,0x000a,4.81988,0x00000000,2025-12-14T15:00:51.770Z,2025-12-14T15:00:51.770Z
24,0x000a,8.24978,0x00000000,2025-12-14T15:00:51.770Z,2025-12-14T15:00:51.770Z
23,0x000a,2.65982,0x00000000,2025-12-14T15:00:51.770Z,2025-12-14T15:00:51.770Z
22,0x000a,1.93777,0x00000000,2025-12-14T15:00:51.770Z,2025-12-14T15:00:51.770Z
21,0x000a,2.9222,0x00000000,2025-12-14T15:00:51.770Z,2025-12-14T15:00:51.770Z
8,0x0004,18302,0x00000000,2025-12-14T15:00:51.770Z,2025-12-14T15:00:51.770Z
7,0x0004,13326,0x00000000,2025-12-14T15:00:51.770Z,2025-12-14T15:00:51.770Z
6,0x0004,22809,0x00000000,2025-12-14T15:00:51.770Z,2025-12-14T15:00:51.770Z
40,0x0001,true,0x00000000,2025-12-14T15:00:52.071Z,2025-12-14T15:00:52.071Z
39,0x000a,2.50289,0x00000000,2025-12-14T15:00:52.071Z,2025-12-14T15:00:52.071Z
38,0x000a,1.80121,0x00000000,2025-12-14T15:00:52.071Z,2025-12-14T15:00:52.071Z
36,0x000a,2.18948,0x00000000,2025-12-14T15:00:52.071Z,2025-12-14T15:00:52.071Z
35,0x000a,1.55957,0x00000000,2025-12-14T15:00:52.071Z,2025-12-14T15:00:52.071Z
34,0x000a,0.730551,0x00000000,2025-12-14T15:00:52.071Z,2025-12-14T15:00:52.071Z
26,0x000a,7.26997,0x00000000,2025-12-14T15:00:52.071Z,2025-12-14T15:00:52.071Z
25,0x000a,5.28971,0x00000000,2025-12-14T15:00:52.071Z,2025-12-14T15:00:52.071Z
23,0x000a,2.18948,0x00000000,2025-12-14T15:00:52.071Z,2025-12-14T15:00:52.071Z
22,0x000a,1.55957,0x00000000,2025-12-14T15:00:52.071Z,2025-12-14T15:00:52.071Z
21,0x000a,0.730551,0x00000000,2025-12-14T15:00:52.071Z,2025-12-14T15:00:52.071Z
8,0x0004,20100,0x00000000,2025-12-14T15:00:52.068Z,2025-12-14T15:00:52.068Z
7,0x0004,14625,0x00000000,2025-12-14T15:00:52.068Z,2025-12-14T15:00:52.068Z
39,0x000a,2.00014,0x00000000,2025-12-14T15:00:52.370Z,2025-12-14T15:00:52.370Z
38,0x000a,1.39974,0x00000000,2025-12-14T15:00:52.370Z,2025-12-14T15:00:52.370Z
36,0x000a,2.13548,0x00000000,2025-12-14T15:00:52.370Z,2025-12-14T15:00:52.370Z
35,0x000a,1.54495,0x00000000,2025-12-14T15:00:52.370Z,2025-12-14T15:00:52.370Z
34,0x000a,0.0913189,0x00000000,2025-12-14T15:00:52.370Z,2025-12-14T15:00:52.370Z
26,0x000a,7.8899,0x00000000,2025-12-14T15:00:52.370Z,2025-12-14T15:00:52.370Z
25,0x000a,5.72989,0x00000000,2025-12-14T15:00:52.370Z,2025-12-14T15:00:52.370Z
23,0x000a,2.13548,0x00000000,2025-12-14T15:00:52.370Z,2025-12-14T15:00:52.370Z
22,0x000a,1.54495,0x00000000,2025-12-14T15:00:52.370Z,2025-12-14T15:00:52.370Z
21,0x000a,0.0913189,0x00000000,2025-12-14T15:00:52.370Z,2025-12-14T15:00:52.370Z
8,0x0004,21814,0x00000000,2025-12-14T15:00:52.370Z,2025-12-14T15:00:52.370Z
7,0x0004,15842,0x00000000,2025-12-14T15:00:52.370Z,2025-12-14T15:00:52.370Z
39,0x000a,4.50303,0x00000000,2025-12-14T15:00:52.671Z,2025-12-14T15:00:52.671Z
38,0x000a,3.29861,0x00000000,2025-12-14T15:00:52.671Z,2025-12-14T15:00:52.671Z
36,0x000a,2.09121,0x00000000,2025-12-14T15:00:52.671Z,2025-12-14T15:00:52.671Z
35,0x000a,1.49385,0x00000000,2025-12-14T15:00:52.671Z,2025-12-14T15:00:52.671Z
34,0x000a,0.0114149,0x00000000,2025-12-14T15:00:52.671Z,2025-12-14T15:00:52.671Z
26,0x000a,8.54998,0x00000000,2025-12-14T15:00:52.671Z,2025-12-14T15:00:52.671Z
25,0x000a,6.20985,0x00000000,2025-12-14T15:00:52.671Z,2025-12-14T15:00:52.671Z
23,0x000a,2.09121,0x00000000,2025-12-14T15:00:52.671Z,2025-12-14T15:00:52.671Z
22,0x000a,1.49385,0x00000000,2025-12-14T15:00:52.671Z,2025-12-14T15:00:52.671Z
21,0x000a,0.0114149,0x00000000,2025-12-14T15:00:52.671Z,2025-12-14T15:00:52.671Z
8,0x0004,23639,0x00000000,2025-12-14T15:00:52.671Z,2025-12-14T15:00:52.671Z
7,0x0004,17169,0x00000000,2025-12-14T15:00:52.671Z,2025-12-14T15:00:52.671Z
39,0x000a,2.0978,0x00000000,2025-12-14T15:00:52.971Z,2025-12-14T15:00:52.971Z
38,0x000a,1.50101,0x00000000,2025-12-14T15:00:52.971Z,2025-12-14T15:00:52.971Z
36,0x000a,2.64864,0x00000000,2025-12-14T15:00:52.971Z,2025-12-14T15:00:52.971Z
35,0x000a,1.89798,0x00000000,2025-12-14T15:00:52.971Z,2025-12-14T15:00:52.971Z
34,0x000a,0.00285371,0x00000000,2025-12-14T15:00:52.971Z,2025-12-14T15:00:52.971Z
26,0x000a,9.15979,0x00000000,2025-12-14T15:00:52.971Z,2025-12-14T15:00:52.971Z
25,0x000a,6.64967,0x00000000,2025-12-14T15:00:52.971Z,2025-12-14T15:00:52.971Z
23,0x000a,2.64864,0x00000000,2025-12-14T15:00:52.971Z,2025-12-14T15:00:52.971Z
22,0x000a,1.89798,0x00000000,2025-12-14T15:00:52.971Z,2025-12-14T15:00:52.971Z
21,0x000a,0.00285371,0x00000000,2025-12-14T15:00:52.971Z,2025-12-14T15:00:52.971Z
8,0x0004,25325,0x00000000,2025-12-14T15:00:52.969Z,2025-12-14T15:00:52.969Z
7,0x0004,18385,0x00000000,2025-12-14T15:00:52.969Z,2025-12-14T15:00:52.969Z
39,0x000a,2.49928,0x00000000,2025-12-14T15:00:53.270Z,2025-12-14T15:00:53.270Z
38,0x000a,1.69994,0x00000000,2025-12-14T15:00:53.270Z,2025-12-14T15:00:53.270Z
36,0x000a,2.14405,0x00000000,2025-12-14T15:00:53.270Z,2025-12-14T15:00:53.270Z
35,0x000a,1.54973,0x00000000,2025-12-14T15:00:53.270Z,2025-12-14T15:00:53.270Z
34,0x000a,0.000356714,0x00000000,2025-12-14T15:00:53.270Z,2025-12-14T15:00:53.270Z
26,0x000a,9.61986,0x00000000,2025-12-14T15:00:53.270Z,2025-12-14T15:00:53.270Z
25,0x000a,6.96976,0x00000000,2025-12-14T15:00:53.270Z,2025-12-14T15:00:53.270Z
23,0x000a,2.14405,0x00000000,2025-12-14T15:00:53.270Z,2025-12-14T15:00:53.270Z
22,0x000a,1.54973,0x00000000,2025-12-14T15:00:53.270Z,2025-12-14T15:00:53.270Z
21,0x000a,0.000356714,0x00000000,2025-12-14T15:00:53.270Z,2025-12-14T15:00:53.270Z
8,0x0004,26597,0x00000000,2025-12-14T15:00:53.270Z,2025-12-14T15:00:53.270Z
7,0x0004,19270,0x00000000,2025-12-14T15:00:53.270Z,2025-12-14T15:00:53.270Z
39,0x000a,0,0x00000000,2025-12-14T15:00:53.570Z,2025-12-14T15:00:53.570Z
38,0x000a,1.4974,0x00000000,2025-12-14T15:00:53.570Z,2025-12-14T15:00:53.570Z
36,0x000a,1.98106,0x00000000,2025-12-14T15:00:53.570Z,2025-12-14T15:00:53.570Z
35,0x000a,1.53197,0x00000000,2025-12-14T15:00:53.570Z,2025-12-14T15:00:53.570Z
34,0x000a,4.45893e-05,0x00000000,2025-12-14T15:00:53.570Z,2025-12-14T15:00:53.570Z
30,0x0004,0,0x00000000,2025-12-14T15:00:53.570Z,2025-12-14T15:00:53.570Z
26,0x000a,10,0x00000000,2025-12-14T15:00:53.570Z,2025-12-14T15:00:53.570Z
25,0x000a,7.4197,0x00000000,2025-12-14T15:00:53.570Z,2025-12-14T15:00:53.570Z
23,0x000a,1.98106,0x00000000,2025-12-14T15:00:53.570Z,2025-12-14T15:00:53.570Z
22,0x000a,1.53197,0x00000000,2025-12-14T15:00:53.570Z,2025-12-14T15:00:53.570Z
21,0x000a,4.45893e-05,0x00000000,2025-12-14T15:00:53.570Z,2025-12-14T15:00:53.570Z
17,0x0001,false,0x00000000,2025-12-14T15:00:53.570Z,2025-12-14T15:00:53.570Z
8,0x0004,27648,0x00000000,2025-12-14T15:00:53.568Z,2025-12-14T15:00:53.568Z
7,0x0004,20514,0x00000000,2025-12-14T15:00:53.568Z,2025-12-14T15:00:53.568Z
42,0x0001,true,0x00000000,2025-12-14T15:00:53.869Z,2025-12-14T15:00:53.869Z
38,0x000a,3.00203,0x00000000,2025-12-14T15:00:53.869Z,2025-12-14T15:00:53.869Z
36,0x000a,0.495265,0x00000000,2025-12-14T15:00:53.869Z,2025-12-14T15:00:53.869Z
35,0x000a,1.60731,0x00000000,2025-12-14T15:00:53.869Z,2025-12-14T15:00:53.869Z
34,0x000a,1.11473e-05,0x00000000,2025-12-14T15:00:53.869Z,2025-12-14T15:00:53.869Z
25,0x000a,7.8899,0x00000000,2025-12-14T15:00:53.869Z,2025-12-14T15:00:53.869Z
23,0x000a,0.495265,0x00000000,2025-12-14T15:00:53.869Z,2025-12-14T15:00:53.869Z
22,0x000a,1.60731,0x00000000,2025-12-14T15:00:53.869Z,2025-12-14T15:00:53.869Z
21,0x000a,1.11473e-05,0x00000000,2025-12-14T15:00:53.869Z,2025-12-14T15:00:53.869Z
7,0x0004,21814,0x00000000,2025-12-14T15:00:53.869Z,2025-12-14T15:00:53.869Z
38,0x000a,1.39975,0x00000000,2025-12-14T15:00:54.170Z,2025-12-14T15:00:54.170Z
36,0x000a,0.0619081,0x00000000,2025-12-14T15:00:54.170Z,2025-12-14T15:00:54.170Z
35,0x000a,1.70102,0x00000000,2025-12-14T15:00:54.170Z,2025-12-14T15:00:54.170Z
34,0x000a,1.39342e-06,0x00000000,2025-12-14T15:00:54.170Z,2025-12-14T15:00:54.170Z
25,0x000a,8.32972,0x00000000,2025-12-14T15:00:54.170Z,2025-12-14T15:00:54.170Z
23,0x000a,0.0619081,0x00000000,2025-12-14T15:00:54.170Z,2025-12-14T15:00:54.170Z
22,0x000a,1.70102,0x00000000,2025-12-14T15:00:54.170Z,2025-12-14T15:00:54.170Z
21,0x000a,1.39342e-06,0x00000000,2025-12-14T15:00:54.170Z,2025-12-14T15:00:54.170Z
7,0x0004,23030,0x00000000,2025-12-14T15:00:54.170Z,2025-12-14T15:00:54.170Z
38,0x000a,1.50101,0x00000000,2025-12-14T15:00:54.470Z,2025-12-14T15:00:54.470Z
36,0x000a,0.00773852,0x00000000,2025-12-14T15:00:54.470Z,2025-12-14T15:00:54.470Z
35,0x000a,1.5884,0x00000000,2025-12-14T15:00:54.470Z,2025-12-14T15:00:54.470Z
34,0x000a,1.74177e-07,0x00000000,2025-12-14T15:00:54.470Z,2025-12-14T15:00:54.470Z
25,0x000a,8.80968,0x00000000,2025-12-14T15:00:54.470Z,2025-12-14T15:00:54.470Z
23,0x000a,0.00773852,0x00000000,2025-12-14T15:00:54.470Z,2025-12-14T15:00:54.470Z
22,0x000a,1.5884,0x00000000,2025-12-14T15:00:54.470Z,2025-12-14T15:00:54.470Z
21,0x000a,1.74177e-07,0x00000000,2025-12-14T15:00:54.470Z,2025-12-14T15:00:54.470Z
15,0x0001,false,0x00000000,2025-12-14T15:00:54.470Z,2025-12-14T15:00:54.470Z
7,0x0004,24357,0x00000000,2025-12-14T15:00:54.468Z,2025-12-14T15:00:54.468Z
38,0x000a,0.600405,0x00000000,2025-12-14T15:00:54.772Z,2025-12-14T15:00:54.772Z
36,0x000a,0.00193463,0x00000000,2025-12-14T15:00:54.772Z,2025-12-14T15:00:54.772Z
35,0x000a,1.47132,0x00000000,2025-12-14T15:00:54.772Z,2025-12-14T15:00:54.772Z
34,0x000a,4.35442e-08,0x00000000,2025-12-14T15:00:54.772Z,2025-12-14T15:00:54.772Z
25,0x000a,9.00969,0x00000000,2025-12-14T15:00:54.772Z,2025-12-14T15:00:54.772Z
23,0x000a,0.00193463,0x00000000,2025-12-14T15:00:54.772Z,2025-12-14T15:00:54.772Z
22,0x000a,1.47132,0x00000000,2025-12-14T15:00:54.772Z,2025-12-14T15:00:54.772Z
21,0x000a,4.35442e-08,0x00000000,2025-12-14T15:00:54.772Z,2025-12-14T15:00:54.772Z
7,0x0004,24910,0x00000000,2025-12-14T15:00:54.769Z,2025-12-14T15:00:54.769Z
42,0x0001,false,0x00000000,2025-12-14T15:00:55.071Z,2025-12-14T15:00:55.071Z
40,0x0001,false,0x00000000,2025-12-14T15:00:55.071Z,2025-12-14T15:00:55.071Z
38,0x000a,0,0x00000000,2025-12-14T15:00:55.071Z,2025-12-14T15:00:55.071Z
36,0x000a,0.000241829,0x00000000,2025-12-14T15:00:55.071Z,2025-12-14T15:00:55.071Z
35,0x000a,0.258966,0x00000000,2025-12-14T15:00:55.071Z,2025-12-14T15:00:55.071Z
34,0x000a,5.44303e-09,0x00000000,2025-12-14T15:00:55.071Z,2025-12-14T15:00:55.071Z
23,0x000a,0.000241829,0x00000000,2025-12-14T15:00:55.071Z,2025-12-14T15:00:55.071Z
22,0x000a,0.258966,0x00000000,2025-12-14T15:00:55.071Z,2025-12-14T15:00:55.071Z
21,0x000a,5.44303e-09,0x00000000,2025-12-14T15:00:55.071Z,2025-12-14T15:00:55.071Z
18,0x0001,true,0x00000000,2025-12-14T15:00:55.071Z,2025-12-14T15:00:55.071Z
16,0x0001,true,0x00000000,2025-12-14T15:00:55.071Z,2025-12-14T15:00:55.071Z
14,0x0001,true,0x00000000,2025-12-14T15:00:55.071Z,2025-12-14T15:00:55.071Z
4,0x000a,5,0x00000000,2025-12-14T15:00:55.070Z,2025-12-14T15:00:55.070Z
3,0x000a,5,0x00000000,2025-12-14T15:00:55.070Z,2025-12-14T15:00:55.070Z
2,0x000a,5,0x00000000,2025-12-14T15:00:55.070Z,2025-12-14T15:00:55.070Z
39,0x000a,-2.49928,0x00000000,2025-12-14T15:00:55.369Z,2025-12-14T15:00:55.369Z
38,0x000a,-1.69994,0x00000000,2025-12-14T15:00:55.369Z,2025-12-14T15:00:55.369Z
37,0x000a,-3.09968,0x00000000,2025-12-14T15:00:55.369Z,2025-12-14T15:00:55.369Z
36,0x000a,-0.0505749,0x00000000,2025-12-14T15:00:55.369Z,2025-12-14T15:00:55.369Z
35,0x000a,-0.235461,0x00000000,2025-12-14T15:00:55.369Z,2025-12-14T15:00:55.369Z
34,0x000a,-0.549769,0x00000000,2025-12-14T15:00:55.369Z,2025-12-14T15:00:55.369Z
30,0x0004,1000,0x00000000,2025-12-14T15:00:55.369Z,2025-12-14T15:00:55.369Z
26,0x000a,9.53993,0x00000000,2025-12-14T15:00:55.369Z,2025-12-14T15:00:55.369Z
25,0x000a,8.62992,0x00000000,2025-12-14T15:00:55.369Z,2025-12-14T15:00:55.369Z
24,0x000a,7.55968,0x00000000,2025-12-14T15:00:55.369Z,2025-12-14T15:00:55.369Z
23,0x000a,-0.0505749,0x00000000,2025-12-14T15:00:55.369Z,2025-12-14T15:00:55.369Z
22,0x000a,-0.235461,0x00000000,2025-12-14T15:00:55.369Z,2025-12-14T15:00:55.369Z
21,0x000a,-0.549769,0x00000000,2025-12-14T15:00:55.369Z,2025-12-14T15:00:55.369Z
8,0x0004,26376,0x00000000,2025-12-14T15:00:55.369Z,2025-12-14T15:00:55.369Z
7,0x0004,23860,0x00000000,2025-12-14T15:00:55.369Z,2025-12-14T15:00:55.369Z
6,0x0004,20901,0x00000000,2025-12-14T15:00:55.369Z,2025-12-14T15:00:55.369Z
39,0x000a,-2.00014,0x00000000,2025-12-14T15:00:55.670Z,2025-12-14T15:00:55.670Z
38,0x000a,-1.50101,0x00000000,2025-12-14T15:00:55.670Z,2025-12-14T15:00:55.670Z
37,0x000a,-2.60055,0x00000000,2025-12-14T15:00:55.670Z,2025-12-14T15:00:55.670Z
36,0x000a,-1.86948,0x00000000,2025-12-14T15:00:55.670Z,2025-12-14T15:00:55.670Z
35,0x000a,-1.36678,0x00000000,2025-12-14T15:00:55.670Z,2025-12-14T15:00:55.670Z
34,0x000a,-2.48074,0x00000000,2025-12-14T15:00:55.670Z,2025-12-14T15:00:55.670Z
26,0x000a,8.87985,0x00000000,2025-12-14T15:00:55.670Z,2025-12-14T15:00:55.670Z
25,0x000a,8.15972,0x00000000,2025-12-14T15:00:55.670Z,2025-12-14T15:00:55.670Z
24,0x000a,6.70971,0x00000000,2025-12-14T15:00:55.670Z,2025-12-14T15:00:55.670Z
23,0x000a,-1.86948,0x00000000,2025-12-14T15:00:55.670Z,2025-12-14T15:00:55.670Z
22,0x000a,-1.36678,0x00000000,2025-12-14T15:00:55.670Z,2025-12-14T15:00:55.670Z
21,0x000a,-2.48074,0x00000000,2025-12-14T15:00:55.670Z,2025-12-14T15:00:55.670Z
8,0x0004,24551,0x00000000,2025-12-14T15:00:55.670Z,2025-12-14T15:00:55.670Z
7,0x0004,22560,0x00000000,2025-12-14T15:00:55.670Z,2025-12-14T15:00:55.670Z
6,0x0004,18551,0x00000000,2025-12-14T15:00:55.670Z,2025-12-14T15:00:55.670Z
37,0x000a,-2.60055,0x00000000,2025-12-14T15:00:55.970Z,2025-12-14T15:00:55.970Z
36,0x000a,-2.15923,0x00000000,2025-12-14T15:00:55.970Z,2025-12-14T15:00:55.970Z
35,0x000a,-1.53216,0x00000000,2025-12-14T15:00:55.970Z,2025-12-14T15:00:55.970Z
34,0x000a,-2.7845,0x00000000,2025-12-14T15:00:55.970Z,2025-12-14T15:00:55.970Z
26,0x000a,8.46969,0x00000000,2025-12-14T15:00:55.970Z,2025-12-14T15:00:55.970Z
25,0x000a,7.85988,0x00000000,2025-12-14T15:00:55.970Z,2025-12-14T15:00:55.970Z
24,0x000a,6.17983,0x00000000,2025-12-14T15:00:55.970Z,2025-12-14T15:00:55.970Z
23,0x000a,-2.15923,0x00000000,2025-12-14T15:00:55.970Z,2025-12-14T15:00:55.970Z
22,0x000a,-1.53216,0x00000000,2025-12-14T15:00:55.970Z,2025-12-14T15:00:55.970Z
21,0x000a,-2.7845,0x00000000,2025-12-14T15:00:55.970Z,2025-12-14T15:00:55.970Z
8,0x0004,23417,0x00000000,2025-12-14T15:00:55.970Z,2025-12-14T15:00:55.970Z
7,0x0004,21731,0x00000000,2025-12-14T15:00:55.970Z,2025-12-14T15:00:55.970Z
6,0x0004,17086,0x00000000,2025-12-14T15:00:55.970Z,2025-12-14T15:00:55.970Z
39,0x000a,-2.49928,0x00000000,2025-12-14T15:00:56.269Z,2025-12-14T15:00:56.269Z
38,0x000a,-1.80121,0x00000000,2025-12-14T15:00:56.269Z,2025-12-14T15:00:56.269Z
37,0x000a,-3.20096,0x00000000,2025-12-14T15:00:56.269Z,2025-12-14T15:00:56.269Z
36,0x000a,-3.08882,0x00000000,2025-12-14T15:00:56.269Z,2025-12-14T15:00:56.269Z
35,0x000a,-2.20867,0x00000000,2025-12-14T15:00:56.269Z,2025-12-14T15:00:56.269Z
34,0x000a,-3.99564,0x00000000,2025-12-14T15:00:56.269Z,2025-12-14T15:00:56.269Z
26,0x000a,7.80997,0x00000000,2025-12-14T15:00:56.269Z,2025-12-14T15:00:56.269Z
25,0x000a,7.38968,0x00000000,2025-12-14T15:00:56.269Z,2025-12-14T15:00:56.269Z
24,0x000a,5.32986,0x00000000,2025-12-14T15:00:56.269Z,2025-12-14T15:00:56.269Z
23,0x000a,-3.08882,0x00000000,2025-12-14T15:00:56.269Z,2025-12-14T15:00:56.269Z
22,0x000a,-2.20867,0x00000000,2025-12-14T15:00:56.269Z,2025-12-14T15:00:56.269Z
21,0x000a,-3.99564,0x00000000,2025-12-14T15:00:56.269Z,2025-12-14T15:00:56.269Z
8,0x0004,21593,0x00000000,2025-12-14T15:00:56.269Z,2025-12-14T15:00:56.269Z
7,0x0004,20431,0x00000000,2025-12-14T15:00:56.269Z,2025-12-14T15:00:56.269Z
6,0x0004,14736,0x00000000,2025-12-14T15:00:56.269Z,2025-12-14T15:00:56.269Z
39,0x000a,-2.10142,0x00000000,2025-12-14T15:00:56.572Z,2025-12-14T15:00:56.572Z
38,0x000a,-1.50101,0x00000000,2025-12-14T15:00:56.572Z,2025-12-14T15:00:56.572Z
37,0x000a,-1.00188,0x00000000,2025-12-14T15:00:56.572Z,2025-12-14T15:00:56.572Z
36,0x000a,-2.24926,0x00000000,2025-12-14T15:00:56.572Z,2025-12-14T15:00:56.572Z
35,0x000a,-1.62609,0x00000000,2025-12-14T15:00:56.572Z,2025-12-14T15:00:56.572Z
34,0x000a,-2.92413,0x00000000,2025-12-14T15:00:56.572Z,2025-12-14T15:00:56.572Z
26,0x000a,7.18967,0x00000000,2025-12-14T15:00:56.572Z,2025-12-14T15:00:56.572Z
25,0x000a,6.93974,0x00000000,2025-12-14T15:00:56.572Z,2025-12-14T15:00:56.572Z
24,0x000a,4.68967,0x00000000,2025-12-14T15:00:56.572Z,2025-12-14T15:00:56.572Z
23,0x000a,-2.24926,0x00000000,2025-12-14T15:00:56.572Z,2025-12-14T15:00:56.572Z
22,0x000a,-1.62609,0x00000000,2025-12-14T15:00:56.572Z,2025-12-14T15:00:56.572Z
21,0x000a,-2.92413,0x00000000,2025-12-14T15:00:56.572Z,2025-12-14T15:00:56.572Z
14,0x0001,false,0x00000000,2025-12-14T15:00:56.572Z,2025-12-14T15:00:56.572Z
13,0x0001,true,0x00000000,2025-12-14T15:00:56.572Z,2025-12-14T15:00:56.572Z
8,0x0004,19878,0x00000000,2025-12-14T15:00:56.569Z,2025-12-14T15:00:56.569Z
7,0x0004,19187,0x00000000,2025-12-14T15:00:56.569Z,2025-12-14T15:00:56.569Z
6,0x0004,12966,0x00000000,2025-12-14T15:00:56.569Z,2025-12-14T15:00:56.569Z
39,0x000a,-2.49928,0x00000000,2025-12-14T15:00:56.870Z,2025-12-14T15:00:56.870Z
38,0x000a,-1.80121,0x00000000,2025-12-14T15:00:56.870Z,2025-12-14T15:00:56.870Z
37,0x000a,1.60229,0x00000000,2025-12-14T15:00:56.870Z,2025-12-14T15:00:56.870Z
36,0x000a,-2.29351,0x00000000,2025-12-14T15:00:56.870Z,2025-12-14T15:00:56.870Z
35,0x000a,-1.64143,0x00000000,2025-12-14T15:00:56.870Z,2025-12-14T15:00:56.870Z
34,0x000a,0.310392,0x00000000,2025-12-14T15:00:56.870Z,2025-12-14T15:00:56.870Z
26,0x000a,6.53971,0x00000000,2025-12-14T15:00:56.870Z,2025-12-14T15:00:56.870Z
25,0x000a,6.46991,0x00000000,2025-12-14T15:00:56.870Z,2025-12-14T15:00:56.870Z
24,0x000a,5.10995,0x00000000,2025-12-14T15:00:56.870Z,2025-12-14T15:00:56.870Z
23,0x000a,-2.29351,0x00000000,2025-12-14T15:00:56.870Z,2025-12-14T15:00:56.870Z
22,0x000a,-1.64143,0x00000000,2025-12-14T15:00:56.870Z,2025-12-14T15:00:56.870Z
21,0x000a,0.310392,0x00000000,2025-12-14T15:00:56.870Z,2025-12-14T15:00:56.870Z
13,0x0001,false,0x00000000,2025-12-14T15:00:56.870Z,2025-12-14T15:00:56.870Z
8,0x0004,18081,0x00000000,2025-12-14T15:00:56.870Z,2025-12-14T15:00:56.870Z
7,0x0004,17888,0x00000000,2025-12-14T15:00:56.870Z,2025-12-14T15:00:56.870Z
6,0x0004,14128,0x00000000,2025-12-14T15:00:56.870Z,2025-12-14T15:00:56.870Z
39,0x000a,-2.00014,0x00000000,2025-12-14T15:00:57.172Z,2025-12-14T15:00:57.172Z
38,0x000a,-1.39974,0x00000000,2025-12-14T15:00:57.172Z,2025-12-14T15:00:57.172Z
37,0x000a,0,0x00000000,2025-12-14T15:00:57.172Z,2025-12-14T15:00:57.172Z
36,0x000a,-2.12231,0x00000000,2025-12-14T15:00:57.172Z,2025-12-14T15:00:57.172Z
35,0x000a,-1.53521,0x00000000,2025-12-14T15:00:57.172Z,2025-12-14T15:00:57.172Z
34,0x000a,1.2775,0x00000000,2025-12-14T15:00:57.172Z,2025-12-14T15:00:57.172Z
26,0x000a,5.91978,0x00000000,2025-12-14T15:00:57.172Z,2025-12-14T15:00:57.172Z
25,0x000a,6.02973,0x00000000,2025-12-14T15:00:57.172Z,2025-12-14T15:00:57.172Z
24,0x000a,5.21991,0x00000000,2025-12-14T15:00:57.172Z,2025-12-14T15:00:57.172Z
23,0x000a,-2.12231,0x00000000,2025-12-14T15:00:57.172Z,2025-12-14T15:00:57.172Z
22,0x000a,-1.53521,0x00000000,2025-12-14T15:00:57.172Z,2025-12-14T15:00:57.172Z
21,0x000a,1.2775,0x00000000,2025-12-14T15:00:57.172Z,2025-12-14T15:00:57.172Z
8,0x0004,16367,0x00000000,2025-12-14T15:00:57.170Z,2025-12-14T15:00:57.170Z
7,0x0004,16671,0x00000000,2025-12-14T15:00:57.170Z,2025-12-14T15:00:57.170Z
6,0x0004,14432,0x00000000,2025-12-14T15:00:57.170Z,2025-12-14T15:00:57.170Z
40,0x0001,true,0x00000000,2025-12-14T15:00:57.472Z,2025-12-14T15:00:57.472Z
39,0x000a,-2.10142,0x00000000,2025-12-14T15:00:57.472Z,2025-12-14T15:00:57.472Z
38,0x000a,-1.50101,0x00000000,2025-12-14T15:00:57.472Z,2025-12-14T15:00:57.472Z
36,0x000a,-2.56518,0x00000000,2025-12-14T15:00:57.472Z,2025-12-14T15:00:57.472Z
35,0x000a,-1.86698,0x00000000,2025-12-14T15:00:57.472Z,2025-12-14T15:00:57.472Z
34,0x000a,0.159688,0x00000000,2025-12-14T15:00:57.472Z,2025-12-14T15:00:57.472Z
26,0x000a,5.29984,0x00000000,2025-12-14T15:00:57.472Z,2025-12-14T15:00:57.472Z
25,0x000a,5.57979,0x00000000,2025-12-14T15:00:57.472Z,2025-12-14T15:00:57.472Z
23,0x000a,-2.56518,0x00000000,2025-12-14T15:00:57.472Z,2025-12-14T15:00:57.472Z
22,0x000a,-1.86698,0x00000000,2025-12-14T15:00:57.472Z,2025-12-14T15:00:57.472Z
21,0x000a,0.159688,0x00000000,2025-12-14T15:00:57.472Z,2025-12-14T15:00:57.472Z
18,0x0001,false,0x00000000,2025-12-14T15:00:57.472Z,2025-12-14T15:00:57.472Z
8,0x0004,14653,0x00000000,2025-12-14T15:00:57.469Z,2025-12-14T15:00:57.469Z
7,0x0004,15427,0x00000000,2025-12-14T15:00:57.469Z,2025-12-14T15:00:57.469Z
39,0x000a,-1.20081,0x00000000,2025-12-14T15:00:57.769Z,2025-12-14T15:00:57.769Z
36,0x000a,-2.16672,0x00000000,2025-12-14T15:00:57.769Z,2025-12-14T15:00:57.769Z
35,0x000a,-1.54187,0x00000000,2025-12-14T15:00:57.769Z,2025-12-14T15:00:57.769Z
34,0x000a,0.039922,0x00000000,2025-12-14T15:00:57.769Z,2025-12-14T15:00:57.769Z
26,0x000a,4.97975,0x00000000,2025-12-14T15:00:57.769Z,2025-12-14T15:00:57.769Z
25,0x000a,5.13997,0x00000000,2025-12-14T15:00:57.769Z,2025-12-14T15:00:57.769Z
23,0x000a,-2.16672,0x00000000,2025-12-14T15:00:57.769Z,2025-12-14T15:00:57.769Z
22,0x000a,-1.54187,0x00000000,2025-12-14T15:00:57.769Z,2025-12-14T15:00:57.769Z
21,0x000a,0.039922,0x00000000,2025-12-14T15:00:57.769Z,2025-12-14T15:00:57.769Z
16,0x0001,false,0x00000000,2025-12-14T15:00:57.769Z,2025-12-14T15:00:57.769Z
8,0x0004,13768,0x00000000,2025-12-14T15:00:57.767Z,2025-12-14T15:00:57.767Z
7,0x0004,14211,0x00000000,2025-12-14T15:00:57.767Z,2025-12-14T15:00:57.767Z
42,0x0001,true,0x00000000,2025-12-14T15:00:58.069Z,2025-12-14T15:00:58.069Z
39,0x000a,0,0x00000000,2025-12-14T15:00:58.069Z,2025-12-14T15:00:58.069Z
38,0x000a,0,0x00000000,2025-12-14T15:00:58.069Z,2025-12-14T15:00:58.069Z
36,0x000a,-0.420942,0x00000000,2025-12-14T15:00:58.069Z,2025-12-14T15:00:58.069Z
35,0x000a,-1.20501,0x00000000,2025-12-14T15:00:58.069Z,2025-12-14T15:00:58.069Z
34,0x000a,0.00499025,0x00000000,2025-12-14T15:00:58.069Z,2025-12-14T15:00:58.069Z
25,0x000a,5.04991,0x00000000,2025-12-14T15:00:58.069Z,2025-12-14T15:00:58.069Z
23,0x000a,-0.420942,0x00000000,2025-12-14T15:00:58.069Z,2025-12-14T15:00:58.069Z
22,0x000a,-1.20501,0x00000000,2025-12-14T15:00:58.069Z,2025-12-14T15:00:58.069Z
21,0x000a,0.00499025,0x00000000,2025-12-14T15:00:58.069Z,2025-12-14T15:00:58.069Z
7,0x0004,13962,0x00000000,2025-12-14T15:00:58.069Z,2025-12-14T15:00:58.069Z
42,0x0001,false,0x00000000,2025-12-14T15:00:58.371Z,2025-12-14T15:00:58.371Z
40,0x0001,false,0x00000000,2025-12-14T15:00:58.371Z,2025-12-14T15:00:58.371Z
39,0x000a,-0.799336,0x00000000,2025-12-14T15:00:58.371Z,2025-12-14T15:00:58.371Z
38,0x000a,-0.900607,0x00000000,2025-12-14T15:00:58.371Z,2025-12-14T15:00:58.371Z
37,0x000a,-1.60229,0x00000000,2025-12-14T15:00:58.371Z,2025-12-14T15:00:58.371Z
36,0x000a,-0.0526177,0x00000000,2025-12-14T15:00:58.371Z,2025-12-14T15:00:58.371Z
35,0x000a,-0.150627,0x00000000,2025-12-14T15:00:58.371Z,2025-12-14T15:00:58.371Z
34,0x000a,0.000623781,0x00000000,2025-12-14T15:00:58.371Z,2025-12-14T15:00:58.371Z
26,0x000a,4.89981,0x00000000,2025-12-14T15:00:58.371Z,2025-12-14T15:00:58.371Z
25,0x000a,4.95985,0x00000000,2025-12-14T15:00:58.371Z,2025-12-14T15:00:58.371Z
24,0x000a,5.05968,0x00000000,2025-12-14T15:00:58.371Z,2025-12-14T15:00:58.371Z
23,0x000a,-0.0526177,0x00000000,2025-12-14T15:00:58.371Z,2025-12-14T15:00:58.371Z
22,0x000a,-0.150627,0x00000000,2025-12-14T15:00:58.371Z,2025-12-14T15:00:58.371Z
21,0x000a,0.000623781,0x00000000,2025-12-14T15:00:58.371Z,2025-12-14T15:00:58.371Z
18,0x0001,true,0x00000000,2025-12-14T15:00:58.371Z,2025-12-14T15:00:58.371Z
16,0x0001,true,0x00000000,2025-12-14T15:00:58.371Z,2025-12-14T15:00:58.371Z
14,0x0001,true,0x00000000,2025-12-14T15:00:58.371Z,2025-12-14T15:00:58.371Z
8,0x0004,13547,0x00000000,2025-12-14T15:00:58.369Z,2025-12-14T15:00:58.369Z
7,0x0004,13713,0x00000000,2025-12-14T15:00:58.369Z,2025-12-14T15:00:58.369Z
6,0x0004,13989,0x00000000,2025-12-14T15:00:58.369Z,2025-12-14T15:00:58.369Z
4,0x000a,0,0x00000000,2025-12-14T15:00:58.369Z,2025-12-14T15:00:58.369Z
3,0x000a,0,0x00000000,2025-12-14T15:00:58.369Z,2025-12-14T15:00:58.369Z
2,0x000a,0,0x00000000,2025-12-14T15:00:58.369Z,2025-12-14T15:00:58.369Z
39,0x000a,-2.10142,0x00000000,2025-12-14T15:00:58.669Z,2025-12-14T15:00:58.669Z
38,0x000a,-1.50102,0x00000000,2025-12-14T15:00:58.669Z,2025-12-14T15:00:58.669Z
37,0x000a,-2.60055,0x00000000,2025-12-14T15:00:58.669Z,2025-12-14T15:00:58.669Z
36,0x000a,-1.21306,0x00000000,2025-12-14T15:00:58.669Z,2025-12-14T15:00:58.669Z
35,0x000a,-0.962677,0x00000000,2025-12-14T15:00:58.669Z,2025-12-14T15:00:58.669Z
34,0x000a,-1.74952,0x00000000,2025-12-14T15:00:58.669Z,2025-12-14T15:00:58.669Z
26,0x000a,4.28964,0x00000000,2025-12-14T15:00:58.669Z,2025-12-14T15:00:58.669Z
25,0x000a,4.51968,0x00000000,2025-12-14T15:00:58.669Z,2025-12-14T15:00:58.669Z
24,0x000a,4.25998,0x00000000,2025-12-14T15:00:58.669Z,2025-12-14T15:00:58.669Z
23,0x000a,-1.21306,0x00000000,2025-12-14T15:00:58.669Z,2025-12-14T15:00:58.669Z
22,0x000a,-0.962677,0x00000000,2025-12-14T15:00:58.669Z,2025-12-14T15:00:58.669Z
21,0x000a,-1.74952,0x00000000,2025-12-14T15:00:58.669Z,2025-12-14T15:00:58.669Z
8,0x0004,11860,0x00000000,2025-12-14T15:00:58.669Z,2025-12-14T15:00:58.669Z
7,0x0004,12496,0x00000000,2025-12-14T15:00:58.669Z,2025-12-14T15:00:58.669Z
6,0x0004,11778,0x00000000,2025-12-14T15:00:58.669Z,2025-12-14T15:00:58.669Z
39,0x000a,-2.00015,0x00000000,2025-12-14T15:00:58.970Z,2025-12-14T15:00:58.970Z
37,0x000a,-2.70182,0x00000000,2025-12-14T15:00:58.970Z,2025-12-14T15:00:58.970Z
36,0x000a,-1.96324,0x00000000,2025-12-14T15:00:58.970Z,2025-12-14T15:00:58.970Z
35,0x000a,-1.43191,0x00000000,2025-12-14T15:00:58.970Z,2025-12-14T15:00:58.970Z
34,0x000a,-2.51859,0x00000000,2025-12-14T15:00:58.970Z,2025-12-14T15:00:58.970Z
26,0x000a,3.87985,0x00000000,2025-12-14T15:00:58.970Z,2025-12-14T15:00:58.970Z
25,0x000a,4.21983,0x00000000,2025-12-14T15:00:58.970Z,2025-12-14T15:00:58.970Z
24,0x000a,3.72975,0x00000000,2025-12-14T15:00:58.970Z,2025-12-14T15:00:58.970Z
23,0x000a,-1.96324,0x00000000,2025-12-14T15:00:58.970Z,2025-12-14T15:00:58.970Z
22,0x000a,-1.43191,0x00000000,2025-12-14T15:00:58.970Z,2025-12-14T15:00:58.970Z
21,0x000a,-2.51859,0x00000000,2025-12-14T15:00:58.970Z,2025-12-14T15:00:58.970Z
8,0x0004,10727,0x00000000,2025-12-14T15:00:58.970Z,2025-12-14T15:00:58.970Z
7,0x0004,11667,0x00000000,2025-12-14T15:00:58.970Z,2025-12-14T15:00:58.970Z
6,0x0004,10312,0x00000000,2025-12-14T15:00:58.970Z,2025-12-14T15:00:58.970Z
39,0x000a,-2.10142,0x00000000,2025-12-14T15:00:59.271Z,2025-12-14T15:00:59.271Z
38,0x000a,-1.4974,0x00000000,2025-12-14T15:00:59.271Z,2025-12-14T15:00:59.271Z
36,0x000a,-2.21978,0x00000000,2025-12-14T15:00:59.271Z,2025-12-14T15:00:59.271Z
35,0x000a,-1.61716,0x00000000,2025-12-14T15:00:59.271Z,2025-12-14T15:00:59.271Z
34,0x000a,-2.87694,0x00000000,2025-12-14T15:00:59.271Z,2025-12-14T15:00:59.271Z
26,0x000a,3.21976,0x00000000,2025-12-14T15:00:59.271Z,2025-12-14T15:00:59.271Z
25,0x000a,3.75,0x00000000,2025-12-14T15:00:59.271Z,2025-12-14T15:00:59.271Z
24,0x000a,2.87977,0x00000000,2025-12-14T15:00:59.271Z,2025-12-14T15:00:59.271Z
23,0x000a,-2.21978,0x00000000,2025-12-14T15:00:59.271Z,2025-12-14T15:00:59.271Z
22,0x000a,-1.61716,0x00000000,2025-12-14T15:00:59.271Z,2025-12-14T15:00:59.271Z
21,0x000a,-2.87694,0x00000000,2025-12-14T15:00:59.271Z,2025-12-14T15:00:59.271Z
8,0x0004,8902,0x00000000,2025-12-14T15:00:59.271Z,2025-12-14T15:00:59.271Z
7,0x0004,10368,0x00000000,2025-12-14T15:00:59.271Z,2025-12-14T15:00:59.271Z
6,0x0004,7962,0x00000000,2025-12-14T15:00:59.271Z,2025-12-14T15:00:59.271Z
39,0x000a,-4.10156,0x00000000,2025-12-14T15:00:59.571Z,2025-12-14T15:00:59.571Z
38,0x000a,-2.90075,0x00000000,2025-12-14T15:00:59.571Z,2025-12-14T15:00:59.571Z
37,0x000a,-5.30237,0x00000000,2025-12-14T15:00:59.571Z,2025-12-14T15:00:59.571Z
36,0x000a,-2.1292,0x00000000,2025-12-14T15:00:59.571Z,2025-12-14T15:00:59.571Z
35,0x000a,-1.52915,0x00000000,2025-12-14T15:00:59.571Z,2025-12-14T15:00:59.571Z
34,0x000a,-2.74379,0x00000000,2025-12-14T15:00:59.571Z,2025-12-14T15:00:59.571Z
26,0x000a,2.59983,0x00000000,2025-12-14T15:00:59.571Z,2025-12-14T15:00:59.571Z
25,0x000a,3.30982,0x00000000,2025-12-14T15:00:59.571Z,2025-12-14T15:00:59.571Z
24,0x000a,2.07972,0x00000000,2025-12-14T15:00:59.571Z,2025-12-14T15:00:59.571Z
23,0x000a,-2.1292,0x00000000,2025-12-14T15:00:59.571Z,2025-12-14T15:00:59.571Z
22,0x000a,-1.52915,0x00000000,2025-12-14T15:00:59.571Z,2025-12-14T15:00:59.571Z
21,0x000a,-2.74379,0x00000000,2025-12-14T15:00:59.571Z,2025-12-14T15:00:59.571Z
8,0x0004,7188,0x00000000,2025-12-14T15:00:59.569Z,2025-12-14T15:00:59.569Z
7,0x0004,9151,0x00000000,2025-12-14T15:00:59.569Z,2025-12-14T15:00:59.569Z
6,0x0004,5750,0x00000000,2025-12-14T15:00:59.569Z,2025-12-14T15:00:59.569Z
39,0x000a,-2.00014,0x00000000,2025-12-14T15:00:59.870Z,2025-12-14T15:00:59.870Z
38,0x000a,-1.50101,0x00000000,2025-12-14T15:00:59.870Z,2025-12-14T15:00:59.870Z
37,0x000a,-2.70182,0x00000000,2025-12-14T15:00:59.870Z,2025-12-14T15:00:59.870Z
36,0x000a,-2.42815,0x00000000,2025-12-14T15:00:59.870Z,2025-12-14T15:00:59.870Z
35,0x000a,-1.75274,0x00000000,2025-12-14T15:00:59.870Z,2025-12-14T15:00:59.870Z
34,0x000a,-3.10538,0x00000000,2025-12-14T15:00:59.870Z,2025-12-14T15:00:59.870Z
26,0x000a,1.94987,0x00000000,2025-12-14T15:00:59.870Z,2025-12-14T15:00:59.870Z
25,0x000a,2.82986,0x00000000,2025-12-14T15:00:59.870Z,2025-12-14T15:00:59.870Z
24,0x000a,1.22975,0x00000000,2025-12-14T15:00:59.870Z,2025-12-14T15:00:59.870Z
23,0x000a,-2.42815,0x00000000,2025-12-14T15:00:59.870Z,2025-12-14T15:00:59.870Z
22,0x000a,-1.75274,0x00000000,2025-12-14T15:00:59.870Z,2025-12-14T15:00:59.870Z
21,0x000a,-3.10538,0x00000000,2025-12-14T15:00:59.870Z,2025-12-14T15:00:59.870Z
8,0x0004,5391,0x00000000,2025-12-14T15:00:59.868Z,2025-12-14T15:00:59.868Z
7,0x0004,7824,0x00000000,2025-12-14T15:00:59.868Z,2025-12-14T15:00:59.868Z
6,0x0004,3400,0x00000000,2025-12-14T15:00:59.868Z,2025-12-14T15:00:59.868Z
37,0x000a,-2.69821,0x00000000,2025-12-14T15:01:00.170Z,2025-12-14T15:01:00.170Z
36,0x000a,-2.07896,0x00000000,2025-12-14T15:01:00.170Z,2025-12-14T15:01:00.170Z
35,0x000a,-1.50716,0x00000000,2025-12-14T15:01:00.170Z,2025-12-14T15:01:00.170Z
34,0x000a,-2.72514,0x00000000,2025-12-14T15:01:00.170Z,2025-12-14T15:01:00.170Z
26,0x000a,1.32993,0x00000000,2025-12-14T15:01:00.170Z,2025-12-14T15:01:00.170Z
25,0x000a,2.38968,0x00000000,2025-12-14T15:01:00.170Z,2025-12-14T15:01:00.170Z
24,0x000a,0.429688,0x00000000,2025-12-14T15:01:00.170Z,2025-12-14T15:01:00.170Z
23,0x000a,-2.07896,0x00000000,2025-12-14T15:01:00.170Z,2025-12-14T15:01:00.170Z
22,0x000a,-1.50716,0x00000000,2025-12-14T15:01:00.170Z,2025-12-14T15:01:00.170Z
21,0x000a,-2.72514,0x00000000,2025-12-14T15:01:00.170Z,2025-12-14T15:01:00.170Z
8,0x0004,3677,0x00000000,2025-12-14T15:01:00.170Z,2025-12-14T15:01:00.170Z
7,0x0004,6607,0x00000000,2025-12-14T15:01:00.170Z,2025-12-14T15:01:00.170Z
6,0x0004,1188,0x00000000,2025-12-14T15:01:00.170Z,2025-12-14T15:01:00.170Z
39,0x000a,-1.99653,0x00000000,2025-12-14T15:01:00.474Z,2025-12-14T15:01:00.474Z
38,0x000a,-1.39974,0x00000000,2025-12-14T15:01:00.474Z,2025-12-14T15:01:00.474Z
37,0x000a,-1.09954,0x00000000,2025-12-14T15:01:00.474Z,2025-12-14T15:01:00.474Z
36,0x000a,-2.29564,0x00000000,2025-12-14T15:01:00.474Z,2025-12-14T15:01:00.474Z
35,0x000a,-1.65084,0x00000000,2025-12-14T15:01:00.474Z,2025-12-14T15:01:00.474Z
34,0x000a,-2.95541,0x00000000,2025-12-14T15:01:00.474Z,2025-12-14T15:01:00.474Z
28,0x0004,0,0x00000000,2025-12-14T15:01:00.474Z,2025-12-14T15:01:00.474Z
26,0x000a,0.66985,0x00000000,2025-12-14T15:01:00.474Z,2025-12-14T15:01:00.474Z
25,0x000a,1.91985,0x00000000,2025-12-14T15:01:00.474Z,2025-12-14T15:01:00.474Z
24,0x000a,0,0x00000000,2025-12-14T15:01:00.474Z,2025-12-14T15:01:00.474Z
23,0x000a,-2.29564,0x00000000,2025-12-14T15:01:00.474Z,2025-12-14T15:01:00.474Z
22,0x000a,-1.65084,0x00000000,2025-12-14T15:01:00.474Z,2025-12-14T15:01:00.474Z
21,0x000a,-2.95541,0x00000000,2025-12-14T15:01:00.474Z,2025-12-14T15:01:00.474Z
14,0x0001,false,0x00000000,2025-12-14T15:01:00.474Z,2025-12-14T15:01:00.474Z
8,0x0004,1852,0x00000000,2025-12-14T15:01:00.470Z,2025-12-14T15:01:00.470Z
7,0x0004,5308,0x00000000,2025-12-14T15:01:00.470Z,2025-12-14T15:01:00.470Z
6,0x0004,0,0x00000000,2025-12-14T15:01:00.470Z,2025-12-14T15:01:00.470Z
40,0x0001,true,0x00000000,2025-12-14T15:01:00.771Z,2025-12-14T15:01:00.771Z
39,0x000a,-2.398,0x00000000,2025-12-14T15:01:00.771Z,2025-12-14T15:01:00.771Z
38,0x000a,-1.69994,0x00000000,2025-12-14T15:01:00.771Z,2025-12-14T15:01:00.771Z
37,0x000a,0,0x00000000,2025-12-14T15:01:00.771Z,2025-12-14T15:01:00.771Z
36,0x000a,-3.11266,0x00000000,2025-12-14T15:01:00.771Z,2025-12-14T15:01:00.771Z
35,0x000a,-2.25759,0x00000000,2025-12-14T15:01:00.771Z,2025-12-14T15:01:00.771Z
34,0x000a,-0.506868,0x00000000,2025-12-14T15:01:00.771Z,2025-12-14T15:01:00.771Z
26,0x000a,0.0198929,0x00000000,2025-12-14T15:01:00.771Z,2025-12-14T15:01:00.771Z
25,0x000a,1.44965,0x00000000,2025-12-14T15:01:00.771Z,2025-12-14T15:01:00.771Z
23,0x000a,-3.11266,0x00000000,2025-12-14T15:01:00.771Z,2025-12-14T15:01:00.771Z
22,0x000a,-2.25759,0x00000000,2025-12-14T15:01:00.771Z,2025-12-14T15:01:00.771Z
21,0x000a,-0.506868,0x00000000,2025-12-14T15:01:00.771Z,2025-12-14T15:01:00.771Z
18,0x0001,false,0x00000000,2025-12-14T15:01:00.771Z,2025-12-14T15:01:00.771Z
8,0x0004,55,0x00000000,2025-12-14T15:01:00.770Z,2025-12-14T15:01:00.770Z
7,0x0004,4008,0x00000000,2025-12-14T15:01:00.770Z,2025-12-14T15:01:00.770Z
39,0x000a,0,0x00000000,2025-12-14T15:01:01.070Z,2025-12-14T15:01:01.070Z
38,0x000a,-1.50101,0x00000000,2025-12-14T15:01:01.070Z,2025-12-14T15:01:01.070Z
36,0x000a,-0.688832,0x00000000,2025-12-14T15:01:01.070Z,2025-12-14T15:01:01.070Z
35,0x000a,-1.61955,0x00000000,2025-12-14T15:01:01.070Z,2025-12-14T15:01:01.070Z
34,0x000a,-0.0633585,0x00000000,2025-12-14T15:01:01.070Z,2025-12-14T15:01:01.070Z
25,0x000a,0.999711,0x00000000,2025-12-14T15:01:01.070Z,2025-12-14T15:01:01.070Z
23,0x000a,-0.688832,0x00000000,2025-12-14T15:01:01.070Z,2025-12-14T15:01:01.070Z
22,0x000a,-1.61955,0x00000000,2025-12-14T15:01:01.070Z,2025-12-14T15:01:01.070Z
21,0x000a,-0.0633585,0x00000000,2025-12-14T15:01:01.070Z,2025-12-14T15:01:01.070Z
7,0x0004,2764,0x00000000,2025-12-14T15:01:01.068Z,2025-12-14T15:01:01.068Z
42,0x0001,true,0x00000000,2025-12-14T15:01:01.369Z,2025-12-14T15:01:01.369Z
38,0x000a,-1.39974,0x00000000,2025-12-14T15:01:01.369Z,2025-12-14T15:01:01.369Z
36,0x000a,-0.172208,0x00000000,2025-12-14T15:01:01.369Z,2025-12-14T15:01:01.369Z
35,0x000a,-1.52884,0x00000000,2025-12-14T15:01:01.369Z,2025-12-14T15:01:01.369Z
34,0x000a,-0.0158396,0x00000000,2025-12-14T15:01:01.369Z,2025-12-14T15:01:01.369Z
25,0x000a,0.529876,0x00000000,2025-12-14T15:01:01.369Z,2025-12-14T15:01:01.369Z
23,0x000a,-0.172208,0x00000000,2025-12-14T15:01:01.369Z,2025-12-14T15:01:01.369Z
22,0x000a,-1.52884,0x00000000,2025-12-14T15:01:01.369Z,2025-12-14T15:01:01.369Z
21,0x000a,-0.0158396,0x00000000,2025-12-14T15:01:01.369Z,2025-12-14T15:01:01.369Z
7,0x0004,1465,0x00000000,2025-12-14T15:01:01.369Z,2025-12-14T15:01:01.369Z
38,0x000a,-1.50101,0x00000000,2025-12-14T15:01:01.670Z,2025-12-14T15:01:01.670Z
36,0x000a,-0.021526,0x00000000,2025-12-14T15:01:01.670Z,2025-12-14T15:01:01.670Z
35,0x000a,-1.56688,0x00000000,2025-12-14T15:01:01.670Z,2025-12-14T15:01:01.670Z
34,0x000a,-0.00197995,0x00000000,2025-12-14T15:01:01.670Z,2025-12-14T15:01:01.670Z
25,0x000a,0.0896991,0x00000000,2025-12-14T15:01:01.670Z,2025-12-14T15:01:01.670Z
23,0x000a,-0.021526,0x00000000,2025-12-14T15:01:01.670Z,2025-12-14T15:01:01.670Z
22,0x000a,-1.56688,0x00000000,2025-12-14T15:01:01.670Z,2025-12-14T15:01:01.670Z
21,0x000a,-0.00197995,0x00000000,2025-12-14T15:01:01.670Z,2025-12-14T15:01:01.670Z
16,0x0001,false,0x00000000,2025-12-14T15:01:01.670Z,2025-12-14T15:01:01.670Z
7,0x0004,248,0x00000000,2025-12-14T15:01:01.670Z,2025-12-14T15:01:01.670Z
38,0x000a,0,0x00000000,2025-12-14T15:01:01.972Z,2025-12-14T15:01:01.972Z
36,0x000a,-0.0053815,0x00000000,2025-12-14T15:01:01.972Z,2025-12-14T15:01:01.972Z
35,0x000a,-1.91534,0x00000000,2025-12-14T15:01:01.972Z,2025-12-14T15:01:01.972Z
34,0x000a,-0.000494989,0x00000000,2025-12-14T15:01:01.972Z,2025-12-14T15:01:01.972Z
29,0x0004,0,0x00000000,2025-12-14T15:01:01.972Z,2025-12-14T15:01:01.972Z
25,0x000a,0,0x00000000,2025-12-14T15:01:01.972Z,2025-12-14T15:01:01.972Z
23,0x000a,-0.0053815,0x00000000,2025-12-14T15:01:01.972Z,2025-12-14T15:01:01.972Z
22,0x000a,-1.91534,0x00000000,2025-12-14T15:01:01.972Z,2025-12-14T15:01:01.972Z
21,0x000a,-0.000494989,0x00000000,2025-12-14T15:01:01.972Z,2025-12-14T15:01:01.972Z
7,0x0004,0,0x00000000,2025-12-14T15:01:01.968Z,2025-12-14T15:01:01.968Z
42,0x0001,false,0x00000000,2025-12-14T15:01:02.271Z,2025-12-14T15:01:02.271Z
40,0x0001,false,0x00000000,2025-12-14T15:01:02.271Z,2025-12-14T15:01:02.271Z
36,0x000a,-0.000672688,0x00000000,2025-12-14T15:01:02.271Z,2025-12-14T15:01:02.271Z
35,0x000a,-0.239417,0x00000000,2025-12-14T15:01:02.271Z,2025-12-14T15:01:02.271Z
34,0x000a,-6.18736e-05,0x00000000,2025-12-14T15:01:02.271Z,2025-12-14T15:01:02.271Z
23,0x000a,-0.000672688,0x00000000,2025-12-14T15:01:02.271Z,2025-12-14T15:01:02.271Z
22,0x000a,-0.239417,0x00000000,2025-12-14T15:01:02.271Z,2025-12-14T15:01:02.271Z
21,0x000a,-6.18736e-05,0x00000000,2025-12-14T15:01:02.271Z,2025-12-14T15:01:02.271Z
17,0x0001,true,0x00000000,2025-12-14T15:01:02.271Z,2025-12-14T15:01:02.271Z
15,0x0001,true,0x00000000,2025-12-14T15:01:02.271Z,2025-12-14T15:01:02.271Z
13,0x0001,true,0x00000000,2025-12-14T15:01:02.271Z,2025-12-14T15:01:02.271Z
4,0x000a,10,0x00000000,2025-12-14T15:01:02.269Z,2025-12-14T15:01:02.269Z
3,0x000a,9,0x00000000,2025-12-14T15:01:02.269Z,2025-12-14T15:01:02.269Z
2,0x000a,8,0x00000000,2025-12-14T15:01:02.269Z,2025-12-14T15:01:02.269Z
39,0x000a,2.10142,0x00000000,2025-12-14T15:01:02.571Z,2025-12-14T15:01:02.571Z
38,0x000a,1.50101,0x00000000,2025-12-14T15:01:02.571Z,2025-12-14T15:01:02.571Z
37,0x000a,2.70182,0x00000000,2025-12-14T15:01:02.571Z,2025-12-14T15:01:02.571Z
36,0x000a,1.1745,0x00000000,2025-12-14T15:01:02.571Z,2025-12-14T15:01:02.571Z
35,0x000a,0.944827,0x00000000,2025-12-14T15:01:02.571Z,2025-12-14T15:01:02.571Z
34,0x000a,1.74876,0x00000000,2025-12-14T15:01:02.571Z,2025-12-14T15:01:02.571Z
29,0x0004,1000,0x00000000,2025-12-14T15:01:02.571Z,2025-12-14T15:01:02.571Z
28,0x0004,1000,0x00000000,2025-12-14T15:01:02.571Z,2025-12-14T15:01:02.571Z
26,0x000a,0.499855,0x00000000,2025-12-14T15:01:02.571Z,2025-12-14T15:01:02.571Z
25,0x000a,0.389902,0x00000000,2025-12-14T15:01:02.571Z,2025-12-14T15:01:02.571Z
24,0x000a,0.69987,0x00000000,2025-12-14T15:01:02.571Z,2025-12-14T15:01:02.571Z
23,0x000a,1.1745,0x00000000,2025-12-14T15:01:02.571Z,2025-12-14T15:01:02.571Z
22,0x000a,0.944827,0x00000000,2025-12-14T15:01:02.571Z,2025-12-14T15:01:02.571Z
21,0x000a,1.74876,0x00000000,2025-12-14T15:01:02.571Z,2025-12-14T15:01:02.571Z
8,0x0004,1382,0x00000000,2025-12-14T15:01:02.571Z,2025-12-14T15:01:02.571Z
7,0x0004,1078,0x00000000,2025-12-14T15:01:02.571Z,2025-12-14T15:01:02.571Z
6,0x0004,1935,0x00000000,2025-12-14T15:01:02.571Z,2025-12-14T15:01:02.571Z
39,0x000a,2.0978,0x00000000,2025-12-14T15:01:02.871Z,2025-12-14T15:01:02.871Z
38,0x000a,1.40336,0x00000000,2025-12-14T15:01:02.871Z,2025-12-14T15:01:02.871Z
37,0x000a,2.60055,0x00000000,2025-12-14T15:01:02.871Z,2025-12-14T15:01:02.871Z
36,0x000a,1.81905,0x00000000,2025-12-14T15:01:02.871Z,2025-12-14T15:01:02.871Z
35,0x000a,1.36016,0x00000000,2025-12-14T15:01:02.871Z,2025-12-14T15:01:02.871Z
34,0x000a,2.46175,0x00000000,2025-12-14T15:01:02.871Z,2025-12-14T15:01:02.871Z
26,0x000a,1.10966,0x00000000,2025-12-14T15:01:02.871Z,2025-12-14T15:01:02.871Z
25,0x000a,0.829716,0x00000000,2025-12-14T15:01:02.871Z,2025-12-14T15:01:02.871Z
24,0x000a,1.49993,0x00000000,2025-12-14T15:01:02.871Z,2025-12-14T15:01:02.871Z
23,0x000a,1.81905,0x00000000,2025-12-14T15:01:02.871Z,2025-12-14T15:01:02.871Z
22,0x000a,1.36016,0x00000000,2025-12-14T15:01:02.871Z,2025-12-14T15:01:02.871Z
21,0x000a,2.46175,0x00000000,2025-12-14T15:01:02.871Z,2025-12-14T15:01:02.871Z
8,0x0004,3068,0x00000000,2025-12-14T15:01:02.869Z,2025-12-14T15:01:02.869Z
7,0x0004,2294,0x00000000,2025-12-14T15:01:02.869Z,2025-12-14T15:01:02.869Z
6,0x0004,4147,0x00000000,2025-12-14T15:01:02.869Z,2025-12-14T15:01:02.869Z
39,0x000a,2.49928,0x00000000,2025-12-14T15:01:03.171Z,2025-12-14T15:01:03.171Z
38,0x000a,1.69994,0x00000000,2025-12-14T15:01:03.171Z,2025-12-14T15:01:03.171Z
37,0x000a,3.20095,0x00000000,2025-12-14T15:01:03.171Z,2025-12-14T15:01:03.171Z
36,0x000a,2.51507,0x00000000,2025-12-14T15:01:03.171Z,2025-12-14T15:01:03.171Z
35,0x000a,1.84555,0x00000000,2025-12-14T15:01:03.171Z,2025-12-14T15:01:03.171Z
34,0x000a,3.30748,0x00000000,2025-12-14T15:01:03.171Z,2025-12-14T15:01:03.171Z
26,0x000a,1.76975,0x00000000,2025-12-14T15:01:03.171Z,2025-12-14T15:01:03.171Z
25,0x000a,1.29991,0x00000000,2025-12-14T15:01:03.171Z,2025-12-14T15:01:03.171Z
24,0x000a,2.3499,0x00000000,2025-12-14T15:01:03.171Z,2025-12-14T15:01:03.171Z
23,0x000a,2.51507,0x00000000,2025-12-14T15:01:03.171Z,2025-12-14T15:01:03.171Z
22,0x000a,1.84555,0x00000000,2025-12-14T15:01:03.171Z,2025-12-14T15:01:03.171Z
21,0x000a,3.30748,0x00000000,2025-12-14T15:01:03.171Z,2025-12-14T15:01:03.171Z
8,0x0004,4893,0x00000000,2025-12-14T15:01:03.169Z,2025-12-14T15:01:03.169Z
7,0x0004,3594,0x00000000,2025-12-14T15:01:03.169Z,2025-12-14T15:01:03.169Z
6,0x0004,6497,0x00000000,2025-12-14T15:01:03.169Z,2025-12-14T15:01:03.169Z
39,0x000a,2.0978,0x00000000,2025-12-14T15:01:03.471Z,2025-12-14T15:01:03.471Z
38,0x000a,1.50101,0x00000000,2025-12-14T15:01:03.471Z,2025-12-14T15:01:03.471Z
37,0x000a,2.70182,0x00000000,2025-12-14T15:01:03.471Z,2025-12-14T15:01:03.471Z
36,0x000a,2.15222,0x00000000,2025-12-14T15:01:03.471Z,2025-12-14T15:01:03.471Z
35,0x000a,1.56804,0x00000000,2025-12-14T15:01:03.471Z,2025-12-14T15:01:03.471Z
34,0x000a,2.8128,0x00000000,2025-12-14T15:01:03.471Z,2025-12-14T15:01:03.471Z
26,0x000a,2.38968,0x00000000,2025-12-14T15:01:03.471Z,2025-12-14T15:01:03.471Z
25,0x000a,1.74986,0x00000000,2025-12-14T15:01:03.471Z,2025-12-14T15:01:03.471Z
24,0x000a,3.14996,0x00000000,2025-12-14T15:01:03.471Z,2025-12-14T15:01:03.471Z
23,0x000a,2.15222,0x00000000,2025-12-14T15:01:03.471Z,2025-12-14T15:01:03.471Z
22,0x000a,1.56804,0x00000000,2025-12-14T15:01:03.471Z,2025-12-14T15:01:03.471Z
21,0x000a,2.8128,0x00000000,2025-12-14T15:01:03.471Z,2025-12-14T15:01:03.471Z
8,0x0004,6607,0x00000000,2025-12-14T15:01:03.470Z,2025-12-14T15:01:03.470Z
7,0x0004,4838,0x00000000,2025-12-14T15:01:03.470Z,2025-12-14T15:01:03.470Z
6,0x0004,8709,0x00000000,2025-12-14T15:01:03.470Z,2025-12-14T15:01:03.470Z
39,0x000a,2.10142,0x00000000,2025-12-14T15:01:03.771Z,2025-12-14T15:01:03.771Z
38,0x000a,1.39974,0x00000000,2025-12-14T15:01:03.771Z,2025-12-14T15:01:03.771Z
37,0x000a,2.70182,0x00000000,2025-12-14T15:01:03.771Z,2025-12-14T15:01:03.771Z
36,0x000a,2.06258,0x00000000,2025-12-14T15:01:03.771Z,2025-12-14T15:01:03.771Z
35,0x000a,1.51777,0x00000000,2025-12-14T15:01:03.771Z,2025-12-14T15:01:03.771Z
34,0x000a,2.67712,0x00000000,2025-12-14T15:01:03.771Z,2025-12-14T15:01:03.771Z
26,0x000a,3.03964,0x00000000,2025-12-14T15:01:03.771Z,2025-12-14T15:01:03.771Z
25,0x000a,2.21969,0x00000000,2025-12-14T15:01:03.771Z,2025-12-14T15:01:03.771Z
24,0x000a,3.99993,0x00000000,2025-12-14T15:01:03.771Z,2025-12-14T15:01:03.771Z
23,0x000a,2.06258,0x00000000,2025-12-14T15:01:03.771Z,2025-12-14T15:01:03.771Z
22,0x000a,1.51777,0x00000000,2025-12-14T15:01:03.771Z,2025-12-14T15:01:03.771Z
21,0x000a,2.67712,0x00000000,2025-12-14T15:01:03.771Z,2025-12-14T15:01:03.771Z
8,0x0004,8404,0x00000000,2025-12-14T15:01:03.771Z,2025-12-14T15:01:03.771Z
7,0x0004,6137,0x00000000,2025-12-14T15:01:03.771Z,2025-12-14T15:01:03.771Z
6,0x0004,11059,0x00000000,2025-12-14T15:01:03.771Z,2025-12-14T15:01:03.771Z
39,0x000a,4.10156,0x00000000,2025-12-14T15:01:04.071Z,2025-12-14T15:01:04.071Z
38,0x000a,2.90075,0x00000000,2025-12-14T15:01:04.071Z,2025-12-14T15:01:04.071Z
37,0x000a,5.29876,0x00000000,2025-12-14T15:01:04.071Z,2025-12-14T15:01:04.071Z
36,0x000a,2.17071,0x00000000,2025-12-14T15:01:04.071Z,2025-12-14T15:01:04.071Z
35,0x000a,1.56459,0x00000000,2025-12-14T15:01:04.071Z,2025-12-14T15:01:04.071Z
34,0x000a,2.77288,0x00000000,2025-12-14T15:01:04.071Z,2025-12-14T15:01:04.071Z
26,0x000a,3.65994,0x00000000,2025-12-14T15:01:04.071Z,2025-12-14T15:01:04.071Z
25,0x000a,2.65987,0x00000000,2025-12-14T15:01:04.071Z,2025-12-14T15:01:04.071Z
24,0x000a,4.78986,0x00000000,2025-12-14T15:01:04.071Z,2025-12-14T15:01:04.071Z
23,0x000a,2.17071,0x00000000,2025-12-14T15:01:04.071Z,2025-12-14T15:01:04.071Z
22,0x000a,1.56459,0x00000000,2025-12-14T15:01:04.071Z,2025-12-14T15:01:04.071Z
21,0x000a,2.77288,0x00000000,2025-12-14T15:01:04.071Z,2025-12-14T15:01:04.071Z
8,0x0004,10119,0x00000000,2025-12-14T15:01:04.071Z,2025-12-14T15:01:04.071Z
7,0x0004,7354,0x00000000,2025-12-14T15:01:04.071Z,2025-12-14T15:01:04.071Z
6,0x0004,13243,0x00000000,2025-12-14T15:01:04.071Z,2025-12-14T15:01:04.071Z
39,0x000a,2.40162,0x00000000,2025-12-14T15:01:04.372Z,2025-12-14T15:01:04.372Z
38,0x000a,1.7976,0x00000000,2025-12-14T15:01:04.372Z,2025-12-14T15:01:04.372Z
37,0x000a,3.20096,0x00000000,2025-12-14T15:01:04.372Z,2025-12-14T15:01:04.372Z
36,0x000a,2.50929,0x00000000,2025-12-14T15:01:04.372Z,2025-12-14T15:01:04.372Z
35,0x000a,1.83222,0x00000000,2025-12-14T15:01:04.372Z,2025-12-14T15:01:04.372Z
34,0x000a,3.28398,0x00000000,2025-12-14T15:01:04.372Z,2025-12-14T15:01:04.372Z
26,0x000a,4.31966,0x00000000,2025-12-14T15:01:04.372Z,2025-12-14T15:01:04.372Z
25,0x000a,3.13983,0x00000000,2025-12-14T15:01:04.372Z,2025-12-14T15:01:04.372Z
24,0x000a,5.64996,0x00000000,2025-12-14T15:01:04.372Z,2025-12-14T15:01:04.372Z
23,0x000a,2.50929,0x00000000,2025-12-14T15:01:04.372Z,2025-12-14T15:01:04.372Z
22,0x000a,1.83222,0x00000000,2025-12-14T15:01:04.372Z,2025-12-14T15:01:04.372Z
21,0x000a,3.28398,0x00000000,2025-12-14T15:01:04.372Z,2025-12-14T15:01:04.372Z
8,0x0004,11943,0x00000000,2025-12-14T15:01:04.369Z,2025-12-14T15:01:04.369Z
7,0x0004,8681,0x00000000,2025-12-14T15:01:04.369Z,2025-12-14T15:01:04.369Z
6,0x0004,15621,0x00000000,2025-12-14T15:01:04.369Z,2025-12-14T15:01:04.369Z
39,0x000a,2.10142,0x00000000,2025-12-14T15:01:04.670Z,2025-12-14T15:01:04.670Z
38,0x000a,1.50101,0x00000000,2025-12-14T15:01:04.670Z,2025-12-14T15:01:04.670Z
37,0x000a,2.70182,0x00000000,2025-12-14T15:01:04.670Z,2025-12-14T15:01:04.670Z
36,0x000a,2.15184,0x00000000,2025-12-14T15:01:04.670Z,2025-12-14T15:01:04.670Z
35,0x000a,1.53318,0x00000000,2025-12-14T15:01:04.670Z,2025-12-14T15:01:04.670Z
34,0x000a,2.79492,0x00000000,2025-12-14T15:01:04.670Z,2025-12-14T15:01:04.670Z
26,0x000a,4.92983,0x00000000,2025-12-14T15:01:04.670Z,2025-12-14T15:01:04.670Z
25,0x000a,3.57964,0x00000000,2025-12-14T15:01:04.670Z,2025-12-14T15:01:04.670Z
24,0x000a,6.43989,0x00000000,2025-12-14T15:01:04.670Z,2025-12-14T15:01:04.670Z
23,0x000a,2.15184,0x00000000,2025-12-14T15:01:04.670Z,2025-12-14T15:01:04.670Z
22,0x000a,1.53318,0x00000000,2025-12-14T15:01:04.670Z,2025-12-14T15:01:04.670Z
21,0x000a,2.79492,0x00000000,2025-12-14T15:01:04.670Z,2025-12-14T15:01:04.670Z
8,0x0004,13630,0x00000000,2025-12-14T15:01:04.670Z,2025-12-14T15:01:04.670Z
7,0x0004,9897,0x00000000,2025-12-14T15:01:04.670Z,2025-12-14T15:01:04.670Z
6,0x0004,17805,0x00000000,2025-12-14T15:01:04.670Z,2025-12-14T15:01:04.670Z
39,0x000a,2.49928,0x00000000,2025-12-14T15:01:04.971Z,2025-12-14T15:01:04.971Z
38,0x000a,1.80121,0x00000000,2025-12-14T15:01:04.971Z,2025-12-14T15:01:04.971Z
37,0x000a,3.20096,0x00000000,2025-12-14T15:01:04.971Z,2025-12-14T15:01:04.971Z
36,0x000a,2.0824,0x00000000,2025-12-14T15:01:04.971Z,2025-12-14T15:01:04.971Z
35,0x000a,1.50413,0x00000000,2025-12-14T15:01:04.971Z,2025-12-14T15:01:04.971Z
34,0x000a,2.68633,0x00000000,2025-12-14T15:01:04.971Z,2025-12-14T15:01:04.971Z
26,0x000a,5.58992,0x00000000,2025-12-14T15:01:04.971Z,2025-12-14T15:01:04.971Z
25,0x000a,4.04984,0x00000000,2025-12-14T15:01:04.971Z,2025-12-14T15:01:04.971Z
24,0x000a,7.28986,0x00000000,2025-12-14T15:01:04.971Z,2025-12-14T15:01:04.971Z
23,0x000a,2.0824,0x00000000,2025-12-14T15:01:04.971Z,2025-12-14T15:01:04.971Z
22,0x000a,1.50413,0x00000000,2025-12-14T15:01:04.971Z,2025-12-14T15:01:04.971Z
21,0x000a,2.68633,0x00000000,2025-12-14T15:01:04.971Z,2025-12-14T15:01:04.971Z
8,0x0004,15455,0x00000000,2025-12-14T15:01:04.971Z,2025-12-14T15:01:04.971Z
7,0x0004,11197,0x00000000,2025-12-14T15:01:04.971Z,2025-12-14T15:01:04.971Z
6,0x0004,20155,0x00000000,2025-12-14T15:01:04.971Z,2025-12-14T15:01:04.971Z
39,0x000a,4.09795,0x00000000,2025-12-14T15:01:05.270Z,2025-12-14T15:01:05.270Z
38,0x000a,2.99841,0x00000000,2025-12-14T15:01:05.270Z,2025-12-14T15:01:05.270Z
37,0x000a,5.40003,0x00000000,2025-12-14T15:01:05.270Z,2025-12-14T15:01:05.270Z
36,0x000a,2.14549,0x00000000,2025-12-14T15:01:05.270Z,2025-12-14T15:01:05.270Z
35,0x000a,1.52621,0x00000000,2025-12-14T15:01:05.270Z,2025-12-14T15:01:05.270Z
34,0x000a,2.7721,0x00000000,2025-12-14T15:01:05.270Z,2025-12-14T15:01:05.270Z
26,0x000a,5.99971,0x00000000,2025-12-14T15:01:05.270Z,2025-12-14T15:01:05.270Z
25,0x000a,4.34968,0x00000000,2025-12-14T15:01:05.270Z,2025-12-14T15:01:05.270Z
24,0x000a,7.82986,0x00000000,2025-12-14T15:01:05.270Z,2025-12-14T15:01:05.270Z
23,0x000a,2.14549,0x00000000,2025-12-14T15:01:05.270Z,2025-12-14T15:01:05.270Z
22,0x000a,1.52621,0x00000000,2025-12-14T15:01:05.270Z,2025-12-14T15:01:05.270Z
21,0x000a,2.7721,0x00000000,2025-12-14T15:01:05.270Z,2025-12-14T15:01:05.270Z
13,0x0001,false,0x00000000,2025-12-14T15:01:05.270Z,2025-12-14T15:01:05.270Z
8,0x0004,16588,0x00000000,2025-12-14T15:01:05.270Z,2025-12-14T15:01:05.270Z
7,0x0004,12026,0x00000000,2025-12-14T15:01:05.270Z,2025-12-14T15:01:05.270Z
6,0x0004,21648,0x00000000,2025-12-14T15:01:05.270Z,2025-12-14T15:01:05.270Z
39,0x000a,2.49928,0x00000000,2025-12-14T15:01:05.571Z,2025-12-14T15:01:05.571Z
38,0x000a,1.80122,0x00000000,2025-12-14T15:01:05.571Z,2025-12-14T15:01:05.571Z
37,0x000a,0,0x00000000,2025-12-14T15:01:05.571Z,2025-12-14T15:01:05.571Z
36,0x000a,2.30586,0x00000000,2025-12-14T15:01:05.571Z,2025-12-14T15:01:05.571Z
35,0x000a,1.6407,0x00000000,2025-12-14T15:01:05.571Z,2025-12-14T15:01:05.571Z
34,0x000a,2.47099,0x00000000,2025-12-14T15:01:05.571Z,2025-12-14T15:01:05.571Z
26,0x000a,6.65979,0x00000000,2025-12-14T15:01:05.571Z,2025-12-14T15:01:05.571Z
25,0x000a,4.81988,0x00000000,2025-12-14T15:01:05.571Z,2025-12-14T15:01:05.571Z
24,0x000a,8.24978,0x00000000,2025-12-14T15:01:05.571Z,2025-12-14T15:01:05.571Z
23,0x000a,2.30586,0x00000000,2025-12-14T15:01:05.571Z,2025-12-14T15:01:05.571Z
22,0x000a,1.6407,0x00000000,2025-12-14T15:01:05.571Z,2025-12-14T15:01:05.571Z
21,0x000a,2.47099,0x00000000,2025-12-14T15:01:05.571Z,2025-12-14T15:01:05.571Z
8,0x0004,18413,0x00000000,2025-12-14T15:01:05.569Z,2025-12-14T15:01:05.569Z
7,0x0004,13326,0x00000000,2025-12-14T15:01:05.569Z,2025-12-14T15:01:05.569Z
6,0x0004,22809,0x00000000,2025-12-14T15:01:05.569Z,2025-12-14T15:01:05.569Z
40,0x0001,true,0x00000000,2025-12-14T15:01:05.871Z,2025-12-14T15:01:05.871Z
39,0x000a,2.0978,0x00000000,2025-12-14T15:01:05.871Z,2025-12-14T15:01:05.871Z
38,0x000a,1.50102,0x00000000,2025-12-14T15:01:05.871Z,2025-12-14T15:01:05.871Z
36,0x000a,2.12607,0x00000000,2025-12-14T15:01:05.871Z,2025-12-14T15:01:05.871Z
35,0x000a,1.55419,0x00000000,2025-12-14T15:01:05.871Z,2025-12-14T15:01:05.871Z
34,0x000a,0.308873,0x00000000,2025-12-14T15:01:05.871Z,2025-12-14T15:01:05.871Z
26,0x000a,7.27973,0x00000000,2025-12-14T15:01:05.871Z,2025-12-14T15:01:05.871Z
25,0x000a,5.26982,0x00000000,2025-12-14T15:01:05.871Z,2025-12-14T15:01:05.871Z
23,0x000a,2.12607,0x00000000,2025-12-14T15:01:05.871Z,2025-12-14T15:01:05.871Z
22,0x000a,1.55419,0x00000000,2025-12-14T15:01:05.871Z,2025-12-14T15:01:05.871Z
21,0x000a,0.308873,0x00000000,2025-12-14T15:01:05.871Z,2025-12-14T15:01:05.871Z
8,0x0004,20127,0x00000000,2025-12-14T15:01:05.869Z,2025-12-14T15:01:05.869Z
7,0x0004,14570,0x00000000,2025-12-14T15:01:05.869Z,2025-12-14T15:01:05.869Z
39,0x000a,2.10142,0x00000000,2025-12-14T15:01:06.171Z,2025-12-14T15:01:06.171Z
38,0x000a,1.50101,0x00000000,2025-12-14T15:01:06.171Z,2025-12-14T15:01:06.171Z
36,0x000a,2.05604,0x00000000,2025-12-14T15:01:06.171Z,2025-12-14T15:01:06.171Z
35,0x000a,1.46367,0x00000000,2025-12-14T15:01:06.171Z,2025-12-14T15:01:06.171Z
34,0x000a,0.0772183,0x00000000,2025-12-14T15:01:06.171Z,2025-12-14T15:01:06.171Z
26,0x000a,7.92969,0x00000000,2025-12-14T15:01:06.171Z,2025-12-14T15:01:06.171Z
25,0x000a,5.73966,0x00000000,2025-12-14T15:01:06.171Z,2025-12-14T15:01:06.171Z
23,0x000a,2.05604,0x00000000,2025-12-14T15:01:06.171Z,2025-12-14T15:01:06.171Z
22,0x000a,1.46367,0x00000000,2025-12-14T15:01:06.171Z,2025-12-14T15:01:06.171Z
21,0x000a,0.0772183,0x00000000,2025-12-14T15:01:06.171Z,2025-12-14T15:01:06.171Z
8,0x0004,21924,0x00000000,2025-12-14T15:01:06.168Z,2025-12-14T15:01:06.168Z
7,0x0004,15869,0x00000000,2025-12-14T15:01:06.168Z,2025-12-14T15:01:06.168Z
39,0x000a,2.10141,0x00000000,2025-12-14T15:01:06.470Z,2025-12-14T15:01:06.470Z
36,0x000a,3.16996,0x00000000,2025-12-14T15:01:06.470Z,2025-12-14T15:01:06.470Z
35,0x000a,2.27036,0x00000000,2025-12-14T15:01:06.470Z,2025-12-14T15:01:06.470Z
34,0x000a,0.00965229,0x00000000,2025-12-14T15:01:06.470Z,2025-12-14T15:01:06.470Z
26,0x000a,8.54998,0x00000000,2025-12-14T15:01:06.470Z,2025-12-14T15:01:06.470Z
25,0x000a,6.17983,0x00000000,2025-12-14T15:01:06.470Z,2025-12-14T15:01:06.470Z
23,0x000a,3.16996,0x00000000,2025-12-14T15:01:06.470Z,2025-12-14T15:01:06.470Z
22,0x000a,2.27036,0x00000000,2025-12-14T15:01:06.470Z,2025-12-14T15:01:06.470Z
21,0x000a,0.00965229,0x00000000,2025-12-14T15:01:06.470Z,2025-12-14T15:01:06.470Z
8,0x0004,23639,0x00000000,2025-12-14T15:01:06.467Z,2025-12-14T15:01:06.467Z
7,0x0004,17086,0x00000000,2025-12-14T15:01:06.467Z,2025-12-14T15:01:06.467Z
39,0x000a,2.40162,0x00000000,2025-12-14T15:01:06.769Z,2025-12-14T15:01:06.769Z
38,0x000a,1.7976,0x00000000,2025-12-14T15:01:06.769Z,2025-12-14T15:01:06.769Z
36,0x000a,2.38418,0x00000000,2025-12-14T15:01:06.769Z,2025-12-14T15:01:06.769Z
35,0x000a,1.74547,0x00000000,2025-12-14T15:01:06.769Z,2025-12-14T15:01:06.769Z
34,0x000a,0.00120654,0x00000000,2025-12-14T15:01:06.769Z,2025-12-14T15:01:06.769Z
26,0x000a,9.20971,0x00000000,2025-12-14T15:01:06.769Z,2025-12-14T15:01:06.769Z
25,0x000a,6.65979,0x00000000,2025-12-14T15:01:06.769Z,2025-12-14T15:01:06.769Z
23,0x000a,2.38418,0x00000000,2025-12-14T15:01:06.769Z,2025-12-14T15:01:06.769Z
22,0x000a,1.74547,0x00000000,2025-12-14T15:01:06.769Z,2025-12-14T15:01:06.769Z
21,0x000a,0.00120654,0x00000000,2025-12-14T15:01:06.769Z,2025-12-14T15:01:06.769Z
8,0x0004,25463,0x00000000,2025-12-14T15:01:06.769Z,2025-12-14T15:01:06.769Z
7,0x0004,18413,0x00000000,2025-12-14T15:01:06.769Z,2025-12-14T15:01:06.769Z
39,0x000a,2.10141,0x00000000,2025-12-14T15:01:07.073Z,2025-12-14T15:01:07.073Z
38,0x000a,1.50101,0x00000000,2025-12-14T15:01:07.073Z,2025-12-14T15:01:07.073Z
36,0x000a,2.12057,0x00000000,2025-12-14T15:01:07.073Z,2025-12-14T15:01:07.073Z
35,0x000a,1.51149,0x00000000,2025-12-14T15:01:07.073Z,2025-12-14T15:01:07.073Z
34,0x000a,0.000301634,0x00000000,2025-12-14T15:01:07.073Z,2025-12-14T15:01:07.073Z
26,0x000a,9.85966,0x00000000,2025-12-14T15:01:07.073Z,2025-12-14T15:01:07.073Z
25,0x000a,7.12999,0x00000000,2025-12-14T15:01:07.073Z,2025-12-14T15:01:07.073Z
23,0x000a,2.12057,0x00000000,2025-12-14T15:01:07.073Z,2025-12-14T15:01:07.073Z
22,0x000a,1.51149,0x00000000,2025-12-14T15:01:07.073Z,2025-12-14T15:01:07.073Z
21,0x000a,0.000301634,0x00000000,2025-12-14T15:01:07.073Z,2025-12-14T15:01:07.073Z
17,0x0001,false,0x00000000,2025-12-14T15:01:07.073Z,2025-12-14T15:01:07.073Z
8,0x0004,27260,0x00000000,2025-12-14T15:01:07.068Z,2025-12-14T15:01:07.068Z
7,0x0004,19713,0x00000000,2025-12-14T15:01:07.068Z,2025-12-14T15:01:07.068Z
39,0x000a,0,0x00000000,2025-12-14T15:01:07.370Z,2025-12-14T15:01:07.370Z
38,0x000a,1.39974,0x00000000,2025-12-14T15:01:07.370Z,2025-12-14T15:01:07.370Z
36,0x000a,1.82893,0x00000000,2025-12-14T15:01:07.370Z,2025-12-14T15:01:07.370Z
35,0x000a,1.57557,0x00000000,2025-12-14T15:01:07.370Z,2025-12-14T15:01:07.370Z
34,0x000a,3.77042e-05,0x00000000,2025-12-14T15:01:07.370Z,2025-12-14T15:01:07.370Z
30,0x0004,0,0x00000000,2025-12-14T15:01:07.370Z,2025-12-14T15:01:07.370Z
26,0x000a,10,0x00000000,2025-12-14T15:01:07.370Z,2025-12-14T15:01:07.370Z
25,0x000a,7.56981,0x00000000,2025-12-14T15:01:07.370Z,2025-12-14T15:01:07.370Z
23,0x000a,1.82893,0x00000000,2025-12-14T15:01:07.370Z,2025-12-14T15:01:07.370Z
22,0x000a,1.57557,0x00000000,2025-12-14T15:01:07.370Z,2025-12-14T15:01:07.370Z
21,0x000a,3.77042e-05,0x00000000,2025-12-14T15:01:07.370Z,2025-12-14T15:01:07.370Z
8,0x0004,27648,0x00000000,2025-12-14T15:01:07.368Z,2025-12-14T15:01:07.368Z
7,0x0004,20929,0x00000000,2025-12-14T15:01:07.368Z,2025-12-14T15:01:07.368Z
42,0x0001,true,0x00000000,2025-12-14T15:01:07.671Z,2025-12-14T15:01:07.671Z
38,0x000a,1.4974,0x00000000,2025-12-14T15:01:07.671Z,2025-12-14T15:01:07.671Z
36,0x000a,0.228616,0x00000000,2025-12-14T15:01:07.671Z,2025-12-14T15:01:07.671Z
35,0x000a,1.87112,0x00000000,2025-12-14T15:01:07.671Z,2025-12-14T15:01:07.671Z
34,0x000a,4.71303e-06,0x00000000,2025-12-14T15:01:07.671Z,2025-12-14T15:01:07.671Z
25,0x000a,8.03964,0x00000000,2025-12-14T15:01:07.671Z,2025-12-14T15:01:07.671Z
23,0x000a,0.228616,0x00000000,2025-12-14T15:01:07.671Z,2025-12-14T15:01:07.671Z
22,0x000a,1.87112,0x00000000,2025-12-14T15:01:07.671Z,2025-12-14T15:01:07.671Z
21,0x000a,4.71303e-06,0x00000000,2025-12-14T15:01:07.671Z,2025-12-14T15:01:07.671Z
7,0x0004,22228,0x00000000,2025-12-14T15:01:07.671Z,2025-12-14T15:01:07.671Z
38,0x000a,1.50102,0x00000000,2025-12-14T15:01:07.971Z,2025-12-14T15:01:07.971Z
36,0x000a,0.057154,0x00000000,2025-12-14T15:01:07.971Z,2025-12-14T15:01:07.971Z
35,0x000a,1.64327,0x00000000,2025-12-14T15:01:07.971Z,2025-12-14T15:01:07.971Z
34,0x000a,1.17826e-06,0x00000000,2025-12-14T15:01:07.971Z,2025-12-14T15:01:07.971Z
25,0x000a,8.48994,0x00000000,2025-12-14T15:01:07.971Z,2025-12-14T15:01:07.971Z
23,0x000a,0.057154,0x00000000,2025-12-14T15:01:07.971Z,2025-12-14T15:01:07.971Z
22,0x000a,1.64327,0x00000000,2025-12-14T15:01:07.971Z,2025-12-14T15:01:07.971Z
21,0x000a,1.17826e-06,0x00000000,2025-12-14T15:01:07.971Z,2025-12-14T15:01:07.971Z
7,0x0004,23058,0x00000000,2025-12-14T15:01:07.968Z,2025-12-14T15:01:07.968Z
38,0x000a,1.39974,0x00000000,2025-12-14T15:01:08.270Z,2025-12-14T15:01:08.270Z
36,0x000a,0.00714425,0x00000000,2025-12-14T15:01:08.270Z,2025-12-14T15:01:08.270Z
35,0x000a,1.51699,0x00000000,2025-12-14T15:01:08.270Z,2025-12-14T15:01:08.270Z
34,0x000a,1.47282e-07,0x00000000,2025-12-14T15:01:08.270Z,2025-12-14T15:01:08.270Z
25,0x000a,8.77966,0x00000000,2025-12-14T15:01:08.270Z,2025-12-14T15:01:08.270Z
23,0x000a,0.00714425,0x00000000,2025-12-14T15:01:08.270Z,2025-12-14T15:01:08.270Z
22,0x000a,1.51699,0x00000000,2025-12-14T15:01:08.270Z,2025-12-14T15:01:08.270Z
21,0x000a,1.47282e-07,0x00000000,2025-12-14T15:01:08.270Z,2025-12-14T15:01:08.270Z
15,0x0001,false,0x00000000,2025-12-14T15:01:08.270Z,2025-12-14T15:01:08.270Z
7,0x0004,24274,0x00000000,2025-12-14T15:01:08.270Z,2025-12-14T15:01:08.270Z
38,0x000a,0.900602,0x00000000,2025-12-14T15:01:08.571Z,2025-12-14T15:01:08.571Z
36,0x000a,0.00178606,0x00000000,2025-12-14T15:01:08.571Z,2025-12-14T15:01:08.571Z
35,0x000a,1.47969,0x00000000,2025-12-14T15:01:08.571Z,2025-12-14T15:01:08.571Z
34,0x000a,3.68206e-08,0x00000000,2025-12-14T15:01:08.571Z,2025-12-14T15:01:08.571Z
25,0x000a,9.01982,0x00000000,2025-12-14T15:01:08.571Z,2025-12-14T15:01:08.571Z
23,0x000a,0.00178606,0x00000000,2025-12-14T15:01:08.571Z,2025-12-14T15:01:08.571Z
22,0x000a,1.47969,0x00000000,2025-12-14T15:01:08.571Z,2025-12-14T15:01:08.571Z
21,0x000a,3.68206e-08,0x00000000,2025-12-14T15:01:08.571Z,2025-12-14T15:01:08.571Z
7,0x0004,24938,0x00000000,2025-12-14T15:01:08.568Z,2025-12-14T15:01:08.568Z
42,0x0001,false,0x00000000,2025-12-14T15:01:08.872Z,2025-12-14T15:01:08.872Z
40,0x0001,false,0x00000000,2025-12-14T15:01:08.872Z,2025-12-14T15:01:08.872Z
38,0x000a,0,0x00000000,2025-12-14T15:01:08.872Z,2025-12-14T15:01:08.872Z
36,0x000a,0.000223258,0x00000000,2025-12-14T15:01:08.872Z,2025-12-14T15:01:08.872Z
35,0x000a,0.297536,0x00000000,2025-12-14T15:01:08.872Z,2025-12-14T15:01:08.872Z
34,0x000a,4.60257e-09,0x00000000,2025-12-14T15:01:08.872Z,2025-12-14T15:01:08.872Z
23,0x000a,0.000223258,0x00000000,2025-12-14T15:01:08.872Z,2025-12-14T15:01:08.872Z
22,0x000a,0.297536,0x00000000,2025-12-14T15:01:08.872Z,2025-12-14T15:01:08.872Z
21,0x000a,4.60257e-09,0x00000000,2025-12-14T15:01:08.872Z,2025-12-14T15:01:08.872Z
18,0x0001,true,0x00000000,2025-12-14T15:01:08.872Z,2025-12-14T15:01:08.872Z
16,0x0001,true,0x00000000,2025-12-14T15:01:08.872Z,2025-12-14T15:01:08.872Z
14,0x0001,true,0x00000000,2025-12-14T15:01:08.872Z,2025-12-14T15:01:08.872Z
4,0x000a,5,0x00000000,2025-12-14T15:01:08.868Z,2025-12-14T15:01:08.868Z
3,0x000a,5,0x00000000,2025-12-14T15:01:08.868Z,2025-12-14T15:01:08.868Z
2,0x000a,5,0x00000000,2025-12-14T15:01:08.868Z,2025-12-14T15:01:08.868Z
39,0x000a,-2.00014,0x00000000,2025-12-14T15:01:09.171Z,2025-12-14T15:01:09.171Z
38,0x000a,-1.39974,0x00000000,2025-12-14T15:01:09.171Z,2025-12-14T15:01:09.171Z
37,0x000a,-2.70183,0x00000000,2025-12-14T15:01:09.171Z,2025-12-14T15:01:09.171Z
36,0x000a,-1.17456,0x00000000,2025-12-14T15:01:09.171Z,2025-12-14T15:01:09.171Z
35,0x000a,-0.938467,0x00000000,2025-12-14T15:01:09.171Z,2025-12-14T15:01:09.171Z
34,0x000a,-1.69994,0x00000000,2025-12-14T15:01:09.171Z,2025-12-14T15:01:09.171Z
30,0x0004,1000,0x00000000,2025-12-14T15:01:09.171Z,2025-12-14T15:01:09.171Z
26,0x000a,9.53993,0x00000000,2025-12-14T15:01:09.171Z,2025-12-14T15:01:09.171Z
25,0x000a,8.63968,0x00000000,2025-12-14T15:01:09.171Z,2025-12-14T15:01:09.171Z
24,0x000a,7.55968,0x00000000,2025-12-14T15:01:09.171Z,2025-12-14T15:01:09.171Z
23,0x000a,-1.17456,0x00000000,2025-12-14T15:01:09.171Z,2025-12-14T15:01:09.171Z
22,0x000a,-0.938467,0x00000000,2025-12-14T15:01:09.171Z,2025-12-14T15:01:09.171Z
21,0x000a,-1.69994,0x00000000,2025-12-14T15:01:09.171Z,2025-12-14T15:01:09.171Z
8,0x0004,26376,0x00000000,2025-12-14T15:01:09.170Z,2025-12-14T15:01:09.170Z
7,0x0004,23887,0x00000000,2025-12-14T15:01:09.170Z,2025-12-14T15:01:09.170Z
6,0x0004,20901,0x00000000,2025-12-14T15:01:09.170Z,2025-12-14T15:01:09.170Z
38,0x000a,-1.50101,0x00000000,2025-12-14T15:01:09.473Z,2025-12-14T15:01:09.473Z
37,0x000a,-2.60055,0x00000000,2025-12-14T15:01:09.473Z,2025-12-14T15:01:09.473Z
36,0x000a,-1.84439,0x00000000,2025-12-14T15:01:09.473Z,2025-12-14T15:01:09.473Z
35,0x000a,-1.33325,0x00000000,2025-12-14T15:01:09.473Z,2025-12-14T15:01:09.473Z
34,0x000a,-2.44955,0x00000000,2025-12-14T15:01:09.473Z,2025-12-14T15:01:09.473Z
26,0x000a,8.87985,0x00000000,2025-12-14T15:01:09.473Z,2025-12-14T15:01:09.473Z
25,0x000a,8.15972,0x00000000,2025-12-14T15:01:09.473Z,2025-12-14T15:01:09.473Z
24,0x000a,6.70971,0x00000000,2025-12-14T15:01:09.473Z,2025-12-14T15:01:09.473Z
23,0x000a,-1.84439,0x00000000,2025-12-14T15:01:09.473Z,2025-12-14T15:01:09.473Z
22,0x000a,-1.33325,0x00000000,2025-12-14T15:01:09.473Z,2025-12-14T15:01:09.473Z
21,0x000a,-2.44955,0x00000000,2025-12-14T15:01:09.473Z,2025-12-14T15:01:09.473Z
8,0x0004,24551,0x00000000,2025-12-14T15:01:09.469Z,2025-12-14T15:01:09.469Z
7,0x0004,22560,0x00000000,2025-12-14T15:01:09.469Z,2025-12-14T15:01:09.469Z
6,0x0004,18551,0x00000000,2025-12-14T15:01:09.469Z,2025-12-14T15:01:09.469Z
39,0x000a,-4.19922,0x00000000,2025-12-14T15:01:09.770Z,2025-12-14T15:01:09.770Z
38,0x000a,-2.9984,0x00000000,2025-12-14T15:01:09.770Z,2025-12-14T15:01:09.770Z
37,0x000a,-5.30237,0x00000000,2025-12-14T15:01:09.770Z,2025-12-14T15:01:09.770Z
36,0x000a,-2.10546,0x00000000,2025-12-14T15:01:09.770Z,2025-12-14T15:01:09.770Z
35,0x000a,-1.50446,0x00000000,2025-12-14T15:01:09.770Z,2025-12-14T15:01:09.770Z
34,0x000a,-2.7806,0x00000000,2025-12-14T15:01:09.770Z,2025-12-14T15:01:09.770Z
26,0x000a,8.25991,0x00000000,2025-12-14T15:01:09.770Z,2025-12-14T15:01:09.770Z
25,0x000a,7.71991,0x00000000,2025-12-14T15:01:09.770Z,2025-12-14T15:01:09.770Z
24,0x000a,5.90965,0x00000000,2025-12-14T15:01:09.770Z,2025-12-14T15:01:09.770Z
23,0x000a,-2.10546,0x00000000,2025-12-14T15:01:09.770Z,2025-12-14T15:01:09.770Z
22,0x000a,-1.50446,0x00000000,2025-12-14T15:01:09.770Z,2025-12-14T15:01:09.770Z
21,0x000a,-2.7806,0x00000000,2025-12-14T15:01:09.770Z,2025-12-14T15:01:09.770Z
8,0x0004,22837,0x00000000,2025-12-14T15:01:09.768Z,2025-12-14T15:01:09.768Z
7,0x0004,21344,0x00000000,2025-12-14T15:01:09.768Z,2025-12-14T15:01:09.768Z
6,0x0004,16339,0x00000000,2025-12-14T15:01:09.768Z,2025-12-14T15:01:09.768Z
39,0x000a,-2.00015,0x00000000,2025-12-14T15:01:10.070Z,2025-12-14T15:01:10.070Z
38,0x000a,-1.39974,0x00000000,2025-12-14T15:01:10.070Z,2025-12-14T15:01:10.070Z
37,0x000a,-2.70183,0x00000000,2025-12-14T15:01:10.070Z,2025-12-14T15:01:10.070Z
36,0x000a,-2.53776,0x00000000,2025-12-14T15:01:10.070Z,2025-12-14T15:01:10.070Z
35,0x000a,-1.83872,0x00000000,2025-12-14T15:01:10.070Z,2025-12-14T15:01:10.070Z
34,0x000a,-3.26008,0x00000000,2025-12-14T15:01:10.070Z,2025-12-14T15:01:10.070Z
26,0x000a,7.60995,0x00000000,2025-12-14T15:01:10.070Z,2025-12-14T15:01:10.070Z
25,0x000a,7.24971,0x00000000,2025-12-14T15:01:10.070Z,2025-12-14T15:01:10.070Z
24,0x000a,5.05968,0x00000000,2025-12-14T15:01:10.070Z,2025-12-14T15:01:10.070Z
23,0x000a,-2.53776,0x00000000,2025-12-14T15:01:10.070Z,2025-12-14T15:01:10.070Z
22,0x000a,-1.83872,0x00000000,2025-12-14T15:01:10.070Z,2025-12-14T15:01:10.070Z
21,0x000a,-3.26008,0x00000000,2025-12-14T15:01:10.070Z,2025-12-14T15:01:10.070Z
14,0x0001,false,0x00000000,2025-12-14T15:01:10.070Z,2025-12-14T15:01:10.070Z
8,0x0004,21040,0x00000000,2025-12-14T15:01:10.068Z,2025-12-14T15:01:10.068Z
7,0x0004,20044,0x00000000,2025-12-14T15:01:10.068Z,2025-12-14T15:01:10.068Z
6,0x0004,13989,0x00000000,2025-12-14T15:01:10.068Z,2025-12-14T15:01:10.068Z
38,0x000a,-1.50101,0x00000000,2025-12-14T15:01:10.371Z,2025-12-14T15:01:10.371Z
37,0x000a,-1.00188,0x00000000,2025-12-14T15:01:10.371Z,2025-12-14T15:01:10.371Z
36,0x000a,-2.18518,0x00000000,2025-12-14T15:01:10.371Z,2025-12-14T15:01:10.371Z
35,0x000a,-1.55831,0x00000000,2025-12-14T15:01:10.371Z,2025-12-14T15:01:10.371Z
34,0x000a,-2.83958,0x00000000,2025-12-14T15:01:10.371Z,2025-12-14T15:01:10.371Z
26,0x000a,6.98966,0x00000000,2025-12-14T15:01:10.371Z,2025-12-14T15:01:10.371Z
25,0x000a,6.79977,0x00000000,2025-12-14T15:01:10.371Z,2025-12-14T15:01:10.371Z
24,0x000a,4.68967,0x00000000,2025-12-14T15:01:10.371Z,2025-12-14T15:01:10.371Z
23,0x000a,-2.18518,0x00000000,2025-12-14T15:01:10.371Z,2025-12-14T15:01:10.371Z
22,0x000a,-1.55831,0x00000000,2025-12-14T15:01:10.371Z,2025-12-14T15:01:10.371Z
21,0x000a,-2.83958,0x00000000,2025-12-14T15:01:10.371Z,2025-12-14T15:01:10.371Z
13,0x0001,true,0x00000000,2025-12-14T15:01:10.371Z,2025-12-14T15:01:10.371Z
8,0x0004,19325,0x00000000,2025-12-14T15:01:10.368Z,2025-12-14T15:01:10.368Z
7,0x0004,18800,0x00000000,2025-12-14T15:01:10.368Z,2025-12-14T15:01:10.368Z
6,0x0004,12966,0x00000000,2025-12-14T15:01:10.368Z,2025-12-14T15:01:10.368Z
39,0x000a,-2.0978,0x00000000,2025-12-14T15:01:10.671Z,2025-12-14T15:01:10.671Z
37,0x000a,2.6982,0x00000000,2025-12-14T15:01:10.671Z,2025-12-14T15:01:10.671Z
36,0x000a,-2.04859,0x00000000,2025-12-14T15:01:10.671Z,2025-12-14T15:01:10.671Z
35,0x000a,-1.45754,0x00000000,2025-12-14T15:01:10.671Z,2025-12-14T15:01:10.671Z
34,0x000a,0.0207587,0x00000000,2025-12-14T15:01:10.671Z,2025-12-14T15:01:10.671Z
26,0x000a,6.36972,0x00000000,2025-12-14T15:01:10.671Z,2025-12-14T15:01:10.671Z
25,0x000a,6.35995,0x00000000,2025-12-14T15:01:10.671Z,2025-12-14T15:01:10.671Z
24,0x000a,5.21991,0x00000000,2025-12-14T15:01:10.671Z,2025-12-14T15:01:10.671Z
23,0x000a,-2.04859,0x00000000,2025-12-14T15:01:10.671Z,2025-12-14T15:01:10.671Z
22,0x000a,-1.45754,0x00000000,2025-12-14T15:01:10.671Z,2025-12-14T15:01:10.671Z
21,0x000a,0.0207587,0x00000000,2025-12-14T15:01:10.671Z,2025-12-14T15:01:10.671Z
13,0x0001,false,0x00000000,2025-12-14T15:01:10.671Z,2025-12-14T15:01:10.671Z
8,0x0004,17611,0x00000000,2025-12-14T15:01:10.667Z,2025-12-14T15:01:10.667Z
7,0x0004,17584,0x00000000,2025-12-14T15:01:10.667Z,2025-12-14T15:01:10.667Z
6,0x0004,14432,0x00000000,2025-12-14T15:01:10.667Z,2025-12-14T15:01:10.667Z
40,0x0001,true,0x00000000,2025-12-14T15:01:10.970Z,2025-12-14T15:01:10.970Z
39,0x000a,-2.00014,0x00000000,2025-12-14T15:01:10.970Z,2025-12-14T15:01:10.970Z
38,0x000a,-1.39974,0x00000000,2025-12-14T15:01:10.970Z,2025-12-14T15:01:10.970Z
37,0x000a,0,0x00000000,2025-12-14T15:01:10.970Z,2025-12-14T15:01:10.970Z
36,0x000a,-3.29336,0x00000000,2025-12-14T15:01:10.970Z,2025-12-14T15:01:10.970Z
35,0x000a,-2.39528,0x00000000,2025-12-14T15:01:10.970Z,2025-12-14T15:01:10.970Z
34,0x000a,0.740442,0x00000000,2025-12-14T15:01:10.970Z,2025-12-14T15:01:10.970Z
26,0x000a,5.71976,0x00000000,2025-12-14T15:01:10.970Z,2025-12-14T15:01:10.970Z
25,0x000a,5.88976,0x00000000,2025-12-14T15:01:10.970Z,2025-12-14T15:01:10.970Z
23,0x000a,-3.29336,0x00000000,2025-12-14T15:01:10.970Z,2025-12-14T15:01:10.970Z
22,0x000a,-2.39528,0x00000000,2025-12-14T15:01:10.970Z,2025-12-14T15:01:10.970Z
21,0x000a,0.740442,0x00000000,2025-12-14T15:01:10.970Z,2025-12-14T15:01:10.970Z
8,0x0004,15814,0x00000000,2025-12-14T15:01:10.970Z,2025-12-14T15:01:10.970Z
7,0x0004,16284,0x00000000,2025-12-14T15:01:10.970Z,2025-12-14T15:01:10.970Z
39,0x000a,-2.00015,0x00000000,2025-12-14T15:01:11.270Z,2025-12-14T15:01:11.270Z
38,0x000a,-1.4974,0x00000000,2025-12-14T15:01:11.270Z,2025-12-14T15:01:11.270Z
36,0x000a,-2.37228,0x00000000,2025-12-14T15:01:11.270Z,2025-12-14T15:01:11.270Z
35,0x000a,-1.69926,0x00000000,2025-12-14T15:01:11.270Z,2025-12-14T15:01:11.270Z
34,0x000a,0.18511,0x00000000,2025-12-14T15:01:11.270Z,2025-12-14T15:01:11.270Z
26,0x000a,5.09983,0x00000000,2025-12-14T15:01:11.270Z,2025-12-14T15:01:11.270Z
25,0x000a,5.43981,0x00000000,2025-12-14T15:01:11.270Z,2025-12-14T15:01:11.270Z
23,0x000a,-2.37228,0x00000000,2025-12-14T15:01:11.270Z,2025-12-14T15:01:11.270Z
22,0x000a,-1.69926,0x00000000,2025-12-14T15:01:11.270Z,2025-12-14T15:01:11.270Z
21,0x000a,0.18511,0x00000000,2025-12-14T15:01:11.270Z,2025-12-14T15:01:11.270Z
18,0x0001,false,0x00000000,2025-12-14T15:01:11.270Z,2025-12-14T15:01:11.270Z
8,0x0004,14100,0x00000000,2025-12-14T15:01:11.268Z,2025-12-14T15:01:11.268Z
7,0x0004,15040,0x00000000,2025-12-14T15:01:11.268Z,2025-12-14T15:01:11.268Z
39,0x000a,-0.799336,0x00000000,2025-12-14T15:01:11.570Z,2025-12-14T15:01:11.570Z
38,0x000a,-1.50102,0x00000000,2025-12-14T15:01:11.570Z,2025-12-14T15:01:11.570Z
36,0x000a,-2.32154,0x00000000,2025-12-14T15:01:11.570Z,2025-12-14T15:01:11.570Z
35,0x000a,-1.6248,0x00000000,2025-12-14T15:01:11.570Z,2025-12-14T15:01:11.570Z
34,0x000a,0.0231388,0x00000000,2025-12-14T15:01:11.570Z,2025-12-14T15:01:11.570Z
26,0x000a,4.76997,0x00000000,2025-12-14T15:01:11.570Z,2025-12-14T15:01:11.570Z
25,0x000a,5.11972,0x00000000,2025-12-14T15:01:11.570Z,2025-12-14T15:01:11.570Z
23,0x000a,-2.32154,0x00000000,2025-12-14T15:01:11.570Z,2025-12-14T15:01:11.570Z
22,0x000a,-1.6248,0x00000000,2025-12-14T15:01:11.570Z,2025-12-14T15:01:11.570Z
21,0x000a,0.0231388,0x00000000,2025-12-14T15:01:11.570Z,2025-12-14T15:01:11.570Z
16,0x0001,false,0x00000000,2025-12-14T15:01:11.570Z,2025-12-14T15:01:11.570Z
8,0x0004,13188,0x00000000,2025-12-14T15:01:11.568Z,2025-12-14T15:01:11.568Z
7,0x0004,14155,0x00000000,2025-12-14T15:01:11.568Z,2025-12-14T15:01:11.568Z
42,0x0001,true,0x00000000,2025-12-14T15:01:11.871Z,2025-12-14T15:01:11.871Z
39,0x000a,0,0x00000000,2025-12-14T15:01:11.871Z,2025-12-14T15:01:11.871Z
38,0x000a,0,0x00000000,2025-12-14T15:01:11.871Z,2025-12-14T15:01:11.871Z
36,0x000a,-0.78022,0x00000000,2025-12-14T15:01:11.871Z,2025-12-14T15:01:11.871Z
35,0x000a,-1.08166,0x00000000,2025-12-14T15:01:11.871Z,2025-12-14T15:01:11.871Z
34,0x000a,0.0057847,0x00000000,2025-12-14T15:01:11.871Z,2025-12-14T15:01:11.871Z
25,0x000a,5.05968,0x00000000,2025-12-14T15:01:11.871Z,2025-12-14T15:01:11.871Z
23,0x000a,-0.78022,0x00000000,2025-12-14T15:01:11.871Z,2025-12-14T15:01:11.871Z
22,0x000a,-1.08166,0x00000000,2025-12-14T15:01:11.871Z,2025-12-14T15:01:11.871Z
21,0x000a,0.0057847,0x00000000,2025-12-14T15:01:11.871Z,2025-12-14T15:01:11.871Z
7,0x0004,13989,0x00000000,2025-12-14T15:01:11.871Z,2025-12-14T15:01:11.871Z
42,0x0001,false,0x00000000,2025-12-14T15:01:12.169Z,2025-12-14T15:01:12.169Z
40,0x0001,false,0x00000000,2025-12-14T15:01:12.169Z,2025-12-14T15:01:12.169Z
39,0x000a,-0.70168,0x00000000,2025-12-14T15:01:12.169Z,2025-12-14T15:01:12.169Z
38,0x000a,-0.896988,0x00000000,2025-12-14T15:01:12.169Z,2025-12-14T15:01:12.169Z
37,0x000a,-1.60229,0x00000000,2025-12-14T15:01:12.169Z,2025-12-14T15:01:12.169Z
36,0x000a,-0.0975275,0x00000000,2025-12-14T15:01:12.169Z,2025-12-14T15:01:12.169Z
35,0x000a,-0.135207,0x00000000,2025-12-14T15:01:12.169Z,2025-12-14T15:01:12.169Z
34,0x000a,0.000723088,0x00000000,2025-12-14T15:01:12.169Z,2025-12-14T15:01:12.169Z
26,0x000a,4.6998,0x00000000,2025-12-14T15:01:12.169Z,2025-12-14T15:01:12.169Z
25,0x000a,4.96998,0x00000000,2025-12-14T15:01:12.169Z,2025-12-14T15:01:12.169Z
24,0x000a,5.05968,0x00000000,2025-12-14T15:01:12.169Z,2025-12-14T15:01:12.169Z
23,0x000a,-0.0975275,0x00000000,2025-12-14T15:01:12.169Z,2025-12-14T15:01:12.169Z
22,0x000a,-0.135207,0x00000000,2025-12-14T15:01:12.169Z,2025-12-14T15:01:12.169Z
21,0x000a,0.000723088,0x00000000,2025-12-14T15:01:12.169Z,2025-12-14T15:01:12.169Z
18,0x0001,true,0x00000000,2025-12-14T15:01:12.169Z,2025-12-14T15:01:12.169Z
16,0x0001,true,0x00000000,2025-12-14T15:01:12.169Z,2025-12-14T15:01:12.169Z
14,0x0001,true,0x00000000,2025-12-14T15:01:12.169Z,2025-12-14T15:01:12.169Z
8,0x0004,12994,0x00000000,2025-12-14T15:01:12.169Z,2025-12-14T15:01:12.169Z
7,0x0004,13741,0x00000000,2025-12-14T15:01:12.169Z,2025-12-14T15:01:12.169Z
6,0x0004,13989,0x00000000,2025-12-14T15:01:12.169Z,2025-12-14T15:01:12.169Z
4,0x000a,0,0x00000000,2025-12-14T15:01:12.169Z,2025-12-14T15:01:12.169Z
3,0x000a,0,0x00000000,2025-12-14T15:01:12.169Z,2025-12-14T15:01:12.169Z
2,0x000a,0,0x00000000,2025-12-14T15:01:12.169Z,2025-12-14T15:01:12.169Z
39,0x000a,-2.10142,0x00000000,2025-12-14T15:01:12.469Z,2025-12-14T15:01:12.469Z
38,0x000a,-1.39974,0x00000000,2025-12-14T15:01:12.469Z,2025-12-14T15:01:12.469Z
37,0x000a,-2.70182,0x00000000,2025-12-14T15:01:12.469Z,2025-12-14T15:01:12.469Z
36,0x000a,-1.84958,0x00000000,2025-12-14T15:01:12.469Z,2025-12-14T15:01:12.469Z
35,0x000a,-1.40489,0x00000000,2025-12-14T15:01:12.469Z,2025-12-14T15:01:12.469Z
34,0x000a,-2.42459,0x00000000,2025-12-14T15:01:12.469Z,2025-12-14T15:01:12.469Z
26,0x000a,4.03971,0x00000000,2025-12-14T15:01:12.469Z,2025-12-14T15:01:12.469Z
25,0x000a,4.49978,0x00000000,2025-12-14T15:01:12.469Z,2025-12-14T15:01:12.469Z
24,0x000a,4.20971,0x00000000,2025-12-14T15:01:12.469Z,2025-12-14T15:01:12.469Z
23,0x000a,-1.84958,0x00000000,2025-12-14T15:01:12.469Z,2025-12-14T15:01:12.469Z
22,0x000a,-1.40489,0x00000000,2025-12-14T15:01:12.469Z,2025-12-14T15:01:12.469Z
21,0x000a,-2.42459,0x00000000,2025-12-14T15:01:12.469Z,2025-12-14T15:01:12.469Z
8,0x0004,11169,0x00000000,2025-12-14T15:01:12.469Z,2025-12-14T15:01:12.469Z
7,0x0004,12441,0x00000000,2025-12-14T15:01:12.469Z,2025-12-14T15:01:12.469Z
6,0x0004,11639,0x00000000,2025-12-14T15:01:12.469Z,2025-12-14T15:01:12.469Z
39,0x000a,-2.0978,0x00000000,2025-12-14T15:01:12.772Z,2025-12-14T15:01:12.772Z
38,0x000a,-1.4974,0x00000000,2025-12-14T15:01:12.772Z,2025-12-14T15:01:12.772Z
37,0x000a,-2.60055,0x00000000,2025-12-14T15:01:12.772Z,2025-12-14T15:01:12.772Z
36,0x000a,-1.98782,0x00000000,2025-12-14T15:01:12.772Z,2025-12-14T15:01:12.772Z
35,0x000a,-1.45166,0x00000000,2025-12-14T15:01:12.772Z,2025-12-14T15:01:12.772Z
34,0x000a,-2.63071,0x00000000,2025-12-14T15:01:12.772Z,2025-12-14T15:01:12.772Z
26,0x000a,3.4299,0x00000000,2025-12-14T15:01:12.772Z,2025-12-14T15:01:12.772Z
25,0x000a,4.04984,0x00000000,2025-12-14T15:01:12.772Z,2025-12-14T15:01:12.772Z
24,0x000a,3.40965,0x00000000,2025-12-14T15:01:12.772Z,2025-12-14T15:01:12.772Z
23,0x000a,-1.98782,0x00000000,2025-12-14T15:01:12.772Z,2025-12-14T15:01:12.772Z
22,0x000a,-1.45166,0x00000000,2025-12-14T15:01:12.772Z,2025-12-14T15:01:12.772Z
21,0x000a,-2.63071,0x00000000,2025-12-14T15:01:12.772Z,2025-12-14T15:01:12.772Z
8,0x0004,9483,0x00000000,2025-12-14T15:01:12.768Z,2025-12-14T15:01:12.768Z
7,0x0004,11197,0x00000000,2025-12-14T15:01:12.768Z,2025-12-14T15:01:12.768Z
6,0x0004,9427,0x00000000,2025-12-14T15:01:12.768Z,2025-12-14T15:01:12.768Z
39,0x000a,-2.00014,0x00000000,2025-12-14T15:01:13.071Z,2025-12-14T15:01:13.071Z
38,0x000a,-1.50101,0x00000000,2025-12-14T15:01:13.071Z,2025-12-14T15:01:13.071Z
36,0x000a,-2.26038,0x00000000,2025-12-14T15:01:13.071Z,2025-12-14T15:01:13.071Z
35,0x000a,-1.59386,0x00000000,2025-12-14T15:01:13.071Z,2025-12-14T15:01:13.071Z
34,0x000a,-2.92803,0x00000000,2025-12-14T15:01:13.071Z,2025-12-14T15:01:13.071Z
26,0x000a,2.76982,0x00000000,2025-12-14T15:01:13.071Z,2025-12-14T15:01:13.071Z
25,0x000a,3.57964,0x00000000,2025-12-14T15:01:13.071Z,2025-12-14T15:01:13.071Z
24,0x000a,2.55968,0x00000000,2025-12-14T15:01:13.071Z,2025-12-14T15:01:13.071Z
23,0x000a,-2.26038,0x00000000,2025-12-14T15:01:13.071Z,2025-12-14T15:01:13.071Z
22,0x000a,-1.59386,0x00000000,2025-12-14T15:01:13.071Z,2025-12-14T15:01:13.071Z
21,0x000a,-2.92803,0x00000000,2025-12-14T15:01:13.071Z,2025-12-14T15:01:13.071Z
8,0x0004,7658,0x00000000,2025-12-14T15:01:13.068Z,2025-12-14T15:01:13.068Z
7,0x0004,9897,0x00000000,2025-12-14T15:01:13.068Z,2025-12-14T15:01:13.068Z
6,0x0004,7077,0x00000000,2025-12-14T15:01:13.068Z,2025-12-14T15:01:13.068Z
39,0x000a,-2.0978,0x00000000,2025-12-14T15:01:13.371Z,2025-12-14T15:01:13.371Z
38,0x000a,-1.39974,0x00000000,2025-12-14T15:01:13.371Z,2025-12-14T15:01:13.371Z
37,0x000a,-2.69821,0x00000000,2025-12-14T15:01:13.371Z,2025-12-14T15:01:13.371Z
36,0x000a,-2.58335,0x00000000,2025-12-14T15:01:13.371Z,2025-12-14T15:01:13.371Z
35,0x000a,-1.88697,0x00000000,2025-12-14T15:01:13.371Z,2025-12-14T15:01:13.371Z
34,0x000a,-3.36667,0x00000000,2025-12-14T15:01:13.371Z,2025-12-14T15:01:13.371Z
26,0x000a,2.14988,0x00000000,2025-12-14T15:01:13.371Z,2025-12-14T15:01:13.371Z
25,0x000a,3.13983,0x00000000,2025-12-14T15:01:13.371Z,2025-12-14T15:01:13.371Z
24,0x000a,1.75998,0x00000000,2025-12-14T15:01:13.371Z,2025-12-14T15:01:13.371Z
23,0x000a,-2.58335,0x00000000,2025-12-14T15:01:13.371Z,2025-12-14T15:01:13.371Z
22,0x000a,-1.88697,0x00000000,2025-12-14T15:01:13.371Z,2025-12-14T15:01:13.371Z
21,0x000a,-3.36667,0x00000000,2025-12-14T15:01:13.371Z,2025-12-14T15:01:13.371Z
8,0x0004,5944,0x00000000,2025-12-14T15:01:13.371Z,2025-12-14T15:01:13.371Z
7,0x0004,8681,0x00000000,2025-12-14T15:01:13.371Z,2025-12-14T15:01:13.371Z
6,0x0004,4866,0x00000000,2025-12-14T15:01:13.371Z,2025-12-14T15:01:13.371Z
39,0x000a,-2.0978,0x00000000,2025-12-14T15:01:13.672Z,2025-12-14T15:01:13.672Z
38,0x000a,-1.4974,0x00000000,2025-12-14T15:01:13.672Z,2025-12-14T15:01:13.672Z
37,0x000a,-2.60055,0x00000000,2025-12-14T15:01:13.672Z,2025-12-14T15:01:13.672Z
36,0x000a,-2.3711,0x00000000,2025-12-14T15:01:13.672Z,2025-12-14T15:01:13.672Z
35,0x000a,-1.72228,0x00000000,2025-12-14T15:01:13.672Z,2025-12-14T15:01:13.672Z
34,0x000a,-3.1167,0x00000000,2025-12-14T15:01:13.672Z,2025-12-14T15:01:13.672Z
26,0x000a,1.49993,0x00000000,2025-12-14T15:01:13.672Z,2025-12-14T15:01:13.672Z
25,0x000a,2.65987,0x00000000,2025-12-14T15:01:13.672Z,2025-12-14T15:01:13.672Z
24,0x000a,0.90965,0x00000000,2025-12-14T15:01:13.672Z,2025-12-14T15:01:13.672Z
23,0x000a,-2.3711,0x00000000,2025-12-14T15:01:13.672Z,2025-12-14T15:01:13.672Z
22,0x000a,-1.72228,0x00000000,2025-12-14T15:01:13.672Z,2025-12-14T15:01:13.672Z
21,0x000a,-3.1167,0x00000000,2025-12-14T15:01:13.672Z,2025-12-14T15:01:13.672Z
8,0x0004,4147,0x00000000,2025-12-14T15:01:13.668Z,2025-12-14T15:01:13.668Z
7,0x0004,7354,0x00000000,2025-12-14T15:01:13.668Z,2025-12-14T15:01:13.668Z
6,0x0004,2515,0x00000000,2025-12-14T15:01:13.668Z,2025-12-14T15:01:13.668Z
39,0x000a,-2.00014,0x00000000,2025-12-14T15:01:13.972Z,2025-12-14T15:01:13.972Z
38,0x000a,-1.50101,0x00000000,2025-12-14T15:01:13.972Z,2025-12-14T15:01:13.972Z
37,0x000a,-2.70182,0x00000000,2025-12-14T15:01:13.972Z,2025-12-14T15:01:13.972Z
36,0x000a,-2.10936,0x00000000,2025-12-14T15:01:13.972Z,2025-12-14T15:01:13.972Z
35,0x000a,-1.47758,0x00000000,2025-12-14T15:01:13.972Z,2025-12-14T15:01:13.972Z
34,0x000a,-2.68858,0x00000000,2025-12-14T15:01:13.972Z,2025-12-14T15:01:13.972Z
26,0x000a,0.839844,0x00000000,2025-12-14T15:01:13.972Z,2025-12-14T15:01:13.972Z
25,0x000a,2.18967,0x00000000,2025-12-14T15:01:13.972Z,2025-12-14T15:01:13.972Z
24,0x000a,0.0596788,0x00000000,2025-12-14T15:01:13.972Z,2025-12-14T15:01:13.972Z
23,0x000a,-2.10936,0x00000000,2025-12-14T15:01:13.972Z,2025-12-14T15:01:13.972Z
22,0x000a,-1.47758,0x00000000,2025-12-14T15:01:13.972Z,2025-12-14T15:01:13.972Z
21,0x000a,-2.68858,0x00000000,2025-12-14T15:01:13.972Z,2025-12-14T15:01:13.972Z
14,0x0001,false,0x00000000,2025-12-14T15:01:13.972Z,2025-12-14T15:01:13.972Z
8,0x0004,2322,0x00000000,2025-12-14T15:01:13.969Z,2025-12-14T15:01:13.969Z
7,0x0004,6054,0x00000000,2025-12-14T15:01:13.969Z,2025-12-14T15:01:13.969Z
6,0x0004,165,0x00000000,2025-12-14T15:01:13.969Z,2025-12-14T15:01:13.969Z
39,0x000a,-2.10142,0x00000000,2025-12-14T15:01:14.270Z,2025-12-14T15:01:14.270Z
38,0x000a,-1.4974,0x00000000,2025-12-14T15:01:14.270Z,2025-12-14T15:01:14.270Z
37,0x000a,-0.596788,0x00000000,2025-12-14T15:01:14.270Z,2025-12-14T15:01:14.270Z
36,0x000a,-2.18922,0x00000000,2025-12-14T15:01:14.270Z,2025-12-14T15:01:14.270Z
35,0x000a,-1.57133,0x00000000,2025-12-14T15:01:14.270Z,2025-12-14T15:01:14.270Z
34,0x000a,-1.77243,0x00000000,2025-12-14T15:01:14.270Z,2025-12-14T15:01:14.270Z
28,0x0004,0,0x00000000,2025-12-14T15:01:14.270Z,2025-12-14T15:01:14.270Z
26,0x000a,0.429688,0x00000000,2025-12-14T15:01:14.270Z,2025-12-14T15:01:14.270Z
25,0x000a,1.89996,0x00000000,2025-12-14T15:01:14.270Z,2025-12-14T15:01:14.270Z
24,0x000a,0,0x00000000,2025-12-14T15:01:14.270Z,2025-12-14T15:01:14.270Z
23,0x000a,-2.18922,0x00000000,2025-12-14T15:01:14.270Z,2025-12-14T15:01:14.270Z
22,0x000a,-1.57133,0x00000000,2025-12-14T15:01:14.270Z,2025-12-14T15:01:14.270Z
21,0x000a,-1.77243,0x00000000,2025-12-14T15:01:14.270Z,2025-12-14T15:01:14.270Z
8,0x0004,1188,0x00000000,2025-12-14T15:01:14.268Z,2025-12-14T15:01:14.268Z
7,0x0004,5253,0x00000000,2025-12-14T15:01:14.268Z,2025-12-14T15:01:14.268Z
6,0x0004,0,0x00000000,2025-12-14T15:01:14.268Z,2025-12-14T15:01:14.268Z
40,0x0001,true,0x00000000,2025-12-14T15:01:14.571Z,2025-12-14T15:01:14.571Z
39,0x000a,0,0x00000000,2025-12-14T15:01:14.571Z,2025-12-14T15:01:14.571Z
38,0x000a,-1.50101,0x00000000,2025-12-14T15:01:14.571Z,2025-12-14T15:01:14.571Z
37,0x000a,0,0x00000000,2025-12-14T15:01:14.571Z,2025-12-14T15:01:14.571Z
36,0x000a,-2.57186,0x00000000,2025-12-14T15:01:14.571Z,2025-12-14T15:01:14.571Z
35,0x000a,-1.86853,0x00000000,2025-12-14T15:01:14.571Z,2025-12-14T15:01:14.571Z
34,0x000a,-0.443108,0x00000000,2025-12-14T15:01:14.571Z,2025-12-14T15:01:14.571Z
26,0x000a,0.0198929,0x00000000,2025-12-14T15:01:14.571Z,2025-12-14T15:01:14.571Z
25,0x000a,1.44965,0x00000000,2025-12-14T15:01:14.571Z,2025-12-14T15:01:14.571Z
23,0x000a,-2.57186,0x00000000,2025-12-14T15:01:14.571Z,2025-12-14T15:01:14.571Z
22,0x000a,-1.86853,0x00000000,2025-12-14T15:01:14.571Z,2025-12-14T15:01:14.571Z
21,0x000a,-0.443108,0x00000000,2025-12-14T15:01:14.571Z,2025-12-14T15:01:14.571Z
18,0x0001,false,0x00000000,2025-12-14T15:01:14.571Z,2025-12-14T15:01:14.571Z
8,0x0004,55,0x00000000,2025-12-14T15:01:14.571Z,2025-12-14T15:01:14.571Z
7,0x0004,4008,0x00000000,2025-12-14T15:01:14.571Z,2025-12-14T15:01:14.571Z
42,0x0001,true,0x00000000,2025-12-14T15:01:14.871Z,2025-12-14T15:01:14.871Z
38,0x000a,-1.50101,0x00000000,2025-12-14T15:01:14.871Z,2025-12-14T15:01:14.871Z
36,0x000a,-0.321483,0x00000000,2025-12-14T15:01:14.871Z,2025-12-14T15:01:14.871Z
35,0x000a,-1.64551,0x00000000,2025-12-14T15:01:14.871Z,2025-12-14T15:01:14.871Z
34,0x000a,-0.0553885,0x00000000,2025-12-14T15:01:14.871Z,2025-12-14T15:01:14.871Z
25,0x000a,0.979818,0x00000000,2025-12-14T15:01:14.871Z,2025-12-14T15:01:14.871Z
23,0x000a,-0.321483,0x00000000,2025-12-14T15:01:14.871Z,2025-12-14T15:01:14.871Z
22,0x000a,-1.64551,0x00000000,2025-12-14T15:01:14.871Z,2025-12-14T15:01:14.871Z
21,0x000a,-0.0553885,0x00000000,2025-12-14T15:01:14.871Z,2025-12-14T15:01:14.871Z
7,0x0004,2709,0x00000000,2025-12-14T15:01:14.867Z,2025-12-14T15:01:14.867Z
38,0x000a,-1.4974,0x00000000,2025-12-14T15:01:15.171Z,2025-12-14T15:01:15.171Z
36,0x000a,-0.0803707,0x00000000,2025-12-14T15:01:15.171Z,2025-12-14T15:01:15.171Z
35,0x000a,-1.53714,0x00000000,2025-12-14T15:01:15.171Z,2025-12-14T15:01:15.171Z
34,0x000a,-0.0138471,0x00000000,2025-12-14T15:01:15.171Z,2025-12-14T15:01:15.171Z
25,0x000a,0.539641,0x00000000,2025-12-14T15:01:15.171Z,2025-12-14T15:01:15.171Z
23,0x000a,-0.0803707,0x00000000,2025-12-14T15:01:15.171Z,2025-12-14T15:01:15.171Z
22,0x000a,-1.53714,0x00000000,2025-12-14T15:01:15.171Z,2025-12-14T15:01:15.171Z
21,0x000a,-0.0138471,0x00000000,2025-12-14T15:01:15.171Z,2025-12-14T15:01:15.171Z
7,0x0004,1492,0x00000000,2025-12-14T15:01:15.167Z,2025-12-14T15:01:15.167Z
38,0x000a,-3.00203,0x00000000,2025-12-14T15:01:15.471Z,2025-12-14T15:01:15.471Z
36,0x000a,-0.0100463,0x00000000,2025-12-14T15:01:15.471Z,2025-12-14T15:01:15.471Z
35,0x000a,-1.62895,0x00000000,2025-12-14T15:01:15.471Z,2025-12-14T15:01:15.471Z
34,0x000a,-0.00173089,0x00000000,2025-12-14T15:01:15.471Z,2025-12-14T15:01:15.471Z
25,0x000a,0.0596788,0x00000000,2025-12-14T15:01:15.471Z,2025-12-14T15:01:15.471Z
23,0x000a,-0.0100463,0x00000000,2025-12-14T15:01:15.471Z,2025-12-14T15:01:15.471Z
22,0x000a,-1.62895,0x00000000,2025-12-14T15:01:15.471Z,2025-12-14T15:01:15.471Z
21,0x000a,-0.00173089,0x00000000,2025-12-14T15:01:15.471Z,2025-12-14T15:01:15.471Z
16,0x0001,false,0x00000000,2025-12-14T15:01:15.471Z,2025-12-14T15:01:15.471Z
7,0x0004,165,0x00000000,2025-12-14T15:01:15.471Z,2025-12-14T15:01:15.471Z
38,0x000a,0,0x00000000,2025-12-14T15:01:15.770Z,2025-12-14T15:01:15.770Z
36,0x000a,-0.00125579,0x00000000,2025-12-14T15:01:15.770Z,2025-12-14T15:01:15.770Z
35,0x000a,-0.72807,0x00000000,2025-12-14T15:01:15.770Z,2025-12-14T15:01:15.770Z
34,0x000a,-0.000216361,0x00000000,2025-12-14T15:01:15.770Z,2025-12-14T15:01:15.770Z
29,0x0004,0,0x00000000,2025-12-14T15:01:15.770Z,2025-12-14T15:01:15.770Z
25,0x000a,0,0x00000000,2025-12-14T15:01:15.770Z,2025-12-14T15:01:15.770Z
23,0x000a,-0.00125579,0x00000000,2025-12-14T15:01:15.770Z,2025-12-14T15:01:15.770Z
22,0x000a,-0.72807,0x00000000,2025-12-14T15:01:15.770Z,2025-12-14T15:01:15.770Z
21,0x000a,-0.000216361,0x00000000,2025-12-14T15:01:15.770Z,2025-12-14T15:01:15.770Z
7,0x0004,0,0x00000000,2025-12-14T15:01:15.768Z,2025-12-14T15:01:15.768Z
42,0x0001,false,0x00000000,2025-12-14T15:01:16.071Z,2025-12-14T15:01:16.071Z
40,0x0001,false,0x00000000,2025-12-14T15:01:16.071Z,2025-12-14T15:01:16.071Z
36,0x000a,-0.000313948,0x00000000,2025-12-14T15:01:16.071Z,2025-12-14T15:01:16.071Z
35,0x000a,-0.182017,0x00000000,2025-12-14T15:01:16.071Z,2025-12-14T15:01:16.071Z
34,0x000a,-5.40904e-05,0x00000000,2025-12-14T15:01:16.071Z,2025-12-14T15:01:16.071Z
29,0x0004,1000,0x00000000,2025-12-14T15:01:16.071Z,2025-12-14T15:01:16.071Z
28,0x0004,1000,0x00000000,2025-12-14T15:01:16.071Z,2025-12-14T15:01:16.071Z
26,0x000a,0.0896991,0x00000000,2025-12-14T15:01:16.071Z,2025-12-14T15:01:16.071Z
25,0x000a,0.0998264,0x00000000,2025-12-14T15:01:16.071Z,2025-12-14T15:01:16.071Z
24,0x000a,0.159867,0x00000000,2025-12-14T15:01:16.071Z,2025-12-14T15:01:16.071Z
23,0x000a,-0.000313948,0x00000000,2025-12-14T15:01:16.071Z,2025-12-14T15:01:16.071Z
22,0x000a,-0.182017,0x00000000,2025-12-14T15:01:16.071Z,2025-12-14T15:01:16.071Z
21,0x000a,-5.40904e-05,0x00000000,2025-12-14T15:01:16.071Z,2025-12-14T15:01:16.071Z
17,0x0001,true,0x00000000,2025-12-14T15:01:16.071Z,2025-12-14T15:01:16.071Z
15,0x0001,true,0x00000000,2025-12-14T15:01:16.071Z,2025-12-14T15:01:16.071Z
13,0x0001,true,0x00000000,2025-12-14T15:01:16.071Z,2025-12-14T15:01:16.071Z
8,0x0004,248,0x00000000,2025-12-14T15:01:16.071Z,2025-12-14T15:01:16.071Z
7,0x0004,276,0x00000000,2025-12-14T15:01:16.071Z,2025-12-14T15:01:16.071Z
6,0x0004,442,0x00000000,2025-12-14T15:01:16.071Z,2025-12-14T15:01:16.071Z
4,0x000a,10,0x00000000,2025-12-14T15:01:16.071Z,2025-12-14T15:01:16.071Z
3,0x000a,9,0x00000000,2025-12-14T15:01:16.071Z,2025-12-14T15:01:16.071Z
2,0x000a,8,0x00000000,2025-12-14T15:01:16.071Z,2025-12-14T15:01:16.071Z
39,0x000a,2.10142,0x00000000,2025-12-14T15:01:16.371Z,2025-12-14T15:01:16.371Z
38,0x000a,1.39974,0x00000000,2025-12-14T15:01:16.371Z,2025-12-14T15:01:16.371Z
37,0x000a,2.70182,0x00000000,2025-12-14T15:01:16.371Z,2025-12-14T15:01:16.371Z
36,0x000a,1.17455,0x00000000,2025-12-14T15:01:16.371Z,2025-12-14T15:01:16.371Z
35,0x000a,0.97732,0x00000000,2025-12-14T15:01:16.371Z,2025-12-14T15:01:16.371Z
34,0x000a,1.74876,0x00000000,2025-12-14T15:01:16.371Z,2025-12-14T15:01:16.371Z
26,0x000a,0.749783,0x00000000,2025-12-14T15:01:16.371Z,2025-12-14T15:01:16.371Z
25,0x000a,0.569661,0x00000000,2025-12-14T15:01:16.371Z,2025-12-14T15:01:16.371Z
24,0x000a,1.01997,0x00000000,2025-12-14T15:01:16.371Z,2025-12-14T15:01:16.371Z
23,0x000a,1.17455,0x00000000,2025-12-14T15:01:16.371Z,2025-12-14T15:01:16.371Z
22,0x000a,0.97732,0x00000000,2025-12-14T15:01:16.371Z,2025-12-14T15:01:16.371Z
21,0x000a,1.74876,0x00000000,2025-12-14T15:01:16.371Z,2025-12-14T15:01:16.371Z
8,0x0004,2073,0x00000000,2025-12-14T15:01:16.369Z,2025-12-14T15:01:16.369Z
7,0x0004,1575,0x00000000,2025-12-14T15:01:16.369Z,2025-12-14T15:01:16.369Z
6,0x0004,2820,0x00000000,2025-12-14T15:01:16.369Z,2025-12-14T15:01:16.369Z
39,0x000a,2.00014,0x00000000,2025-12-14T15:01:16.669Z,2025-12-14T15:01:16.669Z
38,0x000a,1.50101,0x00000000,2025-12-14T15:01:16.669Z,2025-12-14T15:01:16.669Z
37,0x000a,2.69821,0x00000000,2025-12-14T15:01:16.669Z,2025-12-14T15:01:16.669Z
36,0x000a,3.0851,0x00000000,2025-12-14T15:01:16.669Z,2025-12-14T15:01:16.669Z
35,0x000a,2.24754,0x00000000,2025-12-14T15:01:16.669Z,2025-12-14T15:01:16.669Z
34,0x000a,4.00594,0x00000000,2025-12-14T15:01:16.669Z,2025-12-14T15:01:16.669Z
26,0x000a,1.35995,0x00000000,2025-12-14T15:01:16.669Z,2025-12-14T15:01:16.669Z
25,0x000a,1.01997,0x00000000,2025-12-14T15:01:16.669Z,2025-12-14T15:01:16.669Z
24,0x000a,1.81966,0x00000000,2025-12-14T15:01:16.669Z,2025-12-14T15:01:16.669Z
23,0x000a,3.0851,0x00000000,2025-12-14T15:01:16.669Z,2025-12-14T15:01:16.669Z
22,0x000a,2.24754,0x00000000,2025-12-14T15:01:16.669Z,2025-12-14T15:01:16.669Z
21,0x000a,4.00594,0x00000000,2025-12-14T15:01:16.669Z,2025-12-14T15:01:16.669Z
8,0x0004,3760,0x00000000,2025-12-14T15:01:16.669Z,2025-12-14T15:01:16.669Z
7,0x0004,2820,0x00000000,2025-12-14T15:01:16.669Z,2025-12-14T15:01:16.669Z
6,0x0004,5031,0x00000000,2025-12-14T15:01:16.669Z,2025-12-14T15:01:16.669Z
38,0x000a,1.4974,0x00000000,2025-12-14T15:01:16.970Z,2025-12-14T15:01:16.970Z
37,0x000a,2.70182,0x00000000,2025-12-14T15:01:16.970Z,2025-12-14T15:01:16.970Z
36,0x000a,2.32021,0x00000000,2025-12-14T15:01:16.970Z,2025-12-14T15:01:16.970Z
35,0x000a,1.63701,0x00000000,2025-12-14T15:01:16.970Z,2025-12-14T15:01:16.970Z
34,0x000a,2.97631,0x00000000,2025-12-14T15:01:16.970Z,2025-12-14T15:01:16.970Z
26,0x000a,1.97989,0x00000000,2025-12-14T15:01:16.970Z,2025-12-14T15:01:16.970Z
25,0x000a,1.45978,0x00000000,2025-12-14T15:01:16.970Z,2025-12-14T15:01:16.970Z
24,0x000a,2.60995,0x00000000,2025-12-14T15:01:16.970Z,2025-12-14T15:01:16.970Z
23,0x000a,2.32021,0x00000000,2025-12-14T15:01:16.970Z,2025-12-14T15:01:16.970Z
22,0x000a,1.63701,0x00000000,2025-12-14T15:01:16.970Z,2025-12-14T15:01:16.970Z
21,0x000a,2.97631,0x00000000,2025-12-14T15:01:16.970Z,2025-12-14T15:01:16.970Z
8,0x0004,5474,0x00000000,2025-12-14T15:01:16.968Z,2025-12-14T15:01:16.968Z
7,0x0004,4036,0x00000000,2025-12-14T15:01:16.968Z,2025-12-14T15:01:16.968Z
6,0x0004,7216,0x00000000,2025-12-14T15:01:16.968Z,2025-12-14T15:01:16.968Z
39,0x000a,2.0978,0x00000000,2025-12-14T15:01:17.271Z,2025-12-14T15:01:17.271Z
38,0x000a,1.39974,0x00000000,2025-12-14T15:01:17.271Z,2025-12-14T15:01:17.271Z
36,0x000a,2.06547,0x00000000,2025-12-14T15:01:17.271Z,2025-12-14T15:01:17.271Z
35,0x000a,1.51756,0x00000000,2025-12-14T15:01:17.271Z,2025-12-14T15:01:17.271Z
34,0x000a,2.70901,0x00000000,2025-12-14T15:01:17.271Z,2025-12-14T15:01:17.271Z
26,0x000a,2.5897,0x00000000,2025-12-14T15:01:17.271Z,2025-12-14T15:01:17.271Z
25,0x000a,1.89996,0x00000000,2025-12-14T15:01:17.271Z,2025-12-14T15:01:17.271Z
24,0x000a,3.40965,0x00000000,2025-12-14T15:01:17.271Z,2025-12-14T15:01:17.271Z
23,0x000a,2.06547,0x00000000,2025-12-14T15:01:17.271Z,2025-12-14T15:01:17.271Z
22,0x000a,1.51756,0x00000000,2025-12-14T15:01:17.271Z,2025-12-14T15:01:17.271Z
21,0x000a,2.70901,0x00000000,2025-12-14T15:01:17.271Z,2025-12-14T15:01:17.271Z
8,0x0004,7160,0x00000000,2025-12-14T15:01:17.271Z,2025-12-14T15:01:17.271Z
7,0x0004,5253,0x00000000,2025-12-14T15:01:17.271Z,2025-12-14T15:01:17.271Z
6,0x0004,9427,0x00000000,2025-12-14T15:01:17.271Z,2025-12-14T15:01:17.271Z
39,0x000a,2.50289,0x00000000,2025-12-14T15:01:17.570Z,2025-12-14T15:01:17.570Z
38,0x000a,1.7976,0x00000000,2025-12-14T15:01:17.570Z,2025-12-14T15:01:17.570Z
37,0x000a,3.20096,0x00000000,2025-12-14T15:01:17.570Z,2025-12-14T15:01:17.570Z
36,0x000a,2.27189,0x00000000,2025-12-14T15:01:17.570Z,2025-12-14T15:01:17.570Z
35,0x000a,1.63872,0x00000000,2025-12-14T15:01:17.570Z,2025-12-14T15:01:17.570Z
34,0x000a,2.92606,0x00000000,2025-12-14T15:01:17.570Z,2025-12-14T15:01:17.570Z
26,0x000a,3.04977,0x00000000,2025-12-14T15:01:17.570Z,2025-12-14T15:01:17.570Z
25,0x000a,2.22982,0x00000000,2025-12-14T15:01:17.570Z,2025-12-14T15:01:17.570Z
24,0x000a,3.99993,0x00000000,2025-12-14T15:01:17.570Z,2025-12-14T15:01:17.570Z
23,0x000a,2.27189,0x00000000,2025-12-14T15:01:17.570Z,2025-12-14T15:01:17.570Z
22,0x000a,1.63872,0x00000000,2025-12-14T15:01:17.570Z,2025-12-14T15:01:17.570Z
21,0x000a,2.92606,0x00000000,2025-12-14T15:01:17.570Z,2025-12-14T15:01:17.570Z
8,0x0004,8432,0x00000000,2025-12-14T15:01:17.570Z,2025-12-14T15:01:17.570Z
7,0x0004,6165,0x00000000,2025-12-14T15:01:17.570Z,2025-12-14T15:01:17.570Z
6,0x0004,11059,0x00000000,2025-12-14T15:01:17.570Z,2025-12-14T15:01:17.570Z
39,0x000a,2.00015,0x00000000,2025-12-14T15:01:17.869Z,2025-12-14T15:01:17.869Z
38,0x000a,1.50101,0x00000000,2025-12-14T15:01:17.869Z,2025-12-14T15:01:17.869Z
37,0x000a,2.60055,0x00000000,2025-12-14T15:01:17.869Z,2025-12-14T15:01:17.869Z
36,0x000a,3.1432,0x00000000,2025-12-14T15:01:17.869Z,2025-12-14T15:01:17.869Z
35,0x000a,2.23531,0x00000000,2025-12-14T15:01:17.869Z,2025-12-14T15:01:17.869Z
34,0x000a,4.05635,0x00000000,2025-12-14T15:01:17.869Z,2025-12-14T15:01:17.869Z
26,0x000a,3.65994,0x00000000,2025-12-14T15:01:17.869Z,2025-12-14T15:01:17.869Z
25,0x000a,2.66999,0x00000000,2025-12-14T15:01:17.869Z,2025-12-14T15:01:17.869Z
24,0x000a,4.78986,0x00000000,2025-12-14T15:01:17.869Z,2025-12-14T15:01:17.869Z
23,0x000a,3.1432,0x00000000,2025-12-14T15:01:17.869Z,2025-12-14T15:01:17.869Z
22,0x000a,2.23531,0x00000000,2025-12-14T15:01:17.869Z,2025-12-14T15:01:17.869Z
21,0x000a,4.05635,0x00000000,2025-12-14T15:01:17.869Z,2025-12-14T15:01:17.869Z
8,0x0004,10119,0x00000000,2025-12-14T15:01:17.869Z,2025-12-14T15:01:17.869Z
7,0x0004,7382,0x00000000,2025-12-14T15:01:17.869Z,2025-12-14T15:01:17.869Z
6,0x0004,13243,0x00000000,2025-12-14T15:01:17.869Z,2025-12-14T15:01:17.869Z
39,0x000a,2.0978,0x00000000,2025-12-14T15:01:18.171Z,2025-12-14T15:01:18.171Z
38,0x000a,1.39974,0x00000000,2025-12-14T15:01:18.171Z,2025-12-14T15:01:18.171Z
37,0x000a,2.70183,0x00000000,2025-12-14T15:01:18.171Z,2025-12-14T15:01:18.171Z
36,0x000a,2.26781,0x00000000,2025-12-14T15:01:18.171Z,2025-12-14T15:01:18.171Z
35,0x000a,1.66695,0x00000000,2025-12-14T15:01:18.171Z,2025-12-14T15:01:18.171Z
34,0x000a,2.98145,0x00000000,2025-12-14T15:01:18.171Z,2025-12-14T15:01:18.171Z
26,0x000a,4.31966,0x00000000,2025-12-14T15:01:18.171Z,2025-12-14T15:01:18.171Z
25,0x000a,3.13983,0x00000000,2025-12-14T15:01:18.171Z,2025-12-14T15:01:18.171Z
24,0x000a,5.64996,0x00000000,2025-12-14T15:01:18.171Z,2025-12-14T15:01:18.171Z
23,0x000a,2.26781,0x00000000,2025-12-14T15:01:18.171Z,2025-12-14T15:01:18.171Z
22,0x000a,1.66695,0x00000000,2025-12-14T15:01:18.171Z,2025-12-14T15:01:18.171Z
21,0x000a,2.98145,0x00000000,2025-12-14T15:01:18.171Z,2025-12-14T15:01:18.171Z
8,0x0004,11943,0x00000000,2025-12-14T15:01:18.168Z,2025-12-14T15:01:18.168Z
7,0x0004,8681,0x00000000,2025-12-14T15:01:18.168Z,2025-12-14T15:01:18.168Z
6,0x0004,15621,0x00000000,2025-12-14T15:01:18.168Z,2025-12-14T15:01:18.168Z
39,0x000a,2.10142,0x00000000,2025-12-14T15:01:18.470Z,2025-12-14T15:01:18.470Z
38,0x000a,1.4974,0x00000000,2025-12-14T15:01:18.470Z,2025-12-14T15:01:18.470Z
37,0x000a,2.70182,0x00000000,2025-12-14T15:01:18.470Z,2025-12-14T15:01:18.470Z
36,0x000a,2.09147,0x00000000,2025-12-14T15:01:18.470Z,2025-12-14T15:01:18.470Z
35,0x000a,1.51718,0x00000000,2025-12-14T15:01:18.470Z,2025-12-14T15:01:18.470Z
34,0x000a,2.71929,0x00000000,2025-12-14T15:01:18.470Z,2025-12-14T15:01:18.470Z
26,0x000a,4.97975,0x00000000,2025-12-14T15:01:18.470Z,2025-12-14T15:01:18.470Z
25,0x000a,3.61979,0x00000000,2025-12-14T15:01:18.470Z,2025-12-14T15:01:18.470Z
24,0x000a,6.49993,0x00000000,2025-12-14T15:01:18.470Z,2025-12-14T15:01:18.470Z
23,0x000a,2.09147,0x00000000,2025-12-14T15:01:18.470Z,2025-12-14T15:01:18.470Z
22,0x000a,1.51718,0x00000000,2025-12-14T15:01:18.470Z,2025-12-14T15:01:18.470Z
21,0x000a,2.71929,0x00000000,2025-12-14T15:01:18.470Z,2025-12-14T15:01:18.470Z
8,0x0004,13768,0x00000000,2025-12-14T15:01:18.468Z,2025-12-14T15:01:18.468Z
7,0x0004,10008,0x00000000,2025-12-14T15:01:18.468Z,2025-12-14T15:01:18.468Z
6,0x0004,17971,0x00000000,2025-12-14T15:01:18.468Z,2025-12-14T15:01:18.468Z
38,0x000a,1.50101,0x00000000,2025-12-14T15:01:18.770Z,2025-12-14T15:01:18.770Z
37,0x000a,2.69821,0x00000000,2025-12-14T15:01:18.770Z,2025-12-14T15:01:18.770Z
36,0x000a,2.149,0x00000000,2025-12-14T15:01:18.770Z,2025-12-14T15:01:18.770Z
35,0x000a,1.527,0x00000000,2025-12-14T15:01:18.770Z,2025-12-14T15:01:18.770Z
34,0x000a,2.77815,0x00000000,2025-12-14T15:01:18.770Z,2025-12-14T15:01:18.770Z
26,0x000a,5.58992,0x00000000,2025-12-14T15:01:18.770Z,2025-12-14T15:01:18.770Z
25,0x000a,4.05997,0x00000000,2025-12-14T15:01:18.770Z,2025-12-14T15:01:18.770Z
24,0x000a,7.28986,0x00000000,2025-12-14T15:01:18.770Z,2025-12-14T15:01:18.770Z
23,0x000a,2.149,0x00000000,2025-12-14T15:01:18.770Z,2025-12-14T15:01:18.770Z
22,0x000a,1.527,0x00000000,2025-12-14T15:01:18.770Z,2025-12-14T15:01:18.770Z
21,0x000a,2.77815,0x00000000,2025-12-14T15:01:18.770Z,2025-12-14T15:01:18.770Z
8,0x0004,15455,0x00000000,2025-12-14T15:01:18.770Z,2025-12-14T15:01:18.770Z
7,0x0004,11225,0x00000000,2025-12-14T15:01:18.770Z,2025-12-14T15:01:18.770Z
6,0x0004,20155,0x00000000,2025-12-14T15:01:18.770Z,2025-12-14T15:01:18.770Z
38,0x000a,1.39974,0x00000000,2025-12-14T15:01:19.070Z,2025-12-14T15:01:19.070Z
37,0x000a,2.60055,0x00000000,2025-12-14T15:01:19.070Z,2025-12-14T15:01:19.070Z
36,0x000a,2.55586,0x00000000,2025-12-14T15:01:19.070Z,2025-12-14T15:01:19.070Z
35,0x000a,1.87861,0x00000000,2025-12-14T15:01:19.070Z,2025-12-14T15:01:19.070Z
34,0x000a,3.36015,0x00000000,2025-12-14T15:01:19.070Z,2025-12-14T15:01:19.070Z
26,0x000a,6.20985,0x00000000,2025-12-14T15:01:19.070Z,2025-12-14T15:01:19.070Z
25,0x000a,4.49978,0x00000000,2025-12-14T15:01:19.070Z,2025-12-14T15:01:19.070Z
24,0x000a,8.08992,0x00000000,2025-12-14T15:01:19.070Z,2025-12-14T15:01:19.070Z
23,0x000a,2.55586,0x00000000,2025-12-14T15:01:19.070Z,2025-12-14T15:01:19.070Z
22,0x000a,1.87861,0x00000000,2025-12-14T15:01:19.070Z,2025-12-14T15:01:19.070Z
21,0x000a,3.36015,0x00000000,2025-12-14T15:01:19.070Z,2025-12-14T15:01:19.070Z
13,0x0001,false,0x00000000,2025-12-14T15:01:19.070Z,2025-12-14T15:01:19.070Z
8,0x0004,17169,0x00000000,2025-12-14T15:01:19.068Z,2025-12-14T15:01:19.068Z
7,0x0004,12441,0x00000000,2025-12-14T15:01:19.068Z,2025-12-14T15:01:19.068Z
6,0x0004,22367,0x00000000,2025-12-14T15:01:19.068Z,2025-12-14T15:01:19.068Z
39,0x000a,2.00014,0x00000000,2025-12-14T15:01:19.371Z,2025-12-14T15:01:19.371Z
38,0x000a,1.4974,0x00000000,2025-12-14T15:01:19.371Z,2025-12-14T15:01:19.371Z
37,0x000a,0,0x00000000,2025-12-14T15:01:19.371Z,2025-12-14T15:01:19.371Z
36,0x000a,2.41396,0x00000000,2025-12-14T15:01:19.371Z,2025-12-14T15:01:19.371Z
35,0x000a,1.72019,0x00000000,2025-12-14T15:01:19.371Z,2025-12-14T15:01:19.371Z
34,0x000a,2.28951,0x00000000,2025-12-14T15:01:19.371Z,2025-12-14T15:01:19.371Z
26,0x000a,6.86994,0x00000000,2025-12-14T15:01:19.371Z,2025-12-14T15:01:19.371Z
25,0x000a,4.97975,0x00000000,2025-12-14T15:01:19.371Z,2025-12-14T15:01:19.371Z
24,0x000a,8.24978,0x00000000,2025-12-14T15:01:19.371Z,2025-12-14T15:01:19.371Z
23,0x000a,2.41396,0x00000000,2025-12-14T15:01:19.371Z,2025-12-14T15:01:19.371Z
22,0x000a,1.72019,0x00000000,2025-12-14T15:01:19.371Z,2025-12-14T15:01:19.371Z
21,0x000a,2.28951,0x00000000,2025-12-14T15:01:19.371Z,2025-12-14T15:01:19.371Z
8,0x0004,18994,0x00000000,2025-12-14T15:01:19.368Z,2025-12-14T15:01:19.368Z
7,0x0004,13768,0x00000000,2025-12-14T15:01:19.368Z,2025-12-14T15:01:19.368Z
6,0x0004,22809,0x00000000,2025-12-14T15:01:19.368Z,2025-12-14T15:01:19.368Z
40,0x0001,true,0x00000000,2025-12-14T15:01:19.670Z,2025-12-14T15:01:19.670Z
39,0x000a,2.49928,0x00000000,2025-12-14T15:01:19.670Z,2025-12-14T15:01:19.670Z
38,0x000a,1.80122,0x00000000,2025-12-14T15:01:19.670Z,2025-12-14T15:01:19.670Z
36,0x000a,2.07719,0x00000000,2025-12-14T15:01:19.670Z,2025-12-14T15:01:19.670Z
35,0x000a,1.47732,0x00000000,2025-12-14T15:01:19.670Z,2025-12-14T15:01:19.670Z
34,0x000a,0.286188,0x00000000,2025-12-14T15:01:19.670Z,2025-12-14T15:01:19.670Z
26,0x000a,7.51989,0x00000000,2025-12-14T15:01:19.670Z,2025-12-14T15:01:19.670Z
25,0x000a,5.44994,0x00000000,2025-12-14T15:01:19.670Z,2025-12-14T15:01:19.670Z
23,0x000a,2.07719,0x00000000,2025-12-14T15:01:19.670Z,2025-12-14T15:01:19.670Z
22,0x000a,1.47732,0x00000000,2025-12-14T15:01:19.670Z,2025-12-14T15:01:19.670Z
21,0x000a,0.286188,0x00000000,2025-12-14T15:01:19.670Z,2025-12-14T15:01:19.670Z
8,0x0004,20791,0x00000000,2025-12-14T15:01:19.670Z,2025-12-14T15:01:19.670Z
7,0x0004,15068,0x00000000,2025-12-14T15:01:19.670Z,2025-12-14T15:01:19.670Z
39,0x000a,4.10156,0x00000000,2025-12-14T15:01:19.971Z,2025-12-14T15:01:19.971Z
38,0x000a,2.90075,0x00000000,2025-12-14T15:01:19.971Z,2025-12-14T15:01:19.971Z
36,0x000a,2.121,0x00000000,2025-12-14T15:01:19.971Z,2025-12-14T15:01:19.971Z
35,0x000a,1.53377,0x00000000,2025-12-14T15:01:19.971Z,2025-12-14T15:01:19.971Z
34,0x000a,0.0357735,0x00000000,2025-12-14T15:01:19.971Z,2025-12-14T15:01:19.971Z
26,0x000a,8.13983,0x00000000,2025-12-14T15:01:19.971Z,2025-12-14T15:01:19.971Z
25,0x000a,5.88976,0x00000000,2025-12-14T15:01:19.971Z,2025-12-14T15:01:19.971Z
23,0x000a,2.121,0x00000000,2025-12-14T15:01:19.971Z,2025-12-14T15:01:19.971Z
22,0x000a,1.53377,0x00000000,2025-12-14T15:01:19.971Z,2025-12-14T15:01:19.971Z
21,0x000a,0.0357735,0x00000000,2025-12-14T15:01:19.971Z,2025-12-14T15:01:19.971Z
8,0x0004,22505,0x00000000,2025-12-14T15:01:19.968Z,2025-12-14T15:01:19.968Z
7,0x0004,16284,0x00000000,2025-12-14T15:01:19.968Z,2025-12-14T15:01:19.968Z
39,0x000a,2.00014,0x00000000,2025-12-14T15:01:20.272Z,2025-12-14T15:01:20.272Z
38,0x000a,1.50101,0x00000000,2025-12-14T15:01:20.272Z,2025-12-14T15:01:20.272Z
36,0x000a,2.80528,0x00000000,2025-12-14T15:01:20.272Z,2025-12-14T15:01:20.272Z
35,0x000a,2.00924,0x00000000,2025-12-14T15:01:20.272Z,2025-12-14T15:01:20.272Z
34,0x000a,0.00894338,0x00000000,2025-12-14T15:01:20.272Z,2025-12-14T15:01:20.272Z
26,0x000a,8.58977,0x00000000,2025-12-14T15:01:20.272Z,2025-12-14T15:01:20.272Z
25,0x000a,6.21998,0x00000000,2025-12-14T15:01:20.272Z,2025-12-14T15:01:20.272Z
23,0x000a,2.80528,0x00000000,2025-12-14T15:01:20.272Z,2025-12-14T15:01:20.272Z
22,0x000a,2.00924,0x00000000,2025-12-14T15:01:20.272Z,2025-12-14T15:01:20.272Z
21,0x000a,0.00894338,0x00000000,2025-12-14T15:01:20.272Z,2025-12-14T15:01:20.272Z
8,0x0004,23749,0x00000000,2025-12-14T15:01:20.270Z,2025-12-14T15:01:20.270Z
7,0x0004,17197,0x00000000,2025-12-14T15:01:20.270Z,2025-12-14T15:01:20.270Z
39,0x000a,2.0978,0x00000000,2025-12-14T15:01:20.571Z,2025-12-14T15:01:20.571Z
36,0x000a,2.1261,0x00000000,2025-12-14T15:01:20.571Z,2025-12-14T15:01:20.571Z
35,0x000a,1.513,0x00000000,2025-12-14T15:01:20.571Z,2025-12-14T15:01:20.571Z
34,0x000a,0.00111792,0x00000000,2025-12-14T15:01:20.571Z,2025-12-14T15:01:20.571Z
26,0x000a,9.20971,0x00000000,2025-12-14T15:01:20.571Z,2025-12-14T15:01:20.571Z
25,0x000a,6.65979,0x00000000,2025-12-14T15:01:20.571Z,2025-12-14T15:01:20.571Z
23,0x000a,2.1261,0x00000000,2025-12-14T15:01:20.571Z,2025-12-14T15:01:20.571Z
22,0x000a,1.513,0x00000000,2025-12-14T15:01:20.571Z,2025-12-14T15:01:20.571Z
21,0x000a,0.00111792,0x00000000,2025-12-14T15:01:20.571Z,2025-12-14T15:01:20.571Z
8,0x0004,25463,0x00000000,2025-12-14T15:01:20.568Z,2025-12-14T15:01:20.568Z
7,0x0004,18413,0x00000000,2025-12-14T15:01:20.568Z,2025-12-14T15:01:20.568Z
39,0x000a,2.49928,0x00000000,2025-12-14T15:01:20.870Z,2025-12-14T15:01:20.870Z
38,0x000a,1.7976,0x00000000,2025-12-14T15:01:20.870Z,2025-12-14T15:01:20.870Z
36,0x000a,2.27766,0x00000000,2025-12-14T15:01:20.870Z,2025-12-14T15:01:20.870Z
35,0x000a,1.6508,0x00000000,2025-12-14T15:01:20.870Z,2025-12-14T15:01:20.870Z
34,0x000a,0.00013974,0x00000000,2025-12-14T15:01:20.870Z,2025-12-14T15:01:20.870Z
26,0x000a,9.86979,0x00000000,2025-12-14T15:01:20.870Z,2025-12-14T15:01:20.870Z
25,0x000a,7.13976,0x00000000,2025-12-14T15:01:20.870Z,2025-12-14T15:01:20.870Z
23,0x000a,2.27766,0x00000000,2025-12-14T15:01:20.870Z,2025-12-14T15:01:20.870Z
22,0x000a,1.6508,0x00000000,2025-12-14T15:01:20.870Z,2025-12-14T15:01:20.870Z
21,0x000a,0.00013974,0x00000000,2025-12-14T15:01:20.870Z,2025-12-14T15:01:20.870Z
17,0x0001,false,0x00000000,2025-12-14T15:01:20.870Z,2025-12-14T15:01:20.870Z
8,0x0004,27288,0x00000000,2025-12-14T15:01:20.868Z,2025-12-14T15:01:20.868Z
7,0x0004,19740,0x00000000,2025-12-14T15:01:20.868Z,2025-12-14T15:01:20.868Z
39,0x000a,0,0x00000000,2025-12-14T15:01:21.172Z,2025-12-14T15:01:21.172Z
38,0x000a,3.00202,0x00000000,2025-12-14T15:01:21.172Z,2025-12-14T15:01:21.172Z
36,0x000a,1.74581,0x00000000,2025-12-14T15:01:21.172Z,2025-12-14T15:01:21.172Z
35,0x000a,1.48782,0x00000000,2025-12-14T15:01:21.172Z,2025-12-14T15:01:21.172Z
34,0x000a,3.49351e-05,0x00000000,2025-12-14T15:01:21.172Z,2025-12-14T15:01:21.172Z
30,0x0004,0,0x00000000,2025-12-14T15:01:21.172Z,2025-12-14T15:01:21.172Z
26,0x000a,10,0x00000000,2025-12-14T15:01:21.172Z,2025-12-14T15:01:21.172Z
25,0x000a,7.57993,0x00000000,2025-12-14T15:01:21.172Z,2025-12-14T15:01:21.172Z
23,0x000a,1.74581,0x00000000,2025-12-14T15:01:21.172Z,2025-12-14T15:01:21.172Z
22,0x000a,1.48782,0x00000000,2025-12-14T15:01:21.172Z,2025-12-14T15:01:21.172Z
21,0x000a,3.49351e-05,0x00000000,2025-12-14T15:01:21.172Z,2025-12-14T15:01:21.172Z
8,0x0004,27648,0x00000000,2025-12-14T15:01:21.170Z,2025-12-14T15:01:21.170Z
7,0x0004,20957,0x00000000,2025-12-14T15:01:21.170Z,2025-12-14T15:01:21.170Z
42,0x0001,true,0x00000000,2025-12-14T15:01:21.472Z,2025-12-14T15:01:21.472Z
38,0x000a,1.50101,0x00000000,2025-12-14T15:01:21.472Z,2025-12-14T15:01:21.472Z
36,0x000a,0.218227,0x00000000,2025-12-14T15:01:21.472Z,2025-12-14T15:01:21.472Z
35,0x000a,1.63545,0x00000000,2025-12-14T15:01:21.472Z,2025-12-14T15:01:21.472Z
34,0x000a,4.36689e-06,0x00000000,2025-12-14T15:01:21.472Z,2025-12-14T15:01:21.472Z
25,0x000a,8.01975,0x00000000,2025-12-14T15:01:21.472Z,2025-12-14T15:01:21.472Z
23,0x000a,0.218227,0x00000000,2025-12-14T15:01:21.472Z,2025-12-14T15:01:21.472Z
22,0x000a,1.63545,0x00000000,2025-12-14T15:01:21.472Z,2025-12-14T15:01:21.472Z
21,0x000a,4.36689e-06,0x00000000,2025-12-14T15:01:21.472Z,2025-12-14T15:01:21.472Z
7,0x0004,22173,0x00000000,2025-12-14T15:01:21.468Z,2025-12-14T15:01:21.468Z
36,0x000a,0.0272783,0x00000000,2025-12-14T15:01:21.773Z,2025-12-14T15:01:21.773Z
35,0x000a,1.59287,0x00000000,2025-12-14T15:01:21.773Z,2025-12-14T15:01:21.773Z
34,0x000a,5.45861e-07,0x00000000,2025-12-14T15:01:21.773Z,2025-12-14T15:01:21.773Z
25,0x000a,8.49971,0x00000000,2025-12-14T15:01:21.773Z,2025-12-14T15:01:21.773Z
23,0x000a,0.0272783,0x00000000,2025-12-14T15:01:21.773Z,2025-12-14T15:01:21.773Z
22,0x000a,1.59287,0x00000000,2025-12-14T15:01:21.773Z,2025-12-14T15:01:21.773Z
21,0x000a,5.45861e-07,0x00000000,2025-12-14T15:01:21.773Z,2025-12-14T15:01:21.773Z
7,0x0004,23500,0x00000000,2025-12-14T15:01:21.769Z,2025-12-14T15:01:21.769Z
36,0x000a,0.00681958,0x00000000,2025-12-14T15:01:22.070Z,2025-12-14T15:01:22.070Z
35,0x000a,1.47244,0x00000000,2025-12-14T15:01:22.070Z,2025-12-14T15:01:22.070Z
34,0x000a,1.36465e-07,0x00000000,2025-12-14T15:01:22.070Z,2025-12-14T15:01:22.070Z
25,0x000a,8.96991,0x00000000,2025-12-14T15:01:22.070Z,2025-12-14T15:01:22.070Z
23,0x000a,0.00681958,0x00000000,2025-12-14T15:01:22.070Z,2025-12-14T15:01:22.070Z
22,0x000a,1.47244,0x00000000,2025-12-14T15:01:22.070Z,2025-12-14T15:01:22.070Z
21,0x000a,1.36465e-07,0x00000000,2025-12-14T15:01:22.070Z,2025-12-14T15:01:22.070Z
15,0x0001,false,0x00000000,2025-12-14T15:01:22.070Z,2025-12-14T15:01:22.070Z
7,0x0004,24800,0x00000000,2025-12-14T15:01:22.070Z,2025-12-14T15:01:22.070Z
38,0x000a,0,0x00000000,2025-12-14T15:01:22.370Z,2025-12-14T15:01:22.370Z
36,0x000a,0.000852448,0x00000000,2025-12-14T15:01:22.370Z,2025-12-14T15:01:22.370Z
35,0x000a,1.12219,0x00000000,2025-12-14T15:01:22.370Z,2025-12-14T15:01:22.370Z
34,0x000a,1.70581e-08,0x00000000,2025-12-14T15:01:22.370Z,2025-12-14T15:01:22.370Z
25,0x000a,9.02995,0x00000000,2025-12-14T15:01:22.370Z,2025-12-14T15:01:22.370Z
23,0x000a,0.000852448,0x00000000,2025-12-14T15:01:22.370Z,2025-12-14T15:01:22.370Z
22,0x000a,1.12219,0x00000000,2025-12-14T15:01:22.370Z,2025-12-14T15:01:22.370Z
21,0x000a,1.70581e-08,0x00000000,2025-12-14T15:01:22.370Z,2025-12-14T15:01:22.370Z
7,0x0004,24966,0x00000000,2025-12-14T15:01:22.368Z,2025-12-14T15:01:22.368Z
42,0x0001,false,0x00000000,2025-12-14T15:01:22.670Z,2025-12-14T15:01:22.670Z
40,0x0001,false,0x00000000,2025-12-14T15:01:22.670Z,2025-12-14T15:01:22.670Z
36,0x000a,0.000213112,0x00000000,2025-12-14T15:01:22.670Z,2025-12-14T15:01:22.670Z
35,0x000a,0.280547,0x00000000,2025-12-14T15:01:22.670Z,2025-12-14T15:01:22.670Z
34,0x000a,4.26454e-09,0x00000000,2025-12-14T15:01:22.670Z,2025-12-14T15:01:22.670Z
30,0x0004,1000,0x00000000,2025-12-14T15:01:22.670Z,2025-12-14T15:01:22.670Z
26,0x000a,9.95985,0x00000000,2025-12-14T15:01:22.670Z,2025-12-14T15:01:22.670Z
25,0x000a,8.93989,0x00000000,2025-12-14T15:01:22.670Z,2025-12-14T15:01:22.670Z
24,0x000a,8.08992,0x00000000,2025-12-14T15:01:22.670Z,2025-12-14T15:01:22.670Z
23,0x000a,0.000213112,0x00000000,2025-12-14T15:01:22.670Z,2025-12-14T15:01:22.670Z
22,0x000a,0.280547,0x00000000,2025-12-14T15:01:22.670Z,2025-12-14T15:01:22.670Z
21,0x000a,4.26454e-09,0x00000000,2025-12-14T15:01:22.670Z,2025-12-14T15:01:22.670Z
18,0x0001,true,0x00000000,2025-12-14T15:01:22.670Z,2025-12-14T15:01:22.670Z
16,0x0001,true,0x00000000,2025-12-14T15:01:22.670Z,2025-12-14T15:01:22.670Z
14,0x0001,true,0x00000000,2025-12-14T15:01:22.670Z,2025-12-14T15:01:22.670Z
8,0x0004,27537,0x00000000,2025-12-14T15:01:22.670Z,2025-12-14T15:01:22.670Z
7,0x0004,24717,0x00000000,2025-12-14T15:01:22.670Z,2025-12-14T15:01:22.670Z
6,0x0004,22367,0x00000000,2025-12-14T15:01:22.670Z,2025-12-14T15:01:22.670Z
4,0x000a,5,0x00000000,2025-12-14T15:01:22.670Z,2025-12-14T15:01:22.670Z
3,0x000a,5,0x00000000,2025-12-14T15:01:22.670Z,2025-12-14T15:01:22.670Z
2,0x000a,5,0x00000000,2025-12-14T15:01:22.670Z,2025-12-14T15:01:22.670Z
39,0x000a,-2.00014,0x00000000,2025-12-14T15:01:22.972Z,2025-12-14T15:01:22.972Z
38,0x000a,-1.50101,0x00000000,2025-12-14T15:01:22.972Z,2025-12-14T15:01:22.972Z
37,0x000a,-2.70183,0x00000000,2025-12-14T15:01:22.972Z,2025-12-14T15:01:22.972Z
36,0x000a,-1.19988,0x00000000,2025-12-14T15:01:22.972Z,2025-12-14T15:01:22.972Z
35,0x000a,-0.940591,0x00000000,2025-12-14T15:01:22.972Z,2025-12-14T15:01:22.972Z
34,0x000a,-1.69994,0x00000000,2025-12-14T15:01:22.972Z,2025-12-14T15:01:22.972Z
26,0x000a,9.32979,0x00000000,2025-12-14T15:01:22.972Z,2025-12-14T15:01:22.972Z
25,0x000a,8.49971,0x00000000,2025-12-14T15:01:22.972Z,2025-12-14T15:01:22.972Z
24,0x000a,7.28986,0x00000000,2025-12-14T15:01:22.972Z,2025-12-14T15:01:22.972Z
23,0x000a,-1.19988,0x00000000,2025-12-14T15:01:22.972Z,2025-12-14T15:01:22.972Z
22,0x000a,-0.940591,0x00000000,2025-12-14T15:01:22.972Z,2025-12-14T15:01:22.972Z
21,0x000a,-1.69994,0x00000000,2025-12-14T15:01:22.972Z,2025-12-14T15:01:22.972Z
8,0x0004,25795,0x00000000,2025-12-14T15:01:22.969Z,2025-12-14T15:01:22.969Z
7,0x0004,23500,0x00000000,2025-12-14T15:01:22.969Z,2025-12-14T15:01:22.969Z
6,0x0004,20155,0x00000000,2025-12-14T15:01:22.969Z,2025-12-14T15:01:22.969Z
39,0x000a,-2.0978,0x00000000,2025-12-14T15:01:23.271Z,2025-12-14T15:01:23.271Z
37,0x000a,-2.69821,0x00000000,2025-12-14T15:01:23.271Z,2025-12-14T15:01:23.271Z
36,0x000a,-1.92543,0x00000000,2025-12-14T15:01:23.271Z,2025-12-14T15:01:23.271Z
35,0x000a,-1.40383,0x00000000,2025-12-14T15:01:23.271Z,2025-12-14T15:01:23.271Z
34,0x000a,-2.52505,0x00000000,2025-12-14T15:01:23.271Z,2025-12-14T15:01:23.271Z
26,0x000a,8.67983,0x00000000,2025-12-14T15:01:23.271Z,2025-12-14T15:01:23.271Z
25,0x000a,8.01975,0x00000000,2025-12-14T15:01:23.271Z,2025-12-14T15:01:23.271Z
24,0x000a,6.43989,0x00000000,2025-12-14T15:01:23.271Z,2025-12-14T15:01:23.271Z
23,0x000a,-1.92543,0x00000000,2025-12-14T15:01:23.271Z,2025-12-14T15:01:23.271Z
22,0x000a,-1.40383,0x00000000,2025-12-14T15:01:23.271Z,2025-12-14T15:01:23.271Z
21,0x000a,-2.52505,0x00000000,2025-12-14T15:01:23.271Z,2025-12-14T15:01:23.271Z
8,0x0004,23998,0x00000000,2025-12-14T15:01:23.269Z,2025-12-14T15:01:23.269Z
7,0x0004,22173,0x00000000,2025-12-14T15:01:23.269Z,2025-12-14T15:01:23.269Z
6,0x0004,17805,0x00000000,2025-12-14T15:01:23.269Z,2025-12-14T15:01:23.269Z
39,0x000a,-2.00014,0x00000000,2025-12-14T15:01:23.570Z,2025-12-14T15:01:23.570Z
38,0x000a,-1.39974,0x00000000,2025-12-14T15:01:23.570Z,2025-12-14T15:01:23.570Z
37,0x000a,-2.70182,0x00000000,2025-12-14T15:01:23.570Z,2025-12-14T15:01:23.570Z
36,0x000a,-3.25733,0x00000000,2025-12-14T15:01:23.570Z,2025-12-14T15:01:23.570Z
35,0x000a,-2.37733,0x00000000,2025-12-14T15:01:23.570Z,2025-12-14T15:01:23.570Z
34,0x000a,-4.20657,0x00000000,2025-12-14T15:01:23.570Z,2025-12-14T15:01:23.570Z
26,0x000a,8.26968,0x00000000,2025-12-14T15:01:23.570Z,2025-12-14T15:01:23.570Z
25,0x000a,7.72967,0x00000000,2025-12-14T15:01:23.570Z,2025-12-14T15:01:23.570Z
24,0x000a,5.90965,0x00000000,2025-12-14T15:01:23.570Z,2025-12-14T15:01:23.570Z
23,0x000a,-3.25733,0x00000000,2025-12-14T15:01:23.570Z,2025-12-14T15:01:23.570Z
22,0x000a,-2.37733,0x00000000,2025-12-14T15:01:23.570Z,2025-12-14T15:01:23.570Z
21,0x000a,-4.20657,0x00000000,2025-12-14T15:01:23.570Z,2025-12-14T15:01:23.570Z
8,0x0004,22864,0x00000000,2025-12-14T15:01:23.570Z,2025-12-14T15:01:23.570Z
7,0x0004,21371,0x00000000,2025-12-14T15:01:23.570Z,2025-12-14T15:01:23.570Z
6,0x0004,16339,0x00000000,2025-12-14T15:01:23.570Z,2025-12-14T15:01:23.570Z
39,0x000a,-2.398,0x00000000,2025-12-14T15:01:23.871Z,2025-12-14T15:01:23.871Z
38,0x000a,-1.80121,0x00000000,2025-12-14T15:01:23.871Z,2025-12-14T15:01:23.871Z
37,0x000a,-3.20096,0x00000000,2025-12-14T15:01:23.871Z,2025-12-14T15:01:23.871Z
36,0x000a,-2.23234,0x00000000,2025-12-14T15:01:23.871Z,2025-12-14T15:01:23.871Z
35,0x000a,-1.59699,0x00000000,2025-12-14T15:01:23.871Z,2025-12-14T15:01:23.871Z
34,0x000a,-2.86369,0x00000000,2025-12-14T15:01:23.871Z,2025-12-14T15:01:23.871Z
26,0x000a,7.60995,0x00000000,2025-12-14T15:01:23.871Z,2025-12-14T15:01:23.871Z
25,0x000a,7.24971,0x00000000,2025-12-14T15:01:23.871Z,2025-12-14T15:01:23.871Z
24,0x000a,5.05968,0x00000000,2025-12-14T15:01:23.871Z,2025-12-14T15:01:23.871Z
23,0x000a,-2.23234,0x00000000,2025-12-14T15:01:23.871Z,2025-12-14T15:01:23.871Z
22,0x000a,-1.59699,0x00000000,2025-12-14T15:01:23.871Z,2025-12-14T15:01:23.871Z
21,0x000a,-2.86369,0x00000000,2025-12-14T15:01:23.871Z,2025-12-14T15:01:23.871Z
14,0x0001,false,0x00000000,2025-12-14T15:01:23.871Z,2025-12-14T15:01:23.871Z
8,0x0004,21040,0x00000000,2025-12-14T15:01:23.871Z,2025-12-14T15:01:23.871Z
7,0x0004,20044,0x00000000,2025-12-14T15:01:23.871Z,2025-12-14T15:01:23.871Z
6,0x0004,13989,0x00000000,2025-12-14T15:01:23.871Z,2025-12-14T15:01:23.871Z
39,0x000a,-2.10142,0x00000000,2025-12-14T15:01:24.170Z,2025-12-14T15:01:24.170Z
38,0x000a,-1.50102,0x00000000,2025-12-14T15:01:24.170Z,2025-12-14T15:01:24.170Z
37,0x000a,0,0x00000000,2025-12-14T15:01:24.170Z,2025-12-14T15:01:24.170Z
36,0x000a,-2.10422,0x00000000,2025-12-14T15:01:24.170Z,2025-12-14T15:01:24.170Z
35,0x000a,-1.52341,0x00000000,2025-12-14T15:01:24.170Z,2025-12-14T15:01:24.170Z
34,0x000a,-1.93357,0x00000000,2025-12-14T15:01:24.170Z,2025-12-14T15:01:24.170Z
26,0x000a,6.98966,0x00000000,2025-12-14T15:01:24.170Z,2025-12-14T15:01:24.170Z
25,0x000a,6.8099,0x00000000,2025-12-14T15:01:24.170Z,2025-12-14T15:01:24.170Z
24,0x000a,4.68967,0x00000000,2025-12-14T15:01:24.170Z,2025-12-14T15:01:24.170Z
23,0x000a,-2.10422,0x00000000,2025-12-14T15:01:24.170Z,2025-12-14T15:01:24.170Z
22,0x000a,-1.52341,0x00000000,2025-12-14T15:01:24.170Z,2025-12-14T15:01:24.170Z
21,0x000a,-1.93357,0x00000000,2025-12-14T15:01:24.170Z,2025-12-14T15:01:24.170Z
13,0x0001,true,0x00000000,2025-12-14T15:01:24.170Z,2025-12-14T15:01:24.170Z
8,0x0004,19325,0x00000000,2025-12-14T15:01:24.170Z,2025-12-14T15:01:24.170Z
7,0x0004,18828,0x00000000,2025-12-14T15:01:24.170Z,2025-12-14T15:01:24.170Z
6,0x0004,12966,0x00000000,2025-12-14T15:01:24.170Z,2025-12-14T15:01:24.170Z
39,0x000a,-2.49928,0x00000000,2025-12-14T15:01:24.470Z,2025-12-14T15:01:24.470Z
38,0x000a,-1.80121,0x00000000,2025-12-14T15:01:24.470Z,2025-12-14T15:01:24.470Z
37,0x000a,3.20095,0x00000000,2025-12-14T15:01:24.470Z,2025-12-14T15:01:24.470Z
36,0x000a,-2.05148,0x00000000,2025-12-14T15:01:24.470Z,2025-12-14T15:01:24.470Z
35,0x000a,-1.50661,0x00000000,2025-12-14T15:01:24.470Z,2025-12-14T15:01:24.470Z
34,0x000a,0.017548,0x00000000,2025-12-14T15:01:24.470Z,2025-12-14T15:01:24.470Z
26,0x000a,6.32993,0x00000000,2025-12-14T15:01:24.470Z,2025-12-14T15:01:24.470Z
25,0x000a,6.3397,0x00000000,2025-12-14T15:01:24.470Z,2025-12-14T15:01:24.470Z
24,0x000a,5.21991,0x00000000,2025-12-14T15:01:24.470Z,2025-12-14T15:01:24.470Z
23,0x000a,-2.05148,0x00000000,2025-12-14T15:01:24.470Z,2025-12-14T15:01:24.470Z
22,0x000a,-1.50661,0x00000000,2025-12-14T15:01:24.470Z,2025-12-14T15:01:24.470Z
21,0x000a,0.017548,0x00000000,2025-12-14T15:01:24.470Z,2025-12-14T15:01:24.470Z
13,0x0001,false,0x00000000,2025-12-14T15:01:24.470Z,2025-12-14T15:01:24.470Z
8,0x0004,17501,0x00000000,2025-12-14T15:01:24.470Z,2025-12-14T15:01:24.470Z
7,0x0004,17528,0x00000000,2025-12-14T15:01:24.470Z,2025-12-14T15:01:24.470Z
6,0x0004,14432,0x00000000,2025-12-14T15:01:24.470Z,2025-12-14T15:01:24.470Z
40,0x0001,true,0x00000000,2025-12-14T15:01:24.769Z,2025-12-14T15:01:24.769Z
39,0x000a,-2.00014,0x00000000,2025-12-14T15:01:24.769Z,2025-12-14T15:01:24.769Z
38,0x000a,-1.50102,0x00000000,2025-12-14T15:01:24.769Z,2025-12-14T15:01:24.769Z
37,0x000a,0,0x00000000,2025-12-14T15:01:24.769Z,2025-12-14T15:01:24.769Z
36,0x000a,-2.64404,0x00000000,2025-12-14T15:01:24.769Z,2025-12-14T15:01:24.769Z
35,0x000a,-1.88827,0x00000000,2025-12-14T15:01:24.769Z,2025-12-14T15:01:24.769Z
34,0x000a,0.677197,0x00000000,2025-12-14T15:01:24.769Z,2025-12-14T15:01:24.769Z
26,0x000a,5.71976,0x00000000,2025-12-14T15:01:24.769Z,2025-12-14T15:01:24.769Z
25,0x000a,5.88976,0x00000000,2025-12-14T15:01:24.769Z,2025-12-14T15:01:24.769Z
23,0x000a,-2.64404,0x00000000,2025-12-14T15:01:24.769Z,2025-12-14T15:01:24.769Z
22,0x000a,-1.88827,0x00000000,2025-12-14T15:01:24.769Z,2025-12-14T15:01:24.769Z
21,0x000a,0.677197,0x00000000,2025-12-14T15:01:24.769Z,2025-12-14T15:01:24.769Z
8,0x0004,15814,0x00000000,2025-12-14T15:01:24.769Z,2025-12-14T15:01:24.769Z
7,0x0004,16284,0x00000000,2025-12-14T15:01:24.769Z,2025-12-14T15:01:24.769Z
36,0x000a,-2.20541,0x00000000,2025-12-14T15:01:25.071Z,2025-12-14T15:01:25.071Z
35,0x000a,-1.59915,0x00000000,2025-12-14T15:01:25.071Z,2025-12-14T15:01:25.071Z
34,0x000a,0.0846496,0x00000000,2025-12-14T15:01:25.071Z,2025-12-14T15:01:25.071Z
26,0x000a,5.05968,0x00000000,2025-12-14T15:01:25.071Z,2025-12-14T15:01:25.071Z
25,0x000a,5.41992,0x00000000,2025-12-14T15:01:25.071Z,2025-12-14T15:01:25.071Z
23,0x000a,-2.20541,0x00000000,2025-12-14T15:01:25.071Z,2025-12-14T15:01:25.071Z
22,0x000a,-1.59915,0x00000000,2025-12-14T15:01:25.071Z,2025-12-14T15:01:25.071Z
21,0x000a,0.0846496,0x00000000,2025-12-14T15:01:25.071Z,2025-12-14T15:01:25.071Z
18,0x0001,false,0x00000000,2025-12-14T15:01:25.071Z,2025-12-14T15:01:25.071Z
8,0x0004,13989,0x00000000,2025-12-14T15:01:25.069Z,2025-12-14T15:01:25.069Z
7,0x0004,14985,0x00000000,2025-12-14T15:01:25.069Z,2025-12-14T15:01:25.069Z
39,0x000a,0,0x00000000,2025-12-14T15:01:25.371Z,2025-12-14T15:01:25.371Z
36,0x000a,-1.47637,0x00000000,2025-12-14T15:01:25.371Z,2025-12-14T15:01:25.371Z
35,0x000a,-1.52464,0x00000000,2025-12-14T15:01:25.371Z,2025-12-14T15:01:25.371Z
34,0x000a,0.0211624,0x00000000,2025-12-14T15:01:25.371Z,2025-12-14T15:01:25.371Z
26,0x000a,4.97975,0x00000000,2025-12-14T15:01:25.371Z,2025-12-14T15:01:25.371Z
25,0x000a,5.06981,0x00000000,2025-12-14T15:01:25.371Z,2025-12-14T15:01:25.371Z
23,0x000a,-1.47637,0x00000000,2025-12-14T15:01:25.371Z,2025-12-14T15:01:25.371Z
22,0x000a,-1.52464,0x00000000,2025-12-14T15:01:25.371Z,2025-12-14T15:01:25.371Z
21,0x000a,0.0211624,0x00000000,2025-12-14T15:01:25.371Z,2025-12-14T15:01:25.371Z
16,0x0001,false,0x00000000,2025-12-14T15:01:25.371Z,2025-12-14T15:01:25.371Z
8,0x0004,13768,0x00000000,2025-12-14T15:01:25.370Z,2025-12-14T15:01:25.370Z
7,0x0004,14017,0x00000000,2025-12-14T15:01:25.370Z,2025-12-14T15:01:25.370Z
40,0x0001,false,0x00000000,2025-12-14T15:01:25.672Z,2025-12-14T15:01:25.672Z
38,0x000a,0,0x00000000,2025-12-14T15:01:25.672Z,2025-12-14T15:01:25.672Z
36,0x000a,-0.184547,0x00000000,2025-12-14T15:01:25.672Z,2025-12-14T15:01:25.672Z
35,0x000a,-0.50299,0x00000000,2025-12-14T15:01:25.672Z,2025-12-14T15:01:25.672Z
34,0x000a,0.0026453,0x00000000,2025-12-14T15:01:25.672Z,2025-12-14T15:01:25.672Z
23,0x000a,-0.184547,0x00000000,2025-12-14T15:01:25.672Z,2025-12-14T15:01:25.672Z
22,0x000a,-0.50299,0x00000000,2025-12-14T15:01:25.672Z,2025-12-14T15:01:25.672Z
21,0x000a,0.0026453,0x00000000,2025-12-14T15:01:25.672Z,2025-12-14T15:01:25.672Z
18,0x0001,true,0x00000000,2025-12-14T15:01:25.672Z,2025-12-14T15:01:25.672Z
16,0x0001,true,0x00000000,2025-12-14T15:01:25.672Z,2025-12-14T15:01:25.672Z
14,0x0001,true,0x00000000,2025-12-14T15:01:25.672Z,2025-12-14T15:01:25.672Z
4,0x000a,0,0x00000000,2025-12-14T15:01:25.668Z,2025-12-14T15:01:25.668Z
3,0x000a,0,0x00000000,2025-12-14T15:01:25.668Z,2025-12-14T15:01:25.668Z
2,0x000a,0,0x00000000,2025-12-14T15:01:25.668Z,2025-12-14T15:01:25.668Z
39,0x000a,-0.698061,0x00000000,2025-12-14T15:01:25.973Z,2025-12-14T15:01:25.973Z
38,0x000a,-0.900607,0x00000000,2025-12-14T15:01:25.973Z,2025-12-14T15:01:25.973Z
37,0x000a,-1.60229,0x00000000,2025-12-14T15:01:25.973Z,2025-12-14T15:01:25.973Z
36,0x000a,-0.0461367,0x00000000,2025-12-14T15:01:25.973Z,2025-12-14T15:01:25.973Z
35,0x000a,-0.125747,0x00000000,2025-12-14T15:01:25.973Z,2025-12-14T15:01:25.973Z
34,0x000a,0.000661325,0x00000000,2025-12-14T15:01:25.973Z,2025-12-14T15:01:25.973Z
26,0x000a,4.6998,0x00000000,2025-12-14T15:01:25.973Z,2025-12-14T15:01:25.973Z
25,0x000a,4.82964,0x00000000,2025-12-14T15:01:25.973Z,2025-12-14T15:01:25.973Z
24,0x000a,4.78986,0x00000000,2025-12-14T15:01:25.973Z,2025-12-14T15:01:25.973Z
23,0x000a,-0.0461367,0x00000000,2025-12-14T15:01:25.973Z,2025-12-14T15:01:25.973Z
22,0x000a,-0.125747,0x00000000,2025-12-14T15:01:25.973Z,2025-12-14T15:01:25.973Z
21,0x000a,0.000661325,0x00000000,2025-12-14T15:01:25.973Z,2025-12-14T15:01:25.973Z
8,0x0004,12994,0x00000000,2025-12-14T15:01:25.968Z,2025-12-14T15:01:25.968Z
7,0x0004,13353,0x00000000,2025-12-14T15:01:25.968Z,2025-12-14T15:01:25.968Z
6,0x0004,13243,0x00000000,2025-12-14T15:01:25.968Z,2025-12-14T15:01:25.968Z
39,0x000a,-2.10142,0x00000000,2025-12-14T15:01:26.269Z,2025-12-14T15:01:26.269Z
38,0x000a,-1.50101,0x00000000,2025-12-14T15:01:26.269Z,2025-12-14T15:01:26.269Z
37,0x000a,-2.69821,0x00000000,2025-12-14T15:01:26.269Z,2025-12-14T15:01:26.269Z
36,0x000a,-1.61845,0x00000000,2025-12-14T15:01:26.269Z,2025-12-14T15:01:26.269Z
35,0x000a,-1.25225,0x00000000,2025-12-14T15:01:26.269Z,2025-12-14T15:01:26.269Z
34,0x000a,-2.17503,0x00000000,2025-12-14T15:01:26.269Z,2025-12-14T15:01:26.269Z
26,0x000a,4.08999,0x00000000,2025-12-14T15:01:26.269Z,2025-12-14T15:01:26.269Z
25,0x000a,4.38983,0x00000000,2025-12-14T15:01:26.269Z,2025-12-14T15:01:26.269Z
24,0x000a,3.99993,0x00000000,2025-12-14T15:01:26.269Z,2025-12-14T15:01:26.269Z
23,0x000a,-1.61845,0x00000000,2025-12-14T15:01:26.269Z,2025-12-14T15:01:26.269Z
22,0x000a,-1.25225,0x00000000,2025-12-14T15:01:26.269Z,2025-12-14T15:01:26.269Z
21,0x000a,-2.17503,0x00000000,2025-12-14T15:01:26.269Z,2025-12-14T15:01:26.269Z
8,0x0004,11308,0x00000000,2025-12-14T15:01:26.269Z,2025-12-14T15:01:26.269Z
7,0x0004,12137,0x00000000,2025-12-14T15:01:26.269Z,2025-12-14T15:01:26.269Z
6,0x0004,11059,0x00000000,2025-12-14T15:01:26.269Z,2025-12-14T15:01:26.269Z
39,0x000a,-2.49928,0x00000000,2025-12-14T15:01:26.570Z,2025-12-14T15:01:26.570Z
38,0x000a,-1.7976,0x00000000,2025-12-14T15:01:26.570Z,2025-12-14T15:01:26.570Z
37,0x000a,-3.20096,0x00000000,2025-12-14T15:01:26.570Z,2025-12-14T15:01:26.570Z
36,0x000a,-2.01482,0x00000000,2025-12-14T15:01:26.570Z,2025-12-14T15:01:26.570Z
35,0x000a,-1.4446,0x00000000,2025-12-14T15:01:26.570Z,2025-12-14T15:01:26.570Z
34,0x000a,-2.6102,0x00000000,2025-12-14T15:01:26.570Z,2025-12-14T15:01:26.570Z
26,0x000a,3.62992,0x00000000,2025-12-14T15:01:26.570Z,2025-12-14T15:01:26.570Z
25,0x000a,4.05997,0x00000000,2025-12-14T15:01:26.570Z,2025-12-14T15:01:26.570Z
24,0x000a,3.40965,0x00000000,2025-12-14T15:01:26.570Z,2025-12-14T15:01:26.570Z
23,0x000a,-2.01482,0x00000000,2025-12-14T15:01:26.570Z,2025-12-14T15:01:26.570Z
22,0x000a,-1.4446,0x00000000,2025-12-14T15:01:26.570Z,2025-12-14T15:01:26.570Z
21,0x000a,-2.6102,0x00000000,2025-12-14T15:01:26.570Z,2025-12-14T15:01:26.570Z
8,0x0004,10036,0x00000000,2025-12-14T15:01:26.570Z,2025-12-14T15:01:26.570Z
7,0x0004,11225,0x00000000,2025-12-14T15:01:26.570Z,2025-12-14T15:01:26.570Z
6,0x0004,9427,0x00000000,2025-12-14T15:01:26.570Z,2025-12-14T15:01:26.570Z
39,0x000a,-4.10156,0x00000000,2025-12-14T15:01:26.871Z,2025-12-14T15:01:26.871Z
38,0x000a,-2.90075,0x00000000,2025-12-14T15:01:26.871Z,2025-12-14T15:01:26.871Z
37,0x000a,-5.40003,0x00000000,2025-12-14T15:01:26.871Z,2025-12-14T15:01:26.871Z
36,0x000a,-2.1286,0x00000000,2025-12-14T15:01:26.871Z,2025-12-14T15:01:26.871Z
35,0x000a,-1.56106,0x00000000,2025-12-14T15:01:26.871Z,2025-12-14T15:01:26.871Z
34,0x000a,-2.75126,0x00000000,2025-12-14T15:01:26.871Z,2025-12-14T15:01:26.871Z
26,0x000a,3.01975,0x00000000,2025-12-14T15:01:26.871Z,2025-12-14T15:01:26.871Z
25,0x000a,3.61979,0x00000000,2025-12-14T15:01:26.871Z,2025-12-14T15:01:26.871Z
24,0x000a,2.60995,0x00000000,2025-12-14T15:01:26.871Z,2025-12-14T15:01:26.871Z
23,0x000a,-2.1286,0x00000000,2025-12-14T15:01:26.871Z,2025-12-14T15:01:26.871Z
22,0x000a,-1.56106,0x00000000,2025-12-14T15:01:26.871Z,2025-12-14T15:01:26.871Z
21,0x000a,-2.75126,0x00000000,2025-12-14T15:01:26.871Z,2025-12-14T15:01:26.871Z
8,0x0004,8349,0x00000000,2025-12-14T15:01:26.871Z,2025-12-14T15:01:26.871Z
7,0x0004,10008,0x00000000,2025-12-14T15:01:26.871Z,2025-12-14T15:01:26.871Z
6,0x0004,7216,0x00000000,2025-12-14T15:01:26.871Z,2025-12-14T15:01:26.871Z
39,0x000a,-2.10142,0x00000000,2025-12-14T15:01:27.170Z,2025-12-14T15:01:27.170Z
38,0x000a,-1.50101,0x00000000,2025-12-14T15:01:27.170Z,2025-12-14T15:01:27.170Z
37,0x000a,-2.69821,0x00000000,2025-12-14T15:01:27.170Z,2025-12-14T15:01:27.170Z
36,0x000a,-2.40366,0x00000000,2025-12-14T15:01:27.170Z,2025-12-14T15:01:27.170Z
35,0x000a,-1.75673,0x00000000,2025-12-14T15:01:27.170Z,2025-12-14T15:01:27.170Z
34,0x000a,-3.14474,0x00000000,2025-12-14T15:01:27.170Z,2025-12-14T15:01:27.170Z
26,0x000a,2.35966,0x00000000,2025-12-14T15:01:27.170Z,2025-12-14T15:01:27.170Z
25,0x000a,3.13983,0x00000000,2025-12-14T15:01:27.170Z,2025-12-14T15:01:27.170Z
24,0x000a,1.75998,0x00000000,2025-12-14T15:01:27.170Z,2025-12-14T15:01:27.170Z
23,0x000a,-2.40366,0x00000000,2025-12-14T15:01:27.170Z,2025-12-14T15:01:27.170Z
22,0x000a,-1.75673,0x00000000,2025-12-14T15:01:27.170Z,2025-12-14T15:01:27.170Z
21,0x000a,-3.14474,0x00000000,2025-12-14T15:01:27.170Z,2025-12-14T15:01:27.170Z
8,0x0004,6524,0x00000000,2025-12-14T15:01:27.170Z,2025-12-14T15:01:27.170Z
7,0x0004,8681,0x00000000,2025-12-14T15:01:27.170Z,2025-12-14T15:01:27.170Z
6,0x0004,4866,0x00000000,2025-12-14T15:01:27.170Z,2025-12-14T15:01:27.170Z
39,0x000a,-2.0978,0x00000000,2025-12-14T15:01:27.471Z,2025-12-14T15:01:27.471Z
38,0x000a,-1.50101,0x00000000,2025-12-14T15:01:27.471Z,2025-12-14T15:01:27.471Z
37,0x000a,-2.70182,0x00000000,2025-12-14T15:01:27.471Z,2025-12-14T15:01:27.471Z
36,0x000a,-2.11207,0x00000000,2025-12-14T15:01:27.471Z,2025-12-14T15:01:27.471Z
35,0x000a,-1.50766,0x00000000,2025-12-14T15:01:27.471Z,2025-12-14T15:01:27.471Z
34,0x000a,-2.73142,0x00000000,2025-12-14T15:01:27.471Z,2025-12-14T15:01:27.471Z
26,0x000a,1.69994,0x00000000,2025-12-14T15:01:27.471Z,2025-12-14T15:01:27.471Z
25,0x000a,2.66999,0x00000000,2025-12-14T15:01:27.471Z,2025-12-14T15:01:27.471Z
24,0x000a,0.90965,0x00000000,2025-12-14T15:01:27.471Z,2025-12-14T15:01:27.471Z
23,0x000a,-2.11207,0x00000000,2025-12-14T15:01:27.471Z,2025-12-14T15:01:27.471Z
22,0x000a,-1.50766,0x00000000,2025-12-14T15:01:27.471Z,2025-12-14T15:01:27.471Z
21,0x000a,-2.73142,0x00000000,2025-12-14T15:01:27.471Z,2025-12-14T15:01:27.471Z
8,0x0004,4700,0x00000000,2025-12-14T15:01:27.469Z,2025-12-14T15:01:27.469Z
7,0x0004,7382,0x00000000,2025-12-14T15:01:27.469Z,2025-12-14T15:01:27.469Z
6,0x0004,2515,0x00000000,2025-12-14T15:01:27.469Z,2025-12-14T15:01:27.469Z
39,0x000a,-2.10142,0x00000000,2025-12-14T15:01:27.772Z,2025-12-14T15:01:27.772Z
38,0x000a,-1.39974,0x00000000,2025-12-14T15:01:27.772Z,2025-12-14T15:01:27.772Z
37,0x000a,-2.70182,0x00000000,2025-12-14T15:01:27.772Z,2025-12-14T15:01:27.772Z
36,0x000a,-2.15291,0x00000000,2025-12-14T15:01:27.772Z,2025-12-14T15:01:27.772Z
35,0x000a,-1.57682,0x00000000,2025-12-14T15:01:27.772Z,2025-12-14T15:01:27.772Z
34,0x000a,-2.78156,0x00000000,2025-12-14T15:01:27.772Z,2025-12-14T15:01:27.772Z
26,0x000a,1.08977,0x00000000,2025-12-14T15:01:27.772Z,2025-12-14T15:01:27.772Z
25,0x000a,2.22982,0x00000000,2025-12-14T15:01:27.772Z,2025-12-14T15:01:27.772Z
24,0x000a,0.109954,0x00000000,2025-12-14T15:01:27.772Z,2025-12-14T15:01:27.772Z
23,0x000a,-2.15291,0x00000000,2025-12-14T15:01:27.772Z,2025-12-14T15:01:27.772Z
22,0x000a,-1.57682,0x00000000,2025-12-14T15:01:27.772Z,2025-12-14T15:01:27.772Z
21,0x000a,-2.78156,0x00000000,2025-12-14T15:01:27.772Z,2025-12-14T15:01:27.772Z
14,0x0001,false,0x00000000,2025-12-14T15:01:27.772Z,2025-12-14T15:01:27.772Z
8,0x0004,3013,0x00000000,2025-12-14T15:01:27.768Z,2025-12-14T15:01:27.768Z
7,0x0004,6165,0x00000000,2025-12-14T15:01:27.768Z,2025-12-14T15:01:27.768Z
6,0x0004,304,0x00000000,2025-12-14T15:01:27.768Z,2025-12-14T15:01:27.768Z
39,0x000a,-2.50289,0x00000000,2025-12-14T15:01:28.070Z,2025-12-14T15:01:28.070Z
38,0x000a,-1.80122,0x00000000,2025-12-14T15:01:28.070Z,2025-12-14T15:01:28.070Z
37,0x000a,0,0x00000000,2025-12-14T15:01:28.070Z,2025-12-14T15:01:28.070Z
36,0x000a,-3.0808,0x00000000,2025-12-14T15:01:28.070Z,2025-12-14T15:01:28.070Z
35,0x000a,-2.24653,0x00000000,2025-12-14T15:01:28.070Z,2025-12-14T15:01:28.070Z
34,0x000a,-1.90974,0x00000000,2025-12-14T15:01:28.070Z,2025-12-14T15:01:28.070Z
28,0x0004,0,0x00000000,2025-12-14T15:01:28.070Z,2025-12-14T15:01:28.070Z
26,0x000a,0.429688,0x00000000,2025-12-14T15:01:28.070Z,2025-12-14T15:01:28.070Z
25,0x000a,1.74986,0x00000000,2025-12-14T15:01:28.070Z,2025-12-14T15:01:28.070Z
24,0x000a,0,0x00000000,2025-12-14T15:01:28.070Z,2025-12-14T15:01:28.070Z
23,0x000a,-3.0808,0x00000000,2025-12-14T15:01:28.070Z,2025-12-14T15:01:28.070Z
22,0x000a,-2.24653,0x00000000,2025-12-14T15:01:28.070Z,2025-12-14T15:01:28.070Z
21,0x000a,-1.90974,0x00000000,2025-12-14T15:01:28.070Z,2025-12-14T15:01:28.070Z
8,0x0004,1188,0x00000000,2025-12-14T15:01:28.070Z,2025-12-14T15:01:28.070Z
7,0x0004,4838,0x00000000,2025-12-14T15:01:28.070Z,2025-12-14T15:01:28.070Z
6,0x0004,0,0x00000000,2025-12-14T15:01:28.070Z,2025-12-14T15:01:28.070Z
40,0x0001,true,0x00000000,2025-12-14T15:01:28.371Z,2025-12-14T15:01:28.371Z
39,0x000a,-2.00014,0x00000000,2025-12-14T15:01:28.371Z,2025-12-14T15:01:28.371Z
38,0x000a,-1.50101,0x00000000,2025-12-14T15:01:28.371Z,2025-12-14T15:01:28.371Z
36,0x000a,-2.44482,0x00000000,2025-12-14T15:01:28.371Z,2025-12-14T15:01:28.371Z
35,0x000a,-1.71181,0x00000000,2025-12-14T15:01:28.371Z,2025-12-14T15:01:28.371Z
34,0x000a,-0.477436,0x00000000,2025-12-14T15:01:28.371Z,2025-12-14T15:01:28.371Z
26,0x000a,0.0198929,0x00000000,2025-12-14T15:01:28.371Z,2025-12-14T15:01:28.371Z
25,0x000a,1.30968,0x00000000,2025-12-14T15:01:28.371Z,2025-12-14T15:01:28.371Z
23,0x000a,-2.44482,0x00000000,2025-12-14T15:01:28.371Z,2025-12-14T15:01:28.371Z
22,0x000a,-1.71181,0x00000000,2025-12-14T15:01:28.371Z,2025-12-14T15:01:28.371Z
21,0x000a,-0.477436,0x00000000,2025-12-14T15:01:28.371Z,2025-12-14T15:01:28.371Z
18,0x0001,false,0x00000000,2025-12-14T15:01:28.371Z,2025-12-14T15:01:28.371Z
8,0x0004,55,0x00000000,2025-12-14T15:01:28.371Z,2025-12-14T15:01:28.371Z
7,0x0004,3621,0x00000000,2025-12-14T15:01:28.371Z,2025-12-14T15:01:28.371Z
42,0x0001,true,0x00000000,2025-12-14T15:01:28.671Z,2025-12-14T15:01:28.671Z
39,0x000a,0,0x00000000,2025-12-14T15:01:28.671Z,2025-12-14T15:01:28.671Z
38,0x000a,-1.69994,0x00000000,2025-12-14T15:01:28.671Z,2025-12-14T15:01:28.671Z
36,0x000a,-0.555621,0x00000000,2025-12-14T15:01:28.671Z,2025-12-14T15:01:28.671Z
35,0x000a,-1.52555,0x00000000,2025-12-14T15:01:28.671Z,2025-12-14T15:01:28.671Z
34,0x000a,-0.0596795,0x00000000,2025-12-14T15:01:28.671Z,2025-12-14T15:01:28.671Z
25,0x000a,0.839844,0x00000000,2025-12-14T15:01:28.671Z,2025-12-14T15:01:28.671Z
23,0x000a,-0.555621,0x00000000,2025-12-14T15:01:28.671Z,2025-12-14T15:01:28.671Z
22,0x000a,-1.52555,0x00000000,2025-12-14T15:01:28.671Z,2025-12-14T15:01:28.671Z
21,0x000a,-0.0596795,0x00000000,2025-12-14T15:01:28.671Z,2025-12-14T15:01:28.671Z
7,0x0004,2322,0x00000000,2025-12-14T15:01:28.671Z,2025-12-14T15:01:28.671Z
38,0x000a,-1.50101,0x00000000,2025-12-14T15:01:28.972Z,2025-12-14T15:01:28.972Z
36,0x000a,-0.0694526,0x00000000,2025-12-14T15:01:28.972Z,2025-12-14T15:01:28.972Z
35,0x000a,-1.52895,0x00000000,2025-12-14T15:01:28.972Z,2025-12-14T15:01:28.972Z
34,0x000a,-0.00745993,0x00000000,2025-12-14T15:01:28.972Z,2025-12-14T15:01:28.972Z
25,0x000a,0.389902,0x00000000,2025-12-14T15:01:28.972Z,2025-12-14T15:01:28.972Z
23,0x000a,-0.0694526,0x00000000,2025-12-14T15:01:28.972Z,2025-12-14T15:01:28.972Z
22,0x000a,-1.52895,0x00000000,2025-12-14T15:01:28.972Z,2025-12-14T15:01:28.972Z
21,0x000a,-0.00745993,0x00000000,2025-12-14T15:01:28.972Z,2025-12-14T15:01:28.972Z
7,0x0004,1078,0x00000000,2025-12-14T15:01:28.967Z,2025-12-14T15:01:28.967Z
38,0x000a,-1.50101,0x00000000,2025-12-14T15:01:29.270Z,2025-12-14T15:01:29.270Z
36,0x000a,-0.0173632,0x00000000,2025-12-14T15:01:29.270Z,2025-12-14T15:01:29.270Z
35,0x000a,-2.35616,0x00000000,2025-12-14T15:01:29.270Z,2025-12-14T15:01:29.270Z
34,0x000a,-0.00186498,0x00000000,2025-12-14T15:01:29.270Z,2025-12-14T15:01:29.270Z
25,0x000a,0.0698061,0x00000000,2025-12-14T15:01:29.270Z,2025-12-14T15:01:29.270Z
23,0x000a,-0.0173632,0x00000000,2025-12-14T15:01:29.270Z,2025-12-14T15:01:29.270Z
22,0x000a,-2.35616,0x00000000,2025-12-14T15:01:29.270Z,2025-12-14T15:01:29.270Z
21,0x000a,-0.00186498,0x00000000,2025-12-14T15:01:29.270Z,2025-12-14T15:01:29.270Z
16,0x0001,false,0x00000000,2025-12-14T15:01:29.270Z,2025-12-14T15:01:29.270Z
7,0x0004,193,0x00000000,2025-12-14T15:01:29.270Z,2025-12-14T15:01:29.270Z
38,0x000a,0,0x00000000,2025-12-14T15:01:29.571Z,2025-12-14T15:01:29.571Z
36,0x000a,-0.00217039,0x00000000,2025-12-14T15:01:29.571Z,2025-12-14T15:01:29.571Z
35,0x000a,-0.632248,0x00000000,2025-12-14T15:01:29.571Z,2025-12-14T15:01:29.571Z
34,0x000a,-0.000233123,0x00000000,2025-12-14T15:01:29.571Z,2025-12-14T15:01:29.571Z
27,0x0001,true,0x00000000,2025-12-14T15:01:29.571Z,2025-12-14T15:01:29.571Z
25,0x000a,0.00976562,0x00000000,2025-12-14T15:01:29.571Z,2025-12-14T15:01:29.571Z
23,0x000a,-0.00217039,0x00000000,2025-12-14T15:01:29.571Z,2025-12-14T15:01:29.571Z
22,0x000a,-0.632248,0x00000000,2025-12-14T15:01:29.571Z,2025-12-14T15:01:29.571Z
21,0x000a,-0.000233123,0x00000000,2025-12-14T15:01:29.571Z,2025-12-14T15:01:29.571Z
7,0x0004,27,0x00000000,2025-12-14T15:01:29.567Z,2025-12-14T15:01:29.567Z
42,0x0001,false,0x00000000,2025-12-14T15:01:29.871Z,2025-12-14T15:01:29.871Z
40,0x0001,false,0x00000000,2025-12-14T15:01:29.871Z,2025-12-14T15:01:29.871Z
39,0x000a,0.698061,0x00000000,2025-12-14T15:01:29.871Z,2025-12-14T15:01:29.871Z
38,0x000a,0.900608,0x00000000,2025-12-14T15:01:29.871Z,2025-12-14T15:01:29.871Z
37,0x000a,1.59867,0x00000000,2025-12-14T15:01:29.871Z,2025-12-14T15:01:29.871Z
36,0x000a,-0.000271299,0x00000000,2025-12-14T15:01:29.871Z,2025-12-14T15:01:29.871Z
35,0x000a,-0.079031,0x00000000,2025-12-14T15:01:29.871Z,2025-12-14T15:01:29.871Z
34,0x000a,-2.91404e-05,0x00000000,2025-12-14T15:01:29.871Z,2025-12-14T15:01:29.871Z
28,0x0004,1000,0x00000000,2025-12-14T15:01:29.871Z,2025-12-14T15:01:29.871Z
27,0x0001,false,0x00000000,2025-12-14T15:01:29.871Z,2025-12-14T15:01:29.871Z
26,0x000a,0.0896991,0x00000000,2025-12-14T15:01:29.871Z,2025-12-14T15:01:29.871Z
25,0x000a,0.0998264,0x00000000,2025-12-14T15:01:29.871Z,2025-12-14T15:01:29.871Z
24,0x000a,0.159867,0x00000000,2025-12-14T15:01:29.871Z,2025-12-14T15:01:29.871Z
23,0x000a,-0.000271299,0x00000000,2025-12-14T15:01:29.871Z,2025-12-14T15:01:29.871Z
22,0x000a,-0.079031,0x00000000,2025-12-14T15:01:29.871Z,2025-12-14T15:01:29.871Z
21,0x000a,-2.91404e-05,0x00000000,2025-12-14T15:01:29.871Z,2025-12-14T15:01:29.871Z
17,0x0001,true,0x00000000,2025-12-14T15:01:29.871Z,2025-12-14T15:01:29.871Z
15,0x0001,true,0x00000000,2025-12-14T15:01:29.871Z,2025-12-14T15:01:29.871Z
13,0x0001,true,0x00000000,2025-12-14T15:01:29.871Z,2025-12-14T15:01:29.871Z
8,0x0004,248,0x00000000,2025-12-14T15:01:29.868Z,2025-12-14T15:01:29.868Z
7,0x0004,276,0x00000000,2025-12-14T15:01:29.868Z,2025-12-14T15:01:29.868Z
6,0x0004,442,0x00000000,2025-12-14T15:01:29.868Z,2025-12-14T15:01:29.868Z
4,0x000a,10,0x00000000,2025-12-14T15:01:29.868Z,2025-12-14T15:01:29.868Z
3,0x000a,9,0x00000000,2025-12-14T15:01:29.868Z,2025-12-14T15:01:29.868Z
2,0x000a,8,0x00000000,2025-12-14T15:01:29.868Z,2025-12-14T15:01:29.868Z
39,0x000a,2.00014,0x00000000,2025-12-14T15:01:30.172Z,2025-12-14T15:01:30.172Z
38,0x000a,1.39974,0x00000000,2025-12-14T15:01:30.172Z,2025-12-14T15:01:30.172Z
37,0x000a,2.60055,0x00000000,2025-12-14T15:01:30.172Z,2025-12-14T15:01:30.172Z
36,0x000a,1.22516,0x00000000,2025-12-14T15:01:30.172Z,2025-12-14T15:01:30.172Z
35,0x000a,0.955901,0x00000000,2025-12-14T15:01:30.172Z,2025-12-14T15:01:30.172Z
34,0x000a,1.7994,0x00000000,2025-12-14T15:01:30.172Z,2025-12-14T15:01:30.172Z
26,0x000a,0.709997,0x00000000,2025-12-14T15:01:30.172Z,2025-12-14T15:01:30.172Z
25,0x000a,0.539641,0x00000000,2025-12-14T15:01:30.172Z,2025-12-14T15:01:30.172Z
24,0x000a,0.96969,0x00000000,2025-12-14T15:01:30.172Z,2025-12-14T15:01:30.172Z
23,0x000a,1.22516,0x00000000,2025-12-14T15:01:30.172Z,2025-12-14T15:01:30.172Z
22,0x000a,0.955901,0x00000000,2025-12-14T15:01:30.172Z,2025-12-14T15:01:30.172Z
21,0x000a,1.7994,0x00000000,2025-12-14T15:01:30.172Z,2025-12-14T15:01:30.172Z
8,0x0004,1963,0x00000000,2025-12-14T15:01:30.168Z,2025-12-14T15:01:30.168Z
7,0x0004,1492,0x00000000,2025-12-14T15:01:30.168Z,2025-12-14T15:01:30.168Z
6,0x0004,2681,0x00000000,2025-12-14T15:01:30.168Z,2025-12-14T15:01:30.168Z
38,0x000a,1.50101,0x00000000,2025-12-14T15:01:30.470Z,2025-12-14T15:01:30.470Z
37,0x000a,2.69821,0x00000000,2025-12-14T15:01:30.470Z,2025-12-14T15:01:30.470Z
36,0x000a,2.47836,0x00000000,2025-12-14T15:01:30.470Z,2025-12-14T15:01:30.470Z
35,0x000a,1.79456,0x00000000,2025-12-14T15:01:30.470Z,2025-12-14T15:01:30.470Z
34,0x000a,3.22559,0x00000000,2025-12-14T15:01:30.470Z,2025-12-14T15:01:30.470Z
26,0x000a,1.31981,0x00000000,2025-12-14T15:01:30.470Z,2025-12-14T15:01:30.470Z
25,0x000a,0.989945,0x00000000,2025-12-14T15:01:30.470Z,2025-12-14T15:01:30.470Z
24,0x000a,1.76975,0x00000000,2025-12-14T15:01:30.470Z,2025-12-14T15:01:30.470Z
23,0x000a,2.47836,0x00000000,2025-12-14T15:01:30.470Z,2025-12-14T15:01:30.470Z
22,0x000a,1.79456,0x00000000,2025-12-14T15:01:30.470Z,2025-12-14T15:01:30.470Z
21,0x000a,3.22559,0x00000000,2025-12-14T15:01:30.470Z,2025-12-14T15:01:30.470Z
8,0x0004,3649,0x00000000,2025-12-14T15:01:30.470Z,2025-12-14T15:01:30.470Z
7,0x0004,2737,0x00000000,2025-12-14T15:01:30.470Z,2025-12-14T15:01:30.470Z
6,0x0004,4893,0x00000000,2025-12-14T15:01:30.470Z,2025-12-14T15:01:30.470Z
39,0x000a,2.10142,0x00000000,2025-12-14T15:01:30.770Z,2025-12-14T15:01:30.770Z
38,0x000a,1.50101,0x00000000,2025-12-14T15:01:30.770Z,2025-12-14T15:01:30.770Z
37,0x000a,2.69821,0x00000000,2025-12-14T15:01:30.770Z,2025-12-14T15:01:30.770Z
36,0x000a,2.1847,0x00000000,2025-12-14T15:01:30.770Z,2025-12-14T15:01:30.770Z
35,0x000a,1.58563,0x00000000,2025-12-14T15:01:30.770Z,2025-12-14T15:01:30.770Z
34,0x000a,2.86631,0x00000000,2025-12-14T15:01:30.770Z,2025-12-14T15:01:30.770Z
26,0x000a,1.97989,0x00000000,2025-12-14T15:01:30.770Z,2025-12-14T15:01:30.770Z
25,0x000a,1.45978,0x00000000,2025-12-14T15:01:30.770Z,2025-12-14T15:01:30.770Z
24,0x000a,2.61972,0x00000000,2025-12-14T15:01:30.770Z,2025-12-14T15:01:30.770Z
23,0x000a,2.1847,0x00000000,2025-12-14T15:01:30.770Z,2025-12-14T15:01:30.770Z
22,0x000a,1.58563,0x00000000,2025-12-14T15:01:30.770Z,2025-12-14T15:01:30.770Z
21,0x000a,2.86631,0x00000000,2025-12-14T15:01:30.770Z,2025-12-14T15:01:30.770Z
8,0x0004,5474,0x00000000,2025-12-14T15:01:30.768Z,2025-12-14T15:01:30.768Z
7,0x0004,4036,0x00000000,2025-12-14T15:01:30.768Z,2025-12-14T15:01:30.768Z
6,0x0004,7243,0x00000000,2025-12-14T15:01:30.768Z,2025-12-14T15:01:30.768Z
39,0x000a,2.00015,0x00000000,2025-12-14T15:01:31.070Z,2025-12-14T15:01:31.070Z
38,0x000a,1.39974,0x00000000,2025-12-14T15:01:31.070Z,2025-12-14T15:01:31.070Z
37,0x000a,2.70182,0x00000000,2025-12-14T15:01:31.070Z,2025-12-14T15:01:31.070Z
36,0x000a,2.12043,0x00000000,2025-12-14T15:01:31.070Z,2025-12-14T15:01:31.070Z
35,0x000a,1.52217,0x00000000,2025-12-14T15:01:31.070Z,2025-12-14T15:01:31.070Z
34,0x000a,2.6914,0x00000000,2025-12-14T15:01:31.070Z,2025-12-14T15:01:31.070Z
26,0x000a,2.63997,0x00000000,2025-12-14T15:01:31.070Z,2025-12-14T15:01:31.070Z
25,0x000a,1.92998,0x00000000,2025-12-14T15:01:31.070Z,2025-12-14T15:01:31.070Z
24,0x000a,3.46969,0x00000000,2025-12-14T15:01:31.070Z,2025-12-14T15:01:31.070Z
23,0x000a,2.12043,0x00000000,2025-12-14T15:01:31.070Z,2025-12-14T15:01:31.070Z
22,0x000a,1.52217,0x00000000,2025-12-14T15:01:31.070Z,2025-12-14T15:01:31.070Z
21,0x000a,2.6914,0x00000000,2025-12-14T15:01:31.070Z,2025-12-14T15:01:31.070Z
8,0x0004,7299,0x00000000,2025-12-14T15:01:31.068Z,2025-12-14T15:01:31.068Z
7,0x0004,5336,0x00000000,2025-12-14T15:01:31.068Z,2025-12-14T15:01:31.068Z
6,0x0004,9593,0x00000000,2025-12-14T15:01:31.068Z,2025-12-14T15:01:31.068Z
39,0x000a,4.09795,0x00000000,2025-12-14T15:01:31.369Z,2025-12-14T15:01:31.369Z
38,0x000a,3.00203,0x00000000,2025-12-14T15:01:31.369Z,2025-12-14T15:01:31.369Z
37,0x000a,5.30237,0x00000000,2025-12-14T15:01:31.369Z,2025-12-14T15:01:31.369Z
36,0x000a,2.14087,0x00000000,2025-12-14T15:01:31.369Z,2025-12-14T15:01:31.369Z
35,0x000a,1.56424,0x00000000,2025-12-14T15:01:31.369Z,2025-12-14T15:01:31.369Z
34,0x000a,2.77376,0x00000000,2025-12-14T15:01:31.369Z,2025-12-14T15:01:31.369Z
26,0x000a,3.24978,0x00000000,2025-12-14T15:01:31.369Z,2025-12-14T15:01:31.369Z
25,0x000a,2.37992,0x00000000,2025-12-14T15:01:31.369Z,2025-12-14T15:01:31.369Z
24,0x000a,4.25998,0x00000000,2025-12-14T15:01:31.369Z,2025-12-14T15:01:31.369Z
23,0x000a,2.14087,0x00000000,2025-12-14T15:01:31.369Z,2025-12-14T15:01:31.369Z
22,0x000a,1.56424,0x00000000,2025-12-14T15:01:31.369Z,2025-12-14T15:01:31.369Z
21,0x000a,2.77376,0x00000000,2025-12-14T15:01:31.369Z,2025-12-14T15:01:31.369Z
8,0x0004,8985,0x00000000,2025-12-14T15:01:31.369Z,2025-12-14T15:01:31.369Z
7,0x0004,6580,0x00000000,2025-12-14T15:01:31.369Z,2025-12-14T15:01:31.369Z
6,0x0004,11778,0x00000000,2025-12-14T15:01:31.369Z,2025-12-14T15:01:31.369Z
39,0x000a,2.49928,0x00000000,2025-12-14T15:01:31.669Z,2025-12-14T15:01:31.669Z
38,0x000a,1.7976,0x00000000,2025-12-14T15:01:31.669Z,2025-12-14T15:01:31.669Z
37,0x000a,3.20096,0x00000000,2025-12-14T15:01:31.669Z,2025-12-14T15:01:31.669Z
36,0x000a,2.55484,0x00000000,2025-12-14T15:01:31.669Z,2025-12-14T15:01:31.669Z
35,0x000a,1.81952,0x00000000,2025-12-14T15:01:31.669Z,2025-12-14T15:01:31.669Z
34,0x000a,3.28455,0x00000000,2025-12-14T15:01:31.669Z,2025-12-14T15:01:31.669Z
26,0x000a,3.90987,0x00000000,2025-12-14T15:01:31.669Z,2025-12-14T15:01:31.669Z
25,0x000a,2.84975,0x00000000,2025-12-14T15:01:31.669Z,2025-12-14T15:01:31.669Z
24,0x000a,5.11972,0x00000000,2025-12-14T15:01:31.669Z,2025-12-14T15:01:31.669Z
23,0x000a,2.55484,0x00000000,2025-12-14T15:01:31.669Z,2025-12-14T15:01:31.669Z
22,0x000a,1.81952,0x00000000,2025-12-14T15:01:31.669Z,2025-12-14T15:01:31.669Z
21,0x000a,3.28455,0x00000000,2025-12-14T15:01:31.669Z,2025-12-14T15:01:31.669Z
8,0x0004,10810,0x00000000,2025-12-14T15:01:31.669Z,2025-12-14T15:01:31.669Z
7,0x0004,7879,0x00000000,2025-12-14T15:01:31.669Z,2025-12-14T15:01:31.669Z
6,0x0004,14155,0x00000000,2025-12-14T15:01:31.669Z,2025-12-14T15:01:31.669Z
39,0x000a,2.00015,0x00000000,2025-12-14T15:01:31.970Z,2025-12-14T15:01:31.970Z
38,0x000a,1.39974,0x00000000,2025-12-14T15:01:31.970Z,2025-12-14T15:01:31.970Z
37,0x000a,2.70183,0x00000000,2025-12-14T15:01:31.970Z,2025-12-14T15:01:31.970Z
36,0x000a,2.18765,0x00000000,2025-12-14T15:01:31.970Z,2025-12-14T15:01:31.970Z
35,0x000a,1.58064,0x00000000,2025-12-14T15:01:31.970Z,2025-12-14T15:01:31.970Z
34,0x000a,2.79596,0x00000000,2025-12-14T15:01:31.970Z,2025-12-14T15:01:31.970Z
26,0x000a,4.5298,0x00000000,2025-12-14T15:01:31.970Z,2025-12-14T15:01:31.970Z
25,0x000a,3.28993,0x00000000,2025-12-14T15:01:31.970Z,2025-12-14T15:01:31.970Z
24,0x000a,5.90965,0x00000000,2025-12-14T15:01:31.970Z,2025-12-14T15:01:31.970Z
23,0x000a,2.18765,0x00000000,2025-12-14T15:01:31.970Z,2025-12-14T15:01:31.970Z
22,0x000a,1.58064,0x00000000,2025-12-14T15:01:31.970Z,2025-12-14T15:01:31.970Z
21,0x000a,2.79596,0x00000000,2025-12-14T15:01:31.970Z,2025-12-14T15:01:31.970Z
8,0x0004,12524,0x00000000,2025-12-14T15:01:31.968Z,2025-12-14T15:01:31.968Z
7,0x0004,9096,0x00000000,2025-12-14T15:01:31.968Z,2025-12-14T15:01:31.968Z
6,0x0004,16339,0x00000000,2025-12-14T15:01:31.968Z,2025-12-14T15:01:31.968Z
39,0x000a,2.49928,0x00000000,2025-12-14T15:01:32.271Z,2025-12-14T15:01:32.271Z
38,0x000a,1.80121,0x00000000,2025-12-14T15:01:32.271Z,2025-12-14T15:01:32.271Z
37,0x000a,3.20096,0x00000000,2025-12-14T15:01:32.271Z,2025-12-14T15:01:32.271Z
36,0x000a,2.0489,0x00000000,2025-12-14T15:01:32.271Z,2025-12-14T15:01:32.271Z
35,0x000a,1.4965,0x00000000,2025-12-14T15:01:32.271Z,2025-12-14T15:01:32.271Z
34,0x000a,2.68737,0x00000000,2025-12-14T15:01:32.271Z,2025-12-14T15:01:32.271Z
26,0x000a,5.17976,0x00000000,2025-12-14T15:01:32.271Z,2025-12-14T15:01:32.271Z
25,0x000a,3.75977,0x00000000,2025-12-14T15:01:32.271Z,2025-12-14T15:01:32.271Z
24,0x000a,6.75998,0x00000000,2025-12-14T15:01:32.271Z,2025-12-14T15:01:32.271Z
23,0x000a,2.0489,0x00000000,2025-12-14T15:01:32.271Z,2025-12-14T15:01:32.271Z
22,0x000a,1.4965,0x00000000,2025-12-14T15:01:32.271Z,2025-12-14T15:01:32.271Z
21,0x000a,2.68737,0x00000000,2025-12-14T15:01:32.271Z,2025-12-14T15:01:32.271Z
8,0x0004,14321,0x00000000,2025-12-14T15:01:32.270Z,2025-12-14T15:01:32.270Z
7,0x0004,10395,0x00000000,2025-12-14T15:01:32.270Z,2025-12-14T15:01:32.270Z
6,0x0004,18690,0x00000000,2025-12-14T15:01:32.270Z,2025-12-14T15:01:32.270Z
39,0x000a,4.19921,0x00000000,2025-12-14T15:01:32.570Z,2025-12-14T15:01:32.570Z
38,0x000a,3.00202,0x00000000,2025-12-14T15:01:32.570Z,2025-12-14T15:01:32.570Z
37,0x000a,5.40003,0x00000000,2025-12-14T15:01:32.570Z,2025-12-14T15:01:32.570Z
36,0x000a,2.13712,0x00000000,2025-12-14T15:01:32.570Z,2025-12-14T15:01:32.570Z
35,0x000a,1.5243,0x00000000,2025-12-14T15:01:32.570Z,2025-12-14T15:01:32.570Z
34,0x000a,2.77236,0x00000000,2025-12-14T15:01:32.570Z,2025-12-14T15:01:32.570Z
26,0x000a,5.59968,0x00000000,2025-12-14T15:01:32.570Z,2025-12-14T15:01:32.570Z
25,0x000a,4.05997,0x00000000,2025-12-14T15:01:32.570Z,2025-12-14T15:01:32.570Z
24,0x000a,7.29999,0x00000000,2025-12-14T15:01:32.570Z,2025-12-14T15:01:32.570Z
23,0x000a,2.13712,0x00000000,2025-12-14T15:01:32.570Z,2025-12-14T15:01:32.570Z
22,0x000a,1.5243,0x00000000,2025-12-14T15:01:32.570Z,2025-12-14T15:01:32.570Z
21,0x000a,2.77236,0x00000000,2025-12-14T15:01:32.570Z,2025-12-14T15:01:32.570Z
8,0x0004,15482,0x00000000,2025-12-14T15:01:32.570Z,2025-12-14T15:01:32.570Z
7,0x0004,11225,0x00000000,2025-12-14T15:01:32.570Z,2025-12-14T15:01:32.570Z
6,0x0004,20183,0x00000000,2025-12-14T15:01:32.570Z,2025-12-14T15:01:32.570Z
39,0x000a,2.00015,0x00000000,2025-12-14T15:01:32.871Z,2025-12-14T15:01:32.871Z
38,0x000a,1.39974,0x00000000,2025-12-14T15:01:32.871Z,2025-12-14T15:01:32.871Z
37,0x000a,2.70183,0x00000000,2025-12-14T15:01:32.871Z,2025-12-14T15:01:32.871Z
36,0x000a,2.54353,0x00000000,2025-12-14T15:01:32.871Z,2025-12-14T15:01:32.871Z
35,0x000a,1.84075,0x00000000,2025-12-14T15:01:32.871Z,2025-12-14T15:01:32.871Z
34,0x000a,3.27126,0x00000000,2025-12-14T15:01:32.871Z,2025-12-14T15:01:32.871Z
26,0x000a,6.25,0x00000000,2025-12-14T15:01:32.871Z,2025-12-14T15:01:32.871Z
25,0x000a,4.5298,0x00000000,2025-12-14T15:01:32.871Z,2025-12-14T15:01:32.871Z
24,0x000a,8.14996,0x00000000,2025-12-14T15:01:32.871Z,2025-12-14T15:01:32.871Z
23,0x000a,2.54353,0x00000000,2025-12-14T15:01:32.871Z,2025-12-14T15:01:32.871Z
22,0x000a,1.84075,0x00000000,2025-12-14T15:01:32.871Z,2025-12-14T15:01:32.871Z
21,0x000a,3.27126,0x00000000,2025-12-14T15:01:32.871Z,2025-12-14T15:01:32.871Z
13,0x0001,false,0x00000000,2025-12-14T15:01:32.871Z,2025-12-14T15:01:32.871Z
8,0x0004,17280,0x00000000,2025-12-14T15:01:32.871Z,2025-12-14T15:01:32.871Z
7,0x0004,12524,0x00000000,2025-12-14T15:01:32.871Z,2025-12-14T15:01:32.871Z
6,0x0004,22533,0x00000000,2025-12-14T15:01:32.871Z,2025-12-14T15:01:32.871Z
39,0x000a,2.10142,0x00000000,2025-12-14T15:01:33.173Z,2025-12-14T15:01:33.173Z
38,0x000a,1.50101,0x00000000,2025-12-14T15:01:33.173Z,2025-12-14T15:01:33.173Z
37,0x000a,0,0x00000000,2025-12-14T15:01:33.173Z,2025-12-14T15:01:33.173Z
36,0x000a,2.09248,0x00000000,2025-12-14T15:01:33.173Z,2025-12-14T15:01:33.173Z
35,0x000a,1.52901,0x00000000,2025-12-14T15:01:33.173Z,2025-12-14T15:01:33.173Z
34,0x000a,0.9962,0x00000000,2025-12-14T15:01:33.173Z,2025-12-14T15:01:33.173Z
26,0x000a,6.86994,0x00000000,2025-12-14T15:01:33.173Z,2025-12-14T15:01:33.173Z
25,0x000a,4.97975,0x00000000,2025-12-14T15:01:33.173Z,2025-12-14T15:01:33.173Z
24,0x000a,8.24978,0x00000000,2025-12-14T15:01:33.173Z,2025-12-14T15:01:33.173Z
23,0x000a,2.09248,0x00000000,2025-12-14T15:01:33.173Z,2025-12-14T15:01:33.173Z
22,0x000a,1.52901,0x00000000,2025-12-14T15:01:33.173Z,2025-12-14T15:01:33.173Z
21,0x000a,0.9962,0x00000000,2025-12-14T15:01:33.173Z,2025-12-14T15:01:33.173Z
8,0x0004,18994,0x00000000,2025-12-14T15:01:33.170Z,2025-12-14T15:01:33.170Z
7,0x0004,13768,0x00000000,2025-12-14T15:01:33.170Z,2025-12-14T15:01:33.170Z
6,0x0004,22809,0x00000000,2025-12-14T15:01:33.170Z,2025-12-14T15:01:33.170Z
40,0x0001,true,0x00000000,2025-12-14T15:01:33.469Z,2025-12-14T15:01:33.469Z
39,0x000a,2.49928,0x00000000,2025-12-14T15:01:33.469Z,2025-12-14T15:01:33.469Z
38,0x000a,1.80122,0x00000000,2025-12-14T15:01:33.469Z,2025-12-14T15:01:33.469Z
36,0x000a,2.04855,0x00000000,2025-12-14T15:01:33.469Z,2025-12-14T15:01:33.469Z
35,0x000a,1.45737,0x00000000,2025-12-14T15:01:33.469Z,2025-12-14T15:01:33.469Z
34,0x000a,0.24905,0x00000000,2025-12-14T15:01:33.469Z,2025-12-14T15:01:33.469Z
26,0x000a,7.52966,0x00000000,2025-12-14T15:01:33.469Z,2025-12-14T15:01:33.469Z
25,0x000a,5.44994,0x00000000,2025-12-14T15:01:33.469Z,2025-12-14T15:01:33.469Z
23,0x000a,2.04855,0x00000000,2025-12-14T15:01:33.469Z,2025-12-14T15:01:33.469Z
22,0x000a,1.45737,0x00000000,2025-12-14T15:01:33.469Z,2025-12-14T15:01:33.469Z
21,0x000a,0.24905,0x00000000,2025-12-14T15:01:33.469Z,2025-12-14T15:01:33.469Z
8,0x0004,20818,0x00000000,2025-12-14T15:01:33.469Z,2025-12-14T15:01:33.469Z
7,0x0004,15068,0x00000000,2025-12-14T15:01:33.469Z,2025-12-14T15:01:33.469Z
39,0x000a,2.00014,0x00000000,2025-12-14T15:01:33.770Z,2025-12-14T15:01:33.770Z
38,0x000a,1.39974,0x00000000,2025-12-14T15:01:33.770Z,2025-12-14T15:01:33.770Z
36,0x000a,3.14371,0x00000000,2025-12-14T15:01:33.770Z,2025-12-14T15:01:33.770Z
35,0x000a,2.28178,0x00000000,2025-12-14T15:01:33.770Z,2025-12-14T15:01:33.770Z
34,0x000a,0.0311313,0x00000000,2025-12-14T15:01:33.770Z,2025-12-14T15:01:33.770Z
26,0x000a,8.13983,0x00000000,2025-12-14T15:01:33.770Z,2025-12-14T15:01:33.770Z
25,0x000a,5.88976,0x00000000,2025-12-14T15:01:33.770Z,2025-12-14T15:01:33.770Z
23,0x000a,3.14371,0x00000000,2025-12-14T15:01:33.770Z,2025-12-14T15:01:33.770Z
22,0x000a,2.28178,0x00000000,2025-12-14T15:01:33.770Z,2025-12-14T15:01:33.770Z
21,0x000a,0.0311313,0x00000000,2025-12-14T15:01:33.770Z,2025-12-14T15:01:33.770Z
8,0x0004,22505,0x00000000,2025-12-14T15:01:33.770Z,2025-12-14T15:01:33.770Z
7,0x0004,16284,0x00000000,2025-12-14T15:01:33.770Z,2025-12-14T15:01:33.770Z
39,0x000a,2.09781,0x00000000,2025-12-14T15:01:34.072Z,2025-12-14T15:01:34.072Z
38,0x000a,1.49739,0x00000000,2025-12-14T15:01:34.072Z,2025-12-14T15:01:34.072Z
36,0x000a,2.16841,0x00000000,2025-12-14T15:01:34.072Z,2025-12-14T15:01:34.072Z
35,0x000a,1.58595,0x00000000,2025-12-14T15:01:34.072Z,2025-12-14T15:01:34.072Z
34,0x000a,0.00389141,0x00000000,2025-12-14T15:01:34.072Z,2025-12-14T15:01:34.072Z
26,0x000a,8.75977,0x00000000,2025-12-14T15:01:34.072Z,2025-12-14T15:01:34.072Z
25,0x000a,6.3397,0x00000000,2025-12-14T15:01:34.072Z,2025-12-14T15:01:34.072Z
23,0x000a,2.16841,0x00000000,2025-12-14T15:01:34.072Z,2025-12-14T15:01:34.072Z
22,0x000a,1.58595,0x00000000,2025-12-14T15:01:34.072Z,2025-12-14T15:01:34.072Z
21,0x000a,0.00389141,0x00000000,2025-12-14T15:01:34.072Z,2025-12-14T15:01:34.072Z
8,0x0004,24219,0x00000000,2025-12-14T15:01:34.070Z,2025-12-14T15:01:34.070Z
7,0x0004,17528,0x00000000,2025-12-14T15:01:34.070Z,2025-12-14T15:01:34.070Z
39,0x000a,2.00014,0x00000000,2025-12-14T15:01:34.370Z,2025-12-14T15:01:34.370Z
38,0x000a,1.50101,0x00000000,2025-12-14T15:01:34.370Z,2025-12-14T15:01:34.370Z
36,0x000a,2.31619,0x00000000,2025-12-14T15:01:34.370Z,2025-12-14T15:01:34.370Z
35,0x000a,1.62081,0x00000000,2025-12-14T15:01:34.370Z,2025-12-14T15:01:34.370Z
34,0x000a,0.000972852,0x00000000,2025-12-14T15:01:34.370Z,2025-12-14T15:01:34.370Z
26,0x000a,9.41985,0x00000000,2025-12-14T15:01:34.370Z,2025-12-14T15:01:34.370Z
25,0x000a,6.8099,0x00000000,2025-12-14T15:01:34.370Z,2025-12-14T15:01:34.370Z
23,0x000a,2.31619,0x00000000,2025-12-14T15:01:34.370Z,2025-12-14T15:01:34.370Z
22,0x000a,1.62081,0x00000000,2025-12-14T15:01:34.370Z,2025-12-14T15:01:34.370Z
21,0x000a,0.000972852,0x00000000,2025-12-14T15:01:34.370Z,2025-12-14T15:01:34.370Z
8,0x0004,26044,0x00000000,2025-12-14T15:01:34.368Z,2025-12-14T15:01:34.368Z
7,0x0004,18828,0x00000000,2025-12-14T15:01:34.368Z,2025-12-14T15:01:34.368Z
39,0x000a,2.09781,0x00000000,2025-12-14T15:01:34.671Z,2025-12-14T15:01:34.671Z
38,0x000a,1.49739,0x00000000,2025-12-14T15:01:34.671Z,2025-12-14T15:01:34.671Z
36,0x000a,2.06497,0x00000000,2025-12-14T15:01:34.671Z,2025-12-14T15:01:34.671Z
35,0x000a,1.51599,0x00000000,2025-12-14T15:01:34.671Z,2025-12-14T15:01:34.671Z
34,0x000a,0.000121606,0x00000000,2025-12-14T15:01:34.671Z,2025-12-14T15:01:34.671Z
30,0x0004,0,0x00000000,2025-12-14T15:01:34.671Z,2025-12-14T15:01:34.671Z
26,0x000a,10,0x00000000,2025-12-14T15:01:34.671Z,2025-12-14T15:01:34.671Z
25,0x000a,7.24971,0x00000000,2025-12-14T15:01:34.671Z,2025-12-14T15:01:34.671Z
23,0x000a,2.06497,0x00000000,2025-12-14T15:01:34.671Z,2025-12-14T15:01:34.671Z
22,0x000a,1.51599,0x00000000,2025-12-14T15:01:34.671Z,2025-12-14T15:01:34.671Z
21,0x000a,0.000121606,0x00000000,2025-12-14T15:01:34.671Z,2025-12-14T15:01:34.671Z
17,0x0001,false,0x00000000,2025-12-14T15:01:34.671Z,2025-12-14T15:01:34.671Z
8,0x0004,27648,0x00000000,2025-12-14T15:01:34.668Z,2025-12-14T15:01:34.668Z
7,0x0004,20044,0x00000000,2025-12-14T15:01:34.668Z,2025-12-14T15:01:34.668Z
39,0x000a,0,0x00000000,2025-12-14T15:01:34.970Z,2025-12-14T15:01:34.970Z
38,0x000a,1.4974,0x00000000,2025-12-14T15:01:34.970Z,2025-12-14T15:01:34.970Z
36,0x000a,0.946236,0x00000000,2025-12-14T15:01:34.970Z,2025-12-14T15:01:34.970Z
35,0x000a,2.00247,0x00000000,2025-12-14T15:01:34.970Z,2025-12-14T15:01:34.970Z
34,0x000a,1.52008e-05,0x00000000,2025-12-14T15:01:34.970Z,2025-12-14T15:01:34.970Z
25,0x000a,7.72967,0x00000000,2025-12-14T15:01:34.970Z,2025-12-14T15:01:34.970Z
23,0x000a,0.946236,0x00000000,2025-12-14T15:01:34.970Z,2025-12-14T15:01:34.970Z
22,0x000a,2.00247,0x00000000,2025-12-14T15:01:34.970Z,2025-12-14T15:01:34.970Z
21,0x000a,1.52008e-05,0x00000000,2025-12-14T15:01:34.970Z,2025-12-14T15:01:34.970Z
7,0x0004,21371,0x00000000,2025-12-14T15:01:34.968Z,2025-12-14T15:01:34.968Z
42,0x0001,true,0x00000000,2025-12-14T15:01:35.272Z,2025-12-14T15:01:35.272Z
38,0x000a,1.50101,0x00000000,2025-12-14T15:01:35.272Z,2025-12-14T15:01:35.272Z
36,0x000a,0.236559,0x00000000,2025-12-14T15:01:35.272Z,2025-12-14T15:01:35.272Z
35,0x000a,1.57484,0x00000000,2025-12-14T15:01:35.272Z,2025-12-14T15:01:35.272Z
34,0x000a,3.8002e-06,0x00000000,2025-12-14T15:01:35.272Z,2025-12-14T15:01:35.272Z
25,0x000a,8.16985,0x00000000,2025-12-14T15:01:35.272Z,2025-12-14T15:01:35.272Z
23,0x000a,0.236559,0x00000000,2025-12-14T15:01:35.272Z,2025-12-14T15:01:35.272Z
22,0x000a,1.57484,0x00000000,2025-12-14T15:01:35.272Z,2025-12-14T15:01:35.272Z
21,0x000a,3.8002e-06,0x00000000,2025-12-14T15:01:35.272Z,2025-12-14T15:01:35.272Z
7,0x0004,22588,0x00000000,2025-12-14T15:01:35.268Z,2025-12-14T15:01:35.268Z
38,0x000a,1.49739,0x00000000,2025-12-14T15:01:35.570Z,2025-12-14T15:01:35.570Z
36,0x000a,0.0295699,0x00000000,2025-12-14T15:01:35.570Z,2025-12-14T15:01:35.570Z
35,0x000a,1.51024,0x00000000,2025-12-14T15:01:35.570Z,2025-12-14T15:01:35.570Z
34,0x000a,4.75025e-07,0x00000000,2025-12-14T15:01:35.570Z,2025-12-14T15:01:35.570Z
25,0x000a,8.46969,0x00000000,2025-12-14T15:01:35.570Z,2025-12-14T15:01:35.570Z
23,0x000a,0.0295699,0x00000000,2025-12-14T15:01:35.570Z,2025-12-14T15:01:35.570Z
22,0x000a,1.51024,0x00000000,2025-12-14T15:01:35.570Z,2025-12-14T15:01:35.570Z
21,0x000a,4.75025e-07,0x00000000,2025-12-14T15:01:35.570Z,2025-12-14T15:01:35.570Z
7,0x0004,23417,0x00000000,2025-12-14T15:01:35.568Z,2025-12-14T15:01:35.568Z
38,0x000a,1.50102,0x00000000,2025-12-14T15:01:35.871Z,2025-12-14T15:01:35.871Z
36,0x000a,0.00369624,0x00000000,2025-12-14T15:01:35.871Z,2025-12-14T15:01:35.871Z
35,0x000a,1.4764,0x00000000,2025-12-14T15:01:35.871Z,2025-12-14T15:01:35.871Z
34,0x000a,5.93782e-08,0x00000000,2025-12-14T15:01:35.871Z,2025-12-14T15:01:35.871Z
25,0x000a,8.93989,0x00000000,2025-12-14T15:01:35.871Z,2025-12-14T15:01:35.871Z
23,0x000a,0.00369624,0x00000000,2025-12-14T15:01:35.871Z,2025-12-14T15:01:35.871Z
22,0x000a,1.4764,0x00000000,2025-12-14T15:01:35.871Z,2025-12-14T15:01:35.871Z
21,0x000a,5.93782e-08,0x00000000,2025-12-14T15:01:35.871Z,2025-12-14T15:01:35.871Z
15,0x0001,false,0x00000000,2025-12-14T15:01:35.871Z,2025-12-14T15:01:35.871Z
7,0x0004,24717,0x00000000,2025-12-14T15:01:35.868Z,2025-12-14T15:01:35.868Z
38,0x000a,0,0x00000000,2025-12-14T15:01:36.169Z,2025-12-14T15:01:36.169Z
36,0x000a,0.000924059,0x00000000,2025-12-14T15:01:36.169Z,2025-12-14T15:01:36.169Z
35,0x000a,0.969504,0x00000000,2025-12-14T15:01:36.169Z,2025-12-14T15:01:36.169Z
34,0x000a,1.48445e-08,0x00000000,2025-12-14T15:01:36.169Z,2025-12-14T15:01:36.169Z
25,0x000a,8.99993,0x00000000,2025-12-14T15:01:36.169Z,2025-12-14T15:01:36.169Z
23,0x000a,0.000924059,0x00000000,2025-12-14T15:01:36.169Z,2025-12-14T15:01:36.169Z
22,0x000a,0.969504,0x00000000,2025-12-14T15:01:36.169Z,2025-12-14T15:01:36.169Z
21,0x000a,1.48445e-08,0x00000000,2025-12-14T15:01:36.169Z,2025-12-14T15:01:36.169Z
7,0x0004,24883,0x00000000,2025-12-14T15:01:36.169Z,2025-12-14T15:01:36.169Z
42,0x0001,false,0x00000000,2025-12-14T15:01:36.472Z,2025-12-14T15:01:36.472Z
40,0x0001,false,0x00000000,2025-12-14T15:01:36.472Z,2025-12-14T15:01:36.472Z
39,0x000a,-0.401478,0x00000000,2025-12-14T15:01:36.472Z,2025-12-14T15:01:36.472Z
38,0x000a,-0.900612,0x00000000,2025-12-14T15:01:36.472Z,2025-12-14T15:01:36.472Z
37,0x000a,-1.59866,0x00000000,2025-12-14T15:01:36.472Z,2025-12-14T15:01:36.472Z
36,0x000a,0.000115507,0x00000000,2025-12-14T15:01:36.472Z,2025-12-14T15:01:36.472Z
35,0x000a,0.121188,0x00000000,2025-12-14T15:01:36.472Z,2025-12-14T15:01:36.472Z
34,0x000a,1.85557e-09,0x00000000,2025-12-14T15:01:36.472Z,2025-12-14T15:01:36.472Z
30,0x0004,1000,0x00000000,2025-12-14T15:01:36.472Z,2025-12-14T15:01:36.472Z
26,0x000a,9.95985,0x00000000,2025-12-14T15:01:36.472Z,2025-12-14T15:01:36.472Z
25,0x000a,8.90987,0x00000000,2025-12-14T15:01:36.472Z,2025-12-14T15:01:36.472Z
24,0x000a,8.08992,0x00000000,2025-12-14T15:01:36.472Z,2025-12-14T15:01:36.472Z
23,0x000a,0.000115507,0x00000000,2025-12-14T15:01:36.472Z,2025-12-14T15:01:36.472Z
22,0x000a,0.121188,0x00000000,2025-12-14T15:01:36.472Z,2025-12-14T15:01:36.472Z
21,0x000a,1.85557e-09,0x00000000,2025-12-14T15:01:36.472Z,2025-12-14T15:01:36.472Z
18,0x0001,true,0x00000000,2025-12-14T15:01:36.472Z,2025-12-14T15:01:36.472Z
16,0x0001,true,0x00000000,2025-12-14T15:01:36.472Z,2025-12-14T15:01:36.472Z
14,0x0001,true,0x00000000,2025-12-14T15:01:36.472Z,2025-12-14T15:01:36.472Z
8,0x0004,27537,0x00000000,2025-12-14T15:01:36.470Z,2025-12-14T15:01:36.470Z
7,0x0004,24634,0x00000000,2025-12-14T15:01:36.470Z,2025-12-14T15:01:36.470Z
6,0x0004,22367,0x00000000,2025-12-14T15:01:36.470Z,2025-12-14T15:01:36.470Z
4,0x000a,5,0x00000000,2025-12-14T15:01:36.470Z,2025-12-14T15:01:36.470Z
3,0x000a,5,0x00000000,2025-12-14T15:01:36.470Z,2025-12-14T15:01:36.470Z
2,0x000a,5,0x00000000,2025-12-14T15:01:36.470Z,2025-12-14T15:01:36.470Z
39,0x000a,-2.0978,0x00000000,2025-12-14T15:01:36.769Z,2025-12-14T15:01:36.769Z
38,0x000a,-1.50102,0x00000000,2025-12-14T15:01:36.769Z,2025-12-14T15:01:36.769Z
37,0x000a,-2.70183,0x00000000,2025-12-14T15:01:36.769Z,2025-12-14T15:01:36.769Z
36,0x000a,-1.15105,0x00000000,2025-12-14T15:01:36.769Z,2025-12-14T15:01:36.769Z
35,0x000a,-0.94536,0x00000000,2025-12-14T15:01:36.769Z,2025-12-14T15:01:36.769Z
34,0x000a,-1.69994,0x00000000,2025-12-14T15:01:36.769Z,2025-12-14T15:01:36.769Z
26,0x000a,9.33992,0x00000000,2025-12-14T15:01:36.769Z,2025-12-14T15:01:36.769Z
25,0x000a,8.46969,0x00000000,2025-12-14T15:01:36.769Z,2025-12-14T15:01:36.769Z
24,0x000a,7.29999,0x00000000,2025-12-14T15:01:36.769Z,2025-12-14T15:01:36.769Z
23,0x000a,-1.15105,0x00000000,2025-12-14T15:01:36.769Z,2025-12-14T15:01:36.769Z
22,0x000a,-0.94536,0x00000000,2025-12-14T15:01:36.769Z,2025-12-14T15:01:36.769Z
21,0x000a,-1.69994,0x00000000,2025-12-14T15:01:36.769Z,2025-12-14T15:01:36.769Z
8,0x0004,25823,0x00000000,2025-12-14T15:01:36.769Z,2025-12-14T15:01:36.769Z
7,0x0004,23417,0x00000000,2025-12-14T15:01:36.769Z,2025-12-14T15:01:36.769Z
6,0x0004,20183,0x00000000,2025-12-14T15:01:36.769Z,2025-12-14T15:01:36.769Z
39,0x000a,-4.10156,0x00000000,2025-12-14T15:01:37.069Z,2025-12-14T15:01:37.069Z
38,0x000a,-3.00202,0x00000000,2025-12-14T15:01:37.069Z,2025-12-14T15:01:37.069Z
37,0x000a,-5.40003,0x00000000,2025-12-14T15:01:37.069Z,2025-12-14T15:01:37.069Z
36,0x000a,-2.15578,0x00000000,2025-12-14T15:01:37.069Z,2025-12-14T15:01:37.069Z
35,0x000a,-1.55453,0x00000000,2025-12-14T15:01:37.069Z,2025-12-14T15:01:37.069Z
34,0x000a,-2.79993,0x00000000,2025-12-14T15:01:37.069Z,2025-12-14T15:01:37.069Z
26,0x000a,8.67983,0x00000000,2025-12-14T15:01:37.069Z,2025-12-14T15:01:37.069Z
25,0x000a,7.98973,0x00000000,2025-12-14T15:01:37.069Z,2025-12-14T15:01:37.069Z
24,0x000a,6.43989,0x00000000,2025-12-14T15:01:37.069Z,2025-12-14T15:01:37.069Z
23,0x000a,-2.15578,0x00000000,2025-12-14T15:01:37.069Z,2025-12-14T15:01:37.069Z
22,0x000a,-1.55453,0x00000000,2025-12-14T15:01:37.069Z,2025-12-14T15:01:37.069Z
21,0x000a,-2.79993,0x00000000,2025-12-14T15:01:37.069Z,2025-12-14T15:01:37.069Z
8,0x0004,23998,0x00000000,2025-12-14T15:01:37.069Z,2025-12-14T15:01:37.069Z
7,0x0004,22090,0x00000000,2025-12-14T15:01:37.069Z,2025-12-14T15:01:37.069Z
6,0x0004,17805,0x00000000,2025-12-14T15:01:37.069Z,2025-12-14T15:01:37.069Z
39,0x000a,-2.09781,0x00000000,2025-12-14T15:01:37.370Z,2025-12-14T15:01:37.370Z
38,0x000a,-1.4974,0x00000000,2025-12-14T15:01:37.370Z,2025-12-14T15:01:37.370Z
37,0x000a,-2.59693,0x00000000,2025-12-14T15:01:37.370Z,2025-12-14T15:01:37.370Z
36,0x000a,-2.30759,0x00000000,2025-12-14T15:01:37.370Z,2025-12-14T15:01:37.370Z
35,0x000a,-1.6456,0x00000000,2025-12-14T15:01:37.370Z,2025-12-14T15:01:37.370Z
34,0x000a,-3.02604,0x00000000,2025-12-14T15:01:37.370Z,2025-12-14T15:01:37.370Z
26,0x000a,8.0599,0x00000000,2025-12-14T15:01:37.370Z,2025-12-14T15:01:37.370Z
25,0x000a,7.54991,0x00000000,2025-12-14T15:01:37.370Z,2025-12-14T15:01:37.370Z
24,0x000a,5.64996,0x00000000,2025-12-14T15:01:37.370Z,2025-12-14T15:01:37.370Z
23,0x000a,-2.30759,0x00000000,2025-12-14T15:01:37.370Z,2025-12-14T15:01:37.370Z
22,0x000a,-1.6456,0x00000000,2025-12-14T15:01:37.370Z,2025-12-14T15:01:37.370Z
21,0x000a,-3.02604,0x00000000,2025-12-14T15:01:37.370Z,2025-12-14T15:01:37.370Z
8,0x0004,22284,0x00000000,2025-12-14T15:01:37.370Z,2025-12-14T15:01:37.370Z
7,0x0004,20874,0x00000000,2025-12-14T15:01:37.370Z,2025-12-14T15:01:37.370Z
6,0x0004,15621,0x00000000,2025-12-14T15:01:37.370Z,2025-12-14T15:01:37.370Z
39,0x000a,-2.49928,0x00000000,2025-12-14T15:01:37.671Z,2025-12-14T15:01:37.671Z
38,0x000a,-1.80121,0x00000000,2025-12-14T15:01:37.671Z,2025-12-14T15:01:37.671Z
37,0x000a,-3.20096,0x00000000,2025-12-14T15:01:37.671Z,2025-12-14T15:01:37.671Z
36,0x000a,-2.10142,0x00000000,2025-12-14T15:01:37.671Z,2025-12-14T15:01:37.671Z
35,0x000a,-1.53625,0x00000000,2025-12-14T15:01:37.671Z,2025-12-14T15:01:37.671Z
34,0x000a,-2.75666,0x00000000,2025-12-14T15:01:37.671Z,2025-12-14T15:01:37.671Z
26,0x000a,7.39981,0x00000000,2025-12-14T15:01:37.671Z,2025-12-14T15:01:37.671Z
25,0x000a,7.07972,0x00000000,2025-12-14T15:01:37.671Z,2025-12-14T15:01:37.671Z
24,0x000a,4.79999,0x00000000,2025-12-14T15:01:37.671Z,2025-12-14T15:01:37.671Z
23,0x000a,-2.10142,0x00000000,2025-12-14T15:01:37.671Z,2025-12-14T15:01:37.671Z
22,0x000a,-1.53625,0x00000000,2025-12-14T15:01:37.671Z,2025-12-14T15:01:37.671Z
21,0x000a,-2.75666,0x00000000,2025-12-14T15:01:37.671Z,2025-12-14T15:01:37.671Z
14,0x0001,false,0x00000000,2025-12-14T15:01:37.671Z,2025-12-14T15:01:37.671Z
8,0x0004,20459,0x00000000,2025-12-14T15:01:37.671Z,2025-12-14T15:01:37.671Z
7,0x0004,19574,0x00000000,2025-12-14T15:01:37.671Z,2025-12-14T15:01:37.671Z
6,0x0004,13271,0x00000000,2025-12-14T15:01:37.671Z,2025-12-14T15:01:37.671Z
39,0x000a,-2.10142,0x00000000,2025-12-14T15:01:37.971Z,2025-12-14T15:01:37.971Z
38,0x000a,-1.50102,0x00000000,2025-12-14T15:01:37.971Z,2025-12-14T15:01:37.971Z
37,0x000a,0,0x00000000,2025-12-14T15:01:37.971Z,2025-12-14T15:01:37.971Z
36,0x000a,-2.10051,0x00000000,2025-12-14T15:01:37.971Z,2025-12-14T15:01:37.971Z
35,0x000a,-1.51582,0x00000000,2025-12-14T15:01:37.971Z,2025-12-14T15:01:37.971Z
34,0x000a,-2.19508,0x00000000,2025-12-14T15:01:37.971Z,2025-12-14T15:01:37.971Z
26,0x000a,6.78964,0x00000000,2025-12-14T15:01:37.971Z,2025-12-14T15:01:37.971Z
25,0x000a,6.62977,0x00000000,2025-12-14T15:01:37.971Z,2025-12-14T15:01:37.971Z
24,0x000a,4.73994,0x00000000,2025-12-14T15:01:37.971Z,2025-12-14T15:01:37.971Z
23,0x000a,-2.10051,0x00000000,2025-12-14T15:01:37.971Z,2025-12-14T15:01:37.971Z
22,0x000a,-1.51582,0x00000000,2025-12-14T15:01:37.971Z,2025-12-14T15:01:37.971Z
21,0x000a,-2.19508,0x00000000,2025-12-14T15:01:37.971Z,2025-12-14T15:01:37.971Z
8,0x0004,18772,0x00000000,2025-12-14T15:01:37.968Z,2025-12-14T15:01:37.968Z
7,0x0004,18330,0x00000000,2025-12-14T15:01:37.968Z,2025-12-14T15:01:37.968Z
6,0x0004,13105,0x00000000,2025-12-14T15:01:37.968Z,2025-12-14T15:01:37.968Z
39,0x000a,-2.49928,0x00000000,2025-12-14T15:01:38.271Z,2025-12-14T15:01:38.271Z
38,0x000a,-1.7976,0x00000000,2025-12-14T15:01:38.271Z,2025-12-14T15:01:38.271Z
36,0x000a,-3.27499,0x00000000,2025-12-14T15:01:38.271Z,2025-12-14T15:01:38.271Z
35,0x000a,-2.35283,0x00000000,2025-12-14T15:01:38.271Z,2025-12-14T15:01:38.271Z
34,0x000a,2.3759,0x00000000,2025-12-14T15:01:38.271Z,2025-12-14T15:01:38.271Z
26,0x000a,6.08977,0x00000000,2025-12-14T15:01:38.271Z,2025-12-14T15:01:38.271Z
25,0x000a,6.12992,0x00000000,2025-12-14T15:01:38.271Z,2025-12-14T15:01:38.271Z
24,0x000a,5.21991,0x00000000,2025-12-14T15:01:38.271Z,2025-12-14T15:01:38.271Z
23,0x000a,-3.27499,0x00000000,2025-12-14T15:01:38.271Z,2025-12-14T15:01:38.271Z
22,0x000a,-2.35283,0x00000000,2025-12-14T15:01:38.271Z,2025-12-14T15:01:38.271Z
21,0x000a,2.3759,0x00000000,2025-12-14T15:01:38.271Z,2025-12-14T15:01:38.271Z
8,0x0004,16837,0x00000000,2025-12-14T15:01:38.267Z,2025-12-14T15:01:38.267Z
7,0x0004,16948,0x00000000,2025-12-14T15:01:38.267Z,2025-12-14T15:01:38.267Z
6,0x0004,14432,0x00000000,2025-12-14T15:01:38.267Z,2025-12-14T15:01:38.267Z
8,0x0004,15123,0x00000000,2025-12-14T15:01:38.569Z,2025-12-14T15:01:38.569Z
7,0x0004,15731,0x00000000,2025-12-14T15:01:38.569Z,2025-12-14T15:01:38.569Z
40,0x0001,true,0x00000000,2025-12-14T15:01:38.572Z,2025-12-14T15:01:38.572Z
39,0x000a,-2.00014,0x00000000,2025-12-14T15:01:38.572Z,2025-12-14T15:01:38.572Z
38,0x000a,-1.50101,0x00000000,2025-12-14T15:01:38.572Z,2025-12-14T15:01:38.572Z
36,0x000a,-2.49247,0x00000000,2025-12-14T15:01:38.572Z,2025-12-14T15:01:38.572Z
35,0x000a,-1.78812,0x00000000,2025-12-14T15:01:38.572Z,2025-12-14T15:01:38.572Z
34,0x000a,0.593974,0x00000000,2025-12-14T15:01:38.572Z,2025-12-14T15:01:38.572Z
26,0x000a,5.46983,0x00000000,2025-12-14T15:01:38.572Z,2025-12-14T15:01:38.572Z
25,0x000a,5.68974,0x00000000,2025-12-14T15:01:38.572Z,2025-12-14T15:01:38.572Z
23,0x000a,-2.49247,0x00000000,2025-12-14T15:01:38.572Z,2025-12-14T15:01:38.572Z
22,0x000a,-1.78812,0x00000000,2025-12-14T15:01:38.572Z,2025-12-14T15:01:38.572Z
21,0x000a,0.593974,0x00000000,2025-12-14T15:01:38.572Z,2025-12-14T15:01:38.572Z
39,0x000a,-2.10142,0x00000000,2025-12-14T15:01:38.870Z,2025-12-14T15:01:38.870Z
38,0x000a,-1.49739,0x00000000,2025-12-14T15:01:38.870Z,2025-12-14T15:01:38.870Z
36,0x000a,-2.087,0x00000000,2025-12-14T15:01:38.870Z,2025-12-14T15:01:38.870Z
35,0x000a,-1.51158,0x00000000,2025-12-14T15:01:38.870Z,2025-12-14T15:01:38.870Z
34,0x000a,0.0742468,0x00000000,2025-12-14T15:01:38.870Z,2025-12-14T15:01:38.870Z
26,0x000a,5.05968,0x00000000,2025-12-14T15:01:38.870Z,2025-12-14T15:01:38.870Z
25,0x000a,5.3899,0x00000000,2025-12-14T15:01:38.870Z,2025-12-14T15:01:38.870Z
23,0x000a,-2.087,0x00000000,2025-12-14T15:01:38.870Z,2025-12-14T15:01:38.870Z
22,0x000a,-1.51158,0x00000000,2025-12-14T15:01:38.870Z,2025-12-14T15:01:38.870Z
21,0x000a,0.0742468,0x00000000,2025-12-14T15:01:38.870Z,2025-12-14T15:01:38.870Z
18,0x0001,false,0x00000000,2025-12-14T15:01:38.870Z,2025-12-14T15:01:38.870Z
8,0x0004,13989,0x00000000,2025-12-14T15:01:38.870Z,2025-12-14T15:01:38.870Z
7,0x0004,14902,0x00000000,2025-12-14T15:01:38.870Z,2025-12-14T15:01:38.870Z
39,0x000a,0,0x00000000,2025-12-14T15:01:39.171Z,2025-12-14T15:01:39.171Z
38,0x000a,-1.69994,0x00000000,2025-12-14T15:01:39.171Z,2025-12-14T15:01:39.171Z
36,0x000a,-0.82285,0x00000000,2025-12-14T15:01:39.171Z,2025-12-14T15:01:39.171Z
35,0x000a,-1.60135,0x00000000,2025-12-14T15:01:39.171Z,2025-12-14T15:01:39.171Z
34,0x000a,0.00928085,0x00000000,2025-12-14T15:01:39.171Z,2025-12-14T15:01:39.171Z
26,0x000a,4.93996,0x00000000,2025-12-14T15:01:39.171Z,2025-12-14T15:01:39.171Z
25,0x000a,5.00977,0x00000000,2025-12-14T15:01:39.171Z,2025-12-14T15:01:39.171Z
23,0x000a,-0.82285,0x00000000,2025-12-14T15:01:39.171Z,2025-12-14T15:01:39.171Z
22,0x000a,-1.60135,0x00000000,2025-12-14T15:01:39.171Z,2025-12-14T15:01:39.171Z
21,0x000a,0.00928085,0x00000000,2025-12-14T15:01:39.171Z,2025-12-14T15:01:39.171Z
16,0x0001,false,0x00000000,2025-12-14T15:01:39.171Z,2025-12-14T15:01:39.171Z
8,0x0004,13658,0x00000000,2025-12-14T15:01:39.171Z,2025-12-14T15:01:39.171Z
7,0x0004,13851,0x00000000,2025-12-14T15:01:39.171Z,2025-12-14T15:01:39.171Z
40,0x0001,false,0x00000000,2025-12-14T15:01:39.470Z,2025-12-14T15:01:39.470Z
38,0x000a,0,0x00000000,2025-12-14T15:01:39.470Z,2025-12-14T15:01:39.470Z
36,0x000a,-0.205713,0x00000000,2025-12-14T15:01:39.470Z,2025-12-14T15:01:39.470Z
35,0x000a,-0.550438,0x00000000,2025-12-14T15:01:39.470Z,2025-12-14T15:01:39.470Z
34,0x000a,0.00232021,0x00000000,2025-12-14T15:01:39.470Z,2025-12-14T15:01:39.470Z
23,0x000a,-0.205713,0x00000000,2025-12-14T15:01:39.470Z,2025-12-14T15:01:39.470Z
22,0x000a,-0.550438,0x00000000,2025-12-14T15:01:39.470Z,2025-12-14T15:01:39.470Z
21,0x000a,0.00232021,0x00000000,2025-12-14T15:01:39.470Z,2025-12-14T15:01:39.470Z
18,0x0001,true,0x00000000,2025-12-14T15:01:39.470Z,2025-12-14T15:01:39.470Z
16,0x0001,true,0x00000000,2025-12-14T15:01:39.470Z,2025-12-14T15:01:39.470Z
14,0x0001,true,0x00000000,2025-12-14T15:01:39.470Z,2025-12-14T15:01:39.470Z
4,0x000a,0,0x00000000,2025-12-14T15:01:39.468Z,2025-12-14T15:01:39.468Z
3,0x000a,0,0x00000000,2025-12-14T15:01:39.468Z,2025-12-14T15:01:39.468Z
2,0x000a,0,0x00000000,2025-12-14T15:01:39.468Z,2025-12-14T15:01:39.468Z
39,0x000a,-2.50289,0x00000000,2025-12-14T15:01:39.770Z,2025-12-14T15:01:39.770Z
38,0x000a,-1.7976,0x00000000,2025-12-14T15:01:39.770Z,2025-12-14T15:01:39.770Z
37,0x000a,-3.19734,0x00000000,2025-12-14T15:01:39.770Z,2025-12-14T15:01:39.770Z
36,0x000a,-0.175815,0x00000000,2025-12-14T15:01:39.770Z,2025-12-14T15:01:39.770Z
35,0x000a,-0.369007,0x00000000,2025-12-14T15:01:39.770Z,2025-12-14T15:01:39.770Z
34,0x000a,-0.500651,0x00000000,2025-12-14T15:01:39.770Z,2025-12-14T15:01:39.770Z
26,0x000a,4.65965,0x00000000,2025-12-14T15:01:39.770Z,2025-12-14T15:01:39.770Z
25,0x000a,4.76997,0x00000000,2025-12-14T15:01:39.770Z,2025-12-14T15:01:39.770Z
24,0x000a,4.79999,0x00000000,2025-12-14T15:01:39.770Z,2025-12-14T15:01:39.770Z
23,0x000a,-0.175815,0x00000000,2025-12-14T15:01:39.770Z,2025-12-14T15:01:39.770Z
22,0x000a,-0.369007,0x00000000,2025-12-14T15:01:39.770Z,2025-12-14T15:01:39.770Z
21,0x000a,-0.500651,0x00000000,2025-12-14T15:01:39.770Z,2025-12-14T15:01:39.770Z
8,0x0004,12883,0x00000000,2025-12-14T15:01:39.770Z,2025-12-14T15:01:39.770Z
7,0x0004,13188,0x00000000,2025-12-14T15:01:39.770Z,2025-12-14T15:01:39.770Z
6,0x0004,13271,0x00000000,2025-12-14T15:01:39.770Z,2025-12-14T15:01:39.770Z
39,0x000a,-2.10142,0x00000000,2025-12-14T15:01:40.072Z,2025-12-14T15:01:40.072Z
38,0x000a,-1.50101,0x00000000,2025-12-14T15:01:40.072Z,2025-12-14T15:01:40.072Z
37,0x000a,-2.69821,0x00000000,2025-12-14T15:01:40.072Z,2025-12-14T15:01:40.072Z
36,0x000a,-1.66794,0x00000000,2025-12-14T15:01:40.072Z,2025-12-14T15:01:40.072Z
35,0x000a,-1.29216,0x00000000,2025-12-14T15:01:40.072Z,2025-12-14T15:01:40.072Z
34,0x000a,-2.27541,0x00000000,2025-12-14T15:01:40.072Z,2025-12-14T15:01:40.072Z
26,0x000a,4.04984,0x00000000,2025-12-14T15:01:40.072Z,2025-12-14T15:01:40.072Z
25,0x000a,4.32979,0x00000000,2025-12-14T15:01:40.072Z,2025-12-14T15:01:40.072Z
24,0x000a,3.99993,0x00000000,2025-12-14T15:01:40.072Z,2025-12-14T15:01:40.072Z
23,0x000a,-1.66794,0x00000000,2025-12-14T15:01:40.072Z,2025-12-14T15:01:40.072Z
22,0x000a,-1.29216,0x00000000,2025-12-14T15:01:40.072Z,2025-12-14T15:01:40.072Z
21,0x000a,-2.27541,0x00000000,2025-12-14T15:01:40.072Z,2025-12-14T15:01:40.072Z
8,0x0004,11197,0x00000000,2025-12-14T15:01:40.068Z,2025-12-14T15:01:40.068Z
7,0x0004,11971,0x00000000,2025-12-14T15:01:40.068Z,2025-12-14T15:01:40.068Z
6,0x0004,11059,0x00000000,2025-12-14T15:01:40.068Z,2025-12-14T15:01:40.068Z
39,0x000a,-2.398,0x00000000,2025-12-14T15:01:40.371Z,2025-12-14T15:01:40.371Z
38,0x000a,-1.7976,0x00000000,2025-12-14T15:01:40.371Z,2025-12-14T15:01:40.371Z
37,0x000a,-3.20096,0x00000000,2025-12-14T15:01:40.371Z,2025-12-14T15:01:40.371Z
36,0x000a,-2.02191,0x00000000,2025-12-14T15:01:40.371Z,2025-12-14T15:01:40.371Z
35,0x000a,-1.44959,0x00000000,2025-12-14T15:01:40.371Z,2025-12-14T15:01:40.371Z
34,0x000a,-2.62275,0x00000000,2025-12-14T15:01:40.371Z,2025-12-14T15:01:40.371Z
26,0x000a,3.38976,0x00000000,2025-12-14T15:01:40.371Z,2025-12-14T15:01:40.371Z
25,0x000a,3.84983,0x00000000,2025-12-14T15:01:40.371Z,2025-12-14T15:01:40.371Z
24,0x000a,3.14996,0x00000000,2025-12-14T15:01:40.371Z,2025-12-14T15:01:40.371Z
23,0x000a,-2.02191,0x00000000,2025-12-14T15:01:40.371Z,2025-12-14T15:01:40.371Z
22,0x000a,-1.44959,0x00000000,2025-12-14T15:01:40.371Z,2025-12-14T15:01:40.371Z
21,0x000a,-2.62275,0x00000000,2025-12-14T15:01:40.371Z,2025-12-14T15:01:40.371Z
8,0x0004,9372,0x00000000,2025-12-14T15:01:40.371Z,2025-12-14T15:01:40.371Z
7,0x0004,10644,0x00000000,2025-12-14T15:01:40.371Z,2025-12-14T15:01:40.371Z
6,0x0004,8709,0x00000000,2025-12-14T15:01:40.371Z,2025-12-14T15:01:40.371Z
39,0x000a,-2.10142,0x00000000,2025-12-14T15:01:40.672Z,2025-12-14T15:01:40.672Z
38,0x000a,-1.50101,0x00000000,2025-12-14T15:01:40.672Z,2025-12-14T15:01:40.672Z
37,0x000a,-2.69821,0x00000000,2025-12-14T15:01:40.672Z,2025-12-14T15:01:40.672Z
36,0x000a,-2.60237,0x00000000,2025-12-14T15:01:40.672Z,2025-12-14T15:01:40.672Z
35,0x000a,-1.88159,0x00000000,2025-12-14T15:01:40.672Z,2025-12-14T15:01:40.672Z
34,0x000a,-3.35293,0x00000000,2025-12-14T15:01:40.672Z,2025-12-14T15:01:40.672Z
26,0x000a,2.76982,0x00000000,2025-12-14T15:01:40.672Z,2025-12-14T15:01:40.672Z
25,0x000a,3.40965,0x00000000,2025-12-14T15:01:40.672Z,2025-12-14T15:01:40.672Z
24,0x000a,2.3499,0x00000000,2025-12-14T15:01:40.672Z,2025-12-14T15:01:40.672Z
23,0x000a,-2.60237,0x00000000,2025-12-14T15:01:40.672Z,2025-12-14T15:01:40.672Z
22,0x000a,-1.88159,0x00000000,2025-12-14T15:01:40.672Z,2025-12-14T15:01:40.672Z
21,0x000a,-3.35293,0x00000000,2025-12-14T15:01:40.672Z,2025-12-14T15:01:40.672Z
8,0x0004,7658,0x00000000,2025-12-14T15:01:40.669Z,2025-12-14T15:01:40.669Z
7,0x0004,9427,0x00000000,2025-12-14T15:01:40.669Z,2025-12-14T15:01:40.669Z
6,0x0004,6497,0x00000000,2025-12-14T15:01:40.669Z,2025-12-14T15:01:40.669Z
39,0x000a,-2.49928,0x00000000,2025-12-14T15:01:40.971Z,2025-12-14T15:01:40.971Z
38,0x000a,-1.80122,0x00000000,2025-12-14T15:01:40.971Z,2025-12-14T15:01:40.971Z
37,0x000a,-3.09968,0x00000000,2025-12-14T15:01:40.971Z,2025-12-14T15:01:40.971Z
36,0x000a,-2.17602,0x00000000,2025-12-14T15:01:40.971Z,2025-12-14T15:01:40.971Z
35,0x000a,-1.59435,0x00000000,2025-12-14T15:01:40.971Z,2025-12-14T15:01:40.971Z
34,0x000a,-2.86369,0x00000000,2025-12-14T15:01:40.971Z,2025-12-14T15:01:40.971Z
26,0x000a,2.11986,0x00000000,2025-12-14T15:01:40.971Z,2025-12-14T15:01:40.971Z
25,0x000a,2.93981,0x00000000,2025-12-14T15:01:40.971Z,2025-12-14T15:01:40.971Z
24,0x000a,1.49993,0x00000000,2025-12-14T15:01:40.971Z,2025-12-14T15:01:40.971Z
23,0x000a,-2.17602,0x00000000,2025-12-14T15:01:40.971Z,2025-12-14T15:01:40.971Z
22,0x000a,-1.59435,0x00000000,2025-12-14T15:01:40.971Z,2025-12-14T15:01:40.971Z
21,0x000a,-2.86369,0x00000000,2025-12-14T15:01:40.971Z,2025-12-14T15:01:40.971Z
8,0x0004,5861,0x00000000,2025-12-14T15:01:40.969Z,2025-12-14T15:01:40.969Z
7,0x0004,8128,0x00000000,2025-12-14T15:01:40.969Z,2025-12-14T15:01:40.969Z
6,0x0004,4147,0x00000000,2025-12-14T15:01:40.969Z,2025-12-14T15:01:40.969Z
39,0x000a,-2.0978,0x00000000,2025-12-14T15:01:41.273Z,2025-12-14T15:01:41.273Z
38,0x000a,-1.4974,0x00000000,2025-12-14T15:01:41.273Z,2025-12-14T15:01:41.273Z
37,0x000a,-2.60055,0x00000000,2025-12-14T15:01:41.273Z,2025-12-14T15:01:41.273Z
36,0x000a,-2.13516,0x00000000,2025-12-14T15:01:41.273Z,2025-12-14T15:01:41.273Z
35,0x000a,-1.52489,0x00000000,2025-12-14T15:01:41.273Z,2025-12-14T15:01:41.273Z
34,0x000a,-2.77088,0x00000000,2025-12-14T15:01:41.273Z,2025-12-14T15:01:41.273Z
26,0x000a,1.49993,0x00000000,2025-12-14T15:01:41.273Z,2025-12-14T15:01:41.273Z
25,0x000a,2.48987,0x00000000,2025-12-14T15:01:41.273Z,2025-12-14T15:01:41.273Z
24,0x000a,0.69987,0x00000000,2025-12-14T15:01:41.273Z,2025-12-14T15:01:41.273Z
23,0x000a,-2.13516,0x00000000,2025-12-14T15:01:41.273Z,2025-12-14T15:01:41.273Z
22,0x000a,-1.52489,0x00000000,2025-12-14T15:01:41.273Z,2025-12-14T15:01:41.273Z
21,0x000a,-2.77088,0x00000000,2025-12-14T15:01:41.273Z,2025-12-14T15:01:41.273Z
8,0x0004,4147,0x00000000,2025-12-14T15:01:41.269Z,2025-12-14T15:01:41.269Z
7,0x0004,6884,0x00000000,2025-12-14T15:01:41.269Z,2025-12-14T15:01:41.269Z
6,0x0004,1935,0x00000000,2025-12-14T15:01:41.269Z,2025-12-14T15:01:41.269Z
39,0x000a,-4.09795,0x00000000,2025-12-14T15:01:41.572Z,2025-12-14T15:01:41.572Z
38,0x000a,-3.00202,0x00000000,2025-12-14T15:01:41.572Z,2025-12-14T15:01:41.572Z
37,0x000a,-4.39815,0x00000000,2025-12-14T15:01:41.572Z,2025-12-14T15:01:41.572Z
36,0x000a,-2.07986,0x00000000,2025-12-14T15:01:41.572Z,2025-12-14T15:01:41.572Z
35,0x000a,-1.45291,0x00000000,2025-12-14T15:01:41.572Z,2025-12-14T15:01:41.572Z
34,0x000a,-2.64626,0x00000000,2025-12-14T15:01:41.572Z,2025-12-14T15:01:41.572Z
28,0x0004,0,0x00000000,2025-12-14T15:01:41.572Z,2025-12-14T15:01:41.572Z
26,0x000a,0.879991,0x00000000,2025-12-14T15:01:41.572Z,2025-12-14T15:01:41.572Z
25,0x000a,2.0497,0x00000000,2025-12-14T15:01:41.572Z,2025-12-14T15:01:41.572Z
24,0x000a,0,0x00000000,2025-12-14T15:01:41.572Z,2025-12-14T15:01:41.572Z
23,0x000a,-2.07986,0x00000000,2025-12-14T15:01:41.572Z,2025-12-14T15:01:41.572Z
22,0x000a,-1.45291,0x00000000,2025-12-14T15:01:41.572Z,2025-12-14T15:01:41.572Z
21,0x000a,-2.64626,0x00000000,2025-12-14T15:01:41.572Z,2025-12-14T15:01:41.572Z
14,0x0001,false,0x00000000,2025-12-14T15:01:41.572Z,2025-12-14T15:01:41.572Z
8,0x0004,2433,0x00000000,2025-12-14T15:01:41.569Z,2025-12-14T15:01:41.569Z
7,0x0004,5667,0x00000000,2025-12-14T15:01:41.569Z,2025-12-14T15:01:41.569Z
6,0x0004,0,0x00000000,2025-12-14T15:01:41.569Z,2025-12-14T15:01:41.569Z
39,0x000a,-2.10142,0x00000000,2025-12-14T15:01:41.870Z,2025-12-14T15:01:41.870Z
38,0x000a,-1.50101,0x00000000,2025-12-14T15:01:41.870Z,2025-12-14T15:01:41.870Z
37,0x000a,0,0x00000000,2025-12-14T15:01:41.870Z,2025-12-14T15:01:41.870Z
36,0x000a,-2.74526,0x00000000,2025-12-14T15:01:41.870Z,2025-12-14T15:01:41.870Z
35,0x000a,-2.01253,0x00000000,2025-12-14T15:01:41.870Z,2025-12-14T15:01:41.870Z
34,0x000a,-1.7611,0x00000000,2025-12-14T15:01:41.870Z,2025-12-14T15:01:41.870Z
26,0x000a,0.429688,0x00000000,2025-12-14T15:01:41.870Z,2025-12-14T15:01:41.870Z
25,0x000a,1.71984,0x00000000,2025-12-14T15:01:41.870Z,2025-12-14T15:01:41.870Z
23,0x000a,-2.74526,0x00000000,2025-12-14T15:01:41.870Z,2025-12-14T15:01:41.870Z
22,0x000a,-2.01253,0x00000000,2025-12-14T15:01:41.870Z,2025-12-14T15:01:41.870Z
21,0x000a,-1.7611,0x00000000,2025-12-14T15:01:41.870Z,2025-12-14T15:01:41.870Z
8,0x0004,1188,0x00000000,2025-12-14T15:01:41.870Z,2025-12-14T15:01:41.870Z
7,0x0004,4755,0x00000000,2025-12-14T15:01:41.870Z,2025-12-14T15:01:41.870Z
40,0x0001,true,0x00000000,2025-12-14T15:01:42.170Z,2025-12-14T15:01:42.170Z
39,0x000a,0,0x00000000,2025-12-14T15:01:42.170Z,2025-12-14T15:01:42.170Z
36,0x000a,-2.15477,0x00000000,2025-12-14T15:01:42.170Z,2025-12-14T15:01:42.170Z
35,0x000a,-1.53963,0x00000000,2025-12-14T15:01:42.170Z,2025-12-14T15:01:42.170Z
34,0x000a,-0.220138,0x00000000,2025-12-14T15:01:42.170Z,2025-12-14T15:01:42.170Z
26,0x000a,0.0198929,0x00000000,2025-12-14T15:01:42.170Z,2025-12-14T15:01:42.170Z
25,0x000a,1.27966,0x00000000,2025-12-14T15:01:42.170Z,2025-12-14T15:01:42.170Z
23,0x000a,-2.15477,0x00000000,2025-12-14T15:01:42.170Z,2025-12-14T15:01:42.170Z
22,0x000a,-1.53963,0x00000000,2025-12-14T15:01:42.170Z,2025-12-14T15:01:42.170Z
21,0x000a,-0.220138,0x00000000,2025-12-14T15:01:42.170Z,2025-12-14T15:01:42.170Z
18,0x0001,false,0x00000000,2025-12-14T15:01:42.170Z,2025-12-14T15:01:42.170Z
8,0x0004,55,0x00000000,2025-12-14T15:01:42.170Z,2025-12-14T15:01:42.170Z
7,0x0004,3538,0x00000000,2025-12-14T15:01:42.170Z,2025-12-14T15:01:42.170Z
42,0x0001,true,0x00000000,2025-12-14T15:01:42.471Z,2025-12-14T15:01:42.471Z
38,0x000a,-1.50101,0x00000000,2025-12-14T15:01:42.471Z,2025-12-14T15:01:42.471Z
36,0x000a,-0.269346,0x00000000,2025-12-14T15:01:42.471Z,2025-12-14T15:01:42.471Z
35,0x000a,-1.4543,0x00000000,2025-12-14T15:01:42.471Z,2025-12-14T15:01:42.471Z
34,0x000a,-0.0275172,0x00000000,2025-12-14T15:01:42.471Z,2025-12-14T15:01:42.471Z
25,0x000a,0.839844,0x00000000,2025-12-14T15:01:42.471Z,2025-12-14T15:01:42.471Z
23,0x000a,-0.269346,0x00000000,2025-12-14T15:01:42.471Z,2025-12-14T15:01:42.471Z
22,0x000a,-1.4543,0x00000000,2025-12-14T15:01:42.471Z,2025-12-14T15:01:42.471Z
21,0x000a,-0.0275172,0x00000000,2025-12-14T15:01:42.471Z,2025-12-14T15:01:42.471Z
7,0x0004,2322,0x00000000,2025-12-14T15:01:42.469Z,2025-12-14T15:01:42.469Z
38,0x000a,-2.99841,0x00000000,2025-12-14T15:01:42.770Z,2025-12-14T15:01:42.770Z
36,0x000a,-0.0673366,0x00000000,2025-12-14T15:01:42.770Z,2025-12-14T15:01:42.770Z
35,0x000a,-1.63944,0x00000000,2025-12-14T15:01:42.770Z,2025-12-14T15:01:42.770Z
34,0x000a,-0.0068793,0x00000000,2025-12-14T15:01:42.770Z,2025-12-14T15:01:42.770Z
25,0x000a,0.359881,0x00000000,2025-12-14T15:01:42.770Z,2025-12-14T15:01:42.770Z
23,0x000a,-0.0673366,0x00000000,2025-12-14T15:01:42.770Z,2025-12-14T15:01:42.770Z
22,0x000a,-1.63944,0x00000000,2025-12-14T15:01:42.770Z,2025-12-14T15:01:42.770Z
21,0x000a,-0.0068793,0x00000000,2025-12-14T15:01:42.770Z,2025-12-14T15:01:42.770Z
7,0x0004,995,0x00000000,2025-12-14T15:01:42.770Z,2025-12-14T15:01:42.770Z
38,0x000a,-0.698061,0x00000000,2025-12-14T15:01:43.072Z,2025-12-14T15:01:43.072Z
36,0x000a,-0.00841708,0x00000000,2025-12-14T15:01:43.072Z,2025-12-14T15:01:43.072Z
35,0x000a,-1.68017,0x00000000,2025-12-14T15:01:43.072Z,2025-12-14T15:01:43.072Z
34,0x000a,-0.000859913,0x00000000,2025-12-14T15:01:43.072Z,2025-12-14T15:01:43.072Z
29,0x0004,0,0x00000000,2025-12-14T15:01:43.072Z,2025-12-14T15:01:43.072Z
25,0x000a,0,0x00000000,2025-12-14T15:01:43.072Z,2025-12-14T15:01:43.072Z
23,0x000a,-0.00841708,0x00000000,2025-12-14T15:01:43.072Z,2025-12-14T15:01:43.072Z
22,0x000a,-1.68017,0x00000000,2025-12-14T15:01:43.072Z,2025-12-14T15:01:43.072Z
21,0x000a,-0.000859913,0x00000000,2025-12-14T15:01:43.072Z,2025-12-14T15:01:43.072Z
16,0x0001,false,0x00000000,2025-12-14T15:01:43.072Z,2025-12-14T15:01:43.072Z
7,0x0004,0,0x00000000,2025-12-14T15:01:43.068Z,2025-12-14T15:01:43.068Z
42,0x0001,false,0x00000000,2025-12-14T15:01:43.372Z,2025-12-14T15:01:43.372Z
40,0x0001,false,0x00000000,2025-12-14T15:01:43.372Z,2025-12-14T15:01:43.372Z
38,0x000a,0,0x00000000,2025-12-14T15:01:43.372Z,2025-12-14T15:01:43.372Z
36,0x000a,-0.00105213,0x00000000,2025-12-14T15:01:43.372Z,2025-12-14T15:01:43.372Z
35,0x000a,-0.297279,0x00000000,2025-12-14T15:01:43.372Z,2025-12-14T15:01:43.372Z
34,0x000a,-0.000107489,0x00000000,2025-12-14T15:01:43.372Z,2025-12-14T15:01:43.372Z
23,0x000a,-0.00105213,0x00000000,2025-12-14T15:01:43.372Z,2025-12-14T15:01:43.372Z
22,0x000a,-0.297279,0x00000000,2025-12-14T15:01:43.372Z,2025-12-14T15:01:43.372Z
21,0x000a,-0.000107489,0x00000000,2025-12-14T15:01:43.372Z,2025-12-14T15:01:43.372Z
17,0x0001,true,0x00000000,2025-12-14T15:01:43.372Z,2025-12-14T15:01:43.372Z
15,0x0001,true,0x00000000,2025-12-14T15:01:43.372Z,2025-12-14T15:01:43.372Z
13,0x0001,true,0x00000000,2025-12-14T15:01:43.372Z,2025-12-14T15:01:43.372Z
4,0x000a,10,0x00000000,2025-12-14T15:01:43.367Z,2025-12-14T15:01:43.367Z
3,0x000a,9,0x00000000,2025-12-14T15:01:43.367Z,2025-12-14T15:01:43.367Z
2,0x000a,8,0x00000000,2025-12-14T15:01:43.367Z,2025-12-14T15:01:43.367Z
39,0x000a,0.300203,0x00000000,2025-12-14T15:01:43.672Z,2025-12-14T15:01:43.672Z
38,0x000a,0.499132,0x00000000,2025-12-14T15:01:43.672Z,2025-12-14T15:01:43.672Z
37,0x000a,1.09954,0x00000000,2025-12-14T15:01:43.672Z,2025-12-14T15:01:43.672Z
36,0x000a,-0.000263034,0x00000000,2025-12-14T15:01:43.672Z,2025-12-14T15:01:43.672Z
35,0x000a,-0.0743198,0x00000000,2025-12-14T15:01:43.672Z,2025-12-14T15:01:43.672Z
34,0x000a,-2.68723e-05,0x00000000,2025-12-14T15:01:43.672Z,2025-12-14T15:01:43.672Z
29,0x0004,1000,0x00000000,2025-12-14T15:01:43.672Z,2025-12-14T15:01:43.672Z
28,0x0004,1000,0x00000000,2025-12-14T15:01:43.672Z,2025-12-14T15:01:43.672Z
26,0x000a,0.259693,0x00000000,2025-12-14T15:01:43.672Z,2025-12-14T15:01:43.672Z
25,0x000a,0.199653,0x00000000,2025-12-14T15:01:43.672Z,2025-12-14T15:01:43.672Z
24,0x000a,0.379774,0x00000000,2025-12-14T15:01:43.672Z,2025-12-14T15:01:43.672Z
23,0x000a,-0.000263034,0x00000000,2025-12-14T15:01:43.672Z,2025-12-14T15:01:43.672Z
22,0x000a,-0.0743198,0x00000000,2025-12-14T15:01:43.672Z,2025-12-14T15:01:43.672Z
21,0x000a,-2.68723e-05,0x00000000,2025-12-14T15:01:43.672Z,2025-12-14T15:01:43.672Z
8,0x0004,718,0x00000000,2025-12-14T15:01:43.668Z,2025-12-14T15:01:43.668Z
7,0x0004,552,0x00000000,2025-12-14T15:01:43.668Z,2025-12-14T15:01:43.668Z
6,0x0004,1050,0x00000000,2025-12-14T15:01:43.668Z,2025-12-14T15:01:43.668Z
39,0x000a,1.99653,0x00000000,2025-12-14T15:01:43.971Z,2025-12-14T15:01:43.971Z
38,0x000a,1.50101,0x00000000,2025-12-14T15:01:43.971Z,2025-12-14T15:01:43.971Z
37,0x000a,2.60055,0x00000000,2025-12-14T15:01:43.971Z,2025-12-14T15:01:43.971Z
36,0x000a,2.81346,0x00000000,2025-12-14T15:01:43.971Z,2025-12-14T15:01:43.971Z
35,0x000a,2.02793,0x00000000,2025-12-14T15:01:43.971Z,2025-12-14T15:01:43.971Z
34,0x000a,3.76157,0x00000000,2025-12-14T15:01:43.971Z,2025-12-14T15:01:43.971Z
26,0x000a,0.90965,0x00000000,2025-12-14T15:01:43.971Z,2025-12-14T15:01:43.971Z
25,0x000a,0.66985,0x00000000,2025-12-14T15:01:43.971Z,2025-12-14T15:01:43.971Z
24,0x000a,1.22975,0x00000000,2025-12-14T15:01:43.971Z,2025-12-14T15:01:43.971Z
23,0x000a,2.81346,0x00000000,2025-12-14T15:01:43.971Z,2025-12-14T15:01:43.971Z
22,0x000a,2.02793,0x00000000,2025-12-14T15:01:43.971Z,2025-12-14T15:01:43.971Z
21,0x000a,3.76157,0x00000000,2025-12-14T15:01:43.971Z,2025-12-14T15:01:43.971Z
8,0x0004,2515,0x00000000,2025-12-14T15:01:43.968Z,2025-12-14T15:01:43.968Z
7,0x0004,1852,0x00000000,2025-12-14T15:01:43.968Z,2025-12-14T15:01:43.968Z
6,0x0004,3400,0x00000000,2025-12-14T15:01:43.968Z,2025-12-14T15:01:43.968Z
39,0x000a,2.00014,0x00000000,2025-12-14T15:01:44.271Z,2025-12-14T15:01:44.271Z
38,0x000a,1.4974,0x00000000,2025-12-14T15:01:44.271Z,2025-12-14T15:01:44.271Z
37,0x000a,2.60055,0x00000000,2025-12-14T15:01:44.271Z,2025-12-14T15:01:44.271Z
36,0x000a,2.25321,0x00000000,2025-12-14T15:01:44.271Z,2025-12-14T15:01:44.271Z
35,0x000a,1.63274,0x00000000,2025-12-14T15:01:44.271Z,2025-12-14T15:01:44.271Z
34,0x000a,2.94144,0x00000000,2025-12-14T15:01:44.271Z,2025-12-14T15:01:44.271Z
26,0x000a,1.56973,0x00000000,2025-12-14T15:01:44.271Z,2025-12-14T15:01:44.271Z
25,0x000a,1.13968,0x00000000,2025-12-14T15:01:44.271Z,2025-12-14T15:01:44.271Z
24,0x000a,2.07972,0x00000000,2025-12-14T15:01:44.271Z,2025-12-14T15:01:44.271Z
23,0x000a,2.25321,0x00000000,2025-12-14T15:01:44.271Z,2025-12-14T15:01:44.271Z
22,0x000a,1.63274,0x00000000,2025-12-14T15:01:44.271Z,2025-12-14T15:01:44.271Z
21,0x000a,2.94144,0x00000000,2025-12-14T15:01:44.271Z,2025-12-14T15:01:44.271Z
8,0x0004,4340,0x00000000,2025-12-14T15:01:44.269Z,2025-12-14T15:01:44.269Z
7,0x0004,3151,0x00000000,2025-12-14T15:01:44.269Z,2025-12-14T15:01:44.269Z
6,0x0004,5750,0x00000000,2025-12-14T15:01:44.269Z,2025-12-14T15:01:44.269Z
38,0x000a,1.50101,0x00000000,2025-12-14T15:01:44.570Z,2025-12-14T15:01:44.570Z
37,0x000a,2.60055,0x00000000,2025-12-14T15:01:44.570Z,2025-12-14T15:01:44.570Z
36,0x000a,2.2072,0x00000000,2025-12-14T15:01:44.570Z,2025-12-14T15:01:44.570Z
35,0x000a,1.56676,0x00000000,2025-12-14T15:01:44.570Z,2025-12-14T15:01:44.570Z
34,0x000a,2.84299,0x00000000,2025-12-14T15:01:44.570Z,2025-12-14T15:01:44.570Z
26,0x000a,2.18967,0x00000000,2025-12-14T15:01:44.570Z,2025-12-14T15:01:44.570Z
25,0x000a,1.58999,0x00000000,2025-12-14T15:01:44.570Z,2025-12-14T15:01:44.570Z
24,0x000a,2.87977,0x00000000,2025-12-14T15:01:44.570Z,2025-12-14T15:01:44.570Z
23,0x000a,2.2072,0x00000000,2025-12-14T15:01:44.570Z,2025-12-14T15:01:44.570Z
22,0x000a,1.56676,0x00000000,2025-12-14T15:01:44.570Z,2025-12-14T15:01:44.570Z
21,0x000a,2.84299,0x00000000,2025-12-14T15:01:44.570Z,2025-12-14T15:01:44.570Z
8,0x0004,6054,0x00000000,2025-12-14T15:01:44.570Z,2025-12-14T15:01:44.570Z
7,0x0004,4396,0x00000000,2025-12-14T15:01:44.570Z,2025-12-14T15:01:44.570Z
6,0x0004,7962,0x00000000,2025-12-14T15:01:44.570Z,2025-12-14T15:01:44.570Z
39,0x000a,2.10142,0x00000000,2025-12-14T15:01:44.872Z,2025-12-14T15:01:44.872Z
38,0x000a,1.39974,0x00000000,2025-12-14T15:01:44.872Z,2025-12-14T15:01:44.872Z
37,0x000a,2.59693,0x00000000,2025-12-14T15:01:44.872Z,2025-12-14T15:01:44.872Z
36,0x000a,2.05044,0x00000000,2025-12-14T15:01:44.872Z,2025-12-14T15:01:44.872Z
35,0x000a,1.50742,0x00000000,2025-12-14T15:01:44.872Z,2025-12-14T15:01:44.872Z
34,0x000a,2.70591,0x00000000,2025-12-14T15:01:44.872Z,2025-12-14T15:01:44.872Z
26,0x000a,2.79984,0x00000000,2025-12-14T15:01:44.872Z,2025-12-14T15:01:44.872Z
25,0x000a,2.0298,0x00000000,2025-12-14T15:01:44.872Z,2025-12-14T15:01:44.872Z
24,0x000a,3.67983,0x00000000,2025-12-14T15:01:44.872Z,2025-12-14T15:01:44.872Z
23,0x000a,2.05044,0x00000000,2025-12-14T15:01:44.872Z,2025-12-14T15:01:44.872Z
22,0x000a,1.50742,0x00000000,2025-12-14T15:01:44.872Z,2025-12-14T15:01:44.872Z
21,0x000a,2.70591,0x00000000,2025-12-14T15:01:44.872Z,2025-12-14T15:01:44.872Z
8,0x0004,7741,0x00000000,2025-12-14T15:01:44.870Z,2025-12-14T15:01:44.870Z
7,0x0004,5612,0x00000000,2025-12-14T15:01:44.870Z,2025-12-14T15:01:44.870Z
6,0x0004,10174,0x00000000,2025-12-14T15:01:44.870Z,2025-12-14T15:01:44.870Z
39,0x000a,2.00015,0x00000000,2025-12-14T15:01:45.170Z,2025-12-14T15:01:45.170Z
38,0x000a,1.4974,0x00000000,2025-12-14T15:01:45.170Z,2025-12-14T15:01:45.170Z
37,0x000a,2.60055,0x00000000,2025-12-14T15:01:45.170Z,2025-12-14T15:01:45.170Z
36,0x000a,3.28767,0x00000000,2025-12-14T15:01:45.170Z,2025-12-14T15:01:45.170Z
35,0x000a,2.3779,0x00000000,2025-12-14T15:01:45.170Z,2025-12-14T15:01:45.170Z
34,0x000a,4.2771,0x00000000,2025-12-14T15:01:45.170Z,2025-12-14T15:01:45.170Z
26,0x000a,3.24978,0x00000000,2025-12-14T15:01:45.170Z,2025-12-14T15:01:45.170Z
25,0x000a,2.35966,0x00000000,2025-12-14T15:01:45.170Z,2025-12-14T15:01:45.170Z
24,0x000a,4.25998,0x00000000,2025-12-14T15:01:45.170Z,2025-12-14T15:01:45.170Z
23,0x000a,3.28767,0x00000000,2025-12-14T15:01:45.170Z,2025-12-14T15:01:45.170Z
22,0x000a,2.3779,0x00000000,2025-12-14T15:01:45.170Z,2025-12-14T15:01:45.170Z
21,0x000a,4.2771,0x00000000,2025-12-14T15:01:45.170Z,2025-12-14T15:01:45.170Z
8,0x0004,8985,0x00000000,2025-12-14T15:01:45.169Z,2025-12-14T15:01:45.169Z
7,0x0004,6524,0x00000000,2025-12-14T15:01:45.169Z,2025-12-14T15:01:45.169Z
6,0x0004,11778,0x00000000,2025-12-14T15:01:45.169Z,2025-12-14T15:01:45.169Z
39,0x000a,2.00014,0x00000000,2025-12-14T15:01:45.471Z,2025-12-14T15:01:45.471Z
38,0x000a,1.50101,0x00000000,2025-12-14T15:01:45.471Z,2025-12-14T15:01:45.471Z
37,0x000a,2.6982,0x00000000,2025-12-14T15:01:45.471Z,2025-12-14T15:01:45.471Z
36,0x000a,2.23523,0x00000000,2025-12-14T15:01:45.471Z,2025-12-14T15:01:45.471Z
35,0x000a,1.58395,0x00000000,2025-12-14T15:01:45.471Z,2025-12-14T15:01:45.471Z
34,0x000a,2.83453,0x00000000,2025-12-14T15:01:45.471Z,2025-12-14T15:01:45.471Z
26,0x000a,3.86972,0x00000000,2025-12-14T15:01:45.471Z,2025-12-14T15:01:45.471Z
25,0x000a,2.79984,0x00000000,2025-12-14T15:01:45.471Z,2025-12-14T15:01:45.471Z
24,0x000a,5.05968,0x00000000,2025-12-14T15:01:45.471Z,2025-12-14T15:01:45.471Z
23,0x000a,2.23523,0x00000000,2025-12-14T15:01:45.471Z,2025-12-14T15:01:45.471Z
22,0x000a,1.58395,0x00000000,2025-12-14T15:01:45.471Z,2025-12-14T15:01:45.471Z
21,0x000a,2.83453,0x00000000,2025-12-14T15:01:45.471Z,2025-12-14T15:01:45.471Z
8,0x0004,10699,0x00000000,2025-12-14T15:01:45.469Z,2025-12-14T15:01:45.469Z
7,0x0004,7741,0x00000000,2025-12-14T15:01:45.469Z,2025-12-14T15:01:45.469Z
6,0x0004,13989,0x00000000,2025-12-14T15:01:45.469Z,2025-12-14T15:01:45.469Z
39,0x000a,2.10142,0x00000000,2025-12-14T15:01:45.774Z,2025-12-14T15:01:45.774Z
38,0x000a,1.39974,0x00000000,2025-12-14T15:01:45.774Z,2025-12-14T15:01:45.774Z
37,0x000a,2.59693,0x00000000,2025-12-14T15:01:45.774Z,2025-12-14T15:01:45.774Z
36,0x000a,2.15431,0x00000000,2025-12-14T15:01:45.774Z,2025-12-14T15:01:45.774Z
35,0x000a,1.58462,0x00000000,2025-12-14T15:01:45.774Z,2025-12-14T15:01:45.774Z
34,0x000a,2.84274,0x00000000,2025-12-14T15:01:45.774Z,2025-12-14T15:01:45.774Z
26,0x000a,4.5298,0x00000000,2025-12-14T15:01:45.774Z,2025-12-14T15:01:45.774Z
25,0x000a,3.26968,0x00000000,2025-12-14T15:01:45.774Z,2025-12-14T15:01:45.774Z
24,0x000a,5.90965,0x00000000,2025-12-14T15:01:45.774Z,2025-12-14T15:01:45.774Z
23,0x000a,2.15431,0x00000000,2025-12-14T15:01:45.774Z,2025-12-14T15:01:45.774Z
22,0x000a,1.58462,0x00000000,2025-12-14T15:01:45.774Z,2025-12-14T15:01:45.774Z
21,0x000a,2.84274,0x00000000,2025-12-14T15:01:45.774Z,2025-12-14T15:01:45.774Z
8,0x0004,12524,0x00000000,2025-12-14T15:01:45.770Z,2025-12-14T15:01:45.770Z
7,0x0004,9040,0x00000000,2025-12-14T15:01:45.770Z,2025-12-14T15:01:45.770Z
6,0x0004,16339,0x00000000,2025-12-14T15:01:45.770Z,2025-12-14T15:01:45.770Z
39,0x000a,2.10142,0x00000000,2025-12-14T15:01:46.069Z,2025-12-14T15:01:46.069Z
38,0x000a,1.50101,0x00000000,2025-12-14T15:01:46.069Z,2025-12-14T15:01:46.069Z
37,0x000a,2.60055,0x00000000,2025-12-14T15:01:46.069Z,2025-12-14T15:01:46.069Z
36,0x000a,2.064,0x00000000,2025-12-14T15:01:46.069Z,2025-12-14T15:01:46.069Z
35,0x000a,1.4966,0x00000000,2025-12-14T15:01:46.069Z,2025-12-14T15:01:46.069Z
34,0x000a,2.71083,0x00000000,2025-12-14T15:01:46.069Z,2025-12-14T15:01:46.069Z
26,0x000a,5.13997,0x00000000,2025-12-14T15:01:46.069Z,2025-12-14T15:01:46.069Z
25,0x000a,3.71998,0x00000000,2025-12-14T15:01:46.069Z,2025-12-14T15:01:46.069Z
24,0x000a,6.70971,0x00000000,2025-12-14T15:01:46.069Z,2025-12-14T15:01:46.069Z
23,0x000a,2.064,0x00000000,2025-12-14T15:01:46.069Z,2025-12-14T15:01:46.069Z
22,0x000a,1.4966,0x00000000,2025-12-14T15:01:46.069Z,2025-12-14T15:01:46.069Z
21,0x000a,2.71083,0x00000000,2025-12-14T15:01:46.069Z,2025-12-14T15:01:46.069Z
8,0x0004,14211,0x00000000,2025-12-14T15:01:46.069Z,2025-12-14T15:01:46.069Z
7,0x0004,10285,0x00000000,2025-12-14T15:01:46.069Z,2025-12-14T15:01:46.069Z
6,0x0004,18551,0x00000000,2025-12-14T15:01:46.069Z,2025-12-14T15:01:46.069Z
39,0x000a,2.00015,0x00000000,2025-12-14T15:01:46.371Z,2025-12-14T15:01:46.371Z
37,0x000a,2.69821,0x00000000,2025-12-14T15:01:46.371Z,2025-12-14T15:01:46.371Z
36,0x000a,2.69443,0x00000000,2025-12-14T15:01:46.371Z,2025-12-14T15:01:46.371Z
35,0x000a,1.92364,0x00000000,2025-12-14T15:01:46.371Z,2025-12-14T15:01:46.371Z
34,0x000a,3.43899,0x00000000,2025-12-14T15:01:46.371Z,2025-12-14T15:01:46.371Z
26,0x000a,5.7997,0x00000000,2025-12-14T15:01:46.371Z,2025-12-14T15:01:46.371Z
25,0x000a,4.18981,0x00000000,2025-12-14T15:01:46.371Z,2025-12-14T15:01:46.371Z
24,0x000a,7.55968,0x00000000,2025-12-14T15:01:46.371Z,2025-12-14T15:01:46.371Z
23,0x000a,2.69443,0x00000000,2025-12-14T15:01:46.371Z,2025-12-14T15:01:46.371Z
22,0x000a,1.92364,0x00000000,2025-12-14T15:01:46.371Z,2025-12-14T15:01:46.371Z
21,0x000a,3.43899,0x00000000,2025-12-14T15:01:46.371Z,2025-12-14T15:01:46.371Z
8,0x0004,16035,0x00000000,2025-12-14T15:01:46.370Z,2025-12-14T15:01:46.370Z
7,0x0004,11584,0x00000000,2025-12-14T15:01:46.370Z,2025-12-14T15:01:46.370Z
6,0x0004,20901,0x00000000,2025-12-14T15:01:46.370Z,2025-12-14T15:01:46.370Z
38,0x000a,1.49739,0x00000000,2025-12-14T15:01:46.670Z,2025-12-14T15:01:46.670Z
37,0x000a,2.60055,0x00000000,2025-12-14T15:01:46.670Z,2025-12-14T15:01:46.670Z
36,0x000a,2.11225,0x00000000,2025-12-14T15:01:46.670Z,2025-12-14T15:01:46.670Z
35,0x000a,1.55203,0x00000000,2025-12-14T15:01:46.670Z,2025-12-14T15:01:46.670Z
34,0x000a,2.74288,0x00000000,2025-12-14T15:01:46.670Z,2025-12-14T15:01:46.670Z
26,0x000a,6.41999,0x00000000,2025-12-14T15:01:46.670Z,2025-12-14T15:01:46.670Z
25,0x000a,4.62999,0x00000000,2025-12-14T15:01:46.670Z,2025-12-14T15:01:46.670Z
24,0x000a,8.24978,0x00000000,2025-12-14T15:01:46.670Z,2025-12-14T15:01:46.670Z
23,0x000a,2.11225,0x00000000,2025-12-14T15:01:46.670Z,2025-12-14T15:01:46.670Z
22,0x000a,1.55203,0x00000000,2025-12-14T15:01:46.670Z,2025-12-14T15:01:46.670Z
21,0x000a,2.74288,0x00000000,2025-12-14T15:01:46.670Z,2025-12-14T15:01:46.670Z
13,0x0001,false,0x00000000,2025-12-14T15:01:46.670Z,2025-12-14T15:01:46.670Z
8,0x0004,17750,0x00000000,2025-12-14T15:01:46.670Z,2025-12-14T15:01:46.670Z
7,0x0004,12801,0x00000000,2025-12-14T15:01:46.670Z,2025-12-14T15:01:46.670Z
6,0x0004,22809,0x00000000,2025-12-14T15:01:46.670Z,2025-12-14T15:01:46.670Z
40,0x0001,true,0x00000000,2025-12-14T15:01:46.971Z,2025-12-14T15:01:46.971Z
39,0x000a,2.10142,0x00000000,2025-12-14T15:01:46.971Z,2025-12-14T15:01:46.971Z
38,0x000a,1.50101,0x00000000,2025-12-14T15:01:46.971Z,2025-12-14T15:01:46.971Z
37,0x000a,0,0x00000000,2025-12-14T15:01:46.971Z,2025-12-14T15:01:46.971Z
36,0x000a,2.25242,0x00000000,2025-12-14T15:01:46.971Z,2025-12-14T15:01:46.971Z
35,0x000a,1.63765,0x00000000,2025-12-14T15:01:46.971Z,2025-12-14T15:01:46.971Z
34,0x000a,1.08539,0x00000000,2025-12-14T15:01:46.971Z,2025-12-14T15:01:46.971Z
26,0x000a,7.07972,0x00000000,2025-12-14T15:01:46.971Z,2025-12-14T15:01:46.971Z
25,0x000a,5.10995,0x00000000,2025-12-14T15:01:46.971Z,2025-12-14T15:01:46.971Z
23,0x000a,2.25242,0x00000000,2025-12-14T15:01:46.971Z,2025-12-14T15:01:46.971Z
22,0x000a,1.63765,0x00000000,2025-12-14T15:01:46.971Z,2025-12-14T15:01:46.971Z
21,0x000a,1.08539,0x00000000,2025-12-14T15:01:46.971Z,2025-12-14T15:01:46.971Z
8,0x0004,19574,0x00000000,2025-12-14T15:01:46.971Z,2025-12-14T15:01:46.971Z
7,0x0004,14128,0x00000000,2025-12-14T15:01:46.971Z,2025-12-14T15:01:46.971Z
39,0x000a,4.49942,0x00000000,2025-12-14T15:01:47.273Z,2025-12-14T15:01:47.273Z
38,0x000a,3.29861,0x00000000,2025-12-14T15:01:47.273Z,2025-12-14T15:01:47.273Z
36,0x000a,2.06875,0x00000000,2025-12-14T15:01:47.273Z,2025-12-14T15:01:47.273Z
35,0x000a,1.46746,0x00000000,2025-12-14T15:01:47.273Z,2025-12-14T15:01:47.273Z
34,0x000a,0.135673,0x00000000,2025-12-14T15:01:47.273Z,2025-12-14T15:01:47.273Z
26,0x000a,7.72967,0x00000000,2025-12-14T15:01:47.273Z,2025-12-14T15:01:47.273Z
25,0x000a,5.57979,0x00000000,2025-12-14T15:01:47.273Z,2025-12-14T15:01:47.273Z
23,0x000a,2.06875,0x00000000,2025-12-14T15:01:47.273Z,2025-12-14T15:01:47.273Z
22,0x000a,1.46746,0x00000000,2025-12-14T15:01:47.273Z,2025-12-14T15:01:47.273Z
21,0x000a,0.135673,0x00000000,2025-12-14T15:01:47.273Z,2025-12-14T15:01:47.273Z
8,0x0004,21371,0x00000000,2025-12-14T15:01:47.269Z,2025-12-14T15:01:47.269Z
7,0x0004,15427,0x00000000,2025-12-14T15:01:47.269Z,2025-12-14T15:01:47.269Z
39,0x000a,2.00014,0x00000000,2025-12-14T15:01:47.571Z,2025-12-14T15:01:47.571Z
38,0x000a,1.50101,0x00000000,2025-12-14T15:01:47.571Z,2025-12-14T15:01:47.571Z
36,0x000a,2.69275,0x00000000,2025-12-14T15:01:47.571Z,2025-12-14T15:01:47.571Z
35,0x000a,1.94202,0x00000000,2025-12-14T15:01:47.571Z,2025-12-14T15:01:47.571Z
34,0x000a,0.0339183,0x00000000,2025-12-14T15:01:47.571Z,2025-12-14T15:01:47.571Z
26,0x000a,8.34997,0x00000000,2025-12-14T15:01:47.571Z,2025-12-14T15:01:47.571Z
25,0x000a,6.01997,0x00000000,2025-12-14T15:01:47.571Z,2025-12-14T15:01:47.571Z
23,0x000a,2.69275,0x00000000,2025-12-14T15:01:47.571Z,2025-12-14T15:01:47.571Z
22,0x000a,1.94202,0x00000000,2025-12-14T15:01:47.571Z,2025-12-14T15:01:47.571Z
21,0x000a,0.0339183,0x00000000,2025-12-14T15:01:47.571Z,2025-12-14T15:01:47.571Z
8,0x0004,23086,0x00000000,2025-12-14T15:01:47.569Z,2025-12-14T15:01:47.569Z
7,0x0004,16644,0x00000000,2025-12-14T15:01:47.569Z,2025-12-14T15:01:47.569Z
39,0x000a,2.49928,0x00000000,2025-12-14T15:01:47.871Z,2025-12-14T15:01:47.871Z
38,0x000a,1.80121,0x00000000,2025-12-14T15:01:47.871Z,2025-12-14T15:01:47.871Z
36,0x000a,2.11204,0x00000000,2025-12-14T15:01:47.871Z,2025-12-14T15:01:47.871Z
35,0x000a,1.52901,0x00000000,2025-12-14T15:01:47.871Z,2025-12-14T15:01:47.871Z
34,0x000a,0.00423979,0x00000000,2025-12-14T15:01:47.871Z,2025-12-14T15:01:47.871Z
26,0x000a,9.00969,0x00000000,2025-12-14T15:01:47.871Z,2025-12-14T15:01:47.871Z
25,0x000a,6.49993,0x00000000,2025-12-14T15:01:47.871Z,2025-12-14T15:01:47.871Z
23,0x000a,2.11204,0x00000000,2025-12-14T15:01:47.871Z,2025-12-14T15:01:47.871Z
22,0x000a,1.52901,0x00000000,2025-12-14T15:01:47.871Z,2025-12-14T15:01:47.871Z
21,0x000a,0.00423979,0x00000000,2025-12-14T15:01:47.871Z,2025-12-14T15:01:47.871Z
8,0x0004,24910,0x00000000,2025-12-14T15:01:47.869Z,2025-12-14T15:01:47.869Z
7,0x0004,17971,0x00000000,2025-12-14T15:01:47.869Z,2025-12-14T15:01:47.869Z
39,0x000a,2.10142,0x00000000,2025-12-14T15:01:48.171Z,2025-12-14T15:01:48.171Z
38,0x000a,1.49739,0x00000000,2025-12-14T15:01:48.171Z,2025-12-14T15:01:48.171Z
36,0x000a,2.10094,0x00000000,2025-12-14T15:01:48.171Z,2025-12-14T15:01:48.171Z
35,0x000a,1.4914,0x00000000,2025-12-14T15:01:48.171Z,2025-12-14T15:01:48.171Z
34,0x000a,0.000529974,0x00000000,2025-12-14T15:01:48.171Z,2025-12-14T15:01:48.171Z
26,0x000a,9.41985,0x00000000,2025-12-14T15:01:48.171Z,2025-12-14T15:01:48.171Z
25,0x000a,6.78964,0x00000000,2025-12-14T15:01:48.171Z,2025-12-14T15:01:48.171Z
23,0x000a,2.10094,0x00000000,2025-12-14T15:01:48.171Z,2025-12-14T15:01:48.171Z
22,0x000a,1.4914,0x00000000,2025-12-14T15:01:48.171Z,2025-12-14T15:01:48.171Z
21,0x000a,0.000529974,0x00000000,2025-12-14T15:01:48.171Z,2025-12-14T15:01:48.171Z
8,0x0004,26044,0x00000000,2025-12-14T15:01:48.169Z,2025-12-14T15:01:48.169Z
7,0x0004,18772,0x00000000,2025-12-14T15:01:48.169Z,2025-12-14T15:01:48.169Z
39,0x000a,3.4035,0x00000000,2025-12-14T15:01:48.471Z,2025-12-14T15:01:48.471Z
38,0x000a,2.90075,0x00000000,2025-12-14T15:01:48.471Z,2025-12-14T15:01:48.471Z
36,0x000a,2.24959,0x00000000,2025-12-14T15:01:48.471Z,2025-12-14T15:01:48.471Z
35,0x000a,1.64781,0x00000000,2025-12-14T15:01:48.471Z,2025-12-14T15:01:48.471Z
34,0x000a,0.000132493,0x00000000,2025-12-14T15:01:48.471Z,2025-12-14T15:01:48.471Z
30,0x0004,0,0x00000000,2025-12-14T15:01:48.471Z,2025-12-14T15:01:48.471Z
26,0x000a,10,0x00000000,2025-12-14T15:01:48.471Z,2025-12-14T15:01:48.471Z
25,0x000a,7.25984,0x00000000,2025-12-14T15:01:48.471Z,2025-12-14T15:01:48.471Z
23,0x000a,2.24959,0x00000000,2025-12-14T15:01:48.471Z,2025-12-14T15:01:48.471Z
22,0x000a,1.64781,0x00000000,2025-12-14T15:01:48.471Z,2025-12-14T15:01:48.471Z
21,0x000a,0.000132493,0x00000000,2025-12-14T15:01:48.471Z,2025-12-14T15:01:48.471Z
17,0x0001,false,0x00000000,2025-12-14T15:01:48.471Z,2025-12-14T15:01:48.471Z
8,0x0004,27648,0x00000000,2025-12-14T15:01:48.469Z,2025-12-14T15:01:48.469Z
7,0x0004,20072,0x00000000,2025-12-14T15:01:48.469Z,2025-12-14T15:01:48.469Z
39,0x000a,0,0x00000000,2025-12-14T15:01:48.770Z,2025-12-14T15:01:48.770Z
38,0x000a,1.50101,0x00000000,2025-12-14T15:01:48.770Z,2025-12-14T15:01:48.770Z
36,0x000a,0.706637,0x00000000,2025-12-14T15:01:48.770Z,2025-12-14T15:01:48.770Z
35,0x000a,1.69252,0x00000000,2025-12-14T15:01:48.770Z,2025-12-14T15:01:48.770Z
34,0x000a,1.65617e-05,0x00000000,2025-12-14T15:01:48.770Z,2025-12-14T15:01:48.770Z
25,0x000a,7.70978,0x00000000,2025-12-14T15:01:48.770Z,2025-12-14T15:01:48.770Z
23,0x000a,0.706637,0x00000000,2025-12-14T15:01:48.770Z,2025-12-14T15:01:48.770Z
22,0x000a,1.69252,0x00000000,2025-12-14T15:01:48.770Z,2025-12-14T15:01:48.770Z
21,0x000a,1.65617e-05,0x00000000,2025-12-14T15:01:48.770Z,2025-12-14T15:01:48.770Z
7,0x0004,21316,0x00000000,2025-12-14T15:01:48.770Z,2025-12-14T15:01:48.770Z
42,0x0001,true,0x00000000,2025-12-14T15:01:49.071Z,2025-12-14T15:01:49.071Z
38,0x000a,1.80121,0x00000000,2025-12-14T15:01:49.071Z,2025-12-14T15:01:49.071Z
36,0x000a,0.0883296,0x00000000,2025-12-14T15:01:49.071Z,2025-12-14T15:01:49.071Z
35,0x000a,1.39926,0x00000000,2025-12-14T15:01:49.071Z,2025-12-14T15:01:49.071Z
34,0x000a,2.07021e-06,0x00000000,2025-12-14T15:01:49.071Z,2025-12-14T15:01:49.071Z
25,0x000a,8.17998,0x00000000,2025-12-14T15:01:49.071Z,2025-12-14T15:01:49.071Z
23,0x000a,0.0883296,0x00000000,2025-12-14T15:01:49.071Z,2025-12-14T15:01:49.071Z
22,0x000a,1.39926,0x00000000,2025-12-14T15:01:49.071Z,2025-12-14T15:01:49.071Z
21,0x000a,2.07021e-06,0x00000000,2025-12-14T15:01:49.071Z,2025-12-14T15:01:49.071Z
7,0x0004,22616,0x00000000,2025-12-14T15:01:49.071Z,2025-12-14T15:01:49.071Z
38,0x000a,1.50101,0x00000000,2025-12-14T15:01:49.372Z,2025-12-14T15:01:49.372Z
36,0x000a,0.0220824,0x00000000,2025-12-14T15:01:49.372Z,2025-12-14T15:01:49.372Z
35,0x000a,1.54882,0x00000000,2025-12-14T15:01:49.372Z,2025-12-14T15:01:49.372Z
34,0x000a,5.17552e-07,0x00000000,2025-12-14T15:01:49.372Z,2025-12-14T15:01:49.372Z
25,0x000a,8.62992,0x00000000,2025-12-14T15:01:49.372Z,2025-12-14T15:01:49.372Z
23,0x000a,0.0220824,0x00000000,2025-12-14T15:01:49.372Z,2025-12-14T15:01:49.372Z
22,0x000a,1.54882,0x00000000,2025-12-14T15:01:49.372Z,2025-12-14T15:01:49.372Z
21,0x000a,5.17552e-07,0x00000000,2025-12-14T15:01:49.372Z,2025-12-14T15:01:49.372Z
7,0x0004,23860,0x00000000,2025-12-14T15:01:49.369Z,2025-12-14T15:01:49.369Z
38,0x000a,0.896988,0x00000000,2025-12-14T15:01:49.671Z,2025-12-14T15:01:49.671Z
36,0x000a,0.0027603,0x00000000,2025-12-14T15:01:49.671Z,2025-12-14T15:01:49.671Z
35,0x000a,2.20686,0x00000000,2025-12-14T15:01:49.671Z,2025-12-14T15:01:49.671Z
34,0x000a,6.4694e-08,0x00000000,2025-12-14T15:01:49.671Z,2025-12-14T15:01:49.671Z
25,0x000a,9.00969,0x00000000,2025-12-14T15:01:49.671Z,2025-12-14T15:01:49.671Z
23,0x000a,0.0027603,0x00000000,2025-12-14T15:01:49.671Z,2025-12-14T15:01:49.671Z
22,0x000a,2.20686,0x00000000,2025-12-14T15:01:49.671Z,2025-12-14T15:01:49.671Z
21,0x000a,6.4694e-08,0x00000000,2025-12-14T15:01:49.671Z,2025-12-14T15:01:49.671Z
15,0x0001,false,0x00000000,2025-12-14T15:01:49.671Z,2025-12-14T15:01:49.671Z
7,0x0004,24910,0x00000000,2025-12-14T15:01:49.671Z,2025-12-14T15:01:49.671Z
42,0x0001,false,0x00000000,2025-12-14T15:01:49.971Z,2025-12-14T15:01:49.971Z
40,0x0001,false,0x00000000,2025-12-14T15:01:49.971Z,2025-12-14T15:01:49.971Z
38,0x000a,0,0x00000000,2025-12-14T15:01:49.971Z,2025-12-14T15:01:49.971Z
36,0x000a,0.000345037,0x00000000,2025-12-14T15:01:49.971Z,2025-12-14T15:01:49.971Z
35,0x000a,0.387981,0x00000000,2025-12-14T15:01:49.971Z,2025-12-14T15:01:49.971Z
34,0x000a,8.08676e-09,0x00000000,2025-12-14T15:01:49.971Z,2025-12-14T15:01:49.971Z
23,0x000a,0.000345037,0x00000000,2025-12-14T15:01:49.971Z,2025-12-14T15:01:49.971Z
22,0x000a,0.387981,0x00000000,2025-12-14T15:01:49.971Z,2025-12-14T15:01:49.971Z
21,0x000a,8.08676e-09,0x00000000,2025-12-14T15:01:49.971Z,2025-12-14T15:01:49.971Z
18,0x0001,true,0x00000000,2025-12-14T15:01:49.971Z,2025-12-14T15:01:49.971Z
16,0x0001,true,0x00000000,2025-12-14T15:01:49.971Z,2025-12-14T15:01:49.971Z
14,0x0001,true,0x00000000,2025-12-14T15:01:49.971Z,2025-12-14T15:01:49.971Z
4,0x000a,5,0x00000000,2025-12-14T15:01:49.970Z,2025-12-14T15:01:49.970Z
3,0x000a,5,0x00000000,2025-12-14T15:01:49.970Z,2025-12-14T15:01:49.970Z
2,0x000a,5,0x00000000,2025-12-14T15:01:49.970Z,2025-12-14T15:01:49.970Z
39,0x000a,-0.401478,0x00000000,2025-12-14T15:01:50.272Z,2025-12-14T15:01:50.272Z
38,0x000a,-0.896988,0x00000000,2025-12-14T15:01:50.272Z,2025-12-14T15:01:50.272Z
37,0x000a,-1.59866,0x00000000,2025-12-14T15:01:50.272Z,2025-12-14T15:01:50.272Z
36,0x000a,8.62594e-05,0x00000000,2025-12-14T15:01:50.272Z,2025-12-14T15:01:50.272Z
35,0x000a,0.0969952,0x00000000,2025-12-14T15:01:50.272Z,2025-12-14T15:01:50.272Z
34,0x000a,2.02169e-09,0x00000000,2025-12-14T15:01:50.272Z,2025-12-14T15:01:50.272Z
30,0x0004,1000,0x00000000,2025-12-14T15:01:50.272Z,2025-12-14T15:01:50.272Z
26,0x000a,9.74971,0x00000000,2025-12-14T15:01:50.272Z,2025-12-14T15:01:50.272Z
25,0x000a,8.76989,0x00000000,2025-12-14T15:01:50.272Z,2025-12-14T15:01:50.272Z
24,0x000a,7.82986,0x00000000,2025-12-14T15:01:50.272Z,2025-12-14T15:01:50.272Z
23,0x000a,8.62594e-05,0x00000000,2025-12-14T15:01:50.272Z,2025-12-14T15:01:50.272Z
22,0x000a,0.0969952,0x00000000,2025-12-14T15:01:50.272Z,2025-12-14T15:01:50.272Z
21,0x000a,2.02169e-09,0x00000000,2025-12-14T15:01:50.272Z,2025-12-14T15:01:50.272Z
8,0x0004,26956,0x00000000,2025-12-14T15:01:50.270Z,2025-12-14T15:01:50.270Z
7,0x0004,24247,0x00000000,2025-12-14T15:01:50.270Z,2025-12-14T15:01:50.270Z
6,0x0004,21648,0x00000000,2025-12-14T15:01:50.270Z,2025-12-14T15:01:50.270Z
39,0x000a,-2.00014,0x00000000,2025-12-14T15:01:50.572Z,2025-12-14T15:01:50.572Z
38,0x000a,-1.50102,0x00000000,2025-12-14T15:01:50.572Z,2025-12-14T15:01:50.572Z
37,0x000a,-2.69821,0x00000000,2025-12-14T15:01:50.572Z,2025-12-14T15:01:50.572Z
36,0x000a,-1.62443,0x00000000,2025-12-14T15:01:50.572Z,2025-12-14T15:01:50.572Z
35,0x000a,-1.17512,0x00000000,2025-12-14T15:01:50.572Z,2025-12-14T15:01:50.572Z
34,0x000a,-2.20088,0x00000000,2025-12-14T15:01:50.572Z,2025-12-14T15:01:50.572Z
26,0x000a,9.12977,0x00000000,2025-12-14T15:01:50.572Z,2025-12-14T15:01:50.572Z
25,0x000a,8.32972,0x00000000,2025-12-14T15:01:50.572Z,2025-12-14T15:01:50.572Z
24,0x000a,7.0298,0x00000000,2025-12-14T15:01:50.572Z,2025-12-14T15:01:50.572Z
23,0x000a,-1.62443,0x00000000,2025-12-14T15:01:50.572Z,2025-12-14T15:01:50.572Z
22,0x000a,-1.17512,0x00000000,2025-12-14T15:01:50.572Z,2025-12-14T15:01:50.572Z
21,0x000a,-2.20088,0x00000000,2025-12-14T15:01:50.572Z,2025-12-14T15:01:50.572Z
8,0x0004,25242,0x00000000,2025-12-14T15:01:50.570Z,2025-12-14T15:01:50.570Z
